Date Time, Water Level, Sigma, O or I (for verified), F, R, L, Quality 
2014-01-01 00:00,6.819,0.006,0,0,0,0,v
2014-01-01 00:06,6.820,0.008,0,0,0,0,v
2014-01-01 00:12,6.855,0.006,0,0,0,0,v
2014-01-01 00:18,6.857,0.005,0,0,0,0,v
2014-01-01 00:24,6.826,0.005,0,0,0,0,v
2014-01-01 00:30,6.849,0.004,0,0,0,0,v
2014-01-01 00:36,6.794,0.006,0,0,0,0,v
2014-01-01 00:42,6.832,0.006,0,0,0,0,v
2014-01-01 00:48,6.862,0.006,0,0,0,0,v
2014-01-01 00:54,6.838,0.005,0,0,0,0,v
2014-01-01 01:00,6.850,0.004,0,0,0,0,v
2014-01-01 01:06,6.812,0.004,0,0,0,0,v
2014-01-01 01:12,6.850,0.005,0,0,0,0,v
2014-01-01 01:18,6.836,0.004,0,0,0,0,v
2014-01-01 01:24,6.817,0.003,0,0,0,0,v
2014-01-01 01:30,6.837,0.004,0,0,0,0,v
2014-01-01 01:36,6.819,0.008,0,0,0,0,v
2014-01-01 01:42,6.799,0.003,0,0,0,0,v
2014-01-01 01:48,6.815,0.005,0,0,0,0,v
2014-01-01 01:54,6.847,0.007,0,0,0,0,v
2014-01-01 02:00,6.816,0.004,0,0,0,0,v
2014-01-01 02:06,6.832,0.006,0,0,0,0,v
2014-01-01 02:12,6.834,0.004,0,0,0,0,v
2014-01-01 02:18,6.834,0.008,0,0,0,0,v
2014-01-01 02:24,6.823,0.004,0,0,0,0,v
2014-01-01 02:30,6.792,0.006,0,0,0,0,v
2014-01-01 02:36,6.766,0.003,0,0,0,0,v
2014-01-01 02:42,6.784,0.003,0,0,0,0,v
2014-01-01 02:48,6.787,0.003,0,0,0,0,v
2014-01-01 02:54,6.820,0.004,0,0,0,0,v
2014-01-01 03:00,6.811,0.004,0,0,0,0,v
2014-01-01 03:06,6.774,0.003,0,0,0,0,v
2014-01-01 03:12,6.815,0.013,0,0,0,0,v
2014-01-01 03:18,6.852,0.005,0,0,0,0,v
2014-01-01 03:24,6.832,0.005,0,0,0,0,v
2014-01-01 03:30,6.830,0.008,0,0,0,0,v
2014-01-01 03:36,6.807,0.008,0,0,0,0,v
2014-01-01 03:42,6.828,0.010,0,0,0,0,v
2014-01-01 03:48,6.753,0.009,0,0,0,0,v
2014-01-01 03:54,6.750,0.006,0,0,0,0,v
2014-01-01 04:00,6.787,0.007,0,0,0,0,v
2014-01-01 04:06,6.813,0.004,0,0,0,0,v
2014-01-01 04:12,6.807,0.003,0,0,0,0,v
2014-01-01 04:18,6.806,0.005,0,0,0,0,v
2014-01-01 04:24,6.795,0.005,0,0,0,0,v
2014-01-01 04:30,6.785,0.003,0,0,0,0,v
2014-01-01 04:36,6.780,0.003,0,0,0,0,v
2014-01-01 04:42,6.759,0.004,0,0,0,0,v
2014-01-01 04:48,6.763,0.008,0,0,0,0,v
2014-01-01 04:54,6.759,0.003,0,0,0,0,v
2014-01-01 05:00,6.785,0.004,0,0,0,0,v
2014-01-01 05:06,6.760,0.006,0,0,0,0,v
2014-01-01 05:12,6.802,0.005,0,0,0,0,v
2014-01-01 05:18,6.810,0.005,0,0,0,0,v
2014-01-01 05:24,6.776,0.006,0,0,0,0,v
2014-01-01 05:30,6.753,0.003,0,0,0,0,v
2014-01-01 05:36,6.744,0.004,0,0,0,0,v
2014-01-01 05:42,6.741,0.006,0,0,0,0,v
2014-01-01 05:48,6.738,0.007,0,0,0,0,v
2014-01-01 05:54,6.737,0.007,0,0,0,0,v
2014-01-01 06:00,6.705,0.003,0,0,0,0,v
2014-01-01 06:06,6.702,0.005,0,0,0,0,v
2014-01-01 06:12,6.713,0.005,0,0,0,0,v
2014-01-01 06:18,6.702,0.006,0,0,0,0,v
2014-01-01 06:24,6.742,0.011,0,0,0,0,v
2014-01-01 06:30,6.727,0.004,0,0,0,0,v
2014-01-01 06:36,6.738,0.007,0,0,0,0,v
2014-01-01 06:42,6.753,0.007,0,0,0,0,v
2014-01-01 06:48,6.782,0.008,0,0,0,0,v
2014-01-01 06:54,6.754,0.004,0,0,0,0,v
2014-01-01 07:00,6.742,0.005,0,0,0,0,v
2014-01-01 07:06,6.766,0.007,0,0,0,0,v
2014-01-01 07:12,6.755,0.005,0,0,0,0,v
2014-01-01 07:18,6.739,0.011,0,0,0,0,v
2014-01-01 07:24,6.736,0.006,0,0,0,0,v
2014-01-01 07:30,6.699,0.005,0,0,0,0,v
2014-01-01 07:36,6.727,0.004,0,0,0,0,v
2014-01-01 07:42,6.714,0.004,0,0,0,0,v
2014-01-01 07:48,6.689,0.004,0,0,0,0,v
2014-01-01 07:54,6.705,0.004,0,0,0,0,v
2014-01-01 08:00,6.632,0.006,0,0,0,0,v
2014-01-01 08:06,6.621,0.004,0,0,0,0,v
2014-01-01 08:12,6.619,0.004,0,0,0,0,v
2014-01-01 08:18,6.605,0.005,0,0,0,0,v
2014-01-01 08:24,6.624,0.004,0,0,0,0,v
2014-01-01 08:30,6.610,0.006,0,0,0,0,v
2014-01-01 08:36,6.563,0.008,0,0,0,0,v
2014-01-01 08:42,6.578,0.010,0,0,0,0,v
2014-01-01 08:48,6.581,0.008,0,0,0,0,v
2014-01-01 08:54,6.569,0.005,0,0,0,0,v
2014-01-01 09:00,6.557,0.009,0,0,0,0,v
2014-01-01 09:06,6.533,0.008,0,0,0,0,v
2014-01-01 09:12,6.514,0.006,0,0,0,0,v
2014-01-01 09:18,6.526,0.008,0,0,0,0,v
2014-01-01 09:24,6.547,0.009,0,0,0,0,v
2014-01-01 09:30,6.557,0.007,0,0,0,0,v
2014-01-01 09:36,6.532,0.006,0,0,0,0,v
2014-01-01 09:42,6.511,0.006,0,0,0,0,v
2014-01-01 09:48,6.525,0.006,0,0,0,0,v
2014-01-01 09:54,6.531,0.009,0,0,0,0,v
2014-01-01 10:00,6.458,0.005,0,0,0,0,v
2014-01-01 10:06,6.441,0.005,0,0,0,0,v
2014-01-01 10:12,6.444,0.005,0,0,0,0,v
2014-01-01 10:18,6.446,0.006,0,0,0,0,v
2014-01-01 10:24,6.427,0.005,0,0,0,0,v
2014-01-01 10:30,6.448,0.005,0,0,0,0,v
2014-01-01 10:36,6.413,0.007,0,0,0,0,v
2014-01-01 10:42,6.371,0.005,0,0,0,0,v
2014-01-01 10:48,6.359,0.008,0,0,0,0,v
2014-01-01 10:54,6.353,0.009,0,0,0,0,v
2014-01-01 11:00,6.350,0.008,0,0,0,0,v
2014-01-01 11:06,6.327,0.008,0,0,0,0,v
2014-01-01 11:12,6.304,0.011,0,0,0,0,v
2014-01-01 11:18,6.319,0.004,0,0,0,0,v
2014-01-01 11:24,6.309,0.007,0,0,0,0,v
2014-01-01 11:30,6.345,0.007,0,0,0,0,v
2014-01-01 11:36,6.260,0.006,0,0,0,0,v
2014-01-01 11:42,6.258,0.010,0,0,0,0,v
2014-01-01 11:48,6.251,0.008,0,0,0,0,v
2014-01-01 11:54,6.229,0.004,0,0,0,0,v
2014-01-01 12:00,6.242,0.011,0,0,0,0,v
2014-01-01 12:06,6.265,0.005,0,0,0,0,v
2014-01-01 12:12,6.235,0.005,0,0,0,0,v
2014-01-01 12:18,6.235,0.007,0,0,0,0,v
2014-01-01 12:24,6.228,0.005,0,0,0,0,v
2014-01-01 12:30,6.212,0.008,0,0,0,0,v
2014-01-01 12:36,6.208,0.014,0,0,0,0,v
2014-01-01 12:42,6.212,0.005,0,0,0,0,v
2014-01-01 12:48,6.241,0.007,0,0,0,0,v
2014-01-01 12:54,6.213,0.010,0,0,0,0,v
2014-01-01 13:00,6.202,0.007,0,0,0,0,v
2014-01-01 13:06,6.196,0.007,0,0,0,0,v
2014-01-01 13:12,6.187,0.005,0,0,0,0,v
2014-01-01 13:18,6.183,0.014,0,0,0,0,v
2014-01-01 13:24,6.169,0.005,0,0,0,0,v
2014-01-01 13:30,6.166,0.008,0,0,0,0,v
2014-01-01 13:36,6.169,0.005,0,0,0,0,v
2014-01-01 13:42,6.171,0.007,0,0,0,0,v
2014-01-01 13:48,6.158,0.008,0,0,0,0,v
2014-01-01 13:54,6.197,0.006,0,0,0,0,v
2014-01-01 14:00,6.156,0.006,0,0,0,0,v
2014-01-01 14:06,6.153,0.007,0,0,0,0,v
2014-01-01 14:12,6.164,0.007,0,0,0,0,v
2014-01-01 14:18,6.154,0.007,0,0,0,0,v
2014-01-01 14:24,6.162,0.007,0,0,0,0,v
2014-01-01 14:30,6.163,0.005,0,0,0,0,v
2014-01-01 14:36,6.174,0.005,0,0,0,0,v
2014-01-01 14:42,6.180,0.009,0,0,0,0,v
2014-01-01 14:48,6.215,0.010,0,0,0,0,v
2014-01-01 14:54,6.181,0.005,0,0,0,0,v
2014-01-01 15:00,6.185,0.006,0,0,0,0,v
2014-01-01 15:06,6.211,0.007,0,0,0,0,v
2014-01-01 15:12,6.204,0.007,0,0,0,0,v
2014-01-01 15:18,6.192,0.005,0,0,0,0,v
2014-01-01 15:24,6.236,0.006,0,0,0,0,v
2014-01-01 15:30,6.236,0.006,0,0,0,0,v
2014-01-01 15:36,6.267,0.015,0,0,0,0,v
2014-01-01 15:42,6.226,0.010,0,0,0,0,v
2014-01-01 15:48,6.216,0.007,0,0,0,0,v
2014-01-01 15:54,6.257,0.009,0,0,0,0,v
2014-01-01 16:00,6.265,0.006,0,0,0,0,v
2014-01-01 16:06,6.302,0.008,0,0,0,0,v
2014-01-01 16:12,6.321,0.007,0,0,0,0,v
2014-01-01 16:18,6.334,0.007,0,0,0,0,v
2014-01-01 16:24,6.335,0.006,0,0,0,0,v
2014-01-01 16:30,6.332,0.009,0,0,0,0,v
2014-01-01 16:36,6.356,0.008,0,0,0,0,v
2014-01-01 16:42,6.329,0.008,0,0,0,0,v
2014-01-01 16:48,6.368,0.008,0,0,0,0,v
2014-01-01 16:54,6.383,0.006,0,0,0,0,v
2014-01-01 17:00,6.413,0.005,0,0,0,0,v
2014-01-01 17:06,6.417,0.006,0,0,0,0,v
2014-01-01 17:12,6.455,0.006,0,0,0,0,v
2014-01-01 17:18,6.420,0.006,0,0,0,0,v
2014-01-01 17:24,6.439,0.006,0,0,0,0,v
2014-01-01 17:30,6.448,0.012,0,0,0,0,v
2014-01-01 17:36,6.461,0.008,0,0,0,0,v
2014-01-01 17:42,6.496,0.005,0,0,0,0,v
2014-01-01 17:48,6.519,0.008,0,0,0,0,v
2014-01-01 17:54,6.497,0.006,0,0,0,0,v
2014-01-01 18:00,6.530,0.012,0,0,0,0,v
2014-01-01 18:06,6.564,0.013,0,0,0,0,v
2014-01-01 18:12,6.524,0.006,0,0,0,0,v
2014-01-01 18:18,6.536,0.010,0,0,0,0,v
2014-01-01 18:24,6.574,0.005,0,0,0,0,v
2014-01-01 18:30,6.575,0.006,0,0,0,0,v
2014-01-01 18:36,6.614,0.006,0,0,0,0,v
2014-01-01 18:42,6.629,0.009,0,0,0,0,v
2014-01-01 18:48,6.671,0.007,0,0,0,0,v
2014-01-01 18:54,6.682,0.009,0,0,0,0,v
2014-01-01 19:00,6.689,0.008,0,0,0,0,v
2014-01-01 19:06,6.704,0.013,0,0,0,0,v
2014-01-01 19:12,6.748,0.008,0,0,0,0,v
2014-01-01 19:18,6.733,0.009,0,0,0,0,v
2014-01-01 19:24,6.743,0.008,0,0,0,0,v
2014-01-01 19:30,6.794,0.009,0,0,0,0,v
2014-01-01 19:36,6.790,0.007,0,0,0,0,v
2014-01-01 19:42,6.798,0.007,0,0,0,0,v
2014-01-01 19:48,6.824,0.013,0,0,0,0,v
2014-01-01 19:54,6.857,0.010,0,0,0,0,v
2014-01-01 20:00,6.854,0.007,0,0,0,0,v
2014-01-01 20:06,6.833,0.011,0,0,0,0,v
2014-01-01 20:12,6.862,0.008,0,0,0,0,v
2014-01-01 20:18,6.876,0.007,0,0,0,0,v
2014-01-01 20:24,6.914,0.014,0,0,0,0,v
2014-01-01 20:30,6.939,0.008,0,0,0,0,v
2014-01-01 20:36,6.899,0.009,0,0,0,0,v
2014-01-01 20:42,6.910,0.010,0,0,0,0,v
2014-01-01 20:48,6.857,0.007,0,0,0,0,v
2014-01-01 20:54,6.896,0.008,0,0,0,0,v
2014-01-01 21:00,6.941,0.010,0,0,0,0,v
2014-01-01 21:06,6.949,0.008,0,0,0,0,v
2014-01-01 21:12,6.914,0.007,0,0,0,0,v
2014-01-01 21:18,6.925,0.012,0,0,0,0,v
2014-01-01 21:24,6.958,0.008,0,0,0,0,v
2014-01-01 21:30,6.951,0.012,0,0,0,0,v
2014-01-01 21:36,6.972,0.012,0,0,0,0,v
2014-01-01 21:42,7.001,0.012,0,0,0,0,v
2014-01-01 21:48,7.010,0.009,0,0,0,0,v
2014-01-01 21:54,6.975,0.016,0,0,0,0,v
2014-01-01 22:00,6.981,0.007,0,0,0,0,v
2014-01-01 22:06,7.003,0.006,0,0,0,0,v
2014-01-01 22:12,6.973,0.008,0,0,0,0,v
2014-01-01 22:18,6.937,0.009,0,0,0,0,v
2014-01-01 22:24,6.948,0.013,0,0,0,0,v
2014-01-01 22:30,6.947,0.010,0,0,0,0,v
2014-01-01 22:36,6.969,0.008,0,0,0,0,v
2014-01-01 22:42,6.981,0.011,0,0,0,0,v
2014-01-01 22:48,6.972,0.015,0,0,0,0,v
2014-01-01 22:54,7.004,0.017,0,0,0,0,v
2014-01-01 23:00,6.990,0.013,0,0,0,0,v
2014-01-01 23:06,6.991,0.015,0,0,0,0,v
2014-01-01 23:12,6.964,0.016,0,0,0,0,v
2014-01-01 23:18,6.969,0.010,0,0,0,0,v
2014-01-01 23:24,6.990,0.009,0,0,0,0,v
2014-01-01 23:30,6.962,0.010,0,0,0,0,v
2014-01-01 23:36,6.973,0.008,0,0,0,0,v
2014-01-01 23:42,6.984,0.012,0,0,0,0,v
2014-01-01 23:48,6.960,0.010,0,0,0,0,v
2014-01-01 23:54,6.947,0.009,0,0,0,0,v
2014-01-02 00:00,6.944,0.007,0,0,0,0,v
2014-01-02 00:06,6.916,0.012,0,0,0,0,v
2014-01-02 00:12,6.910,0.013,0,0,0,0,v
2014-01-02 00:18,6.923,0.009,0,0,0,0,v
2014-01-02 00:24,6.935,0.012,0,0,0,0,v
2014-01-02 00:30,6.981,0.010,0,0,0,0,v
2014-01-02 00:36,6.931,0.018,0,0,0,0,v
2014-01-02 00:42,6.921,0.015,0,0,0,0,v
2014-01-02 00:48,6.921,0.013,0,0,0,0,v
2014-01-02 00:54,6.937,0.010,0,0,0,0,v
2014-01-02 01:00,6.904,0.011,0,0,0,0,v
2014-01-02 01:06,6.888,0.015,0,0,0,0,v
2014-01-02 01:12,6.927,0.015,0,0,0,0,v
2014-01-02 01:18,6.932,0.013,0,0,0,0,v
2014-01-02 01:24,6.937,0.011,0,0,0,0,v
2014-01-02 01:30,6.931,0.010,0,0,0,0,v
2014-01-02 01:36,6.914,0.013,0,0,0,0,v
2014-01-02 01:42,6.918,0.020,0,0,0,0,v
2014-01-02 01:48,6.929,0.012,0,0,0,0,v
2014-01-02 01:54,6.881,0.011,0,0,0,0,v
2014-01-02 02:00,6.934,0.012,0,0,0,0,v
2014-01-02 02:06,6.940,0.019,0,0,0,0,v
2014-01-02 02:12,6.950,0.017,0,0,0,0,v
2014-01-02 02:18,6.937,0.020,0,0,0,0,v
2014-01-02 02:24,6.908,0.018,0,0,0,0,v
2014-01-02 02:30,6.893,0.011,0,0,0,0,v
2014-01-02 02:36,6.879,0.020,0,0,0,0,v
2014-01-02 02:42,6.883,0.014,0,0,0,0,v
2014-01-02 02:48,6.918,0.016,0,0,0,0,v
2014-01-02 02:54,6.918,0.013,0,0,0,0,v
2014-01-02 03:00,6.872,0.020,0,0,0,0,v
2014-01-02 03:06,6.895,0.021,0,0,0,0,v
2014-01-02 03:12,6.917,0.013,0,0,0,0,v
2014-01-02 03:18,6.894,0.012,0,0,0,0,v
2014-01-02 03:24,6.906,0.017,0,0,0,0,v
2014-01-02 03:30,6.899,0.012,0,0,0,0,v
2014-01-02 03:36,6.874,0.017,0,0,0,0,v
2014-01-02 03:42,6.890,0.021,0,0,0,0,v
2014-01-02 03:48,6.875,0.014,0,0,0,0,v
2014-01-02 03:54,6.861,0.023,0,0,0,0,v
2014-01-02 04:00,6.853,0.016,0,0,0,0,v
2014-01-02 04:06,6.891,0.014,0,0,0,0,v
2014-01-02 04:12,6.863,0.015,0,0,0,0,v
2014-01-02 04:18,6.843,0.012,0,0,0,0,v
2014-01-02 04:24,6.854,0.010,0,0,0,0,v
2014-01-02 04:30,6.848,0.014,0,0,0,0,v
2014-01-02 04:36,6.817,0.013,0,0,0,0,v
2014-01-02 04:42,6.829,0.016,0,0,0,0,v
2014-01-02 04:48,6.802,0.017,0,0,0,0,v
2014-01-02 04:54,6.815,0.020,0,0,0,0,v
2014-01-02 05:00,6.783,0.025,0,0,0,0,v
2014-01-02 05:06,6.803,0.025,0,0,0,0,v
2014-01-02 05:12,6.822,0.011,0,0,0,0,v
2014-01-02 05:18,6.827,0.018,0,0,0,0,v
2014-01-02 05:24,6.821,0.028,0,0,0,0,v
2014-01-02 05:30,6.827,0.018,0,0,0,0,v
2014-01-02 05:36,6.806,0.027,0,0,0,0,v
2014-01-02 05:42,6.799,0.014,0,0,0,0,v
2014-01-02 05:48,6.775,0.012,0,0,0,0,v
2014-01-02 05:54,6.782,0.019,0,0,0,0,v
2014-01-02 06:00,6.794,0.013,0,0,0,0,v
2014-01-02 06:06,6.805,0.020,0,0,0,0,v
2014-01-02 06:12,6.808,0.019,0,0,0,0,v
2014-01-02 06:18,6.784,0.021,0,0,0,0,v
2014-01-02 06:24,6.774,0.018,0,0,0,0,v
2014-01-02 06:30,6.780,0.020,0,0,0,0,v
2014-01-02 06:36,6.821,0.011,0,0,0,0,v
2014-01-02 06:42,6.794,0.011,0,0,0,0,v
2014-01-02 06:48,6.798,0.009,0,0,0,0,v
2014-01-02 06:54,6.786,0.013,0,0,0,0,v
2014-01-02 07:00,6.780,0.015,0,0,0,0,v
2014-01-02 07:06,6.795,0.011,0,0,0,0,v
2014-01-02 07:12,6.813,0.020,0,0,0,0,v
2014-01-02 07:18,6.760,0.017,0,0,0,0,v
2014-01-02 07:24,6.779,0.022,0,0,0,0,v
2014-01-02 07:30,6.766,0.019,0,0,0,0,v
2014-01-02 07:36,6.755,0.010,0,0,0,0,v
2014-01-02 07:42,6.776,0.016,0,0,0,0,v
2014-01-02 07:48,6.730,0.013,0,0,0,0,v
2014-01-02 07:54,6.748,0.013,0,0,0,0,v
2014-01-02 08:00,6.760,0.017,0,0,0,0,v
2014-01-02 08:06,6.758,0.013,0,0,0,0,v
2014-01-02 08:12,6.726,0.015,0,0,0,0,v
2014-01-02 08:18,6.746,0.013,0,0,0,0,v
2014-01-02 08:24,6.724,0.015,0,0,0,0,v
2014-01-02 08:30,6.725,0.012,0,0,0,0,v
2014-01-02 08:36,6.718,0.013,0,0,0,0,v
2014-01-02 08:42,6.739,0.014,0,0,0,0,v
2014-01-02 08:48,6.713,0.020,0,0,0,0,v
2014-01-02 08:54,6.672,0.019,0,0,0,0,v
2014-01-02 09:00,6.703,0.015,0,0,0,0,v
2014-01-02 09:06,6.706,0.012,0,0,0,0,v
2014-01-02 09:12,6.664,0.011,0,0,0,0,v
2014-01-02 09:18,6.677,0.014,0,0,0,0,v
2014-01-02 09:24,6.670,0.017,0,0,0,0,v
2014-01-02 09:30,6.631,0.017,0,0,0,0,v
2014-01-02 09:36,6.618,0.017,0,0,0,0,v
2014-01-02 09:42,6.611,0.017,0,0,0,0,v
2014-01-02 09:48,6.604,0.022,0,0,0,0,v
2014-01-02 09:54,6.571,0.024,0,0,0,0,v
2014-01-02 10:00,6.551,0.016,0,0,0,0,v
2014-01-02 10:06,6.537,0.016,0,0,0,0,v
2014-01-02 10:12,6.538,0.018,0,0,0,0,v
2014-01-02 10:18,6.510,0.015,0,0,0,0,v
2014-01-02 10:24,6.492,0.014,0,0,0,0,v
2014-01-02 10:30,6.500,0.013,0,0,0,0,v
2014-01-02 10:36,6.484,0.019,0,0,0,0,v
2014-01-02 10:42,6.481,0.014,0,0,0,0,v
2014-01-02 10:48,6.487,0.018,0,0,0,0,v
2014-01-02 10:54,6.432,0.014,0,0,0,0,v
2014-01-02 11:00,6.450,0.014,0,0,0,0,v
2014-01-02 11:06,6.447,0.023,0,0,0,0,v
2014-01-02 11:12,6.409,0.012,0,0,0,0,v
2014-01-02 11:18,6.391,0.012,0,0,0,0,v
2014-01-02 11:24,6.370,0.016,0,0,0,0,v
2014-01-02 11:30,6.352,0.010,0,0,0,0,v
2014-01-02 11:36,6.331,0.014,0,0,0,0,v
2014-01-02 11:42,6.339,0.012,0,0,0,0,v
2014-01-02 11:48,6.312,0.014,0,0,0,0,v
2014-01-02 11:54,6.279,0.025,0,0,0,0,v
2014-01-02 12:00,6.259,0.015,0,0,0,0,v
2014-01-02 12:06,6.278,0.015,0,0,0,0,v
2014-01-02 12:12,6.256,0.011,0,0,0,0,v
2014-01-02 12:18,6.259,0.019,0,0,0,0,v
2014-01-02 12:24,6.254,0.018,0,0,0,0,v
2014-01-02 12:30,6.214,0.018,0,0,0,0,v
2014-01-02 12:36,6.197,0.021,0,0,0,0,v
2014-01-02 12:42,6.197,0.019,0,0,0,0,v
2014-01-02 12:48,6.226,0.014,0,0,0,0,v
2014-01-02 12:54,6.217,0.016,0,0,0,0,v
2014-01-02 13:00,6.213,0.013,0,0,0,0,v
2014-01-02 13:06,6.214,0.016,0,0,0,0,v
2014-01-02 13:12,6.229,0.007,0,0,0,0,v
2014-01-02 13:18,6.211,0.012,0,0,0,0,v
2014-01-02 13:24,6.214,0.012,0,0,0,0,v
2014-01-02 13:30,6.204,0.012,0,0,0,0,v
2014-01-02 13:36,6.209,0.015,0,0,0,0,v
2014-01-02 13:42,6.203,0.019,0,0,0,0,v
2014-01-02 13:48,6.196,0.016,0,0,0,0,v
2014-01-02 13:54,6.180,0.016,0,0,0,0,v
2014-01-02 14:00,6.164,0.013,0,0,0,0,v
2014-01-02 14:06,6.117,0.014,0,0,0,0,v
2014-01-02 14:12,6.149,0.013,0,0,0,0,v
2014-01-02 14:18,6.140,0.016,0,0,0,0,v
2014-01-02 14:24,6.125,0.011,0,0,0,0,v
2014-01-02 14:30,6.102,0.010,0,0,0,0,v
2014-01-02 14:36,6.092,0.013,0,0,0,0,v
2014-01-02 14:42,6.095,0.012,0,0,0,0,v
2014-01-02 14:48,6.109,0.009,0,0,0,0,v
2014-01-02 14:54,6.097,0.022,0,0,0,0,v
2014-01-02 15:00,6.107,0.012,0,0,0,0,v
2014-01-02 15:06,6.121,0.014,0,0,0,0,v
2014-01-02 15:12,6.148,0.009,0,0,0,0,v
2014-01-02 15:18,6.129,0.013,0,0,0,0,v
2014-01-02 15:24,6.125,0.018,0,0,0,0,v
2014-01-02 15:30,6.156,0.015,0,0,0,0,v
2014-01-02 15:36,6.151,0.015,0,0,0,0,v
2014-01-02 15:42,6.140,0.014,0,0,0,0,v
2014-01-02 15:48,6.164,0.014,0,0,0,0,v
2014-01-02 15:54,6.163,0.012,0,0,0,0,v
2014-01-02 16:00,6.167,0.019,0,0,0,0,v
2014-01-02 16:06,6.190,0.009,0,0,0,0,v
2014-01-02 16:12,6.190,0.015,0,0,0,0,v
2014-01-02 16:18,6.198,0.014,0,0,0,0,v
2014-01-02 16:24,6.203,0.011,0,0,0,0,v
2014-01-02 16:30,6.190,0.020,0,0,0,0,v
2014-01-02 16:36,6.185,0.018,0,0,0,0,v
2014-01-02 16:42,6.221,0.010,0,0,0,0,v
2014-01-02 16:48,6.234,0.013,0,0,0,0,v
2014-01-02 16:54,6.223,0.013,0,0,0,0,v
2014-01-02 17:00,6.245,0.010,0,0,0,0,v
2014-01-02 17:06,6.255,0.008,0,0,0,0,v
2014-01-02 17:12,6.266,0.008,0,0,0,0,v
2014-01-02 17:18,6.289,0.000,0,0,0,0,v
2014-01-02 17:24,6.270,0.013,0,0,0,0,v
2014-01-02 17:30,6.264,0.012,0,0,0,0,v
2014-01-02 17:36,6.317,0.008,0,0,0,0,v
2014-01-02 17:42,6.316,0.007,0,0,0,0,v
2014-01-02 17:48,6.310,0.010,0,0,0,0,v
2014-01-02 17:54,6.322,0.012,0,0,0,0,v
2014-01-02 18:00,6.308,0.011,0,0,0,0,v
2014-01-02 18:06,6.325,0.008,0,0,0,0,v
2014-01-02 18:12,6.364,0.009,0,0,0,0,v
2014-01-02 18:18,6.379,0.011,0,0,0,0,v
2014-01-02 18:24,6.416,0.008,0,0,0,0,v
2014-01-02 18:30,6.401,0.011,0,0,0,0,v
2014-01-02 18:36,6.408,0.008,0,0,0,0,v
2014-01-02 18:42,6.423,0.014,0,0,0,0,v
2014-01-02 18:48,6.484,0.014,0,0,0,0,v
2014-01-02 18:54,6.504,0.010,0,0,0,0,v
2014-01-02 19:00,6.494,0.007,0,0,0,0,v
2014-01-02 19:06,6.486,0.008,0,0,0,0,v
2014-01-02 19:12,6.500,0.011,0,0,0,0,v
2014-01-02 19:18,6.507,0.011,0,0,0,0,v
2014-01-02 19:24,6.530,0.010,0,0,0,0,v
2014-01-02 19:30,6.543,0.010,0,0,0,0,v
2014-01-02 19:36,6.551,0.015,0,0,0,0,v
2014-01-02 19:42,6.578,0.011,0,0,0,0,v
2014-01-02 19:48,6.580,0.010,0,0,0,0,v
2014-01-02 19:54,6.573,0.009,0,0,0,0,v
2014-01-02 20:00,6.569,0.008,0,0,0,0,v
2014-01-02 20:06,6.602,0.010,0,0,0,0,v
2014-01-02 20:12,6.617,0.008,0,0,0,0,v
2014-01-02 20:18,6.616,0.009,0,0,0,0,v
2014-01-02 20:24,6.635,0.009,0,0,0,0,v
2014-01-02 20:30,6.659,0.011,0,0,0,0,v
2014-01-02 20:36,6.683,0.011,0,0,0,0,v
2014-01-02 20:42,6.674,0.012,0,0,0,0,v
2014-01-02 20:48,6.706,0.010,0,0,0,0,v
2014-01-02 20:54,6.714,0.010,0,0,0,0,v
2014-01-02 21:00,6.740,0.008,0,0,0,0,v
2014-01-02 21:06,6.747,0.013,0,0,0,0,v
2014-01-02 21:12,6.724,0.008,0,0,0,0,v
2014-01-02 21:18,6.726,0.008,0,0,0,0,v
2014-01-02 21:24,6.736,0.012,0,0,0,0,v
2014-01-02 21:30,6.760,0.011,0,0,0,0,v
2014-01-02 21:36,6.762,0.010,0,0,0,0,v
2014-01-02 21:42,6.769,0.008,0,0,0,0,v
2014-01-02 21:48,6.809,0.010,0,0,0,0,v
2014-01-02 21:54,6.793,0.010,0,0,0,0,v
2014-01-02 22:00,6.808,0.009,0,0,0,0,v
2014-01-02 22:06,6.818,0.006,0,0,0,0,v
2014-01-02 22:12,6.840,0.008,0,0,0,0,v
2014-01-02 22:18,6.832,0.010,0,0,0,0,v
2014-01-02 22:24,6.850,0.009,0,0,0,0,v
2014-01-02 22:30,6.847,0.007,0,0,0,0,v
2014-01-02 22:36,6.814,0.009,0,0,0,0,v
2014-01-02 22:42,6.834,0.007,0,0,0,0,v
2014-01-02 22:48,6.849,0.007,0,0,0,0,v
2014-01-02 22:54,6.860,0.007,0,0,0,0,v
2014-01-02 23:00,6.854,0.014,0,0,0,0,v
2014-01-02 23:06,6.893,0.007,0,0,0,0,v
2014-01-02 23:12,6.898,0.012,0,0,0,0,v
2014-01-02 23:18,6.885,0.006,0,0,0,0,v
2014-01-02 23:24,6.891,0.006,0,0,0,0,v
2014-01-02 23:30,6.882,0.009,0,0,0,0,v
2014-01-02 23:36,6.863,0.009,0,0,0,0,v
2014-01-02 23:42,6.836,0.012,0,0,0,0,v
2014-01-02 23:48,6.823,0.008,0,0,0,0,v
2014-01-02 23:54,6.809,0.008,0,0,0,0,v
2014-01-03 00:00,6.795,0.007,0,0,0,0,v
2014-01-03 00:06,6.782,0.006,0,0,0,0,v
2014-01-03 00:12,6.799,0.007,0,0,0,0,v
2014-01-03 00:18,6.803,0.008,0,0,0,0,v
2014-01-03 00:24,6.783,0.012,0,0,0,0,v
2014-01-03 00:30,6.795,0.007,0,0,0,0,v
2014-01-03 00:36,6.773,0.010,0,0,0,0,v
2014-01-03 00:42,6.793,0.010,0,0,0,0,v
2014-01-03 00:48,6.801,0.010,0,0,0,0,v
2014-01-03 00:54,6.819,0.007,0,0,0,0,v
2014-01-03 01:00,6.808,0.008,0,0,0,0,v
2014-01-03 01:06,6.818,0.011,0,0,0,0,v
2014-01-03 01:12,6.810,0.009,0,0,0,0,v
2014-01-03 01:18,6.825,0.008,0,0,0,0,v
2014-01-03 01:24,6.813,0.011,0,0,0,0,v
2014-01-03 01:30,6.788,0.008,0,0,0,0,v
2014-01-03 01:36,6.800,0.007,0,0,0,0,v
2014-01-03 01:42,6.818,0.007,0,0,0,0,v
2014-01-03 01:48,6.791,0.010,0,0,0,0,v
2014-01-03 01:54,6.778,0.010,0,0,0,0,v
2014-01-03 02:00,6.774,0.007,0,0,0,0,v
2014-01-03 02:06,6.779,0.008,0,0,0,0,v
2014-01-03 02:12,6.773,0.008,0,0,0,0,v
2014-01-03 02:18,6.755,0.010,0,0,0,0,v
2014-01-03 02:24,6.749,0.007,0,0,0,0,v
2014-01-03 02:30,6.754,0.006,0,0,0,0,v
2014-01-03 02:36,6.769,0.009,0,0,0,0,v
2014-01-03 02:42,6.792,0.007,0,0,0,0,v
2014-01-03 02:48,6.799,0.010,0,0,0,0,v
2014-01-03 02:54,6.779,0.010,0,0,0,0,v
2014-01-03 03:00,6.779,0.007,0,0,0,0,v
2014-01-03 03:06,6.769,0.007,0,0,0,0,v
2014-01-03 03:12,6.755,0.009,0,0,0,0,v
2014-01-03 03:18,6.753,0.009,0,0,0,0,v
2014-01-03 03:24,6.771,0.009,0,0,0,0,v
2014-01-03 03:30,6.784,0.009,0,0,0,0,v
2014-01-03 03:36,6.780,0.014,0,0,0,0,v
2014-01-03 03:42,6.773,0.008,0,0,0,0,v
2014-01-03 03:48,6.760,0.010,0,0,0,0,v
2014-01-03 03:54,6.729,0.010,0,0,0,0,v
2014-01-03 04:00,6.716,0.008,0,0,0,0,v
2014-01-03 04:06,6.720,0.006,0,0,0,0,v
2014-01-03 04:12,6.736,0.012,0,0,0,0,v
2014-01-03 04:18,6.741,0.008,0,0,0,0,v
2014-01-03 04:24,6.733,0.006,0,0,0,0,v
2014-01-03 04:30,6.719,0.010,0,0,0,0,v
2014-01-03 04:36,6.710,0.007,0,0,0,0,v
2014-01-03 04:42,6.732,0.011,0,0,0,0,v
2014-01-03 04:48,6.734,0.008,0,0,0,0,v
2014-01-03 04:54,6.708,0.011,0,0,0,0,v
2014-01-03 05:00,6.717,0.009,0,0,0,0,v
2014-01-03 05:06,6.705,0.011,0,0,0,0,v
2014-01-03 05:12,6.687,0.008,0,0,0,0,v
2014-01-03 05:18,6.680,0.008,0,0,0,0,v
2014-01-03 05:24,6.716,0.010,0,0,0,0,v
2014-01-03 05:30,6.725,0.008,0,0,0,0,v
2014-01-03 05:36,6.695,0.010,0,0,0,0,v
2014-01-03 05:42,6.687,0.009,0,0,0,0,v
2014-01-03 05:48,6.701,0.007,0,0,0,0,v
2014-01-03 05:54,6.672,0.008,0,0,0,0,v
2014-01-03 06:00,6.657,0.016,0,0,0,0,v
2014-01-03 06:06,6.668,0.008,0,0,0,0,v
2014-01-03 06:12,6.674,0.011,0,0,0,0,v
2014-01-03 06:18,6.658,0.007,0,0,0,0,v
2014-01-03 06:24,6.636,0.006,0,0,0,0,v
2014-01-03 06:30,6.632,0.006,0,0,0,0,v
2014-01-03 06:36,6.621,0.008,0,0,0,0,v
2014-01-03 06:42,6.635,0.010,0,0,0,0,v
2014-01-03 06:48,6.633,0.009,0,0,0,0,v
2014-01-03 06:54,6.642,0.008,0,0,0,0,v
2014-01-03 07:00,6.655,0.006,0,0,0,0,v
2014-01-03 07:06,6.693,0.012,0,0,0,0,v
2014-01-03 07:12,6.701,0.009,0,0,0,0,v
2014-01-03 07:18,6.679,0.010,0,0,0,0,v
2014-01-03 07:24,6.678,0.006,0,0,0,0,v
2014-01-03 07:30,6.681,0.008,0,0,0,0,v
2014-01-03 07:36,6.671,0.006,0,0,0,0,v
2014-01-03 07:42,6.668,0.006,0,0,0,0,v
2014-01-03 07:48,6.672,0.008,0,0,0,0,v
2014-01-03 07:54,6.668,0.008,0,0,0,0,v
2014-01-03 08:00,6.680,0.009,0,0,0,0,v
2014-01-03 08:06,6.678,0.011,0,0,0,0,v
2014-01-03 08:12,6.673,0.007,0,0,0,0,v
2014-01-03 08:18,6.640,0.008,0,0,0,0,v
2014-01-03 08:24,6.636,0.007,0,0,0,0,v
2014-01-03 08:30,6.655,0.009,0,0,0,0,v
2014-01-03 08:36,6.651,0.015,0,0,0,0,v
2014-01-03 08:42,6.649,0.006,0,0,0,0,v
2014-01-03 08:48,6.658,0.013,0,0,0,0,v
2014-01-03 08:54,6.651,0.008,0,0,0,0,v
2014-01-03 09:00,6.654,0.007,0,0,0,0,v
2014-01-03 09:06,6.635,0.011,0,0,0,0,v
2014-01-03 09:12,6.624,0.009,0,0,0,0,v
2014-01-03 09:18,6.611,0.010,0,0,0,0,v
2014-01-03 09:24,6.609,0.007,0,0,0,0,v
2014-01-03 09:30,6.608,0.000,0,0,0,0,v
2014-01-03 09:36,6.600,0.011,0,0,0,0,v
2014-01-03 09:42,6.594,0.006,0,0,0,0,v
2014-01-03 09:48,6.589,0.009,0,0,0,0,v
2014-01-03 09:54,6.590,0.013,0,0,0,0,v
2014-01-03 10:00,6.567,0.010,0,0,0,0,v
2014-01-03 10:06,6.554,0.008,0,0,0,0,v
2014-01-03 10:12,6.542,0.013,0,0,0,0,v
2014-01-03 10:18,6.521,0.008,0,0,0,0,v
2014-01-03 10:24,6.511,0.006,0,0,0,0,v
2014-01-03 10:30,6.516,0.008,0,0,0,0,v
2014-01-03 10:36,6.496,0.009,0,0,0,0,v
2014-01-03 10:42,6.479,0.007,0,0,0,0,v
2014-01-03 10:48,6.476,0.009,0,0,0,0,v
2014-01-03 10:54,6.456,0.011,0,0,0,0,v
2014-01-03 11:00,6.433,0.008,0,0,0,0,v
2014-01-03 11:06,6.427,0.009,0,0,0,0,v
2014-01-03 11:12,6.437,0.008,0,0,0,0,v
2014-01-03 11:18,6.416,0.007,0,0,0,0,v
2014-01-03 11:24,6.403,0.011,0,0,0,0,v
2014-01-03 11:30,6.388,0.010,0,0,0,0,v
2014-01-03 11:36,6.388,0.007,0,0,0,0,v
2014-01-03 11:42,6.379,0.008,0,0,0,0,v
2014-01-03 11:48,6.358,0.006,0,0,0,0,v
2014-01-03 11:54,6.349,0.008,0,0,0,0,v
2014-01-03 12:00,6.348,0.006,0,0,0,0,v
2014-01-03 12:06,6.319,0.009,0,0,0,0,v
2014-01-03 12:12,6.298,0.007,0,0,0,0,v
2014-01-03 12:18,6.280,0.010,0,0,0,0,v
2014-01-03 12:24,6.274,0.011,0,0,0,0,v
2014-01-03 12:30,6.276,0.007,0,0,0,0,v
2014-01-03 12:36,6.258,0.010,0,0,0,0,v
2014-01-03 12:42,6.239,0.012,0,0,0,0,v
2014-01-03 12:48,6.219,0.010,0,0,0,0,v
2014-01-03 12:54,6.216,0.008,0,0,0,0,v
2014-01-03 13:00,6.199,0.013,0,0,0,0,v
2014-01-03 13:06,6.183,0.010,0,0,0,0,v
2014-01-03 13:12,6.181,0.009,0,0,0,0,v
2014-01-03 13:18,6.176,0.007,0,0,0,0,v
2014-01-03 13:24,6.171,0.009,0,0,0,0,v
2014-01-03 13:30,6.163,0.008,0,0,0,0,v
2014-01-03 13:36,6.163,0.015,0,0,0,0,v
2014-01-03 13:42,6.156,0.010,0,0,0,0,v
2014-01-03 13:48,6.153,0.008,0,0,0,0,v
2014-01-03 13:54,6.141,0.009,0,0,0,0,v
2014-01-03 14:00,6.138,0.008,0,0,0,0,v
2014-01-03 14:06,6.141,0.009,0,0,0,0,v
2014-01-03 14:12,6.137,0.008,0,0,0,0,v
2014-01-03 14:18,6.130,0.008,0,0,0,0,v
2014-01-03 14:24,6.115,0.009,0,0,0,0,v
2014-01-03 14:30,6.109,0.011,0,0,0,0,v
2014-01-03 14:36,6.116,0.007,0,0,0,0,v
2014-01-03 14:42,6.099,0.011,0,0,0,0,v
2014-01-03 14:48,6.088,0.012,0,0,0,0,v
2014-01-03 14:54,6.100,0.009,0,0,0,0,v
2014-01-03 15:00,6.097,0.009,0,0,0,0,v
2014-01-03 15:06,6.100,0.007,0,0,0,0,v
2014-01-03 15:12,6.095,0.009,0,0,0,0,v
2014-01-03 15:18,6.084,0.009,0,0,0,0,v
2014-01-03 15:24,6.104,0.009,0,0,0,0,v
2014-01-03 15:30,6.106,0.010,0,0,0,0,v
2014-01-03 15:36,6.104,0.006,0,0,0,0,v
2014-01-03 15:42,6.093,0.008,0,0,0,0,v
2014-01-03 15:48,6.107,0.008,0,0,0,0,v
2014-01-03 15:54,6.108,0.006,0,0,0,0,v
2014-01-03 16:00,6.112,0.008,0,0,0,0,v
2014-01-03 16:06,6.121,0.008,0,0,0,0,v
2014-01-03 16:12,6.116,0.009,0,0,0,0,v
2014-01-03 16:18,6.125,0.006,0,0,0,0,v
2014-01-03 16:24,6.108,0.007,0,0,0,0,v
2014-01-03 16:30,6.117,0.006,0,0,0,0,v
2014-01-03 16:36,6.123,0.009,0,0,0,0,v
2014-01-03 16:42,6.115,0.006,0,0,0,0,v
2014-01-03 16:48,6.115,0.012,0,0,0,0,v
2014-01-03 16:54,6.114,0.008,0,0,0,0,v
2014-01-03 17:00,6.133,0.010,0,0,0,0,v
2014-01-03 17:06,6.129,0.008,0,0,0,0,v
2014-01-03 17:12,6.131,0.009,0,0,0,0,v
2014-01-03 17:18,6.131,0.010,0,0,0,0,v
2014-01-03 17:24,6.144,0.009,0,0,0,0,v
2014-01-03 17:30,6.157,0.012,0,0,0,0,v
2014-01-03 17:36,6.157,0.007,0,0,0,0,v
2014-01-03 17:42,6.167,0.008,0,0,0,0,v
2014-01-03 17:48,6.177,0.010,0,0,0,0,v
2014-01-03 17:54,6.198,0.009,0,0,0,0,v
2014-01-03 18:00,6.186,0.007,0,0,0,0,v
2014-01-03 18:06,6.188,0.007,0,0,0,0,v
2014-01-03 18:12,6.216,0.008,0,0,0,0,v
2014-01-03 18:18,6.216,0.009,0,0,0,0,v
2014-01-03 18:24,6.224,0.013,0,0,0,0,v
2014-01-03 18:30,6.267,0.009,0,0,0,0,v
2014-01-03 18:36,6.289,0.006,0,0,0,0,v
2014-01-03 18:42,6.279,0.007,0,0,0,0,v
2014-01-03 18:48,6.304,0.007,0,0,0,0,v
2014-01-03 18:54,6.316,0.010,0,0,0,0,v
2014-01-03 19:00,6.314,0.006,0,0,0,0,v
2014-01-03 19:06,6.322,0.010,0,0,0,0,v
2014-01-03 19:12,6.354,0.007,0,0,0,0,v
2014-01-03 19:18,6.382,0.005,0,0,0,0,v
2014-01-03 19:24,6.388,0.008,0,0,0,0,v
2014-01-03 19:30,6.406,0.006,0,0,0,0,v
2014-01-03 19:36,6.403,0.006,0,0,0,0,v
2014-01-03 19:42,6.433,0.007,0,0,0,0,v
2014-01-03 19:48,6.442,0.006,0,0,0,0,v
2014-01-03 19:54,6.442,0.008,0,0,0,0,v
2014-01-03 20:00,6.478,0.011,0,0,0,0,v
2014-01-03 20:06,6.486,0.006,0,0,0,0,v
2014-01-03 20:12,6.514,0.009,0,0,0,0,v
2014-01-03 20:18,6.520,0.008,0,0,0,0,v
2014-01-03 20:24,6.552,0.007,0,0,0,0,v
2014-01-03 20:30,6.568,0.008,0,0,0,0,v
2014-01-03 20:36,6.585,0.007,0,0,0,0,v
2014-01-03 20:42,6.596,0.007,0,0,0,0,v
2014-01-03 20:48,6.606,0.005,0,0,0,0,v
2014-01-03 20:54,6.623,0.007,0,0,0,0,v
2014-01-03 21:00,6.639,0.007,0,0,0,0,v
2014-01-03 21:06,6.656,0.006,0,0,0,0,v
2014-01-03 21:12,6.669,0.007,0,0,0,0,v
2014-01-03 21:18,6.669,0.006,0,0,0,0,v
2014-01-03 21:24,6.677,0.007,0,0,0,0,v
2014-01-03 21:30,6.679,0.011,0,0,0,0,v
2014-01-03 21:36,6.687,0.011,0,0,0,0,v
2014-01-03 21:42,6.701,0.008,0,0,0,0,v
2014-01-03 21:48,6.723,0.008,0,0,0,0,v
2014-01-03 21:54,6.728,0.009,0,0,0,0,v
2014-01-03 22:00,6.728,0.007,0,0,0,0,v
2014-01-03 22:06,6.723,0.008,0,0,0,0,v
2014-01-03 22:12,6.756,0.007,0,0,0,0,v
2014-01-03 22:18,6.767,0.007,0,0,0,0,v
2014-01-03 22:24,6.786,0.008,0,0,0,0,v
2014-01-03 22:30,6.788,0.007,0,0,0,0,v
2014-01-03 22:36,6.778,0.010,0,0,0,0,v
2014-01-03 22:42,6.807,0.007,0,0,0,0,v
2014-01-03 22:48,6.809,0.007,0,0,0,0,v
2014-01-03 22:54,6.830,0.008,0,0,0,0,v
2014-01-03 23:00,6.841,0.008,0,0,0,0,v
2014-01-03 23:06,6.838,0.008,0,0,0,0,v
2014-01-03 23:12,6.851,0.007,0,0,0,0,v
2014-01-03 23:18,6.857,0.009,0,0,0,0,v
2014-01-03 23:24,6.848,0.010,0,0,0,0,v
2014-01-03 23:30,6.833,0.006,0,0,0,0,v
2014-01-03 23:36,6.816,0.008,0,0,0,0,v
2014-01-03 23:42,6.803,0.008,0,0,0,0,v
2014-01-03 23:48,6.817,0.007,0,0,0,0,v
2014-01-03 23:54,6.815,0.007,0,0,0,0,v
2014-01-04 00:00,6.826,0.013,0,0,0,0,v
2014-01-04 00:06,6.835,0.012,0,0,0,0,v
2014-01-04 00:12,6.824,0.008,0,0,0,0,v
2014-01-04 00:18,6.835,0.009,0,0,0,0,v
2014-01-04 00:24,6.847,0.007,0,0,0,0,v
2014-01-04 00:30,6.847,0.008,0,0,0,0,v
2014-01-04 00:36,6.849,0.009,0,0,0,0,v
2014-01-04 00:42,6.849,0.006,0,0,0,0,v
2014-01-04 00:48,6.850,0.007,0,0,0,0,v
2014-01-04 00:54,6.848,0.005,0,0,0,0,v
2014-01-04 01:00,6.838,0.009,0,0,0,0,v
2014-01-04 01:06,6.850,0.006,0,0,0,0,v
2014-01-04 01:12,6.837,0.009,0,0,0,0,v
2014-01-04 01:18,6.836,0.008,0,0,0,0,v
2014-01-04 01:24,6.847,0.009,0,0,0,0,v
2014-01-04 01:30,6.841,0.011,0,0,0,0,v
2014-01-04 01:36,6.849,0.007,0,0,0,0,v
2014-01-04 01:42,6.851,0.012,0,0,0,0,v
2014-01-04 01:48,6.862,0.006,0,0,0,0,v
2014-01-04 01:54,6.855,0.008,0,0,0,0,v
2014-01-04 02:00,6.848,0.007,0,0,0,0,v
2014-01-04 02:06,6.840,0.009,0,0,0,0,v
2014-01-04 02:12,6.830,0.008,0,0,0,0,v
2014-01-04 02:18,6.833,0.011,0,0,0,0,v
2014-01-04 02:24,6.831,0.009,0,0,0,0,v
2014-01-04 02:30,6.829,0.008,0,0,0,0,v
2014-01-04 02:36,6.816,0.008,0,0,0,0,v
2014-01-04 02:42,6.816,0.008,0,0,0,0,v
2014-01-04 02:48,6.817,0.007,0,0,0,0,v
2014-01-04 02:54,6.820,0.007,0,0,0,0,v
2014-01-04 03:00,6.821,0.012,0,0,0,0,v
2014-01-04 03:06,6.810,0.008,0,0,0,0,v
2014-01-04 03:12,6.799,0.007,0,0,0,0,v
2014-01-04 03:18,6.790,0.010,0,0,0,0,v
2014-01-04 03:24,6.795,0.011,0,0,0,0,v
2014-01-04 03:30,6.808,0.007,0,0,0,0,v
2014-01-04 03:36,6.816,0.010,0,0,0,0,v
2014-01-04 03:42,6.822,0.007,0,0,0,0,v
2014-01-04 03:48,6.820,0.009,0,0,0,0,v
2014-01-04 03:54,6.819,0.008,0,0,0,0,v
2014-01-04 04:00,6.805,0.008,0,0,0,0,v
2014-01-04 04:06,6.812,0.010,0,0,0,0,v
2014-01-04 04:12,6.825,0.007,0,0,0,0,v
2014-01-04 04:18,6.823,0.008,0,0,0,0,v
2014-01-04 04:24,6.808,0.011,0,0,0,0,v
2014-01-04 04:30,6.809,0.009,0,0,0,0,v
2014-01-04 04:36,6.795,0.008,0,0,0,0,v
2014-01-04 04:42,6.807,0.009,0,0,0,0,v
2014-01-04 04:48,6.786,0.010,0,0,0,0,v
2014-01-04 04:54,6.795,0.009,0,0,0,0,v
2014-01-04 05:00,6.787,0.011,0,0,0,0,v
2014-01-04 05:06,6.789,0.009,0,0,0,0,v
2014-01-04 05:12,6.804,0.010,0,0,0,0,v
2014-01-04 05:18,6.803,0.007,0,0,0,0,v
2014-01-04 05:24,6.802,0.013,0,0,0,0,v
2014-01-04 05:30,6.798,0.008,0,0,0,0,v
2014-01-04 05:36,6.807,0.008,0,0,0,0,v
2014-01-04 05:42,6.804,0.006,0,0,0,0,v
2014-01-04 05:48,6.800,0.011,0,0,0,0,v
2014-01-04 05:54,6.809,0.008,0,0,0,0,v
2014-01-04 06:00,6.805,0.012,0,0,0,0,v
2014-01-04 06:06,6.812,0.008,0,0,0,0,v
2014-01-04 06:12,6.808,0.010,0,0,0,0,v
2014-01-04 06:18,6.805,0.009,0,0,0,0,v
2014-01-04 06:24,6.819,0.012,0,0,0,0,v
2014-01-04 06:30,6.808,0.009,0,0,0,0,v
2014-01-04 06:36,6.809,0.009,0,0,0,0,v
2014-01-04 06:42,6.804,0.013,0,0,0,0,v
2014-01-04 06:48,6.790,0.010,0,0,0,0,v
2014-01-04 06:54,6.782,0.011,0,0,0,0,v
2014-01-04 07:00,6.788,0.010,0,0,0,0,v
2014-01-04 07:06,6.800,0.009,0,0,0,0,v
2014-01-04 07:12,6.791,0.010,0,0,0,0,v
2014-01-04 07:18,6.802,0.007,0,0,0,0,v
2014-01-04 07:24,6.802,0.011,0,0,0,0,v
2014-01-04 07:30,6.801,0.010,0,0,0,0,v
2014-01-04 07:36,6.816,0.007,0,0,0,0,v
2014-01-04 07:42,6.812,0.011,0,0,0,0,v
2014-01-04 07:48,6.806,0.009,0,0,0,0,v
2014-01-04 07:54,6.817,0.009,0,0,0,0,v
2014-01-04 08:00,6.823,0.011,0,0,0,0,v
2014-01-04 08:06,6.826,0.011,0,0,0,0,v
2014-01-04 08:12,6.833,0.012,0,0,0,0,v
2014-01-04 08:18,6.832,0.013,0,0,0,0,v
2014-01-04 08:24,6.856,0.008,0,0,0,0,v
2014-01-04 08:30,6.843,0.015,0,0,0,0,v
2014-01-04 08:36,6.855,0.011,0,0,0,0,v
2014-01-04 08:42,6.854,0.012,0,0,0,0,v
2014-01-04 08:48,6.840,0.013,0,0,0,0,v
2014-01-04 08:54,6.840,0.007,0,0,0,0,v
2014-01-04 09:00,6.842,0.009,0,0,0,0,v
2014-01-04 09:06,6.852,0.012,0,0,0,0,v
2014-01-04 09:12,6.861,0.014,0,0,0,0,v
2014-01-04 09:18,6.851,0.011,0,0,0,0,v
2014-01-04 09:24,6.841,0.012,0,0,0,0,v
2014-01-04 09:30,6.844,0.012,0,0,0,0,v
2014-01-04 09:36,6.837,0.013,0,0,0,0,v
2014-01-04 09:42,6.841,0.009,0,0,0,0,v
2014-01-04 09:48,6.825,0.014,0,0,0,0,v
2014-01-04 09:54,6.824,0.010,0,0,0,0,v
2014-01-04 10:00,6.816,0.010,0,0,0,0,v
2014-01-04 10:06,6.810,0.009,0,0,0,0,v
2014-01-04 10:12,6.807,0.015,0,0,0,0,v
2014-01-04 10:18,6.815,0.011,0,0,0,0,v
2014-01-04 10:24,6.795,0.009,0,0,0,0,v
2014-01-04 10:30,6.796,0.012,0,0,0,0,v
2014-01-04 10:36,6.793,0.009,0,0,0,0,v
2014-01-04 10:42,6.785,0.011,0,0,0,0,v
2014-01-04 10:48,6.785,0.011,0,0,0,0,v
2014-01-04 10:54,6.789,0.010,0,0,0,0,v
2014-01-04 11:00,6.784,0.009,0,0,0,0,v
2014-01-04 11:06,6.769,0.011,0,0,0,0,v
2014-01-04 11:12,6.758,0.015,0,0,0,0,v
2014-01-04 11:18,6.757,0.011,0,0,0,0,v
2014-01-04 11:24,6.736,0.008,0,0,0,0,v
2014-01-04 11:30,6.733,0.008,0,0,0,0,v
2014-01-04 11:36,6.728,0.011,0,0,0,0,v
2014-01-04 11:42,6.703,0.007,0,0,0,0,v
2014-01-04 11:48,6.715,0.011,0,0,0,0,v
2014-01-04 11:54,6.698,0.008,0,0,0,0,v
2014-01-04 12:00,6.669,0.018,0,0,0,0,v
2014-01-04 12:06,6.670,0.008,0,0,0,0,v
2014-01-04 12:12,6.674,0.006,0,0,0,0,v
2014-01-04 12:18,6.649,0.014,0,0,0,0,v
2014-01-04 12:24,6.646,0.009,0,0,0,0,v
2014-01-04 12:30,6.643,0.013,0,0,0,0,v
2014-01-04 12:36,6.628,0.011,0,0,0,0,v
2014-01-04 12:42,6.629,0.012,0,0,0,0,v
2014-01-04 12:48,6.604,0.010,0,0,0,0,v
2014-01-04 12:54,6.603,0.010,0,0,0,0,v
2014-01-04 13:00,6.592,0.012,0,0,0,0,v
2014-01-04 13:06,6.578,0.010,0,0,0,0,v
2014-01-04 13:12,6.569,0.012,0,0,0,0,v
2014-01-04 13:18,6.562,0.008,0,0,0,0,v
2014-01-04 13:24,6.546,0.012,0,0,0,0,v
2014-01-04 13:30,6.530,0.010,0,0,0,0,v
2014-01-04 13:36,6.550,0.009,0,0,0,0,v
2014-01-04 13:42,6.539,0.011,0,0,0,0,v
2014-01-04 13:48,6.524,0.008,0,0,0,0,v
2014-01-04 13:54,6.517,0.011,0,0,0,0,v
2014-01-04 14:00,6.514,0.011,0,0,0,0,v
2014-01-04 14:06,6.506,0.008,0,0,0,0,v
2014-01-04 14:12,6.494,0.010,0,0,0,0,v
2014-01-04 14:18,6.487,0.009,0,0,0,0,v
2014-01-04 14:24,6.503,0.009,0,0,0,0,v
2014-01-04 14:30,6.488,0.011,0,0,0,0,v
2014-01-04 14:36,6.468,0.015,0,0,0,0,v
2014-01-04 14:42,6.452,0.009,0,0,0,0,v
2014-01-04 14:48,6.437,0.012,0,0,0,0,v
2014-01-04 14:54,6.438,0.008,0,0,0,0,v
2014-01-04 15:00,6.438,0.008,0,0,0,0,v
2014-01-04 15:06,6.438,0.009,0,0,0,0,v
2014-01-04 15:12,6.443,0.010,0,0,0,0,v
2014-01-04 15:18,6.437,0.015,0,0,0,0,v
2014-01-04 15:24,6.448,0.007,0,0,0,0,v
2014-01-04 15:30,6.441,0.006,0,0,0,0,v
2014-01-04 15:36,6.453,0.009,0,0,0,0,v
2014-01-04 15:42,6.454,0.010,0,0,0,0,v
2014-01-04 15:48,6.452,0.008,0,0,0,0,v
2014-01-04 15:54,6.439,0.008,0,0,0,0,v
2014-01-04 16:00,6.443,0.009,0,0,0,0,v
2014-01-04 16:06,6.419,0.013,0,0,0,0,v
2014-01-04 16:12,6.433,0.006,0,0,0,0,v
2014-01-04 16:18,6.412,0.008,0,0,0,0,v
2014-01-04 16:24,6.425,0.011,0,0,0,0,v
2014-01-04 16:30,6.426,0.007,0,0,0,0,v
2014-01-04 16:36,6.432,0.011,0,0,0,0,v
2014-01-04 16:42,6.413,0.007,0,0,0,0,v
2014-01-04 16:48,6.411,0.007,0,0,0,0,v
2014-01-04 16:54,6.425,0.010,0,0,0,0,v
2014-01-04 17:00,6.397,0.012,0,0,0,0,v
2014-01-04 17:06,6.397,0.010,0,0,0,0,v
2014-01-04 17:12,6.387,0.009,0,0,0,0,v
2014-01-04 17:18,6.391,0.010,0,0,0,0,v
2014-01-04 17:24,6.393,0.015,0,0,0,0,v
2014-01-04 17:30,6.385,0.008,0,0,0,0,v
2014-01-04 17:36,6.358,0.008,0,0,0,0,v
2014-01-04 17:42,6.366,0.009,0,0,0,0,v
2014-01-04 17:48,6.377,0.010,0,0,0,0,v
2014-01-04 17:54,6.396,0.009,0,0,0,0,v
2014-01-04 18:00,6.400,0.008,0,0,0,0,v
2014-01-04 18:06,6.395,0.010,0,0,0,0,v
2014-01-04 18:12,6.378,0.009,0,0,0,0,v
2014-01-04 18:18,6.393,0.013,0,0,0,0,v
2014-01-04 18:24,6.392,0.009,0,0,0,0,v
2014-01-04 18:30,6.390,0.007,0,0,0,0,v
2014-01-04 18:36,6.391,0.009,0,0,0,0,v
2014-01-04 18:42,6.405,0.009,0,0,0,0,v
2014-01-04 18:48,6.413,0.010,0,0,0,0,v
2014-01-04 18:54,6.426,0.006,0,0,0,0,v
2014-01-04 19:00,6.434,0.008,0,0,0,0,v
2014-01-04 19:06,6.453,0.007,0,0,0,0,v
2014-01-04 19:12,6.462,0.009,0,0,0,0,v
2014-01-04 19:18,6.474,0.008,0,0,0,0,v
2014-01-04 19:24,6.495,0.007,0,0,0,0,v
2014-01-04 19:30,6.504,0.008,0,0,0,0,v
2014-01-04 19:36,6.519,0.007,0,0,0,0,v
2014-01-04 19:42,6.519,0.009,0,0,0,0,v
2014-01-04 19:48,6.524,0.007,0,0,0,0,v
2014-01-04 19:54,6.526,0.008,0,0,0,0,v
2014-01-04 20:00,6.536,0.008,0,0,0,0,v
2014-01-04 20:06,6.571,0.008,0,0,0,0,v
2014-01-04 20:12,6.556,0.006,0,0,0,0,v
2014-01-04 20:18,6.577,0.006,0,0,0,0,v
2014-01-04 20:24,6.594,0.010,0,0,0,0,v
2014-01-04 20:30,6.600,0.007,0,0,0,0,v
2014-01-04 20:36,6.629,0.006,0,0,0,0,v
2014-01-04 20:42,6.649,0.007,0,0,0,0,v
2014-01-04 20:48,6.665,0.006,0,0,0,0,v
2014-01-04 20:54,6.668,0.006,0,0,0,0,v
2014-01-04 21:00,6.677,0.008,0,0,0,0,v
2014-01-04 21:06,6.690,0.007,0,0,0,0,v
2014-01-04 21:12,6.694,0.008,0,0,0,0,v
2014-01-04 21:18,6.716,0.006,0,0,0,0,v
2014-01-04 21:24,6.732,0.008,0,0,0,0,v
2014-01-04 21:30,6.745,0.009,0,0,0,0,v
2014-01-04 21:36,6.742,0.006,0,0,0,0,v
2014-01-04 21:42,6.751,0.009,0,0,0,0,v
2014-01-04 21:48,6.745,0.008,0,0,0,0,v
2014-01-04 21:54,6.773,0.006,0,0,0,0,v
2014-01-04 22:00,6.803,0.006,0,0,0,0,v
2014-01-04 22:06,6.804,0.006,0,0,0,0,v
2014-01-04 22:12,6.799,0.012,0,0,0,0,v
2014-01-04 22:18,6.834,0.008,0,0,0,0,v
2014-01-04 22:24,6.833,0.000,1,0,0,0,v
2014-01-04 22:30,6.832,0.000,0,0,0,0,v
2014-01-04 22:36,6.841,0.009,0,0,0,0,v
2014-01-04 22:42,6.845,0.008,0,0,0,0,v
2014-01-04 22:48,6.848,0.007,0,0,0,0,v
2014-01-04 22:54,6.867,0.009,0,0,0,0,v
2014-01-04 23:00,6.870,0.007,0,0,0,0,v
2014-01-04 23:06,6.864,0.007,0,0,0,0,v
2014-01-04 23:12,6.875,0.006,0,0,0,0,v
2014-01-04 23:18,6.858,0.008,0,0,0,0,v
2014-01-04 23:24,6.879,0.007,0,0,0,0,v
2014-01-04 23:30,6.869,0.007,0,0,0,0,v
2014-01-04 23:36,6.880,0.007,0,0,0,0,v
2014-01-04 23:42,6.873,0.006,0,0,0,0,v
2014-01-04 23:48,6.884,0.005,0,0,0,0,v
2014-01-04 23:54,6.916,0.007,0,0,0,0,v
2014-01-05 00:00,6.904,0.009,0,0,0,0,v
2014-01-05 00:06,6.900,0.004,0,0,0,0,v
2014-01-05 00:12,6.867,0.006,0,0,0,0,v
2014-01-05 00:18,6.888,0.007,0,0,0,0,v
2014-01-05 00:24,6.911,0.006,0,0,0,0,v
2014-01-05 00:30,6.896,0.006,0,0,0,0,v
2014-01-05 00:36,6.871,0.007,0,0,0,0,v
2014-01-05 00:42,6.891,0.013,0,0,0,0,v
2014-01-05 00:48,6.907,0.006,0,0,0,0,v
2014-01-05 00:54,6.908,0.005,0,0,0,0,v
2014-01-05 01:00,6.903,0.007,0,0,0,0,v
2014-01-05 01:06,6.868,0.005,0,0,0,0,v
2014-01-05 01:12,6.872,0.006,0,0,0,0,v
2014-01-05 01:18,6.840,0.006,0,0,0,0,v
2014-01-05 01:24,6.847,0.005,0,0,0,0,v
2014-01-05 01:30,6.853,0.008,0,0,0,0,v
2014-01-05 01:36,6.857,0.007,0,0,0,0,v
2014-01-05 01:42,6.854,0.007,0,0,0,0,v
2014-01-05 01:48,6.848,0.007,0,0,0,0,v
2014-01-05 01:54,6.853,0.006,0,0,0,0,v
2014-01-05 02:00,6.840,0.006,0,0,0,0,v
2014-01-05 02:06,6.862,0.006,0,0,0,0,v
2014-01-05 02:12,6.835,0.007,0,0,0,0,v
2014-01-05 02:18,6.854,0.005,0,0,0,0,v
2014-01-05 02:24,6.843,0.008,0,0,0,0,v
2014-01-05 02:30,6.854,0.007,0,0,0,0,v
2014-01-05 02:36,6.870,0.006,0,0,0,0,v
2014-01-05 02:42,6.848,0.005,0,0,0,0,v
2014-01-05 02:48,6.832,0.007,0,0,0,0,v
2014-01-05 02:54,6.811,0.005,0,0,0,0,v
2014-01-05 03:00,6.833,0.007,0,0,0,0,v
2014-01-05 03:06,6.854,0.007,0,0,0,0,v
2014-01-05 03:12,6.851,0.007,0,0,0,0,v
2014-01-05 03:18,6.837,0.007,0,0,0,0,v
2014-01-05 03:24,6.845,0.008,0,0,0,0,v
2014-01-05 03:30,6.820,0.006,0,0,0,0,v
2014-01-05 03:36,6.820,0.006,0,0,0,0,v
2014-01-05 03:42,6.777,0.008,0,0,0,0,v
2014-01-05 03:48,6.792,0.006,0,0,0,0,v
2014-01-05 03:54,6.791,0.006,0,0,0,0,v
2014-01-05 04:00,6.774,0.008,0,0,0,0,v
2014-01-05 04:06,6.780,0.005,0,0,0,0,v
2014-01-05 04:12,6.778,0.007,0,0,0,0,v
2014-01-05 04:18,6.777,0.007,0,0,0,0,v
2014-01-05 04:24,6.752,0.006,0,0,0,0,v
2014-01-05 04:30,6.763,0.005,0,0,0,0,v
2014-01-05 04:36,6.765,0.007,0,0,0,0,v
2014-01-05 04:42,6.737,0.006,0,0,0,0,v
2014-01-05 04:48,6.761,0.007,0,0,0,0,v
2014-01-05 04:54,6.751,0.007,0,0,0,0,v
2014-01-05 05:00,6.773,0.005,0,0,0,0,v
2014-01-05 05:06,6.771,0.006,0,0,0,0,v
2014-01-05 05:12,6.757,0.009,0,0,0,0,v
2014-01-05 05:18,6.750,0.008,0,0,0,0,v
2014-01-05 05:24,6.747,0.007,0,0,0,0,v
2014-01-05 05:30,6.734,0.006,0,0,0,0,v
2014-01-05 05:36,6.742,0.005,0,0,0,0,v
2014-01-05 05:42,6.748,0.006,0,0,0,0,v
2014-01-05 05:48,6.703,0.007,0,0,0,0,v
2014-01-05 05:54,6.708,0.006,0,0,0,0,v
2014-01-05 06:00,6.708,0.005,0,0,0,0,v
2014-01-05 06:06,6.715,0.009,0,0,0,0,v
2014-01-05 06:12,6.731,0.007,0,0,0,0,v
2014-01-05 06:18,6.697,0.005,0,0,0,0,v
2014-01-05 06:24,6.708,0.005,0,0,0,0,v
2014-01-05 06:30,6.710,0.007,0,0,0,0,v
2014-01-05 06:36,6.714,0.009,0,0,0,0,v
2014-01-05 06:42,6.711,0.006,0,0,0,0,v
2014-01-05 06:48,6.706,0.010,0,0,0,0,v
2014-01-05 06:54,6.688,0.006,0,0,0,0,v
2014-01-05 07:00,6.683,0.007,0,0,0,0,v
2014-01-05 07:06,6.683,0.006,0,0,0,0,v
2014-01-05 07:12,6.687,0.006,0,0,0,0,v
2014-01-05 07:18,6.710,0.007,0,0,0,0,v
2014-01-05 07:24,6.717,0.006,0,0,0,0,v
2014-01-05 07:30,6.682,0.007,0,0,0,0,v
2014-01-05 07:36,6.682,0.005,0,0,0,0,v
2014-01-05 07:42,6.697,0.008,0,0,0,0,v
2014-01-05 07:48,6.711,0.007,0,0,0,0,v
2014-01-05 07:54,6.727,0.006,0,0,0,0,v
2014-01-05 08:00,6.738,0.006,0,0,0,0,v
2014-01-05 08:06,6.725,0.007,0,0,0,0,v
2014-01-05 08:12,6.726,0.006,0,0,0,0,v
2014-01-05 08:18,6.739,0.007,0,0,0,0,v
2014-01-05 08:24,6.768,0.007,0,0,0,0,v
2014-01-05 08:30,6.782,0.007,0,0,0,0,v
2014-01-05 08:36,6.764,0.008,0,0,0,0,v
2014-01-05 08:42,6.761,0.009,0,0,0,0,v
2014-01-05 08:48,6.754,0.008,0,0,0,0,v
2014-01-05 08:54,6.775,0.009,0,0,0,0,v
2014-01-05 09:00,6.766,0.008,0,0,0,0,v
2014-01-05 09:06,6.743,0.008,0,0,0,0,v
2014-01-05 09:12,6.753,0.008,0,0,0,0,v
2014-01-05 09:18,6.747,0.007,0,0,0,0,v
2014-01-05 09:24,6.734,0.008,0,0,0,0,v
2014-01-05 09:30,6.718,0.007,0,0,0,0,v
2014-01-05 09:36,6.729,0.008,0,0,0,0,v
2014-01-05 09:42,6.753,0.006,0,0,0,0,v
2014-01-05 09:48,6.740,0.006,0,0,0,0,v
2014-01-05 09:54,6.732,0.009,0,0,0,0,v
2014-01-05 10:00,6.765,0.008,0,0,0,0,v
2014-01-05 10:06,6.744,0.009,0,0,0,0,v
2014-01-05 10:12,6.757,0.011,0,0,0,0,v
2014-01-05 10:18,6.771,0.008,0,0,0,0,v
2014-01-05 10:24,6.782,0.009,0,0,0,0,v
2014-01-05 10:30,6.777,0.008,0,0,0,0,v
2014-01-05 10:36,6.779,0.009,0,0,0,0,v
2014-01-05 10:42,6.779,0.011,0,0,0,0,v
2014-01-05 10:48,6.779,0.009,0,0,0,0,v
2014-01-05 10:54,6.752,0.007,0,0,0,0,v
2014-01-05 11:00,6.778,0.007,0,0,0,0,v
2014-01-05 11:06,6.740,0.010,0,0,0,0,v
2014-01-05 11:12,6.730,0.010,0,0,0,0,v
2014-01-05 11:18,6.730,0.013,0,0,0,0,v
2014-01-05 11:24,6.708,0.013,0,0,0,0,v
2014-01-05 11:30,6.703,0.010,0,0,0,0,v
2014-01-05 11:36,6.723,0.007,0,0,0,0,v
2014-01-05 11:42,6.709,0.007,0,0,0,0,v
2014-01-05 11:48,6.695,0.009,0,0,0,0,v
2014-01-05 11:54,6.717,0.007,0,0,0,0,v
2014-01-05 12:00,6.715,0.010,0,0,0,0,v
2014-01-05 12:06,6.718,0.009,0,0,0,0,v
2014-01-05 12:12,6.702,0.010,0,0,0,0,v
2014-01-05 12:18,6.725,0.006,0,0,0,0,v
2014-01-05 12:24,6.697,0.011,0,0,0,0,v
2014-01-05 12:30,6.690,0.009,0,0,0,0,v
2014-01-05 12:36,6.673,0.010,0,0,0,0,v
2014-01-05 12:42,6.700,0.010,0,0,0,0,v
2014-01-05 12:48,6.682,0.010,0,0,0,0,v
2014-01-05 12:54,6.658,0.008,0,0,0,0,v
2014-01-05 13:00,6.661,0.008,0,0,0,0,v
2014-01-05 13:06,6.646,0.012,0,0,0,0,v
2014-01-05 13:12,6.651,0.008,0,0,0,0,v
2014-01-05 13:18,6.668,0.008,0,0,0,0,v
2014-01-05 13:24,6.649,0.006,0,0,0,0,v
2014-01-05 13:30,6.629,0.010,0,0,0,0,v
2014-01-05 13:36,6.614,0.010,0,0,0,0,v
2014-01-05 13:42,6.598,0.010,0,0,0,0,v
2014-01-05 13:48,6.587,0.010,0,0,0,0,v
2014-01-05 13:54,6.592,0.008,0,0,0,0,v
2014-01-05 14:00,6.580,0.015,0,0,0,0,v
2014-01-05 14:06,6.556,0.008,0,0,0,0,v
2014-01-05 14:12,6.553,0.009,0,0,0,0,v
2014-01-05 14:18,6.601,0.007,0,0,0,0,v
2014-01-05 14:24,6.581,0.010,0,0,0,0,v
2014-01-05 14:30,6.549,0.011,0,0,0,0,v
2014-01-05 14:36,6.550,0.008,0,0,0,0,v
2014-01-05 14:42,6.557,0.010,0,0,0,0,v
2014-01-05 14:48,6.567,0.007,0,0,0,0,v
2014-01-05 14:54,6.538,0.007,0,0,0,0,v
2014-01-05 15:00,6.556,0.008,0,0,0,0,v
2014-01-05 15:06,6.529,0.009,0,0,0,0,v
2014-01-05 15:12,6.515,0.007,0,0,0,0,v
2014-01-05 15:18,6.537,0.011,0,0,0,0,v
2014-01-05 15:24,6.548,0.008,0,0,0,0,v
2014-01-05 15:30,6.518,0.009,0,0,0,0,v
2014-01-05 15:36,6.517,0.011,0,0,0,0,v
2014-01-05 15:42,6.547,0.009,0,0,0,0,v
2014-01-05 15:48,6.511,0.008,0,0,0,0,v
2014-01-05 15:54,6.487,0.008,0,0,0,0,v
2014-01-05 16:00,6.488,0.009,0,0,0,0,v
2014-01-05 16:06,6.490,0.010,0,0,0,0,v
2014-01-05 16:12,6.501,0.011,0,0,0,0,v
2014-01-05 16:18,6.490,0.010,0,0,0,0,v
2014-01-05 16:24,6.478,0.008,0,0,0,0,v
2014-01-05 16:30,6.484,0.009,0,0,0,0,v
2014-01-05 16:36,6.485,0.008,0,0,0,0,v
2014-01-05 16:42,6.495,0.007,0,0,0,0,v
2014-01-05 16:48,6.484,0.009,0,0,0,0,v
2014-01-05 16:54,6.475,0.011,0,0,0,0,v
2014-01-05 17:00,6.480,0.007,0,0,0,0,v
2014-01-05 17:06,6.460,0.010,0,0,0,0,v
2014-01-05 17:12,6.476,0.005,0,0,0,0,v
2014-01-05 17:18,6.437,0.009,0,0,0,0,v
2014-01-05 17:24,6.445,0.007,0,0,0,0,v
2014-01-05 17:30,6.473,0.012,0,0,0,0,v
2014-01-05 17:36,6.489,0.006,0,0,0,0,v
2014-01-05 17:42,6.457,0.010,0,0,0,0,v
2014-01-05 17:48,6.454,0.008,0,0,0,0,v
2014-01-05 17:54,6.453,0.008,0,0,0,0,v
2014-01-05 18:00,6.457,0.009,0,0,0,0,v
2014-01-05 18:06,6.439,0.009,0,0,0,0,v
2014-01-05 18:12,6.433,0.009,0,0,0,0,v
2014-01-05 18:18,6.480,0.008,0,0,0,0,v
2014-01-05 18:24,6.463,0.009,0,0,0,0,v
2014-01-05 18:30,6.442,0.009,0,0,0,0,v
2014-01-05 18:36,6.459,0.008,0,0,0,0,v
2014-01-05 18:42,6.437,0.012,0,0,0,0,v
2014-01-05 18:48,6.423,0.007,0,0,0,0,v
2014-01-05 18:54,6.435,0.006,0,0,0,0,v
2014-01-05 19:00,6.440,0.008,0,0,0,0,v
2014-01-05 19:06,6.451,0.009,0,0,0,0,v
2014-01-05 19:12,6.440,0.008,0,0,0,0,v
2014-01-05 19:18,6.422,0.012,0,0,0,0,v
2014-01-05 19:24,6.439,0.006,0,0,0,0,v
2014-01-05 19:30,6.465,0.011,0,0,0,0,v
2014-01-05 19:36,6.460,0.010,0,0,0,0,v
2014-01-05 19:42,6.472,0.009,0,0,0,0,v
2014-01-05 19:48,6.483,0.009,0,0,0,0,v
2014-01-05 19:54,6.460,0.007,0,0,0,0,v
2014-01-05 20:00,6.461,0.006,0,0,0,0,v
2014-01-05 20:06,6.478,0.007,0,0,0,0,v
2014-01-05 20:12,6.479,0.007,0,0,0,0,v
2014-01-05 20:18,6.479,0.008,0,0,0,0,v
2014-01-05 20:24,6.472,0.008,0,0,0,0,v
2014-01-05 20:30,6.482,0.014,0,0,0,0,v
2014-01-05 20:36,6.505,0.010,0,0,0,0,v
2014-01-05 20:42,6.560,0.011,0,0,0,0,v
2014-01-05 20:48,6.552,0.005,0,0,0,0,v
2014-01-05 20:54,6.536,0.009,0,0,0,0,v
2014-01-05 21:00,6.537,0.005,0,0,0,0,v
2014-01-05 21:06,6.552,0.006,0,0,0,0,v
2014-01-05 21:12,6.578,0.006,0,0,0,0,v
2014-01-05 21:18,6.590,0.009,0,0,0,0,v
2014-01-05 21:24,6.593,0.007,0,0,0,0,v
2014-01-05 21:30,6.609,0.008,0,0,0,0,v
2014-01-05 21:36,6.647,0.007,0,0,0,0,v
2014-01-05 21:42,6.645,0.006,0,0,0,0,v
2014-01-05 21:48,6.668,0.009,0,0,0,0,v
2014-01-05 21:54,6.686,0.013,0,0,0,0,v
2014-01-05 22:00,6.701,0.006,0,0,0,0,v
2014-01-05 22:06,6.717,0.008,0,0,0,0,v
2014-01-05 22:12,6.735,0.006,0,0,0,0,v
2014-01-05 22:18,6.755,0.006,0,0,0,0,v
2014-01-05 22:24,6.756,0.008,0,0,0,0,v
2014-01-05 22:30,6.756,0.006,0,0,0,0,v
2014-01-05 22:36,6.772,0.006,0,0,0,0,v
2014-01-05 22:42,6.765,0.006,0,0,0,0,v
2014-01-05 22:48,6.761,0.006,0,0,0,0,v
2014-01-05 22:54,6.773,0.008,0,0,0,0,v
2014-01-05 23:00,6.809,0.007,0,0,0,0,v
2014-01-05 23:06,6.821,0.005,0,0,0,0,v
2014-01-05 23:12,6.805,0.005,0,0,0,0,v
2014-01-05 23:18,6.826,0.005,0,0,0,0,v
2014-01-05 23:24,6.835,0.005,0,0,0,0,v
2014-01-05 23:30,6.831,0.004,0,0,0,0,v
2014-01-05 23:36,6.849,0.005,0,0,0,0,v
2014-01-05 23:42,6.851,0.010,0,0,0,0,v
2014-01-05 23:48,6.852,0.007,0,0,0,0,v
2014-01-05 23:54,6.857,0.005,0,0,0,0,v
2014-01-06 00:00,6.867,0.005,0,0,0,0,v
2014-01-06 00:06,6.854,0.005,0,0,0,0,v
2014-01-06 00:12,6.870,0.006,0,0,0,0,v
2014-01-06 00:18,6.852,0.009,0,0,0,0,v
2014-01-06 00:24,6.820,0.006,0,0,0,0,v
2014-01-06 00:30,6.816,0.005,0,0,0,0,v
2014-01-06 00:36,6.814,0.006,0,0,0,0,v
2014-01-06 00:42,6.820,0.007,0,0,0,0,v
2014-01-06 00:48,6.798,0.006,0,0,0,0,v
2014-01-06 00:54,6.805,0.005,0,0,0,0,v
2014-01-06 01:00,6.825,0.006,0,0,0,0,v
2014-01-06 01:06,6.805,0.005,0,0,0,0,v
2014-01-06 01:12,6.793,0.004,0,0,0,0,v
2014-01-06 01:18,6.802,0.007,0,0,0,0,v
2014-01-06 01:24,6.793,0.005,0,0,0,0,v
2014-01-06 01:30,6.785,0.006,0,0,0,0,v
2014-01-06 01:36,6.785,0.005,0,0,0,0,v
2014-01-06 01:42,6.806,0.007,0,0,0,0,v
2014-01-06 01:48,6.790,0.006,0,0,0,0,v
2014-01-06 01:54,6.791,0.006,0,0,0,0,v
2014-01-06 02:00,6.791,0.005,0,0,0,0,v
2014-01-06 02:06,6.794,0.006,0,0,0,0,v
2014-01-06 02:12,6.825,0.006,0,0,0,0,v
2014-01-06 02:18,6.802,0.007,0,0,0,0,v
2014-01-06 02:24,6.780,0.008,0,0,0,0,v
2014-01-06 02:30,6.768,0.007,0,0,0,0,v
2014-01-06 02:36,6.783,0.005,0,0,0,0,v
2014-01-06 02:42,6.766,0.008,0,0,0,0,v
2014-01-06 02:48,6.753,0.007,0,0,0,0,v
2014-01-06 02:54,6.754,0.007,0,0,0,0,v
2014-01-06 03:00,6.767,0.005,0,0,0,0,v
2014-01-06 03:06,6.763,0.007,0,0,0,0,v
2014-01-06 03:12,6.737,0.010,0,0,0,0,v
2014-01-06 03:18,6.706,0.009,0,0,0,0,v
2014-01-06 03:24,6.708,0.005,0,0,0,0,v
2014-01-06 03:30,6.726,0.008,0,0,0,0,v
2014-01-06 03:36,6.713,0.008,0,0,0,0,v
2014-01-06 03:42,6.715,0.011,0,0,0,0,v
2014-01-06 03:48,6.710,0.007,0,0,0,0,v
2014-01-06 03:54,6.676,0.007,0,0,0,0,v
2014-01-06 04:00,6.706,0.008,0,0,0,0,v
2014-01-06 04:06,6.711,0.009,0,0,0,0,v
2014-01-06 04:12,6.708,0.010,0,0,0,0,v
2014-01-06 04:18,6.709,0.011,0,0,0,0,v
2014-01-06 04:24,6.721,0.006,0,0,0,0,v
2014-01-06 04:30,6.696,0.010,0,0,0,0,v
2014-01-06 04:36,6.709,0.006,0,0,0,0,v
2014-01-06 04:42,6.698,0.007,0,0,0,0,v
2014-01-06 04:48,6.689,0.008,0,0,0,0,v
2014-01-06 04:54,6.707,0.010,0,0,0,0,v
2014-01-06 05:00,6.680,0.009,0,0,0,0,v
2014-01-06 05:06,6.664,0.011,0,0,0,0,v
2014-01-06 05:12,6.650,0.007,0,0,0,0,v
2014-01-06 05:18,6.647,0.011,0,0,0,0,v
2014-01-06 05:24,6.630,0.008,0,0,0,0,v
2014-01-06 05:30,6.600,0.013,0,0,0,0,v
2014-01-06 05:36,6.605,0.010,0,0,0,0,v
2014-01-06 05:42,6.576,0.007,0,0,0,0,v
2014-01-06 05:48,6.593,0.009,0,0,0,0,v
2014-01-06 05:54,6.597,0.019,0,0,0,0,v
2014-01-06 06:00,6.584,0.009,0,0,0,0,v
2014-01-06 06:06,6.600,0.013,0,0,0,0,v
2014-01-06 06:12,6.612,0.016,0,0,0,0,v
2014-01-06 06:18,6.604,0.022,0,0,0,0,v
2014-01-06 06:24,6.568,0.011,0,0,0,0,v
2014-01-06 06:30,6.575,0.014,0,0,0,0,v
2014-01-06 06:36,6.549,0.016,0,0,0,0,v
2014-01-06 06:42,6.521,0.016,0,0,0,0,v
2014-01-06 06:48,6.535,0.020,0,0,0,0,v
2014-01-06 06:54,6.536,0.017,0,0,0,0,v
2014-01-06 07:00,6.512,0.009,0,0,0,0,v
2014-01-06 07:06,6.522,0.008,0,0,0,0,v
2014-01-06 07:12,6.547,0.015,0,0,0,0,v
2014-01-06 07:18,6.542,0.011,0,0,0,0,v
2014-01-06 07:24,6.536,0.012,0,0,0,0,v
2014-01-06 07:30,6.556,0.013,0,0,0,0,v
2014-01-06 07:36,6.530,0.012,0,0,0,0,v
2014-01-06 07:42,6.552,0.012,0,0,0,0,v
2014-01-06 07:48,6.552,0.010,0,0,0,0,v
2014-01-06 07:54,6.547,0.011,0,0,0,0,v
2014-01-06 08:00,6.559,0.012,0,0,0,0,v
2014-01-06 08:06,6.519,0.013,0,0,0,0,v
2014-01-06 08:12,6.555,0.018,0,0,0,0,v
2014-01-06 08:18,6.546,0.013,0,0,0,0,v
2014-01-06 08:24,6.542,0.010,0,0,0,0,v
2014-01-06 08:30,6.538,0.015,0,0,0,0,v
2014-01-06 08:36,6.537,0.012,0,0,0,0,v
2014-01-06 08:42,6.532,0.012,0,0,0,0,v
2014-01-06 08:48,6.525,0.019,0,0,0,0,v
2014-01-06 08:54,6.550,0.012,0,0,0,0,v
2014-01-06 09:00,6.533,0.013,0,0,0,0,v
2014-01-06 09:06,6.573,0.014,0,0,0,0,v
2014-01-06 09:12,6.575,0.013,0,0,0,0,v
2014-01-06 09:18,6.568,0.015,0,0,0,0,v
2014-01-06 09:24,6.543,0.020,0,0,0,0,v
2014-01-06 09:30,6.516,0.018,0,0,0,0,v
2014-01-06 09:36,6.535,0.013,0,0,0,0,v
2014-01-06 09:42,6.525,0.026,0,0,0,0,v
2014-01-06 09:48,6.551,0.012,0,0,0,0,v
2014-01-06 09:54,6.539,0.013,0,0,0,0,v
2014-01-06 10:00,6.510,0.015,0,0,0,0,v
2014-01-06 10:06,6.533,0.012,0,0,0,0,v
2014-01-06 10:12,6.547,0.021,0,0,0,0,v
2014-01-06 10:18,6.533,0.014,0,0,0,0,v
2014-01-06 10:24,6.552,0.010,0,0,0,0,v
2014-01-06 10:30,6.547,0.011,0,0,0,0,v
2014-01-06 10:36,6.527,0.015,0,0,0,0,v
2014-01-06 10:42,6.515,0.017,0,0,0,0,v
2014-01-06 10:48,6.526,0.012,0,0,0,0,v
2014-01-06 10:54,6.532,0.016,0,0,0,0,v
2014-01-06 11:00,6.533,0.012,0,0,0,0,v
2014-01-06 11:06,6.550,0.010,0,0,0,0,v
2014-01-06 11:12,6.564,0.020,0,0,0,0,v
2014-01-06 11:18,6.554,0.019,0,0,0,0,v
2014-01-06 11:24,6.558,0.026,0,0,0,0,v
2014-01-06 11:30,6.558,0.008,0,0,0,0,v
2014-01-06 11:36,6.555,0.013,0,0,0,0,v
2014-01-06 11:42,6.536,0.011,0,0,0,0,v
2014-01-06 11:48,6.537,0.020,0,0,0,0,v
2014-01-06 11:54,6.523,0.013,0,0,0,0,v
2014-01-06 12:00,6.517,0.011,0,0,0,0,v
2014-01-06 12:06,6.503,0.010,0,0,0,0,v
2014-01-06 12:12,6.506,0.020,0,0,0,0,v
2014-01-06 12:18,6.493,0.016,0,0,0,0,v
2014-01-06 12:24,6.486,0.010,0,0,0,0,v
2014-01-06 12:30,6.451,0.017,0,0,0,0,v
2014-01-06 12:36,6.455,0.010,0,0,0,0,v
2014-01-06 12:42,6.470,0.018,0,0,0,0,v
2014-01-06 12:48,6.477,0.010,0,0,0,0,v
2014-01-06 12:54,6.465,0.016,0,0,0,0,v
2014-01-06 13:00,6.475,0.011,0,0,0,0,v
2014-01-06 13:06,6.494,0.013,0,0,0,0,v
2014-01-06 13:12,6.511,0.012,0,0,0,0,v
2014-01-06 13:18,6.510,0.010,0,0,0,0,v
2014-01-06 13:24,6.500,0.010,0,0,0,0,v
2014-01-06 13:30,6.500,0.013,0,0,0,0,v
2014-01-06 13:36,6.503,0.020,0,0,0,0,v
2014-01-06 13:42,6.493,0.015,0,0,0,0,v
2014-01-06 13:48,6.493,0.014,0,0,0,0,v
2014-01-06 13:54,6.488,0.009,0,0,0,0,v
2014-01-06 14:00,6.469,0.013,0,0,0,0,v
2014-01-06 14:06,6.503,0.010,0,0,0,0,v
2014-01-06 14:12,6.472,0.012,0,0,0,0,v
2014-01-06 14:18,6.463,0.012,0,0,0,0,v
2014-01-06 14:24,6.478,0.012,0,0,0,0,v
2014-01-06 14:30,6.446,0.011,0,0,0,0,v
2014-01-06 14:36,6.420,0.017,0,0,0,0,v
2014-01-06 14:42,6.409,0.014,0,0,0,0,v
2014-01-06 14:48,6.407,0.011,0,0,0,0,v
2014-01-06 14:54,6.388,0.023,0,0,0,0,v
2014-01-06 15:00,6.384,0.014,0,0,0,0,v
2014-01-06 15:06,6.358,0.011,0,0,0,0,v
2014-01-06 15:12,6.341,0.012,0,0,0,0,v
2014-01-06 15:18,6.385,0.012,0,0,0,0,v
2014-01-06 15:24,6.390,0.008,0,0,0,0,v
2014-01-06 15:30,6.385,0.010,0,0,0,0,v
2014-01-06 15:36,6.367,0.013,0,0,0,0,v
2014-01-06 15:42,6.363,0.018,0,0,0,0,v
2014-01-06 15:48,6.398,0.010,0,0,0,0,v
2014-01-06 15:54,6.395,0.018,0,0,0,0,v
2014-01-06 16:00,6.374,0.014,0,0,0,0,v
2014-01-06 16:06,6.377,0.016,0,0,0,0,v
2014-01-06 16:12,6.361,0.009,0,0,0,0,v
2014-01-06 16:18,6.374,0.013,0,0,0,0,v
2014-01-06 16:24,6.363,0.018,0,0,0,0,v
2014-01-06 16:30,6.374,0.015,0,0,0,0,v
2014-01-06 16:36,6.332,0.012,0,0,0,0,v
2014-01-06 16:42,6.350,0.017,0,0,0,0,v
2014-01-06 16:48,6.344,0.014,0,0,0,0,v
2014-01-06 16:54,6.340,0.018,0,0,0,0,v
2014-01-06 17:00,6.378,0.010,0,0,0,0,v
2014-01-06 17:06,6.332,0.011,0,0,0,0,v
2014-01-06 17:12,6.315,0.011,0,0,0,0,v
2014-01-06 17:18,6.275,0.013,0,0,0,0,v
2014-01-06 17:24,6.260,0.015,0,0,0,0,v
2014-01-06 17:30,6.270,0.016,0,0,0,0,v
2014-01-06 17:36,6.279,0.020,0,0,0,0,v
2014-01-06 17:42,6.306,0.017,0,0,0,0,v
2014-01-06 17:48,6.295,0.016,0,0,0,0,v
2014-01-06 17:54,6.301,0.011,0,0,0,0,v
2014-01-06 18:00,6.285,0.019,0,0,0,0,v
2014-01-06 18:06,6.298,0.017,0,0,0,0,v
2014-01-06 18:12,6.270,0.014,0,0,0,0,v
2014-01-06 18:18,6.281,0.015,0,0,0,0,v
2014-01-06 18:24,6.288,0.016,0,0,0,0,v
2014-01-06 18:30,6.262,0.015,0,0,0,0,v
2014-01-06 18:36,6.264,0.018,0,0,0,0,v
2014-01-06 18:42,6.272,0.013,0,0,0,0,v
2014-01-06 18:48,6.290,0.017,0,0,0,0,v
2014-01-06 18:54,6.255,0.011,0,0,0,0,v
2014-01-06 19:00,6.261,0.011,0,0,0,0,v
2014-01-06 19:06,6.267,0.012,0,0,0,0,v
2014-01-06 19:12,6.272,0.020,0,0,0,0,v
2014-01-06 19:18,6.283,0.016,0,0,0,0,v
2014-01-06 19:24,6.341,0.021,0,0,0,0,v
2014-01-06 19:30,6.350,0.012,0,0,0,0,v
2014-01-06 19:36,6.357,0.020,0,0,0,0,v
2014-01-06 19:42,6.397,0.012,0,0,0,0,v
2014-01-06 19:48,6.329,0.020,0,0,0,0,v
2014-01-06 19:54,6.314,0.018,0,0,0,0,v
2014-01-06 20:00,6.328,0.014,0,0,0,0,v
2014-01-06 20:06,6.336,0.015,0,0,0,0,v
2014-01-06 20:12,6.337,0.015,0,0,0,0,v
2014-01-06 20:18,6.333,0.020,0,0,0,0,v
2014-01-06 20:24,6.337,0.022,0,0,0,0,v
2014-01-06 20:30,6.301,0.020,0,0,0,0,v
2014-01-06 20:36,6.260,0.013,0,0,0,0,v
2014-01-06 20:42,6.338,0.015,0,0,0,0,v
2014-01-06 20:48,6.345,0.015,0,0,0,0,v
2014-01-06 20:54,6.336,0.010,0,0,0,0,v
2014-01-06 21:00,6.360,0.018,0,0,0,0,v
2014-01-06 21:06,6.354,0.011,0,0,0,0,v
2014-01-06 21:12,6.345,0.015,0,0,0,0,v
2014-01-06 21:18,6.363,0.010,0,0,0,0,v
2014-01-06 21:24,6.370,0.017,0,0,0,0,v
2014-01-06 21:30,6.358,0.014,0,0,0,0,v
2014-01-06 21:36,6.340,0.018,0,0,0,0,v
2014-01-06 21:42,6.358,0.018,0,0,0,0,v
2014-01-06 21:48,6.382,0.018,0,0,0,0,v
2014-01-06 21:54,6.355,0.014,0,0,0,0,v
2014-01-06 22:00,6.383,0.028,0,0,0,0,v
2014-01-06 22:06,6.439,0.013,0,0,0,0,v
2014-01-06 22:12,6.421,0.022,0,0,0,0,v
2014-01-06 22:18,6.436,0.020,0,0,0,0,v
2014-01-06 22:24,6.451,0.023,0,0,0,0,v
2014-01-06 22:30,6.429,0.013,0,0,0,0,v
2014-01-06 22:36,6.446,0.017,0,0,0,0,v
2014-01-06 22:42,6.458,0.014,0,0,0,0,v
2014-01-06 22:48,6.459,0.018,0,0,0,0,v
2014-01-06 22:54,6.432,0.014,0,0,0,0,v
2014-01-06 23:00,6.500,0.018,0,0,0,0,v
2014-01-06 23:06,6.504,0.016,0,0,0,0,v
2014-01-06 23:12,6.501,0.016,0,0,0,0,v
2014-01-06 23:18,6.479,0.025,0,0,0,0,v
2014-01-06 23:24,6.501,0.015,0,0,0,0,v
2014-01-06 23:30,6.528,0.022,0,0,0,0,v
2014-01-06 23:36,6.502,0.025,0,0,0,0,v
2014-01-06 23:42,6.528,0.016,0,0,0,0,v
2014-01-06 23:48,6.488,0.023,0,0,0,0,v
2014-01-06 23:54,6.525,0.013,0,0,0,0,v
2014-01-07 00:00,6.516,0.017,0,0,0,0,v
2014-01-07 00:06,6.516,0.015,0,0,0,0,v
2014-01-07 00:12,6.518,0.015,0,0,0,0,v
2014-01-07 00:18,6.518,0.027,0,0,0,0,v
2014-01-07 00:24,6.482,0.011,0,0,0,0,v
2014-01-07 00:30,6.534,0.014,0,0,0,0,v
2014-01-07 00:36,6.530,0.011,0,0,0,0,v
2014-01-07 00:42,6.544,0.023,0,0,0,0,v
2014-01-07 00:48,6.553,0.017,0,0,0,0,v
2014-01-07 00:54,6.536,0.014,0,0,0,0,v
2014-01-07 01:00,6.529,0.011,0,0,0,0,v
2014-01-07 01:06,6.547,0.016,0,0,0,0,v
2014-01-07 01:12,6.511,0.011,0,0,0,0,v
2014-01-07 01:18,6.508,0.012,0,0,0,0,v
2014-01-07 01:24,6.530,0.013,0,0,0,0,v
2014-01-07 01:30,6.528,0.010,0,0,0,0,v
2014-01-07 01:36,6.548,0.011,0,0,0,0,v
2014-01-07 01:42,6.515,0.026,0,0,0,0,v
2014-01-07 01:48,6.523,0.018,0,0,0,0,v
2014-01-07 01:54,6.528,0.012,0,0,0,0,v
2014-01-07 02:00,6.529,0.012,0,0,0,0,v
2014-01-07 02:06,6.524,0.011,0,0,0,0,v
2014-01-07 02:12,6.507,0.017,0,0,0,0,v
2014-01-07 02:18,6.524,0.020,0,0,0,0,v
2014-01-07 02:24,6.519,0.017,0,0,0,0,v
2014-01-07 02:30,6.553,0.016,0,0,0,0,v
2014-01-07 02:36,6.582,0.020,0,0,0,0,v
2014-01-07 02:42,6.590,0.016,0,0,0,0,v
2014-01-07 02:48,6.553,0.015,0,0,0,0,v
2014-01-07 02:54,6.540,0.011,0,0,0,0,v
2014-01-07 03:00,6.540,0.014,0,0,0,0,v
2014-01-07 03:06,6.551,0.011,0,0,0,0,v
2014-01-07 03:12,6.561,0.010,0,0,0,0,v
2014-01-07 03:18,6.493,0.019,0,0,0,0,v
2014-01-07 03:24,6.514,0.014,0,0,0,0,v
2014-01-07 03:30,6.538,0.025,0,0,0,0,v
2014-01-07 03:36,6.497,0.027,0,0,0,0,v
2014-01-07 03:42,6.504,0.016,0,0,0,0,v
2014-01-07 03:48,6.464,0.013,0,0,0,0,v
2014-01-07 03:54,6.470,0.024,0,0,0,0,v
2014-01-07 04:00,6.459,0.010,0,0,0,0,v
2014-01-07 04:06,6.443,0.012,0,0,0,0,v
2014-01-07 04:12,6.414,0.014,0,0,0,0,v
2014-01-07 04:18,6.412,0.014,0,0,0,0,v
2014-01-07 04:24,6.406,0.013,0,0,0,0,v
2014-01-07 04:30,6.414,0.018,0,0,0,0,v
2014-01-07 04:36,6.406,0.019,0,0,0,0,v
2014-01-07 04:42,6.382,0.011,0,0,0,0,v
2014-01-07 04:48,6.407,0.016,0,0,0,0,v
2014-01-07 04:54,6.387,0.017,0,0,0,0,v
2014-01-07 05:00,6.408,0.009,0,0,0,0,v
2014-01-07 05:06,6.417,0.016,0,0,0,0,v
2014-01-07 05:12,6.457,0.014,0,0,0,0,v
2014-01-07 05:18,6.388,0.015,0,0,0,0,v
2014-01-07 05:24,6.360,0.011,0,0,0,0,v
2014-01-07 05:30,6.411,0.017,0,0,0,0,v
2014-01-07 05:36,6.403,0.014,0,0,0,0,v
2014-01-07 05:42,6.404,0.008,0,0,0,0,v
2014-01-07 05:48,6.378,0.017,0,0,0,0,v
2014-01-07 05:54,6.406,0.017,0,0,0,0,v
2014-01-07 06:00,6.361,0.013,0,0,0,0,v
2014-01-07 06:06,6.405,0.020,0,0,0,0,v
2014-01-07 06:12,6.463,0.016,0,0,0,0,v
2014-01-07 06:18,6.443,0.013,0,0,0,0,v
2014-01-07 06:24,6.453,0.030,0,0,0,0,v
2014-01-07 06:30,6.415,0.021,0,0,0,0,v
2014-01-07 06:36,6.400,0.012,0,0,0,0,v
2014-01-07 06:42,6.365,0.015,0,0,0,0,v
2014-01-07 06:48,6.370,0.014,0,0,0,0,v
2014-01-07 06:54,6.369,0.017,0,0,0,0,v
2014-01-07 07:00,6.440,0.015,0,0,0,0,v
2014-01-07 07:06,6.401,0.022,0,0,0,0,v
2014-01-07 07:12,6.350,0.016,0,0,0,0,v
2014-01-07 07:18,6.360,0.016,0,0,0,0,v
2014-01-07 07:24,6.403,0.015,0,0,0,0,v
2014-01-07 07:30,6.389,0.011,0,0,0,0,v
2014-01-07 07:36,6.392,0.018,0,0,0,0,v
2014-01-07 07:42,6.340,0.017,0,0,0,0,v
2014-01-07 07:48,6.334,0.016,0,0,0,0,v
2014-01-07 07:54,6.384,0.014,0,0,0,0,v
2014-01-07 08:00,6.371,0.015,0,0,0,0,v
2014-01-07 08:06,6.388,0.017,0,0,0,0,v
2014-01-07 08:12,6.357,0.012,0,0,0,0,v
2014-01-07 08:18,6.358,0.012,0,0,0,0,v
2014-01-07 08:24,6.355,0.013,0,0,0,0,v
2014-01-07 08:30,6.327,0.013,0,0,0,0,v
2014-01-07 08:36,6.371,0.016,0,0,0,0,v
2014-01-07 08:42,6.398,0.013,0,0,0,0,v
2014-01-07 08:48,6.435,0.008,0,0,0,0,v
2014-01-07 08:54,6.426,0.010,0,0,0,0,v
2014-01-07 09:00,6.435,0.014,0,0,0,0,v
2014-01-07 09:06,6.425,0.010,0,0,0,0,v
2014-01-07 09:12,6.418,0.013,0,0,0,0,v
2014-01-07 09:18,6.443,0.019,0,0,0,0,v
2014-01-07 09:24,6.477,0.011,0,0,0,0,v
2014-01-07 09:30,6.407,0.010,0,0,0,0,v
2014-01-07 09:36,6.446,0.019,0,0,0,0,v
2014-01-07 09:42,6.471,0.021,0,0,0,0,v
2014-01-07 09:48,6.433,0.008,0,0,0,0,v
2014-01-07 09:54,6.424,0.012,0,0,0,0,v
2014-01-07 10:00,6.448,0.014,0,0,0,0,v
2014-01-07 10:06,6.476,0.009,0,0,0,0,v
2014-01-07 10:12,6.444,0.012,0,0,0,0,v
2014-01-07 10:18,6.464,0.013,0,0,0,0,v
2014-01-07 10:24,6.436,0.010,0,0,0,0,v
2014-01-07 10:30,6.415,0.011,0,0,0,0,v
2014-01-07 10:36,6.488,0.007,0,0,0,0,v
2014-01-07 10:42,6.468,0.011,0,0,0,0,v
2014-01-07 10:48,6.464,0.011,0,0,0,0,v
2014-01-07 10:54,6.463,0.008,0,0,0,0,v
2014-01-07 11:00,6.488,0.009,0,0,0,0,v
2014-01-07 11:06,6.471,0.013,0,0,0,0,v
2014-01-07 11:12,6.486,0.008,0,0,0,0,v
2014-01-07 11:18,6.487,0.008,0,0,0,0,v
2014-01-07 11:24,6.491,0.009,0,0,0,0,v
2014-01-07 11:30,6.486,0.008,0,0,0,0,v
2014-01-07 11:36,6.480,0.013,0,0,0,0,v
2014-01-07 11:42,6.508,0.006,0,0,0,0,v
2014-01-07 11:48,6.509,0.011,0,0,0,0,v
2014-01-07 11:54,6.522,0.017,0,0,0,0,v
2014-01-07 12:00,6.533,0.008,0,0,0,0,v
2014-01-07 12:06,6.518,0.010,0,0,0,0,v
2014-01-07 12:12,6.520,0.009,0,0,0,0,v
2014-01-07 12:18,6.530,0.011,0,0,0,0,v
2014-01-07 12:24,6.532,0.012,0,0,0,0,v
2014-01-07 12:30,6.563,0.009,0,0,0,0,v
2014-01-07 12:36,6.562,0.008,0,0,0,0,v
2014-01-07 12:42,6.535,0.008,0,0,0,0,v
2014-01-07 12:48,6.563,0.008,0,0,0,0,v
2014-01-07 12:54,6.549,0.008,0,0,0,0,v
2014-01-07 13:00,6.568,0.011,0,0,0,0,v
2014-01-07 13:06,6.594,0.006,0,0,0,0,v
2014-01-07 13:12,6.599,0.011,0,0,0,0,v
2014-01-07 13:18,6.605,0.006,0,0,0,0,v
2014-01-07 13:24,6.597,0.016,0,0,0,0,v
2014-01-07 13:30,6.589,0.016,0,0,0,0,v
2014-01-07 13:36,6.577,0.006,0,0,0,0,v
2014-01-07 13:42,6.596,0.020,0,0,0,0,v
2014-01-07 13:48,6.605,0.008,0,0,0,0,v
2014-01-07 13:54,6.601,0.008,0,0,0,0,v
2014-01-07 14:00,6.564,0.006,0,0,0,0,v
2014-01-07 14:06,6.583,0.015,0,0,0,0,v
2014-01-07 14:12,6.577,0.015,0,0,0,0,v
2014-01-07 14:18,6.609,0.008,0,0,0,0,v
2014-01-07 14:24,6.595,0.010,0,0,0,0,v
2014-01-07 14:30,6.569,0.010,0,0,0,0,v
2014-01-07 14:36,6.573,0.013,0,0,0,0,v
2014-01-07 14:42,6.581,0.012,0,0,0,0,v
2014-01-07 14:48,6.567,0.010,0,0,0,0,v
2014-01-07 14:54,6.563,0.013,0,0,0,0,v
2014-01-07 15:00,6.541,0.010,0,0,0,0,v
2014-01-07 15:06,6.522,0.010,0,0,0,0,v
2014-01-07 15:12,6.569,0.009,0,0,0,0,v
2014-01-07 15:18,6.567,0.007,0,0,0,0,v
2014-01-07 15:24,6.592,0.011,0,0,0,0,v
2014-01-07 15:30,6.588,0.010,0,0,0,0,v
2014-01-07 15:36,6.591,0.011,0,0,0,0,v
2014-01-07 15:42,6.559,0.007,0,0,0,0,v
2014-01-07 15:48,6.579,0.006,0,0,0,0,v
2014-01-07 15:54,6.570,0.007,0,0,0,0,v
2014-01-07 16:00,6.542,0.007,0,0,0,0,v
2014-01-07 16:06,6.557,0.009,0,0,0,0,v
2014-01-07 16:12,6.564,0.013,0,0,0,0,v
2014-01-07 16:18,6.573,0.008,0,0,0,0,v
2014-01-07 16:24,6.574,0.011,0,0,0,0,v
2014-01-07 16:30,6.548,0.008,0,0,0,0,v
2014-01-07 16:36,6.562,0.007,0,0,0,0,v
2014-01-07 16:42,6.558,0.006,0,0,0,0,v
2014-01-07 16:48,6.568,0.010,0,0,0,0,v
2014-01-07 16:54,6.566,0.010,0,0,0,0,v
2014-01-07 17:00,6.570,0.010,0,0,0,0,v
2014-01-07 17:06,6.561,0.008,0,0,0,0,v
2014-01-07 17:12,6.548,0.009,0,0,0,0,v
2014-01-07 17:18,6.582,0.010,0,0,0,0,v
2014-01-07 17:24,6.574,0.013,0,0,0,0,v
2014-01-07 17:30,6.562,0.010,0,0,0,0,v
2014-01-07 17:36,6.507,0.013,0,0,0,0,v
2014-01-07 17:42,6.514,0.007,0,0,0,0,v
2014-01-07 17:48,6.547,0.008,0,0,0,0,v
2014-01-07 17:54,6.565,0.007,0,0,0,0,v
2014-01-07 18:00,6.528,0.008,0,0,0,0,v
2014-01-07 18:06,6.529,0.009,0,0,0,0,v
2014-01-07 18:12,6.539,0.008,0,0,0,0,v
2014-01-07 18:18,6.525,0.009,0,0,0,0,v
2014-01-07 18:24,6.512,0.009,0,0,0,0,v
2014-01-07 18:30,6.509,0.011,0,0,0,0,v
2014-01-07 18:36,6.505,0.010,0,0,0,0,v
2014-01-07 18:42,6.505,0.010,0,0,0,0,v
2014-01-07 18:48,6.520,0.009,0,0,0,0,v
2014-01-07 18:54,6.529,0.007,0,0,0,0,v
2014-01-07 19:00,6.507,0.008,0,0,0,0,v
2014-01-07 19:06,6.525,0.006,0,0,0,0,v
2014-01-07 19:12,6.532,0.006,0,0,0,0,v
2014-01-07 19:18,6.537,0.005,0,0,0,0,v
2014-01-07 19:24,6.531,0.009,0,0,0,0,v
2014-01-07 19:30,6.509,0.010,0,0,0,0,v
2014-01-07 19:36,6.494,0.011,0,0,0,0,v
2014-01-07 19:42,6.505,0.007,0,0,0,0,v
2014-01-07 19:48,6.486,0.009,0,0,0,0,v
2014-01-07 19:54,6.488,0.009,0,0,0,0,v
2014-01-07 20:00,6.500,0.006,0,0,0,0,v
2014-01-07 20:06,6.501,0.013,0,0,0,0,v
2014-01-07 20:12,6.468,0.008,0,0,0,0,v
2014-01-07 20:18,6.492,0.009,0,0,0,0,v
2014-01-07 20:24,6.516,0.011,0,0,0,0,v
2014-01-07 20:30,6.540,0.009,0,0,0,0,v
2014-01-07 20:36,6.539,0.004,0,0,0,0,v
2014-01-07 20:42,6.528,0.011,0,0,0,0,v
2014-01-07 20:48,6.556,0.007,0,0,0,0,v
2014-01-07 20:54,6.565,0.008,0,0,0,0,v
2014-01-07 21:00,6.548,0.006,0,0,0,0,v
2014-01-07 21:06,6.573,0.008,0,0,0,0,v
2014-01-07 21:12,6.561,0.007,0,0,0,0,v
2014-01-07 21:18,6.538,0.007,0,0,0,0,v
2014-01-07 21:24,6.570,0.008,0,0,0,0,v
2014-01-07 21:30,6.581,0.009,0,0,0,0,v
2014-01-07 21:36,6.596,0.011,0,0,0,0,v
2014-01-07 21:42,6.578,0.011,0,0,0,0,v
2014-01-07 21:48,6.570,0.011,0,0,0,0,v
2014-01-07 21:54,6.560,0.009,0,0,0,0,v
2014-01-07 22:00,6.571,0.006,0,0,0,0,v
2014-01-07 22:06,6.579,0.008,0,0,0,0,v
2014-01-07 22:12,6.597,0.008,0,0,0,0,v
2014-01-07 22:18,6.582,0.007,0,0,0,0,v
2014-01-07 22:24,6.580,0.007,0,0,0,0,v
2014-01-07 22:30,6.602,0.007,0,0,0,0,v
2014-01-07 22:36,6.601,0.015,0,0,0,0,v
2014-01-07 22:42,6.571,0.010,0,0,0,0,v
2014-01-07 22:48,6.583,0.007,0,0,0,0,v
2014-01-07 22:54,6.592,0.009,0,0,0,0,v
2014-01-07 23:00,6.585,0.008,0,0,0,0,v
2014-01-07 23:06,6.617,0.007,0,0,0,0,v
2014-01-07 23:12,6.615,0.007,0,0,0,0,v
2014-01-07 23:18,6.619,0.008,0,0,0,0,v
2014-01-07 23:24,6.596,0.008,0,0,0,0,v
2014-01-07 23:30,6.600,0.008,0,0,0,0,v
2014-01-07 23:36,6.606,0.011,0,0,0,0,v
2014-01-07 23:42,6.598,0.008,0,0,0,0,v
2014-01-07 23:48,6.621,0.009,0,0,0,0,v
2014-01-07 23:54,6.628,0.006,0,0,0,0,v
2014-01-08 00:00,6.645,0.007,0,0,0,0,v
2014-01-08 00:06,6.643,0.007,0,0,0,0,v
2014-01-08 00:12,6.650,0.008,0,0,0,0,v
2014-01-08 00:18,6.657,0.005,0,0,0,0,v
2014-01-08 00:24,6.642,0.007,0,0,0,0,v
2014-01-08 00:30,6.645,0.007,0,0,0,0,v
2014-01-08 00:36,6.672,0.006,0,0,0,0,v
2014-01-08 00:42,6.672,0.008,0,0,0,0,v
2014-01-08 00:48,6.681,0.006,0,0,0,0,v
2014-01-08 00:54,6.642,0.012,0,0,0,0,v
2014-01-08 01:00,6.657,0.005,0,0,0,0,v
2014-01-08 01:06,6.645,0.005,0,0,0,0,v
2014-01-08 01:12,6.638,0.005,0,0,0,0,v
2014-01-08 01:18,6.628,0.006,0,0,0,0,v
2014-01-08 01:24,6.651,0.005,0,0,0,0,v
2014-01-08 01:30,6.623,0.012,0,0,0,0,v
2014-01-08 01:36,6.636,0.008,0,0,0,0,v
2014-01-08 01:42,6.614,0.007,0,0,0,0,v
2014-01-08 01:48,6.624,0.010,0,0,0,0,v
2014-01-08 01:54,6.630,0.006,0,0,0,0,v
2014-01-08 02:00,6.612,0.013,0,0,0,0,v
2014-01-08 02:06,6.608,0.011,0,0,0,0,v
2014-01-08 02:12,6.608,0.010,0,0,0,0,v
2014-01-08 02:18,6.603,0.008,0,0,0,0,v
2014-01-08 02:24,6.607,0.011,0,0,0,0,v
2014-01-08 02:30,6.632,0.006,0,0,0,0,v
2014-01-08 02:36,6.614,0.008,0,0,0,0,v
2014-01-08 02:42,6.654,0.006,0,0,0,0,v
2014-01-08 02:48,6.636,0.008,0,0,0,0,v
2014-01-08 02:54,6.646,0.005,0,0,0,0,v
2014-01-08 03:00,6.638,0.005,0,0,0,0,v
2014-01-08 03:06,6.642,0.011,0,0,0,0,v
2014-01-08 03:12,6.619,0.006,0,0,0,0,v
2014-01-08 03:18,6.631,0.007,0,0,0,0,v
2014-01-08 03:24,6.651,0.011,0,0,0,0,v
2014-01-08 03:30,6.656,0.007,0,0,0,0,v
2014-01-08 03:36,6.637,0.008,0,0,0,0,v
2014-01-08 03:42,6.625,0.008,0,0,0,0,v
2014-01-08 03:48,6.606,0.007,0,0,0,0,v
2014-01-08 03:54,6.620,0.009,0,0,0,0,v
2014-01-08 04:00,6.620,0.008,0,0,0,0,v
2014-01-08 04:06,6.613,0.008,0,0,0,0,v
2014-01-08 04:12,6.609,0.009,0,0,0,0,v
2014-01-08 04:18,6.598,0.008,0,0,0,0,v
2014-01-08 04:24,6.591,0.010,0,0,0,0,v
2014-01-08 04:30,6.599,0.008,0,0,0,0,v
2014-01-08 04:36,6.605,0.007,0,0,0,0,v
2014-01-08 04:42,6.578,0.010,0,0,0,0,v
2014-01-08 04:48,6.549,0.009,0,0,0,0,v
2014-01-08 04:54,6.552,0.009,0,0,0,0,v
2014-01-08 05:00,6.557,0.007,0,0,0,0,v
2014-01-08 05:06,6.551,0.011,0,0,0,0,v
2014-01-08 05:12,6.554,0.008,0,0,0,0,v
2014-01-08 05:18,6.543,0.009,0,0,0,0,v
2014-01-08 05:24,6.515,0.014,0,0,0,0,v
2014-01-08 05:30,6.495,0.007,0,0,0,0,v
2014-01-08 05:36,6.508,0.010,0,0,0,0,v
2014-01-08 05:42,6.507,0.010,0,0,0,0,v
2014-01-08 05:48,6.516,0.008,0,0,0,0,v
2014-01-08 05:54,6.482,0.010,0,0,0,0,v
2014-01-08 06:00,6.455,0.009,0,0,0,0,v
2014-01-08 06:06,6.464,0.007,0,0,0,0,v
2014-01-08 06:12,6.462,0.009,0,0,0,0,v
2014-01-08 06:18,6.460,0.008,0,0,0,0,v
2014-01-08 06:24,6.456,0.010,0,0,0,0,v
2014-01-08 06:30,6.439,0.008,0,0,0,0,v
2014-01-08 06:36,6.428,0.011,0,0,0,0,v
2014-01-08 06:42,6.431,0.008,0,0,0,0,v
2014-01-08 06:48,6.443,0.013,0,0,0,0,v
2014-01-08 06:54,6.455,0.009,0,0,0,0,v
2014-01-08 07:00,6.454,0.008,0,0,0,0,v
2014-01-08 07:06,6.434,0.008,0,0,0,0,v
2014-01-08 07:12,6.419,0.008,0,0,0,0,v
2014-01-08 07:18,6.412,0.008,0,0,0,0,v
2014-01-08 07:24,6.422,0.009,0,0,0,0,v
2014-01-08 07:30,6.382,0.010,0,0,0,0,v
2014-01-08 07:36,6.389,0.008,0,0,0,0,v
2014-01-08 07:42,6.395,0.009,0,0,0,0,v
2014-01-08 07:48,6.395,0.012,0,0,0,0,v
2014-01-08 07:54,6.395,0.009,0,0,0,0,v
2014-01-08 08:00,6.397,0.009,0,0,0,0,v
2014-01-08 08:06,6.420,0.012,0,0,0,0,v
2014-01-08 08:12,6.405,0.007,0,0,0,0,v
2014-01-08 08:18,6.423,0.009,0,0,0,0,v
2014-01-08 08:24,6.410,0.010,0,0,0,0,v
2014-01-08 08:30,6.397,0.008,0,0,0,0,v
2014-01-08 08:36,6.384,0.009,0,0,0,0,v
2014-01-08 08:42,6.374,0.008,0,0,0,0,v
2014-01-08 08:48,6.376,0.009,0,0,0,0,v
2014-01-08 08:54,6.396,0.012,0,0,0,0,v
2014-01-08 09:00,6.407,0.009,0,0,0,0,v
2014-01-08 09:06,6.382,0.011,0,0,0,0,v
2014-01-08 09:12,6.394,0.011,0,0,0,0,v
2014-01-08 09:18,6.404,0.010,0,0,0,0,v
2014-01-08 09:24,6.404,0.009,0,0,0,0,v
2014-01-08 09:30,6.392,0.013,0,0,0,0,v
2014-01-08 09:36,6.371,0.016,0,0,0,0,v
2014-01-08 09:42,6.393,0.011,0,0,0,0,v
2014-01-08 09:48,6.402,0.010,0,0,0,0,v
2014-01-08 09:54,6.426,0.012,0,0,0,0,v
2014-01-08 10:00,6.434,0.012,0,0,0,0,v
2014-01-08 10:06,6.430,0.016,0,0,0,0,v
2014-01-08 10:12,6.427,0.010,0,0,0,0,v
2014-01-08 10:18,6.417,0.010,0,0,0,0,v
2014-01-08 10:24,6.410,0.010,0,0,0,0,v
2014-01-08 10:30,6.417,0.009,0,0,0,0,v
2014-01-08 10:36,6.420,0.009,0,0,0,0,v
2014-01-08 10:42,6.435,0.009,0,0,0,0,v
2014-01-08 10:48,6.438,0.009,0,0,0,0,v
2014-01-08 10:54,6.449,0.009,0,0,0,0,v
2014-01-08 11:00,6.451,0.013,0,0,0,0,v
2014-01-08 11:06,6.460,0.009,0,0,0,0,v
2014-01-08 11:12,6.463,0.010,0,0,0,0,v
2014-01-08 11:18,6.441,0.015,0,0,0,0,v
2014-01-08 11:24,6.459,0.012,0,0,0,0,v
2014-01-08 11:30,6.466,0.012,0,0,0,0,v
2014-01-08 11:36,6.463,0.010,0,0,0,0,v
2014-01-08 11:42,6.496,0.011,0,0,0,0,v
2014-01-08 11:48,6.477,0.010,0,0,0,0,v
2014-01-08 11:54,6.486,0.014,0,0,0,0,v
2014-01-08 12:00,6.507,0.011,0,0,0,0,v
2014-01-08 12:06,6.511,0.010,0,0,0,0,v
2014-01-08 12:12,6.547,0.015,0,0,0,0,v
2014-01-08 12:18,6.545,0.012,0,0,0,0,v
2014-01-08 12:24,6.532,0.014,0,0,0,0,v
2014-01-08 12:30,6.537,0.012,0,0,0,0,v
2014-01-08 12:36,6.543,0.011,0,0,0,0,v
2014-01-08 12:42,6.547,0.014,0,0,0,0,v
2014-01-08 12:48,6.564,0.015,0,0,0,0,v
2014-01-08 12:54,6.557,0.011,0,0,0,0,v
2014-01-08 13:00,6.555,0.012,0,0,0,0,v
2014-01-08 13:06,6.566,0.013,0,0,0,0,v
2014-01-08 13:12,6.585,0.011,0,0,0,0,v
2014-01-08 13:18,6.602,0.017,0,0,0,0,v
2014-01-08 13:24,6.619,0.010,0,0,0,0,v
2014-01-08 13:30,6.624,0.013,0,0,0,0,v
2014-01-08 13:36,6.629,0.013,0,0,0,0,v
2014-01-08 13:42,6.637,0.013,0,0,0,0,v
2014-01-08 13:48,6.637,0.010,0,0,0,0,v
2014-01-08 13:54,6.636,0.019,0,0,0,0,v
2014-01-08 14:00,6.651,0.019,0,0,0,0,v
2014-01-08 14:06,6.640,0.011,0,0,0,0,v
2014-01-08 14:12,6.645,0.013,0,0,0,0,v
2014-01-08 14:18,6.637,0.021,0,0,0,0,v
2014-01-08 14:24,6.666,0.017,0,0,0,0,v
2014-01-08 14:30,6.663,0.015,0,0,0,0,v
2014-01-08 14:36,6.682,0.010,0,0,0,0,v
2014-01-08 14:42,6.685,0.013,0,0,0,0,v
2014-01-08 14:48,6.686,0.010,0,0,0,0,v
2014-01-08 14:54,6.701,0.016,0,0,0,0,v
2014-01-08 15:00,6.717,0.009,0,0,0,0,v
2014-01-08 15:06,6.702,0.016,0,0,0,0,v
2014-01-08 15:12,6.724,0.013,0,0,0,0,v
2014-01-08 15:18,6.714,0.011,0,0,0,0,v
2014-01-08 15:24,6.713,0.011,0,0,0,0,v
2014-01-08 15:30,6.725,0.012,0,0,0,0,v
2014-01-08 15:36,6.713,0.012,0,0,0,0,v
2014-01-08 15:42,6.732,0.011,0,0,0,0,v
2014-01-08 15:48,6.722,0.015,0,0,0,0,v
2014-01-08 15:54,6.756,0.013,0,0,0,0,v
2014-01-08 16:00,6.741,0.011,0,0,0,0,v
2014-01-08 16:06,6.756,0.026,0,0,0,0,v
2014-01-08 16:12,6.751,0.013,0,0,0,0,v
2014-01-08 16:18,6.753,0.017,0,0,0,0,v
2014-01-08 16:24,6.736,0.015,0,0,0,0,v
2014-01-08 16:30,6.741,0.023,0,0,0,0,v
2014-01-08 16:36,6.758,0.018,0,0,0,0,v
2014-01-08 16:42,6.746,0.013,0,0,0,0,v
2014-01-08 16:48,6.734,0.014,0,0,0,0,v
2014-01-08 16:54,6.743,0.018,0,0,0,0,v
2014-01-08 17:00,6.746,0.024,0,0,0,0,v
2014-01-08 17:06,6.752,0.011,0,0,0,0,v
2014-01-08 17:12,6.738,0.013,0,0,0,0,v
2014-01-08 17:18,6.755,0.016,0,0,0,0,v
2014-01-08 17:24,6.733,0.016,0,0,0,0,v
2014-01-08 17:30,6.732,0.017,0,0,0,0,v
2014-01-08 17:36,6.740,0.011,0,0,0,0,v
2014-01-08 17:42,6.741,0.015,0,0,0,0,v
2014-01-08 17:48,6.740,0.011,0,0,0,0,v
2014-01-08 17:54,6.742,0.021,0,0,0,0,v
2014-01-08 18:00,6.740,0.012,0,0,0,0,v
2014-01-08 18:06,6.743,0.014,0,0,0,0,v
2014-01-08 18:12,6.755,0.016,0,0,0,0,v
2014-01-08 18:18,6.729,0.016,0,0,0,0,v
2014-01-08 18:24,6.719,0.021,0,0,0,0,v
2014-01-08 18:30,6.737,0.013,0,0,0,0,v
2014-01-08 18:36,6.719,0.026,0,0,0,0,v
2014-01-08 18:42,6.745,0.022,0,0,0,0,v
2014-01-08 18:48,6.763,0.025,0,0,0,0,v
2014-01-08 18:54,6.767,0.018,0,0,0,0,v
2014-01-08 19:00,6.773,0.016,0,0,0,0,v
2014-01-08 19:06,6.766,0.015,0,0,0,0,v
2014-01-08 19:12,6.779,0.025,0,0,0,0,v
2014-01-08 19:18,6.761,0.014,0,0,0,0,v
2014-01-08 19:24,6.768,0.014,0,0,0,0,v
2014-01-08 19:30,6.770,0.012,0,0,0,0,v
2014-01-08 19:36,6.764,0.016,0,0,0,0,v
2014-01-08 19:42,6.780,0.018,0,0,0,0,v
2014-01-08 19:48,6.783,0.017,0,0,0,0,v
2014-01-08 19:54,6.780,0.017,0,0,0,0,v
2014-01-08 20:00,6.799,0.020,0,0,0,0,v
2014-01-08 20:06,6.790,0.009,0,0,0,0,v
2014-01-08 20:12,6.771,0.015,0,0,0,0,v
2014-01-08 20:18,6.777,0.016,0,0,0,0,v
2014-01-08 20:24,6.776,0.013,0,0,0,0,v
2014-01-08 20:30,6.767,0.020,0,0,0,0,v
2014-01-08 20:36,6.812,0.016,0,0,0,0,v
2014-01-08 20:42,6.807,0.019,0,0,0,0,v
2014-01-08 20:48,6.793,0.028,0,0,0,0,v
2014-01-08 20:54,6.796,0.014,0,0,0,0,v
2014-01-08 21:00,6.787,0.011,0,0,0,0,v
2014-01-08 21:06,6.785,0.021,0,0,0,0,v
2014-01-08 21:12,6.795,0.014,0,0,0,0,v
2014-01-08 21:18,6.793,0.017,0,0,0,0,v
2014-01-08 21:24,6.794,0.019,0,0,0,0,v
2014-01-08 21:30,6.781,0.013,0,0,0,0,v
2014-01-08 21:36,6.784,0.010,0,0,0,0,v
2014-01-08 21:42,6.791,0.022,0,0,0,0,v
2014-01-08 21:48,6.776,0.023,0,0,0,0,v
2014-01-08 21:54,6.769,0.024,0,0,0,0,v
2014-01-08 22:00,6.803,0.022,0,0,0,0,v
2014-01-08 22:06,6.799,0.014,0,0,0,0,v
2014-01-08 22:12,6.810,0.015,0,0,0,0,v
2014-01-08 22:18,6.803,0.024,0,0,0,0,v
2014-01-08 22:24,6.826,0.020,0,0,0,0,v
2014-01-08 22:30,6.808,0.021,0,0,0,0,v
2014-01-08 22:36,6.812,0.018,0,0,0,0,v
2014-01-08 22:42,6.816,0.013,0,0,0,0,v
2014-01-08 22:48,6.809,0.014,0,0,0,0,v
2014-01-08 22:54,6.798,0.015,0,0,0,0,v
2014-01-08 23:00,6.790,0.015,0,0,0,0,v
2014-01-08 23:06,6.800,0.013,0,0,0,0,v
2014-01-08 23:12,6.811,0.016,0,0,0,0,v
2014-01-08 23:18,6.793,0.024,0,0,0,0,v
2014-01-08 23:24,6.785,0.018,0,0,0,0,v
2014-01-08 23:30,6.822,0.020,0,0,0,0,v
2014-01-08 23:36,6.799,0.022,0,0,0,0,v
2014-01-08 23:42,6.817,0.021,0,0,0,0,v
2014-01-08 23:48,6.809,0.014,0,0,0,0,v
2014-01-08 23:54,6.829,0.017,0,0,0,0,v
2014-01-09 00:00,6.834,0.022,0,0,0,0,v
2014-01-09 00:06,6.831,0.019,0,0,0,0,v
2014-01-09 00:12,6.827,0.014,0,0,0,0,v
2014-01-09 00:18,6.825,0.024,0,0,0,0,v
2014-01-09 00:24,6.819,0.024,0,0,0,0,v
2014-01-09 00:30,6.803,0.016,0,0,0,0,v
2014-01-09 00:36,6.790,0.023,0,0,0,0,v
2014-01-09 00:42,6.773,0.018,0,0,0,0,v
2014-01-09 00:48,6.773,0.022,0,0,0,0,v
2014-01-09 00:54,6.799,0.025,0,0,0,0,v
2014-01-09 01:00,6.788,0.021,0,0,0,0,v
2014-01-09 01:06,6.785,0.015,0,0,0,0,v
2014-01-09 01:12,6.778,0.018,0,0,0,0,v
2014-01-09 01:18,6.802,0.018,0,0,0,0,v
2014-01-09 01:24,6.780,0.019,0,0,0,0,v
2014-01-09 01:30,6.792,0.023,0,0,0,0,v
2014-01-09 01:36,6.781,0.019,0,0,0,0,v
2014-01-09 01:42,6.799,0.016,0,0,0,0,v
2014-01-09 01:48,6.815,0.020,0,0,0,0,v
2014-01-09 01:54,6.829,0.025,0,0,0,0,v
2014-01-09 02:00,6.802,0.012,0,0,0,0,v
2014-01-09 02:06,6.821,0.017,0,0,0,0,v
2014-01-09 02:12,6.783,0.012,0,0,0,0,v
2014-01-09 02:18,6.789,0.018,0,0,0,0,v
2014-01-09 02:24,6.799,0.026,0,0,0,0,v
2014-01-09 02:30,6.811,0.018,0,0,0,0,v
2014-01-09 02:36,6.797,0.015,0,0,0,0,v
2014-01-09 02:42,6.765,0.019,0,0,0,0,v
2014-01-09 02:48,6.750,0.016,0,0,0,0,v
2014-01-09 02:54,6.761,0.018,0,0,0,0,v
2014-01-09 03:00,6.757,0.013,0,0,0,0,v
2014-01-09 03:06,6.769,0.017,0,0,0,0,v
2014-01-09 03:12,6.758,0.019,0,0,0,0,v
2014-01-09 03:18,6.796,0.026,0,0,0,0,v
2014-01-09 03:24,6.782,0.014,0,0,0,0,v
2014-01-09 03:30,6.770,0.019,0,0,0,0,v
2014-01-09 03:36,6.764,0.016,0,0,0,0,v
2014-01-09 03:42,6.771,0.020,0,0,0,0,v
2014-01-09 03:48,6.764,0.016,0,0,0,0,v
2014-01-09 03:54,6.749,0.023,0,0,0,0,v
2014-01-09 04:00,6.761,0.025,0,0,0,0,v
2014-01-09 04:06,6.739,0.018,0,0,0,0,v
2014-01-09 04:12,6.715,0.026,0,0,0,0,v
2014-01-09 04:18,6.704,0.014,0,0,0,0,v
2014-01-09 04:24,6.688,0.023,0,0,0,0,v
2014-01-09 04:30,6.694,0.028,0,0,0,0,v
2014-01-09 04:36,6.697,0.021,0,0,0,0,v
2014-01-09 04:42,6.689,0.020,0,0,0,0,v
2014-01-09 04:48,6.669,0.021,0,0,0,0,v
2014-01-09 04:54,6.680,0.021,0,0,0,0,v
2014-01-09 05:00,6.647,0.026,0,0,0,0,v
2014-01-09 05:06,6.668,0.021,0,0,0,0,v
2014-01-09 05:12,6.651,0.017,0,0,0,0,v
2014-01-09 05:18,6.628,0.022,0,0,0,0,v
2014-01-09 05:24,6.641,0.028,0,0,0,0,v
2014-01-09 05:30,6.641,0.014,0,0,0,0,v
2014-01-09 05:36,6.624,0.020,0,0,0,0,v
2014-01-09 05:42,6.603,0.015,0,0,0,0,v
2014-01-09 05:48,6.613,0.018,0,0,0,0,v
2014-01-09 05:54,6.601,0.019,0,0,0,0,v
2014-01-09 06:00,6.612,0.016,0,0,0,0,v
2014-01-09 06:06,6.588,0.020,0,0,0,0,v
2014-01-09 06:12,6.594,0.020,0,0,0,0,v
2014-01-09 06:18,6.602,0.022,0,0,0,0,v
2014-01-09 06:24,6.590,0.015,0,0,0,0,v
2014-01-09 06:30,6.587,0.015,0,0,0,0,v
2014-01-09 06:36,6.575,0.020,0,0,0,0,v
2014-01-09 06:42,6.566,0.024,0,0,0,0,v
2014-01-09 06:48,6.550,0.013,0,0,0,0,v
2014-01-09 06:54,6.537,0.019,0,0,0,0,v
2014-01-09 07:00,6.508,0.013,0,0,0,0,v
2014-01-09 07:06,6.509,0.019,0,0,0,0,v
2014-01-09 07:12,6.492,0.017,0,0,0,0,v
2014-01-09 07:18,6.481,0.020,0,0,0,0,v
2014-01-09 07:24,6.468,0.020,0,0,0,0,v
2014-01-09 07:30,6.474,0.025,0,0,0,0,v
2014-01-09 07:36,6.467,0.021,0,0,0,0,v
2014-01-09 07:42,6.489,0.020,0,0,0,0,v
2014-01-09 07:48,6.488,0.019,0,0,0,0,v
2014-01-09 07:54,6.473,0.018,0,0,0,0,v
2014-01-09 08:00,6.507,0.016,0,0,0,0,v
2014-01-09 08:06,6.481,0.028,0,0,0,0,v
2014-01-09 08:12,6.494,0.019,0,0,0,0,v
2014-01-09 08:18,6.470,0.022,0,0,0,0,v
2014-01-09 08:24,6.464,0.022,0,0,0,0,v
2014-01-09 08:30,6.450,0.019,0,0,0,0,v
2014-01-09 08:36,6.450,0.016,0,0,0,0,v
2014-01-09 08:42,6.468,0.017,0,0,0,0,v
2014-01-09 08:48,6.459,0.024,0,0,0,0,v
2014-01-09 08:54,6.462,0.018,0,0,0,0,v
2014-01-09 09:00,6.469,0.020,0,0,0,0,v
2014-01-09 09:06,6.463,0.023,0,0,0,0,v
2014-01-09 09:12,6.462,0.014,0,0,0,0,v
2014-01-09 09:18,6.458,0.026,0,0,0,0,v
2014-01-09 09:24,6.444,0.023,0,0,0,0,v
2014-01-09 09:30,6.446,0.016,0,0,0,0,v
2014-01-09 09:36,6.449,0.012,0,0,0,0,v
2014-01-09 09:42,6.462,0.023,0,0,0,0,v
2014-01-09 09:48,6.456,0.019,0,0,0,0,v
2014-01-09 09:54,6.437,0.014,0,0,0,0,v
2014-01-09 10:00,6.433,0.023,0,0,0,0,v
2014-01-09 10:06,6.432,0.019,0,0,0,0,v
2014-01-09 10:12,6.432,0.020,0,0,0,0,v
2014-01-09 10:18,6.429,0.031,0,0,0,0,v
2014-01-09 10:24,6.460,0.016,0,0,0,0,v
2014-01-09 10:30,6.458,0.017,0,0,0,0,v
2014-01-09 10:36,6.454,0.030,0,0,0,0,v
2014-01-09 10:42,6.429,0.023,0,0,0,0,v
2014-01-09 10:48,6.447,0.023,0,0,0,0,v
2014-01-09 10:54,6.441,0.016,0,0,0,0,v
2014-01-09 11:00,6.434,0.023,0,0,0,0,v
2014-01-09 11:06,6.453,0.034,0,0,0,0,v
2014-01-09 11:12,6.448,0.022,0,0,0,0,v
2014-01-09 11:18,6.429,0.019,0,0,0,0,v
2014-01-09 11:24,6.453,0.014,0,0,0,0,v
2014-01-09 11:30,6.469,0.015,0,0,0,0,v
2014-01-09 11:36,6.450,0.022,0,0,0,0,v
2014-01-09 11:42,6.446,0.017,0,0,0,0,v
2014-01-09 11:48,6.459,0.011,0,0,0,0,v
2014-01-09 11:54,6.441,0.013,0,0,0,0,v
2014-01-09 12:00,6.484,0.027,0,0,0,0,v
2014-01-09 12:06,6.484,0.022,0,0,0,0,v
2014-01-09 12:12,6.474,0.023,0,0,0,0,v
2014-01-09 12:18,6.501,0.016,0,0,0,0,v
2014-01-09 12:24,6.480,0.017,0,0,0,0,v
2014-01-09 12:30,6.484,0.018,0,0,0,0,v
2014-01-09 12:36,6.490,0.019,0,0,0,0,v
2014-01-09 12:42,6.500,0.022,0,0,0,0,v
2014-01-09 12:48,6.514,0.019,0,0,0,0,v
2014-01-09 12:54,6.484,0.016,0,0,0,0,v
2014-01-09 13:00,6.489,0.021,0,0,0,0,v
2014-01-09 13:06,6.499,0.018,0,0,0,0,v
2014-01-09 13:12,6.530,0.012,0,0,0,0,v
2014-01-09 13:18,6.540,0.024,0,0,0,0,v
2014-01-09 13:24,6.568,0.019,0,0,0,0,v
2014-01-09 13:30,6.578,0.016,0,0,0,0,v
2014-01-09 13:36,6.579,0.023,0,0,0,0,v
2014-01-09 13:42,6.587,0.025,0,0,0,0,v
2014-01-09 13:48,6.581,0.018,0,0,0,0,v
2014-01-09 13:54,6.604,0.020,0,0,0,0,v
2014-01-09 14:00,6.592,0.019,0,0,0,0,v
2014-01-09 14:06,6.595,0.019,0,0,0,0,v
2014-01-09 14:12,6.609,0.026,0,0,0,0,v
2014-01-09 14:18,6.631,0.018,0,0,0,0,v
2014-01-09 14:24,6.618,0.022,0,0,0,0,v
2014-01-09 14:30,6.637,0.020,0,0,0,0,v
2014-01-09 14:36,6.628,0.022,0,0,0,0,v
2014-01-09 14:42,6.623,0.021,0,0,0,0,v
2014-01-09 14:48,6.626,0.019,0,0,0,0,v
2014-01-09 14:54,6.637,0.025,0,0,0,0,v
2014-01-09 15:00,6.642,0.014,0,0,0,0,v
2014-01-09 15:06,6.661,0.032,0,0,0,0,v
2014-01-09 15:12,6.662,0.016,0,0,0,0,v
2014-01-09 15:18,6.703,0.025,0,0,0,0,v
2014-01-09 15:24,6.696,0.023,0,0,0,0,v
2014-01-09 15:30,6.713,0.015,0,0,0,0,v
2014-01-09 15:36,6.700,0.015,0,0,0,0,v
2014-01-09 15:42,6.700,0.032,0,0,0,0,v
2014-01-09 15:48,6.711,0.028,0,0,0,0,v
2014-01-09 15:54,6.729,0.016,0,0,0,0,v
2014-01-09 16:00,6.733,0.014,0,0,0,0,v
2014-01-09 16:06,6.746,0.022,0,0,0,0,v
2014-01-09 16:12,6.716,0.018,0,0,0,0,v
2014-01-09 16:18,6.721,0.023,0,0,0,0,v
2014-01-09 16:24,6.742,0.022,0,0,0,0,v
2014-01-09 16:30,6.718,0.017,0,0,0,0,v
2014-01-09 16:36,6.706,0.021,0,0,0,0,v
2014-01-09 16:42,6.726,0.015,0,0,0,0,v
2014-01-09 16:48,6.748,0.021,0,0,0,0,v
2014-01-09 16:54,6.736,0.018,0,0,0,0,v
2014-01-09 17:00,6.742,0.019,0,0,0,0,v
2014-01-09 17:06,6.740,0.028,0,0,0,0,v
2014-01-09 17:12,6.771,0.021,0,0,0,0,v
2014-01-09 17:18,6.756,0.019,0,0,0,0,v
2014-01-09 17:24,6.743,0.017,0,0,0,0,v
2014-01-09 17:30,6.741,0.018,0,0,0,0,v
2014-01-09 17:36,6.755,0.026,0,0,0,0,v
2014-01-09 17:42,6.733,0.020,0,0,0,0,v
2014-01-09 17:48,6.765,0.021,0,0,0,0,v
2014-01-09 17:54,6.752,0.035,0,0,0,0,v
2014-01-09 18:00,6.732,0.022,0,0,0,0,v
2014-01-09 18:06,6.763,0.000,0,0,0,0,v
2014-01-09 18:12,6.756,0.024,0,0,0,0,v
2014-01-09 18:18,6.748,0.021,0,0,0,0,v
2014-01-09 18:24,6.732,0.017,0,0,0,0,v
2014-01-09 18:30,6.759,0.014,0,0,0,0,v
2014-01-09 18:36,6.776,0.019,0,0,0,0,v
2014-01-09 18:42,6.758,0.021,0,0,0,0,v
2014-01-09 18:48,6.777,0.026,0,0,0,0,v
2014-01-09 18:54,6.778,0.023,0,0,0,0,v
2014-01-09 19:00,6.760,0.023,0,0,0,0,v
2014-01-09 19:06,6.740,0.023,0,0,0,0,v
2014-01-09 19:12,6.719,0.016,0,0,0,0,v
2014-01-09 19:18,6.711,0.018,0,0,0,0,v
2014-01-09 19:24,6.753,0.017,0,0,0,0,v
2014-01-09 19:30,6.758,0.023,0,0,0,0,v
2014-01-09 19:36,6.788,0.026,0,0,0,0,v
2014-01-09 19:42,6.768,0.014,0,0,0,0,v
2014-01-09 19:48,6.786,0.024,0,0,0,0,v
2014-01-09 19:54,6.737,0.027,0,0,0,0,v
2014-01-09 20:00,6.741,0.020,0,0,0,0,v
2014-01-09 20:06,6.705,0.020,0,0,0,0,v
2014-01-09 20:12,6.753,0.032,0,0,0,0,v
2014-01-09 20:18,6.746,0.024,0,0,0,0,v
2014-01-09 20:24,6.768,0.022,0,0,0,0,v
2014-01-09 20:30,6.788,0.020,0,0,0,0,v
2014-01-09 20:36,6.783,0.034,0,0,0,0,v
2014-01-09 20:42,6.772,0.017,0,0,0,0,v
2014-01-09 20:48,6.774,0.021,0,0,0,0,v
2014-01-09 20:54,6.763,0.022,0,0,0,0,v
2014-01-09 21:00,6.763,0.025,0,0,0,0,v
2014-01-09 21:06,6.737,0.028,0,0,0,0,v
2014-01-09 21:12,6.737,0.028,0,0,0,0,v
2014-01-09 21:18,6.768,0.015,0,0,0,0,v
2014-01-09 21:24,6.784,0.021,0,0,0,0,v
2014-01-09 21:30,6.767,0.016,0,0,0,0,v
2014-01-09 21:36,6.759,0.029,0,0,0,0,v
2014-01-09 21:42,6.759,0.025,0,0,0,0,v
2014-01-09 21:48,6.744,0.020,0,0,0,0,v
2014-01-09 21:54,6.751,0.015,0,0,0,0,v
2014-01-09 22:00,6.719,0.023,0,0,0,0,v
2014-01-09 22:06,6.747,0.023,0,0,0,0,v
2014-01-09 22:12,6.758,0.028,0,0,0,0,v
2014-01-09 22:18,6.757,0.016,0,0,0,0,v
2014-01-09 22:24,6.775,0.020,0,0,0,0,v
2014-01-09 22:30,6.744,0.017,0,0,0,0,v
2014-01-09 22:36,6.735,0.019,0,0,0,0,v
2014-01-09 22:42,6.727,0.018,0,0,0,0,v
2014-01-09 22:48,6.729,0.026,0,0,0,0,v
2014-01-09 22:54,6.718,0.017,0,0,0,0,v
2014-01-09 23:00,6.736,0.027,0,0,0,0,v
2014-01-09 23:06,6.765,0.018,0,0,0,0,v
2014-01-09 23:12,6.737,0.030,0,0,0,0,v
2014-01-09 23:18,6.750,0.019,0,0,0,0,v
2014-01-09 23:24,6.744,0.020,0,0,0,0,v
2014-01-09 23:30,6.744,0.016,0,0,0,0,v
2014-01-09 23:36,6.744,0.021,0,0,0,0,v
2014-01-09 23:42,6.730,0.014,0,0,0,0,v
2014-01-09 23:48,6.718,0.033,0,0,0,0,v
2014-01-09 23:54,6.722,0.018,0,0,0,0,v
2014-01-10 00:00,6.728,0.014,0,0,0,0,v
2014-01-10 00:06,6.705,0.025,0,0,0,0,v
2014-01-10 00:12,6.729,0.025,0,0,0,0,v
2014-01-10 00:18,6.709,0.020,0,0,0,0,v
2014-01-10 00:24,6.711,0.026,0,0,0,0,v
2014-01-10 00:30,6.719,0.017,0,0,0,0,v
2014-01-10 00:36,6.701,0.012,0,0,0,0,v
2014-01-10 00:42,6.685,0.020,0,0,0,0,v
2014-01-10 00:48,6.700,0.017,0,0,0,0,v
2014-01-10 00:54,6.701,0.020,0,0,0,0,v
2014-01-10 01:00,6.701,0.015,0,0,0,0,v
2014-01-10 01:06,6.717,0.029,0,0,0,0,v
2014-01-10 01:12,6.702,0.012,0,0,0,0,v
2014-01-10 01:18,6.711,0.016,0,0,0,0,v
2014-01-10 01:24,6.683,0.017,0,0,0,0,v
2014-01-10 01:30,6.702,0.018,0,0,0,0,v
2014-01-10 01:36,6.681,0.015,0,0,0,0,v
2014-01-10 01:42,6.700,0.029,0,0,0,0,v
2014-01-10 01:48,6.702,0.024,0,0,0,0,v
2014-01-10 01:54,6.718,0.019,0,0,0,0,v
2014-01-10 02:00,6.713,0.016,0,0,0,0,v
2014-01-10 02:06,6.692,0.012,0,0,0,0,v
2014-01-10 02:12,6.696,0.017,0,0,0,0,v
2014-01-10 02:18,6.708,0.012,0,0,0,0,v
2014-01-10 02:24,6.707,0.016,0,0,0,0,v
2014-01-10 02:30,6.697,0.021,0,0,0,0,v
2014-01-10 02:36,6.689,0.019,0,0,0,0,v
2014-01-10 02:42,6.702,0.016,0,0,0,0,v
2014-01-10 02:48,6.684,0.023,0,0,0,0,v
2014-01-10 02:54,6.688,0.017,0,0,0,0,v
2014-01-10 03:00,6.707,0.021,0,0,0,0,v
2014-01-10 03:06,6.694,0.028,0,0,0,0,v
2014-01-10 03:12,6.694,0.021,0,0,0,0,v
2014-01-10 03:18,6.700,0.013,0,0,0,0,v
2014-01-10 03:24,6.680,0.025,0,0,0,0,v
2014-01-10 03:30,6.693,0.019,0,0,0,0,v
2014-01-10 03:36,6.677,0.014,0,0,0,0,v
2014-01-10 03:42,6.675,0.015,0,0,0,0,v
2014-01-10 03:48,6.664,0.013,0,0,0,0,v
2014-01-10 03:54,6.665,0.019,0,0,0,0,v
2014-01-10 04:00,6.675,0.018,0,0,0,0,v
2014-01-10 04:06,6.655,0.015,0,0,0,0,v
2014-01-10 04:12,6.644,0.014,0,0,0,0,v
2014-01-10 04:18,6.661,0.009,0,0,0,0,v
2014-01-10 04:24,6.644,0.012,0,0,0,0,v
2014-01-10 04:30,6.639,0.013,0,0,0,0,v
2014-01-10 04:36,6.652,0.013,0,0,0,0,v
2014-01-10 04:42,6.644,0.011,0,0,0,0,v
2014-01-10 04:48,6.637,0.017,0,0,0,0,v
2014-01-10 04:54,6.637,0.013,0,0,0,0,v
2014-01-10 05:00,6.614,0.015,0,0,0,0,v
2014-01-10 05:06,6.596,0.011,0,0,0,0,v
2014-01-10 05:12,6.587,0.020,0,0,0,0,v
2014-01-10 05:18,6.598,0.010,0,0,0,0,v
2014-01-10 05:24,6.581,0.016,0,0,0,0,v
2014-01-10 05:30,6.577,0.015,0,0,0,0,v
2014-01-10 05:36,6.554,0.013,0,0,0,0,v
2014-01-10 05:42,6.567,0.013,0,0,0,0,v
2014-01-10 05:48,6.536,0.015,0,0,0,0,v
2014-01-10 05:54,6.552,0.011,0,0,0,0,v
2014-01-10 06:00,6.542,0.017,0,0,0,0,v
2014-01-10 06:06,6.538,0.018,0,0,0,0,v
2014-01-10 06:12,6.525,0.019,0,0,0,0,v
2014-01-10 06:18,6.498,0.019,0,0,0,0,v
2014-01-10 06:24,6.498,0.014,0,0,0,0,v
2014-01-10 06:30,6.498,0.016,0,0,0,0,v
2014-01-10 06:36,6.494,0.011,0,0,0,0,v
2014-01-10 06:42,6.494,0.012,0,0,0,0,v
2014-01-10 06:48,6.489,0.016,0,0,0,0,v
2014-01-10 06:54,6.497,0.010,0,0,0,0,v
2014-01-10 07:00,6.461,0.008,0,0,0,0,v
2014-01-10 07:06,6.473,0.010,0,0,0,0,v
2014-01-10 07:12,6.443,0.016,0,0,0,0,v
2014-01-10 07:18,6.440,0.014,0,0,0,0,v
2014-01-10 07:24,6.434,0.012,0,0,0,0,v
2014-01-10 07:30,6.428,0.014,0,0,0,0,v
2014-01-10 07:36,6.410,0.018,0,0,0,0,v
2014-01-10 07:42,6.424,0.013,0,0,0,0,v
2014-01-10 07:48,6.406,0.010,0,0,0,0,v
2014-01-10 07:54,6.393,0.012,0,0,0,0,v
2014-01-10 08:00,6.398,0.013,0,0,0,0,v
2014-01-10 08:06,6.401,0.015,0,0,0,0,v
2014-01-10 08:12,6.399,0.010,0,0,0,0,v
2014-01-10 08:18,6.388,0.016,0,0,0,0,v
2014-01-10 08:24,6.380,0.009,0,0,0,0,v
2014-01-10 08:30,6.359,0.019,0,0,0,0,v
2014-01-10 08:36,6.352,0.011,0,0,0,0,v
2014-01-10 08:42,6.369,0.010,0,0,0,0,v
2014-01-10 08:48,6.382,0.010,0,0,0,0,v
2014-01-10 08:54,6.362,0.014,0,0,0,0,v
2014-01-10 09:00,6.380,0.013,0,0,0,0,v
2014-01-10 09:06,6.369,0.012,0,0,0,0,v
2014-01-10 09:12,6.347,0.019,0,0,0,0,v
2014-01-10 09:18,6.358,0.009,0,0,0,0,v
2014-01-10 09:24,6.361,0.012,0,0,0,0,v
2014-01-10 09:30,6.347,0.013,0,0,0,0,v
2014-01-10 09:36,6.333,0.009,0,0,0,0,v
2014-01-10 09:42,6.308,0.010,0,0,0,0,v
2014-01-10 09:48,6.327,0.010,0,0,0,0,v
2014-01-10 09:54,6.330,0.009,0,0,0,0,v
2014-01-10 10:00,6.332,0.010,0,0,0,0,v
2014-01-10 10:06,6.302,0.013,0,0,0,0,v
2014-01-10 10:12,6.297,0.013,0,0,0,0,v
2014-01-10 10:18,6.301,0.017,0,0,0,0,v
2014-01-10 10:24,6.300,0.015,0,0,0,0,v
2014-01-10 10:30,6.304,0.012,0,0,0,0,v
2014-01-10 10:36,6.304,0.012,0,0,0,0,v
2014-01-10 10:42,6.292,0.015,0,0,0,0,v
2014-01-10 10:48,6.300,0.012,0,0,0,0,v
2014-01-10 10:54,6.326,0.016,0,0,0,0,v
2014-01-10 11:00,6.336,0.012,0,0,0,0,v
2014-01-10 11:06,6.327,0.011,0,0,0,0,v
2014-01-10 11:12,6.334,0.012,0,0,0,0,v
2014-01-10 11:18,6.342,0.013,0,0,0,0,v
2014-01-10 11:24,6.332,0.012,0,0,0,0,v
2014-01-10 11:30,6.333,0.018,0,0,0,0,v
2014-01-10 11:36,6.335,0.010,0,0,0,0,v
2014-01-10 11:42,6.332,0.011,0,0,0,0,v
2014-01-10 11:48,6.338,0.013,0,0,0,0,v
2014-01-10 11:54,6.320,0.014,0,0,0,0,v
2014-01-10 12:00,6.346,0.011,0,0,0,0,v
2014-01-10 12:06,6.342,0.013,0,0,0,0,v
2014-01-10 12:12,6.308,0.012,0,0,0,0,v
2014-01-10 12:18,6.346,0.015,0,0,0,0,v
2014-01-10 12:24,6.343,0.008,0,0,0,0,v
2014-01-10 12:30,6.355,0.015,0,0,0,0,v
2014-01-10 12:36,6.358,0.010,0,0,0,0,v
2014-01-10 12:42,6.353,0.015,0,0,0,0,v
2014-01-10 12:48,6.380,0.011,0,0,0,0,v
2014-01-10 12:54,6.389,0.007,0,0,0,0,v
2014-01-10 13:00,6.382,0.013,0,0,0,0,v
2014-01-10 13:06,6.374,0.013,0,0,0,0,v
2014-01-10 13:12,6.372,0.012,0,0,0,0,v
2014-01-10 13:18,6.383,0.009,0,0,0,0,v
2014-01-10 13:24,6.407,0.010,0,0,0,0,v
2014-01-10 13:30,6.402,0.017,0,0,0,0,v
2014-01-10 13:36,6.415,0.010,0,0,0,0,v
2014-01-10 13:42,6.425,0.009,0,0,0,0,v
2014-01-10 13:48,6.417,0.011,0,0,0,0,v
2014-01-10 13:54,6.437,0.010,0,0,0,0,v
2014-01-10 14:00,6.460,0.012,0,0,0,0,v
2014-01-10 14:06,6.442,0.011,0,0,0,0,v
2014-01-10 14:12,6.467,0.012,0,0,0,0,v
2014-01-10 14:18,6.466,0.011,0,0,0,0,v
2014-01-10 14:24,6.483,0.009,0,0,0,0,v
2014-01-10 14:30,6.493,0.012,0,0,0,0,v
2014-01-10 14:36,6.496,0.011,0,0,0,0,v
2014-01-10 14:42,6.516,0.010,0,0,0,0,v
2014-01-10 14:48,6.520,0.012,0,0,0,0,v
2014-01-10 14:54,6.526,0.009,0,0,0,0,v
2014-01-10 15:00,6.539,0.009,0,0,0,0,v
2014-01-10 15:06,6.534,0.013,0,0,0,0,v
2014-01-10 15:12,6.531,0.013,0,0,0,0,v
2014-01-10 15:18,6.537,0.009,0,0,0,0,v
2014-01-10 15:24,6.552,0.013,0,0,0,0,v
2014-01-10 15:30,6.586,0.008,0,0,0,0,v
2014-01-10 15:36,6.600,0.013,0,0,0,0,v
2014-01-10 15:42,6.578,0.014,0,0,0,0,v
2014-01-10 15:48,6.619,0.014,0,0,0,0,v
2014-01-10 15:54,6.638,0.010,0,0,0,0,v
2014-01-10 16:00,6.637,0.012,0,0,0,0,v
2014-01-10 16:06,6.649,0.010,0,0,0,0,v
2014-01-10 16:12,6.626,0.009,0,0,0,0,v
2014-01-10 16:18,6.655,0.011,0,0,0,0,v
2014-01-10 16:24,6.678,0.008,0,0,0,0,v
2014-01-10 16:30,6.668,0.008,0,0,0,0,v
2014-01-10 16:36,6.675,0.012,0,0,0,0,v
2014-01-10 16:42,6.680,0.011,0,0,0,0,v
2014-01-10 16:48,6.692,0.013,0,0,0,0,v
2014-01-10 16:54,6.692,0.008,0,0,0,0,v
2014-01-10 17:00,6.699,0.010,0,0,0,0,v
2014-01-10 17:06,6.718,0.012,0,0,0,0,v
2014-01-10 17:12,6.709,0.012,0,0,0,0,v
2014-01-10 17:18,6.701,0.016,0,0,0,0,v
2014-01-10 17:24,6.742,0.009,0,0,0,0,v
2014-01-10 17:30,6.695,0.011,0,0,0,0,v
2014-01-10 17:36,6.719,0.007,0,0,0,0,v
2014-01-10 17:42,6.709,0.011,0,0,0,0,v
2014-01-10 17:48,6.716,0.009,0,0,0,0,v
2014-01-10 17:54,6.708,0.009,0,0,0,0,v
2014-01-10 18:00,6.719,0.009,0,0,0,0,v
2014-01-10 18:06,6.726,0.012,0,0,0,0,v
2014-01-10 18:12,6.702,0.008,0,0,0,0,v
2014-01-10 18:18,6.696,0.009,0,0,0,0,v
2014-01-10 18:24,6.689,0.012,0,0,0,0,v
2014-01-10 18:30,6.702,0.014,0,0,0,0,v
2014-01-10 18:36,6.719,0.009,0,0,0,0,v
2014-01-10 18:42,6.735,0.011,0,0,0,0,v
2014-01-10 18:48,6.712,0.010,0,0,0,0,v
2014-01-10 18:54,6.746,0.013,0,0,0,0,v
2014-01-10 19:00,6.750,0.007,0,0,0,0,v
2014-01-10 19:06,6.751,0.011,0,0,0,0,v
2014-01-10 19:12,6.732,0.009,0,0,0,0,v
2014-01-10 19:18,6.728,0.011,0,0,0,0,v
2014-01-10 19:24,6.743,0.012,0,0,0,0,v
2014-01-10 19:30,6.749,0.007,0,0,0,0,v
2014-01-10 19:36,6.768,0.008,0,0,0,0,v
2014-01-10 19:42,6.775,0.012,0,0,0,0,v
2014-01-10 19:48,6.775,0.010,0,0,0,0,v
2014-01-10 19:54,6.765,0.011,0,0,0,0,v
2014-01-10 20:00,6.780,0.010,0,0,0,0,v
2014-01-10 20:06,6.764,0.009,0,0,0,0,v
2014-01-10 20:12,6.778,0.006,0,0,0,0,v
2014-01-10 20:18,6.785,0.007,0,0,0,0,v
2014-01-10 20:24,6.785,0.014,0,0,0,0,v
2014-01-10 20:30,6.797,0.011,0,0,0,0,v
2014-01-10 20:36,6.804,0.009,0,0,0,0,v
2014-01-10 20:42,6.802,0.008,0,0,0,0,v
2014-01-10 20:48,6.799,0.011,0,0,0,0,v
2014-01-10 20:54,6.799,0.009,0,0,0,0,v
2014-01-10 21:00,6.783,0.013,0,0,0,0,v
2014-01-10 21:06,6.793,0.010,0,0,0,0,v
2014-01-10 21:12,6.800,0.008,0,0,0,0,v
2014-01-10 21:18,6.798,0.006,0,0,0,0,v
2014-01-10 21:24,6.802,0.009,0,0,0,0,v
2014-01-10 21:30,6.801,0.009,0,0,0,0,v
2014-01-10 21:36,6.811,0.010,0,0,0,0,v
2014-01-10 21:42,6.813,0.011,0,0,0,0,v
2014-01-10 21:48,6.803,0.011,0,0,0,0,v
2014-01-10 21:54,6.783,0.010,0,0,0,0,v
2014-01-10 22:00,6.798,0.013,0,0,0,0,v
2014-01-10 22:06,6.810,0.008,0,0,0,0,v
2014-01-10 22:12,6.826,0.012,0,0,0,0,v
2014-01-10 22:18,6.817,0.011,0,0,0,0,v
2014-01-10 22:24,6.825,0.006,0,0,0,0,v
2014-01-10 22:30,6.809,0.008,0,0,0,0,v
2014-01-10 22:36,6.781,0.012,0,0,0,0,v
2014-01-10 22:42,6.783,0.008,0,0,0,0,v
2014-01-10 22:48,6.791,0.008,0,0,0,0,v
2014-01-10 22:54,6.790,0.009,0,0,0,0,v
2014-01-10 23:00,6.781,0.008,0,0,0,0,v
2014-01-10 23:06,6.784,0.008,0,0,0,0,v
2014-01-10 23:12,6.757,0.008,0,0,0,0,v
2014-01-10 23:18,6.774,0.011,0,0,0,0,v
2014-01-10 23:24,6.775,0.010,0,0,0,0,v
2014-01-10 23:30,6.765,0.009,0,0,0,0,v
2014-01-10 23:36,6.768,0.010,0,0,0,0,v
2014-01-10 23:42,6.782,0.007,0,0,0,0,v
2014-01-10 23:48,6.774,0.008,0,0,0,0,v
2014-01-10 23:54,6.750,0.014,0,0,0,0,v
2014-01-11 00:00,6.762,0.009,0,0,0,0,v
2014-01-11 00:06,6.762,0.008,0,0,0,0,v
2014-01-11 00:12,6.758,0.007,0,0,0,0,v
2014-01-11 00:18,6.742,0.008,0,0,0,0,v
2014-01-11 00:24,6.738,0.009,0,0,0,0,v
2014-01-11 00:30,6.727,0.007,0,0,0,0,v
2014-01-11 00:36,6.738,0.007,0,0,0,0,v
2014-01-11 00:42,6.729,0.006,0,0,0,0,v
2014-01-11 00:48,6.743,0.009,0,0,0,0,v
2014-01-11 00:54,6.731,0.009,0,0,0,0,v
2014-01-11 01:00,6.716,0.012,0,0,0,0,v
2014-01-11 01:06,6.714,0.009,0,0,0,0,v
2014-01-11 01:12,6.715,0.010,0,0,0,0,v
2014-01-11 01:18,6.711,0.009,0,0,0,0,v
2014-01-11 01:24,6.710,0.010,0,0,0,0,v
2014-01-11 01:30,6.705,0.007,0,0,0,0,v
2014-01-11 01:36,6.707,0.010,0,0,0,0,v
2014-01-11 01:42,6.704,0.007,0,0,0,0,v
2014-01-11 01:48,6.702,0.006,0,0,0,0,v
2014-01-11 01:54,6.696,0.007,0,0,0,0,v
2014-01-11 02:00,6.689,0.009,0,0,0,0,v
2014-01-11 02:06,6.702,0.007,0,0,0,0,v
2014-01-11 02:12,6.710,0.009,0,0,0,0,v
2014-01-11 02:18,6.702,0.009,0,0,0,0,v
2014-01-11 02:24,6.712,0.010,0,0,0,0,v
2014-01-11 02:30,6.713,0.010,0,0,0,0,v
2014-01-11 02:36,6.716,0.009,0,0,0,0,v
2014-01-11 02:42,6.721,0.006,0,0,0,0,v
2014-01-11 02:48,6.716,0.010,0,0,0,0,v
2014-01-11 02:54,6.725,0.007,0,0,0,0,v
2014-01-11 03:00,6.717,0.007,0,0,0,0,v
2014-01-11 03:06,6.707,0.007,0,0,0,0,v
2014-01-11 03:12,6.704,0.007,0,0,0,0,v
2014-01-11 03:18,6.730,0.007,0,0,0,0,v
2014-01-11 03:24,6.735,0.006,0,0,0,0,v
2014-01-11 03:30,6.719,0.007,0,0,0,0,v
2014-01-11 03:36,6.713,0.007,0,0,0,0,v
2014-01-11 03:42,6.710,0.009,0,0,0,0,v
2014-01-11 03:48,6.712,0.010,0,0,0,0,v
2014-01-11 03:54,6.712,0.008,0,0,0,0,v
2014-01-11 04:00,6.702,0.009,0,0,0,0,v
2014-01-11 04:06,6.705,0.007,0,0,0,0,v
2014-01-11 04:12,6.705,0.008,0,0,0,0,v
2014-01-11 04:18,6.697,0.006,0,0,0,0,v
2014-01-11 04:24,6.714,0.008,0,0,0,0,v
2014-01-11 04:30,6.707,0.006,0,0,0,0,v
2014-01-11 04:36,6.701,0.006,0,0,0,0,v
2014-01-11 04:42,6.673,0.008,0,0,0,0,v
2014-01-11 04:48,6.659,0.006,0,0,0,0,v
2014-01-11 04:54,6.663,0.006,0,0,0,0,v
2014-01-11 05:00,6.664,0.008,0,0,0,0,v
2014-01-11 05:06,6.672,0.007,0,0,0,0,v
2014-01-11 05:12,6.658,0.007,0,0,0,0,v
2014-01-11 05:18,6.648,0.007,0,0,0,0,v
2014-01-11 05:24,6.648,0.007,0,0,0,0,v
2014-01-11 05:30,6.638,0.007,0,0,0,0,v
2014-01-11 05:36,6.633,0.007,0,0,0,0,v
2014-01-11 05:42,6.632,0.006,0,0,0,0,v
2014-01-11 05:48,6.609,0.008,0,0,0,0,v
2014-01-11 05:54,6.610,0.007,0,0,0,0,v
2014-01-11 06:00,6.580,0.008,0,0,0,0,v
2014-01-11 06:06,6.584,0.006,0,0,0,0,v
2014-01-11 06:12,6.565,0.007,0,0,0,0,v
2014-01-11 06:18,6.552,0.006,0,0,0,0,v
2014-01-11 06:24,6.570,0.006,0,0,0,0,v
2014-01-11 06:30,6.573,0.010,0,0,0,0,v
2014-01-11 06:36,6.556,0.006,0,0,0,0,v
2014-01-11 06:42,6.533,0.004,0,0,0,0,v
2014-01-11 06:48,6.547,0.006,0,0,0,0,v
2014-01-11 06:54,6.531,0.010,0,0,0,0,v
2014-01-11 07:00,6.547,0.006,0,0,0,0,v
2014-01-11 07:06,6.523,0.009,0,0,0,0,v
2014-01-11 07:12,6.526,0.009,0,0,0,0,v
2014-01-11 07:18,6.522,0.007,0,0,0,0,v
2014-01-11 07:24,6.507,0.006,0,0,0,0,v
2014-01-11 07:30,6.501,0.010,0,0,0,0,v
2014-01-11 07:36,6.485,0.008,0,0,0,0,v
2014-01-11 07:42,6.461,0.007,0,0,0,0,v
2014-01-11 07:48,6.469,0.006,0,0,0,0,v
2014-01-11 07:54,6.456,0.005,0,0,0,0,v
2014-01-11 08:00,6.469,0.005,0,0,0,0,v
2014-01-11 08:06,6.453,0.008,0,0,0,0,v
2014-01-11 08:12,6.463,0.007,0,0,0,0,v
2014-01-11 08:18,6.439,0.006,0,0,0,0,v
2014-01-11 08:24,6.424,0.006,0,0,0,0,v
2014-01-11 08:30,6.439,0.005,0,0,0,0,v
2014-01-11 08:36,6.419,0.006,0,0,0,0,v
2014-01-11 08:42,6.391,0.006,0,0,0,0,v
2014-01-11 08:48,6.390,0.005,0,0,0,0,v
2014-01-11 08:54,6.370,0.005,0,0,0,0,v
2014-01-11 09:00,6.366,0.004,0,0,0,0,v
2014-01-11 09:06,6.368,0.006,0,0,0,0,v
2014-01-11 09:12,6.386,0.008,0,0,0,0,v
2014-01-11 09:18,6.378,0.006,0,0,0,0,v
2014-01-11 09:24,6.368,0.008,0,0,0,0,v
2014-01-11 09:30,6.363,0.006,0,0,0,0,v
2014-01-11 09:36,6.340,0.005,0,0,0,0,v
2014-01-11 09:42,6.342,0.008,0,0,0,0,v
2014-01-11 09:48,6.332,0.006,0,0,0,0,v
2014-01-11 09:54,6.323,0.009,0,0,0,0,v
2014-01-11 10:00,6.304,0.005,0,0,0,0,v
2014-01-11 10:06,6.315,0.007,0,0,0,0,v
2014-01-11 10:12,6.303,0.006,0,0,0,0,v
2014-01-11 10:18,6.315,0.006,0,0,0,0,v
2014-01-11 10:24,6.287,0.006,0,0,0,0,v
2014-01-11 10:30,6.297,0.006,0,0,0,0,v
2014-01-11 10:36,6.282,0.006,0,0,0,0,v
2014-01-11 10:42,6.293,0.007,0,0,0,0,v
2014-01-11 10:48,6.297,0.007,0,0,0,0,v
2014-01-11 10:54,6.295,0.006,0,0,0,0,v
2014-01-11 11:00,6.291,0.007,0,0,0,0,v
2014-01-11 11:06,6.292,0.007,0,0,0,0,v
2014-01-11 11:12,6.290,0.007,0,0,0,0,v
2014-01-11 11:18,6.276,0.005,0,0,0,0,v
2014-01-11 11:24,6.282,0.005,0,0,0,0,v
2014-01-11 11:30,6.257,0.005,0,0,0,0,v
2014-01-11 11:36,6.265,0.007,0,0,0,0,v
2014-01-11 11:42,6.265,0.006,0,0,0,0,v
2014-01-11 11:48,6.246,0.006,0,0,0,0,v
2014-01-11 11:54,6.272,0.007,0,0,0,0,v
2014-01-11 12:00,6.252,0.011,0,0,0,0,v
2014-01-11 12:06,6.244,0.008,0,0,0,0,v
2014-01-11 12:12,6.255,0.007,0,0,0,0,v
2014-01-11 12:18,6.235,0.007,0,0,0,0,v
2014-01-11 12:24,6.251,0.007,0,0,0,0,v
2014-01-11 12:30,6.276,0.010,0,0,0,0,v
2014-01-11 12:36,6.260,0.009,0,0,0,0,v
2014-01-11 12:42,6.268,0.009,0,0,0,0,v
2014-01-11 12:48,6.295,0.007,0,0,0,0,v
2014-01-11 12:54,6.290,0.008,0,0,0,0,v
2014-01-11 13:00,6.273,0.008,0,0,0,0,v
2014-01-11 13:06,6.292,0.006,0,0,0,0,v
2014-01-11 13:12,6.280,0.010,0,0,0,0,v
2014-01-11 13:18,6.282,0.006,0,0,0,0,v
2014-01-11 13:24,6.320,0.008,0,0,0,0,v
2014-01-11 13:30,6.312,0.007,0,0,0,0,v
2014-01-11 13:36,6.309,0.012,0,0,0,0,v
2014-01-11 13:42,6.344,0.009,0,0,0,0,v
2014-01-11 13:48,6.331,0.006,0,0,0,0,v
2014-01-11 13:54,6.326,0.006,0,0,0,0,v
2014-01-11 14:00,6.333,0.006,0,0,0,0,v
2014-01-11 14:06,6.340,0.010,0,0,0,0,v
2014-01-11 14:12,6.371,0.008,0,0,0,0,v
2014-01-11 14:18,6.358,0.005,0,0,0,0,v
2014-01-11 14:24,6.375,0.008,0,0,0,0,v
2014-01-11 14:30,6.351,0.009,0,0,0,0,v
2014-01-11 14:36,6.373,0.006,0,0,0,0,v
2014-01-11 14:42,6.372,0.009,0,0,0,0,v
2014-01-11 14:48,6.398,0.007,0,0,0,0,v
2014-01-11 14:54,6.404,0.007,0,0,0,0,v
2014-01-11 15:00,6.413,0.007,0,0,0,0,v
2014-01-11 15:06,6.425,0.007,0,0,0,0,v
2014-01-11 15:12,6.446,0.006,0,0,0,0,v
2014-01-11 15:18,6.437,0.009,0,0,0,0,v
2014-01-11 15:24,6.459,0.010,0,0,0,0,v
2014-01-11 15:30,6.474,0.007,0,0,0,0,v
2014-01-11 15:36,6.484,0.007,0,0,0,0,v
2014-01-11 15:42,6.498,0.006,0,0,0,0,v
2014-01-11 15:48,6.481,0.007,0,0,0,0,v
2014-01-11 15:54,6.513,0.008,0,0,0,0,v
2014-01-11 16:00,6.505,0.005,0,0,0,0,v
2014-01-11 16:06,6.520,0.006,0,0,0,0,v
2014-01-11 16:12,6.501,0.006,0,0,0,0,v
2014-01-11 16:18,6.506,0.007,0,0,0,0,v
2014-01-11 16:24,6.510,0.007,0,0,0,0,v
2014-01-11 16:30,6.511,0.005,0,0,0,0,v
2014-01-11 16:36,6.514,0.008,0,0,0,0,v
2014-01-11 16:42,6.514,0.006,0,0,0,0,v
2014-01-11 16:48,6.542,0.010,0,0,0,0,v
2014-01-11 16:54,6.544,0.011,0,0,0,0,v
2014-01-11 17:00,6.558,0.006,0,0,0,0,v
2014-01-11 17:06,6.570,0.010,0,0,0,0,v
2014-01-11 17:12,6.583,0.005,0,0,0,0,v
2014-01-11 17:18,6.584,0.005,0,0,0,0,v
2014-01-11 17:24,6.591,0.005,0,0,0,0,v
2014-01-11 17:30,6.589,0.010,0,0,0,0,v
2014-01-11 17:36,6.618,0.006,0,0,0,0,v
2014-01-11 17:42,6.593,0.007,0,0,0,0,v
2014-01-11 17:48,6.621,0.008,0,0,0,0,v
2014-01-11 17:54,6.602,0.007,0,0,0,0,v
2014-01-11 18:00,6.613,0.010,0,0,0,0,v
2014-01-11 18:06,6.627,0.007,0,0,0,0,v
2014-01-11 18:12,6.632,0.009,0,0,0,0,v
2014-01-11 18:18,6.665,0.006,0,0,0,0,v
2014-01-11 18:24,6.642,0.008,0,0,0,0,v
2014-01-11 18:30,6.652,0.006,0,0,0,0,v
2014-01-11 18:36,6.650,0.005,0,0,0,0,v
2014-01-11 18:42,6.642,0.007,0,0,0,0,v
2014-01-11 18:48,6.629,0.006,0,0,0,0,v
2014-01-11 18:54,6.646,0.006,0,0,0,0,v
2014-01-11 19:00,6.657,0.008,0,0,0,0,v
2014-01-11 19:06,6.662,0.006,0,0,0,0,v
2014-01-11 19:12,6.667,0.008,0,0,0,0,v
2014-01-11 19:18,6.679,0.008,0,0,0,0,v
2014-01-11 19:24,6.679,0.010,0,0,0,0,v
2014-01-11 19:30,6.712,0.007,0,0,0,0,v
2014-01-11 19:36,6.706,0.005,0,0,0,0,v
2014-01-11 19:42,6.707,0.007,0,0,0,0,v
2014-01-11 19:48,6.681,0.007,0,0,0,0,v
2014-01-11 19:54,6.682,0.007,0,0,0,0,v
2014-01-11 20:00,6.695,0.006,0,0,0,0,v
2014-01-11 20:06,6.720,0.006,0,0,0,0,v
2014-01-11 20:12,6.711,0.008,0,0,0,0,v
2014-01-11 20:18,6.732,0.007,0,0,0,0,v
2014-01-11 20:24,6.743,0.006,0,0,0,0,v
2014-01-11 20:30,6.746,0.007,0,0,0,0,v
2014-01-11 20:36,6.734,0.010,0,0,0,0,v
2014-01-11 20:42,6.708,0.006,0,0,0,0,v
2014-01-11 20:48,6.685,0.006,0,0,0,0,v
2014-01-11 20:54,6.700,0.006,0,0,0,0,v
2014-01-11 21:00,6.701,0.007,0,0,0,0,v
2014-01-11 21:06,6.702,0.006,0,0,0,0,v
2014-01-11 21:12,6.719,0.005,0,0,0,0,v
2014-01-11 21:18,6.711,0.005,0,0,0,0,v
2014-01-11 21:24,6.722,0.007,0,0,0,0,v
2014-01-11 21:30,6.715,0.008,0,0,0,0,v
2014-01-11 21:36,6.714,0.007,0,0,0,0,v
2014-01-11 21:42,6.714,0.005,0,0,0,0,v
2014-01-11 21:48,6.710,0.005,0,0,0,0,v
2014-01-11 21:54,6.704,0.006,0,0,0,0,v
2014-01-11 22:00,6.695,0.006,0,0,0,0,v
2014-01-11 22:06,6.691,0.009,0,0,0,0,v
2014-01-11 22:12,6.692,0.006,0,0,0,0,v
2014-01-11 22:18,6.698,0.004,0,0,0,0,v
2014-01-11 22:24,6.706,0.006,0,0,0,0,v
2014-01-11 22:30,6.697,0.005,0,0,0,0,v
2014-01-11 22:36,6.685,0.006,0,0,0,0,v
2014-01-11 22:42,6.687,0.005,0,0,0,0,v
2014-01-11 22:48,6.695,0.006,0,0,0,0,v
2014-01-11 22:54,6.701,0.004,0,0,0,0,v
2014-01-11 23:00,6.697,0.006,0,0,0,0,v
2014-01-11 23:06,6.679,0.005,0,0,0,0,v
2014-01-11 23:12,6.671,0.008,0,0,0,0,v
2014-01-11 23:18,6.680,0.008,0,0,0,0,v
2014-01-11 23:24,6.662,0.006,0,0,0,0,v
2014-01-11 23:30,6.669,0.006,0,0,0,0,v
2014-01-11 23:36,6.688,0.007,0,0,0,0,v
2014-01-11 23:42,6.695,0.006,0,0,0,0,v
2014-01-11 23:48,6.697,0.006,0,0,0,0,v
2014-01-11 23:54,6.692,0.007,0,0,0,0,v
2014-01-12 00:00,6.683,0.005,0,0,0,0,v
2014-01-12 00:06,6.668,0.006,0,0,0,0,v
2014-01-12 00:12,6.656,0.006,0,0,0,0,v
2014-01-12 00:18,6.662,0.006,0,0,0,0,v
2014-01-12 00:24,6.659,0.007,0,0,0,0,v
2014-01-12 00:30,6.660,0.004,0,0,0,0,v
2014-01-12 00:36,6.663,0.003,0,0,0,0,v
2014-01-12 00:42,6.665,0.007,0,0,0,0,v
2014-01-12 00:48,6.627,0.005,0,0,0,0,v
2014-01-12 00:54,6.625,0.004,0,0,0,0,v
2014-01-12 01:00,6.624,0.005,0,0,0,0,v
2014-01-12 01:06,6.606,0.005,0,0,0,0,v
2014-01-12 01:12,6.627,0.005,0,0,0,0,v
2014-01-12 01:18,6.594,0.005,0,0,0,0,v
2014-01-12 01:24,6.606,0.006,0,0,0,0,v
2014-01-12 01:30,6.588,0.006,0,0,0,0,v
2014-01-12 01:36,6.620,0.006,0,0,0,0,v
2014-01-12 01:42,6.601,0.006,0,0,0,0,v
2014-01-12 01:48,6.586,0.006,0,0,0,0,v
2014-01-12 01:54,6.604,0.005,0,0,0,0,v
2014-01-12 02:00,6.602,0.005,0,0,0,0,v
2014-01-12 02:06,6.592,0.005,0,0,0,0,v
2014-01-12 02:12,6.603,0.006,0,0,0,0,v
2014-01-12 02:18,6.610,0.004,0,0,0,0,v
2014-01-12 02:24,6.599,0.006,0,0,0,0,v
2014-01-12 02:30,6.605,0.003,0,0,0,0,v
2014-01-12 02:36,6.613,0.005,0,0,0,0,v
2014-01-12 02:42,6.608,0.004,0,0,0,0,v
2014-01-12 02:48,6.605,0.004,0,0,0,0,v
2014-01-12 02:54,6.584,0.006,0,0,0,0,v
2014-01-12 03:00,6.591,0.004,0,0,0,0,v
2014-01-12 03:06,6.576,0.006,0,0,0,0,v
2014-01-12 03:12,6.574,0.004,0,0,0,0,v
2014-01-12 03:18,6.590,0.005,0,0,0,0,v
2014-01-12 03:24,6.590,0.005,0,0,0,0,v
2014-01-12 03:30,6.595,0.004,0,0,0,0,v
2014-01-12 03:36,6.593,0.004,0,0,0,0,v
2014-01-12 03:42,6.602,0.007,0,0,0,0,v
2014-01-12 03:48,6.604,0.004,0,0,0,0,v
2014-01-12 03:54,6.574,0.008,0,0,0,0,v
2014-01-12 04:00,6.584,0.005,0,0,0,0,v
2014-01-12 04:06,6.598,0.004,0,0,0,0,v
2014-01-12 04:12,6.592,0.004,0,0,0,0,v
2014-01-12 04:18,6.565,0.006,0,0,0,0,v
2014-01-12 04:24,6.556,0.004,0,0,0,0,v
2014-01-12 04:30,6.590,0.003,0,0,0,0,v
2014-01-12 04:36,6.605,0.004,0,0,0,0,v
2014-01-12 04:42,6.611,0.003,0,0,0,0,v
2014-01-12 04:48,6.590,0.004,0,0,0,0,v
2014-01-12 04:54,6.588,0.005,0,0,0,0,v
2014-01-12 05:00,6.605,0.004,0,0,0,0,v
2014-01-12 05:06,6.591,0.005,0,0,0,0,v
2014-01-12 05:12,6.577,0.006,0,0,0,0,v
2014-01-12 05:18,6.572,0.004,0,0,0,0,v
2014-01-12 05:24,6.565,0.007,0,0,0,0,v
2014-01-12 05:30,6.557,0.005,0,0,0,0,v
2014-01-12 05:36,6.556,0.004,0,0,0,0,v
2014-01-12 05:42,6.547,0.003,0,0,0,0,v
2014-01-12 05:48,6.543,0.003,0,0,0,0,v
2014-01-12 05:54,6.528,0.003,0,0,0,0,v
2014-01-12 06:00,6.527,0.004,0,0,0,0,v
2014-01-12 06:06,6.518,0.004,0,0,0,0,v
2014-01-12 06:12,6.516,0.005,0,0,0,0,v
2014-01-12 06:18,6.493,0.003,0,0,0,0,v
2014-01-12 06:24,6.475,0.004,0,0,0,0,v
2014-01-12 06:30,6.497,0.006,0,0,0,0,v
2014-01-12 06:36,6.502,0.005,0,0,0,0,v
2014-01-12 06:42,6.486,0.005,0,0,0,0,v
2014-01-12 06:48,6.491,0.004,0,0,0,0,v
2014-01-12 06:54,6.465,0.007,0,0,0,0,v
2014-01-12 07:00,6.418,0.005,0,0,0,0,v
2014-01-12 07:06,6.419,0.003,0,0,0,0,v
2014-01-12 07:12,6.429,0.006,0,0,0,0,v
2014-01-12 07:18,6.412,0.004,0,0,0,0,v
2014-01-12 07:24,6.397,0.003,0,0,0,0,v
2014-01-12 07:30,6.383,0.004,0,0,0,0,v
2014-01-12 07:36,6.396,0.005,0,0,0,0,v
2014-01-12 07:42,6.385,0.003,0,0,0,0,v
2014-01-12 07:48,6.350,0.007,0,0,0,0,v
2014-01-12 07:54,6.350,0.002,0,0,0,0,v
2014-01-12 08:00,6.344,0.004,0,0,0,0,v
2014-01-12 08:06,6.360,0.008,0,0,0,0,v
2014-01-12 08:12,6.338,0.006,0,0,0,0,v
2014-01-12 08:18,6.332,0.007,0,0,0,0,v
2014-01-12 08:24,6.323,0.003,0,0,0,0,v
2014-01-12 08:30,6.328,0.005,0,0,0,0,v
2014-01-12 08:36,6.303,0.004,0,0,0,0,v
2014-01-12 08:42,6.298,0.006,0,0,0,0,v
2014-01-12 08:48,6.288,0.003,0,0,0,0,v
2014-01-12 08:54,6.302,0.003,0,0,0,0,v
2014-01-12 09:00,6.308,0.003,0,0,0,0,v
2014-01-12 09:06,6.287,0.003,0,0,0,0,v
2014-01-12 09:12,6.276,0.003,0,0,0,0,v
2014-01-12 09:18,6.284,0.003,0,0,0,0,v
2014-01-12 09:24,6.297,0.004,0,0,0,0,v
2014-01-12 09:30,6.276,0.004,0,0,0,0,v
2014-01-12 09:36,6.272,0.003,0,0,0,0,v
2014-01-12 09:42,6.262,0.005,0,0,0,0,v
2014-01-12 09:48,6.265,0.003,0,0,0,0,v
2014-01-12 09:54,6.246,0.005,0,0,0,0,v
2014-01-12 10:00,6.232,0.002,0,0,0,0,v
2014-01-12 10:06,6.219,0.003,0,0,0,0,v
2014-01-12 10:12,6.227,0.005,0,0,0,0,v
2014-01-12 10:18,6.180,0.003,0,0,0,0,v
2014-01-12 10:24,6.204,0.003,0,0,0,0,v
2014-01-12 10:30,6.180,0.003,0,0,0,0,v
2014-01-12 10:36,6.211,0.004,0,0,0,0,v
2014-01-12 10:42,6.192,0.003,0,0,0,0,v
2014-01-12 10:48,6.206,0.003,0,0,0,0,v
2014-01-12 10:54,6.203,0.003,0,0,0,0,v
2014-01-12 11:00,6.192,0.005,0,0,0,0,v
2014-01-12 11:06,6.204,0.005,0,0,0,0,v
2014-01-12 11:12,6.178,0.003,0,0,0,0,v
2014-01-12 11:18,6.185,0.003,0,0,0,0,v
2014-01-12 11:24,6.186,0.006,0,0,0,0,v
2014-01-12 11:30,6.179,0.003,0,0,0,0,v
2014-01-12 11:36,6.172,0.003,0,0,0,0,v
2014-01-12 11:42,6.189,0.002,0,0,0,0,v
2014-01-12 11:48,6.186,0.003,0,0,0,0,v
2014-01-12 11:54,6.181,0.002,0,0,0,0,v
2014-01-12 12:00,6.188,0.004,0,0,0,0,v
2014-01-12 12:06,6.164,0.003,0,0,0,0,v
2014-01-12 12:12,6.166,0.003,0,0,0,0,v
2014-01-12 12:18,6.171,0.003,0,0,0,0,v
2014-01-12 12:24,6.178,0.002,0,0,0,0,v
2014-01-12 12:30,6.177,0.004,0,0,0,0,v
2014-01-12 12:36,6.166,0.005,0,0,0,0,v
2014-01-12 12:42,6.180,0.002,0,0,0,0,v
2014-01-12 12:48,6.187,0.003,0,0,0,0,v
2014-01-12 12:54,6.200,0.004,0,0,0,0,v
2014-01-12 13:00,6.193,0.003,0,0,0,0,v
2014-01-12 13:06,6.204,0.003,0,0,0,0,v
2014-01-12 13:12,6.188,0.002,0,0,0,0,v
2014-01-12 13:18,6.206,0.002,0,0,0,0,v
2014-01-12 13:24,6.221,0.002,0,0,0,0,v
2014-01-12 13:30,6.209,0.002,0,0,0,0,v
2014-01-12 13:36,6.251,0.003,0,0,0,0,v
2014-01-12 13:42,6.225,0.003,0,0,0,0,v
2014-01-12 13:48,6.255,0.002,0,0,0,0,v
2014-01-12 13:54,6.244,0.003,0,0,0,0,v
2014-01-12 14:00,6.259,0.005,0,0,0,0,v
2014-01-12 14:06,6.284,0.005,0,0,0,0,v
2014-01-12 14:12,6.260,0.002,0,0,0,0,v
2014-01-12 14:18,6.277,0.002,0,0,0,0,v
2014-01-12 14:24,6.277,0.002,0,0,0,0,v
2014-01-12 14:30,6.275,0.003,0,0,0,0,v
2014-01-12 14:36,6.277,0.002,0,0,0,0,v
2014-01-12 14:42,6.289,0.005,0,0,0,0,v
2014-01-12 14:48,6.315,0.003,0,0,0,0,v
2014-01-12 14:54,6.311,0.003,0,0,0,0,v
2014-01-12 15:00,6.319,0.004,0,0,0,0,v
2014-01-12 15:06,6.320,0.002,0,0,0,0,v
2014-01-12 15:12,6.328,0.005,0,0,0,0,v
2014-01-12 15:18,6.342,0.003,0,0,0,0,v
2014-01-12 15:24,6.332,0.009,0,0,0,0,v
2014-01-12 15:30,6.389,0.003,0,0,0,0,v
2014-01-12 15:36,6.380,0.005,0,0,0,0,v
2014-01-12 15:42,6.402,0.002,0,0,0,0,v
2014-01-12 15:48,6.406,0.005,0,0,0,0,v
2014-01-12 15:54,6.430,0.004,0,0,0,0,v
2014-01-12 16:00,6.430,0.004,0,0,0,0,v
2014-01-12 16:06,6.437,0.003,0,0,0,0,v
2014-01-12 16:12,6.438,0.002,0,0,0,0,v
2014-01-12 16:18,6.460,0.004,0,0,0,0,v
2014-01-12 16:24,6.491,0.008,0,0,0,0,v
2014-01-12 16:30,6.529,0.003,0,0,0,0,v
2014-01-12 16:36,6.519,0.003,0,0,0,0,v
2014-01-12 16:42,6.525,0.003,0,0,0,0,v
2014-01-12 16:48,6.555,0.010,0,0,0,0,v
2014-01-12 16:54,6.580,0.003,0,0,0,0,v
2014-01-12 17:00,6.578,0.005,0,0,0,0,v
2014-01-12 17:06,6.573,0.007,0,0,0,0,v
2014-01-12 17:12,6.598,0.002,0,0,0,0,v
2014-01-12 17:18,6.609,0.005,0,0,0,0,v
2014-01-12 17:24,6.598,0.005,0,0,0,0,v
2014-01-12 17:30,6.619,0.003,0,0,0,0,v
2014-01-12 17:36,6.630,0.003,0,0,0,0,v
2014-01-12 17:42,6.629,0.003,0,0,0,0,v
2014-01-12 17:48,6.640,0.003,0,0,0,0,v
2014-01-12 17:54,6.641,0.003,0,0,0,0,v
2014-01-12 18:00,6.622,0.004,0,0,0,0,v
2014-01-12 18:06,6.665,0.002,0,0,0,0,v
2014-01-12 18:12,6.657,0.004,0,0,0,0,v
2014-01-12 18:18,6.678,0.004,0,0,0,0,v
2014-01-12 18:24,6.696,0.002,0,0,0,0,v
2014-01-12 18:30,6.688,0.004,0,0,0,0,v
2014-01-12 18:36,6.684,0.003,0,0,0,0,v
2014-01-12 18:42,6.669,0.004,0,0,0,0,v
2014-01-12 18:48,6.695,0.004,0,0,0,0,v
2014-01-12 18:54,6.723,0.002,0,0,0,0,v
2014-01-12 19:00,6.720,0.003,0,0,0,0,v
2014-01-12 19:06,6.746,0.003,0,0,0,0,v
2014-01-12 19:12,6.745,0.003,0,0,0,0,v
2014-01-12 19:18,6.730,0.002,0,0,0,0,v
2014-01-12 19:24,6.754,0.004,0,0,0,0,v
2014-01-12 19:30,6.761,0.002,0,0,0,0,v
2014-01-12 19:36,6.766,0.005,0,0,0,0,v
2014-01-12 19:42,6.774,0.003,0,0,0,0,v
2014-01-12 19:48,6.788,0.003,0,0,0,0,v
2014-01-12 19:54,6.768,0.004,0,0,0,0,v
2014-01-12 20:00,6.788,0.002,0,0,0,0,v
2014-01-12 20:06,6.780,0.004,0,0,0,0,v
2014-01-12 20:12,6.782,0.003,0,0,0,0,v
2014-01-12 20:18,6.794,0.005,0,0,0,0,v
2014-01-12 20:24,6.796,0.004,0,0,0,0,v
2014-01-12 20:30,6.768,0.005,0,0,0,0,v
2014-01-12 20:36,6.796,0.004,0,0,0,0,v
2014-01-12 20:42,6.781,0.004,0,0,0,0,v
2014-01-12 20:48,6.755,0.003,0,0,0,0,v
2014-01-12 20:54,6.791,0.004,0,0,0,0,v
2014-01-12 21:00,6.822,0.005,0,0,0,0,v
2014-01-12 21:06,6.817,0.009,0,0,0,0,v
2014-01-12 21:12,6.868,0.007,0,0,0,0,v
2014-01-12 21:18,6.816,0.003,0,0,0,0,v
2014-01-12 21:24,6.799,0.010,0,0,0,0,v
2014-01-12 21:30,6.840,0.004,0,0,0,0,v
2014-01-12 21:36,6.843,0.014,0,0,0,0,v
2014-01-12 21:42,6.838,0.006,0,0,0,0,v
2014-01-12 21:48,6.846,0.004,0,0,0,0,v
2014-01-12 21:54,6.878,0.002,0,0,0,0,v
2014-01-12 22:00,6.853,0.006,0,0,0,0,v
2014-01-12 22:06,6.831,0.003,0,0,0,0,v
2014-01-12 22:12,6.868,0.005,0,0,0,0,v
2014-01-12 22:18,6.892,0.003,0,0,0,0,v
2014-01-12 22:24,6.857,0.003,0,0,0,0,v
2014-01-12 22:30,6.869,0.004,0,0,0,0,v
2014-01-12 22:36,6.851,0.003,0,0,0,0,v
2014-01-12 22:42,6.856,0.002,0,0,0,0,v
2014-01-12 22:48,6.850,0.004,0,0,0,0,v
2014-01-12 22:54,6.849,0.003,0,0,0,0,v
2014-01-12 23:00,6.848,0.005,0,0,0,0,v
2014-01-12 23:06,6.830,0.003,0,0,0,0,v
2014-01-12 23:12,6.816,0.003,0,0,0,0,v
2014-01-12 23:18,6.837,0.003,0,0,0,0,v
2014-01-12 23:24,6.840,0.002,0,0,0,0,v
2014-01-12 23:30,6.838,0.005,0,0,0,0,v
2014-01-12 23:36,6.816,0.004,0,0,0,0,v
2014-01-12 23:42,6.819,0.004,0,0,0,0,v
2014-01-12 23:48,6.843,0.003,0,0,0,0,v
2014-01-12 23:54,6.845,0.005,0,0,0,0,v
2014-01-13 00:00,6.834,0.005,0,0,0,0,v
2014-01-13 00:06,6.831,0.003,0,0,0,0,v
2014-01-13 00:12,6.808,0.003,0,0,0,0,v
2014-01-13 00:18,6.824,0.005,0,0,0,0,v
2014-01-13 00:24,6.830,0.003,0,0,0,0,v
2014-01-13 00:30,6.813,0.003,0,0,0,0,v
2014-01-13 00:36,6.809,0.003,0,0,0,0,v
2014-01-13 00:42,6.779,0.005,0,0,0,0,v
2014-01-13 00:48,6.770,0.003,0,0,0,0,v
2014-01-13 00:54,6.743,0.005,0,0,0,0,v
2014-01-13 01:00,6.738,0.003,0,0,0,0,v
2014-01-13 01:06,6.740,0.004,0,0,0,0,v
2014-01-13 01:12,6.739,0.003,0,0,0,0,v
2014-01-13 01:18,6.748,0.003,0,0,0,0,v
2014-01-13 01:24,6.730,0.007,0,0,0,0,v
2014-01-13 01:30,6.738,0.003,0,0,0,0,v
2014-01-13 01:36,6.769,0.011,0,0,0,0,v
2014-01-13 01:42,6.760,0.006,0,0,0,0,v
2014-01-13 01:48,6.774,0.004,0,0,0,0,v
2014-01-13 01:54,6.791,0.010,0,0,0,0,v
2014-01-13 02:00,6.751,0.004,0,0,0,0,v
2014-01-13 02:06,6.781,0.005,0,0,0,0,v
2014-01-13 02:12,6.781,0.005,0,0,0,0,v
2014-01-13 02:18,6.752,0.006,0,0,0,0,v
2014-01-13 02:24,6.784,0.004,0,0,0,0,v
2014-01-13 02:30,6.788,0.003,0,0,0,0,v
2014-01-13 02:36,6.793,0.005,0,0,0,0,v
2014-01-13 02:42,6.787,0.003,0,0,0,0,v
2014-01-13 02:48,6.815,0.004,0,0,0,0,v
2014-01-13 02:54,6.787,0.004,0,0,0,0,v
2014-01-13 03:00,6.821,0.004,0,0,0,0,v
2014-01-13 03:06,6.786,0.004,0,0,0,0,v
2014-01-13 03:12,6.786,0.005,0,0,0,0,v
2014-01-13 03:18,6.812,0.008,0,0,0,0,v
2014-01-13 03:24,6.832,0.011,0,0,0,0,v
2014-01-13 03:30,6.834,0.004,0,0,0,0,v
2014-01-13 03:36,6.794,0.008,0,0,0,0,v
2014-01-13 03:42,6.817,0.005,0,0,0,0,v
2014-01-13 03:48,6.823,0.005,0,0,0,0,v
2014-01-13 03:54,6.824,0.005,0,0,0,0,v
2014-01-13 04:00,6.840,0.011,0,0,0,0,v
2014-01-13 04:06,6.848,0.007,0,0,0,0,v
2014-01-13 04:12,6.840,0.007,0,0,0,0,v
2014-01-13 04:18,6.824,0.007,0,0,0,0,v
2014-01-13 04:24,6.840,0.006,0,0,0,0,v
2014-01-13 04:30,6.851,0.007,0,0,0,0,v
2014-01-13 04:36,6.814,0.010,0,0,0,0,v
2014-01-13 04:42,6.815,0.007,0,0,0,0,v
2014-01-13 04:48,6.812,0.007,0,0,0,0,v
2014-01-13 04:54,6.771,0.013,0,0,0,0,v
2014-01-13 05:00,6.739,0.008,0,0,0,0,v
2014-01-13 05:06,6.771,0.007,0,0,0,0,v
2014-01-13 05:12,6.759,0.014,0,0,0,0,v
2014-01-13 05:18,6.807,0.025,0,0,0,0,v
2014-01-13 05:24,6.776,0.017,0,0,0,0,v
2014-01-13 05:30,6.797,0.010,0,0,0,0,v
2014-01-13 05:36,6.674,0.022,0,0,0,0,v
2014-01-13 05:42,6.657,0.008,0,0,0,0,v
2014-01-13 05:48,6.730,0.011,0,0,0,0,v
2014-01-13 05:54,6.720,0.009,0,0,0,0,v
2014-01-13 06:00,6.742,0.007,0,0,0,0,v
2014-01-13 06:06,6.728,0.012,0,0,0,0,v
2014-01-13 06:12,6.745,0.012,0,0,0,0,v
2014-01-13 06:18,6.720,0.012,0,0,0,0,v
2014-01-13 06:24,6.691,0.021,0,0,0,0,v
2014-01-13 06:30,6.690,0.013,0,0,0,0,v
2014-01-13 06:36,6.639,0.009,0,0,0,0,v
2014-01-13 06:42,6.610,0.008,0,0,0,0,v
2014-01-13 06:48,6.594,0.015,0,0,0,0,v
2014-01-13 06:54,6.632,0.014,0,0,0,0,v
2014-01-13 07:00,6.618,0.015,0,0,0,0,v
2014-01-13 07:06,6.584,0.018,0,0,0,0,v
2014-01-13 07:12,6.564,0.009,0,0,0,0,v
2014-01-13 07:18,6.552,0.000,0,0,0,0,v
2014-01-13 07:24,6.515,0.013,0,0,0,0,v
2014-01-13 07:30,6.521,0.011,0,0,0,0,v
2014-01-13 07:36,6.564,0.010,0,0,0,0,v
2014-01-13 07:42,6.477,0.013,0,0,0,0,v
2014-01-13 07:48,6.486,0.009,0,0,0,0,v
2014-01-13 07:54,6.500,0.018,0,0,0,0,v
2014-01-13 08:00,6.513,0.017,0,0,0,0,v
2014-01-13 08:06,6.467,0.013,0,0,0,0,v
2014-01-13 08:12,6.495,0.008,0,0,0,0,v
2014-01-13 08:18,6.511,0.010,0,0,0,0,v
2014-01-13 08:24,6.479,0.009,0,0,0,0,v
2014-01-13 08:30,6.447,0.012,0,0,0,0,v
2014-01-13 08:36,6.422,0.009,0,0,0,0,v
2014-01-13 08:42,6.414,0.009,0,0,0,0,v
2014-01-13 08:48,6.494,0.011,0,0,0,0,v
2014-01-13 08:54,6.495,0.010,0,0,0,0,v
2014-01-13 09:00,6.490,0.006,0,0,0,0,v
2014-01-13 09:06,6.528,0.010,0,0,0,0,v
2014-01-13 09:12,6.497,0.012,0,0,0,0,v
2014-01-13 09:18,6.432,0.007,0,0,0,0,v
2014-01-13 09:24,6.457,0.013,0,0,0,0,v
2014-01-13 09:30,6.479,0.006,0,0,0,0,v
2014-01-13 09:36,6.503,0.010,0,0,0,0,v
2014-01-13 09:42,6.494,0.006,0,0,0,0,v
2014-01-13 09:48,6.438,0.009,0,0,0,0,v
2014-01-13 09:54,6.391,0.007,0,0,0,0,v
2014-01-13 10:00,6.403,0.016,0,0,0,0,v
2014-01-13 10:06,6.406,0.010,0,0,0,0,v
2014-01-13 10:12,6.416,0.006,0,0,0,0,v
2014-01-13 10:18,6.388,0.012,0,0,0,0,v
2014-01-13 10:24,6.412,0.020,0,0,0,0,v
2014-01-13 10:30,6.312,0.009,0,0,0,0,v
2014-01-13 10:36,6.327,0.006,0,0,0,0,v
2014-01-13 10:42,6.398,0.015,0,0,0,0,v
2014-01-13 10:48,6.369,0.010,0,0,0,0,v
2014-01-13 10:54,6.341,0.011,0,0,0,0,v
2014-01-13 11:00,6.295,0.009,0,0,0,0,v
2014-01-13 11:06,6.232,0.013,0,0,0,0,v
2014-01-13 11:12,6.257,0.011,0,0,0,0,v
2014-01-13 11:18,6.268,0.007,0,0,0,0,v
2014-01-13 11:24,6.296,0.011,0,0,0,0,v
2014-01-13 11:30,6.371,0.012,0,0,0,0,v
2014-01-13 11:36,6.407,0.015,0,0,0,0,v
2014-01-13 11:42,6.360,0.008,0,0,0,0,v
2014-01-13 11:48,6.331,0.008,0,0,0,0,v
2014-01-13 11:54,6.321,0.005,0,0,0,0,v
2014-01-13 12:00,6.310,0.010,0,0,0,0,v
2014-01-13 12:06,6.353,0.009,0,0,0,0,v
2014-01-13 12:12,6.327,0.010,0,0,0,0,v
2014-01-13 12:18,6.307,0.008,0,0,0,0,v
2014-01-13 12:24,6.274,0.006,0,0,0,0,v
2014-01-13 12:30,6.239,0.007,0,0,0,0,v
2014-01-13 12:36,6.218,0.011,0,0,0,0,v
2014-01-13 12:42,6.228,0.016,0,0,0,0,v
2014-01-13 12:48,6.278,0.007,0,0,0,0,v
2014-01-13 12:54,6.228,0.008,0,0,0,0,v
2014-01-13 13:00,6.259,0.012,0,0,0,0,v
2014-01-13 13:06,6.295,0.009,0,0,0,0,v
2014-01-13 13:12,6.288,0.009,0,0,0,0,v
2014-01-13 13:18,6.227,0.010,0,0,0,0,v
2014-01-13 13:24,6.231,0.009,0,0,0,0,v
2014-01-13 13:30,6.244,0.008,0,0,0,0,v
2014-01-13 13:36,6.248,0.007,0,0,0,0,v
2014-01-13 13:42,6.200,0.008,0,0,0,0,v
2014-01-13 13:48,6.214,0.009,0,0,0,0,v
2014-01-13 13:54,6.230,0.014,0,0,0,0,v
2014-01-13 14:00,6.259,0.015,0,0,0,0,v
2014-01-13 14:06,6.248,0.011,0,0,0,0,v
2014-01-13 14:12,6.229,0.007,0,0,0,0,v
2014-01-13 14:18,6.266,0.009,0,0,0,0,v
2014-01-13 14:24,6.305,0.009,0,0,0,0,v
2014-01-13 14:30,6.321,0.009,0,0,0,0,v
2014-01-13 14:36,6.323,0.010,0,0,0,0,v
2014-01-13 14:42,6.328,0.006,0,0,0,0,v
2014-01-13 14:48,6.285,0.013,0,0,0,0,v
2014-01-13 14:54,6.297,0.009,0,0,0,0,v
2014-01-13 15:00,6.308,0.007,0,0,0,0,v
2014-01-13 15:06,6.297,0.016,0,0,0,0,v
2014-01-13 15:12,6.309,0.012,0,0,0,0,v
2014-01-13 15:18,6.286,0.009,0,0,0,0,v
2014-01-13 15:24,6.251,0.012,0,0,0,0,v
2014-01-13 15:30,6.326,0.012,0,0,0,0,v
2014-01-13 15:36,6.317,0.006,0,0,0,0,v
2014-01-13 15:42,6.292,0.009,0,0,0,0,v
2014-01-13 15:48,6.414,0.024,0,0,0,0,v
2014-01-13 15:54,6.490,0.008,0,0,0,0,v
2014-01-13 16:00,6.468,0.007,0,0,0,0,v
2014-01-13 16:06,6.440,0.009,0,0,0,0,v
2014-01-13 16:12,6.442,0.005,0,0,0,0,v
2014-01-13 16:18,6.462,0.010,0,0,0,0,v
2014-01-13 16:24,6.490,0.009,0,0,0,0,v
2014-01-13 16:30,6.535,0.008,0,0,0,0,v
2014-01-13 16:36,6.494,0.008,0,0,0,0,v
2014-01-13 16:42,6.483,0.011,0,0,0,0,v
2014-01-13 16:48,6.452,0.013,0,0,0,0,v
2014-01-13 16:54,6.541,0.006,0,0,0,0,v
2014-01-13 17:00,6.551,0.009,0,0,0,0,v
2014-01-13 17:06,6.514,0.010,0,0,0,0,v
2014-01-13 17:12,6.543,0.006,0,0,0,0,v
2014-01-13 17:18,6.546,0.006,0,0,0,0,v
2014-01-13 17:24,6.566,0.011,0,0,0,0,v
2014-01-13 17:30,6.525,0.016,0,0,0,0,v
2014-01-13 17:36,6.481,0.006,0,0,0,0,v
2014-01-13 17:42,6.541,0.010,0,0,0,0,v
2014-01-13 17:48,6.494,0.008,0,0,0,0,v
2014-01-13 17:54,6.486,0.007,0,0,0,0,v
2014-01-13 18:00,6.508,0.008,0,0,0,0,v
2014-01-13 18:06,6.520,0.011,0,0,0,0,v
2014-01-13 18:12,6.569,0.006,0,0,0,0,v
2014-01-13 18:18,6.583,0.007,0,0,0,0,v
2014-01-13 18:24,6.575,0.012,0,0,0,0,v
2014-01-13 18:30,6.636,0.006,0,0,0,0,v
2014-01-13 18:36,6.633,0.007,0,0,0,0,v
2014-01-13 18:42,6.612,0.007,0,0,0,0,v
2014-01-13 18:48,6.648,0.006,0,0,0,0,v
2014-01-13 18:54,6.632,0.011,0,0,0,0,v
2014-01-13 19:00,6.634,0.006,0,0,0,0,v
2014-01-13 19:06,6.629,0.007,0,0,0,0,v
2014-01-13 19:12,6.578,0.007,0,0,0,0,v
2014-01-13 19:18,6.618,0.007,0,0,0,0,v
2014-01-13 19:24,6.649,0.009,0,0,0,0,v
2014-01-13 19:30,6.680,0.009,0,0,0,0,v
2014-01-13 19:36,6.670,0.010,0,0,0,0,v
2014-01-13 19:42,6.655,0.007,0,0,0,0,v
2014-01-13 19:48,6.684,0.007,0,0,0,0,v
2014-01-13 19:54,6.740,0.011,0,0,0,0,v
2014-01-13 20:00,6.766,0.006,0,0,0,0,v
2014-01-13 20:06,6.764,0.007,0,0,0,0,v
2014-01-13 20:12,6.733,0.011,0,0,0,0,v
2014-01-13 20:18,6.711,0.009,0,0,0,0,v
2014-01-13 20:24,6.741,0.009,0,0,0,0,v
2014-01-13 20:30,6.716,0.009,0,0,0,0,v
2014-01-13 20:36,6.766,0.006,0,0,0,0,v
2014-01-13 20:42,6.772,0.007,0,0,0,0,v
2014-01-13 20:48,6.758,0.009,0,0,0,0,v
2014-01-13 20:54,6.777,0.010,0,0,0,0,v
2014-01-13 21:00,6.832,0.009,0,0,0,0,v
2014-01-13 21:06,6.819,0.011,0,0,0,0,v
2014-01-13 21:12,6.760,0.010,0,0,0,0,v
2014-01-13 21:18,6.776,0.009,0,0,0,0,v
2014-01-13 21:24,6.758,0.005,0,0,0,0,v
2014-01-13 21:30,6.724,0.008,0,0,0,0,v
2014-01-13 21:36,6.715,0.009,0,0,0,0,v
2014-01-13 21:42,6.730,0.007,0,0,0,0,v
2014-01-13 21:48,6.681,0.009,0,0,0,0,v
2014-01-13 21:54,6.746,0.010,0,0,0,0,v
2014-01-13 22:00,6.718,0.008,0,0,0,0,v
2014-01-13 22:06,6.753,0.011,0,0,0,0,v
2014-01-13 22:12,6.771,0.011,0,0,0,0,v
2014-01-13 22:18,6.767,0.019,0,0,0,0,v
2014-01-13 22:24,6.718,0.011,0,0,0,0,v
2014-01-13 22:30,6.741,0.009,0,0,0,0,v
2014-01-13 22:36,6.738,0.009,0,0,0,0,v
2014-01-13 22:42,6.798,0.006,0,0,0,0,v
2014-01-13 22:48,6.784,0.006,0,0,0,0,v
2014-01-13 22:54,6.753,0.011,0,0,0,0,v
2014-01-13 23:00,6.683,0.005,0,0,0,0,v
2014-01-13 23:06,6.732,0.010,0,0,0,0,v
2014-01-13 23:12,6.755,0.009,0,0,0,0,v
2014-01-13 23:18,6.803,0.011,0,0,0,0,v
2014-01-13 23:24,6.742,0.006,0,0,0,0,v
2014-01-13 23:30,6.768,0.007,0,0,0,0,v
2014-01-13 23:36,6.803,0.009,0,0,0,0,v
2014-01-13 23:42,6.828,0.005,0,0,0,0,v
2014-01-13 23:48,6.830,0.006,0,0,0,0,v
2014-01-13 23:54,6.810,0.011,0,0,0,0,v
2014-01-14 00:00,6.794,0.006,0,0,0,0,v
2014-01-14 00:06,6.780,0.007,0,0,0,0,v
2014-01-14 00:12,6.778,0.011,0,0,0,0,v
2014-01-14 00:18,6.782,0.005,0,0,0,0,v
2014-01-14 00:24,6.787,0.007,0,0,0,0,v
2014-01-14 00:30,6.744,0.008,0,0,0,0,v
2014-01-14 00:36,6.707,0.004,0,0,0,0,v
2014-01-14 00:42,6.725,0.006,0,0,0,0,v
2014-01-14 00:48,6.752,0.005,0,0,0,0,v
2014-01-14 00:54,6.732,0.006,0,0,0,0,v
2014-01-14 01:00,6.745,0.004,0,0,0,0,v
2014-01-14 01:06,6.768,0.010,0,0,0,0,v
2014-01-14 01:12,6.750,0.013,0,0,0,0,v
2014-01-14 01:18,6.712,0.005,0,0,0,0,v
2014-01-14 01:24,6.776,0.008,0,0,0,0,v
2014-01-14 01:30,6.796,0.006,0,0,0,0,v
2014-01-14 01:36,6.760,0.007,0,0,0,0,v
2014-01-14 01:42,6.748,0.005,0,0,0,0,v
2014-01-14 01:48,6.722,0.005,0,0,0,0,v
2014-01-14 01:54,6.691,0.011,0,0,0,0,v
2014-01-14 02:00,6.690,0.011,0,0,0,0,v
2014-01-14 02:06,6.747,0.007,0,0,0,0,v
2014-01-14 02:12,6.729,0.005,0,0,0,0,v
2014-01-14 02:18,6.723,0.005,0,0,0,0,v
2014-01-14 02:24,6.707,0.006,0,0,0,0,v
2014-01-14 02:30,6.695,0.011,0,0,0,0,v
2014-01-14 02:36,6.735,0.007,0,0,0,0,v
2014-01-14 02:42,6.707,0.007,0,0,0,0,v
2014-01-14 02:48,6.699,0.007,0,0,0,0,v
2014-01-14 02:54,6.682,0.006,0,0,0,0,v
2014-01-14 03:00,6.681,0.009,0,0,0,0,v
2014-01-14 03:06,6.659,0.008,0,0,0,0,v
2014-01-14 03:12,6.685,0.005,0,0,0,0,v
2014-01-14 03:18,6.698,0.005,0,0,0,0,v
2014-01-14 03:24,6.689,0.006,0,0,0,0,v
2014-01-14 03:30,6.659,0.005,0,0,0,0,v
2014-01-14 03:36,6.657,0.007,0,0,0,0,v
2014-01-14 03:42,6.629,0.005,0,0,0,0,v
2014-01-14 03:48,6.648,0.004,0,0,0,0,v
2014-01-14 03:54,6.666,0.008,0,0,0,0,v
2014-01-14 04:00,6.677,0.005,0,0,0,0,v
2014-01-14 04:06,6.676,0.014,0,0,0,0,v
2014-01-14 04:12,6.656,0.005,0,0,0,0,v
2014-01-14 04:18,6.656,0.004,0,0,0,0,v
2014-01-14 04:24,6.661,0.005,0,0,0,0,v
2014-01-14 04:30,6.650,0.006,0,0,0,0,v
2014-01-14 04:36,6.691,0.005,0,0,0,0,v
2014-01-14 04:42,6.691,0.006,0,0,0,0,v
2014-01-14 04:48,6.687,0.003,0,0,0,0,v
2014-01-14 04:54,6.677,0.003,0,0,0,0,v
2014-01-14 05:00,6.714,0.003,0,0,0,0,v
2014-01-14 05:06,6.736,0.005,0,0,0,0,v
2014-01-14 05:12,6.713,0.007,0,0,0,0,v
2014-01-14 05:18,6.687,0.008,0,0,0,0,v
2014-01-14 05:24,6.667,0.006,0,0,0,0,v
2014-01-14 05:30,6.641,0.004,0,0,0,0,v
2014-01-14 05:36,6.681,0.010,0,0,0,0,v
2014-01-14 05:42,6.686,0.004,0,0,0,0,v
2014-01-14 05:48,6.673,0.006,0,0,0,0,v
2014-01-14 05:54,6.676,0.004,0,0,0,0,v
2014-01-14 06:00,6.671,0.007,0,0,0,0,v
2014-01-14 06:06,6.640,0.004,0,0,0,0,v
2014-01-14 06:12,6.658,0.004,0,0,0,0,v
2014-01-14 06:18,6.636,0.004,0,0,0,0,v
2014-01-14 06:24,6.634,0.004,0,0,0,0,v
2014-01-14 06:30,6.635,0.005,0,0,0,0,v
2014-01-14 06:36,6.653,0.005,0,0,0,0,v
2014-01-14 06:42,6.649,0.003,0,0,0,0,v
2014-01-14 06:48,6.642,0.005,0,0,0,0,v
2014-01-14 06:54,6.639,0.004,0,0,0,0,v
2014-01-14 07:00,6.632,0.005,0,0,0,0,v
2014-01-14 07:06,6.658,0.004,0,0,0,0,v
2014-01-14 07:12,6.635,0.008,0,0,0,0,v
2014-01-14 07:18,6.617,0.004,0,0,0,0,v
2014-01-14 07:24,6.615,0.004,0,0,0,0,v
2014-01-14 07:30,6.598,0.004,0,0,0,0,v
2014-01-14 07:36,6.606,0.004,0,0,0,0,v
2014-01-14 07:42,6.601,0.003,0,0,0,0,v
2014-01-14 07:48,6.611,0.004,0,0,0,0,v
2014-01-14 07:54,6.601,0.005,0,0,0,0,v
2014-01-14 08:00,6.579,0.005,0,0,0,0,v
2014-01-14 08:06,6.564,0.004,0,0,0,0,v
2014-01-14 08:12,6.549,0.005,0,0,0,0,v
2014-01-14 08:18,6.565,0.003,0,0,0,0,v
2014-01-14 08:24,6.551,0.003,0,0,0,0,v
2014-01-14 08:30,6.540,0.006,0,0,0,0,v
2014-01-14 08:36,6.528,0.004,0,0,0,0,v
2014-01-14 08:42,6.527,0.005,0,0,0,0,v
2014-01-14 08:48,6.493,0.007,0,0,0,0,v
2014-01-14 08:54,6.490,0.010,0,0,0,0,v
2014-01-14 09:00,6.520,0.004,0,0,0,0,v
2014-01-14 09:06,6.494,0.000,1,0,0,0,v
2014-01-14 09:12,6.469,0.000,0,0,0,0,v
2014-01-14 09:18,6.461,0.004,0,0,0,0,v
2014-01-14 09:24,6.451,0.003,0,0,0,0,v
2014-01-14 09:30,6.455,0.003,0,0,0,0,v
2014-01-14 09:36,6.480,0.004,0,0,0,0,v
2014-01-14 09:42,6.454,0.004,0,0,0,0,v
2014-01-14 09:48,6.431,0.003,0,0,0,0,v
2014-01-14 09:54,6.433,0.003,0,0,0,0,v
2014-01-14 10:00,6.428,0.006,0,0,0,0,v
2014-01-14 10:06,6.407,0.004,0,0,0,0,v
2014-01-14 10:12,6.420,0.003,0,0,0,0,v
2014-01-14 10:18,6.428,0.003,0,0,0,0,v
2014-01-14 10:24,6.430,0.004,0,0,0,0,v
2014-01-14 10:30,6.396,0.003,0,0,0,0,v
2014-01-14 10:36,6.393,0.003,0,0,0,0,v
2014-01-14 10:42,6.364,0.004,0,0,0,0,v
2014-01-14 10:48,6.358,0.004,0,0,0,0,v
2014-01-14 10:54,6.357,0.003,0,0,0,0,v
2014-01-14 11:00,6.329,0.007,0,0,0,0,v
2014-01-14 11:06,6.305,0.003,0,0,0,0,v
2014-01-14 11:12,6.322,0.004,0,0,0,0,v
2014-01-14 11:18,6.308,0.007,0,0,0,0,v
2014-01-14 11:24,6.290,0.004,0,0,0,0,v
2014-01-14 11:30,6.314,0.004,0,0,0,0,v
2014-01-14 11:36,6.306,0.003,0,0,0,0,v
2014-01-14 11:42,6.297,0.004,0,0,0,0,v
2014-01-14 11:48,6.281,0.004,0,0,0,0,v
2014-01-14 11:54,6.250,0.004,0,0,0,0,v
2014-01-14 12:00,6.226,0.006,0,0,0,0,v
2014-01-14 12:06,6.199,0.003,0,0,0,0,v
2014-01-14 12:12,6.209,0.003,0,0,0,0,v
2014-01-14 12:18,6.209,0.003,0,0,0,0,v
2014-01-14 12:24,6.216,0.003,0,0,0,0,v
2014-01-14 12:30,6.190,0.004,0,0,0,0,v
2014-01-14 12:36,6.208,0.006,0,0,0,0,v
2014-01-14 12:42,6.178,0.004,0,0,0,0,v
2014-01-14 12:48,6.173,0.003,0,0,0,0,v
2014-01-14 12:54,6.172,0.007,0,0,0,0,v
2014-01-14 13:00,6.159,0.004,0,0,0,0,v
2014-01-14 13:06,6.172,0.003,0,0,0,0,v
2014-01-14 13:12,6.153,0.000,0,0,0,0,v
2014-01-14 13:18,6.143,0.004,0,0,0,0,v
2014-01-14 13:24,6.145,0.004,0,0,0,0,v
2014-01-14 13:30,6.147,0.003,0,0,0,0,v
2014-01-14 13:36,6.150,0.003,0,0,0,0,v
2014-01-14 13:42,6.160,0.006,0,0,0,0,v
2014-01-14 13:48,6.166,0.003,0,0,0,0,v
2014-01-14 13:54,6.182,0.004,0,0,0,0,v
2014-01-14 14:00,6.165,0.003,0,0,0,0,v
2014-01-14 14:06,6.189,0.003,0,0,0,0,v
2014-01-14 14:12,6.209,0.003,0,0,0,0,v
2014-01-14 14:18,6.216,0.003,0,0,0,0,v
2014-01-14 14:24,6.232,0.004,0,0,0,0,v
2014-01-14 14:30,6.224,0.004,0,0,0,0,v
2014-01-14 14:36,6.218,0.003,0,0,0,0,v
2014-01-14 14:42,6.205,0.002,0,0,0,0,v
2014-01-14 14:48,6.219,0.007,0,0,0,0,v
2014-01-14 14:54,6.220,0.003,0,0,0,0,v
2014-01-14 15:00,6.224,0.003,0,0,0,0,v
2014-01-14 15:06,6.241,0.003,0,0,0,0,v
2014-01-14 15:12,6.247,0.002,0,0,0,0,v
2014-01-14 15:18,6.261,0.003,0,0,0,0,v
2014-01-14 15:24,6.264,0.003,0,0,0,0,v
2014-01-14 15:30,6.242,0.003,0,0,0,0,v
2014-01-14 15:36,6.242,0.003,0,0,0,0,v
2014-01-14 15:42,6.227,0.003,0,0,0,0,v
2014-01-14 15:48,6.248,0.003,0,0,0,0,v
2014-01-14 15:54,6.250,0.003,0,0,0,0,v
2014-01-14 16:00,6.253,0.002,0,0,0,0,v
2014-01-14 16:06,6.235,0.003,0,0,0,0,v
2014-01-14 16:12,6.245,0.003,0,0,0,0,v
2014-01-14 16:18,6.258,0.003,0,0,0,0,v
2014-01-14 16:24,6.278,0.004,0,0,0,0,v
2014-01-14 16:30,6.288,0.003,0,0,0,0,v
2014-01-14 16:36,6.295,0.002,0,0,0,0,v
2014-01-14 16:42,6.316,0.005,0,0,0,0,v
2014-01-14 16:48,6.336,0.004,0,0,0,0,v
2014-01-14 16:54,6.346,0.002,0,0,0,0,v
2014-01-14 17:00,6.330,0.003,0,0,0,0,v
2014-01-14 17:06,6.356,0.005,0,0,0,0,v
2014-01-14 17:12,6.365,0.002,0,0,0,0,v
2014-01-14 17:18,6.364,0.004,0,0,0,0,v
2014-01-14 17:24,6.376,0.000,0,0,0,0,v
2014-01-14 17:30,6.382,0.003,0,0,0,0,v
2014-01-14 17:36,6.391,0.002,0,0,0,0,v
2014-01-14 17:42,6.388,0.003,0,0,0,0,v
2014-01-14 17:48,6.404,0.002,0,0,0,0,v
2014-01-14 17:54,6.398,0.003,0,0,0,0,v
2014-01-14 18:00,6.410,0.002,0,0,0,0,v
2014-01-14 18:06,6.422,0.003,0,0,0,0,v
2014-01-14 18:12,6.443,0.002,0,0,0,0,v
2014-01-14 18:18,6.454,0.003,0,0,0,0,v
2014-01-14 18:24,6.452,0.002,0,0,0,0,v
2014-01-14 18:30,6.475,0.002,0,0,0,0,v
2014-01-14 18:36,6.484,0.003,0,0,0,0,v
2014-01-14 18:42,6.484,0.003,0,0,0,0,v
2014-01-14 18:48,6.511,0.002,0,0,0,0,v
2014-01-14 18:54,6.518,0.003,0,0,0,0,v
2014-01-14 19:00,6.516,0.003,0,0,0,0,v
2014-01-14 19:06,6.524,0.002,0,0,0,0,v
2014-01-14 19:12,6.543,0.004,0,0,0,0,v
2014-01-14 19:18,6.570,0.003,0,0,0,0,v
2014-01-14 19:24,6.579,0.002,0,0,0,0,v
2014-01-14 19:30,6.580,0.002,0,0,0,0,v
2014-01-14 19:36,6.561,0.002,0,0,0,0,v
2014-01-14 19:42,6.574,0.004,0,0,0,0,v
2014-01-14 19:48,6.572,0.003,0,0,0,0,v
2014-01-14 19:54,6.580,0.002,0,0,0,0,v
2014-01-14 20:00,6.582,0.003,0,0,0,0,v
2014-01-14 20:06,6.593,0.004,0,0,0,0,v
2014-01-14 20:12,6.598,0.003,0,0,0,0,v
2014-01-14 20:18,6.588,0.002,0,0,0,0,v
2014-01-14 20:24,6.612,0.003,0,0,0,0,v
2014-01-14 20:30,6.631,0.004,0,0,0,0,v
2014-01-14 20:36,6.634,0.003,0,0,0,0,v
2014-01-14 20:42,6.662,0.005,0,0,0,0,v
2014-01-14 20:48,6.684,0.003,0,0,0,0,v
2014-01-14 20:54,6.671,0.005,0,0,0,0,v
2014-01-14 21:00,6.673,0.003,0,0,0,0,v
2014-01-14 21:06,6.674,0.003,0,0,0,0,v
2014-01-14 21:12,6.666,0.003,0,0,0,0,v
2014-01-14 21:18,6.654,0.003,0,0,0,0,v
2014-01-14 21:24,6.679,0.002,0,0,0,0,v
2014-01-14 21:30,6.666,0.003,0,0,0,0,v
2014-01-14 21:36,6.666,0.003,0,0,0,0,v
2014-01-14 21:42,6.683,0.002,0,0,0,0,v
2014-01-14 21:48,6.682,0.003,0,0,0,0,v
2014-01-14 21:54,6.678,0.002,0,0,0,0,v
2014-01-14 22:00,6.684,0.002,0,0,0,0,v
2014-01-14 22:06,6.676,0.002,0,0,0,0,v
2014-01-14 22:12,6.669,0.002,0,0,0,0,v
2014-01-14 22:18,6.670,0.004,0,0,0,0,v
2014-01-14 22:24,6.667,0.004,0,0,0,0,v
2014-01-14 22:30,6.687,0.004,0,0,0,0,v
2014-01-14 22:36,6.679,0.004,0,0,0,0,v
2014-01-14 22:42,6.672,0.002,0,0,0,0,v
2014-01-14 22:48,6.691,0.002,0,0,0,0,v
2014-01-14 22:54,6.674,0.002,0,0,0,0,v
2014-01-14 23:00,6.677,0.002,0,0,0,0,v
2014-01-14 23:06,6.674,0.003,0,0,0,0,v
2014-01-14 23:12,6.652,0.003,0,0,0,0,v
2014-01-14 23:18,6.673,0.005,0,0,0,0,v
2014-01-14 23:24,6.689,0.002,0,0,0,0,v
2014-01-14 23:30,6.665,0.003,0,0,0,0,v
2014-01-14 23:36,6.668,0.002,0,0,0,0,v
2014-01-14 23:42,6.647,0.003,0,0,0,0,v
2014-01-14 23:48,6.658,0.002,0,0,0,0,v
2014-01-14 23:54,6.683,0.003,0,0,0,0,v
2014-01-15 00:00,6.688,0.002,0,0,0,0,v
2014-01-15 00:06,6.676,0.003,0,0,0,0,v
2014-01-15 00:12,6.666,0.003,0,0,0,0,v
2014-01-15 00:18,6.655,0.004,0,0,0,0,v
2014-01-15 00:24,6.661,0.003,0,0,0,0,v
2014-01-15 00:30,6.646,0.002,0,0,0,0,v
2014-01-15 00:36,6.637,0.003,0,0,0,0,v
2014-01-15 00:42,6.622,0.002,0,0,0,0,v
2014-01-15 00:48,6.638,0.002,0,0,0,0,v
2014-01-15 00:54,6.636,0.002,0,0,0,0,v
2014-01-15 01:00,6.625,0.006,0,0,0,0,v
2014-01-15 01:06,6.610,0.002,0,0,0,0,v
2014-01-15 01:12,6.609,0.002,0,0,0,0,v
2014-01-15 01:18,6.621,0.003,0,0,0,0,v
2014-01-15 01:24,6.628,0.004,0,0,0,0,v
2014-01-15 01:30,6.624,0.002,0,0,0,0,v
2014-01-15 01:36,6.626,0.002,0,0,0,0,v
2014-01-15 01:42,6.625,0.002,0,0,0,0,v
2014-01-15 01:48,6.613,0.002,0,0,0,0,v
2014-01-15 01:54,6.607,0.002,0,0,0,0,v
2014-01-15 02:00,6.602,0.002,0,0,0,0,v
2014-01-15 02:06,6.604,0.002,0,0,0,0,v
2014-01-15 02:12,6.589,0.002,0,0,0,0,v
2014-01-15 02:18,6.595,0.002,0,0,0,0,v
2014-01-15 02:24,6.577,0.002,0,0,0,0,v
2014-01-15 02:30,6.604,0.003,0,0,0,0,v
2014-01-15 02:36,6.582,0.004,0,0,0,0,v
2014-01-15 02:42,6.573,0.004,0,0,0,0,v
2014-01-15 02:48,6.596,0.002,0,0,0,0,v
2014-01-15 02:54,6.586,0.002,0,0,0,0,v
2014-01-15 03:00,6.593,0.003,0,0,0,0,v
2014-01-15 03:06,6.566,0.002,0,0,0,0,v
2014-01-15 03:12,6.557,0.002,0,0,0,0,v
2014-01-15 03:18,6.570,0.002,0,0,0,0,v
2014-01-15 03:24,6.576,0.003,0,0,0,0,v
2014-01-15 03:30,6.560,0.002,0,0,0,0,v
2014-01-15 03:36,6.565,0.002,0,0,0,0,v
2014-01-15 03:42,6.553,0.002,0,0,0,0,v
2014-01-15 03:48,6.551,0.002,0,0,0,0,v
2014-01-15 03:54,6.546,0.002,0,0,0,0,v
2014-01-15 04:00,6.544,0.003,0,0,0,0,v
2014-01-15 04:06,6.566,0.004,0,0,0,0,v
2014-01-15 04:12,6.574,0.003,0,0,0,0,v
2014-01-15 04:18,6.579,0.002,0,0,0,0,v
2014-01-15 04:24,6.568,0.004,0,0,0,0,v
2014-01-15 04:30,6.546,0.002,0,0,0,0,v
2014-01-15 04:36,6.544,0.002,0,0,0,0,v
2014-01-15 04:42,6.539,0.002,0,0,0,0,v
2014-01-15 04:48,6.528,0.004,0,0,0,0,v
2014-01-15 04:54,6.525,0.005,0,0,0,0,v
2014-01-15 05:00,6.536,0.002,0,0,0,0,v
2014-01-15 05:06,6.547,0.002,0,0,0,0,v
2014-01-15 05:12,6.534,0.003,0,0,0,0,v
2014-01-15 05:18,6.530,0.002,0,0,0,0,v
2014-01-15 05:24,6.524,0.003,0,0,0,0,v
2014-01-15 05:30,6.521,0.002,0,0,0,0,v
2014-01-15 05:36,6.517,0.002,0,0,0,0,v
2014-01-15 05:42,6.498,0.006,0,0,0,0,v
2014-01-15 05:48,6.479,0.003,0,0,0,0,v
2014-01-15 05:54,6.483,0.002,0,0,0,0,v
2014-01-15 06:00,6.503,0.003,0,0,0,0,v
2014-01-15 06:06,6.500,0.004,0,0,0,0,v
2014-01-15 06:12,6.489,0.002,0,0,0,0,v
2014-01-15 06:18,6.486,0.002,0,0,0,0,v
2014-01-15 06:24,6.481,0.003,0,0,0,0,v
2014-01-15 06:30,6.469,0.002,0,0,0,0,v
2014-01-15 06:36,6.469,0.002,0,0,0,0,v
2014-01-15 06:42,6.458,0.003,0,0,0,0,v
2014-01-15 06:48,6.443,0.002,0,0,0,0,v
2014-01-15 06:54,6.437,0.002,0,0,0,0,v
2014-01-15 07:00,6.436,0.002,0,0,0,0,v
2014-01-15 07:06,6.436,0.002,0,0,0,0,v
2014-01-15 07:12,6.426,0.002,0,0,0,0,v
2014-01-15 07:18,6.416,0.003,0,0,0,0,v
2014-01-15 07:24,6.402,0.002,0,0,0,0,v
2014-01-15 07:30,6.408,0.003,0,0,0,0,v
2014-01-15 07:36,6.405,0.002,0,0,0,0,v
2014-01-15 07:42,6.418,0.003,0,0,0,0,v
2014-01-15 07:48,6.421,0.002,0,0,0,0,v
2014-01-15 07:54,6.407,0.003,0,0,0,0,v
2014-01-15 08:00,6.408,0.002,0,0,0,0,v
2014-01-15 08:06,6.392,0.003,0,0,0,0,v
2014-01-15 08:12,6.381,0.002,0,0,0,0,v
2014-01-15 08:18,6.386,0.003,0,0,0,0,v
2014-01-15 08:24,6.388,0.002,0,0,0,0,v
2014-01-15 08:30,6.372,0.004,0,0,0,0,v
2014-01-15 08:36,6.357,0.002,0,0,0,0,v
2014-01-15 08:42,6.347,0.002,0,0,0,0,v
2014-01-15 08:48,6.340,0.002,0,0,0,0,v
2014-01-15 08:54,6.347,0.004,0,0,0,0,v
2014-01-15 09:00,6.363,0.002,0,0,0,0,v
2014-01-15 09:06,6.348,0.003,0,0,0,0,v
2014-01-15 09:12,6.348,0.002,0,0,0,0,v
2014-01-15 09:18,6.339,0.002,0,0,0,0,v
2014-01-15 09:24,6.340,0.002,0,0,0,0,v
2014-01-15 09:30,6.341,0.002,0,0,0,0,v
2014-01-15 09:36,6.332,0.003,0,0,0,0,v
2014-01-15 09:42,6.313,0.004,0,0,0,0,v
2014-01-15 09:48,6.302,0.002,0,0,0,0,v
2014-01-15 09:54,6.300,0.003,0,0,0,0,v
2014-01-15 10:00,6.291,0.003,0,0,0,0,v
2014-01-15 10:06,6.277,0.003,0,0,0,0,v
2014-01-15 10:12,6.271,0.004,0,0,0,0,v
2014-01-15 10:18,6.275,0.003,0,0,0,0,v
2014-01-15 10:24,6.265,0.003,0,0,0,0,v
2014-01-15 10:30,6.264,0.003,0,0,0,0,v
2014-01-15 10:36,6.254,0.003,0,0,0,0,v
2014-01-15 10:42,6.255,0.003,0,0,0,0,v
2014-01-15 10:48,6.239,0.003,0,0,0,0,v
2014-01-15 10:54,6.234,0.003,0,0,0,0,v
2014-01-15 11:00,6.222,0.003,0,0,0,0,v
2014-01-15 11:06,6.201,0.004,0,0,0,0,v
2014-01-15 11:12,6.207,0.004,0,0,0,0,v
2014-01-15 11:18,6.208,0.004,0,0,0,0,v
2014-01-15 11:24,6.197,0.003,0,0,0,0,v
2014-01-15 11:30,6.189,0.003,0,0,0,0,v
2014-01-15 11:36,6.187,0.003,0,0,0,0,v
2014-01-15 11:42,6.160,0.004,0,0,0,0,v
2014-01-15 11:48,6.155,0.003,0,0,0,0,v
2014-01-15 11:54,6.158,0.005,0,0,0,0,v
2014-01-15 12:00,6.168,0.003,0,0,0,0,v
2014-01-15 12:06,6.154,0.003,0,0,0,0,v
2014-01-15 12:12,6.136,0.005,0,0,0,0,v
2014-01-15 12:18,6.106,0.005,0,0,0,0,v
2014-01-15 12:24,6.096,0.004,0,0,0,0,v
2014-01-15 12:30,6.085,0.005,0,0,0,0,v
2014-01-15 12:36,6.092,0.004,0,0,0,0,v
2014-01-15 12:42,6.093,0.005,0,0,0,0,v
2014-01-15 12:48,6.070,0.005,0,0,0,0,v
2014-01-15 12:54,6.054,0.006,0,0,0,0,v
2014-01-15 13:00,6.056,0.005,0,0,0,0,v
2014-01-15 13:06,6.059,0.004,0,0,0,0,v
2014-01-15 13:12,6.060,0.006,0,0,0,0,v
2014-01-15 13:18,6.073,0.005,0,0,0,0,v
2014-01-15 13:24,6.057,0.005,0,0,0,0,v
2014-01-15 13:30,6.056,0.005,0,0,0,0,v
2014-01-15 13:36,6.050,0.005,0,0,0,0,v
2014-01-15 13:42,6.062,0.004,0,0,0,0,v
2014-01-15 13:48,6.049,0.005,0,0,0,0,v
2014-01-15 13:54,6.059,0.007,0,0,0,0,v
2014-01-15 14:00,6.063,0.005,0,0,0,0,v
2014-01-15 14:06,6.069,0.008,0,0,0,0,v
2014-01-15 14:12,6.068,0.006,0,0,0,0,v
2014-01-15 14:18,6.074,0.006,0,0,0,0,v
2014-01-15 14:24,6.080,0.009,0,0,0,0,v
2014-01-15 14:30,6.083,0.005,0,0,0,0,v
2014-01-15 14:36,6.093,0.006,0,0,0,0,v
2014-01-15 14:42,6.103,0.005,0,0,0,0,v
2014-01-15 14:48,6.107,0.009,0,0,0,0,v
2014-01-15 14:54,6.123,0.006,0,0,0,0,v
2014-01-15 15:00,6.131,0.006,0,0,0,0,v
2014-01-15 15:06,6.133,0.006,0,0,0,0,v
2014-01-15 15:12,6.142,0.007,0,0,0,0,v
2014-01-15 15:18,6.127,0.006,0,0,0,0,v
2014-01-15 15:24,6.146,0.007,0,0,0,0,v
2014-01-15 15:30,6.154,0.010,0,0,0,0,v
2014-01-15 15:36,6.168,0.004,0,0,0,0,v
2014-01-15 15:42,6.190,0.006,0,0,0,0,v
2014-01-15 15:48,6.199,0.007,0,0,0,0,v
2014-01-15 15:54,6.199,0.006,0,0,0,0,v
2014-01-15 16:00,6.219,0.005,0,0,0,0,v
2014-01-15 16:06,6.230,0.007,0,0,0,0,v
2014-01-15 16:12,6.229,0.006,0,0,0,0,v
2014-01-15 16:18,6.242,0.006,0,0,0,0,v
2014-01-15 16:24,6.247,0.006,0,0,0,0,v
2014-01-15 16:30,6.252,0.004,0,0,0,0,v
2014-01-15 16:36,6.249,0.007,0,0,0,0,v
2014-01-15 16:42,6.264,0.007,0,0,0,0,v
2014-01-15 16:48,6.266,0.006,0,0,0,0,v
2014-01-15 16:54,6.271,0.006,0,0,0,0,v
2014-01-15 17:00,6.259,0.004,0,0,0,0,v
2014-01-15 17:06,6.271,0.007,0,0,0,0,v
2014-01-15 17:12,6.280,0.005,0,0,0,0,v
2014-01-15 17:18,6.293,0.007,0,0,0,0,v
2014-01-15 17:24,6.306,0.005,0,0,0,0,v
2014-01-15 17:30,6.304,0.004,0,0,0,0,v
2014-01-15 17:36,6.311,0.005,0,0,0,0,v
2014-01-15 17:42,6.325,0.004,0,0,0,0,v
2014-01-15 17:48,6.338,0.004,0,0,0,0,v
2014-01-15 17:54,6.345,0.005,0,0,0,0,v
2014-01-15 18:00,6.357,0.005,0,0,0,0,v
2014-01-15 18:06,6.346,0.005,0,0,0,0,v
2014-01-15 18:12,6.349,0.006,0,0,0,0,v
2014-01-15 18:18,6.369,0.006,0,0,0,0,v
2014-01-15 18:24,6.360,0.006,0,0,0,0,v
2014-01-15 18:30,6.375,0.006,0,0,0,0,v
2014-01-15 18:36,6.390,0.004,0,0,0,0,v
2014-01-15 18:42,6.404,0.005,0,0,0,0,v
2014-01-15 18:48,6.423,0.004,0,0,0,0,v
2014-01-15 18:54,6.426,0.004,0,0,0,0,v
2014-01-15 19:00,6.425,0.007,0,0,0,0,v
2014-01-15 19:06,6.439,0.005,0,0,0,0,v
2014-01-15 19:12,6.447,0.003,0,0,0,0,v
2014-01-15 19:18,6.457,0.004,0,0,0,0,v
2014-01-15 19:24,6.453,0.004,0,0,0,0,v
2014-01-15 19:30,6.464,0.004,0,0,0,0,v
2014-01-15 19:36,6.462,0.007,0,0,0,0,v
2014-01-15 19:42,6.468,0.003,0,0,0,0,v
2014-01-15 19:48,6.482,0.003,0,0,0,0,v
2014-01-15 19:54,6.512,0.003,0,0,0,0,v
2014-01-15 20:00,6.521,0.004,0,0,0,0,v
2014-01-15 20:06,6.556,0.004,0,0,0,0,v
2014-01-15 20:12,6.554,0.003,0,0,0,0,v
2014-01-15 20:18,6.553,0.003,0,0,0,0,v
2014-01-15 20:24,6.563,0.007,0,0,0,0,v
2014-01-15 20:30,6.583,0.003,0,0,0,0,v
2014-01-15 20:36,6.591,0.004,0,0,0,0,v
2014-01-15 20:42,6.609,0.003,0,0,0,0,v
2014-01-15 20:48,6.634,0.003,0,0,0,0,v
2014-01-15 20:54,6.620,0.006,0,0,0,0,v
2014-01-15 21:00,6.623,0.005,0,0,0,0,v
2014-01-15 21:06,6.629,0.007,0,0,0,0,v
2014-01-15 21:12,6.650,0.005,0,0,0,0,v
2014-01-15 21:18,6.673,0.004,0,0,0,0,v
2014-01-15 21:24,6.679,0.004,0,0,0,0,v
2014-01-15 21:30,6.691,0.005,0,0,0,0,v
2014-01-15 21:36,6.687,0.004,0,0,0,0,v
2014-01-15 21:42,6.709,0.006,0,0,0,0,v
2014-01-15 21:48,6.699,0.005,0,0,0,0,v
2014-01-15 21:54,6.700,0.006,0,0,0,0,v
2014-01-15 22:00,6.692,0.005,0,0,0,0,v
2014-01-15 22:06,6.683,0.006,0,0,0,0,v
2014-01-15 22:12,6.675,0.004,0,0,0,0,v
2014-01-15 22:18,6.676,0.003,0,0,0,0,v
2014-01-15 22:24,6.680,0.003,0,0,0,0,v
2014-01-15 22:30,6.674,0.005,0,0,0,0,v
2014-01-15 22:36,6.660,0.005,0,0,0,0,v
2014-01-15 22:42,6.655,0.005,0,0,0,0,v
2014-01-15 22:48,6.667,0.004,0,0,0,0,v
2014-01-15 22:54,6.672,0.006,0,0,0,0,v
2014-01-15 23:00,6.682,0.004,0,0,0,0,v
2014-01-15 23:06,6.676,0.004,0,0,0,0,v
2014-01-15 23:12,6.673,0.005,0,0,0,0,v
2014-01-15 23:18,6.679,0.005,0,0,0,0,v
2014-01-15 23:24,6.682,0.006,0,0,0,0,v
2014-01-15 23:30,6.697,0.004,0,0,0,0,v
2014-01-15 23:36,6.693,0.005,0,0,0,0,v
2014-01-15 23:42,6.677,0.005,0,0,0,0,v
2014-01-15 23:48,6.682,0.005,0,0,0,0,v
2014-01-15 23:54,6.684,0.005,0,0,0,0,v
2014-01-16 00:00,6.683,0.004,0,0,0,0,v
2014-01-16 00:06,6.680,0.004,0,0,0,0,v
2014-01-16 00:12,6.678,0.007,0,0,0,0,v
2014-01-16 00:18,6.664,0.007,0,0,0,0,v
2014-01-16 00:24,6.628,0.007,0,0,0,0,v
2014-01-16 00:30,6.604,0.005,0,0,0,0,v
2014-01-16 00:36,6.616,0.005,0,0,0,0,v
2014-01-16 00:42,6.612,0.005,0,0,0,0,v
2014-01-16 00:48,6.598,0.004,0,0,0,0,v
2014-01-16 00:54,6.579,0.006,0,0,0,0,v
2014-01-16 01:00,6.574,0.004,0,0,0,0,v
2014-01-16 01:06,6.591,0.004,0,0,0,0,v
2014-01-16 01:12,6.577,0.006,0,0,0,0,v
2014-01-16 01:18,6.584,0.003,0,0,0,0,v
2014-01-16 01:24,6.574,0.005,0,0,0,0,v
2014-01-16 01:30,6.592,0.005,0,0,0,0,v
2014-01-16 01:36,6.586,0.004,0,0,0,0,v
2014-01-16 01:42,6.599,0.004,0,0,0,0,v
2014-01-16 01:48,6.582,0.005,0,0,0,0,v
2014-01-16 01:54,6.610,0.004,0,0,0,0,v
2014-01-16 02:00,6.611,0.007,0,0,0,0,v
2014-01-16 02:06,6.633,0.004,0,0,0,0,v
2014-01-16 02:12,6.620,0.004,0,0,0,0,v
2014-01-16 02:18,6.641,0.005,0,0,0,0,v
2014-01-16 02:24,6.631,0.005,0,0,0,0,v
2014-01-16 02:30,6.617,0.003,0,0,0,0,v
2014-01-16 02:36,6.607,0.004,0,0,0,0,v
2014-01-16 02:42,6.624,0.003,0,0,0,0,v
2014-01-16 02:48,6.623,0.003,0,0,0,0,v
2014-01-16 02:54,6.624,0.006,0,0,0,0,v
2014-01-16 03:00,6.615,0.003,0,0,0,0,v
2014-01-16 03:06,6.617,0.004,0,0,0,0,v
2014-01-16 03:12,6.593,0.003,0,0,0,0,v
2014-01-16 03:18,6.603,0.006,0,0,0,0,v
2014-01-16 03:24,6.615,0.004,0,0,0,0,v
2014-01-16 03:30,6.606,0.004,0,0,0,0,v
2014-01-16 03:36,6.605,0.004,0,0,0,0,v
2014-01-16 03:42,6.608,0.004,0,0,0,0,v
2014-01-16 03:48,6.600,0.003,0,0,0,0,v
2014-01-16 03:54,6.594,0.003,0,0,0,0,v
2014-01-16 04:00,6.581,0.005,0,0,0,0,v
2014-01-16 04:06,6.579,0.005,0,0,0,0,v
2014-01-16 04:12,6.558,0.003,0,0,0,0,v
2014-01-16 04:18,6.554,0.004,0,0,0,0,v
2014-01-16 04:24,6.564,0.004,0,0,0,0,v
2014-01-16 04:30,6.563,0.004,0,0,0,0,v
2014-01-16 04:36,6.561,0.004,0,0,0,0,v
2014-01-16 04:42,6.562,0.004,0,0,0,0,v
2014-01-16 04:48,6.569,0.003,0,0,0,0,v
2014-01-16 04:54,6.556,0.003,0,0,0,0,v
2014-01-16 05:00,6.557,0.003,0,0,0,0,v
2014-01-16 05:06,6.563,0.003,0,0,0,0,v
2014-01-16 05:12,6.544,0.003,0,0,0,0,v
2014-01-16 05:18,6.532,0.004,0,0,0,0,v
2014-01-16 05:24,6.519,0.003,0,0,0,0,v
2014-01-16 05:30,6.516,0.005,0,0,0,0,v
2014-01-16 05:36,6.519,0.003,0,0,0,0,v
2014-01-16 05:42,6.511,0.005,0,0,0,0,v
2014-01-16 05:48,6.496,0.003,0,0,0,0,v
2014-01-16 05:54,6.522,0.004,0,0,0,0,v
2014-01-16 06:00,6.531,0.004,0,0,0,0,v
2014-01-16 06:06,6.537,0.003,0,0,0,0,v
2014-01-16 06:12,6.550,0.003,0,0,0,0,v
2014-01-16 06:18,6.545,0.005,0,0,0,0,v
2014-01-16 06:24,6.514,0.004,0,0,0,0,v
2014-01-16 06:30,6.513,0.003,0,0,0,0,v
2014-01-16 06:36,6.518,0.003,0,0,0,0,v
2014-01-16 06:42,6.520,0.002,0,0,0,0,v
2014-01-16 06:48,6.523,0.003,0,0,0,0,v
2014-01-16 06:54,6.540,0.003,0,0,0,0,v
2014-01-16 07:00,6.530,0.003,0,0,0,0,v
2014-01-16 07:06,6.516,0.003,0,0,0,0,v
2014-01-16 07:12,6.510,0.003,0,0,0,0,v
2014-01-16 07:18,6.492,0.003,0,0,0,0,v
2014-01-16 07:24,6.509,0.003,0,0,0,0,v
2014-01-16 07:30,6.524,0.006,0,0,0,0,v
2014-01-16 07:36,6.530,0.004,0,0,0,0,v
2014-01-16 07:42,6.543,0.003,0,0,0,0,v
2014-01-16 07:48,6.537,0.003,0,0,0,0,v
2014-01-16 07:54,6.535,0.002,0,0,0,0,v
2014-01-16 08:00,6.534,0.006,0,0,0,0,v
2014-01-16 08:06,6.543,0.002,0,0,0,0,v
2014-01-16 08:12,6.540,0.003,0,0,0,0,v
2014-01-16 08:18,6.520,0.007,0,0,0,0,v
2014-01-16 08:24,6.522,0.004,0,0,0,0,v
2014-01-16 08:30,6.531,0.004,0,0,0,0,v
2014-01-16 08:36,6.533,0.003,0,0,0,0,v
2014-01-16 08:42,6.527,0.005,0,0,0,0,v
2014-01-16 08:48,6.507,0.002,0,0,0,0,v
2014-01-16 08:54,6.503,0.002,0,0,0,0,v
2014-01-16 09:00,6.509,0.003,0,0,0,0,v
2014-01-16 09:06,6.506,0.003,0,0,0,0,v
2014-01-16 09:12,6.511,0.003,0,0,0,0,v
2014-01-16 09:18,6.498,0.004,0,0,0,0,v
2014-01-16 09:24,6.487,0.003,0,0,0,0,v
2014-01-16 09:30,6.505,0.003,0,0,0,0,v
2014-01-16 09:36,6.479,0.006,0,0,0,0,v
2014-01-16 09:42,6.488,0.002,0,0,0,0,v
2014-01-16 09:48,6.472,0.004,0,0,0,0,v
2014-01-16 09:54,6.451,0.005,0,0,0,0,v
2014-01-16 10:00,6.433,0.003,0,0,0,0,v
2014-01-16 10:06,6.436,0.003,0,0,0,0,v
2014-01-16 10:12,6.434,0.006,0,0,0,0,v
2014-01-16 10:18,6.419,0.004,0,0,0,0,v
2014-01-16 10:24,6.416,0.004,0,0,0,0,v
2014-01-16 10:30,6.385,0.004,0,0,0,0,v
2014-01-16 10:36,6.376,0.003,0,0,0,0,v
2014-01-16 10:42,6.363,0.003,0,0,0,0,v
2014-01-16 10:48,6.343,0.005,0,0,0,0,v
2014-01-16 10:54,6.331,0.004,0,0,0,0,v
2014-01-16 11:00,6.322,0.002,0,0,0,0,v
2014-01-16 11:06,6.319,0.004,0,0,0,0,v
2014-01-16 11:12,6.297,0.004,0,0,0,0,v
2014-01-16 11:18,6.282,0.004,0,0,0,0,v
2014-01-16 11:24,6.281,0.003,0,0,0,0,v
2014-01-16 11:30,6.286,0.002,0,0,0,0,v
2014-01-16 11:36,6.270,0.004,0,0,0,0,v
2014-01-16 11:42,6.269,0.004,0,0,0,0,v
2014-01-16 11:48,6.260,0.003,0,0,0,0,v
2014-01-16 11:54,6.249,0.003,0,0,0,0,v
2014-01-16 12:00,6.257,0.002,0,0,0,0,v
2014-01-16 12:06,6.282,0.002,0,0,0,0,v
2014-01-16 12:12,6.272,0.005,0,0,0,0,v
2014-01-16 12:18,6.254,0.002,0,0,0,0,v
2014-01-16 12:24,6.266,0.002,0,0,0,0,v
2014-01-16 12:30,6.259,0.002,0,0,0,0,v
2014-01-16 12:36,6.242,0.003,0,0,0,0,v
2014-01-16 12:42,6.233,0.003,0,0,0,0,v
2014-01-16 12:48,6.223,0.002,0,0,0,0,v
2014-01-16 12:54,6.226,0.002,0,0,0,0,v
2014-01-16 13:00,6.219,0.004,0,0,0,0,v
2014-01-16 13:06,6.211,0.003,0,0,0,0,v
2014-01-16 13:12,6.229,0.004,0,0,0,0,v
2014-01-16 13:18,6.231,0.003,0,0,0,0,v
2014-01-16 13:24,6.218,0.003,0,0,0,0,v
2014-01-16 13:30,6.210,0.003,0,0,0,0,v
2014-01-16 13:36,6.216,0.003,0,0,0,0,v
2014-01-16 13:42,6.227,0.002,0,0,0,0,v
2014-01-16 13:48,6.189,0.003,0,0,0,0,v
2014-01-16 13:54,6.195,0.005,0,0,0,0,v
2014-01-16 14:00,6.204,0.003,0,0,0,0,v
2014-01-16 14:06,6.206,0.004,0,0,0,0,v
2014-01-16 14:12,6.204,0.003,0,0,0,0,v
2014-01-16 14:18,6.198,0.003,0,0,0,0,v
2014-01-16 14:24,6.197,0.003,0,0,0,0,v
2014-01-16 14:30,6.205,0.004,0,0,0,0,v
2014-01-16 14:36,6.193,0.006,0,0,0,0,v
2014-01-16 14:42,6.203,0.005,0,0,0,0,v
2014-01-16 14:48,6.216,0.006,0,0,0,0,v
2014-01-16 14:54,6.219,0.003,0,0,0,0,v
2014-01-16 15:00,6.217,0.003,0,0,0,0,v
2014-01-16 15:06,6.219,0.004,0,0,0,0,v
2014-01-16 15:12,6.219,0.004,0,0,0,0,v
2014-01-16 15:18,6.208,0.004,0,0,0,0,v
2014-01-16 15:24,6.208,0.004,0,0,0,0,v
2014-01-16 15:30,6.208,0.004,0,0,0,0,v
2014-01-16 15:36,6.218,0.004,0,0,0,0,v
2014-01-16 15:42,6.230,0.004,0,0,0,0,v
2014-01-16 15:48,6.228,0.006,0,0,0,0,v
2014-01-16 15:54,6.244,0.004,0,0,0,0,v
2014-01-16 16:00,6.240,0.004,0,0,0,0,v
2014-01-16 16:06,6.230,0.006,0,0,0,0,v
2014-01-16 16:12,6.238,0.004,0,0,0,0,v
2014-01-16 16:18,6.249,0.006,0,0,0,0,v
2014-01-16 16:24,6.264,0.004,0,0,0,0,v
2014-01-16 16:30,6.241,0.003,0,0,0,0,v
2014-01-16 16:36,6.245,0.004,0,0,0,0,v
2014-01-16 16:42,6.258,0.004,0,0,0,0,v
2014-01-16 16:48,6.282,0.003,0,0,0,0,v
2014-01-16 16:54,6.288,0.005,0,0,0,0,v
2014-01-16 17:00,6.299,0.005,0,0,0,0,v
2014-01-16 17:06,6.286,0.005,0,0,0,0,v
2014-01-16 17:12,6.311,0.004,0,0,0,0,v
2014-01-16 17:18,6.321,0.003,0,0,0,0,v
2014-01-16 17:24,6.315,0.006,0,0,0,0,v
2014-01-16 17:30,6.320,0.004,0,0,0,0,v
2014-01-16 17:36,6.336,0.006,0,0,0,0,v
2014-01-16 17:42,6.344,0.004,0,0,0,0,v
2014-01-16 17:48,6.341,0.006,0,0,0,0,v
2014-01-16 17:54,6.344,0.005,0,0,0,0,v
2014-01-16 18:00,6.351,0.005,0,0,0,0,v
2014-01-16 18:06,6.359,0.005,0,0,0,0,v
2014-01-16 18:12,6.362,0.004,0,0,0,0,v
2014-01-16 18:18,6.374,0.003,0,0,0,0,v
2014-01-16 18:24,6.388,0.005,0,0,0,0,v
2014-01-16 18:30,6.394,0.005,0,0,0,0,v
2014-01-16 18:36,6.417,0.006,0,0,0,0,v
2014-01-16 18:42,6.419,0.004,0,0,0,0,v
2014-01-16 18:48,6.429,0.004,0,0,0,0,v
2014-01-16 18:54,6.437,0.005,0,0,0,0,v
2014-01-16 19:00,6.434,0.005,0,0,0,0,v
2014-01-16 19:06,6.451,0.008,0,0,0,0,v
2014-01-16 19:12,6.484,0.005,0,0,0,0,v
2014-01-16 19:18,6.506,0.005,0,0,0,0,v
2014-01-16 19:24,6.509,0.006,0,0,0,0,v
2014-01-16 19:30,6.521,0.004,0,0,0,0,v
2014-01-16 19:36,6.526,0.005,0,0,0,0,v
2014-01-16 19:42,6.530,0.004,0,0,0,0,v
2014-01-16 19:48,6.551,0.004,0,0,0,0,v
2014-01-16 19:54,6.568,0.006,0,0,0,0,v
2014-01-16 20:00,6.572,0.004,0,0,0,0,v
2014-01-16 20:06,6.567,0.004,0,0,0,0,v
2014-01-16 20:12,6.578,0.004,0,0,0,0,v
2014-01-16 20:18,6.580,0.007,0,0,0,0,v
2014-01-16 20:24,6.583,0.004,0,0,0,0,v
2014-01-16 20:30,6.589,0.004,0,0,0,0,v
2014-01-16 20:36,6.607,0.007,0,0,0,0,v
2014-01-16 20:42,6.611,0.006,0,0,0,0,v
2014-01-16 20:48,6.622,0.008,0,0,0,0,v
2014-01-16 20:54,6.638,0.004,0,0,0,0,v
2014-01-16 21:00,6.632,0.005,0,0,0,0,v
2014-01-16 21:06,6.664,0.004,0,0,0,0,v
2014-01-16 21:12,6.660,0.005,0,0,0,0,v
2014-01-16 21:18,6.665,0.004,0,0,0,0,v
2014-01-16 21:24,6.685,0.006,0,0,0,0,v
2014-01-16 21:30,6.695,0.004,0,0,0,0,v
2014-01-16 21:36,6.701,0.005,0,0,0,0,v
2014-01-16 21:42,6.704,0.003,0,0,0,0,v
2014-01-16 21:48,6.690,0.005,0,0,0,0,v
2014-01-16 21:54,6.693,0.004,0,0,0,0,v
2014-01-16 22:00,6.686,0.004,0,0,0,0,v
2014-01-16 22:06,6.693,0.003,0,0,0,0,v
2014-01-16 22:12,6.674,0.005,0,0,0,0,v
2014-01-16 22:18,6.680,0.004,0,0,0,0,v
2014-01-16 22:24,6.700,0.004,0,0,0,0,v
2014-01-16 22:30,6.693,0.006,0,0,0,0,v
2014-01-16 22:36,6.692,0.004,0,0,0,0,v
2014-01-16 22:42,6.676,0.005,0,0,0,0,v
2014-01-16 22:48,6.694,0.004,0,0,0,0,v
2014-01-16 22:54,6.692,0.008,0,0,0,0,v
2014-01-16 23:00,6.690,0.005,0,0,0,0,v
2014-01-16 23:06,6.694,0.004,0,0,0,0,v
2014-01-16 23:12,6.681,0.004,0,0,0,0,v
2014-01-16 23:18,6.680,0.006,0,0,0,0,v
2014-01-16 23:24,6.678,0.005,0,0,0,0,v
2014-01-16 23:30,6.670,0.004,0,0,0,0,v
2014-01-16 23:36,6.672,0.005,0,0,0,0,v
2014-01-16 23:42,6.681,0.003,0,0,0,0,v
2014-01-16 23:48,6.693,0.005,0,0,0,0,v
2014-01-16 23:54,6.696,0.004,0,0,0,0,v
2014-01-17 00:00,6.699,0.005,0,0,0,0,v
2014-01-17 00:06,6.669,0.005,0,0,0,0,v
2014-01-17 00:12,6.673,0.004,0,0,0,0,v
2014-01-17 00:18,6.680,0.006,0,0,0,0,v
2014-01-17 00:24,6.680,0.004,0,0,0,0,v
2014-01-17 00:30,6.678,0.005,0,0,0,0,v
2014-01-17 00:36,6.670,0.005,0,0,0,0,v
2014-01-17 00:42,6.684,0.004,0,0,0,0,v
2014-01-17 00:48,6.688,0.004,0,0,0,0,v
2014-01-17 00:54,6.683,0.005,0,0,0,0,v
2014-01-17 01:00,6.672,0.005,0,0,0,0,v
2014-01-17 01:06,6.677,0.004,0,0,0,0,v
2014-01-17 01:12,6.659,0.006,0,0,0,0,v
2014-01-17 01:18,6.664,0.006,0,0,0,0,v
2014-01-17 01:24,6.665,0.005,0,0,0,0,v
2014-01-17 01:30,6.669,0.004,0,0,0,0,v
2014-01-17 01:36,6.673,0.005,0,0,0,0,v
2014-01-17 01:42,6.680,0.006,0,0,0,0,v
2014-01-17 01:48,6.655,0.007,0,0,0,0,v
2014-01-17 01:54,6.646,0.004,0,0,0,0,v
2014-01-17 02:00,6.644,0.003,0,0,0,0,v
2014-01-17 02:06,6.650,0.005,0,0,0,0,v
2014-01-17 02:12,6.641,0.004,0,0,0,0,v
2014-01-17 02:18,6.645,0.005,0,0,0,0,v
2014-01-17 02:24,6.635,0.005,0,0,0,0,v
2014-01-17 02:30,6.631,0.005,0,0,0,0,v
2014-01-17 02:36,6.624,0.005,0,0,0,0,v
2014-01-17 02:42,6.631,0.006,0,0,0,0,v
2014-01-17 02:48,6.625,0.004,0,0,0,0,v
2014-01-17 02:54,6.627,0.004,0,0,0,0,v
2014-01-17 03:00,6.617,0.005,0,0,0,0,v
2014-01-17 03:06,6.615,0.005,0,0,0,0,v
2014-01-17 03:12,6.612,0.007,0,0,0,0,v
2014-01-17 03:18,6.611,0.004,0,0,0,0,v
2014-01-17 03:24,6.612,0.006,0,0,0,0,v
2014-01-17 03:30,6.609,0.007,0,0,0,0,v
2014-01-17 03:36,6.608,0.004,0,0,0,0,v
2014-01-17 03:42,6.609,0.004,0,0,0,0,v
2014-01-17 03:48,6.613,0.006,0,0,0,0,v
2014-01-17 03:54,6.598,0.005,0,0,0,0,v
2014-01-17 04:00,6.609,0.006,0,0,0,0,v
2014-01-17 04:06,6.619,0.004,0,0,0,0,v
2014-01-17 04:12,6.616,0.007,0,0,0,0,v
2014-01-17 04:18,6.610,0.005,0,0,0,0,v
2014-01-17 04:24,6.611,0.006,0,0,0,0,v
2014-01-17 04:30,6.617,0.005,0,0,0,0,v
2014-01-17 04:36,6.606,0.005,0,0,0,0,v
2014-01-17 04:42,6.611,0.003,0,0,0,0,v
2014-01-17 04:48,6.610,0.005,0,0,0,0,v
2014-01-17 04:54,6.609,0.005,0,0,0,0,v
2014-01-17 05:00,6.617,0.006,0,0,0,0,v
2014-01-17 05:06,6.629,0.005,0,0,0,0,v
2014-01-17 05:12,6.624,0.005,0,0,0,0,v
2014-01-17 05:18,6.620,0.006,0,0,0,0,v
2014-01-17 05:24,6.617,0.005,0,0,0,0,v
2014-01-17 05:30,6.608,0.004,0,0,0,0,v
2014-01-17 05:36,6.600,0.004,0,0,0,0,v
2014-01-17 05:42,6.608,0.004,0,0,0,0,v
2014-01-17 05:48,6.599,0.005,0,0,0,0,v
2014-01-17 05:54,6.591,0.006,0,0,0,0,v
2014-01-17 06:00,6.604,0.006,0,0,0,0,v
2014-01-17 06:06,6.609,0.005,0,0,0,0,v
2014-01-17 06:12,6.610,0.005,0,0,0,0,v
2014-01-17 06:18,6.585,0.006,0,0,0,0,v
2014-01-17 06:24,6.595,0.008,0,0,0,0,v
2014-01-17 06:30,6.606,0.004,0,0,0,0,v
2014-01-17 06:36,6.601,0.006,0,0,0,0,v
2014-01-17 06:42,6.618,0.008,0,0,0,0,v
2014-01-17 06:48,6.603,0.004,0,0,0,0,v
2014-01-17 06:54,6.619,0.006,0,0,0,0,v
2014-01-17 07:00,6.615,0.007,0,0,0,0,v
2014-01-17 07:06,6.616,0.004,0,0,0,0,v
2014-01-17 07:12,6.620,0.005,0,0,0,0,v
2014-01-17 07:18,6.627,0.007,0,0,0,0,v
2014-01-17 07:24,6.633,0.006,0,0,0,0,v
2014-01-17 07:30,6.630,0.004,0,0,0,0,v
2014-01-17 07:36,6.629,0.004,0,0,0,0,v
2014-01-17 07:42,6.627,0.005,0,0,0,0,v
2014-01-17 07:48,6.622,0.005,0,0,0,0,v
2014-01-17 07:54,6.626,0.005,0,0,0,0,v
2014-01-17 08:00,6.630,0.006,0,0,0,0,v
2014-01-17 08:06,6.622,0.006,0,0,0,0,v
2014-01-17 08:12,6.634,0.004,0,0,0,0,v
2014-01-17 08:18,6.633,0.005,0,0,0,0,v
2014-01-17 08:24,6.631,0.006,0,0,0,0,v
2014-01-17 08:30,6.647,0.005,0,0,0,0,v
2014-01-17 08:36,6.640,0.006,0,0,0,0,v
2014-01-17 08:42,6.632,0.006,0,0,0,0,v
2014-01-17 08:48,6.629,0.008,0,0,0,0,v
2014-01-17 08:54,6.626,0.005,0,0,0,0,v
2014-01-17 09:00,6.618,0.005,0,0,0,0,v
2014-01-17 09:06,6.615,0.005,0,0,0,0,v
2014-01-17 09:12,6.600,0.005,0,0,0,0,v
2014-01-17 09:18,6.593,0.006,0,0,0,0,v
2014-01-17 09:24,6.582,0.006,0,0,0,0,v
2014-01-17 09:30,6.575,0.005,0,0,0,0,v
2014-01-17 09:36,6.552,0.006,0,0,0,0,v
2014-01-17 09:42,6.540,0.005,0,0,0,0,v
2014-01-17 09:48,6.542,0.004,0,0,0,0,v
2014-01-17 09:54,6.533,0.004,0,0,0,0,v
2014-01-17 10:00,6.523,0.004,0,0,0,0,v
2014-01-17 10:06,6.517,0.006,0,0,0,0,v
2014-01-17 10:12,6.522,0.006,0,0,0,0,v
2014-01-17 10:18,6.505,0.005,0,0,0,0,v
2014-01-17 10:24,6.497,0.003,0,0,0,0,v
2014-01-17 10:30,6.499,0.006,0,0,0,0,v
2014-01-17 10:36,6.493,0.004,0,0,0,0,v
2014-01-17 10:42,6.494,0.005,0,0,0,0,v
2014-01-17 10:48,6.485,0.006,0,0,0,0,v
2014-01-17 10:54,6.474,0.003,0,0,0,0,v
2014-01-17 11:00,6.460,0.008,0,0,0,0,v
2014-01-17 11:06,6.459,0.005,0,0,0,0,v
2014-01-17 11:12,6.435,0.005,0,0,0,0,v
2014-01-17 11:18,6.427,0.005,0,0,0,0,v
2014-01-17 11:24,6.442,0.005,0,0,0,0,v
2014-01-17 11:30,6.449,0.005,0,0,0,0,v
2014-01-17 11:36,6.446,0.006,0,0,0,0,v
2014-01-17 11:42,6.423,0.004,0,0,0,0,v
2014-01-17 11:48,6.416,0.004,0,0,0,0,v
2014-01-17 11:54,6.421,0.004,0,0,0,0,v
2014-01-17 12:00,6.397,0.003,0,0,0,0,v
2014-01-17 12:06,6.413,0.005,0,0,0,0,v
2014-01-17 12:12,6.391,0.006,0,0,0,0,v
2014-01-17 12:18,6.377,0.004,0,0,0,0,v
2014-01-17 12:24,6.382,0.005,0,0,0,0,v
2014-01-17 12:30,6.371,0.004,0,0,0,0,v
2014-01-17 12:36,6.367,0.003,0,0,0,0,v
2014-01-17 12:42,6.346,0.005,0,0,0,0,v
2014-01-17 12:48,6.341,0.005,0,0,0,0,v
2014-01-17 12:54,6.340,0.006,0,0,0,0,v
2014-01-17 13:00,6.335,0.004,0,0,0,0,v
2014-01-17 13:06,6.310,0.004,0,0,0,0,v
2014-01-17 13:12,6.313,0.004,0,0,0,0,v
2014-01-17 13:18,6.301,0.005,0,0,0,0,v
2014-01-17 13:24,6.306,0.004,0,0,0,0,v
2014-01-17 13:30,6.305,0.005,0,0,0,0,v
2014-01-17 13:36,6.307,0.005,0,0,0,0,v
2014-01-17 13:42,6.309,0.003,0,0,0,0,v
2014-01-17 13:48,6.303,0.003,0,0,0,0,v
2014-01-17 13:54,6.297,0.003,0,0,0,0,v
2014-01-17 14:00,6.300,0.004,0,0,0,0,v
2014-01-17 14:06,6.292,0.006,0,0,0,0,v
2014-01-17 14:12,6.296,0.003,0,0,0,0,v
2014-01-17 14:18,6.286,0.004,0,0,0,0,v
2014-01-17 14:24,6.289,0.004,0,0,0,0,v
2014-01-17 14:30,6.285,0.004,0,0,0,0,v
2014-01-17 14:36,6.273,0.004,0,0,0,0,v
2014-01-17 14:42,6.273,0.004,0,0,0,0,v
2014-01-17 14:48,6.283,0.003,0,0,0,0,v
2014-01-17 14:54,6.275,0.005,0,0,0,0,v
2014-01-17 15:00,6.268,0.004,0,0,0,0,v
2014-01-17 15:06,6.273,0.003,0,0,0,0,v
2014-01-17 15:12,6.274,0.005,0,0,0,0,v
2014-01-17 15:18,6.272,0.004,0,0,0,0,v
2014-01-17 15:24,6.265,0.005,0,0,0,0,v
2014-01-17 15:30,6.275,0.006,0,0,0,0,v
2014-01-17 15:36,6.273,0.005,0,0,0,0,v
2014-01-17 15:42,6.266,0.006,0,0,0,0,v
2014-01-17 15:48,6.272,0.007,0,0,0,0,v
2014-01-17 15:54,6.285,0.011,0,0,0,0,v
2014-01-17 16:00,6.299,0.006,0,0,0,0,v
2014-01-17 16:06,6.285,0.007,0,0,0,0,v
2014-01-17 16:12,6.304,0.007,0,0,0,0,v
2014-01-17 16:18,6.293,0.010,0,0,0,0,v
2014-01-17 16:24,6.297,0.012,0,0,0,0,v
2014-01-17 16:30,6.311,0.006,0,0,0,0,v
2014-01-17 16:36,6.317,0.007,0,0,0,0,v
2014-01-17 16:42,6.314,0.009,0,0,0,0,v
2014-01-17 16:48,6.331,0.009,0,0,0,0,v
2014-01-17 16:54,6.329,0.000,0,0,0,0,v
2014-01-17 17:00,6.340,0.008,0,0,0,0,v
2014-01-17 17:06,6.347,0.008,0,0,0,0,v
2014-01-17 17:12,6.332,0.010,0,0,0,0,v
2014-01-17 17:18,6.330,0.007,0,0,0,0,v
2014-01-17 17:24,6.341,0.007,0,0,0,0,v
2014-01-17 17:30,6.360,0.008,0,0,0,0,v
2014-01-17 17:36,6.365,0.011,0,0,0,0,v
2014-01-17 17:42,6.373,0.015,0,0,0,0,v
2014-01-17 17:48,6.364,0.012,0,0,0,0,v
2014-01-17 17:54,6.375,0.009,0,0,0,0,v
2014-01-17 18:00,6.376,0.009,0,0,0,0,v
2014-01-17 18:06,6.383,0.009,0,0,0,0,v
2014-01-17 18:12,6.392,0.008,0,0,0,0,v
2014-01-17 18:18,6.404,0.009,0,0,0,0,v
2014-01-17 18:24,6.408,0.011,0,0,0,0,v
2014-01-17 18:30,6.425,0.009,0,0,0,0,v
2014-01-17 18:36,6.429,0.008,0,0,0,0,v
2014-01-17 18:42,6.433,0.013,0,0,0,0,v
2014-01-17 18:48,6.438,0.008,0,0,0,0,v
2014-01-17 18:54,6.446,0.011,0,0,0,0,v
2014-01-17 19:00,6.460,0.014,0,0,0,0,v
2014-01-17 19:06,6.466,0.011,0,0,0,0,v
2014-01-17 19:12,6.479,0.011,0,0,0,0,v
2014-01-17 19:18,6.496,0.009,0,0,0,0,v
2014-01-17 19:24,6.510,0.013,0,0,0,0,v
2014-01-17 19:30,6.512,0.010,0,0,0,0,v
2014-01-17 19:36,6.529,0.007,0,0,0,0,v
2014-01-17 19:42,6.527,0.013,0,0,0,0,v
2014-01-17 19:48,6.532,0.014,0,0,0,0,v
2014-01-17 19:54,6.531,0.008,0,0,0,0,v
2014-01-17 20:00,6.536,0.013,0,0,0,0,v
2014-01-17 20:06,6.546,0.013,0,0,0,0,v
2014-01-17 20:12,6.543,0.012,0,0,0,0,v
2014-01-17 20:18,6.551,0.008,0,0,0,0,v
2014-01-17 20:24,6.565,0.008,0,0,0,0,v
2014-01-17 20:30,6.563,0.014,0,0,0,0,v
2014-01-17 20:36,6.593,0.013,0,0,0,0,v
2014-01-17 20:42,6.604,0.010,0,0,0,0,v
2014-01-17 20:48,6.606,0.008,0,0,0,0,v
2014-01-17 20:54,6.599,0.009,0,0,0,0,v
2014-01-17 21:00,6.607,0.009,0,0,0,0,v
2014-01-17 21:06,6.626,0.010,0,0,0,0,v
2014-01-17 21:12,6.639,0.013,0,0,0,0,v
2014-01-17 21:18,6.644,0.011,0,0,0,0,v
2014-01-17 21:24,6.646,0.011,0,0,0,0,v
2014-01-17 21:30,6.646,0.008,0,0,0,0,v
2014-01-17 21:36,6.652,0.008,0,0,0,0,v
2014-01-17 21:42,6.657,0.007,0,0,0,0,v
2014-01-17 21:48,6.655,0.006,0,0,0,0,v
2014-01-17 21:54,6.662,0.006,0,0,0,0,v
2014-01-17 22:00,6.684,0.008,0,0,0,0,v
2014-01-17 22:06,6.685,0.008,0,0,0,0,v
2014-01-17 22:12,6.701,0.006,0,0,0,0,v
2014-01-17 22:18,6.701,0.007,0,0,0,0,v
2014-01-17 22:24,6.691,0.010,0,0,0,0,v
2014-01-17 22:30,6.699,0.009,0,0,0,0,v
2014-01-17 22:36,6.681,0.010,0,0,0,0,v
2014-01-17 22:42,6.682,0.007,0,0,0,0,v
2014-01-17 22:48,6.675,0.009,0,0,0,0,v
2014-01-17 22:54,6.700,0.013,0,0,0,0,v
2014-01-17 23:00,6.698,0.008,0,0,0,0,v
2014-01-17 23:06,6.700,0.007,0,0,0,0,v
2014-01-17 23:12,6.698,0.008,0,0,0,0,v
2014-01-17 23:18,6.697,0.007,0,0,0,0,v
2014-01-17 23:24,6.697,0.007,0,0,0,0,v
2014-01-17 23:30,6.696,0.010,0,0,0,0,v
2014-01-17 23:36,6.702,0.011,0,0,0,0,v
2014-01-17 23:42,6.701,0.010,0,0,0,0,v
2014-01-17 23:48,6.710,0.010,0,0,0,0,v
2014-01-17 23:54,6.708,0.012,0,0,0,0,v
2014-01-18 00:00,6.713,0.008,0,0,0,0,v
2014-01-18 00:06,6.723,0.011,0,0,0,0,v
2014-01-18 00:12,6.719,0.005,0,0,0,0,v
2014-01-18 00:18,6.700,0.009,0,0,0,0,v
2014-01-18 00:24,6.692,0.009,0,0,0,0,v
2014-01-18 00:30,6.693,0.009,0,0,0,0,v
2014-01-18 00:36,6.684,0.010,0,0,0,0,v
2014-01-18 00:42,6.672,0.009,0,0,0,0,v
2014-01-18 00:48,6.674,0.009,0,0,0,0,v
2014-01-18 00:54,6.680,0.008,0,0,0,0,v
2014-01-18 01:00,6.680,0.008,0,0,0,0,v
2014-01-18 01:06,6.672,0.007,0,0,0,0,v
2014-01-18 01:12,6.660,0.008,0,0,0,0,v
2014-01-18 01:18,6.652,0.007,0,0,0,0,v
2014-01-18 01:24,6.652,0.005,0,0,0,0,v
2014-01-18 01:30,6.645,0.008,0,0,0,0,v
2014-01-18 01:36,6.647,0.006,0,0,0,0,v
2014-01-18 01:42,6.652,0.007,0,0,0,0,v
2014-01-18 01:48,6.644,0.009,0,0,0,0,v
2014-01-18 01:54,6.632,0.007,0,0,0,0,v
2014-01-18 02:00,6.628,0.007,0,0,0,0,v
2014-01-18 02:06,6.621,0.007,0,0,0,0,v
2014-01-18 02:12,6.616,0.009,0,0,0,0,v
2014-01-18 02:18,6.619,0.005,0,0,0,0,v
2014-01-18 02:24,6.618,0.006,0,0,0,0,v
2014-01-18 02:30,6.630,0.010,0,0,0,0,v
2014-01-18 02:36,6.615,0.009,0,0,0,0,v
2014-01-18 02:42,6.604,0.006,0,0,0,0,v
2014-01-18 02:48,6.604,0.008,0,0,0,0,v
2014-01-18 02:54,6.595,0.010,0,0,0,0,v
2014-01-18 03:00,6.618,0.006,0,0,0,0,v
2014-01-18 03:06,6.615,0.006,0,0,0,0,v
2014-01-18 03:12,6.626,0.006,0,0,0,0,v
2014-01-18 03:18,6.621,0.007,0,0,0,0,v
2014-01-18 03:24,6.633,0.005,0,0,0,0,v
2014-01-18 03:30,6.625,0.007,0,0,0,0,v
2014-01-18 03:36,6.624,0.006,0,0,0,0,v
2014-01-18 03:42,6.616,0.008,0,0,0,0,v
2014-01-18 03:48,6.618,0.005,0,0,0,0,v
2014-01-18 03:54,6.622,0.006,0,0,0,0,v
2014-01-18 04:00,6.625,0.008,0,0,0,0,v
2014-01-18 04:06,6.623,0.006,0,0,0,0,v
2014-01-18 04:12,6.623,0.006,0,0,0,0,v
2014-01-18 04:18,6.615,0.007,0,0,0,0,v
2014-01-18 04:24,6.592,0.007,0,0,0,0,v
2014-01-18 04:30,6.606,0.005,0,0,0,0,v
2014-01-18 04:36,6.605,0.006,0,0,0,0,v
2014-01-18 04:42,6.608,0.006,0,0,0,0,v
2014-01-18 04:48,6.606,0.007,0,0,0,0,v
2014-01-18 04:54,6.593,0.010,0,0,0,0,v
2014-01-18 05:00,6.592,0.005,0,0,0,0,v
2014-01-18 05:06,6.593,0.004,0,0,0,0,v
2014-01-18 05:12,6.597,0.007,0,0,0,0,v
2014-01-18 05:18,6.593,0.005,0,0,0,0,v
2014-01-18 05:24,6.591,0.005,0,0,0,0,v
2014-01-18 05:30,6.580,0.004,0,0,0,0,v
2014-01-18 05:36,6.582,0.007,0,0,0,0,v
2014-01-18 05:42,6.581,0.007,0,0,0,0,v
2014-01-18 05:48,6.580,0.007,0,0,0,0,v
2014-01-18 05:54,6.590,0.006,0,0,0,0,v
2014-01-18 06:00,6.605,0.005,0,0,0,0,v
2014-01-18 06:06,6.591,0.006,0,0,0,0,v
2014-01-18 06:12,6.591,0.006,0,0,0,0,v
2014-01-18 06:18,6.597,0.006,0,0,0,0,v
2014-01-18 06:24,6.584,0.005,0,0,0,0,v
2014-01-18 06:30,6.574,0.006,0,0,0,0,v
2014-01-18 06:36,6.554,0.006,0,0,0,0,v
2014-01-18 06:42,6.562,0.005,0,0,0,0,v
2014-01-18 06:48,6.550,0.007,0,0,0,0,v
2014-01-18 06:54,6.556,0.004,0,0,0,0,v
2014-01-18 07:00,6.554,0.005,0,0,0,0,v
2014-01-18 07:06,6.553,0.005,0,0,0,0,v
2014-01-18 07:12,6.568,0.005,0,0,0,0,v
2014-01-18 07:18,6.560,0.005,0,0,0,0,v
2014-01-18 07:24,6.567,0.005,0,0,0,0,v
2014-01-18 07:30,6.570,0.004,0,0,0,0,v
2014-01-18 07:36,6.571,0.005,0,0,0,0,v
2014-01-18 07:42,6.576,0.004,0,0,0,0,v
2014-01-18 07:48,6.572,0.004,0,0,0,0,v
2014-01-18 07:54,6.581,0.004,0,0,0,0,v
2014-01-18 08:00,6.586,0.004,0,0,0,0,v
2014-01-18 08:06,6.580,0.005,0,0,0,0,v
2014-01-18 08:12,6.570,0.004,0,0,0,0,v
2014-01-18 08:18,6.579,0.005,0,0,0,0,v
2014-01-18 08:24,6.588,0.006,0,0,0,0,v
2014-01-18 08:30,6.583,0.006,0,0,0,0,v
2014-01-18 08:36,6.590,0.004,0,0,0,0,v
2014-01-18 08:42,6.598,0.006,0,0,0,0,v
2014-01-18 08:48,6.593,0.006,0,0,0,0,v
2014-01-18 08:54,6.596,0.005,0,0,0,0,v
2014-01-18 09:00,6.610,0.005,0,0,0,0,v
2014-01-18 09:06,6.615,0.004,0,0,0,0,v
2014-01-18 09:12,6.611,0.003,0,0,0,0,v
2014-01-18 09:18,6.597,0.003,0,0,0,0,v
2014-01-18 09:24,6.598,0.005,0,0,0,0,v
2014-01-18 09:30,6.594,0.004,0,0,0,0,v
2014-01-18 09:36,6.589,0.004,0,0,0,0,v
2014-01-18 09:42,6.585,0.005,0,0,0,0,v
2014-01-18 09:48,6.570,0.003,0,0,0,0,v
2014-01-18 09:54,6.583,0.005,0,0,0,0,v
2014-01-18 10:00,6.577,0.004,0,0,0,0,v
2014-01-18 10:06,6.551,0.004,0,0,0,0,v
2014-01-18 10:12,6.560,0.004,0,0,0,0,v
2014-01-18 10:18,6.551,0.004,0,0,0,0,v
2014-01-18 10:24,6.539,0.004,0,0,0,0,v
2014-01-18 10:30,6.536,0.005,0,0,0,0,v
2014-01-18 10:36,6.531,0.005,0,0,0,0,v
2014-01-18 10:42,6.519,0.005,0,0,0,0,v
2014-01-18 10:48,6.502,0.006,0,0,0,0,v
2014-01-18 10:54,6.510,0.005,0,0,0,0,v
2014-01-18 11:00,6.500,0.003,0,0,0,0,v
2014-01-18 11:06,6.487,0.004,0,0,0,0,v
2014-01-18 11:12,6.502,0.002,0,0,0,0,v
2014-01-18 11:18,6.488,0.004,0,0,0,0,v
2014-01-18 11:24,6.487,0.005,0,0,0,0,v
2014-01-18 11:30,6.483,0.004,0,0,0,0,v
2014-01-18 11:36,6.479,0.003,0,0,0,0,v
2014-01-18 11:42,6.459,0.004,0,0,0,0,v
2014-01-18 11:48,6.470,0.004,0,0,0,0,v
2014-01-18 11:54,6.462,0.005,0,0,0,0,v
2014-01-18 12:00,6.457,0.005,0,0,0,0,v
2014-01-18 12:06,6.429,0.006,0,0,0,0,v
2014-01-18 12:12,6.423,0.003,0,0,0,0,v
2014-01-18 12:18,6.418,0.004,0,0,0,0,v
2014-01-18 12:24,6.425,0.005,0,0,0,0,v
2014-01-18 12:30,6.407,0.004,0,0,0,0,v
2014-01-18 12:36,6.396,0.003,0,0,0,0,v
2014-01-18 12:42,6.393,0.005,0,0,0,0,v
2014-01-18 12:48,6.365,0.005,0,0,0,0,v
2014-01-18 12:54,6.347,0.005,0,0,0,0,v
2014-01-18 13:00,6.354,0.003,0,0,0,0,v
2014-01-18 13:06,6.348,0.004,0,0,0,0,v
2014-01-18 13:12,6.350,0.003,0,0,0,0,v
2014-01-18 13:18,6.346,0.004,0,0,0,0,v
2014-01-18 13:24,6.327,0.006,0,0,0,0,v
2014-01-18 13:30,6.332,0.004,0,0,0,0,v
2014-01-18 13:36,6.313,0.004,0,0,0,0,v
2014-01-18 13:42,6.318,0.005,0,0,0,0,v
2014-01-18 13:48,6.319,0.004,0,0,0,0,v
2014-01-18 13:54,6.320,0.004,0,0,0,0,v
2014-01-18 14:00,6.319,0.004,0,0,0,0,v
2014-01-18 14:06,6.316,0.004,0,0,0,0,v
2014-01-18 14:12,6.309,0.005,0,0,0,0,v
2014-01-18 14:18,6.316,0.004,0,0,0,0,v
2014-01-18 14:24,6.312,0.004,0,0,0,0,v
2014-01-18 14:30,6.317,0.004,0,0,0,0,v
2014-01-18 14:36,6.303,0.005,0,0,0,0,v
2014-01-18 14:42,6.294,0.004,0,0,0,0,v
2014-01-18 14:48,6.270,0.005,0,0,0,0,v
2014-01-18 14:54,6.258,0.005,0,0,0,0,v
2014-01-18 15:00,6.252,0.004,0,0,0,0,v
2014-01-18 15:06,6.258,0.004,0,0,0,0,v
2014-01-18 15:12,6.259,0.004,0,0,0,0,v
2014-01-18 15:18,6.253,0.003,0,0,0,0,v
2014-01-18 15:24,6.250,0.003,0,0,0,0,v
2014-01-18 15:30,6.252,0.003,0,0,0,0,v
2014-01-18 15:36,6.258,0.004,0,0,0,0,v
2014-01-18 15:42,6.260,0.005,0,0,0,0,v
2014-01-18 15:48,6.264,0.004,0,0,0,0,v
2014-01-18 15:54,6.275,0.004,0,0,0,0,v
2014-01-18 16:00,6.274,0.003,0,0,0,0,v
2014-01-18 16:06,6.273,0.004,0,0,0,0,v
2014-01-18 16:12,6.252,0.004,0,0,0,0,v
2014-01-18 16:18,6.269,0.004,0,0,0,0,v
2014-01-18 16:24,6.252,0.005,0,0,0,0,v
2014-01-18 16:30,6.246,0.004,0,0,0,0,v
2014-01-18 16:36,6.250,0.003,0,0,0,0,v
2014-01-18 16:42,6.258,0.004,0,0,0,0,v
2014-01-18 16:48,6.269,0.005,0,0,0,0,v
2014-01-18 16:54,6.271,0.006,0,0,0,0,v
2014-01-18 17:00,6.271,0.004,0,0,0,0,v
2014-01-18 17:06,6.285,0.007,0,0,0,0,v
2014-01-18 17:12,6.304,0.003,0,0,0,0,v
2014-01-18 17:18,6.287,0.007,0,0,0,0,v
2014-01-18 17:24,6.283,0.005,0,0,0,0,v
2014-01-18 17:30,6.298,0.004,0,0,0,0,v
2014-01-18 17:36,6.290,0.004,0,0,0,0,v
2014-01-18 17:42,6.296,0.004,0,0,0,0,v
2014-01-18 17:48,6.303,0.003,0,0,0,0,v
2014-01-18 17:54,6.303,0.004,0,0,0,0,v
2014-01-18 18:00,6.303,0.005,0,0,0,0,v
2014-01-18 18:06,6.296,0.006,0,0,0,0,v
2014-01-18 18:12,6.303,0.004,0,0,0,0,v
2014-01-18 18:18,6.310,0.004,0,0,0,0,v
2014-01-18 18:24,6.316,0.004,0,0,0,0,v
2014-01-18 18:30,6.323,0.003,0,0,0,0,v
2014-01-18 18:36,6.321,0.004,0,0,0,0,v
2014-01-18 18:42,6.312,0.004,0,0,0,0,v
2014-01-18 18:48,6.321,0.004,0,0,0,0,v
2014-01-18 18:54,6.338,0.004,0,0,0,0,v
2014-01-18 19:00,6.345,0.003,0,0,0,0,v
2014-01-18 19:06,6.355,0.004,0,0,0,0,v
2014-01-18 19:12,6.374,0.004,0,0,0,0,v
2014-01-18 19:18,6.390,0.004,0,0,0,0,v
2014-01-18 19:24,6.401,0.003,0,0,0,0,v
2014-01-18 19:30,6.409,0.004,0,0,0,0,v
2014-01-18 19:36,6.414,0.004,0,0,0,0,v
2014-01-18 19:42,6.420,0.003,0,0,0,0,v
2014-01-18 19:48,6.423,0.004,0,0,0,0,v
2014-01-18 19:54,6.443,0.005,0,0,0,0,v
2014-01-18 20:00,6.443,0.003,0,0,0,0,v
2014-01-18 20:06,6.437,0.004,0,0,0,0,v
2014-01-18 20:12,6.451,0.003,0,0,0,0,v
2014-01-18 20:18,6.471,0.005,0,0,0,0,v
2014-01-18 20:24,6.470,0.004,0,0,0,0,v
2014-01-18 20:30,6.470,0.004,0,0,0,0,v
2014-01-18 20:36,6.487,0.004,0,0,0,0,v
2014-01-18 20:42,6.514,0.006,0,0,0,0,v
2014-01-18 20:48,6.528,0.004,0,0,0,0,v
2014-01-18 20:54,6.544,0.004,0,0,0,0,v
2014-01-18 21:00,6.550,0.003,0,0,0,0,v
2014-01-18 21:06,6.565,0.005,0,0,0,0,v
2014-01-18 21:12,6.582,0.003,0,0,0,0,v
2014-01-18 21:18,6.589,0.004,0,0,0,0,v
2014-01-18 21:24,6.600,0.004,0,0,0,0,v
2014-01-18 21:30,6.614,0.004,0,0,0,0,v
2014-01-18 21:36,6.619,0.003,0,0,0,0,v
2014-01-18 21:42,6.623,0.004,0,0,0,0,v
2014-01-18 21:48,6.624,0.004,0,0,0,0,v
2014-01-18 21:54,6.626,0.004,0,0,0,0,v
2014-01-18 22:00,6.627,0.003,0,0,0,0,v
2014-01-18 22:06,6.631,0.003,0,0,0,0,v
2014-01-18 22:12,6.618,0.004,0,0,0,0,v
2014-01-18 22:18,6.610,0.004,0,0,0,0,v
2014-01-18 22:24,6.606,0.004,0,0,0,0,v
2014-01-18 22:30,6.616,0.005,0,0,0,0,v
2014-01-18 22:36,6.612,0.004,0,0,0,0,v
2014-01-18 22:42,6.618,0.003,0,0,0,0,v
2014-01-18 22:48,6.628,0.004,0,0,0,0,v
2014-01-18 22:54,6.626,0.004,0,0,0,0,v
2014-01-18 23:00,6.636,0.004,0,0,0,0,v
2014-01-18 23:06,6.624,0.005,0,0,0,0,v
2014-01-18 23:12,6.627,0.005,0,0,0,0,v
2014-01-18 23:18,6.633,0.003,0,0,0,0,v
2014-01-18 23:24,6.634,0.004,0,0,0,0,v
2014-01-18 23:30,6.638,0.003,0,0,0,0,v
2014-01-18 23:36,6.631,0.004,0,0,0,0,v
2014-01-18 23:42,6.630,0.004,0,0,0,0,v
2014-01-18 23:48,6.621,0.004,0,0,0,0,v
2014-01-18 23:54,6.626,0.005,0,0,0,0,v
2014-01-19 00:00,6.627,0.006,0,0,0,0,v
2014-01-19 00:06,6.636,0.005,0,0,0,0,v
2014-01-19 00:12,6.631,0.004,0,0,0,0,v
2014-01-19 00:18,6.629,0.005,0,0,0,0,v
2014-01-19 00:24,6.633,0.004,0,0,0,0,v
2014-01-19 00:30,6.638,0.003,0,0,0,0,v
2014-01-19 00:36,6.637,0.003,0,0,0,0,v
2014-01-19 00:42,6.627,0.004,0,0,0,0,v
2014-01-19 00:48,6.641,0.004,0,0,0,0,v
2014-01-19 00:54,6.635,0.003,0,0,0,0,v
2014-01-19 01:00,6.623,0.004,0,0,0,0,v
2014-01-19 01:06,6.619,0.005,0,0,0,0,v
2014-01-19 01:12,6.617,0.000,0,0,0,0,v
2014-01-19 01:18,6.602,0.003,0,0,0,0,v
2014-01-19 01:24,6.600,0.004,0,0,0,0,v
2014-01-19 01:30,6.611,0.004,0,0,0,0,v
2014-01-19 01:36,6.603,0.003,0,0,0,0,v
2014-01-19 01:42,6.591,0.004,0,0,0,0,v
2014-01-19 01:48,6.584,0.003,0,0,0,0,v
2014-01-19 01:54,6.575,0.003,0,0,0,0,v
2014-01-19 02:00,6.586,0.005,0,0,0,0,v
2014-01-19 02:06,6.583,0.003,0,0,0,0,v
2014-01-19 02:12,6.588,0.004,0,0,0,0,v
2014-01-19 02:18,6.599,0.005,0,0,0,0,v
2014-01-19 02:24,6.583,0.003,0,0,0,0,v
2014-01-19 02:30,6.588,0.004,0,0,0,0,v
2014-01-19 02:36,6.583,0.003,0,0,0,0,v
2014-01-19 02:42,6.590,0.003,0,0,0,0,v
2014-01-19 02:48,6.580,0.004,0,0,0,0,v
2014-01-19 02:54,6.570,0.003,0,0,0,0,v
2014-01-19 03:00,6.570,0.004,0,0,0,0,v
2014-01-19 03:06,6.556,0.003,0,0,0,0,v
2014-01-19 03:12,6.569,0.003,0,0,0,0,v
2014-01-19 03:18,6.558,0.004,0,0,0,0,v
2014-01-19 03:24,6.559,0.005,0,0,0,0,v
2014-01-19 03:30,6.556,0.004,0,0,0,0,v
2014-01-19 03:36,6.557,0.004,0,0,0,0,v
2014-01-19 03:42,6.557,0.004,0,0,0,0,v
2014-01-19 03:48,6.552,0.005,0,0,0,0,v
2014-01-19 03:54,6.547,0.004,0,0,0,0,v
2014-01-19 04:00,6.546,0.004,0,0,0,0,v
2014-01-19 04:06,6.541,0.004,0,0,0,0,v
2014-01-19 04:12,6.546,0.004,0,0,0,0,v
2014-01-19 04:18,6.541,0.005,0,0,0,0,v
2014-01-19 04:24,6.534,0.007,0,0,0,0,v
2014-01-19 04:30,6.535,0.005,0,0,0,0,v
2014-01-19 04:36,6.542,0.004,0,0,0,0,v
2014-01-19 04:42,6.548,0.005,0,0,0,0,v
2014-01-19 04:48,6.545,0.006,0,0,0,0,v
2014-01-19 04:54,6.548,0.007,0,0,0,0,v
2014-01-19 05:00,6.519,0.004,0,0,0,0,v
2014-01-19 05:06,6.531,0.005,0,0,0,0,v
2014-01-19 05:12,6.535,0.005,0,0,0,0,v
2014-01-19 05:18,6.522,0.005,0,0,0,0,v
2014-01-19 05:24,6.517,0.007,0,0,0,0,v
2014-01-19 05:30,6.525,0.005,0,0,0,0,v
2014-01-19 05:36,6.512,0.004,0,0,0,0,v
2014-01-19 05:42,6.508,0.005,0,0,0,0,v
2014-01-19 05:48,6.519,0.006,0,0,0,0,v
2014-01-19 05:54,6.510,0.007,0,0,0,0,v
2014-01-19 06:00,6.507,0.004,0,0,0,0,v
2014-01-19 06:06,6.487,0.006,0,0,0,0,v
2014-01-19 06:12,6.508,0.005,0,0,0,0,v
2014-01-19 06:18,6.503,0.006,0,0,0,0,v
2014-01-19 06:24,6.487,0.007,0,0,0,0,v
2014-01-19 06:30,6.496,0.006,0,0,0,0,v
2014-01-19 06:36,6.491,0.004,0,0,0,0,v
2014-01-19 06:42,6.494,0.005,0,0,0,0,v
2014-01-19 06:48,6.498,0.005,0,0,0,0,v
2014-01-19 06:54,6.514,0.005,0,0,0,0,v
2014-01-19 07:00,6.519,0.008,0,0,0,0,v
2014-01-19 07:06,6.494,0.005,0,0,0,0,v
2014-01-19 07:12,6.470,0.006,0,0,0,0,v
2014-01-19 07:18,6.525,0.006,0,0,0,0,v
2014-01-19 07:24,6.498,0.005,0,0,0,0,v
2014-01-19 07:30,6.505,0.004,0,0,0,0,v
2014-01-19 07:36,6.498,0.008,0,0,0,0,v
2014-01-19 07:42,6.520,0.006,0,0,0,0,v
2014-01-19 07:48,6.525,0.007,0,0,0,0,v
2014-01-19 07:54,6.480,0.006,0,0,0,0,v
2014-01-19 08:00,6.503,0.007,0,0,0,0,v
2014-01-19 08:06,6.492,0.006,0,0,0,0,v
2014-01-19 08:12,6.494,0.005,0,0,0,0,v
2014-01-19 08:18,6.492,0.008,0,0,0,0,v
2014-01-19 08:24,6.508,0.005,0,0,0,0,v
2014-01-19 08:30,6.510,0.007,0,0,0,0,v
2014-01-19 08:36,6.534,0.006,0,0,0,0,v
2014-01-19 08:42,6.541,0.006,0,0,0,0,v
2014-01-19 08:48,6.525,0.006,0,0,0,0,v
2014-01-19 08:54,6.519,0.008,0,0,0,0,v
2014-01-19 09:00,6.510,0.005,0,0,0,0,v
2014-01-19 09:06,6.515,0.007,0,0,0,0,v
2014-01-19 09:12,6.536,0.006,0,0,0,0,v
2014-01-19 09:18,6.523,0.006,0,0,0,0,v
2014-01-19 09:24,6.532,0.005,0,0,0,0,v
2014-01-19 09:30,6.524,0.006,0,0,0,0,v
2014-01-19 09:36,6.499,0.008,0,0,0,0,v
2014-01-19 09:42,6.506,0.005,0,0,0,0,v
2014-01-19 09:48,6.503,0.009,0,0,0,0,v
2014-01-19 09:54,6.513,0.006,0,0,0,0,v
2014-01-19 10:00,6.504,0.006,0,0,0,0,v
2014-01-19 10:06,6.498,0.006,0,0,0,0,v
2014-01-19 10:12,6.502,0.005,0,0,0,0,v
2014-01-19 10:18,6.500,0.008,0,0,0,0,v
2014-01-19 10:24,6.499,0.005,0,0,0,0,v
2014-01-19 10:30,6.493,0.009,0,0,0,0,v
2014-01-19 10:36,6.505,0.006,0,0,0,0,v
2014-01-19 10:42,6.470,0.006,0,0,0,0,v
2014-01-19 10:48,6.465,0.009,0,0,0,0,v
2014-01-19 10:54,6.456,0.004,0,0,0,0,v
2014-01-19 11:00,6.452,0.006,0,0,0,0,v
2014-01-19 11:06,6.471,0.005,0,0,0,0,v
2014-01-19 11:12,6.465,0.006,0,0,0,0,v
2014-01-19 11:18,6.469,0.008,0,0,0,0,v
2014-01-19 11:24,6.443,0.004,0,0,0,0,v
2014-01-19 11:30,6.426,0.006,0,0,0,0,v
2014-01-19 11:36,6.416,0.006,0,0,0,0,v
2014-01-19 11:42,6.423,0.005,0,0,0,0,v
2014-01-19 11:48,6.413,0.006,0,0,0,0,v
2014-01-19 11:54,6.423,0.005,0,0,0,0,v
2014-01-19 12:00,6.406,0.004,0,0,0,0,v
2014-01-19 12:06,6.410,0.005,0,0,0,0,v
2014-01-19 12:12,6.387,0.006,0,0,0,0,v
2014-01-19 12:18,6.404,0.005,0,0,0,0,v
2014-01-19 12:24,6.416,0.006,0,0,0,0,v
2014-01-19 12:30,6.389,0.005,0,0,0,0,v
2014-01-19 12:36,6.375,0.007,0,0,0,0,v
2014-01-19 12:42,6.382,0.005,0,0,0,0,v
2014-01-19 12:48,6.373,0.007,0,0,0,0,v
2014-01-19 12:54,6.378,0.008,0,0,0,0,v
2014-01-19 13:00,6.368,0.005,0,0,0,0,v
2014-01-19 13:06,6.353,0.006,0,0,0,0,v
2014-01-19 13:12,6.332,0.008,0,0,0,0,v
2014-01-19 13:18,6.320,0.005,0,0,0,0,v
2014-01-19 13:24,6.326,0.004,0,0,0,0,v
2014-01-19 13:30,6.318,0.006,0,0,0,0,v
2014-01-19 13:36,6.323,0.007,0,0,0,0,v
2014-01-19 13:42,6.316,0.006,0,0,0,0,v
2014-01-19 13:48,6.314,0.004,0,0,0,0,v
2014-01-19 13:54,6.330,0.006,0,0,0,0,v
2014-01-19 14:00,6.310,0.008,0,0,0,0,v
2014-01-19 14:06,6.296,0.004,0,0,0,0,v
2014-01-19 14:12,6.282,0.005,0,0,0,0,v
2014-01-19 14:18,6.274,0.005,0,0,0,0,v
2014-01-19 14:24,6.252,0.005,0,0,0,0,v
2014-01-19 14:30,6.268,0.004,0,0,0,0,v
2014-01-19 14:36,6.275,0.008,0,0,0,0,v
2014-01-19 14:42,6.266,0.006,0,0,0,0,v
2014-01-19 14:48,6.259,0.005,0,0,0,0,v
2014-01-19 14:54,6.268,0.006,0,0,0,0,v
2014-01-19 15:00,6.268,0.004,0,0,0,0,v
2014-01-19 15:06,6.264,0.005,0,0,0,0,v
2014-01-19 15:12,6.275,0.005,0,0,0,0,v
2014-01-19 15:18,6.269,0.005,0,0,0,0,v
2014-01-19 15:24,6.262,0.005,0,0,0,0,v
2014-01-19 15:30,6.263,0.005,0,0,0,0,v
2014-01-19 15:36,6.270,0.005,0,0,0,0,v
2014-01-19 15:42,6.248,0.010,0,0,0,0,v
2014-01-19 15:48,6.265,0.008,0,0,0,0,v
2014-01-19 15:54,6.272,0.004,0,0,0,0,v
2014-01-19 16:00,6.256,0.008,0,0,0,0,v
2014-01-19 16:06,6.264,0.006,0,0,0,0,v
2014-01-19 16:12,6.261,0.007,0,0,0,0,v
2014-01-19 16:18,6.266,0.005,0,0,0,0,v
2014-01-19 16:24,6.256,0.007,0,0,0,0,v
2014-01-19 16:30,6.270,0.013,0,0,0,0,v
2014-01-19 16:36,6.265,0.004,0,0,0,0,v
2014-01-19 16:42,6.264,0.005,0,0,0,0,v
2014-01-19 16:48,6.287,0.004,0,0,0,0,v
2014-01-19 16:54,6.285,0.005,0,0,0,0,v
2014-01-19 17:00,6.272,0.005,0,0,0,0,v
2014-01-19 17:06,6.265,0.004,0,0,0,0,v
2014-01-19 17:12,6.264,0.004,0,0,0,0,v
2014-01-19 17:18,6.254,0.004,0,0,0,0,v
2014-01-19 17:24,6.258,0.004,0,0,0,0,v
2014-01-19 17:30,6.265,0.005,0,0,0,0,v
2014-01-19 17:36,6.277,0.003,0,0,0,0,v
2014-01-19 17:42,6.275,0.004,0,0,0,0,v
2014-01-19 17:48,6.251,0.003,0,0,0,0,v
2014-01-19 17:54,6.253,0.004,0,0,0,0,v
2014-01-19 18:00,6.252,0.004,0,0,0,0,v
2014-01-19 18:06,6.250,0.004,0,0,0,0,v
2014-01-19 18:12,6.265,0.004,0,0,0,0,v
2014-01-19 18:18,6.281,0.005,0,0,0,0,v
2014-01-19 18:24,6.281,0.005,0,0,0,0,v
2014-01-19 18:30,6.285,0.004,0,0,0,0,v
2014-01-19 18:36,6.281,0.004,0,0,0,0,v
2014-01-19 18:42,6.304,0.003,0,0,0,0,v
2014-01-19 18:48,6.302,0.004,0,0,0,0,v
2014-01-19 18:54,6.296,0.004,0,0,0,0,v
2014-01-19 19:00,6.314,0.004,0,0,0,0,v
2014-01-19 19:06,6.318,0.004,0,0,0,0,v
2014-01-19 19:12,6.331,0.004,0,0,0,0,v
2014-01-19 19:18,6.347,0.004,0,0,0,0,v
2014-01-19 19:24,6.341,0.005,0,0,0,0,v
2014-01-19 19:30,6.346,0.003,0,0,0,0,v
2014-01-19 19:36,6.337,0.006,0,0,0,0,v
2014-01-19 19:42,6.362,0.006,0,0,0,0,v
2014-01-19 19:48,6.378,0.003,0,0,0,0,v
2014-01-19 19:54,6.394,0.007,0,0,0,0,v
2014-01-19 20:00,6.429,0.006,0,0,0,0,v
2014-01-19 20:06,6.443,0.004,0,0,0,0,v
2014-01-19 20:12,6.433,0.004,0,0,0,0,v
2014-01-19 20:18,6.463,0.006,0,0,0,0,v
2014-01-19 20:24,6.473,0.005,0,0,0,0,v
2014-01-19 20:30,6.475,0.004,0,0,0,0,v
2014-01-19 20:36,6.493,0.005,0,0,0,0,v
2014-01-19 20:42,6.504,0.003,0,0,0,0,v
2014-01-19 20:48,6.496,0.003,0,0,0,0,v
2014-01-19 20:54,6.506,0.004,0,0,0,0,v
2014-01-19 21:00,6.512,0.003,0,0,0,0,v
2014-01-19 21:06,6.518,0.004,0,0,0,0,v
2014-01-19 21:12,6.527,0.003,0,0,0,0,v
2014-01-19 21:18,6.527,0.003,0,0,0,0,v
2014-01-19 21:24,6.528,0.003,0,0,0,0,v
2014-01-19 21:30,6.518,0.004,0,0,0,0,v
2014-01-19 21:36,6.522,0.007,0,0,0,0,v
2014-01-19 21:42,6.543,0.004,0,0,0,0,v
2014-01-19 21:48,6.536,0.004,0,0,0,0,v
2014-01-19 21:54,6.553,0.007,0,0,0,0,v
2014-01-19 22:00,6.567,0.005,0,0,0,0,v
2014-01-19 22:06,6.552,0.004,0,0,0,0,v
2014-01-19 22:12,6.558,0.004,0,0,0,0,v
2014-01-19 22:18,6.577,0.004,0,0,0,0,v
2014-01-19 22:24,6.590,0.004,0,0,0,0,v
2014-01-19 22:30,6.584,0.004,0,0,0,0,v
2014-01-19 22:36,6.581,0.004,0,0,0,0,v
2014-01-19 22:42,6.582,0.003,0,0,0,0,v
2014-01-19 22:48,6.574,0.003,0,0,0,0,v
2014-01-19 22:54,6.554,0.003,0,0,0,0,v
2014-01-19 23:00,6.570,0.004,0,0,0,0,v
2014-01-19 23:06,6.577,0.004,0,0,0,0,v
2014-01-19 23:12,6.585,0.003,0,0,0,0,v
2014-01-19 23:18,6.583,0.003,0,0,0,0,v
2014-01-19 23:24,6.574,0.003,0,0,0,0,v
2014-01-19 23:30,6.578,0.003,0,0,0,0,v
2014-01-19 23:36,6.567,0.005,0,0,0,0,v
2014-01-19 23:42,6.570,0.003,0,0,0,0,v
2014-01-19 23:48,6.571,0.000,0,0,0,0,v
2014-01-19 23:54,6.583,0.003,0,0,0,0,v
2014-01-20 00:00,6.580,0.004,0,0,0,0,v
2014-01-20 00:06,6.580,0.003,0,0,0,0,v
2014-01-20 00:12,6.580,0.004,0,0,0,0,v
2014-01-20 00:18,6.581,0.003,0,0,0,0,v
2014-01-20 00:24,6.573,0.005,0,0,0,0,v
2014-01-20 00:30,6.582,0.004,0,0,0,0,v
2014-01-20 00:36,6.591,0.003,0,0,0,0,v
2014-01-20 00:42,6.593,0.003,0,0,0,0,v
2014-01-20 00:48,6.587,0.003,0,0,0,0,v
2014-01-20 00:54,6.573,0.004,0,0,0,0,v
2014-01-20 01:00,6.571,0.003,0,0,0,0,v
2014-01-20 01:06,6.570,0.003,0,0,0,0,v
2014-01-20 01:12,6.570,0.004,0,0,0,0,v
2014-01-20 01:18,6.572,0.005,0,0,0,0,v
2014-01-20 01:24,6.589,0.003,0,0,0,0,v
2014-01-20 01:30,6.582,0.004,0,0,0,0,v
2014-01-20 01:36,6.570,0.004,0,0,0,0,v
2014-01-20 01:42,6.571,0.004,0,0,0,0,v
2014-01-20 01:48,6.568,0.004,0,0,0,0,v
2014-01-20 01:54,6.552,0.003,0,0,0,0,v
2014-01-20 02:00,6.574,0.003,0,0,0,0,v
2014-01-20 02:06,6.555,0.004,0,0,0,0,v
2014-01-20 02:12,6.549,0.004,0,0,0,0,v
2014-01-20 02:18,6.545,0.003,0,0,0,0,v
2014-01-20 02:24,6.533,0.003,0,0,0,0,v
2014-01-20 02:30,6.546,0.003,0,0,0,0,v
2014-01-20 02:36,6.520,0.004,0,0,0,0,v
2014-01-20 02:42,6.520,0.003,0,0,0,0,v
2014-01-20 02:48,6.508,0.005,0,0,0,0,v
2014-01-20 02:54,6.502,0.003,0,0,0,0,v
2014-01-20 03:00,6.509,0.004,0,0,0,0,v
2014-01-20 03:06,6.517,0.002,0,0,0,0,v
2014-01-20 03:12,6.510,0.004,0,0,0,0,v
2014-01-20 03:18,6.520,0.003,0,0,0,0,v
2014-01-20 03:24,6.512,0.004,0,0,0,0,v
2014-01-20 03:30,6.497,0.003,0,0,0,0,v
2014-01-20 03:36,6.494,0.003,0,0,0,0,v
2014-01-20 03:42,6.506,0.005,0,0,0,0,v
2014-01-20 03:48,6.505,0.003,0,0,0,0,v
2014-01-20 03:54,6.501,0.002,0,0,0,0,v
2014-01-20 04:00,6.511,0.003,0,0,0,0,v
2014-01-20 04:06,6.508,0.003,0,0,0,0,v
2014-01-20 04:12,6.488,0.004,0,0,0,0,v
2014-01-20 04:18,6.487,0.008,0,0,0,0,v
2014-01-20 04:24,6.495,0.004,0,0,0,0,v
2014-01-20 04:30,6.483,0.002,0,0,0,0,v
2014-01-20 04:36,6.488,0.002,0,0,0,0,v
2014-01-20 04:42,6.486,0.002,0,0,0,0,v
2014-01-20 04:48,6.479,0.005,0,0,0,0,v
2014-01-20 04:54,6.480,0.005,0,0,0,0,v
2014-01-20 05:00,6.479,0.002,0,0,0,0,v
2014-01-20 05:06,6.485,0.003,0,0,0,0,v
2014-01-20 05:12,6.464,0.002,0,0,0,0,v
2014-01-20 05:18,6.471,0.002,0,0,0,0,v
2014-01-20 05:24,6.462,0.003,0,0,0,0,v
2014-01-20 05:30,6.461,0.002,0,0,0,0,v
2014-01-20 05:36,6.461,0.003,0,0,0,0,v
2014-01-20 05:42,6.451,0.002,0,0,0,0,v
2014-01-20 05:48,6.462,0.003,0,0,0,0,v
2014-01-20 05:54,6.451,0.002,0,0,0,0,v
2014-01-20 06:00,6.448,0.004,0,0,0,0,v
2014-01-20 06:06,6.442,0.002,0,0,0,0,v
2014-01-20 06:12,6.430,0.002,0,0,0,0,v
2014-01-20 06:18,6.442,0.003,0,0,0,0,v
2014-01-20 06:24,6.440,0.002,0,0,0,0,v
2014-01-20 06:30,6.454,0.003,0,0,0,0,v
2014-01-20 06:36,6.442,0.004,0,0,0,0,v
2014-01-20 06:42,6.434,0.003,0,0,0,0,v
2014-01-20 06:48,6.441,0.002,0,0,0,0,v
2014-01-20 06:54,6.448,0.003,0,0,0,0,v
2014-01-20 07:00,6.449,0.003,0,0,0,0,v
2014-01-20 07:06,6.446,0.002,0,0,0,0,v
2014-01-20 07:12,6.454,0.002,0,0,0,0,v
2014-01-20 07:18,6.450,0.002,0,0,0,0,v
2014-01-20 07:24,6.443,0.003,0,0,0,0,v
2014-01-20 07:30,6.440,0.002,0,0,0,0,v
2014-01-20 07:36,6.425,0.002,0,0,0,0,v
2014-01-20 07:42,6.433,0.002,0,0,0,0,v
2014-01-20 07:48,6.454,0.006,0,0,0,0,v
2014-01-20 07:54,6.462,0.002,0,0,0,0,v
2014-01-20 08:00,6.449,0.004,0,0,0,0,v
2014-01-20 08:06,6.450,0.003,0,0,0,0,v
2014-01-20 08:12,6.448,0.004,0,0,0,0,v
2014-01-20 08:18,6.450,0.004,0,0,0,0,v
2014-01-20 08:24,6.447,0.002,0,0,0,0,v
2014-01-20 08:30,6.442,0.003,0,0,0,0,v
2014-01-20 08:36,6.454,0.002,0,0,0,0,v
2014-01-20 08:42,6.459,0.003,0,0,0,0,v
2014-01-20 08:48,6.463,0.002,0,0,0,0,v
2014-01-20 08:54,6.477,0.003,0,0,0,0,v
2014-01-20 09:00,6.479,0.003,0,0,0,0,v
2014-01-20 09:06,6.478,0.002,0,0,0,0,v
2014-01-20 09:12,6.483,0.003,0,0,0,0,v
2014-01-20 09:18,6.485,0.003,0,0,0,0,v
2014-01-20 09:24,6.492,0.002,0,0,0,0,v
2014-01-20 09:30,6.499,0.002,0,0,0,0,v
2014-01-20 09:36,6.491,0.003,0,0,0,0,v
2014-01-20 09:42,6.481,0.002,0,0,0,0,v
2014-01-20 09:48,6.483,0.002,0,0,0,0,v
2014-01-20 09:54,6.477,0.002,0,0,0,0,v
2014-01-20 10:00,6.467,0.002,0,0,0,0,v
2014-01-20 10:06,6.480,0.004,0,0,0,0,v
2014-01-20 10:12,6.493,0.004,0,0,0,0,v
2014-01-20 10:18,6.497,0.003,0,0,0,0,v
2014-01-20 10:24,6.495,0.004,0,0,0,0,v
2014-01-20 10:30,6.505,0.002,0,0,0,0,v
2014-01-20 10:36,6.498,0.002,0,0,0,0,v
2014-01-20 10:42,6.495,0.003,0,0,0,0,v
2014-01-20 10:48,6.491,0.002,0,0,0,0,v
2014-01-20 10:54,6.488,0.002,0,0,0,0,v
2014-01-20 11:00,6.476,0.002,0,0,0,0,v
2014-01-20 11:06,6.465,0.002,0,0,0,0,v
2014-01-20 11:12,6.472,0.002,0,0,0,0,v
2014-01-20 11:18,6.464,0.002,0,0,0,0,v
2014-01-20 11:24,6.465,0.002,0,0,0,0,v
2014-01-20 11:30,6.460,0.003,0,0,0,0,v
2014-01-20 11:36,6.457,0.002,0,0,0,0,v
2014-01-20 11:42,6.464,0.003,0,0,0,0,v
2014-01-20 11:48,6.453,0.002,0,0,0,0,v
2014-01-20 11:54,6.458,0.002,0,0,0,0,v
2014-01-20 12:00,6.463,0.002,0,0,0,0,v
2014-01-20 12:06,6.454,0.002,0,0,0,0,v
2014-01-20 12:12,6.444,0.002,0,0,0,0,v
2014-01-20 12:18,6.432,0.006,0,0,0,0,v
2014-01-20 12:24,6.419,0.002,0,0,0,0,v
2014-01-20 12:30,6.428,0.003,0,0,0,0,v
2014-01-20 12:36,6.412,0.003,0,0,0,0,v
2014-01-20 12:42,6.405,0.003,0,0,0,0,v
2014-01-20 12:48,6.415,0.004,0,0,0,0,v
2014-01-20 12:54,6.411,0.003,0,0,0,0,v
2014-01-20 13:00,6.389,0.003,0,0,0,0,v
2014-01-20 13:06,6.390,0.002,0,0,0,0,v
2014-01-20 13:12,6.395,0.002,0,0,0,0,v
2014-01-20 13:18,6.389,0.002,0,0,0,0,v
2014-01-20 13:24,6.377,0.003,0,0,0,0,v
2014-01-20 13:30,6.389,0.002,0,0,0,0,v
2014-01-20 13:36,6.376,0.004,0,0,0,0,v
2014-01-20 13:42,6.366,0.002,0,0,0,0,v
2014-01-20 13:48,6.348,0.002,0,0,0,0,v
2014-01-20 13:54,6.346,0.002,0,0,0,0,v
2014-01-20 14:00,6.343,0.002,0,0,0,0,v
2014-01-20 14:06,6.341,0.002,0,0,0,0,v
2014-01-20 14:12,6.343,0.003,0,0,0,0,v
2014-01-20 14:18,6.345,0.002,0,0,0,0,v
2014-01-20 14:24,6.350,0.002,0,0,0,0,v
2014-01-20 14:30,6.348,0.002,0,0,0,0,v
2014-01-20 14:36,6.323,0.003,0,0,0,0,v
2014-01-20 14:42,6.312,0.002,0,0,0,0,v
2014-01-20 14:48,6.326,0.002,0,0,0,0,v
2014-01-20 14:54,6.309,0.002,0,0,0,0,v
2014-01-20 15:00,6.316,0.002,0,0,0,0,v
2014-01-20 15:06,6.321,0.002,0,0,0,0,v
2014-01-20 15:12,6.306,0.002,0,0,0,0,v
2014-01-20 15:18,6.298,0.002,0,0,0,0,v
2014-01-20 15:24,6.311,0.003,0,0,0,0,v
2014-01-20 15:30,6.304,0.004,0,0,0,0,v
2014-01-20 15:36,6.303,0.002,0,0,0,0,v
2014-01-20 15:42,6.301,0.003,0,0,0,0,v
2014-01-20 15:48,6.304,0.002,0,0,0,0,v
2014-01-20 15:54,6.301,0.002,0,0,0,0,v
2014-01-20 16:00,6.290,0.003,0,0,0,0,v
2014-01-20 16:06,6.273,0.002,0,0,0,0,v
2014-01-20 16:12,6.275,0.002,0,0,0,0,v
2014-01-20 16:18,6.267,0.003,0,0,0,0,v
2014-01-20 16:24,6.265,0.001,0,0,0,0,v
2014-01-20 16:30,6.280,0.002,0,0,0,0,v
2014-01-20 16:36,6.257,0.002,0,0,0,0,v
2014-01-20 16:42,6.271,0.003,0,0,0,0,v
2014-01-20 16:48,6.288,0.003,0,0,0,0,v
2014-01-20 16:54,6.275,0.002,0,0,0,0,v
2014-01-20 17:00,6.269,0.000,0,0,0,0,v
2014-01-20 17:06,6.265,0.001,0,0,0,0,v
2014-01-20 17:12,6.273,0.003,0,0,0,0,v
2014-01-20 17:18,6.288,0.002,0,0,0,0,v
2014-01-20 17:24,6.289,0.002,0,0,0,0,v
2014-01-20 17:30,6.276,0.001,0,0,0,0,v
2014-01-20 17:36,6.284,0.002,0,0,0,0,v
2014-01-20 17:42,6.294,0.005,0,0,0,0,v
2014-01-20 17:48,6.310,0.002,0,0,0,0,v
2014-01-20 17:54,6.299,0.002,0,0,0,0,v
2014-01-20 18:00,6.304,0.002,0,0,0,0,v
2014-01-20 18:06,6.296,0.003,0,0,0,0,v
2014-01-20 18:12,6.302,0.003,0,0,0,0,v
2014-01-20 18:18,6.292,0.003,0,0,0,0,v
2014-01-20 18:24,6.312,0.004,0,0,0,0,v
2014-01-20 18:30,6.309,0.004,0,0,0,0,v
2014-01-20 18:36,6.312,0.004,0,0,0,0,v
2014-01-20 18:42,6.322,0.002,0,0,0,0,v
2014-01-20 18:48,6.319,0.002,0,0,0,0,v
2014-01-20 18:54,6.324,0.001,0,0,0,0,v
2014-01-20 19:00,6.316,0.004,0,0,0,0,v
2014-01-20 19:06,6.323,0.002,0,0,0,0,v
2014-01-20 19:12,6.334,0.004,0,0,0,0,v
2014-01-20 19:18,6.344,0.002,0,0,0,0,v
2014-01-20 19:24,6.347,0.004,0,0,0,0,v
2014-01-20 19:30,6.365,0.002,0,0,0,0,v
2014-01-20 19:36,6.366,0.002,0,0,0,0,v
2014-01-20 19:42,6.371,0.001,0,0,0,0,v
2014-01-20 19:48,6.382,0.002,0,0,0,0,v
2014-01-20 19:54,6.377,0.002,0,0,0,0,v
2014-01-20 20:00,6.379,0.004,0,0,0,0,v
2014-01-20 20:06,6.375,0.002,0,0,0,0,v
2014-01-20 20:12,6.375,0.002,0,0,0,0,v
2014-01-20 20:18,6.392,0.002,0,0,0,0,v
2014-01-20 20:24,6.406,0.003,0,0,0,0,v
2014-01-20 20:30,6.421,0.002,0,0,0,0,v
2014-01-20 20:36,6.419,0.001,0,0,0,0,v
2014-01-20 20:42,6.451,0.004,0,0,0,0,v
2014-01-20 20:48,6.456,0.001,0,0,0,0,v
2014-01-20 20:54,6.465,0.004,0,0,0,0,v
2014-01-20 21:00,6.478,0.002,0,0,0,0,v
2014-01-20 21:06,6.481,0.002,0,0,0,0,v
2014-01-20 21:12,6.494,0.006,0,0,0,0,v
2014-01-20 21:18,6.519,0.001,0,0,0,0,v
2014-01-20 21:24,6.524,0.002,0,0,0,0,v
2014-01-20 21:30,6.521,0.002,0,0,0,0,v
2014-01-20 21:36,6.524,0.002,0,0,0,0,v
2014-01-20 21:42,6.539,0.002,0,0,0,0,v
2014-01-20 21:48,6.537,0.002,0,0,0,0,v
2014-01-20 21:54,6.542,0.002,0,0,0,0,v
2014-01-20 22:00,6.556,0.002,0,0,0,0,v
2014-01-20 22:06,6.561,0.002,0,0,0,0,v
2014-01-20 22:12,6.569,0.001,0,0,0,0,v
2014-01-20 22:18,6.574,0.001,0,0,0,0,v
2014-01-20 22:24,6.582,0.001,0,0,0,0,v
2014-01-20 22:30,6.575,0.002,0,0,0,0,v
2014-01-20 22:36,6.583,0.004,0,0,0,0,v
2014-01-20 22:42,6.600,0.002,0,0,0,0,v
2014-01-20 22:48,6.586,0.002,0,0,0,0,v
2014-01-20 22:54,6.598,0.003,0,0,0,0,v
2014-01-20 23:00,6.596,0.002,0,0,0,0,v
2014-01-20 23:06,6.617,0.001,0,0,0,0,v
2014-01-20 23:12,6.620,0.002,0,0,0,0,v
2014-01-20 23:18,6.618,0.002,0,0,0,0,v
2014-01-20 23:24,6.616,0.002,0,0,0,0,v
2014-01-20 23:30,6.622,0.003,0,0,0,0,v
2014-01-20 23:36,6.597,0.004,0,0,0,0,v
2014-01-20 23:42,6.613,0.002,0,0,0,0,v
2014-01-20 23:48,6.620,0.002,0,0,0,0,v
2014-01-20 23:54,6.607,0.003,0,0,0,0,v
2014-01-21 00:00,6.595,0.003,0,0,0,0,v
2014-01-21 00:06,6.604,0.002,0,0,0,0,v
2014-01-21 00:12,6.605,0.003,0,0,0,0,v
2014-01-21 00:18,6.609,0.004,0,0,0,0,v
2014-01-21 00:24,6.620,0.003,0,0,0,0,v
2014-01-21 00:30,6.611,0.003,0,0,0,0,v
2014-01-21 00:36,6.594,0.004,0,0,0,0,v
2014-01-21 00:42,6.613,0.003,0,0,0,0,v
2014-01-21 00:48,6.613,0.004,0,0,0,0,v
2014-01-21 00:54,6.609,0.003,0,0,0,0,v
2014-01-21 01:00,6.594,0.002,0,0,0,0,v
2014-01-21 01:06,6.593,0.004,0,0,0,0,v
2014-01-21 01:12,6.574,0.004,0,0,0,0,v
2014-01-21 01:18,6.587,0.004,0,0,0,0,v
2014-01-21 01:24,6.585,0.004,0,0,0,0,v
2014-01-21 01:30,6.586,0.003,0,0,0,0,v
2014-01-21 01:36,6.586,0.002,0,0,0,0,v
2014-01-21 01:42,6.572,0.005,0,0,0,0,v
2014-01-21 01:48,6.582,0.005,0,0,0,0,v
2014-01-21 01:54,6.603,0.003,0,0,0,0,v
2014-01-21 02:00,6.585,0.004,0,0,0,0,v
2014-01-21 02:06,6.577,0.004,0,0,0,0,v
2014-01-21 02:12,6.575,0.006,0,0,0,0,v
2014-01-21 02:18,6.553,0.006,0,0,0,0,v
2014-01-21 02:24,6.560,0.004,0,0,0,0,v
2014-01-21 02:30,6.565,0.004,0,0,0,0,v
2014-01-21 02:36,6.570,0.005,0,0,0,0,v
2014-01-21 02:42,6.579,0.004,0,0,0,0,v
2014-01-21 02:48,6.563,0.006,0,0,0,0,v
2014-01-21 02:54,6.541,0.005,0,0,0,0,v
2014-01-21 03:00,6.542,0.005,0,0,0,0,v
2014-01-21 03:06,6.556,0.004,0,0,0,0,v
2014-01-21 03:12,6.547,0.004,0,0,0,0,v
2014-01-21 03:18,6.541,0.004,0,0,0,0,v
2014-01-21 03:24,6.553,0.004,0,0,0,0,v
2014-01-21 03:30,6.543,0.004,0,0,0,0,v
2014-01-21 03:36,6.536,0.005,0,0,0,0,v
2014-01-21 03:42,6.542,0.004,0,0,0,0,v
2014-01-21 03:48,6.529,0.005,0,0,0,0,v
2014-01-21 03:54,6.529,0.004,0,0,0,0,v
2014-01-21 04:00,6.524,0.005,0,0,0,0,v
2014-01-21 04:06,6.526,0.003,0,0,0,0,v
2014-01-21 04:12,6.552,0.004,0,0,0,0,v
2014-01-21 04:18,6.541,0.008,0,0,0,0,v
2014-01-21 04:24,6.534,0.005,0,0,0,0,v
2014-01-21 04:30,6.548,0.004,0,0,0,0,v
2014-01-21 04:36,6.529,0.005,0,0,0,0,v
2014-01-21 04:42,6.523,0.005,0,0,0,0,v
2014-01-21 04:48,6.529,0.005,0,0,0,0,v
2014-01-21 04:54,6.508,0.006,0,0,0,0,v
2014-01-21 05:00,6.491,0.005,0,0,0,0,v
2014-01-21 05:06,6.484,0.005,0,0,0,0,v
2014-01-21 05:12,6.475,0.004,0,0,0,0,v
2014-01-21 05:18,6.473,0.003,0,0,0,0,v
2014-01-21 05:24,6.479,0.004,0,0,0,0,v
2014-01-21 05:30,6.484,0.002,0,0,0,0,v
2014-01-21 05:36,6.457,0.003,0,0,0,0,v
2014-01-21 05:42,6.456,0.005,0,0,0,0,v
2014-01-21 05:48,6.453,0.004,0,0,0,0,v
2014-01-21 05:54,6.461,0.004,0,0,0,0,v
2014-01-21 06:00,6.463,0.004,0,0,0,0,v
2014-01-21 06:06,6.463,0.003,0,0,0,0,v
2014-01-21 06:12,6.451,0.003,0,0,0,0,v
2014-01-21 06:18,6.448,0.004,0,0,0,0,v
2014-01-21 06:24,6.439,0.003,0,0,0,0,v
2014-01-21 06:30,6.424,0.003,0,0,0,0,v
2014-01-21 06:36,6.426,0.004,0,0,0,0,v
2014-01-21 06:42,6.430,0.003,0,0,0,0,v
2014-01-21 06:48,6.438,0.003,0,0,0,0,v
2014-01-21 06:54,6.435,0.003,0,0,0,0,v
2014-01-21 07:00,6.446,0.004,0,0,0,0,v
2014-01-21 07:06,6.450,0.003,0,0,0,0,v
2014-01-21 07:12,6.444,0.002,0,0,0,0,v
2014-01-21 07:18,6.444,0.008,0,0,0,0,v
2014-01-21 07:24,6.432,0.003,0,0,0,0,v
2014-01-21 07:30,6.432,0.004,0,0,0,0,v
2014-01-21 07:36,6.428,0.003,0,0,0,0,v
2014-01-21 07:42,6.434,0.004,0,0,0,0,v
2014-01-21 07:48,6.438,0.004,0,0,0,0,v
2014-01-21 07:54,6.426,0.004,0,0,0,0,v
2014-01-21 08:00,6.437,0.003,0,0,0,0,v
2014-01-21 08:06,6.434,0.003,0,0,0,0,v
2014-01-21 08:12,6.424,0.003,0,0,0,0,v
2014-01-21 08:18,6.425,0.004,0,0,0,0,v
2014-01-21 08:24,6.425,0.002,0,0,0,0,v
2014-01-21 08:30,6.435,0.005,0,0,0,0,v
2014-01-21 08:36,6.443,0.004,0,0,0,0,v
2014-01-21 08:42,6.442,0.005,0,0,0,0,v
2014-01-21 08:48,6.442,0.003,0,0,0,0,v
2014-01-21 08:54,6.440,0.003,0,0,0,0,v
2014-01-21 09:00,6.445,0.003,0,0,0,0,v
2014-01-21 09:06,6.446,0.004,0,0,0,0,v
2014-01-21 09:12,6.437,0.003,0,0,0,0,v
2014-01-21 09:18,6.442,0.002,0,0,0,0,v
2014-01-21 09:24,6.445,0.006,0,0,0,0,v
2014-01-21 09:30,6.437,0.003,0,0,0,0,v
2014-01-21 09:36,6.441,0.003,0,0,0,0,v
2014-01-21 09:42,6.433,0.003,0,0,0,0,v
2014-01-21 09:48,6.416,0.002,0,0,0,0,v
2014-01-21 09:54,6.421,0.004,0,0,0,0,v
2014-01-21 10:00,6.451,0.003,0,0,0,0,v
2014-01-21 10:06,6.449,0.003,0,0,0,0,v
2014-01-21 10:12,6.445,0.002,0,0,0,0,v
2014-01-21 10:18,6.453,0.003,0,0,0,0,v
2014-01-21 10:24,6.451,0.004,0,0,0,0,v
2014-01-21 10:30,6.451,0.003,0,0,0,0,v
2014-01-21 10:36,6.438,0.005,0,0,0,0,v
2014-01-21 10:42,6.451,0.004,0,0,0,0,v
2014-01-21 10:48,6.439,0.006,0,0,0,0,v
2014-01-21 10:54,6.434,0.003,0,0,0,0,v
2014-01-21 11:00,6.439,0.002,0,0,0,0,v
2014-01-21 11:06,6.446,0.003,0,0,0,0,v
2014-01-21 11:12,6.454,0.003,0,0,0,0,v
2014-01-21 11:18,6.455,0.003,0,0,0,0,v
2014-01-21 11:24,6.446,0.003,0,0,0,0,v
2014-01-21 11:30,6.437,0.003,0,0,0,0,v
2014-01-21 11:36,6.444,0.003,0,0,0,0,v
2014-01-21 11:42,6.444,0.004,0,0,0,0,v
2014-01-21 11:48,6.444,0.003,0,0,0,0,v
2014-01-21 11:54,6.432,0.005,0,0,0,0,v
2014-01-21 12:00,6.426,0.002,0,0,0,0,v
2014-01-21 12:06,6.417,0.004,0,0,0,0,v
2014-01-21 12:12,6.417,0.003,0,0,0,0,v
2014-01-21 12:18,6.438,0.003,0,0,0,0,v
2014-01-21 12:24,6.435,0.003,0,0,0,0,v
2014-01-21 12:30,6.423,0.003,0,0,0,0,v
2014-01-21 12:36,6.418,0.005,0,0,0,0,v
2014-01-21 12:42,6.423,0.004,0,0,0,0,v
2014-01-21 12:48,6.418,0.005,0,0,0,0,v
2014-01-21 12:54,6.421,0.004,0,0,0,0,v
2014-01-21 13:00,6.416,0.004,0,0,0,0,v
2014-01-21 13:06,6.406,0.007,0,0,0,0,v
2014-01-21 13:12,6.385,0.004,0,0,0,0,v
2014-01-21 13:18,6.380,0.004,0,0,0,0,v
2014-01-21 13:24,6.395,0.004,0,0,0,0,v
2014-01-21 13:30,6.401,0.004,0,0,0,0,v
2014-01-21 13:36,6.382,0.004,0,0,0,0,v
2014-01-21 13:42,6.389,0.006,0,0,0,0,v
2014-01-21 13:48,6.396,0.005,0,0,0,0,v
2014-01-21 13:54,6.399,0.009,0,0,0,0,v
2014-01-21 14:00,6.417,0.006,0,0,0,0,v
2014-01-21 14:06,6.410,0.006,0,0,0,0,v
2014-01-21 14:12,6.409,0.006,0,0,0,0,v
2014-01-21 14:18,6.401,0.006,0,0,0,0,v
2014-01-21 14:24,6.398,0.004,0,0,0,0,v
2014-01-21 14:30,6.401,0.005,0,0,0,0,v
2014-01-21 14:36,6.411,0.005,0,0,0,0,v
2014-01-21 14:42,6.414,0.006,0,0,0,0,v
2014-01-21 14:48,6.395,0.006,0,0,0,0,v
2014-01-21 14:54,6.404,0.004,0,0,0,0,v
2014-01-21 15:00,6.408,0.008,0,0,0,0,v
2014-01-21 15:06,6.411,0.006,0,0,0,0,v
2014-01-21 15:12,6.420,0.008,0,0,0,0,v
2014-01-21 15:18,6.420,0.009,0,0,0,0,v
2014-01-21 15:24,6.403,0.006,0,0,0,0,v
2014-01-21 15:30,6.403,0.007,0,0,0,0,v
2014-01-21 15:36,6.401,0.007,0,0,0,0,v
2014-01-21 15:42,6.386,0.008,0,0,0,0,v
2014-01-21 15:48,6.386,0.008,0,0,0,0,v
2014-01-21 15:54,6.389,0.006,0,0,0,0,v
2014-01-21 16:00,6.384,0.008,0,0,0,0,v
2014-01-21 16:06,6.396,0.014,0,0,0,0,v
2014-01-21 16:12,6.407,0.007,0,0,0,0,v
2014-01-21 16:18,6.410,0.014,0,0,0,0,v
2014-01-21 16:24,6.396,0.012,0,0,0,0,v
2014-01-21 16:30,6.402,0.010,0,0,0,0,v
2014-01-21 16:36,6.393,0.011,0,0,0,0,v
2014-01-21 16:42,6.383,0.009,0,0,0,0,v
2014-01-21 16:48,6.389,0.008,0,0,0,0,v
2014-01-21 16:54,6.385,0.015,0,0,0,0,v
2014-01-21 17:00,6.381,0.013,0,0,0,0,v
2014-01-21 17:06,6.387,0.010,0,0,0,0,v
2014-01-21 17:12,6.392,0.009,0,0,0,0,v
2014-01-21 17:18,6.377,0.010,0,0,0,0,v
2014-01-21 17:24,6.366,0.014,0,0,0,0,v
2014-01-21 17:30,6.364,0.010,0,0,0,0,v
2014-01-21 17:36,6.383,0.011,0,0,0,0,v
2014-01-21 17:42,6.360,0.017,0,0,0,0,v
2014-01-21 17:48,6.363,0.009,0,0,0,0,v
2014-01-21 17:54,6.364,0.010,0,0,0,0,v
2014-01-21 18:00,6.371,0.011,0,0,0,0,v
2014-01-21 18:06,6.382,0.009,0,0,0,0,v
2014-01-21 18:12,6.360,0.010,0,0,0,0,v
2014-01-21 18:18,6.357,0.009,0,0,0,0,v
2014-01-21 18:24,6.346,0.015,0,0,0,0,v
2014-01-21 18:30,6.355,0.015,0,0,0,0,v
2014-01-21 18:36,6.341,0.014,0,0,0,0,v
2014-01-21 18:42,6.327,0.008,0,0,0,0,v
2014-01-21 18:48,6.340,0.007,0,0,0,0,v
2014-01-21 18:54,6.338,0.009,0,0,0,0,v
2014-01-21 19:00,6.324,0.011,0,0,0,0,v
2014-01-21 19:06,6.334,0.009,0,0,0,0,v
2014-01-21 19:12,6.325,0.017,0,0,0,0,v
2014-01-21 19:18,6.337,0.008,0,0,0,0,v
2014-01-21 19:24,6.353,0.009,0,0,0,0,v
2014-01-21 19:30,6.375,0.008,0,0,0,0,v
2014-01-21 19:36,6.361,0.007,0,0,0,0,v
2014-01-21 19:42,6.359,0.012,0,0,0,0,v
2014-01-21 19:48,6.360,0.011,0,0,0,0,v
2014-01-21 19:54,6.371,0.012,0,0,0,0,v
2014-01-21 20:00,6.395,0.011,0,0,0,0,v
2014-01-21 20:06,6.405,0.008,0,0,0,0,v
2014-01-21 20:12,6.421,0.010,0,0,0,0,v
2014-01-21 20:18,6.426,0.007,0,0,0,0,v
2014-01-21 20:24,6.427,0.007,0,0,0,0,v
2014-01-21 20:30,6.439,0.009,0,0,0,0,v
2014-01-21 20:36,6.438,0.009,0,0,0,0,v
2014-01-21 20:42,6.453,0.009,0,0,0,0,v
2014-01-21 20:48,6.463,0.007,0,0,0,0,v
2014-01-21 20:54,6.474,0.013,0,0,0,0,v
2014-01-21 21:00,6.483,0.008,0,0,0,0,v
2014-01-21 21:06,6.496,0.010,0,0,0,0,v
2014-01-21 21:12,6.502,0.009,0,0,0,0,v
2014-01-21 21:18,6.503,0.008,0,0,0,0,v
2014-01-21 21:24,6.514,0.010,0,0,0,0,v
2014-01-21 21:30,6.523,0.008,0,0,0,0,v
2014-01-21 21:36,6.516,0.006,0,0,0,0,v
2014-01-21 21:42,6.521,0.010,0,0,0,0,v
2014-01-21 21:48,6.535,0.010,0,0,0,0,v
2014-01-21 21:54,6.537,0.010,0,0,0,0,v
2014-01-21 22:00,6.558,0.011,0,0,0,0,v
2014-01-21 22:06,6.556,0.007,0,0,0,0,v
2014-01-21 22:12,6.569,0.009,0,0,0,0,v
2014-01-21 22:18,6.567,0.008,0,0,0,0,v
2014-01-21 22:24,6.562,0.010,0,0,0,0,v
2014-01-21 22:30,6.558,0.008,0,0,0,0,v
2014-01-21 22:36,6.561,0.011,0,0,0,0,v
2014-01-21 22:42,6.554,0.007,0,0,0,0,v
2014-01-21 22:48,6.550,0.015,0,0,0,0,v
2014-01-21 22:54,6.556,0.006,0,0,0,0,v
2014-01-21 23:00,6.573,0.014,0,0,0,0,v
2014-01-21 23:06,6.578,0.008,0,0,0,0,v
2014-01-21 23:12,6.574,0.009,0,0,0,0,v
2014-01-21 23:18,6.572,0.008,0,0,0,0,v
2014-01-21 23:24,6.554,0.009,0,0,0,0,v
2014-01-21 23:30,6.586,0.010,0,0,0,0,v
2014-01-21 23:36,6.570,0.010,0,0,0,0,v
2014-01-21 23:42,6.581,0.011,0,0,0,0,v
2014-01-21 23:48,6.587,0.011,0,0,0,0,v
2014-01-21 23:54,6.568,0.009,0,0,0,0,v
2014-01-22 00:00,6.568,0.013,0,0,0,0,v
2014-01-22 00:06,6.562,0.013,0,0,0,0,v
2014-01-22 00:12,6.584,0.014,0,0,0,0,v
2014-01-22 00:18,6.576,0.011,0,0,0,0,v
2014-01-22 00:24,6.561,0.011,0,0,0,0,v
2014-01-22 00:30,6.581,0.008,0,0,0,0,v
2014-01-22 00:36,6.564,0.012,0,0,0,0,v
2014-01-22 00:42,6.562,0.008,0,0,0,0,v
2014-01-22 00:48,6.581,0.010,0,0,0,0,v
2014-01-22 00:54,6.579,0.009,0,0,0,0,v
2014-01-22 01:00,6.600,0.012,0,0,0,0,v
2014-01-22 01:06,6.587,0.011,0,0,0,0,v
2014-01-22 01:12,6.598,0.011,0,0,0,0,v
2014-01-22 01:18,6.604,0.009,0,0,0,0,v
2014-01-22 01:24,6.603,0.008,0,0,0,0,v
2014-01-22 01:30,6.596,0.009,0,0,0,0,v
2014-01-22 01:36,6.577,0.009,0,0,0,0,v
2014-01-22 01:42,6.561,0.005,0,0,0,0,v
2014-01-22 01:48,6.567,0.011,0,0,0,0,v
2014-01-22 01:54,6.568,0.008,0,0,0,0,v
2014-01-22 02:00,6.573,0.010,0,0,0,0,v
2014-01-22 02:06,6.578,0.008,0,0,0,0,v
2014-01-22 02:12,6.563,0.012,0,0,0,0,v
2014-01-22 02:18,6.558,0.008,0,0,0,0,v
2014-01-22 02:24,6.564,0.012,0,0,0,0,v
2014-01-22 02:30,6.549,0.013,0,0,0,0,v
2014-01-22 02:36,6.534,0.010,0,0,0,0,v
2014-01-22 02:42,6.524,0.009,0,0,0,0,v
2014-01-22 02:48,6.527,0.007,0,0,0,0,v
2014-01-22 02:54,6.514,0.012,0,0,0,0,v
2014-01-22 03:00,6.518,0.006,0,0,0,0,v
2014-01-22 03:06,6.508,0.009,0,0,0,0,v
2014-01-22 03:12,6.529,0.008,0,0,0,0,v
2014-01-22 03:18,6.512,0.010,0,0,0,0,v
2014-01-22 03:24,6.508,0.007,0,0,0,0,v
2014-01-22 03:30,6.514,0.013,0,0,0,0,v
2014-01-22 03:36,6.494,0.008,0,0,0,0,v
2014-01-22 03:42,6.489,0.008,0,0,0,0,v
2014-01-22 03:48,6.487,0.008,0,0,0,0,v
2014-01-22 03:54,6.482,0.005,0,0,0,0,v
2014-01-22 04:00,6.471,0.007,0,0,0,0,v
2014-01-22 04:06,6.465,0.008,0,0,0,0,v
2014-01-22 04:12,6.452,0.010,0,0,0,0,v
2014-01-22 04:18,6.442,0.006,0,0,0,0,v
2014-01-22 04:24,6.436,0.008,0,0,0,0,v
2014-01-22 04:30,6.444,0.007,0,0,0,0,v
2014-01-22 04:36,6.431,0.007,0,0,0,0,v
2014-01-22 04:42,6.436,0.007,0,0,0,0,v
2014-01-22 04:48,6.436,0.005,0,0,0,0,v
2014-01-22 04:54,6.444,0.009,0,0,0,0,v
2014-01-22 05:00,6.429,0.006,0,0,0,0,v
2014-01-22 05:06,6.424,0.008,0,0,0,0,v
2014-01-22 05:12,6.420,0.008,0,0,0,0,v
2014-01-22 05:18,6.416,0.007,0,0,0,0,v
2014-01-22 05:24,6.420,0.008,0,0,0,0,v
2014-01-22 05:30,6.419,0.009,0,0,0,0,v
2014-01-22 05:36,6.409,0.007,0,0,0,0,v
2014-01-22 05:42,6.408,0.008,0,0,0,0,v
2014-01-22 05:48,6.393,0.007,0,0,0,0,v
2014-01-22 05:54,6.394,0.006,0,0,0,0,v
2014-01-22 06:00,6.384,0.007,0,0,0,0,v
2014-01-22 06:06,6.387,0.006,0,0,0,0,v
2014-01-22 06:12,6.376,0.008,0,0,0,0,v
2014-01-22 06:18,6.375,0.006,0,0,0,0,v
2014-01-22 06:24,6.391,0.007,0,0,0,0,v
2014-01-22 06:30,6.406,0.007,0,0,0,0,v
2014-01-22 06:36,6.404,0.005,0,0,0,0,v
2014-01-22 06:42,6.410,0.006,0,0,0,0,v
2014-01-22 06:48,6.404,0.005,0,0,0,0,v
2014-01-22 06:54,6.412,0.006,0,0,0,0,v
2014-01-22 07:00,6.397,0.005,0,0,0,0,v
2014-01-22 07:06,6.410,0.006,0,0,0,0,v
2014-01-22 07:12,6.420,0.006,0,0,0,0,v
2014-01-22 07:18,6.414,0.006,0,0,0,0,v
2014-01-22 07:24,6.410,0.006,0,0,0,0,v
2014-01-22 07:30,6.396,0.004,0,0,0,0,v
2014-01-22 07:36,6.388,0.004,0,0,0,0,v
2014-01-22 07:42,6.383,0.006,0,0,0,0,v
2014-01-22 07:48,6.371,0.007,0,0,0,0,v
2014-01-22 07:54,6.362,0.005,0,0,0,0,v
2014-01-22 08:00,6.373,0.004,0,0,0,0,v
2014-01-22 08:06,6.357,0.006,0,0,0,0,v
2014-01-22 08:12,6.356,0.005,0,0,0,0,v
2014-01-22 08:18,6.377,0.006,0,0,0,0,v
2014-01-22 08:24,6.384,0.004,0,0,0,0,v
2014-01-22 08:30,6.385,0.006,0,0,0,0,v
2014-01-22 08:36,6.384,0.005,0,0,0,0,v
2014-01-22 08:42,6.380,0.005,0,0,0,0,v
2014-01-22 08:48,6.379,0.003,0,0,0,0,v
2014-01-22 08:54,6.391,0.004,0,0,0,0,v
2014-01-22 09:00,6.393,0.005,0,0,0,0,v
2014-01-22 09:06,6.402,0.006,0,0,0,0,v
2014-01-22 09:12,6.389,0.006,0,0,0,0,v
2014-01-22 09:18,6.388,0.003,0,0,0,0,v
2014-01-22 09:24,6.393,0.005,0,0,0,0,v
2014-01-22 09:30,6.402,0.004,0,0,0,0,v
2014-01-22 09:36,6.394,0.005,0,0,0,0,v
2014-01-22 09:42,6.384,0.006,0,0,0,0,v
2014-01-22 09:48,6.381,0.004,0,0,0,0,v
2014-01-22 09:54,6.371,0.007,0,0,0,0,v
2014-01-22 10:00,6.371,0.005,0,0,0,0,v
2014-01-22 10:06,6.395,0.005,0,0,0,0,v
2014-01-22 10:12,6.411,0.006,0,0,0,0,v
2014-01-22 10:18,6.415,0.004,0,0,0,0,v
2014-01-22 10:24,6.417,0.004,0,0,0,0,v
2014-01-22 10:30,6.431,0.005,0,0,0,0,v
2014-01-22 10:36,6.434,0.006,0,0,0,0,v
2014-01-22 10:42,6.429,0.006,0,0,0,0,v
2014-01-22 10:48,6.438,0.004,0,0,0,0,v
2014-01-22 10:54,6.434,0.005,0,0,0,0,v
2014-01-22 11:00,6.439,0.005,0,0,0,0,v
2014-01-22 11:06,6.445,0.005,0,0,0,0,v
2014-01-22 11:12,6.453,0.004,0,0,0,0,v
2014-01-22 11:18,6.463,0.003,0,0,0,0,v
2014-01-22 11:24,6.470,0.005,0,0,0,0,v
2014-01-22 11:30,6.468,0.003,0,0,0,0,v
2014-01-22 11:36,6.472,0.006,0,0,0,0,v
2014-01-22 11:42,6.489,0.003,0,0,0,0,v
2014-01-22 11:48,6.492,0.005,0,0,0,0,v
2014-01-22 11:54,6.497,0.004,0,0,0,0,v
2014-01-22 12:00,6.502,0.005,0,0,0,0,v
2014-01-22 12:06,6.492,0.005,0,0,0,0,v
2014-01-22 12:12,6.483,0.004,0,0,0,0,v
2014-01-22 12:18,6.483,0.005,0,0,0,0,v
2014-01-22 12:24,6.482,0.005,0,0,0,0,v
2014-01-22 12:30,6.479,0.007,0,0,0,0,v
2014-01-22 12:36,6.471,0.005,0,0,0,0,v
2014-01-22 12:42,6.465,0.003,0,0,0,0,v
2014-01-22 12:48,6.467,0.006,0,0,0,0,v
2014-01-22 12:54,6.473,0.005,0,0,0,0,v
2014-01-22 13:00,6.478,0.006,0,0,0,0,v
2014-01-22 13:06,6.468,0.004,0,0,0,0,v
2014-01-22 13:12,6.462,0.004,0,0,0,0,v
2014-01-22 13:18,6.451,0.004,0,0,0,0,v
2014-01-22 13:24,6.468,0.005,0,0,0,0,v
2014-01-22 13:30,6.446,0.005,0,0,0,0,v
2014-01-22 13:36,6.439,0.005,0,0,0,0,v
2014-01-22 13:42,6.450,0.004,0,0,0,0,v
2014-01-22 13:48,6.450,0.003,0,0,0,0,v
2014-01-22 13:54,6.450,0.005,0,0,0,0,v
2014-01-22 14:00,6.445,0.005,0,0,0,0,v
2014-01-22 14:06,6.439,0.003,0,0,0,0,v
2014-01-22 14:12,6.447,0.006,0,0,0,0,v
2014-01-22 14:18,6.463,0.005,0,0,0,0,v
2014-01-22 14:24,6.443,0.003,0,0,0,0,v
2014-01-22 14:30,6.448,0.003,0,0,0,0,v
2014-01-22 14:36,6.440,0.003,0,0,0,0,v
2014-01-22 14:42,6.445,0.005,0,0,0,0,v
2014-01-22 14:48,6.449,0.004,0,0,0,0,v
2014-01-22 14:54,6.436,0.005,0,0,0,0,v
2014-01-22 15:00,6.442,0.004,0,0,0,0,v
2014-01-22 15:06,6.447,0.003,0,0,0,0,v
2014-01-22 15:12,6.455,0.006,0,0,0,0,v
2014-01-22 15:18,6.457,0.003,0,0,0,0,v
2014-01-22 15:24,6.452,0.003,0,0,0,0,v
2014-01-22 15:30,6.455,0.004,0,0,0,0,v
2014-01-22 15:36,6.453,0.005,0,0,0,0,v
2014-01-22 15:42,6.453,0.004,0,0,0,0,v
2014-01-22 15:48,6.452,0.004,0,0,0,0,v
2014-01-22 15:54,6.437,0.004,0,0,0,0,v
2014-01-22 16:00,6.453,0.004,0,0,0,0,v
2014-01-22 16:06,6.439,0.005,0,0,0,0,v
2014-01-22 16:12,6.443,0.004,0,0,0,0,v
2014-01-22 16:18,6.453,0.003,0,0,0,0,v
2014-01-22 16:24,6.441,0.005,0,0,0,0,v
2014-01-22 16:30,6.426,0.003,0,0,0,0,v
2014-01-22 16:36,6.425,0.004,0,0,0,0,v
2014-01-22 16:42,6.427,0.007,0,0,0,0,v
2014-01-22 16:48,6.448,0.005,0,0,0,0,v
2014-01-22 16:54,6.445,0.005,0,0,0,0,v
2014-01-22 17:00,6.439,0.004,0,0,0,0,v
2014-01-22 17:06,6.422,0.005,0,0,0,0,v
2014-01-22 17:12,6.425,0.006,0,0,0,0,v
2014-01-22 17:18,6.415,0.005,0,0,0,0,v
2014-01-22 17:24,6.408,0.003,0,0,0,0,v
2014-01-22 17:30,6.400,0.005,0,0,0,0,v
2014-01-22 17:36,6.371,0.003,0,0,0,0,v
2014-01-22 17:42,6.374,0.002,0,0,0,0,v
2014-01-22 17:48,6.381,0.003,0,0,0,0,v
2014-01-22 17:54,6.383,0.003,0,0,0,0,v
2014-01-22 18:00,6.395,0.003,0,0,0,0,v
2014-01-22 18:06,6.388,0.004,0,0,0,0,v
2014-01-22 18:12,6.409,0.004,0,0,0,0,v
2014-01-22 18:18,6.406,0.007,0,0,0,0,v
2014-01-22 18:24,6.390,0.004,0,0,0,0,v
2014-01-22 18:30,6.381,0.004,0,0,0,0,v
2014-01-22 18:36,6.397,0.003,0,0,0,0,v
2014-01-22 18:42,6.371,0.003,0,0,0,0,v
2014-01-22 18:48,6.381,0.003,0,0,0,0,v
2014-01-22 18:54,6.372,0.003,0,0,0,0,v
2014-01-22 19:00,6.381,0.002,0,0,0,0,v
2014-01-22 19:06,6.392,0.004,0,0,0,0,v
2014-01-22 19:12,6.385,0.003,0,0,0,0,v
2014-01-22 19:18,6.409,0.005,0,0,0,0,v
2014-01-22 19:24,6.400,0.004,0,0,0,0,v
2014-01-22 19:30,6.407,0.002,0,0,0,0,v
2014-01-22 19:36,6.411,0.004,0,0,0,0,v
2014-01-22 19:42,6.427,0.003,0,0,0,0,v
2014-01-22 19:48,6.441,0.005,0,0,0,0,v
2014-01-22 19:54,6.438,0.006,0,0,0,0,v
2014-01-22 20:00,6.438,0.004,0,0,0,0,v
2014-01-22 20:06,6.448,0.004,0,0,0,0,v
2014-01-22 20:12,6.456,0.003,0,0,0,0,v
2014-01-22 20:18,6.466,0.003,0,0,0,0,v
2014-01-22 20:24,6.480,0.003,0,0,0,0,v
2014-01-22 20:30,6.490,0.002,0,0,0,0,v
2014-01-22 20:36,6.490,0.003,0,0,0,0,v
2014-01-22 20:42,6.499,0.003,0,0,0,0,v
2014-01-22 20:48,6.512,0.003,0,0,0,0,v
2014-01-22 20:54,6.539,0.004,0,0,0,0,v
2014-01-22 21:00,6.549,0.002,0,0,0,0,v
2014-01-22 21:06,6.541,0.002,0,0,0,0,v
2014-01-22 21:12,6.540,0.003,0,0,0,0,v
2014-01-22 21:18,6.552,0.004,0,0,0,0,v
2014-01-22 21:24,6.552,0.004,0,0,0,0,v
2014-01-22 21:30,6.558,0.005,0,0,0,0,v
2014-01-22 21:36,6.572,0.003,0,0,0,0,v
2014-01-22 21:42,6.578,0.003,0,0,0,0,v
2014-01-22 21:48,6.586,0.003,0,0,0,0,v
2014-01-22 21:54,6.594,0.003,0,0,0,0,v
2014-01-22 22:00,6.600,0.003,0,0,0,0,v
2014-01-22 22:06,6.610,0.005,0,0,0,0,v
2014-01-22 22:12,6.623,0.005,0,0,0,0,v
2014-01-22 22:18,6.624,0.004,0,0,0,0,v
2014-01-22 22:24,6.626,0.003,0,0,0,0,v
2014-01-22 22:30,6.625,0.003,0,0,0,0,v
2014-01-22 22:36,6.637,0.005,0,0,0,0,v
2014-01-22 22:42,6.630,0.004,0,0,0,0,v
2014-01-22 22:48,6.628,0.003,0,0,0,0,v
2014-01-22 22:54,6.626,0.005,0,0,0,0,v
2014-01-22 23:00,6.609,0.002,0,0,0,0,v
2014-01-22 23:06,6.615,0.003,0,0,0,0,v
2014-01-22 23:12,6.614,0.002,0,0,0,0,v
2014-01-22 23:18,6.609,0.002,0,0,0,0,v
2014-01-22 23:24,6.602,0.003,0,0,0,0,v
2014-01-22 23:30,6.615,0.004,0,0,0,0,v
2014-01-22 23:36,6.617,0.004,0,0,0,0,v
2014-01-22 23:42,6.630,0.005,0,0,0,0,v
2014-01-22 23:48,6.647,0.003,0,0,0,0,v
2014-01-22 23:54,6.646,0.003,0,0,0,0,v
2014-01-23 00:00,6.654,0.003,0,0,0,0,v
2014-01-23 00:06,6.650,0.003,0,0,0,0,v
2014-01-23 00:12,6.652,0.003,0,0,0,0,v
2014-01-23 00:18,6.645,0.003,0,0,0,0,v
2014-01-23 00:24,6.657,0.001,0,0,0,0,v
2014-01-23 00:30,6.657,0.002,0,0,0,0,v
2014-01-23 00:36,6.652,0.002,0,0,0,0,v
2014-01-23 00:42,6.633,0.004,0,0,0,0,v
2014-01-23 00:48,6.629,0.004,0,0,0,0,v
2014-01-23 00:54,6.617,0.004,0,0,0,0,v
2014-01-23 01:00,6.618,0.002,0,0,0,0,v
2014-01-23 01:06,6.611,0.003,0,0,0,0,v
2014-01-23 01:12,6.610,0.003,0,0,0,0,v
2014-01-23 01:18,6.607,0.003,0,0,0,0,v
2014-01-23 01:24,6.603,0.005,0,0,0,0,v
2014-01-23 01:30,6.592,0.004,0,0,0,0,v
2014-01-23 01:36,6.594,0.004,0,0,0,0,v
2014-01-23 01:42,6.593,0.004,0,0,0,0,v
2014-01-23 01:48,6.581,0.003,0,0,0,0,v
2014-01-23 01:54,6.575,0.006,0,0,0,0,v
2014-01-23 02:00,6.603,0.003,0,0,0,0,v
2014-01-23 02:06,6.605,0.004,0,0,0,0,v
2014-01-23 02:12,6.578,0.004,0,0,0,0,v
2014-01-23 02:18,6.577,0.003,0,0,0,0,v
2014-01-23 02:24,6.590,0.005,0,0,0,0,v
2014-01-23 02:30,6.596,0.004,0,0,0,0,v
2014-01-23 02:36,6.588,0.003,0,0,0,0,v
2014-01-23 02:42,6.592,0.003,0,0,0,0,v
2014-01-23 02:48,6.580,0.002,0,0,0,0,v
2014-01-23 02:54,6.585,0.002,0,0,0,0,v
2014-01-23 03:00,6.591,0.002,0,0,0,0,v
2014-01-23 03:06,6.577,0.003,0,0,0,0,v
2014-01-23 03:12,6.588,0.003,0,0,0,0,v
2014-01-23 03:18,6.587,0.003,0,0,0,0,v
2014-01-23 03:24,6.581,0.003,0,0,0,0,v
2014-01-23 03:30,6.588,0.003,0,0,0,0,v
2014-01-23 03:36,6.585,0.003,0,0,0,0,v
2014-01-23 03:42,6.588,0.004,0,0,0,0,v
2014-01-23 03:48,6.587,0.004,0,0,0,0,v
2014-01-23 03:54,6.575,0.003,0,0,0,0,v
2014-01-23 04:00,6.570,0.004,0,0,0,0,v
2014-01-23 04:06,6.566,0.003,0,0,0,0,v
2014-01-23 04:12,6.566,0.004,0,0,0,0,v
2014-01-23 04:18,6.551,0.003,0,0,0,0,v
2014-01-23 04:24,6.540,0.003,0,0,0,0,v
2014-01-23 04:30,6.555,0.003,0,0,0,0,v
2014-01-23 04:36,6.538,0.003,0,0,0,0,v
2014-01-23 04:42,6.537,0.004,0,0,0,0,v
2014-01-23 04:48,6.535,0.003,0,0,0,0,v
2014-01-23 04:54,6.529,0.004,0,0,0,0,v
2014-01-23 05:00,6.522,0.006,0,0,0,0,v
2014-01-23 05:06,6.521,0.004,0,0,0,0,v
2014-01-23 05:12,6.510,0.005,0,0,0,0,v
2014-01-23 05:18,6.519,0.005,0,0,0,0,v
2014-01-23 05:24,6.498,0.005,0,0,0,0,v
2014-01-23 05:30,6.497,0.004,0,0,0,0,v
2014-01-23 05:36,6.488,0.004,0,0,0,0,v
2014-01-23 05:42,6.487,0.005,0,0,0,0,v
2014-01-23 05:48,6.474,0.006,0,0,0,0,v
2014-01-23 05:54,6.459,0.004,0,0,0,0,v
2014-01-23 06:00,6.467,0.004,0,0,0,0,v
2014-01-23 06:06,6.461,0.004,0,0,0,0,v
2014-01-23 06:12,6.446,0.005,0,0,0,0,v
2014-01-23 06:18,6.453,0.006,0,0,0,0,v
2014-01-23 06:24,6.443,0.007,0,0,0,0,v
2014-01-23 06:30,6.448,0.005,0,0,0,0,v
2014-01-23 06:36,6.432,0.006,0,0,0,0,v
2014-01-23 06:42,6.428,0.005,0,0,0,0,v
2014-01-23 06:48,6.426,0.008,0,0,0,0,v
2014-01-23 06:54,6.430,0.005,0,0,0,0,v
2014-01-23 07:00,6.423,0.009,0,0,0,0,v
2014-01-23 07:06,6.424,0.005,0,0,0,0,v
2014-01-23 07:12,6.432,0.006,0,0,0,0,v
2014-01-23 07:18,6.441,0.008,0,0,0,0,v
2014-01-23 07:24,6.443,0.008,0,0,0,0,v
2014-01-23 07:30,6.440,0.008,0,0,0,0,v
2014-01-23 07:36,6.445,0.005,0,0,0,0,v
2014-01-23 07:42,6.445,0.005,0,0,0,0,v
2014-01-23 07:48,6.433,0.007,0,0,0,0,v
2014-01-23 07:54,6.438,0.009,0,0,0,0,v
2014-01-23 08:00,6.434,0.006,0,0,0,0,v
2014-01-23 08:06,6.437,0.008,0,0,0,0,v
2014-01-23 08:12,6.436,0.006,0,0,0,0,v
2014-01-23 08:18,6.426,0.010,0,0,0,0,v
2014-01-23 08:24,6.463,0.007,0,0,0,0,v
2014-01-23 08:30,6.462,0.013,0,0,0,0,v
2014-01-23 08:36,6.463,0.007,0,0,0,0,v
2014-01-23 08:42,6.457,0.010,0,0,0,0,v
2014-01-23 08:48,6.465,0.007,0,0,0,0,v
2014-01-23 08:54,6.463,0.008,0,0,0,0,v
2014-01-23 09:00,6.462,0.006,0,0,0,0,v
2014-01-23 09:06,6.453,0.007,0,0,0,0,v
2014-01-23 09:12,6.461,0.007,0,0,0,0,v
2014-01-23 09:18,6.471,0.010,0,0,0,0,v
2014-01-23 09:24,6.463,0.006,0,0,0,0,v
2014-01-23 09:30,6.465,0.012,0,0,0,0,v
2014-01-23 09:36,6.480,0.010,0,0,0,0,v
2014-01-23 09:42,6.468,0.007,0,0,0,0,v
2014-01-23 09:48,6.478,0.007,0,0,0,0,v
2014-01-23 09:54,6.483,0.009,0,0,0,0,v
2014-01-23 10:00,6.480,0.008,0,0,0,0,v
2014-01-23 10:06,6.481,0.008,0,0,0,0,v
2014-01-23 10:12,6.491,0.007,0,0,0,0,v
2014-01-23 10:18,6.499,0.011,0,0,0,0,v
2014-01-23 10:24,6.499,0.011,0,0,0,0,v
2014-01-23 10:30,6.477,0.009,0,0,0,0,v
2014-01-23 10:36,6.475,0.010,0,0,0,0,v
2014-01-23 10:42,6.494,0.008,0,0,0,0,v
2014-01-23 10:48,6.492,0.009,0,0,0,0,v
2014-01-23 10:54,6.492,0.009,0,0,0,0,v
2014-01-23 11:00,6.499,0.011,0,0,0,0,v
2014-01-23 11:06,6.524,0.007,0,0,0,0,v
2014-01-23 11:12,6.533,0.008,0,0,0,0,v
2014-01-23 11:18,6.535,0.008,0,0,0,0,v
2014-01-23 11:24,6.544,0.012,0,0,0,0,v
2014-01-23 11:30,6.545,0.010,0,0,0,0,v
2014-01-23 11:36,6.547,0.007,0,0,0,0,v
2014-01-23 11:42,6.519,0.011,0,0,0,0,v
2014-01-23 11:48,6.522,0.009,0,0,0,0,v
2014-01-23 11:54,6.533,0.011,0,0,0,0,v
2014-01-23 12:00,6.542,0.017,0,0,0,0,v
2014-01-23 12:06,6.552,0.008,0,0,0,0,v
2014-01-23 12:12,6.560,0.007,0,0,0,0,v
2014-01-23 12:18,6.565,0.007,0,0,0,0,v
2014-01-23 12:24,6.560,0.008,0,0,0,0,v
2014-01-23 12:30,6.547,0.010,0,0,0,0,v
2014-01-23 12:36,6.561,0.012,0,0,0,0,v
2014-01-23 12:42,6.563,0.010,0,0,0,0,v
2014-01-23 12:48,6.578,0.009,0,0,0,0,v
2014-01-23 12:54,6.564,0.010,0,0,0,0,v
2014-01-23 13:00,6.566,0.008,0,0,0,0,v
2014-01-23 13:06,6.566,0.010,0,0,0,0,v
2014-01-23 13:12,6.563,0.007,0,0,0,0,v
2014-01-23 13:18,6.586,0.009,0,0,0,0,v
2014-01-23 13:24,6.584,0.010,0,0,0,0,v
2014-01-23 13:30,6.581,0.009,0,0,0,0,v
2014-01-23 13:36,6.598,0.007,0,0,0,0,v
2014-01-23 13:42,6.597,0.011,0,0,0,0,v
2014-01-23 13:48,6.607,0.009,0,0,0,0,v
2014-01-23 13:54,6.610,0.011,0,0,0,0,v
2014-01-23 14:00,6.633,0.008,0,0,0,0,v
2014-01-23 14:06,6.638,0.010,0,0,0,0,v
2014-01-23 14:12,6.613,0.011,0,0,0,0,v
2014-01-23 14:18,6.621,0.010,0,0,0,0,v
2014-01-23 14:24,6.607,0.007,0,0,0,0,v
2014-01-23 14:30,6.621,0.008,0,0,0,0,v
2014-01-23 14:36,6.623,0.008,0,0,0,0,v
2014-01-23 14:42,6.634,0.011,0,0,0,0,v
2014-01-23 14:48,6.598,0.013,0,0,0,0,v
2014-01-23 14:54,6.610,0.013,0,0,0,0,v
2014-01-23 15:00,6.613,0.010,0,0,0,0,v
2014-01-23 15:06,6.623,0.013,0,0,0,0,v
2014-01-23 15:12,6.633,0.008,0,0,0,0,v
2014-01-23 15:18,6.649,0.008,0,0,0,0,v
2014-01-23 15:24,6.641,0.010,0,0,0,0,v
2014-01-23 15:30,6.657,0.011,0,0,0,0,v
2014-01-23 15:36,6.641,0.011,0,0,0,0,v
2014-01-23 15:42,6.655,0.012,0,0,0,0,v
2014-01-23 15:48,6.649,0.009,0,0,0,0,v
2014-01-23 15:54,6.669,0.008,0,0,0,0,v
2014-01-23 16:00,6.650,0.012,0,0,0,0,v
2014-01-23 16:06,6.649,0.012,0,0,0,0,v
2014-01-23 16:12,6.658,0.008,0,0,0,0,v
2014-01-23 16:18,6.649,0.011,0,0,0,0,v
2014-01-23 16:24,6.656,0.008,0,0,0,0,v
2014-01-23 16:30,6.650,0.017,0,0,0,0,v
2014-01-23 16:36,6.633,0.013,0,0,0,0,v
2014-01-23 16:42,6.625,0.013,0,0,0,0,v
2014-01-23 16:48,6.618,0.010,0,0,0,0,v
2014-01-23 16:54,6.605,0.011,0,0,0,0,v
2014-01-23 17:00,6.640,0.007,0,0,0,0,v
2014-01-23 17:06,6.634,0.011,0,0,0,0,v
2014-01-23 17:12,6.620,0.019,0,0,0,0,v
2014-01-23 17:18,6.623,0.009,0,0,0,0,v
2014-01-23 17:24,6.619,0.012,0,0,0,0,v
2014-01-23 17:30,6.632,0.008,0,0,0,0,v
2014-01-23 17:36,6.621,0.009,0,0,0,0,v
2014-01-23 17:42,6.602,0.009,0,0,0,0,v
2014-01-23 17:48,6.582,0.009,0,0,0,0,v
2014-01-23 17:54,6.604,0.013,0,0,0,0,v
2014-01-23 18:00,6.596,0.012,0,0,0,0,v
2014-01-23 18:06,6.593,0.007,0,0,0,0,v
2014-01-23 18:12,6.592,0.013,0,0,0,0,v
2014-01-23 18:18,6.611,0.010,0,0,0,0,v
2014-01-23 18:24,6.605,0.016,0,0,0,0,v
2014-01-23 18:30,6.613,0.013,0,0,0,0,v
2014-01-23 18:36,6.609,0.010,0,0,0,0,v
2014-01-23 18:42,6.629,0.012,0,0,0,0,v
2014-01-23 18:48,6.628,0.014,0,0,0,0,v
2014-01-23 18:54,6.621,0.012,0,0,0,0,v
2014-01-23 19:00,6.635,0.010,0,0,0,0,v
2014-01-23 19:06,6.632,0.010,0,0,0,0,v
2014-01-23 19:12,6.640,0.006,0,0,0,0,v
2014-01-23 19:18,6.672,0.009,0,0,0,0,v
2014-01-23 19:24,6.658,0.012,0,0,0,0,v
2014-01-23 19:30,6.657,0.008,0,0,0,0,v
2014-01-23 19:36,6.641,0.011,0,0,0,0,v
2014-01-23 19:42,6.644,0.012,0,0,0,0,v
2014-01-23 19:48,6.624,0.014,0,0,0,0,v
2014-01-23 19:54,6.621,0.020,0,0,0,0,v
2014-01-23 20:00,6.609,0.019,0,0,0,0,v
2014-01-23 20:06,6.593,0.014,0,0,0,0,v
2014-01-23 20:12,6.614,0.009,0,0,0,0,v
2014-01-23 20:18,6.620,0.007,0,0,0,0,v
2014-01-23 20:24,6.622,0.009,0,0,0,0,v
2014-01-23 20:30,6.599,0.009,0,0,0,0,v
2014-01-23 20:36,6.617,0.010,0,0,0,0,v
2014-01-23 20:42,6.629,0.010,0,0,0,0,v
2014-01-23 20:48,6.632,0.009,0,0,0,0,v
2014-01-23 20:54,6.639,0.011,0,0,0,0,v
2014-01-23 21:00,6.635,0.013,0,0,0,0,v
2014-01-23 21:06,6.635,0.009,0,0,0,0,v
2014-01-23 21:12,6.657,0.010,0,0,0,0,v
2014-01-23 21:18,6.665,0.015,0,0,0,0,v
2014-01-23 21:24,6.650,0.010,0,0,0,0,v
2014-01-23 21:30,6.626,0.015,0,0,0,0,v
2014-01-23 21:36,6.641,0.016,0,0,0,0,v
2014-01-23 21:42,6.652,0.010,0,0,0,0,v
2014-01-23 21:48,6.657,0.015,0,0,0,0,v
2014-01-23 21:54,6.666,0.014,0,0,0,0,v
2014-01-23 22:00,6.671,0.009,0,0,0,0,v
2014-01-23 22:06,6.653,0.019,0,0,0,0,v
2014-01-23 22:12,6.663,0.011,0,0,0,0,v
2014-01-23 22:18,6.655,0.013,0,0,0,0,v
2014-01-23 22:24,6.642,0.012,0,0,0,0,v
2014-01-23 22:30,6.661,0.015,0,0,0,0,v
2014-01-23 22:36,6.701,0.010,0,0,0,0,v
2014-01-23 22:42,6.702,0.008,0,0,0,0,v
2014-01-23 22:48,6.705,0.007,0,0,0,0,v
2014-01-23 22:54,6.697,0.009,0,0,0,0,v
2014-01-23 23:00,6.674,0.010,0,0,0,0,v
2014-01-23 23:06,6.698,0.007,0,0,0,0,v
2014-01-23 23:12,6.688,0.010,0,0,0,0,v
2014-01-23 23:18,6.697,0.011,0,0,0,0,v
2014-01-23 23:24,6.679,0.009,0,0,0,0,v
2014-01-23 23:30,6.684,0.012,0,0,0,0,v
2014-01-23 23:36,6.677,0.012,0,0,0,0,v
2014-01-23 23:42,6.673,0.009,0,0,0,0,v
2014-01-23 23:48,6.676,0.008,0,0,0,0,v
2014-01-23 23:54,6.667,0.011,0,0,0,0,v
2014-01-24 00:00,6.676,0.009,0,0,0,0,v
2014-01-24 00:06,6.675,0.009,0,0,0,0,v
2014-01-24 00:12,6.643,0.012,0,0,0,0,v
2014-01-24 00:18,6.681,0.007,0,0,0,0,v
2014-01-24 00:24,6.689,0.011,0,0,0,0,v
2014-01-24 00:30,6.710,0.011,0,0,0,0,v
2014-01-24 00:36,6.680,0.013,0,0,0,0,v
2014-01-24 00:42,6.657,0.010,0,0,0,0,v
2014-01-24 00:48,6.660,0.008,0,0,0,0,v
2014-01-24 00:54,6.648,0.009,0,0,0,0,v
2014-01-24 01:00,6.661,0.008,0,0,0,0,v
2014-01-24 01:06,6.651,0.011,0,0,0,0,v
2014-01-24 01:12,6.672,0.011,0,0,0,0,v
2014-01-24 01:18,6.660,0.009,0,0,0,0,v
2014-01-24 01:24,6.674,0.013,0,0,0,0,v
2014-01-24 01:30,6.676,0.014,0,0,0,0,v
2014-01-24 01:36,6.674,0.012,0,0,0,0,v
2014-01-24 01:42,6.644,0.015,0,0,0,0,v
2014-01-24 01:48,6.655,0.009,0,0,0,0,v
2014-01-24 01:54,6.663,0.011,0,0,0,0,v
2014-01-24 02:00,6.668,0.014,0,0,0,0,v
2014-01-24 02:06,6.661,0.012,0,0,0,0,v
2014-01-24 02:12,6.687,0.014,0,0,0,0,v
2014-01-24 02:18,6.677,0.009,0,0,0,0,v
2014-01-24 02:24,6.670,0.012,0,0,0,0,v
2014-01-24 02:30,6.698,0.024,0,0,0,0,v
2014-01-24 02:36,6.709,0.018,0,0,0,0,v
2014-01-24 02:42,6.724,0.015,0,0,0,0,v
2014-01-24 02:48,6.740,0.016,0,0,0,0,v
2014-01-24 02:54,6.723,0.015,0,0,0,0,v
2014-01-24 03:00,6.731,0.013,0,0,0,0,v
2014-01-24 03:06,6.723,0.014,0,0,0,0,v
2014-01-24 03:12,6.722,0.016,0,0,0,0,v
2014-01-24 03:18,6.717,0.011,0,0,0,0,v
2014-01-24 03:24,6.721,0.016,0,0,0,0,v
2014-01-24 03:30,6.727,0.025,0,0,0,0,v
2014-01-24 03:36,6.741,0.012,0,0,0,0,v
2014-01-24 03:42,6.756,0.016,0,0,0,0,v
2014-01-24 03:48,6.773,0.015,0,0,0,0,v
2014-01-24 03:54,6.761,0.020,0,0,0,0,v
2014-01-24 04:00,6.750,0.021,0,0,0,0,v
2014-01-24 04:06,6.738,0.015,0,0,0,0,v
2014-01-24 04:12,6.772,0.023,0,0,0,0,v
2014-01-24 04:18,6.770,0.021,0,0,0,0,v
2014-01-24 04:24,6.711,0.019,0,0,0,0,v
2014-01-24 04:30,6.699,0.017,0,0,0,0,v
2014-01-24 04:36,6.697,0.019,0,0,0,0,v
2014-01-24 04:42,6.709,0.017,0,0,0,0,v
2014-01-24 04:48,6.695,0.016,0,0,0,0,v
2014-01-24 04:54,6.698,0.020,0,0,0,0,v
2014-01-24 05:00,6.677,0.016,0,0,0,0,v
2014-01-24 05:06,6.663,0.014,0,0,0,0,v
2014-01-24 05:12,6.662,0.021,0,0,0,0,v
2014-01-24 05:18,6.690,0.015,0,0,0,0,v
2014-01-24 05:24,6.644,0.016,0,0,0,0,v
2014-01-24 05:30,6.684,0.015,0,0,0,0,v
2014-01-24 05:36,6.649,0.011,0,0,0,0,v
2014-01-24 05:42,6.664,0.020,0,0,0,0,v
2014-01-24 05:48,6.649,0.015,0,0,0,0,v
2014-01-24 05:54,6.659,0.021,0,0,0,0,v
2014-01-24 06:00,6.650,0.013,0,0,0,0,v
2014-01-24 06:06,6.645,0.017,0,0,0,0,v
2014-01-24 06:12,6.628,0.017,0,0,0,0,v
2014-01-24 06:18,6.642,0.015,0,0,0,0,v
2014-01-24 06:24,6.633,0.020,0,0,0,0,v
2014-01-24 06:30,6.657,0.018,0,0,0,0,v
2014-01-24 06:36,6.632,0.023,0,0,0,0,v
2014-01-24 06:42,6.633,0.017,0,0,0,0,v
2014-01-24 06:48,6.588,0.019,0,0,0,0,v
2014-01-24 06:54,6.598,0.020,0,0,0,0,v
2014-01-24 07:00,6.580,0.024,0,0,0,0,v
2014-01-24 07:06,6.581,0.022,0,0,0,0,v
2014-01-24 07:12,6.586,0.024,0,0,0,0,v
2014-01-24 07:18,6.577,0.026,0,0,0,0,v
2014-01-24 07:24,6.548,0.016,0,0,0,0,v
2014-01-24 07:30,6.552,0.017,0,0,0,0,v
2014-01-24 07:36,6.551,0.023,0,0,0,0,v
2014-01-24 07:42,6.563,0.019,0,0,0,0,v
2014-01-24 07:48,6.551,0.022,0,0,0,0,v
2014-01-24 07:54,6.554,0.019,0,0,0,0,v
2014-01-24 08:00,6.525,0.033,0,0,0,0,v
2014-01-24 08:06,6.552,0.026,0,0,0,0,v
2014-01-24 08:12,6.545,0.021,0,0,0,0,v
2014-01-24 08:18,6.552,0.018,0,0,0,0,v
2014-01-24 08:24,6.543,0.022,0,0,0,0,v
2014-01-24 08:30,6.518,0.021,0,0,0,0,v
2014-01-24 08:36,6.534,0.015,0,0,0,0,v
2014-01-24 08:42,6.491,0.023,0,0,0,0,v
2014-01-24 08:48,6.524,0.020,0,0,0,0,v
2014-01-24 08:54,6.510,0.018,0,0,0,0,v
2014-01-24 09:00,6.537,0.020,0,0,0,0,v
2014-01-24 09:06,6.532,0.023,0,0,0,0,v
2014-01-24 09:12,6.518,0.020,0,0,0,0,v
2014-01-24 09:18,6.518,0.021,0,0,0,0,v
2014-01-24 09:24,6.511,0.022,0,0,0,0,v
2014-01-24 09:30,6.514,0.023,0,0,0,0,v
2014-01-24 09:36,6.477,0.017,0,0,0,0,v
2014-01-24 09:42,6.492,0.018,0,0,0,0,v
2014-01-24 09:48,6.505,0.023,0,0,0,0,v
2014-01-24 09:54,6.531,0.028,0,0,0,0,v
2014-01-24 10:00,6.512,0.019,0,0,0,0,v
2014-01-24 10:06,6.520,0.022,0,0,0,0,v
2014-01-24 10:12,6.512,0.028,0,0,0,0,v
2014-01-24 10:18,6.525,0.020,0,0,0,0,v
2014-01-24 10:24,6.511,0.025,0,0,0,0,v
2014-01-24 10:30,6.527,0.021,0,0,0,0,v
2014-01-24 10:36,6.528,0.021,0,0,0,0,v
2014-01-24 10:42,6.523,0.022,0,0,0,0,v
2014-01-24 10:48,6.536,0.032,0,0,0,0,v
2014-01-24 10:54,6.542,0.021,0,0,0,0,v
2014-01-24 11:00,6.549,0.016,0,0,0,0,v
2014-01-24 11:06,6.553,0.020,0,0,0,0,v
2014-01-24 11:12,6.551,0.025,0,0,0,0,v
2014-01-24 11:18,6.562,0.022,0,0,0,0,v
2014-01-24 11:24,6.557,0.020,0,0,0,0,v
2014-01-24 11:30,6.539,0.035,0,0,0,0,v
2014-01-24 11:36,6.532,0.026,0,0,0,0,v
2014-01-24 11:42,6.539,0.030,0,0,0,0,v
2014-01-24 11:48,6.558,0.025,0,0,0,0,v
2014-01-24 11:54,6.579,0.022,0,0,0,0,v
2014-01-24 12:00,6.544,0.032,0,0,0,0,v
2014-01-24 12:06,6.548,0.020,0,0,0,0,v
2014-01-24 12:12,6.558,0.017,0,0,0,0,v
2014-01-24 12:18,6.581,0.037,0,0,0,0,v
2014-01-24 12:24,6.587,0.034,0,0,0,0,v
2014-01-24 12:30,6.596,0.020,0,0,0,0,v
2014-01-24 12:36,6.613,0.025,0,0,0,0,v
2014-01-24 12:42,6.585,0.018,0,0,0,0,v
2014-01-24 12:48,6.565,0.018,0,0,0,0,v
2014-01-24 12:54,6.592,0.021,0,0,0,0,v
2014-01-24 13:00,6.606,0.022,0,0,0,0,v
2014-01-24 13:06,6.630,0.020,0,0,0,0,v
2014-01-24 13:12,6.631,0.021,0,0,0,0,v
2014-01-24 13:18,6.630,0.025,0,0,0,0,v
2014-01-24 13:24,6.647,0.023,0,0,0,0,v
2014-01-24 13:30,6.650,0.027,0,0,0,0,v
2014-01-24 13:36,6.653,0.032,0,0,0,0,v
2014-01-24 13:42,6.652,0.032,0,0,0,0,v
2014-01-24 13:48,6.692,0.020,0,0,0,0,v
2014-01-24 13:54,6.682,0.021,0,0,0,0,v
2014-01-24 14:00,6.671,0.021,0,0,0,0,v
2014-01-24 14:06,6.672,0.028,0,0,0,0,v
2014-01-24 14:12,6.692,0.037,0,0,0,0,v
2014-01-24 14:18,6.703,0.027,0,0,0,0,v
2014-01-24 14:24,6.710,0.027,0,0,0,0,v
2014-01-24 14:30,6.691,0.015,0,0,0,0,v
2014-01-24 14:36,6.723,0.019,0,0,0,0,v
2014-01-24 14:42,6.714,0.025,0,0,0,0,v
2014-01-24 14:48,6.679,0.031,0,0,0,0,v
2014-01-24 14:54,6.662,0.049,0,0,0,0,v
2014-01-24 15:00,6.683,0.040,0,0,0,0,v
2014-01-24 15:06,6.669,0.044,0,0,0,0,v
2014-01-24 15:12,6.682,0.030,0,0,0,0,v
2014-01-24 15:18,6.671,0.029,0,0,0,0,v
2014-01-24 15:24,6.679,0.027,0,0,0,0,v
2014-01-24 15:30,6.664,0.024,0,0,0,0,v
2014-01-24 15:36,6.684,0.023,0,0,0,0,v
2014-01-24 15:42,6.672,0.019,0,0,0,0,v
2014-01-24 15:48,6.686,0.019,0,0,0,0,v
2014-01-24 15:54,6.684,0.035,0,0,0,0,v
2014-01-24 16:00,6.680,0.041,0,0,0,0,v
2014-01-24 16:06,6.714,0.038,0,0,0,0,v
2014-01-24 16:12,6.722,0.026,0,0,0,0,v
2014-01-24 16:18,6.714,0.021,0,0,0,0,v
2014-01-24 16:24,6.724,0.036,0,0,0,0,v
2014-01-24 16:30,6.743,0.024,0,0,0,0,v
2014-01-24 16:36,6.742,0.033,0,0,0,0,v
2014-01-24 16:42,6.726,0.025,0,0,0,0,v
2014-01-24 16:48,6.750,0.029,0,0,0,0,v
2014-01-24 16:54,6.739,0.029,0,0,0,0,v
2014-01-24 17:00,6.754,0.025,0,0,0,0,v
2014-01-24 17:06,6.748,0.029,0,0,0,0,v
2014-01-24 17:12,6.765,0.045,0,0,0,0,v
2014-01-24 17:18,6.770,0.033,0,0,0,0,v
2014-01-24 17:24,6.806,0.034,0,0,0,0,v
2014-01-24 17:30,6.800,0.026,0,0,0,0,v
2014-01-24 17:36,6.793,0.015,0,0,0,0,v
2014-01-24 17:42,6.784,0.017,0,0,0,0,v
2014-01-24 17:48,6.750,0.025,0,0,0,0,v
2014-01-24 17:54,6.739,0.024,0,0,0,0,v
2014-01-24 18:00,6.713,0.031,0,0,0,0,v
2014-01-24 18:06,6.739,0.027,0,0,0,0,v
2014-01-24 18:12,6.720,0.031,0,0,0,0,v
2014-01-24 18:18,6.733,0.026,0,0,0,0,v
2014-01-24 18:24,6.710,0.040,0,0,0,0,v
2014-01-24 18:30,6.742,0.027,0,0,0,0,v
2014-01-24 18:36,6.693,0.023,0,0,0,0,v
2014-01-24 18:42,6.680,0.022,0,0,0,0,v
2014-01-24 18:48,6.701,0.014,0,0,0,0,v
2014-01-24 18:54,6.672,0.024,0,0,0,0,v
2014-01-24 19:00,6.703,0.034,0,0,0,0,v
2014-01-24 19:06,6.702,0.019,0,0,0,0,v
2014-01-24 19:12,6.691,0.021,0,0,0,0,v
2014-01-24 19:18,6.691,0.018,0,0,0,0,v
2014-01-24 19:24,6.719,0.021,0,0,0,0,v
2014-01-24 19:30,6.719,0.018,0,0,0,0,v
2014-01-24 19:36,6.736,0.018,0,0,0,0,v
2014-01-24 19:42,6.709,0.017,0,0,0,0,v
2014-01-24 19:48,6.720,0.020,0,0,0,0,v
2014-01-24 19:54,6.726,0.021,0,0,0,0,v
2014-01-24 20:00,6.710,0.020,0,0,0,0,v
2014-01-24 20:06,6.735,0.027,0,0,0,0,v
2014-01-24 20:12,6.761,0.013,0,0,0,0,v
2014-01-24 20:18,6.727,0.017,0,0,0,0,v
2014-01-24 20:24,6.723,0.024,0,0,0,0,v
2014-01-24 20:30,6.695,0.019,0,0,0,0,v
2014-01-24 20:36,6.725,0.025,0,0,0,0,v
2014-01-24 20:42,6.739,0.019,0,0,0,0,v
2014-01-24 20:48,6.740,0.020,0,0,0,0,v
2014-01-24 20:54,6.747,0.031,0,0,0,0,v
2014-01-24 21:00,6.736,0.016,0,0,0,0,v
2014-01-24 21:06,6.735,0.029,0,0,0,0,v
2014-01-24 21:12,6.712,0.014,0,0,0,0,v
2014-01-24 21:18,6.755,0.018,0,0,0,0,v
2014-01-24 21:24,6.752,0.016,0,0,0,0,v
2014-01-24 21:30,6.743,0.022,0,0,0,0,v
2014-01-24 21:36,6.721,0.018,0,0,0,0,v
2014-01-24 21:42,6.742,0.019,0,0,0,0,v
2014-01-24 21:48,6.772,0.015,0,0,0,0,v
2014-01-24 21:54,6.752,0.030,0,0,0,0,v
2014-01-24 22:00,6.762,0.022,0,0,0,0,v
2014-01-24 22:06,6.774,0.021,0,0,0,0,v
2014-01-24 22:12,6.768,0.014,0,0,0,0,v
2014-01-24 22:18,6.772,0.025,0,0,0,0,v
2014-01-24 22:24,6.741,0.027,0,0,0,0,v
2014-01-24 22:30,6.732,0.027,0,0,0,0,v
2014-01-24 22:36,6.745,0.030,0,0,0,0,v
2014-01-24 22:42,6.760,0.020,0,0,0,0,v
2014-01-24 22:48,6.761,0.021,0,0,0,0,v
2014-01-24 22:54,6.761,0.021,0,0,0,0,v
2014-01-24 23:00,6.741,0.023,0,0,0,0,v
2014-01-24 23:06,6.765,0.015,0,0,0,0,v
2014-01-24 23:12,6.771,0.022,0,0,0,0,v
2014-01-24 23:18,6.761,0.016,0,0,0,0,v
2014-01-24 23:24,6.760,0.019,0,0,0,0,v
2014-01-24 23:30,6.775,0.016,0,0,0,0,v
2014-01-24 23:36,6.782,0.021,0,0,0,0,v
2014-01-24 23:42,6.784,0.020,0,0,0,0,v
2014-01-24 23:48,6.778,0.026,0,0,0,0,v
2014-01-24 23:54,6.788,0.025,0,0,0,0,v
2014-01-25 00:00,6.805,0.014,0,0,0,0,v
2014-01-25 00:06,6.791,0.030,0,0,0,0,v
2014-01-25 00:12,6.815,0.017,0,0,0,0,v
2014-01-25 00:18,6.834,0.020,0,0,0,0,v
2014-01-25 00:24,6.860,0.016,0,0,0,0,v
2014-01-25 00:30,6.836,0.041,0,0,0,0,v
2014-01-25 00:36,6.847,0.012,0,0,0,0,v
2014-01-25 00:42,6.816,0.018,0,0,0,0,v
2014-01-25 00:48,6.807,0.012,0,0,0,0,v
2014-01-25 00:54,6.836,0.018,0,0,0,0,v
2014-01-25 01:00,6.818,0.021,0,0,0,0,v
2014-01-25 01:06,6.808,0.028,0,0,0,0,v
2014-01-25 01:12,6.789,0.015,0,0,0,0,v
2014-01-25 01:18,6.767,0.033,0,0,0,0,v
2014-01-25 01:24,6.759,0.025,0,0,0,0,v
2014-01-25 01:30,6.795,0.021,0,0,0,0,v
2014-01-25 01:36,6.792,0.017,0,0,0,0,v
2014-01-25 01:42,6.793,0.021,0,0,0,0,v
2014-01-25 01:48,6.797,0.033,0,0,0,0,v
2014-01-25 01:54,6.768,0.021,0,0,0,0,v
2014-01-25 02:00,6.775,0.025,0,0,0,0,v
2014-01-25 02:06,6.783,0.028,0,0,0,0,v
2014-01-25 02:12,6.751,0.022,0,0,0,0,v
2014-01-25 02:18,6.708,0.028,0,0,0,0,v
2014-01-25 02:24,6.727,0.022,0,0,0,0,v
2014-01-25 02:30,6.755,0.024,0,0,0,0,v
2014-01-25 02:36,6.739,0.027,0,0,0,0,v
2014-01-25 02:42,6.726,0.015,0,0,0,0,v
2014-01-25 02:48,6.723,0.038,0,0,0,0,v
2014-01-25 02:54,6.715,0.045,0,0,0,0,v
2014-01-25 03:00,6.694,0.025,0,0,0,0,v
2014-01-25 03:06,6.714,0.022,0,0,0,0,v
2014-01-25 03:12,6.743,0.025,0,0,0,0,v
2014-01-25 03:18,6.721,0.023,0,0,0,0,v
2014-01-25 03:24,6.722,0.016,0,0,0,0,v
2014-01-25 03:30,6.726,0.025,0,0,0,0,v
2014-01-25 03:36,6.698,0.024,0,0,0,0,v
2014-01-25 03:42,6.724,0.017,0,0,0,0,v
2014-01-25 03:48,6.712,0.027,0,0,0,0,v
2014-01-25 03:54,6.735,0.022,0,0,0,0,v
2014-01-25 04:00,6.685,0.017,0,0,0,0,v
2014-01-25 04:06,6.670,0.029,0,0,0,0,v
2014-01-25 04:12,6.708,0.016,0,0,0,0,v
2014-01-25 04:18,6.708,0.027,0,0,0,0,v
2014-01-25 04:24,6.681,0.022,0,0,0,0,v
2014-01-25 04:30,6.687,0.021,0,0,0,0,v
2014-01-25 04:36,6.650,0.026,0,0,0,0,v
2014-01-25 04:42,6.674,0.018,0,0,0,0,v
2014-01-25 04:48,6.661,0.024,0,0,0,0,v
2014-01-25 04:54,6.663,0.022,0,0,0,0,v
2014-01-25 05:00,6.629,0.027,0,0,0,0,v
2014-01-25 05:06,6.623,0.021,0,0,0,0,v
2014-01-25 05:12,6.612,0.021,0,0,0,0,v
2014-01-25 05:18,6.642,0.015,0,0,0,0,v
2014-01-25 05:24,6.609,0.017,0,0,0,0,v
2014-01-25 05:30,6.632,0.028,0,0,0,0,v
2014-01-25 05:36,6.615,0.035,0,0,0,0,v
2014-01-25 05:42,6.602,0.037,0,0,0,0,v
2014-01-25 05:48,6.591,0.026,0,0,0,0,v
2014-01-25 05:54,6.576,0.026,0,0,0,0,v
2014-01-25 06:00,6.550,0.028,0,0,0,0,v
2014-01-25 06:06,6.557,0.020,0,0,0,0,v
2014-01-25 06:12,6.507,0.016,0,0,0,0,v
2014-01-25 06:18,6.517,0.030,0,0,0,0,v
2014-01-25 06:24,6.507,0.017,0,0,0,0,v
2014-01-25 06:30,6.518,0.022,0,0,0,0,v
2014-01-25 06:36,6.553,0.019,0,0,0,0,v
2014-01-25 06:42,6.496,0.015,0,0,0,0,v
2014-01-25 06:48,6.487,0.029,0,0,0,0,v
2014-01-25 06:54,6.449,0.029,0,0,0,0,v
2014-01-25 07:00,6.474,0.028,0,0,0,0,v
2014-01-25 07:06,6.427,0.025,0,0,0,0,v
2014-01-25 07:12,6.444,0.018,0,0,0,0,v
2014-01-25 07:18,6.456,0.026,0,0,0,0,v
2014-01-25 07:24,6.456,0.028,0,0,0,0,v
2014-01-25 07:30,6.445,0.024,0,0,0,0,v
2014-01-25 07:36,6.436,0.031,0,0,0,0,v
2014-01-25 07:42,6.437,0.017,0,0,0,0,v
2014-01-25 07:48,6.422,0.019,0,0,0,0,v
2014-01-25 07:54,6.397,0.022,0,0,0,0,v
2014-01-25 08:00,6.433,0.016,0,0,0,0,v
2014-01-25 08:06,6.426,0.027,0,0,0,0,v
2014-01-25 08:12,6.413,0.020,0,0,0,0,v
2014-01-25 08:18,6.412,0.021,0,0,0,0,v
2014-01-25 08:24,6.392,0.046,0,0,0,0,v
2014-01-25 08:30,6.367,0.025,0,0,0,0,v
2014-01-25 08:36,6.421,0.027,0,0,0,0,v
2014-01-25 08:42,6.374,0.015,0,0,0,0,v
2014-01-25 08:48,6.394,0.028,0,0,0,0,v
2014-01-25 08:54,6.370,0.017,0,0,0,0,v
2014-01-25 09:00,6.387,0.019,0,0,0,0,v
2014-01-25 09:06,6.383,0.031,0,0,0,0,v
2014-01-25 09:12,6.377,0.020,0,0,0,0,v
2014-01-25 09:18,6.364,0.022,0,0,0,0,v
2014-01-25 09:24,6.391,0.018,0,0,0,0,v
2014-01-25 09:30,6.367,0.025,0,0,0,0,v
2014-01-25 09:36,6.376,0.021,0,0,0,0,v
2014-01-25 09:42,6.358,0.029,0,0,0,0,v
2014-01-25 09:48,6.343,0.037,0,0,0,0,v
2014-01-25 09:54,6.371,0.023,0,0,0,0,v
2014-01-25 10:00,6.338,0.022,0,0,0,0,v
2014-01-25 10:06,6.350,0.029,0,0,0,0,v
2014-01-25 10:12,6.398,0.033,0,0,0,0,v
2014-01-25 10:18,6.340,0.023,0,0,0,0,v
2014-01-25 10:24,6.347,0.026,0,0,0,0,v
2014-01-25 10:30,6.351,0.014,0,0,0,0,v
2014-01-25 10:36,6.357,0.025,0,0,0,0,v
2014-01-25 10:42,6.375,0.027,0,0,0,0,v
2014-01-25 10:48,6.363,0.019,0,0,0,0,v
2014-01-25 10:54,6.387,0.022,0,0,0,0,v
2014-01-25 11:00,6.379,0.037,0,0,0,0,v
2014-01-25 11:06,6.369,0.027,0,0,0,0,v
2014-01-25 11:12,6.376,0.026,0,0,0,0,v
2014-01-25 11:18,6.377,0.022,0,0,0,0,v
2014-01-25 11:24,6.352,0.016,0,0,0,0,v
2014-01-25 11:30,6.367,0.014,0,0,0,0,v
2014-01-25 11:36,6.354,0.025,0,0,0,0,v
2014-01-25 11:42,6.363,0.017,0,0,0,0,v
2014-01-25 11:48,6.384,0.024,0,0,0,0,v
2014-01-25 11:54,6.416,0.016,0,0,0,0,v
2014-01-25 12:00,6.421,0.025,0,0,0,0,v
2014-01-25 12:06,6.410,0.016,0,0,0,0,v
2014-01-25 12:12,6.437,0.023,0,0,0,0,v
2014-01-25 12:18,6.446,0.022,0,0,0,0,v
2014-01-25 12:24,6.443,0.015,0,0,0,0,v
2014-01-25 12:30,6.433,0.015,0,0,0,0,v
2014-01-25 12:36,6.448,0.014,0,0,0,0,v
2014-01-25 12:42,6.450,0.022,0,0,0,0,v
2014-01-25 12:48,6.467,0.015,0,0,0,0,v
2014-01-25 12:54,6.458,0.018,0,0,0,0,v
2014-01-25 13:00,6.502,0.012,0,0,0,0,v
2014-01-25 13:06,6.499,0.017,0,0,0,0,v
2014-01-25 13:12,6.488,0.011,0,0,0,0,v
2014-01-25 13:18,6.471,0.024,0,0,0,0,v
2014-01-25 13:24,6.493,0.024,0,0,0,0,v
2014-01-25 13:30,6.496,0.013,0,0,0,0,v
2014-01-25 13:36,6.496,0.018,0,0,0,0,v
2014-01-25 13:42,6.509,0.015,0,0,0,0,v
2014-01-25 13:48,6.500,0.017,0,0,0,0,v
2014-01-25 13:54,6.499,0.016,0,0,0,0,v
2014-01-25 14:00,6.529,0.020,0,0,0,0,v
2014-01-25 14:06,6.529,0.015,0,0,0,0,v
2014-01-25 14:12,6.526,0.015,0,0,0,0,v
2014-01-25 14:18,6.556,0.026,0,0,0,0,v
2014-01-25 14:24,6.552,0.024,0,0,0,0,v
2014-01-25 14:30,6.561,0.025,0,0,0,0,v
2014-01-25 14:36,6.569,0.016,0,0,0,0,v
2014-01-25 14:42,6.561,0.018,0,0,0,0,v
2014-01-25 14:48,6.541,0.027,0,0,0,0,v
2014-01-25 14:54,6.556,0.013,0,0,0,0,v
2014-01-25 15:00,6.564,0.021,0,0,0,0,v
2014-01-25 15:06,6.583,0.022,0,0,0,0,v
2014-01-25 15:12,6.595,0.015,0,0,0,0,v
2014-01-25 15:18,6.599,0.032,0,0,0,0,v
2014-01-25 15:24,6.591,0.015,0,0,0,0,v
2014-01-25 15:30,6.608,0.013,0,0,0,0,v
2014-01-25 15:36,6.624,0.011,0,0,0,0,v
2014-01-25 15:42,6.633,0.019,0,0,0,0,v
2014-01-25 15:48,6.635,0.014,0,0,0,0,v
2014-01-25 15:54,6.623,0.009,0,0,0,0,v
2014-01-25 16:00,6.646,0.014,0,0,0,0,v
2014-01-25 16:06,6.646,0.020,0,0,0,0,v
2014-01-25 16:12,6.662,0.016,0,0,0,0,v
2014-01-25 16:18,6.658,0.012,0,0,0,0,v
2014-01-25 16:24,6.687,0.017,0,0,0,0,v
2014-01-25 16:30,6.686,0.017,0,0,0,0,v
2014-01-25 16:36,6.702,0.010,0,0,0,0,v
2014-01-25 16:42,6.705,0.016,0,0,0,0,v
2014-01-25 16:48,6.688,0.017,0,0,0,0,v
2014-01-25 16:54,6.719,0.019,0,0,0,0,v
2014-01-25 17:00,6.709,0.020,0,0,0,0,v
2014-01-25 17:06,6.721,0.012,0,0,0,0,v
2014-01-25 17:12,6.696,0.016,0,0,0,0,v
2014-01-25 17:18,6.692,0.017,0,0,0,0,v
2014-01-25 17:24,6.685,0.016,0,0,0,0,v
2014-01-25 17:30,6.698,0.017,0,0,0,0,v
2014-01-25 17:36,6.706,0.017,0,0,0,0,v
2014-01-25 17:42,6.693,0.013,0,0,0,0,v
2014-01-25 17:48,6.696,0.009,0,0,0,0,v
2014-01-25 17:54,6.675,0.011,0,0,0,0,v
2014-01-25 18:00,6.689,0.019,0,0,0,0,v
2014-01-25 18:06,6.678,0.017,0,0,0,0,v
2014-01-25 18:12,6.688,0.016,0,0,0,0,v
2014-01-25 18:18,6.685,0.014,0,0,0,0,v
2014-01-25 18:24,6.680,0.014,0,0,0,0,v
2014-01-25 18:30,6.687,0.019,0,0,0,0,v
2014-01-25 18:36,6.673,0.013,0,0,0,0,v
2014-01-25 18:42,6.690,0.015,0,0,0,0,v
2014-01-25 18:48,6.700,0.009,0,0,0,0,v
2014-01-25 18:54,6.706,0.017,0,0,0,0,v
2014-01-25 19:00,6.701,0.014,0,0,0,0,v
2014-01-25 19:06,6.714,0.012,0,0,0,0,v
2014-01-25 19:12,6.709,0.021,0,0,0,0,v
2014-01-25 19:18,6.699,0.010,0,0,0,0,v
2014-01-25 19:24,6.696,0.017,0,0,0,0,v
2014-01-25 19:30,6.679,0.019,0,0,0,0,v
2014-01-25 19:36,6.680,0.007,0,0,0,0,v
2014-01-25 19:42,6.680,0.014,0,0,0,0,v
2014-01-25 19:48,6.701,0.014,0,0,0,0,v
2014-01-25 19:54,6.713,0.017,0,0,0,0,v
2014-01-25 20:00,6.695,0.016,0,0,0,0,v
2014-01-25 20:06,6.713,0.012,0,0,0,0,v
2014-01-25 20:12,6.709,0.013,0,0,0,0,v
2014-01-25 20:18,6.716,0.011,0,0,0,0,v
2014-01-25 20:24,6.716,0.014,0,0,0,0,v
2014-01-25 20:30,6.736,0.016,0,0,0,0,v
2014-01-25 20:36,6.735,0.015,0,0,0,0,v
2014-01-25 20:42,6.738,0.011,0,0,0,0,v
2014-01-25 20:48,6.730,0.011,0,0,0,0,v
2014-01-25 20:54,6.716,0.010,0,0,0,0,v
2014-01-25 21:00,6.726,0.008,0,0,0,0,v
2014-01-25 21:06,6.714,0.009,0,0,0,0,v
2014-01-25 21:12,6.721,0.012,0,0,0,0,v
2014-01-25 21:18,6.708,0.009,0,0,0,0,v
2014-01-25 21:24,6.719,0.014,0,0,0,0,v
2014-01-25 21:30,6.715,0.010,0,0,0,0,v
2014-01-25 21:36,6.730,0.014,0,0,0,0,v
2014-01-25 21:42,6.708,0.012,0,0,0,0,v
2014-01-25 21:48,6.726,0.011,0,0,0,0,v
2014-01-25 21:54,6.726,0.019,0,0,0,0,v
2014-01-25 22:00,6.727,0.010,0,0,0,0,v
2014-01-25 22:06,6.727,0.013,0,0,0,0,v
2014-01-25 22:12,6.729,0.013,0,0,0,0,v
2014-01-25 22:18,6.717,0.009,0,0,0,0,v
2014-01-25 22:24,6.720,0.016,0,0,0,0,v
2014-01-25 22:30,6.721,0.012,0,0,0,0,v
2014-01-25 22:36,6.705,0.012,0,0,0,0,v
2014-01-25 22:42,6.725,0.008,0,0,0,0,v
2014-01-25 22:48,6.734,0.009,0,0,0,0,v
2014-01-25 22:54,6.702,0.009,0,0,0,0,v
2014-01-25 23:00,6.691,0.013,0,0,0,0,v
2014-01-25 23:06,6.691,0.009,0,0,0,0,v
2014-01-25 23:12,6.686,0.008,0,0,0,0,v
2014-01-25 23:18,6.692,0.012,0,0,0,0,v
2014-01-25 23:24,6.713,0.011,0,0,0,0,v
2014-01-25 23:30,6.710,0.009,0,0,0,0,v
2014-01-25 23:36,6.703,0.010,0,0,0,0,v
2014-01-25 23:42,6.715,0.009,0,0,0,0,v
2014-01-25 23:48,6.712,0.015,0,0,0,0,v
2014-01-25 23:54,6.707,0.010,0,0,0,0,v
2014-01-26 00:00,6.728,0.013,0,0,0,0,v
2014-01-26 00:06,6.712,0.008,0,0,0,0,v
2014-01-26 00:12,6.712,0.016,0,0,0,0,v
2014-01-26 00:18,6.701,0.007,0,0,0,0,v
2014-01-26 00:24,6.714,0.012,0,0,0,0,v
2014-01-26 00:30,6.711,0.017,0,0,0,0,v
2014-01-26 00:36,6.708,0.010,0,0,0,0,v
2014-01-26 00:42,6.711,0.013,0,0,0,0,v
2014-01-26 00:48,6.693,0.011,0,0,0,0,v
2014-01-26 00:54,6.693,0.012,0,0,0,0,v
2014-01-26 01:00,6.702,0.013,0,0,0,0,v
2014-01-26 01:06,6.667,0.009,0,0,0,0,v
2014-01-26 01:12,6.666,0.015,0,0,0,0,v
2014-01-26 01:18,6.669,0.009,0,0,0,0,v
2014-01-26 01:24,6.669,0.012,0,0,0,0,v
2014-01-26 01:30,6.690,0.009,0,0,0,0,v
2014-01-26 01:36,6.690,0.012,0,0,0,0,v
2014-01-26 01:42,6.692,0.008,0,0,0,0,v
2014-01-26 01:48,6.692,0.018,0,0,0,0,v
2014-01-26 01:54,6.698,0.013,0,0,0,0,v
2014-01-26 02:00,6.696,0.007,0,0,0,0,v
2014-01-26 02:06,6.678,0.009,0,0,0,0,v
2014-01-26 02:12,6.675,0.009,0,0,0,0,v
2014-01-26 02:18,6.672,0.010,0,0,0,0,v
2014-01-26 02:24,6.680,0.010,0,0,0,0,v
2014-01-26 02:30,6.661,0.012,0,0,0,0,v
2014-01-26 02:36,6.659,0.010,0,0,0,0,v
2014-01-26 02:42,6.650,0.011,0,0,0,0,v
2014-01-26 02:48,6.650,0.007,0,0,0,0,v
2014-01-26 02:54,6.640,0.009,0,0,0,0,v
2014-01-26 03:00,6.608,0.013,0,0,0,0,v
2014-01-26 03:06,6.623,0.009,0,0,0,0,v
2014-01-26 03:12,6.610,0.009,0,0,0,0,v
2014-01-26 03:18,6.631,0.008,0,0,0,0,v
2014-01-26 03:24,6.629,0.010,0,0,0,0,v
2014-01-26 03:30,6.646,0.011,0,0,0,0,v
2014-01-26 03:36,6.646,0.015,0,0,0,0,v
2014-01-26 03:42,6.634,0.013,0,0,0,0,v
2014-01-26 03:48,6.627,0.008,0,0,0,0,v
2014-01-26 03:54,6.643,0.009,0,0,0,0,v
2014-01-26 04:00,6.627,0.007,0,0,0,0,v
2014-01-26 04:06,6.612,0.016,0,0,0,0,v
2014-01-26 04:12,6.627,0.013,0,0,0,0,v
2014-01-26 04:18,6.617,0.012,0,0,0,0,v
2014-01-26 04:24,6.615,0.010,0,0,0,0,v
2014-01-26 04:30,6.620,0.012,0,0,0,0,v
2014-01-26 04:36,6.597,0.008,0,0,0,0,v
2014-01-26 04:42,6.585,0.006,0,0,0,0,v
2014-01-26 04:48,6.569,0.009,0,0,0,0,v
2014-01-26 04:54,6.572,0.009,0,0,0,0,v
2014-01-26 05:00,6.584,0.008,0,0,0,0,v
2014-01-26 05:06,6.573,0.008,0,0,0,0,v
2014-01-26 05:12,6.561,0.007,0,0,0,0,v
2014-01-26 05:18,6.556,0.007,0,0,0,0,v
2014-01-26 05:24,6.540,0.012,0,0,0,0,v
2014-01-26 05:30,6.550,0.007,0,0,0,0,v
2014-01-26 05:36,6.546,0.008,0,0,0,0,v
2014-01-26 05:42,6.529,0.010,0,0,0,0,v
2014-01-26 05:48,6.539,0.012,0,0,0,0,v
2014-01-26 05:54,6.501,0.012,0,0,0,0,v
2014-01-26 06:00,6.505,0.012,0,0,0,0,v
2014-01-26 06:06,6.491,0.010,0,0,0,0,v
2014-01-26 06:12,6.506,0.011,0,0,0,0,v
2014-01-26 06:18,6.468,0.009,0,0,0,0,v
2014-01-26 06:24,6.460,0.007,0,0,0,0,v
2014-01-26 06:30,6.459,0.008,0,0,0,0,v
2014-01-26 06:36,6.436,0.008,0,0,0,0,v
2014-01-26 06:42,6.433,0.010,0,0,0,0,v
2014-01-26 06:48,6.425,0.007,0,0,0,0,v
2014-01-26 06:54,6.375,0.008,0,0,0,0,v
2014-01-26 07:00,6.386,0.006,0,0,0,0,v
2014-01-26 07:06,6.379,0.007,0,0,0,0,v
2014-01-26 07:12,6.385,0.008,0,0,0,0,v
2014-01-26 07:18,6.393,0.009,0,0,0,0,v
2014-01-26 07:24,6.375,0.007,0,0,0,0,v
2014-01-26 07:30,6.370,0.005,0,0,0,0,v
2014-01-26 07:36,6.392,0.008,0,0,0,0,v
2014-01-26 07:42,6.358,0.009,0,0,0,0,v
2014-01-26 07:48,6.351,0.009,0,0,0,0,v
2014-01-26 07:54,6.344,0.008,0,0,0,0,v
2014-01-26 08:00,6.339,0.010,0,0,0,0,v
2014-01-26 08:06,6.351,0.009,0,0,0,0,v
2014-01-26 08:12,6.317,0.007,0,0,0,0,v
2014-01-26 08:18,6.319,0.006,0,0,0,0,v
2014-01-26 08:24,6.316,0.011,0,0,0,0,v
2014-01-26 08:30,6.302,0.007,0,0,0,0,v
2014-01-26 08:36,6.309,0.006,0,0,0,0,v
2014-01-26 08:42,6.312,0.006,0,0,0,0,v
2014-01-26 08:48,6.317,0.004,0,0,0,0,v
2014-01-26 08:54,6.317,0.006,0,0,0,0,v
2014-01-26 09:00,6.312,0.005,0,0,0,0,v
2014-01-26 09:06,6.295,0.007,0,0,0,0,v
2014-01-26 09:12,6.309,0.010,0,0,0,0,v
2014-01-26 09:18,6.282,0.007,0,0,0,0,v
2014-01-26 09:24,6.281,0.005,0,0,0,0,v
2014-01-26 09:30,6.287,0.008,0,0,0,0,v
2014-01-26 09:36,6.279,0.005,0,0,0,0,v
2014-01-26 09:42,6.279,0.009,0,0,0,0,v
2014-01-26 09:48,6.276,0.006,0,0,0,0,v
2014-01-26 09:54,6.278,0.006,0,0,0,0,v
2014-01-26 10:00,6.296,0.007,0,0,0,0,v
2014-01-26 10:06,6.307,0.006,0,0,0,0,v
2014-01-26 10:12,6.281,0.005,0,0,0,0,v
2014-01-26 10:18,6.283,0.007,0,0,0,0,v
2014-01-26 10:24,6.278,0.005,0,0,0,0,v
2014-01-26 10:30,6.294,0.007,0,0,0,0,v
2014-01-26 10:36,6.298,0.009,0,0,0,0,v
2014-01-26 10:42,6.317,0.010,0,0,0,0,v
2014-01-26 10:48,6.289,0.005,0,0,0,0,v
2014-01-26 10:54,6.290,0.006,0,0,0,0,v
2014-01-26 11:00,6.286,0.006,0,0,0,0,v
2014-01-26 11:06,6.279,0.006,0,0,0,0,v
2014-01-26 11:12,6.280,0.005,0,0,0,0,v
2014-01-26 11:18,6.294,0.005,0,0,0,0,v
2014-01-26 11:24,6.279,0.006,0,0,0,0,v
2014-01-26 11:30,6.285,0.007,0,0,0,0,v
2014-01-26 11:36,6.320,0.004,0,0,0,0,v
2014-01-26 11:42,6.299,0.004,0,0,0,0,v
2014-01-26 11:48,6.290,0.006,0,0,0,0,v
2014-01-26 11:54,6.305,0.005,0,0,0,0,v
2014-01-26 12:00,6.306,0.004,0,0,0,0,v
2014-01-26 12:06,6.345,0.008,0,0,0,0,v
2014-01-26 12:12,6.344,0.005,0,0,0,0,v
2014-01-26 12:18,6.347,0.004,0,0,0,0,v
2014-01-26 12:24,6.349,0.007,0,0,0,0,v
2014-01-26 12:30,6.354,0.005,0,0,0,0,v
2014-01-26 12:36,6.354,0.004,0,0,0,0,v
2014-01-26 12:42,6.377,0.003,0,0,0,0,v
2014-01-26 12:48,6.373,0.004,0,0,0,0,v
2014-01-26 12:54,6.360,0.005,0,0,0,0,v
2014-01-26 13:00,6.357,0.005,0,0,0,0,v
2014-01-26 13:06,6.374,0.005,0,0,0,0,v
2014-01-26 13:12,6.378,0.005,0,0,0,0,v
2014-01-26 13:18,6.397,0.005,0,0,0,0,v
2014-01-26 13:24,6.426,0.006,0,0,0,0,v
2014-01-26 13:30,6.425,0.003,0,0,0,0,v
2014-01-26 13:36,6.422,0.004,0,0,0,0,v
2014-01-26 13:42,6.446,0.007,0,0,0,0,v
2014-01-26 13:48,6.449,0.005,0,0,0,0,v
2014-01-26 13:54,6.461,0.006,0,0,0,0,v
2014-01-26 14:00,6.458,0.005,0,0,0,0,v
2014-01-26 14:06,6.478,0.005,0,0,0,0,v
2014-01-26 14:12,6.474,0.008,0,0,0,0,v
2014-01-26 14:18,6.511,0.004,0,0,0,0,v
2014-01-26 14:24,6.522,0.006,0,0,0,0,v
2014-01-26 14:30,6.533,0.004,0,0,0,0,v
2014-01-26 14:36,6.557,0.004,0,0,0,0,v
2014-01-26 14:42,6.574,0.006,0,0,0,0,v
2014-01-26 14:48,6.575,0.005,0,0,0,0,v
2014-01-26 14:54,6.577,0.006,0,0,0,0,v
2014-01-26 15:00,6.607,0.006,0,0,0,0,v
2014-01-26 15:06,6.608,0.005,0,0,0,0,v
2014-01-26 15:12,6.635,0.007,0,0,0,0,v
2014-01-26 15:18,6.637,0.004,0,0,0,0,v
2014-01-26 15:24,6.647,0.004,0,0,0,0,v
2014-01-26 15:30,6.650,0.006,0,0,0,0,v
2014-01-26 15:36,6.664,0.004,0,0,0,0,v
2014-01-26 15:42,6.669,0.005,0,0,0,0,v
2014-01-26 15:48,6.676,0.004,0,0,0,0,v
2014-01-26 15:54,6.687,0.005,0,0,0,0,v
2014-01-26 16:00,6.691,0.004,0,0,0,0,v
2014-01-26 16:06,6.681,0.005,0,0,0,0,v
2014-01-26 16:12,6.686,0.004,0,0,0,0,v
2014-01-26 16:18,6.704,0.006,0,0,0,0,v
2014-01-26 16:24,6.704,0.005,0,0,0,0,v
2014-01-26 16:30,6.704,0.006,0,0,0,0,v
2014-01-26 16:36,6.719,0.004,0,0,0,0,v
2014-01-26 16:42,6.725,0.005,0,0,0,0,v
2014-01-26 16:48,6.747,0.006,0,0,0,0,v
2014-01-26 16:54,6.780,0.003,0,0,0,0,v
2014-01-26 17:00,6.758,0.004,0,0,0,0,v
2014-01-26 17:06,6.754,0.004,0,0,0,0,v
2014-01-26 17:12,6.784,0.004,0,0,0,0,v
2014-01-26 17:18,6.792,0.004,0,0,0,0,v
2014-01-26 17:24,6.796,0.005,0,0,0,0,v
2014-01-26 17:30,6.798,0.003,0,0,0,0,v
2014-01-26 17:36,6.814,0.005,0,0,0,0,v
2014-01-26 17:42,6.820,0.005,0,0,0,0,v
2014-01-26 17:48,6.791,0.005,0,0,0,0,v
2014-01-26 17:54,6.807,0.005,0,0,0,0,v
2014-01-26 18:00,6.805,0.004,0,0,0,0,v
2014-01-26 18:06,6.815,0.004,0,0,0,0,v
2014-01-26 18:12,6.804,0.007,0,0,0,0,v
2014-01-26 18:18,6.792,0.006,0,0,0,0,v
2014-01-26 18:24,6.800,0.006,0,0,0,0,v
2014-01-26 18:30,6.825,0.008,0,0,0,0,v
2014-01-26 18:36,6.827,0.005,0,0,0,0,v
2014-01-26 18:42,6.794,0.004,0,0,0,0,v
2014-01-26 18:48,6.793,0.003,0,0,0,0,v
2014-01-26 18:54,6.836,0.005,0,0,0,0,v
2014-01-26 19:00,6.822,0.003,0,0,0,0,v
2014-01-26 19:06,6.845,0.004,0,0,0,0,v
2014-01-26 19:12,6.873,0.005,0,0,0,0,v
2014-01-26 19:18,6.882,0.003,0,0,0,0,v
2014-01-26 19:24,6.875,0.005,0,0,0,0,v
2014-01-26 19:30,6.863,0.003,0,0,0,0,v
2014-01-26 19:36,6.854,0.005,0,0,0,0,v
2014-01-26 19:42,6.865,0.006,0,0,0,0,v
2014-01-26 19:48,6.889,0.004,0,0,0,0,v
2014-01-26 19:54,6.872,0.004,0,0,0,0,v
2014-01-26 20:00,6.859,0.006,0,0,0,0,v
2014-01-26 20:06,6.870,0.004,0,0,0,0,v
2014-01-26 20:12,6.886,0.003,0,0,0,0,v
2014-01-26 20:18,6.887,0.003,0,0,0,0,v
2014-01-26 20:24,6.900,0.003,0,0,0,0,v
2014-01-26 20:30,6.902,0.003,0,0,0,0,v
2014-01-26 20:36,6.902,0.002,0,0,0,0,v
2014-01-26 20:42,6.900,0.006,0,0,0,0,v
2014-01-26 20:48,6.916,0.003,0,0,0,0,v
2014-01-26 20:54,6.908,0.004,0,0,0,0,v
2014-01-26 21:00,6.913,0.003,0,0,0,0,v
2014-01-26 21:06,6.901,0.003,0,0,0,0,v
2014-01-26 21:12,6.915,0.004,0,0,0,0,v
2014-01-26 21:18,6.894,0.007,0,0,0,0,v
2014-01-26 21:24,6.891,0.004,0,0,0,0,v
2014-01-26 21:30,6.876,0.003,0,0,0,0,v
2014-01-26 21:36,6.871,0.002,0,0,0,0,v
2014-01-26 21:42,6.894,0.004,0,0,0,0,v
2014-01-26 21:48,6.887,0.003,0,0,0,0,v
2014-01-26 21:54,6.895,0.004,0,0,0,0,v
2014-01-26 22:00,6.907,0.004,0,0,0,0,v
2014-01-26 22:06,6.898,0.002,0,0,0,0,v
2014-01-26 22:12,6.896,0.006,0,0,0,0,v
2014-01-26 22:18,6.876,0.004,0,0,0,0,v
2014-01-26 22:24,6.889,0.004,0,0,0,0,v
2014-01-26 22:30,6.884,0.005,0,0,0,0,v
2014-01-26 22:36,6.869,0.004,0,0,0,0,v
2014-01-26 22:42,6.873,0.003,0,0,0,0,v
2014-01-26 22:48,6.887,0.003,0,0,0,0,v
2014-01-26 22:54,6.859,0.005,0,0,0,0,v
2014-01-26 23:00,6.846,0.003,0,0,0,0,v
2014-01-26 23:06,6.837,0.003,0,0,0,0,v
2014-01-26 23:12,6.841,0.003,0,0,0,0,v
2014-01-26 23:18,6.849,0.003,0,0,0,0,v
2014-01-26 23:24,6.848,0.003,0,0,0,0,v
2014-01-26 23:30,6.857,0.003,0,0,0,0,v
2014-01-26 23:36,6.853,0.003,0,0,0,0,v
2014-01-26 23:42,6.865,0.003,0,0,0,0,v
2014-01-26 23:48,6.893,0.003,0,0,0,0,v
2014-01-26 23:54,6.881,0.003,0,0,0,0,v
2014-01-27 00:00,6.873,0.005,0,0,0,0,v
2014-01-27 00:06,6.866,0.004,0,0,0,0,v
2014-01-27 00:12,6.870,0.004,0,0,0,0,v
2014-01-27 00:18,6.884,0.003,0,0,0,0,v
2014-01-27 00:24,6.872,0.004,0,0,0,0,v
2014-01-27 00:30,6.852,0.003,0,0,0,0,v
2014-01-27 00:36,6.884,0.004,0,0,0,0,v
2014-01-27 00:42,6.868,0.004,0,0,0,0,v
2014-01-27 00:48,6.837,0.004,0,0,0,0,v
2014-01-27 00:54,6.839,0.004,0,0,0,0,v
2014-01-27 01:00,6.845,0.003,0,0,0,0,v
2014-01-27 01:06,6.843,0.003,0,0,0,0,v
2014-01-27 01:12,6.834,0.004,0,0,0,0,v
2014-01-27 01:18,6.841,0.003,0,0,0,0,v
2014-01-27 01:24,6.845,0.005,0,0,0,0,v
2014-01-27 01:30,6.830,0.008,0,0,0,0,v
2014-01-27 01:36,6.824,0.004,0,0,0,0,v
2014-01-27 01:42,6.820,0.003,0,0,0,0,v
2014-01-27 01:48,6.813,0.004,0,0,0,0,v
2014-01-27 01:54,6.800,0.005,0,0,0,0,v
2014-01-27 02:00,6.776,0.004,0,0,0,0,v
2014-01-27 02:06,6.787,0.006,0,0,0,0,v
2014-01-27 02:12,6.795,0.004,0,0,0,0,v
2014-01-27 02:18,6.800,0.004,0,0,0,0,v
2014-01-27 02:24,6.807,0.005,0,0,0,0,v
2014-01-27 02:30,6.782,0.004,0,0,0,0,v
2014-01-27 02:36,6.774,0.004,0,0,0,0,v
2014-01-27 02:42,6.772,0.004,0,0,0,0,v
2014-01-27 02:48,6.775,0.005,0,0,0,0,v
2014-01-27 02:54,6.754,0.005,0,0,0,0,v
2014-01-27 03:00,6.760,0.005,0,0,0,0,v
2014-01-27 03:06,6.763,0.005,0,0,0,0,v
2014-01-27 03:12,6.762,0.006,0,0,0,0,v
2014-01-27 03:18,6.778,0.008,0,0,0,0,v
2014-01-27 03:24,6.765,0.006,0,0,0,0,v
2014-01-27 03:30,6.769,0.004,0,0,0,0,v
2014-01-27 03:36,6.764,0.005,0,0,0,0,v
2014-01-27 03:42,6.745,0.006,0,0,0,0,v
2014-01-27 03:48,6.751,0.004,0,0,0,0,v
2014-01-27 03:54,6.726,0.006,0,0,0,0,v
2014-01-27 04:00,6.748,0.006,0,0,0,0,v
2014-01-27 04:06,6.747,0.005,0,0,0,0,v
2014-01-27 04:12,6.750,0.005,0,0,0,0,v
2014-01-27 04:18,6.740,0.005,0,0,0,0,v
2014-01-27 04:24,6.716,0.007,0,0,0,0,v
2014-01-27 04:30,6.713,0.006,0,0,0,0,v
2014-01-27 04:36,6.716,0.005,0,0,0,0,v
2014-01-27 04:42,6.708,0.005,0,0,0,0,v
2014-01-27 04:48,6.706,0.005,0,0,0,0,v
2014-01-27 04:54,6.706,0.006,0,0,0,0,v
2014-01-27 05:00,6.688,0.005,0,0,0,0,v
2014-01-27 05:06,6.669,0.005,0,0,0,0,v
2014-01-27 05:12,6.667,0.004,0,0,0,0,v
2014-01-27 05:18,6.679,0.004,0,0,0,0,v
2014-01-27 05:24,6.661,0.005,0,0,0,0,v
2014-01-27 05:30,6.652,0.004,0,0,0,0,v
2014-01-27 05:36,6.643,0.004,0,0,0,0,v
2014-01-27 05:42,6.621,0.005,0,0,0,0,v
2014-01-27 05:48,6.618,0.004,0,0,0,0,v
2014-01-27 05:54,6.624,0.005,0,0,0,0,v
2014-01-27 06:00,6.613,0.006,0,0,0,0,v
2014-01-27 06:06,6.589,0.003,0,0,0,0,v
2014-01-27 06:12,6.595,0.007,0,0,0,0,v
2014-01-27 06:18,6.585,0.005,0,0,0,0,v
2014-01-27 06:24,6.559,0.004,0,0,0,0,v
2014-01-27 06:30,6.552,0.005,0,0,0,0,v
2014-01-27 06:36,6.543,0.004,0,0,0,0,v
2014-01-27 06:42,6.530,0.006,0,0,0,0,v
2014-01-27 06:48,6.507,0.003,0,0,0,0,v
2014-01-27 06:54,6.496,0.004,0,0,0,0,v
2014-01-27 07:00,6.490,0.004,0,0,0,0,v
2014-01-27 07:06,6.478,0.005,0,0,0,0,v
2014-01-27 07:12,6.474,0.003,0,0,0,0,v
2014-01-27 07:18,6.443,0.004,0,0,0,0,v
2014-01-27 07:24,6.455,0.004,0,0,0,0,v
2014-01-27 07:30,6.450,0.004,0,0,0,0,v
2014-01-27 07:36,6.434,0.006,0,0,0,0,v
2014-01-27 07:42,6.426,0.005,0,0,0,0,v
2014-01-27 07:48,6.447,0.004,0,0,0,0,v
2014-01-27 07:54,6.442,0.003,0,0,0,0,v
2014-01-27 08:00,6.427,0.005,0,0,0,0,v
2014-01-27 08:06,6.404,0.004,0,0,0,0,v
2014-01-27 08:12,6.398,0.005,0,0,0,0,v
2014-01-27 08:18,6.376,0.004,0,0,0,0,v
2014-01-27 08:24,6.366,0.005,0,0,0,0,v
2014-01-27 08:30,6.360,0.005,0,0,0,0,v
2014-01-27 08:36,6.341,0.004,0,0,0,0,v
2014-01-27 08:42,6.322,0.005,0,0,0,0,v
2014-01-27 08:48,6.331,0.004,0,0,0,0,v
2014-01-27 08:54,6.331,0.004,0,0,0,0,v
2014-01-27 09:00,6.316,0.004,0,0,0,0,v
2014-01-27 09:06,6.312,0.005,0,0,0,0,v
2014-01-27 09:12,6.312,0.003,0,0,0,0,v
2014-01-27 09:18,6.302,0.005,0,0,0,0,v
2014-01-27 09:24,6.296,0.004,0,0,0,0,v
2014-01-27 09:30,6.291,0.005,0,0,0,0,v
2014-01-27 09:36,6.261,0.004,0,0,0,0,v
2014-01-27 09:42,6.273,0.004,0,0,0,0,v
2014-01-27 09:48,6.268,0.005,0,0,0,0,v
2014-01-27 09:54,6.257,0.004,0,0,0,0,v
2014-01-27 10:00,6.262,0.004,0,0,0,0,v
2014-01-27 10:06,6.250,0.007,0,0,0,0,v
2014-01-27 10:12,6.228,0.006,0,0,0,0,v
2014-01-27 10:18,6.222,0.004,0,0,0,0,v
2014-01-27 10:24,6.237,0.003,0,0,0,0,v
2014-01-27 10:30,6.227,0.004,0,0,0,0,v
2014-01-27 10:36,6.229,0.004,0,0,0,0,v
2014-01-27 10:42,6.205,0.004,0,0,0,0,v
2014-01-27 10:48,6.204,0.005,0,0,0,0,v
2014-01-27 10:54,6.211,0.004,0,0,0,0,v
2014-01-27 11:00,6.199,0.007,0,0,0,0,v
2014-01-27 11:06,6.195,0.005,0,0,0,0,v
2014-01-27 11:12,6.192,0.005,0,0,0,0,v
2014-01-27 11:18,6.204,0.004,0,0,0,0,v
2014-01-27 11:24,6.209,0.005,0,0,0,0,v
2014-01-27 11:30,6.197,0.004,0,0,0,0,v
2014-01-27 11:36,6.195,0.004,0,0,0,0,v
2014-01-27 11:42,6.191,0.005,0,0,0,0,v
2014-01-27 11:48,6.199,0.003,0,0,0,0,v
2014-01-27 11:54,6.190,0.005,0,0,0,0,v
2014-01-27 12:00,6.194,0.005,0,0,0,0,v
2014-01-27 12:06,6.199,0.006,0,0,0,0,v
2014-01-27 12:12,6.176,0.007,0,0,0,0,v
2014-01-27 12:18,6.182,0.006,0,0,0,0,v
2014-01-27 12:24,6.214,0.005,0,0,0,0,v
2014-01-27 12:30,6.202,0.004,0,0,0,0,v
2014-01-27 12:36,6.189,0.005,0,0,0,0,v
2014-01-27 12:42,6.196,0.007,0,0,0,0,v
2014-01-27 12:48,6.208,0.006,0,0,0,0,v
2014-01-27 12:54,6.218,0.004,0,0,0,0,v
2014-01-27 13:00,6.233,0.005,0,0,0,0,v
2014-01-27 13:06,6.241,0.005,0,0,0,0,v
2014-01-27 13:12,6.247,0.004,0,0,0,0,v
2014-01-27 13:18,6.249,0.005,0,0,0,0,v
2014-01-27 13:24,6.269,0.007,0,0,0,0,v
2014-01-27 13:30,6.280,0.005,0,0,0,0,v
2014-01-27 13:36,6.290,0.005,0,0,0,0,v
2014-01-27 13:42,6.276,0.004,0,0,0,0,v
2014-01-27 13:48,6.279,0.004,0,0,0,0,v
2014-01-27 13:54,6.292,0.006,0,0,0,0,v
2014-01-27 14:00,6.309,0.006,0,0,0,0,v
2014-01-27 14:06,6.314,0.004,0,0,0,0,v
2014-01-27 14:12,6.323,0.006,0,0,0,0,v
2014-01-27 14:18,6.325,0.004,0,0,0,0,v
2014-01-27 14:24,6.331,0.005,0,0,0,0,v
2014-01-27 14:30,6.325,0.005,0,0,0,0,v
2014-01-27 14:36,6.329,0.006,0,0,0,0,v
2014-01-27 14:42,6.334,0.004,0,0,0,0,v
2014-01-27 14:48,6.351,0.004,0,0,0,0,v
2014-01-27 14:54,6.357,0.004,0,0,0,0,v
2014-01-27 15:00,6.368,0.004,0,0,0,0,v
2014-01-27 15:06,6.386,0.005,0,0,0,0,v
2014-01-27 15:12,6.407,0.006,0,0,0,0,v
2014-01-27 15:18,6.415,0.004,0,0,0,0,v
2014-01-27 15:24,6.427,0.005,0,0,0,0,v
2014-01-27 15:30,6.447,0.003,0,0,0,0,v
2014-01-27 15:36,6.451,0.004,0,0,0,0,v
2014-01-27 15:42,6.466,0.006,0,0,0,0,v
2014-01-27 15:48,6.484,0.007,0,0,0,0,v
2014-01-27 15:54,6.514,0.005,0,0,0,0,v
2014-01-27 16:00,6.528,0.004,0,0,0,0,v
2014-01-27 16:06,6.539,0.005,0,0,0,0,v
2014-01-27 16:12,6.556,0.006,0,0,0,0,v
2014-01-27 16:18,6.592,0.005,0,0,0,0,v
2014-01-27 16:24,6.565,0.004,0,0,0,0,v
2014-01-27 16:30,6.592,0.008,0,0,0,0,v
2014-01-27 16:36,6.605,0.005,0,0,0,0,v
2014-01-27 16:42,6.623,0.004,0,0,0,0,v
2014-01-27 16:48,6.628,0.004,0,0,0,0,v
2014-01-27 16:54,6.625,0.005,0,0,0,0,v
2014-01-27 17:00,6.632,0.005,0,0,0,0,v
2014-01-27 17:06,6.639,0.005,0,0,0,0,v
2014-01-27 17:12,6.642,0.003,0,0,0,0,v
2014-01-27 17:18,6.644,0.005,0,0,0,0,v
2014-01-27 17:24,6.666,0.004,0,0,0,0,v
2014-01-27 17:30,6.671,0.006,0,0,0,0,v
2014-01-27 17:36,6.675,0.005,0,0,0,0,v
2014-01-27 17:42,6.679,0.004,0,0,0,0,v
2014-01-27 17:48,6.667,0.005,0,0,0,0,v
2014-01-27 17:54,6.705,0.004,0,0,0,0,v
2014-01-27 18:00,6.699,0.006,0,0,0,0,v
2014-01-27 18:06,6.699,0.005,0,0,0,0,v
2014-01-27 18:12,6.721,0.005,0,0,0,0,v
2014-01-27 18:18,6.715,0.004,0,0,0,0,v
2014-01-27 18:24,6.721,0.005,0,0,0,0,v
2014-01-27 18:30,6.727,0.004,0,0,0,0,v
2014-01-27 18:36,6.733,0.003,0,0,0,0,v
2014-01-27 18:42,6.737,0.004,0,0,0,0,v
2014-01-27 18:48,6.754,0.004,0,0,0,0,v
2014-01-27 18:54,6.765,0.004,0,0,0,0,v
2014-01-27 19:00,6.747,0.004,0,0,0,0,v
2014-01-27 19:06,6.750,0.004,0,0,0,0,v
2014-01-27 19:12,6.770,0.003,0,0,0,0,v
2014-01-27 19:18,6.767,0.004,0,0,0,0,v
2014-01-27 19:24,6.768,0.006,0,0,0,0,v
2014-01-27 19:30,6.743,0.004,0,0,0,0,v
2014-01-27 19:36,6.750,0.004,0,0,0,0,v
2014-01-27 19:42,6.735,0.006,0,0,0,0,v
2014-01-27 19:48,6.765,0.004,0,0,0,0,v
2014-01-27 19:54,6.771,0.004,0,0,0,0,v
2014-01-27 20:00,6.770,0.007,0,0,0,0,v
2014-01-27 20:06,6.778,0.005,0,0,0,0,v
2014-01-27 20:12,6.772,0.003,0,0,0,0,v
2014-01-27 20:18,6.792,0.003,0,0,0,0,v
2014-01-27 20:24,6.791,0.005,0,0,0,0,v
2014-01-27 20:30,6.797,0.003,0,0,0,0,v
2014-01-27 20:36,6.784,0.007,0,0,0,0,v
2014-01-27 20:42,6.778,0.003,0,0,0,0,v
2014-01-27 20:48,6.783,0.003,0,0,0,0,v
2014-01-27 20:54,6.791,0.004,0,0,0,0,v
2014-01-27 21:00,6.794,0.006,0,0,0,0,v
2014-01-27 21:06,6.825,0.004,0,0,0,0,v
2014-01-27 21:12,6.814,0.003,0,0,0,0,v
2014-01-27 21:18,6.807,0.004,0,0,0,0,v
2014-01-27 21:24,6.824,0.004,0,0,0,0,v
2014-01-27 21:30,6.835,0.004,0,0,0,0,v
2014-01-27 21:36,6.830,0.004,0,0,0,0,v
2014-01-27 21:42,6.796,0.003,0,0,0,0,v
2014-01-27 21:48,6.794,0.004,0,0,0,0,v
2014-01-27 21:54,6.810,0.004,0,0,0,0,v
2014-01-27 22:00,6.797,0.005,0,0,0,0,v
2014-01-27 22:06,6.766,0.004,0,0,0,0,v
2014-01-27 22:12,6.759,0.003,0,0,0,0,v
2014-01-27 22:18,6.782,0.003,0,0,0,0,v
2014-01-27 22:24,6.769,0.004,0,0,0,0,v
2014-01-27 22:30,6.763,0.004,0,0,0,0,v
2014-01-27 22:36,6.757,0.007,0,0,0,0,v
2014-01-27 22:42,6.739,0.004,0,0,0,0,v
2014-01-27 22:48,6.754,0.005,0,0,0,0,v
2014-01-27 22:54,6.759,0.004,0,0,0,0,v
2014-01-27 23:00,6.744,0.004,0,0,0,0,v
2014-01-27 23:06,6.766,0.008,0,0,0,0,v
2014-01-27 23:12,6.774,0.005,0,0,0,0,v
2014-01-27 23:18,6.773,0.004,0,0,0,0,v
2014-01-27 23:24,6.760,0.004,0,0,0,0,v
2014-01-27 23:30,6.755,0.005,0,0,0,0,v
2014-01-27 23:36,6.760,0.004,0,0,0,0,v
2014-01-27 23:42,6.768,0.003,0,0,0,0,v
2014-01-27 23:48,6.763,0.004,0,0,0,0,v
2014-01-27 23:54,6.752,0.004,0,0,0,0,v
2014-01-28 00:00,6.729,0.003,0,0,0,0,v
2014-01-28 00:06,6.720,0.004,0,0,0,0,v
2014-01-28 00:12,6.726,0.004,0,0,0,0,v
2014-01-28 00:18,6.747,0.004,0,0,0,0,v
2014-01-28 00:24,6.728,0.005,0,0,0,0,v
2014-01-28 00:30,6.720,0.003,0,0,0,0,v
2014-01-28 00:36,6.723,0.005,0,0,0,0,v
2014-01-28 00:42,6.739,0.003,0,0,0,0,v
2014-01-28 00:48,6.734,0.004,0,0,0,0,v
2014-01-28 00:54,6.752,0.005,0,0,0,0,v
2014-01-28 01:00,6.733,0.008,0,0,0,0,v
2014-01-28 01:06,6.724,0.002,0,0,0,0,v
2014-01-28 01:12,6.737,0.004,0,0,0,0,v
2014-01-28 01:18,6.722,0.005,0,0,0,0,v
2014-01-28 01:24,6.723,0.004,0,0,0,0,v
2014-01-28 01:30,6.708,0.004,0,0,0,0,v
2014-01-28 01:36,6.698,0.004,0,0,0,0,v
2014-01-28 01:42,6.695,0.004,0,0,0,0,v
2014-01-28 01:48,6.703,0.005,0,0,0,0,v
2014-01-28 01:54,6.707,0.006,0,0,0,0,v
2014-01-28 02:00,6.703,0.004,0,0,0,0,v
2014-01-28 02:06,6.710,0.004,0,0,0,0,v
2014-01-28 02:12,6.686,0.005,0,0,0,0,v
2014-01-28 02:18,6.688,0.005,0,0,0,0,v
2014-01-28 02:24,6.696,0.004,0,0,0,0,v
2014-01-28 02:30,6.698,0.004,0,0,0,0,v
2014-01-28 02:36,6.701,0.005,0,0,0,0,v
2014-01-28 02:42,6.695,0.005,0,0,0,0,v
2014-01-28 02:48,6.680,0.005,0,0,0,0,v
2014-01-28 02:54,6.675,0.003,0,0,0,0,v
2014-01-28 03:00,6.683,0.005,0,0,0,0,v
2014-01-28 03:06,6.696,0.005,0,0,0,0,v
2014-01-28 03:12,6.687,0.003,0,0,0,0,v
2014-01-28 03:18,6.695,0.004,0,0,0,0,v
2014-01-28 03:24,6.701,0.003,0,0,0,0,v
2014-01-28 03:30,6.703,0.005,0,0,0,0,v
2014-01-28 03:36,6.694,0.006,0,0,0,0,v
2014-01-28 03:42,6.705,0.003,0,0,0,0,v
2014-01-28 03:48,6.697,0.005,0,0,0,0,v
2014-01-28 03:54,6.693,0.003,0,0,0,0,v
2014-01-28 04:00,6.707,0.004,0,0,0,0,v
2014-01-28 04:06,6.721,0.004,0,0,0,0,v
2014-01-28 04:12,6.714,0.005,0,0,0,0,v
2014-01-28 04:18,6.736,0.004,0,0,0,0,v
2014-01-28 04:24,6.735,0.003,0,0,0,0,v
2014-01-28 04:30,6.728,0.004,0,0,0,0,v
2014-01-28 04:36,6.711,0.006,0,0,0,0,v
2014-01-28 04:42,6.704,0.005,0,0,0,0,v
2014-01-28 04:48,6.671,0.005,0,0,0,0,v
2014-01-28 04:54,6.681,0.003,0,0,0,0,v
2014-01-28 05:00,6.660,0.004,0,0,0,0,v
2014-01-28 05:06,6.664,0.003,0,0,0,0,v
2014-01-28 05:12,6.657,0.004,0,0,0,0,v
2014-01-28 05:18,6.644,0.005,0,0,0,0,v
2014-01-28 05:24,6.643,0.006,0,0,0,0,v
2014-01-28 05:30,6.632,0.005,0,0,0,0,v
2014-01-28 05:36,6.644,0.005,0,0,0,0,v
2014-01-28 05:42,6.656,0.004,0,0,0,0,v
2014-01-28 05:48,6.648,0.005,0,0,0,0,v
2014-01-28 05:54,6.666,0.005,0,0,0,0,v
2014-01-28 06:00,6.673,0.004,0,0,0,0,v
2014-01-28 06:06,6.666,0.006,0,0,0,0,v
2014-01-28 06:12,6.647,0.006,0,0,0,0,v
2014-01-28 06:18,6.615,0.004,0,0,0,0,v
2014-01-28 06:24,6.617,0.003,0,0,0,0,v
2014-01-28 06:30,6.607,0.004,0,0,0,0,v
2014-01-28 06:36,6.617,0.004,0,0,0,0,v
2014-01-28 06:42,6.611,0.005,0,0,0,0,v
2014-01-28 06:48,6.621,0.004,0,0,0,0,v
2014-01-28 06:54,6.602,0.004,0,0,0,0,v
2014-01-28 07:00,6.627,0.005,0,0,0,0,v
2014-01-28 07:06,6.590,0.007,0,0,0,0,v
2014-01-28 07:12,6.586,0.003,0,0,0,0,v
2014-01-28 07:18,6.586,0.004,0,0,0,0,v
2014-01-28 07:24,6.577,0.003,0,0,0,0,v
2014-01-28 07:30,6.558,0.004,0,0,0,0,v
2014-01-28 07:36,6.542,0.004,0,0,0,0,v
2014-01-28 07:42,6.536,0.005,0,0,0,0,v
2014-01-28 07:48,6.503,0.004,0,0,0,0,v
2014-01-28 07:54,6.525,0.003,0,0,0,0,v
2014-01-28 08:00,6.488,0.007,0,0,0,0,v
2014-01-28 08:06,6.480,0.006,0,0,0,0,v
2014-01-28 08:12,6.488,0.008,0,0,0,0,v
2014-01-28 08:18,6.462,0.006,0,0,0,0,v
2014-01-28 08:24,6.458,0.010,0,0,0,0,v
2014-01-28 08:30,6.428,0.004,0,0,0,0,v
2014-01-28 08:36,6.450,0.004,0,0,0,0,v
2014-01-28 08:42,6.456,0.004,0,0,0,0,v
2014-01-28 08:48,6.430,0.005,0,0,0,0,v
2014-01-28 08:54,6.440,0.006,0,0,0,0,v
2014-01-28 09:00,6.431,0.009,0,0,0,0,v
2014-01-28 09:06,6.401,0.003,0,0,0,0,v
2014-01-28 09:12,6.435,0.004,0,0,0,0,v
2014-01-28 09:18,6.401,0.006,0,0,0,0,v
2014-01-28 09:24,6.384,0.003,0,0,0,0,v
2014-01-28 09:30,6.381,0.006,0,0,0,0,v
2014-01-28 09:36,6.384,0.004,0,0,0,0,v
2014-01-28 09:42,6.383,0.004,0,0,0,0,v
2014-01-28 09:48,6.382,0.004,0,0,0,0,v
2014-01-28 09:54,6.386,0.003,0,0,0,0,v
2014-01-28 10:00,6.386,0.005,0,0,0,0,v
2014-01-28 10:06,6.349,0.005,0,0,0,0,v
2014-01-28 10:12,6.345,0.006,0,0,0,0,v
2014-01-28 10:18,6.350,0.006,0,0,0,0,v
2014-01-28 10:24,6.332,0.005,0,0,0,0,v
2014-01-28 10:30,6.341,0.006,0,0,0,0,v
2014-01-28 10:36,6.345,0.005,0,0,0,0,v
2014-01-28 10:42,6.333,0.008,0,0,0,0,v
2014-01-28 10:48,6.314,0.008,0,0,0,0,v
2014-01-28 10:54,6.320,0.008,0,0,0,0,v
2014-01-28 11:00,6.303,0.011,0,0,0,0,v
2014-01-28 11:06,6.295,0.005,0,0,0,0,v
2014-01-28 11:12,6.302,0.006,0,0,0,0,v
2014-01-28 11:18,6.280,0.007,0,0,0,0,v
2014-01-28 11:24,6.287,0.006,0,0,0,0,v
2014-01-28 11:30,6.284,0.007,0,0,0,0,v
2014-01-28 11:36,6.255,0.010,0,0,0,0,v
2014-01-28 11:42,6.268,0.006,0,0,0,0,v
2014-01-28 11:48,6.267,0.008,0,0,0,0,v
2014-01-28 11:54,6.273,0.004,0,0,0,0,v
2014-01-28 12:00,6.262,0.007,0,0,0,0,v
2014-01-28 12:06,6.250,0.006,0,0,0,0,v
2014-01-28 12:12,6.264,0.007,0,0,0,0,v
2014-01-28 12:18,6.248,0.007,0,0,0,0,v
2014-01-28 12:24,6.258,0.005,0,0,0,0,v
2014-01-28 12:30,6.261,0.008,0,0,0,0,v
2014-01-28 12:36,6.276,0.010,0,0,0,0,v
2014-01-28 12:42,6.297,0.008,0,0,0,0,v
2014-01-28 12:48,6.309,0.009,0,0,0,0,v
2014-01-28 12:54,6.296,0.008,0,0,0,0,v
2014-01-28 13:00,6.288,0.005,0,0,0,0,v
2014-01-28 13:06,6.280,0.009,0,0,0,0,v
2014-01-28 13:12,6.282,0.007,0,0,0,0,v
2014-01-28 13:18,6.271,0.006,0,0,0,0,v
2014-01-28 13:24,6.271,0.013,0,0,0,0,v
2014-01-28 13:30,6.293,0.007,0,0,0,0,v
2014-01-28 13:36,6.316,0.006,0,0,0,0,v
2014-01-28 13:42,6.314,0.011,0,0,0,0,v
2014-01-28 13:48,6.296,0.008,0,0,0,0,v
2014-01-28 13:54,6.309,0.010,0,0,0,0,v
2014-01-28 14:00,6.329,0.010,0,0,0,0,v
2014-01-28 14:06,6.319,0.009,0,0,0,0,v
2014-01-28 14:12,6.309,0.009,0,0,0,0,v
2014-01-28 14:18,6.347,0.016,0,0,0,0,v
2014-01-28 14:24,6.369,0.010,0,0,0,0,v
2014-01-28 14:30,6.400,0.013,0,0,0,0,v
2014-01-28 14:36,6.443,0.008,0,0,0,0,v
2014-01-28 14:42,6.430,0.009,0,0,0,0,v
2014-01-28 14:48,6.442,0.013,0,0,0,0,v
2014-01-28 14:54,6.425,0.009,0,0,0,0,v
2014-01-28 15:00,6.405,0.009,0,0,0,0,v
2014-01-28 15:06,6.430,0.012,0,0,0,0,v
2014-01-28 15:12,6.442,0.011,0,0,0,0,v
2014-01-28 15:18,6.461,0.014,0,0,0,0,v
2014-01-28 15:24,6.465,0.008,0,0,0,0,v
2014-01-28 15:30,6.474,0.013,0,0,0,0,v
2014-01-28 15:36,6.500,0.008,0,0,0,0,v
2014-01-28 15:42,6.534,0.011,0,0,0,0,v
2014-01-28 15:48,6.548,0.009,0,0,0,0,v
2014-01-28 15:54,6.564,0.013,0,0,0,0,v
2014-01-28 16:00,6.586,0.012,0,0,0,0,v
2014-01-28 16:06,6.584,0.016,0,0,0,0,v
2014-01-28 16:12,6.600,0.013,0,0,0,0,v
2014-01-28 16:18,6.641,0.010,0,0,0,0,v
2014-01-28 16:24,6.642,0.011,0,0,0,0,v
2014-01-28 16:30,6.648,0.011,0,0,0,0,v
2014-01-28 16:36,6.664,0.013,0,0,0,0,v
2014-01-28 16:42,6.665,0.009,0,0,0,0,v
2014-01-28 16:48,6.666,0.010,0,0,0,0,v
2014-01-28 16:54,6.666,0.015,0,0,0,0,v
2014-01-28 17:00,6.696,0.008,0,0,0,0,v
2014-01-28 17:06,6.714,0.011,0,0,0,0,v
2014-01-28 17:12,6.737,0.014,0,0,0,0,v
2014-01-28 17:18,6.734,0.011,0,0,0,0,v
2014-01-28 17:24,6.767,0.011,0,0,0,0,v
2014-01-28 17:30,6.762,0.009,0,0,0,0,v
2014-01-28 17:36,6.763,0.011,0,0,0,0,v
2014-01-28 17:42,6.771,0.012,0,0,0,0,v
2014-01-28 17:48,6.797,0.012,0,0,0,0,v
2014-01-28 17:54,6.805,0.011,0,0,0,0,v
2014-01-28 18:00,6.778,0.015,0,0,0,0,v
2014-01-28 18:06,6.783,0.011,0,0,0,0,v
2014-01-28 18:12,6.822,0.007,0,0,0,0,v
2014-01-28 18:18,6.812,0.009,0,0,0,0,v
2014-01-28 18:24,6.812,0.012,0,0,0,0,v
2014-01-28 18:30,6.826,0.011,0,0,0,0,v
2014-01-28 18:36,6.841,0.013,0,0,0,0,v
2014-01-28 18:42,6.823,0.011,0,0,0,0,v
2014-01-28 18:48,6.837,0.006,0,0,0,0,v
2014-01-28 18:54,6.864,0.012,0,0,0,0,v
2014-01-28 19:00,6.878,0.011,0,0,0,0,v
2014-01-28 19:06,6.876,0.012,0,0,0,0,v
2014-01-28 19:12,6.866,0.013,0,0,0,0,v
2014-01-28 19:18,6.859,0.016,0,0,0,0,v
2014-01-28 19:24,6.882,0.009,0,0,0,0,v
2014-01-28 19:30,6.872,0.012,0,0,0,0,v
2014-01-28 19:36,6.896,0.017,0,0,0,0,v
2014-01-28 19:42,6.910,0.011,0,0,0,0,v
2014-01-28 19:48,6.919,0.011,0,0,0,0,v
2014-01-28 19:54,6.915,0.013,0,0,0,0,v
2014-01-28 20:00,6.887,0.011,0,0,0,0,v
2014-01-28 20:06,6.897,0.014,0,0,0,0,v
2014-01-28 20:12,6.914,0.016,0,0,0,0,v
2014-01-28 20:18,6.901,0.018,0,0,0,0,v
2014-01-28 20:24,6.878,0.011,0,0,0,0,v
2014-01-28 20:30,6.864,0.013,0,0,0,0,v
2014-01-28 20:36,6.886,0.015,0,0,0,0,v
2014-01-28 20:42,6.906,0.013,0,0,0,0,v
2014-01-28 20:48,6.914,0.011,0,0,0,0,v
2014-01-28 20:54,6.915,0.009,0,0,0,0,v
2014-01-28 21:00,6.905,0.011,0,0,0,0,v
2014-01-28 21:06,6.915,0.014,0,0,0,0,v
2014-01-28 21:12,6.909,0.010,0,0,0,0,v
2014-01-28 21:18,6.931,0.013,0,0,0,0,v
2014-01-28 21:24,6.938,0.011,0,0,0,0,v
2014-01-28 21:30,6.938,0.010,0,0,0,0,v
2014-01-28 21:36,6.948,0.011,0,0,0,0,v
2014-01-28 21:42,6.944,0.019,0,0,0,0,v
2014-01-28 21:48,6.961,0.011,0,0,0,0,v
2014-01-28 21:54,6.927,0.010,0,0,0,0,v
2014-01-28 22:00,6.933,0.010,0,0,0,0,v
2014-01-28 22:06,6.938,0.018,0,0,0,0,v
2014-01-28 22:12,6.929,0.013,0,0,0,0,v
2014-01-28 22:18,6.931,0.011,0,0,0,0,v
2014-01-28 22:24,6.930,0.012,0,0,0,0,v
2014-01-28 22:30,6.927,0.011,0,0,0,0,v
2014-01-28 22:36,6.939,0.014,0,0,0,0,v
2014-01-28 22:42,6.933,0.012,0,0,0,0,v
2014-01-28 22:48,6.907,0.016,0,0,0,0,v
2014-01-28 22:54,6.877,0.018,0,0,0,0,v
2014-01-28 23:00,6.911,0.011,0,0,0,0,v
2014-01-28 23:06,6.937,0.009,0,0,0,0,v
2014-01-28 23:12,6.933,0.012,0,0,0,0,v
2014-01-28 23:18,6.919,0.017,0,0,0,0,v
2014-01-28 23:24,6.923,0.018,0,0,0,0,v
2014-01-28 23:30,6.918,0.014,0,0,0,0,v
2014-01-28 23:36,6.898,0.017,0,0,0,0,v
2014-01-28 23:42,6.908,0.012,0,0,0,0,v
2014-01-28 23:48,6.922,0.010,0,0,0,0,v
2014-01-28 23:54,6.906,0.016,0,0,0,0,v
2014-01-29 00:00,6.928,0.014,0,0,0,0,v
2014-01-29 00:06,6.892,0.014,0,0,0,0,v
2014-01-29 00:12,6.877,0.008,0,0,0,0,v
2014-01-29 00:18,6.873,0.012,0,0,0,0,v
2014-01-29 00:24,6.841,0.016,0,0,0,0,v
2014-01-29 00:30,6.804,0.009,0,0,0,0,v
2014-01-29 00:36,6.808,0.016,0,0,0,0,v
2014-01-29 00:42,6.833,0.013,0,0,0,0,v
2014-01-29 00:48,6.839,0.012,0,0,0,0,v
2014-01-29 00:54,6.860,0.009,0,0,0,0,v
2014-01-29 01:00,6.829,0.014,0,0,0,0,v
2014-01-29 01:06,6.826,0.012,0,0,0,0,v
2014-01-29 01:12,6.835,0.013,0,0,0,0,v
2014-01-29 01:18,6.837,0.011,0,0,0,0,v
2014-01-29 01:24,6.835,0.018,0,0,0,0,v
2014-01-29 01:30,6.830,0.015,0,0,0,0,v
2014-01-29 01:36,6.826,0.011,0,0,0,0,v
2014-01-29 01:42,6.826,0.014,0,0,0,0,v
2014-01-29 01:48,6.838,0.013,0,0,0,0,v
2014-01-29 01:54,6.839,0.015,0,0,0,0,v
2014-01-29 02:00,6.851,0.011,0,0,0,0,v
2014-01-29 02:06,6.850,0.009,0,0,0,0,v
2014-01-29 02:12,6.853,0.011,0,0,0,0,v
2014-01-29 02:18,6.843,0.022,0,0,0,0,v
2014-01-29 02:24,6.848,0.009,0,0,0,0,v
2014-01-29 02:30,6.829,0.010,0,0,0,0,v
2014-01-29 02:36,6.835,0.012,0,0,0,0,v
2014-01-29 02:42,6.842,0.019,0,0,0,0,v
2014-01-29 02:48,6.826,0.015,0,0,0,0,v
2014-01-29 02:54,6.810,0.012,0,0,0,0,v
2014-01-29 03:00,6.826,0.013,0,0,0,0,v
2014-01-29 03:06,6.801,0.022,0,0,0,0,v
2014-01-29 03:12,6.807,0.010,0,0,0,0,v
2014-01-29 03:18,6.777,0.013,0,0,0,0,v
2014-01-29 03:24,6.782,0.014,0,0,0,0,v
2014-01-29 03:30,6.819,0.013,0,0,0,0,v
2014-01-29 03:36,6.810,0.010,0,0,0,0,v
2014-01-29 03:42,6.805,0.018,0,0,0,0,v
2014-01-29 03:48,6.826,0.012,0,0,0,0,v
2014-01-29 03:54,6.808,0.013,0,0,0,0,v
2014-01-29 04:00,6.824,0.018,0,0,0,0,v
2014-01-29 04:06,6.824,0.014,0,0,0,0,v
2014-01-29 04:12,6.807,0.013,0,0,0,0,v
2014-01-29 04:18,6.802,0.013,0,0,0,0,v
2014-01-29 04:24,6.727,0.014,0,0,0,0,v
2014-01-29 04:30,6.753,0.012,0,0,0,0,v
2014-01-29 04:36,6.780,0.015,0,0,0,0,v
2014-01-29 04:42,6.757,0.012,0,0,0,0,v
2014-01-29 04:48,6.777,0.011,0,0,0,0,v
2014-01-29 04:54,6.799,0.016,0,0,0,0,v
2014-01-29 05:00,6.778,0.009,0,0,0,0,v
2014-01-29 05:06,6.807,0.021,0,0,0,0,v
2014-01-29 05:12,6.788,0.011,0,0,0,0,v
2014-01-29 05:18,6.777,0.014,0,0,0,0,v
2014-01-29 05:24,6.785,0.018,0,0,0,0,v
2014-01-29 05:30,6.762,0.015,0,0,0,0,v
2014-01-29 05:36,6.751,0.013,0,0,0,0,v
2014-01-29 05:42,6.728,0.016,0,0,0,0,v
2014-01-29 05:48,6.734,0.015,0,0,0,0,v
2014-01-29 05:54,6.738,0.017,0,0,0,0,v
2014-01-29 06:00,6.720,0.017,0,0,0,0,v
2014-01-29 06:06,6.727,0.010,0,0,0,0,v
2014-01-29 06:12,6.702,0.016,0,0,0,0,v
2014-01-29 06:18,6.671,0.019,0,0,0,0,v
2014-01-29 06:24,6.672,0.023,0,0,0,0,v
2014-01-29 06:30,6.676,0.015,0,0,0,0,v
2014-01-29 06:36,6.670,0.017,0,0,0,0,v
2014-01-29 06:42,6.701,0.020,0,0,0,0,v
2014-01-29 06:48,6.673,0.018,0,0,0,0,v
2014-01-29 06:54,6.664,0.013,0,0,0,0,v
2014-01-29 07:00,6.630,0.017,0,0,0,0,v
2014-01-29 07:06,6.652,0.021,0,0,0,0,v
2014-01-29 07:12,6.668,0.020,0,0,0,0,v
2014-01-29 07:18,6.636,0.019,0,0,0,0,v
2014-01-29 07:24,6.701,0.010,0,0,0,0,v
2014-01-29 07:30,6.642,0.021,0,0,0,0,v
2014-01-29 07:36,6.597,0.014,0,0,0,0,v
2014-01-29 07:42,6.575,0.015,0,0,0,0,v
2014-01-29 07:48,6.591,0.012,0,0,0,0,v
2014-01-29 07:54,6.558,0.014,0,0,0,0,v
2014-01-29 08:00,6.541,0.014,0,0,0,0,v
2014-01-29 08:06,6.536,0.012,0,0,0,0,v
2014-01-29 08:12,6.461,0.018,0,0,0,0,v
2014-01-29 08:18,6.449,0.024,0,0,0,0,v
2014-01-29 08:24,6.466,0.018,0,0,0,0,v
2014-01-29 08:30,6.444,0.015,0,0,0,0,v
2014-01-29 08:36,6.392,0.026,0,0,0,0,v
2014-01-29 08:42,6.507,0.017,0,0,0,0,v
2014-01-29 08:48,6.492,0.016,0,0,1,0,v
2014-01-29 08:54,6.448,0.015,0,0,0,0,v
2014-01-29 09:00,6.487,0.026,0,0,0,0,v
2014-01-29 09:06,6.426,0.014,0,0,0,0,v
2014-01-29 09:12,6.411,0.018,0,0,0,0,v
2014-01-29 09:18,6.404,0.018,0,0,0,0,v
2014-01-29 09:24,6.361,0.015,0,0,0,0,v
2014-01-29 09:30,6.415,0.017,0,0,0,0,v
2014-01-29 09:36,6.414,0.015,0,0,0,0,v
2014-01-29 09:42,6.405,0.016,0,0,0,0,v
2014-01-29 09:48,6.380,0.011,0,0,0,0,v
2014-01-29 09:54,6.352,0.017,0,0,0,0,v
2014-01-29 10:00,6.349,0.011,0,0,0,0,v
2014-01-29 10:06,6.320,0.012,0,0,0,0,v
2014-01-29 10:12,6.309,0.023,0,0,0,0,v
2014-01-29 10:18,6.302,0.017,0,0,0,0,v
2014-01-29 10:24,6.304,0.022,0,0,0,0,v
2014-01-29 10:30,6.246,0.014,0,0,0,0,v
2014-01-29 10:36,6.191,0.017,0,0,0,0,v
2014-01-29 10:42,6.274,0.017,0,0,0,0,v
2014-01-29 10:48,6.244,0.015,0,0,1,0,v
2014-01-29 10:54,6.170,0.013,0,0,0,0,v
2014-01-29 11:00,6.275,0.018,0,0,0,0,v
2014-01-29 11:06,6.278,0.012,0,0,1,0,v
2014-01-29 11:12,6.228,0.019,0,0,0,0,v
2014-01-29 11:18,6.225,0.012,0,0,0,0,v
2014-01-29 11:24,6.225,0.017,0,0,0,0,v
2014-01-29 11:30,6.208,0.018,0,0,0,0,v
2014-01-29 11:36,6.219,0.019,0,0,0,0,v
2014-01-29 11:42,6.223,0.020,0,0,0,0,v
2014-01-29 11:48,6.209,0.021,0,0,0,0,v
2014-01-29 11:54,6.191,0.018,0,0,0,0,v
2014-01-29 12:00,6.178,0.023,0,0,0,0,v
2014-01-29 12:06,6.168,0.012,0,0,0,0,v
2014-01-29 12:12,6.237,0.016,0,0,0,0,v
2014-01-29 12:18,6.185,0.018,0,0,0,0,v
2014-01-29 12:24,6.158,0.014,0,0,0,0,v
2014-01-29 12:30,6.182,0.013,0,0,0,0,v
2014-01-29 12:36,6.190,0.022,0,0,0,0,v
2014-01-29 12:42,6.138,0.016,0,0,0,0,v
2014-01-29 12:48,6.073,0.018,0,0,0,0,v
2014-01-29 12:54,6.116,0.010,0,0,0,0,v
2014-01-29 13:00,6.115,0.017,0,0,0,0,v
2014-01-29 13:06,6.141,0.011,0,0,0,0,v
2014-01-29 13:12,6.152,0.017,0,0,0,0,v
2014-01-29 13:18,6.118,0.012,0,0,0,0,v
2014-01-29 13:24,6.120,0.015,0,0,0,0,v
2014-01-29 13:30,6.169,0.011,0,0,0,0,v
2014-01-29 13:36,6.116,0.010,0,0,0,0,v
2014-01-29 13:42,6.140,0.022,0,0,0,0,v
2014-01-29 13:48,6.161,0.013,0,0,0,0,v
2014-01-29 13:54,6.144,0.023,0,0,0,0,v
2014-01-29 14:00,6.150,0.015,0,0,0,0,v
2014-01-29 14:06,6.163,0.020,0,0,0,0,v
2014-01-29 14:12,6.133,0.017,0,0,0,0,v
2014-01-29 14:18,6.128,0.012,0,0,0,0,v
2014-01-29 14:24,6.152,0.023,0,0,0,0,v
2014-01-29 14:30,6.085,0.017,0,0,0,0,v
2014-01-29 14:36,6.134,0.030,0,0,0,0,v
2014-01-29 14:42,6.141,0.011,0,0,0,0,v
2014-01-29 14:48,6.147,0.012,0,0,0,0,v
2014-01-29 14:54,6.201,0.015,0,0,0,0,v
2014-01-29 15:00,6.193,0.013,0,0,0,0,v
2014-01-29 15:06,6.198,0.010,0,0,0,0,v
2014-01-29 15:12,6.250,0.017,0,0,0,0,v
2014-01-29 15:18,6.210,0.010,0,0,0,0,v
2014-01-29 15:24,6.238,0.014,0,0,0,0,v
2014-01-29 15:30,6.248,0.013,0,0,0,0,v
2014-01-29 15:36,6.279,0.019,0,0,0,0,v
2014-01-29 15:42,6.279,0.020,0,0,0,0,v
2014-01-29 15:48,6.339,0.023,0,0,0,0,v
2014-01-29 15:54,6.259,0.032,0,0,0,0,v
2014-01-29 16:00,6.311,0.020,0,0,1,0,v
2014-01-29 16:06,6.289,0.017,0,0,0,0,v
2014-01-29 16:12,6.307,0.019,0,0,0,0,v
2014-01-29 16:18,6.362,0.014,0,0,0,0,v
2014-01-29 16:24,6.337,0.017,0,0,0,0,v
2014-01-29 16:30,6.296,0.020,0,0,0,0,v
2014-01-29 16:36,6.383,0.021,0,0,0,0,v
2014-01-29 16:42,6.549,0.015,0,0,0,0,v
2014-01-29 16:48,6.433,0.012,0,0,1,0,v
2014-01-29 16:54,6.444,0.014,0,0,1,0,v
2014-01-29 17:00,6.462,0.014,0,0,0,0,v
2014-01-29 17:06,6.405,0.016,0,0,0,0,v
2014-01-29 17:12,6.480,0.018,0,0,0,0,v
2014-01-29 17:18,6.475,0.024,0,0,0,0,v
2014-01-29 17:24,6.505,0.017,0,0,0,0,v
2014-01-29 17:30,6.549,0.017,0,0,0,0,v
2014-01-29 17:36,6.586,0.016,0,0,0,0,v
2014-01-29 17:42,6.610,0.012,0,0,0,0,v
2014-01-29 17:48,6.561,0.014,0,0,0,0,v
2014-01-29 17:54,6.572,0.016,0,0,0,0,v
2014-01-29 18:00,6.533,0.015,0,0,0,0,v
2014-01-29 18:06,6.603,0.013,0,0,0,0,v
2014-01-29 18:12,6.578,0.022,0,0,0,0,v
2014-01-29 18:18,6.574,0.012,0,0,0,0,v
2014-01-29 18:24,6.577,0.013,0,0,0,0,v
2014-01-29 18:30,6.633,0.011,0,0,0,0,v
2014-01-29 18:36,6.635,0.021,0,0,0,0,v
2014-01-29 18:42,6.675,0.015,0,0,0,0,v
2014-01-29 18:48,6.704,0.014,0,0,0,0,v
2014-01-29 18:54,6.765,0.011,0,0,0,0,v
2014-01-29 19:00,6.747,0.017,0,0,0,0,v
2014-01-29 19:06,6.758,0.011,0,0,0,0,v
2014-01-29 19:12,6.789,0.010,0,0,0,0,v
2014-01-29 19:18,6.810,0.014,0,0,0,0,v
2014-01-29 19:24,6.802,0.017,0,0,0,0,v
2014-01-29 19:30,6.823,0.013,0,0,0,0,v
2014-01-29 19:36,6.799,0.017,0,0,0,0,v
2014-01-29 19:42,6.772,0.017,0,0,0,0,v
2014-01-29 19:48,6.795,0.014,0,0,0,0,v
2014-01-29 19:54,6.811,0.016,0,0,0,0,v
2014-01-29 20:00,6.838,0.015,0,0,0,0,v
2014-01-29 20:06,6.818,0.014,0,0,0,0,v
2014-01-29 20:12,6.836,0.013,0,0,0,0,v
2014-01-29 20:18,6.852,0.013,0,0,0,0,v
2014-01-29 20:24,6.859,0.020,0,0,0,0,v
2014-01-29 20:30,6.847,0.014,0,0,0,0,v
2014-01-29 20:36,6.883,0.010,0,0,0,0,v
2014-01-29 20:42,6.901,0.014,0,0,0,0,v
2014-01-29 20:48,6.860,0.014,0,0,0,0,v
2014-01-29 20:54,6.932,0.015,0,0,0,0,v
2014-01-29 21:00,6.937,0.010,0,0,0,0,v
2014-01-29 21:06,6.931,0.017,0,0,0,0,v
2014-01-29 21:12,6.922,0.017,0,0,0,0,v
2014-01-29 21:18,6.894,0.010,0,0,0,0,v
2014-01-29 21:24,6.933,0.015,0,0,0,0,v
2014-01-29 21:30,6.930,0.017,0,0,0,0,v
2014-01-29 21:36,6.955,0.009,0,0,0,0,v
2014-01-29 21:42,6.949,0.013,0,0,0,0,v
2014-01-29 21:48,6.936,0.018,0,0,0,0,v
2014-01-29 21:54,6.911,0.013,0,0,0,0,v
2014-01-29 22:00,6.939,0.013,0,0,0,0,v
2014-01-29 22:06,6.933,0.010,0,0,0,0,v
2014-01-29 22:12,6.943,0.016,0,0,0,0,v
2014-01-29 22:18,6.961,0.010,0,0,0,0,v
2014-01-29 22:24,6.948,0.014,0,0,0,0,v
2014-01-29 22:30,6.940,0.019,0,0,0,0,v
2014-01-29 22:36,6.957,0.008,0,0,0,0,v
2014-01-29 22:42,6.942,0.014,0,0,0,0,v
2014-01-29 22:48,6.961,0.012,0,0,0,0,v
2014-01-29 22:54,6.936,0.016,0,0,0,0,v
2014-01-29 23:00,6.942,0.012,0,0,0,0,v
2014-01-29 23:06,6.930,0.012,0,0,0,0,v
2014-01-29 23:12,6.913,0.015,0,0,0,0,v
2014-01-29 23:18,6.907,0.014,0,0,0,0,v
2014-01-29 23:24,6.891,0.010,0,0,0,0,v
2014-01-29 23:30,6.918,0.009,0,0,0,0,v
2014-01-29 23:36,6.921,0.014,0,0,0,0,v
2014-01-29 23:42,6.949,0.015,0,0,0,0,v
2014-01-29 23:48,6.947,0.016,0,0,0,0,v
2014-01-29 23:54,6.933,0.015,0,0,0,0,v
2014-01-30 00:00,6.926,0.012,0,0,0,0,v
2014-01-30 00:06,6.956,0.015,0,0,0,0,v
2014-01-30 00:12,6.939,0.010,0,0,0,0,v
2014-01-30 00:18,6.934,0.009,0,0,0,0,v
2014-01-30 00:24,6.967,0.012,0,0,0,0,v
2014-01-30 00:30,6.927,0.009,0,0,0,0,v
2014-01-30 00:36,6.940,0.010,0,0,0,0,v
2014-01-30 00:42,6.949,0.013,0,0,0,0,v
2014-01-30 00:48,6.930,0.010,0,0,0,0,v
2014-01-30 00:54,6.928,0.022,0,0,0,0,v
2014-01-30 01:00,6.940,0.009,0,0,0,0,v
2014-01-30 01:06,6.881,0.021,0,0,0,0,v
2014-01-30 01:12,6.889,0.014,0,0,0,0,v
2014-01-30 01:18,6.896,0.013,0,0,0,0,v
2014-01-30 01:24,6.887,0.015,0,0,0,0,v
2014-01-30 01:30,6.892,0.010,0,0,0,0,v
2014-01-30 01:36,6.878,0.015,0,0,0,0,v
2014-01-30 01:42,6.877,0.013,0,0,0,0,v
2014-01-30 01:48,6.876,0.016,0,0,0,0,v
2014-01-30 01:54,6.896,0.010,0,0,0,0,v
2014-01-30 02:00,6.883,0.014,0,0,0,0,v
2014-01-30 02:06,6.889,0.010,0,0,0,0,v
2014-01-30 02:12,6.886,0.009,0,0,0,0,v
2014-01-30 02:18,6.896,0.010,0,0,0,0,v
2014-01-30 02:24,6.871,0.020,0,0,0,0,v
2014-01-30 02:30,6.884,0.013,0,0,0,0,v
2014-01-30 02:36,6.876,0.010,0,0,0,0,v
2014-01-30 02:42,6.877,0.010,0,0,0,0,v
2014-01-30 02:48,6.884,0.011,0,0,0,0,v
2014-01-30 02:54,6.880,0.011,0,0,0,0,v
2014-01-30 03:00,6.879,0.016,0,0,0,0,v
2014-01-30 03:06,6.888,0.009,0,0,0,0,v
2014-01-30 03:12,6.873,0.010,0,0,0,0,v
2014-01-30 03:18,6.852,0.010,0,0,0,0,v
2014-01-30 03:24,6.850,0.011,0,0,0,0,v
2014-01-30 03:30,6.841,0.014,0,0,0,0,v
2014-01-30 03:36,6.850,0.011,0,0,0,0,v
2014-01-30 03:42,6.870,0.012,0,0,0,0,v
2014-01-30 03:48,6.869,0.012,0,0,0,0,v
2014-01-30 03:54,6.856,0.013,0,0,0,0,v
2014-01-30 04:00,6.847,0.023,0,0,0,0,v
2014-01-30 04:06,6.872,0.011,0,0,0,0,v
2014-01-30 04:12,6.848,0.024,0,0,0,0,v
2014-01-30 04:18,6.845,0.015,0,0,0,0,v
2014-01-30 04:24,6.863,0.008,0,0,0,0,v
2014-01-30 04:30,6.847,0.016,0,0,0,0,v
2014-01-30 04:36,6.871,0.015,0,0,0,0,v
2014-01-30 04:42,6.896,0.010,0,0,0,0,v
2014-01-30 04:48,6.871,0.013,0,0,0,0,v
2014-01-30 04:54,6.886,0.012,0,0,0,0,v
2014-01-30 05:00,6.900,0.014,0,0,0,0,v
2014-01-30 05:06,6.901,0.018,0,0,0,0,v
2014-01-30 05:12,6.920,0.015,0,0,0,0,v
2014-01-30 05:18,6.921,0.014,0,0,0,0,v
2014-01-30 05:24,6.951,0.014,0,0,0,0,v
2014-01-30 05:30,6.926,0.014,0,0,0,0,v
2014-01-30 05:36,6.919,0.014,0,0,0,0,v
2014-01-30 05:42,6.926,0.011,0,0,0,0,v
2014-01-30 05:48,6.924,0.026,0,0,0,0,v
2014-01-30 05:54,6.923,0.012,0,0,0,0,v
2014-01-30 06:00,6.934,0.012,0,0,0,0,v
2014-01-30 06:06,6.891,0.020,0,0,0,0,v
2014-01-30 06:12,6.918,0.014,0,0,0,0,v
2014-01-30 06:18,6.938,0.016,0,0,0,0,v
2014-01-30 06:24,6.926,0.013,0,0,0,0,v
2014-01-30 06:30,6.863,0.014,0,0,0,0,v
2014-01-30 06:36,6.866,0.015,0,0,0,0,v
2014-01-30 06:42,6.876,0.013,0,0,0,0,v
2014-01-30 06:48,6.877,0.019,0,0,0,0,v
2014-01-30 06:54,6.844,0.012,0,0,0,0,v
2014-01-30 07:00,6.820,0.013,0,0,0,0,v
2014-01-30 07:06,6.812,0.015,0,0,0,0,v
2014-01-30 07:12,6.796,0.016,0,0,0,0,v
2014-01-30 07:18,6.807,0.014,0,0,0,0,v
2014-01-30 07:24,6.814,0.014,0,0,0,0,v
2014-01-30 07:30,6.784,0.016,0,0,0,0,v
2014-01-30 07:36,6.796,0.016,0,0,0,0,v
2014-01-30 07:42,6.792,0.013,0,0,0,0,v
2014-01-30 07:48,6.777,0.016,0,0,0,0,v
2014-01-30 07:54,6.741,0.012,0,0,0,0,v
2014-01-30 08:00,6.769,0.022,0,0,0,0,v
2014-01-30 08:06,6.767,0.019,0,0,0,0,v
2014-01-30 08:12,6.742,0.018,0,0,0,0,v
2014-01-30 08:18,6.744,0.013,0,0,0,0,v
2014-01-30 08:24,6.744,0.013,0,0,0,0,v
2014-01-30 08:30,6.761,0.026,0,0,0,0,v
2014-01-30 08:36,6.737,0.018,0,0,0,0,v
2014-01-30 08:42,6.752,0.020,0,0,0,0,v
2014-01-30 08:48,6.721,0.020,0,0,0,0,v
2014-01-30 08:54,6.674,0.019,0,0,0,0,v
2014-01-30 09:00,6.705,0.018,0,0,0,0,v
2014-01-30 09:06,6.697,0.019,0,0,0,0,v
2014-01-30 09:12,6.724,0.019,0,0,0,0,v
2014-01-30 09:18,6.691,0.012,0,0,0,0,v
2014-01-30 09:24,6.645,0.013,0,0,0,0,v
2014-01-30 09:30,6.657,0.017,0,0,0,0,v
2014-01-30 09:36,6.632,0.015,0,0,0,0,v
2014-01-30 09:42,6.607,0.012,0,0,0,0,v
2014-01-30 09:48,6.590,0.011,0,0,0,0,v
2014-01-30 09:54,6.576,0.017,0,0,0,0,v
2014-01-30 10:00,6.584,0.011,0,0,0,0,v
2014-01-30 10:06,6.560,0.012,0,0,0,0,v
2014-01-30 10:12,6.555,0.012,0,0,0,0,v
2014-01-30 10:18,6.566,0.000,0,0,0,0,v
2014-01-30 10:24,6.553,0.017,0,0,0,0,v
2014-01-30 10:30,6.485,0.012,0,0,0,0,v
2014-01-30 10:36,6.514,0.011,0,0,0,0,v
2014-01-30 10:42,6.523,0.017,0,0,0,0,v
2014-01-30 10:48,6.516,0.024,0,0,0,0,v
2014-01-30 10:54,6.501,0.013,0,0,0,0,v
2014-01-30 11:00,6.460,0.012,0,0,0,0,v
2014-01-30 11:06,6.450,0.015,0,0,0,0,v
2014-01-30 11:12,6.454,0.011,0,0,0,0,v
2014-01-30 11:18,6.426,0.012,0,0,0,0,v
2014-01-30 11:24,6.419,0.011,0,0,0,0,v
2014-01-30 11:30,6.424,0.008,0,0,0,0,v
2014-01-30 11:36,6.417,0.019,0,0,0,0,v
2014-01-30 11:42,6.427,0.020,0,0,0,0,v
2014-01-30 11:48,6.410,0.012,0,0,0,0,v
2014-01-30 11:54,6.397,0.014,0,0,0,0,v
2014-01-30 12:00,6.381,0.014,0,0,0,0,v
2014-01-30 12:06,6.362,0.010,0,0,0,0,v
2014-01-30 12:12,6.360,0.023,0,0,0,0,v
2014-01-30 12:18,6.350,0.011,0,0,0,0,v
2014-01-30 12:24,6.348,0.019,0,0,0,0,v
2014-01-30 12:30,6.335,0.015,0,0,0,0,v
2014-01-30 12:36,6.345,0.013,0,0,0,0,v
2014-01-30 12:42,6.361,0.010,0,0,0,0,v
2014-01-30 12:48,6.319,0.012,0,0,0,0,v
2014-01-30 12:54,6.309,0.010,0,0,0,0,v
2014-01-30 13:00,6.308,0.018,0,0,0,0,v
2014-01-30 13:06,6.291,0.019,0,0,0,0,v
2014-01-30 13:12,6.297,0.011,0,0,0,0,v
2014-01-30 13:18,6.280,0.013,0,0,0,0,v
2014-01-30 13:24,6.266,0.011,0,0,0,0,v
2014-01-30 13:30,6.245,0.010,0,0,0,0,v
2014-01-30 13:36,6.267,0.012,0,0,0,0,v
2014-01-30 13:42,6.276,0.009,0,0,0,0,v
2014-01-30 13:48,6.271,0.011,0,0,0,0,v
2014-01-30 13:54,6.242,0.013,0,0,0,0,v
2014-01-30 14:00,6.240,0.008,0,0,0,0,v
2014-01-30 14:06,6.259,0.011,0,0,0,0,v
2014-01-30 14:12,6.261,0.011,0,0,0,0,v
2014-01-30 14:18,6.257,0.010,0,0,0,0,v
2014-01-30 14:24,6.247,0.011,0,0,0,0,v
2014-01-30 14:30,6.260,0.013,0,0,0,0,v
2014-01-30 14:36,6.287,0.013,0,0,0,0,v
2014-01-30 14:42,6.285,0.012,0,0,0,0,v
2014-01-30 14:48,6.293,0.012,0,0,0,0,v
2014-01-30 14:54,6.308,0.011,0,0,0,0,v
2014-01-30 15:00,6.301,0.011,0,0,0,0,v
2014-01-30 15:06,6.286,0.015,0,0,0,0,v
2014-01-30 15:12,6.273,0.011,0,0,0,0,v
2014-01-30 15:18,6.285,0.012,0,0,0,0,v
2014-01-30 15:24,6.263,0.013,0,0,0,0,v
2014-01-30 15:30,6.280,0.012,0,0,0,0,v
2014-01-30 15:36,6.276,0.009,0,0,0,0,v
2014-01-30 15:42,6.293,0.012,0,0,0,0,v
2014-01-30 15:48,6.304,0.013,0,0,0,0,v
2014-01-30 15:54,6.307,0.013,0,0,0,0,v
2014-01-30 16:00,6.310,0.006,0,0,0,0,v
2014-01-30 16:06,6.344,0.008,0,0,0,0,v
2014-01-30 16:12,6.368,0.013,0,0,0,0,v
2014-01-30 16:18,6.352,0.017,0,0,0,0,v
2014-01-30 16:24,6.380,0.014,0,0,0,0,v
2014-01-30 16:30,6.410,0.010,0,0,0,0,v
2014-01-30 16:36,6.428,0.009,0,0,0,0,v
2014-01-30 16:42,6.410,0.017,0,0,0,0,v
2014-01-30 16:48,6.410,0.009,0,0,0,0,v
2014-01-30 16:54,6.442,0.009,0,0,0,0,v
2014-01-30 17:00,6.428,0.011,0,0,0,0,v
2014-01-30 17:06,6.444,0.009,0,0,0,0,v
2014-01-30 17:12,6.461,0.012,0,0,0,0,v
2014-01-30 17:18,6.476,0.010,0,0,0,0,v
2014-01-30 17:24,6.480,0.012,0,0,0,0,v
2014-01-30 17:30,6.487,0.009,0,0,0,0,v
2014-01-30 17:36,6.499,0.011,0,0,0,0,v
2014-01-30 17:42,6.528,0.013,0,0,0,0,v
2014-01-30 17:48,6.549,0.006,0,0,0,0,v
2014-01-30 17:54,6.561,0.015,0,0,0,0,v
2014-01-30 18:00,6.578,0.008,0,0,0,0,v
2014-01-30 18:06,6.581,0.010,0,0,0,0,v
2014-01-30 18:12,6.612,0.012,0,0,0,0,v
2014-01-30 18:18,6.603,0.009,0,0,0,0,v
2014-01-30 18:24,6.633,0.009,0,0,0,0,v
2014-01-30 18:30,6.645,0.008,0,0,0,0,v
2014-01-30 18:36,6.660,0.009,0,0,0,0,v
2014-01-30 18:42,6.651,0.011,0,0,0,0,v
2014-01-30 18:48,6.634,0.009,0,0,0,0,v
2014-01-30 18:54,6.660,0.009,0,0,0,0,v
2014-01-30 19:00,6.670,0.008,0,0,0,0,v
2014-01-30 19:06,6.680,0.008,0,0,0,0,v
2014-01-30 19:12,6.694,0.009,0,0,0,0,v
2014-01-30 19:18,6.701,0.010,0,0,0,0,v
2014-01-30 19:24,6.714,0.010,0,0,0,0,v
2014-01-30 19:30,6.724,0.008,0,0,0,0,v
2014-01-30 19:36,6.714,0.007,0,0,0,0,v
2014-01-30 19:42,6.736,0.007,0,0,0,0,v
2014-01-30 19:48,6.758,0.008,0,0,0,0,v
2014-01-30 19:54,6.738,0.010,0,0,0,0,v
2014-01-30 20:00,6.765,0.007,0,0,0,0,v
2014-01-30 20:06,6.775,0.008,0,0,0,0,v
2014-01-30 20:12,6.773,0.011,0,0,0,0,v
2014-01-30 20:18,6.821,0.011,0,0,0,0,v
2014-01-30 20:24,6.816,0.010,0,0,0,0,v
2014-01-30 20:30,6.835,0.009,0,0,0,0,v
2014-01-30 20:36,6.832,0.009,0,0,0,0,v
2014-01-30 20:42,6.813,0.007,0,0,0,0,v
2014-01-30 20:48,6.804,0.007,0,0,0,0,v
2014-01-30 20:54,6.833,0.010,0,0,0,0,v
2014-01-30 21:00,6.858,0.007,0,0,0,0,v
2014-01-30 21:06,6.844,0.010,0,0,0,0,v
2014-01-30 21:12,6.871,0.012,0,0,0,0,v
2014-01-30 21:18,6.876,0.007,0,0,0,0,v
2014-01-30 21:24,6.884,0.009,0,0,0,0,v
2014-01-30 21:30,6.886,0.006,0,0,0,0,v
2014-01-30 21:36,6.891,0.008,0,0,0,0,v
2014-01-30 21:42,6.896,0.007,0,0,0,0,v
2014-01-30 21:48,6.884,0.010,0,0,0,0,v
2014-01-30 21:54,6.887,0.006,0,0,0,0,v
2014-01-30 22:00,6.906,0.007,0,0,0,0,v
2014-01-30 22:06,6.903,0.010,0,0,0,0,v
2014-01-30 22:12,6.920,0.009,0,0,0,0,v
2014-01-30 22:18,6.926,0.008,0,0,0,0,v
2014-01-30 22:24,6.910,0.006,0,0,0,0,v
2014-01-30 22:30,6.918,0.006,0,0,0,0,v
2014-01-30 22:36,6.906,0.008,0,0,0,0,v
2014-01-30 22:42,6.903,0.008,0,0,0,0,v
2014-01-30 22:48,6.898,0.007,0,0,0,0,v
2014-01-30 22:54,6.874,0.007,0,0,0,0,v
2014-01-30 23:00,6.863,0.011,0,0,0,0,v
2014-01-30 23:06,6.855,0.007,0,0,0,0,v
2014-01-30 23:12,6.846,0.008,0,0,0,0,v
2014-01-30 23:18,6.863,0.009,0,0,0,0,v
2014-01-30 23:24,6.864,0.005,0,0,0,0,v
2014-01-30 23:30,6.864,0.009,0,0,0,0,v
2014-01-30 23:36,6.847,0.006,0,0,0,0,v
2014-01-30 23:42,6.857,0.008,0,0,0,0,v
2014-01-30 23:48,6.857,0.007,0,0,0,0,v
2014-01-30 23:54,6.832,0.006,0,0,0,0,v
2014-01-31 00:00,6.835,0.005,0,0,0,0,v
2014-01-31 00:06,6.838,0.005,0,0,0,0,v
2014-01-31 00:12,6.830,0.007,0,0,0,0,v
2014-01-31 00:18,6.853,0.007,0,0,0,0,v
2014-01-31 00:24,6.875,0.008,0,0,0,0,v
2014-01-31 00:30,6.855,0.007,0,0,0,0,v
2014-01-31 00:36,6.849,0.005,0,0,0,0,v
2014-01-31 00:42,6.842,0.009,0,0,0,0,v
2014-01-31 00:48,6.849,0.005,0,0,0,0,v
2014-01-31 00:54,6.831,0.006,0,0,0,0,v
2014-01-31 01:00,6.819,0.008,0,0,0,0,v
2014-01-31 01:06,6.813,0.008,0,0,0,0,v
2014-01-31 01:12,6.807,0.005,0,0,0,0,v
2014-01-31 01:18,6.797,0.004,0,0,0,0,v
2014-01-31 01:24,6.802,0.008,0,0,0,0,v
2014-01-31 01:30,6.808,0.007,0,0,0,0,v
2014-01-31 01:36,6.824,0.009,0,0,0,0,v
2014-01-31 01:42,6.814,0.014,0,0,0,0,v
2014-01-31 01:48,6.810,0.008,0,0,0,0,v
2014-01-31 01:54,6.818,0.006,0,0,0,0,v
2014-01-31 02:00,6.800,0.010,0,0,0,0,v
2014-01-31 02:06,6.788,0.005,0,0,0,0,v
2014-01-31 02:12,6.766,0.006,0,0,0,0,v
2014-01-31 02:18,6.794,0.008,0,0,0,0,v
2014-01-31 02:24,6.777,0.006,0,0,0,0,v
2014-01-31 02:30,6.783,0.006,0,0,0,0,v
2014-01-31 02:36,6.793,0.006,0,0,0,0,v
2014-01-31 02:42,6.775,0.010,0,0,0,0,v
2014-01-31 02:48,6.752,0.007,0,0,0,0,v
2014-01-31 02:54,6.768,0.003,0,0,0,0,v
2014-01-31 03:00,6.759,0.006,0,0,0,0,v
2014-01-31 03:06,6.750,0.008,0,0,0,0,v
2014-01-31 03:12,6.746,0.005,0,0,0,0,v
2014-01-31 03:18,6.770,0.005,0,0,0,0,v
2014-01-31 03:24,6.770,0.006,0,0,0,0,v
2014-01-31 03:30,6.784,0.010,0,0,0,0,v
2014-01-31 03:36,6.774,0.007,0,0,0,0,v
2014-01-31 03:42,6.786,0.007,0,0,0,0,v
2014-01-31 03:48,6.786,0.008,0,0,0,0,v
2014-01-31 03:54,6.798,0.008,0,0,0,0,v
2014-01-31 04:00,6.781,0.005,0,0,0,0,v
2014-01-31 04:06,6.768,0.006,0,0,0,0,v
2014-01-31 04:12,6.765,0.006,0,0,0,0,v
2014-01-31 04:18,6.756,0.006,0,0,0,0,v
2014-01-31 04:24,6.773,0.008,0,0,0,0,v
2014-01-31 04:30,6.778,0.004,0,0,0,0,v
2014-01-31 04:36,6.779,0.009,0,0,0,0,v
2014-01-31 04:42,6.773,0.007,0,0,0,0,v
2014-01-31 04:48,6.779,0.006,0,0,0,0,v
2014-01-31 04:54,6.779,0.007,0,0,0,0,v
2014-01-31 05:00,6.781,0.008,0,0,0,0,v
2014-01-31 05:06,6.765,0.005,0,0,0,0,v
2014-01-31 05:12,6.777,0.005,0,0,0,0,v
2014-01-31 05:18,6.764,0.005,0,0,0,0,v
2014-01-31 05:24,6.788,0.007,0,0,0,0,v
2014-01-31 05:30,6.797,0.006,0,0,0,0,v
2014-01-31 05:36,6.793,0.006,0,0,0,0,v
2014-01-31 05:42,6.787,0.005,0,0,0,0,v
2014-01-31 05:48,6.800,0.005,0,0,0,0,v
2014-01-31 05:54,6.800,0.006,0,0,0,0,v
2014-01-31 06:00,6.793,0.007,0,0,0,0,v
2014-01-31 06:06,6.799,0.005,0,0,0,0,v
2014-01-31 06:12,6.810,0.007,0,0,0,0,v
2014-01-31 06:18,6.800,0.005,0,0,0,0,v
2014-01-31 06:24,6.787,0.005,0,0,0,0,v
2014-01-31 06:30,6.790,0.005,0,0,0,0,v
2014-01-31 06:36,6.783,0.008,0,0,0,0,v
2014-01-31 06:42,6.774,0.007,0,0,0,0,v
2014-01-31 06:48,6.786,0.004,0,0,0,0,v
2014-01-31 06:54,6.797,0.007,0,0,0,0,v
2014-01-31 07:00,6.780,0.007,0,0,0,0,v
2014-01-31 07:06,6.776,0.005,0,0,0,0,v
2014-01-31 07:12,6.778,0.004,0,0,0,0,v
2014-01-31 07:18,6.767,0.006,0,0,0,0,v
2014-01-31 07:24,6.762,0.007,0,0,0,0,v
2014-01-31 07:30,6.764,0.006,0,0,0,0,v
2014-01-31 07:36,6.765,0.006,0,0,0,0,v
2014-01-31 07:42,6.739,0.006,0,0,0,0,v
2014-01-31 07:48,6.742,0.006,0,0,0,0,v
2014-01-31 07:54,6.758,0.009,0,0,0,0,v
2014-01-31 08:00,6.766,0.004,0,0,0,0,v
2014-01-31 08:06,6.765,0.005,0,0,0,0,v
2014-01-31 08:12,6.755,0.006,0,0,0,0,v
2014-01-31 08:18,6.768,0.005,0,0,0,0,v
2014-01-31 08:24,6.747,0.004,0,0,0,0,v
2014-01-31 08:30,6.751,0.005,0,0,0,0,v
2014-01-31 08:36,6.736,0.006,0,0,0,0,v
2014-01-31 08:42,6.753,0.007,0,0,0,0,v
2014-01-31 08:48,6.736,0.006,0,0,0,0,v
2014-01-31 08:54,6.748,0.005,0,0,0,0,v
2014-01-31 09:00,6.740,0.007,0,0,0,0,v
2014-01-31 09:06,6.720,0.007,0,0,0,0,v
2014-01-31 09:12,6.727,0.005,0,0,0,0,v
2014-01-31 09:18,6.719,0.006,0,0,0,0,v
2014-01-31 09:24,6.715,0.008,0,0,0,0,v
2014-01-31 09:30,6.701,0.006,0,0,0,0,v
2014-01-31 09:36,6.692,0.006,0,0,0,0,v
2014-01-31 09:42,6.678,0.007,0,0,0,0,v
2014-01-31 09:48,6.662,0.007,0,0,0,0,v
2014-01-31 09:54,6.653,0.008,0,0,0,0,v
2014-01-31 10:00,6.631,0.005,0,0,0,0,v
2014-01-31 10:06,6.618,0.006,0,0,0,0,v
2014-01-31 10:12,6.601,0.008,0,0,0,0,v
2014-01-31 10:18,6.599,0.009,0,0,0,0,v
2014-01-31 10:24,6.600,0.007,0,0,0,0,v
2014-01-31 10:30,6.580,0.006,0,0,0,0,v
2014-01-31 10:36,6.557,0.009,0,0,0,0,v
2014-01-31 10:42,6.543,0.007,0,0,0,0,v
2014-01-31 10:48,6.541,0.005,0,0,0,0,v
2014-01-31 10:54,6.533,0.005,0,0,0,0,v
2014-01-31 11:00,6.527,0.005,0,0,0,0,v
2014-01-31 11:06,6.521,0.007,0,0,0,0,v
2014-01-31 11:12,6.516,0.006,0,0,0,0,v
2014-01-31 11:18,6.511,0.005,0,0,0,0,v
2014-01-31 11:24,6.480,0.005,0,0,0,0,v
2014-01-31 11:30,6.463,0.005,0,0,0,0,v
2014-01-31 11:36,6.452,0.006,0,0,0,0,v
2014-01-31 11:42,6.463,0.005,0,0,0,0,v
2014-01-31 11:48,6.458,0.006,0,0,0,0,v
2014-01-31 11:54,6.431,0.006,0,0,0,0,v
2014-01-31 12:00,6.433,0.005,0,0,0,0,v
2014-01-31 12:06,6.428,0.005,0,0,0,0,v
2014-01-31 12:12,6.426,0.008,0,0,0,0,v
2014-01-31 12:18,6.416,0.007,0,0,0,0,v
2014-01-31 12:24,6.412,0.006,0,0,0,0,v
2014-01-31 12:30,6.395,0.005,0,0,0,0,v
2014-01-31 12:36,6.390,0.004,0,0,0,0,v
2014-01-31 12:42,6.378,0.006,0,0,0,0,v
2014-01-31 12:48,6.358,0.006,0,0,0,0,v
2014-01-31 12:54,6.384,0.006,0,0,0,0,v
2014-01-31 13:00,6.371,0.005,0,0,0,0,v
2014-01-31 13:06,6.359,0.006,0,0,0,0,v
2014-01-31 13:12,6.361,0.005,0,0,0,0,v
2014-01-31 13:18,6.348,0.007,0,0,0,0,v
2014-01-31 13:24,6.331,0.005,0,0,0,0,v
2014-01-31 13:30,6.324,0.005,0,0,0,0,v
2014-01-31 13:36,6.318,0.007,0,0,0,0,v
2014-01-31 13:42,6.326,0.005,0,0,0,0,v
2014-01-31 13:48,6.335,0.006,0,0,0,0,v
2014-01-31 13:54,6.311,0.005,0,0,0,0,v
2014-01-31 14:00,6.313,0.004,0,0,0,0,v
2014-01-31 14:06,6.302,0.007,0,0,0,0,v
2014-01-31 14:12,6.287,0.005,0,0,0,0,v
2014-01-31 14:18,6.277,0.009,0,0,0,0,v
2014-01-31 14:24,6.269,0.005,0,0,0,0,v
2014-01-31 14:30,6.267,0.005,0,0,0,0,v
2014-01-31 14:36,6.281,0.004,0,0,0,0,v
2014-01-31 14:42,6.271,0.005,0,0,0,0,v
2014-01-31 14:48,6.275,0.006,0,0,0,0,v
2014-01-31 14:54,6.290,0.008,0,0,0,0,v
2014-01-31 15:00,6.291,0.006,0,0,0,0,v
2014-01-31 15:06,6.294,0.005,0,0,0,0,v
2014-01-31 15:12,6.283,0.006,0,0,0,0,v
2014-01-31 15:18,6.300,0.006,0,0,0,0,v
2014-01-31 15:24,6.310,0.006,0,0,0,0,v
2014-01-31 15:30,6.298,0.005,0,0,0,0,v
2014-01-31 15:36,6.301,0.005,0,0,0,0,v
2014-01-31 15:42,6.305,0.006,0,0,0,0,v
2014-01-31 15:48,6.297,0.006,0,0,0,0,v
2014-01-31 15:54,6.313,0.005,0,0,0,0,v
2014-01-31 16:00,6.299,0.005,0,0,0,0,v
2014-01-31 16:06,6.315,0.006,0,0,0,0,v
2014-01-31 16:12,6.319,0.005,0,0,0,0,v
2014-01-31 16:18,6.311,0.005,0,0,0,0,v
2014-01-31 16:24,6.331,0.004,0,0,0,0,v
2014-01-31 16:30,6.339,0.006,0,0,0,0,v
2014-01-31 16:36,6.352,0.005,0,0,0,0,v
2014-01-31 16:42,6.376,0.005,0,0,0,0,v
2014-01-31 16:48,6.376,0.005,0,0,0,0,v
2014-01-31 16:54,6.370,0.006,0,0,0,0,v
2014-01-31 17:00,6.375,0.008,0,0,0,0,v
2014-01-31 17:06,6.375,0.006,0,0,0,0,v
2014-01-31 17:12,6.406,0.005,0,0,0,0,v
2014-01-31 17:18,6.396,0.005,0,0,0,0,v
2014-01-31 17:24,6.424,0.005,0,0,0,0,v
2014-01-31 17:30,6.435,0.006,0,0,0,0,v
2014-01-31 17:36,6.446,0.005,0,0,0,0,v
2014-01-31 17:42,6.460,0.005,0,0,0,0,v
2014-01-31 17:48,6.468,0.005,0,0,0,0,v
2014-01-31 17:54,6.476,0.006,0,0,0,0,v
2014-01-31 18:00,6.461,0.006,0,0,0,0,v
2014-01-31 18:06,6.473,0.007,0,0,0,0,v
2014-01-31 18:12,6.474,0.007,0,0,0,0,v
2014-01-31 18:18,6.506,0.004,0,0,0,0,v
2014-01-31 18:24,6.513,0.005,0,0,0,0,v
2014-01-31 18:30,6.531,0.007,0,0,0,0,v
2014-01-31 18:36,6.526,0.006,0,0,0,0,v
2014-01-31 18:42,6.527,0.005,0,0,0,0,v
2014-01-31 18:48,6.524,0.007,0,0,0,0,v
2014-01-31 18:54,6.542,0.004,0,0,0,0,v
2014-01-31 19:00,6.583,0.004,0,0,0,0,v
2014-01-31 19:06,6.593,0.007,0,0,0,0,v
2014-01-31 19:12,6.612,0.005,0,0,0,0,v
2014-01-31 19:18,6.615,0.005,0,0,0,0,v
2014-01-31 19:24,6.636,0.007,0,0,0,0,v
2014-01-31 19:30,6.654,0.007,0,0,0,0,v
2014-01-31 19:36,6.659,0.008,0,0,0,0,v
2014-01-31 19:42,6.663,0.005,0,0,0,0,v
2014-01-31 19:48,6.674,0.005,0,0,0,0,v
2014-01-31 19:54,6.706,0.005,0,0,0,0,v
2014-01-31 20:00,6.712,0.007,0,0,0,0,v
2014-01-31 20:06,6.717,0.005,0,0,0,0,v
2014-01-31 20:12,6.706,0.005,0,0,0,0,v
2014-01-31 20:18,6.729,0.008,0,0,0,0,v
2014-01-31 20:24,6.763,0.005,0,0,0,0,v
2014-01-31 20:30,6.758,0.007,0,0,0,0,v
2014-01-31 20:36,6.753,0.006,0,0,0,0,v
2014-01-31 20:42,6.768,0.008,0,0,0,0,v
2014-01-31 20:48,6.783,0.004,0,0,0,0,v
2014-01-31 20:54,6.787,0.009,0,0,0,0,v
2014-01-31 21:00,6.807,0.005,0,0,0,0,v
2014-01-31 21:06,6.810,0.005,0,0,0,0,v
2014-01-31 21:12,6.819,0.005,0,0,0,0,v
2014-01-31 21:18,6.821,0.005,0,0,0,0,v
2014-01-31 21:24,6.834,0.005,0,0,0,0,v
2014-01-31 21:30,6.843,0.006,0,0,0,0,v
2014-01-31 21:36,6.847,0.005,0,0,0,0,v
2014-01-31 21:42,6.848,0.005,0,0,0,0,v
2014-01-31 21:48,6.850,0.006,0,0,0,0,v
2014-01-31 21:54,6.860,0.006,0,0,0,0,v
2014-01-31 22:00,6.849,0.004,0,0,0,0,v
2014-01-31 22:06,6.839,0.007,0,0,0,0,v
2014-01-31 22:12,6.855,0.005,0,0,0,0,v
2014-01-31 22:18,6.844,0.007,0,0,0,0,v
2014-01-31 22:24,6.810,0.005,0,0,0,0,v
2014-01-31 22:30,6.809,0.006,0,0,0,0,v
2014-01-31 22:36,6.831,0.005,0,0,0,0,v
2014-01-31 22:42,6.830,0.006,0,0,0,0,v
2014-01-31 22:48,6.837,0.005,0,0,0,0,v
2014-01-31 22:54,6.839,0.005,0,0,0,0,v
2014-01-31 23:00,6.826,0.009,0,0,0,0,v
2014-01-31 23:06,6.819,0.007,0,0,0,0,v
2014-01-31 23:12,6.809,0.004,0,0,0,0,v
2014-01-31 23:18,6.826,0.005,0,0,0,0,v
2014-01-31 23:24,6.825,0.007,0,0,0,0,v
2014-01-31 23:30,6.828,0.007,0,0,0,0,v
2014-01-31 23:36,6.830,0.005,0,0,0,0,v
2014-01-31 23:42,6.830,0.006,0,0,0,0,v
2014-01-31 23:48,6.820,0.007,0,0,0,0,v
2014-01-31 23:54,6.838,0.006,0,0,0,0,v
2014-02-01 00:00,6.838,0.005,0,0,0,0,v
2014-02-01 00:06,6.839,0.009,0,0,0,0,v
2014-02-01 00:12,6.825,0.010,0,0,0,0,v
2014-02-01 00:18,6.812,0.006,0,0,0,0,v
2014-02-01 00:24,6.821,0.006,0,0,0,0,v
2014-02-01 00:30,6.828,0.006,0,0,0,0,v
2014-02-01 00:36,6.821,0.006,0,0,0,0,v
2014-02-01 00:42,6.814,0.005,0,0,0,0,v
2014-02-01 00:48,6.804,0.005,0,0,0,0,v
2014-02-01 00:54,6.806,0.010,0,0,0,0,v
2014-02-01 01:00,6.812,0.005,0,0,0,0,v
2014-02-01 01:06,6.811,0.008,0,0,0,0,v
2014-02-01 01:12,6.819,0.006,0,0,0,0,v
2014-02-01 01:18,6.804,0.009,0,0,0,0,v
2014-02-01 01:24,6.800,0.005,0,0,0,0,v
2014-02-01 01:30,6.779,0.005,0,0,0,0,v
2014-02-01 01:36,6.763,0.006,0,0,0,0,v
2014-02-01 01:42,6.760,0.006,0,0,0,0,v
2014-02-01 01:48,6.767,0.005,0,0,0,0,v
2014-02-01 01:54,6.769,0.007,0,0,0,0,v
2014-02-01 02:00,6.772,0.006,0,0,0,0,v
2014-02-01 02:06,6.750,0.007,0,0,0,0,v
2014-02-01 02:12,6.754,0.007,0,0,0,0,v
2014-02-01 02:18,6.744,0.008,0,0,0,0,v
2014-02-01 02:24,6.753,0.006,0,0,0,0,v
2014-02-01 02:30,6.747,0.007,0,0,0,0,v
2014-02-01 02:36,6.751,0.004,0,0,0,0,v
2014-02-01 02:42,6.753,0.007,0,0,0,0,v
2014-02-01 02:48,6.744,0.010,0,0,0,0,v
2014-02-01 02:54,6.731,0.007,0,0,0,0,v
2014-02-01 03:00,6.746,0.006,0,0,0,0,v
2014-02-01 03:06,6.741,0.006,0,0,0,0,v
2014-02-01 03:12,6.742,0.007,0,0,0,0,v
2014-02-01 03:18,6.742,0.006,0,0,0,0,v
2014-02-01 03:24,6.727,0.006,0,0,0,0,v
2014-02-01 03:30,6.730,0.005,0,0,0,0,v
2014-02-01 03:36,6.741,0.009,0,0,0,0,v
2014-02-01 03:42,6.738,0.008,0,0,0,0,v
2014-02-01 03:48,6.751,0.007,0,0,0,0,v
2014-02-01 03:54,6.748,0.006,0,0,0,0,v
2014-02-01 04:00,6.740,0.006,0,0,0,0,v
2014-02-01 04:06,6.732,0.007,0,0,0,0,v
2014-02-01 04:12,6.728,0.005,0,0,0,0,v
2014-02-01 04:18,6.713,0.007,0,0,0,0,v
2014-02-01 04:24,6.722,0.006,0,0,0,0,v
2014-02-01 04:30,6.720,0.006,0,0,0,0,v
2014-02-01 04:36,6.729,0.008,0,0,0,0,v
2014-02-01 04:42,6.729,0.006,0,0,0,0,v
2014-02-01 04:48,6.727,0.007,0,0,0,0,v
2014-02-01 04:54,6.742,0.005,0,0,0,0,v
2014-02-01 05:00,6.732,0.008,0,0,0,0,v
2014-02-01 05:06,6.736,0.007,0,0,0,0,v
2014-02-01 05:12,6.745,0.007,0,0,0,0,v
2014-02-01 05:18,6.737,0.008,0,0,0,0,v
2014-02-01 05:24,6.737,0.006,0,0,0,0,v
2014-02-01 05:30,6.732,0.007,0,0,0,0,v
2014-02-01 05:36,6.744,0.007,0,0,0,0,v
2014-02-01 05:42,6.745,0.008,0,0,0,0,v
2014-02-01 05:48,6.751,0.007,0,0,0,0,v
2014-02-01 05:54,6.752,0.004,0,0,0,0,v
2014-02-01 06:00,6.760,0.010,0,0,0,0,v
2014-02-01 06:06,6.757,0.006,0,0,0,0,v
2014-02-01 06:12,6.771,0.005,0,0,0,0,v
2014-02-01 06:18,6.779,0.011,0,0,0,0,v
2014-02-01 06:24,6.773,0.006,0,0,0,0,v
2014-02-01 06:30,6.773,0.007,0,0,0,0,v
2014-02-01 06:36,6.770,0.008,0,0,0,0,v
2014-02-01 06:42,6.775,0.006,0,0,0,0,v
2014-02-01 06:48,6.766,0.008,0,0,0,0,v
2014-02-01 06:54,6.779,0.008,0,0,0,0,v
2014-02-01 07:00,6.792,0.006,0,0,0,0,v
2014-02-01 07:06,6.790,0.010,0,0,0,0,v
2014-02-01 07:12,6.790,0.007,0,0,0,0,v
2014-02-01 07:18,6.805,0.006,0,0,0,0,v
2014-02-01 07:24,6.802,0.009,0,0,0,0,v
2014-02-01 07:30,6.803,0.010,0,0,0,0,v
2014-02-01 07:36,6.802,0.005,0,0,0,0,v
2014-02-01 07:42,6.819,0.008,0,0,0,0,v
2014-02-01 07:48,6.822,0.006,0,0,0,0,v
2014-02-01 07:54,6.818,0.008,0,0,0,0,v
2014-02-01 08:00,6.837,0.008,0,0,0,0,v
2014-02-01 08:06,6.833,0.007,0,0,0,0,v
2014-02-01 08:12,6.829,0.006,0,0,0,0,v
2014-02-01 08:18,6.830,0.010,0,0,0,0,v
2014-02-01 08:24,6.842,0.005,0,0,0,0,v
2014-02-01 08:30,6.837,0.010,0,0,0,0,v
2014-02-01 08:36,6.818,0.007,0,0,0,0,v
2014-02-01 08:42,6.819,0.007,0,0,0,0,v
2014-02-01 08:48,6.833,0.006,0,0,0,0,v
2014-02-01 08:54,6.826,0.010,0,0,0,0,v
2014-02-01 09:00,6.816,0.008,0,0,0,0,v
2014-02-01 09:06,6.808,0.009,0,0,0,0,v
2014-02-01 09:12,6.793,0.007,0,0,0,0,v
2014-02-01 09:18,6.790,0.009,0,0,0,0,v
2014-02-01 09:24,6.787,0.005,0,0,0,0,v
2014-02-01 09:30,6.782,0.006,0,0,0,0,v
2014-02-01 09:36,6.776,0.008,0,0,0,0,v
2014-02-01 09:42,6.774,0.011,0,0,0,0,v
2014-02-01 09:48,6.764,0.009,0,0,0,0,v
2014-02-01 09:54,6.760,0.011,0,0,0,0,v
2014-02-01 10:00,6.732,0.009,0,0,0,0,v
2014-02-01 10:06,6.729,0.008,0,0,0,0,v
2014-02-01 10:12,6.736,0.007,0,0,0,0,v
2014-02-01 10:18,6.732,0.007,0,0,0,0,v
2014-02-01 10:24,6.720,0.012,0,0,0,0,v
2014-02-01 10:30,6.698,0.007,0,0,0,0,v
2014-02-01 10:36,6.709,0.006,0,0,0,0,v
2014-02-01 10:42,6.694,0.008,0,0,0,0,v
2014-02-01 10:48,6.691,0.009,0,0,0,0,v
2014-02-01 10:54,6.679,0.009,0,0,0,0,v
2014-02-01 11:00,6.678,0.007,0,0,0,0,v
2014-02-01 11:06,6.656,0.011,0,0,0,0,v
2014-02-01 11:12,6.661,0.010,0,0,0,0,v
2014-02-01 11:18,6.653,0.006,0,0,0,0,v
2014-02-01 11:24,6.647,0.007,0,0,0,0,v
2014-02-01 11:30,6.650,0.012,0,0,0,0,v
2014-02-01 11:36,6.633,0.011,0,0,0,0,v
2014-02-01 11:42,6.624,0.007,0,0,0,0,v
2014-02-01 11:48,6.610,0.008,0,0,0,0,v
2014-02-01 11:54,6.595,0.007,0,0,0,0,v
2014-02-01 12:00,6.588,0.008,0,0,0,0,v
2014-02-01 12:06,6.576,0.008,0,0,0,0,v
2014-02-01 12:12,6.566,0.007,0,0,0,0,v
2014-02-01 12:18,6.555,0.009,0,0,0,0,v
2014-02-01 12:24,6.559,0.009,0,0,0,0,v
2014-02-01 12:30,6.549,0.011,0,0,0,0,v
2014-02-01 12:36,6.529,0.008,0,0,0,0,v
2014-02-01 12:42,6.514,0.008,0,0,0,0,v
2014-02-01 12:48,6.529,0.009,0,0,0,0,v
2014-02-01 12:54,6.516,0.012,0,0,0,0,v
2014-02-01 13:00,6.496,0.006,0,0,0,0,v
2014-02-01 13:06,6.503,0.010,0,0,0,0,v
2014-02-01 13:12,6.489,0.010,0,0,0,0,v
2014-02-01 13:18,6.469,0.013,0,0,0,0,v
2014-02-01 13:24,6.465,0.008,0,0,0,0,v
2014-02-01 13:30,6.443,0.012,0,0,0,0,v
2014-02-01 13:36,6.442,0.007,0,0,0,0,v
2014-02-01 13:42,6.429,0.012,0,0,0,0,v
2014-02-01 13:48,6.422,0.006,0,0,0,0,v
2014-02-01 13:54,6.398,0.010,0,0,0,0,v
2014-02-01 14:00,6.399,0.007,0,0,0,0,v
2014-02-01 14:06,6.392,0.011,0,0,0,0,v
2014-02-01 14:12,6.399,0.009,0,0,0,0,v
2014-02-01 14:18,6.386,0.007,0,0,0,0,v
2014-02-01 14:24,6.377,0.009,0,0,0,0,v
2014-02-01 14:30,6.378,0.010,0,0,0,0,v
2014-02-01 14:36,6.391,0.009,0,0,0,0,v
2014-02-01 14:42,6.382,0.007,0,0,0,0,v
2014-02-01 14:48,6.372,0.008,0,0,0,0,v
2014-02-01 14:54,6.363,0.008,0,0,0,0,v
2014-02-01 15:00,6.344,0.008,0,0,0,0,v
2014-02-01 15:06,6.343,0.007,0,0,0,0,v
2014-02-01 15:12,6.341,0.012,0,0,0,0,v
2014-02-01 15:18,6.330,0.008,0,0,0,0,v
2014-02-01 15:24,6.327,0.010,0,0,0,0,v
2014-02-01 15:30,6.327,0.012,0,0,0,0,v
2014-02-01 15:36,6.331,0.008,0,0,0,0,v
2014-02-01 15:42,6.325,0.007,0,0,0,0,v
2014-02-01 15:48,6.297,0.010,0,0,0,0,v
2014-02-01 15:54,6.310,0.009,0,0,0,0,v
2014-02-01 16:00,6.332,0.010,0,0,0,0,v
2014-02-01 16:06,6.326,0.008,0,0,0,0,v
2014-02-01 16:12,6.327,0.010,0,0,0,0,v
2014-02-01 16:18,6.305,0.012,0,0,0,0,v
2014-02-01 16:24,6.315,0.014,0,0,0,0,v
2014-02-01 16:30,6.322,0.007,0,0,0,0,v
2014-02-01 16:36,6.348,0.009,0,0,0,0,v
2014-02-01 16:42,6.329,0.008,0,0,0,0,v
2014-02-01 16:48,6.328,0.011,0,0,0,0,v
2014-02-01 16:54,6.310,0.012,0,0,0,0,v
2014-02-01 17:00,6.327,0.007,0,0,0,0,v
2014-02-01 17:06,6.324,0.009,0,0,0,0,v
2014-02-01 17:12,6.335,0.006,0,0,0,0,v
2014-02-01 17:18,6.313,0.008,0,0,0,0,v
2014-02-01 17:24,6.321,0.010,0,0,0,0,v
2014-02-01 17:30,6.349,0.011,0,0,0,0,v
2014-02-01 17:36,6.364,0.010,0,0,0,0,v
2014-02-01 17:42,6.383,0.007,0,0,0,0,v
2014-02-01 17:48,6.382,0.008,0,0,0,0,v
2014-02-01 17:54,6.375,0.010,0,0,0,0,v
2014-02-01 18:00,6.387,0.013,0,0,0,0,v
2014-02-01 18:06,6.374,0.013,0,0,0,0,v
2014-02-01 18:12,6.410,0.009,0,0,0,0,v
2014-02-01 18:18,6.419,0.010,0,0,0,0,v
2014-02-01 18:24,6.406,0.011,0,0,0,0,v
2014-02-01 18:30,6.426,0.006,0,0,0,0,v
2014-02-01 18:36,6.448,0.011,0,0,0,0,v
2014-02-01 18:42,6.439,0.012,0,0,0,0,v
2014-02-01 18:48,6.417,0.008,0,0,0,0,v
2014-02-01 18:54,6.448,0.011,0,0,0,0,v
2014-02-01 19:00,6.493,0.008,0,0,0,0,v
2014-02-01 19:06,6.502,0.010,0,0,0,0,v
2014-02-01 19:12,6.499,0.012,0,0,0,0,v
2014-02-01 19:18,6.495,0.007,0,0,0,0,v
2014-02-01 19:24,6.502,0.011,0,0,0,0,v
2014-02-01 19:30,6.532,0.009,0,0,0,0,v
2014-02-01 19:36,6.548,0.011,0,0,0,0,v
2014-02-01 19:42,6.537,0.007,0,0,0,0,v
2014-02-01 19:48,6.554,0.010,0,0,0,0,v
2014-02-01 19:54,6.572,0.008,0,0,0,0,v
2014-02-01 20:00,6.577,0.009,0,0,0,0,v
2014-02-01 20:06,6.603,0.012,0,0,0,0,v
2014-02-01 20:12,6.617,0.008,0,0,0,0,v
2014-02-01 20:18,6.641,0.013,0,0,0,0,v
2014-02-01 20:24,6.645,0.008,0,0,0,0,v
2014-02-01 20:30,6.637,0.008,0,0,0,0,v
2014-02-01 20:36,6.623,0.010,0,0,0,0,v
2014-02-01 20:42,6.651,0.007,0,0,0,0,v
2014-02-01 20:48,6.652,0.007,0,0,0,0,v
2014-02-01 20:54,6.672,0.010,0,0,0,0,v
2014-02-01 21:00,6.694,0.012,0,0,0,0,v
2014-02-01 21:06,6.697,0.013,0,0,0,0,v
2014-02-01 21:12,6.700,0.011,0,0,0,0,v
2014-02-01 21:18,6.727,0.009,0,0,0,0,v
2014-02-01 21:24,6.724,0.009,0,0,0,0,v
2014-02-01 21:30,6.717,0.012,0,0,0,0,v
2014-02-01 21:36,6.717,0.011,0,0,0,0,v
2014-02-01 21:42,6.759,0.006,0,0,0,0,v
2014-02-01 21:48,6.755,0.012,0,0,0,0,v
2014-02-01 21:54,6.756,0.008,0,0,0,0,v
2014-02-01 22:00,6.760,0.008,0,0,0,0,v
2014-02-01 22:06,6.761,0.012,0,0,0,0,v
2014-02-01 22:12,6.798,0.007,0,0,0,0,v
2014-02-01 22:18,6.769,0.008,0,0,0,0,v
2014-02-01 22:24,6.780,0.012,0,0,0,0,v
2014-02-01 22:30,6.799,0.012,0,0,0,0,v
2014-02-01 22:36,6.789,0.012,0,0,0,0,v
2014-02-01 22:42,6.795,0.008,0,0,0,0,v
2014-02-01 22:48,6.789,0.009,0,0,0,0,v
2014-02-01 22:54,6.796,0.009,0,0,0,0,v
2014-02-01 23:00,6.776,0.010,0,0,0,0,v
2014-02-01 23:06,6.790,0.010,0,0,0,0,v
2014-02-01 23:12,6.750,0.010,0,0,0,0,v
2014-02-01 23:18,6.804,0.011,0,0,0,0,v
2014-02-01 23:24,6.765,0.007,0,0,0,0,v
2014-02-01 23:30,6.797,0.005,0,0,0,0,v
2014-02-01 23:36,6.774,0.014,0,0,0,0,v
2014-02-01 23:42,6.769,0.007,0,0,0,0,v
2014-02-01 23:48,6.800,0.008,0,0,0,0,v
2014-02-01 23:54,6.824,0.008,0,0,0,0,v
2014-02-02 00:00,6.808,0.012,0,0,0,0,v
2014-02-02 00:06,6.805,0.013,0,0,0,0,v
2014-02-02 00:12,6.782,0.013,0,0,0,0,v
2014-02-02 00:18,6.808,0.006,0,0,0,0,v
2014-02-02 00:24,6.784,0.008,0,0,0,0,v
2014-02-02 00:30,6.761,0.014,0,0,0,0,v
2014-02-02 00:36,6.762,0.012,0,0,0,0,v
2014-02-02 00:42,6.734,0.009,0,0,0,0,v
2014-02-02 00:48,6.746,0.007,0,0,0,0,v
2014-02-02 00:54,6.741,0.010,0,0,0,0,v
2014-02-02 01:00,6.738,0.009,0,0,0,0,v
2014-02-02 01:06,6.696,0.011,0,0,0,0,v
2014-02-02 01:12,6.689,0.009,0,0,0,0,v
2014-02-02 01:18,6.715,0.013,0,0,0,0,v
2014-02-02 01:24,6.714,0.007,0,0,0,0,v
2014-02-02 01:30,6.732,0.013,0,0,0,0,v
2014-02-02 01:36,6.717,0.016,0,0,0,0,v
2014-02-02 01:42,6.722,0.009,0,0,0,0,v
2014-02-02 01:48,6.729,0.007,0,0,0,0,v
2014-02-02 01:54,6.713,0.008,0,0,0,0,v
2014-02-02 02:00,6.687,0.006,0,0,0,0,v
2014-02-02 02:06,6.686,0.008,0,0,0,0,v
2014-02-02 02:12,6.674,0.007,0,0,0,0,v
2014-02-02 02:18,6.673,0.009,0,0,0,0,v
2014-02-02 02:24,6.696,0.011,0,0,0,0,v
2014-02-02 02:30,6.693,0.006,0,0,0,0,v
2014-02-02 02:36,6.672,0.007,0,0,0,0,v
2014-02-02 02:42,6.656,0.009,0,0,0,0,v
2014-02-02 02:48,6.669,0.011,0,0,0,0,v
2014-02-02 02:54,6.668,0.008,0,0,0,0,v
2014-02-02 03:00,6.656,0.007,0,0,0,0,v
2014-02-02 03:06,6.642,0.008,0,0,0,0,v
2014-02-02 03:12,6.674,0.009,0,0,0,0,v
2014-02-02 03:18,6.656,0.009,0,0,0,0,v
2014-02-02 03:24,6.654,0.009,0,0,0,0,v
2014-02-02 03:30,6.673,0.008,0,0,0,0,v
2014-02-02 03:36,6.639,0.010,0,0,0,0,v
2014-02-02 03:42,6.648,0.011,0,0,0,0,v
2014-02-02 03:48,6.629,0.011,0,0,0,0,v
2014-02-02 03:54,6.639,0.009,0,0,0,0,v
2014-02-02 04:00,6.640,0.009,0,0,0,0,v
2014-02-02 04:06,6.668,0.009,0,0,0,0,v
2014-02-02 04:12,6.679,0.006,0,0,0,0,v
2014-02-02 04:18,6.659,0.012,0,0,0,0,v
2014-02-02 04:24,6.648,0.008,0,0,0,0,v
2014-02-02 04:30,6.639,0.011,0,0,0,0,v
2014-02-02 04:36,6.653,0.009,0,0,0,0,v
2014-02-02 04:42,6.630,0.009,0,0,0,0,v
2014-02-02 04:48,6.658,0.011,0,0,0,0,v
2014-02-02 04:54,6.642,0.016,0,0,0,0,v
2014-02-02 05:00,6.619,0.014,0,0,0,0,v
2014-02-02 05:06,6.640,0.008,0,0,0,0,v
2014-02-02 05:12,6.666,0.011,0,0,0,0,v
2014-02-02 05:18,6.630,0.009,0,0,0,0,v
2014-02-02 05:24,6.654,0.009,0,0,0,0,v
2014-02-02 05:30,6.654,0.011,0,0,0,0,v
2014-02-02 05:36,6.647,0.007,0,0,0,0,v
2014-02-02 05:42,6.641,0.009,0,0,0,0,v
2014-02-02 05:48,6.641,0.008,0,0,0,0,v
2014-02-02 05:54,6.643,0.008,0,0,0,0,v
2014-02-02 06:00,6.660,0.008,0,0,0,0,v
2014-02-02 06:06,6.652,0.009,0,0,0,0,v
2014-02-02 06:12,6.640,0.008,0,0,0,0,v
2014-02-02 06:18,6.636,0.009,0,0,0,0,v
2014-02-02 06:24,6.656,0.010,0,0,0,0,v
2014-02-02 06:30,6.657,0.004,0,0,0,0,v
2014-02-02 06:36,6.647,0.005,0,0,0,0,v
2014-02-02 06:42,6.669,0.012,0,0,0,0,v
2014-02-02 06:48,6.656,0.008,0,0,0,0,v
2014-02-02 06:54,6.658,0.005,0,0,0,0,v
2014-02-02 07:00,6.686,0.013,0,0,0,0,v
2014-02-02 07:06,6.661,0.014,0,0,0,0,v
2014-02-02 07:12,6.698,0.005,0,0,0,0,v
2014-02-02 07:18,6.716,0.008,0,0,0,0,v
2014-02-02 07:24,6.712,0.007,0,0,0,0,v
2014-02-02 07:30,6.698,0.007,0,0,0,0,v
2014-02-02 07:36,6.712,0.012,0,0,0,0,v
2014-02-02 07:42,6.733,0.005,0,0,0,0,v
2014-02-02 07:48,6.721,0.012,0,0,0,0,v
2014-02-02 07:54,6.704,0.005,0,0,0,0,v
2014-02-02 08:00,6.716,0.007,0,0,0,0,v
2014-02-02 08:06,6.724,0.008,0,0,0,0,v
2014-02-02 08:12,6.732,0.010,0,0,0,0,v
2014-02-02 08:18,6.721,0.007,0,0,0,0,v
2014-02-02 08:24,6.752,0.008,0,0,0,0,v
2014-02-02 08:30,6.755,0.006,0,0,0,0,v
2014-02-02 08:36,6.761,0.008,0,0,0,0,v
2014-02-02 08:42,6.759,0.007,0,0,0,0,v
2014-02-02 08:48,6.778,0.013,0,0,0,0,v
2014-02-02 08:54,6.786,0.008,0,0,0,0,v
2014-02-02 09:00,6.770,0.006,0,0,0,0,v
2014-02-02 09:06,6.784,0.008,0,0,0,0,v
2014-02-02 09:12,6.797,0.007,0,0,0,0,v
2014-02-02 09:18,6.796,0.004,0,0,0,0,v
2014-02-02 09:24,6.801,0.008,0,0,0,0,v
2014-02-02 09:30,6.779,0.007,0,0,0,0,v
2014-02-02 09:36,6.806,0.006,0,0,0,0,v
2014-02-02 09:42,6.804,0.005,0,0,0,0,v
2014-02-02 09:48,6.801,0.005,0,0,0,0,v
2014-02-02 09:54,6.794,0.005,0,0,0,0,v
2014-02-02 10:00,6.780,0.009,0,0,0,0,v
2014-02-02 10:06,6.758,0.006,0,0,0,0,v
2014-02-02 10:12,6.780,0.004,0,0,0,0,v
2014-02-02 10:18,6.783,0.004,0,0,0,0,v
2014-02-02 10:24,6.777,0.006,0,0,0,0,v
2014-02-02 10:30,6.773,0.005,0,0,0,0,v
2014-02-02 10:36,6.774,0.006,0,0,0,0,v
2014-02-02 10:42,6.771,0.006,0,0,0,0,v
2014-02-02 10:48,6.754,0.007,0,0,0,0,v
2014-02-02 10:54,6.746,0.007,0,0,0,0,v
2014-02-02 11:00,6.753,0.005,0,0,0,0,v
2014-02-02 11:06,6.739,0.007,0,0,0,0,v
2014-02-02 11:12,6.729,0.006,0,0,0,0,v
2014-02-02 11:18,6.732,0.004,0,0,0,0,v
2014-02-02 11:24,6.705,0.006,0,0,0,0,v
2014-02-02 11:30,6.681,0.004,0,0,0,0,v
2014-02-02 11:36,6.698,0.005,0,0,0,0,v
2014-02-02 11:42,6.684,0.007,0,0,0,0,v
2014-02-02 11:48,6.689,0.005,0,0,0,0,v
2014-02-02 11:54,6.682,0.005,0,0,0,0,v
2014-02-02 12:00,6.670,0.005,0,0,0,0,v
2014-02-02 12:06,6.666,0.006,0,0,0,0,v
2014-02-02 12:12,6.655,0.006,0,0,0,0,v
2014-02-02 12:18,6.642,0.004,0,0,0,0,v
2014-02-02 12:24,6.639,0.005,0,0,0,0,v
2014-02-02 12:30,6.632,0.007,0,0,0,0,v
2014-02-02 12:36,6.616,0.005,0,0,0,0,v
2014-02-02 12:42,6.612,0.009,0,0,0,0,v
2014-02-02 12:48,6.599,0.006,0,0,0,0,v
2014-02-02 12:54,6.608,0.005,0,0,0,0,v
2014-02-02 13:00,6.606,0.005,0,0,0,0,v
2014-02-02 13:06,6.585,0.008,0,0,0,0,v
2014-02-02 13:12,6.584,0.004,0,0,0,0,v
2014-02-02 13:18,6.580,0.005,0,0,0,0,v
2014-02-02 13:24,6.546,0.006,0,0,0,0,v
2014-02-02 13:30,6.548,0.005,0,0,0,0,v
2014-02-02 13:36,6.542,0.006,0,0,0,0,v
2014-02-02 13:42,6.550,0.004,0,0,0,0,v
2014-02-02 13:48,6.540,0.006,0,0,0,0,v
2014-02-02 13:54,6.536,0.004,0,0,0,0,v
2014-02-02 14:00,6.539,0.006,0,0,0,0,v
2014-02-02 14:06,6.519,0.005,0,0,0,0,v
2014-02-02 14:12,6.521,0.004,0,0,0,0,v
2014-02-02 14:18,6.515,0.004,0,0,0,0,v
2014-02-02 14:24,6.504,0.003,0,0,0,0,v
2014-02-02 14:30,6.495,0.004,0,0,0,0,v
2014-02-02 14:36,6.485,0.004,0,0,0,0,v
2014-02-02 14:42,6.484,0.005,0,0,0,0,v
2014-02-02 14:48,6.482,0.006,0,0,0,0,v
2014-02-02 14:54,6.471,0.005,0,0,0,0,v
2014-02-02 15:00,6.470,0.005,0,0,0,0,v
2014-02-02 15:06,6.465,0.005,0,0,0,0,v
2014-02-02 15:12,6.472,0.005,0,0,0,0,v
2014-02-02 15:18,6.456,0.005,0,0,0,0,v
2014-02-02 15:24,6.442,0.005,0,0,0,0,v
2014-02-02 15:30,6.432,0.005,0,0,0,0,v
2014-02-02 15:36,6.432,0.007,0,0,0,0,v
2014-02-02 15:42,6.439,0.005,0,0,0,0,v
2014-02-02 15:48,6.437,0.008,0,0,0,0,v
2014-02-02 15:54,6.419,0.004,0,0,0,0,v
2014-02-02 16:00,6.418,0.009,0,0,0,0,v
2014-02-02 16:06,6.422,0.006,0,0,0,0,v
2014-02-02 16:12,6.419,0.007,0,0,0,0,v
2014-02-02 16:18,6.416,0.009,0,0,0,0,v
2014-02-02 16:24,6.422,0.007,0,0,0,0,v
2014-02-02 16:30,6.406,0.007,0,0,0,0,v
2014-02-02 16:36,6.401,0.008,0,0,0,0,v
2014-02-02 16:42,6.401,0.009,0,0,0,0,v
2014-02-02 16:48,6.409,0.006,0,0,0,0,v
2014-02-02 16:54,6.403,0.005,0,0,0,0,v
2014-02-02 17:00,6.413,0.006,0,0,0,0,v
2014-02-02 17:06,6.400,0.007,0,0,0,0,v
2014-02-02 17:12,6.404,0.006,0,0,0,0,v
2014-02-02 17:18,6.396,0.007,0,0,0,0,v
2014-02-02 17:24,6.414,0.006,0,0,0,0,v
2014-02-02 17:30,6.401,0.005,0,0,0,0,v
2014-02-02 17:36,6.406,0.007,0,0,0,0,v
2014-02-02 17:42,6.416,0.008,0,0,0,0,v
2014-02-02 17:48,6.393,0.005,0,0,0,0,v
2014-02-02 17:54,6.388,0.011,0,0,0,0,v
2014-02-02 18:00,6.383,0.006,0,0,0,0,v
2014-02-02 18:06,6.401,0.009,0,0,0,0,v
2014-02-02 18:12,6.391,0.008,0,0,0,0,v
2014-02-02 18:18,6.410,0.006,0,0,0,0,v
2014-02-02 18:24,6.425,0.008,0,0,0,0,v
2014-02-02 18:30,6.453,0.006,0,0,0,0,v
2014-02-02 18:36,6.460,0.006,0,0,0,0,v
2014-02-02 18:42,6.443,0.008,0,0,0,0,v
2014-02-02 18:48,6.459,0.007,0,0,0,0,v
2014-02-02 18:54,6.458,0.007,0,0,0,0,v
2014-02-02 19:00,6.476,0.006,0,0,0,0,v
2014-02-02 19:06,6.478,0.007,0,0,0,0,v
2014-02-02 19:12,6.496,0.006,0,0,0,0,v
2014-02-02 19:18,6.494,0.006,0,0,0,0,v
2014-02-02 19:24,6.483,0.007,0,0,0,0,v
2014-02-02 19:30,6.494,0.004,0,0,0,0,v
2014-02-02 19:36,6.502,0.005,0,0,0,0,v
2014-02-02 19:42,6.508,0.005,0,0,0,0,v
2014-02-02 19:48,6.502,0.005,0,0,0,0,v
2014-02-02 19:54,6.493,0.005,0,0,0,0,v
2014-02-02 20:00,6.495,0.007,0,0,0,0,v
2014-02-02 20:06,6.503,0.005,0,0,0,0,v
2014-02-02 20:12,6.495,0.006,0,0,0,0,v
2014-02-02 20:18,6.508,0.003,0,0,0,0,v
2014-02-02 20:24,6.523,0.008,0,0,0,0,v
2014-02-02 20:30,6.520,0.005,0,0,0,0,v
2014-02-02 20:36,6.530,0.005,0,0,0,0,v
2014-02-02 20:42,6.537,0.004,0,0,0,0,v
2014-02-02 20:48,6.543,0.005,0,0,0,0,v
2014-02-02 20:54,6.553,0.006,0,0,0,0,v
2014-02-02 21:00,6.575,0.004,0,0,0,0,v
2014-02-02 21:06,6.568,0.009,0,0,0,0,v
2014-02-02 21:12,6.566,0.006,0,0,0,0,v
2014-02-02 21:18,6.579,0.006,0,0,0,0,v
2014-02-02 21:24,6.578,0.008,0,0,0,0,v
2014-02-02 21:30,6.567,0.005,0,0,0,0,v
2014-02-02 21:36,6.571,0.006,0,0,0,0,v
2014-02-02 21:42,6.601,0.005,0,0,0,0,v
2014-02-02 21:48,6.595,0.004,0,0,0,0,v
2014-02-02 21:54,6.606,0.006,0,0,0,0,v
2014-02-02 22:00,6.614,0.005,0,0,0,0,v
2014-02-02 22:06,6.620,0.006,0,0,0,0,v
2014-02-02 22:12,6.645,0.004,0,0,0,0,v
2014-02-02 22:18,6.636,0.004,0,0,0,0,v
2014-02-02 22:24,6.648,0.005,0,0,0,0,v
2014-02-02 22:30,6.657,0.005,0,0,0,0,v
2014-02-02 22:36,6.665,0.005,0,0,0,0,v
2014-02-02 22:42,6.651,0.007,0,0,0,0,v
2014-02-02 22:48,6.639,0.007,0,0,0,0,v
2014-02-02 22:54,6.631,0.004,0,0,0,0,v
2014-02-02 23:00,6.636,0.007,0,0,0,0,v
2014-02-02 23:06,6.649,0.006,0,0,0,0,v
2014-02-02 23:12,6.641,0.005,0,0,0,0,v
2014-02-02 23:18,6.636,0.005,0,0,0,0,v
2014-02-02 23:24,6.640,0.008,0,0,0,0,v
2014-02-02 23:30,6.626,0.006,0,0,0,0,v
2014-02-02 23:36,6.632,0.006,0,0,0,0,v
2014-02-02 23:42,6.655,0.007,0,0,0,0,v
2014-02-02 23:48,6.648,0.006,0,0,0,0,v
2014-02-02 23:54,6.637,0.006,0,0,0,0,v
2014-02-03 00:00,6.656,0.003,0,0,0,0,v
2014-02-03 00:06,6.652,0.003,0,0,0,0,v
2014-02-03 00:12,6.654,0.007,0,0,0,0,v
2014-02-03 00:18,6.677,0.005,0,0,0,0,v
2014-02-03 00:24,6.673,0.004,0,0,0,0,v
2014-02-03 00:30,6.674,0.007,0,0,0,0,v
2014-02-03 00:36,6.701,0.006,0,0,0,0,v
2014-02-03 00:42,6.694,0.004,0,0,0,0,v
2014-02-03 00:48,6.694,0.004,0,0,0,0,v
2014-02-03 00:54,6.683,0.006,0,0,0,0,v
2014-02-03 01:00,6.675,0.010,0,0,0,0,v
2014-02-03 01:06,6.672,0.005,0,0,0,0,v
2014-02-03 01:12,6.671,0.005,0,0,0,0,v
2014-02-03 01:18,6.637,0.006,0,0,0,0,v
2014-02-03 01:24,6.668,0.005,0,0,0,0,v
2014-02-03 01:30,6.657,0.005,0,0,0,0,v
2014-02-03 01:36,6.653,0.005,0,0,0,0,v
2014-02-03 01:42,6.644,0.006,0,0,0,0,v
2014-02-03 01:48,6.636,0.005,0,0,0,0,v
2014-02-03 01:54,6.629,0.004,0,0,0,0,v
2014-02-03 02:00,6.611,0.003,0,0,0,0,v
2014-02-03 02:06,6.615,0.006,0,0,0,0,v
2014-02-03 02:12,6.613,0.006,0,0,0,0,v
2014-02-03 02:18,6.596,0.006,0,0,0,0,v
2014-02-03 02:24,6.587,0.004,0,0,0,0,v
2014-02-03 02:30,6.591,0.005,0,0,0,0,v
2014-02-03 02:36,6.583,0.004,0,0,0,0,v
2014-02-03 02:42,6.591,0.005,0,0,0,0,v
2014-02-03 02:48,6.580,0.006,0,0,0,0,v
2014-02-03 02:54,6.574,0.006,0,0,0,0,v
2014-02-03 03:00,6.575,0.006,0,0,0,0,v
2014-02-03 03:06,6.561,0.005,0,0,0,0,v
2014-02-03 03:12,6.569,0.008,0,0,0,0,v
2014-02-03 03:18,6.609,0.005,0,0,0,0,v
2014-02-03 03:24,6.583,0.004,0,0,0,0,v
2014-02-03 03:30,6.578,0.004,0,0,0,0,v
2014-02-03 03:36,6.583,0.008,0,0,0,0,v
2014-02-03 03:42,6.559,0.004,0,0,0,0,v
2014-02-03 03:48,6.564,0.006,0,0,0,0,v
2014-02-03 03:54,6.560,0.006,0,0,0,0,v
2014-02-03 04:00,6.552,0.003,0,0,0,0,v
2014-02-03 04:06,6.557,0.004,0,0,0,0,v
2014-02-03 04:12,6.581,0.005,0,0,0,0,v
2014-02-03 04:18,6.563,0.006,0,0,0,0,v
2014-02-03 04:24,6.546,0.005,0,0,0,0,v
2014-02-03 04:30,6.546,0.005,0,0,0,0,v
2014-02-03 04:36,6.551,0.004,0,0,0,0,v
2014-02-03 04:42,6.569,0.005,0,0,0,0,v
2014-02-03 04:48,6.565,0.007,0,0,0,0,v
2014-02-03 04:54,6.565,0.003,0,0,0,0,v
2014-02-03 05:00,6.541,0.005,0,0,0,0,v
2014-02-03 05:06,6.543,0.004,0,0,0,0,v
2014-02-03 05:12,6.542,0.004,0,0,0,0,v
2014-02-03 05:18,6.536,0.004,0,0,0,0,v
2014-02-03 05:24,6.538,0.003,0,0,0,0,v
2014-02-03 05:30,6.540,0.005,0,0,0,0,v
2014-02-03 05:36,6.520,0.004,0,0,0,0,v
2014-02-03 05:42,6.520,0.003,0,0,0,0,v
2014-02-03 05:48,6.515,0.005,0,0,0,0,v
2014-02-03 05:54,6.529,0.005,0,0,0,0,v
2014-02-03 06:00,6.512,0.006,0,0,0,0,v
2014-02-03 06:06,6.512,0.004,0,0,0,0,v
2014-02-03 06:12,6.509,0.004,0,0,0,0,v
2014-02-03 06:18,6.509,0.004,0,0,0,0,v
2014-02-03 06:24,6.508,0.003,0,0,0,0,v
2014-02-03 06:30,6.492,0.002,0,0,0,0,v
2014-02-03 06:36,6.515,0.006,0,0,0,0,v
2014-02-03 06:42,6.521,0.003,0,0,0,0,v
2014-02-03 06:48,6.544,0.003,0,0,0,0,v
2014-02-03 06:54,6.538,0.003,0,0,0,0,v
2014-02-03 07:00,6.546,0.006,0,0,0,0,v
2014-02-03 07:06,6.551,0.005,0,0,0,0,v
2014-02-03 07:12,6.541,0.004,0,0,0,0,v
2014-02-03 07:18,6.551,0.003,0,0,0,0,v
2014-02-03 07:24,6.534,0.004,0,0,0,0,v
2014-02-03 07:30,6.550,0.003,0,0,0,0,v
2014-02-03 07:36,6.561,0.004,0,0,0,0,v
2014-02-03 07:42,6.564,0.004,0,0,0,0,v
2014-02-03 07:48,6.574,0.004,0,0,0,0,v
2014-02-03 07:54,6.591,0.004,0,0,0,0,v
2014-02-03 08:00,6.597,0.003,0,0,0,0,v
2014-02-03 08:06,6.601,0.004,0,0,0,0,v
2014-02-03 08:12,6.603,0.003,0,0,0,0,v
2014-02-03 08:18,6.603,0.003,0,0,0,0,v
2014-02-03 08:24,6.634,0.004,0,0,0,0,v
2014-02-03 08:30,6.636,0.003,0,0,0,0,v
2014-02-03 08:36,6.639,0.004,0,0,0,0,v
2014-02-03 08:42,6.655,0.005,0,0,0,0,v
2014-02-03 08:48,6.658,0.002,0,0,0,0,v
2014-02-03 08:54,6.657,0.003,0,0,0,0,v
2014-02-03 09:00,6.659,0.005,0,0,0,0,v
2014-02-03 09:06,6.651,0.003,0,0,0,0,v
2014-02-03 09:12,6.652,0.003,0,0,0,0,v
2014-02-03 09:18,6.668,0.003,0,0,0,0,v
2014-02-03 09:24,6.667,0.006,0,0,0,0,v
2014-02-03 09:30,6.649,0.003,0,0,0,0,v
2014-02-03 09:36,6.665,0.005,0,0,0,0,v
2014-02-03 09:42,6.657,0.004,0,0,0,0,v
2014-02-03 09:48,6.662,0.004,0,0,0,0,v
2014-02-03 09:54,6.660,0.004,0,0,0,0,v
2014-02-03 10:00,6.658,0.005,0,0,0,0,v
2014-02-03 10:06,6.682,0.003,0,0,0,0,v
2014-02-03 10:12,6.671,0.004,0,0,0,0,v
2014-02-03 10:18,6.652,0.005,0,0,0,0,v
2014-02-03 10:24,6.678,0.002,0,0,0,0,v
2014-02-03 10:30,6.649,0.004,0,0,0,0,v
2014-02-03 10:36,6.661,0.003,0,0,0,0,v
2014-02-03 10:42,6.655,0.004,0,0,0,0,v
2014-02-03 10:48,6.655,0.007,0,0,0,0,v
2014-02-03 10:54,6.669,0.003,0,0,0,0,v
2014-02-03 11:00,6.692,0.002,0,0,0,0,v
2014-02-03 11:06,6.696,0.005,0,0,0,0,v
2014-02-03 11:12,6.680,0.002,0,0,0,0,v
2014-02-03 11:18,6.672,0.003,0,0,0,0,v
2014-02-03 11:24,6.682,0.004,0,0,0,0,v
2014-02-03 11:30,6.689,0.002,0,0,0,0,v
2014-02-03 11:36,6.693,0.003,0,0,0,0,v
2014-02-03 11:42,6.700,0.006,0,0,0,0,v
2014-02-03 11:48,6.680,0.004,0,0,0,0,v
2014-02-03 11:54,6.679,0.004,0,0,0,0,v
2014-02-03 12:00,6.678,0.003,0,0,0,0,v
2014-02-03 12:06,6.694,0.003,0,0,0,0,v
2014-02-03 12:12,6.667,0.003,0,0,0,0,v
2014-02-03 12:18,6.680,0.004,0,0,0,0,v
2014-02-03 12:24,6.691,0.006,0,0,0,0,v
2014-02-03 12:30,6.662,0.003,0,0,0,0,v
2014-02-03 12:36,6.657,0.007,0,0,0,0,v
2014-02-03 12:42,6.634,0.004,0,0,0,0,v
2014-02-03 12:48,6.643,0.005,0,0,0,0,v
2014-02-03 12:54,6.638,0.004,0,0,0,0,v
2014-02-03 13:00,6.617,0.003,0,0,0,0,v
2014-02-03 13:06,6.624,0.003,0,0,0,0,v
2014-02-03 13:12,6.619,0.005,0,0,0,0,v
2014-02-03 13:18,6.584,0.003,0,0,0,0,v
2014-02-03 13:24,6.585,0.003,0,0,0,0,v
2014-02-03 13:30,6.596,0.003,0,0,0,0,v
2014-02-03 13:36,6.561,0.003,0,0,0,0,v
2014-02-03 13:42,6.554,0.003,0,0,0,0,v
2014-02-03 13:48,6.551,0.004,0,0,0,0,v
2014-02-03 13:54,6.529,0.003,0,0,0,0,v
2014-02-03 14:00,6.537,0.003,0,0,0,0,v
2014-02-03 14:06,6.524,0.005,0,0,0,0,v
2014-02-03 14:12,6.522,0.004,0,0,0,0,v
2014-02-03 14:18,6.521,0.003,0,0,0,0,v
2014-02-03 14:24,6.516,0.003,0,0,0,0,v
2014-02-03 14:30,6.527,0.003,0,0,0,0,v
2014-02-03 14:36,6.533,0.003,0,0,0,0,v
2014-02-03 14:42,6.526,0.003,0,0,0,0,v
2014-02-03 14:48,6.516,0.003,0,0,0,0,v
2014-02-03 14:54,6.533,0.003,0,0,0,0,v
2014-02-03 15:00,6.515,0.003,0,0,0,0,v
2014-02-03 15:06,6.526,0.005,0,0,0,0,v
2014-02-03 15:12,6.505,0.006,0,0,0,0,v
2014-02-03 15:18,6.505,0.005,0,0,0,0,v
2014-02-03 15:24,6.506,0.003,0,0,0,0,v
2014-02-03 15:30,6.503,0.004,0,0,0,0,v
2014-02-03 15:36,6.493,0.006,0,0,0,0,v
2014-02-03 15:42,6.469,0.003,0,0,0,0,v
2014-02-03 15:48,6.449,0.004,0,0,0,0,v
2014-02-03 15:54,6.478,0.003,0,0,0,0,v
2014-02-03 16:00,6.480,0.004,0,0,0,0,v
2014-02-03 16:06,6.478,0.004,0,0,0,0,v
2014-02-03 16:12,6.452,0.002,0,0,0,0,v
2014-02-03 16:18,6.457,0.002,0,0,0,0,v
2014-02-03 16:24,6.430,0.005,0,0,0,0,v
2014-02-03 16:30,6.430,0.004,0,0,0,0,v
2014-02-03 16:36,6.421,0.004,0,0,0,0,v
2014-02-03 16:42,6.410,0.003,0,0,0,0,v
2014-02-03 16:48,6.412,0.003,0,0,0,0,v
2014-02-03 16:54,6.383,0.006,0,0,0,0,v
2014-02-03 17:00,6.377,0.008,0,0,0,0,v
2014-02-03 17:06,6.410,0.004,0,0,0,0,v
2014-02-03 17:12,6.431,0.005,0,0,0,0,v
2014-02-03 17:18,6.473,0.006,0,0,0,0,v
2014-02-03 17:24,6.473,0.002,0,0,0,0,v
2014-02-03 17:30,6.471,0.006,0,0,0,0,v
2014-02-03 17:36,6.457,0.004,0,0,0,0,v
2014-02-03 17:42,6.440,0.004,0,0,0,0,v
2014-02-03 17:48,6.409,0.005,0,0,0,0,v
2014-02-03 17:54,6.443,0.004,0,0,0,0,v
2014-02-03 18:00,6.454,0.005,0,0,0,0,v
2014-02-03 18:06,6.416,0.007,0,0,0,0,v
2014-02-03 18:12,6.426,0.003,0,0,0,0,v
2014-02-03 18:18,6.377,0.004,0,0,0,0,v
2014-02-03 18:24,6.413,0.003,0,0,0,0,v
2014-02-03 18:30,6.401,0.004,0,0,0,0,v
2014-02-03 18:36,6.412,0.005,0,0,0,0,v
2014-02-03 18:42,6.405,0.004,0,0,0,0,v
2014-02-03 18:48,6.415,0.004,0,0,0,0,v
2014-02-03 18:54,6.435,0.009,0,0,0,0,v
2014-02-03 19:00,6.442,0.003,0,0,0,0,v
2014-02-03 19:06,6.449,0.005,0,0,0,0,v
2014-02-03 19:12,6.455,0.002,0,0,0,0,v
2014-02-03 19:18,6.445,0.002,0,0,0,0,v
2014-02-03 19:24,6.434,0.006,0,0,0,0,v
2014-02-03 19:30,6.448,0.004,0,0,0,0,v
2014-02-03 19:36,6.432,0.005,0,0,0,0,v
2014-02-03 19:42,6.438,0.002,0,0,0,0,v
2014-02-03 19:48,6.440,0.003,0,0,0,0,v
2014-02-03 19:54,6.469,0.003,0,0,0,0,v
2014-02-03 20:00,6.478,0.002,0,0,0,0,v
2014-02-03 20:06,6.489,0.005,0,0,0,0,v
2014-02-03 20:12,6.507,0.002,0,0,0,0,v
2014-02-03 20:18,6.492,0.003,0,0,0,0,v
2014-02-03 20:24,6.494,0.003,0,0,0,0,v
2014-02-03 20:30,6.522,0.003,0,0,0,0,v
2014-02-03 20:36,6.519,0.003,0,0,0,0,v
2014-02-03 20:42,6.524,0.005,0,0,0,0,v
2014-02-03 20:48,6.525,0.003,0,0,0,0,v
2014-02-03 20:54,6.524,0.005,0,0,0,0,v
2014-02-03 21:00,6.537,0.002,0,0,0,0,v
2014-02-03 21:06,6.533,0.003,0,0,0,0,v
2014-02-03 21:12,6.548,0.003,0,0,0,0,v
2014-02-03 21:18,6.538,0.002,0,0,0,0,v
2014-02-03 21:24,6.544,0.003,0,0,0,0,v
2014-02-03 21:30,6.575,0.009,0,0,0,0,v
2014-02-03 21:36,6.587,0.003,0,0,0,0,v
2014-02-03 21:42,6.583,0.005,0,0,0,0,v
2014-02-03 21:48,6.572,0.003,0,0,0,0,v
2014-02-03 21:54,6.578,0.005,0,0,0,0,v
2014-02-03 22:00,6.571,0.002,0,0,0,0,v
2014-02-03 22:06,6.573,0.005,0,0,0,0,v
2014-02-03 22:12,6.574,0.007,0,0,0,0,v
2014-02-03 22:18,6.559,0.003,0,0,0,0,v
2014-02-03 22:24,6.548,0.002,0,0,0,0,v
2014-02-03 22:30,6.590,0.007,0,0,0,0,v
2014-02-03 22:36,6.627,0.003,0,0,0,0,v
2014-02-03 22:42,6.599,0.002,0,0,0,0,v
2014-02-03 22:48,6.606,0.003,0,0,0,0,v
2014-02-03 22:54,6.601,0.005,0,0,0,0,v
2014-02-03 23:00,6.604,0.003,0,0,0,0,v
2014-02-03 23:06,6.597,0.003,0,0,0,0,v
2014-02-03 23:12,6.582,0.003,0,0,0,0,v
2014-02-03 23:18,6.631,0.006,0,0,0,0,v
2014-02-03 23:24,6.639,0.005,0,0,0,0,v
2014-02-03 23:30,6.669,0.003,0,0,0,0,v
2014-02-03 23:36,6.664,0.004,0,0,0,0,v
2014-02-03 23:42,6.670,0.003,0,0,0,0,v
2014-02-03 23:48,6.676,0.002,0,0,0,0,v
2014-02-03 23:54,6.651,0.006,0,0,0,0,v
2014-02-04 00:00,6.645,0.007,0,0,0,0,v
2014-02-04 00:06,6.634,0.004,0,0,0,0,v
2014-02-04 00:12,6.617,0.005,0,0,0,0,v
2014-02-04 00:18,6.638,0.005,0,0,0,0,v
2014-02-04 00:24,6.647,0.002,0,0,0,0,v
2014-02-04 00:30,6.656,0.003,0,0,0,0,v
2014-02-04 00:36,6.641,0.003,0,0,0,0,v
2014-02-04 00:42,6.638,0.002,0,0,0,0,v
2014-02-04 00:48,6.635,0.002,0,0,0,0,v
2014-02-04 00:54,6.638,0.006,0,0,0,0,v
2014-02-04 01:00,6.628,0.006,0,0,0,0,v
2014-02-04 01:06,6.641,0.003,0,0,0,0,v
2014-02-04 01:12,6.622,0.002,0,0,0,0,v
2014-02-04 01:18,6.609,0.003,0,0,0,0,v
2014-02-04 01:24,6.589,0.003,0,0,0,0,v
2014-02-04 01:30,6.609,0.004,0,0,0,0,v
2014-02-04 01:36,6.589,0.003,0,0,0,0,v
2014-02-04 01:42,6.581,0.004,0,0,0,0,v
2014-02-04 01:48,6.594,0.004,0,0,0,0,v
2014-02-04 01:54,6.585,0.003,0,0,0,0,v
2014-02-04 02:00,6.590,0.003,0,0,0,0,v
2014-02-04 02:06,6.580,0.003,0,0,0,0,v
2014-02-04 02:12,6.563,0.002,0,0,0,0,v
2014-02-04 02:18,6.573,0.006,0,0,0,0,v
2014-02-04 02:24,6.574,0.002,0,0,0,0,v
2014-02-04 02:30,6.563,0.003,0,0,0,0,v
2014-02-04 02:36,6.561,0.003,0,0,0,0,v
2014-02-04 02:42,6.535,0.003,0,0,0,0,v
2014-02-04 02:48,6.515,0.004,0,0,0,0,v
2014-02-04 02:54,6.531,0.002,0,0,0,0,v
2014-02-04 03:00,6.535,0.003,0,0,0,0,v
2014-02-04 03:06,6.536,0.003,0,0,0,0,v
2014-02-04 03:12,6.526,0.007,0,0,0,0,v
2014-02-04 03:18,6.503,0.003,0,0,0,0,v
2014-02-04 03:24,6.501,0.002,0,0,0,0,v
2014-02-04 03:30,6.494,0.003,0,0,0,0,v
2014-02-04 03:36,6.519,0.006,0,0,0,0,v
2014-02-04 03:42,6.533,0.002,0,0,0,0,v
2014-02-04 03:48,6.535,0.005,0,0,0,0,v
2014-02-04 03:54,6.550,0.004,0,0,0,0,v
2014-02-04 04:00,6.530,0.003,0,0,0,0,v
2014-02-04 04:06,6.525,0.002,0,0,0,0,v
2014-02-04 04:12,6.529,0.002,0,0,0,0,v
2014-02-04 04:18,6.522,0.003,0,0,0,0,v
2014-02-04 04:24,6.544,0.004,0,0,0,0,v
2014-02-04 04:30,6.530,0.004,0,0,0,0,v
2014-02-04 04:36,6.523,0.003,0,0,0,0,v
2014-02-04 04:42,6.523,0.003,0,0,0,0,v
2014-02-04 04:48,6.526,0.003,0,0,0,0,v
2014-02-04 04:54,6.538,0.004,0,0,0,0,v
2014-02-04 05:00,6.550,0.003,0,0,0,0,v
2014-02-04 05:06,6.539,0.003,0,0,0,0,v
2014-02-04 05:12,6.536,0.003,0,0,0,0,v
2014-02-04 05:18,6.547,0.003,0,0,0,0,v
2014-02-04 05:24,6.550,0.003,0,0,0,0,v
2014-02-04 05:30,6.551,0.004,0,0,0,0,v
2014-02-04 05:36,6.544,0.003,0,0,0,0,v
2014-02-04 05:42,6.542,0.004,0,0,0,0,v
2014-02-04 05:48,6.548,0.003,0,0,0,0,v
2014-02-04 05:54,6.548,0.006,0,0,0,0,v
2014-02-04 06:00,6.551,0.003,0,0,0,0,v
2014-02-04 06:06,6.570,0.003,0,0,0,0,v
2014-02-04 06:12,6.566,0.003,0,0,0,0,v
2014-02-04 06:18,6.538,0.005,0,0,0,0,v
2014-02-04 06:24,6.542,0.004,0,0,0,0,v
2014-02-04 06:30,6.532,0.006,0,0,0,0,v
2014-02-04 06:36,6.536,0.008,0,0,0,0,v
2014-02-04 06:42,6.550,0.007,0,0,0,0,v
2014-02-04 06:48,6.565,0.004,0,0,0,0,v
2014-02-04 06:54,6.553,0.004,0,0,0,0,v
2014-02-04 07:00,6.557,0.004,0,0,0,0,v
2014-02-04 07:06,6.561,0.003,0,0,0,0,v
2014-02-04 07:12,6.558,0.004,0,0,0,0,v
2014-02-04 07:18,6.563,0.003,0,0,0,0,v
2014-02-04 07:24,6.568,0.003,0,0,0,0,v
2014-02-04 07:30,6.579,0.004,0,0,0,0,v
2014-02-04 07:36,6.588,0.004,0,0,0,0,v
2014-02-04 07:42,6.588,0.005,0,0,0,0,v
2014-02-04 07:48,6.603,0.005,0,0,0,0,v
2014-02-04 07:54,6.620,0.004,0,0,0,0,v
2014-02-04 08:00,6.608,0.006,0,0,0,0,v
2014-02-04 08:06,6.600,0.003,0,0,0,0,v
2014-02-04 08:12,6.615,0.006,0,0,0,0,v
2014-02-04 08:18,6.595,0.004,0,0,0,0,v
2014-02-04 08:24,6.615,0.005,0,0,0,0,v
2014-02-04 08:30,6.644,0.006,0,0,0,0,v
2014-02-04 08:36,6.630,0.003,0,0,0,0,v
2014-02-04 08:42,6.636,0.006,0,0,0,0,v
2014-02-04 08:48,6.661,0.005,0,0,0,0,v
2014-02-04 08:54,6.661,0.004,0,0,0,0,v
2014-02-04 09:00,6.654,0.004,0,0,0,0,v
2014-02-04 09:06,6.660,0.005,0,0,0,0,v
2014-02-04 09:12,6.676,0.003,0,0,0,0,v
2014-02-04 09:18,6.694,0.003,0,0,0,0,v
2014-02-04 09:24,6.690,0.006,0,0,0,0,v
2014-02-04 09:30,6.695,0.004,0,0,0,0,v
2014-02-04 09:36,6.703,0.005,0,0,0,0,v
2014-02-04 09:42,6.688,0.003,0,0,0,0,v
2014-02-04 09:48,6.703,0.003,0,0,0,0,v
2014-02-04 09:54,6.724,0.003,0,0,0,0,v
2014-02-04 10:00,6.724,0.003,0,0,0,0,v
2014-02-04 10:06,6.738,0.005,0,0,0,0,v
2014-02-04 10:12,6.744,0.004,0,0,0,0,v
2014-02-04 10:18,6.771,0.004,0,0,0,0,v
2014-02-04 10:24,6.765,0.003,0,0,0,0,v
2014-02-04 10:30,6.751,0.004,0,0,0,0,v
2014-02-04 10:36,6.770,0.004,0,0,0,0,v
2014-02-04 10:42,6.767,0.005,0,0,0,0,v
2014-02-04 10:48,6.790,0.005,0,0,0,0,v
2014-02-04 10:54,6.803,0.003,0,0,0,0,v
2014-02-04 11:00,6.805,0.004,0,0,0,0,v
2014-02-04 11:06,6.829,0.003,0,0,0,0,v
2014-02-04 11:12,6.818,0.003,0,0,0,0,v
2014-02-04 11:18,6.826,0.003,0,0,0,0,v
2014-02-04 11:24,6.817,0.004,0,0,0,0,v
2014-02-04 11:30,6.811,0.007,0,0,0,0,v
2014-02-04 11:36,6.816,0.003,0,0,0,0,v
2014-02-04 11:42,6.832,0.005,0,0,0,0,v
2014-02-04 11:48,6.819,0.004,0,0,0,0,v
2014-02-04 11:54,6.831,0.003,0,0,0,0,v
2014-02-04 12:00,6.842,0.002,0,0,0,0,v
2014-02-04 12:06,6.830,0.003,0,0,0,0,v
2014-02-04 12:12,6.827,0.004,0,0,0,0,v
2014-02-04 12:18,6.837,0.002,0,0,0,0,v
2014-02-04 12:24,6.826,0.006,0,0,0,0,v
2014-02-04 12:30,6.828,0.004,0,0,0,0,v
2014-02-04 12:36,6.836,0.003,0,0,0,0,v
2014-02-04 12:42,6.821,0.003,0,0,0,0,v
2014-02-04 12:48,6.822,0.005,0,0,0,0,v
2014-02-04 12:54,6.787,0.006,0,0,0,0,v
2014-02-04 13:00,6.800,0.003,0,0,0,0,v
2014-02-04 13:06,6.786,0.004,0,0,0,0,v
2014-02-04 13:12,6.810,0.002,0,0,0,0,v
2014-02-04 13:18,6.800,0.002,0,0,0,0,v
2014-02-04 13:24,6.793,0.004,0,0,0,0,v
2014-02-04 13:30,6.786,0.003,0,0,0,0,v
2014-02-04 13:36,6.757,0.003,0,0,0,0,v
2014-02-04 13:42,6.775,0.004,0,0,0,0,v
2014-02-04 13:48,6.814,0.003,0,0,0,0,v
2014-02-04 13:54,6.778,0.004,0,0,0,0,v
2014-02-04 14:00,6.765,0.004,0,0,0,0,v
2014-02-04 14:06,6.758,0.002,0,0,0,0,v
2014-02-04 14:12,6.769,0.003,0,0,0,0,v
2014-02-04 14:18,6.756,0.007,0,0,0,0,v
2014-02-04 14:24,6.725,0.003,0,0,0,0,v
2014-02-04 14:30,6.736,0.003,0,0,0,0,v
2014-02-04 14:36,6.719,0.002,0,0,0,0,v
2014-02-04 14:42,6.732,0.003,0,0,0,0,v
2014-02-04 14:48,6.737,0.004,0,0,0,0,v
2014-02-04 14:54,6.727,0.002,0,0,0,0,v
2014-02-04 15:00,6.714,0.005,0,0,0,0,v
2014-02-04 15:06,6.724,0.004,0,0,0,0,v
2014-02-04 15:12,6.727,0.002,0,0,0,0,v
2014-02-04 15:18,6.725,0.005,0,0,0,0,v
2014-02-04 15:24,6.735,0.003,0,0,0,0,v
2014-02-04 15:30,6.722,0.003,0,0,0,0,v
2014-02-04 15:36,6.705,0.004,0,0,0,0,v
2014-02-04 15:42,6.705,0.008,0,0,0,0,v
2014-02-04 15:48,6.702,0.005,0,0,0,0,v
2014-02-04 15:54,6.704,0.004,0,0,0,0,v
2014-02-04 16:00,6.719,0.002,0,0,0,0,v
2014-02-04 16:06,6.701,0.003,0,0,0,0,v
2014-02-04 16:12,6.717,0.004,0,0,0,0,v
2014-02-04 16:18,6.706,0.002,0,0,0,0,v
2014-02-04 16:24,6.719,0.002,0,0,0,0,v
2014-02-04 16:30,6.712,0.002,0,0,0,0,v
2014-02-04 16:36,6.707,0.002,0,0,0,0,v
2014-02-04 16:42,6.709,0.004,0,0,0,0,v
2014-02-04 16:48,6.730,0.002,0,0,0,0,v
2014-02-04 16:54,6.731,0.002,0,0,0,0,v
2014-02-04 17:00,6.727,0.004,0,0,0,0,v
2014-02-04 17:06,6.711,0.002,0,0,0,0,v
2014-02-04 17:12,6.701,0.002,0,0,0,0,v
2014-02-04 17:18,6.709,0.002,0,0,0,0,v
2014-02-04 17:24,6.692,0.003,0,0,0,0,v
2014-02-04 17:30,6.686,0.003,0,0,0,0,v
2014-02-04 17:36,6.708,0.003,0,0,0,0,v
2014-02-04 17:42,6.699,0.003,0,0,0,0,v
2014-02-04 17:48,6.707,0.004,0,0,0,0,v
2014-02-04 17:54,6.685,0.002,0,0,0,0,v
2014-02-04 18:00,6.697,0.003,0,0,0,0,v
2014-02-04 18:06,6.685,0.002,0,0,0,0,v
2014-02-04 18:12,6.679,0.003,0,0,0,0,v
2014-02-04 18:18,6.677,0.002,0,0,0,0,v
2014-02-04 18:24,6.677,0.003,0,0,0,0,v
2014-02-04 18:30,6.683,0.002,0,0,0,0,v
2014-02-04 18:36,6.656,0.003,0,0,0,0,v
2014-02-04 18:42,6.658,0.003,0,0,0,0,v
2014-02-04 18:48,6.655,0.003,0,0,0,0,v
2014-02-04 18:54,6.650,0.004,0,0,0,0,v
2014-02-04 19:00,6.640,0.002,0,0,0,0,v
2014-02-04 19:06,6.649,0.004,0,0,0,0,v
2014-02-04 19:12,6.633,0.004,0,0,0,0,v
2014-02-04 19:18,6.649,0.003,0,0,0,0,v
2014-02-04 19:24,6.655,0.004,0,0,0,0,v
2014-02-04 19:30,6.665,0.002,0,0,0,0,v
2014-02-04 19:36,6.657,0.004,0,0,0,0,v
2014-02-04 19:42,6.661,0.004,0,0,0,0,v
2014-02-04 19:48,6.642,0.007,0,0,0,0,v
2014-02-04 19:54,6.650,0.003,0,0,0,0,v
2014-02-04 20:00,6.663,0.003,0,0,0,0,v
2014-02-04 20:06,6.657,0.002,0,0,0,0,v
2014-02-04 20:12,6.661,0.007,0,0,0,0,v
2014-02-04 20:18,6.671,0.002,0,0,0,0,v
2014-02-04 20:24,6.662,0.003,0,0,0,0,v
2014-02-04 20:30,6.676,0.003,0,0,0,0,v
2014-02-04 20:36,6.690,0.004,0,0,0,0,v
2014-02-04 20:42,6.671,0.002,0,0,0,0,v
2014-02-04 20:48,6.709,0.002,0,0,0,0,v
2014-02-04 20:54,6.706,0.003,0,0,0,0,v
2014-02-04 21:00,6.716,0.003,0,0,0,0,v
2014-02-04 21:06,6.704,0.003,0,0,0,0,v
2014-02-04 21:12,6.691,0.003,0,0,0,0,v
2014-02-04 21:18,6.709,0.006,0,0,0,0,v
2014-02-04 21:24,6.713,0.004,0,0,0,0,v
2014-02-04 21:30,6.712,0.003,0,0,0,0,v
2014-02-04 21:36,6.723,0.002,0,0,0,0,v
2014-02-04 21:42,6.714,0.005,0,0,0,0,v
2014-02-04 21:48,6.735,0.004,0,0,0,0,v
2014-02-04 21:54,6.744,0.003,0,0,0,0,v
2014-02-04 22:00,6.720,0.003,0,0,0,0,v
2014-02-04 22:06,6.741,0.003,0,0,0,0,v
2014-02-04 22:12,6.733,0.003,0,0,0,0,v
2014-02-04 22:18,6.744,0.003,0,0,0,0,v
2014-02-04 22:24,6.723,0.002,0,0,0,0,v
2014-02-04 22:30,6.737,0.003,0,0,0,0,v
2014-02-04 22:36,6.746,0.003,0,0,0,0,v
2014-02-04 22:42,6.730,0.003,0,0,0,0,v
2014-02-04 22:48,6.743,0.004,0,0,0,0,v
2014-02-04 22:54,6.759,0.003,0,0,0,0,v
2014-02-04 23:00,6.755,0.007,0,0,0,0,v
2014-02-04 23:06,6.744,0.003,0,0,0,0,v
2014-02-04 23:12,6.745,0.003,0,0,0,0,v
2014-02-04 23:18,6.739,0.003,0,0,0,0,v
2014-02-04 23:24,6.736,0.003,0,0,0,0,v
2014-02-04 23:30,6.747,0.004,0,0,0,0,v
2014-02-04 23:36,6.754,0.003,0,0,0,0,v
2014-02-04 23:42,6.752,0.002,0,0,0,0,v
2014-02-04 23:48,6.763,0.002,0,0,0,0,v
2014-02-04 23:54,6.764,0.002,0,0,0,0,v
2014-02-05 00:00,6.752,0.003,0,0,0,0,v
2014-02-05 00:06,6.738,0.004,0,0,0,0,v
2014-02-05 00:12,6.754,0.004,0,0,0,0,v
2014-02-05 00:18,6.745,0.002,0,0,0,0,v
2014-02-05 00:24,6.744,0.003,0,0,0,0,v
2014-02-05 00:30,6.742,0.003,0,0,0,0,v
2014-02-05 00:36,6.728,0.007,0,0,0,0,v
2014-02-05 00:42,6.704,0.004,0,0,0,0,v
2014-02-05 00:48,6.722,0.003,0,0,0,0,v
2014-02-05 00:54,6.710,0.003,0,0,0,0,v
2014-02-05 01:00,6.707,0.002,0,0,0,0,v
2014-02-05 01:06,6.706,0.003,0,0,0,0,v
2014-02-05 01:12,6.703,0.003,0,0,0,0,v
2014-02-05 01:18,6.693,0.002,0,0,0,0,v
2014-02-05 01:24,6.709,0.003,0,0,0,0,v
2014-02-05 01:30,6.709,0.004,0,0,0,0,v
2014-02-05 01:36,6.702,0.004,0,0,0,0,v
2014-02-05 01:42,6.718,0.002,0,0,0,0,v
2014-02-05 01:48,6.712,0.003,0,0,0,0,v
2014-02-05 01:54,6.707,0.004,0,0,0,0,v
2014-02-05 02:00,6.696,0.003,0,0,0,0,v
2014-02-05 02:06,6.691,0.003,0,0,0,0,v
2014-02-05 02:12,6.675,0.004,0,0,0,0,v
2014-02-05 02:18,6.654,0.003,0,0,0,0,v
2014-02-05 02:24,6.649,0.003,0,0,0,0,v
2014-02-05 02:30,6.639,0.003,0,0,0,0,v
2014-02-05 02:36,6.614,0.005,0,0,0,0,v
2014-02-05 02:42,6.600,0.002,0,0,0,0,v
2014-02-05 02:48,6.598,0.003,0,0,0,0,v
2014-02-05 02:54,6.602,0.002,0,0,0,0,v
2014-02-05 03:00,6.591,0.003,0,0,0,0,v
2014-02-05 03:06,6.573,0.007,0,0,0,0,v
2014-02-05 03:12,6.562,0.002,0,0,0,0,v
2014-02-05 03:18,6.560,0.004,0,0,0,0,v
2014-02-05 03:24,6.539,0.004,0,0,0,0,v
2014-02-05 03:30,6.555,0.004,0,0,0,0,v
2014-02-05 03:36,6.568,0.003,0,0,0,0,v
2014-02-05 03:42,6.565,0.002,0,0,0,0,v
2014-02-05 03:48,6.546,0.003,0,0,0,0,v
2014-02-05 03:54,6.540,0.003,0,0,0,0,v
2014-02-05 04:00,6.521,0.003,0,0,0,0,v
2014-02-05 04:06,6.521,0.004,0,0,0,0,v
2014-02-05 04:12,6.512,0.004,0,0,0,0,v
2014-02-05 04:18,6.500,0.002,0,0,0,0,v
2014-02-05 04:24,6.502,0.004,0,0,0,0,v
2014-02-05 04:30,6.512,0.002,0,0,0,0,v
2014-02-05 04:36,6.508,0.002,0,0,0,0,v
2014-02-05 04:42,6.513,0.003,0,0,0,0,v
2014-02-05 04:48,6.489,0.003,0,0,0,0,v
2014-02-05 04:54,6.487,0.002,0,0,0,0,v
2014-02-05 05:00,6.476,0.002,0,0,0,0,v
2014-02-05 05:06,6.471,0.003,0,0,0,0,v
2014-02-05 05:12,6.469,0.004,0,0,0,0,v
2014-02-05 05:18,6.468,0.002,0,0,0,0,v
2014-02-05 05:24,6.453,0.003,0,0,0,0,v
2014-02-05 05:30,6.467,0.002,0,0,0,0,v
2014-02-05 05:36,6.454,0.002,0,0,0,0,v
2014-02-05 05:42,6.451,0.004,0,0,0,0,v
2014-02-05 05:48,6.445,0.004,0,0,0,0,v
2014-02-05 05:54,6.410,0.003,0,0,0,0,v
2014-02-05 06:00,6.409,0.002,0,0,0,0,v
2014-02-05 06:06,6.386,0.003,0,0,0,0,v
2014-02-05 06:12,6.402,0.005,0,0,0,0,v
2014-02-05 06:18,6.363,0.004,0,0,0,0,v
2014-02-05 06:24,6.396,0.007,0,0,0,0,v
2014-02-05 06:30,6.384,0.003,0,0,0,0,v
2014-02-05 06:36,6.408,0.002,0,0,0,0,v
2014-02-05 06:42,6.395,0.005,0,0,0,0,v
2014-02-05 06:48,6.408,0.003,0,0,0,0,v
2014-02-05 06:54,6.407,0.002,0,0,0,0,v
2014-02-05 07:00,6.415,0.003,0,0,0,0,v
2014-02-05 07:06,6.401,0.004,0,0,0,0,v
2014-02-05 07:12,6.395,0.004,0,0,0,0,v
2014-02-05 07:18,6.412,0.008,0,0,0,0,v
2014-02-05 07:24,6.419,0.008,0,0,0,0,v
2014-02-05 07:30,6.440,0.005,0,0,0,0,v
2014-02-05 07:36,6.414,0.003,0,0,0,0,v
2014-02-05 07:42,6.429,0.003,0,0,0,0,v
2014-02-05 07:48,6.408,0.005,0,0,0,0,v
2014-02-05 07:54,6.418,0.007,0,0,0,0,v
2014-02-05 08:00,6.417,0.002,0,0,0,0,v
2014-02-05 08:06,6.415,0.002,0,0,0,0,v
2014-02-05 08:12,6.431,0.002,0,0,0,0,v
2014-02-05 08:18,6.428,0.008,0,0,0,0,v
2014-02-05 08:24,6.420,0.003,0,0,0,0,v
2014-02-05 08:30,6.433,0.002,0,0,0,0,v
2014-02-05 08:36,6.440,0.009,0,0,0,0,v
2014-02-05 08:42,6.432,0.003,0,0,0,0,v
2014-02-05 08:48,6.451,0.003,0,0,0,0,v
2014-02-05 08:54,6.441,0.003,0,0,0,0,v
2014-02-05 09:00,6.422,0.005,0,0,0,0,v
2014-02-05 09:06,6.450,0.003,0,0,0,0,v
2014-02-05 09:12,6.452,0.002,0,0,0,0,v
2014-02-05 09:18,6.457,0.002,0,0,0,0,v
2014-02-05 09:24,6.459,0.004,0,0,0,0,v
2014-02-05 09:30,6.480,0.003,0,0,0,0,v
2014-02-05 09:36,6.497,0.002,0,0,0,0,v
2014-02-05 09:42,6.495,0.002,0,0,0,0,v
2014-02-05 09:48,6.482,0.002,0,0,0,0,v
2014-02-05 09:54,6.479,0.001,0,0,0,0,v
2014-02-05 10:00,6.525,0.004,0,0,0,0,v
2014-02-05 10:06,6.512,0.006,0,0,0,0,v
2014-02-05 10:12,6.516,0.002,0,0,0,0,v
2014-02-05 10:18,6.518,0.004,0,0,0,0,v
2014-02-05 10:24,6.527,0.002,0,0,0,0,v
2014-02-05 10:30,6.541,0.002,0,0,0,0,v
2014-02-05 10:36,6.550,0.002,0,0,0,0,v
2014-02-05 10:42,6.555,0.002,0,0,0,0,v
2014-02-05 10:48,6.564,0.002,0,0,0,0,v
2014-02-05 10:54,6.570,0.002,0,0,0,0,v
2014-02-05 11:00,6.589,0.001,0,0,0,0,v
2014-02-05 11:06,6.595,0.005,0,0,0,0,v
2014-02-05 11:12,6.588,0.004,0,0,0,0,v
2014-02-05 11:18,6.596,0.004,0,0,0,0,v
2014-02-05 11:24,6.615,0.002,0,0,0,0,v
2014-02-05 11:30,6.592,0.003,0,0,0,0,v
2014-02-05 11:36,6.596,0.003,0,0,0,0,v
2014-02-05 11:42,6.607,0.006,0,0,0,0,v
2014-02-05 11:48,6.601,0.005,0,0,0,0,v
2014-02-05 11:54,6.596,0.005,0,0,0,0,v
2014-02-05 12:00,6.611,0.007,0,0,0,0,v
2014-02-05 12:06,6.622,0.003,0,0,0,0,v
2014-02-05 12:12,6.629,0.002,0,0,0,0,v
2014-02-05 12:18,6.627,0.004,0,0,0,0,v
2014-02-05 12:24,6.620,0.002,0,0,0,0,v
2014-02-05 12:30,6.628,0.002,0,0,0,0,v
2014-02-05 12:36,6.624,0.002,0,0,0,0,v
2014-02-05 12:42,6.619,0.003,0,0,0,0,v
2014-02-05 12:48,6.630,0.006,0,0,0,0,v
2014-02-05 12:54,6.645,0.002,0,0,0,0,v
2014-02-05 13:00,6.666,0.001,0,0,0,0,v
2014-02-05 13:06,6.664,0.003,0,0,0,0,v
2014-02-05 13:12,6.675,0.003,0,0,0,0,v
2014-02-05 13:18,6.673,0.002,0,0,0,0,v
2014-02-05 13:24,6.698,0.005,0,0,0,0,v
2014-02-05 13:30,6.685,0.002,0,0,0,0,v
2014-02-05 13:36,6.702,0.004,0,0,0,0,v
2014-02-05 13:42,6.711,0.003,0,0,0,0,v
2014-02-05 13:48,6.716,0.002,0,0,0,0,v
2014-02-05 13:54,6.716,0.003,0,0,0,0,v
2014-02-05 14:00,6.739,0.002,0,0,0,0,v
2014-02-05 14:06,6.748,0.002,0,0,0,0,v
2014-02-05 14:12,6.746,0.003,0,0,0,0,v
2014-02-05 14:18,6.750,0.003,0,0,0,0,v
2014-02-05 14:24,6.740,0.003,0,0,0,0,v
2014-02-05 14:30,6.743,0.003,0,0,0,0,v
2014-02-05 14:36,6.743,0.003,0,0,0,0,v
2014-02-05 14:42,6.736,0.004,0,0,0,0,v
2014-02-05 14:48,6.727,0.004,0,0,0,0,v
2014-02-05 14:54,6.718,0.004,0,0,0,0,v
2014-02-05 15:00,6.708,0.003,0,0,0,0,v
2014-02-05 15:06,6.725,0.003,0,0,0,0,v
2014-02-05 15:12,6.738,0.003,0,0,0,0,v
2014-02-05 15:18,6.740,0.004,0,0,0,0,v
2014-02-05 15:24,6.749,0.004,0,0,0,0,v
2014-02-05 15:30,6.754,0.004,0,0,0,0,v
2014-02-05 15:36,6.766,0.005,0,0,0,0,v
2014-02-05 15:42,6.760,0.004,0,0,0,0,v
2014-02-05 15:48,6.763,0.007,0,0,0,0,v
2014-02-05 15:54,6.776,0.006,0,0,0,0,v
2014-02-05 16:00,6.777,0.009,0,0,0,0,v
2014-02-05 16:06,6.772,0.008,0,0,0,0,v
2014-02-05 16:12,6.764,0.007,0,0,0,0,v
2014-02-05 16:18,6.755,0.008,0,0,0,0,v
2014-02-05 16:24,6.748,0.007,0,0,0,0,v
2014-02-05 16:30,6.750,0.011,0,0,0,0,v
2014-02-05 16:36,6.744,0.005,0,0,0,0,v
2014-02-05 16:42,6.729,0.006,0,0,0,0,v
2014-02-05 16:48,6.737,0.011,0,0,0,0,v
2014-02-05 16:54,6.733,0.010,0,0,0,0,v
2014-02-05 17:00,6.746,0.008,0,0,0,0,v
2014-02-05 17:06,6.749,0.010,0,0,0,0,v
2014-02-05 17:12,6.749,0.008,0,0,0,0,v
2014-02-05 17:18,6.756,0.005,0,0,0,0,v
2014-02-05 17:24,6.760,0.006,0,0,0,0,v
2014-02-05 17:30,6.745,0.005,0,0,0,0,v
2014-02-05 17:36,6.732,0.009,0,0,0,0,v
2014-02-05 17:42,6.732,0.006,0,0,0,0,v
2014-02-05 17:48,6.691,0.007,0,0,0,0,v
2014-02-05 17:54,6.674,0.008,0,0,0,0,v
2014-02-05 18:00,6.672,0.013,0,0,0,0,v
2014-02-05 18:06,6.669,0.009,0,0,0,0,v
2014-02-05 18:12,6.665,0.010,0,0,0,0,v
2014-02-05 18:18,6.649,0.011,0,0,0,0,v
2014-02-05 18:24,6.664,0.009,0,0,0,0,v
2014-02-05 18:30,6.675,0.010,0,0,0,0,v
2014-02-05 18:36,6.664,0.009,0,0,0,0,v
2014-02-05 18:42,6.650,0.013,0,0,0,0,v
2014-02-05 18:48,6.678,0.010,0,0,0,0,v
2014-02-05 18:54,6.687,0.012,0,0,0,0,v
2014-02-05 19:00,6.683,0.011,0,0,0,0,v
2014-02-05 19:06,6.689,0.014,0,0,0,0,v
2014-02-05 19:12,6.664,0.009,0,0,0,0,v
2014-02-05 19:18,6.648,0.009,0,0,0,0,v
2014-02-05 19:24,6.662,0.008,0,0,0,0,v
2014-02-05 19:30,6.655,0.017,0,0,0,0,v
2014-02-05 19:36,6.655,0.010,0,0,0,0,v
2014-02-05 19:42,6.669,0.012,0,0,0,0,v
2014-02-05 19:48,6.676,0.012,0,0,0,0,v
2014-02-05 19:54,6.657,0.009,0,0,0,0,v
2014-02-05 20:00,6.666,0.021,0,0,0,0,v
2014-02-05 20:06,6.705,0.012,0,0,0,0,v
2014-02-05 20:12,6.702,0.009,0,0,0,0,v
2014-02-05 20:18,6.691,0.011,0,0,0,0,v
2014-02-05 20:24,6.715,0.011,0,0,0,0,v
2014-02-05 20:30,6.762,0.011,0,0,0,0,v
2014-02-05 20:36,6.747,0.013,0,0,0,0,v
2014-02-05 20:42,6.738,0.008,0,0,0,0,v
2014-02-05 20:48,6.702,0.010,0,0,0,0,v
2014-02-05 20:54,6.657,0.012,0,0,0,0,v
2014-02-05 21:00,6.654,0.009,0,0,0,0,v
2014-02-05 21:06,6.736,0.021,0,0,0,0,v
2014-02-05 21:12,6.744,0.017,0,0,0,0,v
2014-02-05 21:18,6.726,0.009,0,0,0,0,v
2014-02-05 21:24,6.694,0.008,0,0,0,0,v
2014-02-05 21:30,6.725,0.013,0,0,0,0,v
2014-02-05 21:36,6.728,0.010,0,0,0,0,v
2014-02-05 21:42,6.735,0.014,0,0,0,0,v
2014-02-05 21:48,6.687,0.009,0,0,0,0,v
2014-02-05 21:54,6.689,0.011,0,0,0,0,v
2014-02-05 22:00,6.681,0.012,0,0,0,0,v
2014-02-05 22:06,6.683,0.013,0,0,0,0,v
2014-02-05 22:12,6.677,0.010,0,0,0,0,v
2014-02-05 22:18,6.740,0.013,0,0,0,0,v
2014-02-05 22:24,6.707,0.012,0,0,0,0,v
2014-02-05 22:30,6.708,0.009,0,0,0,0,v
2014-02-05 22:36,6.687,0.009,0,0,0,0,v
2014-02-05 22:42,6.662,0.008,0,0,0,0,v
2014-02-05 22:48,6.664,0.010,0,0,0,0,v
2014-02-05 22:54,6.702,0.007,0,0,0,0,v
2014-02-05 23:00,6.716,0.013,0,0,0,0,v
2014-02-05 23:06,6.726,0.011,0,0,0,0,v
2014-02-05 23:12,6.715,0.006,0,0,0,0,v
2014-02-05 23:18,6.693,0.009,0,0,0,0,v
2014-02-05 23:24,6.696,0.012,0,0,0,0,v
2014-02-05 23:30,6.668,0.012,0,0,0,0,v
2014-02-05 23:36,6.704,0.007,0,0,0,0,v
2014-02-05 23:42,6.715,0.009,0,0,0,0,v
2014-02-05 23:48,6.740,0.007,0,0,0,0,v
2014-02-05 23:54,6.742,0.011,0,0,0,0,v
2014-02-06 00:00,6.738,0.010,0,0,0,0,v
2014-02-06 00:06,6.721,0.007,0,0,0,0,v
2014-02-06 00:12,6.705,0.008,0,0,0,0,v
2014-02-06 00:18,6.707,0.007,0,0,0,0,v
2014-02-06 00:24,6.710,0.011,0,0,0,0,v
2014-02-06 00:30,6.688,0.011,0,0,0,0,v
2014-02-06 00:36,6.693,0.006,0,0,0,0,v
2014-02-06 00:42,6.695,0.007,0,0,0,0,v
2014-02-06 00:48,6.687,0.011,0,0,0,0,v
2014-02-06 00:54,6.674,0.015,0,0,0,0,v
2014-02-06 01:00,6.659,0.007,0,0,0,0,v
2014-02-06 01:06,6.652,0.008,0,0,0,0,v
2014-02-06 01:12,6.663,0.009,0,0,0,0,v
2014-02-06 01:18,6.665,0.006,0,0,0,0,v
2014-02-06 01:24,6.674,0.010,0,0,0,0,v
2014-02-06 01:30,6.656,0.008,0,0,0,0,v
2014-02-06 01:36,6.641,0.009,0,0,0,0,v
2014-02-06 01:42,6.654,0.007,0,0,0,0,v
2014-02-06 01:48,6.658,0.010,0,0,0,0,v
2014-02-06 01:54,6.648,0.009,0,0,0,0,v
2014-02-06 02:00,6.659,0.008,0,0,0,0,v
2014-02-06 02:06,6.641,0.006,0,0,0,0,v
2014-02-06 02:12,6.628,0.007,0,0,0,0,v
2014-02-06 02:18,6.628,0.007,0,0,0,0,v
2014-02-06 02:24,6.617,0.009,0,0,0,0,v
2014-02-06 02:30,6.618,0.008,0,0,0,0,v
2014-02-06 02:36,6.626,0.009,0,0,0,0,v
2014-02-06 02:42,6.612,0.007,0,0,0,0,v
2014-02-06 02:48,6.599,0.008,0,0,0,0,v
2014-02-06 02:54,6.606,0.006,0,0,0,0,v
2014-02-06 03:00,6.587,0.006,0,0,0,0,v
2014-02-06 03:06,6.571,0.010,0,0,0,0,v
2014-02-06 03:12,6.561,0.006,0,0,0,0,v
2014-02-06 03:18,6.543,0.008,0,0,0,0,v
2014-02-06 03:24,6.551,0.006,0,0,0,0,v
2014-02-06 03:30,6.559,0.006,0,0,0,0,v
2014-02-06 03:36,6.550,0.009,0,0,0,0,v
2014-02-06 03:42,6.548,0.015,0,0,0,0,v
2014-02-06 03:48,6.561,0.008,0,0,0,0,v
2014-02-06 03:54,6.551,0.007,0,0,0,0,v
2014-02-06 04:00,6.551,0.009,0,0,0,0,v
2014-02-06 04:06,6.551,0.006,0,0,0,0,v
2014-02-06 04:12,6.522,0.007,0,0,0,0,v
2014-02-06 04:18,6.536,0.008,0,0,0,0,v
2014-02-06 04:24,6.512,0.006,0,0,0,0,v
2014-02-06 04:30,6.503,0.007,0,0,0,0,v
2014-02-06 04:36,6.492,0.008,0,0,0,0,v
2014-02-06 04:42,6.501,0.007,0,0,0,0,v
2014-02-06 04:48,6.483,0.006,0,0,0,0,v
2014-02-06 04:54,6.479,0.005,0,0,0,0,v
2014-02-06 05:00,6.470,0.008,0,0,0,0,v
2014-02-06 05:06,6.450,0.010,0,0,0,0,v
2014-02-06 05:12,6.456,0.005,0,0,0,0,v
2014-02-06 05:18,6.452,0.008,0,0,0,0,v
2014-02-06 05:24,6.418,0.008,0,0,0,0,v
2014-02-06 05:30,6.415,0.006,0,0,0,0,v
2014-02-06 05:36,6.402,0.014,0,0,0,0,v
2014-02-06 05:42,6.404,0.006,0,0,0,0,v
2014-02-06 05:48,6.379,0.008,0,0,0,0,v
2014-02-06 05:54,6.398,0.012,0,0,0,0,v
2014-02-06 06:00,6.385,0.007,0,0,0,0,v
2014-02-06 06:06,6.381,0.007,0,0,0,0,v
2014-02-06 06:12,6.375,0.011,0,0,0,0,v
2014-02-06 06:18,6.380,0.007,0,0,0,0,v
2014-02-06 06:24,6.365,0.007,0,0,0,0,v
2014-02-06 06:30,6.376,0.007,0,0,0,0,v
2014-02-06 06:36,6.380,0.008,0,0,0,0,v
2014-02-06 06:42,6.393,0.007,0,0,0,0,v
2014-02-06 06:48,6.374,0.010,0,0,0,0,v
2014-02-06 06:54,6.362,0.009,0,0,0,0,v
2014-02-06 07:00,6.373,0.007,0,0,0,0,v
2014-02-06 07:06,6.384,0.007,0,0,0,0,v
2014-02-06 07:12,6.374,0.010,0,0,0,0,v
2014-02-06 07:18,6.365,0.009,0,0,0,0,v
2014-02-06 07:24,6.376,0.008,0,0,0,0,v
2014-02-06 07:30,6.370,0.009,0,0,0,0,v
2014-02-06 07:36,6.345,0.009,0,0,0,0,v
2014-02-06 07:42,6.361,0.007,0,0,0,0,v
2014-02-06 07:48,6.351,0.009,0,0,0,0,v
2014-02-06 07:54,6.360,0.007,0,0,0,0,v
2014-02-06 08:00,6.345,0.007,0,0,0,0,v
2014-02-06 08:06,6.338,0.011,0,0,0,0,v
2014-02-06 08:12,6.387,0.009,0,0,0,0,v
2014-02-06 08:18,6.334,0.016,0,0,0,0,v
2014-02-06 08:24,6.359,0.009,0,0,0,0,v
2014-02-06 08:30,6.361,0.007,0,0,0,0,v
2014-02-06 08:36,6.340,0.008,0,0,0,0,v
2014-02-06 08:42,6.338,0.010,0,0,0,0,v
2014-02-06 08:48,6.351,0.010,0,0,0,0,v
2014-02-06 08:54,6.342,0.014,0,0,0,0,v
2014-02-06 09:00,6.368,0.008,0,0,0,0,v
2014-02-06 09:06,6.375,0.008,0,0,0,0,v
2014-02-06 09:12,6.376,0.009,0,0,0,0,v
2014-02-06 09:18,6.379,0.012,0,0,0,0,v
2014-02-06 09:24,6.402,0.010,0,0,0,0,v
2014-02-06 09:30,6.409,0.008,0,0,0,0,v
2014-02-06 09:36,6.418,0.008,0,0,0,0,v
2014-02-06 09:42,6.420,0.008,0,0,0,0,v
2014-02-06 09:48,6.407,0.010,0,0,0,0,v
2014-02-06 09:54,6.400,0.008,0,0,0,0,v
2014-02-06 10:00,6.392,0.010,0,0,0,0,v
2014-02-06 10:06,6.382,0.007,0,0,0,0,v
2014-02-06 10:12,6.383,0.008,0,0,0,0,v
2014-02-06 10:18,6.382,0.009,0,0,0,0,v
2014-02-06 10:24,6.387,0.015,0,0,0,0,v
2014-02-06 10:30,6.394,0.010,0,0,0,0,v
2014-02-06 10:36,6.370,0.011,0,0,0,0,v
2014-02-06 10:42,6.433,0.008,0,0,0,0,v
2014-02-06 10:48,6.434,0.007,0,0,0,0,v
2014-02-06 10:54,6.439,0.007,0,0,0,0,v
2014-02-06 11:00,6.450,0.011,0,0,0,0,v
2014-02-06 11:06,6.475,0.008,0,0,0,0,v
2014-02-06 11:12,6.460,0.015,0,0,0,0,v
2014-02-06 11:18,6.459,0.009,0,0,0,0,v
2014-02-06 11:24,6.476,0.010,0,0,0,0,v
2014-02-06 11:30,6.473,0.014,0,0,0,0,v
2014-02-06 11:36,6.481,0.009,0,0,0,0,v
2014-02-06 11:42,6.481,0.011,0,0,0,0,v
2014-02-06 11:48,6.478,0.011,0,0,0,0,v
2014-02-06 11:54,6.456,0.008,0,0,0,0,v
2014-02-06 12:00,6.460,0.010,0,0,0,0,v
2014-02-06 12:06,6.512,0.007,0,0,0,0,v
2014-02-06 12:12,6.492,0.009,0,0,0,0,v
2014-02-06 12:18,6.480,0.010,0,0,0,0,v
2014-02-06 12:24,6.514,0.008,0,0,0,0,v
2014-02-06 12:30,6.518,0.008,0,0,0,0,v
2014-02-06 12:36,6.543,0.009,0,0,0,0,v
2014-02-06 12:42,6.539,0.006,0,0,0,0,v
2014-02-06 12:48,6.542,0.010,0,0,0,0,v
2014-02-06 12:54,6.545,0.006,0,0,0,0,v
2014-02-06 13:00,6.561,0.005,0,0,0,0,v
2014-02-06 13:06,6.579,0.009,0,0,0,0,v
2014-02-06 13:12,6.582,0.009,0,0,0,0,v
2014-02-06 13:18,6.603,0.011,0,0,0,0,v
2014-02-06 13:24,6.590,0.008,0,0,0,0,v
2014-02-06 13:30,6.592,0.010,0,0,0,0,v
2014-02-06 13:36,6.616,0.008,0,0,0,0,v
2014-02-06 13:42,6.598,0.006,0,0,0,0,v
2014-02-06 13:48,6.614,0.009,0,0,0,0,v
2014-02-06 13:54,6.589,0.010,0,0,0,0,v
2014-02-06 14:00,6.608,0.012,0,0,0,0,v
2014-02-06 14:06,6.593,0.007,0,0,0,0,v
2014-02-06 14:12,6.607,0.009,0,0,0,0,v
2014-02-06 14:18,6.620,0.011,0,0,0,0,v
2014-02-06 14:24,6.637,0.008,0,0,0,0,v
2014-02-06 14:30,6.654,0.008,0,0,0,0,v
2014-02-06 14:36,6.644,0.009,0,0,0,0,v
2014-02-06 14:42,6.657,0.010,0,0,0,0,v
2014-02-06 14:48,6.683,0.010,0,0,0,0,v
2014-02-06 14:54,6.672,0.011,0,0,0,0,v
2014-02-06 15:00,6.654,0.008,0,0,0,0,v
2014-02-06 15:06,6.638,0.010,0,0,0,0,v
2014-02-06 15:12,6.649,0.010,0,0,0,0,v
2014-02-06 15:18,6.654,0.010,0,0,0,0,v
2014-02-06 15:24,6.647,0.010,0,0,0,0,v
2014-02-06 15:30,6.668,0.015,0,0,0,0,v
2014-02-06 15:36,6.675,0.008,0,0,0,0,v
2014-02-06 15:42,6.662,0.013,0,0,0,0,v
2014-02-06 15:48,6.661,0.011,0,0,0,0,v
2014-02-06 15:54,6.683,0.009,0,0,0,0,v
2014-02-06 16:00,6.700,0.011,0,0,0,0,v
2014-02-06 16:06,6.694,0.011,0,0,0,0,v
2014-02-06 16:12,6.713,0.008,0,0,0,0,v
2014-02-06 16:18,6.711,0.010,0,0,0,0,v
2014-02-06 16:24,6.692,0.009,0,0,0,0,v
2014-02-06 16:30,6.720,0.011,0,0,0,0,v
2014-02-06 16:36,6.738,0.011,0,0,0,0,v
2014-02-06 16:42,6.737,0.010,0,0,0,0,v
2014-02-06 16:48,6.707,0.007,0,0,0,0,v
2014-02-06 16:54,6.713,0.010,0,0,0,0,v
2014-02-06 17:00,6.705,0.007,0,0,0,0,v
2014-02-06 17:06,6.694,0.009,0,0,0,0,v
2014-02-06 17:12,6.706,0.011,0,0,0,0,v
2014-02-06 17:18,6.728,0.011,0,0,0,0,v
2014-02-06 17:24,6.697,0.008,0,0,0,0,v
2014-02-06 17:30,6.688,0.010,0,0,0,0,v
2014-02-06 17:36,6.720,0.010,0,0,0,0,v
2014-02-06 17:42,6.712,0.007,0,0,0,0,v
2014-02-06 17:48,6.706,0.013,0,0,0,0,v
2014-02-06 17:54,6.725,0.010,0,0,0,0,v
2014-02-06 18:00,6.709,0.009,0,0,0,0,v
2014-02-06 18:06,6.689,0.007,0,0,0,0,v
2014-02-06 18:12,6.701,0.009,0,0,0,0,v
2014-02-06 18:18,6.720,0.011,0,0,0,0,v
2014-02-06 18:24,6.715,0.010,0,0,0,0,v
2014-02-06 18:30,6.702,0.011,0,0,0,0,v
2014-02-06 18:36,6.693,0.009,0,0,0,0,v
2014-02-06 18:42,6.688,0.010,0,0,0,0,v
2014-02-06 18:48,6.712,0.010,0,0,0,0,v
2014-02-06 18:54,6.706,0.009,0,0,0,0,v
2014-02-06 19:00,6.685,0.008,0,0,0,0,v
2014-02-06 19:06,6.672,0.010,0,0,0,0,v
2014-02-06 19:12,6.678,0.007,0,0,0,0,v
2014-02-06 19:18,6.661,0.008,0,0,0,0,v
2014-02-06 19:24,6.656,0.008,0,0,0,0,v
2014-02-06 19:30,6.642,0.008,0,0,0,0,v
2014-02-06 19:36,6.661,0.007,0,0,0,0,v
2014-02-06 19:42,6.666,0.008,0,0,0,0,v
2014-02-06 19:48,6.651,0.012,0,0,0,0,v
2014-02-06 19:54,6.661,0.009,0,0,0,0,v
2014-02-06 20:00,6.663,0.009,0,0,0,0,v
2014-02-06 20:06,6.665,0.010,0,0,0,0,v
2014-02-06 20:12,6.673,0.009,0,0,0,0,v
2014-02-06 20:18,6.662,0.005,0,0,0,0,v
2014-02-06 20:24,6.660,0.007,0,0,0,0,v
2014-02-06 20:30,6.648,0.008,0,0,0,0,v
2014-02-06 20:36,6.650,0.008,0,0,0,0,v
2014-02-06 20:42,6.643,0.010,0,0,0,0,v
2014-02-06 20:48,6.637,0.008,0,0,0,0,v
2014-02-06 20:54,6.644,0.010,0,0,0,0,v
2014-02-06 21:00,6.639,0.006,0,0,0,0,v
2014-02-06 21:06,6.653,0.006,0,0,0,0,v
2014-02-06 21:12,6.638,0.007,0,0,0,0,v
2014-02-06 21:18,6.640,0.009,0,0,0,0,v
2014-02-06 21:24,6.661,0.010,0,0,0,0,v
2014-02-06 21:30,6.683,0.009,0,0,0,0,v
2014-02-06 21:36,6.680,0.008,0,0,0,0,v
2014-02-06 21:42,6.681,0.006,0,0,0,0,v
2014-02-06 21:48,6.686,0.010,0,0,0,0,v
2014-02-06 21:54,6.683,0.009,0,0,0,0,v
2014-02-06 22:00,6.666,0.007,0,0,0,0,v
2014-02-06 22:06,6.673,0.010,0,0,0,0,v
2014-02-06 22:12,6.665,0.007,0,0,0,0,v
2014-02-06 22:18,6.670,0.006,0,0,0,0,v
2014-02-06 22:24,6.669,0.010,0,0,0,0,v
2014-02-06 22:30,6.682,0.012,0,0,0,0,v
2014-02-06 22:36,6.679,0.007,0,0,0,0,v
2014-02-06 22:42,6.684,0.006,0,0,0,0,v
2014-02-06 22:48,6.669,0.010,0,0,0,0,v
2014-02-06 22:54,6.664,0.013,0,0,0,0,v
2014-02-06 23:00,6.650,0.009,0,0,0,0,v
2014-02-06 23:06,6.654,0.007,0,0,0,0,v
2014-02-06 23:12,6.655,0.009,0,0,0,0,v
2014-02-06 23:18,6.657,0.006,0,0,0,0,v
2014-02-06 23:24,6.672,0.007,0,0,0,0,v
2014-02-06 23:30,6.681,0.008,0,0,0,0,v
2014-02-06 23:36,6.674,0.007,0,0,0,0,v
2014-02-06 23:42,6.683,0.007,0,0,0,0,v
2014-02-06 23:48,6.692,0.007,0,0,0,0,v
2014-02-06 23:54,6.676,0.008,0,0,0,0,v
2014-02-07 00:00,6.681,0.008,0,0,0,0,v
2014-02-07 00:06,6.672,0.008,0,0,0,0,v
2014-02-07 00:12,6.661,0.006,0,0,0,0,v
2014-02-07 00:18,6.684,0.008,0,0,0,0,v
2014-02-07 00:24,6.679,0.008,0,0,0,0,v
2014-02-07 00:30,6.668,0.009,0,0,0,0,v
2014-02-07 00:36,6.688,0.007,0,0,0,0,v
2014-02-07 00:42,6.677,0.009,0,0,0,0,v
2014-02-07 00:48,6.676,0.008,0,0,0,0,v
2014-02-07 00:54,6.690,0.006,0,0,0,0,v
2014-02-07 01:00,6.673,0.006,0,0,0,0,v
2014-02-07 01:06,6.667,0.011,0,0,0,0,v
2014-02-07 01:12,6.676,0.009,0,0,0,0,v
2014-02-07 01:18,6.683,0.006,0,0,0,0,v
2014-02-07 01:24,6.677,0.005,0,0,0,0,v
2014-02-07 01:30,6.678,0.009,0,0,0,0,v
2014-02-07 01:36,6.664,0.007,0,0,0,0,v
2014-02-07 01:42,6.653,0.008,0,0,0,0,v
2014-02-07 01:48,6.666,0.010,0,0,0,0,v
2014-02-07 01:54,6.649,0.008,0,0,0,0,v
2014-02-07 02:00,6.665,0.006,0,0,0,0,v
2014-02-07 02:06,6.655,0.009,0,0,0,0,v
2014-02-07 02:12,6.649,0.007,0,0,0,0,v
2014-02-07 02:18,6.619,0.007,0,0,0,0,v
2014-02-07 02:24,6.632,0.008,0,0,0,0,v
2014-02-07 02:30,6.623,0.007,0,0,0,0,v
2014-02-07 02:36,6.628,0.006,0,0,0,0,v
2014-02-07 02:42,6.620,0.007,0,0,0,0,v
2014-02-07 02:48,6.619,0.010,0,0,0,0,v
2014-02-07 02:54,6.632,0.011,0,0,0,0,v
2014-02-07 03:00,6.638,0.007,0,0,0,0,v
2014-02-07 03:06,6.626,0.010,0,0,0,0,v
2014-02-07 03:12,6.613,0.006,0,0,0,0,v
2014-02-07 03:18,6.630,0.008,0,0,0,0,v
2014-02-07 03:24,6.622,0.011,0,0,0,0,v
2014-02-07 03:30,6.614,0.012,0,0,0,0,v
2014-02-07 03:36,6.604,0.009,0,0,0,0,v
2014-02-07 03:42,6.609,0.009,0,0,0,0,v
2014-02-07 03:48,6.600,0.007,0,0,0,0,v
2014-02-07 03:54,6.598,0.007,0,0,0,0,v
2014-02-07 04:00,6.605,0.007,0,0,0,0,v
2014-02-07 04:06,6.587,0.005,0,0,0,0,v
2014-02-07 04:12,6.579,0.009,0,0,0,0,v
2014-02-07 04:18,6.572,0.009,0,0,0,0,v
2014-02-07 04:24,6.560,0.008,0,0,0,0,v
2014-02-07 04:30,6.555,0.007,0,0,0,0,v
2014-02-07 04:36,6.516,0.010,0,0,0,0,v
2014-02-07 04:42,6.520,0.009,0,0,0,0,v
2014-02-07 04:48,6.495,0.008,0,0,0,0,v
2014-02-07 04:54,6.498,0.013,0,0,0,0,v
2014-02-07 05:00,6.471,0.006,0,0,0,0,v
2014-02-07 05:06,6.475,0.011,0,0,0,0,v
2014-02-07 05:12,6.471,0.005,0,0,0,0,v
2014-02-07 05:18,6.467,0.005,0,0,0,0,v
2014-02-07 05:24,6.477,0.008,0,0,0,0,v
2014-02-07 05:30,6.473,0.007,0,0,0,0,v
2014-02-07 05:36,6.455,0.007,0,0,0,0,v
2014-02-07 05:42,6.469,0.009,0,0,0,0,v
2014-02-07 05:48,6.453,0.009,0,0,0,0,v
2014-02-07 05:54,6.450,0.008,0,0,0,0,v
2014-02-07 06:00,6.433,0.009,0,0,0,0,v
2014-02-07 06:06,6.425,0.009,0,0,0,0,v
2014-02-07 06:12,6.415,0.008,0,0,0,0,v
2014-02-07 06:18,6.438,0.006,0,0,0,0,v
2014-02-07 06:24,6.407,0.012,0,0,0,0,v
2014-02-07 06:30,6.378,0.005,0,0,0,0,v
2014-02-07 06:36,6.363,0.009,0,0,0,0,v
2014-02-07 06:42,6.391,0.011,0,0,0,0,v
2014-02-07 06:48,6.369,0.007,0,0,0,0,v
2014-02-07 06:54,6.356,0.005,0,0,0,0,v
2014-02-07 07:00,6.365,0.006,0,0,0,0,v
2014-02-07 07:06,6.353,0.008,0,0,0,0,v
2014-02-07 07:12,6.349,0.013,0,0,0,0,v
2014-02-07 07:18,6.361,0.008,0,0,0,0,v
2014-02-07 07:24,6.345,0.007,0,0,0,0,v
2014-02-07 07:30,6.361,0.005,0,0,0,0,v
2014-02-07 07:36,6.342,0.009,0,0,0,0,v
2014-02-07 07:42,6.345,0.011,0,0,0,0,v
2014-02-07 07:48,6.357,0.011,0,0,0,0,v
2014-02-07 07:54,6.360,0.005,0,0,0,0,v
2014-02-07 08:00,6.355,0.008,0,0,0,0,v
2014-02-07 08:06,6.350,0.015,0,0,0,0,v
2014-02-07 08:12,6.346,0.006,0,0,0,0,v
2014-02-07 08:18,6.352,0.010,0,0,0,0,v
2014-02-07 08:24,6.339,0.016,0,0,0,0,v
2014-02-07 08:30,6.365,0.015,0,0,0,0,v
2014-02-07 08:36,6.368,0.011,0,0,0,0,v
2014-02-07 08:42,6.382,0.008,0,0,0,0,v
2014-02-07 08:48,6.363,0.012,0,0,0,0,v
2014-02-07 08:54,6.373,0.012,0,0,0,0,v
2014-02-07 09:00,6.398,0.011,0,0,0,0,v
2014-02-07 09:06,6.385,0.012,0,0,0,0,v
2014-02-07 09:12,6.410,0.014,0,0,0,0,v
2014-02-07 09:18,6.414,0.012,0,0,0,0,v
2014-02-07 09:24,6.367,0.006,0,0,0,0,v
2014-02-07 09:30,6.378,0.010,0,0,0,0,v
2014-02-07 09:36,6.383,0.009,0,0,0,0,v
2014-02-07 09:42,6.401,0.011,0,0,0,0,v
2014-02-07 09:48,6.405,0.007,0,0,0,0,v
2014-02-07 09:54,6.404,0.012,0,0,0,0,v
2014-02-07 10:00,6.384,0.008,0,0,0,0,v
2014-02-07 10:06,6.370,0.011,0,0,0,0,v
2014-02-07 10:12,6.367,0.008,0,0,0,0,v
2014-02-07 10:18,6.381,0.009,0,0,0,0,v
2014-02-07 10:24,6.379,0.012,0,0,0,0,v
2014-02-07 10:30,6.365,0.006,0,0,0,0,v
2014-02-07 10:36,6.402,0.007,0,0,0,0,v
2014-02-07 10:42,6.384,0.013,0,0,0,0,v
2014-02-07 10:48,6.393,0.014,0,0,0,0,v
2014-02-07 10:54,6.389,0.008,0,0,0,0,v
2014-02-07 11:00,6.381,0.015,0,0,0,0,v
2014-02-07 11:06,6.379,0.010,0,0,0,0,v
2014-02-07 11:12,6.418,0.007,0,0,0,0,v
2014-02-07 11:18,6.392,0.008,0,0,0,0,v
2014-02-07 11:24,6.414,0.013,0,0,0,0,v
2014-02-07 11:30,6.434,0.010,0,0,0,0,v
2014-02-07 11:36,6.449,0.008,0,0,0,0,v
2014-02-07 11:42,6.462,0.007,0,0,0,0,v
2014-02-07 11:48,6.480,0.009,0,0,0,0,v
2014-02-07 11:54,6.470,0.009,0,0,0,0,v
2014-02-07 12:00,6.464,0.006,0,0,0,0,v
2014-02-07 12:06,6.464,0.009,0,0,0,0,v
2014-02-07 12:12,6.468,0.013,0,0,0,0,v
2014-02-07 12:18,6.503,0.011,0,0,0,0,v
2014-02-07 12:24,6.474,0.007,0,0,0,0,v
2014-02-07 12:30,6.486,0.008,0,0,0,0,v
2014-02-07 12:36,6.486,0.015,0,0,0,0,v
2014-02-07 12:42,6.512,0.008,0,0,0,0,v
2014-02-07 12:48,6.494,0.011,0,0,0,0,v
2014-02-07 12:54,6.540,0.010,0,0,0,0,v
2014-02-07 13:00,6.560,0.007,0,0,0,0,v
2014-02-07 13:06,6.579,0.008,0,0,0,0,v
2014-02-07 13:12,6.586,0.008,0,0,0,0,v
2014-02-07 13:18,6.571,0.009,0,0,0,0,v
2014-02-07 13:24,6.573,0.008,0,0,0,0,v
2014-02-07 13:30,6.594,0.007,0,0,0,0,v
2014-02-07 13:36,6.586,0.007,0,0,0,0,v
2014-02-07 13:42,6.573,0.009,0,0,0,0,v
2014-02-07 13:48,6.611,0.008,0,0,0,0,v
2014-02-07 13:54,6.649,0.012,0,0,0,0,v
2014-02-07 14:00,6.653,0.012,0,0,0,0,v
2014-02-07 14:06,6.654,0.011,0,0,0,0,v
2014-02-07 14:12,6.660,0.014,0,0,0,0,v
2014-02-07 14:18,6.685,0.010,0,0,0,0,v
2014-02-07 14:24,6.677,0.018,0,0,0,0,v
2014-02-07 14:30,6.679,0.007,0,0,0,0,v
2014-02-07 14:36,6.670,0.009,0,0,0,0,v
2014-02-07 14:42,6.699,0.007,0,0,0,0,v
2014-02-07 14:48,6.693,0.013,0,0,0,0,v
2014-02-07 14:54,6.683,0.008,0,0,0,0,v
2014-02-07 15:00,6.676,0.013,0,0,0,0,v
2014-02-07 15:06,6.699,0.008,0,0,0,0,v
2014-02-07 15:12,6.693,0.013,0,0,0,0,v
2014-02-07 15:18,6.683,0.012,0,0,0,0,v
2014-02-07 15:24,6.705,0.010,0,0,0,0,v
2014-02-07 15:30,6.716,0.008,0,0,0,0,v
2014-02-07 15:36,6.714,0.008,0,0,0,0,v
2014-02-07 15:42,6.683,0.011,0,0,0,0,v
2014-02-07 15:48,6.696,0.013,0,0,0,0,v
2014-02-07 15:54,6.715,0.012,0,0,0,0,v
2014-02-07 16:00,6.714,0.010,0,0,0,0,v
2014-02-07 16:06,6.724,0.013,0,0,0,0,v
2014-02-07 16:12,6.749,0.014,0,0,0,0,v
2014-02-07 16:18,6.763,0.012,0,0,0,0,v
2014-02-07 16:24,6.729,0.011,0,0,0,0,v
2014-02-07 16:30,6.779,0.006,0,0,0,0,v
2014-02-07 16:36,6.779,0.014,0,0,0,0,v
2014-02-07 16:42,6.793,0.009,0,0,0,0,v
2014-02-07 16:48,6.807,0.007,0,0,0,0,v
2014-02-07 16:54,6.802,0.010,0,0,0,0,v
2014-02-07 17:00,6.795,0.011,0,0,0,0,v
2014-02-07 17:06,6.834,0.007,0,0,0,0,v
2014-02-07 17:12,6.825,0.009,0,0,0,0,v
2014-02-07 17:18,6.834,0.009,0,0,0,0,v
2014-02-07 17:24,6.818,0.009,0,0,0,0,v
2014-02-07 17:30,6.831,0.009,0,0,0,0,v
2014-02-07 17:36,6.820,0.011,0,0,0,0,v
2014-02-07 17:42,6.831,0.010,0,0,0,0,v
2014-02-07 17:48,6.860,0.011,0,0,0,0,v
2014-02-07 17:54,6.838,0.008,0,0,0,0,v
2014-02-07 18:00,6.830,0.010,0,0,0,0,v
2014-02-07 18:06,6.847,0.013,0,0,0,0,v
2014-02-07 18:12,6.820,0.014,0,0,0,0,v
2014-02-07 18:18,6.828,0.010,0,0,0,0,v
2014-02-07 18:24,6.847,0.013,0,0,0,0,v
2014-02-07 18:30,6.848,0.012,0,0,0,0,v
2014-02-07 18:36,6.814,0.011,0,0,0,0,v
2014-02-07 18:42,6.819,0.014,0,0,0,0,v
2014-02-07 18:48,6.836,0.013,0,0,0,0,v
2014-02-07 18:54,6.815,0.011,0,0,0,0,v
2014-02-07 19:00,6.811,0.013,0,0,0,0,v
2014-02-07 19:06,6.821,0.011,0,0,0,0,v
2014-02-07 19:12,6.826,0.008,0,0,0,0,v
2014-02-07 19:18,6.829,0.007,0,0,0,0,v
2014-02-07 19:24,6.813,0.011,0,0,0,0,v
2014-02-07 19:30,6.791,0.010,0,0,0,0,v
2014-02-07 19:36,6.798,0.010,0,0,0,0,v
2014-02-07 19:42,6.811,0.010,0,0,0,0,v
2014-02-07 19:48,6.805,0.008,0,0,0,0,v
2014-02-07 19:54,6.803,0.012,0,0,0,0,v
2014-02-07 20:00,6.801,0.010,0,0,0,0,v
2014-02-07 20:06,6.810,0.007,0,0,0,0,v
2014-02-07 20:12,6.795,0.010,0,0,0,0,v
2014-02-07 20:18,6.834,0.010,0,0,0,0,v
2014-02-07 20:24,6.828,0.008,0,0,0,0,v
2014-02-07 20:30,6.824,0.015,0,0,0,0,v
2014-02-07 20:36,6.836,0.010,0,0,0,0,v
2014-02-07 20:42,6.814,0.011,0,0,0,0,v
2014-02-07 20:48,6.806,0.010,0,0,0,0,v
2014-02-07 20:54,6.832,0.012,0,0,0,0,v
2014-02-07 21:00,6.808,0.013,0,0,0,0,v
2014-02-07 21:06,6.814,0.008,0,0,0,0,v
2014-02-07 21:12,6.832,0.013,0,0,0,0,v
2014-02-07 21:18,6.839,0.008,0,0,0,0,v
2014-02-07 21:24,6.816,0.010,0,0,0,0,v
2014-02-07 21:30,6.815,0.014,0,0,0,0,v
2014-02-07 21:36,6.840,0.012,0,0,0,0,v
2014-02-07 21:42,6.812,0.010,0,0,0,0,v
2014-02-07 21:48,6.844,0.011,0,0,0,0,v
2014-02-07 21:54,6.844,0.014,0,0,0,0,v
2014-02-07 22:00,6.830,0.017,0,0,0,0,v
2014-02-07 22:06,6.811,0.015,0,0,0,0,v
2014-02-07 22:12,6.851,0.015,0,0,0,0,v
2014-02-07 22:18,6.846,0.008,0,0,0,0,v
2014-02-07 22:24,6.850,0.011,0,0,0,0,v
2014-02-07 22:30,6.845,0.008,0,0,0,0,v
2014-02-07 22:36,6.842,0.013,0,0,0,0,v
2014-02-07 22:42,6.841,0.012,0,0,0,0,v
2014-02-07 22:48,6.837,0.007,0,0,0,0,v
2014-02-07 22:54,6.851,0.011,0,0,0,0,v
2014-02-07 23:00,6.842,0.017,0,0,0,0,v
2014-02-07 23:06,6.840,0.009,0,0,0,0,v
2014-02-07 23:12,6.831,0.012,0,0,0,0,v
2014-02-07 23:18,6.824,0.014,0,0,0,0,v
2014-02-07 23:24,6.827,0.011,0,0,0,0,v
2014-02-07 23:30,6.816,0.012,0,0,0,0,v
2014-02-07 23:36,6.831,0.009,0,0,0,0,v
2014-02-07 23:42,6.820,0.012,0,0,0,0,v
2014-02-07 23:48,6.840,0.011,0,0,0,0,v
2014-02-07 23:54,6.842,0.010,0,0,0,0,v
2014-02-08 00:00,6.825,0.011,0,0,0,0,v
2014-02-08 00:06,6.842,0.011,0,0,0,0,v
2014-02-08 00:12,6.805,0.011,0,0,0,0,v
2014-02-08 00:18,6.806,0.010,0,0,0,0,v
2014-02-08 00:24,6.768,0.014,0,0,0,0,v
2014-02-08 00:30,6.790,0.011,0,0,0,0,v
2014-02-08 00:36,6.787,0.012,0,0,0,0,v
2014-02-08 00:42,6.831,0.011,0,0,0,0,v
2014-02-08 00:48,6.791,0.020,0,0,0,0,v
2014-02-08 00:54,6.812,0.013,0,0,0,0,v
2014-02-08 01:00,6.771,0.010,0,0,0,0,v
2014-02-08 01:06,6.770,0.011,0,0,0,0,v
2014-02-08 01:12,6.801,0.011,0,0,0,0,v
2014-02-08 01:18,6.818,0.011,0,0,0,0,v
2014-02-08 01:24,6.806,0.010,0,0,0,0,v
2014-02-08 01:30,6.798,0.017,0,0,0,0,v
2014-02-08 01:36,6.797,0.013,0,0,0,0,v
2014-02-08 01:42,6.788,0.014,0,0,0,0,v
2014-02-08 01:48,6.789,0.010,0,0,0,0,v
2014-02-08 01:54,6.792,0.009,0,0,0,0,v
2014-02-08 02:00,6.791,0.015,0,0,0,0,v
2014-02-08 02:06,6.764,0.016,0,0,0,0,v
2014-02-08 02:12,6.767,0.011,0,0,0,0,v
2014-02-08 02:18,6.771,0.010,0,0,0,0,v
2014-02-08 02:24,6.785,0.011,0,0,0,0,v
2014-02-08 02:30,6.780,0.011,0,0,0,0,v
2014-02-08 02:36,6.802,0.011,0,0,0,0,v
2014-02-08 02:42,6.786,0.010,0,0,0,0,v
2014-02-08 02:48,6.787,0.010,0,0,0,0,v
2014-02-08 02:54,6.794,0.011,0,0,0,0,v
2014-02-08 03:00,6.780,0.013,0,0,0,0,v
2014-02-08 03:06,6.788,0.008,0,0,0,0,v
2014-02-08 03:12,6.798,0.010,0,0,0,0,v
2014-02-08 03:18,6.805,0.008,0,0,0,0,v
2014-02-08 03:24,6.807,0.008,0,0,0,0,v
2014-02-08 03:30,6.802,0.011,0,0,0,0,v
2014-02-08 03:36,6.775,0.010,0,0,0,0,v
2014-02-08 03:42,6.770,0.013,0,0,0,0,v
2014-02-08 03:48,6.786,0.010,0,0,0,0,v
2014-02-08 03:54,6.767,0.014,0,0,0,0,v
2014-02-08 04:00,6.801,0.014,0,0,0,0,v
2014-02-08 04:06,6.764,0.015,0,0,0,0,v
2014-02-08 04:12,6.723,0.011,0,0,0,0,v
2014-02-08 04:18,6.764,0.019,0,0,0,0,v
2014-02-08 04:24,6.815,0.010,0,0,0,0,v
2014-02-08 04:30,6.774,0.013,0,0,0,0,v
2014-02-08 04:36,6.730,0.022,0,0,0,0,v
2014-02-08 04:42,6.766,0.016,0,0,0,0,v
2014-02-08 04:48,6.734,0.009,0,0,0,0,v
2014-02-08 04:54,6.755,0.008,0,0,0,0,v
2014-02-08 05:00,6.750,0.008,0,0,0,0,v
2014-02-08 05:06,6.732,0.013,0,0,0,0,v
2014-02-08 05:12,6.716,0.009,0,0,0,0,v
2014-02-08 05:18,6.736,0.011,0,0,0,0,v
2014-02-08 05:24,6.729,0.012,0,0,0,0,v
2014-02-08 05:30,6.715,0.009,0,0,0,0,v
2014-02-08 05:36,6.707,0.013,0,0,0,0,v
2014-02-08 05:42,6.669,0.018,0,0,0,0,v
2014-02-08 05:48,6.672,0.008,0,0,0,0,v
2014-02-08 05:54,6.695,0.013,0,0,0,0,v
2014-02-08 06:00,6.664,0.014,0,0,0,0,v
2014-02-08 06:06,6.649,0.015,0,0,0,0,v
2014-02-08 06:12,6.630,0.014,0,0,0,0,v
2014-02-08 06:18,6.599,0.021,0,0,0,0,v
2014-02-08 06:24,6.601,0.020,0,0,0,0,v
2014-02-08 06:30,6.594,0.010,0,0,0,0,v
2014-02-08 06:36,6.589,0.014,0,0,0,0,v
2014-02-08 06:42,6.547,0.011,0,0,0,0,v
2014-02-08 06:48,6.578,0.009,0,0,0,0,v
2014-02-08 06:54,6.544,0.012,0,0,0,0,v
2014-02-08 07:00,6.547,0.019,0,0,0,0,v
2014-02-08 07:06,6.545,0.013,0,0,0,0,v
2014-02-08 07:12,6.524,0.015,0,0,0,0,v
2014-02-08 07:18,6.499,0.011,0,0,0,0,v
2014-02-08 07:24,6.497,0.011,0,0,0,0,v
2014-02-08 07:30,6.470,0.015,0,0,0,0,v
2014-02-08 07:36,6.457,0.013,0,0,0,0,v
2014-02-08 07:42,6.484,0.013,0,0,0,0,v
2014-02-08 07:48,6.430,0.013,0,0,0,0,v
2014-02-08 07:54,6.445,0.011,0,0,0,0,v
2014-02-08 08:00,6.457,0.014,0,0,0,0,v
2014-02-08 08:06,6.442,0.015,0,0,0,0,v
2014-02-08 08:12,6.438,0.012,0,0,0,0,v
2014-02-08 08:18,6.432,0.020,0,0,0,0,v
2014-02-08 08:24,6.411,0.011,0,0,0,0,v
2014-02-08 08:30,6.406,0.017,0,0,0,0,v
2014-02-08 08:36,6.440,0.015,0,0,0,0,v
2014-02-08 08:42,6.415,0.009,0,0,0,0,v
2014-02-08 08:48,6.423,0.017,0,0,0,0,v
2014-02-08 08:54,6.428,0.017,0,0,0,0,v
2014-02-08 09:00,6.433,0.012,0,0,0,0,v
2014-02-08 09:06,6.428,0.025,0,0,0,0,v
2014-02-08 09:12,6.444,0.012,0,0,0,0,v
2014-02-08 09:18,6.415,0.020,0,0,0,0,v
2014-02-08 09:24,6.424,0.013,0,0,0,0,v
2014-02-08 09:30,6.432,0.013,0,0,0,0,v
2014-02-08 09:36,6.430,0.009,0,0,0,0,v
2014-02-08 09:42,6.428,0.016,0,0,0,0,v
2014-02-08 09:48,6.447,0.014,0,0,0,0,v
2014-02-08 09:54,6.419,0.012,0,0,0,0,v
2014-02-08 10:00,6.437,0.015,0,0,0,0,v
2014-02-08 10:06,6.427,0.009,0,0,0,0,v
2014-02-08 10:12,6.421,0.015,0,0,0,0,v
2014-02-08 10:18,6.410,0.012,0,0,0,0,v
2014-02-08 10:24,6.449,0.010,0,0,0,0,v
2014-02-08 10:30,6.443,0.013,0,0,0,0,v
2014-02-08 10:36,6.445,0.011,0,0,0,0,v
2014-02-08 10:42,6.422,0.010,0,0,0,0,v
2014-02-08 10:48,6.436,0.012,0,0,0,0,v
2014-02-08 10:54,6.444,0.010,0,0,0,0,v
2014-02-08 11:00,6.461,0.017,0,0,0,0,v
2014-02-08 11:06,6.431,0.014,0,0,0,0,v
2014-02-08 11:12,6.431,0.020,0,0,0,0,v
2014-02-08 11:18,6.419,0.008,0,0,0,0,v
2014-02-08 11:24,6.417,0.022,0,0,0,0,v
2014-02-08 11:30,6.439,0.012,0,0,0,0,v
2014-02-08 11:36,6.439,0.011,0,0,0,0,v
2014-02-08 11:42,6.448,0.010,0,0,0,0,v
2014-02-08 11:48,6.440,0.014,0,0,0,0,v
2014-02-08 11:54,6.442,0.016,0,0,0,0,v
2014-02-08 12:00,6.442,0.011,0,0,0,0,v
2014-02-08 12:06,6.428,0.009,0,0,0,0,v
2014-02-08 12:12,6.458,0.014,0,0,0,0,v
2014-02-08 12:18,6.479,0.008,0,0,0,0,v
2014-02-08 12:24,6.468,0.010,0,0,0,0,v
2014-02-08 12:30,6.467,0.012,0,0,0,0,v
2014-02-08 12:36,6.472,0.010,0,0,0,0,v
2014-02-08 12:42,6.485,0.010,0,0,0,0,v
2014-02-08 12:48,6.489,0.010,0,0,0,0,v
2014-02-08 12:54,6.473,0.009,0,0,0,0,v
2014-02-08 13:00,6.495,0.011,0,0,0,0,v
2014-02-08 13:06,6.492,0.013,0,0,0,0,v
2014-02-08 13:12,6.511,0.010,0,0,0,0,v
2014-02-08 13:18,6.491,0.012,0,0,0,0,v
2014-02-08 13:24,6.495,0.009,0,0,0,0,v
2014-02-08 13:30,6.502,0.012,0,0,0,0,v
2014-02-08 13:36,6.504,0.010,0,0,0,0,v
2014-02-08 13:42,6.525,0.011,0,0,0,0,v
2014-02-08 13:48,6.507,0.011,0,0,0,0,v
2014-02-08 13:54,6.553,0.007,0,0,0,0,v
2014-02-08 14:00,6.552,0.016,0,0,0,0,v
2014-02-08 14:06,6.568,0.010,0,0,0,0,v
2014-02-08 14:12,6.568,0.012,0,0,0,0,v
2014-02-08 14:18,6.605,0.012,0,0,0,0,v
2014-02-08 14:24,6.602,0.008,0,0,0,0,v
2014-02-08 14:30,6.594,0.014,0,0,0,0,v
2014-02-08 14:36,6.620,0.006,0,0,0,0,v
2014-02-08 14:42,6.624,0.010,0,0,0,0,v
2014-02-08 14:48,6.638,0.016,0,0,0,0,v
2014-02-08 14:54,6.654,0.012,0,0,0,0,v
2014-02-08 15:00,6.660,0.009,0,0,0,0,v
2014-02-08 15:06,6.652,0.012,0,0,0,0,v
2014-02-08 15:12,6.639,0.008,0,0,0,0,v
2014-02-08 15:18,6.647,0.008,0,0,0,0,v
2014-02-08 15:24,6.655,0.010,0,0,0,0,v
2014-02-08 15:30,6.668,0.008,0,0,0,0,v
2014-02-08 15:36,6.666,0.011,0,0,0,0,v
2014-02-08 15:42,6.684,0.014,0,0,0,0,v
2014-02-08 15:48,6.710,0.013,0,0,0,0,v
2014-02-08 15:54,6.716,0.014,0,0,0,0,v
2014-02-08 16:00,6.725,0.017,0,0,0,0,v
2014-02-08 16:06,6.722,0.010,0,0,0,0,v
2014-02-08 16:12,6.729,0.010,0,0,0,0,v
2014-02-08 16:18,6.732,0.007,0,0,0,0,v
2014-02-08 16:24,6.746,0.012,0,0,0,0,v
2014-02-08 16:30,6.758,0.012,0,0,0,0,v
2014-02-08 16:36,6.758,0.007,0,0,0,0,v
2014-02-08 16:42,6.775,0.008,0,0,0,0,v
2014-02-08 16:48,6.774,0.014,0,0,0,0,v
2014-02-08 16:54,6.803,0.011,0,0,0,0,v
2014-02-08 17:00,6.767,0.010,0,0,0,0,v
2014-02-08 17:06,6.753,0.009,0,0,0,0,v
2014-02-08 17:12,6.770,0.009,0,0,0,0,v
2014-02-08 17:18,6.786,0.011,0,0,0,0,v
2014-02-08 17:24,6.788,0.010,0,0,0,0,v
2014-02-08 17:30,6.776,0.009,0,0,0,0,v
2014-02-08 17:36,6.795,0.009,0,0,0,0,v
2014-02-08 17:42,6.783,0.009,0,0,0,0,v
2014-02-08 17:48,6.795,0.007,0,0,0,0,v
2014-02-08 17:54,6.801,0.006,0,0,0,0,v
2014-02-08 18:00,6.796,0.006,0,0,0,0,v
2014-02-08 18:06,6.798,0.008,0,0,0,0,v
2014-02-08 18:12,6.786,0.011,0,0,0,0,v
2014-02-08 18:18,6.795,0.008,0,0,0,0,v
2014-02-08 18:24,6.799,0.010,0,0,0,0,v
2014-02-08 18:30,6.805,0.009,0,0,0,0,v
2014-02-08 18:36,6.803,0.007,0,0,0,0,v
2014-02-08 18:42,6.801,0.009,0,0,0,0,v
2014-02-08 18:48,6.796,0.006,0,0,0,0,v
2014-02-08 18:54,6.804,0.012,0,0,0,0,v
2014-02-08 19:00,6.808,0.010,0,0,0,0,v
2014-02-08 19:06,6.809,0.012,0,0,0,0,v
2014-02-08 19:12,6.809,0.008,0,0,0,0,v
2014-02-08 19:18,6.818,0.011,0,0,0,0,v
2014-02-08 19:24,6.815,0.007,0,0,0,0,v
2014-02-08 19:30,6.820,0.009,0,0,0,0,v
2014-02-08 19:36,6.801,0.010,0,0,0,0,v
2014-02-08 19:42,6.819,0.010,0,0,0,0,v
2014-02-08 19:48,6.819,0.007,0,0,0,0,v
2014-02-08 19:54,6.843,0.006,0,0,0,0,v
2014-02-08 20:00,6.851,0.010,0,0,0,0,v
2014-02-08 20:06,6.840,0.011,0,0,0,0,v
2014-02-08 20:12,6.835,0.008,0,0,0,0,v
2014-02-08 20:18,6.843,0.005,0,0,0,0,v
2014-02-08 20:24,6.830,0.011,0,0,0,0,v
2014-02-08 20:30,6.818,0.007,0,0,0,0,v
2014-02-08 20:36,6.813,0.009,0,0,0,0,v
2014-02-08 20:42,6.819,0.009,0,0,0,0,v
2014-02-08 20:48,6.821,0.007,0,0,0,0,v
2014-02-08 20:54,6.830,0.007,0,0,0,0,v
2014-02-08 21:00,6.824,0.008,0,0,0,0,v
2014-02-08 21:06,6.830,0.006,0,0,0,0,v
2014-02-08 21:12,6.813,0.007,0,0,0,0,v
2014-02-08 21:18,6.806,0.008,0,0,0,0,v
2014-02-08 21:24,6.799,0.008,0,0,0,0,v
2014-02-08 21:30,6.805,0.009,0,0,0,0,v
2014-02-08 21:36,6.802,0.007,0,0,0,0,v
2014-02-08 21:42,6.821,0.007,0,0,0,0,v
2014-02-08 21:48,6.802,0.013,0,0,0,0,v
2014-02-08 21:54,6.808,0.011,0,0,0,0,v
2014-02-08 22:00,6.817,0.007,0,0,0,0,v
2014-02-08 22:06,6.818,0.009,0,0,0,0,v
2014-02-08 22:12,6.808,0.007,0,0,0,0,v
2014-02-08 22:18,6.802,0.006,0,0,0,0,v
2014-02-08 22:24,6.810,0.012,0,0,0,0,v
2014-02-08 22:30,6.800,0.006,0,0,0,0,v
2014-02-08 22:36,6.805,0.007,0,0,0,0,v
2014-02-08 22:42,6.770,0.008,0,0,0,0,v
2014-02-08 22:48,6.790,0.009,0,0,0,0,v
2014-02-08 22:54,6.797,0.006,0,0,0,0,v
2014-02-08 23:00,6.783,0.007,0,0,0,0,v
2014-02-08 23:06,6.784,0.010,0,0,0,0,v
2014-02-08 23:12,6.757,0.006,0,0,0,0,v
2014-02-08 23:18,6.754,0.007,0,0,0,0,v
2014-02-08 23:24,6.769,0.006,0,0,0,0,v
2014-02-08 23:30,6.757,0.006,0,0,0,0,v
2014-02-08 23:36,6.756,0.008,0,0,0,0,v
2014-02-08 23:42,6.756,0.007,0,0,0,0,v
2014-02-08 23:48,6.739,0.005,0,0,0,0,v
2014-02-08 23:54,6.715,0.010,0,0,0,0,v
2014-02-09 00:00,6.722,0.006,0,0,0,0,v
2014-02-09 00:06,6.755,0.011,0,0,0,0,v
2014-02-09 00:12,6.753,0.005,0,0,0,0,v
2014-02-09 00:18,6.746,0.008,0,0,0,0,v
2014-02-09 00:24,6.745,0.006,0,0,0,0,v
2014-02-09 00:30,6.743,0.007,0,0,0,0,v
2014-02-09 00:36,6.741,0.008,0,0,0,0,v
2014-02-09 00:42,6.749,0.005,0,0,0,0,v
2014-02-09 00:48,6.725,0.009,0,0,0,0,v
2014-02-09 00:54,6.712,0.011,0,0,0,0,v
2014-02-09 01:00,6.716,0.005,0,0,0,0,v
2014-02-09 01:06,6.712,0.012,0,0,0,0,v
2014-02-09 01:12,6.712,0.007,0,0,0,0,v
2014-02-09 01:18,6.725,0.007,0,0,0,0,v
2014-02-09 01:24,6.733,0.005,0,0,0,0,v
2014-02-09 01:30,6.743,0.011,0,0,0,0,v
2014-02-09 01:36,6.729,0.006,0,0,0,0,v
2014-02-09 01:42,6.706,0.007,0,0,0,0,v
2014-02-09 01:48,6.717,0.008,0,0,0,0,v
2014-02-09 01:54,6.715,0.006,0,0,0,0,v
2014-02-09 02:00,6.717,0.015,0,0,0,0,v
2014-02-09 02:06,6.723,0.007,0,0,0,0,v
2014-02-09 02:12,6.703,0.011,0,0,0,0,v
2014-02-09 02:18,6.703,0.007,0,0,0,0,v
2014-02-09 02:24,6.708,0.009,0,0,0,0,v
2014-02-09 02:30,6.694,0.008,0,0,0,0,v
2014-02-09 02:36,6.709,0.005,0,0,0,0,v
2014-02-09 02:42,6.696,0.006,0,0,0,0,v
2014-02-09 02:48,6.705,0.007,0,0,0,0,v
2014-02-09 02:54,6.706,0.006,0,0,0,0,v
2014-02-09 03:00,6.710,0.007,0,0,0,0,v
2014-02-09 03:06,6.701,0.005,0,0,0,0,v
2014-02-09 03:12,6.681,0.005,0,0,0,0,v
2014-02-09 03:18,6.673,0.006,0,0,0,0,v
2014-02-09 03:24,6.689,0.007,0,0,0,0,v
2014-02-09 03:30,6.702,0.008,0,0,0,0,v
2014-02-09 03:36,6.702,0.007,0,0,0,0,v
2014-02-09 03:42,6.709,0.007,0,0,0,0,v
2014-02-09 03:48,6.702,0.009,0,0,0,0,v
2014-02-09 03:54,6.709,0.006,0,0,0,0,v
2014-02-09 04:00,6.691,0.008,0,0,0,0,v
2014-02-09 04:06,6.668,0.007,0,0,0,0,v
2014-02-09 04:12,6.670,0.008,0,0,0,0,v
2014-02-09 04:18,6.680,0.006,0,0,0,0,v
2014-02-09 04:24,6.668,0.009,0,0,0,0,v
2014-02-09 04:30,6.685,0.004,0,0,0,0,v
2014-02-09 04:36,6.678,0.008,0,0,0,0,v
2014-02-09 04:42,6.653,0.005,0,0,0,0,v
2014-02-09 04:48,6.661,0.004,0,0,0,0,v
2014-02-09 04:54,6.628,0.009,0,0,0,0,v
2014-02-09 05:00,6.631,0.006,0,0,0,0,v
2014-02-09 05:06,6.639,0.008,0,0,0,0,v
2014-02-09 05:12,6.623,0.006,0,0,0,0,v
2014-02-09 05:18,6.618,0.008,0,0,0,0,v
2014-02-09 05:24,6.620,0.005,0,0,0,0,v
2014-02-09 05:30,6.595,0.012,0,0,0,0,v
2014-02-09 05:36,6.593,0.004,0,0,0,0,v
2014-02-09 05:42,6.548,0.012,0,0,0,0,v
2014-02-09 05:48,6.542,0.005,0,0,0,0,v
2014-02-09 05:54,6.555,0.007,0,0,0,0,v
2014-02-09 06:00,6.548,0.005,0,0,0,0,v
2014-02-09 06:06,6.546,0.006,0,0,0,0,v
2014-02-09 06:12,6.528,0.008,0,0,0,0,v
2014-02-09 06:18,6.518,0.007,0,0,0,0,v
2014-02-09 06:24,6.504,0.006,0,0,0,0,v
2014-02-09 06:30,6.486,0.007,0,0,0,0,v
2014-02-09 06:36,6.486,0.005,0,0,0,0,v
2014-02-09 06:42,6.492,0.007,0,0,0,0,v
2014-02-09 06:48,6.492,0.008,0,0,0,0,v
2014-02-09 06:54,6.480,0.006,0,0,0,0,v
2014-02-09 07:00,6.490,0.005,0,0,0,0,v
2014-02-09 07:06,6.484,0.006,0,0,0,0,v
2014-02-09 07:12,6.467,0.006,0,0,0,0,v
2014-02-09 07:18,6.451,0.006,0,0,0,0,v
2014-02-09 07:24,6.466,0.003,0,0,0,0,v
2014-02-09 07:30,6.449,0.006,0,0,0,0,v
2014-02-09 07:36,6.454,0.007,0,0,0,0,v
2014-02-09 07:42,6.435,0.007,0,0,0,0,v
2014-02-09 07:48,6.433,0.004,0,0,0,0,v
2014-02-09 07:54,6.434,0.005,0,0,0,0,v
2014-02-09 08:00,6.454,0.004,0,0,0,0,v
2014-02-09 08:06,6.445,0.005,0,0,0,0,v
2014-02-09 08:12,6.417,0.009,0,0,0,0,v
2014-02-09 08:18,6.421,0.005,0,0,0,0,v
2014-02-09 08:24,6.423,0.004,0,0,0,0,v
2014-02-09 08:30,6.410,0.004,0,0,0,0,v
2014-02-09 08:36,6.417,0.004,0,0,0,0,v
2014-02-09 08:42,6.411,0.006,0,0,0,0,v
2014-02-09 08:48,6.417,0.009,0,0,0,0,v
2014-02-09 08:54,6.412,0.008,0,0,0,0,v
2014-02-09 09:00,6.409,0.006,0,0,0,0,v
2014-02-09 09:06,6.400,0.005,0,0,0,0,v
2014-02-09 09:12,6.411,0.005,0,0,0,0,v
2014-02-09 09:18,6.402,0.004,0,0,0,0,v
2014-02-09 09:24,6.386,0.006,0,0,0,0,v
2014-02-09 09:30,6.379,0.004,0,0,0,0,v
2014-02-09 09:36,6.376,0.007,0,0,0,0,v
2014-02-09 09:42,6.369,0.004,0,0,0,0,v
2014-02-09 09:48,6.377,0.005,0,0,0,0,v
2014-02-09 09:54,6.380,0.006,0,0,0,0,v
2014-02-09 10:00,6.369,0.005,0,0,0,0,v
2014-02-09 10:06,6.356,0.005,0,0,0,0,v
2014-02-09 10:12,6.356,0.005,0,0,0,0,v
2014-02-09 10:18,6.347,0.006,0,0,0,0,v
2014-02-09 10:24,6.376,0.005,0,0,0,0,v
2014-02-09 10:30,6.346,0.007,0,0,0,0,v
2014-02-09 10:36,6.337,0.005,0,0,0,0,v
2014-02-09 10:42,6.345,0.005,0,0,0,0,v
2014-02-09 10:48,6.329,0.004,0,0,0,0,v
2014-02-09 10:54,6.325,0.004,0,0,0,0,v
2014-02-09 11:00,6.336,0.004,0,0,0,0,v
2014-02-09 11:06,6.321,0.005,0,0,0,0,v
2014-02-09 11:12,6.321,0.004,0,0,0,0,v
2014-02-09 11:18,6.290,0.005,0,0,0,0,v
2014-02-09 11:24,6.288,0.006,0,0,0,0,v
2014-02-09 11:30,6.310,0.006,0,0,0,0,v
2014-02-09 11:36,6.301,0.006,0,0,0,0,v
2014-02-09 11:42,6.318,0.005,0,0,0,0,v
2014-02-09 11:48,6.329,0.005,0,0,0,0,v
2014-02-09 11:54,6.324,0.004,0,0,0,0,v
2014-02-09 12:00,6.354,0.005,0,0,0,0,v
2014-02-09 12:06,6.365,0.005,0,0,0,0,v
2014-02-09 12:12,6.369,0.004,0,0,0,0,v
2014-02-09 12:18,6.382,0.005,0,0,0,0,v
2014-02-09 12:24,6.380,0.005,0,0,0,0,v
2014-02-09 12:30,6.369,0.005,0,0,0,0,v
2014-02-09 12:36,6.379,0.005,0,0,0,0,v
2014-02-09 12:42,6.397,0.004,0,0,0,0,v
2014-02-09 12:48,6.418,0.004,0,0,0,0,v
2014-02-09 12:54,6.407,0.003,0,0,0,0,v
2014-02-09 13:00,6.414,0.006,0,0,0,0,v
2014-02-09 13:06,6.437,0.004,0,0,0,0,v
2014-02-09 13:12,6.445,0.004,0,0,0,0,v
2014-02-09 13:18,6.454,0.004,0,0,0,0,v
2014-02-09 13:24,6.441,0.003,0,0,0,0,v
2014-02-09 13:30,6.453,0.004,0,0,0,0,v
2014-02-09 13:36,6.452,0.004,0,0,0,0,v
2014-02-09 13:42,6.466,0.004,0,0,0,0,v
2014-02-09 13:48,6.470,0.005,0,0,0,0,v
2014-02-09 13:54,6.477,0.005,0,0,0,0,v
2014-02-09 14:00,6.478,0.003,0,0,0,0,v
2014-02-09 14:06,6.491,0.003,0,0,0,0,v
2014-02-09 14:12,6.481,0.004,0,0,0,0,v
2014-02-09 14:18,6.473,0.004,0,0,0,0,v
2014-02-09 14:24,6.496,0.005,0,0,0,0,v
2014-02-09 14:30,6.492,0.004,0,0,0,0,v
2014-02-09 14:36,6.513,0.004,0,0,0,0,v
2014-02-09 14:42,6.495,0.003,0,0,0,0,v
2014-02-09 14:48,6.535,0.006,0,0,0,0,v
2014-02-09 14:54,6.540,0.004,0,0,0,0,v
2014-02-09 15:00,6.568,0.004,0,0,0,0,v
2014-02-09 15:06,6.579,0.004,0,0,0,0,v
2014-02-09 15:12,6.570,0.003,0,0,0,0,v
2014-02-09 15:18,6.584,0.004,0,0,0,0,v
2014-02-09 15:24,6.585,0.004,0,0,0,0,v
2014-02-09 15:30,6.596,0.005,0,0,0,0,v
2014-02-09 15:36,6.618,0.005,0,0,0,0,v
2014-02-09 15:42,6.634,0.004,0,0,0,0,v
2014-02-09 15:48,6.642,0.004,0,0,0,0,v
2014-02-09 15:54,6.655,0.004,0,0,0,0,v
2014-02-09 16:00,6.631,0.003,0,0,0,0,v
2014-02-09 16:06,6.641,0.003,0,0,0,0,v
2014-02-09 16:12,6.654,0.004,0,0,0,0,v
2014-02-09 16:18,6.668,0.004,0,0,0,0,v
2014-02-09 16:24,6.660,0.004,0,0,0,0,v
2014-02-09 16:30,6.684,0.004,0,0,0,0,v
2014-02-09 16:36,6.688,0.004,0,0,0,0,v
2014-02-09 16:42,6.707,0.007,0,0,0,0,v
2014-02-09 16:48,6.717,0.003,0,0,0,0,v
2014-02-09 16:54,6.718,0.004,0,0,0,0,v
2014-02-09 17:00,6.717,0.007,0,0,0,0,v
2014-02-09 17:06,6.694,0.006,0,0,0,0,v
2014-02-09 17:12,6.713,0.005,0,0,0,0,v
2014-02-09 17:18,6.724,0.003,0,0,0,0,v
2014-02-09 17:24,6.735,0.005,0,0,0,0,v
2014-02-09 17:30,6.737,0.004,0,0,0,0,v
2014-02-09 17:36,6.721,0.005,0,0,0,0,v
2014-02-09 17:42,6.718,0.004,0,0,0,0,v
2014-02-09 17:48,6.729,0.003,0,0,0,0,v
2014-02-09 17:54,6.722,0.003,0,0,0,0,v
2014-02-09 18:00,6.738,0.005,0,0,0,0,v
2014-02-09 18:06,6.762,0.003,0,0,0,0,v
2014-02-09 18:12,6.767,0.003,0,0,0,0,v
2014-02-09 18:18,6.774,0.004,0,0,0,0,v
2014-02-09 18:24,6.789,0.003,0,0,0,0,v
2014-02-09 18:30,6.800,0.003,0,0,0,0,v
2014-02-09 18:36,6.824,0.005,0,0,0,0,v
2014-02-09 18:42,6.819,0.003,0,0,0,0,v
2014-02-09 18:48,6.825,0.003,0,0,0,0,v
2014-02-09 18:54,6.829,0.003,0,0,0,0,v
2014-02-09 19:00,6.831,0.004,0,0,0,0,v
2014-02-09 19:06,6.847,0.003,0,0,0,0,v
2014-02-09 19:12,6.859,0.004,0,0,0,0,v
2014-02-09 19:18,6.816,0.006,0,0,0,0,v
2014-02-09 19:24,6.823,0.005,0,0,0,0,v
2014-02-09 19:30,6.813,0.003,0,0,0,0,v
2014-02-09 19:36,6.795,0.004,0,0,0,0,v
2014-02-09 19:42,6.795,0.003,0,0,0,0,v
2014-02-09 19:48,6.794,0.004,0,0,0,0,v
2014-02-09 19:54,6.787,0.005,0,0,0,0,v
2014-02-09 20:00,6.783,0.004,0,0,0,0,v
2014-02-09 20:06,6.791,0.003,0,0,0,0,v
2014-02-09 20:12,6.797,0.004,0,0,0,0,v
2014-02-09 20:18,6.790,0.003,0,0,0,0,v
2014-02-09 20:24,6.774,0.006,0,0,0,0,v
2014-02-09 20:30,6.780,0.004,0,0,0,0,v
2014-02-09 20:36,6.793,0.005,0,0,0,0,v
2014-02-09 20:42,6.806,0.004,0,0,0,0,v
2014-02-09 20:48,6.812,0.004,0,0,0,0,v
2014-02-09 20:54,6.826,0.005,0,0,0,0,v
2014-02-09 21:00,6.839,0.003,0,0,0,0,v
2014-02-09 21:06,6.842,0.003,0,0,0,0,v
2014-02-09 21:12,6.832,0.003,0,0,0,0,v
2014-02-09 21:18,6.844,0.003,0,0,0,0,v
2014-02-09 21:24,6.825,0.005,0,0,0,0,v
2014-02-09 21:30,6.805,0.003,0,0,0,0,v
2014-02-09 21:36,6.812,0.003,0,0,0,0,v
2014-02-09 21:42,6.812,0.003,0,0,0,0,v
2014-02-09 21:48,6.829,0.003,0,0,0,0,v
2014-02-09 21:54,6.822,0.003,0,0,0,0,v
2014-02-09 22:00,6.810,0.003,0,0,0,0,v
2014-02-09 22:06,6.814,0.003,0,0,0,0,v
2014-02-09 22:12,6.801,0.006,0,0,0,0,v
2014-02-09 22:18,6.786,0.000,1,0,0,0,v
2014-02-09 22:24,6.772,0.007,0,0,0,0,v
2014-02-09 22:30,6.749,0.004,0,0,0,0,v
2014-02-09 22:36,6.787,0.004,0,0,0,0,v
2014-02-09 22:42,6.777,0.003,0,0,0,0,v
2014-02-09 22:48,6.760,0.006,0,0,0,0,v
2014-02-09 22:54,6.737,0.003,0,0,0,0,v
2014-02-09 23:00,6.738,0.006,0,0,0,0,v
2014-02-09 23:06,6.757,0.003,0,0,0,0,v
2014-02-09 23:12,6.762,0.003,0,0,0,0,v
2014-02-09 23:18,6.755,0.003,0,0,0,0,v
2014-02-09 23:24,6.757,0.003,0,0,0,0,v
2014-02-09 23:30,6.761,0.003,0,0,0,0,v
2014-02-09 23:36,6.790,0.002,0,0,0,0,v
2014-02-09 23:42,6.770,0.005,0,0,0,0,v
2014-02-09 23:48,6.762,0.003,0,0,0,0,v
2014-02-09 23:54,6.764,0.003,0,0,0,0,v
2014-02-10 00:00,6.761,0.003,0,0,0,0,v
2014-02-10 00:06,6.781,0.004,0,0,0,0,v
2014-02-10 00:12,6.776,0.003,0,0,0,0,v
2014-02-10 00:18,6.760,0.003,0,0,0,0,v
2014-02-10 00:24,6.764,0.005,0,0,0,0,v
2014-02-10 00:30,6.761,0.003,0,0,0,0,v
2014-02-10 00:36,6.757,0.004,0,0,0,0,v
2014-02-10 00:42,6.746,0.002,0,0,0,0,v
2014-02-10 00:48,6.753,0.003,0,0,0,0,v
2014-02-10 00:54,6.735,0.005,0,0,0,0,v
2014-02-10 01:00,6.726,0.002,0,0,0,0,v
2014-02-10 01:06,6.722,0.003,0,0,0,0,v
2014-02-10 01:12,6.729,0.003,0,0,0,0,v
2014-02-10 01:18,6.736,0.003,0,0,0,0,v
2014-02-10 01:24,6.733,0.004,0,0,0,0,v
2014-02-10 01:30,6.725,0.002,0,0,0,0,v
2014-02-10 01:36,6.707,0.003,0,0,0,0,v
2014-02-10 01:42,6.704,0.004,0,0,0,0,v
2014-02-10 01:48,6.712,0.003,0,0,0,0,v
2014-02-10 01:54,6.696,0.003,0,0,0,0,v
2014-02-10 02:00,6.704,0.002,0,0,0,0,v
2014-02-10 02:06,6.730,0.003,0,0,0,0,v
2014-02-10 02:12,6.717,0.003,0,0,0,0,v
2014-02-10 02:18,6.716,0.006,0,0,0,0,v
2014-02-10 02:24,6.680,0.003,0,0,0,0,v
2014-02-10 02:30,6.694,0.003,0,0,0,0,v
2014-02-10 02:36,6.709,0.003,0,0,0,0,v
2014-02-10 02:42,6.707,0.002,0,0,0,0,v
2014-02-10 02:48,6.704,0.003,0,0,0,0,v
2014-02-10 02:54,6.702,0.005,0,0,0,0,v
2014-02-10 03:00,6.687,0.003,0,0,0,0,v
2014-02-10 03:06,6.684,0.003,0,0,0,0,v
2014-02-10 03:12,6.671,0.002,0,0,0,0,v
2014-02-10 03:18,6.658,0.003,0,0,0,0,v
2014-02-10 03:24,6.656,0.002,0,0,0,0,v
2014-02-10 03:30,6.650,0.005,0,0,0,0,v
2014-02-10 03:36,6.642,0.002,0,0,0,0,v
2014-02-10 03:42,6.660,0.004,0,0,0,0,v
2014-02-10 03:48,6.667,0.005,0,0,0,0,v
2014-02-10 03:54,6.685,0.003,0,0,0,0,v
2014-02-10 04:00,6.702,0.003,0,0,0,0,v
2014-02-10 04:06,6.696,0.003,0,0,0,0,v
2014-02-10 04:12,6.703,0.002,0,0,0,0,v
2014-02-10 04:18,6.690,0.005,0,0,0,0,v
2014-02-10 04:24,6.673,0.003,0,0,0,0,v
2014-02-10 04:30,6.674,0.004,0,0,0,0,v
2014-02-10 04:36,6.672,0.003,0,0,0,0,v
2014-02-10 04:42,6.664,0.003,0,0,0,0,v
2014-02-10 04:48,6.678,0.003,0,0,0,0,v
2014-02-10 04:54,6.666,0.004,0,0,0,0,v
2014-02-10 05:00,6.674,0.002,0,0,0,0,v
2014-02-10 05:06,6.664,0.003,0,0,0,0,v
2014-02-10 05:12,6.671,0.002,0,0,0,0,v
2014-02-10 05:18,6.673,0.002,0,0,0,0,v
2014-02-10 05:24,6.645,0.004,0,0,0,0,v
2014-02-10 05:30,6.629,0.002,0,0,0,0,v
2014-02-10 05:36,6.624,0.002,0,0,0,0,v
2014-02-10 05:42,6.623,0.003,0,0,0,0,v
2014-02-10 05:48,6.628,0.003,0,0,0,0,v
2014-02-10 05:54,6.623,0.003,0,0,0,0,v
2014-02-10 06:00,6.624,0.002,0,0,0,0,v
2014-02-10 06:06,6.603,0.004,0,0,0,0,v
2014-02-10 06:12,6.601,0.002,0,0,0,0,v
2014-02-10 06:18,6.596,0.002,0,0,0,0,v
2014-02-10 06:24,6.593,0.002,0,0,0,0,v
2014-02-10 06:30,6.600,0.004,0,0,0,0,v
2014-02-10 06:36,6.592,0.003,0,0,0,0,v
2014-02-10 06:42,6.580,0.002,0,0,0,0,v
2014-02-10 06:48,6.575,0.004,0,0,0,0,v
2014-02-10 06:54,6.580,0.004,0,0,0,0,v
2014-02-10 07:00,6.564,0.003,0,0,0,0,v
2014-02-10 07:06,6.547,0.003,0,0,0,0,v
2014-02-10 07:12,6.522,0.004,0,0,0,0,v
2014-02-10 07:18,6.499,0.003,0,0,0,0,v
2014-02-10 07:24,6.496,0.002,0,0,0,0,v
2014-02-10 07:30,6.495,0.003,0,0,0,0,v
2014-02-10 07:36,6.485,0.004,0,0,0,0,v
2014-02-10 07:42,6.483,0.003,0,0,0,0,v
2014-02-10 07:48,6.471,0.002,0,0,0,0,v
2014-02-10 07:54,6.479,0.002,0,0,0,0,v
2014-02-10 08:00,6.473,0.002,0,0,0,0,v
2014-02-10 08:06,6.471,0.004,0,0,0,0,v
2014-02-10 08:12,6.488,0.002,0,0,0,0,v
2014-02-10 08:18,6.480,0.002,0,0,0,0,v
2014-02-10 08:24,6.455,0.005,0,0,0,0,v
2014-02-10 08:30,6.424,0.005,0,0,0,0,v
2014-02-10 08:36,6.412,0.002,0,0,0,0,v
2014-02-10 08:42,6.406,0.003,0,0,0,0,v
2014-02-10 08:48,6.410,0.002,0,0,0,0,v
2014-02-10 08:54,6.403,0.002,0,0,0,0,v
2014-02-10 09:00,6.391,0.004,0,0,0,0,v
2014-02-10 09:06,6.371,0.002,0,0,0,0,v
2014-02-10 09:12,6.383,0.004,0,0,0,0,v
2014-02-10 09:18,6.399,0.003,0,0,0,0,v
2014-02-10 09:24,6.399,0.003,0,0,0,0,v
2014-02-10 09:30,6.392,0.003,0,0,0,0,v
2014-02-10 09:36,6.388,0.002,0,0,0,0,v
2014-02-10 09:42,6.378,0.005,0,0,0,0,v
2014-02-10 09:48,6.359,0.003,0,0,0,0,v
2014-02-10 09:54,6.346,0.003,0,0,0,0,v
2014-02-10 10:00,6.349,0.003,0,0,0,0,v
2014-02-10 10:06,6.359,0.007,0,0,0,0,v
2014-02-10 10:12,6.361,0.005,0,0,0,0,v
2014-02-10 10:18,6.349,0.002,0,0,0,0,v
2014-02-10 10:24,6.347,0.002,0,0,0,0,v
2014-02-10 10:30,6.345,0.003,0,0,0,0,v
2014-02-10 10:36,6.335,0.003,0,0,0,0,v
2014-02-10 10:42,6.325,0.003,0,0,0,0,v
2014-02-10 10:48,6.305,0.003,0,0,0,0,v
2014-02-10 10:54,6.329,0.003,0,0,0,0,v
2014-02-10 11:00,6.309,0.003,0,0,0,0,v
2014-02-10 11:06,6.300,0.003,0,0,0,0,v
2014-02-10 11:12,6.295,0.003,0,0,0,0,v
2014-02-10 11:18,6.305,0.003,0,0,0,0,v
2014-02-10 11:24,6.297,0.002,0,0,0,0,v
2014-02-10 11:30,6.300,0.003,0,0,0,0,v
2014-02-10 11:36,6.304,0.003,0,0,0,0,v
2014-02-10 11:42,6.305,0.002,0,0,0,0,v
2014-02-10 11:48,6.303,0.003,0,0,0,0,v
2014-02-10 11:54,6.315,0.003,0,0,0,0,v
2014-02-10 12:00,6.318,0.003,0,0,0,0,v
2014-02-10 12:06,6.320,0.004,0,0,0,0,v
2014-02-10 12:12,6.314,0.002,0,0,0,0,v
2014-02-10 12:18,6.329,0.004,0,0,0,0,v
2014-02-10 12:24,6.332,0.003,0,0,0,0,v
2014-02-10 12:30,6.317,0.005,0,0,0,0,v
2014-02-10 12:36,6.319,0.003,0,0,0,0,v
2014-02-10 12:42,6.316,0.003,0,0,0,0,v
2014-02-10 12:48,6.323,0.004,0,0,0,0,v
2014-02-10 12:54,6.342,0.003,0,0,0,0,v
2014-02-10 13:00,6.330,0.003,0,0,0,0,v
2014-02-10 13:06,6.325,0.003,0,0,0,0,v
2014-02-10 13:12,6.316,0.004,0,0,0,0,v
2014-02-10 13:18,6.306,0.003,0,0,0,0,v
2014-02-10 13:24,6.320,0.003,0,0,0,0,v
2014-02-10 13:30,6.333,0.006,0,0,0,0,v
2014-02-10 13:36,6.323,0.004,0,0,0,0,v
2014-02-10 13:42,6.318,0.003,0,0,0,0,v
2014-02-10 13:48,6.309,0.003,0,0,0,0,v
2014-02-10 13:54,6.321,0.003,0,0,0,0,v
2014-02-10 14:00,6.324,0.003,0,0,0,0,v
2014-02-10 14:06,6.325,0.004,0,0,0,0,v
2014-02-10 14:12,6.347,0.006,0,0,0,0,v
2014-02-10 14:18,6.350,0.002,0,0,0,0,v
2014-02-10 14:24,6.371,0.003,0,0,0,0,v
2014-02-10 14:30,6.393,0.003,0,0,0,0,v
2014-02-10 14:36,6.404,0.003,0,0,0,0,v
2014-02-10 14:42,6.398,0.003,0,0,0,0,v
2014-02-10 14:48,6.433,0.003,0,0,0,0,v
2014-02-10 14:54,6.436,0.004,0,0,0,0,v
2014-02-10 15:00,6.457,0.003,0,0,0,0,v
2014-02-10 15:06,6.472,0.004,0,0,0,0,v
2014-02-10 15:12,6.484,0.003,0,0,0,0,v
2014-02-10 15:18,6.486,0.004,0,0,0,0,v
2014-02-10 15:24,6.477,0.003,0,0,0,0,v
2014-02-10 15:30,6.504,0.005,0,0,0,0,v
2014-02-10 15:36,6.509,0.004,0,0,0,0,v
2014-02-10 15:42,6.524,0.002,0,0,0,0,v
2014-02-10 15:48,6.530,0.004,0,0,0,0,v
2014-02-10 15:54,6.548,0.002,0,0,0,0,v
2014-02-10 16:00,6.560,0.003,0,0,0,0,v
2014-02-10 16:06,6.546,0.003,0,0,0,0,v
2014-02-10 16:12,6.557,0.002,0,0,0,0,v
2014-02-10 16:18,6.563,0.003,0,0,0,0,v
2014-02-10 16:24,6.568,0.002,0,0,0,0,v
2014-02-10 16:30,6.582,0.004,0,0,0,0,v
2014-02-10 16:36,6.595,0.003,0,0,0,0,v
2014-02-10 16:42,6.613,0.003,0,0,0,0,v
2014-02-10 16:48,6.609,0.003,0,0,0,0,v
2014-02-10 16:54,6.606,0.003,0,0,0,0,v
2014-02-10 17:00,6.619,0.003,0,0,0,0,v
2014-02-10 17:06,6.625,0.002,0,0,0,0,v
2014-02-10 17:12,6.636,0.002,0,0,0,0,v
2014-02-10 17:18,6.648,0.003,0,0,0,0,v
2014-02-10 17:24,6.658,0.004,0,0,0,0,v
2014-02-10 17:30,6.674,0.004,0,0,0,0,v
2014-02-10 17:36,6.671,0.003,0,0,0,0,v
2014-02-10 17:42,6.677,0.002,0,0,0,0,v
2014-02-10 17:48,6.678,0.003,0,0,0,0,v
2014-02-10 17:54,6.680,0.003,0,0,0,0,v
2014-02-10 18:00,6.672,0.003,0,0,0,0,v
2014-02-10 18:06,6.671,0.002,0,0,0,0,v
2014-02-10 18:12,6.683,0.002,0,0,0,0,v
2014-02-10 18:18,6.689,0.003,0,0,0,0,v
2014-02-10 18:24,6.699,0.004,0,0,0,0,v
2014-02-10 18:30,6.711,0.002,0,0,0,0,v
2014-02-10 18:36,6.708,0.004,0,0,0,0,v
2014-02-10 18:42,6.720,0.002,0,0,0,0,v
2014-02-10 18:48,6.733,0.003,0,0,0,0,v
2014-02-10 18:54,6.743,0.007,0,0,0,0,v
2014-02-10 19:00,6.781,0.003,0,0,0,0,v
2014-02-10 19:06,6.756,0.004,0,0,0,0,v
2014-02-10 19:12,6.757,0.003,0,0,0,0,v
2014-02-10 19:18,6.760,0.003,0,0,0,0,v
2014-02-10 19:24,6.772,0.003,0,0,0,0,v
2014-02-10 19:30,6.773,0.004,0,0,0,0,v
2014-02-10 19:36,6.762,0.003,0,0,0,0,v
2014-02-10 19:42,6.759,0.004,0,0,0,0,v
2014-02-10 19:48,6.773,0.003,0,0,0,0,v
2014-02-10 19:54,6.778,0.003,0,0,0,0,v
2014-02-10 20:00,6.773,0.004,0,0,0,0,v
2014-02-10 20:06,6.811,0.003,0,0,0,0,v
2014-02-10 20:12,6.805,0.003,0,0,0,0,v
2014-02-10 20:18,6.812,0.002,0,0,0,0,v
2014-02-10 20:24,6.790,0.002,0,0,0,0,v
2014-02-10 20:30,6.780,0.004,0,0,0,0,v
2014-02-10 20:36,6.773,0.004,0,0,0,0,v
2014-02-10 20:42,6.771,0.003,0,0,0,0,v
2014-02-10 20:48,6.774,0.003,0,0,0,0,v
2014-02-10 20:54,6.772,0.003,0,0,0,0,v
2014-02-10 21:00,6.778,0.003,0,0,0,0,v
2014-02-10 21:06,6.788,0.003,0,0,0,0,v
2014-02-10 21:12,6.779,0.003,0,0,0,0,v
2014-02-10 21:18,6.790,0.003,0,0,0,0,v
2014-02-10 21:24,6.766,0.002,0,0,0,0,v
2014-02-10 21:30,6.775,0.003,0,0,0,0,v
2014-02-10 21:36,6.785,0.005,0,0,0,0,v
2014-02-10 21:42,6.779,0.004,0,0,0,0,v
2014-02-10 21:48,6.760,0.003,0,0,0,0,v
2014-02-10 21:54,6.771,0.003,0,0,0,0,v
2014-02-10 22:00,6.777,0.003,0,0,0,0,v
2014-02-10 22:06,6.777,0.003,0,0,0,0,v
2014-02-10 22:12,6.777,0.002,0,0,0,0,v
2014-02-10 22:18,6.786,0.003,0,0,0,0,v
2014-02-10 22:24,6.787,0.003,0,0,0,0,v
2014-02-10 22:30,6.801,0.002,0,0,0,0,v
2014-02-10 22:36,6.793,0.003,0,0,0,0,v
2014-02-10 22:42,6.778,0.003,0,0,0,0,v
2014-02-10 22:48,6.778,0.003,0,0,0,0,v
2014-02-10 22:54,6.778,0.004,0,0,0,0,v
2014-02-10 23:00,6.763,0.002,0,0,0,0,v
2014-02-10 23:06,6.769,0.003,0,0,0,0,v
2014-02-10 23:12,6.770,0.004,0,0,0,0,v
2014-02-10 23:18,6.765,0.003,0,0,0,0,v
2014-02-10 23:24,6.760,0.004,0,0,0,0,v
2014-02-10 23:30,6.762,0.003,0,0,0,0,v
2014-02-10 23:36,6.782,0.002,0,0,0,0,v
2014-02-10 23:42,6.773,0.003,0,0,0,0,v
2014-02-10 23:48,6.764,0.003,0,0,0,0,v
2014-02-10 23:54,6.767,0.004,0,0,0,0,v
2014-02-11 00:00,6.793,0.005,0,0,0,0,v
2014-02-11 00:06,6.808,0.002,0,0,0,0,v
2014-02-11 00:12,6.788,0.005,0,0,0,0,v
2014-02-11 00:18,6.795,0.004,0,0,0,0,v
2014-02-11 00:24,6.790,0.004,0,0,0,0,v
2014-02-11 00:30,6.787,0.003,0,0,0,0,v
2014-02-11 00:36,6.793,0.004,0,0,0,0,v
2014-02-11 00:42,6.768,0.003,0,0,0,0,v
2014-02-11 00:48,6.777,0.003,0,0,0,0,v
2014-02-11 00:54,6.768,0.003,0,0,0,0,v
2014-02-11 01:00,6.758,0.003,0,0,0,0,v
2014-02-11 01:06,6.760,0.003,0,0,0,0,v
2014-02-11 01:12,6.769,0.004,0,0,0,0,v
2014-02-11 01:18,6.773,0.003,0,0,0,0,v
2014-02-11 01:24,6.782,0.007,0,0,0,0,v
2014-02-11 01:30,6.763,0.003,0,0,0,0,v
2014-02-11 01:36,6.776,0.003,0,0,0,0,v
2014-02-11 01:42,6.771,0.004,0,0,0,0,v
2014-02-11 01:48,6.761,0.003,0,0,0,0,v
2014-02-11 01:54,6.754,0.003,0,0,0,0,v
2014-02-11 02:00,6.738,0.003,0,0,0,0,v
2014-02-11 02:06,6.731,0.003,0,0,0,0,v
2014-02-11 02:12,6.730,0.002,0,0,0,0,v
2014-02-11 02:18,6.724,0.003,0,0,0,0,v
2014-02-11 02:24,6.719,0.003,0,0,0,0,v
2014-02-11 02:30,6.727,0.003,0,0,0,0,v
2014-02-11 02:36,6.706,0.003,0,0,0,0,v
2014-02-11 02:42,6.704,0.003,0,0,0,0,v
2014-02-11 02:48,6.702,0.003,0,0,0,0,v
2014-02-11 02:54,6.702,0.004,0,0,0,0,v
2014-02-11 03:00,6.691,0.004,0,0,0,0,v
2014-02-11 03:06,6.697,0.004,0,0,0,0,v
2014-02-11 03:12,6.703,0.003,0,0,0,0,v
2014-02-11 03:18,6.699,0.004,0,0,0,0,v
2014-02-11 03:24,6.719,0.003,0,0,0,0,v
2014-02-11 03:30,6.710,0.003,0,0,0,0,v
2014-02-11 03:36,6.694,0.003,0,0,0,0,v
2014-02-11 03:42,6.722,0.003,0,0,0,0,v
2014-02-11 03:48,6.707,0.004,0,0,0,0,v
2014-02-11 03:54,6.712,0.004,0,0,0,0,v
2014-02-11 04:00,6.705,0.004,0,0,0,0,v
2014-02-11 04:06,6.710,0.004,0,0,0,0,v
2014-02-11 04:12,6.720,0.003,0,0,0,0,v
2014-02-11 04:18,6.726,0.003,0,0,0,0,v
2014-02-11 04:24,6.726,0.003,0,0,0,0,v
2014-02-11 04:30,6.742,0.004,0,0,0,0,v
2014-02-11 04:36,6.752,0.004,0,0,0,0,v
2014-02-11 04:42,6.745,0.003,0,0,0,0,v
2014-02-11 04:48,6.733,0.003,0,0,0,0,v
2014-02-11 04:54,6.736,0.003,0,0,0,0,v
2014-02-11 05:00,6.735,0.003,0,0,0,0,v
2014-02-11 05:06,6.738,0.003,0,0,0,0,v
2014-02-11 05:12,6.739,0.003,0,0,0,0,v
2014-02-11 05:18,6.748,0.004,0,0,0,0,v
2014-02-11 05:24,6.743,0.003,0,0,0,0,v
2014-02-11 05:30,6.754,0.003,0,0,0,0,v
2014-02-11 05:36,6.750,0.003,0,0,0,0,v
2014-02-11 05:42,6.747,0.003,0,0,0,0,v
2014-02-11 05:48,6.764,0.003,0,0,0,0,v
2014-02-11 05:54,6.760,0.003,0,0,0,0,v
2014-02-11 06:00,6.753,0.004,0,0,0,0,v
2014-02-11 06:06,6.756,0.003,0,0,0,0,v
2014-02-11 06:12,6.740,0.007,0,0,0,0,v
2014-02-11 06:18,6.742,0.004,0,0,0,0,v
2014-02-11 06:24,6.734,0.005,0,0,0,0,v
2014-02-11 06:30,6.721,0.003,0,0,0,0,v
2014-02-11 06:36,6.706,0.003,0,0,0,0,v
2014-02-11 06:42,6.701,0.003,0,0,0,0,v
2014-02-11 06:48,6.682,0.004,0,0,0,0,v
2014-02-11 06:54,6.671,0.004,0,0,0,0,v
2014-02-11 07:00,6.649,0.004,0,0,0,0,v
2014-02-11 07:06,6.639,0.004,0,0,0,0,v
2014-02-11 07:12,6.639,0.004,0,0,0,0,v
2014-02-11 07:18,6.626,0.003,0,0,0,0,v
2014-02-11 07:24,6.621,0.004,0,0,0,0,v
2014-02-11 07:30,6.620,0.004,0,0,0,0,v
2014-02-11 07:36,6.617,0.003,0,0,0,0,v
2014-02-11 07:42,6.603,0.004,0,0,0,0,v
2014-02-11 07:48,6.583,0.004,0,0,0,0,v
2014-02-11 07:54,6.566,0.004,0,0,0,0,v
2014-02-11 08:00,6.577,0.004,0,0,0,0,v
2014-02-11 08:06,6.574,0.004,0,0,0,0,v
2014-02-11 08:12,6.558,0.004,0,0,0,0,v
2014-02-11 08:18,6.559,0.003,0,0,0,0,v
2014-02-11 08:24,6.548,0.004,0,0,0,0,v
2014-02-11 08:30,6.534,0.004,0,0,0,0,v
2014-02-11 08:36,6.546,0.004,0,0,0,0,v
2014-02-11 08:42,6.537,0.003,0,0,0,0,v
2014-02-11 08:48,6.541,0.005,0,0,0,0,v
2014-02-11 08:54,6.533,0.005,0,0,0,0,v
2014-02-11 09:00,6.531,0.005,0,0,0,0,v
2014-02-11 09:06,6.534,0.003,0,0,0,0,v
2014-02-11 09:12,6.503,0.004,0,0,0,0,v
2014-02-11 09:18,6.520,0.004,0,0,0,0,v
2014-02-11 09:24,6.514,0.004,0,0,0,0,v
2014-02-11 09:30,6.500,0.006,0,0,0,0,v
2014-02-11 09:36,6.510,0.004,0,0,0,0,v
2014-02-11 09:42,6.493,0.003,0,0,0,0,v
2014-02-11 09:48,6.481,0.004,0,0,0,0,v
2014-02-11 09:54,6.489,0.005,0,0,0,0,v
2014-02-11 10:00,6.485,0.004,0,0,0,0,v
2014-02-11 10:06,6.464,0.008,0,0,0,0,v
2014-02-11 10:12,6.467,0.004,0,0,0,0,v
2014-02-11 10:18,6.462,0.006,0,0,0,0,v
2014-02-11 10:24,6.456,0.004,0,0,0,0,v
2014-02-11 10:30,6.447,0.004,0,0,0,0,v
2014-02-11 10:36,6.432,0.008,0,0,0,0,v
2014-02-11 10:42,6.454,0.008,0,0,0,0,v
2014-02-11 10:48,6.435,0.009,0,0,0,0,v
2014-02-11 10:54,6.451,0.005,0,0,0,0,v
2014-02-11 11:00,6.443,0.007,0,0,0,0,v
2014-02-11 11:06,6.420,0.008,0,0,0,0,v
2014-02-11 11:12,6.422,0.007,0,0,0,0,v
2014-02-11 11:18,6.416,0.005,0,0,0,0,v
2014-02-11 11:24,6.408,0.005,0,0,0,0,v
2014-02-11 11:30,6.422,0.005,0,0,0,0,v
2014-02-11 11:36,6.428,0.004,0,0,0,0,v
2014-02-11 11:42,6.442,0.006,0,0,0,0,v
2014-02-11 11:48,6.406,0.005,0,0,0,0,v
2014-02-11 11:54,6.422,0.006,0,0,0,0,v
2014-02-11 12:00,6.434,0.005,0,0,0,0,v
2014-02-11 12:06,6.423,0.006,0,0,0,0,v
2014-02-11 12:12,6.401,0.006,0,0,0,0,v
2014-02-11 12:18,6.416,0.007,0,0,0,0,v
2014-02-11 12:24,6.396,0.010,0,0,0,0,v
2014-02-11 12:30,6.371,0.008,0,0,0,0,v
2014-02-11 12:36,6.373,0.006,0,0,0,0,v
2014-02-11 12:42,6.388,0.006,0,0,0,0,v
2014-02-11 12:48,6.384,0.007,0,0,0,0,v
2014-02-11 12:54,6.347,0.005,0,0,0,0,v
2014-02-11 13:00,6.373,0.004,0,0,0,0,v
2014-02-11 13:06,6.349,0.004,0,0,0,0,v
2014-02-11 13:12,6.352,0.008,0,0,0,0,v
2014-02-11 13:18,6.339,0.006,0,0,0,0,v
2014-02-11 13:24,6.374,0.005,0,0,0,0,v
2014-02-11 13:30,6.374,0.004,0,0,0,0,v
2014-02-11 13:36,6.375,0.007,0,0,0,0,v
2014-02-11 13:42,6.370,0.005,0,0,0,0,v
2014-02-11 13:48,6.347,0.005,0,0,0,0,v
2014-02-11 13:54,6.374,0.008,0,0,0,0,v
2014-02-11 14:00,6.389,0.005,0,0,0,0,v
2014-02-11 14:06,6.392,0.005,0,0,0,0,v
2014-02-11 14:12,6.403,0.005,0,0,0,0,v
2014-02-11 14:18,6.395,0.007,0,0,0,0,v
2014-02-11 14:24,6.405,0.006,0,0,0,0,v
2014-02-11 14:30,6.409,0.006,0,0,0,0,v
2014-02-11 14:36,6.380,0.004,0,0,0,0,v
2014-02-11 14:42,6.380,0.008,0,0,0,0,v
2014-02-11 14:48,6.432,0.006,0,0,0,0,v
2014-02-11 14:54,6.442,0.007,0,0,0,0,v
2014-02-11 15:00,6.451,0.006,0,0,0,0,v
2014-02-11 15:06,6.463,0.007,0,0,0,0,v
2014-02-11 15:12,6.463,0.008,0,0,0,0,v
2014-02-11 15:18,6.445,0.009,0,0,0,0,v
2014-02-11 15:24,6.446,0.005,0,0,0,0,v
2014-02-11 15:30,6.466,0.006,0,0,0,0,v
2014-02-11 15:36,6.466,0.004,0,0,0,0,v
2014-02-11 15:42,6.488,0.005,0,0,0,0,v
2014-02-11 15:48,6.488,0.004,0,0,0,0,v
2014-02-11 15:54,6.472,0.005,0,0,0,0,v
2014-02-11 16:00,6.513,0.005,0,0,0,0,v
2014-02-11 16:06,6.507,0.008,0,0,0,0,v
2014-02-11 16:12,6.502,0.004,0,0,0,0,v
2014-02-11 16:18,6.526,0.012,0,0,0,0,v
2014-02-11 16:24,6.541,0.005,0,0,0,0,v
2014-02-11 16:30,6.580,0.005,0,0,0,0,v
2014-02-11 16:36,6.606,0.005,0,0,0,0,v
2014-02-11 16:42,6.607,0.005,0,0,0,0,v
2014-02-11 16:48,6.624,0.004,0,0,0,0,v
2014-02-11 16:54,6.620,0.006,0,0,0,0,v
2014-02-11 17:00,6.617,0.008,0,0,0,0,v
2014-02-11 17:06,6.629,0.006,0,0,0,0,v
2014-02-11 17:12,6.629,0.005,0,0,0,0,v
2014-02-11 17:18,6.636,0.006,0,0,0,0,v
2014-02-11 17:24,6.634,0.007,0,0,0,0,v
2014-02-11 17:30,6.624,0.006,0,0,0,0,v
2014-02-11 17:36,6.623,0.008,0,0,0,0,v
2014-02-11 17:42,6.620,0.005,0,0,0,0,v
2014-02-11 17:48,6.633,0.007,0,0,0,0,v
2014-02-11 17:54,6.657,0.010,0,0,0,0,v
2014-02-11 18:00,6.665,0.007,0,0,0,0,v
2014-02-11 18:06,6.678,0.007,0,0,0,0,v
2014-02-11 18:12,6.665,0.004,0,0,0,0,v
2014-02-11 18:18,6.668,0.007,0,0,0,0,v
2014-02-11 18:24,6.666,0.006,0,0,0,0,v
2014-02-11 18:30,6.676,0.008,0,0,0,0,v
2014-02-11 18:36,6.654,0.006,0,0,0,0,v
2014-02-11 18:42,6.689,0.004,0,0,0,0,v
2014-02-11 18:48,6.709,0.007,0,0,0,0,v
2014-02-11 18:54,6.676,0.008,0,0,0,0,v
2014-02-11 19:00,6.722,0.011,0,0,0,0,v
2014-02-11 19:06,6.724,0.006,0,0,0,0,v
2014-02-11 19:12,6.717,0.008,0,0,0,0,v
2014-02-11 19:18,6.743,0.005,0,0,0,0,v
2014-02-11 19:24,6.754,0.011,0,0,0,0,v
2014-02-11 19:30,6.729,0.007,0,0,0,0,v
2014-02-11 19:36,6.737,0.013,0,0,0,0,v
2014-02-11 19:42,6.777,0.008,0,0,0,0,v
2014-02-11 19:48,6.796,0.006,0,0,0,0,v
2014-02-11 19:54,6.773,0.006,0,0,0,0,v
2014-02-11 20:00,6.774,0.007,0,0,0,0,v
2014-02-11 20:06,6.773,0.008,0,0,0,0,v
2014-02-11 20:12,6.759,0.007,0,0,0,0,v
2014-02-11 20:18,6.769,0.009,0,0,0,0,v
2014-02-11 20:24,6.785,0.009,0,0,0,0,v
2014-02-11 20:30,6.790,0.011,0,0,0,0,v
2014-02-11 20:36,6.775,0.006,0,0,0,0,v
2014-02-11 20:42,6.756,0.012,0,0,0,0,v
2014-02-11 20:48,6.762,0.015,0,0,0,0,v
2014-02-11 20:54,6.758,0.012,0,0,0,0,v
2014-02-11 21:00,6.758,0.008,0,0,0,0,v
2014-02-11 21:06,6.764,0.006,0,0,0,0,v
2014-02-11 21:12,6.762,0.007,0,0,0,0,v
2014-02-11 21:18,6.764,0.006,0,0,0,0,v
2014-02-11 21:24,6.718,0.010,0,0,0,0,v
2014-02-11 21:30,6.728,0.011,0,0,0,0,v
2014-02-11 21:36,6.748,0.005,0,0,0,0,v
2014-02-11 21:42,6.757,0.005,0,0,0,0,v
2014-02-11 21:48,6.762,0.008,0,0,0,0,v
2014-02-11 21:54,6.781,0.012,0,0,0,0,v
2014-02-11 22:00,6.766,0.012,0,0,0,0,v
2014-02-11 22:06,6.811,0.010,0,0,0,0,v
2014-02-11 22:12,6.787,0.007,0,0,0,0,v
2014-02-11 22:18,6.772,0.007,0,0,0,0,v
2014-02-11 22:24,6.750,0.007,0,0,0,0,v
2014-02-11 22:30,6.746,0.005,0,0,0,0,v
2014-02-11 22:36,6.757,0.009,0,0,0,0,v
2014-02-11 22:42,6.746,0.006,0,0,0,0,v
2014-02-11 22:48,6.723,0.008,0,0,0,0,v
2014-02-11 22:54,6.717,0.006,0,0,0,0,v
2014-02-11 23:00,6.714,0.010,0,0,0,0,v
2014-02-11 23:06,6.730,0.005,0,0,0,0,v
2014-02-11 23:12,6.740,0.009,0,0,0,0,v
2014-02-11 23:18,6.726,0.012,0,0,0,0,v
2014-02-11 23:24,6.696,0.013,0,0,0,0,v
2014-02-11 23:30,6.711,0.008,0,0,0,0,v
2014-02-11 23:36,6.704,0.011,0,0,0,0,v
2014-02-11 23:42,6.717,0.006,0,0,0,0,v
2014-02-11 23:48,6.735,0.006,0,0,0,0,v
2014-02-11 23:54,6.706,0.007,0,0,0,0,v
2014-02-12 00:00,6.679,0.006,0,0,0,0,v
2014-02-12 00:06,6.726,0.016,0,0,0,0,v
2014-02-12 00:12,6.751,0.005,0,0,0,0,v
2014-02-12 00:18,6.768,0.006,0,0,0,0,v
2014-02-12 00:24,6.682,0.009,0,0,0,0,v
2014-02-12 00:30,6.699,0.006,0,0,0,0,v
2014-02-12 00:36,6.703,0.010,0,0,0,0,v
2014-02-12 00:42,6.721,0.012,0,0,0,0,v
2014-02-12 00:48,6.711,0.007,0,0,0,0,v
2014-02-12 00:54,6.695,0.009,0,0,0,0,v
2014-02-12 01:00,6.730,0.007,0,0,0,0,v
2014-02-12 01:06,6.709,0.009,0,0,0,0,v
2014-02-12 01:12,6.664,0.012,0,0,0,0,v
2014-02-12 01:18,6.702,0.007,0,0,0,0,v
2014-02-12 01:24,6.705,0.009,0,0,0,0,v
2014-02-12 01:30,6.703,0.007,0,0,0,0,v
2014-02-12 01:36,6.677,0.005,0,0,0,0,v
2014-02-12 01:42,6.686,0.008,0,0,0,0,v
2014-02-12 01:48,6.694,0.007,0,0,0,0,v
2014-02-12 01:54,6.677,0.006,0,0,0,0,v
2014-02-12 02:00,6.629,0.004,0,0,0,0,v
2014-02-12 02:06,6.657,0.005,0,0,0,0,v
2014-02-12 02:12,6.675,0.009,0,0,0,0,v
2014-02-12 02:18,6.689,0.008,0,0,0,0,v
2014-02-12 02:24,6.660,0.011,0,0,0,0,v
2014-02-12 02:30,6.634,0.009,0,0,0,0,v
2014-02-12 02:36,6.669,0.008,0,0,0,0,v
2014-02-12 02:42,6.674,0.008,0,0,0,0,v
2014-02-12 02:48,6.637,0.006,0,0,0,0,v
2014-02-12 02:54,6.645,0.005,0,0,0,0,v
2014-02-12 03:00,6.651,0.007,0,0,0,0,v
2014-02-12 03:06,6.657,0.008,0,0,0,0,v
2014-02-12 03:12,6.679,0.007,0,0,0,0,v
2014-02-12 03:18,6.649,0.010,0,0,0,0,v
2014-02-12 03:24,6.640,0.009,0,0,0,0,v
2014-02-12 03:30,6.656,0.007,0,0,0,0,v
2014-02-12 03:36,6.610,0.005,0,0,0,0,v
2014-02-12 03:42,6.583,0.006,0,0,0,0,v
2014-02-12 03:48,6.608,0.009,0,0,0,0,v
2014-02-12 03:54,6.617,0.005,0,0,0,0,v
2014-02-12 04:00,6.614,0.004,0,0,0,0,v
2014-02-12 04:06,6.625,0.008,0,0,0,0,v
2014-02-12 04:12,6.611,0.006,0,0,0,0,v
2014-02-12 04:18,6.609,0.007,0,0,0,0,v
2014-02-12 04:24,6.626,0.008,0,0,0,0,v
2014-02-12 04:30,6.601,0.004,0,0,0,0,v
2014-02-12 04:36,6.626,0.006,0,0,0,0,v
2014-02-12 04:42,6.633,0.006,0,0,0,0,v
2014-02-12 04:48,6.661,0.005,0,0,0,0,v
2014-02-12 04:54,6.651,0.008,0,0,0,0,v
2014-02-12 05:00,6.644,0.007,0,0,0,0,v
2014-02-12 05:06,6.602,0.006,0,0,0,0,v
2014-02-12 05:12,6.590,0.005,0,0,0,0,v
2014-02-12 05:18,6.656,0.006,0,0,0,0,v
2014-02-12 05:24,6.678,0.008,0,0,0,0,v
2014-02-12 05:30,6.683,0.008,0,0,0,0,v
2014-02-12 05:36,6.675,0.006,0,0,0,0,v
2014-02-12 05:42,6.659,0.008,0,0,0,0,v
2014-02-12 05:48,6.693,0.006,0,0,0,0,v
2014-02-12 05:54,6.689,0.007,0,0,0,0,v
2014-02-12 06:00,6.684,0.006,0,0,0,0,v
2014-02-12 06:06,6.675,0.005,0,0,0,0,v
2014-02-12 06:12,6.667,0.005,0,0,0,0,v
2014-02-12 06:18,6.673,0.006,0,0,0,0,v
2014-02-12 06:24,6.664,0.004,0,0,0,0,v
2014-02-12 06:30,6.693,0.007,0,0,0,0,v
2014-02-12 06:36,6.686,0.007,0,0,0,0,v
2014-02-12 06:42,6.705,0.005,0,0,0,0,v
2014-02-12 06:48,6.673,0.007,0,0,0,0,v
2014-02-12 06:54,6.655,0.006,0,0,0,0,v
2014-02-12 07:00,6.637,0.009,0,0,0,0,v
2014-02-12 07:06,6.645,0.004,0,0,0,0,v
2014-02-12 07:12,6.651,0.005,0,0,0,0,v
2014-02-12 07:18,6.636,0.008,0,0,0,0,v
2014-02-12 07:24,6.611,0.007,0,0,0,0,v
2014-02-12 07:30,6.610,0.008,0,0,0,0,v
2014-02-12 07:36,6.586,0.004,0,0,0,0,v
2014-02-12 07:42,6.569,0.012,0,0,0,0,v
2014-02-12 07:48,6.572,0.007,0,0,0,0,v
2014-02-12 07:54,6.567,0.004,0,0,0,0,v
2014-02-12 08:00,6.576,0.016,0,0,0,0,v
2014-02-12 08:06,6.534,0.013,0,0,0,0,v
2014-02-12 08:12,6.557,0.008,0,0,0,0,v
2014-02-12 08:18,6.554,0.012,0,0,0,0,v
2014-02-12 08:24,6.472,0.006,0,0,0,0,v
2014-02-12 08:30,6.495,0.009,0,0,0,0,v
2014-02-12 08:36,6.471,0.010,0,0,0,0,v
2014-02-12 08:42,6.464,0.006,0,0,0,0,v
2014-02-12 08:48,6.474,0.004,0,0,0,0,v
2014-02-12 08:54,6.438,0.008,0,0,0,0,v
2014-02-12 09:00,6.435,0.006,0,0,0,0,v
2014-02-12 09:06,6.414,0.007,0,0,0,0,v
2014-02-12 09:12,6.401,0.004,0,0,0,0,v
2014-02-12 09:18,6.427,0.005,0,0,0,0,v
2014-02-12 09:24,6.400,0.005,0,0,0,0,v
2014-02-12 09:30,6.397,0.004,0,0,0,0,v
2014-02-12 09:36,6.423,0.007,0,0,0,0,v
2014-02-12 09:42,6.416,0.005,0,0,0,0,v
2014-02-12 09:48,6.378,0.014,0,0,0,0,v
2014-02-12 09:54,6.349,0.006,0,0,0,0,v
2014-02-12 10:00,6.369,0.007,0,0,0,0,v
2014-02-12 10:06,6.337,0.011,0,0,0,0,v
2014-02-12 10:12,6.374,0.009,0,0,0,0,v
2014-02-12 10:18,6.377,0.004,0,0,0,0,v
2014-02-12 10:24,6.364,0.011,0,0,0,0,v
2014-02-12 10:30,6.301,0.005,0,0,0,0,v
2014-02-12 10:36,6.393,0.009,0,0,0,0,v
2014-02-12 10:42,6.386,0.006,0,0,1,0,v
2014-02-12 10:48,6.361,0.004,0,0,0,0,v
2014-02-12 10:54,6.356,0.011,0,0,0,0,v
2014-02-12 11:00,6.342,0.009,0,0,0,0,v
2014-02-12 11:06,6.358,0.014,0,0,0,0,v
2014-02-12 11:12,6.354,0.007,0,0,0,0,v
2014-02-12 11:18,6.373,0.004,0,0,0,0,v
2014-02-12 11:24,6.402,0.005,0,0,0,0,v
2014-02-12 11:30,6.339,0.007,0,0,0,0,v
2014-02-12 11:36,6.350,0.004,0,0,0,0,v
2014-02-12 11:42,6.387,0.013,0,0,0,0,v
2014-02-12 11:48,6.422,0.007,0,0,0,0,v
2014-02-12 11:54,6.455,0.011,0,0,0,0,v
2014-02-12 12:00,6.332,0.004,0,0,0,0,v
2014-02-12 12:06,6.380,0.007,0,0,1,0,v
2014-02-12 12:12,6.375,0.007,0,0,0,0,v
2014-02-12 12:18,6.366,0.004,0,0,0,0,v
2014-02-12 12:24,6.405,0.008,0,0,0,0,v
2014-02-12 12:30,6.391,0.004,0,0,0,0,v
2014-02-12 12:36,6.349,0.007,0,0,0,0,v
2014-02-12 12:42,6.345,0.006,0,0,0,0,v
2014-02-12 12:48,6.358,0.004,0,0,0,0,v
2014-02-12 12:54,6.304,0.007,0,0,0,0,v
2014-02-12 13:00,6.307,0.007,0,0,0,0,v
2014-02-12 13:06,6.326,0.004,0,0,0,0,v
2014-02-12 13:12,6.364,0.004,0,0,0,0,v
2014-02-12 13:18,6.332,0.006,0,0,0,0,v
2014-02-12 13:24,6.327,0.005,0,0,0,0,v
2014-02-12 13:30,6.306,0.003,0,0,0,0,v
2014-02-12 13:36,6.316,0.003,0,0,0,0,v
2014-02-12 13:42,6.331,0.009,0,0,0,0,v
2014-02-12 13:48,6.302,0.011,0,0,0,0,v
2014-02-12 13:54,6.322,0.013,0,0,0,0,v
2014-02-12 14:00,6.332,0.011,0,0,0,0,v
2014-02-12 14:06,6.292,0.007,0,0,0,0,v
2014-02-12 14:12,6.293,0.006,0,0,0,0,v
2014-02-12 14:18,6.331,0.006,0,0,0,0,v
2014-02-12 14:24,6.299,0.005,0,0,0,0,v
2014-02-12 14:30,6.275,0.004,0,0,0,0,v
2014-02-12 14:36,6.317,0.005,0,0,0,0,v
2014-02-12 14:42,6.282,0.011,0,0,0,0,v
2014-02-12 14:48,6.336,0.004,0,0,0,0,v
2014-02-12 14:54,6.327,0.007,0,0,0,0,v
2014-02-12 15:00,6.338,0.008,0,0,0,0,v
2014-02-12 15:06,6.292,0.006,0,0,0,0,v
2014-02-12 15:12,6.289,0.011,0,0,0,0,v
2014-02-12 15:18,6.315,0.005,0,0,0,0,v
2014-02-12 15:24,6.324,0.006,0,0,0,0,v
2014-02-12 15:30,6.335,0.003,0,0,0,0,v
2014-02-12 15:36,6.335,0.006,0,0,0,0,v
2014-02-12 15:42,6.345,0.006,0,0,0,0,v
2014-02-12 15:48,6.366,0.000,0,0,0,0,v
2014-02-12 15:54,6.366,0.004,0,0,0,0,v
2014-02-12 16:00,6.381,0.002,0,0,0,0,v
2014-02-12 16:06,6.397,0.005,0,0,0,0,v
2014-02-12 16:12,6.411,0.009,0,0,0,0,v
2014-02-12 16:18,6.420,0.004,0,0,0,0,v
2014-02-12 16:24,6.423,0.004,0,0,0,0,v
2014-02-12 16:30,6.414,0.003,0,0,0,0,v
2014-02-12 16:36,6.409,0.005,0,0,0,0,v
2014-02-12 16:42,6.427,0.005,0,0,0,0,v
2014-02-12 16:48,6.461,0.005,0,0,0,0,v
2014-02-12 16:54,6.448,0.004,0,0,0,0,v
2014-02-12 17:00,6.477,0.003,0,0,0,0,v
2014-02-12 17:06,6.494,0.003,0,0,0,0,v
2014-02-12 17:12,6.519,0.008,0,0,0,0,v
2014-02-12 17:18,6.529,0.004,0,0,0,0,v
2014-02-12 17:24,6.555,0.003,0,0,0,0,v
2014-02-12 17:30,6.556,0.003,0,0,0,0,v
2014-02-12 17:36,6.568,0.007,0,0,0,0,v
2014-02-12 17:42,6.592,0.004,0,0,0,0,v
2014-02-12 17:48,6.598,0.005,0,0,0,0,v
2014-02-12 17:54,6.608,0.003,0,0,0,0,v
2014-02-12 18:00,6.623,0.004,0,0,0,0,v
2014-02-12 18:06,6.623,0.006,0,0,0,0,v
2014-02-12 18:12,6.648,0.004,0,0,0,0,v
2014-02-12 18:18,6.647,0.003,0,0,0,0,v
2014-02-12 18:24,6.655,0.003,0,0,0,0,v
2014-02-12 18:30,6.668,0.005,0,0,0,0,v
2014-02-12 18:36,6.654,0.007,0,0,0,0,v
2014-02-12 18:42,6.679,0.005,0,0,0,0,v
2014-02-12 18:48,6.660,0.003,0,0,0,0,v
2014-02-12 18:54,6.686,0.004,0,0,0,0,v
2014-02-12 19:00,6.681,0.004,0,0,0,0,v
2014-02-12 19:06,6.710,0.004,0,0,0,0,v
2014-02-12 19:12,6.704,0.006,0,0,0,0,v
2014-02-12 19:18,6.691,0.004,0,0,0,0,v
2014-02-12 19:24,6.656,0.005,0,0,0,0,v
2014-02-12 19:30,6.633,0.003,0,0,0,0,v
2014-02-12 19:36,6.648,0.003,0,0,0,0,v
2014-02-12 19:42,6.665,0.005,0,0,0,0,v
2014-02-12 19:48,6.677,0.004,0,0,0,0,v
2014-02-12 19:54,6.663,0.006,0,0,0,0,v
2014-02-12 20:00,6.640,0.004,0,0,0,0,v
2014-02-12 20:06,6.658,0.004,0,0,0,0,v
2014-02-12 20:12,6.644,0.003,0,0,0,0,v
2014-02-12 20:18,6.627,0.004,0,0,0,0,v
2014-02-12 20:24,6.647,0.010,0,0,0,0,v
2014-02-12 20:30,6.656,0.005,0,0,0,0,v
2014-02-12 20:36,6.662,0.002,0,0,0,0,v
2014-02-12 20:42,6.662,0.004,0,0,0,0,v
2014-02-12 20:48,6.678,0.006,0,0,0,0,v
2014-02-12 20:54,6.675,0.004,0,0,0,0,v
2014-02-12 21:00,6.671,0.005,0,0,0,0,v
2014-02-12 21:06,6.675,0.004,0,0,0,0,v
2014-02-12 21:12,6.676,0.004,0,0,0,0,v
2014-02-12 21:18,6.677,0.005,0,0,0,0,v
2014-02-12 21:24,6.688,0.006,0,0,0,0,v
2014-02-12 21:30,6.706,0.007,0,0,0,0,v
2014-02-12 21:36,6.709,0.004,0,0,0,0,v
2014-02-12 21:42,6.716,0.004,0,0,0,0,v
2014-02-12 21:48,6.685,0.003,0,0,0,0,v
2014-02-12 21:54,6.694,0.005,0,0,0,0,v
2014-02-12 22:00,6.711,0.006,0,0,0,0,v
2014-02-12 22:06,6.692,0.003,0,0,0,0,v
2014-02-12 22:12,6.708,0.004,0,0,0,0,v
2014-02-12 22:18,6.747,0.005,0,0,0,0,v
2014-02-12 22:24,6.771,0.003,0,0,0,0,v
2014-02-12 22:30,6.744,0.005,0,0,0,0,v
2014-02-12 22:36,6.757,0.008,0,0,0,0,v
2014-02-12 22:42,6.764,0.005,0,0,0,0,v
2014-02-12 22:48,6.751,0.003,0,0,0,0,v
2014-02-12 22:54,6.759,0.006,0,0,0,0,v
2014-02-12 23:00,6.763,0.008,0,0,0,0,v
2014-02-12 23:06,6.785,0.003,0,0,0,0,v
2014-02-12 23:12,6.788,0.004,0,0,0,0,v
2014-02-12 23:18,6.772,0.007,0,0,0,0,v
2014-02-12 23:24,6.752,0.005,0,0,0,0,v
2014-02-12 23:30,6.759,0.004,0,0,0,0,v
2014-02-12 23:36,6.752,0.005,0,0,0,0,v
2014-02-12 23:42,6.753,0.004,0,0,0,0,v
2014-02-12 23:48,6.763,0.002,0,0,0,0,v
2014-02-12 23:54,6.745,0.003,0,0,0,0,v
2014-02-13 00:00,6.742,0.003,0,0,0,0,v
2014-02-13 00:06,6.708,0.005,0,0,0,0,v
2014-02-13 00:12,6.698,0.007,0,0,0,0,v
2014-02-13 00:18,6.679,0.004,0,0,0,0,v
2014-02-13 00:24,6.646,0.004,0,0,0,0,v
2014-02-13 00:30,6.661,0.005,0,0,0,0,v
2014-02-13 00:36,6.657,0.006,0,0,0,0,v
2014-02-13 00:42,6.662,0.007,0,0,0,0,v
2014-02-13 00:48,6.630,0.006,0,0,0,0,v
2014-02-13 00:54,6.621,0.005,0,0,0,0,v
2014-02-13 01:00,6.593,0.003,0,0,0,0,v
2014-02-13 01:06,6.607,0.004,0,0,0,0,v
2014-02-13 01:12,6.614,0.006,0,0,0,0,v
2014-02-13 01:18,6.629,0.004,0,0,0,0,v
2014-02-13 01:24,6.618,0.004,0,0,0,0,v
2014-02-13 01:30,6.613,0.004,0,0,0,0,v
2014-02-13 01:36,6.602,0.005,0,0,0,0,v
2014-02-13 01:42,6.586,0.003,0,0,0,0,v
2014-02-13 01:48,6.591,0.004,0,0,0,0,v
2014-02-13 01:54,6.592,0.008,0,0,0,0,v
2014-02-13 02:00,6.588,0.004,0,0,0,0,v
2014-02-13 02:06,6.604,0.002,0,0,0,0,v
2014-02-13 02:12,6.593,0.003,0,0,0,0,v
2014-02-13 02:18,6.586,0.004,0,0,0,0,v
2014-02-13 02:24,6.579,0.004,0,0,0,0,v
2014-02-13 02:30,6.605,0.004,0,0,0,0,v
2014-02-13 02:36,6.595,0.006,0,0,0,0,v
2014-02-13 02:42,6.590,0.004,0,0,0,0,v
2014-02-13 02:48,6.566,0.004,0,0,0,0,v
2014-02-13 02:54,6.582,0.005,0,0,0,0,v
2014-02-13 03:00,6.612,0.003,0,0,0,0,v
2014-02-13 03:06,6.589,0.002,0,0,0,0,v
2014-02-13 03:12,6.627,0.004,0,0,0,0,v
2014-02-13 03:18,6.622,0.002,0,0,0,0,v
2014-02-13 03:24,6.606,0.007,0,0,0,0,v
2014-02-13 03:30,6.625,0.003,0,0,0,0,v
2014-02-13 03:36,6.609,0.007,0,0,0,0,v
2014-02-13 03:42,6.585,0.004,0,0,0,0,v
2014-02-13 03:48,6.596,0.002,0,0,0,0,v
2014-02-13 03:54,6.591,0.005,0,0,0,0,v
2014-02-13 04:00,6.610,0.004,0,0,0,0,v
2014-02-13 04:06,6.617,0.002,0,0,0,0,v
2014-02-13 04:12,6.595,0.003,0,0,0,0,v
2014-02-13 04:18,6.604,0.004,0,0,0,0,v
2014-02-13 04:24,6.601,0.003,0,0,0,0,v
2014-02-13 04:30,6.600,0.003,0,0,0,0,v
2014-02-13 04:36,6.594,0.004,0,0,0,0,v
2014-02-13 04:42,6.593,0.003,0,0,0,0,v
2014-02-13 04:48,6.626,0.005,0,0,0,0,v
2014-02-13 04:54,6.623,0.003,0,0,0,0,v
2014-02-13 05:00,6.590,0.004,0,0,0,0,v
2014-02-13 05:06,6.580,0.003,0,0,0,0,v
2014-02-13 05:12,6.574,0.003,0,0,0,0,v
2014-02-13 05:18,6.596,0.003,0,0,0,0,v
2014-02-13 05:24,6.617,0.003,0,0,0,0,v
2014-02-13 05:30,6.578,0.005,0,0,0,0,v
2014-02-13 05:36,6.583,0.003,0,0,0,0,v
2014-02-13 05:42,6.577,0.002,0,0,0,0,v
2014-02-13 05:48,6.580,0.002,0,0,0,0,v
2014-02-13 05:54,6.591,0.005,0,0,0,0,v
2014-02-13 06:00,6.601,0.004,0,0,0,0,v
2014-02-13 06:06,6.590,0.004,0,0,0,0,v
2014-02-13 06:12,6.573,0.004,0,0,0,0,v
2014-02-13 06:18,6.556,0.003,0,0,0,0,v
2014-02-13 06:24,6.571,0.003,0,0,0,0,v
2014-02-13 06:30,6.575,0.003,0,0,0,0,v
2014-02-13 06:36,6.593,0.005,0,0,0,0,v
2014-02-13 06:42,6.573,0.002,0,0,0,0,v
2014-02-13 06:48,6.587,0.006,0,0,0,0,v
2014-02-13 06:54,6.592,0.002,0,0,0,0,v
2014-02-13 07:00,6.593,0.004,0,0,0,0,v
2014-02-13 07:06,6.571,0.003,0,0,0,0,v
2014-02-13 07:12,6.580,0.004,0,0,0,0,v
2014-02-13 07:18,6.569,0.004,0,0,0,0,v
2014-02-13 07:24,6.579,0.002,0,0,0,0,v
2014-02-13 07:30,6.569,0.004,0,0,0,0,v
2014-02-13 07:36,6.562,0.004,0,0,0,0,v
2014-02-13 07:42,6.560,0.003,0,0,0,0,v
2014-02-13 07:48,6.569,0.002,0,0,0,0,v
2014-02-13 07:54,6.579,0.002,0,0,0,0,v
2014-02-13 08:00,6.563,0.005,0,0,0,0,v
2014-02-13 08:06,6.568,0.005,0,0,0,0,v
2014-02-13 08:12,6.589,0.002,0,0,0,0,v
2014-02-13 08:18,6.561,0.003,0,0,0,0,v
2014-02-13 08:24,6.535,0.003,0,0,0,0,v
2014-02-13 08:30,6.523,0.004,0,0,0,0,v
2014-02-13 08:36,6.536,0.002,0,0,0,0,v
2014-02-13 08:42,6.546,0.006,0,0,0,0,v
2014-02-13 08:48,6.518,0.007,0,0,0,0,v
2014-02-13 08:54,6.524,0.003,0,0,0,0,v
2014-02-13 09:00,6.494,0.006,0,0,0,0,v
2014-02-13 09:06,6.468,0.004,0,0,0,0,v
2014-02-13 09:12,6.476,0.002,0,0,0,0,v
2014-02-13 09:18,6.456,0.003,0,0,0,0,v
2014-02-13 09:24,6.450,0.007,0,0,0,0,v
2014-02-13 09:30,6.419,0.003,0,0,0,0,v
2014-02-13 09:36,6.428,0.002,0,0,0,0,v
2014-02-13 09:42,6.413,0.002,0,0,0,0,v
2014-02-13 09:48,6.407,0.003,0,0,0,0,v
2014-02-13 09:54,6.395,0.002,0,0,0,0,v
2014-02-13 10:00,6.392,0.003,0,0,0,0,v
2014-02-13 10:06,6.397,0.003,0,0,0,0,v
2014-02-13 10:12,6.390,0.003,0,0,0,0,v
2014-02-13 10:18,6.382,0.004,0,0,0,0,v
2014-02-13 10:24,6.375,0.003,0,0,0,0,v
2014-02-13 10:30,6.384,0.004,0,0,0,0,v
2014-02-13 10:36,6.394,0.003,0,0,0,0,v
2014-02-13 10:42,6.361,0.004,0,0,0,0,v
2014-02-13 10:48,6.347,0.002,0,0,0,0,v
2014-02-13 10:54,6.337,0.002,0,0,0,0,v
2014-02-13 11:00,6.350,0.002,0,0,0,0,v
2014-02-13 11:06,6.339,0.003,0,0,0,0,v
2014-02-13 11:12,6.329,0.002,0,0,0,0,v
2014-02-13 11:18,6.320,0.003,0,0,0,0,v
2014-02-13 11:24,6.331,0.004,0,0,0,0,v
2014-02-13 11:30,6.319,0.009,0,0,0,0,v
2014-02-13 11:36,6.302,0.003,0,0,0,0,v
2014-02-13 11:42,6.312,0.003,0,0,0,0,v
2014-02-13 11:48,6.303,0.004,0,0,0,0,v
2014-02-13 11:54,6.311,0.005,0,0,0,0,v
2014-02-13 12:00,6.314,0.002,0,0,0,0,v
2014-02-13 12:06,6.306,0.002,0,0,0,0,v
2014-02-13 12:12,6.313,0.004,0,0,0,0,v
2014-02-13 12:18,6.301,0.005,0,0,0,0,v
2014-02-13 12:24,6.293,0.002,0,0,0,0,v
2014-02-13 12:30,6.296,0.003,0,0,0,0,v
2014-02-13 12:36,6.294,0.003,0,0,0,0,v
2014-02-13 12:42,6.292,0.001,0,0,0,0,v
2014-02-13 12:48,6.266,0.002,0,0,0,0,v
2014-02-13 12:54,6.256,0.002,0,0,0,0,v
2014-02-13 13:00,6.265,0.002,0,0,0,0,v
2014-02-13 13:06,6.255,0.004,0,0,0,0,v
2014-02-13 13:12,6.242,0.004,0,0,0,0,v
2014-02-13 13:18,6.233,0.003,0,0,0,0,v
2014-02-13 13:24,6.231,0.005,0,0,0,0,v
2014-02-13 13:30,6.253,0.003,0,0,0,0,v
2014-02-13 13:36,6.238,0.004,0,0,0,0,v
2014-02-13 13:42,6.226,0.002,0,0,0,0,v
2014-02-13 13:48,6.218,0.001,0,0,0,0,v
2014-02-13 13:54,6.242,0.002,0,0,0,0,v
2014-02-13 14:00,6.232,0.002,0,0,0,0,v
2014-02-13 14:06,6.235,0.002,0,0,0,0,v
2014-02-13 14:12,6.255,0.002,0,0,0,0,v
2014-02-13 14:18,6.237,0.004,0,0,0,0,v
2014-02-13 14:24,6.253,0.002,0,0,0,0,v
2014-02-13 14:30,6.250,0.001,0,0,0,0,v
2014-02-13 14:36,6.256,0.002,0,0,0,0,v
2014-02-13 14:42,6.269,0.002,0,0,0,0,v
2014-02-13 14:48,6.286,0.004,0,0,0,0,v
2014-02-13 14:54,6.260,0.003,0,0,0,0,v
2014-02-13 15:00,6.268,0.004,0,0,0,0,v
2014-02-13 15:06,6.279,0.002,0,0,0,0,v
2014-02-13 15:12,6.277,0.002,0,0,0,0,v
2014-02-13 15:18,6.262,0.004,0,0,0,0,v
2014-02-13 15:24,6.289,0.005,0,0,0,0,v
2014-02-13 15:30,6.283,0.003,0,0,0,0,v
2014-02-13 15:36,6.267,0.003,0,0,0,0,v
2014-02-13 15:42,6.287,0.003,0,0,0,0,v
2014-02-13 15:48,6.300,0.002,0,0,0,0,v
2014-02-13 15:54,6.291,0.003,0,0,0,0,v
2014-02-13 16:00,6.270,0.002,0,0,0,0,v
2014-02-13 16:06,6.314,0.009,0,0,0,0,v
2014-02-13 16:12,6.326,0.002,0,0,0,0,v
2014-02-13 16:18,6.333,0.001,0,0,0,0,v
2014-02-13 16:24,6.322,0.001,0,0,0,0,v
2014-02-13 16:30,6.316,0.004,0,0,0,0,v
2014-02-13 16:36,6.324,0.004,0,0,0,0,v
2014-02-13 16:42,6.345,0.002,0,0,0,0,v
2014-02-13 16:48,6.347,0.002,0,0,0,0,v
2014-02-13 16:54,6.354,0.001,0,0,0,0,v
2014-02-13 17:00,6.334,0.005,0,0,0,0,v
2014-02-13 17:06,6.370,0.007,0,0,0,0,v
2014-02-13 17:12,6.382,0.001,0,0,0,0,v
2014-02-13 17:18,6.415,0.007,0,0,0,0,v
2014-02-13 17:24,6.412,0.001,0,0,0,0,v
2014-02-13 17:30,6.406,0.003,0,0,0,0,v
2014-02-13 17:36,6.423,0.001,0,0,0,0,v
2014-02-13 17:42,6.428,0.007,0,0,0,0,v
2014-02-13 17:48,6.449,0.002,0,0,0,0,v
2014-02-13 17:54,6.445,0.003,0,0,0,0,v
2014-02-13 18:00,6.464,0.002,0,0,0,0,v
2014-02-13 18:06,6.480,0.003,0,0,0,0,v
2014-02-13 18:12,6.479,0.002,0,0,0,0,v
2014-02-13 18:18,6.462,0.004,0,0,0,0,v
2014-02-13 18:24,6.476,0.002,0,0,0,0,v
2014-02-13 18:30,6.515,0.004,0,0,0,0,v
2014-02-13 18:36,6.516,0.001,0,0,0,0,v
2014-02-13 18:42,6.519,0.001,0,0,0,0,v
2014-02-13 18:48,6.542,0.003,0,0,0,0,v
2014-02-13 18:54,6.534,0.003,0,0,0,0,v
2014-02-13 19:00,6.561,0.001,0,0,0,0,v
2014-02-13 19:06,6.579,0.001,0,0,0,0,v
2014-02-13 19:12,6.574,0.001,0,0,0,0,v
2014-02-13 19:18,6.569,0.002,0,0,0,0,v
2014-02-13 19:24,6.584,0.001,0,0,0,0,v
2014-02-13 19:30,6.588,0.001,0,0,0,0,v
2014-02-13 19:36,6.626,0.005,0,0,0,0,v
2014-02-13 19:42,6.613,0.005,0,0,0,0,v
2014-02-13 19:48,6.604,0.002,0,0,0,0,v
2014-02-13 19:54,6.615,0.002,0,0,0,0,v
2014-02-13 20:00,6.612,0.002,0,0,0,0,v
2014-02-13 20:06,6.636,0.010,0,0,0,0,v
2014-02-13 20:12,6.673,0.001,0,0,0,0,v
2014-02-13 20:18,6.640,0.007,0,0,0,0,v
2014-02-13 20:24,6.665,0.004,0,0,0,0,v
2014-02-13 20:30,6.651,0.003,0,0,0,0,v
2014-02-13 20:36,6.667,0.001,0,0,0,0,v
2014-02-13 20:42,6.662,0.004,0,0,0,0,v
2014-02-13 20:48,6.671,0.002,0,0,0,0,v
2014-02-13 20:54,6.690,0.001,0,0,0,0,v
2014-02-13 21:00,6.668,0.002,0,0,0,0,v
2014-02-13 21:06,6.677,0.003,0,0,0,0,v
2014-02-13 21:12,6.671,0.003,0,0,0,0,v
2014-02-13 21:18,6.688,0.001,0,0,0,0,v
2014-02-13 21:24,6.696,0.003,0,0,0,0,v
2014-02-13 21:30,6.698,0.004,0,0,0,0,v
2014-02-13 21:36,6.699,0.002,0,0,0,0,v
2014-02-13 21:42,6.695,0.003,0,0,0,0,v
2014-02-13 21:48,6.690,0.005,0,0,0,0,v
2014-02-13 21:54,6.708,0.004,0,0,0,0,v
2014-02-13 22:00,6.722,0.004,0,0,0,0,v
2014-02-13 22:06,6.701,0.001,0,0,0,0,v
2014-02-13 22:12,6.694,0.002,0,0,0,0,v
2014-02-13 22:18,6.721,0.004,0,0,0,0,v
2014-02-13 22:24,6.714,0.003,0,0,0,0,v
2014-02-13 22:30,6.705,0.004,0,0,0,0,v
2014-02-13 22:36,6.692,0.002,0,0,0,0,v
2014-02-13 22:42,6.696,0.001,0,0,0,0,v
2014-02-13 22:48,6.711,0.002,0,0,0,0,v
2014-02-13 22:54,6.709,0.003,0,0,0,0,v
2014-02-13 23:00,6.698,0.004,0,0,0,0,v
2014-02-13 23:06,6.719,0.003,0,0,0,0,v
2014-02-13 23:12,6.711,0.006,0,0,0,0,v
2014-02-13 23:18,6.668,0.003,0,0,0,0,v
2014-02-13 23:24,6.651,0.002,0,0,0,0,v
2014-02-13 23:30,6.661,0.002,0,0,0,0,v
2014-02-13 23:36,6.675,0.002,0,0,0,0,v
2014-02-13 23:42,6.671,0.001,0,0,0,0,v
2014-02-13 23:48,6.681,0.004,0,0,0,0,v
2014-02-13 23:54,6.688,0.004,0,0,0,0,v
2014-02-14 00:00,6.671,0.004,0,0,0,0,v
2014-02-14 00:06,6.685,0.007,0,0,0,0,v
2014-02-14 00:12,6.728,0.004,0,0,0,0,v
2014-02-14 00:18,6.691,0.002,0,0,0,0,v
2014-02-14 00:24,6.709,0.003,0,0,0,0,v
2014-02-14 00:30,6.699,0.004,0,0,0,0,v
2014-02-14 00:36,6.698,0.004,0,0,0,0,v
2014-02-14 00:42,6.693,0.007,0,0,0,0,v
2014-02-14 00:48,6.677,0.003,0,0,0,0,v
2014-02-14 00:54,6.694,0.002,0,0,0,0,v
2014-02-14 01:00,6.685,0.005,0,0,0,0,v
2014-02-14 01:06,6.658,0.002,0,0,0,0,v
2014-02-14 01:12,6.662,0.006,0,0,0,0,v
2014-02-14 01:18,6.649,0.002,0,0,0,0,v
2014-02-14 01:24,6.656,0.003,0,0,0,0,v
2014-02-14 01:30,6.680,0.006,0,0,0,0,v
2014-02-14 01:36,6.682,0.004,0,0,0,0,v
2014-02-14 01:42,6.666,0.002,0,0,0,0,v
2014-02-14 01:48,6.660,0.002,0,0,0,0,v
2014-02-14 01:54,6.640,0.002,0,0,0,0,v
2014-02-14 02:00,6.663,0.005,0,0,0,0,v
2014-02-14 02:06,6.645,0.010,0,0,0,0,v
2014-02-14 02:12,6.625,0.001,0,0,0,0,v
2014-02-14 02:18,6.637,0.001,0,0,0,0,v
2014-02-14 02:24,6.635,0.001,0,0,0,0,v
2014-02-14 02:30,6.632,0.003,0,0,0,0,v
2014-02-14 02:36,6.632,0.001,0,0,0,0,v
2014-02-14 02:42,6.661,0.006,0,0,0,0,v
2014-02-14 02:48,6.657,0.002,0,0,0,0,v
2014-02-14 02:54,6.647,0.001,0,0,0,0,v
2014-02-14 03:00,6.644,0.001,0,0,0,0,v
2014-02-14 03:06,6.655,0.002,0,0,0,0,v
2014-02-14 03:12,6.650,0.003,0,0,0,0,v
2014-02-14 03:18,6.640,0.003,0,0,0,0,v
2014-02-14 03:24,6.618,0.002,0,0,0,0,v
2014-02-14 03:30,6.649,0.004,0,0,0,0,v
2014-02-14 03:36,6.633,0.001,0,0,0,0,v
2014-02-14 03:42,6.623,0.002,0,0,0,0,v
2014-02-14 03:48,6.629,0.002,0,0,0,0,v
2014-02-14 03:54,6.633,0.002,0,0,0,0,v
2014-02-14 04:00,6.655,0.002,0,0,0,0,v
2014-02-14 04:06,6.635,0.003,0,0,0,0,v
2014-02-14 04:12,6.611,0.005,0,0,0,0,v
2014-02-14 04:18,6.636,0.004,0,0,0,0,v
2014-02-14 04:24,6.631,0.002,0,0,0,0,v
2014-02-14 04:30,6.621,0.001,0,0,0,0,v
2014-02-14 04:36,6.614,0.003,0,0,0,0,v
2014-02-14 04:42,6.604,0.002,0,0,0,0,v
2014-02-14 04:48,6.616,0.001,0,0,0,0,v
2014-02-14 04:54,6.619,0.004,0,0,0,0,v
2014-02-14 05:00,6.602,0.005,0,0,0,0,v
2014-02-14 05:06,6.607,0.004,0,0,0,0,v
2014-02-14 05:12,6.627,0.002,0,0,0,0,v
2014-02-14 05:18,6.643,0.001,0,0,0,0,v
2014-02-14 05:24,6.636,0.003,0,0,0,0,v
2014-02-14 05:30,6.660,0.003,0,0,0,0,v
2014-02-14 05:36,6.653,0.002,0,0,0,0,v
2014-02-14 05:42,6.666,0.001,0,0,0,0,v
2014-02-14 05:48,6.668,0.004,0,0,0,0,v
2014-02-14 05:54,6.693,0.002,0,0,0,0,v
2014-02-14 06:00,6.678,0.001,0,0,0,0,v
2014-02-14 06:06,6.672,0.004,0,0,0,0,v
2014-02-14 06:12,6.664,0.004,0,0,0,0,v
2014-02-14 06:18,6.645,0.003,0,0,0,0,v
2014-02-14 06:24,6.632,0.003,0,0,0,0,v
2014-02-14 06:30,6.613,0.002,0,0,0,0,v
2014-02-14 06:36,6.631,0.002,0,0,0,0,v
2014-02-14 06:42,6.660,0.005,0,0,0,0,v
2014-02-14 06:48,6.658,0.002,0,0,0,0,v
2014-02-14 06:54,6.648,0.003,0,0,0,0,v
2014-02-14 07:00,6.659,0.001,0,0,0,0,v
2014-02-14 07:06,6.641,0.002,0,0,0,0,v
2014-02-14 07:12,6.656,0.002,0,0,0,0,v
2014-02-14 07:18,6.661,0.002,0,0,0,0,v
2014-02-14 07:24,6.648,0.002,0,0,0,0,v
2014-02-14 07:30,6.651,0.001,0,0,0,0,v
2014-02-14 07:36,6.629,0.003,0,0,0,0,v
2014-02-14 07:42,6.637,0.002,0,0,0,0,v
2014-02-14 07:48,6.651,0.006,0,0,0,0,v
2014-02-14 07:54,6.645,0.004,0,0,0,0,v
2014-02-14 08:00,6.639,0.001,0,0,0,0,v
2014-02-14 08:06,6.620,0.003,0,0,0,0,v
2014-02-14 08:12,6.634,0.004,0,0,0,0,v
2014-02-14 08:18,6.637,0.004,0,0,0,0,v
2014-02-14 08:24,6.623,0.001,0,0,0,0,v
2014-02-14 08:30,6.616,0.001,0,0,0,0,v
2014-02-14 08:36,6.624,0.002,0,0,0,0,v
2014-02-14 08:42,6.597,0.004,0,0,0,0,v
2014-02-14 08:48,6.570,0.002,0,0,0,0,v
2014-02-14 08:54,6.566,0.004,0,0,0,0,v
2014-02-14 09:00,6.564,0.002,0,0,0,0,v
2014-02-14 09:06,6.592,0.002,0,0,0,0,v
2014-02-14 09:12,6.579,0.002,0,0,0,0,v
2014-02-14 09:18,6.593,0.005,0,0,0,0,v
2014-02-14 09:24,6.610,0.001,0,0,0,0,v
2014-02-14 09:30,6.586,0.002,0,0,0,0,v
2014-02-14 09:36,6.588,0.001,0,0,0,0,v
2014-02-14 09:42,6.580,0.004,0,0,0,0,v
2014-02-14 09:48,6.567,0.001,0,0,0,0,v
2014-02-14 09:54,6.549,0.000,0,0,0,0,v
2014-02-14 10:00,6.548,0.002,0,0,0,0,v
2014-02-14 10:06,6.556,0.001,0,0,0,0,v
2014-02-14 10:12,6.518,0.004,0,0,0,0,v
2014-02-14 10:18,6.526,0.005,0,0,0,0,v
2014-02-14 10:24,6.509,0.004,0,0,0,0,v
2014-02-14 10:30,6.512,0.002,0,0,0,0,v
2014-02-14 10:36,6.502,0.003,0,0,0,0,v
2014-02-14 10:42,6.497,0.002,0,0,0,0,v
2014-02-14 10:48,6.490,0.002,0,0,0,0,v
2014-02-14 10:54,6.497,0.002,0,0,0,0,v
2014-02-14 11:00,6.498,0.002,0,0,0,0,v
2014-02-14 11:06,6.469,0.005,0,0,0,0,v
2014-02-14 11:12,6.461,0.002,0,0,0,0,v
2014-02-14 11:18,6.472,0.001,0,0,0,0,v
2014-02-14 11:24,6.455,0.002,0,0,0,0,v
2014-02-14 11:30,6.447,0.004,0,0,0,0,v
2014-02-14 11:36,6.430,0.001,0,0,0,0,v
2014-02-14 11:42,6.435,0.002,0,0,0,0,v
2014-02-14 11:48,6.423,0.001,0,0,0,0,v
2014-02-14 11:54,6.425,0.000,0,0,0,0,v
2014-02-14 12:00,6.434,0.001,0,0,0,0,v
2014-02-14 12:06,6.423,0.002,0,0,0,0,v
2014-02-14 12:12,6.400,0.005,0,0,0,0,v
2014-02-14 12:18,6.398,0.002,0,0,0,0,v
2014-02-14 12:24,6.395,0.001,0,0,0,0,v
2014-02-14 12:30,6.398,0.003,0,0,0,0,v
2014-02-14 12:36,6.392,0.001,0,0,0,0,v
2014-02-14 12:42,6.386,0.001,0,0,0,0,v
2014-02-14 12:48,6.383,0.000,0,0,0,0,v
2014-02-14 12:54,6.376,0.001,0,0,0,0,v
2014-02-14 13:00,6.388,0.001,0,0,0,0,v
2014-02-14 13:06,6.373,0.002,0,0,0,0,v
2014-02-14 13:12,6.364,0.002,0,0,0,0,v
2014-02-14 13:18,6.377,0.002,0,0,0,0,v
2014-02-14 13:24,6.375,0.001,0,0,0,0,v
2014-02-14 13:30,6.353,0.003,0,0,0,0,v
2014-02-14 13:36,6.340,0.003,0,0,0,0,v
2014-02-14 13:42,6.346,0.004,0,0,0,0,v
2014-02-14 13:48,6.339,0.005,0,0,0,0,v
2014-02-14 13:54,6.321,0.002,0,0,0,0,v
2014-02-14 14:00,6.320,0.001,0,0,0,0,v
2014-02-14 14:06,6.330,0.004,0,0,0,0,v
2014-02-14 14:12,6.355,0.001,0,0,0,0,v
2014-02-14 14:18,6.337,0.002,0,0,0,0,v
2014-02-14 14:24,6.334,0.001,0,0,0,0,v
2014-02-14 14:30,6.338,0.002,0,0,0,0,v
2014-02-14 14:36,6.328,0.004,0,0,0,0,v
2014-02-14 14:42,6.303,0.002,0,0,0,0,v
2014-02-14 14:48,6.315,0.003,0,0,0,0,v
2014-02-14 14:54,6.324,0.002,0,0,0,0,v
2014-02-14 15:00,6.330,0.001,0,0,0,0,v
2014-02-14 15:06,6.328,0.002,0,0,0,0,v
2014-02-14 15:12,6.333,0.002,0,0,0,0,v
2014-02-14 15:18,6.338,0.002,0,0,0,0,v
2014-02-14 15:24,6.347,0.002,0,0,0,0,v
2014-02-14 15:30,6.317,0.002,0,0,0,0,v
2014-02-14 15:36,6.333,0.001,0,0,0,0,v
2014-02-14 15:42,6.347,0.002,0,0,0,0,v
2014-02-14 15:48,6.364,0.004,0,0,0,0,v
2014-02-14 15:54,6.365,0.004,0,0,0,0,v
2014-02-14 16:00,6.351,0.002,0,0,0,0,v
2014-02-14 16:06,6.345,0.002,0,0,0,0,v
2014-02-14 16:12,6.370,0.006,0,0,0,0,v
2014-02-14 16:18,6.385,0.002,0,0,0,0,v
2014-02-14 16:24,6.371,0.002,0,0,0,0,v
2014-02-14 16:30,6.373,0.005,0,0,0,0,v
2014-02-14 16:36,6.400,0.003,0,0,0,0,v
2014-02-14 16:42,6.417,0.001,0,0,0,0,v
2014-02-14 16:48,6.420,0.005,0,0,0,0,v
2014-02-14 16:54,6.427,0.003,0,0,0,0,v
2014-02-14 17:00,6.435,0.005,0,0,0,0,v
2014-02-14 17:06,6.453,0.002,0,0,0,0,v
2014-02-14 17:12,6.454,0.004,0,0,0,0,v
2014-02-14 17:18,6.469,0.004,0,0,0,0,v
2014-02-14 17:24,6.497,0.004,0,0,0,0,v
2014-02-14 17:30,6.508,0.002,0,0,0,0,v
2014-02-14 17:36,6.484,0.002,0,0,0,0,v
2014-02-14 17:42,6.498,0.003,0,0,0,0,v
2014-02-14 17:48,6.512,0.002,0,0,0,0,v
2014-02-14 17:54,6.514,0.001,0,0,0,0,v
2014-02-14 18:00,6.511,0.002,0,0,0,0,v
2014-02-14 18:06,6.523,0.002,0,0,0,0,v
2014-02-14 18:12,6.522,0.003,0,0,0,0,v
2014-02-14 18:18,6.540,0.002,0,0,0,0,v
2014-02-14 18:24,6.556,0.004,0,0,0,0,v
2014-02-14 18:30,6.563,0.004,0,0,0,0,v
2014-02-14 18:36,6.574,0.004,0,0,0,0,v
2014-02-14 18:42,6.591,0.003,0,0,0,0,v
2014-02-14 18:48,6.596,0.004,0,0,0,0,v
2014-02-14 18:54,6.592,0.004,0,0,0,0,v
2014-02-14 19:00,6.599,0.002,0,0,0,0,v
2014-02-14 19:06,6.602,0.003,0,0,0,0,v
2014-02-14 19:12,6.604,0.002,0,0,0,0,v
2014-02-14 19:18,6.604,0.002,0,0,0,0,v
2014-02-14 19:24,6.600,0.003,0,0,0,0,v
2014-02-14 19:30,6.607,0.002,0,0,0,0,v
2014-02-14 19:36,6.630,0.004,0,0,0,0,v
2014-02-14 19:42,6.633,0.004,0,0,0,0,v
2014-02-14 19:48,6.627,0.003,0,0,0,0,v
2014-02-14 19:54,6.590,0.005,0,0,0,0,v
2014-02-14 20:00,6.602,0.004,0,0,0,0,v
2014-02-14 20:06,6.609,0.002,0,0,0,0,v
2014-02-14 20:12,6.615,0.004,0,0,0,0,v
2014-02-14 20:18,6.637,0.004,0,0,0,0,v
2014-02-14 20:24,6.657,0.003,0,0,0,0,v
2014-02-14 20:30,6.668,0.004,0,0,0,0,v
2014-02-14 20:36,6.670,0.006,0,0,0,0,v
2014-02-14 20:42,6.666,0.004,0,0,0,0,v
2014-02-14 20:48,6.680,0.005,0,0,0,0,v
2014-02-14 20:54,6.716,0.003,0,0,0,0,v
2014-02-14 21:00,6.714,0.003,0,0,0,0,v
2014-02-14 21:06,6.732,0.001,0,0,0,0,v
2014-02-14 21:12,6.740,0.002,0,0,0,0,v
2014-02-14 21:18,6.721,0.002,0,0,0,0,v
2014-02-14 21:24,6.731,0.002,0,0,0,0,v
2014-02-14 21:30,6.715,0.003,0,0,0,0,v
2014-02-14 21:36,6.727,0.002,0,0,0,0,v
2014-02-14 21:42,6.729,0.003,0,0,0,0,v
2014-02-14 21:48,6.735,0.002,0,0,0,0,v
2014-02-14 21:54,6.737,0.002,0,0,0,0,v
2014-02-14 22:00,6.741,0.004,0,0,0,0,v
2014-02-14 22:06,6.729,0.003,0,0,0,0,v
2014-02-14 22:12,6.739,0.002,0,0,0,0,v
2014-02-14 22:18,6.739,0.002,0,0,0,0,v
2014-02-14 22:24,6.731,0.002,0,0,0,0,v
2014-02-14 22:30,6.741,0.002,0,0,0,0,v
2014-02-14 22:36,6.730,0.003,0,0,0,0,v
2014-02-14 22:42,6.730,0.003,0,0,0,0,v
2014-02-14 22:48,6.736,0.002,0,0,0,0,v
2014-02-14 22:54,6.721,0.002,0,0,0,0,v
2014-02-14 23:00,6.699,0.002,0,0,0,0,v
2014-02-14 23:06,6.710,0.002,0,0,0,0,v
2014-02-14 23:12,6.716,0.004,0,0,0,0,v
2014-02-14 23:18,6.721,0.003,0,0,0,0,v
2014-02-14 23:24,6.703,0.005,0,0,0,0,v
2014-02-14 23:30,6.690,0.003,0,0,0,0,v
2014-02-14 23:36,6.696,0.002,0,0,0,0,v
2014-02-14 23:42,6.698,0.003,0,0,0,0,v
2014-02-14 23:48,6.701,0.002,0,0,0,0,v
2014-02-14 23:54,6.700,0.002,0,0,0,0,v
2014-02-15 00:00,6.701,0.002,0,0,0,0,v
2014-02-15 00:06,6.705,0.002,0,0,0,0,v
2014-02-15 00:12,6.697,0.002,0,0,0,0,v
2014-02-15 00:18,6.729,0.003,0,0,0,0,v
2014-02-15 00:24,6.702,0.006,0,0,0,0,v
2014-02-15 00:30,6.693,0.004,0,0,0,0,v
2014-02-15 00:36,6.708,0.003,0,0,0,0,v
2014-02-15 00:42,6.662,0.009,0,0,0,0,v
2014-02-15 00:48,6.651,0.002,0,0,0,0,v
2014-02-15 00:54,6.640,0.005,0,0,0,0,v
2014-02-15 01:00,6.674,0.002,0,0,0,0,v
2014-02-15 01:06,6.642,0.009,0,0,0,0,v
2014-02-15 01:12,6.630,0.002,0,0,0,0,v
2014-02-15 01:18,6.639,0.003,0,0,0,0,v
2014-02-15 01:24,6.644,0.003,0,0,0,0,v
2014-02-15 01:30,6.612,0.004,0,0,0,0,v
2014-02-15 01:36,6.614,0.002,0,0,0,0,v
2014-02-15 01:42,6.591,0.002,0,0,0,0,v
2014-02-15 01:48,6.600,0.004,0,0,0,0,v
2014-02-15 01:54,6.592,0.004,0,0,0,0,v
2014-02-15 02:00,6.578,0.003,0,0,0,0,v
2014-02-15 02:06,6.610,0.008,0,0,0,0,v
2014-02-15 02:12,6.616,0.003,0,0,0,0,v
2014-02-15 02:18,6.625,0.005,0,0,0,0,v
2014-02-15 02:24,6.627,0.003,0,0,0,0,v
2014-02-15 02:30,6.622,0.005,0,0,0,0,v
2014-02-15 02:36,6.614,0.003,0,0,0,0,v
2014-02-15 02:42,6.598,0.003,0,0,0,0,v
2014-02-15 02:48,6.573,0.004,0,0,0,0,v
2014-02-15 02:54,6.573,0.003,0,0,0,0,v
2014-02-15 03:00,6.564,0.003,0,0,0,0,v
2014-02-15 03:06,6.564,0.003,0,0,0,0,v
2014-02-15 03:12,6.563,0.004,0,0,0,0,v
2014-02-15 03:18,6.554,0.004,0,0,0,0,v
2014-02-15 03:24,6.552,0.003,0,0,0,0,v
2014-02-15 03:30,6.586,0.002,0,0,0,0,v
2014-02-15 03:36,6.576,0.003,0,0,0,0,v
2014-02-15 03:42,6.570,0.004,0,0,0,0,v
2014-02-15 03:48,6.564,0.005,0,0,0,0,v
2014-02-15 03:54,6.568,0.005,0,0,0,0,v
2014-02-15 04:00,6.585,0.004,0,0,0,0,v
2014-02-15 04:06,6.575,0.004,0,0,0,0,v
2014-02-15 04:12,6.576,0.006,0,0,0,0,v
2014-02-15 04:18,6.560,0.004,0,0,0,0,v
2014-02-15 04:24,6.574,0.005,0,0,0,0,v
2014-02-15 04:30,6.567,0.004,0,0,0,0,v
2014-02-15 04:36,6.569,0.003,0,0,0,0,v
2014-02-15 04:42,6.593,0.005,0,0,0,0,v
2014-02-15 04:48,6.602,0.003,0,0,0,0,v
2014-02-15 04:54,6.599,0.003,0,0,0,0,v
2014-02-15 05:00,6.599,0.003,0,0,0,0,v
2014-02-15 05:06,6.584,0.003,0,0,0,0,v
2014-02-15 05:12,6.581,0.003,0,0,0,0,v
2014-02-15 05:18,6.596,0.003,0,0,0,0,v
2014-02-15 05:24,6.592,0.004,0,0,0,0,v
2014-02-15 05:30,6.586,0.003,0,0,0,0,v
2014-02-15 05:36,6.566,0.003,0,0,0,0,v
2014-02-15 05:42,6.579,0.005,0,0,0,0,v
2014-02-15 05:48,6.602,0.003,0,0,0,0,v
2014-02-15 05:54,6.584,0.003,0,0,0,0,v
2014-02-15 06:00,6.580,0.004,0,0,0,0,v
2014-02-15 06:06,6.602,0.004,0,0,0,0,v
2014-02-15 06:12,6.591,0.004,0,0,0,0,v
2014-02-15 06:18,6.602,0.002,0,0,0,0,v
2014-02-15 06:24,6.592,0.002,0,0,0,0,v
2014-02-15 06:30,6.586,0.002,0,0,0,0,v
2014-02-15 06:36,6.598,0.004,0,0,0,0,v
2014-02-15 06:42,6.604,0.002,0,0,0,0,v
2014-02-15 06:48,6.597,0.003,0,0,0,0,v
2014-02-15 06:54,6.600,0.004,0,0,0,0,v
2014-02-15 07:00,6.588,0.003,0,0,0,0,v
2014-02-15 07:06,6.574,0.004,0,0,0,0,v
2014-02-15 07:12,6.596,0.004,0,0,0,0,v
2014-02-15 07:18,6.616,0.003,0,0,0,0,v
2014-02-15 07:24,6.615,0.003,0,0,0,0,v
2014-02-15 07:30,6.629,0.004,0,0,0,0,v
2014-02-15 07:36,6.623,0.002,0,0,0,0,v
2014-02-15 07:42,6.624,0.002,0,0,0,0,v
2014-02-15 07:48,6.620,0.003,0,0,0,0,v
2014-02-15 07:54,6.635,0.002,0,0,0,0,v
2014-02-15 08:00,6.622,0.002,0,0,0,0,v
2014-02-15 08:06,6.635,0.002,0,0,0,0,v
2014-02-15 08:12,6.621,0.002,0,0,0,0,v
2014-02-15 08:18,6.664,0.002,0,0,0,0,v
2014-02-15 08:24,6.661,0.002,0,0,0,0,v
2014-02-15 08:30,6.662,0.002,0,0,0,0,v
2014-02-15 08:36,6.661,0.003,0,0,0,0,v
2014-02-15 08:42,6.655,0.002,0,0,0,0,v
2014-02-15 08:48,6.644,0.003,0,0,0,0,v
2014-02-15 08:54,6.650,0.002,0,0,0,0,v
2014-02-15 09:00,6.653,0.003,0,0,0,0,v
2014-02-15 09:06,6.649,0.002,0,0,0,0,v
2014-02-15 09:12,6.626,0.003,0,0,0,0,v
2014-02-15 09:18,6.627,0.002,0,0,0,0,v
2014-02-15 09:24,6.620,0.005,0,0,0,0,v
2014-02-15 09:30,6.605,0.003,0,0,0,0,v
2014-02-15 09:36,6.600,0.002,0,0,0,0,v
2014-02-15 09:42,6.616,0.002,0,0,0,0,v
2014-02-15 09:48,6.589,0.003,0,0,0,0,v
2014-02-15 09:54,6.595,0.002,0,0,0,0,v
2014-02-15 10:00,6.574,0.002,0,0,0,0,v
2014-02-15 10:06,6.594,0.004,0,0,0,0,v
2014-02-15 10:12,6.612,0.001,0,0,0,0,v
2014-02-15 10:18,6.580,0.006,0,0,0,0,v
2014-02-15 10:24,6.586,0.006,0,0,0,0,v
2014-02-15 10:30,6.574,0.007,0,0,0,0,v
2014-02-15 10:36,6.558,0.004,0,0,0,0,v
2014-02-15 10:42,6.568,0.005,0,0,0,0,v
2014-02-15 10:48,6.574,0.003,0,0,0,0,v
2014-02-15 10:54,6.556,0.003,0,0,0,0,v
2014-02-15 11:00,6.530,0.008,0,0,0,0,v
2014-02-15 11:06,6.496,0.005,0,0,0,0,v
2014-02-15 11:12,6.516,0.002,0,0,0,0,v
2014-02-15 11:18,6.510,0.004,0,0,0,0,v
2014-02-15 11:24,6.514,0.006,0,0,0,0,v
2014-02-15 11:30,6.483,0.003,0,0,0,0,v
2014-02-15 11:36,6.490,0.003,0,0,0,0,v
2014-02-15 11:42,6.482,0.005,0,0,0,0,v
2014-02-15 11:48,6.490,0.005,0,0,0,0,v
2014-02-15 11:54,6.480,0.004,0,0,0,0,v
2014-02-15 12:00,6.495,0.004,0,0,0,0,v
2014-02-15 12:06,6.467,0.002,0,0,0,0,v
2014-02-15 12:12,6.464,0.001,0,0,0,0,v
2014-02-15 12:18,6.447,0.002,0,0,0,0,v
2014-02-15 12:24,6.434,0.002,0,0,0,0,v
2014-02-15 12:30,6.428,0.004,0,0,0,0,v
2014-02-15 12:36,6.461,0.002,0,0,0,0,v
2014-02-15 12:42,6.403,0.002,0,0,0,0,v
2014-02-15 12:48,6.421,0.003,0,0,0,0,v
2014-02-15 12:54,6.433,0.006,0,0,0,0,v
2014-02-15 13:00,6.412,0.006,0,0,0,0,v
2014-02-15 13:06,6.420,0.001,0,0,0,0,v
2014-02-15 13:12,6.385,0.006,0,0,0,0,v
2014-02-15 13:18,6.377,0.002,0,0,0,0,v
2014-02-15 13:24,6.409,0.002,0,0,0,0,v
2014-02-15 13:30,6.356,0.009,0,0,0,0,v
2014-02-15 13:36,6.361,0.002,0,0,0,0,v
2014-02-15 13:42,6.371,0.002,0,0,0,0,v
2014-02-15 13:48,6.334,0.005,0,0,0,0,v
2014-02-15 13:54,6.345,0.005,0,0,0,0,v
2014-02-15 14:00,6.366,0.002,0,0,0,0,v
2014-02-15 14:06,6.367,0.006,0,0,0,0,v
2014-02-15 14:12,6.372,0.002,0,0,0,0,v
2014-02-15 14:18,6.360,0.003,0,0,0,0,v
2014-02-15 14:24,6.353,0.001,0,0,0,0,v
2014-02-15 14:30,6.370,0.001,0,0,0,0,v
2014-02-15 14:36,6.359,0.001,0,0,0,0,v
2014-02-15 14:42,6.358,0.001,0,0,0,0,v
2014-02-15 14:48,6.361,0.002,0,0,0,0,v
2014-02-15 14:54,6.346,0.001,0,0,0,0,v
2014-02-15 15:00,6.361,0.003,0,0,0,0,v
2014-02-15 15:06,6.341,0.002,0,0,0,0,v
2014-02-15 15:12,6.383,0.006,0,0,0,0,v
2014-02-15 15:18,6.409,0.005,0,0,0,0,v
2014-02-15 15:24,6.414,0.008,0,0,0,0,v
2014-02-15 15:30,6.409,0.006,0,0,0,0,v
2014-02-15 15:36,6.392,0.003,0,0,0,0,v
2014-02-15 15:42,6.417,0.003,0,0,0,0,v
2014-02-15 15:48,6.386,0.003,0,0,0,0,v
2014-02-15 15:54,6.396,0.002,0,0,0,0,v
2014-02-15 16:00,6.419,0.003,0,0,0,0,v
2014-02-15 16:06,6.414,0.002,0,0,0,0,v
2014-02-15 16:12,6.415,0.002,0,0,0,0,v
2014-02-15 16:18,6.416,0.003,0,0,0,0,v
2014-02-15 16:24,6.423,0.003,0,0,0,0,v
2014-02-15 16:30,6.427,0.002,0,0,0,0,v
2014-02-15 16:36,6.429,0.002,0,0,0,0,v
2014-02-15 16:42,6.431,0.002,0,0,0,0,v
2014-02-15 16:48,6.422,0.005,0,0,0,0,v
2014-02-15 16:54,6.429,0.003,0,0,0,0,v
2014-02-15 17:00,6.415,0.002,0,0,0,0,v
2014-02-15 17:06,6.426,0.003,0,0,0,0,v
2014-02-15 17:12,6.448,0.003,0,0,0,0,v
2014-02-15 17:18,6.470,0.004,0,0,0,0,v
2014-02-15 17:24,6.465,0.002,0,0,0,0,v
2014-02-15 17:30,6.460,0.003,0,0,0,0,v
2014-02-15 17:36,6.448,0.002,0,0,0,0,v
2014-02-15 17:42,6.452,0.002,0,0,0,0,v
2014-02-15 17:48,6.454,0.004,0,0,0,0,v
2014-02-15 17:54,6.457,0.004,0,0,0,0,v
2014-02-15 18:00,6.449,0.004,0,0,0,0,v
2014-02-15 18:06,6.464,0.002,0,0,0,0,v
2014-02-15 18:12,6.474,0.002,0,0,0,0,v
2014-02-15 18:18,6.479,0.004,0,0,0,0,v
2014-02-15 18:24,6.508,0.003,0,0,0,0,v
2014-02-15 18:30,6.502,0.003,0,0,0,0,v
2014-02-15 18:36,6.496,0.003,0,0,0,0,v
2014-02-15 18:42,6.509,0.002,0,0,0,0,v
2014-02-15 18:48,6.496,0.003,0,0,0,0,v
2014-02-15 18:54,6.528,0.004,0,0,0,0,v
2014-02-15 19:00,6.535,0.003,0,0,0,0,v
2014-02-15 19:06,6.532,0.002,0,0,0,0,v
2014-02-15 19:12,6.559,0.002,0,0,0,0,v
2014-02-15 19:18,6.577,0.003,0,0,0,0,v
2014-02-15 19:24,6.572,0.003,0,0,0,0,v
2014-02-15 19:30,6.583,0.006,0,0,0,0,v
2014-02-15 19:36,6.605,0.003,0,0,0,0,v
2014-02-15 19:42,6.618,0.003,0,0,0,0,v
2014-02-15 19:48,6.626,0.004,0,0,0,0,v
2014-02-15 19:54,6.646,0.003,0,0,0,0,v
2014-02-15 20:00,6.639,0.003,0,0,0,0,v
2014-02-15 20:06,6.650,0.004,0,0,0,0,v
2014-02-15 20:12,6.637,0.002,0,0,0,0,v
2014-02-15 20:18,6.637,0.003,0,0,0,0,v
2014-02-15 20:24,6.647,0.003,0,0,0,0,v
2014-02-15 20:30,6.656,0.003,0,0,0,0,v
2014-02-15 20:36,6.660,0.002,0,0,0,0,v
2014-02-15 20:42,6.657,0.003,0,0,0,0,v
2014-02-15 20:48,6.652,0.004,0,0,0,0,v
2014-02-15 20:54,6.662,0.004,0,0,0,0,v
2014-02-15 21:00,6.683,0.003,0,0,0,0,v
2014-02-15 21:06,6.693,0.003,0,0,0,0,v
2014-02-15 21:12,6.675,0.004,0,0,0,0,v
2014-02-15 21:18,6.702,0.002,0,0,0,0,v
2014-02-15 21:24,6.722,0.003,0,0,0,0,v
2014-02-15 21:30,6.718,0.004,0,0,0,0,v
2014-02-15 21:36,6.710,0.003,0,0,0,0,v
2014-02-15 21:42,6.680,0.004,0,0,0,0,v
2014-02-15 21:48,6.664,0.003,0,0,0,0,v
2014-02-15 21:54,6.665,0.002,0,0,0,0,v
2014-02-15 22:00,6.674,0.003,0,0,0,0,v
2014-02-15 22:06,6.659,0.004,0,0,0,0,v
2014-02-15 22:12,6.676,0.003,0,0,0,0,v
2014-02-15 22:18,6.688,0.003,0,0,0,0,v
2014-02-15 22:24,6.681,0.005,0,0,0,0,v
2014-02-15 22:30,6.670,0.004,0,0,0,0,v
2014-02-15 22:36,6.655,0.003,0,0,0,0,v
2014-02-15 22:42,6.670,0.006,0,0,0,0,v
2014-02-15 22:48,6.661,0.009,0,0,0,0,v
2014-02-15 22:54,6.674,0.007,0,0,0,0,v
2014-02-15 23:00,6.667,0.005,0,0,0,0,v
2014-02-15 23:06,6.651,0.004,0,0,0,0,v
2014-02-15 23:12,6.648,0.004,0,0,0,0,v
2014-02-15 23:18,6.645,0.005,0,0,0,0,v
2014-02-15 23:24,6.629,0.004,0,0,0,0,v
2014-02-15 23:30,6.627,0.004,0,0,0,0,v
2014-02-15 23:36,6.619,0.006,0,0,0,0,v
2014-02-15 23:42,6.617,0.003,0,0,0,0,v
2014-02-15 23:48,6.630,0.003,0,0,0,0,v
2014-02-15 23:54,6.637,0.003,0,0,0,0,v
2014-02-16 00:00,6.625,0.003,0,0,0,0,v
2014-02-16 00:06,6.648,0.004,0,0,0,0,v
2014-02-16 00:12,6.616,0.003,0,0,0,0,v
2014-02-16 00:18,6.621,0.004,0,0,0,0,v
2014-02-16 00:24,6.630,0.004,0,0,0,0,v
2014-02-16 00:30,6.649,0.003,0,0,0,0,v
2014-02-16 00:36,6.641,0.003,0,0,0,0,v
2014-02-16 00:42,6.617,0.007,0,0,0,0,v
2014-02-16 00:48,6.623,0.005,0,0,0,0,v
2014-02-16 00:54,6.629,0.004,0,0,0,0,v
2014-02-16 01:00,6.634,0.006,0,0,0,0,v
2014-02-16 01:06,6.635,0.003,0,0,0,0,v
2014-02-16 01:12,6.625,0.003,0,0,0,0,v
2014-02-16 01:18,6.620,0.005,0,0,0,0,v
2014-02-16 01:24,6.627,0.004,0,0,0,0,v
2014-02-16 01:30,6.635,0.005,0,0,0,0,v
2014-02-16 01:36,6.638,0.003,0,0,0,0,v
2014-02-16 01:42,6.613,0.004,0,0,0,0,v
2014-02-16 01:48,6.580,0.003,0,0,0,0,v
2014-02-16 01:54,6.589,0.003,0,0,0,0,v
2014-02-16 02:00,6.574,0.002,0,0,0,0,v
2014-02-16 02:06,6.601,0.007,0,0,0,0,v
2014-02-16 02:12,6.592,0.009,0,0,0,0,v
2014-02-16 02:18,6.557,0.004,0,0,0,0,v
2014-02-16 02:24,6.562,0.006,0,0,0,0,v
2014-02-16 02:30,6.562,0.006,0,0,0,0,v
2014-02-16 02:36,6.566,0.004,0,0,0,0,v
2014-02-16 02:42,6.572,0.005,0,0,0,0,v
2014-02-16 02:48,6.575,0.005,0,0,0,0,v
2014-02-16 02:54,6.604,0.004,0,0,0,0,v
2014-02-16 03:00,6.599,0.004,0,0,0,0,v
2014-02-16 03:06,6.557,0.006,0,0,0,0,v
2014-02-16 03:12,6.555,0.002,0,0,0,0,v
2014-02-16 03:18,6.539,0.004,0,0,0,0,v
2014-02-16 03:24,6.530,0.003,0,0,0,0,v
2014-02-16 03:30,6.532,0.002,0,0,0,0,v
2014-02-16 03:36,6.532,0.004,0,0,0,0,v
2014-02-16 03:42,6.521,0.003,0,0,0,0,v
2014-02-16 03:48,6.516,0.006,0,0,0,0,v
2014-02-16 03:54,6.492,0.005,0,0,0,0,v
2014-02-16 04:00,6.517,0.002,0,0,0,0,v
2014-02-16 04:06,6.523,0.003,0,0,0,0,v
2014-02-16 04:12,6.519,0.002,0,0,0,0,v
2014-02-16 04:18,6.512,0.005,0,0,0,0,v
2014-02-16 04:24,6.496,0.005,0,0,0,0,v
2014-02-16 04:30,6.508,0.005,0,0,0,0,v
2014-02-16 04:36,6.514,0.002,0,0,0,0,v
2014-02-16 04:42,6.508,0.002,0,0,0,0,v
2014-02-16 04:48,6.514,0.005,0,0,0,0,v
2014-02-16 04:54,6.537,0.004,0,0,0,0,v
2014-02-16 05:00,6.523,0.005,0,0,0,0,v
2014-02-16 05:06,6.532,0.005,0,0,0,0,v
2014-02-16 05:12,6.511,0.003,0,0,0,0,v
2014-02-16 05:18,6.536,0.007,0,0,0,0,v
2014-02-16 05:24,6.538,0.002,0,0,0,0,v
2014-02-16 05:30,6.565,0.006,0,0,0,0,v
2014-02-16 05:36,6.567,0.005,0,0,0,0,v
2014-02-16 05:42,6.547,0.005,0,0,0,0,v
2014-02-16 05:48,6.544,0.003,0,0,0,0,v
2014-02-16 05:54,6.547,0.002,0,0,0,0,v
2014-02-16 06:00,6.555,0.003,0,0,0,0,v
2014-02-16 06:06,6.563,0.003,0,0,0,0,v
2014-02-16 06:12,6.565,0.004,0,0,0,0,v
2014-02-16 06:18,6.555,0.002,0,0,0,0,v
2014-02-16 06:24,6.552,0.003,0,0,0,0,v
2014-02-16 06:30,6.548,0.002,0,0,0,0,v
2014-02-16 06:36,6.560,0.002,0,0,0,0,v
2014-02-16 06:42,6.570,0.003,0,0,0,0,v
2014-02-16 06:48,6.577,0.003,0,0,0,0,v
2014-02-16 06:54,6.584,0.003,0,0,0,0,v
2014-02-16 07:00,6.595,0.002,0,0,0,0,v
2014-02-16 07:06,6.593,0.002,0,0,0,0,v
2014-02-16 07:12,6.613,0.003,0,0,0,0,v
2014-02-16 07:18,6.637,0.002,0,0,0,0,v
2014-02-16 07:24,6.642,0.003,0,0,0,0,v
2014-02-16 07:30,6.650,0.003,0,0,0,0,v
2014-02-16 07:36,6.659,0.002,0,0,0,0,v
2014-02-16 07:42,6.668,0.002,0,0,0,0,v
2014-02-16 07:48,6.668,0.003,0,0,0,0,v
2014-02-16 07:54,6.655,0.003,0,0,0,0,v
2014-02-16 08:00,6.650,0.002,0,0,0,0,v
2014-02-16 08:06,6.633,0.004,0,0,0,0,v
2014-02-16 08:12,6.627,0.003,0,0,0,0,v
2014-02-16 08:18,6.646,0.002,0,0,0,0,v
2014-02-16 08:24,6.632,0.002,0,0,0,0,v
2014-02-16 08:30,6.625,0.002,0,0,0,0,v
2014-02-16 08:36,6.622,0.002,0,0,0,0,v
2014-02-16 08:42,6.627,0.003,0,0,0,0,v
2014-02-16 08:48,6.634,0.002,0,0,0,0,v
2014-02-16 08:54,6.628,0.003,0,0,0,0,v
2014-02-16 09:00,6.629,0.002,0,0,0,0,v
2014-02-16 09:06,6.629,0.003,0,0,0,0,v
2014-02-16 09:12,6.629,0.003,0,0,0,0,v
2014-02-16 09:18,6.629,0.003,0,0,0,0,v
2014-02-16 09:24,6.617,0.002,0,0,0,0,v
2014-02-16 09:30,6.611,0.005,0,0,0,0,v
2014-02-16 09:36,6.631,0.003,0,0,0,0,v
2014-02-16 09:42,6.622,0.003,0,0,0,0,v
2014-02-16 09:48,6.602,0.003,0,0,0,0,v
2014-02-16 09:54,6.621,0.002,0,0,0,0,v
2014-02-16 10:00,6.620,0.002,0,0,0,0,v
2014-02-16 10:06,6.616,0.003,0,0,0,0,v
2014-02-16 10:12,6.604,0.002,0,0,0,0,v
2014-02-16 10:18,6.598,0.002,0,0,0,0,v
2014-02-16 10:24,6.595,0.003,0,0,0,0,v
2014-02-16 10:30,6.590,0.003,0,0,0,0,v
2014-02-16 10:36,6.600,0.002,0,0,0,0,v
2014-02-16 10:42,6.606,0.003,0,0,0,0,v
2014-02-16 10:48,6.587,0.003,0,0,0,0,v
2014-02-16 10:54,6.580,0.002,0,0,0,0,v
2014-02-16 11:00,6.560,0.003,0,0,0,0,v
2014-02-16 11:06,6.540,0.002,0,0,0,0,v
2014-02-16 11:12,6.552,0.002,0,0,0,0,v
2014-02-16 11:18,6.549,0.002,0,0,0,0,v
2014-02-16 11:24,6.537,0.002,0,0,0,0,v
2014-02-16 11:30,6.529,0.002,0,0,0,0,v
2014-02-16 11:36,6.539,0.002,0,0,0,0,v
2014-02-16 11:42,6.532,0.003,0,0,0,0,v
2014-02-16 11:48,6.546,0.003,0,0,0,0,v
2014-02-16 11:54,6.518,0.003,0,0,0,0,v
2014-02-16 12:00,6.520,0.002,0,0,0,0,v
2014-02-16 12:06,6.519,0.002,0,0,0,0,v
2014-02-16 12:12,6.514,0.005,0,0,0,0,v
2014-02-16 12:18,6.520,0.004,0,0,0,0,v
2014-02-16 12:24,6.498,0.002,0,0,0,0,v
2014-02-16 12:30,6.507,0.003,0,0,0,0,v
2014-02-16 12:36,6.514,0.003,0,0,0,0,v
2014-02-16 12:42,6.481,0.007,0,0,0,0,v
2014-02-16 12:48,6.469,0.002,0,0,0,0,v
2014-02-16 12:54,6.477,0.004,0,0,0,0,v
2014-02-16 13:00,6.484,0.002,0,0,0,0,v
2014-02-16 13:06,6.471,0.002,0,0,0,0,v
2014-02-16 13:12,6.464,0.005,0,0,0,0,v
2014-02-16 13:18,6.436,0.002,0,0,0,0,v
2014-02-16 13:24,6.445,0.002,0,0,0,0,v
2014-02-16 13:30,6.446,0.002,0,0,0,0,v
2014-02-16 13:36,6.432,0.002,0,0,0,0,v
2014-02-16 13:42,6.429,0.002,0,0,0,0,v
2014-02-16 13:48,6.424,0.002,0,0,0,0,v
2014-02-16 13:54,6.443,0.002,0,0,0,0,v
2014-02-16 14:00,6.443,0.003,0,0,0,0,v
2014-02-16 14:06,6.436,0.003,0,0,0,0,v
2014-02-16 14:12,6.437,0.003,0,0,0,0,v
2014-02-16 14:18,6.453,0.003,0,0,0,0,v
2014-02-16 14:24,6.425,0.002,0,0,0,0,v
2014-02-16 14:30,6.438,0.002,0,0,0,0,v
2014-02-16 14:36,6.426,0.003,0,0,0,0,v
2014-02-16 14:42,6.406,0.004,0,0,0,0,v
2014-02-16 14:48,6.400,0.001,0,0,0,0,v
2014-02-16 14:54,6.401,0.003,0,0,0,0,v
2014-02-16 15:00,6.392,0.003,0,0,0,0,v
2014-02-16 15:06,6.380,0.002,0,0,0,0,v
2014-02-16 15:12,6.365,0.001,0,0,0,0,v
2014-02-16 15:18,6.376,0.002,0,0,0,0,v
2014-02-16 15:24,6.355,0.001,0,0,0,0,v
2014-02-16 15:30,6.367,0.002,0,0,0,0,v
2014-02-16 15:36,6.339,0.003,0,0,0,0,v
2014-02-16 15:42,6.366,0.009,0,0,0,0,v
2014-02-16 15:48,6.374,0.005,0,0,0,0,v
2014-02-16 15:54,6.365,0.002,0,0,0,0,v
2014-02-16 16:00,6.343,0.002,0,0,0,0,v
2014-02-16 16:06,6.340,0.003,0,0,0,0,v
2014-02-16 16:12,6.342,0.003,0,0,0,0,v
2014-02-16 16:18,6.373,0.002,0,0,0,0,v
2014-02-16 16:24,6.368,0.002,0,0,0,0,v
2014-02-16 16:30,6.379,0.003,0,0,0,0,v
2014-02-16 16:36,6.360,0.002,0,0,0,0,v
2014-02-16 16:42,6.354,0.001,0,0,0,0,v
2014-02-16 16:48,6.369,0.003,0,0,0,0,v
2014-02-16 16:54,6.369,0.002,0,0,0,0,v
2014-02-16 17:00,6.378,0.001,0,0,0,0,v
2014-02-16 17:06,6.364,0.001,0,0,0,0,v
2014-02-16 17:12,6.386,0.003,0,0,0,0,v
2014-02-16 17:18,6.391,0.003,0,0,0,0,v
2014-02-16 17:24,6.402,0.008,0,0,0,0,v
2014-02-16 17:30,6.436,0.002,0,0,0,0,v
2014-02-16 17:36,6.425,0.003,0,0,0,0,v
2014-02-16 17:42,6.447,0.002,0,0,0,0,v
2014-02-16 17:48,6.437,0.002,0,0,0,0,v
2014-02-16 17:54,6.429,0.001,0,0,0,0,v
2014-02-16 18:00,6.435,0.001,0,0,0,0,v
2014-02-16 18:06,6.446,0.003,0,0,0,0,v
2014-02-16 18:12,6.469,0.003,0,0,0,0,v
2014-02-16 18:18,6.473,0.001,0,0,0,0,v
2014-02-16 18:24,6.503,0.005,0,0,0,0,v
2014-02-16 18:30,6.491,0.007,0,0,0,0,v
2014-02-16 18:36,6.489,0.008,0,0,0,0,v
2014-02-16 18:42,6.488,0.006,0,0,0,0,v
2014-02-16 18:48,6.494,0.009,0,0,0,0,v
2014-02-16 18:54,6.523,0.001,0,0,0,0,v
2014-02-16 19:00,6.523,0.003,0,0,0,0,v
2014-02-16 19:06,6.528,0.002,0,0,0,0,v
2014-02-16 19:12,6.540,0.002,0,0,0,0,v
2014-02-16 19:18,6.531,0.003,0,0,0,0,v
2014-02-16 19:24,6.542,0.002,0,0,0,0,v
2014-02-16 19:30,6.529,0.002,0,0,0,0,v
2014-02-16 19:36,6.554,0.003,0,0,0,0,v
2014-02-16 19:42,6.563,0.001,0,0,0,0,v
2014-02-16 19:48,6.562,0.005,0,0,0,0,v
2014-02-16 19:54,6.543,0.002,0,0,0,0,v
2014-02-16 20:00,6.558,0.002,0,0,0,0,v
2014-02-16 20:06,6.571,0.001,0,0,0,0,v
2014-02-16 20:12,6.574,0.001,0,0,0,0,v
2014-02-16 20:18,6.577,0.002,0,0,0,0,v
2014-02-16 20:24,6.582,0.004,0,0,0,0,v
2014-02-16 20:30,6.595,0.002,0,0,0,0,v
2014-02-16 20:36,6.597,0.002,0,0,0,0,v
2014-02-16 20:42,6.609,0.003,0,0,0,0,v
2014-02-16 20:48,6.615,0.002,0,0,0,0,v
2014-02-16 20:54,6.636,0.004,0,0,0,0,v
2014-02-16 21:00,6.638,0.002,0,0,0,0,v
2014-02-16 21:06,6.645,0.002,0,0,0,0,v
2014-02-16 21:12,6.664,0.002,0,0,0,0,v
2014-02-16 21:18,6.660,0.002,0,0,0,0,v
2014-02-16 21:24,6.661,0.003,0,0,0,0,v
2014-02-16 21:30,6.648,0.002,0,0,0,0,v
2014-02-16 21:36,6.659,0.003,0,0,0,0,v
2014-02-16 21:42,6.649,0.002,0,0,0,0,v
2014-02-16 21:48,6.661,0.001,0,0,0,0,v
2014-02-16 21:54,6.668,0.002,0,0,0,0,v
2014-02-16 22:00,6.671,0.001,0,0,0,0,v
2014-02-16 22:06,6.673,0.001,0,0,0,0,v
2014-02-16 22:12,6.668,0.003,0,0,0,0,v
2014-02-16 22:18,6.675,0.001,0,0,0,0,v
2014-02-16 22:24,6.659,0.002,0,0,0,0,v
2014-02-16 22:30,6.666,0.003,0,0,0,0,v
2014-02-16 22:36,6.677,0.002,0,0,0,0,v
2014-02-16 22:42,6.674,0.001,0,0,0,0,v
2014-02-16 22:48,6.673,0.002,0,0,0,0,v
2014-02-16 22:54,6.671,0.003,0,0,0,0,v
2014-02-16 23:00,6.667,0.002,0,0,0,0,v
2014-02-16 23:06,6.665,0.001,0,0,0,0,v
2014-02-16 23:12,6.667,0.002,0,0,0,0,v
2014-02-16 23:18,6.660,0.001,0,0,0,0,v
2014-02-16 23:24,6.651,0.002,0,0,0,0,v
2014-02-16 23:30,6.651,0.002,0,0,0,0,v
2014-02-16 23:36,6.650,0.004,0,0,0,0,v
2014-02-16 23:42,6.666,0.003,0,0,0,0,v
2014-02-16 23:48,6.654,0.001,0,0,0,0,v
2014-02-16 23:54,6.657,0.003,0,0,0,0,v
2014-02-17 00:00,6.642,0.002,0,0,0,0,v
2014-02-17 00:06,6.638,0.002,0,0,0,0,v
2014-02-17 00:12,6.638,0.002,0,0,0,0,v
2014-02-17 00:18,6.607,0.002,0,0,0,0,v
2014-02-17 00:24,6.616,0.005,0,0,0,0,v
2014-02-17 00:30,6.626,0.002,0,0,0,0,v
2014-02-17 00:36,6.617,0.003,0,0,0,0,v
2014-02-17 00:42,6.619,0.002,0,0,0,0,v
2014-02-17 00:48,6.625,0.004,0,0,0,0,v
2014-02-17 00:54,6.649,0.002,0,0,0,0,v
2014-02-17 01:00,6.648,0.002,0,0,0,0,v
2014-02-17 01:06,6.621,0.002,0,0,0,0,v
2014-02-17 01:12,6.626,0.001,0,0,0,0,v
2014-02-17 01:18,6.625,0.002,0,0,0,0,v
2014-02-17 01:24,6.619,0.002,0,0,0,0,v
2014-02-17 01:30,6.604,0.003,0,0,0,0,v
2014-02-17 01:36,6.592,0.001,0,0,0,0,v
2014-02-17 01:42,6.597,0.002,0,0,0,0,v
2014-02-17 01:48,6.603,0.001,0,0,0,0,v
2014-02-17 01:54,6.610,0.002,0,0,0,0,v
2014-02-17 02:00,6.593,0.005,0,0,0,0,v
2014-02-17 02:06,6.578,0.002,0,0,0,0,v
2014-02-17 02:12,6.563,0.004,0,0,0,0,v
2014-02-17 02:18,6.557,0.002,0,0,0,0,v
2014-02-17 02:24,6.571,0.003,0,0,0,0,v
2014-02-17 02:30,6.576,0.001,0,0,0,0,v
2014-02-17 02:36,6.567,0.002,0,0,0,0,v
2014-02-17 02:42,6.557,0.002,0,0,0,0,v
2014-02-17 02:48,6.576,0.002,0,0,0,0,v
2014-02-17 02:54,6.572,0.003,0,0,0,0,v
2014-02-17 03:00,6.565,0.002,0,0,0,0,v
2014-02-17 03:06,6.563,0.002,0,0,0,0,v
2014-02-17 03:12,6.570,0.002,0,0,0,0,v
2014-02-17 03:18,6.562,0.003,0,0,0,0,v
2014-02-17 03:24,6.554,0.002,0,0,0,0,v
2014-02-17 03:30,6.562,0.003,0,0,0,0,v
2014-02-17 03:36,6.555,0.001,0,0,0,0,v
2014-02-17 03:42,6.570,0.003,0,0,0,0,v
2014-02-17 03:48,6.569,0.001,0,0,0,0,v
2014-02-17 03:54,6.557,0.002,0,0,0,0,v
2014-02-17 04:00,6.558,0.002,0,0,0,0,v
2014-02-17 04:06,6.561,0.003,0,0,0,0,v
2014-02-17 04:12,6.556,0.002,0,0,0,0,v
2014-02-17 04:18,6.565,0.002,0,0,0,0,v
2014-02-17 04:24,6.574,0.001,0,0,0,0,v
2014-02-17 04:30,6.548,0.004,0,0,0,0,v
2014-02-17 04:36,6.551,0.005,0,0,0,0,v
2014-02-17 04:42,6.565,0.003,0,0,0,0,v
2014-02-17 04:48,6.560,0.002,0,0,0,0,v
2014-02-17 04:54,6.562,0.002,0,0,0,0,v
2014-02-17 05:00,6.560,0.003,0,0,0,0,v
2014-02-17 05:06,6.563,0.002,0,0,0,0,v
2014-02-17 05:12,6.553,0.002,0,0,0,0,v
2014-02-17 05:18,6.551,0.003,0,0,0,0,v
2014-02-17 05:24,6.562,0.002,0,0,0,0,v
2014-02-17 05:30,6.557,0.002,0,0,0,0,v
2014-02-17 05:36,6.572,0.003,0,0,0,0,v
2014-02-17 05:42,6.559,0.005,0,0,0,0,v
2014-02-17 05:48,6.547,0.002,0,0,0,0,v
2014-02-17 05:54,6.565,0.002,0,0,0,0,v
2014-02-17 06:00,6.548,0.001,0,0,0,0,v
2014-02-17 06:06,6.553,0.001,0,0,0,0,v
2014-02-17 06:12,6.540,0.001,0,0,0,0,v
2014-02-17 06:18,6.543,0.002,0,0,0,0,v
2014-02-17 06:24,6.542,0.002,0,0,0,0,v
2014-02-17 06:30,6.565,0.004,0,0,0,0,v
2014-02-17 06:36,6.564,0.002,0,0,0,0,v
2014-02-17 06:42,6.552,0.002,0,0,0,0,v
2014-02-17 06:48,6.547,0.003,0,0,0,0,v
2014-02-17 06:54,6.564,0.002,0,0,0,0,v
2014-02-17 07:00,6.555,0.002,0,0,0,0,v
2014-02-17 07:06,6.569,0.001,0,0,0,0,v
2014-02-17 07:12,6.570,0.003,0,0,0,0,v
2014-02-17 07:18,6.579,0.002,0,0,0,0,v
2014-02-17 07:24,6.570,0.001,0,0,0,0,v
2014-02-17 07:30,6.571,0.002,0,0,0,0,v
2014-02-17 07:36,6.578,0.002,0,0,0,0,v
2014-02-17 07:42,6.580,0.003,0,0,0,0,v
2014-02-17 07:48,6.576,0.003,0,0,0,0,v
2014-02-17 07:54,6.594,0.002,0,0,0,0,v
2014-02-17 08:00,6.601,0.001,0,0,0,0,v
2014-02-17 08:06,6.599,0.001,0,0,0,0,v
2014-02-17 08:12,6.596,0.002,0,0,0,0,v
2014-02-17 08:18,6.612,0.001,0,0,0,0,v
2014-02-17 08:24,6.624,0.002,0,0,0,0,v
2014-02-17 08:30,6.643,0.002,0,0,0,0,v
2014-02-17 08:36,6.651,0.002,0,0,0,0,v
2014-02-17 08:42,6.666,0.002,0,0,0,0,v
2014-02-17 08:48,6.655,0.004,0,0,0,0,v
2014-02-17 08:54,6.654,0.002,0,0,0,0,v
2014-02-17 09:00,6.658,0.002,0,0,0,0,v
2014-02-17 09:06,6.656,0.002,0,0,0,0,v
2014-02-17 09:12,6.665,0.003,0,0,0,0,v
2014-02-17 09:18,6.662,0.002,0,0,0,0,v
2014-02-17 09:24,6.671,0.003,0,0,0,0,v
2014-02-17 09:30,6.681,0.001,0,0,0,0,v
2014-02-17 09:36,6.676,0.002,0,0,0,0,v
2014-02-17 09:42,6.667,0.002,0,0,0,0,v
2014-02-17 09:48,6.672,0.002,0,0,0,0,v
2014-02-17 09:54,6.669,0.001,0,0,0,0,v
2014-02-17 10:00,6.654,0.005,0,0,0,0,v
2014-02-17 10:06,6.644,0.002,0,0,0,0,v
2014-02-17 10:12,6.646,0.003,0,0,0,0,v
2014-02-17 10:18,6.635,0.003,0,0,0,0,v
2014-02-17 10:24,6.643,0.002,0,0,0,0,v
2014-02-17 10:30,6.652,0.004,0,0,0,0,v
2014-02-17 10:36,6.660,0.002,0,0,0,0,v
2014-02-17 10:42,6.648,0.002,0,0,0,0,v
2014-02-17 10:48,6.647,0.001,0,0,0,0,v
2014-02-17 10:54,6.631,0.002,0,0,0,0,v
2014-02-17 11:00,6.607,0.002,0,0,0,0,v
2014-02-17 11:06,6.607,0.002,0,0,0,0,v
2014-02-17 11:12,6.597,0.003,0,0,0,0,v
2014-02-17 11:18,6.579,0.002,0,0,0,0,v
2014-02-17 11:24,6.573,0.002,0,0,0,0,v
2014-02-17 11:30,6.573,0.002,0,0,0,0,v
2014-02-17 11:36,6.569,0.003,0,0,0,0,v
2014-02-17 11:42,6.581,0.002,0,0,0,0,v
2014-02-17 11:48,6.565,0.002,0,0,0,0,v
2014-02-17 11:54,6.559,0.002,0,0,0,0,v
2014-02-17 12:00,6.553,0.002,0,0,0,0,v
2014-02-17 12:06,6.549,0.003,0,0,0,0,v
2014-02-17 12:12,6.545,0.003,0,0,0,0,v
2014-02-17 12:18,6.532,0.003,0,0,0,0,v
2014-02-17 12:24,6.522,0.003,0,0,0,0,v
2014-02-17 12:30,6.510,0.002,0,0,0,0,v
2014-02-17 12:36,6.512,0.002,0,0,0,0,v
2014-02-17 12:42,6.509,0.002,0,0,0,0,v
2014-02-17 12:48,6.494,0.003,0,0,0,0,v
2014-02-17 12:54,6.486,0.002,0,0,0,0,v
2014-02-17 13:00,6.486,0.002,0,0,0,0,v
2014-02-17 13:06,6.484,0.002,0,0,0,0,v
2014-02-17 13:12,6.486,0.002,0,0,0,0,v
2014-02-17 13:18,6.479,0.001,0,0,0,0,v
2014-02-17 13:24,6.477,0.003,0,0,0,0,v
2014-02-17 13:30,6.461,0.003,0,0,0,0,v
2014-02-17 13:36,6.439,0.004,0,0,0,0,v
2014-02-17 13:42,6.457,0.002,0,0,0,0,v
2014-02-17 13:48,6.447,0.002,0,0,0,0,v
2014-02-17 13:54,6.445,0.002,0,0,0,0,v
2014-02-17 14:00,6.448,0.002,0,0,0,0,v
2014-02-17 14:06,6.442,0.002,0,0,0,0,v
2014-02-17 14:12,6.443,0.004,0,0,0,0,v
2014-02-17 14:18,6.432,0.002,0,0,0,0,v
2014-02-17 14:24,6.440,0.003,0,0,0,0,v
2014-02-17 14:30,6.452,0.002,0,0,0,0,v
2014-02-17 14:36,6.456,0.002,0,0,0,0,v
2014-02-17 14:42,6.456,0.004,0,0,0,0,v
2014-02-17 14:48,6.451,0.004,0,0,0,0,v
2014-02-17 14:54,6.448,0.004,0,0,0,0,v
2014-02-17 15:00,6.436,0.003,0,0,0,0,v
2014-02-17 15:06,6.433,0.003,0,0,0,0,v
2014-02-17 15:12,6.427,0.003,0,0,0,0,v
2014-02-17 15:18,6.434,0.003,0,0,0,0,v
2014-02-17 15:24,6.435,0.003,0,0,0,0,v
2014-02-17 15:30,6.442,0.002,0,0,0,0,v
2014-02-17 15:36,6.447,0.002,0,0,0,0,v
2014-02-17 15:42,6.457,0.003,0,0,0,0,v
2014-02-17 15:48,6.446,0.004,0,0,0,0,v
2014-02-17 15:54,6.443,0.003,0,0,0,0,v
2014-02-17 16:00,6.447,0.003,0,0,0,0,v
2014-02-17 16:06,6.437,0.004,0,0,0,0,v
2014-02-17 16:12,6.424,0.004,0,0,0,0,v
2014-02-17 16:18,6.408,0.002,0,0,0,0,v
2014-02-17 16:24,6.407,0.003,0,0,0,0,v
2014-02-17 16:30,6.401,0.003,0,0,0,0,v
2014-02-17 16:36,6.412,0.004,0,0,0,0,v
2014-02-17 16:42,6.419,0.002,0,0,0,0,v
2014-02-17 16:48,6.420,0.002,0,0,0,0,v
2014-02-17 16:54,6.425,0.002,0,0,0,0,v
2014-02-17 17:00,6.428,0.002,0,0,0,0,v
2014-02-17 17:06,6.427,0.003,0,0,0,0,v
2014-02-17 17:12,6.431,0.003,0,0,0,0,v
2014-02-17 17:18,6.433,0.004,0,0,0,0,v
2014-02-17 17:24,6.420,0.002,0,0,0,0,v
2014-02-17 17:30,6.432,0.002,0,0,0,0,v
2014-02-17 17:36,6.420,0.003,0,0,0,0,v
2014-02-17 17:42,6.408,0.002,0,0,0,0,v
2014-02-17 17:48,6.402,0.003,0,0,0,0,v
2014-02-17 17:54,6.391,0.002,0,0,0,0,v
2014-02-17 18:00,6.411,0.002,0,0,0,0,v
2014-02-17 18:06,6.419,0.002,0,0,0,0,v
2014-02-17 18:12,6.419,0.002,0,0,0,0,v
2014-02-17 18:18,6.427,0.003,0,0,0,0,v
2014-02-17 18:24,6.435,0.002,0,0,0,0,v
2014-02-17 18:30,6.434,0.002,0,0,0,0,v
2014-02-17 18:36,6.435,0.003,0,0,0,0,v
2014-02-17 18:42,6.446,0.003,0,0,0,0,v
2014-02-17 18:48,6.451,0.002,0,0,0,0,v
2014-02-17 18:54,6.438,0.002,0,0,0,0,v
2014-02-17 19:00,6.455,0.003,0,0,0,0,v
2014-02-17 19:06,6.462,0.004,0,0,0,0,v
2014-02-17 19:12,6.482,0.002,0,0,0,0,v
2014-02-17 19:18,6.500,0.003,0,0,0,0,v
2014-02-17 19:24,6.482,0.003,0,0,0,0,v
2014-02-17 19:30,6.480,0.002,0,0,0,0,v
2014-02-17 19:36,6.488,0.003,0,0,0,0,v
2014-02-17 19:42,6.508,0.003,0,0,0,0,v
2014-02-17 19:48,6.511,0.002,0,0,0,0,v
2014-02-17 19:54,6.501,0.002,0,0,0,0,v
2014-02-17 20:00,6.498,0.003,0,0,0,0,v
2014-02-17 20:06,6.520,0.005,0,0,0,0,v
2014-02-17 20:12,6.539,0.003,0,0,0,0,v
2014-02-17 20:18,6.547,0.004,0,0,0,0,v
2014-02-17 20:24,6.563,0.002,0,0,0,0,v
2014-02-17 20:30,6.560,0.003,0,0,0,0,v
2014-02-17 20:36,6.542,0.003,0,0,0,0,v
2014-02-17 20:42,6.562,0.004,0,0,0,0,v
2014-02-17 20:48,6.567,0.002,0,0,0,0,v
2014-02-17 20:54,6.551,0.002,0,0,0,0,v
2014-02-17 21:00,6.567,0.004,0,0,0,0,v
2014-02-17 21:06,6.568,0.002,0,0,0,0,v
2014-02-17 21:12,6.581,0.003,0,0,0,0,v
2014-02-17 21:18,6.568,0.002,0,0,0,0,v
2014-02-17 21:24,6.578,0.003,0,0,0,0,v
2014-02-17 21:30,6.594,0.002,0,0,0,0,v
2014-02-17 21:36,6.605,0.002,0,0,0,0,v
2014-02-17 21:42,6.592,0.002,0,0,0,0,v
2014-02-17 21:48,6.593,0.003,0,0,0,0,v
2014-02-17 21:54,6.591,0.003,0,0,0,0,v
2014-02-17 22:00,6.586,0.003,0,0,0,0,v
2014-02-17 22:06,6.606,0.003,0,0,0,0,v
2014-02-17 22:12,6.626,0.002,0,0,0,0,v
2014-02-17 22:18,6.622,0.002,0,0,0,0,v
2014-02-17 22:24,6.639,0.005,0,0,0,0,v
2014-02-17 22:30,6.632,0.005,0,0,0,0,v
2014-02-17 22:36,6.609,0.003,0,0,0,0,v
2014-02-17 22:42,6.609,0.003,0,0,0,0,v
2014-02-17 22:48,6.598,0.006,0,0,0,0,v
2014-02-17 22:54,6.610,0.002,0,0,0,0,v
2014-02-17 23:00,6.607,0.003,0,0,0,0,v
2014-02-17 23:06,6.561,0.004,0,0,0,0,v
2014-02-17 23:12,6.569,0.004,0,0,0,0,v
2014-02-17 23:18,6.587,0.003,0,0,0,0,v
2014-02-17 23:24,6.574,0.003,0,0,0,0,v
2014-02-17 23:30,6.575,0.004,0,0,0,0,v
2014-02-17 23:36,6.578,0.002,0,0,0,0,v
2014-02-17 23:42,6.566,0.002,0,0,0,0,v
2014-02-17 23:48,6.546,0.003,0,0,0,0,v
2014-02-17 23:54,6.548,0.003,0,0,0,0,v
2014-02-18 00:00,6.561,0.003,0,0,0,0,v
2014-02-18 00:06,6.556,0.004,0,0,0,0,v
2014-02-18 00:12,6.527,0.003,0,0,0,0,v
2014-02-18 00:18,6.527,0.002,0,0,0,0,v
2014-02-18 00:24,6.524,0.003,0,0,0,0,v
2014-02-18 00:30,6.509,0.004,0,0,0,0,v
2014-02-18 00:36,6.498,0.003,0,0,0,0,v
2014-02-18 00:42,6.500,0.004,0,0,0,0,v
2014-02-18 00:48,6.510,0.004,0,0,0,0,v
2014-02-18 00:54,6.526,0.002,0,0,0,0,v
2014-02-18 01:00,6.509,0.004,0,0,0,0,v
2014-02-18 01:06,6.519,0.003,0,0,0,0,v
2014-02-18 01:12,6.517,0.004,0,0,0,0,v
2014-02-18 01:18,6.505,0.004,0,0,0,0,v
2014-02-18 01:24,6.493,0.003,0,0,0,0,v
2014-02-18 01:30,6.494,0.004,0,0,0,0,v
2014-02-18 01:36,6.500,0.003,0,0,0,0,v
2014-02-18 01:42,6.486,0.003,0,0,0,0,v
2014-02-18 01:48,6.496,0.003,0,0,0,0,v
2014-02-18 01:54,6.503,0.003,0,0,0,0,v
2014-02-18 02:00,6.488,0.006,0,0,0,0,v
2014-02-18 02:06,6.475,0.002,0,0,0,0,v
2014-02-18 02:12,6.478,0.002,0,0,0,0,v
2014-02-18 02:18,6.479,0.004,0,0,0,0,v
2014-02-18 02:24,6.466,0.002,0,0,0,0,v
2014-02-18 02:30,6.487,0.003,0,0,0,0,v
2014-02-18 02:36,6.478,0.003,0,0,0,0,v
2014-02-18 02:42,6.483,0.003,0,0,0,0,v
2014-02-18 02:48,6.485,0.002,0,0,0,0,v
2014-02-18 02:54,6.473,0.002,0,0,0,0,v
2014-02-18 03:00,6.458,0.003,0,0,0,0,v
2014-02-18 03:06,6.462,0.003,0,0,0,0,v
2014-02-18 03:12,6.455,0.003,0,0,0,0,v
2014-02-18 03:18,6.470,0.002,0,0,0,0,v
2014-02-18 03:24,6.452,0.004,0,0,0,0,v
2014-02-18 03:30,6.442,0.003,0,0,0,0,v
2014-02-18 03:36,6.446,0.003,0,0,0,0,v
2014-02-18 03:42,6.441,0.002,0,0,0,0,v
2014-02-18 03:48,6.448,0.003,0,0,0,0,v
2014-02-18 03:54,6.439,0.003,0,0,0,0,v
2014-02-18 04:00,6.430,0.002,0,0,0,0,v
2014-02-18 04:06,6.412,0.003,0,0,0,0,v
2014-02-18 04:12,6.399,0.003,0,0,0,0,v
2014-02-18 04:18,6.398,0.003,0,0,0,0,v
2014-02-18 04:24,6.419,0.005,0,0,0,0,v
2014-02-18 04:30,6.428,0.004,0,0,0,0,v
2014-02-18 04:36,6.411,0.005,0,0,0,0,v
2014-02-18 04:42,6.393,0.002,0,0,0,0,v
2014-02-18 04:48,6.399,0.003,0,0,0,0,v
2014-02-18 04:54,6.404,0.002,0,0,0,0,v
2014-02-18 05:00,6.416,0.004,0,0,0,0,v
2014-02-18 05:06,6.407,0.002,0,0,0,0,v
2014-02-18 05:12,6.419,0.003,0,0,0,0,v
2014-02-18 05:18,6.427,0.003,0,0,0,0,v
2014-02-18 05:24,6.422,0.004,0,0,0,0,v
2014-02-18 05:30,6.440,0.002,0,0,0,0,v
2014-02-18 05:36,6.441,0.004,0,0,0,0,v
2014-02-18 05:42,6.453,0.002,0,0,0,0,v
2014-02-18 05:48,6.448,0.003,0,0,0,0,v
2014-02-18 05:54,6.434,0.003,0,0,0,0,v
2014-02-18 06:00,6.445,0.003,0,0,0,0,v
2014-02-18 06:06,6.449,0.003,0,0,0,0,v
2014-02-18 06:12,6.461,0.003,0,0,0,0,v
2014-02-18 06:18,6.487,0.002,0,0,0,0,v
2014-02-18 06:24,6.462,0.004,0,0,0,0,v
2014-02-18 06:30,6.443,0.005,0,0,0,0,v
2014-02-18 06:36,6.446,0.006,0,0,0,0,v
2014-02-18 06:42,6.476,0.005,0,0,0,0,v
2014-02-18 06:48,6.490,0.005,0,0,0,0,v
2014-02-18 06:54,6.465,0.006,0,0,0,0,v
2014-02-18 07:00,6.471,0.005,0,0,0,0,v
2014-02-18 07:06,6.501,0.004,0,0,0,0,v
2014-02-18 07:12,6.512,0.005,0,0,0,0,v
2014-02-18 07:18,6.514,0.003,0,0,0,0,v
2014-02-18 07:24,6.519,0.004,0,0,0,0,v
2014-02-18 07:30,6.504,0.004,0,0,0,0,v
2014-02-18 07:36,6.505,0.003,0,0,0,0,v
2014-02-18 07:42,6.514,0.003,0,0,0,0,v
2014-02-18 07:48,6.528,0.003,0,0,0,0,v
2014-02-18 07:54,6.530,0.003,0,0,0,0,v
2014-02-18 08:00,6.521,0.002,0,0,0,0,v
2014-02-18 08:06,6.530,0.003,0,0,0,0,v
2014-02-18 08:12,6.533,0.004,0,0,0,0,v
2014-02-18 08:18,6.540,0.003,0,0,0,0,v
2014-02-18 08:24,6.534,0.005,0,0,0,0,v
2014-02-18 08:30,6.534,0.003,0,0,0,0,v
2014-02-18 08:36,6.553,0.007,0,0,0,0,v
2014-02-18 08:42,6.581,0.003,0,0,0,0,v
2014-02-18 08:48,6.585,0.004,0,0,0,0,v
2014-02-18 08:54,6.591,0.005,0,0,0,0,v
2014-02-18 09:00,6.632,0.003,0,0,0,0,v
2014-02-18 09:06,6.614,0.003,0,0,0,0,v
2014-02-18 09:12,6.610,0.003,0,0,0,0,v
2014-02-18 09:18,6.605,0.002,0,0,0,0,v
2014-02-18 09:24,6.618,0.003,0,0,0,0,v
2014-02-18 09:30,6.615,0.004,0,0,0,0,v
2014-02-18 09:36,6.621,0.002,0,0,0,0,v
2014-02-18 09:42,6.607,0.004,0,0,0,0,v
2014-02-18 09:48,6.630,0.006,0,0,0,0,v
2014-02-18 09:54,6.632,0.004,0,0,0,0,v
2014-02-18 10:00,6.619,0.005,0,0,0,0,v
2014-02-18 10:06,6.623,0.004,0,0,0,0,v
2014-02-18 10:12,6.627,0.004,0,0,0,0,v
2014-02-18 10:18,6.644,0.002,0,0,0,0,v
2014-02-18 10:24,6.642,0.002,0,0,0,0,v
2014-02-18 10:30,6.650,0.003,0,0,0,0,v
2014-02-18 10:36,6.654,0.003,0,0,0,0,v
2014-02-18 10:42,6.665,0.002,0,0,0,0,v
2014-02-18 10:48,6.668,0.003,0,0,0,0,v
2014-02-18 10:54,6.671,0.003,0,0,0,0,v
2014-02-18 11:00,6.668,0.003,0,0,0,0,v
2014-02-18 11:06,6.662,0.003,0,0,0,0,v
2014-02-18 11:12,6.651,0.003,0,0,0,0,v
2014-02-18 11:18,6.654,0.002,0,0,0,0,v
2014-02-18 11:24,6.646,0.003,0,0,0,0,v
2014-02-18 11:30,6.640,0.004,0,0,0,0,v
2014-02-18 11:36,6.652,0.002,0,0,0,0,v
2014-02-18 11:42,6.658,0.003,0,0,0,0,v
2014-02-18 11:48,6.661,0.004,0,0,0,0,v
2014-02-18 11:54,6.655,0.004,0,0,0,0,v
2014-02-18 12:00,6.647,0.003,0,0,0,0,v
2014-02-18 12:06,6.651,0.005,0,0,0,0,v
2014-02-18 12:12,6.659,0.005,0,0,0,0,v
2014-02-18 12:18,6.640,0.003,0,0,0,0,v
2014-02-18 12:24,6.646,0.004,0,0,0,0,v
2014-02-18 12:30,6.652,0.004,0,0,0,0,v
2014-02-18 12:36,6.645,0.004,0,0,0,0,v
2014-02-18 12:42,6.646,0.002,0,0,0,0,v
2014-02-18 12:48,6.637,0.003,0,0,0,0,v
2014-02-18 12:54,6.643,0.003,0,0,0,0,v
2014-02-18 13:00,6.646,0.003,0,0,0,0,v
2014-02-18 13:06,6.628,0.005,0,0,0,0,v
2014-02-18 13:12,6.612,0.002,0,0,0,0,v
2014-02-18 13:18,6.610,0.003,0,0,0,0,v
2014-02-18 13:24,6.602,0.004,0,0,0,0,v
2014-02-18 13:30,6.590,0.002,0,0,0,0,v
2014-02-18 13:36,6.605,0.003,0,0,0,0,v
2014-02-18 13:42,6.580,0.005,0,0,0,0,v
2014-02-18 13:48,6.573,0.003,0,0,0,0,v
2014-02-18 13:54,6.572,0.003,0,0,0,0,v
2014-02-18 14:00,6.590,0.003,0,0,0,0,v
2014-02-18 14:06,6.588,0.003,0,0,0,0,v
2014-02-18 14:12,6.593,0.003,0,0,0,0,v
2014-02-18 14:18,6.590,0.002,0,0,0,0,v
2014-02-18 14:24,6.583,0.003,0,0,0,0,v
2014-02-18 14:30,6.590,0.004,0,0,0,0,v
2014-02-18 14:36,6.563,0.003,0,0,0,0,v
2014-02-18 14:42,6.555,0.005,0,0,0,0,v
2014-02-18 14:48,6.541,0.002,0,0,0,0,v
2014-02-18 14:54,6.529,0.003,0,0,0,0,v
2014-02-18 15:00,6.539,0.002,0,0,0,0,v
2014-02-18 15:06,6.545,0.003,0,0,0,0,v
2014-02-18 15:12,6.536,0.002,0,0,0,0,v
2014-02-18 15:18,6.558,0.004,0,0,0,0,v
2014-02-18 15:24,6.569,0.004,0,0,0,0,v
2014-02-18 15:30,6.552,0.005,0,0,0,0,v
2014-02-18 15:36,6.556,0.004,0,0,0,0,v
2014-02-18 15:42,6.546,0.003,0,0,0,0,v
2014-02-18 15:48,6.532,0.003,0,0,0,0,v
2014-02-18 15:54,6.541,0.003,0,0,0,0,v
2014-02-18 16:00,6.552,0.008,0,0,0,0,v
2014-02-18 16:06,6.545,0.004,0,0,0,0,v
2014-02-18 16:12,6.533,0.003,0,0,0,0,v
2014-02-18 16:18,6.541,0.004,0,0,0,0,v
2014-02-18 16:24,6.527,0.002,0,0,0,0,v
2014-02-18 16:30,6.528,0.004,0,0,0,0,v
2014-02-18 16:36,6.537,0.002,0,0,0,0,v
2014-02-18 16:42,6.534,0.003,0,0,0,0,v
2014-02-18 16:48,6.552,0.004,0,0,0,0,v
2014-02-18 16:54,6.552,0.005,0,0,0,0,v
2014-02-18 17:00,6.530,0.003,0,0,0,0,v
2014-02-18 17:06,6.542,0.005,0,0,0,0,v
2014-02-18 17:12,6.553,0.003,0,0,0,0,v
2014-02-18 17:18,6.531,0.004,0,0,0,0,v
2014-02-18 17:24,6.522,0.004,0,0,0,0,v
2014-02-18 17:30,6.546,0.003,0,0,0,0,v
2014-02-18 17:36,6.550,0.003,0,0,0,0,v
2014-02-18 17:42,6.538,0.003,0,0,0,0,v
2014-02-18 17:48,6.538,0.003,0,0,0,0,v
2014-02-18 17:54,6.546,0.004,0,0,0,0,v
2014-02-18 18:00,6.557,0.003,0,0,0,0,v
2014-02-18 18:06,6.554,0.003,0,0,0,0,v
2014-02-18 18:12,6.551,0.003,0,0,0,0,v
2014-02-18 18:18,6.562,0.003,0,0,0,0,v
2014-02-18 18:24,6.569,0.005,0,0,0,0,v
2014-02-18 18:30,6.566,0.004,0,0,0,0,v
2014-02-18 18:36,6.558,0.004,0,0,0,0,v
2014-02-18 18:42,6.559,0.003,0,0,0,0,v
2014-02-18 18:48,6.557,0.003,0,0,0,0,v
2014-02-18 18:54,6.551,0.003,0,0,0,0,v
2014-02-18 19:00,6.553,0.002,0,0,0,0,v
2014-02-18 19:06,6.572,0.003,0,0,0,0,v
2014-02-18 19:12,6.581,0.004,0,0,0,0,v
2014-02-18 19:18,6.581,0.004,0,0,0,0,v
2014-02-18 19:24,6.567,0.004,0,0,0,0,v
2014-02-18 19:30,6.548,0.005,0,0,0,0,v
2014-02-18 19:36,6.573,0.004,0,0,0,0,v
2014-02-18 19:42,6.566,0.003,0,0,0,0,v
2014-02-18 19:48,6.576,0.004,0,0,0,0,v
2014-02-18 19:54,6.589,0.004,0,0,0,0,v
2014-02-18 20:00,6.594,0.003,0,0,0,0,v
2014-02-18 20:06,6.597,0.003,0,0,0,0,v
2014-02-18 20:12,6.593,0.004,0,0,0,0,v
2014-02-18 20:18,6.602,0.005,0,0,0,0,v
2014-02-18 20:24,6.622,0.002,0,0,0,0,v
2014-02-18 20:30,6.614,0.002,0,0,0,0,v
2014-02-18 20:36,6.610,0.002,0,0,0,0,v
2014-02-18 20:42,6.609,0.003,0,0,0,0,v
2014-02-18 20:48,6.607,0.003,0,0,0,0,v
2014-02-18 20:54,6.626,0.005,0,0,0,0,v
2014-02-18 21:00,6.638,0.003,0,0,0,0,v
2014-02-18 21:06,6.635,0.003,0,0,0,0,v
2014-02-18 21:12,6.637,0.003,0,0,0,0,v
2014-02-18 21:18,6.628,0.004,0,0,0,0,v
2014-02-18 21:24,6.633,0.003,0,0,0,0,v
2014-02-18 21:30,6.637,0.003,0,0,0,0,v
2014-02-18 21:36,6.629,0.003,0,0,0,0,v
2014-02-18 21:42,6.625,0.002,0,0,0,0,v
2014-02-18 21:48,6.629,0.004,0,0,0,0,v
2014-02-18 21:54,6.663,0.003,0,0,0,0,v
2014-02-18 22:00,6.664,0.003,0,0,0,0,v
2014-02-18 22:06,6.658,0.002,0,0,0,0,v
2014-02-18 22:12,6.666,0.003,0,0,0,0,v
2014-02-18 22:18,6.690,0.003,0,0,0,0,v
2014-02-18 22:24,6.696,0.002,0,0,0,0,v
2014-02-18 22:30,6.683,0.003,0,0,0,0,v
2014-02-18 22:36,6.680,0.002,0,0,0,0,v
2014-02-18 22:42,6.672,0.003,0,0,0,0,v
2014-02-18 22:48,6.671,0.003,0,0,0,0,v
2014-02-18 22:54,6.660,0.003,0,0,0,0,v
2014-02-18 23:00,6.654,0.003,0,0,0,0,v
2014-02-18 23:06,6.652,0.004,0,0,0,0,v
2014-02-18 23:12,6.636,0.003,0,0,0,0,v
2014-02-18 23:18,6.631,0.005,0,0,0,0,v
2014-02-18 23:24,6.660,0.003,0,0,0,0,v
2014-02-18 23:30,6.645,0.004,0,0,0,0,v
2014-02-18 23:36,6.638,0.003,0,0,0,0,v
2014-02-18 23:42,6.636,0.002,0,0,0,0,v
2014-02-18 23:48,6.642,0.003,0,0,0,0,v
2014-02-18 23:54,6.648,0.002,0,0,0,0,v
2014-02-19 00:00,6.632,0.004,0,0,0,0,v
2014-02-19 00:06,6.635,0.003,0,0,0,0,v
2014-02-19 00:12,6.616,0.003,0,0,0,0,v
2014-02-19 00:18,6.608,0.003,0,0,0,0,v
2014-02-19 00:24,6.599,0.003,0,0,0,0,v
2014-02-19 00:30,6.595,0.002,0,0,0,0,v
2014-02-19 00:36,6.598,0.002,0,0,0,0,v
2014-02-19 00:42,6.598,0.003,0,0,0,0,v
2014-02-19 00:48,6.591,0.005,0,0,0,0,v
2014-02-19 00:54,6.581,0.002,0,0,0,0,v
2014-02-19 01:00,6.574,0.003,0,0,0,0,v
2014-02-19 01:06,6.570,0.003,0,0,0,0,v
2014-02-19 01:12,6.553,0.004,0,0,0,0,v
2014-02-19 01:18,6.541,0.003,0,0,0,0,v
2014-02-19 01:24,6.547,0.006,0,0,0,0,v
2014-02-19 01:30,6.550,0.004,0,0,0,0,v
2014-02-19 01:36,6.541,0.004,0,0,0,0,v
2014-02-19 01:42,6.537,0.003,0,0,0,0,v
2014-02-19 01:48,6.537,0.004,0,0,0,0,v
2014-02-19 01:54,6.524,0.007,0,0,0,0,v
2014-02-19 02:00,6.525,0.003,0,0,0,0,v
2014-02-19 02:06,6.514,0.006,0,0,0,0,v
2014-02-19 02:12,6.496,0.003,0,0,0,0,v
2014-02-19 02:18,6.495,0.003,0,0,0,0,v
2014-02-19 02:24,6.488,0.003,0,0,0,0,v
2014-02-19 02:30,6.463,0.004,0,0,0,0,v
2014-02-19 02:36,6.484,0.003,0,0,0,0,v
2014-02-19 02:42,6.466,0.003,0,0,0,0,v
2014-02-19 02:48,6.449,0.003,0,0,0,0,v
2014-02-19 02:54,6.435,0.004,0,0,0,0,v
2014-02-19 03:00,6.437,0.004,0,0,0,0,v
2014-02-19 03:06,6.448,0.003,0,0,0,0,v
2014-02-19 03:12,6.444,0.004,0,0,0,0,v
2014-02-19 03:18,6.451,0.004,0,0,0,0,v
2014-02-19 03:24,6.447,0.004,0,0,0,0,v
2014-02-19 03:30,6.446,0.003,0,0,0,0,v
2014-02-19 03:36,6.448,0.004,0,0,0,0,v
2014-02-19 03:42,6.431,0.004,0,0,0,0,v
2014-02-19 03:48,6.433,0.003,0,0,0,0,v
2014-02-19 03:54,6.427,0.006,0,0,0,0,v
2014-02-19 04:00,6.418,0.004,0,0,0,0,v
2014-02-19 04:06,6.415,0.003,0,0,0,0,v
2014-02-19 04:12,6.415,0.004,0,0,0,0,v
2014-02-19 04:18,6.434,0.004,0,0,0,0,v
2014-02-19 04:24,6.417,0.002,0,0,0,0,v
2014-02-19 04:30,6.407,0.004,0,0,0,0,v
2014-02-19 04:36,6.412,0.004,0,0,0,0,v
2014-02-19 04:42,6.411,0.003,0,0,0,0,v
2014-02-19 04:48,6.421,0.005,0,0,0,0,v
2014-02-19 04:54,6.435,0.004,0,0,0,0,v
2014-02-19 05:00,6.427,0.005,0,0,0,0,v
2014-02-19 05:06,6.426,0.003,0,0,0,0,v
2014-02-19 05:12,6.423,0.002,0,0,0,0,v
2014-02-19 05:18,6.421,0.003,0,0,0,0,v
2014-02-19 05:24,6.427,0.006,0,0,0,0,v
2014-02-19 05:30,6.450,0.004,0,0,0,0,v
2014-02-19 05:36,6.456,0.003,0,0,0,0,v
2014-02-19 05:42,6.444,0.005,0,0,0,0,v
2014-02-19 05:48,6.424,0.003,0,0,0,0,v
2014-02-19 05:54,6.429,0.005,0,0,0,0,v
2014-02-19 06:00,6.448,0.003,0,0,0,0,v
2014-02-19 06:06,6.453,0.003,0,0,0,0,v
2014-02-19 06:12,6.449,0.003,0,0,0,0,v
2014-02-19 06:18,6.458,0.003,0,0,0,0,v
2014-02-19 06:24,6.459,0.004,0,0,0,0,v
2014-02-19 06:30,6.457,0.005,0,0,0,0,v
2014-02-19 06:36,6.423,0.005,0,0,0,0,v
2014-02-19 06:42,6.422,0.004,0,0,0,0,v
2014-02-19 06:48,6.451,0.005,0,0,0,0,v
2014-02-19 06:54,6.438,0.004,0,0,0,0,v
2014-02-19 07:00,6.438,0.003,0,0,0,0,v
2014-02-19 07:06,6.438,0.003,0,0,0,0,v
2014-02-19 07:12,6.417,0.004,0,0,0,0,v
2014-02-19 07:18,6.417,0.003,0,0,0,0,v
2014-02-19 07:24,6.428,0.004,0,0,0,0,v
2014-02-19 07:30,6.428,0.003,0,0,0,0,v
2014-02-19 07:36,6.426,0.004,0,0,0,0,v
2014-02-19 07:42,6.451,0.004,0,0,0,0,v
2014-02-19 07:48,6.483,0.003,0,0,0,0,v
2014-02-19 07:54,6.484,0.004,0,0,0,0,v
2014-02-19 08:00,6.474,0.006,0,0,0,0,v
2014-02-19 08:06,6.467,0.004,0,0,0,0,v
2014-02-19 08:12,6.475,0.004,0,0,0,0,v
2014-02-19 08:18,6.475,0.006,0,0,0,0,v
2014-02-19 08:24,6.467,0.004,0,0,0,0,v
2014-02-19 08:30,6.488,0.005,0,0,0,0,v
2014-02-19 08:36,6.501,0.004,0,0,0,0,v
2014-02-19 08:42,6.502,0.004,0,0,0,0,v
2014-02-19 08:48,6.502,0.006,0,0,0,0,v
2014-02-19 08:54,6.527,0.004,0,0,0,0,v
2014-02-19 09:00,6.546,0.004,0,0,0,0,v
2014-02-19 09:06,6.544,0.004,0,0,0,0,v
2014-02-19 09:12,6.570,0.004,0,0,0,0,v
2014-02-19 09:18,6.571,0.003,0,0,0,0,v
2014-02-19 09:24,6.550,0.003,0,0,0,0,v
2014-02-19 09:30,6.560,0.004,0,0,0,0,v
2014-02-19 09:36,6.567,0.004,0,0,0,0,v
2014-02-19 09:42,6.579,0.003,0,0,0,0,v
2014-02-19 09:48,6.563,0.006,0,0,0,0,v
2014-02-19 09:54,6.550,0.003,0,0,0,0,v
2014-02-19 10:00,6.565,0.005,0,0,0,0,v
2014-02-19 10:06,6.560,0.005,0,0,0,0,v
2014-02-19 10:12,6.575,0.003,0,0,0,0,v
2014-02-19 10:18,6.604,0.004,0,0,0,0,v
2014-02-19 10:24,6.610,0.004,0,0,0,0,v
2014-02-19 10:30,6.615,0.003,0,0,0,0,v
2014-02-19 10:36,6.603,0.004,0,0,0,0,v
2014-02-19 10:42,6.620,0.004,0,0,0,0,v
2014-02-19 10:48,6.622,0.003,0,0,0,0,v
2014-02-19 10:54,6.625,0.004,0,0,0,0,v
2014-02-19 11:00,6.624,0.004,0,0,0,0,v
2014-02-19 11:06,6.649,0.005,0,0,0,0,v
2014-02-19 11:12,6.661,0.004,0,0,0,0,v
2014-02-19 11:18,6.652,0.004,0,0,0,0,v
2014-02-19 11:24,6.639,0.004,0,0,0,0,v
2014-02-19 11:30,6.638,0.003,0,0,0,0,v
2014-02-19 11:36,6.651,0.005,0,0,0,0,v
2014-02-19 11:42,6.665,0.004,0,0,0,0,v
2014-02-19 11:48,6.667,0.004,0,0,0,0,v
2014-02-19 11:54,6.664,0.005,0,0,0,0,v
2014-02-19 12:00,6.662,0.004,0,0,0,0,v
2014-02-19 12:06,6.660,0.005,0,0,0,0,v
2014-02-19 12:12,6.650,0.003,0,0,0,0,v
2014-02-19 12:18,6.650,0.003,0,0,0,0,v
2014-02-19 12:24,6.654,0.004,0,0,0,0,v
2014-02-19 12:30,6.629,0.003,0,0,0,0,v
2014-02-19 12:36,6.623,0.004,0,0,0,0,v
2014-02-19 12:42,6.621,0.004,0,0,0,0,v
2014-02-19 12:48,6.627,0.003,0,0,0,0,v
2014-02-19 12:54,6.642,0.004,0,0,0,0,v
2014-02-19 13:00,6.641,0.004,0,0,0,0,v
2014-02-19 13:06,6.610,0.004,0,0,0,0,v
2014-02-19 13:12,6.608,0.003,0,0,0,0,v
2014-02-19 13:18,6.602,0.004,0,0,0,0,v
2014-02-19 13:24,6.595,0.003,0,0,0,0,v
2014-02-19 13:30,6.622,0.005,0,0,0,0,v
2014-02-19 13:36,6.611,0.003,0,0,0,0,v
2014-02-19 13:42,6.608,0.004,0,0,0,0,v
2014-02-19 13:48,6.601,0.004,0,0,0,0,v
2014-02-19 13:54,6.596,0.005,0,0,0,0,v
2014-02-19 14:00,6.578,0.004,0,0,0,0,v
2014-02-19 14:06,6.587,0.004,0,0,0,0,v
2014-02-19 14:12,6.594,0.005,0,0,0,0,v
2014-02-19 14:18,6.609,0.004,0,0,0,0,v
2014-02-19 14:24,6.602,0.004,0,0,0,0,v
2014-02-19 14:30,6.586,0.004,0,0,0,0,v
2014-02-19 14:36,6.580,0.004,0,0,0,0,v
2014-02-19 14:42,6.582,0.005,0,0,0,0,v
2014-02-19 14:48,6.586,0.003,0,0,0,0,v
2014-02-19 14:54,6.599,0.004,0,0,0,0,v
2014-02-19 15:00,6.591,0.004,0,0,0,0,v
2014-02-19 15:06,6.597,0.005,0,0,0,0,v
2014-02-19 15:12,6.587,0.004,0,0,0,0,v
2014-02-19 15:18,6.591,0.004,0,0,0,0,v
2014-02-19 15:24,6.601,0.004,0,0,0,0,v
2014-02-19 15:30,6.605,0.004,0,0,0,0,v
2014-02-19 15:36,6.605,0.004,0,0,0,0,v
2014-02-19 15:42,6.595,0.004,0,0,0,0,v
2014-02-19 15:48,6.600,0.005,0,0,0,0,v
2014-02-19 15:54,6.602,0.004,0,0,0,0,v
2014-02-19 16:00,6.605,0.004,0,0,0,0,v
2014-02-19 16:06,6.610,0.005,0,0,0,0,v
2014-02-19 16:12,6.594,0.003,0,0,0,0,v
2014-02-19 16:18,6.574,0.005,0,0,0,0,v
2014-02-19 16:24,6.566,0.003,0,0,0,0,v
2014-02-19 16:30,6.571,0.005,0,0,0,0,v
2014-02-19 16:36,6.577,0.003,0,0,0,0,v
2014-02-19 16:42,6.570,0.004,0,0,0,0,v
2014-02-19 16:48,6.564,0.004,0,0,0,0,v
2014-02-19 16:54,6.564,0.003,0,0,0,0,v
2014-02-19 17:00,6.556,0.003,0,0,0,0,v
2014-02-19 17:06,6.553,0.004,0,0,0,0,v
2014-02-19 17:12,6.552,0.004,0,0,0,0,v
2014-02-19 17:18,6.582,0.004,0,0,0,0,v
2014-02-19 17:24,6.589,0.003,0,0,0,0,v
2014-02-19 17:30,6.556,0.004,0,0,0,0,v
2014-02-19 17:36,6.560,0.006,0,0,0,0,v
2014-02-19 17:42,6.580,0.005,0,0,0,0,v
2014-02-19 17:48,6.589,0.003,0,0,0,0,v
2014-02-19 17:54,6.588,0.004,0,0,0,0,v
2014-02-19 18:00,6.583,0.003,0,0,0,0,v
2014-02-19 18:06,6.579,0.004,0,0,0,0,v
2014-02-19 18:12,6.591,0.004,0,0,0,0,v
2014-02-19 18:18,6.571,0.003,0,0,0,0,v
2014-02-19 18:24,6.579,0.005,0,0,0,0,v
2014-02-19 18:30,6.595,0.004,0,0,0,0,v
2014-02-19 18:36,6.592,0.005,0,0,0,0,v
2014-02-19 18:42,6.587,0.003,0,0,0,0,v
2014-02-19 18:48,6.588,0.004,0,0,0,0,v
2014-02-19 18:54,6.594,0.005,0,0,0,0,v
2014-02-19 19:00,6.581,0.003,0,0,0,0,v
2014-02-19 19:06,6.592,0.004,0,0,0,0,v
2014-02-19 19:12,6.604,0.004,0,0,0,0,v
2014-02-19 19:18,6.611,0.003,0,0,0,0,v
2014-02-19 19:24,6.616,0.003,0,0,0,0,v
2014-02-19 19:30,6.630,0.005,0,0,0,0,v
2014-02-19 19:36,6.640,0.003,0,0,0,0,v
2014-02-19 19:42,6.642,0.004,0,0,0,0,v
2014-02-19 19:48,6.644,0.004,0,0,0,0,v
2014-02-19 19:54,6.634,0.004,0,0,0,0,v
2014-02-19 20:00,6.632,0.005,0,0,0,0,v
2014-02-19 20:06,6.620,0.003,0,0,0,0,v
2014-02-19 20:12,6.614,0.004,0,0,0,0,v
2014-02-19 20:18,6.623,0.004,0,0,0,0,v
2014-02-19 20:24,6.629,0.003,0,0,0,0,v
2014-02-19 20:30,6.632,0.004,0,0,0,0,v
2014-02-19 20:36,6.636,0.004,0,0,0,0,v
2014-02-19 20:42,6.660,0.005,0,0,0,0,v
2014-02-19 20:48,6.665,0.004,0,0,0,0,v
2014-02-19 20:54,6.648,0.003,0,0,0,0,v
2014-02-19 21:00,6.670,0.004,0,0,0,0,v
2014-02-19 21:06,6.669,0.005,0,0,0,0,v
2014-02-19 21:12,6.688,0.004,0,0,0,0,v
2014-02-19 21:18,6.698,0.004,0,0,0,0,v
2014-02-19 21:24,6.704,0.002,0,0,0,0,v
2014-02-19 21:30,6.711,0.004,0,0,0,0,v
2014-02-19 21:36,6.712,0.005,0,0,0,0,v
2014-02-19 21:42,6.705,0.005,0,0,0,0,v
2014-02-19 21:48,6.713,0.005,0,0,0,0,v
2014-02-19 21:54,6.692,0.004,0,0,0,0,v
2014-02-19 22:00,6.696,0.005,0,0,0,0,v
2014-02-19 22:06,6.706,0.004,0,0,0,0,v
2014-02-19 22:12,6.709,0.006,0,0,0,0,v
2014-02-19 22:18,6.708,0.006,0,0,0,0,v
2014-02-19 22:24,6.707,0.005,0,0,0,0,v
2014-02-19 22:30,6.701,0.004,0,0,0,0,v
2014-02-19 22:36,6.718,0.004,0,0,0,0,v
2014-02-19 22:42,6.712,0.004,0,0,0,0,v
2014-02-19 22:48,6.706,0.006,0,0,0,0,v
2014-02-19 22:54,6.692,0.004,0,0,0,0,v
2014-02-19 23:00,6.678,0.007,0,0,0,0,v
2014-02-19 23:06,6.693,0.005,0,0,0,0,v
2014-02-19 23:12,6.697,0.005,0,0,0,0,v
2014-02-19 23:18,6.700,0.005,0,0,0,0,v
2014-02-19 23:24,6.716,0.006,0,0,0,0,v
2014-02-19 23:30,6.713,0.004,0,0,0,0,v
2014-02-19 23:36,6.700,0.005,0,0,0,0,v
2014-02-19 23:42,6.684,0.004,0,0,0,0,v
2014-02-19 23:48,6.685,0.005,0,0,0,0,v
2014-02-19 23:54,6.691,0.007,0,0,0,0,v
2014-02-20 00:00,6.692,0.004,0,0,0,0,v
2014-02-20 00:06,6.690,0.004,0,0,0,0,v
2014-02-20 00:12,6.690,0.006,0,0,0,0,v
2014-02-20 00:18,6.689,0.007,0,0,0,0,v
2014-02-20 00:24,6.667,0.004,0,0,0,0,v
2014-02-20 00:30,6.671,0.005,0,0,0,0,v
2014-02-20 00:36,6.689,0.006,0,0,0,0,v
2014-02-20 00:42,6.688,0.005,0,0,0,0,v
2014-02-20 00:48,6.684,0.004,0,0,0,0,v
2014-02-20 00:54,6.659,0.008,0,0,0,0,v
2014-02-20 01:00,6.650,0.004,0,0,0,0,v
2014-02-20 01:06,6.643,0.004,0,0,0,0,v
2014-02-20 01:12,6.657,0.006,0,0,0,0,v
2014-02-20 01:18,6.658,0.004,0,0,0,0,v
2014-02-20 01:24,6.635,0.007,0,0,0,0,v
2014-02-20 01:30,6.625,0.005,0,0,0,0,v
2014-02-20 01:36,6.618,0.006,0,0,0,0,v
2014-02-20 01:42,6.618,0.006,0,0,0,0,v
2014-02-20 01:48,6.613,0.006,0,0,0,0,v
2014-02-20 01:54,6.615,0.005,0,0,0,0,v
2014-02-20 02:00,6.606,0.005,0,0,0,0,v
2014-02-20 02:06,6.594,0.005,0,0,0,0,v
2014-02-20 02:12,6.597,0.006,0,0,0,0,v
2014-02-20 02:18,6.594,0.006,0,0,0,0,v
2014-02-20 02:24,6.593,0.006,0,0,0,0,v
2014-02-20 02:30,6.597,0.005,0,0,0,0,v
2014-02-20 02:36,6.577,0.007,0,0,0,0,v
2014-02-20 02:42,6.587,0.005,0,0,0,0,v
2014-02-20 02:48,6.572,0.007,0,0,0,0,v
2014-02-20 02:54,6.566,0.005,0,0,0,0,v
2014-02-20 03:00,6.547,0.007,0,0,0,0,v
2014-02-20 03:06,6.539,0.008,0,0,0,0,v
2014-02-20 03:12,6.536,0.006,0,0,0,0,v
2014-02-20 03:18,6.522,0.005,0,0,0,0,v
2014-02-20 03:24,6.529,0.005,0,0,0,0,v
2014-02-20 03:30,6.537,0.007,0,0,0,0,v
2014-02-20 03:36,6.515,0.007,0,0,0,0,v
2014-02-20 03:42,6.520,0.007,0,0,0,0,v
2014-02-20 03:48,6.526,0.008,0,0,0,0,v
2014-02-20 03:54,6.526,0.006,0,0,0,0,v
2014-02-20 04:00,6.503,0.008,0,0,0,0,v
2014-02-20 04:06,6.515,0.008,0,0,0,0,v
2014-02-20 04:12,6.495,0.005,0,0,0,0,v
2014-02-20 04:18,6.484,0.005,0,0,0,0,v
2014-02-20 04:24,6.482,0.006,0,0,0,0,v
2014-02-20 04:30,6.492,0.007,0,0,0,0,v
2014-02-20 04:36,6.496,0.005,0,0,0,0,v
2014-02-20 04:42,6.487,0.007,0,0,0,0,v
2014-02-20 04:48,6.471,0.006,0,0,0,0,v
2014-02-20 04:54,6.485,0.006,0,0,0,0,v
2014-02-20 05:00,6.486,0.006,0,0,0,0,v
2014-02-20 05:06,6.486,0.005,0,0,0,0,v
2014-02-20 05:12,6.471,0.005,0,0,0,0,v
2014-02-20 05:18,6.474,0.006,0,0,0,0,v
2014-02-20 05:24,6.470,0.007,0,0,0,0,v
2014-02-20 05:30,6.471,0.005,0,0,0,0,v
2014-02-20 05:36,6.463,0.005,0,0,0,0,v
2014-02-20 05:42,6.467,0.007,0,0,0,0,v
2014-02-20 05:48,6.474,0.007,0,0,0,0,v
2014-02-20 05:54,6.474,0.009,0,0,0,0,v
2014-02-20 06:00,6.451,0.008,0,0,0,0,v
2014-02-20 06:06,6.453,0.009,0,0,0,0,v
2014-02-20 06:12,6.455,0.010,0,0,0,0,v
2014-02-20 06:18,6.452,0.006,0,0,0,0,v
2014-02-20 06:24,6.438,0.006,0,0,0,0,v
2014-02-20 06:30,6.439,0.009,0,0,0,0,v
2014-02-20 06:36,6.441,0.008,0,0,0,0,v
2014-02-20 06:42,6.437,0.009,0,0,0,0,v
2014-02-20 06:48,6.433,0.007,0,0,0,0,v
2014-02-20 06:54,6.443,0.006,0,0,0,0,v
2014-02-20 07:00,6.448,0.008,0,0,0,0,v
2014-02-20 07:06,6.425,0.005,0,0,0,0,v
2014-02-20 07:12,6.423,0.006,0,0,0,0,v
2014-02-20 07:18,6.409,0.007,0,0,0,0,v
2014-02-20 07:24,6.412,0.007,0,0,0,0,v
2014-02-20 07:30,6.441,0.009,0,0,0,0,v
2014-02-20 07:36,6.454,0.007,0,0,0,0,v
2014-02-20 07:42,6.468,0.007,0,0,0,0,v
2014-02-20 07:48,6.467,0.007,0,0,0,0,v
2014-02-20 07:54,6.466,0.006,0,0,0,0,v
2014-02-20 08:00,6.458,0.009,0,0,0,0,v
2014-02-20 08:06,6.485,0.006,0,0,0,0,v
2014-02-20 08:12,6.498,0.006,0,0,0,0,v
2014-02-20 08:18,6.503,0.007,0,0,0,0,v
2014-02-20 08:24,6.489,0.006,0,0,0,0,v
2014-02-20 08:30,6.511,0.006,0,0,0,0,v
2014-02-20 08:36,6.520,0.006,0,0,0,0,v
2014-02-20 08:42,6.533,0.009,0,0,0,0,v
2014-02-20 08:48,6.528,0.007,0,0,0,0,v
2014-02-20 08:54,6.539,0.007,0,0,0,0,v
2014-02-20 09:00,6.560,0.006,0,0,0,0,v
2014-02-20 09:06,6.561,0.005,0,0,0,0,v
2014-02-20 09:12,6.561,0.007,0,0,0,0,v
2014-02-20 09:18,6.570,0.005,0,0,0,0,v
2014-02-20 09:24,6.580,0.007,0,0,0,0,v
2014-02-20 09:30,6.566,0.006,0,0,0,0,v
2014-02-20 09:36,6.576,0.007,0,0,0,0,v
2014-02-20 09:42,6.590,0.007,0,0,0,0,v
2014-02-20 09:48,6.608,0.008,0,0,0,0,v
2014-02-20 09:54,6.598,0.007,0,0,0,0,v
2014-02-20 10:00,6.599,0.007,0,0,0,0,v
2014-02-20 10:06,6.600,0.007,0,0,0,0,v
2014-02-20 10:12,6.609,0.008,0,0,0,0,v
2014-02-20 10:18,6.616,0.007,0,0,0,0,v
2014-02-20 10:24,6.622,0.007,0,0,0,0,v
2014-02-20 10:30,6.645,0.006,0,0,0,0,v
2014-02-20 10:36,6.653,0.006,0,0,0,0,v
2014-02-20 10:42,6.664,0.006,0,0,0,0,v
2014-02-20 10:48,6.684,0.006,0,0,0,0,v
2014-02-20 10:54,6.682,0.006,0,0,0,0,v
2014-02-20 11:00,6.680,0.008,0,0,0,0,v
2014-02-20 11:06,6.692,0.007,0,0,0,0,v
2014-02-20 11:12,6.697,0.008,0,0,0,0,v
2014-02-20 11:18,6.693,0.007,0,0,0,0,v
2014-02-20 11:24,6.692,0.006,0,0,0,0,v
2014-02-20 11:30,6.686,0.010,0,0,0,0,v
2014-02-20 11:36,6.693,0.007,0,0,0,0,v
2014-02-20 11:42,6.699,0.007,0,0,0,0,v
2014-02-20 11:48,6.702,0.006,0,0,0,0,v
2014-02-20 11:54,6.718,0.006,0,0,0,0,v
2014-02-20 12:00,6.721,0.005,0,0,0,0,v
2014-02-20 12:06,6.715,0.005,0,0,0,0,v
2014-02-20 12:12,6.693,0.008,0,0,0,0,v
2014-02-20 12:18,6.700,0.006,0,0,0,0,v
2014-02-20 12:24,6.717,0.008,0,0,0,0,v
2014-02-20 12:30,6.729,0.006,0,0,0,0,v
2014-02-20 12:36,6.698,0.011,0,0,0,0,v
2014-02-20 12:42,6.689,0.009,0,0,0,0,v
2014-02-20 12:48,6.692,0.006,0,0,0,0,v
2014-02-20 12:54,6.721,0.007,0,0,0,0,v
2014-02-20 13:00,6.743,0.006,0,0,0,0,v
2014-02-20 13:06,6.728,0.006,0,0,0,0,v
2014-02-20 13:12,6.752,0.006,0,0,0,0,v
2014-02-20 13:18,6.745,0.011,0,0,0,0,v
2014-02-20 13:24,6.763,0.009,0,0,0,0,v
2014-02-20 13:30,6.755,0.008,0,0,0,0,v
2014-02-20 13:36,6.722,0.009,0,0,0,0,v
2014-02-20 13:42,6.731,0.007,0,0,0,0,v
2014-02-20 13:48,6.738,0.008,0,0,0,0,v
2014-02-20 13:54,6.700,0.007,0,0,0,0,v
2014-02-20 14:00,6.732,0.009,0,0,0,0,v
2014-02-20 14:06,6.720,0.009,0,0,0,0,v
2014-02-20 14:12,6.717,0.009,0,0,0,0,v
2014-02-20 14:18,6.745,0.013,0,0,0,0,v
2014-02-20 14:24,6.744,0.009,0,0,0,0,v
2014-02-20 14:30,6.774,0.009,0,0,0,0,v
2014-02-20 14:36,6.741,0.012,0,0,0,0,v
2014-02-20 14:42,6.750,0.006,0,0,0,0,v
2014-02-20 14:48,6.773,0.009,0,0,0,0,v
2014-02-20 14:54,6.767,0.010,0,0,0,0,v
2014-02-20 15:00,6.777,0.010,0,0,0,0,v
2014-02-20 15:06,6.788,0.010,0,0,0,0,v
2014-02-20 15:12,6.778,0.007,0,0,0,0,v
2014-02-20 15:18,6.766,0.007,0,0,0,0,v
2014-02-20 15:24,6.764,0.008,0,0,0,0,v
2014-02-20 15:30,6.744,0.011,0,0,0,0,v
2014-02-20 15:36,6.738,0.011,0,0,0,0,v
2014-02-20 15:42,6.742,0.006,0,0,0,0,v
2014-02-20 15:48,6.725,0.006,0,0,0,0,v
2014-02-20 15:54,6.708,0.011,0,0,0,0,v
2014-02-20 16:00,6.719,0.007,0,0,0,0,v
2014-02-20 16:06,6.724,0.009,0,0,0,0,v
2014-02-20 16:12,6.724,0.008,0,0,0,0,v
2014-02-20 16:18,6.706,0.012,0,0,0,0,v
2014-02-20 16:24,6.719,0.012,0,0,0,0,v
2014-02-20 16:30,6.681,0.010,0,0,0,0,v
2014-02-20 16:36,6.681,0.011,0,0,0,0,v
2014-02-20 16:42,6.717,0.014,0,0,0,0,v
2014-02-20 16:48,6.698,0.014,0,0,0,0,v
2014-02-20 16:54,6.689,0.009,0,0,0,0,v
2014-02-20 17:00,6.684,0.009,0,0,0,0,v
2014-02-20 17:06,6.690,0.011,0,0,0,0,v
2014-02-20 17:12,6.692,0.012,0,0,0,0,v
2014-02-20 17:18,6.694,0.008,0,0,0,0,v
2014-02-20 17:24,6.706,0.008,0,0,0,0,v
2014-02-20 17:30,6.690,0.013,0,0,0,0,v
2014-02-20 17:36,6.677,0.010,0,0,0,0,v
2014-02-20 17:42,6.684,0.012,0,0,0,0,v
2014-02-20 17:48,6.675,0.009,0,0,0,0,v
2014-02-20 17:54,6.676,0.011,0,0,0,0,v
2014-02-20 18:00,6.662,0.010,0,0,0,0,v
2014-02-20 18:06,6.671,0.011,0,0,0,0,v
2014-02-20 18:12,6.689,0.007,0,0,0,0,v
2014-02-20 18:18,6.701,0.008,0,0,0,0,v
2014-02-20 18:24,6.709,0.011,0,0,0,0,v
2014-02-20 18:30,6.717,0.012,0,0,0,0,v
2014-02-20 18:36,6.698,0.010,0,0,0,0,v
2014-02-20 18:42,6.706,0.009,0,0,0,0,v
2014-02-20 18:48,6.699,0.010,0,0,0,0,v
2014-02-20 18:54,6.686,0.008,0,0,0,0,v
2014-02-20 19:00,6.688,0.014,0,0,0,0,v
2014-02-20 19:06,6.681,0.010,0,0,0,0,v
2014-02-20 19:12,6.672,0.016,0,0,0,0,v
2014-02-20 19:18,6.685,0.011,0,0,0,0,v
2014-02-20 19:24,6.666,0.009,0,0,0,0,v
2014-02-20 19:30,6.693,0.011,0,0,0,0,v
2014-02-20 19:36,6.688,0.014,0,0,0,0,v
2014-02-20 19:42,6.685,0.011,0,0,0,0,v
2014-02-20 19:48,6.687,0.009,0,0,0,0,v
2014-02-20 19:54,6.688,0.008,0,0,0,0,v
2014-02-20 20:00,6.686,0.012,0,0,0,0,v
2014-02-20 20:06,6.699,0.009,0,0,0,0,v
2014-02-20 20:12,6.702,0.009,0,0,0,0,v
2014-02-20 20:18,6.690,0.011,0,0,0,0,v
2014-02-20 20:24,6.707,0.011,0,0,0,0,v
2014-02-20 20:30,6.718,0.010,0,0,0,0,v
2014-02-20 20:36,6.714,0.008,0,0,0,0,v
2014-02-20 20:42,6.696,0.012,0,0,0,0,v
2014-02-20 20:48,6.704,0.011,0,0,0,0,v
2014-02-20 20:54,6.706,0.015,0,0,0,0,v
2014-02-20 21:00,6.710,0.020,0,0,0,0,v
2014-02-20 21:06,6.717,0.012,0,0,0,0,v
2014-02-20 21:12,6.692,0.013,0,0,0,0,v
2014-02-20 21:18,6.705,0.015,0,0,0,0,v
2014-02-20 21:24,6.714,0.012,0,0,0,0,v
2014-02-20 21:30,6.708,0.009,0,0,0,0,v
2014-02-20 21:36,6.731,0.015,0,0,0,0,v
2014-02-20 21:42,6.711,0.011,0,0,0,0,v
2014-02-20 21:48,6.720,0.014,0,0,0,0,v
2014-02-20 21:54,6.718,0.007,0,0,0,0,v
2014-02-20 22:00,6.738,0.011,0,0,0,0,v
2014-02-20 22:06,6.744,0.013,0,0,0,0,v
2014-02-20 22:12,6.735,0.015,0,0,0,0,v
2014-02-20 22:18,6.700,0.014,0,0,0,0,v
2014-02-20 22:24,6.697,0.009,0,0,0,0,v
2014-02-20 22:30,6.709,0.011,0,0,0,0,v
2014-02-20 22:36,6.696,0.011,0,0,0,0,v
2014-02-20 22:42,6.704,0.016,0,0,0,0,v
2014-02-20 22:48,6.692,0.015,0,0,0,0,v
2014-02-20 22:54,6.695,0.013,0,0,0,0,v
2014-02-20 23:00,6.690,0.009,0,0,0,0,v
2014-02-20 23:06,6.657,0.021,0,0,0,0,v
2014-02-20 23:12,6.676,0.015,0,0,0,0,v
2014-02-20 23:18,6.680,0.010,0,0,0,0,v
2014-02-20 23:24,6.682,0.008,0,0,0,0,v
2014-02-20 23:30,6.663,0.010,0,0,0,0,v
2014-02-20 23:36,6.673,0.010,0,0,0,0,v
2014-02-20 23:42,6.662,0.012,0,0,0,0,v
2014-02-20 23:48,6.662,0.013,0,0,0,0,v
2014-02-20 23:54,6.651,0.016,0,0,0,0,v
2014-02-21 00:00,6.659,0.010,0,0,0,0,v
2014-02-21 00:06,6.655,0.011,0,0,0,0,v
2014-02-21 00:12,6.651,0.009,0,0,0,0,v
2014-02-21 00:18,6.652,0.011,0,0,0,0,v
2014-02-21 00:24,6.647,0.015,0,0,0,0,v
2014-02-21 00:30,6.628,0.017,0,0,0,0,v
2014-02-21 00:36,6.648,0.013,0,0,0,0,v
2014-02-21 00:42,6.634,0.009,0,0,0,0,v
2014-02-21 00:48,6.631,0.011,0,0,0,0,v
2014-02-21 00:54,6.615,0.011,0,0,0,0,v
2014-02-21 01:00,6.592,0.009,0,0,0,0,v
2014-02-21 01:06,6.596,0.011,0,0,0,0,v
2014-02-21 01:12,6.609,0.011,0,0,0,0,v
2014-02-21 01:18,6.598,0.008,0,0,0,0,v
2014-02-21 01:24,6.568,0.017,0,0,0,0,v
2014-02-21 01:30,6.581,0.014,0,0,0,0,v
2014-02-21 01:36,6.585,0.012,0,0,0,0,v
2014-02-21 01:42,6.564,0.010,0,0,0,0,v
2014-02-21 01:48,6.556,0.009,0,0,0,0,v
2014-02-21 01:54,6.545,0.010,0,0,0,0,v
2014-02-21 02:00,6.564,0.013,0,0,0,0,v
2014-02-21 02:06,6.543,0.013,0,0,0,0,v
2014-02-21 02:12,6.543,0.013,0,0,0,0,v
2014-02-21 02:18,6.539,0.009,0,0,0,0,v
2014-02-21 02:24,6.526,0.012,0,0,0,0,v
2014-02-21 02:30,6.510,0.013,0,0,0,0,v
2014-02-21 02:36,6.484,0.011,0,0,0,0,v
2014-02-21 02:42,6.506,0.009,0,0,0,0,v
2014-02-21 02:48,6.497,0.010,0,0,0,0,v
2014-02-21 02:54,6.488,0.012,0,0,0,0,v
2014-02-21 03:00,6.463,0.019,0,0,0,0,v
2014-02-21 03:06,6.437,0.014,0,0,0,0,v
2014-02-21 03:12,6.436,0.014,0,0,0,0,v
2014-02-21 03:18,6.412,0.013,0,0,0,0,v
2014-02-21 03:24,6.426,0.012,0,0,0,0,v
2014-02-21 03:30,6.424,0.020,0,0,0,0,v
2014-02-21 03:36,6.411,0.023,0,0,0,0,v
2014-02-21 03:42,6.396,0.018,0,0,0,0,v
2014-02-21 03:48,6.382,0.016,0,0,0,0,v
2014-02-21 03:54,6.375,0.014,0,0,0,0,v
2014-02-21 04:00,6.369,0.023,0,0,0,0,v
2014-02-21 04:06,6.369,0.013,0,0,0,0,v
2014-02-21 04:12,6.372,0.013,0,0,0,0,v
2014-02-21 04:18,6.359,0.014,0,0,0,0,v
2014-02-21 04:24,6.353,0.019,0,0,0,0,v
2014-02-21 04:30,6.343,0.013,0,0,0,0,v
2014-02-21 04:36,6.346,0.017,0,0,0,0,v
2014-02-21 04:42,6.345,0.009,0,0,0,0,v
2014-02-21 04:48,6.325,0.013,0,0,0,0,v
2014-02-21 04:54,6.325,0.015,0,0,0,0,v
2014-02-21 05:00,6.326,0.010,0,0,0,0,v
2014-02-21 05:06,6.309,0.017,0,0,0,0,v
2014-02-21 05:12,6.320,0.011,0,0,0,0,v
2014-02-21 05:18,6.309,0.020,0,0,0,0,v
2014-02-21 05:24,6.333,0.010,0,0,0,0,v
2014-02-21 05:30,6.326,0.010,0,0,0,0,v
2014-02-21 05:36,6.308,0.014,0,0,0,0,v
2014-02-21 05:42,6.310,0.020,0,0,0,0,v
2014-02-21 05:48,6.302,0.009,0,0,0,0,v
2014-02-21 05:54,6.318,0.012,0,0,0,0,v
2014-02-21 06:00,6.318,0.009,0,0,0,0,v
2014-02-21 06:06,6.313,0.013,0,0,0,0,v
2014-02-21 06:12,6.314,0.016,0,0,0,0,v
2014-02-21 06:18,6.326,0.014,0,0,0,0,v
2014-02-21 06:24,6.335,0.013,0,0,0,0,v
2014-02-21 06:30,6.328,0.010,0,0,0,0,v
2014-02-21 06:36,6.312,0.013,0,0,0,0,v
2014-02-21 06:42,6.321,0.012,0,0,0,0,v
2014-02-21 06:48,6.295,0.012,0,0,0,0,v
2014-02-21 06:54,6.312,0.014,0,0,0,0,v
2014-02-21 07:00,6.335,0.010,0,0,0,0,v
2014-02-21 07:06,6.347,0.010,0,0,0,0,v
2014-02-21 07:12,6.352,0.010,0,0,0,0,v
2014-02-21 07:18,6.344,0.015,0,0,0,0,v
2014-02-21 07:24,6.363,0.016,0,0,0,0,v
2014-02-21 07:30,6.384,0.010,0,0,0,0,v
2014-02-21 07:36,6.358,0.012,0,0,0,0,v
2014-02-21 07:42,6.329,0.010,0,0,0,0,v
2014-02-21 07:48,6.345,0.014,0,0,0,0,v
2014-02-21 07:54,6.327,0.022,0,0,0,0,v
2014-02-21 08:00,6.337,0.010,0,0,0,0,v
2014-02-21 08:06,6.356,0.009,0,0,0,0,v
2014-02-21 08:12,6.363,0.009,0,0,0,0,v
2014-02-21 08:18,6.368,0.014,0,0,0,0,v
2014-02-21 08:24,6.404,0.009,0,0,0,0,v
2014-02-21 08:30,6.433,0.010,0,0,0,0,v
2014-02-21 08:36,6.447,0.013,0,0,0,0,v
2014-02-21 08:42,6.439,0.014,0,0,0,0,v
2014-02-21 08:48,6.451,0.008,0,0,0,0,v
2014-02-21 08:54,6.408,0.013,0,0,0,0,v
2014-02-21 09:00,6.408,0.013,0,0,0,0,v
2014-02-21 09:06,6.393,0.018,0,0,0,0,v
2014-02-21 09:12,6.425,0.009,0,0,0,0,v
2014-02-21 09:18,6.413,0.013,0,0,0,0,v
2014-02-21 09:24,6.426,0.014,0,0,0,0,v
2014-02-21 09:30,6.427,0.010,0,0,0,0,v
2014-02-21 09:36,6.451,0.014,0,0,0,0,v
2014-02-21 09:42,6.457,0.010,0,0,0,0,v
2014-02-21 09:48,6.431,0.013,0,0,0,0,v
2014-02-21 09:54,6.458,0.013,0,0,0,0,v
2014-02-21 10:00,6.477,0.011,0,0,0,0,v
2014-02-21 10:06,6.474,0.010,0,0,0,0,v
2014-02-21 10:12,6.488,0.014,0,0,0,0,v
2014-02-21 10:18,6.513,0.008,0,0,0,0,v
2014-02-21 10:24,6.514,0.018,0,0,0,0,v
2014-02-21 10:30,6.536,0.010,0,0,0,0,v
2014-02-21 10:36,6.554,0.012,0,0,0,0,v
2014-02-21 10:42,6.544,0.012,0,0,0,0,v
2014-02-21 10:48,6.562,0.009,0,0,0,0,v
2014-02-21 10:54,6.566,0.011,0,0,0,0,v
2014-02-21 11:00,6.571,0.010,0,0,0,0,v
2014-02-21 11:06,6.568,0.013,0,0,0,0,v
2014-02-21 11:12,6.579,0.013,0,0,0,0,v
2014-02-21 11:18,6.616,0.009,0,0,0,0,v
2014-02-21 11:24,6.608,0.013,0,0,0,0,v
2014-02-21 11:30,6.657,0.010,0,0,0,0,v
2014-02-21 11:36,6.657,0.016,0,0,0,0,v
2014-02-21 11:42,6.666,0.016,0,0,0,0,v
2014-02-21 11:48,6.677,0.008,0,0,0,0,v
2014-02-21 11:54,6.687,0.009,0,0,0,0,v
2014-02-21 12:00,6.690,0.011,0,0,0,0,v
2014-02-21 12:06,6.692,0.009,0,0,0,0,v
2014-02-21 12:12,6.707,0.011,0,0,0,0,v
2014-02-21 12:18,6.729,0.012,0,0,0,0,v
2014-02-21 12:24,6.717,0.011,0,0,0,0,v
2014-02-21 12:30,6.723,0.010,0,0,0,0,v
2014-02-21 12:36,6.747,0.008,0,0,0,0,v
2014-02-21 12:42,6.726,0.012,0,0,0,0,v
2014-02-21 12:48,6.726,0.012,0,0,0,0,v
2014-02-21 12:54,6.737,0.009,0,0,0,0,v
2014-02-21 13:00,6.740,0.012,0,0,0,0,v
2014-02-21 13:06,6.736,0.014,0,0,0,0,v
2014-02-21 13:12,6.749,0.016,0,0,0,0,v
2014-02-21 13:18,6.780,0.018,0,0,0,0,v
2014-02-21 13:24,6.797,0.012,0,0,0,0,v
2014-02-21 13:30,6.798,0.012,0,0,0,0,v
2014-02-21 13:36,6.775,0.012,0,0,0,0,v
2014-02-21 13:42,6.773,0.012,0,0,0,0,v
2014-02-21 13:48,6.765,0.014,0,0,0,0,v
2014-02-21 13:54,6.762,0.016,0,0,0,0,v
2014-02-21 14:00,6.763,0.012,0,0,0,0,v
2014-02-21 14:06,6.776,0.017,0,0,0,0,v
2014-02-21 14:12,6.809,0.014,0,0,0,0,v
2014-02-21 14:18,6.798,0.013,0,0,0,0,v
2014-02-21 14:24,6.765,0.012,0,0,0,0,v
2014-02-21 14:30,6.800,0.017,0,0,0,0,v
2014-02-21 14:36,6.823,0.016,0,0,0,0,v
2014-02-21 14:42,6.820,0.016,0,0,0,0,v
2014-02-21 14:48,6.839,0.017,0,0,0,0,v
2014-02-21 14:54,6.832,0.018,0,0,0,0,v
2014-02-21 15:00,6.816,0.015,0,0,0,0,v
2014-02-21 15:06,6.842,0.015,0,0,0,0,v
2014-02-21 15:12,6.821,0.012,0,0,0,0,v
2014-02-21 15:18,6.836,0.011,0,0,0,0,v
2014-02-21 15:24,6.830,0.014,0,0,0,0,v
2014-02-21 15:30,6.809,0.013,0,0,0,0,v
2014-02-21 15:36,6.802,0.021,0,0,0,0,v
2014-02-21 15:42,6.809,0.014,0,0,0,0,v
2014-02-21 15:48,6.800,0.011,0,0,0,0,v
2014-02-21 15:54,6.817,0.014,0,0,0,0,v
2014-02-21 16:00,6.816,0.015,0,0,0,0,v
2014-02-21 16:06,6.806,0.014,0,0,0,0,v
2014-02-21 16:12,6.805,0.016,0,0,0,0,v
2014-02-21 16:18,6.818,0.014,0,0,0,0,v
2014-02-21 16:24,6.811,0.016,0,0,0,0,v
2014-02-21 16:30,6.811,0.017,0,0,0,0,v
2014-02-21 16:36,6.794,0.017,0,0,0,0,v
2014-02-21 16:42,6.791,0.017,0,0,0,0,v
2014-02-21 16:48,6.798,0.019,0,0,0,0,v
2014-02-21 16:54,6.782,0.012,0,0,0,0,v
2014-02-21 17:00,6.791,0.022,0,0,0,0,v
2014-02-21 17:06,6.791,0.014,0,0,0,0,v
2014-02-21 17:12,6.765,0.021,0,0,0,0,v
2014-02-21 17:18,6.749,0.018,0,0,0,0,v
2014-02-21 17:24,6.755,0.028,0,0,0,0,v
2014-02-21 17:30,6.771,0.015,0,0,0,0,v
2014-02-21 17:36,6.776,0.016,0,0,0,0,v
2014-02-21 17:42,6.761,0.014,0,0,0,0,v
2014-02-21 17:48,6.759,0.016,0,0,0,0,v
2014-02-21 17:54,6.775,0.022,0,0,0,0,v
2014-02-21 18:00,6.770,0.020,0,0,0,0,v
2014-02-21 18:06,6.770,0.024,0,0,0,0,v
2014-02-21 18:12,6.789,0.020,0,0,0,0,v
2014-02-21 18:18,6.801,0.024,0,0,0,0,v
2014-02-21 18:24,6.783,0.024,0,0,0,0,v
2014-02-21 18:30,6.773,0.021,0,0,0,0,v
2014-02-21 18:36,6.807,0.019,0,0,0,0,v
2014-02-21 18:42,6.797,0.011,0,0,0,0,v
2014-02-21 18:48,6.796,0.015,0,0,0,0,v
2014-02-21 18:54,6.780,0.025,0,0,0,0,v
2014-02-21 19:00,6.774,0.023,0,0,0,0,v
2014-02-21 19:06,6.797,0.016,0,0,0,0,v
2014-02-21 19:12,6.809,0.022,0,0,0,0,v
2014-02-21 19:18,6.791,0.011,0,0,0,0,v
2014-02-21 19:24,6.793,0.018,0,0,0,0,v
2014-02-21 19:30,6.772,0.018,0,0,0,0,v
2014-02-21 19:36,6.771,0.019,0,0,0,0,v
2014-02-21 19:42,6.785,0.012,0,0,0,0,v
2014-02-21 19:48,6.781,0.021,0,0,0,0,v
2014-02-21 19:54,6.776,0.018,0,0,0,0,v
2014-02-21 20:00,6.766,0.015,0,0,0,0,v
2014-02-21 20:06,6.775,0.017,0,0,0,0,v
2014-02-21 20:12,6.777,0.023,0,0,0,0,v
2014-02-21 20:18,6.784,0.019,0,0,0,0,v
2014-02-21 20:24,6.772,0.028,0,0,0,0,v
2014-02-21 20:30,6.775,0.019,0,0,0,0,v
2014-02-21 20:36,6.796,0.021,0,0,0,0,v
2014-02-21 20:42,6.785,0.021,0,0,0,0,v
2014-02-21 20:48,6.756,0.022,0,0,0,0,v
2014-02-21 20:54,6.757,0.014,0,0,0,0,v
2014-02-21 21:00,6.758,0.018,0,0,0,0,v
2014-02-21 21:06,6.731,0.013,0,0,0,0,v
2014-02-21 21:12,6.764,0.014,0,0,0,0,v
2014-02-21 21:18,6.757,0.015,0,0,0,0,v
2014-02-21 21:24,6.756,0.015,0,0,0,0,v
2014-02-21 21:30,6.755,0.020,0,0,0,0,v
2014-02-21 21:36,6.764,0.016,0,0,0,0,v
2014-02-21 21:42,6.758,0.027,0,0,0,0,v
2014-02-21 21:48,6.781,0.019,0,0,0,0,v
2014-02-21 21:54,6.783,0.019,0,0,0,0,v
2014-02-21 22:00,6.770,0.015,0,0,0,0,v
2014-02-21 22:06,6.771,0.013,0,0,0,0,v
2014-02-21 22:12,6.760,0.025,0,0,0,0,v
2014-02-21 22:18,6.780,0.016,0,0,0,0,v
2014-02-21 22:24,6.772,0.013,0,0,0,0,v
2014-02-21 22:30,6.750,0.015,0,0,0,0,v
2014-02-21 22:36,6.745,0.017,0,0,0,0,v
2014-02-21 22:42,6.743,0.016,0,0,0,0,v
2014-02-21 22:48,6.727,0.018,0,0,0,0,v
2014-02-21 22:54,6.728,0.015,0,0,0,0,v
2014-02-21 23:00,6.727,0.031,0,0,0,0,v
2014-02-21 23:06,6.726,0.020,0,0,0,0,v
2014-02-21 23:12,6.748,0.015,0,0,0,0,v
2014-02-21 23:18,6.728,0.018,0,0,0,0,v
2014-02-21 23:24,6.721,0.011,0,0,0,0,v
2014-02-21 23:30,6.720,0.016,0,0,0,0,v
2014-02-21 23:36,6.697,0.015,0,0,0,0,v
2014-02-21 23:42,6.721,0.015,0,0,0,0,v
2014-02-21 23:48,6.718,0.021,0,0,0,0,v
2014-02-21 23:54,6.729,0.012,0,0,0,0,v
2014-02-22 00:00,6.720,0.019,0,0,0,0,v
2014-02-22 00:06,6.715,0.019,0,0,0,0,v
2014-02-22 00:12,6.713,0.014,0,0,0,0,v
2014-02-22 00:18,6.711,0.018,0,0,0,0,v
2014-02-22 00:24,6.693,0.013,0,0,0,0,v
2014-02-22 00:30,6.695,0.025,0,0,0,0,v
2014-02-22 00:36,6.692,0.022,0,0,0,0,v
2014-02-22 00:42,6.720,0.023,0,0,0,0,v
2014-02-22 00:48,6.695,0.023,0,0,0,0,v
2014-02-22 00:54,6.678,0.020,0,0,0,0,v
2014-02-22 01:00,6.688,0.018,0,0,0,0,v
2014-02-22 01:06,6.672,0.015,0,0,0,0,v
2014-02-22 01:12,6.662,0.016,0,0,0,0,v
2014-02-22 01:18,6.655,0.013,0,0,0,0,v
2014-02-22 01:24,6.655,0.021,0,0,0,0,v
2014-02-22 01:30,6.642,0.018,0,0,0,0,v
2014-02-22 01:36,6.656,0.014,0,0,0,0,v
2014-02-22 01:42,6.646,0.019,0,0,0,0,v
2014-02-22 01:48,6.624,0.020,0,0,0,0,v
2014-02-22 01:54,6.638,0.014,0,0,0,0,v
2014-02-22 02:00,6.636,0.014,0,0,0,0,v
2014-02-22 02:06,6.610,0.026,0,0,0,0,v
2014-02-22 02:12,6.598,0.022,0,0,0,0,v
2014-02-22 02:18,6.575,0.022,0,0,0,0,v
2014-02-22 02:24,6.578,0.016,0,0,0,0,v
2014-02-22 02:30,6.581,0.015,0,0,0,0,v
2014-02-22 02:36,6.558,0.015,0,0,0,0,v
2014-02-22 02:42,6.555,0.021,0,0,0,0,v
2014-02-22 02:48,6.540,0.014,0,0,0,0,v
2014-02-22 02:54,6.530,0.018,0,0,0,0,v
2014-02-22 03:00,6.520,0.014,0,0,0,0,v
2014-02-22 03:06,6.541,0.019,0,0,0,0,v
2014-02-22 03:12,6.545,0.012,0,0,0,0,v
2014-02-22 03:18,6.523,0.014,0,0,0,0,v
2014-02-22 03:24,6.523,0.012,0,0,0,0,v
2014-02-22 03:30,6.525,0.017,0,0,0,0,v
2014-02-22 03:36,6.505,0.013,0,0,0,0,v
2014-02-22 03:42,6.497,0.015,0,0,0,0,v
2014-02-22 03:48,6.481,0.016,0,0,0,0,v
2014-02-22 03:54,6.476,0.019,0,0,0,0,v
2014-02-22 04:00,6.481,0.017,0,0,0,0,v
2014-02-22 04:06,6.451,0.014,0,0,0,0,v
2014-02-22 04:12,6.439,0.016,0,0,0,0,v
2014-02-22 04:18,6.435,0.014,0,0,0,0,v
2014-02-22 04:24,6.442,0.016,0,0,0,0,v
2014-02-22 04:30,6.440,0.020,0,0,0,0,v
2014-02-22 04:36,6.438,0.019,0,0,0,0,v
2014-02-22 04:42,6.444,0.014,0,0,0,0,v
2014-02-22 04:48,6.443,0.012,0,0,0,0,v
2014-02-22 04:54,6.446,0.012,0,0,0,0,v
2014-02-22 05:00,6.434,0.015,0,0,0,0,v
2014-02-22 05:06,6.439,0.018,0,0,0,0,v
2014-02-22 05:12,6.423,0.016,0,0,0,0,v
2014-02-22 05:18,6.407,0.021,0,0,0,0,v
2014-02-22 05:24,6.405,0.026,0,0,0,0,v
2014-02-22 05:30,6.403,0.012,0,0,0,0,v
2014-02-22 05:36,6.411,0.019,0,0,0,0,v
2014-02-22 05:42,6.407,0.015,0,0,0,0,v
2014-02-22 05:48,6.396,0.014,0,0,0,0,v
2014-02-22 05:54,6.371,0.015,0,0,0,0,v
2014-02-22 06:00,6.380,0.016,0,0,0,0,v
2014-02-22 06:06,6.380,0.015,0,0,0,0,v
2014-02-22 06:12,6.371,0.012,0,0,0,0,v
2014-02-22 06:18,6.378,0.017,0,0,0,0,v
2014-02-22 06:24,6.383,0.017,0,0,0,0,v
2014-02-22 06:30,6.361,0.022,0,0,0,0,v
2014-02-22 06:36,6.355,0.012,0,0,0,0,v
2014-02-22 06:42,6.355,0.017,0,0,0,0,v
2014-02-22 06:48,6.361,0.021,0,0,0,0,v
2014-02-22 06:54,6.363,0.019,0,0,0,0,v
2014-02-22 07:00,6.343,0.016,0,0,0,0,v
2014-02-22 07:06,6.353,0.011,0,0,0,0,v
2014-02-22 07:12,6.324,0.016,0,0,0,0,v
2014-02-22 07:18,6.310,0.014,0,0,0,0,v
2014-02-22 07:24,6.328,0.023,0,0,0,0,v
2014-02-22 07:30,6.339,0.014,0,0,0,0,v
2014-02-22 07:36,6.323,0.012,0,0,0,0,v
2014-02-22 07:42,6.316,0.011,0,0,0,0,v
2014-02-22 07:48,6.337,0.012,0,0,0,0,v
2014-02-22 07:54,6.334,0.018,0,0,0,0,v
2014-02-22 08:00,6.323,0.016,0,0,0,0,v
2014-02-22 08:06,6.338,0.013,0,0,0,0,v
2014-02-22 08:12,6.362,0.016,0,0,0,0,v
2014-02-22 08:18,6.358,0.013,0,0,0,0,v
2014-02-22 08:24,6.344,0.018,0,0,0,0,v
2014-02-22 08:30,6.345,0.016,0,0,0,0,v
2014-02-22 08:36,6.359,0.025,0,0,0,0,v
2014-02-22 08:42,6.346,0.013,0,0,0,0,v
2014-02-22 08:48,6.349,0.015,0,0,0,0,v
2014-02-22 08:54,6.354,0.015,0,0,0,0,v
2014-02-22 09:00,6.369,0.016,0,0,0,0,v
2014-02-22 09:06,6.354,0.023,0,0,0,0,v
2014-02-22 09:12,6.359,0.010,0,0,0,0,v
2014-02-22 09:18,6.376,0.013,0,0,0,0,v
2014-02-22 09:24,6.369,0.013,0,0,0,0,v
2014-02-22 09:30,6.375,0.012,0,0,0,0,v
2014-02-22 09:36,6.375,0.013,0,0,0,0,v
2014-02-22 09:42,6.377,0.012,0,0,0,0,v
2014-02-22 09:48,6.393,0.011,0,0,0,0,v
2014-02-22 09:54,6.381,0.018,0,0,0,0,v
2014-02-22 10:00,6.378,0.023,0,0,0,0,v
2014-02-22 10:06,6.381,0.012,0,0,0,0,v
2014-02-22 10:12,6.370,0.012,0,0,0,0,v
2014-02-22 10:18,6.388,0.017,0,0,0,0,v
2014-02-22 10:24,6.444,0.016,0,0,0,0,v
2014-02-22 10:30,6.454,0.013,0,0,0,0,v
2014-02-22 10:36,6.460,0.011,0,0,0,0,v
2014-02-22 10:42,6.437,0.016,0,0,0,0,v
2014-02-22 10:48,6.455,0.018,0,0,0,0,v
2014-02-22 10:54,6.489,0.013,0,0,0,0,v
2014-02-22 11:00,6.480,0.014,0,0,0,0,v
2014-02-22 11:06,6.484,0.014,0,0,0,0,v
2014-02-22 11:12,6.509,0.023,0,0,0,0,v
2014-02-22 11:18,6.505,0.011,0,0,0,0,v
2014-02-22 11:24,6.513,0.013,0,0,0,0,v
2014-02-22 11:30,6.527,0.010,0,0,0,0,v
2014-02-22 11:36,6.535,0.015,0,0,0,0,v
2014-02-22 11:42,6.535,0.009,0,0,0,0,v
2014-02-22 11:48,6.569,0.010,0,0,0,0,v
2014-02-22 11:54,6.573,0.010,0,0,0,0,v
2014-02-22 12:00,6.608,0.010,0,0,0,0,v
2014-02-22 12:06,6.601,0.010,0,0,0,0,v
2014-02-22 12:12,6.606,0.014,0,0,0,0,v
2014-02-22 12:18,6.605,0.012,0,0,0,0,v
2014-02-22 12:24,6.634,0.015,0,0,0,0,v
2014-02-22 12:30,6.620,0.010,0,0,0,0,v
2014-02-22 12:36,6.640,0.015,0,0,0,0,v
2014-02-22 12:42,6.632,0.010,0,0,0,0,v
2014-02-22 12:48,6.649,0.018,0,0,0,0,v
2014-02-22 12:54,6.673,0.011,0,0,0,0,v
2014-02-22 13:00,6.666,0.014,0,0,0,0,v
2014-02-22 13:06,6.680,0.010,0,0,0,0,v
2014-02-22 13:12,6.686,0.014,0,0,0,0,v
2014-02-22 13:18,6.702,0.010,0,0,0,0,v
2014-02-22 13:24,6.711,0.014,0,0,0,0,v
2014-02-22 13:30,6.729,0.012,0,0,0,0,v
2014-02-22 13:36,6.712,0.014,0,0,0,0,v
2014-02-22 13:42,6.727,0.011,0,0,0,0,v
2014-02-22 13:48,6.728,0.009,0,0,0,0,v
2014-02-22 13:54,6.733,0.013,0,0,0,0,v
2014-02-22 14:00,6.746,0.010,0,0,0,0,v
2014-02-22 14:06,6.744,0.012,0,0,0,0,v
2014-02-22 14:12,6.754,0.013,0,0,0,0,v
2014-02-22 14:18,6.742,0.010,0,0,0,0,v
2014-02-22 14:24,6.750,0.011,0,0,0,0,v
2014-02-22 14:30,6.745,0.012,0,0,0,0,v
2014-02-22 14:36,6.747,0.013,0,0,0,0,v
2014-02-22 14:42,6.782,0.014,0,0,0,0,v
2014-02-22 14:48,6.766,0.010,0,0,0,0,v
2014-02-22 14:54,6.779,0.009,0,0,0,0,v
2014-02-22 15:00,6.772,0.009,0,0,0,0,v
2014-02-22 15:06,6.774,0.014,0,0,0,0,v
2014-02-22 15:12,6.766,0.013,0,0,0,0,v
2014-02-22 15:18,6.770,0.009,0,0,0,0,v
2014-02-22 15:24,6.779,0.011,0,0,0,0,v
2014-02-22 15:30,6.780,0.012,0,0,0,0,v
2014-02-22 15:36,6.804,0.015,0,0,0,0,v
2014-02-22 15:42,6.812,0.013,0,0,0,0,v
2014-02-22 15:48,6.811,0.017,0,0,0,0,v
2014-02-22 15:54,6.818,0.013,0,0,0,0,v
2014-02-22 16:00,6.831,0.013,0,0,0,0,v
2014-02-22 16:06,6.841,0.010,0,0,0,0,v
2014-02-22 16:12,6.836,0.012,0,0,0,0,v
2014-02-22 16:18,6.860,0.010,0,0,0,0,v
2014-02-22 16:24,6.858,0.012,0,0,0,0,v
2014-02-22 16:30,6.848,0.010,0,0,0,0,v
2014-02-22 16:36,6.868,0.011,0,0,0,0,v
2014-02-22 16:42,6.860,0.010,0,0,0,0,v
2014-02-22 16:48,6.868,0.016,0,0,0,0,v
2014-02-22 16:54,6.873,0.011,0,0,0,0,v
2014-02-22 17:00,6.875,0.010,0,0,0,0,v
2014-02-22 17:06,6.861,0.008,0,0,0,0,v
2014-02-22 17:12,6.864,0.010,0,0,0,0,v
2014-02-22 17:18,6.868,0.012,0,0,0,0,v
2014-02-22 17:24,6.881,0.009,0,0,0,0,v
2014-02-22 17:30,6.868,0.010,0,0,0,0,v
2014-02-22 17:36,6.867,0.012,0,0,0,0,v
2014-02-22 17:42,6.844,0.017,0,0,0,0,v
2014-02-22 17:48,6.851,0.012,0,0,0,0,v
2014-02-22 17:54,6.842,0.010,0,0,0,0,v
2014-02-22 18:00,6.837,0.012,0,0,0,0,v
2014-02-22 18:06,6.837,0.010,0,0,0,0,v
2014-02-22 18:12,6.846,0.009,0,0,0,0,v
2014-02-22 18:18,6.847,0.013,0,0,0,0,v
2014-02-22 18:24,6.852,0.013,0,0,0,0,v
2014-02-22 18:30,6.866,0.011,0,0,0,0,v
2014-02-22 18:36,6.858,0.009,0,0,0,0,v
2014-02-22 18:42,6.875,0.009,0,0,0,0,v
2014-02-22 18:48,6.855,0.015,0,0,0,0,v
2014-02-22 18:54,6.839,0.010,0,0,0,0,v
2014-02-22 19:00,6.850,0.008,0,0,0,0,v
2014-02-22 19:06,6.854,0.012,0,0,0,0,v
2014-02-22 19:12,6.850,0.009,0,0,0,0,v
2014-02-22 19:18,6.848,0.009,0,0,0,0,v
2014-02-22 19:24,6.835,0.011,0,0,0,0,v
2014-02-22 19:30,6.873,0.015,0,0,0,0,v
2014-02-22 19:36,6.866,0.013,0,0,0,0,v
2014-02-22 19:42,6.848,0.011,0,0,0,0,v
2014-02-22 19:48,6.869,0.007,0,0,0,0,v
2014-02-22 19:54,6.865,0.011,0,0,0,0,v
2014-02-22 20:00,6.860,0.009,0,0,0,0,v
2014-02-22 20:06,6.871,0.008,0,0,0,0,v
2014-02-22 20:12,6.842,0.013,0,0,0,0,v
2014-02-22 20:18,6.847,0.011,0,0,0,0,v
2014-02-22 20:24,6.839,0.008,0,0,0,0,v
2014-02-22 20:30,6.852,0.007,0,0,0,0,v
2014-02-22 20:36,6.835,0.010,0,0,0,0,v
2014-02-22 20:42,6.844,0.011,0,0,0,0,v
2014-02-22 20:48,6.850,0.011,0,0,0,0,v
2014-02-22 20:54,6.841,0.009,0,0,0,0,v
2014-02-22 21:00,6.852,0.009,0,0,0,0,v
2014-02-22 21:06,6.854,0.011,0,0,0,0,v
2014-02-22 21:12,6.855,0.008,0,0,0,0,v
2014-02-22 21:18,6.846,0.009,0,0,0,0,v
2014-02-22 21:24,6.856,0.008,0,0,0,0,v
2014-02-22 21:30,6.842,0.011,0,0,0,0,v
2014-02-22 21:36,6.845,0.008,0,0,0,0,v
2014-02-22 21:42,6.857,0.011,0,0,0,0,v
2014-02-22 21:48,6.854,0.009,0,0,0,0,v
2014-02-22 21:54,6.889,0.012,0,0,0,0,v
2014-02-22 22:00,6.882,0.006,0,0,0,0,v
2014-02-22 22:06,6.868,0.010,0,0,0,0,v
2014-02-22 22:12,6.842,0.010,0,0,0,0,v
2014-02-22 22:18,6.841,0.010,0,0,0,0,v
2014-02-22 22:24,6.878,0.008,0,0,0,0,v
2014-02-22 22:30,6.855,0.013,0,0,0,0,v
2014-02-22 22:36,6.871,0.008,0,0,0,0,v
2014-02-22 22:42,6.873,0.009,0,0,0,0,v
2014-02-22 22:48,6.839,0.014,0,0,0,0,v
2014-02-22 22:54,6.836,0.010,0,0,0,0,v
2014-02-22 23:00,6.843,0.007,0,0,0,0,v
2014-02-22 23:06,6.858,0.008,0,0,0,0,v
2014-02-22 23:12,6.846,0.008,0,0,0,0,v
2014-02-22 23:18,6.850,0.011,0,0,0,0,v
2014-02-22 23:24,6.848,0.007,0,0,0,0,v
2014-02-22 23:30,6.840,0.008,0,0,0,0,v
2014-02-22 23:36,6.819,0.011,0,0,0,0,v
2014-02-22 23:42,6.825,0.007,0,0,0,0,v
2014-02-22 23:48,6.830,0.006,0,0,0,0,v
2014-02-22 23:54,6.818,0.008,0,0,0,0,v
2014-02-23 00:00,6.830,0.009,0,0,0,0,v
2014-02-23 00:06,6.822,0.011,0,0,0,0,v
2014-02-23 00:12,6.822,0.009,0,0,0,0,v
2014-02-23 00:18,6.827,0.010,0,0,0,0,v
2014-02-23 00:24,6.828,0.010,0,0,0,0,v
2014-02-23 00:30,6.821,0.010,0,0,0,0,v
2014-02-23 00:36,6.841,0.008,0,0,0,0,v
2014-02-23 00:42,6.813,0.011,0,0,0,0,v
2014-02-23 00:48,6.822,0.007,0,0,0,0,v
2014-02-23 00:54,6.809,0.007,0,0,0,0,v
2014-02-23 01:00,6.803,0.009,0,0,0,0,v
2014-02-23 01:06,6.788,0.013,0,0,0,0,v
2014-02-23 01:12,6.786,0.008,0,0,0,0,v
2014-02-23 01:18,6.773,0.008,0,0,0,0,v
2014-02-23 01:24,6.776,0.008,0,0,0,0,v
2014-02-23 01:30,6.777,0.008,0,0,0,0,v
2014-02-23 01:36,6.773,0.011,0,0,0,0,v
2014-02-23 01:42,6.754,0.009,0,0,0,0,v
2014-02-23 01:48,6.766,0.008,0,0,0,0,v
2014-02-23 01:54,6.769,0.012,0,0,0,0,v
2014-02-23 02:00,6.770,0.012,0,0,0,0,v
2014-02-23 02:06,6.761,0.007,0,0,0,0,v
2014-02-23 02:12,6.751,0.007,0,0,0,0,v
2014-02-23 02:18,6.766,0.009,0,0,0,0,v
2014-02-23 02:24,6.755,0.012,0,0,0,0,v
2014-02-23 02:30,6.744,0.006,0,0,0,0,v
2014-02-23 02:36,6.747,0.011,0,0,0,0,v
2014-02-23 02:42,6.726,0.012,0,0,0,0,v
2014-02-23 02:48,6.724,0.007,0,0,0,0,v
2014-02-23 02:54,6.728,0.006,0,0,0,0,v
2014-02-23 03:00,6.687,0.009,0,0,0,0,v
2014-02-23 03:06,6.695,0.008,0,0,0,0,v
2014-02-23 03:12,6.684,0.008,0,0,0,0,v
2014-02-23 03:18,6.695,0.007,0,0,0,0,v
2014-02-23 03:24,6.669,0.009,0,0,0,0,v
2014-02-23 03:30,6.662,0.009,0,0,0,0,v
2014-02-23 03:36,6.663,0.008,0,0,0,0,v
2014-02-23 03:42,6.645,0.011,0,0,0,0,v
2014-02-23 03:48,6.619,0.010,0,0,0,0,v
2014-02-23 03:54,6.653,0.008,0,0,0,0,v
2014-02-23 04:00,6.653,0.011,0,0,0,0,v
2014-02-23 04:06,6.627,0.010,0,0,0,0,v
2014-02-23 04:12,6.635,0.008,0,0,0,0,v
2014-02-23 04:18,6.632,0.009,0,0,0,0,v
2014-02-23 04:24,6.610,0.008,0,0,0,0,v
2014-02-23 04:30,6.607,0.010,0,0,0,0,v
2014-02-23 04:36,6.613,0.007,0,0,0,0,v
2014-02-23 04:42,6.589,0.009,0,0,0,0,v
2014-02-23 04:48,6.557,0.011,0,0,0,0,v
2014-02-23 04:54,6.564,0.011,0,0,0,0,v
2014-02-23 05:00,6.554,0.010,0,0,0,0,v
2014-02-23 05:06,6.529,0.011,0,0,0,0,v
2014-02-23 05:12,6.539,0.008,0,0,0,0,v
2014-02-23 05:18,6.536,0.007,0,0,0,0,v
2014-02-23 05:24,6.530,0.007,0,0,0,0,v
2014-02-23 05:30,6.509,0.006,0,0,0,0,v
2014-02-23 05:36,6.502,0.008,0,0,0,0,v
2014-02-23 05:42,6.502,0.007,0,0,0,0,v
2014-02-23 05:48,6.494,0.007,0,0,0,0,v
2014-02-23 05:54,6.465,0.007,0,0,0,0,v
2014-02-23 06:00,6.461,0.006,0,0,0,0,v
2014-02-23 06:06,6.465,0.010,0,0,0,0,v
2014-02-23 06:12,6.466,0.012,0,0,0,0,v
2014-02-23 06:18,6.459,0.012,0,0,0,0,v
2014-02-23 06:24,6.465,0.008,0,0,0,0,v
2014-02-23 06:30,6.456,0.006,0,0,0,0,v
2014-02-23 06:36,6.437,0.010,0,0,0,0,v
2014-02-23 06:42,6.426,0.007,0,0,0,0,v
2014-02-23 06:48,6.435,0.008,0,0,0,0,v
2014-02-23 06:54,6.420,0.008,0,0,0,0,v
2014-02-23 07:00,6.405,0.007,0,0,0,0,v
2014-02-23 07:06,6.389,0.007,0,0,0,0,v
2014-02-23 07:12,6.389,0.009,0,0,0,0,v
2014-02-23 07:18,6.403,0.006,0,0,0,0,v
2014-02-23 07:24,6.407,0.009,0,0,0,0,v
2014-02-23 07:30,6.392,0.006,0,0,0,0,v
2014-02-23 07:36,6.380,0.008,0,0,0,0,v
2014-02-23 07:42,6.363,0.006,0,0,0,0,v
2014-02-23 07:48,6.398,0.005,0,0,0,0,v
2014-02-23 07:54,6.385,0.006,0,0,0,0,v
2014-02-23 08:00,6.388,0.007,0,0,0,0,v
2014-02-23 08:06,6.360,0.008,0,0,0,0,v
2014-02-23 08:12,6.358,0.006,0,0,0,0,v
2014-02-23 08:18,6.340,0.006,0,0,0,0,v
2014-02-23 08:24,6.346,0.006,0,0,0,0,v
2014-02-23 08:30,6.343,0.006,0,0,0,0,v
2014-02-23 08:36,6.343,0.007,0,0,0,0,v
2014-02-23 08:42,6.351,0.006,0,0,0,0,v
2014-02-23 08:48,6.353,0.009,0,0,0,0,v
2014-02-23 08:54,6.345,0.007,0,0,0,0,v
2014-02-23 09:00,6.369,0.009,0,0,0,0,v
2014-02-23 09:06,6.348,0.006,0,0,0,0,v
2014-02-23 09:12,6.342,0.008,0,0,0,0,v
2014-02-23 09:18,6.346,0.006,0,0,0,0,v
2014-02-23 09:24,6.354,0.006,0,0,0,0,v
2014-02-23 09:30,6.373,0.007,0,0,0,0,v
2014-02-23 09:36,6.378,0.006,0,0,0,0,v
2014-02-23 09:42,6.385,0.005,0,0,0,0,v
2014-02-23 09:48,6.376,0.007,0,0,0,0,v
2014-02-23 09:54,6.383,0.007,0,0,0,0,v
2014-02-23 10:00,6.381,0.006,0,0,0,0,v
2014-02-23 10:06,6.387,0.007,0,0,0,0,v
2014-02-23 10:12,6.391,0.006,0,0,0,0,v
2014-02-23 10:18,6.390,0.006,0,0,0,0,v
2014-02-23 10:24,6.414,0.008,0,0,0,0,v
2014-02-23 10:30,6.408,0.005,0,0,0,0,v
2014-02-23 10:36,6.399,0.006,0,0,0,0,v
2014-02-23 10:42,6.421,0.007,0,0,0,0,v
2014-02-23 10:48,6.419,0.006,0,0,0,0,v
2014-02-23 10:54,6.407,0.007,0,0,0,0,v
2014-02-23 11:00,6.423,0.006,0,0,0,0,v
2014-02-23 11:06,6.439,0.006,0,0,0,0,v
2014-02-23 11:12,6.426,0.005,0,0,0,0,v
2014-02-23 11:18,6.445,0.006,0,0,0,0,v
2014-02-23 11:24,6.457,0.006,0,0,0,0,v
2014-02-23 11:30,6.459,0.006,0,0,0,0,v
2014-02-23 11:36,6.485,0.007,0,0,0,0,v
2014-02-23 11:42,6.495,0.006,0,0,0,0,v
2014-02-23 11:48,6.491,0.007,0,0,0,0,v
2014-02-23 11:54,6.496,0.006,0,0,0,0,v
2014-02-23 12:00,6.496,0.006,0,0,0,0,v
2014-02-23 12:06,6.497,0.006,0,0,0,0,v
2014-02-23 12:12,6.518,0.007,0,0,0,0,v
2014-02-23 12:18,6.512,0.005,0,0,0,0,v
2014-02-23 12:24,6.515,0.007,0,0,0,0,v
2014-02-23 12:30,6.537,0.007,0,0,0,0,v
2014-02-23 12:36,6.547,0.005,0,0,0,0,v
2014-02-23 12:42,6.546,0.007,0,0,0,0,v
2014-02-23 12:48,6.542,0.006,0,0,0,0,v
2014-02-23 12:54,6.550,0.008,0,0,0,0,v
2014-02-23 13:00,6.561,0.006,0,0,0,0,v
2014-02-23 13:06,6.561,0.007,0,0,0,0,v
2014-02-23 13:12,6.579,0.005,0,0,0,0,v
2014-02-23 13:18,6.588,0.005,0,0,0,0,v
2014-02-23 13:24,6.590,0.006,0,0,0,0,v
2014-02-23 13:30,6.606,0.005,0,0,0,0,v
2014-02-23 13:36,6.611,0.007,0,0,0,0,v
2014-02-23 13:42,6.625,0.006,0,0,0,0,v
2014-02-23 13:48,6.644,0.005,0,0,0,0,v
2014-02-23 13:54,6.661,0.006,0,0,0,0,v
2014-02-23 14:00,6.666,0.007,0,0,0,0,v
2014-02-23 14:06,6.683,0.007,0,0,0,0,v
2014-02-23 14:12,6.695,0.006,0,0,0,0,v
2014-02-23 14:18,6.694,0.006,0,0,0,0,v
2014-02-23 14:24,6.697,0.006,0,0,0,0,v
2014-02-23 14:30,6.716,0.006,0,0,0,0,v
2014-02-23 14:36,6.711,0.006,0,0,0,0,v
2014-02-23 14:42,6.712,0.007,0,0,0,0,v
2014-02-23 14:48,6.717,0.006,0,0,0,0,v
2014-02-23 14:54,6.730,0.005,0,0,0,0,v
2014-02-23 15:00,6.742,0.007,0,0,0,0,v
2014-02-23 15:06,6.756,0.007,0,0,0,0,v
2014-02-23 15:12,6.750,0.005,0,0,0,0,v
2014-02-23 15:18,6.762,0.006,0,0,0,0,v
2014-02-23 15:24,6.771,0.005,0,0,0,0,v
2014-02-23 15:30,6.775,0.007,0,0,0,0,v
2014-02-23 15:36,6.774,0.007,0,0,0,0,v
2014-02-23 15:42,6.792,0.006,0,0,0,0,v
2014-02-23 15:48,6.788,0.007,0,0,0,0,v
2014-02-23 15:54,6.801,0.007,0,0,0,0,v
2014-02-23 16:00,6.802,0.006,0,0,0,0,v
2014-02-23 16:06,6.807,0.009,0,0,0,0,v
2014-02-23 16:12,6.829,0.007,0,0,0,0,v
2014-02-23 16:18,6.838,0.007,0,0,0,0,v
2014-02-23 16:24,6.826,0.006,0,0,0,0,v
2014-02-23 16:30,6.840,0.008,0,0,0,0,v
2014-02-23 16:36,6.819,0.006,0,0,0,0,v
2014-02-23 16:42,6.820,0.006,0,0,0,0,v
2014-02-23 16:48,6.820,0.009,0,0,0,0,v
2014-02-23 16:54,6.835,0.008,0,0,0,0,v
2014-02-23 17:00,6.837,0.005,0,0,0,0,v
2014-02-23 17:06,6.830,0.009,0,0,0,0,v
2014-02-23 17:12,6.826,0.006,0,0,0,0,v
2014-02-23 17:18,6.834,0.006,0,0,0,0,v
2014-02-23 17:24,6.834,0.005,0,0,0,0,v
2014-02-23 17:30,6.842,0.006,0,0,0,0,v
2014-02-23 17:36,6.836,0.007,0,0,0,0,v
2014-02-23 17:42,6.842,0.006,0,0,0,0,v
2014-02-23 17:48,6.850,0.005,0,0,0,0,v
2014-02-23 17:54,6.849,0.005,0,0,0,0,v
2014-02-23 18:00,6.855,0.007,0,0,0,0,v
2014-02-23 18:06,6.848,0.006,0,0,0,0,v
2014-02-23 18:12,6.843,0.006,0,0,0,0,v
2014-02-23 18:18,6.835,0.006,0,0,0,0,v
2014-02-23 18:24,6.832,0.008,0,0,0,0,v
2014-02-23 18:30,6.842,0.006,0,0,0,0,v
2014-02-23 18:36,6.833,0.005,0,0,0,0,v
2014-02-23 18:42,6.839,0.005,0,0,0,0,v
2014-02-23 18:48,6.844,0.007,0,0,0,0,v
2014-02-23 18:54,6.857,0.005,0,0,0,0,v
2014-02-23 19:00,6.837,0.006,0,0,0,0,v
2014-02-23 19:06,6.850,0.007,0,0,0,0,v
2014-02-23 19:12,6.847,0.006,0,0,0,0,v
2014-02-23 19:18,6.856,0.007,0,0,0,0,v
2014-02-23 19:24,6.839,0.006,0,0,0,0,v
2014-02-23 19:30,6.858,0.006,0,0,0,0,v
2014-02-23 19:36,6.856,0.005,0,0,0,0,v
2014-02-23 19:42,6.868,0.006,0,0,0,0,v
2014-02-23 19:48,6.873,0.005,0,0,0,0,v
2014-02-23 19:54,6.874,0.006,0,0,0,0,v
2014-02-23 20:00,6.858,0.006,0,0,0,0,v
2014-02-23 20:06,6.855,0.006,0,0,0,0,v
2014-02-23 20:12,6.871,0.006,0,0,0,0,v
2014-02-23 20:18,6.861,0.005,0,0,0,0,v
2014-02-23 20:24,6.840,0.007,0,0,0,0,v
2014-02-23 20:30,6.836,0.006,0,0,0,0,v
2014-02-23 20:36,6.821,0.005,0,0,0,0,v
2014-02-23 20:42,6.844,0.006,0,0,0,0,v
2014-02-23 20:48,6.837,0.007,0,0,0,0,v
2014-02-23 20:54,6.858,0.007,0,0,0,0,v
2014-02-23 21:00,6.844,0.005,0,0,0,0,v
2014-02-23 21:06,6.839,0.005,0,0,0,0,v
2014-02-23 21:12,6.844,0.005,0,0,0,0,v
2014-02-23 21:18,6.841,0.005,0,0,0,0,v
2014-02-23 21:24,6.854,0.005,0,0,0,0,v
2014-02-23 21:30,6.839,0.006,0,0,0,0,v
2014-02-23 21:36,6.835,0.005,0,0,0,0,v
2014-02-23 21:42,6.833,0.005,0,0,0,0,v
2014-02-23 21:48,6.817,0.005,0,0,0,0,v
2014-02-23 21:54,6.818,0.006,0,0,0,0,v
2014-02-23 22:00,6.824,0.007,0,0,0,0,v
2014-02-23 22:06,6.820,0.006,0,0,0,0,v
2014-02-23 22:12,6.832,0.005,0,0,0,0,v
2014-02-23 22:18,6.822,0.005,0,0,0,0,v
2014-02-23 22:24,6.825,0.007,0,0,0,0,v
2014-02-23 22:30,6.827,0.007,0,0,0,0,v
2014-02-23 22:36,6.815,0.005,0,0,0,0,v
2014-02-23 22:42,6.831,0.005,0,0,0,0,v
2014-02-23 22:48,6.828,0.005,0,0,0,0,v
2014-02-23 22:54,6.825,0.005,0,0,0,0,v
2014-02-23 23:00,6.820,0.004,0,0,0,0,v
2014-02-23 23:06,6.823,0.005,0,0,0,0,v
2014-02-23 23:12,6.832,0.006,0,0,0,0,v
2014-02-23 23:18,6.823,0.005,0,0,0,0,v
2014-02-23 23:24,6.817,0.005,0,0,0,0,v
2014-02-23 23:30,6.819,0.005,0,0,0,0,v
2014-02-23 23:36,6.815,0.006,0,0,0,0,v
2014-02-23 23:42,6.809,0.005,0,0,0,0,v
2014-02-23 23:48,6.823,0.005,0,0,0,0,v
2014-02-23 23:54,6.804,0.004,0,0,0,0,v
2014-02-24 00:00,6.801,0.006,0,0,0,0,v
2014-02-24 00:06,6.812,0.006,0,0,0,0,v
2014-02-24 00:12,6.784,0.006,0,0,0,0,v
2014-02-24 00:18,6.798,0.005,0,0,0,0,v
2014-02-24 00:24,6.797,0.004,0,0,0,0,v
2014-02-24 00:30,6.799,0.009,0,0,0,0,v
2014-02-24 00:36,6.800,0.005,0,0,0,0,v
2014-02-24 00:42,6.794,0.006,0,0,0,0,v
2014-02-24 00:48,6.785,0.005,0,0,0,0,v
2014-02-24 00:54,6.766,0.005,0,0,0,0,v
2014-02-24 01:00,6.752,0.007,0,0,0,0,v
2014-02-24 01:06,6.766,0.006,0,0,0,0,v
2014-02-24 01:12,6.768,0.006,0,0,0,0,v
2014-02-24 01:18,6.758,0.005,0,0,0,0,v
2014-02-24 01:24,6.747,0.007,0,0,0,0,v
2014-02-24 01:30,6.779,0.005,0,0,0,0,v
2014-02-24 01:36,6.767,0.004,0,0,0,0,v
2014-02-24 01:42,6.759,0.005,0,0,0,0,v
2014-02-24 01:48,6.728,0.006,0,0,0,0,v
2014-02-24 01:54,6.730,0.007,0,0,0,0,v
2014-02-24 02:00,6.750,0.006,0,0,0,0,v
2014-02-24 02:06,6.719,0.004,0,0,0,0,v
2014-02-24 02:12,6.715,0.005,0,0,0,0,v
2014-02-24 02:18,6.731,0.005,0,0,0,0,v
2014-02-24 02:24,6.712,0.005,0,0,0,0,v
2014-02-24 02:30,6.706,0.004,0,0,0,0,v
2014-02-24 02:36,6.690,0.006,0,0,0,0,v
2014-02-24 02:42,6.684,0.005,0,0,0,0,v
2014-02-24 02:48,6.707,0.005,0,0,0,0,v
2014-02-24 02:54,6.713,0.004,0,0,0,0,v
2014-02-24 03:00,6.712,0.004,0,0,0,0,v
2014-02-24 03:06,6.704,0.005,0,0,0,0,v
2014-02-24 03:12,6.694,0.005,0,0,0,0,v
2014-02-24 03:18,6.674,0.005,0,0,0,0,v
2014-02-24 03:24,6.684,0.005,0,0,0,0,v
2014-02-24 03:30,6.666,0.005,0,0,0,0,v
2014-02-24 03:36,6.666,0.004,0,0,0,0,v
2014-02-24 03:42,6.641,0.004,0,0,0,0,v
2014-02-24 03:48,6.655,0.006,0,0,0,0,v
2014-02-24 03:54,6.641,0.006,0,0,0,0,v
2014-02-24 04:00,6.629,0.004,0,0,0,0,v
2014-02-24 04:06,6.619,0.005,0,0,0,0,v
2014-02-24 04:12,6.616,0.004,0,0,0,0,v
2014-02-24 04:18,6.625,0.005,0,0,0,0,v
2014-02-24 04:24,6.620,0.004,0,0,0,0,v
2014-02-24 04:30,6.604,0.005,0,0,0,0,v
2014-02-24 04:36,6.602,0.005,0,0,0,0,v
2014-02-24 04:42,6.588,0.004,0,0,0,0,v
2014-02-24 04:48,6.587,0.005,0,0,0,0,v
2014-02-24 04:54,6.588,0.007,0,0,0,0,v
2014-02-24 05:00,6.564,0.004,0,0,0,0,v
2014-02-24 05:06,6.576,0.005,0,0,0,0,v
2014-02-24 05:12,6.556,0.006,0,0,0,0,v
2014-02-24 05:18,6.552,0.005,0,0,0,0,v
2014-02-24 05:24,6.533,0.005,0,0,0,0,v
2014-02-24 05:30,6.543,0.004,0,0,0,0,v
2014-02-24 05:36,6.561,0.004,0,0,0,0,v
2014-02-24 05:42,6.544,0.004,0,0,0,0,v
2014-02-24 05:48,6.531,0.004,0,0,0,0,v
2014-02-24 05:54,6.524,0.005,0,0,0,0,v
2014-02-24 06:00,6.509,0.007,0,0,0,0,v
2014-02-24 06:06,6.497,0.004,0,0,0,0,v
2014-02-24 06:12,6.482,0.004,0,0,0,0,v
2014-02-24 06:18,6.451,0.007,0,0,0,0,v
2014-02-24 06:24,6.440,0.004,0,0,0,0,v
2014-02-24 06:30,6.451,0.004,0,0,0,0,v
2014-02-24 06:36,6.439,0.004,0,0,0,0,v
2014-02-24 06:42,6.431,0.006,0,0,0,0,v
2014-02-24 06:48,6.415,0.004,0,0,0,0,v
2014-02-24 06:54,6.428,0.004,0,0,0,0,v
2014-02-24 07:00,6.412,0.005,0,0,0,0,v
2014-02-24 07:06,6.401,0.004,0,0,0,0,v
2014-02-24 07:12,6.417,0.004,0,0,0,0,v
2014-02-24 07:18,6.407,0.004,0,0,0,0,v
2014-02-24 07:24,6.398,0.005,0,0,0,0,v
2014-02-24 07:30,6.378,0.004,0,0,0,0,v
2014-02-24 07:36,6.368,0.004,0,0,0,0,v
2014-02-24 07:42,6.364,0.004,0,0,0,0,v
2014-02-24 07:48,6.367,0.004,0,0,0,0,v
2014-02-24 07:54,6.360,0.004,0,0,0,0,v
2014-02-24 08:00,6.354,0.004,0,0,0,0,v
2014-02-24 08:06,6.363,0.004,0,0,0,0,v
2014-02-24 08:12,6.342,0.004,0,0,0,0,v
2014-02-24 08:18,6.337,0.004,0,0,0,0,v
2014-02-24 08:24,6.341,0.005,0,0,0,0,v
2014-02-24 08:30,6.343,0.005,0,0,0,0,v
2014-02-24 08:36,6.357,0.003,0,0,0,0,v
2014-02-24 08:42,6.338,0.004,0,0,0,0,v
2014-02-24 08:48,6.321,0.007,0,0,0,0,v
2014-02-24 08:54,6.307,0.004,0,0,0,0,v
2014-02-24 09:00,6.323,0.004,0,0,0,0,v
2014-02-24 09:06,6.312,0.005,0,0,0,0,v
2014-02-24 09:12,6.309,0.004,0,0,0,0,v
2014-02-24 09:18,6.316,0.003,0,0,0,0,v
2014-02-24 09:24,6.312,0.005,0,0,0,0,v
2014-02-24 09:30,6.305,0.006,0,0,0,0,v
2014-02-24 09:36,6.315,0.006,0,0,0,0,v
2014-02-24 09:42,6.312,0.004,0,0,0,0,v
2014-02-24 09:48,6.292,0.004,0,0,0,0,v
2014-02-24 09:54,6.285,0.003,0,0,0,0,v
2014-02-24 10:00,6.285,0.004,0,0,0,0,v
2014-02-24 10:06,6.286,0.004,0,0,0,0,v
2014-02-24 10:12,6.285,0.004,0,0,0,0,v
2014-02-24 10:18,6.303,0.005,0,0,0,0,v
2014-02-24 10:24,6.319,0.004,0,0,0,0,v
2014-02-24 10:30,6.314,0.004,0,0,0,0,v
2014-02-24 10:36,6.329,0.004,0,0,0,0,v
2014-02-24 10:42,6.320,0.003,0,0,0,0,v
2014-02-24 10:48,6.318,0.004,0,0,0,0,v
2014-02-24 10:54,6.332,0.004,0,0,0,0,v
2014-02-24 11:00,6.348,0.004,0,0,0,0,v
2014-02-24 11:06,6.340,0.004,0,0,0,0,v
2014-02-24 11:12,6.334,0.004,0,0,0,0,v
2014-02-24 11:18,6.334,0.004,0,0,0,0,v
2014-02-24 11:24,6.339,0.003,0,0,0,0,v
2014-02-24 11:30,6.341,0.004,0,0,0,0,v
2014-02-24 11:36,6.364,0.004,0,0,0,0,v
2014-02-24 11:42,6.364,0.003,0,0,0,0,v
2014-02-24 11:48,6.370,0.003,0,0,0,0,v
2014-02-24 11:54,6.372,0.004,0,0,0,0,v
2014-02-24 12:00,6.385,0.003,0,0,0,0,v
2014-02-24 12:06,6.387,0.003,0,0,0,0,v
2014-02-24 12:12,6.413,0.005,0,0,0,0,v
2014-02-24 12:18,6.432,0.003,0,0,0,0,v
2014-02-24 12:24,6.437,0.003,0,0,0,0,v
2014-02-24 12:30,6.430,0.003,0,0,0,0,v
2014-02-24 12:36,6.435,0.005,0,0,0,0,v
2014-02-24 12:42,6.451,0.003,0,0,0,0,v
2014-02-24 12:48,6.449,0.004,0,0,0,0,v
2014-02-24 12:54,6.463,0.003,0,0,0,0,v
2014-02-24 13:00,6.461,0.003,0,0,0,0,v
2014-02-24 13:06,6.466,0.003,0,0,0,0,v
2014-02-24 13:12,6.466,0.003,0,0,0,0,v
2014-02-24 13:18,6.462,0.003,0,0,0,0,v
2014-02-24 13:24,6.466,0.004,0,0,0,0,v
2014-02-24 13:30,6.476,0.003,0,0,0,0,v
2014-02-24 13:36,6.477,0.004,0,0,0,0,v
2014-02-24 13:42,6.497,0.003,0,0,0,0,v
2014-02-24 13:48,6.509,0.004,0,0,0,0,v
2014-02-24 13:54,6.531,0.003,0,0,0,0,v
2014-02-24 14:00,6.540,0.003,0,0,0,0,v
2014-02-24 14:06,6.553,0.003,0,0,0,0,v
2014-02-24 14:12,6.562,0.003,0,0,0,0,v
2014-02-24 14:18,6.576,0.003,0,0,0,0,v
2014-02-24 14:24,6.595,0.005,0,0,0,0,v
2014-02-24 14:30,6.598,0.003,0,0,0,0,v
2014-02-24 14:36,6.611,0.003,0,0,0,0,v
2014-02-24 14:42,6.637,0.003,0,0,0,0,v
2014-02-24 14:48,6.651,0.004,0,0,0,0,v
2014-02-24 14:54,6.627,0.005,0,0,0,0,v
2014-02-24 15:00,6.643,0.003,0,0,0,0,v
2014-02-24 15:06,6.639,0.003,0,0,0,0,v
2014-02-24 15:12,6.650,0.006,0,0,0,0,v
2014-02-24 15:18,6.688,0.002,0,0,0,0,v
2014-02-24 15:24,6.663,0.003,0,0,0,0,v
2014-02-24 15:30,6.707,0.005,0,0,0,0,v
2014-02-24 15:36,6.709,0.004,0,0,0,0,v
2014-02-24 15:42,6.723,0.003,0,0,0,0,v
2014-02-24 15:48,6.717,0.005,0,0,0,0,v
2014-02-24 15:54,6.702,0.005,0,0,0,0,v
2014-02-24 16:00,6.720,0.003,0,0,0,0,v
2014-02-24 16:06,6.732,0.005,0,0,0,0,v
2014-02-24 16:12,6.744,0.003,0,0,0,0,v
2014-02-24 16:18,6.728,0.004,0,0,0,0,v
2014-02-24 16:24,6.759,0.005,0,0,0,0,v
2014-02-24 16:30,6.774,0.003,0,0,0,0,v
2014-02-24 16:36,6.767,0.003,0,0,0,0,v
2014-02-24 16:42,6.803,0.003,0,0,0,0,v
2014-02-24 16:48,6.822,0.003,0,0,0,0,v
2014-02-24 16:54,6.818,0.004,0,0,0,0,v
2014-02-24 17:00,6.800,0.003,0,0,0,0,v
2014-02-24 17:06,6.820,0.000,1,0,0,0,v
2014-02-24 17:12,6.839,0.004,0,0,0,0,v
2014-02-24 17:18,6.828,0.003,0,0,0,0,v
2014-02-24 17:24,6.802,0.007,0,0,0,0,v
2014-02-24 17:30,6.795,0.004,0,0,0,0,v
2014-02-24 17:36,6.808,0.004,0,0,0,0,v
2014-02-24 17:42,6.788,0.000,1,0,1,0,v
2014-02-24 17:48,6.788,0.000,1,0,1,0,v
2014-02-24 17:54,6.791,0.000,1,1,1,0,v
2014-02-24 18:00,6.794,0.000,1,1,0,0,v
2014-02-24 18:06,6.799,0.000,1,1,0,0,v
2014-02-24 18:12,6.798,0.000,1,1,0,0,v
2014-02-24 18:18,6.802,0.000,1,1,0,0,v
2014-02-24 18:24,6.803,0.000,1,1,0,0,v
2014-02-24 18:30,6.808,0.000,1,0,0,0,v
2014-02-24 18:36,6.810,0.000,1,0,0,0,v
2014-02-24 18:42,6.806,5.535,1,0,1,0,v
2014-02-24 18:48,6.803,0.000,1,0,1,0,v
2014-02-24 18:54,6.800,0.000,1,0,1,0,v
2014-02-24 19:00,6.799,0.000,1,0,1,0,v
2014-02-24 19:06,6.801,0.000,1,0,0,0,v
2014-02-24 19:12,6.800,0.071,1,0,1,0,v
2014-02-24 19:18,6.798,9.094,1,0,1,0,v
2014-02-24 19:24,6.796,0.000,1,0,1,0,v
2014-02-24 19:30,6.796,0.000,1,0,1,0,v
2014-02-24 19:36,6.799,0.000,1,0,1,0,v
2014-02-24 19:42,6.804,0.000,1,0,0,0,v
2014-02-24 19:48,6.804,0.000,1,0,1,0,v
2014-02-24 19:54,6.806,0.000,1,0,1,0,v
2014-02-24 20:00,6.802,1.552,1,0,1,0,v
2014-02-24 20:06,6.761,0.003,0,0,1,0,v
2014-02-24 20:12,6.786,0.003,0,0,1,0,v
2014-02-24 20:18,6.760,0.003,0,0,1,0,v
2014-02-24 20:24,6.782,0.004,0,0,0,0,v
2014-02-24 20:30,6.765,0.003,0,0,0,0,v
2014-02-24 20:36,6.776,0.007,0,0,0,0,v
2014-02-24 20:42,6.831,0.003,0,0,0,0,v
2014-02-24 20:48,6.822,0.004,0,0,0,0,v
2014-02-24 20:54,6.790,0.003,0,0,0,0,v
2014-02-24 21:00,6.800,0.003,0,0,0,0,v
2014-02-24 21:06,6.788,0.003,0,0,0,0,v
2014-02-24 21:12,6.788,0.002,0,0,0,0,v
2014-02-24 21:18,6.784,0.003,0,0,0,0,v
2014-02-24 21:24,6.789,0.002,0,0,0,0,v
2014-02-24 21:30,6.805,0.004,0,0,0,0,v
2014-02-24 21:36,6.849,0.004,0,0,0,0,v
2014-02-24 21:42,6.862,0.005,0,0,0,0,v
2014-02-24 21:48,6.852,0.005,0,0,0,0,v
2014-02-24 21:54,6.844,0.003,0,0,0,0,v
2014-02-24 22:00,6.850,0.003,0,0,0,0,v
2014-02-24 22:06,6.825,0.005,0,0,0,0,v
2014-02-24 22:12,6.825,0.002,0,0,0,0,v
2014-02-24 22:18,6.819,0.005,0,0,0,0,v
2014-02-24 22:24,6.860,0.002,0,0,0,0,v
2014-02-24 22:30,6.849,0.002,0,0,0,0,v
2014-02-24 22:36,6.844,0.002,0,0,0,0,v
2014-02-24 22:42,6.833,0.005,0,0,0,0,v
2014-02-24 22:48,6.803,0.004,0,0,0,0,v
2014-02-24 22:54,6.799,0.003,0,0,0,0,v
2014-02-24 23:00,6.772,0.005,0,0,0,0,v
2014-02-24 23:06,6.777,0.004,0,0,0,0,v
2014-02-24 23:12,6.794,0.002,0,0,0,0,v
2014-02-24 23:18,6.756,0.006,0,0,0,0,v
2014-02-24 23:24,6.735,0.004,0,0,0,0,v
2014-02-24 23:30,6.778,0.007,0,0,0,0,v
2014-02-24 23:36,6.738,0.003,0,0,0,0,v
2014-02-24 23:42,6.769,0.003,0,0,0,0,v
2014-02-24 23:48,6.748,0.005,0,0,0,0,v
2014-02-24 23:54,6.759,0.004,0,0,0,0,v
2014-02-25 00:00,6.751,0.004,0,0,0,0,v
2014-02-25 00:06,6.748,0.002,0,0,0,0,v
2014-02-25 00:12,6.743,0.002,0,0,0,0,v
2014-02-25 00:18,6.697,0.007,0,0,0,0,v
2014-02-25 00:24,6.707,0.004,0,0,0,0,v
2014-02-25 00:30,6.715,0.005,0,0,0,0,v
2014-02-25 00:36,6.710,0.006,0,0,0,0,v
2014-02-25 00:42,6.709,0.005,0,0,0,0,v
2014-02-25 00:48,6.725,0.003,0,0,0,0,v
2014-02-25 00:54,6.712,0.004,0,0,0,0,v
2014-02-25 01:00,6.701,0.003,0,0,0,0,v
2014-02-25 01:06,6.706,0.005,0,0,0,0,v
2014-02-25 01:12,6.711,0.004,0,0,0,0,v
2014-02-25 01:18,6.697,0.005,0,0,0,0,v
2014-02-25 01:24,6.692,0.003,0,0,0,0,v
2014-02-25 01:30,6.695,0.002,0,0,0,0,v
2014-02-25 01:36,6.711,0.003,0,0,0,0,v
2014-02-25 01:42,6.695,0.003,0,0,0,0,v
2014-02-25 01:48,6.672,0.003,0,0,0,0,v
2014-02-25 01:54,6.695,0.002,0,0,0,0,v
2014-02-25 02:00,6.687,0.003,0,0,0,0,v
2014-02-25 02:06,6.698,0.003,0,0,0,0,v
2014-02-25 02:12,6.689,0.003,0,0,0,0,v
2014-02-25 02:18,6.692,0.003,0,0,0,0,v
2014-02-25 02:24,6.706,0.003,0,0,0,0,v
2014-02-25 02:30,6.699,0.003,0,0,0,0,v
2014-02-25 02:36,6.689,0.003,0,0,0,0,v
2014-02-25 02:42,6.695,0.003,0,0,0,0,v
2014-02-25 02:48,6.675,0.005,0,0,0,0,v
2014-02-25 02:54,6.676,0.003,0,0,0,0,v
2014-02-25 03:00,6.687,0.003,0,0,0,0,v
2014-02-25 03:06,6.691,0.005,0,0,0,0,v
2014-02-25 03:12,6.673,0.003,0,0,0,0,v
2014-02-25 03:18,6.669,0.002,0,0,0,0,v
2014-02-25 03:24,6.677,0.003,0,0,0,0,v
2014-02-25 03:30,6.659,0.003,0,0,0,0,v
2014-02-25 03:36,6.664,0.002,0,0,0,0,v
2014-02-25 03:42,6.650,0.003,0,0,0,0,v
2014-02-25 03:48,6.645,0.004,0,0,0,0,v
2014-02-25 03:54,6.654,0.002,0,0,0,0,v
2014-02-25 04:00,6.663,0.003,0,0,0,0,v
2014-02-25 04:06,6.652,0.003,0,0,0,0,v
2014-02-25 04:12,6.636,0.003,0,0,0,0,v
2014-02-25 04:18,6.622,0.003,0,0,0,0,v
2014-02-25 04:24,6.613,0.003,0,0,0,0,v
2014-02-25 04:30,6.628,0.002,0,0,0,0,v
2014-02-25 04:36,6.627,0.005,0,0,0,0,v
2014-02-25 04:42,6.603,0.003,0,0,0,0,v
2014-02-25 04:48,6.625,0.002,0,0,0,0,v
2014-02-25 04:54,6.599,0.002,0,0,0,0,v
2014-02-25 05:00,6.592,0.003,0,0,0,0,v
2014-02-25 05:06,6.594,0.003,0,0,0,0,v
2014-02-25 05:12,6.595,0.004,0,0,0,0,v
2014-02-25 05:18,6.588,0.007,0,0,0,0,v
2014-02-25 05:24,6.584,0.006,0,0,0,0,v
2014-02-25 05:30,6.593,0.004,0,0,0,0,v
2014-02-25 05:36,6.584,0.002,0,0,0,0,v
2014-02-25 05:42,6.559,0.007,0,0,0,0,v
2014-02-25 05:48,6.569,0.002,0,0,0,0,v
2014-02-25 05:54,6.551,0.003,0,0,0,0,v
2014-02-25 06:00,6.543,0.002,0,0,0,0,v
2014-02-25 06:06,6.545,0.004,0,0,0,0,v
2014-02-25 06:12,6.507,0.003,0,0,0,0,v
2014-02-25 06:18,6.507,0.003,0,0,0,0,v
2014-02-25 06:24,6.498,0.003,0,0,0,0,v
2014-02-25 06:30,6.480,0.003,0,0,0,0,v
2014-02-25 06:36,6.463,0.003,0,0,0,0,v
2014-02-25 06:42,6.466,0.002,0,0,0,0,v
2014-02-25 06:48,6.453,0.003,0,0,0,0,v
2014-02-25 06:54,6.466,0.003,0,0,0,0,v
2014-02-25 07:00,6.465,0.004,0,0,0,0,v
2014-02-25 07:06,6.457,0.003,0,0,0,0,v
2014-02-25 07:12,6.450,0.003,0,0,0,0,v
2014-02-25 07:18,6.449,0.003,0,0,0,0,v
2014-02-25 07:24,6.458,0.003,0,0,0,0,v
2014-02-25 07:30,6.451,0.003,0,0,0,0,v
2014-02-25 07:36,6.449,0.002,0,0,0,0,v
2014-02-25 07:42,6.438,0.003,0,0,0,0,v
2014-02-25 07:48,6.415,0.005,0,0,0,0,v
2014-02-25 07:54,6.402,0.003,0,0,0,0,v
2014-02-25 08:00,6.393,0.004,0,0,0,0,v
2014-02-25 08:06,6.379,0.004,0,0,0,0,v
2014-02-25 08:12,6.387,0.003,0,0,0,0,v
2014-02-25 08:18,6.387,0.003,0,0,0,0,v
2014-02-25 08:24,6.374,0.004,0,0,0,0,v
2014-02-25 08:30,6.356,0.004,0,0,0,0,v
2014-02-25 08:36,6.345,0.004,0,0,0,0,v
2014-02-25 08:42,6.345,0.003,0,0,0,0,v
2014-02-25 08:48,6.335,0.004,0,0,0,0,v
2014-02-25 08:54,6.338,0.005,0,0,0,0,v
2014-02-25 09:00,6.306,0.003,0,0,0,0,v
2014-02-25 09:06,6.311,0.004,0,0,0,0,v
2014-02-25 09:12,6.349,0.003,0,0,0,0,v
2014-02-25 09:18,6.324,0.002,0,0,0,0,v
2014-02-25 09:24,6.306,0.004,0,0,0,0,v
2014-02-25 09:30,6.291,0.002,0,0,0,0,v
2014-02-25 09:36,6.274,0.003,0,0,0,0,v
2014-02-25 09:42,6.290,0.003,0,0,0,0,v
2014-02-25 09:48,6.282,0.003,0,0,0,0,v
2014-02-25 09:54,6.275,0.005,0,0,0,0,v
2014-02-25 10:00,6.274,0.003,0,0,0,0,v
2014-02-25 10:06,6.261,0.003,0,0,0,0,v
2014-02-25 10:12,6.245,0.004,0,0,0,0,v
2014-02-25 10:18,6.263,0.004,0,0,0,0,v
2014-02-25 10:24,6.280,0.003,0,0,0,0,v
2014-02-25 10:30,6.271,0.004,0,0,0,0,v
2014-02-25 10:36,6.287,0.004,0,0,0,0,v
2014-02-25 10:42,6.314,0.004,0,0,0,0,v
2014-02-25 10:48,6.289,0.004,0,0,0,0,v
2014-02-25 10:54,6.285,0.003,0,0,0,0,v
2014-02-25 11:00,6.288,0.005,0,0,0,0,v
2014-02-25 11:06,6.300,0.005,0,0,0,0,v
2014-02-25 11:12,6.281,0.003,0,0,0,0,v
2014-02-25 11:18,6.268,0.005,0,0,0,0,v
2014-02-25 11:24,6.267,0.006,0,0,0,0,v
2014-02-25 11:30,6.274,0.003,0,0,0,0,v
2014-02-25 11:36,6.283,0.003,0,0,0,0,v
2014-02-25 11:42,6.285,0.003,0,0,0,0,v
2014-02-25 11:48,6.289,0.003,0,0,0,0,v
2014-02-25 11:54,6.268,0.003,0,0,0,0,v
2014-02-25 12:00,6.273,0.003,0,0,0,0,v
2014-02-25 12:06,6.279,0.003,0,0,0,0,v
2014-02-25 12:12,6.267,0.003,0,0,0,0,v
2014-02-25 12:18,6.292,0.006,0,0,0,0,v
2014-02-25 12:24,6.304,0.004,0,0,0,0,v
2014-02-25 12:30,6.302,0.006,0,0,0,0,v
2014-02-25 12:36,6.296,0.003,0,0,0,0,v
2014-02-25 12:42,6.312,0.004,0,0,0,0,v
2014-02-25 12:48,6.327,0.004,0,0,0,0,v
2014-02-25 12:54,6.327,0.003,0,0,0,0,v
2014-02-25 13:00,6.333,0.003,0,0,0,0,v
2014-02-25 13:06,6.350,0.004,0,0,0,0,v
2014-02-25 13:12,6.377,0.003,0,0,0,0,v
2014-02-25 13:18,6.385,0.004,0,0,0,0,v
2014-02-25 13:24,6.388,0.004,0,0,0,0,v
2014-02-25 13:30,6.393,0.003,0,0,0,0,v
2014-02-25 13:36,6.404,0.003,0,0,0,0,v
2014-02-25 13:42,6.414,0.003,0,0,0,0,v
2014-02-25 13:48,6.436,0.003,0,0,0,0,v
2014-02-25 13:54,6.442,0.002,0,0,0,0,v
2014-02-25 14:00,6.459,0.003,0,0,0,0,v
2014-02-25 14:06,6.481,0.003,0,0,0,0,v
2014-02-25 14:12,6.478,0.003,0,0,0,0,v
2014-02-25 14:18,6.498,0.003,0,0,0,0,v
2014-02-25 14:24,6.506,0.006,0,0,0,0,v
2014-02-25 14:30,6.532,0.003,0,0,0,0,v
2014-02-25 14:36,6.529,0.004,0,0,0,0,v
2014-02-25 14:42,6.522,0.003,0,0,0,0,v
2014-02-25 14:48,6.523,0.004,0,0,0,0,v
2014-02-25 14:54,6.524,0.003,0,0,0,0,v
2014-02-25 15:00,6.536,0.002,0,0,0,0,v
2014-02-25 15:06,6.542,0.005,0,0,0,0,v
2014-02-25 15:12,6.564,0.002,0,0,0,0,v
2014-02-25 15:18,6.567,0.005,0,0,0,0,v
2014-02-25 15:24,6.570,0.004,0,0,0,0,v
2014-02-25 15:30,6.573,0.006,0,0,0,0,v
2014-02-25 15:36,6.582,0.003,0,0,0,0,v
2014-02-25 15:42,6.612,0.005,0,0,0,0,v
2014-02-25 15:48,6.629,0.003,0,0,0,0,v
2014-02-25 15:54,6.637,0.003,0,0,0,0,v
2014-02-25 16:00,6.652,0.005,0,0,0,0,v
2014-02-25 16:06,6.661,0.004,0,0,0,0,v
2014-02-25 16:12,6.648,0.004,0,0,0,0,v
2014-02-25 16:18,6.661,0.004,0,0,0,0,v
2014-02-25 16:24,6.650,0.005,0,0,0,0,v
2014-02-25 16:30,6.667,0.007,0,0,0,0,v
2014-02-25 16:36,6.684,2.918,1,0,0,0,v
2014-02-25 16:42,6.703,0.000,1,0,0,0,v
2014-02-25 16:48,6.720,0.000,1,0,0,0,v
2014-02-25 16:54,6.738,0.007,0,0,0,0,v
2014-02-25 17:00,6.748,0.004,0,0,0,0,v
2014-02-25 17:06,6.763,0.003,0,0,0,0,v
2014-02-25 17:12,6.769,0.005,0,0,0,0,v
2014-02-25 17:18,6.780,0.004,0,0,0,0,v
2014-02-25 17:24,6.770,0.003,0,0,0,0,v
2014-02-25 17:30,6.776,0.004,0,0,0,0,v
2014-02-25 17:36,6.801,0.005,0,0,0,0,v
2014-02-25 17:42,6.791,0.004,0,0,0,0,v
2014-02-25 17:48,6.795,0.004,0,0,0,0,v
2014-02-25 17:54,6.813,0.004,0,0,0,0,v
2014-02-25 18:00,6.802,0.004,0,0,0,0,v
2014-02-25 18:06,6.805,0.004,0,0,0,0,v
2014-02-25 18:12,6.810,0.003,0,0,0,0,v
2014-02-25 18:18,6.825,0.003,0,0,0,0,v
2014-02-25 18:24,6.825,0.004,0,0,0,0,v
2014-02-25 18:30,6.833,0.004,0,0,0,0,v
2014-02-25 18:36,6.839,0.003,0,0,0,0,v
2014-02-25 18:42,6.831,0.004,0,0,0,0,v
2014-02-25 18:48,6.842,0.003,0,0,0,0,v
2014-02-25 18:54,6.846,0.003,0,0,0,0,v
2014-02-25 19:00,6.846,0.006,0,0,0,0,v
2014-02-25 19:06,6.855,0.004,0,0,0,0,v
2014-02-25 19:12,6.853,0.003,0,0,0,0,v
2014-02-25 19:18,6.842,0.004,0,0,0,0,v
2014-02-25 19:24,6.843,0.004,0,0,0,0,v
2014-02-25 19:30,6.854,0.004,0,0,0,0,v
2014-02-25 19:36,6.854,0.003,0,0,0,0,v
2014-02-25 19:42,6.850,0.003,0,0,0,0,v
2014-02-25 19:48,6.853,0.004,0,0,0,0,v
2014-02-25 19:54,6.848,0.004,0,0,0,0,v
2014-02-25 20:00,6.844,0.005,0,0,0,0,v
2014-02-25 20:06,6.858,0.005,0,0,0,0,v
2014-02-25 20:12,6.865,0.004,0,0,0,0,v
2014-02-25 20:18,6.863,0.004,0,0,0,0,v
2014-02-25 20:24,6.864,0.004,0,0,0,0,v
2014-02-25 20:30,6.870,0.004,0,0,0,0,v
2014-02-25 20:36,6.865,0.003,0,0,0,0,v
2014-02-25 20:42,6.856,0.004,0,0,0,0,v
2014-02-25 20:48,6.846,0.003,0,0,0,0,v
2014-02-25 20:54,6.844,0.003,0,0,0,0,v
2014-02-25 21:00,6.845,0.004,0,0,0,0,v
2014-02-25 21:06,6.823,0.005,0,0,0,0,v
2014-02-25 21:12,6.832,0.004,0,0,0,0,v
2014-02-25 21:18,6.838,0.004,0,0,0,0,v
2014-02-25 21:24,6.847,0.004,0,0,0,0,v
2014-02-25 21:30,6.840,0.004,0,0,0,0,v
2014-02-25 21:36,6.822,0.005,0,0,0,0,v
2014-02-25 21:42,6.839,0.005,0,0,0,0,v
2014-02-25 21:48,6.828,0.006,0,0,0,0,v
2014-02-25 21:54,6.828,0.004,0,0,0,0,v
2014-02-25 22:00,6.835,0.005,0,0,0,0,v
2014-02-25 22:06,6.815,0.004,0,0,0,0,v
2014-02-25 22:12,6.811,0.005,0,0,0,0,v
2014-02-25 22:18,6.821,0.005,0,0,0,0,v
2014-02-25 22:24,6.846,0.004,0,0,0,0,v
2014-02-25 22:30,6.839,0.006,0,0,0,0,v
2014-02-25 22:36,6.835,0.005,0,0,0,0,v
2014-02-25 22:42,6.816,0.005,0,0,0,0,v
2014-02-25 22:48,6.826,0.005,0,0,0,0,v
2014-02-25 22:54,6.807,0.004,0,0,0,0,v
2014-02-25 23:00,6.799,0.005,0,0,0,0,v
2014-02-25 23:06,6.821,0.004,0,0,0,0,v
2014-02-25 23:12,6.821,0.004,0,0,0,0,v
2014-02-25 23:18,6.818,0.006,0,0,0,0,v
2014-02-25 23:24,6.820,0.004,0,0,0,0,v
2014-02-25 23:30,6.834,0.005,0,0,0,0,v
2014-02-25 23:36,6.840,0.004,0,0,0,0,v
2014-02-25 23:42,6.841,0.004,0,0,0,0,v
2014-02-25 23:48,6.839,0.004,0,0,0,0,v
2014-02-25 23:54,6.802,0.004,0,0,0,0,v
2014-02-26 00:00,6.819,0.005,0,0,0,0,v
2014-02-26 00:06,6.838,0.007,0,0,0,0,v
2014-02-26 00:12,6.793,0.007,0,0,0,0,v
2014-02-26 00:18,6.790,0.004,0,0,0,0,v
2014-02-26 00:24,6.766,0.004,0,0,0,0,v
2014-02-26 00:30,6.763,0.004,0,0,0,0,v
2014-02-26 00:36,6.765,0.004,0,0,0,0,v
2014-02-26 00:42,6.759,0.005,0,0,0,0,v
2014-02-26 00:48,6.782,0.005,0,0,0,0,v
2014-02-26 00:54,6.779,0.006,0,0,0,0,v
2014-02-26 01:00,6.776,0.004,0,0,0,0,v
2014-02-26 01:06,6.763,0.005,0,0,0,0,v
2014-02-26 01:12,6.762,0.006,0,0,0,0,v
2014-02-26 01:18,6.765,0.005,0,0,0,0,v
2014-02-26 01:24,6.732,0.004,0,0,0,0,v
2014-02-26 01:30,6.768,0.005,0,0,0,0,v
2014-02-26 01:36,6.772,0.005,0,0,0,0,v
2014-02-26 01:42,6.741,0.004,0,0,0,0,v
2014-02-26 01:48,6.740,0.003,0,0,0,0,v
2014-02-26 01:54,6.753,0.004,0,0,0,0,v
2014-02-26 02:00,6.737,0.005,0,0,0,0,v
2014-02-26 02:06,6.738,0.005,0,0,0,0,v
2014-02-26 02:12,6.728,0.003,0,0,0,0,v
2014-02-26 02:18,6.747,0.005,0,0,0,0,v
2014-02-26 02:24,6.750,0.003,0,0,0,0,v
2014-02-26 02:30,6.752,0.005,0,0,0,0,v
2014-02-26 02:36,6.756,0.003,0,0,0,0,v
2014-02-26 02:42,6.738,0.004,0,0,0,0,v
2014-02-26 02:48,6.750,0.005,0,0,0,0,v
2014-02-26 02:54,6.732,0.004,0,0,0,0,v
2014-02-26 03:00,6.741,0.006,0,0,0,0,v
2014-02-26 03:06,6.752,0.004,0,0,0,0,v
2014-02-26 03:12,6.751,0.004,0,0,0,0,v
2014-02-26 03:18,6.743,0.004,0,0,0,0,v
2014-02-26 03:24,6.726,0.004,0,0,0,0,v
2014-02-26 03:30,6.722,0.003,0,0,0,0,v
2014-02-26 03:36,6.726,0.004,0,0,0,0,v
2014-02-26 03:42,6.732,0.004,0,0,0,0,v
2014-02-26 03:48,6.757,0.004,0,0,0,0,v
2014-02-26 03:54,6.753,0.007,0,0,0,0,v
2014-02-26 04:00,6.718,0.004,0,0,0,0,v
2014-02-26 04:06,6.730,0.005,0,0,0,0,v
2014-02-26 04:12,6.748,0.007,0,0,0,0,v
2014-02-26 04:18,6.735,0.004,0,0,0,0,v
2014-02-26 04:24,6.745,0.004,0,0,0,0,v
2014-02-26 04:30,6.723,0.003,0,0,0,0,v
2014-02-26 04:36,6.718,0.004,0,0,0,0,v
2014-02-26 04:42,6.717,0.004,0,0,0,0,v
2014-02-26 04:48,6.718,0.005,0,0,0,0,v
2014-02-26 04:54,6.694,0.004,0,0,0,0,v
2014-02-26 05:00,6.708,0.003,0,0,0,0,v
2014-02-26 05:06,6.688,0.004,0,0,0,0,v
2014-02-26 05:12,6.687,0.004,0,0,0,0,v
2014-02-26 05:18,6.687,0.004,0,0,0,0,v
2014-02-26 05:24,6.691,0.004,0,0,0,0,v
2014-02-26 05:30,6.697,0.005,0,0,0,0,v
2014-02-26 05:36,6.695,0.004,0,0,0,0,v
2014-02-26 05:42,6.683,0.003,0,0,0,0,v
2014-02-26 05:48,6.663,0.006,0,0,0,0,v
2014-02-26 05:54,6.640,0.003,0,0,0,0,v
2014-02-26 06:00,6.634,0.003,0,0,0,0,v
2014-02-26 06:06,6.624,0.003,0,0,0,0,v
2014-02-26 06:12,6.624,0.004,0,0,0,0,v
2014-02-26 06:18,6.611,0.004,0,0,0,0,v
2014-02-26 06:24,6.610,0.004,0,0,0,0,v
2014-02-26 06:30,6.588,0.004,0,0,0,0,v
2014-02-26 06:36,6.596,0.003,0,0,0,0,v
2014-02-26 06:42,6.568,0.005,0,0,0,0,v
2014-02-26 06:48,6.561,0.003,0,0,0,0,v
2014-02-26 06:54,6.556,0.003,0,0,0,0,v
2014-02-26 07:00,6.550,0.005,0,0,0,0,v
2014-02-26 07:06,6.530,0.004,0,0,0,0,v
2014-02-26 07:12,6.534,0.005,0,0,0,0,v
2014-02-26 07:18,6.521,0.004,0,0,0,0,v
2014-02-26 07:24,6.504,0.005,0,0,0,0,v
2014-02-26 07:30,6.505,0.002,0,0,0,0,v
2014-02-26 07:36,6.509,0.003,0,0,0,0,v
2014-02-26 07:42,6.498,0.003,0,0,0,0,v
2014-02-26 07:48,6.485,0.005,0,0,0,0,v
2014-02-26 07:54,6.474,0.004,0,0,0,0,v
2014-02-26 08:00,6.490,0.003,0,0,0,0,v
2014-02-26 08:06,6.470,0.004,0,0,0,0,v
2014-02-26 08:12,6.457,0.003,0,0,0,0,v
2014-02-26 08:18,6.465,0.003,0,0,0,0,v
2014-02-26 08:24,6.440,0.004,0,0,0,0,v
2014-02-26 08:30,6.422,0.003,0,0,0,0,v
2014-02-26 08:36,6.401,0.005,0,0,0,0,v
2014-02-26 08:42,6.416,0.003,0,0,0,0,v
2014-02-26 08:48,6.414,0.004,0,0,0,0,v
2014-02-26 08:54,6.408,0.005,0,0,0,0,v
2014-02-26 09:00,6.390,0.003,0,0,0,0,v
2014-02-26 09:06,6.367,0.003,0,0,0,0,v
2014-02-26 09:12,6.376,0.004,0,0,0,0,v
2014-02-26 09:18,6.391,0.003,0,0,0,0,v
2014-02-26 09:24,6.380,0.003,0,0,0,0,v
2014-02-26 09:30,6.358,0.006,0,0,0,0,v
2014-02-26 09:36,6.336,0.003,0,0,0,0,v
2014-02-26 09:42,6.340,0.003,0,0,0,0,v
2014-02-26 09:48,6.337,0.003,0,0,0,0,v
2014-02-26 09:54,6.372,0.006,0,0,0,0,v
2014-02-26 10:00,6.364,0.007,0,0,0,0,v
2014-02-26 10:06,6.339,0.005,0,0,0,0,v
2014-02-26 10:12,6.326,0.007,0,0,0,0,v
2014-02-26 10:18,6.332,0.003,0,0,0,0,v
2014-02-26 10:24,6.305,0.005,0,0,0,0,v
2014-02-26 10:30,6.282,0.006,0,0,0,0,v
2014-02-26 10:36,6.281,0.004,0,0,0,0,v
2014-02-26 10:42,6.288,0.005,0,0,0,0,v
2014-02-26 10:48,6.286,0.008,0,0,0,0,v
2014-02-26 10:54,6.253,0.003,0,0,0,0,v
2014-02-26 11:00,6.269,0.003,0,0,0,0,v
2014-02-26 11:06,6.279,0.004,0,0,0,0,v
2014-02-26 11:12,6.246,0.005,0,0,0,0,v
2014-02-26 11:18,6.262,0.004,0,0,0,0,v
2014-02-26 11:24,6.275,0.003,0,0,0,0,v
2014-02-26 11:30,6.251,0.004,0,0,0,0,v
2014-02-26 11:36,6.247,0.003,0,0,0,0,v
2014-02-26 11:42,6.243,0.003,0,0,0,0,v
2014-02-26 11:48,6.255,0.002,0,0,0,0,v
2014-02-26 11:54,6.243,0.004,0,0,0,0,v
2014-02-26 12:00,6.233,0.003,0,0,0,0,v
2014-02-26 12:06,6.233,0.004,0,0,0,0,v
2014-02-26 12:12,6.225,0.002,0,0,0,0,v
2014-02-26 12:18,6.231,0.003,0,0,0,0,v
2014-02-26 12:24,6.226,0.004,0,0,0,0,v
2014-02-26 12:30,6.213,0.003,0,0,0,0,v
2014-02-26 12:36,6.200,0.003,0,0,0,0,v
2014-02-26 12:42,6.236,0.004,0,0,0,0,v
2014-02-26 12:48,6.252,0.005,0,0,0,0,v
2014-02-26 12:54,6.231,0.007,0,0,0,0,v
2014-02-26 13:00,6.237,0.004,0,0,0,0,v
2014-02-26 13:06,6.242,0.005,0,0,0,0,v
2014-02-26 13:12,6.263,0.008,0,0,0,0,v
2014-02-26 13:18,6.272,0.005,0,0,0,0,v
2014-02-26 13:24,6.270,0.005,0,0,0,0,v
2014-02-26 13:30,6.274,0.004,0,0,0,0,v
2014-02-26 13:36,6.262,0.005,0,0,0,0,v
2014-02-26 13:42,6.275,0.004,0,0,0,0,v
2014-02-26 13:48,6.280,0.006,0,0,0,0,v
2014-02-26 13:54,6.284,0.008,0,0,0,0,v
2014-02-26 14:00,6.300,0.006,0,0,0,0,v
2014-02-26 14:06,6.318,0.007,0,0,0,0,v
2014-02-26 14:12,6.305,0.008,0,0,0,0,v
2014-02-26 14:18,6.321,0.011,0,0,0,0,v
2014-02-26 14:24,6.347,0.008,0,0,0,0,v
2014-02-26 14:30,6.372,0.007,0,0,0,0,v
2014-02-26 14:36,6.395,0.009,0,0,0,0,v
2014-02-26 14:42,6.394,0.010,0,0,0,0,v
2014-02-26 14:48,6.393,0.009,0,0,0,0,v
2014-02-26 14:54,6.389,0.012,0,0,0,0,v
2014-02-26 15:00,6.408,0.007,0,0,0,0,v
2014-02-26 15:06,6.418,0.012,0,0,0,0,v
2014-02-26 15:12,6.425,0.009,0,0,0,0,v
2014-02-26 15:18,6.437,0.016,0,0,0,0,v
2014-02-26 15:24,6.468,0.009,0,0,0,0,v
2014-02-26 15:30,6.477,0.010,0,0,0,0,v
2014-02-26 15:36,6.472,0.013,0,0,0,0,v
2014-02-26 15:42,6.491,0.012,0,0,0,0,v
2014-02-26 15:48,6.480,0.010,0,0,0,0,v
2014-02-26 15:54,6.499,0.013,0,0,0,0,v
2014-02-26 16:00,6.530,0.008,0,0,0,0,v
2014-02-26 16:06,6.542,0.010,0,0,0,0,v
2014-02-26 16:12,6.559,0.008,0,0,0,0,v
2014-02-26 16:18,6.602,0.011,0,0,0,0,v
2014-02-26 16:24,6.630,0.010,0,0,0,0,v
2014-02-26 16:30,6.628,0.016,0,0,0,0,v
2014-02-26 16:36,6.639,0.012,0,0,0,0,v
2014-02-26 16:42,6.638,0.011,0,0,0,0,v
2014-02-26 16:48,6.642,0.010,0,0,0,0,v
2014-02-26 16:54,6.678,0.008,0,0,0,0,v
2014-02-26 17:00,6.676,0.007,0,0,0,0,v
2014-02-26 17:06,6.696,0.008,0,0,0,0,v
2014-02-26 17:12,6.704,0.011,0,0,0,0,v
2014-02-26 17:18,6.731,0.015,0,0,0,0,v
2014-02-26 17:24,6.754,0.006,0,0,0,0,v
2014-02-26 17:30,6.757,0.010,0,0,0,0,v
2014-02-26 17:36,6.772,0.008,0,0,0,0,v
2014-02-26 17:42,6.759,0.009,0,0,0,0,v
2014-02-26 17:48,6.763,0.007,0,0,0,0,v
2014-02-26 17:54,6.765,0.011,0,0,0,0,v
2014-02-26 18:00,6.788,0.008,0,0,0,0,v
2014-02-26 18:06,6.778,0.009,0,0,0,0,v
2014-02-26 18:12,6.784,0.007,0,0,0,0,v
2014-02-26 18:18,6.776,0.010,0,0,0,0,v
2014-02-26 18:24,6.790,0.007,0,0,0,0,v
2014-02-26 18:30,6.772,0.007,0,0,0,0,v
2014-02-26 18:36,6.779,0.011,0,0,0,0,v
2014-02-26 18:42,6.793,0.008,0,0,0,0,v
2014-02-26 18:48,6.812,0.007,0,0,0,0,v
2014-02-26 18:54,6.767,0.008,0,0,0,0,v
2014-02-26 19:00,6.789,0.007,0,0,0,0,v
2014-02-26 19:06,6.797,0.013,0,0,0,0,v
2014-02-26 19:12,6.792,0.009,0,0,0,0,v
2014-02-26 19:18,6.792,0.008,0,0,0,0,v
2014-02-26 19:24,6.780,0.008,0,0,0,0,v
2014-02-26 19:30,6.815,0.010,0,0,0,0,v
2014-02-26 19:36,6.798,0.007,0,0,0,0,v
2014-02-26 19:42,6.812,0.008,0,0,0,0,v
2014-02-26 19:48,6.812,0.005,0,0,0,0,v
2014-02-26 19:54,6.812,0.007,0,0,0,0,v
2014-02-26 20:00,6.829,0.012,0,0,0,0,v
2014-02-26 20:06,6.838,0.008,0,0,0,0,v
2014-02-26 20:12,6.822,0.008,0,0,0,0,v
2014-02-26 20:18,6.853,0.008,0,0,0,0,v
2014-02-26 20:24,6.854,0.012,0,0,0,0,v
2014-02-26 20:30,6.882,0.007,0,0,0,0,v
2014-02-26 20:36,6.862,0.010,0,0,0,0,v
2014-02-26 20:42,6.861,0.010,0,0,0,0,v
2014-02-26 20:48,6.850,0.009,0,0,0,0,v
2014-02-26 20:54,6.872,0.009,0,0,0,0,v
2014-02-26 21:00,6.888,0.014,0,0,0,0,v
2014-02-26 21:06,6.839,0.011,0,0,0,0,v
2014-02-26 21:12,6.855,0.009,0,0,0,0,v
2014-02-26 21:18,6.844,0.011,0,0,0,0,v
2014-02-26 21:24,6.882,0.012,0,0,0,0,v
2014-02-26 21:30,6.857,0.013,0,0,0,0,v
2014-02-26 21:36,6.872,0.009,0,0,0,0,v
2014-02-26 21:42,6.863,0.013,0,0,0,0,v
2014-02-26 21:48,6.837,0.010,0,0,0,0,v
2014-02-26 21:54,6.820,0.011,0,0,0,0,v
2014-02-26 22:00,6.833,0.012,0,0,0,0,v
2014-02-26 22:06,6.878,0.010,0,0,0,0,v
2014-02-26 22:12,6.860,0.016,0,0,0,0,v
2014-02-26 22:18,6.824,0.011,0,0,0,0,v
2014-02-26 22:24,6.824,0.011,0,0,0,0,v
2014-02-26 22:30,6.836,0.013,0,0,0,0,v
2014-02-26 22:36,6.839,0.010,0,0,0,0,v
2014-02-26 22:42,6.847,0.014,0,0,0,0,v
2014-02-26 22:48,6.826,0.017,0,0,0,0,v
2014-02-26 22:54,6.846,0.013,0,0,0,0,v
2014-02-26 23:00,6.844,0.011,0,0,0,0,v
2014-02-26 23:06,6.820,0.013,0,0,0,0,v
2014-02-26 23:12,6.845,0.010,0,0,0,0,v
2014-02-26 23:18,6.838,0.016,0,0,0,0,v
2014-02-26 23:24,6.834,0.015,0,0,0,0,v
2014-02-26 23:30,6.826,0.009,0,0,0,0,v
2014-02-26 23:36,6.804,0.010,0,0,0,0,v
2014-02-26 23:42,6.791,0.015,0,0,0,0,v
2014-02-26 23:48,6.805,0.013,0,0,0,0,v
2014-02-26 23:54,6.821,0.013,0,0,0,0,v
2014-02-27 00:00,6.812,0.011,0,0,0,0,v
2014-02-27 00:06,6.799,0.011,0,0,0,0,v
2014-02-27 00:12,6.811,0.010,0,0,0,0,v
2014-02-27 00:18,6.803,0.012,0,0,0,0,v
2014-02-27 00:24,6.805,0.013,0,0,0,0,v
2014-02-27 00:30,6.819,0.011,0,0,0,0,v
2014-02-27 00:36,6.796,0.014,0,0,0,0,v
2014-02-27 00:42,6.803,0.009,0,0,0,0,v
2014-02-27 00:48,6.815,0.011,0,0,0,0,v
2014-02-27 00:54,6.808,0.010,0,0,0,0,v
2014-02-27 01:00,6.768,0.016,0,0,0,0,v
2014-02-27 01:06,6.796,0.013,0,0,0,0,v
2014-02-27 01:12,6.790,0.010,0,0,0,0,v
2014-02-27 01:18,6.800,0.011,0,0,0,0,v
2014-02-27 01:24,6.798,0.023,0,0,0,0,v
2014-02-27 01:30,6.791,0.020,0,0,0,0,v
2014-02-27 01:36,6.801,0.018,0,0,0,0,v
2014-02-27 01:42,6.754,0.011,0,0,0,0,v
2014-02-27 01:48,6.769,0.009,0,0,0,0,v
2014-02-27 01:54,6.775,0.014,0,0,0,0,v
2014-02-27 02:00,6.782,0.017,0,0,0,0,v
2014-02-27 02:06,6.780,0.011,0,0,0,0,v
2014-02-27 02:12,6.762,0.012,0,0,0,0,v
2014-02-27 02:18,6.779,0.012,0,0,0,0,v
2014-02-27 02:24,6.768,0.012,0,0,0,0,v
2014-02-27 02:30,6.782,0.012,0,0,0,0,v
2014-02-27 02:36,6.791,0.014,0,0,0,0,v
2014-02-27 02:42,6.768,0.014,0,0,0,0,v
2014-02-27 02:48,6.745,0.013,0,0,0,0,v
2014-02-27 02:54,6.751,0.011,0,0,0,0,v
2014-02-27 03:00,6.807,0.017,0,0,0,0,v
2014-02-27 03:06,6.797,0.011,0,0,0,0,v
2014-02-27 03:12,6.795,0.014,0,0,0,0,v
2014-02-27 03:18,6.733,0.018,0,0,0,0,v
2014-02-27 03:24,6.764,0.012,0,0,0,0,v
2014-02-27 03:30,6.766,0.016,0,0,0,0,v
2014-02-27 03:36,6.761,0.010,0,0,0,0,v
2014-02-27 03:42,6.801,0.019,0,0,0,0,v
2014-02-27 03:48,6.831,0.019,0,0,0,0,v
2014-02-27 03:54,6.815,0.016,0,0,0,0,v
2014-02-27 04:00,6.853,0.017,0,0,0,0,v
2014-02-27 04:06,6.851,0.018,0,0,0,0,v
2014-02-27 04:12,6.804,0.010,0,0,0,0,v
2014-02-27 04:18,6.811,0.011,0,0,0,0,v
2014-02-27 04:24,6.764,0.017,0,0,0,0,v
2014-02-27 04:30,6.787,0.020,0,0,0,0,v
2014-02-27 04:36,6.809,0.022,0,0,0,0,v
2014-02-27 04:42,6.787,0.014,0,0,0,0,v
2014-02-27 04:48,6.765,0.019,0,0,0,0,v
2014-02-27 04:54,6.750,0.027,0,0,0,0,v
2014-02-27 05:00,6.781,0.012,0,0,0,0,v
2014-02-27 05:06,6.780,0.013,0,0,0,0,v
2014-02-27 05:12,6.723,0.019,0,0,0,0,v
2014-02-27 05:18,6.804,0.012,0,0,0,0,v
2014-02-27 05:24,6.806,0.019,0,0,0,0,v
2014-02-27 05:30,6.833,0.014,0,0,0,0,v
2014-02-27 05:36,6.799,0.022,0,0,0,0,v
2014-02-27 05:42,6.780,0.017,0,0,0,0,v
2014-02-27 05:48,6.784,0.017,0,0,0,0,v
2014-02-27 05:54,6.783,0.019,0,0,0,0,v
2014-02-27 06:00,6.787,0.020,0,0,0,0,v
2014-02-27 06:06,6.789,0.015,0,0,0,0,v
2014-02-27 06:12,6.765,0.016,0,0,0,0,v
2014-02-27 06:18,6.738,0.014,0,0,0,0,v
2014-02-27 06:24,6.730,0.012,0,0,0,0,v
2014-02-27 06:30,6.718,0.014,0,0,0,0,v
2014-02-27 06:36,6.702,0.012,0,0,0,0,v
2014-02-27 06:42,6.701,0.012,0,0,0,0,v
2014-02-27 06:48,6.709,0.019,0,0,0,0,v
2014-02-27 06:54,6.729,0.017,0,0,0,0,v
2014-02-27 07:00,6.706,0.014,0,0,0,0,v
2014-02-27 07:06,6.681,0.013,0,0,0,0,v
2014-02-27 07:12,6.709,0.011,0,0,0,0,v
2014-02-27 07:18,6.687,0.010,0,0,0,0,v
2014-02-27 07:24,6.707,0.011,0,0,0,0,v
2014-02-27 07:30,6.657,0.017,0,0,0,0,v
2014-02-27 07:36,6.684,0.014,0,0,0,0,v
2014-02-27 07:42,6.718,0.025,0,0,0,0,v
2014-02-27 07:48,6.737,0.013,0,0,0,0,v
2014-02-27 07:54,6.726,0.013,0,0,0,0,v
2014-02-27 08:00,6.715,0.019,0,0,0,0,v
2014-02-27 08:06,6.711,0.012,0,0,0,0,v
2014-02-27 08:12,6.666,0.014,0,0,0,0,v
2014-02-27 08:18,6.680,0.012,0,0,0,0,v
2014-02-27 08:24,6.674,0.014,0,0,0,0,v
2014-02-27 08:30,6.641,0.016,0,0,0,0,v
2014-02-27 08:36,6.606,0.009,0,0,0,0,v
2014-02-27 08:42,6.576,0.016,0,0,0,0,v
2014-02-27 08:48,6.558,0.015,0,0,0,0,v
2014-02-27 08:54,6.554,0.008,0,0,0,0,v
2014-02-27 09:00,6.547,0.013,0,0,0,0,v
2014-02-27 09:06,6.526,0.015,0,0,0,0,v
2014-02-27 09:12,6.506,0.019,0,0,0,0,v
2014-02-27 09:18,6.507,0.011,0,0,0,0,v
2014-02-27 09:24,6.519,0.011,0,0,0,0,v
2014-02-27 09:30,6.494,0.013,0,0,0,0,v
2014-02-27 09:36,6.490,0.014,0,0,0,0,v
2014-02-27 09:42,6.436,0.015,0,0,0,0,v
2014-02-27 09:48,6.419,0.012,0,0,0,0,v
2014-02-27 09:54,6.428,0.010,0,0,0,0,v
2014-02-27 10:00,6.421,0.014,0,0,0,0,v
2014-02-27 10:06,6.413,0.012,0,0,0,0,v
2014-02-27 10:12,6.431,0.011,0,0,0,0,v
2014-02-27 10:18,6.471,0.011,0,0,0,0,v
2014-02-27 10:24,6.468,0.016,0,0,0,0,v
2014-02-27 10:30,6.427,0.011,0,0,0,0,v
2014-02-27 10:36,6.414,0.015,0,0,0,0,v
2014-02-27 10:42,6.450,0.008,0,0,0,0,v
2014-02-27 10:48,6.417,0.015,0,0,0,0,v
2014-02-27 10:54,6.420,0.010,0,0,0,0,v
2014-02-27 11:00,6.430,0.008,0,0,0,0,v
2014-02-27 11:06,6.416,0.017,0,0,0,0,v
2014-02-27 11:12,6.411,0.011,0,0,0,0,v
2014-02-27 11:18,6.375,0.008,0,0,0,0,v
2014-02-27 11:24,6.373,0.008,0,0,0,0,v
2014-02-27 11:30,6.329,0.015,0,0,0,0,v
2014-02-27 11:36,6.362,0.024,0,0,0,0,v
2014-02-27 11:42,6.416,0.011,0,0,0,0,v
2014-02-27 11:48,6.383,0.010,0,0,0,0,v
2014-02-27 11:54,6.310,0.013,0,0,0,0,v
2014-02-27 12:00,6.338,0.011,0,0,0,0,v
2014-02-27 12:06,6.275,0.010,0,0,0,0,v
2014-02-27 12:12,6.263,0.011,0,0,0,0,v
2014-02-27 12:18,6.279,0.014,0,0,0,0,v
2014-02-27 12:24,6.334,0.011,0,0,0,0,v
2014-02-27 12:30,6.346,0.013,0,0,0,0,v
2014-02-27 12:36,6.303,0.009,0,0,0,0,v
2014-02-27 12:42,6.278,0.008,0,0,0,0,v
2014-02-27 12:48,6.296,0.012,0,0,0,0,v
2014-02-27 12:54,6.303,0.013,0,0,0,0,v
2014-02-27 13:00,6.335,0.012,0,0,0,0,v
2014-02-27 13:06,6.344,0.010,0,0,0,0,v
2014-02-27 13:12,6.277,0.020,0,0,0,0,v
2014-02-27 13:18,6.327,0.011,0,0,0,0,v
2014-02-27 13:24,6.284,0.009,0,0,0,0,v
2014-02-27 13:30,6.307,0.015,0,0,0,0,v
2014-02-27 13:36,6.276,0.019,0,0,0,0,v
2014-02-27 13:42,6.295,0.012,0,0,0,0,v
2014-02-27 13:48,6.332,0.013,0,0,0,0,v
2014-02-27 13:54,6.305,0.012,0,0,0,0,v
2014-02-27 14:00,6.316,0.017,0,0,0,0,v
2014-02-27 14:06,6.338,0.008,0,0,0,0,v
2014-02-27 14:12,6.280,0.011,0,0,0,0,v
2014-02-27 14:18,6.281,0.007,0,0,0,0,v
2014-02-27 14:24,6.318,0.010,0,0,0,0,v
2014-02-27 14:30,6.289,0.010,0,0,0,0,v
2014-02-27 14:36,6.343,0.007,0,0,0,0,v
2014-02-27 14:42,6.310,0.011,0,0,0,0,v
2014-02-27 14:48,6.317,0.008,0,0,0,0,v
2014-02-27 14:54,6.310,0.010,0,0,0,0,v
2014-02-27 15:00,6.306,0.010,0,0,0,0,v
2014-02-27 15:06,6.339,0.013,0,0,0,0,v
2014-02-27 15:12,6.299,0.011,0,0,0,0,v
2014-02-27 15:18,6.377,0.010,0,0,0,0,v
2014-02-27 15:24,6.401,0.011,0,0,0,0,v
2014-02-27 15:30,6.387,0.006,0,0,0,0,v
2014-02-27 15:36,6.406,0.007,0,0,0,0,v
2014-02-27 15:42,6.391,0.008,0,0,0,0,v
2014-02-27 15:48,6.432,0.010,0,0,0,0,v
2014-02-27 15:54,6.469,0.012,0,0,0,0,v
2014-02-27 16:00,6.477,0.010,0,0,0,0,v
2014-02-27 16:06,6.508,0.008,0,0,0,0,v
2014-02-27 16:12,6.456,0.006,0,0,0,0,v
2014-02-27 16:18,6.479,0.017,0,0,0,0,v
2014-02-27 16:24,6.538,0.006,0,0,0,0,v
2014-02-27 16:30,6.531,0.010,0,0,0,0,v
2014-02-27 16:36,6.507,0.012,0,0,0,0,v
2014-02-27 16:42,6.512,0.012,0,0,0,0,v
2014-02-27 16:48,6.532,0.011,0,0,0,0,v
2014-02-27 16:54,6.526,0.009,0,0,0,0,v
2014-02-27 17:00,6.523,0.011,0,0,0,0,v
2014-02-27 17:06,6.599,0.009,0,0,0,0,v
2014-02-27 17:12,6.587,0.008,0,0,0,0,v
2014-02-27 17:18,6.557,0.010,0,0,0,0,v
2014-02-27 17:24,6.572,0.011,0,0,0,0,v
2014-02-27 17:30,6.600,0.008,0,0,0,0,v
2014-02-27 17:36,6.597,0.013,0,0,0,0,v
2014-02-27 17:42,6.600,0.011,0,0,0,0,v
2014-02-27 17:48,6.635,0.008,0,0,0,0,v
2014-02-27 17:54,6.664,0.007,0,0,0,0,v
2014-02-27 18:00,6.626,0.006,0,0,0,0,v
2014-02-27 18:06,6.616,0.007,0,0,0,0,v
2014-02-27 18:12,6.646,0.012,0,0,0,0,v
2014-02-27 18:18,6.669,0.011,0,0,0,0,v
2014-02-27 18:24,6.603,0.008,0,0,0,0,v
2014-02-27 18:30,6.661,0.009,0,0,0,0,v
2014-02-27 18:36,6.693,0.008,0,0,0,0,v
2014-02-27 18:42,6.712,0.005,0,0,0,0,v
2014-02-27 18:48,6.711,0.008,0,0,0,0,v
2014-02-27 18:54,6.720,0.007,0,0,0,0,v
2014-02-27 19:00,6.701,0.011,0,0,0,0,v
2014-02-27 19:06,6.746,0.006,0,0,0,0,v
2014-02-27 19:12,6.750,0.007,0,0,0,0,v
2014-02-27 19:18,6.763,0.005,0,0,0,0,v
2014-02-27 19:24,6.746,0.005,0,0,0,0,v
2014-02-27 19:30,6.782,0.009,0,0,0,0,v
2014-02-27 19:36,6.754,0.011,0,0,0,0,v
2014-02-27 19:42,6.802,0.008,0,0,0,0,v
2014-02-27 19:48,6.794,0.011,0,0,0,0,v
2014-02-27 19:54,6.818,0.010,0,0,0,0,v
2014-02-27 20:00,6.793,0.005,0,0,0,0,v
2014-02-27 20:06,6.811,0.011,0,0,0,0,v
2014-02-27 20:12,6.818,0.007,0,0,0,0,v
2014-02-27 20:18,6.878,0.005,0,0,0,0,v
2014-02-27 20:24,6.829,0.009,0,0,0,0,v
2014-02-27 20:30,6.809,0.005,0,0,0,0,v
2014-02-27 20:36,6.794,0.008,0,0,0,0,v
2014-02-27 20:42,6.793,0.008,0,0,0,0,v
2014-02-27 20:48,6.764,0.005,0,0,0,0,v
2014-02-27 20:54,6.839,0.012,0,0,0,0,v
2014-02-27 21:00,6.813,0.007,0,0,0,0,v
2014-02-27 21:06,6.820,0.007,0,0,0,0,v
2014-02-27 21:12,6.782,0.005,0,0,0,0,v
2014-02-27 21:18,6.795,0.009,0,0,0,0,v
2014-02-27 21:24,6.823,0.005,0,0,0,0,v
2014-02-27 21:30,6.835,0.006,0,0,0,0,v
2014-02-27 21:36,6.774,0.006,0,0,0,0,v
2014-02-27 21:42,6.772,0.005,0,0,0,0,v
2014-02-27 21:48,6.793,0.008,0,0,0,0,v
2014-02-27 21:54,6.792,0.006,0,0,0,0,v
2014-02-27 22:00,6.761,0.008,0,0,0,0,v
2014-02-27 22:06,6.769,0.005,0,0,0,0,v
2014-02-27 22:12,6.764,0.006,0,0,0,0,v
2014-02-27 22:18,6.793,0.005,0,0,0,0,v
2014-02-27 22:24,6.787,0.006,0,0,0,0,v
2014-02-27 22:30,6.765,0.006,0,0,0,0,v
2014-02-27 22:36,6.781,0.007,0,0,0,0,v
2014-02-27 22:42,6.750,0.006,0,0,0,0,v
2014-02-27 22:48,6.771,0.007,0,0,0,0,v
2014-02-27 22:54,6.773,0.005,0,0,0,0,v
2014-02-27 23:00,6.768,0.008,0,0,0,0,v
2014-02-27 23:06,6.768,0.005,0,0,0,0,v
2014-02-27 23:12,6.793,0.005,0,0,0,0,v
2014-02-27 23:18,6.755,0.006,0,0,0,0,v
2014-02-27 23:24,6.775,0.007,0,0,0,0,v
2014-02-27 23:30,6.781,0.006,0,0,0,0,v
2014-02-27 23:36,6.766,0.008,0,0,0,0,v
2014-02-27 23:42,6.760,0.006,0,0,0,0,v
2014-02-27 23:48,6.728,0.005,0,0,0,0,v
2014-02-27 23:54,6.747,0.006,0,0,0,0,v
2014-02-28 00:00,6.762,0.006,0,0,0,0,v
2014-02-28 00:06,6.747,0.005,0,0,0,0,v
2014-02-28 00:12,6.727,0.006,0,0,0,0,v
2014-02-28 00:18,6.737,0.006,0,0,0,0,v
2014-02-28 00:24,6.738,0.007,0,0,0,0,v
2014-02-28 00:30,6.727,0.004,0,0,0,0,v
2014-02-28 00:36,6.731,0.005,0,0,0,0,v
2014-02-28 00:42,6.736,0.005,0,0,0,0,v
2014-02-28 00:48,6.742,0.005,0,0,0,0,v
2014-02-28 00:54,6.738,0.008,0,0,0,0,v
2014-02-28 01:00,6.745,0.005,0,0,0,0,v
2014-02-28 01:06,6.743,0.005,0,0,0,0,v
2014-02-28 01:12,6.763,0.003,0,0,0,0,v
2014-02-28 01:18,6.755,0.004,0,0,0,0,v
2014-02-28 01:24,6.737,0.008,0,0,0,0,v
2014-02-28 01:30,6.725,0.006,0,0,0,0,v
2014-02-28 01:36,6.741,0.005,0,0,0,0,v
2014-02-28 01:42,6.755,0.006,0,0,0,0,v
2014-02-28 01:48,6.743,0.007,0,0,0,0,v
2014-02-28 01:54,6.734,0.006,0,0,0,0,v
2014-02-28 02:00,6.734,0.004,0,0,0,0,v
2014-02-28 02:06,6.726,0.005,0,0,0,0,v
2014-02-28 02:12,6.718,0.007,0,0,0,0,v
2014-02-28 02:18,6.724,0.004,0,0,0,0,v
2014-02-28 02:24,6.712,0.007,0,0,0,0,v
2014-02-28 02:30,6.730,0.004,0,0,0,0,v
2014-02-28 02:36,6.720,0.007,0,0,0,0,v
2014-02-28 02:42,6.689,0.005,0,0,0,0,v
2014-02-28 02:48,6.694,0.005,0,0,0,0,v
2014-02-28 02:54,6.697,0.005,0,0,0,0,v
2014-02-28 03:00,6.703,0.005,0,0,0,0,v
2014-02-28 03:06,6.722,0.004,0,0,0,0,v
2014-02-28 03:12,6.699,0.005,0,0,0,0,v
2014-02-28 03:18,6.730,0.005,0,0,0,0,v
2014-02-28 03:24,6.756,0.007,0,0,0,0,v
2014-02-28 03:30,6.755,0.008,0,0,0,0,v
2014-02-28 03:36,6.734,0.006,0,0,0,0,v
2014-02-28 03:42,6.743,0.005,0,0,0,0,v
2014-02-28 03:48,6.762,0.005,0,0,0,0,v
2014-02-28 03:54,6.758,0.004,0,0,0,0,v
2014-02-28 04:00,6.740,0.004,0,0,0,0,v
2014-02-28 04:06,6.757,0.005,0,0,0,0,v
2014-02-28 04:12,6.773,0.005,0,0,0,0,v
2014-02-28 04:18,6.777,0.004,0,0,0,0,v
2014-02-28 04:24,6.775,0.003,0,0,0,0,v
2014-02-28 04:30,6.782,0.004,0,0,0,0,v
2014-02-28 04:36,6.770,0.006,0,0,0,0,v
2014-02-28 04:42,6.766,0.006,0,0,0,0,v
2014-02-28 04:48,6.774,0.004,0,0,0,0,v
2014-02-28 04:54,6.767,0.007,0,0,0,0,v
2014-02-28 05:00,6.766,0.005,0,0,0,0,v
2014-02-28 05:06,6.775,0.006,0,0,0,0,v
2014-02-28 05:12,6.785,0.006,0,0,0,0,v
2014-02-28 05:18,6.796,0.004,0,0,0,0,v
2014-02-28 05:24,6.798,0.005,0,0,0,0,v
2014-02-28 05:30,6.804,0.006,0,0,0,0,v
2014-02-28 05:36,6.804,0.005,0,0,0,0,v
2014-02-28 05:42,6.816,0.006,0,0,0,0,v
2014-02-28 05:48,6.812,0.006,0,0,0,0,v
2014-02-28 05:54,6.821,0.004,0,0,0,0,v
2014-02-28 06:00,6.815,0.006,0,0,0,0,v
2014-02-28 06:06,6.804,0.008,0,0,0,0,v
2014-02-28 06:12,6.801,0.005,0,0,0,0,v
2014-02-28 06:18,6.807,0.004,0,0,0,0,v
2014-02-28 06:24,6.822,0.006,0,0,0,0,v
2014-02-28 06:30,6.816,0.005,0,0,0,0,v
2014-02-28 06:36,6.819,0.005,0,0,0,0,v
2014-02-28 06:42,6.805,0.004,0,0,0,0,v
2014-02-28 06:48,6.816,0.005,0,0,0,0,v
2014-02-28 06:54,6.817,0.004,0,0,0,0,v
2014-02-28 07:00,6.825,0.004,0,0,0,0,v
2014-02-28 07:06,6.807,0.005,0,0,0,0,v
2014-02-28 07:12,6.810,0.005,0,0,0,0,v
2014-02-28 07:18,6.799,0.005,0,0,0,0,v
2014-02-28 07:24,6.795,0.005,0,0,0,0,v
2014-02-28 07:30,6.790,0.005,0,0,0,0,v
2014-02-28 07:36,6.787,0.006,0,0,0,0,v
2014-02-28 07:42,6.777,0.003,0,0,0,0,v
2014-02-28 07:48,6.768,0.004,0,0,0,0,v
2014-02-28 07:54,6.778,0.007,0,0,0,0,v
2014-02-28 08:00,6.791,0.005,0,0,0,0,v
2014-02-28 08:06,6.793,0.005,0,0,0,0,v
2014-02-28 08:12,6.759,0.007,0,0,0,0,v
2014-02-28 08:18,6.748,0.008,0,0,0,0,v
2014-02-28 08:24,6.730,0.004,0,0,0,0,v
2014-02-28 08:30,6.745,0.007,0,0,0,0,v
2014-02-28 08:36,6.736,0.009,0,0,0,0,v
2014-02-28 08:42,6.710,0.007,0,0,0,0,v
2014-02-28 08:48,6.678,0.004,0,0,0,0,v
2014-02-28 08:54,6.671,0.004,0,0,0,0,v
2014-02-28 09:00,6.666,0.004,0,0,0,0,v
2014-02-28 09:06,6.654,0.004,0,0,0,0,v
2014-02-28 09:12,6.654,0.004,0,0,0,0,v
2014-02-28 09:18,6.651,0.004,0,0,0,0,v
2014-02-28 09:24,6.644,0.004,0,0,0,0,v
2014-02-28 09:30,6.627,0.003,0,0,0,0,v
2014-02-28 09:36,6.635,0.005,0,0,0,0,v
2014-02-28 09:42,6.633,0.004,0,0,0,0,v
2014-02-28 09:48,6.611,0.005,0,0,0,0,v
2014-02-28 09:54,6.599,0.004,0,0,0,0,v
2014-02-28 10:00,6.595,0.005,0,0,0,0,v
2014-02-28 10:06,6.567,0.004,0,0,0,0,v
2014-02-28 10:12,6.576,0.004,0,0,0,0,v
2014-02-28 10:18,6.571,0.003,0,0,0,0,v
2014-02-28 10:24,6.577,0.004,0,0,0,0,v
2014-02-28 10:30,6.567,0.006,0,0,0,0,v
2014-02-28 10:36,6.548,0.006,0,0,0,0,v
2014-02-28 10:42,6.565,0.004,0,0,0,0,v
2014-02-28 10:48,6.571,0.004,0,0,0,0,v
2014-02-28 10:54,6.569,0.004,0,0,0,0,v
2014-02-28 11:00,6.554,0.004,0,0,0,0,v
2014-02-28 11:06,6.549,0.004,0,0,0,0,v
2014-02-28 11:12,6.529,0.003,0,0,0,0,v
2014-02-28 11:18,6.536,0.004,0,0,0,0,v
2014-02-28 11:24,6.531,0.006,0,0,0,0,v
2014-02-28 11:30,6.514,0.004,0,0,0,0,v
2014-02-28 11:36,6.512,0.004,0,0,0,0,v
2014-02-28 11:42,6.514,0.005,0,0,0,0,v
2014-02-28 11:48,6.498,0.007,0,0,0,0,v
2014-02-28 11:54,6.466,0.004,0,0,0,0,v
2014-02-28 12:00,6.463,0.006,0,0,0,0,v
2014-02-28 12:06,6.453,0.005,0,0,0,0,v
2014-02-28 12:12,6.458,0.004,0,0,0,0,v
2014-02-28 12:18,6.463,0.003,0,0,0,0,v
2014-02-28 12:24,6.461,0.003,0,0,0,0,v
2014-02-28 12:30,6.446,0.004,0,0,0,0,v
2014-02-28 12:36,6.464,0.005,0,0,0,0,v
2014-02-28 12:42,6.458,0.004,0,0,0,0,v
2014-02-28 12:48,6.458,0.002,0,0,0,0,v
2014-02-28 12:54,6.453,0.005,0,0,0,0,v
2014-02-28 13:00,6.441,0.003,0,0,0,0,v
2014-02-28 13:06,6.436,0.003,0,0,0,0,v
2014-02-28 13:12,6.452,0.003,0,0,0,0,v
2014-02-28 13:18,6.423,0.004,0,0,0,0,v
2014-02-28 13:24,6.426,0.003,0,0,0,0,v
2014-02-28 13:30,6.425,0.003,0,0,0,0,v
2014-02-28 13:36,6.415,0.004,0,0,0,0,v
2014-02-28 13:42,6.417,0.004,0,0,0,0,v
2014-02-28 13:48,6.414,0.005,0,0,0,0,v
2014-02-28 13:54,6.399,0.004,0,0,0,0,v
2014-02-28 14:00,6.381,0.005,0,0,0,0,v
2014-02-28 14:06,6.402,0.004,0,0,0,0,v
2014-02-28 14:12,6.403,0.004,0,0,0,0,v
2014-02-28 14:18,6.398,0.004,0,0,0,0,v
2014-02-28 14:24,6.400,0.005,0,0,0,0,v
2014-02-28 14:30,6.403,0.005,0,0,0,0,v
2014-02-28 14:36,6.411,0.004,0,0,0,0,v
2014-02-28 14:42,6.400,0.004,0,0,0,0,v
2014-02-28 14:48,6.384,0.006,0,0,0,0,v
2014-02-28 14:54,6.388,0.003,0,0,0,0,v
2014-02-28 15:00,6.386,0.005,0,0,0,0,v
2014-02-28 15:06,6.413,0.005,0,0,0,0,v
2014-02-28 15:12,6.398,0.005,0,0,0,0,v
2014-02-28 15:18,6.398,0.004,0,0,0,0,v
2014-02-28 15:24,6.405,0.003,0,0,0,0,v
2014-02-28 15:30,6.406,0.005,0,0,0,0,v
2014-02-28 15:36,6.390,0.005,0,0,0,0,v
2014-02-28 15:42,6.395,0.004,0,0,0,0,v
2014-02-28 15:48,6.407,0.004,0,0,0,0,v
2014-02-28 15:54,6.389,0.005,0,0,0,0,v
2014-02-28 16:00,6.407,0.006,0,0,0,0,v
2014-02-28 16:06,6.430,0.005,0,0,0,0,v
2014-02-28 16:12,6.425,0.005,0,0,0,0,v
2014-02-28 16:18,6.438,0.005,0,0,0,0,v
2014-02-28 16:24,6.465,0.003,0,0,0,0,v
2014-02-28 16:30,6.478,0.005,0,0,0,0,v
2014-02-28 16:36,6.472,0.005,0,0,0,0,v
2014-02-28 16:42,6.462,0.006,0,0,0,0,v
2014-02-28 16:48,6.485,0.007,0,0,0,0,v
2014-02-28 16:54,6.509,0.005,0,0,0,0,v
2014-02-28 17:00,6.538,0.005,0,0,0,0,v
2014-02-28 17:06,6.527,0.000,1,0,0,0,v
2014-02-28 17:12,6.539,0.000,1,0,0,0,v
2014-02-28 17:18,6.551,0.000,1,0,0,0,v
2014-02-28 17:24,6.563,0.000,1,0,0,0,v
2014-02-28 17:30,6.575,0.000,1,0,0,0,v
2014-02-28 17:36,6.587,0.000,1,0,0,0,v
2014-02-28 17:42,6.599,0.000,1,0,0,0,v
2014-02-28 17:48,6.610,0.000,1,0,0,0,v
2014-02-28 17:54,6.621,0.000,1,0,0,0,v
2014-02-28 18:00,6.632,0.000,1,0,0,0,v
2014-02-28 18:06,6.642,0.000,1,0,0,0,v
2014-02-28 18:12,6.652,0.000,1,0,0,0,v
2014-02-28 18:18,6.632,0.006,0,0,0,0,v
2014-02-28 18:24,6.660,0.005,0,0,0,0,v
2014-02-28 18:30,6.682,0.006,0,0,0,0,v
2014-02-28 18:36,6.674,0.005,0,0,0,0,v
2014-02-28 18:42,6.694,0.006,0,0,0,0,v
2014-02-28 18:48,6.713,0.004,0,0,0,0,v
2014-02-28 18:54,6.720,0.004,0,0,0,0,v
2014-02-28 19:00,6.730,0.005,0,0,0,0,v
2014-02-28 19:06,6.725,0.004,0,0,0,0,v
2014-02-28 19:12,6.715,0.004,0,0,0,0,v
2014-02-28 19:18,6.726,0.005,0,0,0,0,v
2014-02-28 19:24,6.728,0.006,0,0,0,0,v
2014-02-28 19:30,6.744,0.006,0,0,0,0,v
2014-02-28 19:36,6.747,0.004,0,0,0,0,v
2014-02-28 19:42,6.747,0.004,0,0,0,0,v
2014-02-28 19:48,6.752,0.006,0,0,0,0,v
2014-02-28 19:54,6.750,0.005,0,0,0,0,v
2014-02-28 20:00,6.777,0.005,0,0,0,0,v
2014-02-28 20:06,6.759,0.007,0,0,0,0,v
2014-02-28 20:12,6.788,0.004,0,0,0,0,v
2014-02-28 20:18,6.801,0.005,0,0,0,0,v
2014-02-28 20:24,6.801,0.007,0,0,0,0,v
2014-02-28 20:30,6.825,0.005,0,0,0,0,v
2014-02-28 20:36,6.829,0.005,0,0,0,0,v
2014-02-28 20:42,6.805,0.005,0,0,0,0,v
2014-02-28 20:48,6.812,0.005,0,0,0,0,v
2014-02-28 20:54,6.806,0.004,0,0,0,0,v
2014-02-28 21:00,6.812,0.006,0,0,0,0,v
2014-02-28 21:06,6.817,0.004,0,0,0,0,v
2014-02-28 21:12,6.817,0.006,0,0,0,0,v
2014-02-28 21:18,6.812,0.005,0,0,0,0,v
2014-02-28 21:24,6.827,0.004,0,0,0,0,v
2014-02-28 21:30,6.827,0.004,0,0,0,0,v
2014-02-28 21:36,6.837,0.005,0,0,0,0,v
2014-02-28 21:42,6.832,0.007,0,0,0,0,v
2014-02-28 21:48,6.819,0.005,0,0,0,0,v
2014-02-28 21:54,6.800,0.006,0,0,0,0,v
2014-02-28 22:00,6.789,0.005,0,0,0,0,v
2014-02-28 22:06,6.773,0.006,0,0,0,0,v
2014-02-28 22:12,6.791,0.004,0,0,0,0,v
2014-02-28 22:18,6.792,0.005,0,0,0,0,v
2014-02-28 22:24,6.791,0.005,0,0,0,0,v
2014-02-28 22:30,6.782,0.004,0,0,0,0,v
2014-02-28 22:36,6.780,0.005,0,0,0,0,v
2014-02-28 22:42,6.782,0.004,0,0,0,0,v
2014-02-28 22:48,6.771,0.007,0,0,0,0,v
2014-02-28 22:54,6.772,0.007,0,0,0,0,v
2014-02-28 23:00,6.775,0.006,0,0,0,0,v
2014-02-28 23:06,6.755,0.007,0,0,0,0,v
2014-02-28 23:12,6.739,0.007,0,0,0,0,v
2014-02-28 23:18,6.740,0.005,0,0,0,0,v
2014-02-28 23:24,6.755,0.005,0,0,0,0,v
2014-02-28 23:30,6.762,0.006,0,0,0,0,v
2014-02-28 23:36,6.749,0.005,0,0,0,0,v
2014-02-28 23:42,6.733,0.006,0,0,0,0,v
2014-02-28 23:48,6.747,0.005,0,0,0,0,v
2014-02-28 23:54,6.735,0.005,0,0,0,0,v
2014-03-01 00:00,6.730,0.005,0,0,0,0,v
2014-03-01 00:06,6.743,0.005,0,0,0,0,v
2014-03-01 00:12,6.733,0.004,0,0,0,0,v
2014-03-01 00:18,6.728,0.004,0,0,0,0,v
2014-03-01 00:24,6.729,0.004,0,0,0,0,v
2014-03-01 00:30,6.718,0.006,0,0,0,0,v
2014-03-01 00:36,6.738,0.005,0,0,0,0,v
2014-03-01 00:42,6.724,0.008,0,0,0,0,v
2014-03-01 00:48,6.729,0.006,0,0,0,0,v
2014-03-01 00:54,6.733,0.006,0,0,0,0,v
2014-03-01 01:00,6.720,0.007,0,0,0,0,v
2014-03-01 01:06,6.711,0.005,0,0,0,0,v
2014-03-01 01:12,6.709,0.006,0,0,0,0,v
2014-03-01 01:18,6.680,0.008,0,0,0,0,v
2014-03-01 01:24,6.679,0.005,0,0,0,0,v
2014-03-01 01:30,6.689,0.005,0,0,0,0,v
2014-03-01 01:36,6.671,0.007,0,0,0,0,v
2014-03-01 01:42,6.684,0.006,0,0,0,0,v
2014-03-01 01:48,6.685,0.007,0,0,0,0,v
2014-03-01 01:54,6.663,0.009,0,0,0,0,v
2014-03-01 02:00,6.663,0.006,0,0,0,0,v
2014-03-01 02:06,6.654,0.006,0,0,0,0,v
2014-03-01 02:12,6.644,0.007,0,0,0,0,v
2014-03-01 02:18,6.632,0.008,0,0,0,0,v
2014-03-01 02:24,6.639,0.007,0,0,0,0,v
2014-03-01 02:30,6.639,0.007,0,0,0,0,v
2014-03-01 02:36,6.634,0.006,0,0,0,0,v
2014-03-01 02:42,6.644,0.009,0,0,0,0,v
2014-03-01 02:48,6.652,0.006,0,0,0,0,v
2014-03-01 02:54,6.649,0.005,0,0,0,0,v
2014-03-01 03:00,6.640,0.008,0,0,0,0,v
2014-03-01 03:06,6.626,0.007,0,0,0,0,v
2014-03-01 03:12,6.608,0.007,0,0,0,0,v
2014-03-01 03:18,6.607,0.007,0,0,0,0,v
2014-03-01 03:24,6.621,0.005,0,0,0,0,v
2014-03-01 03:30,6.606,0.007,0,0,0,0,v
2014-03-01 03:36,6.599,0.007,0,0,0,0,v
2014-03-01 03:42,6.619,0.006,0,0,0,0,v
2014-03-01 03:48,6.636,0.006,0,0,0,0,v
2014-03-01 03:54,6.644,0.006,0,0,0,0,v
2014-03-01 04:00,6.659,0.005,0,0,0,0,v
2014-03-01 04:06,6.656,0.007,0,0,0,0,v
2014-03-01 04:12,6.648,0.006,0,0,0,0,v
2014-03-01 04:18,6.647,0.006,0,0,0,0,v
2014-03-01 04:24,6.647,0.007,0,0,0,0,v
2014-03-01 04:30,6.671,0.006,0,0,0,0,v
2014-03-01 04:36,6.681,0.005,0,0,0,0,v
2014-03-01 04:42,6.680,0.007,0,0,0,0,v
2014-03-01 04:48,6.686,0.005,0,0,0,0,v
2014-03-01 04:54,6.691,0.006,0,0,0,0,v
2014-03-01 05:00,6.690,0.005,0,0,0,0,v
2014-03-01 05:06,6.700,0.004,0,0,0,0,v
2014-03-01 05:12,6.693,0.004,0,0,0,0,v
2014-03-01 05:18,6.686,0.006,0,0,0,0,v
2014-03-01 05:24,6.695,0.006,0,0,0,0,v
2014-03-01 05:30,6.710,0.004,0,0,0,0,v
2014-03-01 05:36,6.708,0.008,0,0,0,0,v
2014-03-01 05:42,6.707,0.007,0,0,0,0,v
2014-03-01 05:48,6.713,0.005,0,0,0,0,v
2014-03-01 05:54,6.726,0.005,0,0,0,0,v
2014-03-01 06:00,6.736,0.005,0,0,0,0,v
2014-03-01 06:06,6.742,0.006,0,0,0,0,v
2014-03-01 06:12,6.747,0.005,0,0,0,0,v
2014-03-01 06:18,6.765,0.007,0,0,0,0,v
2014-03-01 06:24,6.765,0.006,0,0,0,0,v
2014-03-01 06:30,6.769,0.006,0,0,0,0,v
2014-03-01 06:36,6.762,0.006,0,0,0,0,v
2014-03-01 06:42,6.766,0.005,0,0,0,0,v
2014-03-01 06:48,6.755,0.005,0,0,0,0,v
2014-03-01 06:54,6.769,0.006,0,0,0,0,v
2014-03-01 07:00,6.762,0.005,0,0,0,0,v
2014-03-01 07:06,6.748,0.007,0,0,0,0,v
2014-03-01 07:12,6.748,0.004,0,0,0,0,v
2014-03-01 07:18,6.772,0.007,0,0,0,0,v
2014-03-01 07:24,6.767,0.008,0,0,0,0,v
2014-03-01 07:30,6.757,0.007,0,0,0,0,v
2014-03-01 07:36,6.768,0.006,0,0,0,0,v
2014-03-01 07:42,6.786,0.004,0,0,0,0,v
2014-03-01 07:48,6.776,0.005,0,0,0,0,v
2014-03-01 07:54,6.766,0.005,0,0,0,0,v
2014-03-01 08:00,6.761,0.005,0,0,0,0,v
2014-03-01 08:06,6.767,0.004,0,0,0,0,v
2014-03-01 08:12,6.766,0.006,0,0,0,0,v
2014-03-01 08:18,6.760,0.005,0,0,0,0,v
2014-03-01 08:24,6.754,0.007,0,0,0,0,v
2014-03-01 08:30,6.757,0.006,0,0,0,0,v
2014-03-01 08:36,6.764,0.005,0,0,0,0,v
2014-03-01 08:42,6.756,0.006,0,0,0,0,v
2014-03-01 08:48,6.751,0.004,0,0,0,0,v
2014-03-01 08:54,6.755,0.005,0,0,0,0,v
2014-03-01 09:00,6.741,0.006,0,0,0,0,v
2014-03-01 09:06,6.737,0.007,0,0,0,0,v
2014-03-01 09:12,6.729,0.006,0,0,0,0,v
2014-03-01 09:18,6.713,0.005,0,0,0,0,v
2014-03-01 09:24,6.700,0.005,0,0,0,0,v
2014-03-01 09:30,6.688,0.005,0,0,0,0,v
2014-03-01 09:36,6.680,0.008,0,0,0,0,v
2014-03-01 09:42,6.677,0.005,0,0,0,0,v
2014-03-01 09:48,6.647,0.006,0,0,0,0,v
2014-03-01 09:54,6.643,0.008,0,0,0,0,v
2014-03-01 10:00,6.655,0.005,0,0,0,0,v
2014-03-01 10:06,6.629,0.008,0,0,0,0,v
2014-03-01 10:12,6.621,0.004,0,0,0,0,v
2014-03-01 10:18,6.609,0.005,0,0,0,0,v
2014-03-01 10:24,6.591,0.005,0,0,0,0,v
2014-03-01 10:30,6.568,0.005,0,0,0,0,v
2014-03-01 10:36,6.563,0.004,0,0,0,0,v
2014-03-01 10:42,6.554,0.006,0,0,0,0,v
2014-03-01 10:48,6.555,0.007,0,0,0,0,v
2014-03-01 10:54,6.559,0.007,0,0,0,0,v
2014-03-01 11:00,6.538,0.005,0,0,0,0,v
2014-03-01 11:06,6.525,0.006,0,0,0,0,v
2014-03-01 11:12,6.517,0.004,0,0,0,0,v
2014-03-01 11:18,6.513,0.007,0,0,0,0,v
2014-03-01 11:24,6.509,0.005,0,0,0,0,v
2014-03-01 11:30,6.499,0.005,0,0,0,0,v
2014-03-01 11:36,6.489,0.007,0,0,0,0,v
2014-03-01 11:42,6.490,0.009,0,0,0,0,v
2014-03-01 11:48,6.464,0.008,0,0,0,0,v
2014-03-01 11:54,6.480,0.006,0,0,0,0,v
2014-03-01 12:00,6.485,0.007,0,0,0,0,v
2014-03-01 12:06,6.485,0.008,0,0,0,0,v
2014-03-01 12:12,6.468,0.006,0,0,0,0,v
2014-03-01 12:18,6.467,0.006,0,0,0,0,v
2014-03-01 12:24,6.456,0.004,0,0,0,0,v
2014-03-01 12:30,6.449,0.007,0,0,0,0,v
2014-03-01 12:36,6.425,0.007,0,0,0,0,v
2014-03-01 12:42,6.421,0.006,0,0,0,0,v
2014-03-01 12:48,6.412,0.008,0,0,0,0,v
2014-03-01 12:54,6.412,0.006,0,0,0,0,v
2014-03-01 13:00,6.404,0.006,0,0,0,0,v
2014-03-01 13:06,6.413,0.009,0,0,0,0,v
2014-03-01 13:12,6.415,0.005,0,0,0,0,v
2014-03-01 13:18,6.420,0.007,0,0,0,0,v
2014-03-01 13:24,6.417,0.005,0,0,0,0,v
2014-03-01 13:30,6.396,0.005,0,0,0,0,v
2014-03-01 13:36,6.383,0.007,0,0,0,0,v
2014-03-01 13:42,6.381,0.006,0,0,0,0,v
2014-03-01 13:48,6.380,0.004,0,0,0,0,v
2014-03-01 13:54,6.380,0.007,0,0,0,0,v
2014-03-01 14:00,6.354,0.006,0,0,0,0,v
2014-03-01 14:06,6.341,0.007,0,0,0,0,v
2014-03-01 14:12,6.346,0.005,0,0,0,0,v
2014-03-01 14:18,6.339,0.009,0,0,0,0,v
2014-03-01 14:24,6.334,0.005,0,0,0,0,v
2014-03-01 14:30,6.331,0.006,0,0,0,0,v
2014-03-01 14:36,6.344,0.006,0,0,0,0,v
2014-03-01 14:42,6.333,0.005,0,0,0,0,v
2014-03-01 14:48,6.321,0.008,0,0,0,0,v
2014-03-01 14:54,6.318,0.008,0,0,0,0,v
2014-03-01 15:00,6.315,0.005,0,0,0,0,v
2014-03-01 15:06,6.316,0.006,0,0,0,0,v
2014-03-01 15:12,6.319,0.005,0,0,0,0,v
2014-03-01 15:18,6.320,0.006,0,0,0,0,v
2014-03-01 15:24,6.330,0.006,0,0,0,0,v
2014-03-01 15:30,6.324,0.007,0,0,0,0,v
2014-03-01 15:36,6.312,0.006,0,0,0,0,v
2014-03-01 15:42,6.304,0.007,0,0,0,0,v
2014-03-01 15:48,6.301,0.009,0,0,0,0,v
2014-03-01 15:54,6.300,0.009,0,0,0,0,v
2014-03-01 16:00,6.326,0.006,0,0,0,0,v
2014-03-01 16:06,6.325,0.007,0,0,0,0,v
2014-03-01 16:12,6.329,0.004,0,0,0,0,v
2014-03-01 16:18,6.337,0.007,0,0,0,0,v
2014-03-01 16:24,6.343,0.005,0,0,0,0,v
2014-03-01 16:30,6.339,0.005,0,0,0,0,v
2014-03-01 16:36,6.344,0.009,0,0,0,0,v
2014-03-01 16:42,6.362,0.005,0,0,0,0,v
2014-03-01 16:48,6.365,0.005,0,0,0,0,v
2014-03-01 16:54,6.371,0.007,0,0,0,0,v
2014-03-01 17:00,6.379,0.007,0,0,0,0,v
2014-03-01 17:06,6.399,0.004,0,0,0,0,v
2014-03-01 17:12,6.394,0.005,0,0,0,0,v
2014-03-01 17:18,6.419,0.006,0,0,0,0,v
2014-03-01 17:24,6.418,0.005,0,0,0,0,v
2014-03-01 17:30,6.429,0.004,0,0,0,0,v
2014-03-01 17:36,6.442,0.006,0,0,0,0,v
2014-03-01 17:42,6.469,0.004,0,0,0,0,v
2014-03-01 17:48,6.461,0.004,0,0,0,0,v
2014-03-01 17:54,6.480,0.004,0,0,0,0,v
2014-03-01 18:00,6.473,0.004,0,0,0,0,v
2014-03-01 18:06,6.484,0.004,0,0,0,0,v
2014-03-01 18:12,6.494,0.007,0,0,0,0,v
2014-03-01 18:18,6.520,0.007,0,0,0,0,v
2014-03-01 18:24,6.536,0.006,0,0,0,0,v
2014-03-01 18:30,6.545,0.006,0,0,0,0,v
2014-03-01 18:36,6.552,0.004,0,0,0,0,v
2014-03-01 18:42,6.565,0.004,0,0,0,0,v
2014-03-01 18:48,6.580,0.005,0,0,0,0,v
2014-03-01 18:54,6.580,0.006,0,0,0,0,v
2014-03-01 19:00,6.581,0.004,0,0,0,0,v
2014-03-01 19:06,6.595,0.004,0,0,0,0,v
2014-03-01 19:12,6.603,0.003,0,0,0,0,v
2014-03-01 19:18,6.617,0.005,0,0,0,0,v
2014-03-01 19:24,6.622,0.004,0,0,0,0,v
2014-03-01 19:30,6.629,0.004,0,0,0,0,v
2014-03-01 19:36,6.645,0.004,0,0,0,0,v
2014-03-01 19:42,6.640,0.004,0,0,0,0,v
2014-03-01 19:48,6.654,0.005,0,0,0,0,v
2014-03-01 19:54,6.653,0.003,0,0,0,0,v
2014-03-01 20:00,6.662,0.005,0,0,0,0,v
2014-03-01 20:06,6.663,0.005,0,0,0,0,v
2014-03-01 20:12,6.658,0.005,0,0,0,0,v
2014-03-01 20:18,6.665,0.005,0,0,0,0,v
2014-03-01 20:24,6.663,0.004,0,0,0,0,v
2014-03-01 20:30,6.667,0.004,0,0,0,0,v
2014-03-01 20:36,6.661,0.005,0,0,0,0,v
2014-03-01 20:42,6.670,0.005,0,0,0,0,v
2014-03-01 20:48,6.676,0.004,0,0,0,0,v
2014-03-01 20:54,6.683,0.003,0,0,0,0,v
2014-03-01 21:00,6.677,0.007,0,0,0,0,v
2014-03-01 21:06,6.683,0.003,0,0,0,0,v
2014-03-01 21:12,6.686,0.003,0,0,0,0,v
2014-03-01 21:18,6.692,0.004,0,0,0,0,v
2014-03-01 21:24,6.695,0.005,0,0,0,0,v
2014-03-01 21:30,6.700,0.004,0,0,0,0,v
2014-03-01 21:36,6.690,0.004,0,0,0,0,v
2014-03-01 21:42,6.690,0.004,0,0,0,0,v
2014-03-01 21:48,6.683,0.004,0,0,0,0,v
2014-03-01 21:54,6.693,0.004,0,0,0,0,v
2014-03-01 22:00,6.679,0.004,0,0,0,0,v
2014-03-01 22:06,6.679,0.005,0,0,0,0,v
2014-03-01 22:12,6.696,0.004,0,0,0,0,v
2014-03-01 22:18,6.693,0.004,0,0,0,0,v
2014-03-01 22:24,6.684,0.005,0,0,0,0,v
2014-03-01 22:30,6.681,0.004,0,0,0,0,v
2014-03-01 22:36,6.671,0.005,0,0,0,0,v
2014-03-01 22:42,6.656,0.006,0,0,0,0,v
2014-03-01 22:48,6.661,0.005,0,0,0,0,v
2014-03-01 22:54,6.652,0.004,0,0,0,0,v
2014-03-01 23:00,6.651,0.004,0,0,0,0,v
2014-03-01 23:06,6.643,0.004,0,0,0,0,v
2014-03-01 23:12,6.636,0.007,0,0,0,0,v
2014-03-01 23:18,6.638,0.004,0,0,0,0,v
2014-03-01 23:24,6.642,0.004,0,0,0,0,v
2014-03-01 23:30,6.633,0.003,0,0,0,0,v
2014-03-01 23:36,6.637,0.004,0,0,0,0,v
2014-03-01 23:42,6.655,0.003,0,0,0,0,v
2014-03-01 23:48,6.633,0.006,0,0,0,0,v
2014-03-01 23:54,6.644,0.006,0,0,0,0,v
2014-03-02 00:00,6.639,0.003,0,0,0,0,v
2014-03-02 00:06,6.633,0.005,0,0,0,0,v
2014-03-02 00:12,6.641,0.004,0,0,0,0,v
2014-03-02 00:18,6.640,0.005,0,0,0,0,v
2014-03-02 00:24,6.619,0.003,0,0,0,0,v
2014-03-02 00:30,6.622,0.005,0,0,0,0,v
2014-03-02 00:36,6.626,0.003,0,0,0,0,v
2014-03-02 00:42,6.600,0.004,0,0,0,0,v
2014-03-02 00:48,6.586,0.004,0,0,0,0,v
2014-03-02 00:54,6.580,0.005,0,0,0,0,v
2014-03-02 01:00,6.582,0.003,0,0,0,0,v
2014-03-02 01:06,6.584,0.004,0,0,0,0,v
2014-03-02 01:12,6.585,0.003,0,0,0,0,v
2014-03-02 01:18,6.577,0.005,0,0,0,0,v
2014-03-02 01:24,6.573,0.004,0,0,0,0,v
2014-03-02 01:30,6.553,0.005,0,0,0,0,v
2014-03-02 01:36,6.564,0.004,0,0,0,0,v
2014-03-02 01:42,6.561,0.004,0,0,0,0,v
2014-03-02 01:48,6.558,0.003,0,0,0,0,v
2014-03-02 01:54,6.542,0.003,0,0,0,0,v
2014-03-02 02:00,6.542,0.004,0,0,0,0,v
2014-03-02 02:06,6.542,0.003,0,0,0,0,v
2014-03-02 02:12,6.543,0.003,0,0,0,0,v
2014-03-02 02:18,6.546,0.003,0,0,0,0,v
2014-03-02 02:24,6.535,0.003,0,0,0,0,v
2014-03-02 02:30,6.541,0.003,0,0,0,0,v
2014-03-02 02:36,6.541,0.004,0,0,0,0,v
2014-03-02 02:42,6.533,0.003,0,0,0,0,v
2014-03-02 02:48,6.531,0.003,0,0,0,0,v
2014-03-02 02:54,6.530,0.003,0,0,0,0,v
2014-03-02 03:00,6.529,0.003,0,0,0,0,v
2014-03-02 03:06,6.518,0.003,0,0,0,0,v
2014-03-02 03:12,6.508,0.004,0,0,0,0,v
2014-03-02 03:18,6.511,0.004,0,0,0,0,v
2014-03-02 03:24,6.514,0.004,0,0,0,0,v
2014-03-02 03:30,6.514,0.003,0,0,0,0,v
2014-03-02 03:36,6.520,0.004,0,0,0,0,v
2014-03-02 03:42,6.522,0.003,0,0,0,0,v
2014-03-02 03:48,6.532,0.004,0,0,0,0,v
2014-03-02 03:54,6.537,0.003,0,0,0,0,v
2014-03-02 04:00,6.538,0.005,0,0,0,0,v
2014-03-02 04:06,6.539,0.004,0,0,0,0,v
2014-03-02 04:12,6.547,0.003,0,0,0,0,v
2014-03-02 04:18,6.549,0.003,0,0,0,0,v
2014-03-02 04:24,6.558,0.004,0,0,0,0,v
2014-03-02 04:30,6.560,0.003,0,0,0,0,v
2014-03-02 04:36,6.564,0.002,0,0,0,0,v
2014-03-02 04:42,6.575,0.004,0,0,0,0,v
2014-03-02 04:48,6.562,0.002,0,0,0,0,v
2014-03-02 04:54,6.567,0.003,0,0,0,0,v
2014-03-02 05:00,6.582,0.003,0,0,0,0,v
2014-03-02 05:06,6.603,0.003,0,0,0,0,v
2014-03-02 05:12,6.614,0.003,0,0,0,0,v
2014-03-02 05:18,6.621,0.004,0,0,0,0,v
2014-03-02 05:24,6.629,0.003,0,0,0,0,v
2014-03-02 05:30,6.634,0.003,0,0,0,0,v
2014-03-02 05:36,6.625,0.003,0,0,0,0,v
2014-03-02 05:42,6.634,0.002,0,0,0,0,v
2014-03-02 05:48,6.632,0.003,0,0,0,0,v
2014-03-02 05:54,6.629,0.002,0,0,0,0,v
2014-03-02 06:00,6.623,0.003,0,0,0,0,v
2014-03-02 06:06,6.621,0.003,0,0,0,0,v
2014-03-02 06:12,6.636,0.003,0,0,0,0,v
2014-03-02 06:18,6.639,0.004,0,0,0,0,v
2014-03-02 06:24,6.655,0.002,0,0,0,0,v
2014-03-02 06:30,6.653,0.003,0,0,0,0,v
2014-03-02 06:36,6.657,0.002,0,0,0,0,v
2014-03-02 06:42,6.663,0.003,0,0,0,0,v
2014-03-02 06:48,6.687,0.003,0,0,0,0,v
2014-03-02 06:54,6.704,0.003,0,0,0,0,v
2014-03-02 07:00,6.697,0.003,0,0,0,0,v
2014-03-02 07:06,6.702,0.003,0,0,0,0,v
2014-03-02 07:12,6.700,0.004,0,0,0,0,v
2014-03-02 07:18,6.705,0.003,0,0,0,0,v
2014-03-02 07:24,6.715,0.003,0,0,0,0,v
2014-03-02 07:30,6.715,0.003,0,0,0,0,v
2014-03-02 07:36,6.732,0.003,0,0,0,0,v
2014-03-02 07:42,6.725,0.004,0,0,0,0,v
2014-03-02 07:48,6.736,0.003,0,0,0,0,v
2014-03-02 07:54,6.746,0.003,0,0,0,0,v
2014-03-02 08:00,6.763,0.003,0,0,0,0,v
2014-03-02 08:06,6.757,0.003,0,0,0,0,v
2014-03-02 08:12,6.761,0.003,0,0,0,0,v
2014-03-02 08:18,6.757,0.003,0,0,0,0,v
2014-03-02 08:24,6.775,0.003,0,0,0,0,v
2014-03-02 08:30,6.768,0.003,0,0,0,0,v
2014-03-02 08:36,6.761,0.004,0,0,0,0,v
2014-03-02 08:42,6.764,0.004,0,0,0,0,v
2014-03-02 08:48,6.772,0.003,0,0,0,0,v
2014-03-02 08:54,6.770,0.003,0,0,0,0,v
2014-03-02 09:00,6.767,0.004,0,0,0,0,v
2014-03-02 09:06,6.769,0.003,0,0,0,0,v
2014-03-02 09:12,6.778,0.003,0,0,0,0,v
2014-03-02 09:18,6.777,0.003,0,0,0,0,v
2014-03-02 09:24,6.769,0.003,0,0,0,0,v
2014-03-02 09:30,6.778,0.004,0,0,0,0,v
2014-03-02 09:36,6.771,0.003,0,0,0,0,v
2014-03-02 09:42,6.769,0.004,0,0,0,0,v
2014-03-02 09:48,6.779,0.004,0,0,0,0,v
2014-03-02 09:54,6.779,0.003,0,0,0,0,v
2014-03-02 10:00,6.778,0.004,0,0,0,0,v
2014-03-02 10:06,6.766,0.004,0,0,0,0,v
2014-03-02 10:12,6.771,0.005,0,0,0,0,v
2014-03-02 10:18,6.767,0.003,0,0,0,0,v
2014-03-02 10:24,6.755,0.003,0,0,0,0,v
2014-03-02 10:30,6.745,0.005,0,0,0,0,v
2014-03-02 10:36,6.741,0.004,0,0,0,0,v
2014-03-02 10:42,6.749,0.004,0,0,0,0,v
2014-03-02 10:48,6.753,0.005,0,0,0,0,v
2014-03-02 10:54,6.740,0.005,0,0,0,0,v
2014-03-02 11:00,6.754,0.004,0,0,0,0,v
2014-03-02 11:06,6.743,0.008,0,0,0,0,v
2014-03-02 11:12,6.726,0.004,0,0,0,0,v
2014-03-02 11:18,6.712,0.003,0,0,0,0,v
2014-03-02 11:24,6.704,0.005,0,0,0,0,v
2014-03-02 11:30,6.683,0.007,0,0,0,0,v
2014-03-02 11:36,6.673,0.005,0,0,0,0,v
2014-03-02 11:42,6.668,0.004,0,0,0,0,v
2014-03-02 11:48,6.662,0.004,0,0,0,0,v
2014-03-02 11:54,6.659,0.003,0,0,0,0,v
2014-03-02 12:00,6.658,0.003,0,0,0,0,v
2014-03-02 12:06,6.655,0.004,0,0,0,0,v
2014-03-02 12:12,6.637,0.004,0,0,0,0,v
2014-03-02 12:18,6.651,0.003,0,0,0,0,v
2014-03-02 12:24,6.641,0.005,0,0,0,0,v
2014-03-02 12:30,6.610,0.004,0,0,0,0,v
2014-03-02 12:36,6.611,0.004,0,0,0,0,v
2014-03-02 12:42,6.605,0.004,0,0,0,0,v
2014-03-02 12:48,6.592,0.008,0,0,0,0,v
2014-03-02 12:54,6.570,0.005,0,0,0,0,v
2014-03-02 13:00,6.576,0.005,0,0,0,0,v
2014-03-02 13:06,6.568,0.004,0,0,0,0,v
2014-03-02 13:12,6.575,0.004,0,0,0,0,v
2014-03-02 13:18,6.573,0.009,0,0,0,0,v
2014-03-02 13:24,6.560,0.005,0,0,0,0,v
2014-03-02 13:30,6.550,0.004,0,0,0,0,v
2014-03-02 13:36,6.543,0.005,0,0,0,0,v
2014-03-02 13:42,6.535,0.005,0,0,0,0,v
2014-03-02 13:48,6.536,0.005,0,0,0,0,v
2014-03-02 13:54,6.528,0.003,0,0,0,0,v
2014-03-02 14:00,6.508,0.007,0,0,0,0,v
2014-03-02 14:06,6.520,0.005,0,0,0,0,v
2014-03-02 14:12,6.525,0.005,0,0,0,0,v
2014-03-02 14:18,6.509,0.008,0,0,0,0,v
2014-03-02 14:24,6.513,0.006,0,0,0,0,v
2014-03-02 14:30,6.510,0.004,0,0,0,0,v
2014-03-02 14:36,6.498,0.006,0,0,0,0,v
2014-03-02 14:42,6.500,0.006,0,0,0,0,v
2014-03-02 14:48,6.504,0.005,0,0,0,0,v
2014-03-02 14:54,6.497,0.007,0,0,0,0,v
2014-03-02 15:00,6.501,0.006,0,0,0,0,v
2014-03-02 15:06,6.515,0.006,0,0,0,0,v
2014-03-02 15:12,6.508,0.006,0,0,0,0,v
2014-03-02 15:18,6.505,0.008,0,0,0,0,v
2014-03-02 15:24,6.502,0.006,0,0,0,0,v
2014-03-02 15:30,6.490,0.005,0,0,0,0,v
2014-03-02 15:36,6.489,0.006,0,0,0,0,v
2014-03-02 15:42,6.484,0.006,0,0,0,0,v
2014-03-02 15:48,6.475,0.008,0,0,0,0,v
2014-03-02 15:54,6.473,0.009,0,0,0,0,v
2014-03-02 16:00,6.470,0.007,0,0,0,0,v
2014-03-02 16:06,6.469,0.009,0,0,0,0,v
2014-03-02 16:12,6.482,0.008,0,0,0,0,v
2014-03-02 16:18,6.465,0.007,0,0,0,0,v
2014-03-02 16:24,6.465,0.008,0,0,0,0,v
2014-03-02 16:30,6.468,0.010,0,0,0,0,v
2014-03-02 16:36,6.459,0.009,0,0,0,0,v
2014-03-02 16:42,6.467,0.009,0,0,0,0,v
2014-03-02 16:48,6.450,0.009,0,0,0,0,v
2014-03-02 16:54,6.451,0.012,0,0,0,0,v
2014-03-02 17:00,6.454,0.012,0,0,0,0,v
2014-03-02 17:06,6.464,0.006,0,0,0,0,v
2014-03-02 17:12,6.465,0.010,0,0,0,0,v
2014-03-02 17:18,6.459,0.008,0,0,0,0,v
2014-03-02 17:24,6.450,0.009,0,0,0,0,v
2014-03-02 17:30,6.457,0.009,0,0,0,0,v
2014-03-02 17:36,6.479,0.009,0,0,0,0,v
2014-03-02 17:42,6.471,0.010,0,0,0,0,v
2014-03-02 17:48,6.481,0.006,0,0,0,0,v
2014-03-02 17:54,6.485,0.007,0,0,0,0,v
2014-03-02 18:00,6.502,0.017,0,0,0,0,v
2014-03-02 18:06,6.522,0.009,0,0,0,0,v
2014-03-02 18:12,6.513,0.019,0,0,0,0,v
2014-03-02 18:18,6.543,0.008,0,0,0,0,v
2014-03-02 18:24,6.535,0.008,0,0,0,0,v
2014-03-02 18:30,6.564,0.008,0,0,0,0,v
2014-03-02 18:36,6.557,0.007,0,0,0,0,v
2014-03-02 18:42,6.567,0.007,0,0,0,0,v
2014-03-02 18:48,6.572,0.006,0,0,0,0,v
2014-03-02 18:54,6.578,0.007,0,0,0,0,v
2014-03-02 19:00,6.588,0.007,0,0,0,0,v
2014-03-02 19:06,6.592,0.007,0,0,0,0,v
2014-03-02 19:12,6.594,0.009,0,0,0,0,v
2014-03-02 19:18,6.620,0.010,0,0,0,0,v
2014-03-02 19:24,6.623,0.006,0,0,0,0,v
2014-03-02 19:30,6.617,0.006,0,0,0,0,v
2014-03-02 19:36,6.628,0.007,0,0,0,0,v
2014-03-02 19:42,6.630,0.006,0,0,0,0,v
2014-03-02 19:48,6.631,0.009,0,0,0,0,v
2014-03-02 19:54,6.634,0.010,0,0,0,0,v
2014-03-02 20:00,6.644,0.006,0,0,0,0,v
2014-03-02 20:06,6.660,0.007,0,0,0,0,v
2014-03-02 20:12,6.640,0.008,0,0,0,0,v
2014-03-02 20:18,6.641,0.008,0,0,0,0,v
2014-03-02 20:24,6.669,0.007,0,0,0,0,v
2014-03-02 20:30,6.669,0.006,0,0,0,0,v
2014-03-02 20:36,6.681,0.007,0,0,0,0,v
2014-03-02 20:42,6.693,0.009,0,0,0,0,v
2014-03-02 20:48,6.681,0.006,0,0,0,0,v
2014-03-02 20:54,6.685,0.008,0,0,0,0,v
2014-03-02 21:00,6.687,0.008,0,0,0,0,v
2014-03-02 21:06,6.687,0.007,0,0,0,0,v
2014-03-02 21:12,6.707,0.006,0,0,0,0,v
2014-03-02 21:18,6.706,0.009,0,0,0,0,v
2014-03-02 21:24,6.701,0.007,0,0,0,0,v
2014-03-02 21:30,6.690,0.007,0,0,0,0,v
2014-03-02 21:36,6.690,0.008,0,0,0,0,v
2014-03-02 21:42,6.690,0.006,0,0,0,0,v
2014-03-02 21:48,6.686,0.009,0,0,0,0,v
2014-03-02 21:54,6.672,0.007,0,0,0,0,v
2014-03-02 22:00,6.690,0.010,0,0,0,0,v
2014-03-02 22:06,6.705,0.009,0,0,0,0,v
2014-03-02 22:12,6.696,0.006,0,0,0,0,v
2014-03-02 22:18,6.698,0.009,0,0,0,0,v
2014-03-02 22:24,6.697,0.011,0,0,0,0,v
2014-03-02 22:30,6.688,0.008,0,0,0,0,v
2014-03-02 22:36,6.689,0.006,0,0,0,0,v
2014-03-02 22:42,6.691,0.010,0,0,0,0,v
2014-03-02 22:48,6.670,0.007,0,0,0,0,v
2014-03-02 22:54,6.672,0.008,0,0,0,0,v
2014-03-02 23:00,6.659,0.015,0,0,0,0,v
2014-03-02 23:06,6.654,0.007,0,0,0,0,v
2014-03-02 23:12,6.645,0.006,0,0,0,0,v
2014-03-02 23:18,6.661,0.008,0,0,0,0,v
2014-03-02 23:24,6.663,0.007,0,0,0,0,v
2014-03-02 23:30,6.670,0.007,0,0,0,0,v
2014-03-02 23:36,6.653,0.008,0,0,0,0,v
2014-03-02 23:42,6.632,0.006,0,0,0,0,v
2014-03-02 23:48,6.630,0.007,0,0,0,0,v
2014-03-02 23:54,6.621,0.007,0,0,0,0,v
2014-03-03 00:00,6.617,0.007,0,0,0,0,v
2014-03-03 00:06,6.613,0.007,0,0,0,0,v
2014-03-03 00:12,6.612,0.008,0,0,0,0,v
2014-03-03 00:18,6.598,0.007,0,0,0,0,v
2014-03-03 00:24,6.593,0.006,0,0,0,0,v
2014-03-03 00:30,6.597,0.007,0,0,0,0,v
2014-03-03 00:36,6.575,0.007,0,0,0,0,v
2014-03-03 00:42,6.576,0.008,0,0,0,0,v
2014-03-03 00:48,6.569,0.007,0,0,0,0,v
2014-03-03 00:54,6.565,0.007,0,0,0,0,v
2014-03-03 01:00,6.554,0.010,0,0,0,0,v
2014-03-03 01:06,6.548,0.011,0,0,0,0,v
2014-03-03 01:12,6.537,0.005,0,0,0,0,v
2014-03-03 01:18,6.540,0.007,0,0,0,0,v
2014-03-03 01:24,6.534,0.006,0,0,0,0,v
2014-03-03 01:30,6.530,0.012,0,0,0,0,v
2014-03-03 01:36,6.534,0.012,0,0,0,0,v
2014-03-03 01:42,6.522,0.009,0,0,0,0,v
2014-03-03 01:48,6.504,0.010,0,0,0,0,v
2014-03-03 01:54,6.534,0.010,0,0,0,0,v
2014-03-03 02:00,6.584,0.009,0,0,0,0,v
2014-03-03 02:06,6.589,0.007,0,0,0,0,v
2014-03-03 02:12,6.565,0.010,0,0,0,0,v
2014-03-03 02:18,6.569,0.010,0,0,0,0,v
2014-03-03 02:24,6.521,0.012,0,0,0,0,v
2014-03-03 02:30,6.500,0.011,0,0,0,0,v
2014-03-03 02:36,6.475,0.012,0,0,0,0,v
2014-03-03 02:42,6.475,0.010,0,0,0,0,v
2014-03-03 02:48,6.454,0.012,0,0,0,0,v
2014-03-03 02:54,6.482,0.016,0,0,0,0,v
2014-03-03 03:00,6.434,0.011,0,0,0,0,v
2014-03-03 03:06,6.425,0.010,0,0,0,0,v
2014-03-03 03:12,6.413,0.010,0,0,0,0,v
2014-03-03 03:18,6.381,0.010,0,0,0,0,v
2014-03-03 03:24,6.382,0.010,0,0,0,0,v
2014-03-03 03:30,6.388,0.015,0,0,0,0,v
2014-03-03 03:36,6.374,0.011,0,0,0,0,v
2014-03-03 03:42,6.385,0.009,0,0,0,0,v
2014-03-03 03:48,6.372,0.011,0,0,0,0,v
2014-03-03 03:54,6.380,0.012,0,0,0,0,v
2014-03-03 04:00,6.399,0.008,0,0,0,0,v
2014-03-03 04:06,6.394,0.010,0,0,0,0,v
2014-03-03 04:12,6.376,0.010,0,0,0,0,v
2014-03-03 04:18,6.382,0.014,0,0,0,0,v
2014-03-03 04:24,6.379,0.008,0,0,0,0,v
2014-03-03 04:30,6.387,0.017,0,0,0,0,v
2014-03-03 04:36,6.402,0.009,0,0,0,0,v
2014-03-03 04:42,6.389,0.013,0,0,0,0,v
2014-03-03 04:48,6.409,0.011,0,0,0,0,v
2014-03-03 04:54,6.408,0.007,0,0,0,0,v
2014-03-03 05:00,6.397,0.014,0,0,0,0,v
2014-03-03 05:06,6.405,0.010,0,0,0,0,v
2014-03-03 05:12,6.418,0.010,0,0,0,0,v
2014-03-03 05:18,6.444,0.010,0,0,0,0,v
2014-03-03 05:24,6.447,0.014,0,0,0,0,v
2014-03-03 05:30,6.475,0.007,0,0,0,0,v
2014-03-03 05:36,6.469,0.010,0,0,0,0,v
2014-03-03 05:42,6.473,0.012,0,0,0,0,v
2014-03-03 05:48,6.495,0.009,0,0,0,0,v
2014-03-03 05:54,6.498,0.008,0,0,0,0,v
2014-03-03 06:00,6.507,0.010,0,0,0,0,v
2014-03-03 06:06,6.505,0.012,0,0,0,0,v
2014-03-03 06:12,6.525,0.011,0,0,0,0,v
2014-03-03 06:18,6.554,0.014,0,0,0,0,v
2014-03-03 06:24,6.545,0.006,0,0,0,0,v
2014-03-03 06:30,6.558,0.009,0,0,0,0,v
2014-03-03 06:36,6.568,0.009,0,0,0,0,v
2014-03-03 06:42,6.572,0.009,0,0,0,0,v
2014-03-03 06:48,6.595,0.010,0,0,0,0,v
2014-03-03 06:54,6.601,0.009,0,0,0,0,v
2014-03-03 07:00,6.618,0.009,0,0,0,0,v
2014-03-03 07:06,6.614,0.008,0,0,0,0,v
2014-03-03 07:12,6.622,0.008,0,0,0,0,v
2014-03-03 07:18,6.649,0.011,0,0,0,0,v
2014-03-03 07:24,6.669,0.007,0,0,0,0,v
2014-03-03 07:30,6.690,0.010,0,0,0,0,v
2014-03-03 07:36,6.691,0.014,0,0,0,0,v
2014-03-03 07:42,6.695,0.011,0,0,0,0,v
2014-03-03 07:48,6.699,0.007,0,0,0,0,v
2014-03-03 07:54,6.693,0.009,0,0,0,0,v
2014-03-03 08:00,6.695,0.013,0,0,0,0,v
2014-03-03 08:06,6.697,0.014,0,0,0,0,v
2014-03-03 08:12,6.709,0.006,0,0,0,0,v
2014-03-03 08:18,6.705,0.008,0,0,0,0,v
2014-03-03 08:24,6.710,0.007,0,0,0,0,v
2014-03-03 08:30,6.696,0.011,0,0,0,0,v
2014-03-03 08:36,6.703,0.009,0,0,0,0,v
2014-03-03 08:42,6.704,0.011,0,0,0,0,v
2014-03-03 08:48,6.710,0.008,0,0,0,0,v
2014-03-03 08:54,6.712,0.009,0,0,0,0,v
2014-03-03 09:00,6.718,0.008,0,0,0,0,v
2014-03-03 09:06,6.714,0.007,0,0,0,0,v
2014-03-03 09:12,6.699,0.008,0,0,0,0,v
2014-03-03 09:18,6.703,0.007,0,0,0,0,v
2014-03-03 09:24,6.712,0.008,0,0,0,0,v
2014-03-03 09:30,6.700,0.008,0,0,0,0,v
2014-03-03 09:36,6.715,0.008,0,0,0,0,v
2014-03-03 09:42,6.723,0.008,0,0,0,0,v
2014-03-03 09:48,6.724,0.006,0,0,0,0,v
2014-03-03 09:54,6.743,0.009,0,0,0,0,v
2014-03-03 10:00,6.737,0.009,0,0,0,0,v
2014-03-03 10:06,6.729,0.006,0,0,0,0,v
2014-03-03 10:12,6.728,0.009,0,0,0,0,v
2014-03-03 10:18,6.729,0.011,0,0,0,0,v
2014-03-03 10:24,6.720,0.007,0,0,0,0,v
2014-03-03 10:30,6.733,0.008,0,0,0,0,v
2014-03-03 10:36,6.732,0.005,0,0,0,0,v
2014-03-03 10:42,6.742,0.008,0,0,0,0,v
2014-03-03 10:48,6.745,0.008,0,0,0,0,v
2014-03-03 10:54,6.734,0.006,0,0,0,0,v
2014-03-03 11:00,6.745,0.007,0,0,0,0,v
2014-03-03 11:06,6.739,0.006,0,0,0,0,v
2014-03-03 11:12,6.753,0.008,0,0,0,0,v
2014-03-03 11:18,6.734,0.008,0,0,0,0,v
2014-03-03 11:24,6.727,0.008,0,0,0,0,v
2014-03-03 11:30,6.721,0.006,0,0,0,0,v
2014-03-03 11:36,6.724,0.007,0,0,0,0,v
2014-03-03 11:42,6.716,0.007,0,0,0,0,v
2014-03-03 11:48,6.727,0.010,0,0,0,0,v
2014-03-03 11:54,6.729,0.007,0,0,0,0,v
2014-03-03 12:00,6.723,0.008,0,0,0,0,v
2014-03-03 12:06,6.727,0.006,0,0,0,0,v
2014-03-03 12:12,6.709,0.006,0,0,0,0,v
2014-03-03 12:18,6.710,0.008,0,0,0,0,v
2014-03-03 12:24,6.700,0.010,0,0,0,0,v
2014-03-03 12:30,6.668,0.006,0,0,0,0,v
2014-03-03 12:36,6.680,0.007,0,0,0,0,v
2014-03-03 12:42,6.689,0.006,0,0,0,0,v
2014-03-03 12:48,6.674,0.008,0,0,0,0,v
2014-03-03 12:54,6.680,0.008,0,0,0,0,v
2014-03-03 13:00,6.689,0.006,0,0,0,0,v
2014-03-03 13:06,6.664,0.010,0,0,0,0,v
2014-03-03 13:12,6.642,0.009,0,0,0,0,v
2014-03-03 13:18,6.614,0.012,0,0,0,0,v
2014-03-03 13:24,6.598,0.011,0,0,0,0,v
2014-03-03 13:30,6.613,0.008,0,0,0,0,v
2014-03-03 13:36,6.602,0.006,0,0,0,0,v
2014-03-03 13:42,6.609,0.005,0,0,0,0,v
2014-03-03 13:48,6.578,0.010,0,0,0,0,v
2014-03-03 13:54,6.566,0.008,0,0,0,0,v
2014-03-03 14:00,6.533,0.006,0,0,0,0,v
2014-03-03 14:06,6.532,0.008,0,0,0,0,v
2014-03-03 14:12,6.531,0.008,0,0,0,0,v
2014-03-03 14:18,6.528,0.008,0,0,0,0,v
2014-03-03 14:24,6.511,0.008,0,0,0,0,v
2014-03-03 14:30,6.510,0.007,0,0,0,0,v
2014-03-03 14:36,6.511,0.010,0,0,0,0,v
2014-03-03 14:42,6.516,0.007,0,0,0,0,v
2014-03-03 14:48,6.492,0.009,0,0,0,0,v
2014-03-03 14:54,6.523,0.009,0,0,0,0,v
2014-03-03 15:00,6.518,0.007,0,0,0,0,v
2014-03-03 15:06,6.520,0.006,0,0,0,0,v
2014-03-03 15:12,6.517,0.006,0,0,0,0,v
2014-03-03 15:18,6.516,0.008,0,0,0,0,v
2014-03-03 15:24,6.531,0.007,0,0,0,0,v
2014-03-03 15:30,6.527,0.011,0,0,0,0,v
2014-03-03 15:36,6.525,0.009,0,0,0,0,v
2014-03-03 15:42,6.536,0.008,0,0,0,0,v
2014-03-03 15:48,6.529,0.007,0,0,0,0,v
2014-03-03 15:54,6.536,0.007,0,0,0,0,v
2014-03-03 16:00,6.550,0.009,0,0,0,0,v
2014-03-03 16:06,6.544,0.011,0,0,0,0,v
2014-03-03 16:12,6.525,0.007,0,0,0,0,v
2014-03-03 16:18,6.522,0.010,0,0,0,0,v
2014-03-03 16:24,6.532,0.008,0,0,0,0,v
2014-03-03 16:30,6.546,0.007,0,0,0,0,v
2014-03-03 16:36,6.537,0.007,0,0,0,0,v
2014-03-03 16:42,6.516,0.006,0,0,0,0,v
2014-03-03 16:48,6.498,0.008,0,0,0,0,v
2014-03-03 16:54,6.494,0.006,0,0,0,0,v
2014-03-03 17:00,6.523,0.006,0,0,0,0,v
2014-03-03 17:06,6.519,0.006,0,0,0,0,v
2014-03-03 17:12,6.530,0.005,0,0,0,0,v
2014-03-03 17:18,6.515,0.008,0,0,0,0,v
2014-03-03 17:24,6.498,0.014,0,0,0,0,v
2014-03-03 17:30,6.509,0.010,0,0,0,0,v
2014-03-03 17:36,6.494,0.010,0,0,0,0,v
2014-03-03 17:42,6.510,0.009,0,0,0,0,v
2014-03-03 17:48,6.496,0.007,0,0,0,0,v
2014-03-03 17:54,6.515,0.005,0,0,0,0,v
2014-03-03 18:00,6.513,0.009,0,0,0,0,v
2014-03-03 18:06,6.543,0.008,0,0,0,0,v
2014-03-03 18:12,6.538,0.007,0,0,0,0,v
2014-03-03 18:18,6.587,0.007,0,0,0,0,v
2014-03-03 18:24,6.568,0.005,0,0,0,0,v
2014-03-03 18:30,6.590,0.008,0,0,0,0,v
2014-03-03 18:36,6.571,0.011,0,0,0,0,v
2014-03-03 18:42,6.558,0.009,0,0,0,0,v
2014-03-03 18:48,6.563,0.008,0,0,0,0,v
2014-03-03 18:54,6.551,0.007,0,0,0,0,v
2014-03-03 19:00,6.557,0.008,0,0,0,0,v
2014-03-03 19:06,6.558,0.013,0,0,0,0,v
2014-03-03 19:12,6.514,0.008,0,0,0,0,v
2014-03-03 19:18,6.517,0.010,0,0,0,0,v
2014-03-03 19:24,6.485,0.009,0,0,0,0,v
2014-03-03 19:30,6.484,0.009,0,0,0,0,v
2014-03-03 19:36,6.519,0.010,0,0,0,0,v
2014-03-03 19:42,6.523,0.009,0,0,0,0,v
2014-03-03 19:48,6.491,0.006,0,0,0,0,v
2014-03-03 19:54,6.525,0.012,0,0,0,0,v
2014-03-03 20:00,6.567,0.009,0,0,0,0,v
2014-03-03 20:06,6.568,0.007,0,0,0,0,v
2014-03-03 20:12,6.614,0.009,0,0,0,0,v
2014-03-03 20:18,6.612,0.010,0,0,0,0,v
2014-03-03 20:24,6.568,0.013,0,0,0,0,v
2014-03-03 20:30,6.606,0.012,0,0,0,0,v
2014-03-03 20:36,6.566,0.008,0,0,0,0,v
2014-03-03 20:42,6.590,0.012,0,0,0,0,v
2014-03-03 20:48,6.675,0.007,0,0,0,0,v
2014-03-03 20:54,6.684,0.012,0,0,0,0,v
2014-03-03 21:00,6.712,0.010,0,0,0,0,v
2014-03-03 21:06,6.698,0.009,0,0,0,0,v
2014-03-03 21:12,6.706,0.009,0,0,0,0,v
2014-03-03 21:18,6.702,0.007,0,0,0,0,v
2014-03-03 21:24,6.613,0.009,0,0,0,0,v
2014-03-03 21:30,6.598,0.009,0,0,0,0,v
2014-03-03 21:36,6.579,0.011,0,0,0,0,v
2014-03-03 21:42,6.552,0.011,0,0,0,0,v
2014-03-03 21:48,6.530,0.019,0,0,0,0,v
2014-03-03 21:54,6.544,0.013,0,0,0,0,v
2014-03-03 22:00,6.593,0.013,0,0,0,0,v
2014-03-03 22:06,6.610,0.012,0,0,0,0,v
2014-03-03 22:12,6.678,0.011,0,0,0,0,v
2014-03-03 22:18,6.640,0.007,0,0,0,0,v
2014-03-03 22:24,6.614,0.009,0,0,0,0,v
2014-03-03 22:30,6.617,0.013,0,0,0,0,v
2014-03-03 22:36,6.649,0.014,0,0,0,0,v
2014-03-03 22:42,6.667,0.010,0,0,0,0,v
2014-03-03 22:48,6.700,0.009,0,0,0,0,v
2014-03-03 22:54,6.713,0.013,0,0,0,0,v
2014-03-03 23:00,6.705,0.007,0,0,0,0,v
2014-03-03 23:06,6.682,0.007,0,0,0,0,v
2014-03-03 23:12,6.677,0.011,0,0,0,0,v
2014-03-03 23:18,6.668,0.006,0,0,0,0,v
2014-03-03 23:24,6.585,0.017,0,0,0,0,v
2014-03-03 23:30,6.541,0.013,0,0,0,0,v
2014-03-03 23:36,6.540,0.014,0,0,0,0,v
2014-03-03 23:42,6.595,0.012,0,0,0,0,v
2014-03-03 23:48,6.633,0.008,0,0,0,0,v
2014-03-03 23:54,6.658,0.006,0,0,0,0,v
2014-03-04 00:00,6.600,0.009,0,0,0,0,v
2014-03-04 00:06,6.583,0.014,0,0,0,0,v
2014-03-04 00:12,6.564,0.010,0,0,0,0,v
2014-03-04 00:18,6.532,0.009,0,0,0,0,v
2014-03-04 00:24,6.509,0.008,0,0,0,0,v
2014-03-04 00:30,6.523,0.008,0,0,0,0,v
2014-03-04 00:36,6.485,0.010,0,0,0,0,v
2014-03-04 00:42,6.509,0.009,0,0,0,0,v
2014-03-04 00:48,6.480,0.011,0,0,0,0,v
2014-03-04 00:54,6.505,0.012,0,0,0,0,v
2014-03-04 01:00,6.487,0.011,0,0,0,0,v
2014-03-04 01:06,6.519,0.011,0,0,0,0,v
2014-03-04 01:12,6.489,0.009,0,0,0,0,v
2014-03-04 01:18,6.464,0.011,0,0,0,0,v
2014-03-04 01:24,6.470,0.009,0,0,0,0,v
2014-03-04 01:30,6.439,0.006,0,0,0,0,v
2014-03-04 01:36,6.458,0.008,0,0,0,0,v
2014-03-04 01:42,6.497,0.008,0,0,0,0,v
2014-03-04 01:48,6.501,0.009,0,0,0,0,v
2014-03-04 01:54,6.444,0.007,0,0,0,0,v
2014-03-04 02:00,6.467,0.009,0,0,0,0,v
2014-03-04 02:06,6.486,0.008,0,0,0,0,v
2014-03-04 02:12,6.469,0.008,0,0,0,0,v
2014-03-04 02:18,6.443,0.009,0,0,0,0,v
2014-03-04 02:24,6.429,0.007,0,0,0,0,v
2014-03-04 02:30,6.425,0.005,0,0,0,0,v
2014-03-04 02:36,6.401,0.005,0,0,0,0,v
2014-03-04 02:42,6.387,0.008,0,0,0,0,v
2014-03-04 02:48,6.411,0.008,0,0,0,0,v
2014-03-04 02:54,6.362,0.013,0,0,0,0,v
2014-03-04 03:00,6.367,0.006,0,0,0,0,v
2014-03-04 03:06,6.391,0.008,0,0,0,0,v
2014-03-04 03:12,6.375,0.010,0,0,0,0,v
2014-03-04 03:18,6.349,0.007,0,0,0,0,v
2014-03-04 03:24,6.377,0.014,0,0,0,0,v
2014-03-04 03:30,6.394,0.009,0,0,0,0,v
2014-03-04 03:36,6.351,0.006,0,0,0,0,v
2014-03-04 03:42,6.374,0.008,0,0,0,0,v
2014-03-04 03:48,6.415,0.008,0,0,0,0,v
2014-03-04 03:54,6.433,0.006,0,0,0,0,v
2014-03-04 04:00,6.388,0.006,0,0,0,0,v
2014-03-04 04:06,6.402,0.009,0,0,0,0,v
2014-03-04 04:12,6.415,0.006,0,0,0,0,v
2014-03-04 04:18,6.383,0.007,0,0,0,0,v
2014-03-04 04:24,6.373,0.005,0,0,0,0,v
2014-03-04 04:30,6.392,0.005,0,0,0,0,v
2014-03-04 04:36,6.367,0.006,0,0,0,0,v
2014-03-04 04:42,6.389,0.007,0,0,0,0,v
2014-03-04 04:48,6.368,0.008,0,0,0,0,v
2014-03-04 04:54,6.363,0.006,0,0,0,0,v
2014-03-04 05:00,6.378,0.006,0,0,0,0,v
2014-03-04 05:06,6.329,0.013,0,0,0,0,v
2014-03-04 05:12,6.334,0.011,0,0,0,0,v
2014-03-04 05:18,6.376,0.008,0,0,0,0,v
2014-03-04 05:24,6.380,0.012,0,0,0,0,v
2014-03-04 05:30,6.395,0.005,0,0,0,0,v
2014-03-04 05:36,6.402,0.007,0,0,0,0,v
2014-03-04 05:42,6.396,0.007,0,0,0,0,v
2014-03-04 05:48,6.410,0.005,0,0,0,0,v
2014-03-04 05:54,6.407,0.010,0,0,0,0,v
2014-03-04 06:00,6.369,0.010,0,0,0,0,v
2014-03-04 06:06,6.369,0.007,0,0,0,0,v
2014-03-04 06:12,6.396,0.005,0,0,0,0,v
2014-03-04 06:18,6.411,0.006,0,0,0,0,v
2014-03-04 06:24,6.388,0.008,0,0,0,0,v
2014-03-04 06:30,6.393,0.009,0,0,0,0,v
2014-03-04 06:36,6.409,0.005,0,0,0,0,v
2014-03-04 06:42,6.436,0.006,0,0,0,0,v
2014-03-04 06:48,6.436,0.004,0,0,0,0,v
2014-03-04 06:54,6.417,0.007,0,0,0,0,v
2014-03-04 07:00,6.445,0.006,0,0,0,0,v
2014-03-04 07:06,6.413,0.007,0,0,0,0,v
2014-03-04 07:12,6.431,0.010,0,0,0,0,v
2014-03-04 07:18,6.451,0.006,0,0,0,0,v
2014-03-04 07:24,6.454,0.008,0,0,0,0,v
2014-03-04 07:30,6.451,0.006,0,0,0,0,v
2014-03-04 07:36,6.482,0.006,0,0,0,0,v
2014-03-04 07:42,6.468,0.007,0,0,0,0,v
2014-03-04 07:48,6.472,0.010,0,0,0,0,v
2014-03-04 07:54,6.521,0.008,0,0,0,0,v
2014-03-04 08:00,6.511,0.006,0,0,0,0,v
2014-03-04 08:06,6.534,0.009,0,0,0,0,v
2014-03-04 08:12,6.515,0.011,0,0,0,0,v
2014-03-04 08:18,6.525,0.012,0,0,0,0,v
2014-03-04 08:24,6.562,0.005,0,0,0,0,v
2014-03-04 08:30,6.558,0.006,0,0,0,0,v
2014-03-04 08:36,6.572,0.005,0,0,0,0,v
2014-03-04 08:42,6.574,0.007,0,0,0,0,v
2014-03-04 08:48,6.616,0.004,0,0,0,0,v
2014-03-04 08:54,6.626,0.008,0,0,0,0,v
2014-03-04 09:00,6.652,0.007,0,0,0,0,v
2014-03-04 09:06,6.622,0.005,0,0,0,0,v
2014-03-04 09:12,6.675,0.019,0,0,0,0,v
2014-03-04 09:18,6.678,0.020,0,0,0,0,v
2014-03-04 09:24,6.627,0.009,0,0,0,0,v
2014-03-04 09:30,6.637,0.016,0,0,0,0,v
2014-03-04 09:36,6.634,0.008,0,0,0,0,v
2014-03-04 09:42,6.639,0.012,0,0,0,0,v
2014-03-04 09:48,6.694,0.007,0,0,0,0,v
2014-03-04 09:54,6.707,0.008,0,0,0,0,v
2014-03-04 10:00,6.720,0.008,0,0,0,0,v
2014-03-04 10:06,6.697,0.007,0,0,0,0,v
2014-03-04 10:12,6.694,0.007,0,0,0,0,v
2014-03-04 10:18,6.691,0.014,0,0,0,0,v
2014-03-04 10:24,6.680,0.005,0,0,0,0,v
2014-03-04 10:30,6.695,0.006,0,0,0,0,v
2014-03-04 10:36,6.670,0.009,0,0,0,0,v
2014-03-04 10:42,6.639,0.009,0,0,0,0,v
2014-03-04 10:48,6.697,0.008,0,0,0,0,v
2014-03-04 10:54,6.729,0.007,0,0,0,0,v
2014-03-04 11:00,6.710,0.006,0,0,0,0,v
2014-03-04 11:06,6.710,0.006,0,0,0,0,v
2014-03-04 11:12,6.734,0.006,0,0,0,0,v
2014-03-04 11:18,6.711,0.010,0,0,0,0,v
2014-03-04 11:24,6.751,0.006,0,0,0,0,v
2014-03-04 11:30,6.818,0.007,0,0,0,0,v
2014-03-04 11:36,6.813,0.006,0,0,0,0,v
2014-03-04 11:42,6.815,0.007,0,0,0,0,v
2014-03-04 11:48,6.790,0.008,0,0,0,0,v
2014-03-04 11:54,6.789,0.007,0,0,0,0,v
2014-03-04 12:00,6.828,0.007,0,0,0,0,v
2014-03-04 12:06,6.807,0.007,0,0,0,0,v
2014-03-04 12:12,6.779,0.006,0,0,0,0,v
2014-03-04 12:18,6.746,0.010,0,0,0,0,v
2014-03-04 12:24,6.777,0.015,0,0,0,0,v
2014-03-04 12:30,6.798,0.006,0,0,0,0,v
2014-03-04 12:36,6.804,0.010,0,0,0,0,v
2014-03-04 12:42,6.758,0.006,0,0,0,0,v
2014-03-04 12:48,6.735,0.007,0,0,0,0,v
2014-03-04 12:54,6.717,0.009,0,0,0,0,v
2014-03-04 13:00,6.807,0.008,0,0,0,0,v
2014-03-04 13:06,6.682,0.007,0,0,1,0,v
2014-03-04 13:12,6.684,0.008,0,0,1,0,v
2014-03-04 13:18,6.686,0.008,0,0,0,0,v
2014-03-04 13:24,6.641,0.010,0,0,0,0,v
2014-03-04 13:30,6.640,0.008,0,0,0,0,v
2014-03-04 13:36,6.615,0.005,0,0,0,0,v
2014-03-04 13:42,6.649,0.005,0,0,0,0,v
2014-03-04 13:48,6.657,0.005,0,0,0,0,v
2014-03-04 13:54,6.613,0.010,0,0,0,0,v
2014-03-04 14:00,6.679,0.010,0,0,0,0,v
2014-03-04 14:06,6.711,0.015,0,0,0,0,v
2014-03-04 14:12,6.800,0.007,0,0,0,0,v
2014-03-04 14:18,6.695,0.019,0,0,1,0,v
2014-03-04 14:24,6.666,0.007,0,0,1,0,v
2014-03-04 14:30,6.740,0.006,0,0,0,0,v
2014-03-04 14:36,6.654,0.008,0,0,1,0,v
2014-03-04 14:42,6.712,0.007,0,0,1,0,v
2014-03-04 14:48,6.651,0.015,0,0,1,0,v
2014-03-04 14:54,6.603,0.005,0,0,0,0,v
2014-03-04 15:00,6.608,0.007,0,0,0,0,v
2014-03-04 15:06,6.624,0.009,0,0,0,0,v
2014-03-04 15:12,6.655,0.023,0,0,0,0,v
2014-03-04 15:18,6.737,0.010,0,0,0,0,v
2014-03-04 15:24,6.550,0.009,0,0,1,0,v
2014-03-04 15:30,6.607,0.008,0,0,1,0,v
2014-03-04 15:36,6.608,0.016,0,0,1,0,v
2014-03-04 15:42,6.617,0.013,0,0,0,0,v
2014-03-04 15:48,6.544,0.022,0,0,0,0,v
2014-03-04 15:54,6.585,0.008,0,0,0,0,v
2014-03-04 16:00,6.515,0.006,0,0,0,0,v
2014-03-04 16:06,6.566,0.006,0,0,0,0,v
2014-03-04 16:12,6.519,0.010,0,0,0,0,v
2014-03-04 16:18,6.555,0.031,0,0,0,0,v
2014-03-04 16:24,6.672,0.005,0,0,0,0,v
2014-03-04 16:30,6.732,0.009,0,0,0,0,v
2014-03-04 16:36,6.665,0.007,0,0,0,0,v
2014-03-04 16:42,6.671,0.006,0,0,0,0,v
2014-03-04 16:48,6.664,0.006,0,0,0,0,v
2014-03-04 16:54,6.690,0.009,0,0,0,0,v
2014-03-04 17:00,6.597,0.006,0,0,0,0,v
2014-03-04 17:06,6.667,0.009,0,0,1,0,v
2014-03-04 17:12,6.688,0.005,0,0,0,0,v
2014-03-04 17:18,6.693,0.013,0,0,0,0,v
2014-03-04 17:24,6.637,0.010,0,0,0,0,v
2014-03-04 17:30,6.664,0.008,0,0,0,0,v
2014-03-04 17:36,6.578,0.009,0,0,0,0,v
2014-03-04 17:42,6.618,0.009,0,0,0,0,v
2014-03-04 17:48,6.653,0.008,0,0,0,0,v
2014-03-04 17:54,6.610,0.014,0,0,0,0,v
2014-03-04 18:00,6.566,0.013,0,0,0,0,v
2014-03-04 18:06,6.624,0.006,0,0,0,0,v
2014-03-04 18:12,6.591,0.004,0,0,0,0,v
2014-03-04 18:18,6.608,0.014,0,0,0,0,v
2014-03-04 18:24,6.631,0.004,0,0,0,0,v
2014-03-04 18:30,6.604,0.009,0,0,0,0,v
2014-03-04 18:36,6.566,0.006,0,0,0,0,v
2014-03-04 18:42,6.610,0.006,0,0,0,0,v
2014-03-04 18:48,6.623,0.015,0,0,0,0,v
2014-03-04 18:54,6.693,0.012,0,0,0,0,v
2014-03-04 19:00,6.665,0.007,0,0,0,0,v
2014-03-04 19:06,6.650,0.006,0,0,0,0,v
2014-03-04 19:12,6.680,0.013,0,0,0,0,v
2014-03-04 19:18,6.724,0.007,0,0,0,0,v
2014-03-04 19:24,6.691,0.008,0,0,0,0,v
2014-03-04 19:30,6.686,0.005,0,0,0,0,v
2014-03-04 19:36,6.705,0.006,0,0,0,0,v
2014-03-04 19:42,6.694,0.011,0,0,0,0,v
2014-03-04 19:48,6.593,0.007,0,0,0,0,v
2014-03-04 19:54,6.604,0.000,1,0,0,0,v
2014-03-04 20:00,6.616,0.008,0,0,0,0,v
2014-03-04 20:06,6.608,0.008,0,0,0,0,v
2014-03-04 20:12,6.598,0.006,0,0,0,0,v
2014-03-04 20:18,6.584,0.004,0,0,0,0,v
2014-03-04 20:24,6.601,0.011,0,0,0,0,v
2014-03-04 20:30,6.619,0.008,0,0,0,0,v
2014-03-04 20:36,6.642,0.006,0,0,0,0,v
2014-03-04 20:42,6.642,0.008,0,0,0,0,v
2014-03-04 20:48,6.665,0.005,0,0,0,0,v
2014-03-04 20:54,6.676,0.006,0,0,0,0,v
2014-03-04 21:00,6.669,0.007,0,0,0,0,v
2014-03-04 21:06,6.642,0.007,0,0,0,0,v
2014-03-04 21:12,6.641,0.006,0,0,0,0,v
2014-03-04 21:18,6.668,0.007,0,0,0,0,v
2014-03-04 21:24,6.710,0.006,0,0,0,0,v
2014-03-04 21:30,6.706,0.007,0,0,0,0,v
2014-03-04 21:36,6.752,0.009,0,0,0,0,v
2014-03-04 21:42,6.716,0.012,0,0,0,0,v
2014-03-04 21:48,6.721,0.017,0,0,0,0,v
2014-03-04 21:54,6.757,0.015,0,0,0,0,v
2014-03-04 22:00,6.728,0.011,0,0,0,0,v
2014-03-04 22:06,6.733,0.016,0,0,0,0,v
2014-03-04 22:12,6.742,0.006,0,0,0,0,v
2014-03-04 22:18,6.744,0.008,0,0,0,0,v
2014-03-04 22:24,6.772,0.005,0,0,0,0,v
2014-03-04 22:30,6.798,0.009,0,0,0,0,v
2014-03-04 22:36,6.755,0.010,0,0,0,0,v
2014-03-04 22:42,6.777,0.009,0,0,0,0,v
2014-03-04 22:48,6.772,0.007,0,0,0,0,v
2014-03-04 22:54,6.773,0.006,0,0,0,0,v
2014-03-04 23:00,6.765,0.007,0,0,0,0,v
2014-03-04 23:06,6.749,0.016,0,0,0,0,v
2014-03-04 23:12,6.748,0.010,0,0,0,0,v
2014-03-04 23:18,6.690,0.007,0,0,0,0,v
2014-03-04 23:24,6.708,0.007,0,0,0,0,v
2014-03-04 23:30,6.715,0.007,0,0,0,0,v
2014-03-04 23:36,6.707,0.008,0,0,0,0,v
2014-03-04 23:42,6.692,0.014,0,0,0,0,v
2014-03-04 23:48,6.675,0.012,0,0,0,0,v
2014-03-04 23:54,6.637,0.011,0,0,0,0,v
2014-03-05 00:00,6.637,0.009,0,0,0,0,v
2014-03-05 00:06,6.659,0.012,0,0,0,0,v
2014-03-05 00:12,6.702,0.009,0,0,0,0,v
2014-03-05 00:18,6.714,0.010,0,0,0,0,v
2014-03-05 00:24,6.644,0.015,0,0,0,0,v
2014-03-05 00:30,6.619,0.008,0,0,0,0,v
2014-03-05 00:36,6.608,0.007,0,0,0,0,v
2014-03-05 00:42,6.609,0.007,0,0,0,0,v
2014-03-05 00:48,6.620,0.009,0,0,0,0,v
2014-03-05 00:54,6.655,0.005,0,0,0,0,v
2014-03-05 01:00,6.659,0.007,0,0,0,0,v
2014-03-05 01:06,6.635,0.010,0,0,0,0,v
2014-03-05 01:12,6.593,0.008,0,0,0,0,v
2014-03-05 01:18,6.592,0.007,0,0,0,0,v
2014-03-05 01:24,6.617,0.006,0,0,0,0,v
2014-03-05 01:30,6.596,0.009,0,0,0,0,v
2014-03-05 01:36,6.609,0.008,0,0,0,0,v
2014-03-05 01:42,6.611,0.008,0,0,0,0,v
2014-03-05 01:48,6.577,0.005,0,0,0,0,v
2014-03-05 01:54,6.578,0.006,0,0,0,0,v
2014-03-05 02:00,6.586,0.008,0,0,0,0,v
2014-03-05 02:06,6.589,0.011,0,0,0,0,v
2014-03-05 02:12,6.539,0.011,0,0,0,0,v
2014-03-05 02:18,6.546,0.009,0,0,0,0,v
2014-03-05 02:24,6.552,0.008,0,0,0,0,v
2014-03-05 02:30,6.560,0.019,0,0,0,0,v
2014-03-05 02:36,6.540,0.014,0,0,0,0,v
2014-03-05 02:42,6.487,0.010,0,0,0,0,v
2014-03-05 02:48,6.485,0.008,0,0,0,0,v
2014-03-05 02:54,6.495,0.008,0,0,0,0,v
2014-03-05 03:00,6.499,0.007,0,0,0,0,v
2014-03-05 03:06,6.482,0.018,0,0,0,0,v
2014-03-05 03:12,6.477,0.006,0,0,0,0,v
2014-03-05 03:18,6.443,0.005,0,0,0,0,v
2014-03-05 03:24,6.417,0.006,0,0,0,0,v
2014-03-05 03:30,6.379,0.008,0,0,0,0,v
2014-03-05 03:36,6.399,0.005,0,0,0,0,v
2014-03-05 03:42,6.403,0.017,0,0,0,0,v
2014-03-05 03:48,6.451,0.012,0,0,0,0,v
2014-03-05 03:54,6.473,0.005,0,0,0,0,v
2014-03-05 04:00,6.459,0.006,0,0,0,0,v
2014-03-05 04:06,6.455,0.012,0,0,0,0,v
2014-03-05 04:12,6.373,0.009,0,0,0,0,v
2014-03-05 04:18,6.411,0.011,0,0,0,0,v
2014-03-05 04:24,6.446,0.007,0,0,0,0,v
2014-03-05 04:30,6.432,0.010,0,0,0,0,v
2014-03-05 04:36,6.430,0.006,0,0,0,0,v
2014-03-05 04:42,6.404,0.006,0,0,0,0,v
2014-03-05 04:48,6.414,0.006,0,0,0,0,v
2014-03-05 04:54,6.434,0.009,0,0,0,0,v
2014-03-05 05:00,6.449,0.006,0,0,0,0,v
2014-03-05 05:06,6.447,0.006,0,0,0,0,v
2014-03-05 05:12,6.447,0.006,0,0,0,0,v
2014-03-05 05:18,6.443,0.006,0,0,0,0,v
2014-03-05 05:24,6.429,0.007,0,0,0,0,v
2014-03-05 05:30,6.417,0.006,0,0,0,0,v
2014-03-05 05:36,6.480,0.006,0,0,0,0,v
2014-03-05 05:42,6.465,0.010,0,0,0,0,v
2014-03-05 05:48,6.481,0.009,0,0,0,0,v
2014-03-05 05:54,6.500,0.006,0,0,0,0,v
2014-03-05 06:00,6.449,0.008,0,0,0,0,v
2014-03-05 06:06,6.454,0.008,0,0,0,0,v
2014-03-05 06:12,6.456,0.005,0,0,0,0,v
2014-03-05 06:18,6.500,0.005,0,0,0,0,v
2014-03-05 06:24,6.472,0.008,0,0,0,0,v
2014-03-05 06:30,6.472,0.006,0,0,0,0,v
2014-03-05 06:36,6.490,0.008,0,0,0,0,v
2014-03-05 06:42,6.452,0.006,0,0,0,0,v
2014-03-05 06:48,6.483,0.008,0,0,0,0,v
2014-03-05 06:54,6.483,0.005,0,0,0,0,v
2014-03-05 07:00,6.477,0.007,0,0,0,0,v
2014-03-05 07:06,6.445,0.007,0,0,0,0,v
2014-03-05 07:12,6.473,0.004,0,0,0,0,v
2014-03-05 07:18,6.477,0.005,0,0,0,0,v
2014-03-05 07:24,6.532,0.008,0,0,0,0,v
2014-03-05 07:30,6.512,0.009,0,0,0,0,v
2014-03-05 07:36,6.476,0.009,0,0,0,0,v
2014-03-05 07:42,6.525,0.010,0,0,0,0,v
2014-03-05 07:48,6.534,0.006,0,0,0,0,v
2014-03-05 07:54,6.522,0.006,0,0,0,0,v
2014-03-05 08:00,6.518,0.005,0,0,0,0,v
2014-03-05 08:06,6.567,0.005,0,0,0,0,v
2014-03-05 08:12,6.552,0.008,0,0,0,0,v
2014-03-05 08:18,6.574,0.007,0,0,0,0,v
2014-03-05 08:24,6.545,0.006,0,0,0,0,v
2014-03-05 08:30,6.569,0.010,0,0,0,0,v
2014-03-05 08:36,6.529,0.008,0,0,0,0,v
2014-03-05 08:42,6.572,0.013,0,0,0,0,v
2014-03-05 08:48,6.594,0.005,0,0,0,0,v
2014-03-05 08:54,6.578,0.009,0,0,0,0,v
2014-03-05 09:00,6.586,0.010,0,0,0,0,v
2014-03-05 09:06,6.636,0.003,0,0,0,0,v
2014-03-05 09:12,6.650,0.006,0,0,0,0,v
2014-03-05 09:18,6.646,0.008,0,0,0,0,v
2014-03-05 09:24,6.663,0.005,0,0,0,0,v
2014-03-05 09:30,6.642,0.004,0,0,0,0,v
2014-03-05 09:36,6.631,0.009,0,0,0,0,v
2014-03-05 09:42,6.687,0.006,0,0,0,0,v
2014-03-05 09:48,6.709,0.008,0,0,0,0,v
2014-03-05 09:54,6.745,0.008,0,0,0,0,v
2014-03-05 10:00,6.713,0.005,0,0,0,0,v
2014-03-05 10:06,6.752,0.005,0,0,0,0,v
2014-03-05 10:12,6.764,0.004,0,0,0,0,v
2014-03-05 10:18,6.768,0.003,0,0,0,0,v
2014-03-05 10:24,6.771,0.005,0,0,0,0,v
2014-03-05 10:30,6.791,0.003,0,0,0,0,v
2014-03-05 10:36,6.785,0.006,0,0,0,0,v
2014-03-05 10:42,6.815,0.010,0,0,0,0,v
2014-03-05 10:48,6.807,0.004,0,0,0,0,v
2014-03-05 10:54,6.858,0.005,0,0,0,0,v
2014-03-05 11:00,6.833,0.009,0,0,0,0,v
2014-03-05 11:06,6.771,0.007,0,0,0,0,v
2014-03-05 11:12,6.840,0.005,0,0,0,0,v
2014-03-05 11:18,6.836,0.007,0,0,0,0,v
2014-03-05 11:24,6.873,0.008,0,0,0,0,v
2014-03-05 11:30,6.840,0.004,0,0,0,0,v
2014-03-05 11:36,6.828,0.009,0,0,0,0,v
2014-03-05 11:42,6.860,0.006,0,0,0,0,v
2014-03-05 11:48,6.877,0.008,0,0,0,0,v
2014-03-05 11:54,6.856,0.006,0,0,0,0,v
2014-03-05 12:00,6.872,0.005,0,0,0,0,v
2014-03-05 12:06,6.874,0.006,0,0,0,0,v
2014-03-05 12:12,6.869,0.005,0,0,0,0,v
2014-03-05 12:18,6.866,0.004,0,0,0,0,v
2014-03-05 12:24,6.845,0.005,0,0,0,0,v
2014-03-05 12:30,6.864,0.006,0,0,0,0,v
2014-03-05 12:36,6.877,0.005,0,0,0,0,v
2014-03-05 12:42,6.878,0.006,0,0,0,0,v
2014-03-05 12:48,6.879,0.005,0,0,0,0,v
2014-03-05 12:54,6.890,0.005,0,0,0,0,v
2014-03-05 13:00,6.864,0.009,0,0,0,0,v
2014-03-05 13:06,6.822,0.004,0,0,0,0,v
2014-03-05 13:12,6.857,0.006,0,0,0,0,v
2014-03-05 13:18,6.862,0.007,0,0,0,0,v
2014-03-05 13:24,6.856,0.009,0,0,0,0,v
2014-03-05 13:30,6.887,0.011,0,0,0,0,v
2014-03-05 13:36,6.816,0.007,0,0,0,0,v
2014-03-05 13:42,6.823,0.007,0,0,0,0,v
2014-03-05 13:48,6.829,0.005,0,0,0,0,v
2014-03-05 13:54,6.823,0.006,0,0,0,0,v
2014-03-05 14:00,6.840,0.009,0,0,0,0,v
2014-03-05 14:06,6.867,0.009,0,0,0,0,v
2014-03-05 14:12,6.814,0.005,0,0,0,0,v
2014-03-05 14:18,6.809,0.007,0,0,0,0,v
2014-03-05 14:24,6.794,0.006,0,0,0,0,v
2014-03-05 14:30,6.852,0.009,0,0,0,0,v
2014-03-05 14:36,6.854,0.010,0,0,0,0,v
2014-03-05 14:42,6.848,0.008,0,0,0,0,v
2014-03-05 14:48,6.841,0.005,0,0,0,0,v
2014-03-05 14:54,6.825,0.007,0,0,0,0,v
2014-03-05 15:00,6.789,0.006,0,0,0,0,v
2014-03-05 15:06,6.802,0.007,0,0,0,0,v
2014-03-05 15:12,6.782,0.006,0,0,0,0,v
2014-03-05 15:18,6.815,0.006,0,0,0,0,v
2014-03-05 15:24,6.840,0.007,0,0,0,0,v
2014-03-05 15:30,6.824,0.008,0,0,0,0,v
2014-03-05 15:36,6.821,0.006,0,0,0,0,v
2014-03-05 15:42,6.840,0.005,0,0,0,0,v
2014-03-05 15:48,6.834,0.005,0,0,0,0,v
2014-03-05 15:54,6.807,0.010,0,0,0,0,v
2014-03-05 16:00,6.820,0.005,0,0,0,0,v
2014-03-05 16:06,6.826,0.005,0,0,0,0,v
2014-03-05 16:12,6.863,0.006,0,0,0,0,v
2014-03-05 16:18,6.849,0.006,0,0,0,0,v
2014-03-05 16:24,6.849,0.009,0,0,0,0,v
2014-03-05 16:30,6.859,0.005,0,0,0,0,v
2014-03-05 16:36,6.841,0.007,0,0,0,0,v
2014-03-05 16:42,6.864,0.005,0,0,0,0,v
2014-03-05 16:48,6.829,0.007,0,0,0,0,v
2014-03-05 16:54,6.814,0.008,0,0,0,0,v
2014-03-05 17:00,6.850,0.006,0,0,0,0,v
2014-03-05 17:06,6.849,0.005,0,0,0,0,v
2014-03-05 17:12,6.833,0.009,0,0,0,0,v
2014-03-05 17:18,6.806,0.009,0,0,0,0,v
2014-03-05 17:24,6.775,0.010,0,0,0,0,v
2014-03-05 17:30,6.785,0.007,0,0,0,0,v
2014-03-05 17:36,6.812,0.008,0,0,0,0,v
2014-03-05 17:42,6.787,0.007,0,0,0,0,v
2014-03-05 17:48,6.778,0.006,0,0,0,0,v
2014-03-05 17:54,6.798,0.006,0,0,0,0,v
2014-03-05 18:00,6.776,0.008,0,0,0,0,v
2014-03-05 18:06,6.750,0.008,0,0,0,0,v
2014-03-05 18:12,6.774,0.008,0,0,0,0,v
2014-03-05 18:18,6.807,0.007,0,0,0,0,v
2014-03-05 18:24,6.759,0.008,0,0,0,0,v
2014-03-05 18:30,6.753,0.005,0,0,0,0,v
2014-03-05 18:36,6.755,0.007,0,0,0,0,v
2014-03-05 18:42,6.750,0.006,0,0,0,0,v
2014-03-05 18:48,6.766,0.007,0,0,0,0,v
2014-03-05 18:54,6.752,0.008,0,0,0,0,v
2014-03-05 19:00,6.729,0.009,0,0,0,0,v
2014-03-05 19:06,6.742,0.007,0,0,0,0,v
2014-03-05 19:12,6.693,0.006,0,0,0,0,v
2014-03-05 19:18,6.723,0.011,0,0,0,0,v
2014-03-05 19:24,6.737,0.009,0,0,0,0,v
2014-03-05 19:30,6.776,0.010,0,0,0,0,v
2014-03-05 19:36,6.762,0.004,0,0,0,0,v
2014-03-05 19:42,6.779,0.004,0,0,0,0,v
2014-03-05 19:48,6.780,0.007,0,0,0,0,v
2014-03-05 19:54,6.780,0.007,0,0,0,0,v
2014-03-05 20:00,6.775,0.009,0,0,0,0,v
2014-03-05 20:06,6.748,0.008,0,0,0,0,v
2014-03-05 20:12,6.748,0.013,0,0,0,0,v
2014-03-05 20:18,6.716,0.008,0,0,0,0,v
2014-03-05 20:24,6.742,0.008,0,0,0,0,v
2014-03-05 20:30,6.735,0.008,0,0,0,0,v
2014-03-05 20:36,6.750,0.012,0,0,0,0,v
2014-03-05 20:42,6.780,0.010,0,0,0,0,v
2014-03-05 20:48,6.737,0.007,0,0,0,0,v
2014-03-05 20:54,6.747,0.007,0,0,0,0,v
2014-03-05 21:00,6.769,0.007,0,0,0,0,v
2014-03-05 21:06,6.770,0.008,0,0,0,0,v
2014-03-05 21:12,6.771,0.009,0,0,0,0,v
2014-03-05 21:18,6.799,0.006,0,0,0,0,v
2014-03-05 21:24,6.759,0.007,0,0,0,0,v
2014-03-05 21:30,6.792,0.008,0,0,0,0,v
2014-03-05 21:36,6.790,0.009,0,0,0,0,v
2014-03-05 21:42,6.807,0.006,0,0,0,0,v
2014-03-05 21:48,6.808,0.009,0,0,0,0,v
2014-03-05 21:54,6.812,0.005,0,0,0,0,v
2014-03-05 22:00,6.789,0.009,0,0,0,0,v
2014-03-05 22:06,6.774,0.007,0,0,0,0,v
2014-03-05 22:12,6.791,0.005,0,0,0,0,v
2014-03-05 22:18,6.801,0.006,0,0,0,0,v
2014-03-05 22:24,6.801,0.007,0,0,0,0,v
2014-03-05 22:30,6.813,0.008,0,0,0,0,v
2014-03-05 22:36,6.827,0.009,0,0,0,0,v
2014-03-05 22:42,6.807,0.005,0,0,0,0,v
2014-03-05 22:48,6.792,0.008,0,0,0,0,v
2014-03-05 22:54,6.788,0.005,0,0,0,0,v
2014-03-05 23:00,6.799,0.007,0,0,0,0,v
2014-03-05 23:06,6.805,0.005,0,0,0,0,v
2014-03-05 23:12,6.811,0.007,0,0,0,0,v
2014-03-05 23:18,6.821,0.005,0,0,0,0,v
2014-03-05 23:24,6.793,0.006,0,0,0,0,v
2014-03-05 23:30,6.787,0.008,0,0,0,0,v
2014-03-05 23:36,6.766,0.006,0,0,0,0,v
2014-03-05 23:42,6.793,0.006,0,0,0,0,v
2014-03-05 23:48,6.756,0.007,0,0,0,0,v
2014-03-05 23:54,6.749,0.009,0,0,0,0,v
2014-03-06 00:00,6.738,0.008,0,0,0,0,v
2014-03-06 00:06,6.737,0.006,0,0,0,0,v
2014-03-06 00:12,6.718,0.008,0,0,0,0,v
2014-03-06 00:18,6.732,0.011,0,0,0,0,v
2014-03-06 00:24,6.741,0.009,0,0,0,0,v
2014-03-06 00:30,6.732,0.007,0,0,0,0,v
2014-03-06 00:36,6.708,0.006,0,0,0,0,v
2014-03-06 00:42,6.727,0.009,0,0,0,0,v
2014-03-06 00:48,6.700,0.007,0,0,0,0,v
2014-03-06 00:54,6.684,0.009,0,0,0,0,v
2014-03-06 01:00,6.691,0.006,0,0,0,0,v
2014-03-06 01:06,6.695,0.009,0,0,0,0,v
2014-03-06 01:12,6.671,0.008,0,0,0,0,v
2014-03-06 01:18,6.662,0.007,0,0,0,0,v
2014-03-06 01:24,6.642,0.007,0,0,0,0,v
2014-03-06 01:30,6.643,0.005,0,0,0,0,v
2014-03-06 01:36,6.634,0.006,0,0,0,0,v
2014-03-06 01:42,6.618,0.009,0,0,0,0,v
2014-03-06 01:48,6.612,0.007,0,0,0,0,v
2014-03-06 01:54,6.595,0.005,0,0,0,0,v
2014-03-06 02:00,6.610,0.006,0,0,0,0,v
2014-03-06 02:06,6.628,0.009,0,0,0,0,v
2014-03-06 02:12,6.608,0.007,0,0,0,0,v
2014-03-06 02:18,6.589,0.008,0,0,0,0,v
2014-03-06 02:24,6.575,0.009,0,0,0,0,v
2014-03-06 02:30,6.582,0.008,0,0,0,0,v
2014-03-06 02:36,6.600,0.005,0,0,0,0,v
2014-03-06 02:42,6.591,0.007,0,0,0,0,v
2014-03-06 02:48,6.593,0.007,0,0,0,0,v
2014-03-06 02:54,6.573,0.006,0,0,0,0,v
2014-03-06 03:00,6.562,0.007,0,0,0,0,v
2014-03-06 03:06,6.566,0.005,0,0,0,0,v
2014-03-06 03:12,6.541,0.008,0,0,0,0,v
2014-03-06 03:18,6.549,0.007,0,0,0,0,v
2014-03-06 03:24,6.552,0.006,0,0,0,0,v
2014-03-06 03:30,6.529,0.007,0,0,0,0,v
2014-03-06 03:36,6.539,0.010,0,0,0,0,v
2014-03-06 03:42,6.509,0.008,0,0,0,0,v
2014-03-06 03:48,6.509,0.007,0,0,0,0,v
2014-03-06 03:54,6.501,0.009,0,0,0,0,v
2014-03-06 04:00,6.482,0.009,0,0,0,0,v
2014-03-06 04:06,6.503,0.006,0,0,0,0,v
2014-03-06 04:12,6.453,0.007,0,0,0,0,v
2014-03-06 04:18,6.489,0.008,0,0,0,0,v
2014-03-06 04:24,6.498,0.010,0,0,0,0,v
2014-03-06 04:30,6.460,0.006,0,0,0,0,v
2014-03-06 04:36,6.446,0.006,0,0,0,0,v
2014-03-06 04:42,6.458,0.005,0,0,0,0,v
2014-03-06 04:48,6.462,0.006,0,0,0,0,v
2014-03-06 04:54,6.446,0.006,0,0,0,0,v
2014-03-06 05:00,6.467,0.008,0,0,0,0,v
2014-03-06 05:06,6.434,0.006,0,0,0,0,v
2014-03-06 05:12,6.411,0.008,0,0,0,0,v
2014-03-06 05:18,6.394,0.006,0,0,0,0,v
2014-03-06 05:24,6.402,0.009,0,0,0,0,v
2014-03-06 05:30,6.398,0.010,0,0,0,0,v
2014-03-06 05:36,6.386,0.008,0,0,0,0,v
2014-03-06 05:42,6.365,0.006,0,0,0,0,v
2014-03-06 05:48,6.379,0.010,0,0,0,0,v
2014-03-06 05:54,6.389,0.009,0,0,0,0,v
2014-03-06 06:00,6.372,0.007,0,0,0,0,v
2014-03-06 06:06,6.370,0.006,0,0,0,0,v
2014-03-06 06:12,6.362,0.007,0,0,0,0,v
2014-03-06 06:18,6.355,0.008,0,0,0,0,v
2014-03-06 06:24,6.365,0.010,0,0,0,0,v
2014-03-06 06:30,6.332,0.011,0,0,0,0,v
2014-03-06 06:36,6.359,0.006,0,0,0,0,v
2014-03-06 06:42,6.352,0.006,0,0,0,0,v
2014-03-06 06:48,6.365,0.007,0,0,0,0,v
2014-03-06 06:54,6.365,0.009,0,0,0,0,v
2014-03-06 07:00,6.362,0.007,0,0,0,0,v
2014-03-06 07:06,6.374,0.008,0,0,0,0,v
2014-03-06 07:12,6.394,0.008,0,0,0,0,v
2014-03-06 07:18,6.383,0.006,0,0,0,0,v
2014-03-06 07:24,6.388,0.011,0,0,0,0,v
2014-03-06 07:30,6.413,0.008,0,0,0,0,v
2014-03-06 07:36,6.402,0.008,0,0,0,0,v
2014-03-06 07:42,6.404,0.010,0,0,0,0,v
2014-03-06 07:48,6.423,0.007,0,0,0,0,v
2014-03-06 07:54,6.421,0.009,0,0,0,0,v
2014-03-06 08:00,6.439,0.006,0,0,0,0,v
2014-03-06 08:06,6.451,0.007,0,0,0,0,v
2014-03-06 08:12,6.453,0.010,0,0,0,0,v
2014-03-06 08:18,6.486,0.008,0,0,0,0,v
2014-03-06 08:24,6.478,0.010,0,0,0,0,v
2014-03-06 08:30,6.475,0.006,0,0,0,0,v
2014-03-06 08:36,6.467,0.012,0,0,0,0,v
2014-03-06 08:42,6.457,0.014,0,0,0,0,v
2014-03-06 08:48,6.508,0.009,0,0,0,0,v
2014-03-06 08:54,6.520,0.006,0,0,0,0,v
2014-03-06 09:00,6.513,0.009,0,0,0,0,v
2014-03-06 09:06,6.501,0.011,0,0,0,0,v
2014-03-06 09:12,6.515,0.007,0,0,0,0,v
2014-03-06 09:18,6.536,0.011,0,0,0,0,v
2014-03-06 09:24,6.555,0.009,0,0,0,0,v
2014-03-06 09:30,6.568,0.010,0,0,0,0,v
2014-03-06 09:36,6.580,0.007,0,0,0,0,v
2014-03-06 09:42,6.562,0.007,0,0,0,0,v
2014-03-06 09:48,6.546,0.008,0,0,0,0,v
2014-03-06 09:54,6.563,0.007,0,0,0,0,v
2014-03-06 10:00,6.565,0.008,0,0,0,0,v
2014-03-06 10:06,6.570,0.011,0,0,0,0,v
2014-03-06 10:12,6.573,0.011,0,0,0,0,v
2014-03-06 10:18,6.621,0.007,0,0,0,0,v
2014-03-06 10:24,6.619,0.009,0,0,0,0,v
2014-03-06 10:30,6.583,0.015,0,0,0,0,v
2014-03-06 10:36,6.613,0.006,0,0,0,0,v
2014-03-06 10:42,6.629,0.008,0,0,0,0,v
2014-03-06 10:48,6.610,0.007,0,0,0,0,v
2014-03-06 10:54,6.624,0.010,0,0,0,0,v
2014-03-06 11:00,6.641,0.008,0,0,0,0,v
2014-03-06 11:06,6.646,0.006,0,0,0,0,v
2014-03-06 11:12,6.643,0.010,0,0,0,0,v
2014-03-06 11:18,6.651,0.007,0,0,0,0,v
2014-03-06 11:24,6.674,0.009,0,0,0,0,v
2014-03-06 11:30,6.674,0.006,0,0,0,0,v
2014-03-06 11:36,6.683,0.009,0,0,0,0,v
2014-03-06 11:42,6.670,0.007,0,0,0,0,v
2014-03-06 11:48,6.696,0.006,0,0,0,0,v
2014-03-06 11:54,6.695,0.010,0,0,0,0,v
2014-03-06 12:00,6.707,0.006,0,0,0,0,v
2014-03-06 12:06,6.686,0.006,0,0,0,0,v
2014-03-06 12:12,6.705,0.006,0,0,0,0,v
2014-03-06 12:18,6.722,0.007,0,0,0,0,v
2014-03-06 12:24,6.723,0.006,0,0,0,0,v
2014-03-06 12:30,6.736,0.005,0,0,0,0,v
2014-03-06 12:36,6.758,0.008,0,0,0,0,v
2014-03-06 12:42,6.764,0.006,0,0,0,0,v
2014-03-06 12:48,6.757,0.008,0,0,0,0,v
2014-03-06 12:54,6.771,0.005,0,0,0,0,v
2014-03-06 13:00,6.768,0.005,0,0,0,0,v
2014-03-06 13:06,6.771,0.008,0,0,0,0,v
2014-03-06 13:12,6.763,0.006,0,0,0,0,v
2014-03-06 13:18,6.771,0.007,0,0,0,0,v
2014-03-06 13:24,6.758,0.009,0,0,0,0,v
2014-03-06 13:30,6.746,0.009,0,0,0,0,v
2014-03-06 13:36,6.765,0.005,0,0,0,0,v
2014-03-06 13:42,6.764,0.006,0,0,0,0,v
2014-03-06 13:48,6.766,0.006,0,0,0,0,v
2014-03-06 13:54,6.774,0.005,0,0,0,0,v
2014-03-06 14:00,6.765,0.007,0,0,0,0,v
2014-03-06 14:06,6.741,0.007,0,0,0,0,v
2014-03-06 14:12,6.754,0.006,0,0,0,0,v
2014-03-06 14:18,6.754,0.006,0,0,0,0,v
2014-03-06 14:24,6.742,0.009,0,0,0,0,v
2014-03-06 14:30,6.755,0.006,0,0,0,0,v
2014-03-06 14:36,6.772,0.011,0,0,0,0,v
2014-03-06 14:42,6.773,0.005,0,0,0,0,v
2014-03-06 14:48,6.771,0.007,0,0,0,0,v
2014-03-06 14:54,6.801,0.006,0,0,0,0,v
2014-03-06 15:00,6.818,0.008,0,0,0,0,v
2014-03-06 15:06,6.806,0.006,0,0,0,0,v
2014-03-06 15:12,6.792,0.006,0,0,0,0,v
2014-03-06 15:18,6.798,0.006,0,0,0,0,v
2014-03-06 15:24,6.765,0.006,0,0,0,0,v
2014-03-06 15:30,6.758,0.005,0,0,0,0,v
2014-03-06 15:36,6.745,0.006,0,0,0,0,v
2014-03-06 15:42,6.744,0.005,0,0,0,0,v
2014-03-06 15:48,6.762,0.006,0,0,0,0,v
2014-03-06 15:54,6.742,0.011,0,0,0,0,v
2014-03-06 16:00,6.746,0.006,0,0,0,0,v
2014-03-06 16:06,6.739,0.007,0,0,0,0,v
2014-03-06 16:12,6.757,0.006,0,0,0,0,v
2014-03-06 16:18,6.743,0.004,0,0,0,0,v
2014-03-06 16:24,6.740,0.005,0,0,0,0,v
2014-03-06 16:30,6.738,0.004,0,0,0,0,v
2014-03-06 16:36,6.769,0.004,0,0,0,0,v
2014-03-06 16:42,6.758,0.006,0,0,0,0,v
2014-03-06 16:48,6.775,0.008,0,0,0,0,v
2014-03-06 16:54,6.769,0.007,0,0,0,0,v
2014-03-06 17:00,6.751,0.006,0,0,0,0,v
2014-03-06 17:06,6.759,0.006,0,0,0,0,v
2014-03-06 17:12,6.752,0.006,0,0,0,0,v
2014-03-06 17:18,6.742,0.005,0,0,0,0,v
2014-03-06 17:24,6.742,0.006,0,0,0,0,v
2014-03-06 17:30,6.747,0.006,0,0,0,0,v
2014-03-06 17:36,6.743,0.006,0,0,0,0,v
2014-03-06 17:42,6.738,0.006,0,0,0,0,v
2014-03-06 17:48,6.725,0.006,0,0,0,0,v
2014-03-06 17:54,6.733,0.005,0,0,0,0,v
2014-03-06 18:00,6.742,0.005,0,0,0,0,v
2014-03-06 18:06,6.745,0.004,0,0,0,0,v
2014-03-06 18:12,6.758,0.006,0,0,0,0,v
2014-03-06 18:18,6.746,0.006,0,0,0,0,v
2014-03-06 18:24,6.742,0.005,0,0,0,0,v
2014-03-06 18:30,6.713,0.006,0,0,0,0,v
2014-03-06 18:36,6.744,0.005,0,0,0,0,v
2014-03-06 18:42,6.736,0.003,0,0,0,0,v
2014-03-06 18:48,6.725,0.008,0,0,0,0,v
2014-03-06 18:54,6.722,0.006,0,0,0,0,v
2014-03-06 19:00,6.707,0.005,0,0,0,0,v
2014-03-06 19:06,6.693,0.006,0,0,0,0,v
2014-03-06 19:12,6.703,0.005,0,0,0,0,v
2014-03-06 19:18,6.717,0.006,0,0,0,0,v
2014-03-06 19:24,6.710,0.005,0,0,0,0,v
2014-03-06 19:30,6.725,0.005,0,0,0,0,v
2014-03-06 19:36,6.712,0.005,0,0,0,0,v
2014-03-06 19:42,6.711,0.003,0,0,0,0,v
2014-03-06 19:48,6.722,0.006,0,0,0,0,v
2014-03-06 19:54,6.698,0.004,0,0,0,0,v
2014-03-06 20:00,6.695,0.008,0,0,0,0,v
2014-03-06 20:06,6.716,0.006,0,0,0,0,v
2014-03-06 20:12,6.711,0.006,0,0,0,0,v
2014-03-06 20:18,6.717,0.005,0,0,0,0,v
2014-03-06 20:24,6.707,0.003,0,0,0,0,v
2014-03-06 20:30,6.709,0.004,0,0,0,0,v
2014-03-06 20:36,6.693,0.005,0,0,0,0,v
2014-03-06 20:42,6.707,0.004,0,0,0,0,v
2014-03-06 20:48,6.699,0.004,0,0,0,0,v
2014-03-06 20:54,6.708,0.004,0,0,0,0,v
2014-03-06 21:00,6.701,0.004,0,0,0,0,v
2014-03-06 21:06,6.686,0.004,0,0,0,0,v
2014-03-06 21:12,6.665,0.008,0,0,0,0,v
2014-03-06 21:18,6.676,0.005,0,0,0,0,v
2014-03-06 21:24,6.712,0.004,0,0,0,0,v
2014-03-06 21:30,6.701,0.007,0,0,0,0,v
2014-03-06 21:36,6.690,0.004,0,0,0,0,v
2014-03-06 21:42,6.693,0.004,0,0,0,0,v
2014-03-06 21:48,6.654,0.005,0,0,0,0,v
2014-03-06 21:54,6.677,0.007,0,0,0,0,v
2014-03-06 22:00,6.671,0.005,0,0,0,0,v
2014-03-06 22:06,6.661,0.005,0,0,0,0,v
2014-03-06 22:12,6.665,0.011,0,0,0,0,v
2014-03-06 22:18,6.696,0.005,0,0,0,0,v
2014-03-06 22:24,6.687,0.004,0,0,0,0,v
2014-03-06 22:30,6.683,0.005,0,0,0,0,v
2014-03-06 22:36,6.668,0.004,0,0,0,0,v
2014-03-06 22:42,6.678,0.005,0,0,0,0,v
2014-03-06 22:48,6.683,0.006,0,0,0,0,v
2014-03-06 22:54,6.678,0.006,0,0,0,0,v
2014-03-06 23:00,6.682,0.007,0,0,0,0,v
2014-03-06 23:06,6.701,0.006,0,0,0,0,v
2014-03-06 23:12,6.694,0.004,0,0,0,0,v
2014-03-06 23:18,6.710,0.003,0,0,0,0,v
2014-03-06 23:24,6.720,0.004,0,0,0,0,v
2014-03-06 23:30,6.722,0.004,0,0,0,0,v
2014-03-06 23:36,6.715,0.005,0,0,0,0,v
2014-03-06 23:42,6.714,0.006,0,0,0,0,v
2014-03-06 23:48,6.706,0.004,0,0,0,0,v
2014-03-06 23:54,6.703,0.004,0,0,0,0,v
2014-03-07 00:00,6.683,0.004,0,0,0,0,v
2014-03-07 00:06,6.654,0.006,0,0,0,0,v
2014-03-07 00:12,6.673,0.005,0,0,0,0,v
2014-03-07 00:18,6.689,0.005,0,0,0,0,v
2014-03-07 00:24,6.661,0.005,0,0,0,0,v
2014-03-07 00:30,6.644,0.004,0,0,0,0,v
2014-03-07 00:36,6.642,0.004,0,0,0,0,v
2014-03-07 00:42,6.633,0.006,0,0,0,0,v
2014-03-07 00:48,6.625,0.004,0,0,0,0,v
2014-03-07 00:54,6.632,0.004,0,0,0,0,v
2014-03-07 01:00,6.620,0.003,0,0,0,0,v
2014-03-07 01:06,6.629,0.004,0,0,0,0,v
2014-03-07 01:12,6.615,0.004,0,0,0,0,v
2014-03-07 01:18,6.619,0.005,0,0,0,0,v
2014-03-07 01:24,6.612,0.003,0,0,0,0,v
2014-03-07 01:30,6.597,0.006,0,0,0,0,v
2014-03-07 01:36,6.574,0.003,0,0,0,0,v
2014-03-07 01:42,6.569,0.003,0,0,0,0,v
2014-03-07 01:48,6.558,0.003,0,0,0,0,v
2014-03-07 01:54,6.557,0.007,0,0,0,0,v
2014-03-07 02:00,6.535,0.004,0,0,0,0,v
2014-03-07 02:06,6.540,0.004,0,0,0,0,v
2014-03-07 02:12,6.515,0.005,0,0,0,0,v
2014-03-07 02:18,6.531,0.005,0,0,0,0,v
2014-03-07 02:24,6.513,0.004,0,0,0,0,v
2014-03-07 02:30,6.516,0.005,0,0,0,0,v
2014-03-07 02:36,6.506,0.004,0,0,0,0,v
2014-03-07 02:42,6.505,0.003,0,0,0,0,v
2014-03-07 02:48,6.498,0.004,0,0,0,0,v
2014-03-07 02:54,6.475,0.005,0,0,0,0,v
2014-03-07 03:00,6.479,0.004,0,0,0,0,v
2014-03-07 03:06,6.464,0.003,0,0,0,0,v
2014-03-07 03:12,6.450,0.004,0,0,0,0,v
2014-03-07 03:18,6.450,0.006,0,0,0,0,v
2014-03-07 03:24,6.429,0.006,0,0,0,0,v
2014-03-07 03:30,6.424,0.004,0,0,0,0,v
2014-03-07 03:36,6.423,0.003,0,0,0,0,v
2014-03-07 03:42,6.425,0.004,0,0,0,0,v
2014-03-07 03:48,6.416,0.004,0,0,0,0,v
2014-03-07 03:54,6.399,0.005,0,0,0,0,v
2014-03-07 04:00,6.394,0.003,0,0,0,0,v
2014-03-07 04:06,6.397,0.004,0,0,0,0,v
2014-03-07 04:12,6.404,0.004,0,0,0,0,v
2014-03-07 04:18,6.407,0.003,0,0,0,0,v
2014-03-07 04:24,6.406,0.007,0,0,0,0,v
2014-03-07 04:30,6.382,0.003,0,0,0,0,v
2014-03-07 04:36,6.384,0.005,0,0,0,0,v
2014-03-07 04:42,6.373,0.006,0,0,0,0,v
2014-03-07 04:48,6.362,0.003,0,0,0,0,v
2014-03-07 04:54,6.367,0.005,0,0,0,0,v
2014-03-07 05:00,6.363,0.006,0,0,0,0,v
2014-03-07 05:06,6.326,0.003,0,0,0,0,v
2014-03-07 05:12,6.337,0.004,0,0,0,0,v
2014-03-07 05:18,6.316,0.004,0,0,0,0,v
2014-03-07 05:24,6.315,0.005,0,0,0,0,v
2014-03-07 05:30,6.308,0.003,0,0,0,0,v
2014-03-07 05:36,6.312,0.005,0,0,0,0,v
2014-03-07 05:42,6.296,0.004,0,0,0,0,v
2014-03-07 05:48,6.310,0.004,0,0,0,0,v
2014-03-07 05:54,6.312,0.002,0,0,0,0,v
2014-03-07 06:00,6.311,0.003,0,0,0,0,v
2014-03-07 06:06,6.297,0.004,0,0,0,0,v
2014-03-07 06:12,6.298,0.005,0,0,0,0,v
2014-03-07 06:18,6.301,0.004,0,0,0,0,v
2014-03-07 06:24,6.299,0.003,0,0,0,0,v
2014-03-07 06:30,6.308,0.003,0,0,0,0,v
2014-03-07 06:36,6.294,0.004,0,0,0,0,v
2014-03-07 06:42,6.289,0.004,0,0,0,0,v
2014-03-07 06:48,6.286,0.005,0,0,0,0,v
2014-03-07 06:54,6.283,0.004,0,0,0,0,v
2014-03-07 07:00,6.271,0.004,0,0,0,0,v
2014-03-07 07:06,6.287,0.003,0,0,0,0,v
2014-03-07 07:12,6.286,0.003,0,0,0,0,v
2014-03-07 07:18,6.291,0.004,0,0,0,0,v
2014-03-07 07:24,6.288,0.005,0,0,0,0,v
2014-03-07 07:30,6.295,0.003,0,0,0,0,v
2014-03-07 07:36,6.275,0.004,0,0,0,0,v
2014-03-07 07:42,6.304,0.004,0,0,0,0,v
2014-03-07 07:48,6.306,0.003,0,0,0,0,v
2014-03-07 07:54,6.316,0.004,0,0,0,0,v
2014-03-07 08:00,6.305,0.002,0,0,0,0,v
2014-03-07 08:06,6.291,0.004,0,0,0,0,v
2014-03-07 08:12,6.311,0.004,0,0,0,0,v
2014-03-07 08:18,6.316,0.004,0,0,0,0,v
2014-03-07 08:24,6.303,0.004,0,0,0,0,v
2014-03-07 08:30,6.309,0.004,0,0,0,0,v
2014-03-07 08:36,6.313,0.004,0,0,0,0,v
2014-03-07 08:42,6.330,0.004,0,0,0,0,v
2014-03-07 08:48,6.321,0.004,0,0,0,0,v
2014-03-07 08:54,6.333,0.004,0,0,0,0,v
2014-03-07 09:00,6.350,0.003,0,0,0,0,v
2014-03-07 09:06,6.358,0.006,0,0,0,0,v
2014-03-07 09:12,6.344,0.004,0,0,0,0,v
2014-03-07 09:18,6.358,0.004,0,0,0,0,v
2014-03-07 09:24,6.376,0.003,0,0,0,0,v
2014-03-07 09:30,6.372,0.002,0,0,0,0,v
2014-03-07 09:36,6.379,0.003,0,0,0,0,v
2014-03-07 09:42,6.379,0.003,0,0,0,0,v
2014-03-07 09:48,6.397,0.003,0,0,0,0,v
2014-03-07 09:54,6.402,0.002,0,0,0,0,v
2014-03-07 10:00,6.401,0.004,0,0,0,0,v
2014-03-07 10:06,6.414,0.002,0,0,0,0,v
2014-03-07 10:12,6.418,0.003,0,0,0,0,v
2014-03-07 10:18,6.410,0.002,0,0,0,0,v
2014-03-07 10:24,6.420,0.003,0,0,0,0,v
2014-03-07 10:30,6.422,0.002,0,0,0,0,v
2014-03-07 10:36,6.439,0.004,0,0,0,0,v
2014-03-07 10:42,6.466,0.003,0,0,0,0,v
2014-03-07 10:48,6.470,0.003,0,0,0,0,v
2014-03-07 10:54,6.461,0.002,0,0,0,0,v
2014-03-07 11:00,6.473,0.003,0,0,0,0,v
2014-03-07 11:06,6.481,0.009,0,0,0,0,v
2014-03-07 11:12,6.513,0.003,0,0,0,0,v
2014-03-07 11:18,6.536,0.004,0,0,0,0,v
2014-03-07 11:24,6.522,0.003,0,0,0,0,v
2014-03-07 11:30,6.516,0.004,0,0,0,0,v
2014-03-07 11:36,6.528,0.002,0,0,0,0,v
2014-03-07 11:42,6.530,0.007,0,0,0,0,v
2014-03-07 11:48,6.548,0.005,0,0,0,0,v
2014-03-07 11:54,6.550,0.006,0,0,0,0,v
2014-03-07 12:00,6.569,0.003,0,0,0,0,v
2014-03-07 12:06,6.575,0.002,0,0,0,0,v
2014-03-07 12:12,6.573,0.003,0,0,0,0,v
2014-03-07 12:18,6.587,0.002,0,0,0,0,v
2014-03-07 12:24,6.591,0.003,0,0,0,0,v
2014-03-07 12:30,6.635,0.008,0,0,0,0,v
2014-03-07 12:36,6.635,0.003,0,0,0,0,v
2014-03-07 12:42,6.621,0.002,0,0,0,0,v
2014-03-07 12:48,6.641,0.004,0,0,0,0,v
2014-03-07 12:54,6.646,0.008,0,0,0,0,v
2014-03-07 13:00,6.632,0.002,0,0,0,0,v
2014-03-07 13:06,6.640,0.003,0,0,0,0,v
2014-03-07 13:12,6.628,0.003,0,0,0,0,v
2014-03-07 13:18,6.633,0.004,0,0,0,0,v
2014-03-07 13:24,6.637,0.003,0,0,0,0,v
2014-03-07 13:30,6.647,0.004,0,0,0,0,v
2014-03-07 13:36,6.654,0.003,0,0,0,0,v
2014-03-07 13:42,6.649,0.003,0,0,0,0,v
2014-03-07 13:48,6.643,0.003,0,0,0,0,v
2014-03-07 13:54,6.661,0.003,0,0,0,0,v
2014-03-07 14:00,6.670,0.002,0,0,0,0,v
2014-03-07 14:06,6.688,0.002,0,0,0,0,v
2014-03-07 14:12,6.676,0.002,0,0,0,0,v
2014-03-07 14:18,6.676,0.003,0,0,0,0,v
2014-03-07 14:24,6.683,0.002,0,0,0,0,v
2014-03-07 14:30,6.666,0.005,0,0,0,0,v
2014-03-07 14:36,6.666,0.007,0,0,0,0,v
2014-03-07 14:42,6.691,0.004,0,0,0,0,v
2014-03-07 14:48,6.699,0.003,0,0,0,0,v
2014-03-07 14:54,6.683,0.002,0,0,0,0,v
2014-03-07 15:00,6.689,0.003,0,0,0,0,v
2014-03-07 15:06,6.704,0.002,0,0,0,0,v
2014-03-07 15:12,6.685,0.004,0,0,0,0,v
2014-03-07 15:18,6.690,0.004,0,0,0,0,v
2014-03-07 15:24,6.688,0.006,0,0,0,0,v
2014-03-07 15:30,6.688,0.003,0,0,0,0,v
2014-03-07 15:36,6.702,0.002,0,0,0,0,v
2014-03-07 15:42,6.705,0.003,0,0,0,0,v
2014-03-07 15:48,6.704,0.004,0,0,0,0,v
2014-03-07 15:54,6.707,0.002,0,0,0,0,v
2014-03-07 16:00,6.715,0.003,0,0,0,0,v
2014-03-07 16:06,6.719,0.002,0,0,0,0,v
2014-03-07 16:12,6.733,0.004,0,0,0,0,v
2014-03-07 16:18,6.715,0.002,0,0,0,0,v
2014-03-07 16:24,6.717,0.003,0,0,0,0,v
2014-03-07 16:30,6.722,0.002,0,0,0,0,v
2014-03-07 16:36,6.707,0.004,0,0,0,0,v
2014-03-07 16:42,6.715,0.003,0,0,0,0,v
2014-03-07 16:48,6.721,0.003,0,0,0,0,v
2014-03-07 16:54,6.726,0.002,0,0,0,0,v
2014-03-07 17:00,6.724,0.003,0,0,0,0,v
2014-03-07 17:06,6.730,0.003,0,0,0,0,v
2014-03-07 17:12,6.720,0.004,0,0,0,0,v
2014-03-07 17:18,6.701,0.002,0,0,0,0,v
2014-03-07 17:24,6.690,0.004,0,0,0,0,v
2014-03-07 17:30,6.700,0.003,0,0,0,0,v
2014-03-07 17:36,6.710,0.002,0,0,0,0,v
2014-03-07 17:42,6.721,0.002,0,0,0,0,v
2014-03-07 17:48,6.706,0.005,0,0,0,0,v
2014-03-07 17:54,6.695,0.003,0,0,0,0,v
2014-03-07 18:00,6.696,0.004,0,0,0,0,v
2014-03-07 18:06,6.700,0.002,0,0,0,0,v
2014-03-07 18:12,6.683,0.002,0,0,0,0,v
2014-03-07 18:18,6.696,0.002,0,0,0,0,v
2014-03-07 18:24,6.703,0.002,0,0,0,0,v
2014-03-07 18:30,6.706,0.003,0,0,0,0,v
2014-03-07 18:36,6.685,0.004,0,0,0,0,v
2014-03-07 18:42,6.692,0.003,0,0,0,0,v
2014-03-07 18:48,6.688,0.003,0,0,0,0,v
2014-03-07 18:54,6.690,0.002,0,0,0,0,v
2014-03-07 19:00,6.681,0.002,0,0,0,0,v
2014-03-07 19:06,6.672,0.002,0,0,0,0,v
2014-03-07 19:12,6.671,0.003,0,0,0,0,v
2014-03-07 19:18,6.663,0.003,0,0,0,0,v
2014-03-07 19:24,6.664,0.003,0,0,0,0,v
2014-03-07 19:30,6.667,0.002,0,0,0,0,v
2014-03-07 19:36,6.669,0.003,0,0,0,0,v
2014-03-07 19:42,6.674,0.003,0,0,0,0,v
2014-03-07 19:48,6.675,0.002,0,0,0,0,v
2014-03-07 19:54,6.679,0.002,0,0,0,0,v
2014-03-07 20:00,6.679,0.003,0,0,0,0,v
2014-03-07 20:06,6.679,0.003,0,0,0,0,v
2014-03-07 20:12,6.699,0.003,0,0,0,0,v
2014-03-07 20:18,6.689,0.004,0,0,0,0,v
2014-03-07 20:24,6.672,0.002,0,0,0,0,v
2014-03-07 20:30,6.686,0.007,0,0,0,0,v
2014-03-07 20:36,6.684,0.003,0,0,0,0,v
2014-03-07 20:42,6.677,0.003,0,0,0,0,v
2014-03-07 20:48,6.702,0.005,0,0,0,0,v
2014-03-07 20:54,6.695,0.003,0,0,0,0,v
2014-03-07 21:00,6.678,0.002,0,0,0,0,v
2014-03-07 21:06,6.692,0.003,0,0,0,0,v
2014-03-07 21:12,6.696,0.003,0,0,0,0,v
2014-03-07 21:18,6.669,0.003,0,0,0,0,v
2014-03-07 21:24,6.670,0.003,0,0,0,0,v
2014-03-07 21:30,6.686,0.002,0,0,0,0,v
2014-03-07 21:36,6.677,0.003,0,0,0,0,v
2014-03-07 21:42,6.684,0.003,0,0,0,0,v
2014-03-07 21:48,6.695,0.002,0,0,0,0,v
2014-03-07 21:54,6.699,0.003,0,0,0,0,v
2014-03-07 22:00,6.696,0.003,0,0,0,0,v
2014-03-07 22:06,6.673,0.001,0,0,0,0,v
2014-03-07 22:12,6.678,0.004,0,0,0,0,v
2014-03-07 22:18,6.663,0.004,0,0,0,0,v
2014-03-07 22:24,6.657,0.001,0,0,0,0,v
2014-03-07 22:30,6.673,0.002,0,0,0,0,v
2014-03-07 22:36,6.674,0.002,0,0,0,0,v
2014-03-07 22:42,6.683,0.002,0,0,0,0,v
2014-03-07 22:48,6.683,0.004,0,0,0,0,v
2014-03-07 22:54,6.679,0.002,0,0,0,0,v
2014-03-07 23:00,6.659,0.002,0,0,0,0,v
2014-03-07 23:06,6.646,0.004,0,0,0,0,v
2014-03-07 23:12,6.664,0.002,0,0,0,0,v
2014-03-07 23:18,6.655,0.003,0,0,0,0,v
2014-03-07 23:24,6.676,0.004,0,0,0,0,v
2014-03-07 23:30,6.662,0.003,0,0,0,0,v
2014-03-07 23:36,6.662,0.003,0,0,0,0,v
2014-03-07 23:42,6.663,0.003,0,0,0,0,v
2014-03-07 23:48,6.675,0.002,0,0,0,0,v
2014-03-07 23:54,6.660,0.004,0,0,0,0,v
2014-03-08 00:00,6.646,0.003,0,0,0,0,v
2014-03-08 00:06,6.644,0.002,0,0,0,0,v
2014-03-08 00:12,6.654,0.003,0,0,0,0,v
2014-03-08 00:18,6.663,0.002,0,0,0,0,v
2014-03-08 00:24,6.640,0.003,0,0,0,0,v
2014-03-08 00:30,6.635,0.002,0,0,0,0,v
2014-03-08 00:36,6.630,0.002,0,0,0,0,v
2014-03-08 00:42,6.626,0.002,0,0,0,0,v
2014-03-08 00:48,6.616,0.002,0,0,0,0,v
2014-03-08 00:54,6.621,0.002,0,0,0,0,v
2014-03-08 01:00,6.620,0.003,0,0,0,0,v
2014-03-08 01:06,6.627,0.004,0,0,0,0,v
2014-03-08 01:12,6.632,0.002,0,0,0,0,v
2014-03-08 01:18,6.630,0.002,0,0,0,0,v
2014-03-08 01:24,6.633,0.002,0,0,0,0,v
2014-03-08 01:30,6.603,0.004,0,0,0,0,v
2014-03-08 01:36,6.595,0.002,0,0,0,0,v
2014-03-08 01:42,6.614,0.002,0,0,0,0,v
2014-03-08 01:48,6.610,0.004,0,0,0,0,v
2014-03-08 01:54,6.595,0.002,0,0,0,0,v
2014-03-08 02:00,6.595,0.003,0,0,0,0,v
2014-03-08 02:06,6.596,0.003,0,0,0,0,v
2014-03-08 02:12,6.594,0.002,0,0,0,0,v
2014-03-08 02:18,6.586,0.002,0,0,0,0,v
2014-03-08 02:24,6.592,0.001,0,0,0,0,v
2014-03-08 02:30,6.580,0.003,0,0,0,0,v
2014-03-08 02:36,6.587,0.002,0,0,0,0,v
2014-03-08 02:42,6.581,0.005,0,0,0,0,v
2014-03-08 02:48,6.574,0.003,0,0,0,0,v
2014-03-08 02:54,6.584,0.003,0,0,0,0,v
2014-03-08 03:00,6.589,0.005,0,0,0,0,v
2014-03-08 03:06,6.577,0.005,0,0,0,0,v
2014-03-08 03:12,6.562,0.004,0,0,0,0,v
2014-03-08 03:18,6.567,0.002,0,0,0,0,v
2014-03-08 03:24,6.536,0.003,0,0,0,0,v
2014-03-08 03:30,6.540,0.002,0,0,0,0,v
2014-03-08 03:36,6.553,0.005,0,0,0,0,v
2014-03-08 03:42,6.543,0.005,0,0,0,0,v
2014-03-08 03:48,6.532,0.003,0,0,0,0,v
2014-03-08 03:54,6.522,0.003,0,0,0,0,v
2014-03-08 04:00,6.525,0.003,0,0,0,0,v
2014-03-08 04:06,6.485,0.002,0,0,0,0,v
2014-03-08 04:12,6.485,0.003,0,0,0,0,v
2014-03-08 04:18,6.468,0.002,0,0,0,0,v
2014-03-08 04:24,6.464,0.005,0,0,0,0,v
2014-03-08 04:30,6.457,0.003,0,0,0,0,v
2014-03-08 04:36,6.463,0.002,0,0,0,0,v
2014-03-08 04:42,6.458,0.004,0,0,0,0,v
2014-03-08 04:48,6.448,0.003,0,0,0,0,v
2014-03-08 04:54,6.454,0.002,0,0,0,0,v
2014-03-08 05:00,6.477,0.003,0,0,0,0,v
2014-03-08 05:06,6.455,0.005,0,0,0,0,v
2014-03-08 05:12,6.432,0.003,0,0,0,0,v
2014-03-08 05:18,6.416,0.003,0,0,0,0,v
2014-03-08 05:24,6.408,0.002,0,0,0,0,v
2014-03-08 05:30,6.401,0.003,0,0,0,0,v
2014-03-08 05:36,6.397,0.002,0,0,0,0,v
2014-03-08 05:42,6.397,0.002,0,0,0,0,v
2014-03-08 05:48,6.392,0.005,0,0,0,0,v
2014-03-08 05:54,6.381,0.002,0,0,0,0,v
2014-03-08 06:00,6.361,0.003,0,0,0,0,v
2014-03-08 06:06,6.358,0.006,0,0,0,0,v
2014-03-08 06:12,6.357,0.006,0,0,0,0,v
2014-03-08 06:18,6.357,0.005,0,0,0,0,v
2014-03-08 06:24,6.378,0.002,0,0,0,0,v
2014-03-08 06:30,6.381,0.003,0,0,0,0,v
2014-03-08 06:36,6.380,0.002,0,0,0,0,v
2014-03-08 06:42,6.371,0.003,0,0,0,0,v
2014-03-08 06:48,6.362,0.002,0,0,0,0,v
2014-03-08 06:54,6.351,0.002,0,0,0,0,v
2014-03-08 07:00,6.334,0.002,0,0,0,0,v
2014-03-08 07:06,6.349,0.004,0,0,0,0,v
2014-03-08 07:12,6.357,0.002,0,0,0,0,v
2014-03-08 07:18,6.348,0.003,0,0,0,0,v
2014-03-08 07:24,6.346,0.002,0,0,0,0,v
2014-03-08 07:30,6.336,0.003,0,0,0,0,v
2014-03-08 07:36,6.338,0.004,0,0,0,0,v
2014-03-08 07:42,6.340,0.003,0,0,0,0,v
2014-03-08 07:48,6.350,0.003,0,0,0,0,v
2014-03-08 07:54,6.330,0.003,0,0,0,0,v
2014-03-08 08:00,6.350,0.003,0,0,0,0,v
2014-03-08 08:06,6.344,0.003,0,0,0,0,v
2014-03-08 08:12,6.326,0.003,0,0,0,0,v
2014-03-08 08:18,6.334,0.004,0,0,0,0,v
2014-03-08 08:24,6.343,0.003,0,0,0,0,v
2014-03-08 08:30,6.333,0.003,0,0,0,0,v
2014-03-08 08:36,6.344,0.006,0,0,0,0,v
2014-03-08 08:42,6.334,0.003,0,0,0,0,v
2014-03-08 08:48,6.337,0.004,0,0,0,0,v
2014-03-08 08:54,6.354,0.003,0,0,0,0,v
2014-03-08 09:00,6.358,0.002,0,0,0,0,v
2014-03-08 09:06,6.353,0.003,0,0,0,0,v
2014-03-08 09:12,6.345,0.004,0,0,0,0,v
2014-03-08 09:18,6.375,0.005,0,0,0,0,v
2014-03-08 09:24,6.357,0.005,0,0,0,0,v
2014-03-08 09:30,6.352,0.003,0,0,0,0,v
2014-03-08 09:36,6.360,0.004,0,0,0,0,v
2014-03-08 09:42,6.365,0.004,0,0,0,0,v
2014-03-08 09:48,6.373,0.004,0,0,0,0,v
2014-03-08 09:54,6.378,0.003,0,0,0,0,v
2014-03-08 10:00,6.386,0.005,0,0,0,0,v
2014-03-08 10:06,6.398,0.004,0,0,0,0,v
2014-03-08 10:12,6.416,0.003,0,0,0,0,v
2014-03-08 10:18,6.414,0.005,0,0,0,0,v
2014-03-08 10:24,6.429,0.003,0,0,0,0,v
2014-03-08 10:30,6.438,0.004,0,0,0,0,v
2014-03-08 10:36,6.439,0.003,0,0,0,0,v
2014-03-08 10:42,6.418,0.003,0,0,0,0,v
2014-03-08 10:48,6.433,0.004,0,0,0,0,v
2014-03-08 10:54,6.431,0.004,0,0,0,0,v
2014-03-08 11:00,6.436,0.006,0,0,0,0,v
2014-03-08 11:06,6.439,0.004,0,0,0,0,v
2014-03-08 11:12,6.456,0.005,0,0,0,0,v
2014-03-08 11:18,6.446,0.003,0,0,0,0,v
2014-03-08 11:24,6.456,0.004,0,0,0,0,v
2014-03-08 11:30,6.474,0.006,0,0,0,0,v
2014-03-08 11:36,6.473,0.004,0,0,0,0,v
2014-03-08 11:42,6.481,0.005,0,0,0,0,v
2014-03-08 11:48,6.502,0.007,0,0,0,0,v
2014-03-08 11:54,6.539,0.004,0,0,0,0,v
2014-03-08 12:00,6.515,0.005,0,0,0,0,v
2014-03-08 12:06,6.527,0.004,0,0,0,0,v
2014-03-08 12:12,6.545,0.005,0,0,0,0,v
2014-03-08 12:18,6.552,0.003,0,0,0,0,v
2014-03-08 12:24,6.556,0.002,0,0,0,0,v
2014-03-08 12:30,6.551,0.004,0,0,0,0,v
2014-03-08 12:36,6.581,0.007,0,0,0,0,v
2014-03-08 12:42,6.607,0.006,0,0,0,0,v
2014-03-08 12:48,6.612,0.003,0,0,0,0,v
2014-03-08 12:54,6.603,0.003,0,0,0,0,v
2014-03-08 13:00,6.592,0.005,0,0,0,0,v
2014-03-08 13:06,6.602,0.006,0,0,0,0,v
2014-03-08 13:12,6.611,0.004,0,0,0,0,v
2014-03-08 13:18,6.615,0.004,0,0,0,0,v
2014-03-08 13:24,6.633,0.004,0,0,0,0,v
2014-03-08 13:30,6.627,0.004,0,0,0,0,v
2014-03-08 13:36,6.639,0.004,0,0,0,0,v
2014-03-08 13:42,6.634,0.004,0,0,0,0,v
2014-03-08 13:48,6.630,0.008,0,0,0,0,v
2014-03-08 13:54,6.637,0.006,0,0,0,0,v
2014-03-08 14:00,6.632,0.005,0,0,0,0,v
2014-03-08 14:06,6.647,0.004,0,0,0,0,v
2014-03-08 14:12,6.662,0.004,0,0,0,0,v
2014-03-08 14:18,6.657,0.006,0,0,0,0,v
2014-03-08 14:24,6.673,0.005,0,0,0,0,v
2014-03-08 14:30,6.687,0.006,0,0,0,0,v
2014-03-08 14:36,6.672,0.004,0,0,0,0,v
2014-03-08 14:42,6.659,0.006,0,0,0,0,v
2014-03-08 14:48,6.688,0.005,0,0,0,0,v
2014-03-08 14:54,6.687,0.006,0,0,0,0,v
2014-03-08 15:00,6.693,0.004,0,0,0,0,v
2014-03-08 15:06,6.698,0.004,0,0,0,0,v
2014-03-08 15:12,6.693,0.005,0,0,0,0,v
2014-03-08 15:18,6.716,0.009,0,0,0,0,v
2014-03-08 15:24,6.743,0.007,0,0,0,0,v
2014-03-08 15:30,6.736,0.007,0,0,0,0,v
2014-03-08 15:36,6.731,0.005,0,0,0,0,v
2014-03-08 15:42,6.741,0.006,0,0,0,0,v
2014-03-08 15:48,6.738,0.005,0,0,0,0,v
2014-03-08 15:54,6.746,0.005,0,0,0,0,v
2014-03-08 16:00,6.753,0.006,0,0,0,0,v
2014-03-08 16:06,6.775,0.005,0,0,0,0,v
2014-03-08 16:12,6.765,0.007,0,0,0,0,v
2014-03-08 16:18,6.765,0.009,0,0,0,0,v
2014-03-08 16:24,6.752,0.007,0,0,0,0,v
2014-03-08 16:30,6.753,0.009,0,0,0,0,v
2014-03-08 16:36,6.765,0.005,0,0,0,0,v
2014-03-08 16:42,6.788,0.004,0,0,0,0,v
2014-03-08 16:48,6.795,0.005,0,0,0,0,v
2014-03-08 16:54,6.800,0.011,0,0,0,0,v
2014-03-08 17:00,6.793,0.008,0,0,0,0,v
2014-03-08 17:06,6.784,0.004,0,0,0,0,v
2014-03-08 17:12,6.812,0.005,0,0,0,0,v
2014-03-08 17:18,6.798,0.007,0,0,0,0,v
2014-03-08 17:24,6.776,0.005,0,0,0,0,v
2014-03-08 17:30,6.791,0.007,0,0,0,0,v
2014-03-08 17:36,6.778,0.006,0,0,0,0,v
2014-03-08 17:42,6.767,0.009,0,0,0,0,v
2014-03-08 17:48,6.775,0.010,0,0,0,0,v
2014-03-08 17:54,6.781,0.009,0,0,0,0,v
2014-03-08 18:00,6.794,0.009,0,0,0,0,v
2014-03-08 18:06,6.804,0.007,0,0,0,0,v
2014-03-08 18:12,6.816,0.009,0,0,0,0,v
2014-03-08 18:18,6.808,0.007,0,0,0,0,v
2014-03-08 18:24,6.804,0.006,0,0,0,0,v
2014-03-08 18:30,6.787,0.004,0,0,0,0,v
2014-03-08 18:36,6.760,0.006,0,0,0,0,v
2014-03-08 18:42,6.790,0.004,0,0,0,0,v
2014-03-08 18:48,6.786,0.006,0,0,0,0,v
2014-03-08 18:54,6.770,0.005,0,0,0,0,v
2014-03-08 19:00,6.789,0.006,0,0,0,0,v
2014-03-08 19:06,6.771,0.007,0,0,0,0,v
2014-03-08 19:12,6.783,0.009,0,0,0,0,v
2014-03-08 19:18,6.778,0.006,0,0,0,0,v
2014-03-08 19:24,6.787,0.007,0,0,0,0,v
2014-03-08 19:30,6.775,0.005,0,0,0,0,v
2014-03-08 19:36,6.773,0.007,0,0,0,0,v
2014-03-08 19:42,6.777,0.006,0,0,0,0,v
2014-03-08 19:48,6.771,0.006,0,0,0,0,v
2014-03-08 19:54,6.782,0.006,0,0,0,0,v
2014-03-08 20:00,6.776,0.011,0,0,0,0,v
2014-03-08 20:06,6.783,0.010,0,0,0,0,v
2014-03-08 20:12,6.798,0.005,0,0,0,0,v
2014-03-08 20:18,6.800,0.006,0,0,0,0,v
2014-03-08 20:24,6.793,0.011,0,0,0,0,v
2014-03-08 20:30,6.789,0.009,0,0,0,0,v
2014-03-08 20:36,6.779,0.006,0,0,0,0,v
2014-03-08 20:42,6.779,0.010,0,0,0,0,v
2014-03-08 20:48,6.775,0.009,0,0,0,0,v
2014-03-08 20:54,6.776,0.008,0,0,0,0,v
2014-03-08 21:00,6.746,0.006,0,0,0,0,v
2014-03-08 21:06,6.762,0.005,0,0,0,0,v
2014-03-08 21:12,6.761,0.007,0,0,0,0,v
2014-03-08 21:18,6.753,0.010,0,0,0,0,v
2014-03-08 21:24,6.762,0.006,0,0,0,0,v
2014-03-08 21:30,6.772,0.009,0,0,0,0,v
2014-03-08 21:36,6.766,0.006,0,0,0,0,v
2014-03-08 21:42,6.773,0.007,0,0,0,0,v
2014-03-08 21:48,6.767,0.005,0,0,0,0,v
2014-03-08 21:54,6.756,0.006,0,0,0,0,v
2014-03-08 22:00,6.741,0.007,0,0,0,0,v
2014-03-08 22:06,6.759,0.013,0,0,0,0,v
2014-03-08 22:12,6.771,0.007,0,0,0,0,v
2014-03-08 22:18,6.771,0.005,0,0,0,0,v
2014-03-08 22:24,6.745,0.006,0,0,0,0,v
2014-03-08 22:30,6.778,0.006,0,0,0,0,v
2014-03-08 22:36,6.761,0.007,0,0,0,0,v
2014-03-08 22:42,6.752,0.010,0,0,0,0,v
2014-03-08 22:48,6.763,0.005,0,0,0,0,v
2014-03-08 22:54,6.764,0.006,0,0,0,0,v
2014-03-08 23:00,6.770,0.008,0,0,0,0,v
2014-03-08 23:06,6.762,0.006,0,0,0,0,v
2014-03-08 23:12,6.770,0.006,0,0,0,0,v
2014-03-08 23:18,6.759,0.007,0,0,0,0,v
2014-03-08 23:24,6.758,0.006,0,0,0,0,v
2014-03-08 23:30,6.765,0.007,0,0,0,0,v
2014-03-08 23:36,6.780,0.006,0,0,0,0,v
2014-03-08 23:42,6.759,0.007,0,0,0,0,v
2014-03-08 23:48,6.747,0.008,0,0,0,0,v
2014-03-08 23:54,6.725,0.008,0,0,0,0,v
2014-03-09 00:00,6.742,0.007,0,0,0,0,v
2014-03-09 00:06,6.742,0.005,0,0,0,0,v
2014-03-09 00:12,6.731,0.005,0,0,0,0,v
2014-03-09 00:18,6.723,0.006,0,0,0,0,v
2014-03-09 00:24,6.725,0.004,0,0,0,0,v
2014-03-09 00:30,6.710,0.008,0,0,0,0,v
2014-03-09 00:36,6.718,0.009,0,0,0,0,v
2014-03-09 00:42,6.729,0.007,0,0,0,0,v
2014-03-09 00:48,6.719,0.008,0,0,0,0,v
2014-03-09 00:54,6.721,0.007,0,0,0,0,v
2014-03-09 01:00,6.707,0.010,0,0,0,0,v
2014-03-09 01:06,6.708,0.008,0,0,0,0,v
2014-03-09 01:12,6.708,0.008,0,0,0,0,v
2014-03-09 01:18,6.688,0.004,0,0,0,0,v
2014-03-09 01:24,6.674,0.005,0,0,0,0,v
2014-03-09 01:30,6.679,0.007,0,0,0,0,v
2014-03-09 01:36,6.680,0.008,0,0,0,0,v
2014-03-09 01:42,6.673,0.005,0,0,0,0,v
2014-03-09 01:48,6.691,0.004,0,0,0,0,v
2014-03-09 01:54,6.704,0.005,0,0,0,0,v
2014-03-09 02:00,6.692,0.004,0,0,0,0,v
2014-03-09 02:06,6.692,0.008,0,0,0,0,v
2014-03-09 02:12,6.713,0.006,0,0,0,0,v
2014-03-09 02:18,6.714,0.004,0,0,0,0,v
2014-03-09 02:24,6.714,0.008,0,0,0,0,v
2014-03-09 02:30,6.693,0.006,0,0,0,0,v
2014-03-09 02:36,6.679,0.008,0,0,0,0,v
2014-03-09 02:42,6.669,0.006,0,0,0,0,v
2014-03-09 02:48,6.659,0.009,0,0,0,0,v
2014-03-09 02:54,6.670,0.005,0,0,0,0,v
2014-03-09 03:00,6.658,0.006,0,0,0,0,v
2014-03-09 03:06,6.654,0.004,0,0,0,0,v
2014-03-09 03:12,6.640,0.009,0,0,0,0,v
2014-03-09 03:18,6.649,0.007,0,0,0,0,v
2014-03-09 03:24,6.641,0.005,0,0,0,0,v
2014-03-09 03:30,6.627,0.007,0,0,0,0,v
2014-03-09 03:36,6.624,0.006,0,0,0,0,v
2014-03-09 03:42,6.608,0.005,0,0,0,0,v
2014-03-09 03:48,6.614,0.007,0,0,0,0,v
2014-03-09 03:54,6.608,0.008,0,0,0,0,v
2014-03-09 04:00,6.587,0.008,0,0,0,0,v
2014-03-09 04:06,6.577,0.005,0,0,0,0,v
2014-03-09 04:12,6.586,0.005,0,0,0,0,v
2014-03-09 04:18,6.588,0.007,0,0,0,0,v
2014-03-09 04:24,6.582,0.005,0,0,0,0,v
2014-03-09 04:30,6.569,0.008,0,0,0,0,v
2014-03-09 04:36,6.564,0.008,0,0,0,0,v
2014-03-09 04:42,6.561,0.009,0,0,0,0,v
2014-03-09 04:48,6.546,0.007,0,0,0,0,v
2014-03-09 04:54,6.526,0.010,0,0,0,0,v
2014-03-09 05:00,6.535,0.006,0,0,0,0,v
2014-03-09 05:06,6.544,0.006,0,0,0,0,v
2014-03-09 05:12,6.532,0.006,0,0,0,0,v
2014-03-09 05:18,6.517,0.006,0,0,0,0,v
2014-03-09 05:24,6.504,0.007,0,0,0,0,v
2014-03-09 05:30,6.483,0.006,0,0,0,0,v
2014-03-09 05:36,6.479,0.006,0,0,0,0,v
2014-03-09 05:42,6.472,0.005,0,0,0,0,v
2014-03-09 05:48,6.452,0.004,0,0,0,0,v
2014-03-09 05:54,6.438,0.005,0,0,0,0,v
2014-03-09 06:00,6.444,0.006,0,0,0,0,v
2014-03-09 06:06,6.440,0.005,0,0,0,0,v
2014-03-09 06:12,6.411,0.008,0,0,0,0,v
2014-03-09 06:18,6.406,0.007,0,0,0,0,v
2014-03-09 06:24,6.410,0.006,0,0,0,0,v
2014-03-09 06:30,6.381,0.007,0,0,0,0,v
2014-03-09 06:36,6.387,0.005,0,0,0,0,v
2014-03-09 06:42,6.385,0.006,0,0,0,0,v
2014-03-09 06:48,6.382,0.006,0,0,0,0,v
2014-03-09 06:54,6.405,0.005,0,0,0,0,v
2014-03-09 07:00,6.408,0.004,0,0,0,0,v
2014-03-09 07:06,6.390,0.006,0,0,0,0,v
2014-03-09 07:12,6.387,0.009,0,0,0,0,v
2014-03-09 07:18,6.376,0.004,0,0,0,0,v
2014-03-09 07:24,6.364,0.005,0,0,0,0,v
2014-03-09 07:30,6.342,0.004,0,0,0,0,v
2014-03-09 07:36,6.345,0.006,0,0,0,0,v
2014-03-09 07:42,6.344,0.007,0,0,0,0,v
2014-03-09 07:48,6.354,0.006,0,0,0,0,v
2014-03-09 07:54,6.350,0.006,0,0,0,0,v
2014-03-09 08:00,6.349,0.005,0,0,0,0,v
2014-03-09 08:06,6.332,0.004,0,0,0,0,v
2014-03-09 08:12,6.324,0.007,0,0,0,0,v
2014-03-09 08:18,6.345,0.006,0,0,0,0,v
2014-03-09 08:24,6.337,0.006,0,0,0,0,v
2014-03-09 08:30,6.335,0.005,0,0,0,0,v
2014-03-09 08:36,6.333,0.008,0,0,0,0,v
2014-03-09 08:42,6.340,0.009,0,0,0,0,v
2014-03-09 08:48,6.341,0.005,0,0,0,0,v
2014-03-09 08:54,6.332,0.005,0,0,0,0,v
2014-03-09 09:00,6.362,0.005,0,0,0,0,v
2014-03-09 09:06,6.353,0.005,0,0,0,0,v
2014-03-09 09:12,6.355,0.006,0,0,0,0,v
2014-03-09 09:18,6.349,0.005,0,0,0,0,v
2014-03-09 09:24,6.355,0.008,0,0,0,0,v
2014-03-09 09:30,6.355,0.007,0,0,0,0,v
2014-03-09 09:36,6.343,0.005,0,0,0,0,v
2014-03-09 09:42,6.312,0.006,0,0,0,0,v
2014-03-09 09:48,6.337,0.005,0,0,0,0,v
2014-03-09 09:54,6.337,0.005,0,0,0,0,v
2014-03-09 10:00,6.306,0.004,0,0,0,0,v
2014-03-09 10:06,6.306,0.006,0,0,0,0,v
2014-03-09 10:12,6.327,0.004,0,0,0,0,v
2014-03-09 10:18,6.317,0.008,0,0,0,0,v
2014-03-09 10:24,6.336,0.008,0,0,0,0,v
2014-03-09 10:30,6.331,0.006,0,0,0,0,v
2014-03-09 10:36,6.332,0.006,0,0,0,0,v
2014-03-09 10:42,6.347,0.006,0,0,0,0,v
2014-03-09 10:48,6.324,0.007,0,0,0,0,v
2014-03-09 10:54,6.339,0.007,0,0,0,0,v
2014-03-09 11:00,6.367,0.007,0,0,0,0,v
2014-03-09 11:06,6.407,0.007,0,0,0,0,v
2014-03-09 11:12,6.413,0.006,0,0,0,0,v
2014-03-09 11:18,6.375,0.006,0,0,0,0,v
2014-03-09 11:24,6.392,0.005,0,0,0,0,v
2014-03-09 11:30,6.419,0.006,0,0,0,0,v
2014-03-09 11:36,6.418,0.007,0,0,0,0,v
2014-03-09 11:42,6.430,0.007,0,0,0,0,v
2014-03-09 11:48,6.468,0.006,0,0,0,0,v
2014-03-09 11:54,6.474,0.006,0,0,0,0,v
2014-03-09 12:00,6.451,0.006,0,0,0,0,v
2014-03-09 12:06,6.498,0.006,0,0,0,0,v
2014-03-09 12:12,6.532,0.008,0,0,0,0,v
2014-03-09 12:18,6.515,0.006,0,0,0,0,v
2014-03-09 12:24,6.528,0.006,0,0,0,0,v
2014-03-09 12:30,6.551,0.007,0,0,0,0,v
2014-03-09 12:36,6.544,0.004,0,0,0,0,v
2014-03-09 12:42,6.529,0.007,0,0,0,0,v
2014-03-09 12:48,6.546,0.005,0,0,0,0,v
2014-03-09 12:54,6.537,0.008,0,0,0,0,v
2014-03-09 13:00,6.509,0.009,0,0,0,0,v
2014-03-09 13:06,6.520,0.006,0,0,0,0,v
2014-03-09 13:12,6.582,0.010,0,0,0,0,v
2014-03-09 13:18,6.601,0.008,0,0,0,0,v
2014-03-09 13:24,6.566,0.009,0,0,0,0,v
2014-03-09 13:30,6.543,0.006,0,0,0,0,v
2014-03-09 13:36,6.585,0.006,0,0,0,0,v
2014-03-09 13:42,6.586,0.005,0,0,0,0,v
2014-03-09 13:48,6.612,0.007,0,0,0,0,v
2014-03-09 13:54,6.639,0.005,0,0,0,0,v
2014-03-09 14:00,6.651,0.005,0,0,0,0,v
2014-03-09 14:06,6.633,0.008,0,0,0,0,v
2014-03-09 14:12,6.605,0.008,0,0,0,0,v
2014-03-09 14:18,6.659,0.007,0,0,0,0,v
2014-03-09 14:24,6.670,0.005,0,0,0,0,v
2014-03-09 14:30,6.657,0.009,0,0,0,0,v
2014-03-09 14:36,6.683,0.005,0,0,0,0,v
2014-03-09 14:42,6.651,0.004,0,0,0,0,v
2014-03-09 14:48,6.678,0.005,0,0,0,0,v
2014-03-09 14:54,6.688,0.005,0,0,0,0,v
2014-03-09 15:00,6.684,0.005,0,0,0,0,v
2014-03-09 15:06,6.667,0.005,0,0,0,0,v
2014-03-09 15:12,6.663,0.004,0,0,0,0,v
2014-03-09 15:18,6.650,0.004,0,0,0,0,v
2014-03-09 15:24,6.697,0.006,0,0,0,0,v
2014-03-09 15:30,6.708,0.003,0,0,0,0,v
2014-03-09 15:36,6.702,0.005,0,0,0,0,v
2014-03-09 15:42,6.717,0.005,0,0,0,0,v
2014-03-09 15:48,6.693,0.005,0,0,0,0,v
2014-03-09 15:54,6.716,0.006,0,0,0,0,v
2014-03-09 16:00,6.721,0.004,0,0,0,0,v
2014-03-09 16:06,6.735,0.005,0,0,0,0,v
2014-03-09 16:12,6.706,0.005,0,0,0,0,v
2014-03-09 16:18,6.686,0.007,0,0,0,0,v
2014-03-09 16:24,6.664,0.004,0,0,0,0,v
2014-03-09 16:30,6.672,0.005,0,0,0,0,v
2014-03-09 16:36,6.654,0.004,0,0,0,0,v
2014-03-09 16:42,6.626,0.004,0,0,0,0,v
2014-03-09 16:48,6.655,0.009,0,0,0,0,v
2014-03-09 16:54,6.687,0.006,0,0,0,0,v
2014-03-09 17:00,6.681,0.004,0,0,0,0,v
2014-03-09 17:06,6.701,0.007,0,0,0,0,v
2014-03-09 17:12,6.747,0.005,0,0,0,0,v
2014-03-09 17:18,6.725,0.005,0,0,0,0,v
2014-03-09 17:24,6.739,0.004,0,0,0,0,v
2014-03-09 17:30,6.746,0.005,0,0,0,0,v
2014-03-09 17:36,6.744,0.004,0,0,0,0,v
2014-03-09 17:42,6.747,0.004,0,0,0,0,v
2014-03-09 17:48,6.777,0.006,0,0,0,0,v
2014-03-09 17:54,6.793,0.004,0,0,0,0,v
2014-03-09 18:00,6.801,0.005,0,0,0,0,v
2014-03-09 18:06,6.796,0.004,0,0,0,0,v
2014-03-09 18:12,6.796,0.005,0,0,0,0,v
2014-03-09 18:18,6.796,0.003,0,0,0,0,v
2014-03-09 18:24,6.803,0.004,0,0,0,0,v
2014-03-09 18:30,6.823,0.003,0,0,0,0,v
2014-03-09 18:36,6.815,0.004,0,0,0,0,v
2014-03-09 18:42,6.837,0.005,0,0,0,0,v
2014-03-09 18:48,6.836,0.005,0,0,0,0,v
2014-03-09 18:54,6.832,0.004,0,0,0,0,v
2014-03-09 19:00,6.834,0.006,0,0,0,0,v
2014-03-09 19:06,6.798,0.004,0,0,0,0,v
2014-03-09 19:12,6.789,0.003,0,0,0,0,v
2014-03-09 19:18,6.784,0.005,0,0,0,0,v
2014-03-09 19:24,6.755,0.007,0,0,0,0,v
2014-03-09 19:30,6.714,0.005,0,0,0,0,v
2014-03-09 19:36,6.743,0.006,0,0,0,0,v
2014-03-09 19:42,6.765,0.006,0,0,0,0,v
2014-03-09 19:48,6.727,0.005,0,0,0,0,v
2014-03-09 19:54,6.742,0.005,0,0,0,0,v
2014-03-09 20:00,6.784,0.004,0,0,0,0,v
2014-03-09 20:06,6.754,0.005,0,0,0,0,v
2014-03-09 20:12,6.725,0.004,0,0,0,0,v
2014-03-09 20:18,6.756,0.005,0,0,0,0,v
2014-03-09 20:24,6.730,0.005,0,0,0,0,v
2014-03-09 20:30,6.711,0.009,0,0,0,0,v
2014-03-09 20:36,6.756,0.004,0,0,0,0,v
2014-03-09 20:42,6.751,0.006,0,0,0,0,v
2014-03-09 20:48,6.762,0.006,0,0,0,0,v
2014-03-09 20:54,6.725,0.005,0,0,0,0,v
2014-03-09 21:00,6.774,0.009,0,0,0,0,v
2014-03-09 21:06,6.793,0.004,0,0,0,0,v
2014-03-09 21:12,6.753,0.005,0,0,0,0,v
2014-03-09 21:18,6.772,0.005,0,0,0,0,v
2014-03-09 21:24,6.753,0.005,0,0,0,0,v
2014-03-09 21:30,6.724,0.005,0,0,0,0,v
2014-03-09 21:36,6.779,0.012,0,0,0,0,v
2014-03-09 21:42,6.806,0.013,0,0,0,0,v
2014-03-09 21:48,6.727,0.005,0,0,0,0,v
2014-03-09 21:54,6.771,0.005,0,0,0,0,v
2014-03-09 22:00,6.752,0.005,0,0,0,0,v
2014-03-09 22:06,6.752,0.007,0,0,0,0,v
2014-03-09 22:12,6.760,0.010,0,0,0,0,v
2014-03-09 22:18,6.771,0.005,0,0,0,0,v
2014-03-09 22:24,6.772,0.010,0,0,0,0,v
2014-03-09 22:30,6.726,0.007,0,0,0,0,v
2014-03-09 22:36,6.739,0.006,0,0,0,0,v
2014-03-09 22:42,6.719,0.007,0,0,0,0,v
2014-03-09 22:48,6.707,0.007,0,0,0,0,v
2014-03-09 22:54,6.637,0.005,0,0,0,0,v
2014-03-09 23:00,6.679,0.008,0,0,0,0,v
2014-03-09 23:06,6.685,0.007,0,0,0,0,v
2014-03-09 23:12,6.676,0.003,0,0,0,0,v
2014-03-09 23:18,6.691,0.005,0,0,0,0,v
2014-03-09 23:24,6.703,0.008,0,0,0,0,v
2014-03-09 23:30,6.713,0.007,0,0,0,0,v
2014-03-09 23:36,6.739,0.005,0,0,0,0,v
2014-03-09 23:42,6.693,0.005,0,0,0,0,v
2014-03-09 23:48,6.724,0.005,0,0,0,0,v
2014-03-09 23:54,6.714,0.006,0,0,0,0,v
2014-03-10 00:00,6.701,0.004,0,0,0,0,v
2014-03-10 00:06,6.716,0.006,0,0,0,0,v
2014-03-10 00:12,6.692,0.007,0,0,0,0,v
2014-03-10 00:18,6.727,0.007,0,0,0,0,v
2014-03-10 00:24,6.740,0.005,0,0,0,0,v
2014-03-10 00:30,6.719,0.006,0,0,0,0,v
2014-03-10 00:36,6.715,0.003,0,0,0,0,v
2014-03-10 00:42,6.700,0.005,0,0,0,0,v
2014-03-10 00:48,6.691,0.005,0,0,0,0,v
2014-03-10 00:54,6.675,0.007,0,0,0,0,v
2014-03-10 01:00,6.688,0.005,0,0,0,0,v
2014-03-10 01:06,6.693,0.004,0,0,0,0,v
2014-03-10 01:12,6.668,0.008,0,0,0,0,v
2014-03-10 01:18,6.654,0.005,0,0,0,0,v
2014-03-10 01:24,6.663,0.005,0,0,0,0,v
2014-03-10 01:30,6.686,0.007,0,0,0,0,v
2014-03-10 01:36,6.661,0.006,0,0,0,0,v
2014-03-10 01:42,6.647,0.005,0,0,0,0,v
2014-03-10 01:48,6.649,0.006,0,0,0,0,v
2014-03-10 01:54,6.663,0.006,0,0,0,0,v
2014-03-10 02:00,6.657,0.004,0,0,0,0,v
2014-03-10 02:06,6.660,0.006,0,0,0,0,v
2014-03-10 02:12,6.634,0.008,0,0,0,0,v
2014-03-10 02:18,6.665,0.005,0,0,0,0,v
2014-03-10 02:24,6.653,0.008,0,0,0,0,v
2014-03-10 02:30,6.650,0.007,0,0,0,0,v
2014-03-10 02:36,6.647,0.005,0,0,0,0,v
2014-03-10 02:42,6.632,0.007,0,0,0,0,v
2014-03-10 02:48,6.614,0.006,0,0,0,0,v
2014-03-10 02:54,6.581,0.007,0,0,0,0,v
2014-03-10 03:00,6.596,0.007,0,0,0,0,v
2014-03-10 03:06,6.609,0.005,0,0,0,0,v
2014-03-10 03:12,6.615,0.004,0,0,0,0,v
2014-03-10 03:18,6.603,0.005,0,0,0,0,v
2014-03-10 03:24,6.596,0.006,0,0,0,0,v
2014-03-10 03:30,6.599,0.004,0,0,0,0,v
2014-03-10 03:36,6.588,0.007,0,0,0,0,v
2014-03-10 03:42,6.591,0.007,0,0,0,0,v
2014-03-10 03:48,6.579,0.008,0,0,0,0,v
2014-03-10 03:54,6.570,0.005,0,0,0,0,v
2014-03-10 04:00,6.601,0.006,0,0,0,0,v
2014-03-10 04:06,6.602,0.007,0,0,0,0,v
2014-03-10 04:12,6.572,0.005,0,0,0,0,v
2014-03-10 04:18,6.560,0.007,0,0,0,0,v
2014-03-10 04:24,6.536,0.006,0,0,0,0,v
2014-03-10 04:30,6.546,0.006,0,0,0,0,v
2014-03-10 04:36,6.523,0.007,0,0,0,0,v
2014-03-10 04:42,6.564,0.009,0,0,0,0,v
2014-03-10 04:48,6.580,0.010,0,0,0,0,v
2014-03-10 04:54,6.554,0.006,0,0,0,0,v
2014-03-10 05:00,6.554,0.004,0,0,0,0,v
2014-03-10 05:06,6.558,0.008,0,0,0,0,v
2014-03-10 05:12,6.559,0.008,0,0,0,0,v
2014-03-10 05:18,6.557,0.005,0,0,0,0,v
2014-03-10 05:24,6.546,0.006,0,0,0,0,v
2014-03-10 05:30,6.540,0.009,0,0,0,0,v
2014-03-10 05:36,6.505,0.007,0,0,0,0,v
2014-03-10 05:42,6.521,0.004,0,0,0,0,v
2014-03-10 05:48,6.502,0.010,0,0,0,0,v
2014-03-10 05:54,6.513,0.004,0,0,0,0,v
2014-03-10 06:00,6.498,0.010,0,0,0,0,v
2014-03-10 06:06,6.521,0.007,0,0,0,0,v
2014-03-10 06:12,6.505,0.006,0,0,0,0,v
2014-03-10 06:18,6.474,0.008,0,0,0,0,v
2014-03-10 06:24,6.510,0.005,0,0,0,0,v
2014-03-10 06:30,6.452,0.009,0,0,0,0,v
2014-03-10 06:36,6.475,0.007,0,0,0,0,v
2014-03-10 06:42,6.420,0.015,0,0,0,0,v
2014-03-10 06:48,6.442,0.007,0,0,0,0,v
2014-03-10 06:54,6.468,0.006,0,0,0,0,v
2014-03-10 07:00,6.467,0.007,0,0,0,0,v
2014-03-10 07:06,6.432,0.008,0,0,0,0,v
2014-03-10 07:12,6.452,0.010,0,0,0,0,v
2014-03-10 07:18,6.438,0.010,0,0,0,0,v
2014-03-10 07:24,6.442,0.008,0,0,0,0,v
2014-03-10 07:30,6.482,0.005,0,0,0,0,v
2014-03-10 07:36,6.450,0.006,0,0,0,0,v
2014-03-10 07:42,6.439,0.008,0,0,0,0,v
2014-03-10 07:48,6.434,0.014,0,0,0,0,v
2014-03-10 07:54,6.368,0.006,0,0,0,0,v
2014-03-10 08:00,6.411,0.005,0,0,0,0,v
2014-03-10 08:06,6.430,0.006,0,0,0,0,v
2014-03-10 08:12,6.435,0.005,0,0,0,0,v
2014-03-10 08:18,6.409,0.016,0,0,0,0,v
2014-03-10 08:24,6.372,0.007,0,0,0,0,v
2014-03-10 08:30,6.396,0.007,0,0,0,0,v
2014-03-10 08:36,6.407,0.007,0,0,0,0,v
2014-03-10 08:42,6.422,0.006,0,0,0,0,v
2014-03-10 08:48,6.432,0.006,0,0,0,0,v
2014-03-10 08:54,6.399,0.004,0,0,0,0,v
2014-03-10 09:00,6.398,0.005,0,0,0,0,v
2014-03-10 09:06,6.363,0.011,0,0,0,0,v
2014-03-10 09:12,6.387,0.006,0,0,0,0,v
2014-03-10 09:18,6.355,0.011,0,0,0,0,v
2014-03-10 09:24,6.368,0.005,0,0,0,0,v
2014-03-10 09:30,6.334,0.005,0,0,0,0,v
2014-03-10 09:36,6.337,0.003,0,0,0,0,v
2014-03-10 09:42,6.392,0.013,0,0,0,0,v
2014-03-10 09:48,6.397,0.014,0,0,0,0,v
2014-03-10 09:54,6.332,0.006,0,0,0,0,v
2014-03-10 10:00,6.377,0.006,0,0,0,0,v
2014-03-10 10:06,6.403,0.006,0,0,0,0,v
2014-03-10 10:12,6.396,0.009,0,0,0,0,v
2014-03-10 10:18,6.378,0.008,0,0,0,0,v
2014-03-10 10:24,6.391,0.004,0,0,0,0,v
2014-03-10 10:30,6.391,0.006,0,0,0,0,v
2014-03-10 10:36,6.349,0.011,0,0,0,0,v
2014-03-10 10:42,6.324,0.009,0,0,0,0,v
2014-03-10 10:48,6.276,0.017,0,0,0,0,v
2014-03-10 10:54,6.285,0.003,0,0,0,0,v
2014-03-10 11:00,6.284,0.005,0,0,0,0,v
2014-03-10 11:06,6.305,0.008,0,0,0,0,v
2014-03-10 11:12,6.281,0.005,0,0,0,0,v
2014-03-10 11:18,6.310,0.007,0,0,0,0,v
2014-03-10 11:24,6.324,0.006,0,0,0,0,v
2014-03-10 11:30,6.318,0.005,0,0,0,0,v
2014-03-10 11:36,6.326,0.005,0,0,0,0,v
2014-03-10 11:42,6.282,0.004,0,0,0,0,v
2014-03-10 11:48,6.304,0.006,0,0,0,0,v
2014-03-10 11:54,6.277,0.005,0,0,0,0,v
2014-03-10 12:00,6.288,0.011,0,0,0,0,v
2014-03-10 12:06,6.331,0.008,0,0,0,0,v
2014-03-10 12:12,6.389,0.006,0,0,0,0,v
2014-03-10 12:18,6.383,0.004,0,0,0,0,v
2014-03-10 12:24,6.442,0.009,0,0,0,0,v
2014-03-10 12:30,6.425,0.005,0,0,0,0,v
2014-03-10 12:36,6.450,0.005,0,0,0,0,v
2014-03-10 12:42,6.467,0.005,0,0,0,0,v
2014-03-10 12:48,6.469,0.004,0,0,0,0,v
2014-03-10 12:54,6.490,0.003,0,0,0,0,v
2014-03-10 13:00,6.482,0.004,0,0,0,0,v
2014-03-10 13:06,6.493,0.006,0,0,0,0,v
2014-03-10 13:12,6.510,0.006,0,0,0,0,v
2014-03-10 13:18,6.510,0.006,0,0,0,0,v
2014-03-10 13:24,6.505,0.008,0,0,0,0,v
2014-03-10 13:30,6.526,0.005,0,0,0,0,v
2014-03-10 13:36,6.518,0.007,0,0,0,0,v
2014-03-10 13:42,6.540,0.007,0,0,0,0,v
2014-03-10 13:48,6.555,0.006,0,0,0,0,v
2014-03-10 13:54,6.533,0.005,0,0,0,0,v
2014-03-10 14:00,6.553,0.004,0,0,0,0,v
2014-03-10 14:06,6.567,0.004,0,0,0,0,v
2014-03-10 14:12,6.536,0.007,0,0,0,0,v
2014-03-10 14:18,6.547,0.005,0,0,0,0,v
2014-03-10 14:24,6.542,0.006,0,0,0,0,v
2014-03-10 14:30,6.534,0.011,0,0,0,0,v
2014-03-10 14:36,6.485,0.004,0,0,0,0,v
2014-03-10 14:42,6.520,0.006,0,0,0,0,v
2014-03-10 14:48,6.572,0.006,0,0,0,0,v
2014-03-10 14:54,6.551,0.004,0,0,0,0,v
2014-03-10 15:00,6.596,0.007,0,0,0,0,v
2014-03-10 15:06,6.608,0.005,0,0,0,0,v
2014-03-10 15:12,6.625,0.014,0,0,0,0,v
2014-03-10 15:18,6.660,0.004,0,0,0,0,v
2014-03-10 15:24,6.708,0.010,0,0,0,0,v
2014-03-10 15:30,6.691,0.008,0,0,0,0,v
2014-03-10 15:36,6.712,0.005,0,0,0,0,v
2014-03-10 15:42,6.713,0.004,0,0,0,0,v
2014-03-10 15:48,6.747,0.007,0,0,0,0,v
2014-03-10 15:54,6.744,0.010,0,0,0,0,v
2014-03-10 16:00,6.726,0.006,0,0,0,0,v
2014-03-10 16:06,6.711,0.011,0,0,0,0,v
2014-03-10 16:12,6.701,0.009,0,0,0,0,v
2014-03-10 16:18,6.677,0.005,0,0,0,0,v
2014-03-10 16:24,6.693,0.004,0,0,0,0,v
2014-03-10 16:30,6.675,0.004,0,0,0,0,v
2014-03-10 16:36,6.674,0.000,1,0,0,0,v
2014-03-10 16:42,6.673,0.006,0,0,0,0,v
2014-03-10 16:48,6.715,0.004,0,0,0,0,v
2014-03-10 16:54,6.705,0.005,0,0,0,0,v
2014-03-10 17:00,6.695,0.007,0,0,0,0,v
2014-03-10 17:06,6.703,0.013,0,0,0,0,v
2014-03-10 17:12,6.684,0.010,0,0,0,0,v
2014-03-10 17:18,6.780,0.004,0,0,0,0,v
2014-03-10 17:24,6.806,0.004,0,0,0,0,v
2014-03-10 17:30,6.745,0.005,0,0,0,0,v
2014-03-10 17:36,6.786,0.006,0,0,0,0,v
2014-03-10 17:42,6.765,0.005,0,0,0,0,v
2014-03-10 17:48,6.766,0.005,0,0,0,0,v
2014-03-10 17:54,6.728,0.004,0,0,0,0,v
2014-03-10 18:00,6.681,0.004,0,0,0,0,v
2014-03-10 18:06,6.790,0.015,0,0,0,0,v
2014-03-10 18:12,6.827,0.005,0,0,0,0,v
2014-03-10 18:18,6.801,0.005,0,0,0,0,v
2014-03-10 18:24,6.738,0.007,0,0,0,0,v
2014-03-10 18:30,6.730,0.006,0,0,0,0,v
2014-03-10 18:36,6.712,0.004,0,0,0,0,v
2014-03-10 18:42,6.767,0.005,0,0,0,0,v
2014-03-10 18:48,6.721,0.003,0,0,0,0,v
2014-03-10 18:54,6.783,0.004,0,0,0,0,v
2014-03-10 19:00,6.832,0.006,0,0,0,0,v
2014-03-10 19:06,6.779,0.005,0,0,0,0,v
2014-03-10 19:12,6.833,0.004,0,0,0,0,v
2014-03-10 19:18,6.839,0.003,0,0,0,0,v
2014-03-10 19:24,6.803,0.006,0,0,0,0,v
2014-03-10 19:30,6.770,0.004,0,0,0,0,v
2014-03-10 19:36,6.752,0.005,0,0,0,0,v
2014-03-10 19:42,6.768,0.007,0,0,0,0,v
2014-03-10 19:48,6.774,0.004,0,0,0,0,v
2014-03-10 19:54,6.734,0.007,0,0,0,0,v
2014-03-10 20:00,6.749,0.009,0,0,0,0,v
2014-03-10 20:06,6.762,0.004,0,0,0,0,v
2014-03-10 20:12,6.750,0.007,0,0,0,0,v
2014-03-10 20:18,6.747,0.005,0,0,0,0,v
2014-03-10 20:24,6.757,0.005,0,0,0,0,v
2014-03-10 20:30,6.735,0.003,0,0,0,0,v
2014-03-10 20:36,6.766,0.004,0,0,0,0,v
2014-03-10 20:42,6.746,0.005,0,0,0,0,v
2014-03-10 20:48,6.758,0.003,0,0,0,0,v
2014-03-10 20:54,6.755,0.003,0,0,0,0,v
2014-03-10 21:00,6.754,0.004,0,0,0,0,v
2014-03-10 21:06,6.692,0.009,0,0,0,0,v
2014-03-10 21:12,6.637,0.003,0,0,0,0,v
2014-03-10 21:18,6.655,0.008,0,0,0,0,v
2014-03-10 21:24,6.677,0.003,0,0,0,0,v
2014-03-10 21:30,6.684,0.008,0,0,0,0,v
2014-03-10 21:36,6.725,0.004,0,0,0,0,v
2014-03-10 21:42,6.734,0.007,0,0,0,0,v
2014-03-10 21:48,6.754,0.004,0,0,0,0,v
2014-03-10 21:54,6.755,0.005,0,0,0,0,v
2014-03-10 22:00,6.739,0.005,0,0,0,0,v
2014-03-10 22:06,6.748,0.004,0,0,0,0,v
2014-03-10 22:12,6.758,0.004,0,0,0,0,v
2014-03-10 22:18,6.768,0.006,0,0,0,0,v
2014-03-10 22:24,6.780,0.005,0,0,0,0,v
2014-03-10 22:30,6.778,0.005,0,0,0,0,v
2014-03-10 22:36,6.784,0.005,0,0,0,0,v
2014-03-10 22:42,6.745,0.005,0,0,0,0,v
2014-03-10 22:48,6.729,0.005,0,0,0,0,v
2014-03-10 22:54,6.758,0.004,0,0,0,0,v
2014-03-10 23:00,6.725,0.006,0,0,0,0,v
2014-03-10 23:06,6.732,0.005,0,0,0,0,v
2014-03-10 23:12,6.689,0.003,0,0,0,0,v
2014-03-10 23:18,6.684,0.007,0,0,0,0,v
2014-03-10 23:24,6.700,0.004,0,0,0,0,v
2014-03-10 23:30,6.685,0.010,0,0,0,0,v
2014-03-10 23:36,6.664,0.007,0,0,0,0,v
2014-03-10 23:42,6.643,0.006,0,0,0,0,v
2014-03-10 23:48,6.632,0.008,0,0,0,0,v
2014-03-10 23:54,6.653,0.006,0,0,0,0,v
2014-03-11 00:00,6.653,0.005,0,0,0,0,v
2014-03-11 00:06,6.649,0.004,0,0,0,0,v
2014-03-11 00:12,6.656,0.005,0,0,0,0,v
2014-03-11 00:18,6.652,0.007,0,0,0,0,v
2014-03-11 00:24,6.681,0.004,0,0,0,0,v
2014-03-11 00:30,6.680,0.005,0,0,0,0,v
2014-03-11 00:36,6.694,0.007,0,0,0,0,v
2014-03-11 00:42,6.677,0.004,0,0,0,0,v
2014-03-11 00:48,6.665,0.005,0,0,0,0,v
2014-03-11 00:54,6.646,0.004,0,0,0,0,v
2014-03-11 01:00,6.659,0.008,0,0,0,0,v
2014-03-11 01:06,6.652,0.006,0,0,0,0,v
2014-03-11 01:12,6.639,0.006,0,0,0,0,v
2014-03-11 01:18,6.645,0.006,0,0,0,0,v
2014-03-11 01:24,6.661,0.005,0,0,0,0,v
2014-03-11 01:30,6.646,0.009,0,0,0,0,v
2014-03-11 01:36,6.669,0.005,0,0,0,0,v
2014-03-11 01:42,6.636,0.003,0,0,0,0,v
2014-03-11 01:48,6.651,0.007,0,0,0,0,v
2014-03-11 01:54,6.663,0.006,0,0,0,0,v
2014-03-11 02:00,6.674,0.006,0,0,0,0,v
2014-03-11 02:06,6.703,0.003,0,0,0,0,v
2014-03-11 02:12,6.695,0.004,0,0,0,0,v
2014-03-11 02:18,6.647,0.010,0,0,0,0,v
2014-03-11 02:24,6.655,0.007,0,0,0,0,v
2014-03-11 02:30,6.664,0.004,0,0,0,0,v
2014-03-11 02:36,6.661,0.004,0,0,0,0,v
2014-03-11 02:42,6.671,0.007,0,0,0,0,v
2014-03-11 02:48,6.708,0.004,0,0,0,0,v
2014-03-11 02:54,6.643,0.005,0,0,0,0,v
2014-03-11 03:00,6.656,0.015,0,0,0,0,v
2014-03-11 03:06,6.657,0.005,0,0,0,0,v
2014-03-11 03:12,6.691,0.007,0,0,0,0,v
2014-03-11 03:18,6.675,0.003,0,0,0,0,v
2014-03-11 03:24,6.642,0.005,0,0,0,0,v
2014-03-11 03:30,6.649,0.006,0,0,0,0,v
2014-03-11 03:36,6.668,0.006,0,0,0,0,v
2014-03-11 03:42,6.676,0.006,0,0,0,0,v
2014-03-11 03:48,6.669,0.004,0,0,0,0,v
2014-03-11 03:54,6.646,0.005,0,0,0,0,v
2014-03-11 04:00,6.626,0.006,0,0,0,0,v
2014-03-11 04:06,6.630,0.010,0,0,0,0,v
2014-03-11 04:12,6.630,0.008,0,0,0,0,v
2014-03-11 04:18,6.643,0.004,0,0,0,0,v
2014-03-11 04:24,6.643,0.006,0,0,0,0,v
2014-03-11 04:30,6.632,0.004,0,0,0,0,v
2014-03-11 04:36,6.636,0.004,0,0,0,0,v
2014-03-11 04:42,6.597,0.011,0,0,0,0,v
2014-03-11 04:48,6.644,0.011,0,0,0,0,v
2014-03-11 04:54,6.593,0.014,0,0,0,0,v
2014-03-11 05:00,6.603,0.007,0,0,0,0,v
2014-03-11 05:06,6.639,0.009,0,0,0,0,v
2014-03-11 05:12,6.677,0.008,0,0,0,0,v
2014-03-11 05:18,6.592,0.003,0,0,0,0,v
2014-03-11 05:24,6.621,0.007,0,0,0,0,v
2014-03-11 05:30,6.580,0.005,0,0,0,0,v
2014-03-11 05:36,6.581,0.005,0,0,0,0,v
2014-03-11 05:42,6.578,0.004,0,0,0,0,v
2014-03-11 05:48,6.552,0.004,0,0,0,0,v
2014-03-11 05:54,6.583,0.003,0,0,0,0,v
2014-03-11 06:00,6.609,0.003,0,0,0,0,v
2014-03-11 06:06,6.561,0.010,0,0,0,0,v
2014-03-11 06:12,6.526,0.006,0,0,0,0,v
2014-03-11 06:18,6.510,0.006,0,0,0,0,v
2014-03-11 06:24,6.497,0.004,0,0,0,0,v
2014-03-11 06:30,6.468,0.006,0,0,0,0,v
2014-03-11 06:36,6.494,0.017,0,0,0,0,v
2014-03-11 06:42,6.551,0.007,0,0,0,0,v
2014-03-11 06:48,6.500,0.004,0,0,0,0,v
2014-03-11 06:54,6.543,0.013,0,0,0,0,v
2014-03-11 07:00,6.548,0.009,0,0,0,0,v
2014-03-11 07:06,6.520,0.003,0,0,0,0,v
2014-03-11 07:12,6.501,0.004,0,0,0,0,v
2014-03-11 07:18,6.476,0.004,0,0,0,0,v
2014-03-11 07:24,6.462,0.004,0,0,0,0,v
2014-03-11 07:30,6.402,0.003,0,0,0,0,v
2014-03-11 07:36,6.461,0.008,0,0,0,0,v
2014-03-11 07:42,6.385,0.015,0,0,1,0,v
2014-03-11 07:48,6.349,0.008,0,0,0,0,v
2014-03-11 07:54,6.430,0.007,0,0,0,0,v
2014-03-11 08:00,6.383,0.003,0,0,0,0,v
2014-03-11 08:06,6.414,0.010,0,0,0,0,v
2014-03-11 08:12,6.422,0.003,0,0,0,0,v
2014-03-11 08:18,6.405,0.006,0,0,0,0,v
2014-03-11 08:24,6.390,0.005,0,0,0,0,v
2014-03-11 08:30,6.455,0.006,0,0,0,0,v
2014-03-11 08:36,6.365,0.013,0,0,0,0,v
2014-03-11 08:42,6.361,0.011,0,0,0,0,v
2014-03-11 08:48,6.373,0.019,0,0,0,0,v
2014-03-11 08:54,6.358,0.007,0,0,0,0,v
2014-03-11 09:00,6.370,0.005,0,0,0,0,v
2014-03-11 09:06,6.398,0.003,0,0,0,0,v
2014-03-11 09:12,6.421,0.011,0,0,0,0,v
2014-03-11 09:18,6.430,0.014,0,0,0,0,v
2014-03-11 09:24,6.352,0.004,0,0,0,0,v
2014-03-11 09:30,6.489,0.007,0,0,1,0,v
2014-03-11 09:36,6.468,0.005,0,0,1,0,v
2014-03-11 09:42,6.367,0.006,0,0,0,0,v
2014-03-11 09:48,6.365,0.003,0,0,0,0,v
2014-03-11 09:54,6.410,0.008,0,0,0,0,v
2014-03-11 10:00,6.365,0.009,0,0,0,0,v
2014-03-11 10:06,6.349,0.008,0,0,0,0,v
2014-03-11 10:12,6.413,0.019,0,0,0,0,v
2014-03-11 10:18,6.442,0.018,0,0,0,0,v
2014-03-11 10:24,6.453,0.008,0,0,0,0,v
2014-03-11 10:30,6.367,0.005,0,0,0,0,v
2014-03-11 10:36,6.319,0.005,0,0,0,0,v
2014-03-11 10:42,6.375,0.011,0,0,0,0,v
2014-03-11 10:48,6.339,0.024,0,0,0,0,v
2014-03-11 10:54,6.346,0.009,0,0,0,0,v
2014-03-11 11:00,6.305,0.003,0,0,0,0,v
2014-03-11 11:06,6.284,0.004,0,0,0,0,v
2014-03-11 11:12,6.297,0.003,0,0,0,0,v
2014-03-11 11:18,6.357,0.006,0,0,0,0,v
2014-03-11 11:24,6.287,0.034,0,0,0,0,v
2014-03-11 11:30,6.283,0.009,0,0,0,0,v
2014-03-11 11:36,6.317,0.009,0,0,0,0,v
2014-03-11 11:42,6.186,0.024,0,0,0,0,v
2014-03-11 11:48,6.401,0.005,0,0,1,0,v
2014-03-11 11:54,6.379,0.006,0,0,1,0,v
2014-03-11 12:00,6.326,0.003,0,0,0,0,v
2014-03-11 12:06,6.410,0.007,0,0,0,0,v
2014-03-11 12:12,6.365,0.013,0,0,1,0,v
2014-03-11 12:18,6.374,0.010,0,0,0,0,v
2014-03-11 12:24,6.359,0.005,0,0,0,0,v
2014-03-11 12:30,6.459,0.015,0,0,0,0,v
2014-03-11 12:36,6.453,0.014,0,0,0,0,v
2014-03-11 12:42,6.407,0.006,0,0,0,0,v
2014-03-11 12:48,6.378,0.015,0,0,0,0,v
2014-03-11 12:54,6.337,0.005,0,0,0,0,v
2014-03-11 13:00,6.326,0.010,0,0,0,0,v
2014-03-11 13:06,6.430,0.014,0,0,0,0,v
2014-03-11 13:12,6.302,0.004,0,0,1,0,v
2014-03-11 13:18,6.343,0.009,0,0,1,0,v
2014-03-11 13:24,6.378,0.007,0,0,0,0,v
2014-03-11 13:30,6.394,0.005,0,0,0,0,v
2014-03-11 13:36,6.517,0.007,0,0,0,0,v
2014-03-11 13:42,6.338,0.031,0,0,1,0,v
2014-03-11 13:48,6.366,0.018,0,0,1,0,v
2014-03-11 13:54,6.406,0.012,0,0,0,0,v
2014-03-11 14:00,6.427,0.005,0,0,0,0,v
2014-03-11 14:06,6.445,0.031,0,0,0,0,v
2014-03-11 14:12,6.536,0.008,0,0,0,0,v
2014-03-11 14:18,6.520,0.007,0,0,0,0,v
2014-03-11 14:24,6.420,0.003,0,0,0,0,v
2014-03-11 14:30,6.466,0.008,0,0,0,0,v
2014-03-11 14:36,6.565,0.009,0,0,0,0,v
2014-03-11 14:42,6.488,0.015,0,0,0,0,v
2014-03-11 14:48,6.507,0.007,0,0,1,0,v
2014-03-11 14:54,6.514,0.004,0,0,0,0,v
2014-03-11 15:00,6.554,0.011,0,0,0,0,v
2014-03-11 15:06,6.604,0.003,0,0,0,0,v
2014-03-11 15:12,6.568,0.012,0,0,0,0,v
2014-03-11 15:18,6.557,0.004,0,0,0,0,v
2014-03-11 15:24,6.517,0.007,0,0,0,0,v
2014-03-11 15:30,6.586,0.003,0,0,0,0,v
2014-03-11 15:36,6.599,0.006,0,0,0,0,v
2014-03-11 15:42,6.600,0.012,0,0,0,0,v
2014-03-11 15:48,6.585,0.012,0,0,0,0,v
2014-03-11 15:54,6.612,0.002,0,0,0,0,v
2014-03-11 16:00,6.613,0.003,0,0,0,0,v
2014-03-11 16:06,6.580,0.007,0,0,0,0,v
2014-03-11 16:12,6.605,0.010,0,0,0,0,v
2014-03-11 16:18,6.637,0.002,0,0,0,0,v
2014-03-11 16:24,6.634,0.003,0,0,0,0,v
2014-03-11 16:30,6.596,0.004,0,0,0,0,v
2014-03-11 16:36,6.616,0.003,0,0,0,0,v
2014-03-11 16:42,6.638,0.002,0,0,0,0,v
2014-03-11 16:48,6.606,0.010,0,0,0,0,v
2014-03-11 16:54,6.567,0.004,0,0,0,0,v
2014-03-11 17:00,6.600,0.014,0,0,0,0,v
2014-03-11 17:06,6.610,0.004,0,0,0,0,v
2014-03-11 17:12,6.655,0.008,0,0,0,0,v
2014-03-11 17:18,6.668,0.005,0,0,0,0,v
2014-03-11 17:24,6.672,0.006,0,0,0,0,v
2014-03-11 17:30,6.674,0.007,0,0,0,0,v
2014-03-11 17:36,6.717,0.001,0,0,0,0,v
2014-03-11 17:42,6.708,0.002,0,0,0,0,v
2014-03-11 17:48,6.685,0.006,0,0,0,0,v
2014-03-11 17:54,6.704,0.006,0,0,0,0,v
2014-03-11 18:00,6.729,0.004,0,0,0,0,v
2014-03-11 18:06,6.736,0.009,0,0,0,0,v
2014-03-11 18:12,6.700,0.003,0,0,0,0,v
2014-03-11 18:18,6.715,0.005,0,0,0,0,v
2014-03-11 18:24,6.720,0.002,0,0,0,0,v
2014-03-11 18:30,6.763,0.004,0,0,0,0,v
2014-03-11 18:36,6.808,0.008,0,0,0,0,v
2014-03-11 18:42,6.810,0.006,0,0,0,0,v
2014-03-11 18:48,6.756,0.002,0,0,0,0,v
2014-03-11 18:54,6.757,0.003,0,0,0,0,v
2014-03-11 19:00,6.699,0.006,0,0,0,0,v
2014-03-11 19:06,6.683,0.002,0,0,0,0,v
2014-03-11 19:12,6.719,0.010,0,0,0,0,v
2014-03-11 19:18,6.762,0.003,0,0,0,0,v
2014-03-11 19:24,6.689,0.006,0,0,0,0,v
2014-03-11 19:30,6.729,0.003,0,0,0,0,v
2014-03-11 19:36,6.721,0.007,0,0,0,0,v
2014-03-11 19:42,6.768,0.003,0,0,0,0,v
2014-03-11 19:48,6.767,0.006,0,0,0,0,v
2014-03-11 19:54,6.769,0.007,0,0,0,0,v
2014-03-11 20:00,6.801,0.002,0,0,0,0,v
2014-03-11 20:06,6.793,0.005,0,0,0,0,v
2014-03-11 20:12,6.761,0.002,0,0,0,0,v
2014-03-11 20:18,6.791,0.009,0,0,0,0,v
2014-03-11 20:24,6.792,0.013,0,0,0,0,v
2014-03-11 20:30,6.722,0.003,0,0,0,0,v
2014-03-11 20:36,6.737,0.002,0,0,0,0,v
2014-03-11 20:42,6.753,0.005,0,0,0,0,v
2014-03-11 20:48,6.749,0.006,0,0,0,0,v
2014-03-11 20:54,6.739,0.003,0,0,0,0,v
2014-03-11 21:00,6.743,0.002,0,0,0,0,v
2014-03-11 21:06,6.755,0.003,0,0,0,0,v
2014-03-11 21:12,6.741,0.003,0,0,0,0,v
2014-03-11 21:18,6.727,0.005,0,0,0,0,v
2014-03-11 21:24,6.729,0.004,0,0,0,0,v
2014-03-11 21:30,6.706,0.002,0,0,0,0,v
2014-03-11 21:36,6.738,0.004,0,0,0,0,v
2014-03-11 21:42,6.736,0.007,0,0,0,0,v
2014-03-11 21:48,6.705,0.002,0,0,0,0,v
2014-03-11 21:54,6.713,0.002,0,0,0,0,v
2014-03-11 22:00,6.749,0.005,0,0,0,0,v
2014-03-11 22:06,6.763,0.002,0,0,0,0,v
2014-03-11 22:12,6.747,0.005,0,0,0,0,v
2014-03-11 22:18,6.735,0.003,0,0,0,0,v
2014-03-11 22:24,6.740,0.002,0,0,0,0,v
2014-03-11 22:30,6.768,0.006,0,0,0,0,v
2014-03-11 22:36,6.791,0.002,0,0,0,0,v
2014-03-11 22:42,6.757,0.002,0,0,0,0,v
2014-03-11 22:48,6.783,0.004,0,0,0,0,v
2014-03-11 22:54,6.806,0.002,0,0,0,0,v
2014-03-11 23:00,6.779,0.006,0,0,0,0,v
2014-03-11 23:06,6.766,0.003,0,0,0,0,v
2014-03-11 23:12,6.759,0.004,0,0,0,0,v
2014-03-11 23:18,6.765,0.004,0,0,0,0,v
2014-03-11 23:24,6.772,0.004,0,0,0,0,v
2014-03-11 23:30,6.728,0.004,0,0,0,0,v
2014-03-11 23:36,6.711,0.005,0,0,0,0,v
2014-03-11 23:42,6.728,0.002,0,0,0,0,v
2014-03-11 23:48,6.763,0.005,0,0,0,0,v
2014-03-11 23:54,6.743,0.003,0,0,0,0,v
2014-03-12 00:00,6.759,0.003,0,0,0,0,v
2014-03-12 00:06,6.730,0.003,0,0,0,0,v
2014-03-12 00:12,6.726,0.004,0,0,0,0,v
2014-03-12 00:18,6.767,0.008,0,0,0,0,v
2014-03-12 00:24,6.765,0.005,0,0,0,0,v
2014-03-12 00:30,6.750,0.002,0,0,0,0,v
2014-03-12 00:36,6.739,0.005,0,0,0,0,v
2014-03-12 00:42,6.734,0.010,0,0,0,0,v
2014-03-12 00:48,6.771,0.006,0,0,0,0,v
2014-03-12 00:54,6.720,0.012,0,0,0,0,v
2014-03-12 01:00,6.665,0.004,0,0,0,0,v
2014-03-12 01:06,6.688,0.002,0,0,0,0,v
2014-03-12 01:12,6.711,0.006,0,0,0,0,v
2014-03-12 01:18,6.679,0.003,0,0,0,0,v
2014-03-12 01:24,6.675,0.005,0,0,0,0,v
2014-03-12 01:30,6.718,0.008,0,0,0,0,v
2014-03-12 01:36,6.722,0.005,0,0,0,0,v
2014-03-12 01:42,6.702,0.005,0,0,0,0,v
2014-03-12 01:48,6.709,0.001,0,0,0,0,v
2014-03-12 01:54,6.716,0.002,0,0,0,0,v
2014-03-12 02:00,6.698,0.006,0,0,0,0,v
2014-03-12 02:06,6.673,0.006,0,0,0,0,v
2014-03-12 02:12,6.699,0.002,0,0,0,0,v
2014-03-12 02:18,6.709,0.003,0,0,0,0,v
2014-03-12 02:24,6.656,0.007,0,0,0,0,v
2014-03-12 02:30,6.629,0.003,0,0,0,0,v
2014-03-12 02:36,6.648,0.002,0,0,0,0,v
2014-03-12 02:42,6.673,0.007,0,0,0,0,v
2014-03-12 02:48,6.678,0.004,0,0,0,0,v
2014-03-12 02:54,6.695,0.005,0,0,0,0,v
2014-03-12 03:00,6.705,0.002,0,0,0,0,v
2014-03-12 03:06,6.671,0.002,0,0,0,0,v
2014-03-12 03:12,6.716,0.010,0,0,0,0,v
2014-03-12 03:18,6.716,0.006,0,0,0,0,v
2014-03-12 03:24,6.701,0.002,0,0,0,0,v
2014-03-12 03:30,6.686,0.002,0,0,0,0,v
2014-03-12 03:36,6.715,0.002,0,0,0,0,v
2014-03-12 03:42,6.733,0.003,0,0,0,0,v
2014-03-12 03:48,6.725,0.002,0,0,0,0,v
2014-03-12 03:54,6.721,0.004,0,0,0,0,v
2014-03-12 04:00,6.696,0.002,0,0,0,0,v
2014-03-12 04:06,6.697,0.003,0,0,0,0,v
2014-03-12 04:12,6.718,0.003,0,0,0,0,v
2014-03-12 04:18,6.722,0.005,0,0,0,0,v
2014-03-12 04:24,6.708,0.002,0,0,0,0,v
2014-03-12 04:30,6.713,0.002,0,0,0,0,v
2014-03-12 04:36,6.703,0.001,0,0,0,0,v
2014-03-12 04:42,6.729,0.005,0,0,0,0,v
2014-03-12 04:48,6.749,0.003,0,0,0,0,v
2014-03-12 04:54,6.710,0.006,0,0,0,0,v
2014-03-12 05:00,6.707,0.006,0,0,0,0,v
2014-03-12 05:06,6.737,0.002,0,0,0,0,v
2014-03-12 05:12,6.737,0.002,0,0,0,0,v
2014-03-12 05:18,6.739,0.002,0,0,0,0,v
2014-03-12 05:24,6.725,0.001,0,0,0,0,v
2014-03-12 05:30,6.738,0.002,0,0,0,0,v
2014-03-12 05:36,6.706,0.006,0,0,0,0,v
2014-03-12 05:42,6.688,0.003,0,0,0,0,v
2014-03-12 05:48,6.713,0.002,0,0,0,0,v
2014-03-12 05:54,6.706,0.004,0,0,0,0,v
2014-03-12 06:00,6.713,0.005,0,0,0,0,v
2014-03-12 06:06,6.692,0.008,0,0,0,0,v
2014-03-12 06:12,6.664,0.003,0,0,0,0,v
2014-03-12 06:18,6.669,0.002,0,0,0,0,v
2014-03-12 06:24,6.665,0.002,0,0,0,0,v
2014-03-12 06:30,6.667,0.003,0,0,0,0,v
2014-03-12 06:36,6.665,0.002,0,0,0,0,v
2014-03-12 06:42,6.631,0.006,0,0,0,0,v
2014-03-12 06:48,6.601,0.004,0,0,0,0,v
2014-03-12 06:54,6.634,0.005,0,0,0,0,v
2014-03-12 07:00,6.612,0.004,0,0,0,0,v
2014-03-12 07:06,6.623,0.002,0,0,0,0,v
2014-03-12 07:12,6.610,0.002,0,0,0,0,v
2014-03-12 07:18,6.643,0.004,0,0,0,0,v
2014-03-12 07:24,6.641,0.004,0,0,0,0,v
2014-03-12 07:30,6.601,0.005,0,0,0,0,v
2014-03-12 07:36,6.591,0.002,0,0,0,0,v
2014-03-12 07:42,6.580,0.001,0,0,0,0,v
2014-03-12 07:48,6.590,0.002,0,0,0,0,v
2014-03-12 07:54,6.583,0.004,0,0,0,0,v
2014-03-12 08:00,6.582,0.004,0,0,0,0,v
2014-03-12 08:06,6.538,0.002,0,0,0,0,v
2014-03-12 08:12,6.557,0.003,0,0,0,0,v
2014-03-12 08:18,6.584,0.001,0,0,0,0,v
2014-03-12 08:24,6.574,0.002,0,0,0,0,v
2014-03-12 08:30,6.579,0.002,0,0,0,0,v
2014-03-12 08:36,6.561,0.002,0,0,0,0,v
2014-03-12 08:42,6.562,0.003,0,0,0,0,v
2014-03-12 08:48,6.573,0.003,0,0,0,0,v
2014-03-12 08:54,6.533,0.003,0,0,0,0,v
2014-03-12 09:00,6.510,0.005,0,0,0,0,v
2014-03-12 09:06,6.468,0.003,0,0,0,0,v
2014-03-12 09:12,6.486,0.004,0,0,0,0,v
2014-03-12 09:18,6.502,0.003,0,0,0,0,v
2014-03-12 09:24,6.505,0.004,0,0,0,0,v
2014-03-12 09:30,6.508,0.003,0,0,0,0,v
2014-03-12 09:36,6.487,0.006,0,0,0,0,v
2014-03-12 09:42,6.472,0.003,0,0,0,0,v
2014-03-12 09:48,6.468,0.002,0,0,0,0,v
2014-03-12 09:54,6.486,0.003,0,0,0,0,v
2014-03-12 10:00,6.480,0.003,0,0,0,0,v
2014-03-12 10:06,6.451,0.003,0,0,0,0,v
2014-03-12 10:12,6.444,0.003,0,0,0,0,v
2014-03-12 10:18,6.450,0.003,0,0,0,0,v
2014-03-12 10:24,6.453,0.003,0,0,0,0,v
2014-03-12 10:30,6.448,0.001,0,0,0,0,v
2014-03-12 10:36,6.423,0.003,0,0,0,0,v
2014-03-12 10:42,6.433,0.003,0,0,0,0,v
2014-03-12 10:48,6.407,0.002,0,0,0,0,v
2014-03-12 10:54,6.417,0.003,0,0,0,0,v
2014-03-12 11:00,6.415,0.003,0,0,0,0,v
2014-03-12 11:06,6.400,0.004,0,0,0,0,v
2014-03-12 11:12,6.429,0.001,0,0,0,0,v
2014-03-12 11:18,6.409,0.005,0,0,0,0,v
2014-03-12 11:24,6.415,0.003,0,0,0,0,v
2014-03-12 11:30,6.375,0.007,0,0,0,0,v
2014-03-12 11:36,6.392,0.002,0,0,0,0,v
2014-03-12 11:42,6.387,0.002,0,0,0,0,v
2014-03-12 11:48,6.385,0.003,0,0,0,0,v
2014-03-12 11:54,6.394,0.004,0,0,0,0,v
2014-03-12 12:00,6.375,0.002,0,0,0,0,v
2014-03-12 12:06,6.396,0.004,0,0,0,0,v
2014-03-12 12:12,6.367,0.012,0,0,0,0,v
2014-03-12 12:18,6.387,0.012,0,0,0,0,v
2014-03-12 12:24,6.373,0.006,0,0,0,0,v
2014-03-12 12:30,6.377,0.010,0,0,0,0,v
2014-03-12 12:36,6.352,0.002,0,0,0,0,v
2014-03-12 12:42,6.363,0.002,0,0,0,0,v
2014-03-12 12:48,6.368,0.002,0,0,0,0,v
2014-03-12 12:54,6.341,0.002,0,0,0,0,v
2014-03-12 13:00,6.321,0.002,0,0,0,0,v
2014-03-12 13:06,6.342,0.002,0,0,0,0,v
2014-03-12 13:12,6.349,0.002,0,0,0,0,v
2014-03-12 13:18,6.334,0.002,0,0,0,0,v
2014-03-12 13:24,6.328,0.002,0,0,0,0,v
2014-03-12 13:30,6.355,0.004,0,0,0,0,v
2014-03-12 13:36,6.354,0.002,0,0,0,0,v
2014-03-12 13:42,6.340,0.002,0,0,0,0,v
2014-03-12 13:48,6.338,0.002,0,0,0,0,v
2014-03-12 13:54,6.367,0.003,0,0,0,0,v
2014-03-12 14:00,6.365,0.002,0,0,0,0,v
2014-03-12 14:06,6.380,0.002,0,0,0,0,v
2014-03-12 14:12,6.355,0.003,0,0,0,0,v
2014-03-12 14:18,6.343,0.002,0,0,0,0,v
2014-03-12 14:24,6.333,0.003,0,0,0,0,v
2014-03-12 14:30,6.340,0.002,0,0,0,0,v
2014-03-12 14:36,6.339,0.003,0,0,0,0,v
2014-03-12 14:42,6.360,0.005,0,0,0,0,v
2014-03-12 14:48,6.348,0.008,0,0,0,0,v
2014-03-12 14:54,6.391,0.006,0,0,0,0,v
2014-03-12 15:00,6.382,0.002,0,0,0,0,v
2014-03-12 15:06,6.393,0.003,0,0,0,0,v
2014-03-12 15:12,6.392,0.003,0,0,0,0,v
2014-03-12 15:18,6.424,0.007,0,0,0,0,v
2014-03-12 15:24,6.444,0.002,0,0,0,0,v
2014-03-12 15:30,6.448,0.004,0,0,0,0,v
2014-03-12 15:36,6.465,0.002,0,0,0,0,v
2014-03-12 15:42,6.479,0.004,0,0,0,0,v
2014-03-12 15:48,6.461,0.008,0,0,0,0,v
2014-03-12 15:54,6.474,0.002,0,0,0,0,v
2014-03-12 16:00,6.504,0.003,0,0,0,0,v
2014-03-12 16:06,6.520,0.005,0,0,0,0,v
2014-03-12 16:12,6.537,0.008,0,0,0,0,v
2014-03-12 16:18,6.529,0.003,0,0,0,0,v
2014-03-12 16:24,6.518,0.004,0,0,0,0,v
2014-03-12 16:30,6.542,0.004,0,0,0,0,v
2014-03-12 16:36,6.556,0.002,0,0,0,0,v
2014-03-12 16:42,6.556,0.002,0,0,0,0,v
2014-03-12 16:48,6.543,0.006,0,0,0,0,v
2014-03-12 16:54,6.568,0.005,0,0,0,0,v
2014-03-12 17:00,6.555,0.002,0,0,0,0,v
2014-03-12 17:06,6.560,0.005,0,0,0,0,v
2014-03-12 17:12,6.605,0.002,0,0,0,0,v
2014-03-12 17:18,6.614,0.003,0,0,0,0,v
2014-03-12 17:24,6.602,0.004,0,0,0,0,v
2014-03-12 17:30,6.607,0.004,0,0,0,0,v
2014-03-12 17:36,6.608,0.003,0,0,0,0,v
2014-03-12 17:42,6.615,0.004,0,0,0,0,v
2014-03-12 17:48,6.609,0.003,0,0,0,0,v
2014-03-12 17:54,6.621,0.004,0,0,0,0,v
2014-03-12 18:00,6.616,0.004,0,0,0,0,v
2014-03-12 18:06,6.619,0.004,0,0,0,0,v
2014-03-12 18:12,6.598,0.003,0,0,0,0,v
2014-03-12 18:18,6.619,0.003,0,0,0,0,v
2014-03-12 18:24,6.615,0.002,0,0,0,0,v
2014-03-12 18:30,6.624,0.002,0,0,0,0,v
2014-03-12 18:36,6.620,0.003,0,0,0,0,v
2014-03-12 18:42,6.609,0.004,0,0,0,0,v
2014-03-12 18:48,6.612,0.002,0,0,0,0,v
2014-03-12 18:54,6.619,0.011,0,0,0,0,v
2014-03-12 19:00,6.606,0.008,0,0,0,0,v
2014-03-12 19:06,6.603,0.002,0,0,0,0,v
2014-03-12 19:12,6.603,0.003,0,0,0,0,v
2014-03-12 19:18,6.596,0.003,0,0,0,0,v
2014-03-12 19:24,6.601,0.003,0,0,0,0,v
2014-03-12 19:30,6.616,0.004,0,0,0,0,v
2014-03-12 19:36,6.618,0.003,0,0,0,0,v
2014-03-12 19:42,6.631,0.004,0,0,0,0,v
2014-03-12 19:48,6.611,0.002,0,0,0,0,v
2014-03-12 19:54,6.630,0.002,0,0,0,0,v
2014-03-12 20:00,6.624,0.002,0,0,0,0,v
2014-03-12 20:06,6.623,0.004,0,0,0,0,v
2014-03-12 20:12,6.646,0.002,0,0,0,0,v
2014-03-12 20:18,6.661,0.005,0,0,0,0,v
2014-03-12 20:24,6.654,0.002,0,0,0,0,v
2014-03-12 20:30,6.658,0.003,0,0,0,0,v
2014-03-12 20:36,6.666,0.004,0,0,0,0,v
2014-03-12 20:42,6.671,0.002,0,0,0,0,v
2014-03-12 20:48,6.668,0.002,0,0,0,0,v
2014-03-12 20:54,6.656,0.007,0,0,0,0,v
2014-03-12 21:00,6.649,0.002,0,0,0,0,v
2014-03-12 21:06,6.644,0.004,0,0,0,0,v
2014-03-12 21:12,6.639,0.002,0,0,0,0,v
2014-03-12 21:18,6.614,0.003,0,0,0,0,v
2014-03-12 21:24,6.618,0.006,0,0,0,0,v
2014-03-12 21:30,6.645,0.003,0,0,0,0,v
2014-03-12 21:36,6.644,0.002,0,0,0,0,v
2014-03-12 21:42,6.650,0.004,0,0,0,0,v
2014-03-12 21:48,6.633,0.003,0,0,0,0,v
2014-03-12 21:54,6.660,0.004,0,0,0,0,v
2014-03-12 22:00,6.642,0.007,0,0,0,0,v
2014-03-12 22:06,6.642,0.003,0,0,0,0,v
2014-03-12 22:12,6.652,0.003,0,0,0,0,v
2014-03-12 22:18,6.659,0.001,0,0,0,0,v
2014-03-12 22:24,6.683,0.003,0,0,0,0,v
2014-03-12 22:30,6.682,0.004,0,0,0,0,v
2014-03-12 22:36,6.692,0.002,0,0,0,0,v
2014-03-12 22:42,6.677,0.005,0,0,0,0,v
2014-03-12 22:48,6.670,0.002,0,0,0,0,v
2014-03-12 22:54,6.641,0.004,0,0,0,0,v
2014-03-12 23:00,6.628,0.002,0,0,0,0,v
2014-03-12 23:06,6.634,0.002,0,0,0,0,v
2014-03-12 23:12,6.636,0.002,0,0,0,0,v
2014-03-12 23:18,6.646,0.002,0,0,0,0,v
2014-03-12 23:24,6.647,0.005,0,0,0,0,v
2014-03-12 23:30,6.623,0.002,0,0,0,0,v
2014-03-12 23:36,6.610,0.002,0,0,0,0,v
2014-03-12 23:42,6.622,0.006,0,0,0,0,v
2014-03-12 23:48,6.646,0.003,0,0,0,0,v
2014-03-12 23:54,6.617,0.007,0,0,0,0,v
2014-03-13 00:00,6.612,0.002,0,0,0,0,v
2014-03-13 00:06,6.634,0.004,0,0,0,0,v
2014-03-13 00:12,6.608,0.002,0,0,0,0,v
2014-03-13 00:18,6.580,0.011,0,0,0,0,v
2014-03-13 00:24,6.530,0.003,0,0,0,0,v
2014-03-13 00:30,6.540,0.003,0,0,0,0,v
2014-03-13 00:36,6.530,0.005,0,0,0,0,v
2014-03-13 00:42,6.554,0.004,0,0,0,0,v
2014-03-13 00:48,6.550,0.002,0,0,0,0,v
2014-03-13 00:54,6.532,0.004,0,0,0,0,v
2014-03-13 01:00,6.534,0.006,0,0,0,0,v
2014-03-13 01:06,6.518,0.002,0,0,0,0,v
2014-03-13 01:12,6.506,0.004,0,0,0,0,v
2014-03-13 01:18,6.498,0.003,0,0,0,0,v
2014-03-13 01:24,6.505,0.005,0,0,0,0,v
2014-03-13 01:30,6.539,0.003,0,0,0,0,v
2014-03-13 01:36,6.523,0.002,0,0,0,0,v
2014-03-13 01:42,6.541,0.002,0,0,0,0,v
2014-03-13 01:48,6.528,0.002,0,0,0,0,v
2014-03-13 01:54,6.539,0.002,0,0,0,0,v
2014-03-13 02:00,6.546,0.002,0,0,0,0,v
2014-03-13 02:06,6.544,0.003,0,0,0,0,v
2014-03-13 02:12,6.562,0.004,0,0,0,0,v
2014-03-13 02:18,6.537,0.004,0,0,0,0,v
2014-03-13 02:24,6.520,0.003,0,0,0,0,v
2014-03-13 02:30,6.516,0.002,0,0,0,0,v
2014-03-13 02:36,6.550,0.002,0,0,0,0,v
2014-03-13 02:42,6.537,0.004,0,0,0,0,v
2014-03-13 02:48,6.536,0.011,0,0,0,0,v
2014-03-13 02:54,6.524,0.003,0,0,0,0,v
2014-03-13 03:00,6.559,0.002,0,0,0,0,v
2014-03-13 03:06,6.576,0.002,0,0,0,0,v
2014-03-13 03:12,6.575,0.004,0,0,0,0,v
2014-03-13 03:18,6.583,0.003,0,0,0,0,v
2014-03-13 03:24,6.575,0.008,0,0,0,0,v
2014-03-13 03:30,6.557,0.003,0,0,0,0,v
2014-03-13 03:36,6.553,0.004,0,0,0,0,v
2014-03-13 03:42,6.570,0.002,0,0,0,0,v
2014-03-13 03:48,6.566,0.003,0,0,0,0,v
2014-03-13 03:54,6.562,0.003,0,0,0,0,v
2014-03-13 04:00,6.555,0.003,0,0,0,0,v
2014-03-13 04:06,6.536,0.003,0,0,0,0,v
2014-03-13 04:12,6.536,0.004,0,0,0,0,v
2014-03-13 04:18,6.535,0.004,0,0,0,0,v
2014-03-13 04:24,6.518,0.001,0,0,0,0,v
2014-03-13 04:30,6.519,0.004,0,0,0,0,v
2014-03-13 04:36,6.520,0.007,0,0,0,0,v
2014-03-13 04:42,6.507,0.008,0,0,0,0,v
2014-03-13 04:48,6.490,0.003,0,0,0,0,v
2014-03-13 04:54,6.515,0.003,0,0,0,0,v
2014-03-13 05:00,6.509,0.002,0,0,0,0,v
2014-03-13 05:06,6.504,0.002,0,0,0,0,v
2014-03-13 05:12,6.489,0.003,0,0,0,0,v
2014-03-13 05:18,6.525,0.002,0,0,0,0,v
2014-03-13 05:24,6.533,0.005,0,0,0,0,v
2014-03-13 05:30,6.550,0.002,0,0,0,0,v
2014-03-13 05:36,6.530,0.002,0,0,0,0,v
2014-03-13 05:42,6.532,0.004,0,0,0,0,v
2014-03-13 05:48,6.546,0.005,0,0,0,0,v
2014-03-13 05:54,6.564,0.002,0,0,0,0,v
2014-03-13 06:00,6.546,0.001,0,0,0,0,v
2014-03-13 06:06,6.549,0.002,0,0,0,0,v
2014-03-13 06:12,6.542,0.002,0,0,0,0,v
2014-03-13 06:18,6.551,0.003,0,0,0,0,v
2014-03-13 06:24,6.556,0.002,0,0,0,0,v
2014-03-13 06:30,6.545,0.002,0,0,0,0,v
2014-03-13 06:36,6.535,0.003,0,0,0,0,v
2014-03-13 06:42,6.547,0.002,0,0,0,0,v
2014-03-13 06:48,6.533,0.004,0,0,0,0,v
2014-03-13 06:54,6.508,0.002,0,0,0,0,v
2014-03-13 07:00,6.483,0.001,0,0,0,0,v
2014-03-13 07:06,6.474,0.001,0,0,0,0,v
2014-03-13 07:12,6.460,0.003,0,0,0,0,v
2014-03-13 07:18,6.443,0.002,0,0,0,0,v
2014-03-13 07:24,6.428,0.004,0,0,0,0,v
2014-03-13 07:30,6.439,0.002,0,0,0,0,v
2014-03-13 07:36,6.438,0.002,0,0,0,0,v
2014-03-13 07:42,6.465,0.002,0,0,0,0,v
2014-03-13 07:48,6.456,0.002,0,0,0,0,v
2014-03-13 07:54,6.455,0.001,0,0,0,0,v
2014-03-13 08:00,6.482,0.003,0,0,0,0,v
2014-03-13 08:06,6.450,0.005,0,0,0,0,v
2014-03-13 08:12,6.470,0.006,0,0,0,0,v
2014-03-13 08:18,6.490,0.003,0,0,0,0,v
2014-03-13 08:24,6.486,0.003,0,0,0,0,v
2014-03-13 08:30,6.494,0.003,0,0,0,0,v
2014-03-13 08:36,6.475,0.003,0,0,0,0,v
2014-03-13 08:42,6.473,0.004,0,0,0,0,v
2014-03-13 08:48,6.458,0.002,0,0,0,0,v
2014-03-13 08:54,6.445,0.004,0,0,0,0,v
2014-03-13 09:00,6.439,0.002,0,0,0,0,v
2014-03-13 09:06,6.447,0.004,0,0,0,0,v
2014-03-13 09:12,6.432,0.003,0,0,0,0,v
2014-03-13 09:18,6.402,0.004,0,0,0,0,v
2014-03-13 09:24,6.372,0.001,0,0,0,0,v
2014-03-13 09:30,6.351,0.004,0,0,0,0,v
2014-03-13 09:36,6.334,0.003,0,0,0,0,v
2014-03-13 09:42,6.333,0.003,0,0,0,0,v
2014-03-13 09:48,6.318,0.004,0,0,0,0,v
2014-03-13 09:54,6.305,0.004,0,0,0,0,v
2014-03-13 10:00,6.298,0.003,0,0,0,0,v
2014-03-13 10:06,6.338,0.003,0,0,0,0,v
2014-03-13 10:12,6.348,0.004,0,0,0,0,v
2014-03-13 10:18,6.340,0.002,0,0,0,0,v
2014-03-13 10:24,6.358,0.003,0,0,0,0,v
2014-03-13 10:30,6.355,0.003,0,0,0,0,v
2014-03-13 10:36,6.353,0.002,0,0,0,0,v
2014-03-13 10:42,6.393,0.007,0,0,0,0,v
2014-03-13 10:48,6.394,0.004,0,0,0,0,v
2014-03-13 10:54,6.389,0.003,0,0,0,0,v
2014-03-13 11:00,6.384,0.005,0,0,0,0,v
2014-03-13 11:06,6.391,0.005,0,0,0,0,v
2014-03-13 11:12,6.359,0.007,0,0,0,0,v
2014-03-13 11:18,6.403,0.003,0,0,0,0,v
2014-03-13 11:24,6.374,0.004,0,0,0,0,v
2014-03-13 11:30,6.337,0.007,0,0,0,0,v
2014-03-13 11:36,6.329,0.002,0,0,0,0,v
2014-03-13 11:42,6.321,0.005,0,0,0,0,v
2014-03-13 11:48,6.315,0.003,0,0,0,0,v
2014-03-13 11:54,6.280,0.004,0,0,0,0,v
2014-03-13 12:00,6.278,0.005,0,0,0,0,v
2014-03-13 12:06,6.291,0.004,0,0,0,0,v
2014-03-13 12:12,6.269,0.007,0,0,0,0,v
2014-03-13 12:18,6.276,0.004,0,0,0,0,v
2014-03-13 12:24,6.290,0.003,0,0,0,0,v
2014-03-13 12:30,6.303,0.003,0,0,0,0,v
2014-03-13 12:36,6.306,0.004,0,0,0,0,v
2014-03-13 12:42,6.303,0.003,0,0,0,0,v
2014-03-13 12:48,6.316,0.005,0,0,0,0,v
2014-03-13 12:54,6.304,0.007,0,0,0,0,v
2014-03-13 13:00,6.287,0.003,0,0,0,0,v
2014-03-13 13:06,6.297,0.004,0,0,0,0,v
2014-03-13 13:12,6.325,0.006,0,0,0,0,v
2014-03-13 13:18,6.297,0.004,0,0,0,0,v
2014-03-13 13:24,6.327,0.004,0,0,0,0,v
2014-03-13 13:30,6.296,0.004,0,0,0,0,v
2014-03-13 13:36,6.298,0.006,0,0,0,0,v
2014-03-13 13:42,6.301,0.003,0,0,0,0,v
2014-03-13 13:48,6.304,0.003,0,0,0,0,v
2014-03-13 13:54,6.314,0.004,0,0,0,0,v
2014-03-13 14:00,6.309,0.008,0,0,0,0,v
2014-03-13 14:06,6.332,0.006,0,0,0,0,v
2014-03-13 14:12,6.328,0.006,0,0,0,0,v
2014-03-13 14:18,6.346,0.004,0,0,0,0,v
2014-03-13 14:24,6.364,0.003,0,0,0,0,v
2014-03-13 14:30,6.344,0.009,0,0,0,0,v
2014-03-13 14:36,6.374,0.004,0,0,0,0,v
2014-03-13 14:42,6.385,0.004,0,0,0,0,v
2014-03-13 14:48,6.369,0.006,0,0,0,0,v
2014-03-13 14:54,6.372,0.004,0,0,0,0,v
2014-03-13 15:00,6.359,0.005,0,0,0,0,v
2014-03-13 15:06,6.366,0.003,0,0,0,0,v
2014-03-13 15:12,6.365,0.003,0,0,0,0,v
2014-03-13 15:18,6.388,0.007,0,0,0,0,v
2014-03-13 15:24,6.403,0.004,0,0,0,0,v
2014-03-13 15:30,6.408,0.006,0,0,0,0,v
2014-03-13 15:36,6.414,0.004,0,0,0,0,v
2014-03-13 15:42,6.428,0.004,0,0,0,0,v
2014-03-13 15:48,6.453,0.004,0,0,0,0,v
2014-03-13 15:54,6.458,0.004,0,0,0,0,v
2014-03-13 16:00,6.463,0.006,0,0,0,0,v
2014-03-13 16:06,6.488,0.004,0,0,0,0,v
2014-03-13 16:12,6.500,0.004,0,0,0,0,v
2014-03-13 16:18,6.512,0.005,0,0,0,0,v
2014-03-13 16:24,6.509,0.004,0,0,0,0,v
2014-03-13 16:30,6.521,0.004,0,0,0,0,v
2014-03-13 16:36,6.522,0.003,0,0,0,0,v
2014-03-13 16:42,6.520,0.004,0,0,0,0,v
2014-03-13 16:48,6.514,0.004,0,0,0,0,v
2014-03-13 16:54,6.533,0.007,0,0,0,0,v
2014-03-13 17:00,6.532,0.006,0,0,0,0,v
2014-03-13 17:06,6.517,0.004,0,0,0,0,v
2014-03-13 17:12,6.527,0.005,0,0,0,0,v
2014-03-13 17:18,6.518,0.003,0,0,0,0,v
2014-03-13 17:24,6.539,0.003,0,0,0,0,v
2014-03-13 17:30,6.539,0.004,0,0,0,0,v
2014-03-13 17:36,6.544,0.005,0,0,0,0,v
2014-03-13 17:42,6.556,0.003,0,0,0,0,v
2014-03-13 17:48,6.588,0.004,0,0,0,0,v
2014-03-13 17:54,6.588,0.005,0,0,0,0,v
2014-03-13 18:00,6.593,0.005,0,0,0,0,v
2014-03-13 18:06,6.613,0.005,0,0,0,0,v
2014-03-13 18:12,6.609,0.005,0,0,0,0,v
2014-03-13 18:18,6.622,0.004,0,0,0,0,v
2014-03-13 18:24,6.611,0.004,0,0,0,0,v
2014-03-13 18:30,6.605,0.005,0,0,0,0,v
2014-03-13 18:36,6.596,0.005,0,0,0,0,v
2014-03-13 18:42,6.609,0.005,0,0,0,0,v
2014-03-13 18:48,6.618,0.005,0,0,0,0,v
2014-03-13 18:54,6.611,0.006,0,0,0,0,v
2014-03-13 19:00,6.617,0.005,0,0,0,0,v
2014-03-13 19:06,6.607,0.005,0,0,0,0,v
2014-03-13 19:12,6.612,0.005,0,0,0,0,v
2014-03-13 19:18,6.620,0.004,0,0,0,0,v
2014-03-13 19:24,6.634,0.004,0,0,0,0,v
2014-03-13 19:30,6.635,0.004,0,0,0,0,v
2014-03-13 19:36,6.648,0.006,0,0,0,0,v
2014-03-13 19:42,6.639,0.008,0,0,0,0,v
2014-03-13 19:48,6.634,0.005,0,0,0,0,v
2014-03-13 19:54,6.633,0.004,0,0,0,0,v
2014-03-13 20:00,6.639,0.004,0,0,0,0,v
2014-03-13 20:06,6.640,0.004,0,0,0,0,v
2014-03-13 20:12,6.662,0.008,0,0,0,0,v
2014-03-13 20:18,6.667,0.005,0,0,0,0,v
2014-03-13 20:24,6.675,0.005,0,0,0,0,v
2014-03-13 20:30,6.671,0.004,0,0,0,0,v
2014-03-13 20:36,6.676,0.004,0,0,0,0,v
2014-03-13 20:42,6.672,0.007,0,0,0,0,v
2014-03-13 20:48,6.682,0.006,0,0,0,0,v
2014-03-13 20:54,6.688,0.005,0,0,0,0,v
2014-03-13 21:00,6.694,0.007,0,0,0,0,v
2014-03-13 21:06,6.693,0.005,0,0,0,0,v
2014-03-13 21:12,6.690,0.007,0,0,0,0,v
2014-03-13 21:18,6.686,0.006,0,0,0,0,v
2014-03-13 21:24,6.683,0.006,0,0,0,0,v
2014-03-13 21:30,6.684,0.007,0,0,0,0,v
2014-03-13 21:36,6.656,0.005,0,0,0,0,v
2014-03-13 21:42,6.665,0.004,0,0,0,0,v
2014-03-13 21:48,6.668,0.005,0,0,0,0,v
2014-03-13 21:54,6.656,0.007,0,0,0,0,v
2014-03-13 22:00,6.646,0.007,0,0,0,0,v
2014-03-13 22:06,6.656,0.003,0,0,0,0,v
2014-03-13 22:12,6.642,0.004,0,0,0,0,v
2014-03-13 22:18,6.653,0.005,0,0,0,0,v
2014-03-13 22:24,6.655,0.003,0,0,0,0,v
2014-03-13 22:30,6.654,0.003,0,0,0,0,v
2014-03-13 22:36,6.653,0.004,0,0,0,0,v
2014-03-13 22:42,6.658,0.005,0,0,0,0,v
2014-03-13 22:48,6.664,0.003,0,0,0,0,v
2014-03-13 22:54,6.655,0.005,0,0,0,0,v
2014-03-13 23:00,6.650,0.004,0,0,0,0,v
2014-03-13 23:06,6.651,0.005,0,0,0,0,v
2014-03-13 23:12,6.650,0.005,0,0,0,0,v
2014-03-13 23:18,6.642,0.003,0,0,0,0,v
2014-03-13 23:24,6.636,0.004,0,0,0,0,v
2014-03-13 23:30,6.636,0.003,0,0,0,0,v
2014-03-13 23:36,6.639,0.004,0,0,0,0,v
2014-03-13 23:42,6.641,0.005,0,0,0,0,v
2014-03-13 23:48,6.650,0.004,0,0,0,0,v
2014-03-13 23:54,6.646,0.004,0,0,0,0,v
2014-03-14 00:00,6.638,0.005,0,0,0,0,v
2014-03-14 00:06,6.618,0.005,0,0,0,0,v
2014-03-14 00:12,6.618,0.004,0,0,0,0,v
2014-03-14 00:18,6.614,0.004,0,0,0,0,v
2014-03-14 00:24,6.603,0.005,0,0,0,0,v
2014-03-14 00:30,6.602,0.003,0,0,0,0,v
2014-03-14 00:36,6.611,0.004,0,0,0,0,v
2014-03-14 00:42,6.602,0.004,0,0,0,0,v
2014-03-14 00:48,6.586,0.004,0,0,0,0,v
2014-03-14 00:54,6.596,0.003,0,0,0,0,v
2014-03-14 01:00,6.602,0.006,0,0,0,0,v
2014-03-14 01:06,6.605,0.003,0,0,0,0,v
2014-03-14 01:12,6.605,0.004,0,0,0,0,v
2014-03-14 01:18,6.608,0.003,0,0,0,0,v
2014-03-14 01:24,6.618,0.003,0,0,0,0,v
2014-03-14 01:30,6.638,0.004,0,0,0,0,v
2014-03-14 01:36,6.640,0.003,0,0,0,0,v
2014-03-14 01:42,6.642,0.004,0,0,0,0,v
2014-03-14 01:48,6.636,0.003,0,0,0,0,v
2014-03-14 01:54,6.639,0.002,0,0,0,0,v
2014-03-14 02:00,6.652,0.004,0,0,0,0,v
2014-03-14 02:06,6.669,0.003,0,0,0,0,v
2014-03-14 02:12,6.657,0.003,0,0,0,0,v
2014-03-14 02:18,6.667,0.003,0,0,0,0,v
2014-03-14 02:24,6.671,0.003,0,0,0,0,v
2014-03-14 02:30,6.670,0.003,0,0,0,0,v
2014-03-14 02:36,6.671,0.003,0,0,0,0,v
2014-03-14 02:42,6.663,0.003,0,0,0,0,v
2014-03-14 02:48,6.664,0.004,0,0,0,0,v
2014-03-14 02:54,6.652,0.003,0,0,0,0,v
2014-03-14 03:00,6.659,0.003,0,0,0,0,v
2014-03-14 03:06,6.640,0.003,0,0,0,0,v
2014-03-14 03:12,6.648,0.004,0,0,0,0,v
2014-03-14 03:18,6.659,0.003,0,0,0,0,v
2014-03-14 03:24,6.644,0.004,0,0,0,0,v
2014-03-14 03:30,6.644,0.003,0,0,0,0,v
2014-03-14 03:36,6.633,0.004,0,0,0,0,v
2014-03-14 03:42,6.633,0.003,0,0,0,0,v
2014-03-14 03:48,6.665,0.006,0,0,0,0,v
2014-03-14 03:54,6.672,0.004,0,0,0,0,v
2014-03-14 04:00,6.684,0.003,0,0,0,0,v
2014-03-14 04:06,6.696,0.005,0,0,0,0,v
2014-03-14 04:12,6.715,0.002,0,0,0,0,v
2014-03-14 04:18,6.715,0.003,0,0,0,0,v
2014-03-14 04:24,6.721,0.005,0,0,0,0,v
2014-03-14 04:30,6.714,0.003,0,0,0,0,v
2014-03-14 04:36,6.719,0.002,0,0,0,0,v
2014-03-14 04:42,6.712,0.003,0,0,0,0,v
2014-03-14 04:48,6.705,0.002,0,0,0,0,v
2014-03-14 04:54,6.706,0.003,0,0,0,0,v
2014-03-14 05:00,6.714,0.003,0,0,0,0,v
2014-03-14 05:06,6.719,0.003,0,0,0,0,v
2014-03-14 05:12,6.715,0.003,0,0,0,0,v
2014-03-14 05:18,6.710,0.004,0,0,0,0,v
2014-03-14 05:24,6.699,0.003,0,0,0,0,v
2014-03-14 05:30,6.708,0.002,0,0,0,0,v
2014-03-14 05:36,6.714,0.002,0,0,0,0,v
2014-03-14 05:42,6.727,0.002,0,0,0,0,v
2014-03-14 05:48,6.718,0.004,0,0,0,0,v
2014-03-14 05:54,6.737,0.002,0,0,0,0,v
2014-03-14 06:00,6.736,0.003,0,0,0,0,v
2014-03-14 06:06,6.734,0.002,0,0,0,0,v
2014-03-14 06:12,6.745,0.003,0,0,0,0,v
2014-03-14 06:18,6.743,0.003,0,0,0,0,v
2014-03-14 06:24,6.752,0.002,0,0,0,0,v
2014-03-14 06:30,6.743,0.002,0,0,0,0,v
2014-03-14 06:36,6.750,0.004,0,0,0,0,v
2014-03-14 06:42,6.758,0.004,0,0,0,0,v
2014-03-14 06:48,6.763,0.002,0,0,0,0,v
2014-03-14 06:54,6.767,0.003,0,0,0,0,v
2014-03-14 07:00,6.769,0.004,0,0,0,0,v
2014-03-14 07:06,6.789,0.002,0,0,0,0,v
2014-03-14 07:12,6.786,0.003,0,0,0,0,v
2014-03-14 07:18,6.775,0.003,0,0,0,0,v
2014-03-14 07:24,6.771,0.003,0,0,0,0,v
2014-03-14 07:30,6.777,0.003,0,0,0,0,v
2014-03-14 07:36,6.764,0.003,0,0,0,0,v
2014-03-14 07:42,6.760,0.003,0,0,0,0,v
2014-03-14 07:48,6.768,0.003,0,0,0,0,v
2014-03-14 07:54,6.762,0.002,0,0,0,0,v
2014-03-14 08:00,6.768,0.003,0,0,0,0,v
2014-03-14 08:06,6.757,0.004,0,0,0,0,v
2014-03-14 08:12,6.748,0.003,0,0,0,0,v
2014-03-14 08:18,6.757,0.004,0,0,0,0,v
2014-03-14 08:24,6.760,0.004,0,0,0,0,v
2014-03-14 08:30,6.759,0.004,0,0,0,0,v
2014-03-14 08:36,6.745,0.003,0,0,0,0,v
2014-03-14 08:42,6.747,0.004,0,0,0,0,v
2014-03-14 08:48,6.734,0.004,0,0,0,0,v
2014-03-14 08:54,6.725,0.003,0,0,0,0,v
2014-03-14 09:00,6.714,0.004,0,0,0,0,v
2014-03-14 09:06,6.699,0.003,0,0,0,0,v
2014-03-14 09:12,6.692,0.006,0,0,0,0,v
2014-03-14 09:18,6.687,0.003,0,0,0,0,v
2014-03-14 09:24,6.683,0.004,0,0,0,0,v
2014-03-14 09:30,6.677,0.003,0,0,0,0,v
2014-03-14 09:36,6.669,0.003,0,0,0,0,v
2014-03-14 09:42,6.665,0.005,0,0,0,0,v
2014-03-14 09:48,6.662,0.004,0,0,0,0,v
2014-03-14 09:54,6.664,0.005,0,0,0,0,v
2014-03-14 10:00,6.637,0.005,0,0,0,0,v
2014-03-14 10:06,6.652,0.003,0,0,0,0,v
2014-03-14 10:12,6.638,0.005,0,0,0,0,v
2014-03-14 10:18,6.631,0.006,0,0,0,0,v
2014-03-14 10:24,6.628,0.004,0,0,0,0,v
2014-03-14 10:30,6.624,0.004,0,0,0,0,v
2014-03-14 10:36,6.609,0.005,0,0,0,0,v
2014-03-14 10:42,6.624,0.005,0,0,0,0,v
2014-03-14 10:48,6.614,0.007,0,0,0,0,v
2014-03-14 10:54,6.604,0.006,0,0,0,0,v
2014-03-14 11:00,6.611,0.003,0,0,0,0,v
2014-03-14 11:06,6.591,0.006,0,0,0,0,v
2014-03-14 11:12,6.601,0.006,0,0,0,0,v
2014-03-14 11:18,6.600,0.005,0,0,0,0,v
2014-03-14 11:24,6.604,0.005,0,0,0,0,v
2014-03-14 11:30,6.588,0.003,0,0,0,0,v
2014-03-14 11:36,6.594,0.004,0,0,0,0,v
2014-03-14 11:42,6.595,0.004,0,0,0,0,v
2014-03-14 11:48,6.593,0.005,0,0,0,0,v
2014-03-14 11:54,6.601,0.006,0,0,0,0,v
2014-03-14 12:00,6.601,0.005,0,0,0,0,v
2014-03-14 12:06,6.591,0.005,0,0,0,0,v
2014-03-14 12:12,6.587,0.004,0,0,0,0,v
2014-03-14 12:18,6.579,0.005,0,0,0,0,v
2014-03-14 12:24,6.573,0.004,0,0,0,0,v
2014-03-14 12:30,6.576,0.007,0,0,0,0,v
2014-03-14 12:36,6.564,0.005,0,0,0,0,v
2014-03-14 12:42,6.562,0.004,0,0,0,0,v
2014-03-14 12:48,6.550,0.006,0,0,0,0,v
2014-03-14 12:54,6.532,0.005,0,0,0,0,v
2014-03-14 13:00,6.536,0.004,0,0,0,0,v
2014-03-14 13:06,6.535,0.008,0,0,0,0,v
2014-03-14 13:12,6.520,0.004,0,0,0,0,v
2014-03-14 13:18,6.534,0.006,0,0,0,0,v
2014-03-14 13:24,6.548,0.007,0,0,0,0,v
2014-03-14 13:30,6.553,0.000,0,0,0,0,v
2014-03-14 13:36,6.559,0.005,0,0,0,0,v
2014-03-14 13:42,6.540,0.003,0,0,0,0,v
2014-03-14 13:48,6.540,0.006,0,0,0,0,v
2014-03-14 13:54,6.561,0.006,0,0,0,0,v
2014-03-14 14:00,6.557,0.006,0,0,0,0,v
2014-03-14 14:06,6.544,0.005,0,0,0,0,v
2014-03-14 14:12,6.540,0.009,0,0,0,0,v
2014-03-14 14:18,6.545,0.006,0,0,0,0,v
2014-03-14 14:24,6.546,0.006,0,0,0,0,v
2014-03-14 14:30,6.549,0.005,0,0,0,0,v
2014-03-14 14:36,6.559,0.005,0,0,0,0,v
2014-03-14 14:42,6.559,0.005,0,0,0,0,v
2014-03-14 14:48,6.555,0.006,0,0,0,0,v
2014-03-14 14:54,6.560,0.005,0,0,0,0,v
2014-03-14 15:00,6.560,0.005,0,0,0,0,v
2014-03-14 15:06,6.562,0.007,0,0,0,0,v
2014-03-14 15:12,6.553,0.006,0,0,0,0,v
2014-03-14 15:18,6.566,0.006,0,0,0,0,v
2014-03-14 15:24,6.600,0.006,0,0,0,0,v
2014-03-14 15:30,6.587,0.005,0,0,0,0,v
2014-03-14 15:36,6.609,0.006,0,0,0,0,v
2014-03-14 15:42,6.619,0.005,0,0,0,0,v
2014-03-14 15:48,6.626,0.004,0,0,0,0,v
2014-03-14 15:54,6.610,0.008,0,0,0,0,v
2014-03-14 16:00,6.618,0.006,0,0,0,0,v
2014-03-14 16:06,6.632,0.005,0,0,0,0,v
2014-03-14 16:12,6.622,0.009,0,0,0,0,v
2014-03-14 16:18,6.630,0.006,0,0,0,0,v
2014-03-14 16:24,6.642,0.004,0,0,0,0,v
2014-03-14 16:30,6.630,0.005,0,0,0,0,v
2014-03-14 16:36,6.623,0.010,0,0,0,0,v
2014-03-14 16:42,6.634,0.005,0,0,0,0,v
2014-03-14 16:48,6.648,0.004,0,0,0,0,v
2014-03-14 16:54,6.657,0.011,0,0,0,0,v
2014-03-14 17:00,6.671,0.006,0,0,0,0,v
2014-03-14 17:06,6.670,0.006,0,0,0,0,v
2014-03-14 17:12,6.672,0.005,0,0,0,0,v
2014-03-14 17:18,6.674,0.008,0,0,0,0,v
2014-03-14 17:24,6.675,0.006,0,0,0,0,v
2014-03-14 17:30,6.698,0.005,0,0,0,0,v
2014-03-14 17:36,6.702,0.008,0,0,0,0,v
2014-03-14 17:42,6.708,0.005,0,0,0,0,v
2014-03-14 17:48,6.711,0.005,0,0,0,0,v
2014-03-14 17:54,6.716,0.009,0,0,0,0,v
2014-03-14 18:00,6.716,0.005,0,0,0,0,v
2014-03-14 18:06,6.747,0.007,0,0,0,0,v
2014-03-14 18:12,6.730,0.008,0,0,0,0,v
2014-03-14 18:18,6.725,0.005,0,0,0,0,v
2014-03-14 18:24,6.741,0.009,0,0,0,0,v
2014-03-14 18:30,6.746,0.008,0,0,0,0,v
2014-03-14 18:36,6.743,0.006,0,0,0,0,v
2014-03-14 18:42,6.742,0.010,0,0,0,0,v
2014-03-14 18:48,6.763,0.005,0,0,0,0,v
2014-03-14 18:54,6.748,0.005,0,0,0,0,v
2014-03-14 19:00,6.752,0.008,0,0,0,0,v
2014-03-14 19:06,6.756,0.006,0,0,0,0,v
2014-03-14 19:12,6.759,0.004,0,0,0,0,v
2014-03-14 19:18,6.767,0.005,0,0,0,0,v
2014-03-14 19:24,6.762,0.006,0,0,0,0,v
2014-03-14 19:30,6.776,0.004,0,0,0,0,v
2014-03-14 19:36,6.770,0.005,0,0,0,0,v
2014-03-14 19:42,6.775,0.006,0,0,0,0,v
2014-03-14 19:48,6.783,0.004,0,0,0,0,v
2014-03-14 19:54,6.788,0.007,0,0,0,0,v
2014-03-14 20:00,6.779,0.010,0,0,0,0,v
2014-03-14 20:06,6.775,0.006,0,0,0,0,v
2014-03-14 20:12,6.774,0.004,0,0,0,0,v
2014-03-14 20:18,6.774,0.006,0,0,0,0,v
2014-03-14 20:24,6.750,0.006,0,0,0,0,v
2014-03-14 20:30,6.757,0.005,0,0,0,0,v
2014-03-14 20:36,6.757,0.006,0,0,0,0,v
2014-03-14 20:42,6.759,0.005,0,0,0,0,v
2014-03-14 20:48,6.768,0.008,0,0,0,0,v
2014-03-14 20:54,6.777,0.007,0,0,0,0,v
2014-03-14 21:00,6.776,0.004,0,0,0,0,v
2014-03-14 21:06,6.776,0.006,0,0,0,0,v
2014-03-14 21:12,6.770,0.005,0,0,0,0,v
2014-03-14 21:18,6.774,0.004,0,0,0,0,v
2014-03-14 21:24,6.779,0.004,0,0,0,0,v
2014-03-14 21:30,6.764,0.009,0,0,0,0,v
2014-03-14 21:36,6.753,0.006,0,0,0,0,v
2014-03-14 21:42,6.747,0.007,0,0,0,0,v
2014-03-14 21:48,6.762,0.006,0,0,0,0,v
2014-03-14 21:54,6.753,0.007,0,0,0,0,v
2014-03-14 22:00,6.749,0.004,0,0,0,0,v
2014-03-14 22:06,6.761,0.008,0,0,0,0,v
2014-03-14 22:12,6.757,0.006,0,0,0,0,v
2014-03-14 22:18,6.747,0.006,0,0,0,0,v
2014-03-14 22:24,6.734,0.006,0,0,0,0,v
2014-03-14 22:30,6.752,0.006,0,0,0,0,v
2014-03-14 22:36,6.762,0.005,0,0,0,0,v
2014-03-14 22:42,6.760,0.008,0,0,0,0,v
2014-03-14 22:48,6.757,0.005,0,0,0,0,v
2014-03-14 22:54,6.756,0.005,0,0,0,0,v
2014-03-14 23:00,6.753,0.005,0,0,0,0,v
2014-03-14 23:06,6.747,0.008,0,0,0,0,v
2014-03-14 23:12,6.740,0.007,0,0,0,0,v
2014-03-14 23:18,6.735,0.006,0,0,0,0,v
2014-03-14 23:24,6.754,0.006,0,0,0,0,v
2014-03-14 23:30,6.743,0.004,0,0,0,0,v
2014-03-14 23:36,6.742,0.006,0,0,0,0,v
2014-03-14 23:42,6.724,0.006,0,0,0,0,v
2014-03-14 23:48,6.724,0.006,0,0,0,0,v
2014-03-14 23:54,6.731,0.005,0,0,0,0,v
2014-03-15 00:00,6.719,0.008,0,0,0,0,v
2014-03-15 00:06,6.700,0.005,0,0,0,0,v
2014-03-15 00:12,6.696,0.006,0,0,0,0,v
2014-03-15 00:18,6.680,0.006,0,0,0,0,v
2014-03-15 00:24,6.673,0.005,0,0,0,0,v
2014-03-15 00:30,6.656,0.004,0,0,0,0,v
2014-03-15 00:36,6.673,0.005,0,0,0,0,v
2014-03-15 00:42,6.680,0.005,0,0,0,0,v
2014-03-15 00:48,6.646,0.008,0,0,0,0,v
2014-03-15 00:54,6.663,0.004,0,0,0,0,v
2014-03-15 01:00,6.645,0.006,0,0,0,0,v
2014-03-15 01:06,6.644,0.005,0,0,0,0,v
2014-03-15 01:12,6.650,0.009,0,0,0,0,v
2014-03-15 01:18,6.649,0.006,0,0,0,0,v
2014-03-15 01:24,6.645,0.004,0,0,0,0,v
2014-03-15 01:30,6.637,0.005,0,0,0,0,v
2014-03-15 01:36,6.624,0.007,0,0,0,0,v
2014-03-15 01:42,6.628,0.005,0,0,0,0,v
2014-03-15 01:48,6.635,0.005,0,0,0,0,v
2014-03-15 01:54,6.642,0.004,0,0,0,0,v
2014-03-15 02:00,6.636,0.004,0,0,0,0,v
2014-03-15 02:06,6.637,0.005,0,0,0,0,v
2014-03-15 02:12,6.602,0.005,0,0,0,0,v
2014-03-15 02:18,6.604,0.006,0,0,0,0,v
2014-03-15 02:24,6.603,0.006,0,0,0,0,v
2014-03-15 02:30,6.615,0.005,0,0,0,0,v
2014-03-15 02:36,6.628,0.006,0,0,0,0,v
2014-03-15 02:42,6.625,0.004,0,0,0,0,v
2014-03-15 02:48,6.617,0.007,0,0,0,0,v
2014-03-15 02:54,6.613,0.004,0,0,0,0,v
2014-03-15 03:00,6.607,0.007,0,0,0,0,v
2014-03-15 03:06,6.629,0.004,0,0,0,0,v
2014-03-15 03:12,6.630,0.005,0,0,0,0,v
2014-03-15 03:18,6.625,0.004,0,0,0,0,v
2014-03-15 03:24,6.620,0.004,0,0,0,0,v
2014-03-15 03:30,6.633,0.005,0,0,0,0,v
2014-03-15 03:36,6.649,0.009,0,0,0,0,v
2014-03-15 03:42,6.641,0.005,0,0,0,0,v
2014-03-15 03:48,6.656,0.008,0,0,0,0,v
2014-03-15 03:54,6.658,0.007,0,0,0,0,v
2014-03-15 04:00,6.647,0.007,0,0,0,0,v
2014-03-15 04:06,6.665,0.007,0,0,0,0,v
2014-03-15 04:12,6.637,0.008,0,0,0,0,v
2014-03-15 04:18,6.664,0.006,0,0,0,0,v
2014-03-15 04:24,6.670,0.006,0,0,0,0,v
2014-03-15 04:30,6.682,0.006,0,0,0,0,v
2014-03-15 04:36,6.690,0.007,0,0,0,0,v
2014-03-15 04:42,6.669,0.004,0,0,0,0,v
2014-03-15 04:48,6.674,0.006,0,0,0,0,v
2014-03-15 04:54,6.676,0.007,0,0,0,0,v
2014-03-15 05:00,6.690,0.007,0,0,0,0,v
2014-03-15 05:06,6.703,0.005,0,0,0,0,v
2014-03-15 05:12,6.705,0.005,0,0,0,0,v
2014-03-15 05:18,6.714,0.006,0,0,0,0,v
2014-03-15 05:24,6.693,0.005,0,0,0,0,v
2014-03-15 05:30,6.688,0.006,0,0,0,0,v
2014-03-15 05:36,6.698,0.006,0,0,0,0,v
2014-03-15 05:42,6.708,0.004,0,0,0,0,v
2014-03-15 05:48,6.724,0.004,0,0,0,0,v
2014-03-15 05:54,6.747,0.004,0,0,0,0,v
2014-03-15 06:00,6.746,0.006,0,0,0,0,v
2014-03-15 06:06,6.734,0.006,0,0,0,0,v
2014-03-15 06:12,6.733,0.010,0,0,0,0,v
2014-03-15 06:18,6.748,0.006,0,0,0,0,v
2014-03-15 06:24,6.768,0.009,0,0,0,0,v
2014-03-15 06:30,6.751,0.004,0,0,0,0,v
2014-03-15 06:36,6.749,0.004,0,0,0,0,v
2014-03-15 06:42,6.748,0.005,0,0,0,0,v
2014-03-15 06:48,6.749,0.005,0,0,0,0,v
2014-03-15 06:54,6.750,0.009,0,0,0,0,v
2014-03-15 07:00,6.755,0.006,0,0,0,0,v
2014-03-15 07:06,6.739,0.005,0,0,0,0,v
2014-03-15 07:12,6.744,0.005,0,0,0,0,v
2014-03-15 07:18,6.746,0.006,0,0,0,0,v
2014-03-15 07:24,6.773,0.004,0,0,0,0,v
2014-03-15 07:30,6.773,0.005,0,0,0,0,v
2014-03-15 07:36,6.783,0.005,0,0,0,0,v
2014-03-15 07:42,6.791,0.003,0,0,0,0,v
2014-03-15 07:48,6.780,0.006,0,0,0,0,v
2014-03-15 07:54,6.735,0.004,0,0,0,0,v
2014-03-15 08:00,6.757,0.005,0,0,0,0,v
2014-03-15 08:06,6.770,0.004,0,0,0,0,v
2014-03-15 08:12,6.763,0.007,0,0,0,0,v
2014-03-15 08:18,6.760,0.004,0,0,0,0,v
2014-03-15 08:24,6.741,0.006,0,0,0,0,v
2014-03-15 08:30,6.720,0.004,0,0,0,0,v
2014-03-15 08:36,6.725,0.006,0,0,0,0,v
2014-03-15 08:42,6.736,0.004,0,0,0,0,v
2014-03-15 08:48,6.730,0.004,0,0,0,0,v
2014-03-15 08:54,6.731,0.004,0,0,0,0,v
2014-03-15 09:00,6.731,0.005,0,0,0,0,v
2014-03-15 09:06,6.755,0.004,0,0,0,0,v
2014-03-15 09:12,6.738,0.005,0,0,0,0,v
2014-03-15 09:18,6.727,0.006,0,0,0,0,v
2014-03-15 09:24,6.711,0.006,0,0,0,0,v
2014-03-15 09:30,6.726,0.005,0,0,0,0,v
2014-03-15 09:36,6.710,0.005,0,0,0,0,v
2014-03-15 09:42,6.699,0.007,0,0,0,0,v
2014-03-15 09:48,6.693,0.004,0,0,0,0,v
2014-03-15 09:54,6.684,0.006,0,0,0,0,v
2014-03-15 10:00,6.685,0.006,0,0,0,0,v
2014-03-15 10:06,6.663,0.009,0,0,0,0,v
2014-03-15 10:12,6.634,0.004,0,0,0,0,v
2014-03-15 10:18,6.639,0.005,0,0,0,0,v
2014-03-15 10:24,6.634,0.004,0,0,0,0,v
2014-03-15 10:30,6.632,0.005,0,0,0,0,v
2014-03-15 10:36,6.623,0.004,0,0,0,0,v
2014-03-15 10:42,6.624,0.005,0,0,0,0,v
2014-03-15 10:48,6.619,0.007,0,0,0,0,v
2014-03-15 10:54,6.608,0.006,0,0,0,0,v
2014-03-15 11:00,6.591,0.005,0,0,0,0,v
2014-03-15 11:06,6.594,0.004,0,0,0,0,v
2014-03-15 11:12,6.594,0.005,0,0,0,0,v
2014-03-15 11:18,6.609,0.006,0,0,0,0,v
2014-03-15 11:24,6.606,0.006,0,0,0,0,v
2014-03-15 11:30,6.573,0.008,0,0,0,0,v
2014-03-15 11:36,6.560,0.005,0,0,0,0,v
2014-03-15 11:42,6.589,0.004,0,0,0,0,v
2014-03-15 11:48,6.590,0.008,0,0,0,0,v
2014-03-15 11:54,6.591,0.005,0,0,0,0,v
2014-03-15 12:00,6.575,0.006,0,0,0,0,v
2014-03-15 12:06,6.571,0.010,0,0,0,0,v
2014-03-15 12:12,6.572,0.005,0,0,0,0,v
2014-03-15 12:18,6.572,0.005,0,0,0,0,v
2014-03-15 12:24,6.554,0.007,0,0,0,0,v
2014-03-15 12:30,6.559,0.004,0,0,0,0,v
2014-03-15 12:36,6.564,0.007,0,0,0,0,v
2014-03-15 12:42,6.552,0.007,0,0,0,0,v
2014-03-15 12:48,6.549,0.008,0,0,0,0,v
2014-03-15 12:54,6.556,0.009,0,0,0,0,v
2014-03-15 13:00,6.536,0.007,0,0,0,0,v
2014-03-15 13:06,6.545,0.004,0,0,0,0,v
2014-03-15 13:12,6.533,0.006,0,0,0,0,v
2014-03-15 13:18,6.541,0.008,0,0,0,0,v
2014-03-15 13:24,6.561,0.009,0,0,0,0,v
2014-03-15 13:30,6.555,0.004,0,0,0,0,v
2014-03-15 13:36,6.556,0.006,0,0,0,0,v
2014-03-15 13:42,6.572,0.009,0,0,0,0,v
2014-03-15 13:48,6.577,0.008,0,0,0,0,v
2014-03-15 13:54,6.566,0.003,0,0,0,0,v
2014-03-15 14:00,6.555,0.009,0,0,0,0,v
2014-03-15 14:06,6.590,0.005,0,0,0,0,v
2014-03-15 14:12,6.579,0.007,0,0,0,0,v
2014-03-15 14:18,6.570,0.009,0,0,0,0,v
2014-03-15 14:24,6.574,0.011,0,0,0,0,v
2014-03-15 14:30,6.577,0.005,0,0,0,0,v
2014-03-15 14:36,6.580,0.007,0,0,0,0,v
2014-03-15 14:42,6.546,0.008,0,0,0,0,v
2014-03-15 14:48,6.551,0.004,0,0,0,0,v
2014-03-15 14:54,6.567,0.005,0,0,0,0,v
2014-03-15 15:00,6.552,0.006,0,0,0,0,v
2014-03-15 15:06,6.550,0.007,0,0,0,0,v
2014-03-15 15:12,6.535,0.004,0,0,0,0,v
2014-03-15 15:18,6.560,0.006,0,0,0,0,v
2014-03-15 15:24,6.568,0.006,0,0,0,0,v
2014-03-15 15:30,6.575,0.005,0,0,0,0,v
2014-03-15 15:36,6.555,0.007,0,0,0,0,v
2014-03-15 15:42,6.548,0.005,0,0,0,0,v
2014-03-15 15:48,6.566,0.006,0,0,0,0,v
2014-03-15 15:54,6.579,0.006,0,0,0,0,v
2014-03-15 16:00,6.589,0.006,0,0,0,0,v
2014-03-15 16:06,6.578,0.004,0,0,0,0,v
2014-03-15 16:12,6.584,0.006,0,0,0,0,v
2014-03-15 16:18,6.591,0.007,0,0,0,0,v
2014-03-15 16:24,6.614,0.005,0,0,0,0,v
2014-03-15 16:30,6.626,0.006,0,0,0,0,v
2014-03-15 16:36,6.629,0.006,0,0,0,0,v
2014-03-15 16:42,6.604,0.007,0,0,0,0,v
2014-03-15 16:48,6.598,0.008,0,0,0,0,v
2014-03-15 16:54,6.629,0.010,0,0,0,0,v
2014-03-15 17:00,6.657,0.006,0,0,0,0,v
2014-03-15 17:06,6.676,0.006,0,0,0,0,v
2014-03-15 17:12,6.687,0.006,0,0,0,0,v
2014-03-15 17:18,6.671,0.007,0,0,0,0,v
2014-03-15 17:24,6.675,0.006,0,0,0,0,v
2014-03-15 17:30,6.691,0.005,0,0,0,0,v
2014-03-15 17:36,6.700,0.004,0,0,0,0,v
2014-03-15 17:42,6.710,0.005,0,0,0,0,v
2014-03-15 17:48,6.705,0.007,0,0,0,0,v
2014-03-15 17:54,6.714,0.006,0,0,0,0,v
2014-03-15 18:00,6.728,0.003,0,0,0,0,v
2014-03-15 18:06,6.725,0.006,0,0,0,0,v
2014-03-15 18:12,6.711,0.005,0,0,0,0,v
2014-03-15 18:18,6.723,0.003,0,0,0,0,v
2014-03-15 18:24,6.722,0.004,0,0,0,0,v
2014-03-15 18:30,6.749,0.005,0,0,0,0,v
2014-03-15 18:36,6.744,0.006,0,0,0,0,v
2014-03-15 18:42,6.737,0.005,0,0,0,0,v
2014-03-15 18:48,6.756,0.005,0,0,0,0,v
2014-03-15 18:54,6.752,0.005,0,0,0,0,v
2014-03-15 19:00,6.767,0.006,0,0,0,0,v
2014-03-15 19:06,6.758,0.005,0,0,0,0,v
2014-03-15 19:12,6.763,0.006,0,0,0,0,v
2014-03-15 19:18,6.770,0.006,0,0,0,0,v
2014-03-15 19:24,6.773,0.008,0,0,0,0,v
2014-03-15 19:30,6.757,0.004,0,0,0,0,v
2014-03-15 19:36,6.768,0.006,0,0,0,0,v
2014-03-15 19:42,6.768,0.004,0,0,0,0,v
2014-03-15 19:48,6.781,0.004,0,0,0,0,v
2014-03-15 19:54,6.773,0.005,0,0,0,0,v
2014-03-15 20:00,6.761,0.005,0,0,0,0,v
2014-03-15 20:06,6.770,0.006,0,0,0,0,v
2014-03-15 20:12,6.777,0.008,0,0,0,0,v
2014-03-15 20:18,6.772,0.005,0,0,0,0,v
2014-03-15 20:24,6.760,0.009,0,0,0,0,v
2014-03-15 20:30,6.760,0.006,0,0,0,0,v
2014-03-15 20:36,6.779,0.004,0,0,0,0,v
2014-03-15 20:42,6.779,0.008,0,0,0,0,v
2014-03-15 20:48,6.767,0.005,0,0,0,0,v
2014-03-15 20:54,6.768,0.009,0,0,0,0,v
2014-03-15 21:00,6.796,0.010,0,0,0,0,v
2014-03-15 21:06,6.806,0.008,0,0,0,0,v
2014-03-15 21:12,6.817,0.005,0,0,0,0,v
2014-03-15 21:18,6.824,0.005,0,0,0,0,v
2014-03-15 21:24,6.811,0.005,0,0,0,0,v
2014-03-15 21:30,6.788,0.005,0,0,0,0,v
2014-03-15 21:36,6.797,0.005,0,0,0,0,v
2014-03-15 21:42,6.786,0.009,0,0,0,0,v
2014-03-15 21:48,6.776,0.006,0,0,0,0,v
2014-03-15 21:54,6.773,0.003,0,0,0,0,v
2014-03-15 22:00,6.758,0.009,0,0,0,0,v
2014-03-15 22:06,6.757,0.005,0,0,0,0,v
2014-03-15 22:12,6.747,0.004,0,0,0,0,v
2014-03-15 22:18,6.735,0.005,0,0,0,0,v
2014-03-15 22:24,6.737,0.006,0,0,0,0,v
2014-03-15 22:30,6.752,0.009,0,0,0,0,v
2014-03-15 22:36,6.765,0.004,0,0,0,0,v
2014-03-15 22:42,6.765,0.005,0,0,0,0,v
2014-03-15 22:48,6.756,0.006,0,0,0,0,v
2014-03-15 22:54,6.724,0.006,0,0,0,0,v
2014-03-15 23:00,6.728,0.006,0,0,0,0,v
2014-03-15 23:06,6.740,0.005,0,0,0,0,v
2014-03-15 23:12,6.729,0.006,0,0,0,0,v
2014-03-15 23:18,6.722,0.007,0,0,0,0,v
2014-03-15 23:24,6.726,0.005,0,0,0,0,v
2014-03-15 23:30,6.735,0.005,0,0,0,0,v
2014-03-15 23:36,6.732,0.004,0,0,0,0,v
2014-03-15 23:42,6.729,0.006,0,0,0,0,v
2014-03-15 23:48,6.722,0.006,0,0,0,0,v
2014-03-15 23:54,6.732,0.005,0,0,0,0,v
2014-03-16 00:00,6.727,0.007,0,0,0,0,v
2014-03-16 00:06,6.715,0.005,0,0,0,0,v
2014-03-16 00:12,6.698,0.009,0,0,0,0,v
2014-03-16 00:18,6.685,0.007,0,0,0,0,v
2014-03-16 00:24,6.682,0.004,0,0,0,0,v
2014-03-16 00:30,6.693,0.004,0,0,0,0,v
2014-03-16 00:36,6.677,0.004,0,0,0,0,v
2014-03-16 00:42,6.673,0.005,0,0,0,0,v
2014-03-16 00:48,6.655,0.006,0,0,0,0,v
2014-03-16 00:54,6.672,0.004,0,0,0,0,v
2014-03-16 01:00,6.669,0.006,0,0,0,0,v
2014-03-16 01:06,6.659,0.006,0,0,0,0,v
2014-03-16 01:12,6.657,0.006,0,0,0,0,v
2014-03-16 01:18,6.647,0.006,0,0,0,0,v
2014-03-16 01:24,6.662,0.006,0,0,0,0,v
2014-03-16 01:30,6.666,0.008,0,0,0,0,v
2014-03-16 01:36,6.671,0.003,0,0,0,0,v
2014-03-16 01:42,6.659,0.005,0,0,0,0,v
2014-03-16 01:48,6.644,0.004,0,0,0,0,v
2014-03-16 01:54,6.637,0.007,0,0,0,0,v
2014-03-16 02:00,6.640,0.006,0,0,0,0,v
2014-03-16 02:06,6.644,0.008,0,0,0,0,v
2014-03-16 02:12,6.655,0.005,0,0,0,0,v
2014-03-16 02:18,6.659,0.008,0,0,0,0,v
2014-03-16 02:24,6.669,0.005,0,0,0,0,v
2014-03-16 02:30,6.686,0.008,0,0,0,0,v
2014-03-16 02:36,6.675,0.005,0,0,0,0,v
2014-03-16 02:42,6.653,0.004,0,0,0,0,v
2014-03-16 02:48,6.640,0.007,0,0,0,0,v
2014-03-16 02:54,6.651,0.006,0,0,0,0,v
2014-03-16 03:00,6.662,0.007,0,0,0,0,v
2014-03-16 03:06,6.652,0.008,0,0,0,0,v
2014-03-16 03:12,6.645,0.008,0,0,0,0,v
2014-03-16 03:18,6.654,0.006,0,0,0,0,v
2014-03-16 03:24,6.638,0.011,0,0,0,0,v
2014-03-16 03:30,6.621,0.006,0,0,0,0,v
2014-03-16 03:36,6.619,0.007,0,0,0,0,v
2014-03-16 03:42,6.621,0.006,0,0,0,0,v
2014-03-16 03:48,6.613,0.004,0,0,0,0,v
2014-03-16 03:54,6.623,0.007,0,0,0,0,v
2014-03-16 04:00,6.616,0.008,0,0,0,0,v
2014-03-16 04:06,6.624,0.006,0,0,0,0,v
2014-03-16 04:12,6.632,0.004,0,0,0,0,v
2014-03-16 04:18,6.641,0.009,0,0,0,0,v
2014-03-16 04:24,6.650,0.005,0,0,0,0,v
2014-03-16 04:30,6.656,0.005,0,0,0,0,v
2014-03-16 04:36,6.680,0.007,0,0,0,0,v
2014-03-16 04:42,6.679,0.010,0,0,0,0,v
2014-03-16 04:48,6.688,0.004,0,0,0,0,v
2014-03-16 04:54,6.698,0.004,0,0,0,0,v
2014-03-16 05:00,6.682,0.004,0,0,0,0,v
2014-03-16 05:06,6.699,0.003,0,0,0,0,v
2014-03-16 05:12,6.686,0.007,0,0,0,0,v
2014-03-16 05:18,6.696,0.009,0,0,0,0,v
2014-03-16 05:24,6.684,0.007,0,0,0,0,v
2014-03-16 05:30,6.721,0.006,0,0,0,0,v
2014-03-16 05:36,6.711,0.004,0,0,0,0,v
2014-03-16 05:42,6.696,0.006,0,0,0,0,v
2014-03-16 05:48,6.684,0.004,0,0,0,0,v
2014-03-16 05:54,6.694,0.008,0,0,0,0,v
2014-03-16 06:00,6.722,0.004,0,0,0,0,v
2014-03-16 06:06,6.713,0.006,0,0,0,0,v
2014-03-16 06:12,6.719,0.005,0,0,0,0,v
2014-03-16 06:18,6.709,0.008,0,0,0,0,v
2014-03-16 06:24,6.703,0.006,0,0,0,0,v
2014-03-16 06:30,6.729,0.003,0,0,0,0,v
2014-03-16 06:36,6.722,0.004,0,0,0,0,v
2014-03-16 06:42,6.729,0.003,0,0,0,0,v
2014-03-16 06:48,6.743,0.004,0,0,0,0,v
2014-03-16 06:54,6.760,0.004,0,0,0,0,v
2014-03-16 07:00,6.763,0.003,0,0,0,0,v
2014-03-16 07:06,6.777,0.006,0,0,0,0,v
2014-03-16 07:12,6.764,0.004,0,0,0,0,v
2014-03-16 07:18,6.758,0.006,0,0,0,0,v
2014-03-16 07:24,6.764,0.005,0,0,0,0,v
2014-03-16 07:30,6.763,0.006,0,0,0,0,v
2014-03-16 07:36,6.770,0.003,0,0,0,0,v
2014-03-16 07:42,6.772,0.005,0,0,0,0,v
2014-03-16 07:48,6.768,0.009,0,0,0,0,v
2014-03-16 07:54,6.753,0.005,0,0,0,0,v
2014-03-16 08:00,6.778,0.007,0,0,0,0,v
2014-03-16 08:06,6.786,0.005,0,0,0,0,v
2014-03-16 08:12,6.777,0.003,0,0,0,0,v
2014-03-16 08:18,6.776,0.003,0,0,0,0,v
2014-03-16 08:24,6.765,0.005,0,0,0,0,v
2014-03-16 08:30,6.759,0.006,0,0,0,0,v
2014-03-16 08:36,6.767,0.005,0,0,0,0,v
2014-03-16 08:42,6.749,0.005,0,0,0,0,v
2014-03-16 08:48,6.758,0.003,0,0,0,0,v
2014-03-16 08:54,6.771,0.004,0,0,0,0,v
2014-03-16 09:00,6.756,0.003,0,0,0,0,v
2014-03-16 09:06,6.765,0.004,0,0,0,0,v
2014-03-16 09:12,6.770,0.007,0,0,0,0,v
2014-03-16 09:18,6.753,0.004,0,0,0,0,v
2014-03-16 09:24,6.748,0.004,0,0,0,0,v
2014-03-16 09:30,6.757,0.004,0,0,0,0,v
2014-03-16 09:36,6.750,0.008,0,0,0,0,v
2014-03-16 09:42,6.757,0.004,0,0,0,0,v
2014-03-16 09:48,6.751,0.004,0,0,0,0,v
2014-03-16 09:54,6.745,0.003,0,0,0,0,v
2014-03-16 10:00,6.728,0.003,0,0,0,0,v
2014-03-16 10:06,6.730,0.004,0,0,0,0,v
2014-03-16 10:12,6.719,0.004,0,0,0,0,v
2014-03-16 10:18,6.707,0.004,0,0,0,0,v
2014-03-16 10:24,6.706,0.002,0,0,0,0,v
2014-03-16 10:30,6.687,0.003,0,0,0,0,v
2014-03-16 10:36,6.693,0.005,0,0,0,0,v
2014-03-16 10:42,6.670,0.006,0,0,0,0,v
2014-03-16 10:48,6.657,0.003,0,0,0,0,v
2014-03-16 10:54,6.682,0.007,0,0,0,0,v
2014-03-16 11:00,6.695,0.005,0,0,0,0,v
2014-03-16 11:06,6.677,0.002,0,0,0,0,v
2014-03-16 11:12,6.669,0.002,0,0,0,0,v
2014-03-16 11:18,6.667,0.004,0,0,0,0,v
2014-03-16 11:24,6.657,0.006,0,0,0,0,v
2014-03-16 11:30,6.645,0.003,0,0,0,0,v
2014-03-16 11:36,6.663,0.005,0,0,0,0,v
2014-03-16 11:42,6.650,0.003,0,0,0,0,v
2014-03-16 11:48,6.652,0.003,0,0,0,0,v
2014-03-16 11:54,6.654,0.005,0,0,0,0,v
2014-03-16 12:00,6.626,0.005,0,0,0,0,v
2014-03-16 12:06,6.645,0.003,0,0,0,0,v
2014-03-16 12:12,6.614,0.004,0,0,0,0,v
2014-03-16 12:18,6.621,0.004,0,0,0,0,v
2014-03-16 12:24,6.609,0.003,0,0,0,0,v
2014-03-16 12:30,6.625,0.003,0,0,0,0,v
2014-03-16 12:36,6.627,0.002,0,0,0,0,v
2014-03-16 12:42,6.624,0.004,0,0,0,0,v
2014-03-16 12:48,6.626,0.002,0,0,0,0,v
2014-03-16 12:54,6.627,0.003,0,0,0,0,v
2014-03-16 13:00,6.613,0.003,0,0,0,0,v
2014-03-16 13:06,6.596,0.004,0,0,0,0,v
2014-03-16 13:12,6.605,0.003,0,0,0,0,v
2014-03-16 13:18,6.606,0.007,0,0,0,0,v
2014-03-16 13:24,6.590,0.006,0,0,0,0,v
2014-03-16 13:30,6.576,0.002,0,0,0,0,v
2014-03-16 13:36,6.581,0.003,0,0,0,0,v
2014-03-16 13:42,6.541,0.007,0,0,0,0,v
2014-03-16 13:48,6.503,0.002,0,0,0,0,v
2014-03-16 13:54,6.516,0.004,0,0,0,0,v
2014-03-16 14:00,6.532,0.002,0,0,0,0,v
2014-03-16 14:06,6.524,0.003,0,0,0,0,v
2014-03-16 14:12,6.517,0.004,0,0,0,0,v
2014-03-16 14:18,6.515,0.005,0,0,0,0,v
2014-03-16 14:24,6.495,0.005,0,0,0,0,v
2014-03-16 14:30,6.520,0.004,0,0,0,0,v
2014-03-16 14:36,6.506,0.004,0,0,0,0,v
2014-03-16 14:42,6.472,0.002,0,0,0,0,v
2014-03-16 14:48,6.468,0.003,0,0,0,0,v
2014-03-16 14:54,6.457,0.003,0,0,0,0,v
2014-03-16 15:00,6.456,0.007,0,0,0,0,v
2014-03-16 15:06,6.437,0.002,0,0,0,0,v
2014-03-16 15:12,6.428,0.004,0,0,0,0,v
2014-03-16 15:18,6.428,0.002,0,0,0,0,v
2014-03-16 15:24,6.417,0.005,0,0,0,0,v
2014-03-16 15:30,6.407,0.002,0,0,0,0,v
2014-03-16 15:36,6.410,0.003,0,0,0,0,v
2014-03-16 15:42,6.427,0.002,0,0,0,0,v
2014-03-16 15:48,6.440,0.004,0,0,0,0,v
2014-03-16 15:54,6.465,0.002,0,0,0,0,v
2014-03-16 16:00,6.461,0.002,0,0,0,0,v
2014-03-16 16:06,6.495,0.003,0,0,0,0,v
2014-03-16 16:12,6.501,0.003,0,0,0,0,v
2014-03-16 16:18,6.499,0.002,0,0,0,0,v
2014-03-16 16:24,6.478,0.003,0,0,0,0,v
2014-03-16 16:30,6.470,0.002,0,0,0,0,v
2014-03-16 16:36,6.499,0.005,0,0,0,0,v
2014-03-16 16:42,6.511,0.003,0,0,0,0,v
2014-03-16 16:48,6.491,0.004,0,0,0,0,v
2014-03-16 16:54,6.514,0.006,0,0,0,0,v
2014-03-16 17:00,6.521,0.004,0,0,0,0,v
2014-03-16 17:06,6.551,0.004,0,0,0,0,v
2014-03-16 17:12,6.552,0.002,0,0,0,0,v
2014-03-16 17:18,6.545,0.002,0,0,0,0,v
2014-03-16 17:24,6.493,0.008,0,0,0,0,v
2014-03-16 17:30,6.571,0.004,0,0,0,0,v
2014-03-16 17:36,6.570,0.008,0,0,0,0,v
2014-03-16 17:42,6.555,0.005,0,0,0,0,v
2014-03-16 17:48,6.565,0.003,0,0,0,0,v
2014-03-16 17:54,6.582,0.004,0,0,0,0,v
2014-03-16 18:00,6.576,0.003,0,0,0,0,v
2014-03-16 18:06,6.548,0.004,0,0,0,0,v
2014-03-16 18:12,6.551,0.001,0,0,0,0,v
2014-03-16 18:18,6.569,0.005,0,0,0,0,v
2014-03-16 18:24,6.591,0.002,0,0,0,0,v
2014-03-16 18:30,6.576,0.006,0,0,0,0,v
2014-03-16 18:36,6.558,0.005,0,0,0,0,v
2014-03-16 18:42,6.583,0.002,0,0,0,0,v
2014-03-16 18:48,6.586,0.002,0,0,0,0,v
2014-03-16 18:54,6.601,0.005,0,0,0,0,v
2014-03-16 19:00,6.575,0.003,0,0,0,0,v
2014-03-16 19:06,6.595,0.005,0,0,0,0,v
2014-03-16 19:12,6.588,0.003,0,0,0,0,v
2014-03-16 19:18,6.591,0.003,0,0,0,0,v
2014-03-16 19:24,6.652,0.066,0,0,0,0,v
2014-03-16 19:30,6.622,0.002,0,0,0,0,v
2014-03-16 19:36,6.616,0.002,0,0,0,0,v
2014-03-16 19:42,6.629,0.002,0,0,0,0,v
2014-03-16 19:48,6.628,0.003,0,0,0,0,v
2014-03-16 19:54,6.637,0.004,0,0,0,0,v
2014-03-16 20:00,6.613,0.002,0,0,0,0,v
2014-03-16 20:06,6.624,0.002,0,0,0,0,v
2014-03-16 20:12,6.627,0.003,0,0,0,0,v
2014-03-16 20:18,6.605,0.003,0,0,0,0,v
2014-03-16 20:24,6.589,0.003,0,0,0,0,v
2014-03-16 20:30,6.574,0.002,0,0,0,0,v
2014-03-16 20:36,6.588,0.002,0,0,0,0,v
2014-03-16 20:42,6.595,0.002,0,0,0,0,v
2014-03-16 20:48,6.607,0.004,0,0,0,0,v
2014-03-16 20:54,6.615,0.002,0,0,0,0,v
2014-03-16 21:00,6.590,0.004,0,0,0,0,v
2014-03-16 21:06,6.569,0.004,0,0,0,0,v
2014-03-16 21:12,6.569,0.004,0,0,0,0,v
2014-03-16 21:18,6.587,0.002,0,0,0,0,v
2014-03-16 21:24,6.584,0.002,0,0,0,0,v
2014-03-16 21:30,6.575,0.003,0,0,0,0,v
2014-03-16 21:36,6.605,0.002,0,0,0,0,v
2014-03-16 21:42,6.602,0.004,0,0,0,0,v
2014-03-16 21:48,6.584,0.001,0,0,0,0,v
2014-03-16 21:54,6.583,0.002,0,0,0,0,v
2014-03-16 22:00,6.594,0.001,0,0,0,0,v
2014-03-16 22:06,6.604,0.001,0,0,0,0,v
2014-03-16 22:12,6.624,0.001,0,0,0,0,v
2014-03-16 22:18,6.624,0.001,0,0,0,0,v
2014-03-16 22:24,6.605,0.004,0,0,0,0,v
2014-03-16 22:30,6.605,0.003,0,0,0,0,v
2014-03-16 22:36,6.628,0.002,0,0,0,0,v
2014-03-16 22:42,6.630,0.005,0,0,0,0,v
2014-03-16 22:48,6.631,0.002,0,0,0,0,v
2014-03-16 22:54,6.609,0.005,0,0,0,0,v
2014-03-16 23:00,6.619,0.002,0,0,0,0,v
2014-03-16 23:06,6.593,0.004,0,0,0,0,v
2014-03-16 23:12,6.592,0.005,0,0,0,0,v
2014-03-16 23:18,6.602,0.002,0,0,0,0,v
2014-03-16 23:24,6.625,0.005,0,0,0,0,v
2014-03-16 23:30,6.629,0.004,0,0,0,0,v
2014-03-16 23:36,6.598,0.002,0,0,0,0,v
2014-03-16 23:42,6.605,0.002,0,0,0,0,v
2014-03-16 23:48,6.577,0.006,0,0,0,0,v
2014-03-16 23:54,6.577,0.002,0,0,0,0,v
2014-03-17 00:00,6.588,0.002,0,0,0,0,v
2014-03-17 00:06,6.602,0.002,0,0,0,0,v
2014-03-17 00:12,6.590,0.002,0,0,0,0,v
2014-03-17 00:18,6.578,0.002,0,0,0,0,v
2014-03-17 00:24,6.576,0.004,0,0,0,0,v
2014-03-17 00:30,6.584,0.007,0,0,0,0,v
2014-03-17 00:36,6.553,0.002,0,0,0,0,v
2014-03-17 00:42,6.558,0.002,0,0,0,0,v
2014-03-17 00:48,6.554,0.002,0,0,0,0,v
2014-03-17 00:54,6.543,0.002,0,0,0,0,v
2014-03-17 01:00,6.512,0.005,0,0,0,0,v
2014-03-17 01:06,6.499,0.002,0,0,0,0,v
2014-03-17 01:12,6.495,0.003,0,0,0,0,v
2014-03-17 01:18,6.540,0.005,0,0,0,0,v
2014-03-17 01:24,6.515,0.009,0,0,0,0,v
2014-03-17 01:30,6.497,0.002,0,0,0,0,v
2014-03-17 01:36,6.489,0.002,0,0,0,0,v
2014-03-17 01:42,6.482,0.003,0,0,0,0,v
2014-03-17 01:48,6.487,0.004,0,0,0,0,v
2014-03-17 01:54,6.473,0.002,0,0,0,0,v
2014-03-17 02:00,6.495,0.006,0,0,0,0,v
2014-03-17 02:06,6.508,0.004,0,0,0,0,v
2014-03-17 02:12,6.482,0.001,0,0,0,0,v
2014-03-17 02:18,6.483,0.005,0,0,0,0,v
2014-03-17 02:24,6.510,0.005,0,0,0,0,v
2014-03-17 02:30,6.502,0.005,0,0,0,0,v
2014-03-17 02:36,6.501,0.002,0,0,0,0,v
2014-03-17 02:42,6.511,0.002,0,0,0,0,v
2014-03-17 02:48,6.505,0.002,0,0,0,0,v
2014-03-17 02:54,6.495,0.001,0,0,0,0,v
2014-03-17 03:00,6.479,0.005,0,0,0,0,v
2014-03-17 03:06,6.433,0.005,0,0,0,0,v
2014-03-17 03:12,6.449,0.004,0,0,0,0,v
2014-03-17 03:18,6.458,0.002,0,0,0,0,v
2014-03-17 03:24,6.442,0.003,0,0,0,0,v
2014-03-17 03:30,6.413,0.002,0,0,0,0,v
2014-03-17 03:36,6.439,0.006,0,0,0,0,v
2014-03-17 03:42,6.468,0.004,0,0,0,0,v
2014-03-17 03:48,6.456,0.005,0,0,0,0,v
2014-03-17 03:54,6.444,0.005,0,0,0,0,v
2014-03-17 04:00,6.397,0.002,0,0,0,0,v
2014-03-17 04:06,6.381,0.004,0,0,0,0,v
2014-03-17 04:12,6.391,0.006,0,0,0,0,v
2014-03-17 04:18,6.410,0.003,0,0,0,0,v
2014-03-17 04:24,6.383,0.004,0,0,0,0,v
2014-03-17 04:30,6.374,0.003,0,0,0,0,v
2014-03-17 04:36,6.408,0.007,0,0,0,0,v
2014-03-17 04:42,6.416,0.004,0,0,0,0,v
2014-03-17 04:48,6.444,0.003,0,0,0,0,v
2014-03-17 04:54,6.457,0.007,0,0,0,0,v
2014-03-17 05:00,6.456,0.003,0,0,0,0,v
2014-03-17 05:06,6.442,0.003,0,0,0,0,v
2014-03-17 05:12,6.436,0.004,0,0,0,0,v
2014-03-17 05:18,6.420,0.003,0,0,0,0,v
2014-03-17 05:24,6.449,0.003,0,0,0,0,v
2014-03-17 05:30,6.457,0.003,0,0,0,0,v
2014-03-17 05:36,6.463,0.007,0,0,0,0,v
2014-03-17 05:42,6.494,0.003,0,0,0,0,v
2014-03-17 05:48,6.510,0.004,0,0,0,0,v
2014-03-17 05:54,6.523,0.005,0,0,0,0,v
2014-03-17 06:00,6.542,0.002,0,0,0,0,v
2014-03-17 06:06,6.556,0.003,0,0,0,0,v
2014-03-17 06:12,6.566,0.008,0,0,0,0,v
2014-03-17 06:18,6.594,0.005,0,0,0,0,v
2014-03-17 06:24,6.625,0.004,0,0,0,0,v
2014-03-17 06:30,6.623,0.002,0,0,0,0,v
2014-03-17 06:36,6.614,0.002,0,0,0,0,v
2014-03-17 06:42,6.610,0.005,0,0,0,0,v
2014-03-17 06:48,6.631,0.007,0,0,0,0,v
2014-03-17 06:54,6.645,0.005,0,0,0,0,v
2014-03-17 07:00,6.648,0.005,0,0,0,0,v
2014-03-17 07:06,6.665,0.003,0,0,0,0,v
2014-03-17 07:12,6.675,0.004,0,0,0,0,v
2014-03-17 07:18,6.682,0.007,0,0,0,0,v
2014-03-17 07:24,6.700,0.004,0,0,0,0,v
2014-03-17 07:30,6.687,0.007,0,0,0,0,v
2014-03-17 07:36,6.754,0.014,0,0,0,0,v
2014-03-17 07:42,6.762,0.004,0,0,0,0,v
2014-03-17 07:48,6.731,0.007,0,0,0,0,v
2014-03-17 07:54,6.732,0.003,0,0,0,0,v
2014-03-17 08:00,6.719,0.003,0,0,0,0,v
2014-03-17 08:06,6.710,0.005,0,0,0,0,v
2014-03-17 08:12,6.714,0.003,0,0,0,0,v
2014-03-17 08:18,6.664,0.003,0,0,0,0,v
2014-03-17 08:24,6.701,0.004,0,0,0,0,v
2014-03-17 08:30,6.714,0.007,0,0,0,0,v
2014-03-17 08:36,6.753,0.003,0,0,0,0,v
2014-03-17 08:42,6.775,0.003,0,0,0,0,v
2014-03-17 08:48,6.693,0.007,0,0,0,0,v
2014-03-17 08:54,6.699,0.005,0,0,0,0,v
2014-03-17 09:00,6.688,0.005,0,0,0,0,v
2014-03-17 09:06,6.694,0.003,0,0,0,0,v
2014-03-17 09:12,6.695,0.003,0,0,0,0,v
2014-03-17 09:18,6.705,0.003,0,0,0,0,v
2014-03-17 09:24,6.709,0.003,0,0,0,0,v
2014-03-17 09:30,6.642,0.003,0,0,0,0,v
2014-03-17 09:36,6.682,0.010,0,0,0,0,v
2014-03-17 09:42,6.649,0.006,0,0,0,0,v
2014-03-17 09:48,6.737,0.008,0,0,0,0,v
2014-03-17 09:54,6.714,0.011,0,0,0,0,v
2014-03-17 10:00,6.711,0.004,0,0,0,0,v
2014-03-17 10:06,6.659,0.011,0,0,0,0,v
2014-03-17 10:12,6.642,0.004,0,0,0,0,v
2014-03-17 10:18,6.648,0.007,0,0,0,0,v
2014-03-17 10:24,6.622,0.002,0,0,0,0,v
2014-03-17 10:30,6.627,0.005,0,0,0,0,v
2014-03-17 10:36,6.587,0.004,0,0,0,0,v
2014-03-17 10:42,6.558,0.010,0,0,0,0,v
2014-03-17 10:48,6.528,0.005,0,0,0,0,v
2014-03-17 10:54,6.521,0.006,0,0,0,0,v
2014-03-17 11:00,6.571,0.006,0,0,0,0,v
2014-03-17 11:06,6.541,0.005,0,0,0,0,v
2014-03-17 11:12,6.552,0.003,0,0,0,0,v
2014-03-17 11:18,6.574,0.004,0,0,0,0,v
2014-03-17 11:24,6.575,0.012,0,0,0,0,v
2014-03-17 11:30,6.627,0.002,0,0,0,0,v
2014-03-17 11:36,6.645,0.003,0,0,0,0,v
2014-03-17 11:42,6.589,0.004,0,0,0,0,v
2014-03-17 11:48,6.664,0.003,0,0,0,0,v
2014-03-17 11:54,6.594,0.011,0,0,1,0,v
2014-03-17 12:00,6.594,0.004,0,0,0,0,v
2014-03-17 12:06,6.616,0.006,0,0,0,0,v
2014-03-17 12:12,6.609,0.003,0,0,0,0,v
2014-03-17 12:18,6.665,0.008,0,0,0,0,v
2014-03-17 12:24,6.653,0.008,0,0,0,0,v
2014-03-17 12:30,6.683,0.005,0,0,0,0,v
2014-03-17 12:36,6.634,0.014,0,0,0,0,v
2014-03-17 12:42,6.654,0.006,0,0,0,0,v
2014-03-17 12:48,6.596,0.009,0,0,0,0,v
2014-03-17 12:54,6.644,0.006,0,0,0,0,v
2014-03-17 13:00,6.655,0.006,0,0,0,0,v
2014-03-17 13:06,6.601,0.010,0,0,0,0,v
2014-03-17 13:12,6.595,0.009,0,0,0,0,v
2014-03-17 13:18,6.601,0.007,0,0,0,0,v
2014-03-17 13:24,6.640,0.005,0,0,0,0,v
2014-03-17 13:30,6.606,0.012,0,0,0,0,v
2014-03-17 13:36,6.571,0.005,0,0,0,0,v
2014-03-17 13:42,6.553,0.004,0,0,0,0,v
2014-03-17 13:48,6.578,0.004,0,0,0,0,v
2014-03-17 13:54,6.582,0.003,0,0,0,0,v
2014-03-17 14:00,6.556,0.003,0,0,0,0,v
2014-03-17 14:06,6.532,0.011,0,0,0,0,v
2014-03-17 14:12,6.467,0.002,0,0,0,0,v
2014-03-17 14:18,6.459,0.009,0,0,0,0,v
2014-03-17 14:24,6.451,0.013,0,0,0,0,v
2014-03-17 14:30,6.441,0.008,0,0,0,0,v
2014-03-17 14:36,6.472,0.010,0,0,0,0,v
2014-03-17 14:42,6.507,0.010,0,0,0,0,v
2014-03-17 14:48,6.458,0.004,0,0,0,0,v
2014-03-17 14:54,6.455,0.002,0,0,0,0,v
2014-03-17 15:00,6.493,0.002,0,0,0,0,v
2014-03-17 15:06,6.474,0.006,0,0,0,0,v
2014-03-17 15:12,6.470,0.004,0,0,0,0,v
2014-03-17 15:18,6.459,0.011,0,0,0,0,v
2014-03-17 15:24,6.461,0.016,0,0,0,0,v
2014-03-17 15:30,6.507,0.001,0,0,0,0,v
2014-03-17 15:36,6.493,0.002,0,0,0,0,v
2014-03-17 15:42,6.473,0.008,0,0,0,0,v
2014-03-17 15:48,6.470,0.006,0,0,0,0,v
2014-03-17 15:54,6.483,0.010,0,0,0,0,v
2014-03-17 16:00,6.454,0.005,0,0,0,0,v
2014-03-17 16:06,6.544,0.011,0,0,0,0,v
2014-03-17 16:12,6.544,0.006,0,0,0,0,v
2014-03-17 16:18,6.497,0.004,0,0,0,0,v
2014-03-17 16:24,6.528,0.002,0,0,0,0,v
2014-03-17 16:30,6.479,0.002,0,0,0,0,v
2014-03-17 16:36,6.511,0.006,0,0,0,0,v
2014-03-17 16:42,6.545,0.002,0,0,0,0,v
2014-03-17 16:48,6.574,0.002,0,0,0,0,v
2014-03-17 16:54,6.526,0.012,0,0,0,0,v
2014-03-17 17:00,6.491,0.006,0,0,0,0,v
2014-03-17 17:06,6.506,0.004,0,0,0,0,v
2014-03-17 17:12,6.520,0.008,0,0,0,0,v
2014-03-17 17:18,6.570,0.004,0,0,0,0,v
2014-03-17 17:24,6.547,0.002,0,0,0,0,v
2014-03-17 17:30,6.550,0.003,0,0,0,0,v
2014-03-17 17:36,6.532,0.009,0,0,0,0,v
2014-03-17 17:42,6.587,0.002,0,0,0,0,v
2014-03-17 17:48,6.548,0.002,0,0,0,0,v
2014-03-17 17:54,6.570,0.003,0,0,0,0,v
2014-03-17 18:00,6.580,0.001,0,0,0,0,v
2014-03-17 18:06,6.538,0.002,0,0,0,0,v
2014-03-17 18:12,6.571,0.006,0,0,0,0,v
2014-03-17 18:18,6.579,0.003,0,0,0,0,v
2014-03-17 18:24,6.585,0.002,0,0,0,0,v
2014-03-17 18:30,6.579,0.002,0,0,0,0,v
2014-03-17 18:36,6.570,0.003,0,0,0,0,v
2014-03-17 18:42,6.569,0.005,0,0,0,0,v
2014-03-17 18:48,6.587,0.002,0,0,0,0,v
2014-03-17 18:54,6.546,0.002,0,0,0,0,v
2014-03-17 19:00,6.539,0.003,0,0,0,0,v
2014-03-17 19:06,6.579,0.005,0,0,0,0,v
2014-03-17 19:12,6.565,0.002,0,0,0,0,v
2014-03-17 19:18,6.616,0.008,0,0,0,0,v
2014-03-17 19:24,6.618,0.006,0,0,0,0,v
2014-03-17 19:30,6.580,0.006,0,0,0,0,v
2014-03-17 19:36,6.559,0.010,0,0,0,0,v
2014-03-17 19:42,6.607,0.005,0,0,0,0,v
2014-03-17 19:48,6.589,0.001,0,0,0,0,v
2014-03-17 19:54,6.589,0.003,0,0,0,0,v
2014-03-17 20:00,6.645,0.004,0,0,0,0,v
2014-03-17 20:06,6.619,0.006,0,0,0,0,v
2014-03-17 20:12,6.599,0.002,0,0,0,0,v
2014-03-17 20:18,6.586,0.004,0,0,0,0,v
2014-03-17 20:24,6.602,0.003,0,0,0,0,v
2014-03-17 20:30,6.621,0.002,0,0,0,0,v
2014-03-17 20:36,6.602,0.001,0,0,0,0,v
2014-03-17 20:42,6.618,0.004,0,0,0,0,v
2014-03-17 20:48,6.625,0.002,0,0,0,0,v
2014-03-17 20:54,6.638,0.005,0,0,0,0,v
2014-03-17 21:00,6.678,0.002,0,0,0,0,v
2014-03-17 21:06,6.670,0.002,0,0,0,0,v
2014-03-17 21:12,6.670,0.007,0,0,0,0,v
2014-03-17 21:18,6.655,0.004,0,0,0,0,v
2014-03-17 21:24,6.661,0.002,0,0,0,0,v
2014-03-17 21:30,6.677,0.002,0,0,0,0,v
2014-03-17 21:36,6.646,0.002,0,0,0,0,v
2014-03-17 21:42,6.639,0.002,0,0,0,0,v
2014-03-17 21:48,6.643,0.002,0,0,0,0,v
2014-03-17 21:54,6.621,0.002,0,0,0,0,v
2014-03-17 22:00,6.659,0.004,0,0,0,0,v
2014-03-17 22:06,6.630,0.002,0,0,0,0,v
2014-03-17 22:12,6.630,0.001,0,0,0,0,v
2014-03-17 22:18,6.603,0.001,0,0,0,0,v
2014-03-17 22:24,6.596,0.005,0,0,0,0,v
2014-03-17 22:30,6.576,0.005,0,0,0,0,v
2014-03-17 22:36,6.604,0.007,0,0,0,0,v
2014-03-17 22:42,6.568,0.004,0,0,0,0,v
2014-03-17 22:48,6.591,0.002,0,0,0,0,v
2014-03-17 22:54,6.590,0.002,0,0,0,0,v
2014-03-17 23:00,6.578,0.002,0,0,0,0,v
2014-03-17 23:06,6.571,0.001,0,0,0,0,v
2014-03-17 23:12,6.564,0.002,0,0,0,0,v
2014-03-17 23:18,6.556,0.004,0,0,0,0,v
2014-03-17 23:24,6.592,0.003,0,0,0,0,v
2014-03-17 23:30,6.570,0.005,0,0,0,0,v
2014-03-17 23:36,6.569,0.004,0,0,0,0,v
2014-03-17 23:42,6.557,0.004,0,0,0,0,v
2014-03-17 23:48,6.557,0.003,0,0,0,0,v
2014-03-17 23:54,6.557,0.005,0,0,0,0,v
2014-03-18 00:00,6.573,0.002,0,0,0,0,v
2014-03-18 00:06,6.581,0.002,0,0,0,0,v
2014-03-18 00:12,6.575,0.006,0,0,0,0,v
2014-03-18 00:18,6.547,0.004,0,0,0,0,v
2014-03-18 00:24,6.541,0.003,0,0,0,0,v
2014-03-18 00:30,6.541,0.004,0,0,0,0,v
2014-03-18 00:36,6.503,0.004,0,0,0,0,v
2014-03-18 00:42,6.496,0.010,0,0,0,0,v
2014-03-18 00:48,6.465,0.003,0,0,0,0,v
2014-03-18 00:54,6.455,0.003,0,0,0,0,v
2014-03-18 01:00,6.439,0.003,0,0,0,0,v
2014-03-18 01:06,6.434,0.003,0,0,0,0,v
2014-03-18 01:12,6.416,0.003,0,0,0,0,v
2014-03-18 01:18,6.392,0.002,0,0,0,0,v
2014-03-18 01:24,6.391,0.003,0,0,0,0,v
2014-03-18 01:30,6.379,0.002,0,0,0,0,v
2014-03-18 01:36,6.409,0.002,0,0,0,0,v
2014-03-18 01:42,6.374,0.005,0,0,0,0,v
2014-03-18 01:48,6.391,0.005,0,0,0,0,v
2014-03-18 01:54,6.417,0.001,0,0,0,0,v
2014-03-18 02:00,6.400,0.004,0,0,0,0,v
2014-03-18 02:06,6.419,0.004,0,0,0,0,v
2014-03-18 02:12,6.408,0.007,0,0,0,0,v
2014-03-18 02:18,6.386,0.006,0,0,0,0,v
2014-03-18 02:24,6.413,0.003,0,0,0,0,v
2014-03-18 02:30,6.402,0.004,0,0,0,0,v
2014-03-18 02:36,6.409,0.004,0,0,0,0,v
2014-03-18 02:42,6.398,0.003,0,0,0,0,v
2014-03-18 02:48,6.384,0.003,0,0,0,0,v
2014-03-18 02:54,6.387,0.002,0,0,0,0,v
2014-03-18 03:00,6.385,0.002,0,0,0,0,v
2014-03-18 03:06,6.376,0.002,0,0,0,0,v
2014-03-18 03:12,6.377,0.002,0,0,0,0,v
2014-03-18 03:18,6.350,0.005,0,0,0,0,v
2014-03-18 03:24,6.349,0.001,0,0,0,0,v
2014-03-18 03:30,6.356,0.003,0,0,0,0,v
2014-03-18 03:36,6.362,0.002,0,0,0,0,v
2014-03-18 03:42,6.369,0.003,0,0,0,0,v
2014-03-18 03:48,6.402,0.006,0,0,0,0,v
2014-03-18 03:54,6.378,0.002,0,0,0,0,v
2014-03-18 04:00,6.403,0.007,0,0,0,0,v
2014-03-18 04:06,6.405,0.001,0,0,0,0,v
2014-03-18 04:12,6.398,0.002,0,0,0,0,v
2014-03-18 04:18,6.400,0.003,0,0,0,0,v
2014-03-18 04:24,6.378,0.005,0,0,0,0,v
2014-03-18 04:30,6.367,0.008,0,0,0,0,v
2014-03-18 04:36,6.392,0.006,0,0,0,0,v
2014-03-18 04:42,6.386,0.007,0,0,0,0,v
2014-03-18 04:48,6.368,0.001,0,0,0,0,v
2014-03-18 04:54,6.386,0.003,0,0,0,0,v
2014-03-18 05:00,6.382,0.002,0,0,0,0,v
2014-03-18 05:06,6.379,0.002,0,0,0,0,v
2014-03-18 05:12,6.395,0.003,0,0,0,0,v
2014-03-18 05:18,6.385,0.003,0,0,0,0,v
2014-03-18 05:24,6.413,0.002,0,0,0,0,v
2014-03-18 05:30,6.419,0.002,0,0,0,0,v
2014-03-18 05:36,6.409,0.004,0,0,0,0,v
2014-03-18 05:42,6.429,0.003,0,0,0,0,v
2014-03-18 05:48,6.419,0.002,0,0,0,0,v
2014-03-18 05:54,6.439,0.002,0,0,0,0,v
2014-03-18 06:00,6.468,0.001,0,0,0,0,v
2014-03-18 06:06,6.474,0.002,0,0,0,0,v
2014-03-18 06:12,6.471,0.004,0,0,0,0,v
2014-03-18 06:18,6.467,0.006,0,0,0,0,v
2014-03-18 06:24,6.486,0.010,0,0,0,0,v
2014-03-18 06:30,6.505,0.001,0,0,0,0,v
2014-03-18 06:36,6.500,0.004,0,0,0,0,v
2014-03-18 06:42,6.495,0.004,0,0,0,0,v
2014-03-18 06:48,6.494,0.002,0,0,0,0,v
2014-03-18 06:54,6.502,0.002,0,0,0,0,v
2014-03-18 07:00,6.519,0.003,0,0,0,0,v
2014-03-18 07:06,6.521,0.001,0,0,0,0,v
2014-03-18 07:12,6.520,0.003,0,0,0,0,v
2014-03-18 07:18,6.558,0.001,0,0,0,0,v
2014-03-18 07:24,6.571,0.004,0,0,0,0,v
2014-03-18 07:30,6.599,0.002,0,0,0,0,v
2014-03-18 07:36,6.600,0.006,0,0,0,0,v
2014-03-18 07:42,6.610,0.002,0,0,0,0,v
2014-03-18 07:48,6.623,0.003,0,0,0,0,v
2014-03-18 07:54,6.617,0.005,0,0,0,0,v
2014-03-18 08:00,6.586,0.001,0,0,0,0,v
2014-03-18 08:06,6.616,0.002,0,0,0,0,v
2014-03-18 08:12,6.600,0.002,0,0,0,0,v
2014-03-18 08:18,6.587,0.003,0,0,0,0,v
2014-03-18 08:24,6.582,0.004,0,0,0,0,v
2014-03-18 08:30,6.575,0.003,0,0,0,0,v
2014-03-18 08:36,6.563,0.005,0,0,0,0,v
2014-03-18 08:42,6.572,0.002,0,0,0,0,v
2014-03-18 08:48,6.544,0.002,0,0,0,0,v
2014-03-18 08:54,6.564,0.003,0,0,0,0,v
2014-03-18 09:00,6.580,0.003,0,0,0,0,v
2014-03-18 09:06,6.596,0.009,0,0,0,0,v
2014-03-18 09:12,6.634,0.002,0,0,0,0,v
2014-03-18 09:18,6.647,0.006,0,0,0,0,v
2014-03-18 09:24,6.662,0.003,0,0,0,0,v
2014-03-18 09:30,6.656,0.002,0,0,0,0,v
2014-03-18 09:36,6.663,0.004,0,0,0,0,v
2014-03-18 09:42,6.664,0.008,0,0,0,0,v
2014-03-18 09:48,6.655,0.002,0,0,0,0,v
2014-03-18 09:54,6.650,0.004,0,0,0,0,v
2014-03-18 10:00,6.658,0.002,0,0,0,0,v
2014-03-18 10:06,6.650,0.002,0,0,0,0,v
2014-03-18 10:12,6.656,0.005,0,0,0,0,v
2014-03-18 10:18,6.659,0.002,0,0,0,0,v
2014-03-18 10:24,6.656,0.003,0,0,0,0,v
2014-03-18 10:30,6.654,0.004,0,0,0,0,v
2014-03-18 10:36,6.651,0.006,0,0,0,0,v
2014-03-18 10:42,6.663,0.003,0,0,0,0,v
2014-03-18 10:48,6.661,0.004,0,0,0,0,v
2014-03-18 10:54,6.662,0.002,0,0,0,0,v
2014-03-18 11:00,6.657,0.002,0,0,0,0,v
2014-03-18 11:06,6.656,0.002,0,0,0,0,v
2014-03-18 11:12,6.658,0.003,0,0,0,0,v
2014-03-18 11:18,6.649,0.002,0,0,0,0,v
2014-03-18 11:24,6.638,0.003,0,0,0,0,v
2014-03-18 11:30,6.640,0.002,0,0,0,0,v
2014-03-18 11:36,6.670,0.002,0,0,0,0,v
2014-03-18 11:42,6.661,0.002,0,0,0,0,v
2014-03-18 11:48,6.634,0.003,0,0,0,0,v
2014-03-18 11:54,6.647,0.002,0,0,0,0,v
2014-03-18 12:00,6.655,0.004,0,0,0,0,v
2014-03-18 12:06,6.654,0.006,0,0,0,0,v
2014-03-18 12:12,6.638,0.003,0,0,0,0,v
2014-03-18 12:18,6.636,0.002,0,0,0,0,v
2014-03-18 12:24,6.630,0.003,0,0,0,0,v
2014-03-18 12:30,6.618,0.004,0,0,0,0,v
2014-03-18 12:36,6.628,0.003,0,0,0,0,v
2014-03-18 12:42,6.604,0.003,0,0,0,0,v
2014-03-18 12:48,6.611,0.003,0,0,0,0,v
2014-03-18 12:54,6.600,0.003,0,0,0,0,v
2014-03-18 13:00,6.597,0.004,0,0,0,0,v
2014-03-18 13:06,6.611,0.002,0,0,0,0,v
2014-03-18 13:12,6.610,0.002,0,0,0,0,v
2014-03-18 13:18,6.587,0.005,0,0,0,0,v
2014-03-18 13:24,6.605,0.003,0,0,0,0,v
2014-03-18 13:30,6.610,0.004,0,0,0,0,v
2014-03-18 13:36,6.588,0.005,0,0,0,0,v
2014-03-18 13:42,6.591,0.005,0,0,0,0,v
2014-03-18 13:48,6.572,0.003,0,0,0,0,v
2014-03-18 13:54,6.551,0.002,0,0,0,0,v
2014-03-18 14:00,6.543,0.004,0,0,0,0,v
2014-03-18 14:06,6.541,0.003,0,0,0,0,v
2014-03-18 14:12,6.544,0.003,0,0,0,0,v
2014-03-18 14:18,6.540,0.004,0,0,0,0,v
2014-03-18 14:24,6.548,0.004,0,0,0,0,v
2014-03-18 14:30,6.528,0.005,0,0,0,0,v
2014-03-18 14:36,6.534,0.003,0,0,0,0,v
2014-03-18 14:42,6.538,0.003,0,0,0,0,v
2014-03-18 14:48,6.551,0.007,0,0,0,0,v
2014-03-18 14:54,6.566,0.003,0,0,0,0,v
2014-03-18 15:00,6.565,0.003,0,0,0,0,v
2014-03-18 15:06,6.553,0.003,0,0,0,0,v
2014-03-18 15:12,6.550,0.004,0,0,0,0,v
2014-03-18 15:18,6.555,0.004,0,0,0,0,v
2014-03-18 15:24,6.552,0.003,0,0,0,0,v
2014-03-18 15:30,6.542,0.005,0,0,0,0,v
2014-03-18 15:36,6.558,0.006,0,0,0,0,v
2014-03-18 15:42,6.575,0.003,0,0,0,0,v
2014-03-18 15:48,6.546,0.004,0,0,0,0,v
2014-03-18 15:54,6.538,0.005,0,0,0,0,v
2014-03-18 16:00,6.558,0.008,0,0,0,0,v
2014-03-18 16:06,6.572,0.003,0,0,0,0,v
2014-03-18 16:12,6.562,0.003,0,0,0,0,v
2014-03-18 16:18,6.543,0.003,0,0,0,0,v
2014-03-18 16:24,6.534,0.004,0,0,0,0,v
2014-03-18 16:30,6.522,0.004,0,0,0,0,v
2014-03-18 16:36,6.518,0.005,0,0,0,0,v
2014-03-18 16:42,6.518,0.002,0,0,0,0,v
2014-03-18 16:48,6.530,0.004,0,0,0,0,v
2014-03-18 16:54,6.524,0.003,0,0,0,0,v
2014-03-18 17:00,6.522,0.005,0,0,0,0,v
2014-03-18 17:06,6.527,0.005,0,0,0,0,v
2014-03-18 17:12,6.513,0.003,0,0,0,0,v
2014-03-18 17:18,6.514,0.002,0,0,0,0,v
2014-03-18 17:24,6.528,0.004,0,0,0,0,v
2014-03-18 17:30,6.526,0.003,0,0,0,0,v
2014-03-18 17:36,6.511,0.009,0,0,0,0,v
2014-03-18 17:42,6.499,0.004,0,0,0,0,v
2014-03-18 17:48,6.501,0.002,0,0,0,0,v
2014-03-18 17:54,6.513,0.003,0,0,0,0,v
2014-03-18 18:00,6.507,0.006,0,0,0,0,v
2014-03-18 18:06,6.518,0.003,0,0,0,0,v
2014-03-18 18:12,6.535,0.005,0,0,0,0,v
2014-03-18 18:18,6.543,0.003,0,0,0,0,v
2014-03-18 18:24,6.561,0.003,0,0,0,0,v
2014-03-18 18:30,6.560,0.004,0,0,0,0,v
2014-03-18 18:36,6.573,0.004,0,0,0,0,v
2014-03-18 18:42,6.585,0.003,0,0,0,0,v
2014-03-18 18:48,6.596,0.004,0,0,0,0,v
2014-03-18 18:54,6.617,0.005,0,0,0,0,v
2014-03-18 19:00,6.622,0.003,0,0,0,0,v
2014-03-18 19:06,6.623,0.003,0,0,0,0,v
2014-03-18 19:12,6.634,0.004,0,0,0,0,v
2014-03-18 19:18,6.623,0.005,0,0,0,0,v
2014-03-18 19:24,6.627,0.007,0,0,0,0,v
2014-03-18 19:30,6.637,0.004,0,0,0,0,v
2014-03-18 19:36,6.659,0.006,0,0,0,0,v
2014-03-18 19:42,6.657,0.003,0,0,0,0,v
2014-03-18 19:48,6.655,0.006,0,0,0,0,v
2014-03-18 19:54,6.646,0.004,0,0,0,0,v
2014-03-18 20:00,6.651,0.004,0,0,0,0,v
2014-03-18 20:06,6.657,0.005,0,0,0,0,v
2014-03-18 20:12,6.664,0.005,0,0,0,0,v
2014-03-18 20:18,6.664,0.004,0,0,0,0,v
2014-03-18 20:24,6.659,0.004,0,0,0,0,v
2014-03-18 20:30,6.644,0.003,0,0,0,0,v
2014-03-18 20:36,6.660,0.004,0,0,0,0,v
2014-03-18 20:42,6.665,0.004,0,0,0,0,v
2014-03-18 20:48,6.649,0.004,0,0,0,0,v
2014-03-18 20:54,6.649,0.007,0,0,0,0,v
2014-03-18 21:00,6.661,0.004,0,0,0,0,v
2014-03-18 21:06,6.657,0.005,0,0,0,0,v
2014-03-18 21:12,6.650,0.006,0,0,0,0,v
2014-03-18 21:18,6.651,0.005,0,0,0,0,v
2014-03-18 21:24,6.666,0.007,0,0,0,0,v
2014-03-18 21:30,6.653,0.005,0,0,0,0,v
2014-03-18 21:36,6.652,0.007,0,0,0,0,v
2014-03-18 21:42,6.635,0.006,0,0,0,0,v
2014-03-18 21:48,6.641,0.005,0,0,0,0,v
2014-03-18 21:54,6.618,0.009,0,0,0,0,v
2014-03-18 22:00,6.643,0.004,0,0,0,0,v
2014-03-18 22:06,6.638,0.014,0,0,0,0,v
2014-03-18 22:12,6.642,0.007,0,0,0,0,v
2014-03-18 22:18,6.646,0.008,0,0,0,0,v
2014-03-18 22:24,6.636,0.005,0,0,0,0,v
2014-03-18 22:30,6.627,0.007,0,0,0,0,v
2014-03-18 22:36,6.630,0.005,0,0,0,0,v
2014-03-18 22:42,6.626,0.005,0,0,0,0,v
2014-03-18 22:48,6.616,0.008,0,0,0,0,v
2014-03-18 22:54,6.607,0.004,0,0,0,0,v
2014-03-18 23:00,6.623,0.009,0,0,0,0,v
2014-03-18 23:06,6.593,0.006,0,0,0,0,v
2014-03-18 23:12,6.613,0.010,0,0,0,0,v
2014-03-18 23:18,6.612,0.004,0,0,0,0,v
2014-03-18 23:24,6.602,0.006,0,0,0,0,v
2014-03-18 23:30,6.591,0.005,0,0,0,0,v
2014-03-18 23:36,6.568,0.007,0,0,0,0,v
2014-03-18 23:42,6.572,0.009,0,0,0,0,v
2014-03-18 23:48,6.574,0.008,0,0,0,0,v
2014-03-18 23:54,6.552,0.012,0,0,0,0,v
2014-03-19 00:00,6.537,0.008,0,0,0,0,v
2014-03-19 00:06,6.533,0.010,0,0,0,0,v
2014-03-19 00:12,6.525,0.004,0,0,0,0,v
2014-03-19 00:18,6.507,0.006,0,0,0,0,v
2014-03-19 00:24,6.511,0.006,0,0,0,0,v
2014-03-19 00:30,6.508,0.004,0,0,0,0,v
2014-03-19 00:36,6.504,0.006,0,0,0,0,v
2014-03-19 00:42,6.476,0.006,0,0,0,0,v
2014-03-19 00:48,6.472,0.005,0,0,0,0,v
2014-03-19 00:54,6.483,0.007,0,0,0,0,v
2014-03-19 01:00,6.459,0.004,0,0,0,0,v
2014-03-19 01:06,6.462,0.007,0,0,0,0,v
2014-03-19 01:12,6.479,0.004,0,0,0,0,v
2014-03-19 01:18,6.482,0.005,0,0,0,0,v
2014-03-19 01:24,6.451,0.004,0,0,0,0,v
2014-03-19 01:30,6.439,0.005,0,0,0,0,v
2014-03-19 01:36,6.450,0.004,0,0,0,0,v
2014-03-19 01:42,6.433,0.004,0,0,0,0,v
2014-03-19 01:48,6.406,0.004,0,0,0,0,v
2014-03-19 01:54,6.415,0.009,0,0,0,0,v
2014-03-19 02:00,6.421,0.004,0,0,0,0,v
2014-03-19 02:06,6.417,0.004,0,0,0,0,v
2014-03-19 02:12,6.398,0.004,0,0,0,0,v
2014-03-19 02:18,6.386,0.005,0,0,0,0,v
2014-03-19 02:24,6.380,0.003,0,0,0,0,v
2014-03-19 02:30,6.378,0.003,0,0,0,0,v
2014-03-19 02:36,6.377,0.004,0,0,0,0,v
2014-03-19 02:42,6.382,0.004,0,0,0,0,v
2014-03-19 02:48,6.382,0.004,0,0,0,0,v
2014-03-19 02:54,6.394,0.005,0,0,0,0,v
2014-03-19 03:00,6.403,0.004,0,0,0,0,v
2014-03-19 03:06,6.403,0.003,0,0,0,0,v
2014-03-19 03:12,6.405,0.006,0,0,0,0,v
2014-03-19 03:18,6.385,0.003,0,0,0,0,v
2014-03-19 03:24,6.386,0.003,0,0,0,0,v
2014-03-19 03:30,6.381,0.003,0,0,0,0,v
2014-03-19 03:36,6.366,0.004,0,0,0,0,v
2014-03-19 03:42,6.381,0.002,0,0,0,0,v
2014-03-19 03:48,6.378,0.004,0,0,0,0,v
2014-03-19 03:54,6.377,0.003,0,0,0,0,v
2014-03-19 04:00,6.378,0.004,0,0,0,0,v
2014-03-19 04:06,6.389,0.003,0,0,0,0,v
2014-03-19 04:12,6.378,0.004,0,0,0,0,v
2014-03-19 04:18,6.357,0.005,0,0,0,0,v
2014-03-19 04:24,6.355,0.006,0,0,0,0,v
2014-03-19 04:30,6.377,0.004,0,0,0,0,v
2014-03-19 04:36,6.386,0.002,0,0,0,0,v
2014-03-19 04:42,6.376,0.003,0,0,0,0,v
2014-03-19 04:48,6.395,0.005,0,0,0,0,v
2014-03-19 04:54,6.397,0.005,0,0,0,0,v
2014-03-19 05:00,6.392,0.003,0,0,0,0,v
2014-03-19 05:06,6.368,0.004,0,0,0,0,v
2014-03-19 05:12,6.395,0.007,0,0,0,0,v
2014-03-19 05:18,6.418,0.004,0,0,0,0,v
2014-03-19 05:24,6.404,0.004,0,0,0,0,v
2014-03-19 05:30,6.395,0.004,0,0,0,0,v
2014-03-19 05:36,6.399,0.006,0,0,0,0,v
2014-03-19 05:42,6.412,0.003,0,0,0,0,v
2014-03-19 05:48,6.411,0.005,0,0,0,0,v
2014-03-19 05:54,6.429,0.004,0,0,0,0,v
2014-03-19 06:00,6.425,0.004,0,0,0,0,v
2014-03-19 06:06,6.436,0.003,0,0,0,0,v
2014-03-19 06:12,6.442,0.005,0,0,0,0,v
2014-03-19 06:18,6.428,0.005,0,0,0,0,v
2014-03-19 06:24,6.442,0.004,0,0,0,0,v
2014-03-19 06:30,6.446,0.004,0,0,0,0,v
2014-03-19 06:36,6.452,0.005,0,0,0,0,v
2014-03-19 06:42,6.474,0.005,0,0,0,0,v
2014-03-19 06:48,6.471,0.008,0,0,0,0,v
2014-03-19 06:54,6.457,0.005,0,0,0,0,v
2014-03-19 07:00,6.463,0.005,0,0,0,0,v
2014-03-19 07:06,6.503,0.004,0,0,0,0,v
2014-03-19 07:12,6.504,0.005,0,0,0,0,v
2014-03-19 07:18,6.508,0.006,0,0,0,0,v
2014-03-19 07:24,6.528,0.004,0,0,0,0,v
2014-03-19 07:30,6.536,0.004,0,0,0,0,v
2014-03-19 07:36,6.545,0.006,0,0,0,0,v
2014-03-19 07:42,6.544,0.007,0,0,0,0,v
2014-03-19 07:48,6.569,0.005,0,0,0,0,v
2014-03-19 07:54,6.580,0.004,0,0,0,0,v
2014-03-19 08:00,6.590,0.005,0,0,0,0,v
2014-03-19 08:06,6.593,0.003,0,0,0,0,v
2014-03-19 08:12,6.597,0.005,0,0,0,0,v
2014-03-19 08:18,6.604,0.005,0,0,0,0,v
2014-03-19 08:24,6.620,0.006,0,0,0,0,v
2014-03-19 08:30,6.624,0.004,0,0,0,0,v
2014-03-19 08:36,6.645,0.004,0,0,0,0,v
2014-03-19 08:42,6.647,0.005,0,0,0,0,v
2014-03-19 08:48,6.645,0.005,0,0,0,0,v
2014-03-19 08:54,6.645,0.004,0,0,0,0,v
2014-03-19 09:00,6.664,0.007,0,0,0,0,v
2014-03-19 09:06,6.666,0.004,0,0,0,0,v
2014-03-19 09:12,6.661,0.005,0,0,0,0,v
2014-03-19 09:18,6.665,0.004,0,0,0,0,v
2014-03-19 09:24,6.662,0.005,0,0,0,0,v
2014-03-19 09:30,6.672,0.003,0,0,0,0,v
2014-03-19 09:36,6.685,0.006,0,0,0,0,v
2014-03-19 09:42,6.702,0.004,0,0,0,0,v
2014-03-19 09:48,6.690,0.009,0,0,0,0,v
2014-03-19 09:54,6.707,0.004,0,0,0,0,v
2014-03-19 10:00,6.697,0.006,0,0,0,0,v
2014-03-19 10:06,6.700,0.007,0,0,0,0,v
2014-03-19 10:12,6.701,0.005,0,0,0,0,v
2014-03-19 10:18,6.693,0.004,0,0,0,0,v
2014-03-19 10:24,6.681,0.005,0,0,0,0,v
2014-03-19 10:30,6.698,0.005,0,0,0,0,v
2014-03-19 10:36,6.712,0.004,0,0,0,0,v
2014-03-19 10:42,6.699,0.004,0,0,0,0,v
2014-03-19 10:48,6.715,0.007,0,0,0,0,v
2014-03-19 10:54,6.702,0.007,0,0,0,0,v
2014-03-19 11:00,6.727,0.006,0,0,0,0,v
2014-03-19 11:06,6.745,0.004,0,0,0,0,v
2014-03-19 11:12,6.746,0.004,0,0,0,0,v
2014-03-19 11:18,6.744,0.008,0,0,0,0,v
2014-03-19 11:24,6.722,0.006,0,0,0,0,v
2014-03-19 11:30,6.727,0.004,0,0,0,0,v
2014-03-19 11:36,6.718,0.005,0,0,0,0,v
2014-03-19 11:42,6.706,0.008,0,0,0,0,v
2014-03-19 11:48,6.711,0.005,0,0,0,0,v
2014-03-19 11:54,6.690,0.007,0,0,0,0,v
2014-03-19 12:00,6.672,0.006,0,0,0,0,v
2014-03-19 12:06,6.679,0.006,0,0,0,0,v
2014-03-19 12:12,6.700,0.007,0,0,0,0,v
2014-03-19 12:18,6.682,0.008,0,0,0,0,v
2014-03-19 12:24,6.677,0.008,0,0,0,0,v
2014-03-19 12:30,6.686,0.010,0,0,0,0,v
2014-03-19 12:36,6.724,0.005,0,0,0,0,v
2014-03-19 12:42,6.719,0.010,0,0,0,0,v
2014-03-19 12:48,6.686,0.006,0,0,0,0,v
2014-03-19 12:54,6.698,0.005,0,0,0,0,v
2014-03-19 13:00,6.712,0.006,0,0,0,0,v
2014-03-19 13:06,6.713,0.004,0,0,0,0,v
2014-03-19 13:12,6.683,0.007,0,0,0,0,v
2014-03-19 13:18,6.688,0.004,0,0,0,0,v
2014-03-19 13:24,6.693,0.008,0,0,0,0,v
2014-03-19 13:30,6.677,0.007,0,0,0,0,v
2014-03-19 13:36,6.683,0.006,0,0,0,0,v
2014-03-19 13:42,6.658,0.012,0,0,0,0,v
2014-03-19 13:48,6.661,0.009,0,0,0,0,v
2014-03-19 13:54,6.659,0.004,0,0,0,0,v
2014-03-19 14:00,6.636,0.007,0,0,0,0,v
2014-03-19 14:06,6.634,0.008,0,0,0,0,v
2014-03-19 14:12,6.611,0.007,0,0,0,0,v
2014-03-19 14:18,6.613,0.008,0,0,0,0,v
2014-03-19 14:24,6.624,0.010,0,0,0,0,v
2014-03-19 14:30,6.634,0.014,0,0,0,0,v
2014-03-19 14:36,6.583,0.006,0,0,0,0,v
2014-03-19 14:42,6.594,0.005,0,0,0,0,v
2014-03-19 14:48,6.570,0.013,0,0,0,0,v
2014-03-19 14:54,6.596,0.016,0,0,0,0,v
2014-03-19 15:00,6.579,0.007,0,0,0,0,v
2014-03-19 15:06,6.573,0.013,0,0,0,0,v
2014-03-19 15:12,6.573,0.007,0,0,0,0,v
2014-03-19 15:18,6.559,0.007,0,0,0,0,v
2014-03-19 15:24,6.539,0.007,0,0,0,0,v
2014-03-19 15:30,6.540,0.008,0,0,0,0,v
2014-03-19 15:36,6.547,0.004,0,0,0,0,v
2014-03-19 15:42,6.558,0.003,0,0,0,0,v
2014-03-19 15:48,6.552,0.007,0,0,0,0,v
2014-03-19 15:54,6.549,0.009,0,0,0,0,v
2014-03-19 16:00,6.553,0.006,0,0,0,0,v
2014-03-19 16:06,6.559,0.012,0,0,0,0,v
2014-03-19 16:12,6.558,0.007,0,0,0,0,v
2014-03-19 16:18,6.562,0.007,0,0,0,0,v
2014-03-19 16:24,6.553,0.005,0,0,0,0,v
2014-03-19 16:30,6.556,0.007,0,0,0,0,v
2014-03-19 16:36,6.580,0.009,0,0,0,0,v
2014-03-19 16:42,6.575,0.005,0,0,0,0,v
2014-03-19 16:48,6.574,0.008,0,0,0,0,v
2014-03-19 16:54,6.566,0.005,0,0,0,0,v
2014-03-19 17:00,6.562,0.005,0,0,0,0,v
2014-03-19 17:06,6.576,0.006,0,0,0,0,v
2014-03-19 17:12,6.553,0.010,0,0,0,0,v
2014-03-19 17:18,6.557,0.006,0,0,0,0,v
2014-03-19 17:24,6.564,0.006,0,0,0,0,v
2014-03-19 17:30,6.562,0.008,0,0,0,0,v
2014-03-19 17:36,6.575,0.003,0,0,0,0,v
2014-03-19 17:42,6.578,0.006,0,0,0,0,v
2014-03-19 17:48,6.569,0.009,0,0,0,0,v
2014-03-19 17:54,6.588,0.005,0,0,0,0,v
2014-03-19 18:00,6.575,0.005,0,0,0,0,v
2014-03-19 18:06,6.593,0.005,0,0,0,0,v
2014-03-19 18:12,6.602,0.007,0,0,0,0,v
2014-03-19 18:18,6.612,0.006,0,0,0,0,v
2014-03-19 18:24,6.582,0.008,0,0,0,0,v
2014-03-19 18:30,6.599,0.009,0,0,0,0,v
2014-03-19 18:36,6.568,0.005,0,0,0,0,v
2014-03-19 18:42,6.580,0.007,0,0,0,0,v
2014-03-19 18:48,6.598,0.008,0,0,0,0,v
2014-03-19 18:54,6.606,0.011,0,0,0,0,v
2014-03-19 19:00,6.589,0.008,0,0,0,0,v
2014-03-19 19:06,6.570,0.007,0,0,0,0,v
2014-03-19 19:12,6.590,0.006,0,0,0,0,v
2014-03-19 19:18,6.594,0.006,0,0,0,0,v
2014-03-19 19:24,6.595,0.006,0,0,0,0,v
2014-03-19 19:30,6.613,0.006,0,0,0,0,v
2014-03-19 19:36,6.575,0.008,0,0,0,0,v
2014-03-19 19:42,6.592,0.007,0,0,0,0,v
2014-03-19 19:48,6.577,0.007,0,0,0,0,v
2014-03-19 19:54,6.565,0.005,0,0,0,0,v
2014-03-19 20:00,6.585,0.007,0,0,0,0,v
2014-03-19 20:06,6.601,0.006,0,0,0,0,v
2014-03-19 20:12,6.622,0.006,0,0,0,0,v
2014-03-19 20:18,6.608,0.009,0,0,0,0,v
2014-03-19 20:24,6.561,0.007,0,0,0,0,v
2014-03-19 20:30,6.567,0.005,0,0,0,0,v
2014-03-19 20:36,6.606,0.005,0,0,0,0,v
2014-03-19 20:42,6.605,0.008,0,0,0,0,v
2014-03-19 20:48,6.592,0.006,0,0,0,0,v
2014-03-19 20:54,6.584,0.004,0,0,0,0,v
2014-03-19 21:00,6.580,0.005,0,0,0,0,v
2014-03-19 21:06,6.576,0.004,0,0,0,0,v
2014-03-19 21:12,6.560,0.007,0,0,0,0,v
2014-03-19 21:18,6.570,0.007,0,0,0,0,v
2014-03-19 21:24,6.587,0.006,0,0,0,0,v
2014-03-19 21:30,6.601,0.006,0,0,0,0,v
2014-03-19 21:36,6.578,0.007,0,0,0,0,v
2014-03-19 21:42,6.582,0.008,0,0,0,0,v
2014-03-19 21:48,6.610,0.006,0,0,0,0,v
2014-03-19 21:54,6.587,0.007,0,0,0,0,v
2014-03-19 22:00,6.591,0.006,0,0,0,0,v
2014-03-19 22:06,6.565,0.009,0,0,0,0,v
2014-03-19 22:12,6.576,0.004,0,0,0,0,v
2014-03-19 22:18,6.588,0.007,0,0,0,0,v
2014-03-19 22:24,6.619,0.006,0,0,0,0,v
2014-03-19 22:30,6.585,0.011,0,0,0,0,v
2014-03-19 22:36,6.557,0.006,0,0,0,0,v
2014-03-19 22:42,6.585,0.006,0,0,0,0,v
2014-03-19 22:48,6.568,0.007,0,0,0,0,v
2014-03-19 22:54,6.598,0.007,0,0,0,0,v
2014-03-19 23:00,6.566,0.006,0,0,0,0,v
2014-03-19 23:06,6.549,0.005,0,0,0,0,v
2014-03-19 23:12,6.557,0.004,0,0,0,0,v
2014-03-19 23:18,6.540,0.005,0,0,0,0,v
2014-03-19 23:24,6.544,0.006,0,0,0,0,v
2014-03-19 23:30,6.533,0.005,0,0,0,0,v
2014-03-19 23:36,6.513,0.004,0,0,0,0,v
2014-03-19 23:42,6.526,0.009,0,0,0,0,v
2014-03-19 23:48,6.525,0.005,0,0,0,0,v
2014-03-19 23:54,6.522,0.010,0,0,0,0,v
2014-03-20 00:00,6.511,0.006,0,0,0,0,v
2014-03-20 00:06,6.499,0.004,0,0,0,0,v
2014-03-20 00:12,6.476,0.003,0,0,0,0,v
2014-03-20 00:18,6.485,0.005,0,0,0,0,v
2014-03-20 00:24,6.457,0.006,0,0,0,0,v
2014-03-20 00:30,6.454,0.010,0,0,0,0,v
2014-03-20 00:36,6.470,0.006,0,0,0,0,v
2014-03-20 00:42,6.440,0.003,0,0,0,0,v
2014-03-20 00:48,6.434,0.004,0,0,0,0,v
2014-03-20 00:54,6.434,0.006,0,0,0,0,v
2014-03-20 01:00,6.419,0.006,0,0,0,0,v
2014-03-20 01:06,6.406,0.004,0,0,0,0,v
2014-03-20 01:12,6.420,0.005,0,0,0,0,v
2014-03-20 01:18,6.397,0.004,0,0,0,0,v
2014-03-20 01:24,6.402,0.004,0,0,0,0,v
2014-03-20 01:30,6.392,0.006,0,0,0,0,v
2014-03-20 01:36,6.392,0.005,0,0,0,0,v
2014-03-20 01:42,6.388,0.003,0,0,0,0,v
2014-03-20 01:48,6.400,0.005,0,0,0,0,v
2014-03-20 01:54,6.399,0.004,0,0,0,0,v
2014-03-20 02:00,6.377,0.006,0,0,0,0,v
2014-03-20 02:06,6.354,0.005,0,0,0,0,v
2014-03-20 02:12,6.356,0.003,0,0,0,0,v
2014-03-20 02:18,6.366,0.005,0,0,0,0,v
2014-03-20 02:24,6.338,0.003,0,0,0,0,v
2014-03-20 02:30,6.327,0.003,0,0,0,0,v
2014-03-20 02:36,6.330,0.004,0,0,0,0,v
2014-03-20 02:42,6.351,0.005,0,0,0,0,v
2014-03-20 02:48,6.316,0.004,0,0,0,0,v
2014-03-20 02:54,6.311,0.004,0,0,0,0,v
2014-03-20 03:00,6.286,0.006,0,0,0,0,v
2014-03-20 03:06,6.311,0.005,0,0,0,0,v
2014-03-20 03:12,6.317,0.005,0,0,0,0,v
2014-03-20 03:18,6.306,0.005,0,0,0,0,v
2014-03-20 03:24,6.283,0.004,0,0,0,0,v
2014-03-20 03:30,6.296,0.003,0,0,0,0,v
2014-03-20 03:36,6.286,0.005,0,0,0,0,v
2014-03-20 03:42,6.247,0.004,0,0,0,0,v
2014-03-20 03:48,6.264,0.005,0,0,0,0,v
2014-03-20 03:54,6.287,0.007,0,0,0,0,v
2014-03-20 04:00,6.284,0.003,0,0,0,0,v
2014-03-20 04:06,6.297,0.005,0,0,0,0,v
2014-03-20 04:12,6.277,0.004,0,0,0,0,v
2014-03-20 04:18,6.270,0.005,0,0,0,0,v
2014-03-20 04:24,6.277,0.004,0,0,0,0,v
2014-03-20 04:30,6.292,0.006,0,0,0,0,v
2014-03-20 04:36,6.292,0.007,0,0,0,0,v
2014-03-20 04:42,6.283,0.003,0,0,0,0,v
2014-03-20 04:48,6.293,0.006,0,0,0,0,v
2014-03-20 04:54,6.288,0.007,0,0,0,0,v
2014-03-20 05:00,6.288,0.005,0,0,0,0,v
2014-03-20 05:06,6.295,0.006,0,0,0,0,v
2014-03-20 05:12,6.333,0.004,0,0,0,0,v
2014-03-20 05:18,6.327,0.003,0,0,0,0,v
2014-03-20 05:24,6.325,0.004,0,0,0,0,v
2014-03-20 05:30,6.313,0.003,0,0,0,0,v
2014-03-20 05:36,6.335,0.003,0,0,0,0,v
2014-03-20 05:42,6.333,0.002,0,0,0,0,v
2014-03-20 05:48,6.315,0.005,0,0,0,0,v
2014-03-20 05:54,6.333,0.006,0,0,0,0,v
2014-03-20 06:00,6.325,0.007,0,0,0,0,v
2014-03-20 06:06,6.319,0.004,0,0,0,0,v
2014-03-20 06:12,6.328,0.004,0,0,0,0,v
2014-03-20 06:18,6.319,0.003,0,0,0,0,v
2014-03-20 06:24,6.324,0.003,0,0,0,0,v
2014-03-20 06:30,6.294,0.003,0,0,0,0,v
2014-03-20 06:36,6.321,0.005,0,0,0,0,v
2014-03-20 06:42,6.334,0.005,0,0,0,0,v
2014-03-20 06:48,6.367,0.008,0,0,0,0,v
2014-03-20 06:54,6.387,0.002,0,0,0,0,v
2014-03-20 07:00,6.388,0.003,0,0,0,0,v
2014-03-20 07:06,6.377,0.003,0,0,0,0,v
2014-03-20 07:12,6.375,0.004,0,0,0,0,v
2014-03-20 07:18,6.387,0.004,0,0,0,0,v
2014-03-20 07:24,6.404,0.006,0,0,0,0,v
2014-03-20 07:30,6.401,0.003,0,0,0,0,v
2014-03-20 07:36,6.427,0.008,0,0,0,0,v
2014-03-20 07:42,6.442,0.003,0,0,0,0,v
2014-03-20 07:48,6.457,0.004,0,0,0,0,v
2014-03-20 07:54,6.472,0.003,0,0,0,0,v
2014-03-20 08:00,6.482,0.005,0,0,0,0,v
2014-03-20 08:06,6.492,0.004,0,0,0,0,v
2014-03-20 08:12,6.489,0.003,0,0,0,0,v
2014-03-20 08:18,6.466,0.006,0,0,0,0,v
2014-03-20 08:24,6.461,0.005,0,0,0,0,v
2014-03-20 08:30,6.503,0.004,0,0,0,0,v
2014-03-20 08:36,6.513,0.006,0,0,0,0,v
2014-03-20 08:42,6.514,0.005,0,0,0,0,v
2014-03-20 08:48,6.521,0.004,0,0,0,0,v
2014-03-20 08:54,6.515,0.004,0,0,0,0,v
2014-03-20 09:00,6.552,0.005,0,0,0,0,v
2014-03-20 09:06,6.552,0.003,0,0,0,0,v
2014-03-20 09:12,6.576,0.004,0,0,0,0,v
2014-03-20 09:18,6.576,0.003,0,0,0,0,v
2014-03-20 09:24,6.568,0.004,0,0,0,0,v
2014-03-20 09:30,6.582,0.003,0,0,0,0,v
2014-03-20 09:36,6.563,0.003,0,0,0,0,v
2014-03-20 09:42,6.561,0.003,0,0,0,0,v
2014-03-20 09:48,6.562,0.003,0,0,0,0,v
2014-03-20 09:54,6.582,0.007,0,0,0,0,v
2014-03-20 10:00,6.621,0.004,0,0,0,0,v
2014-03-20 10:06,6.608,0.008,0,0,0,0,v
2014-03-20 10:12,6.644,0.003,0,0,0,0,v
2014-03-20 10:18,6.689,0.003,0,0,0,0,v
2014-03-20 10:24,6.682,0.004,0,0,0,0,v
2014-03-20 10:30,6.683,0.002,0,0,0,0,v
2014-03-20 10:36,6.690,0.003,0,0,0,0,v
2014-03-20 10:42,6.697,0.004,0,0,0,0,v
2014-03-20 10:48,6.685,0.002,0,0,0,0,v
2014-03-20 10:54,6.687,0.006,0,0,0,0,v
2014-03-20 11:00,6.712,0.004,0,0,0,0,v
2014-03-20 11:06,6.689,0.004,0,0,0,0,v
2014-03-20 11:12,6.704,0.005,0,0,0,0,v
2014-03-20 11:18,6.709,0.002,0,0,0,0,v
2014-03-20 11:24,6.714,0.003,0,0,0,0,v
2014-03-20 11:30,6.712,0.004,0,0,0,0,v
2014-03-20 11:36,6.705,0.004,0,0,0,0,v
2014-03-20 11:42,6.721,0.004,0,0,0,0,v
2014-03-20 11:48,6.729,0.004,0,0,0,0,v
2014-03-20 11:54,6.727,0.004,0,0,0,0,v
2014-03-20 12:00,6.720,0.007,0,0,0,0,v
2014-03-20 12:06,6.719,0.007,0,0,0,0,v
2014-03-20 12:12,6.733,0.004,0,0,0,0,v
2014-03-20 12:18,6.727,0.002,0,0,0,0,v
2014-03-20 12:24,6.717,0.003,0,0,0,0,v
2014-03-20 12:30,6.701,0.002,0,0,0,0,v
2014-03-20 12:36,6.677,0.004,0,0,0,0,v
2014-03-20 12:42,6.680,0.003,0,0,0,0,v
2014-03-20 12:48,6.691,0.003,0,0,0,0,v
2014-03-20 12:54,6.679,0.004,0,0,0,0,v
2014-03-20 13:00,6.691,0.004,0,0,0,0,v
2014-03-20 13:06,6.704,0.004,0,0,0,0,v
2014-03-20 13:12,6.709,0.005,0,0,0,0,v
2014-03-20 13:18,6.690,0.003,0,0,0,0,v
2014-03-20 13:24,6.672,0.003,0,0,0,0,v
2014-03-20 13:30,6.679,0.003,0,0,0,0,v
2014-03-20 13:36,6.687,0.004,0,0,0,0,v
2014-03-20 13:42,6.680,0.006,0,0,0,0,v
2014-03-20 13:48,6.669,0.005,0,0,0,0,v
2014-03-20 13:54,6.674,0.003,0,0,0,0,v
2014-03-20 14:00,6.667,0.002,0,0,0,0,v
2014-03-20 14:06,6.658,0.002,0,0,0,0,v
2014-03-20 14:12,6.659,0.004,0,0,0,0,v
2014-03-20 14:18,6.663,0.003,0,0,0,0,v
2014-03-20 14:24,6.668,0.003,0,0,0,0,v
2014-03-20 14:30,6.672,0.003,0,0,0,0,v
2014-03-20 14:36,6.672,0.004,0,0,0,0,v
2014-03-20 14:42,6.683,0.004,0,0,0,0,v
2014-03-20 14:48,6.676,0.005,0,0,0,0,v
2014-03-20 14:54,6.673,0.004,0,0,0,0,v
2014-03-20 15:00,6.678,0.005,0,0,0,0,v
2014-03-20 15:06,6.686,0.003,0,0,0,0,v
2014-03-20 15:12,6.671,0.003,0,0,0,0,v
2014-03-20 15:18,6.672,0.007,0,0,0,0,v
2014-03-20 15:24,6.682,0.002,0,0,0,0,v
2014-03-20 15:30,6.654,0.005,0,0,0,0,v
2014-03-20 15:36,6.662,0.003,0,0,0,0,v
2014-03-20 15:42,6.646,0.004,0,0,0,0,v
2014-03-20 15:48,6.623,0.003,0,0,0,0,v
2014-03-20 15:54,6.627,0.002,0,0,0,0,v
2014-03-20 16:00,6.624,0.002,0,0,0,0,v
2014-03-20 16:06,6.607,0.005,0,0,0,0,v
2014-03-20 16:12,6.597,0.003,0,0,0,0,v
2014-03-20 16:18,6.627,0.005,0,0,0,0,v
2014-03-20 16:24,6.637,0.002,0,0,0,0,v
2014-03-20 16:30,6.630,0.003,0,0,0,0,v
2014-03-20 16:36,6.626,0.004,0,0,0,0,v
2014-03-20 16:42,6.626,0.002,0,0,0,0,v
2014-03-20 16:48,6.642,0.003,0,0,0,0,v
2014-03-20 16:54,6.638,0.004,0,0,0,0,v
2014-03-20 17:00,6.618,0.002,0,0,0,0,v
2014-03-20 17:06,6.653,0.007,0,0,0,0,v
2014-03-20 17:12,6.651,0.006,0,0,0,0,v
2014-03-20 17:18,6.634,0.004,0,0,0,0,v
2014-03-20 17:24,6.621,0.002,0,0,0,0,v
2014-03-20 17:30,6.620,0.003,0,0,0,0,v
2014-03-20 17:36,6.623,0.003,0,0,0,0,v
2014-03-20 17:42,6.636,0.002,0,0,0,0,v
2014-03-20 17:48,6.627,0.002,0,0,0,0,v
2014-03-20 17:54,6.631,0.003,0,0,0,0,v
2014-03-20 18:00,6.623,0.003,0,0,0,0,v
2014-03-20 18:06,6.636,0.004,0,0,0,0,v
2014-03-20 18:12,6.624,0.002,0,0,0,0,v
2014-03-20 18:18,6.643,0.002,0,0,0,0,v
2014-03-20 18:24,6.652,0.003,0,0,0,0,v
2014-03-20 18:30,6.635,0.003,0,0,0,0,v
2014-03-20 18:36,6.633,0.002,0,0,0,0,v
2014-03-20 18:42,6.607,0.005,0,0,0,0,v
2014-03-20 18:48,6.590,0.002,0,0,0,0,v
2014-03-20 18:54,6.573,0.005,0,0,0,0,v
2014-03-20 19:00,6.571,0.003,0,0,0,0,v
2014-03-20 19:06,6.566,0.002,0,0,0,0,v
2014-03-20 19:12,6.586,0.004,0,0,0,0,v
2014-03-20 19:18,6.587,0.003,0,0,0,0,v
2014-03-20 19:24,6.577,0.003,0,0,0,0,v
2014-03-20 19:30,6.566,0.002,0,0,0,0,v
2014-03-20 19:36,6.572,0.002,0,0,0,0,v
2014-03-20 19:42,6.585,0.002,0,0,0,0,v
2014-03-20 19:48,6.573,0.003,0,0,0,0,v
2014-03-20 19:54,6.599,0.002,0,0,0,0,v
2014-03-20 20:00,6.607,0.001,0,0,0,0,v
2014-03-20 20:06,6.599,0.003,0,0,0,0,v
2014-03-20 20:12,6.616,0.002,0,0,0,0,v
2014-03-20 20:18,6.600,0.003,0,0,0,0,v
2014-03-20 20:24,6.597,0.004,0,0,0,0,v
2014-03-20 20:30,6.605,0.002,0,0,0,0,v
2014-03-20 20:36,6.616,0.003,0,0,0,0,v
2014-03-20 20:42,6.602,0.003,0,0,0,0,v
2014-03-20 20:48,6.609,0.002,0,0,0,0,v
2014-03-20 20:54,6.614,0.003,0,0,0,0,v
2014-03-20 21:00,6.633,0.002,0,0,0,0,v
2014-03-20 21:06,6.618,0.003,0,0,0,0,v
2014-03-20 21:12,6.636,0.002,0,0,0,0,v
2014-03-20 21:18,6.636,0.002,0,0,0,0,v
2014-03-20 21:24,6.635,0.003,0,0,0,0,v
2014-03-20 21:30,6.621,0.004,0,0,0,0,v
2014-03-20 21:36,6.607,0.002,0,0,0,0,v
2014-03-20 21:42,6.618,0.003,0,0,0,0,v
2014-03-20 21:48,6.616,0.003,0,0,0,0,v
2014-03-20 21:54,6.616,0.002,0,0,0,0,v
2014-03-20 22:00,6.620,0.000,0,0,0,0,v
2014-03-20 22:06,6.629,0.003,0,0,0,0,v
2014-03-20 22:12,6.638,0.002,0,0,0,0,v
2014-03-20 22:18,6.640,0.002,0,0,0,0,v
2014-03-20 22:24,6.643,0.002,0,0,0,0,v
2014-03-20 22:30,6.645,0.002,0,0,0,0,v
2014-03-20 22:36,6.634,0.002,0,0,0,0,v
2014-03-20 22:42,6.634,0.003,0,0,0,0,v
2014-03-20 22:48,6.637,0.002,0,0,0,0,v
2014-03-20 22:54,6.603,0.002,0,0,0,0,v
2014-03-20 23:00,6.586,0.004,0,0,0,0,v
2014-03-20 23:06,6.579,0.003,0,0,0,0,v
2014-03-20 23:12,6.590,0.002,0,0,0,0,v
2014-03-20 23:18,6.601,0.003,0,0,0,0,v
2014-03-20 23:24,6.574,0.005,0,0,0,0,v
2014-03-20 23:30,6.562,0.003,0,0,0,0,v
2014-03-20 23:36,6.568,0.002,0,0,0,0,v
2014-03-20 23:42,6.573,0.002,0,0,0,0,v
2014-03-20 23:48,6.564,0.003,0,0,0,0,v
2014-03-20 23:54,6.550,0.006,0,0,0,0,v
2014-03-21 00:00,6.536,0.003,0,0,0,0,v
2014-03-21 00:06,6.538,0.002,0,0,0,0,v
2014-03-21 00:12,6.522,0.002,0,0,0,0,v
2014-03-21 00:18,6.523,0.003,0,0,0,0,v
2014-03-21 00:24,6.502,0.004,0,0,0,0,v
2014-03-21 00:30,6.482,0.003,0,0,0,0,v
2014-03-21 00:36,6.467,0.002,0,0,0,0,v
2014-03-21 00:42,6.471,0.002,0,0,0,0,v
2014-03-21 00:48,6.474,0.002,0,0,0,0,v
2014-03-21 00:54,6.479,0.002,0,0,0,0,v
2014-03-21 01:00,6.457,0.002,0,0,0,0,v
2014-03-21 01:06,6.454,0.004,0,0,0,0,v
2014-03-21 01:12,6.447,0.002,0,0,0,0,v
2014-03-21 01:18,6.457,0.002,0,0,0,0,v
2014-03-21 01:24,6.433,0.002,0,0,0,0,v
2014-03-21 01:30,6.430,0.002,0,0,0,0,v
2014-03-21 01:36,6.425,0.002,0,0,0,0,v
2014-03-21 01:42,6.413,0.003,0,0,0,0,v
2014-03-21 01:48,6.386,0.002,0,0,0,0,v
2014-03-21 01:54,6.384,0.003,0,0,0,0,v
2014-03-21 02:00,6.377,0.004,0,0,0,0,v
2014-03-21 02:06,6.392,0.002,0,0,0,0,v
2014-03-21 02:12,6.374,0.002,0,0,0,0,v
2014-03-21 02:18,6.369,0.003,0,0,0,0,v
2014-03-21 02:24,6.361,0.003,0,0,0,0,v
2014-03-21 02:30,6.364,0.006,0,0,0,0,v
2014-03-21 02:36,6.348,0.007,0,0,0,0,v
2014-03-21 02:42,6.338,0.002,0,0,0,0,v
2014-03-21 02:48,6.332,0.002,0,0,0,0,v
2014-03-21 02:54,6.322,0.002,0,0,0,0,v
2014-03-21 03:00,6.304,0.005,0,0,0,0,v
2014-03-21 03:06,6.305,0.003,0,0,0,0,v
2014-03-21 03:12,6.314,0.002,0,0,0,0,v
2014-03-21 03:18,6.313,0.001,0,0,0,0,v
2014-03-21 03:24,6.301,0.003,0,0,0,0,v
2014-03-21 03:30,6.311,0.005,0,0,0,0,v
2014-03-21 03:36,6.293,0.003,0,0,0,0,v
2014-03-21 03:42,6.300,0.003,0,0,0,0,v
2014-03-21 03:48,6.299,0.003,0,0,0,0,v
2014-03-21 03:54,6.272,0.002,0,0,0,0,v
2014-03-21 04:00,6.282,0.002,0,0,0,0,v
2014-03-21 04:06,6.276,0.002,0,0,0,0,v
2014-03-21 04:12,6.277,0.002,0,0,0,0,v
2014-03-21 04:18,6.268,0.002,0,0,0,0,v
2014-03-21 04:24,6.270,0.003,0,0,0,0,v
2014-03-21 04:30,6.259,0.002,0,0,0,0,v
2014-03-21 04:36,6.264,0.004,0,0,0,0,v
2014-03-21 04:42,6.259,0.004,0,0,0,0,v
2014-03-21 04:48,6.252,0.002,0,0,0,0,v
2014-03-21 04:54,6.255,0.002,0,0,0,0,v
2014-03-21 05:00,6.251,0.004,0,0,0,0,v
2014-03-21 05:06,6.261,0.004,0,0,0,0,v
2014-03-21 05:12,6.245,0.002,0,0,0,0,v
2014-03-21 05:18,6.245,0.005,0,0,0,0,v
2014-03-21 05:24,6.244,0.003,0,0,0,0,v
2014-03-21 05:30,6.248,0.003,0,0,0,0,v
2014-03-21 05:36,6.235,0.003,0,0,0,0,v
2014-03-21 05:42,6.231,0.002,0,0,0,0,v
2014-03-21 05:48,6.235,0.002,0,0,0,0,v
2014-03-21 05:54,6.240,0.003,0,0,0,0,v
2014-03-21 06:00,6.236,0.004,0,0,0,0,v
2014-03-21 06:06,6.236,0.004,0,0,0,0,v
2014-03-21 06:12,6.234,0.003,0,0,0,0,v
2014-03-21 06:18,6.225,0.002,0,0,0,0,v
2014-03-21 06:24,6.226,0.002,0,0,0,0,v
2014-03-21 06:30,6.250,0.002,0,0,0,0,v
2014-03-21 06:36,6.247,0.004,0,0,0,0,v
2014-03-21 06:42,6.262,0.003,0,0,0,0,v
2014-03-21 06:48,6.241,0.004,0,0,0,0,v
2014-03-21 06:54,6.249,0.005,0,0,0,0,v
2014-03-21 07:00,6.253,0.005,0,0,0,0,v
2014-03-21 07:06,6.242,0.003,0,0,0,0,v
2014-03-21 07:12,6.270,0.002,0,0,0,0,v
2014-03-21 07:18,6.302,0.003,0,0,0,0,v
2014-03-21 07:24,6.311,0.005,0,0,0,0,v
2014-03-21 07:30,6.308,0.004,0,0,0,0,v
2014-03-21 07:36,6.318,0.004,0,0,0,0,v
2014-03-21 07:42,6.314,0.002,0,0,0,0,v
2014-03-21 07:48,6.336,0.003,0,0,0,0,v
2014-03-21 07:54,6.348,0.002,0,0,0,0,v
2014-03-21 08:00,6.332,0.003,0,0,0,0,v
2014-03-21 08:06,6.346,0.003,0,0,0,0,v
2014-03-21 08:12,6.342,0.004,0,0,0,0,v
2014-03-21 08:18,6.365,0.005,0,0,0,0,v
2014-03-21 08:24,6.382,0.003,0,0,0,0,v
2014-03-21 08:30,6.384,0.004,0,0,0,0,v
2014-03-21 08:36,6.394,0.004,0,0,0,0,v
2014-03-21 08:42,6.412,0.005,0,0,0,0,v
2014-03-21 08:48,6.447,0.002,0,0,0,0,v
2014-03-21 08:54,6.441,0.003,0,0,0,0,v
2014-03-21 09:00,6.451,0.002,0,0,0,0,v
2014-03-21 09:06,6.448,0.002,0,0,0,0,v
2014-03-21 09:12,6.463,0.004,0,0,0,0,v
2014-03-21 09:18,6.475,0.002,0,0,0,0,v
2014-03-21 09:24,6.469,0.003,0,0,0,0,v
2014-03-21 09:30,6.482,0.002,0,0,0,0,v
2014-03-21 09:36,6.486,0.003,0,0,0,0,v
2014-03-21 09:42,6.499,0.001,0,0,0,0,v
2014-03-21 09:48,6.514,0.003,0,0,0,0,v
2014-03-21 09:54,6.524,0.002,0,0,0,0,v
2014-03-21 10:00,6.523,0.002,0,0,0,0,v
2014-03-21 10:06,6.508,0.003,0,0,0,0,v
2014-03-21 10:12,6.527,0.003,0,0,0,0,v
2014-03-21 10:18,6.518,0.002,0,0,0,0,v
2014-03-21 10:24,6.545,0.003,0,0,0,0,v
2014-03-21 10:30,6.561,0.002,0,0,0,0,v
2014-03-21 10:36,6.564,0.002,0,0,0,0,v
2014-03-21 10:42,6.576,0.002,0,0,0,0,v
2014-03-21 10:48,6.583,0.003,0,0,0,0,v
2014-03-21 10:54,6.590,0.003,0,0,0,0,v
2014-03-21 11:00,6.606,0.002,0,0,0,0,v
2014-03-21 11:06,6.600,0.004,0,0,0,0,v
2014-03-21 11:12,6.597,0.002,0,0,0,0,v
2014-03-21 11:18,6.601,0.003,0,0,0,0,v
2014-03-21 11:24,6.625,0.003,0,0,0,0,v
2014-03-21 11:30,6.628,0.004,0,0,0,0,v
2014-03-21 11:36,6.640,0.005,0,0,0,0,v
2014-03-21 11:42,6.648,0.003,0,0,0,0,v
2014-03-21 11:48,6.641,0.003,0,0,0,0,v
2014-03-21 11:54,6.651,0.002,0,0,0,0,v
2014-03-21 12:00,6.654,0.003,0,0,0,0,v
2014-03-21 12:06,6.657,0.003,0,0,0,0,v
2014-03-21 12:12,6.664,0.002,0,0,0,0,v
2014-03-21 12:18,6.694,0.004,0,0,0,0,v
2014-03-21 12:24,6.692,0.003,0,0,0,0,v
2014-03-21 12:30,6.699,0.003,0,0,0,0,v
2014-03-21 12:36,6.683,0.007,0,0,0,0,v
2014-03-21 12:42,6.684,0.003,0,0,0,0,v
2014-03-21 12:48,6.699,0.004,0,0,0,0,v
2014-03-21 12:54,6.690,0.002,0,0,0,0,v
2014-03-21 13:00,6.716,0.001,0,0,0,0,v
2014-03-21 13:06,6.714,0.003,0,0,0,0,v
2014-03-21 13:12,6.711,0.003,0,0,0,0,v
2014-03-21 13:18,6.699,0.005,0,0,0,0,v
2014-03-21 13:24,6.699,0.002,0,0,0,0,v
2014-03-21 13:30,6.703,0.005,0,0,0,0,v
2014-03-21 13:36,6.698,0.002,0,0,0,0,v
2014-03-21 13:42,6.699,0.002,0,0,0,0,v
2014-03-21 13:48,6.701,0.002,0,0,0,0,v
2014-03-21 13:54,6.712,0.004,0,0,0,0,v
2014-03-21 14:00,6.730,0.003,0,0,0,0,v
2014-03-21 14:06,6.710,0.006,0,0,0,0,v
2014-03-21 14:12,6.709,0.004,0,0,0,0,v
2014-03-21 14:18,6.700,0.002,0,0,0,0,v
2014-03-21 14:24,6.706,0.002,0,0,0,0,v
2014-03-21 14:30,6.703,0.002,0,0,0,0,v
2014-03-21 14:36,6.696,0.003,0,0,0,0,v
2014-03-21 14:42,6.706,0.002,0,0,0,0,v
2014-03-21 14:48,6.728,0.002,0,0,0,0,v
2014-03-21 14:54,6.727,0.002,0,0,0,0,v
2014-03-21 15:00,6.726,0.002,0,0,0,0,v
2014-03-21 15:06,6.706,0.002,0,0,0,0,v
2014-03-21 15:12,6.700,0.003,0,0,0,0,v
2014-03-21 15:18,6.703,0.002,0,0,0,0,v
2014-03-21 15:24,6.721,0.002,0,0,0,0,v
2014-03-21 15:30,6.713,0.002,0,0,0,0,v
2014-03-21 15:36,6.722,0.002,0,0,0,0,v
2014-03-21 15:42,6.713,0.005,0,0,0,0,v
2014-03-21 15:48,6.692,0.004,0,0,0,0,v
2014-03-21 15:54,6.705,0.004,0,0,0,0,v
2014-03-21 16:00,6.705,0.003,0,0,0,0,v
2014-03-21 16:06,6.702,0.002,0,0,0,0,v
2014-03-21 16:12,6.697,0.003,0,0,0,0,v
2014-03-21 16:18,6.686,0.003,0,0,0,0,v
2014-03-21 16:24,6.698,0.002,0,0,0,0,v
2014-03-21 16:30,6.696,0.003,0,0,0,0,v
2014-03-21 16:36,6.697,0.002,0,0,0,0,v
2014-03-21 16:42,6.688,0.002,0,0,0,0,v
2014-03-21 16:48,6.684,0.002,0,0,0,0,v
2014-03-21 16:54,6.684,0.005,0,0,0,0,v
2014-03-21 17:00,6.689,0.005,0,0,0,0,v
2014-03-21 17:06,6.676,0.002,0,0,0,0,v
2014-03-21 17:12,6.666,0.003,0,0,0,0,v
2014-03-21 17:18,6.665,0.002,0,0,0,0,v
2014-03-21 17:24,6.687,0.002,0,0,0,0,v
2014-03-21 17:30,6.681,0.002,0,0,0,0,v
2014-03-21 17:36,6.665,0.003,0,0,0,0,v
2014-03-21 17:42,6.667,0.003,0,0,0,0,v
2014-03-21 17:48,6.682,0.002,0,0,0,0,v
2014-03-21 17:54,6.673,0.003,0,0,0,0,v
2014-03-21 18:00,6.666,0.005,0,0,0,0,v
2014-03-21 18:06,6.654,0.002,0,0,0,0,v
2014-03-21 18:12,6.649,0.002,0,0,0,0,v
2014-03-21 18:18,6.673,0.003,0,0,0,0,v
2014-03-21 18:24,6.676,0.003,0,0,0,0,v
2014-03-21 18:30,6.675,0.003,0,0,0,0,v
2014-03-21 18:36,6.668,0.002,0,0,0,0,v
2014-03-21 18:42,6.672,0.003,0,0,0,0,v
2014-03-21 18:48,6.666,0.004,0,0,0,0,v
2014-03-21 18:54,6.673,0.004,0,0,0,0,v
2014-03-21 19:00,6.675,0.002,0,0,0,0,v
2014-03-21 19:06,6.669,0.002,0,0,0,0,v
2014-03-21 19:12,6.666,0.002,0,0,0,0,v
2014-03-21 19:18,6.677,0.002,0,0,0,0,v
2014-03-21 19:24,6.656,0.003,0,0,0,0,v
2014-03-21 19:30,6.649,0.002,0,0,0,0,v
2014-03-21 19:36,6.650,0.002,0,0,0,0,v
2014-03-21 19:42,6.657,0.002,0,0,0,0,v
2014-03-21 19:48,6.658,0.002,0,0,0,0,v
2014-03-21 19:54,6.647,0.002,0,0,0,0,v
2014-03-21 20:00,6.658,0.004,0,0,0,0,v
2014-03-21 20:06,6.671,0.004,0,0,0,0,v
2014-03-21 20:12,6.660,0.004,0,0,0,0,v
2014-03-21 20:18,6.655,0.002,0,0,0,0,v
2014-03-21 20:24,6.657,0.003,0,0,0,0,v
2014-03-21 20:30,6.653,0.003,0,0,0,0,v
2014-03-21 20:36,6.653,0.002,0,0,0,0,v
2014-03-21 20:42,6.653,0.004,0,0,0,0,v
2014-03-21 20:48,6.668,0.002,0,0,0,0,v
2014-03-21 20:54,6.651,0.004,0,0,0,0,v
2014-03-21 21:00,6.653,0.002,0,0,0,0,v
2014-03-21 21:06,6.646,0.006,0,0,0,0,v
2014-03-21 21:12,6.659,0.002,0,0,0,0,v
2014-03-21 21:18,6.659,0.003,0,0,0,0,v
2014-03-21 21:24,6.663,0.004,0,0,0,0,v
2014-03-21 21:30,6.664,0.003,0,0,0,0,v
2014-03-21 21:36,6.667,0.003,0,0,0,0,v
2014-03-21 21:42,6.665,0.002,0,0,0,0,v
2014-03-21 21:48,6.663,0.003,0,0,0,0,v
2014-03-21 21:54,6.662,0.003,0,0,0,0,v
2014-03-21 22:00,6.685,0.004,0,0,0,0,v
2014-03-21 22:06,6.671,0.003,0,0,0,0,v
2014-03-21 22:12,6.656,0.003,0,0,0,0,v
2014-03-21 22:18,6.668,0.003,0,0,0,0,v
2014-03-21 22:24,6.660,0.005,0,0,0,0,v
2014-03-21 22:30,6.678,0.004,0,0,0,0,v
2014-03-21 22:36,6.682,0.003,0,0,0,0,v
2014-03-21 22:42,6.675,0.004,0,0,0,0,v
2014-03-21 22:48,6.677,0.004,0,0,0,0,v
2014-03-21 22:54,6.664,0.004,0,0,0,0,v
2014-03-21 23:00,6.654,0.003,0,0,0,0,v
2014-03-21 23:06,6.656,0.004,0,0,0,0,v
2014-03-21 23:12,6.654,0.002,0,0,0,0,v
2014-03-21 23:18,6.636,0.003,0,0,0,0,v
2014-03-21 23:24,6.638,0.003,0,0,0,0,v
2014-03-21 23:30,6.629,0.006,0,0,0,0,v
2014-03-21 23:36,6.641,0.004,0,0,0,0,v
2014-03-21 23:42,6.656,0.003,0,0,0,0,v
2014-03-21 23:48,6.653,0.003,0,0,0,0,v
2014-03-21 23:54,6.639,0.004,0,0,0,0,v
2014-03-22 00:00,6.645,0.005,0,0,0,0,v
2014-03-22 00:06,6.637,0.003,0,0,0,0,v
2014-03-22 00:12,6.607,0.006,0,0,0,0,v
2014-03-22 00:18,6.595,0.004,0,0,0,0,v
2014-03-22 00:24,6.572,0.003,0,0,0,0,v
2014-03-22 00:30,6.584,0.003,0,0,0,0,v
2014-03-22 00:36,6.562,0.003,0,0,0,0,v
2014-03-22 00:42,6.555,0.004,0,0,0,0,v
2014-03-22 00:48,6.560,0.004,0,0,0,0,v
2014-03-22 00:54,6.562,0.004,0,0,0,0,v
2014-03-22 01:00,6.563,0.003,0,0,0,0,v
2014-03-22 01:06,6.548,0.006,0,0,0,0,v
2014-03-22 01:12,6.533,0.005,0,0,0,0,v
2014-03-22 01:18,6.517,0.003,0,0,0,0,v
2014-03-22 01:24,6.523,0.004,0,0,0,0,v
2014-03-22 01:30,6.514,0.004,0,0,0,0,v
2014-03-22 01:36,6.515,0.002,0,0,0,0,v
2014-03-22 01:42,6.518,0.003,0,0,0,0,v
2014-03-22 01:48,6.500,0.003,0,0,0,0,v
2014-03-22 01:54,6.477,0.005,0,0,0,0,v
2014-03-22 02:00,6.457,0.005,0,0,0,0,v
2014-03-22 02:06,6.447,0.003,0,0,0,0,v
2014-03-22 02:12,6.434,0.003,0,0,0,0,v
2014-03-22 02:18,6.439,0.003,0,0,0,0,v
2014-03-22 02:24,6.438,0.004,0,0,0,0,v
2014-03-22 02:30,6.441,0.003,0,0,0,0,v
2014-03-22 02:36,6.432,0.004,0,0,0,0,v
2014-03-22 02:42,6.436,0.003,0,0,0,0,v
2014-03-22 02:48,6.432,0.004,0,0,0,0,v
2014-03-22 02:54,6.437,0.003,0,0,0,0,v
2014-03-22 03:00,6.422,0.004,0,0,0,0,v
2014-03-22 03:06,6.396,0.003,0,0,0,0,v
2014-03-22 03:12,6.389,0.003,0,0,0,0,v
2014-03-22 03:18,6.391,0.003,0,0,0,0,v
2014-03-22 03:24,6.386,0.003,0,0,0,0,v
2014-03-22 03:30,6.373,0.004,0,0,0,0,v
2014-03-22 03:36,6.379,0.002,0,0,0,0,v
2014-03-22 03:42,6.365,0.003,0,0,0,0,v
2014-03-22 03:48,6.360,0.004,0,0,0,0,v
2014-03-22 03:54,6.346,0.004,0,0,0,0,v
2014-03-22 04:00,6.367,0.005,0,0,0,0,v
2014-03-22 04:06,6.368,0.003,0,0,0,0,v
2014-03-22 04:12,6.348,0.005,0,0,0,0,v
2014-03-22 04:18,6.349,0.004,0,0,0,0,v
2014-03-22 04:24,6.340,0.007,0,0,0,0,v
2014-03-22 04:30,6.338,0.003,0,0,0,0,v
2014-03-22 04:36,6.334,0.003,0,0,0,0,v
2014-03-22 04:42,6.332,0.004,0,0,0,0,v
2014-03-22 04:48,6.330,0.003,0,0,0,0,v
2014-03-22 04:54,6.324,0.006,0,0,0,0,v
2014-03-22 05:00,6.322,0.006,0,0,0,0,v
2014-03-22 05:06,6.311,0.003,0,0,0,0,v
2014-03-22 05:12,6.294,0.005,0,0,0,0,v
2014-03-22 05:18,6.306,0.003,0,0,0,0,v
2014-03-22 05:24,6.296,0.004,0,0,0,0,v
2014-03-22 05:30,6.301,0.003,0,0,0,0,v
2014-03-22 05:36,6.290,0.004,0,0,0,0,v
2014-03-22 05:42,6.282,0.003,0,0,0,0,v
2014-03-22 05:48,6.283,0.003,0,0,0,0,v
2014-03-22 05:54,6.280,0.004,0,0,0,0,v
2014-03-22 06:00,6.297,0.003,0,0,0,0,v
2014-03-22 06:06,6.276,0.002,0,0,0,0,v
2014-03-22 06:12,6.273,0.004,0,0,0,0,v
2014-03-22 06:18,6.272,0.003,0,0,0,0,v
2014-03-22 06:24,6.271,0.006,0,0,0,0,v
2014-03-22 06:30,6.274,0.003,0,0,0,0,v
2014-03-22 06:36,6.280,0.005,0,0,0,0,v
2014-03-22 06:42,6.281,0.005,0,0,0,0,v
2014-03-22 06:48,6.281,0.004,0,0,0,0,v
2014-03-22 06:54,6.294,0.005,0,0,0,0,v
2014-03-22 07:00,6.291,0.004,0,0,0,0,v
2014-03-22 07:06,6.310,0.004,0,0,0,0,v
2014-03-22 07:12,6.307,0.004,0,0,0,0,v
2014-03-22 07:18,6.317,0.003,0,0,0,0,v
2014-03-22 07:24,6.318,0.003,0,0,0,0,v
2014-03-22 07:30,6.317,0.003,0,0,0,0,v
2014-03-22 07:36,6.329,0.005,0,0,0,0,v
2014-03-22 07:42,6.327,0.003,0,0,0,0,v
2014-03-22 07:48,6.338,0.004,0,0,0,0,v
2014-03-22 07:54,6.352,0.003,0,0,0,0,v
2014-03-22 08:00,6.358,0.004,0,0,0,0,v
2014-03-22 08:06,6.350,0.005,0,0,0,0,v
2014-03-22 08:12,6.368,0.003,0,0,0,0,v
2014-03-22 08:18,6.357,0.003,0,0,0,0,v
2014-03-22 08:24,6.360,0.003,0,0,0,0,v
2014-03-22 08:30,6.370,0.003,0,0,0,0,v
2014-03-22 08:36,6.378,0.006,0,0,0,0,v
2014-03-22 08:42,6.376,0.004,0,0,0,0,v
2014-03-22 08:48,6.383,0.005,0,0,0,0,v
2014-03-22 08:54,6.393,0.004,0,0,0,0,v
2014-03-22 09:00,6.403,0.003,0,0,0,0,v
2014-03-22 09:06,6.402,0.003,0,0,0,0,v
2014-03-22 09:12,6.409,0.005,0,0,0,0,v
2014-03-22 09:18,6.427,0.002,0,0,0,0,v
2014-03-22 09:24,6.433,0.004,0,0,0,0,v
2014-03-22 09:30,6.422,0.005,0,0,0,0,v
2014-03-22 09:36,6.432,0.007,0,0,0,0,v
2014-03-22 09:42,6.446,0.005,0,0,0,0,v
2014-03-22 09:48,6.470,0.005,0,0,0,0,v
2014-03-22 09:54,6.475,0.003,0,0,0,0,v
2014-03-22 10:00,6.476,0.003,0,0,0,0,v
2014-03-22 10:06,6.497,0.002,0,0,0,0,v
2014-03-22 10:12,6.512,0.004,0,0,0,0,v
2014-03-22 10:18,6.511,0.004,0,0,0,0,v
2014-03-22 10:24,6.523,0.003,0,0,0,0,v
2014-03-22 10:30,6.534,0.003,0,0,0,0,v
2014-03-22 10:36,6.551,0.007,0,0,0,0,v
2014-03-22 10:42,6.551,0.003,0,0,0,0,v
2014-03-22 10:48,6.571,0.002,0,0,0,0,v
2014-03-22 10:54,6.561,0.004,0,0,0,0,v
2014-03-22 11:00,6.566,0.004,0,0,0,0,v
2014-03-22 11:06,6.591,0.004,0,0,0,0,v
2014-03-22 11:12,6.602,0.003,0,0,0,0,v
2014-03-22 11:18,6.607,0.003,0,0,0,0,v
2014-03-22 11:24,6.600,0.005,0,0,0,0,v
2014-03-22 11:30,6.615,0.003,0,0,0,0,v
2014-03-22 11:36,6.626,0.003,0,0,0,0,v
2014-03-22 11:42,6.630,0.002,0,0,0,0,v
2014-03-22 11:48,6.645,0.004,0,0,0,0,v
2014-03-22 11:54,6.650,0.003,0,0,0,0,v
2014-03-22 12:00,6.665,0.004,0,0,0,0,v
2014-03-22 12:06,6.671,0.003,0,0,0,0,v
2014-03-22 12:12,6.674,0.002,0,0,0,0,v
2014-03-22 12:18,6.680,0.003,0,0,0,0,v
2014-03-22 12:24,6.692,0.003,0,0,0,0,v
2014-03-22 12:30,6.681,0.004,0,0,0,0,v
2014-03-22 12:36,6.703,0.002,0,0,0,0,v
2014-03-22 12:42,6.711,0.003,0,0,0,0,v
2014-03-22 12:48,6.722,0.004,0,0,0,0,v
2014-03-22 12:54,6.736,0.004,0,0,0,0,v
2014-03-22 13:00,6.717,0.004,0,0,0,0,v
2014-03-22 13:06,6.731,0.005,0,0,0,0,v
2014-03-22 13:12,6.761,0.007,0,0,0,0,v
2014-03-22 13:18,6.768,0.006,0,0,0,0,v
2014-03-22 13:24,6.767,0.004,0,0,0,0,v
2014-03-22 13:30,6.743,0.004,0,0,0,0,v
2014-03-22 13:36,6.756,0.003,0,0,0,0,v
2014-03-22 13:42,6.743,0.005,0,0,0,0,v
2014-03-22 13:48,6.732,0.006,0,0,0,0,v
2014-03-22 13:54,6.742,0.003,0,0,0,0,v
2014-03-22 14:00,6.760,0.007,0,0,0,0,v
2014-03-22 14:06,6.776,0.004,0,0,0,0,v
2014-03-22 14:12,6.769,0.006,0,0,0,0,v
2014-03-22 14:18,6.760,0.005,0,0,0,0,v
2014-03-22 14:24,6.750,0.005,0,0,0,0,v
2014-03-22 14:30,6.756,0.005,0,0,0,0,v
2014-03-22 14:36,6.753,0.004,0,0,0,0,v
2014-03-22 14:42,6.748,0.005,0,0,0,0,v
2014-03-22 14:48,6.774,0.002,0,0,0,0,v
2014-03-22 14:54,6.744,0.005,0,0,0,0,v
2014-03-22 15:00,6.747,0.005,0,0,0,0,v
2014-03-22 15:06,6.741,0.004,0,0,0,0,v
2014-03-22 15:12,6.734,0.004,0,0,0,0,v
2014-03-22 15:18,6.726,0.006,0,0,0,0,v
2014-03-22 15:24,6.736,0.005,0,0,0,0,v
2014-03-22 15:30,6.740,0.004,0,0,0,0,v
2014-03-22 15:36,6.736,0.005,0,0,0,0,v
2014-03-22 15:42,6.735,0.005,0,0,0,0,v
2014-03-22 15:48,6.735,0.004,0,0,0,0,v
2014-03-22 15:54,6.745,0.004,0,0,0,0,v
2014-03-22 16:00,6.728,0.003,0,0,0,0,v
2014-03-22 16:06,6.716,0.007,0,0,0,0,v
2014-03-22 16:12,6.709,0.007,0,0,0,0,v
2014-03-22 16:18,6.734,0.005,0,0,0,0,v
2014-03-22 16:24,6.729,0.004,0,0,0,0,v
2014-03-22 16:30,6.742,0.006,0,0,0,0,v
2014-03-22 16:36,6.741,0.005,0,0,0,0,v
2014-03-22 16:42,6.745,0.004,0,0,0,0,v
2014-03-22 16:48,6.737,0.004,0,0,0,0,v
2014-03-22 16:54,6.740,0.005,0,0,0,0,v
2014-03-22 17:00,6.756,0.005,0,0,0,0,v
2014-03-22 17:06,6.763,0.004,0,0,0,0,v
2014-03-22 17:12,6.760,0.006,0,0,0,0,v
2014-03-22 17:18,6.766,0.004,0,0,0,0,v
2014-03-22 17:24,6.754,0.007,0,0,0,0,v
2014-03-22 17:30,6.756,0.006,0,0,0,0,v
2014-03-22 17:36,6.755,0.003,0,0,0,0,v
2014-03-22 17:42,6.747,0.011,0,0,0,0,v
2014-03-22 17:48,6.735,0.005,0,0,0,0,v
2014-03-22 17:54,6.738,0.005,0,0,0,0,v
2014-03-22 18:00,6.724,0.003,0,0,0,0,v
2014-03-22 18:06,6.717,0.007,0,0,0,0,v
2014-03-22 18:12,6.723,0.005,0,0,0,0,v
2014-03-22 18:18,6.731,0.006,0,0,0,0,v
2014-03-22 18:24,6.720,0.006,0,0,0,0,v
2014-03-22 18:30,6.714,0.004,0,0,0,0,v
2014-03-22 18:36,6.716,0.006,0,0,0,0,v
2014-03-22 18:42,6.709,0.006,0,0,0,0,v
2014-03-22 18:48,6.711,0.005,0,0,0,0,v
2014-03-22 18:54,6.721,0.006,0,0,0,0,v
2014-03-22 19:00,6.703,0.004,0,0,0,0,v
2014-03-22 19:06,6.704,0.003,0,0,0,0,v
2014-03-22 19:12,6.700,0.004,0,0,0,0,v
2014-03-22 19:18,6.710,0.005,0,0,0,0,v
2014-03-22 19:24,6.675,0.005,0,0,0,0,v
2014-03-22 19:30,6.668,0.004,0,0,0,0,v
2014-03-22 19:36,6.664,0.004,0,0,0,0,v
2014-03-22 19:42,6.681,0.005,0,0,0,0,v
2014-03-22 19:48,6.674,0.005,0,0,0,0,v
2014-03-22 19:54,6.673,0.006,0,0,0,0,v
2014-03-22 20:00,6.682,0.004,0,0,0,0,v
2014-03-22 20:06,6.699,0.004,0,0,0,0,v
2014-03-22 20:12,6.687,0.005,0,0,0,0,v
2014-03-22 20:18,6.693,0.005,0,0,0,0,v
2014-03-22 20:24,6.690,0.007,0,0,0,0,v
2014-03-22 20:30,6.697,0.005,0,0,0,0,v
2014-03-22 20:36,6.701,0.004,0,0,0,0,v
2014-03-22 20:42,6.691,0.007,0,0,0,0,v
2014-03-22 20:48,6.669,0.004,0,0,0,0,v
2014-03-22 20:54,6.687,0.006,0,0,0,0,v
2014-03-22 21:00,6.665,0.004,0,0,0,0,v
2014-03-22 21:06,6.657,0.008,0,0,0,0,v
2014-03-22 21:12,6.670,0.005,0,0,0,0,v
2014-03-22 21:18,6.680,0.006,0,0,0,0,v
2014-03-22 21:24,6.671,0.004,0,0,0,0,v
2014-03-22 21:30,6.656,0.008,0,0,0,0,v
2014-03-22 21:36,6.659,0.004,0,0,0,0,v
2014-03-22 21:42,6.648,0.005,0,0,0,0,v
2014-03-22 21:48,6.658,0.005,0,0,0,0,v
2014-03-22 21:54,6.666,0.004,0,0,0,0,v
2014-03-22 22:00,6.662,0.011,0,0,0,0,v
2014-03-22 22:06,6.682,0.005,0,0,0,0,v
2014-03-22 22:12,6.687,0.006,0,0,0,0,v
2014-03-22 22:18,6.687,0.008,0,0,0,0,v
2014-03-22 22:24,6.696,0.004,0,0,0,0,v
2014-03-22 22:30,6.676,0.004,0,0,0,0,v
2014-03-22 22:36,6.675,0.006,0,0,0,0,v
2014-03-22 22:42,6.653,0.009,0,0,0,0,v
2014-03-22 22:48,6.661,0.010,0,0,0,0,v
2014-03-22 22:54,6.675,0.005,0,0,0,0,v
2014-03-22 23:00,6.680,0.004,0,0,0,0,v
2014-03-22 23:06,6.689,0.008,0,0,0,0,v
2014-03-22 23:12,6.684,0.008,0,0,0,0,v
2014-03-22 23:18,6.675,0.004,0,0,0,0,v
2014-03-22 23:24,6.656,0.007,0,0,0,0,v
2014-03-22 23:30,6.643,0.005,0,0,0,0,v
2014-03-22 23:36,6.648,0.007,0,0,0,0,v
2014-03-22 23:42,6.652,0.006,0,0,0,0,v
2014-03-22 23:48,6.660,0.006,0,0,0,0,v
2014-03-22 23:54,6.665,0.007,0,0,0,0,v
2014-03-23 00:00,6.632,0.005,0,0,0,0,v
2014-03-23 00:06,6.632,0.006,0,0,0,0,v
2014-03-23 00:12,6.648,0.006,0,0,0,0,v
2014-03-23 00:18,6.613,0.009,0,0,0,0,v
2014-03-23 00:24,6.598,0.005,0,0,0,0,v
2014-03-23 00:30,6.616,0.007,0,0,0,0,v
2014-03-23 00:36,6.592,0.009,0,0,0,0,v
2014-03-23 00:42,6.594,0.006,0,0,0,0,v
2014-03-23 00:48,6.586,0.005,0,0,0,0,v
2014-03-23 00:54,6.560,0.006,0,0,0,0,v
2014-03-23 01:00,6.560,0.005,0,0,0,0,v
2014-03-23 01:06,6.568,0.007,0,0,0,0,v
2014-03-23 01:12,6.559,0.007,0,0,0,0,v
2014-03-23 01:18,6.545,0.006,0,0,0,0,v
2014-03-23 01:24,6.547,0.006,0,0,0,0,v
2014-03-23 01:30,6.546,0.006,0,0,0,0,v
2014-03-23 01:36,6.549,0.007,0,0,0,0,v
2014-03-23 01:42,6.539,0.005,0,0,0,0,v
2014-03-23 01:48,6.543,0.004,0,0,0,0,v
2014-03-23 01:54,6.532,0.005,0,0,0,0,v
2014-03-23 02:00,6.525,0.005,0,0,0,0,v
2014-03-23 02:06,6.514,0.008,0,0,0,0,v
2014-03-23 02:12,6.528,0.005,0,0,0,0,v
2014-03-23 02:18,6.496,0.008,0,0,0,0,v
2014-03-23 02:24,6.494,0.005,0,0,0,0,v
2014-03-23 02:30,6.490,0.006,0,0,0,0,v
2014-03-23 02:36,6.487,0.004,0,0,0,0,v
2014-03-23 02:42,6.469,0.010,0,0,0,0,v
2014-03-23 02:48,6.458,0.005,0,0,0,0,v
2014-03-23 02:54,6.440,0.008,0,0,0,0,v
2014-03-23 03:00,6.446,0.004,0,0,0,0,v
2014-03-23 03:06,6.439,0.008,0,0,0,0,v
2014-03-23 03:12,6.422,0.004,0,0,0,0,v
2014-03-23 03:18,6.431,0.004,0,0,0,0,v
2014-03-23 03:24,6.430,0.006,0,0,0,0,v
2014-03-23 03:30,6.429,0.005,0,0,0,0,v
2014-03-23 03:36,6.430,0.003,0,0,0,0,v
2014-03-23 03:42,6.415,0.006,0,0,0,0,v
2014-03-23 03:48,6.416,0.005,0,0,0,0,v
2014-03-23 03:54,6.400,0.006,0,0,0,0,v
2014-03-23 04:00,6.396,0.007,0,0,0,0,v
2014-03-23 04:06,6.381,0.006,0,0,0,0,v
2014-03-23 04:12,6.376,0.005,0,0,0,0,v
2014-03-23 04:18,6.372,0.006,0,0,0,0,v
2014-03-23 04:24,6.361,0.006,0,0,0,0,v
2014-03-23 04:30,6.366,0.004,0,0,0,0,v
2014-03-23 04:36,6.349,0.005,0,0,0,0,v
2014-03-23 04:42,6.341,0.005,0,0,0,0,v
2014-03-23 04:48,6.335,0.007,0,0,0,0,v
2014-03-23 04:54,6.323,0.005,0,0,0,0,v
2014-03-23 05:00,6.331,0.005,0,0,0,0,v
2014-03-23 05:06,6.315,0.006,0,0,0,0,v
2014-03-23 05:12,6.326,0.006,0,0,0,0,v
2014-03-23 05:18,6.319,0.004,0,0,0,0,v
2014-03-23 05:24,6.312,0.006,0,0,0,0,v
2014-03-23 05:30,6.321,0.005,0,0,0,0,v
2014-03-23 05:36,6.307,0.006,0,0,0,0,v
2014-03-23 05:42,6.295,0.007,0,0,0,0,v
2014-03-23 05:48,6.294,0.006,0,0,0,0,v
2014-03-23 05:54,6.275,0.009,0,0,0,0,v
2014-03-23 06:00,6.267,0.007,0,0,0,0,v
2014-03-23 06:06,6.273,0.006,0,0,0,0,v
2014-03-23 06:12,6.283,0.009,0,0,0,0,v
2014-03-23 06:18,6.275,0.006,0,0,0,0,v
2014-03-23 06:24,6.271,0.006,0,0,0,0,v
2014-03-23 06:30,6.255,0.007,0,0,0,0,v
2014-03-23 06:36,6.252,0.011,0,0,0,0,v
2014-03-23 06:42,6.275,0.004,0,0,0,0,v
2014-03-23 06:48,6.277,0.005,0,0,0,0,v
2014-03-23 06:54,6.294,0.006,0,0,0,0,v
2014-03-23 07:00,6.283,0.009,0,0,0,0,v
2014-03-23 07:06,6.273,0.005,0,0,0,0,v
2014-03-23 07:12,6.281,0.006,0,0,0,0,v
2014-03-23 07:18,6.273,0.007,0,0,0,0,v
2014-03-23 07:24,6.287,0.007,0,0,0,0,v
2014-03-23 07:30,6.267,0.006,0,0,0,0,v
2014-03-23 07:36,6.277,0.007,0,0,0,0,v
2014-03-23 07:42,6.296,0.006,0,0,0,0,v
2014-03-23 07:48,6.301,0.006,0,0,0,0,v
2014-03-23 07:54,6.297,0.005,0,0,0,0,v
2014-03-23 08:00,6.285,0.007,0,0,0,0,v
2014-03-23 08:06,6.301,0.004,0,0,0,0,v
2014-03-23 08:12,6.314,0.006,0,0,0,0,v
2014-03-23 08:18,6.300,0.005,0,0,0,0,v
2014-03-23 08:24,6.288,0.008,0,0,0,0,v
2014-03-23 08:30,6.299,0.006,0,0,0,0,v
2014-03-23 08:36,6.284,0.005,0,0,0,0,v
2014-03-23 08:42,6.291,0.007,0,0,0,0,v
2014-03-23 08:48,6.294,0.005,0,0,0,0,v
2014-03-23 08:54,6.298,0.005,0,0,0,0,v
2014-03-23 09:00,6.286,0.006,0,0,0,0,v
2014-03-23 09:06,6.312,0.009,0,0,0,0,v
2014-03-23 09:12,6.324,0.006,0,0,0,0,v
2014-03-23 09:18,6.355,0.009,0,0,0,0,v
2014-03-23 09:24,6.335,0.006,0,0,0,0,v
2014-03-23 09:30,6.342,0.008,0,0,0,0,v
2014-03-23 09:36,6.363,0.005,0,0,0,0,v
2014-03-23 09:42,6.385,0.006,0,0,0,0,v
2014-03-23 09:48,6.420,0.004,0,0,0,0,v
2014-03-23 09:54,6.418,0.011,0,0,0,0,v
2014-03-23 10:00,6.438,0.007,0,0,0,0,v
2014-03-23 10:06,6.414,0.006,0,0,0,0,v
2014-03-23 10:12,6.429,0.005,0,0,0,0,v
2014-03-23 10:18,6.445,0.005,0,0,0,0,v
2014-03-23 10:24,6.440,0.004,0,0,0,0,v
2014-03-23 10:30,6.448,0.007,0,0,0,0,v
2014-03-23 10:36,6.462,0.006,0,0,0,0,v
2014-03-23 10:42,6.440,0.005,0,0,0,0,v
2014-03-23 10:48,6.468,0.004,0,0,0,0,v
2014-03-23 10:54,6.469,0.004,0,0,0,0,v
2014-03-23 11:00,6.496,0.010,0,0,0,0,v
2014-03-23 11:06,6.504,0.007,0,0,0,0,v
2014-03-23 11:12,6.506,0.008,0,0,0,0,v
2014-03-23 11:18,6.579,0.016,0,0,0,0,v
2014-03-23 11:24,6.606,0.020,0,0,0,0,v
2014-03-23 11:30,6.447,0.012,0,0,0,0,v
2014-03-23 11:36,6.466,0.008,0,0,1,0,v
2014-03-23 11:42,6.542,0.008,0,0,0,0,v
2014-03-23 11:48,6.567,0.009,0,0,0,0,v
2014-03-23 11:54,6.568,0.018,0,0,0,0,v
2014-03-23 12:00,6.608,0.005,0,0,0,0,v
2014-03-23 12:06,6.617,0.005,0,0,0,0,v
2014-03-23 12:12,6.590,0.007,0,0,0,0,v
2014-03-23 12:18,6.601,0.008,0,0,0,0,v
2014-03-23 12:24,6.636,0.015,0,0,0,0,v
2014-03-23 12:30,6.665,0.008,0,0,0,0,v
2014-03-23 12:36,6.686,0.015,0,0,0,0,v
2014-03-23 12:42,6.662,0.009,0,0,0,0,v
2014-03-23 12:48,6.684,0.020,0,0,0,0,v
2014-03-23 12:54,6.687,0.011,0,0,0,0,v
2014-03-23 13:00,6.674,0.006,0,0,0,0,v
2014-03-23 13:06,6.702,0.009,0,0,0,0,v
2014-03-23 13:12,6.674,0.007,0,0,0,0,v
2014-03-23 13:18,6.711,0.016,0,0,0,0,v
2014-03-23 13:24,6.743,0.006,0,0,0,0,v
2014-03-23 13:30,6.710,0.008,0,0,0,0,v
2014-03-23 13:36,6.761,0.006,0,0,0,0,v
2014-03-23 13:42,6.726,0.009,0,0,0,0,v
2014-03-23 13:48,6.696,0.005,0,0,0,0,v
2014-03-23 13:54,6.695,0.006,0,0,0,0,v
2014-03-23 14:00,6.723,0.006,0,0,0,0,v
2014-03-23 14:06,6.705,0.005,0,0,0,0,v
2014-03-23 14:12,6.710,0.006,0,0,0,0,v
2014-03-23 14:18,6.702,0.009,0,0,0,0,v
2014-03-23 14:24,6.715,0.011,0,0,0,0,v
2014-03-23 14:30,6.783,0.029,0,0,0,0,v
2014-03-23 14:36,6.806,0.016,0,0,0,0,v
2014-03-23 14:42,6.750,0.006,0,0,0,0,v
2014-03-23 14:48,6.795,0.007,0,0,0,0,v
2014-03-23 14:54,6.789,0.009,0,0,0,0,v
2014-03-23 15:00,6.783,0.010,0,0,0,0,v
2014-03-23 15:06,6.766,0.007,0,0,0,0,v
2014-03-23 15:12,6.779,0.005,0,0,0,0,v
2014-03-23 15:18,6.786,0.005,0,0,0,0,v
2014-03-23 15:24,6.803,0.007,0,0,0,0,v
2014-03-23 15:30,6.810,0.008,0,0,0,0,v
2014-03-23 15:36,6.789,0.006,0,0,0,0,v
2014-03-23 15:42,6.816,0.007,0,0,0,0,v
2014-03-23 15:48,6.837,0.005,0,0,0,0,v
2014-03-23 15:54,6.850,0.007,0,0,0,0,v
2014-03-23 16:00,6.859,0.009,0,0,0,0,v
2014-03-23 16:06,6.869,0.005,0,0,0,0,v
2014-03-23 16:12,6.865,0.006,0,0,0,0,v
2014-03-23 16:18,6.837,0.008,0,0,0,0,v
2014-03-23 16:24,6.828,0.005,0,0,0,0,v
2014-03-23 16:30,6.824,0.006,0,0,0,0,v
2014-03-23 16:36,6.793,0.005,0,0,0,0,v
2014-03-23 16:42,6.791,0.005,0,0,0,0,v
2014-03-23 16:48,6.778,0.004,0,0,0,0,v
2014-03-23 16:54,6.783,0.006,0,0,0,0,v
2014-03-23 17:00,6.773,0.006,0,0,0,0,v
2014-03-23 17:06,6.781,0.006,0,0,0,0,v
2014-03-23 17:12,6.782,0.008,0,0,0,0,v
2014-03-23 17:18,6.818,0.008,0,0,0,0,v
2014-03-23 17:24,6.803,0.007,0,0,0,0,v
2014-03-23 17:30,6.792,0.007,0,0,0,0,v
2014-03-23 17:36,6.783,0.007,0,0,0,0,v
2014-03-23 17:42,6.752,0.008,0,0,0,0,v
2014-03-23 17:48,6.771,0.007,0,0,0,0,v
2014-03-23 17:54,6.779,0.007,0,0,0,0,v
2014-03-23 18:00,6.733,0.008,0,0,0,0,v
2014-03-23 18:06,6.732,0.007,0,0,0,0,v
2014-03-23 18:12,6.725,0.007,0,0,0,0,v
2014-03-23 18:18,6.712,0.000,0,0,0,0,v
2014-03-23 18:24,6.688,0.007,0,0,0,0,v
2014-03-23 18:30,6.653,0.011,0,0,0,0,v
2014-03-23 18:36,6.665,0.009,0,0,0,0,v
2014-03-23 18:42,6.691,0.010,0,0,0,0,v
2014-03-23 18:48,6.734,0.009,0,0,0,0,v
2014-03-23 18:54,6.700,0.008,0,0,0,0,v
2014-03-23 19:00,6.732,0.008,0,0,0,0,v
2014-03-23 19:06,6.726,0.007,0,0,0,0,v
2014-03-23 19:12,6.737,0.008,0,0,0,0,v
2014-03-23 19:18,6.751,0.010,0,0,0,0,v
2014-03-23 19:24,6.736,0.012,0,0,0,0,v
2014-03-23 19:30,6.727,0.008,0,0,0,0,v
2014-03-23 19:36,6.709,0.014,0,0,0,0,v
2014-03-23 19:42,6.711,0.016,0,0,0,0,v
2014-03-23 19:48,6.723,0.010,0,0,0,0,v
2014-03-23 19:54,6.704,0.006,0,0,0,0,v
2014-03-23 20:00,6.719,0.009,0,0,0,0,v
2014-03-23 20:06,6.711,0.008,0,0,0,0,v
2014-03-23 20:12,6.730,0.007,0,0,0,0,v
2014-03-23 20:18,6.731,0.008,0,0,0,0,v
2014-03-23 20:24,6.727,0.009,0,0,0,0,v
2014-03-23 20:30,6.739,0.006,0,0,0,0,v
2014-03-23 20:36,6.744,0.007,0,0,0,0,v
2014-03-23 20:42,6.728,0.008,0,0,0,0,v
2014-03-23 20:48,6.737,0.013,0,0,0,0,v
2014-03-23 20:54,6.724,0.008,0,0,0,0,v
2014-03-23 21:00,6.736,0.008,0,0,0,0,v
2014-03-23 21:06,6.726,0.007,0,0,0,0,v
2014-03-23 21:12,6.730,0.012,0,0,0,0,v
2014-03-23 21:18,6.724,0.007,0,0,0,0,v
2014-03-23 21:24,6.732,0.007,0,0,0,0,v
2014-03-23 21:30,6.715,0.005,0,0,0,0,v
2014-03-23 21:36,6.744,0.011,0,0,0,0,v
2014-03-23 21:42,6.755,0.008,0,0,0,0,v
2014-03-23 21:48,6.769,0.006,0,0,0,0,v
2014-03-23 21:54,6.757,0.008,0,0,0,0,v
2014-03-23 22:00,6.725,0.008,0,0,0,0,v
2014-03-23 22:06,6.724,0.008,0,0,0,0,v
2014-03-23 22:12,6.714,0.010,0,0,0,0,v
2014-03-23 22:18,6.700,0.008,0,0,0,0,v
2014-03-23 22:24,6.703,0.011,0,0,0,0,v
2014-03-23 22:30,6.710,0.009,0,0,0,0,v
2014-03-23 22:36,6.694,0.009,0,0,0,0,v
2014-03-23 22:42,6.669,0.008,0,0,0,0,v
2014-03-23 22:48,6.669,0.012,0,0,0,0,v
2014-03-23 22:54,6.691,0.006,0,0,0,0,v
2014-03-23 23:00,6.708,0.010,0,0,0,0,v
2014-03-23 23:06,6.717,0.007,0,0,0,0,v
2014-03-23 23:12,6.710,0.008,0,0,0,0,v
2014-03-23 23:18,6.677,0.008,0,0,0,0,v
2014-03-23 23:24,6.675,0.008,0,0,0,0,v
2014-03-23 23:30,6.667,0.008,0,0,0,0,v
2014-03-23 23:36,6.654,0.007,0,0,0,0,v
2014-03-23 23:42,6.662,0.007,0,0,0,0,v
2014-03-23 23:48,6.665,0.010,0,0,0,0,v
2014-03-23 23:54,6.680,0.009,0,0,0,0,v
2014-03-24 00:00,6.676,0.007,0,0,0,0,v
2014-03-24 00:06,6.673,0.006,0,0,0,0,v
2014-03-24 00:12,6.678,0.005,0,0,0,0,v
2014-03-24 00:18,6.637,0.009,0,0,0,0,v
2014-03-24 00:24,6.634,0.007,0,0,0,0,v
2014-03-24 00:30,6.650,0.007,0,0,0,0,v
2014-03-24 00:36,6.624,0.006,0,0,0,0,v
2014-03-24 00:42,6.629,0.008,0,0,0,0,v
2014-03-24 00:48,6.624,0.009,0,0,0,0,v
2014-03-24 00:54,6.656,0.013,0,0,0,0,v
2014-03-24 01:00,6.655,0.010,0,0,0,0,v
2014-03-24 01:06,6.643,0.009,0,0,0,0,v
2014-03-24 01:12,6.640,0.007,0,0,0,0,v
2014-03-24 01:18,6.611,0.009,0,0,0,0,v
2014-03-24 01:24,6.601,0.008,0,0,0,0,v
2014-03-24 01:30,6.578,0.008,0,0,0,0,v
2014-03-24 01:36,6.583,0.008,0,0,0,0,v
2014-03-24 01:42,6.604,0.007,0,0,0,0,v
2014-03-24 01:48,6.596,0.006,0,0,0,0,v
2014-03-24 01:54,6.576,0.007,0,0,0,0,v
2014-03-24 02:00,6.593,0.010,0,0,0,0,v
2014-03-24 02:06,6.593,0.013,0,0,0,0,v
2014-03-24 02:12,6.585,0.014,0,0,0,0,v
2014-03-24 02:18,6.592,0.008,0,0,0,0,v
2014-03-24 02:24,6.590,0.008,0,0,0,0,v
2014-03-24 02:30,6.604,0.007,0,0,0,0,v
2014-03-24 02:36,6.600,0.007,0,0,0,0,v
2014-03-24 02:42,6.569,0.007,0,0,0,0,v
2014-03-24 02:48,6.558,0.009,0,0,0,0,v
2014-03-24 02:54,6.569,0.008,0,0,0,0,v
2014-03-24 03:00,6.561,0.010,0,0,0,0,v
2014-03-24 03:06,6.571,0.010,0,0,0,0,v
2014-03-24 03:12,6.545,0.011,0,0,0,0,v
2014-03-24 03:18,6.527,0.007,0,0,0,0,v
2014-03-24 03:24,6.535,0.008,0,0,0,0,v
2014-03-24 03:30,6.540,0.009,0,0,0,0,v
2014-03-24 03:36,6.546,0.010,0,0,0,0,v
2014-03-24 03:42,6.553,0.008,0,0,0,0,v
2014-03-24 03:48,6.525,0.010,0,0,0,0,v
2014-03-24 03:54,6.518,0.010,0,0,0,0,v
2014-03-24 04:00,6.509,0.008,0,0,0,0,v
2014-03-24 04:06,6.499,0.013,0,0,0,0,v
2014-03-24 04:12,6.494,0.009,0,0,0,0,v
2014-03-24 04:18,6.524,0.009,0,0,0,0,v
2014-03-24 04:24,6.502,0.017,0,0,0,0,v
2014-03-24 04:30,6.486,0.011,0,0,0,0,v
2014-03-24 04:36,6.508,0.013,0,0,0,0,v
2014-03-24 04:42,6.524,0.011,0,0,0,0,v
2014-03-24 04:48,6.512,0.017,0,0,0,0,v
2014-03-24 04:54,6.503,0.020,0,0,0,0,v
2014-03-24 05:00,6.492,0.016,0,0,0,0,v
2014-03-24 05:06,6.473,0.019,0,0,0,0,v
2014-03-24 05:12,6.470,0.023,0,0,0,0,v
2014-03-24 05:18,6.482,0.017,0,0,0,0,v
2014-03-24 05:24,6.455,0.016,0,0,0,0,v
2014-03-24 05:30,6.461,0.021,0,0,0,0,v
2014-03-24 05:36,6.473,0.016,0,0,0,0,v
2014-03-24 05:42,6.434,0.021,0,0,0,0,v
2014-03-24 05:48,6.437,0.018,0,0,0,0,v
2014-03-24 05:54,6.431,0.018,0,0,0,0,v
2014-03-24 06:00,6.414,0.022,0,0,0,0,v
2014-03-24 06:06,6.398,0.024,0,0,0,0,v
2014-03-24 06:12,6.427,0.018,0,0,0,0,v
2014-03-24 06:18,6.415,0.018,0,0,0,0,v
2014-03-24 06:24,6.399,0.021,0,0,0,0,v
2014-03-24 06:30,6.399,0.029,0,0,0,0,v
2014-03-24 06:36,6.365,0.023,0,0,0,0,v
2014-03-24 06:42,6.340,0.024,0,0,0,0,v
2014-03-24 06:48,6.342,0.023,0,0,0,0,v
2014-03-24 06:54,6.399,0.022,0,0,0,0,v
2014-03-24 07:00,6.391,0.025,0,0,0,0,v
2014-03-24 07:06,6.351,0.021,0,0,0,0,v
2014-03-24 07:12,6.336,0.020,0,0,0,0,v
2014-03-24 07:18,6.365,0.020,0,0,0,0,v
2014-03-24 07:24,6.379,0.019,0,0,0,0,v
2014-03-24 07:30,6.352,0.021,0,0,0,0,v
2014-03-24 07:36,6.309,0.022,0,0,0,0,v
2014-03-24 07:42,6.304,0.022,0,0,0,0,v
2014-03-24 07:48,6.275,0.025,0,0,0,0,v
2014-03-24 07:54,6.298,0.022,0,0,0,0,v
2014-03-24 08:00,6.275,0.019,0,0,0,0,v
2014-03-24 08:06,6.272,0.024,0,0,0,0,v
2014-03-24 08:12,6.254,0.018,0,0,0,0,v
2014-03-24 08:18,6.268,0.018,0,0,0,0,v
2014-03-24 08:24,6.279,0.019,0,0,0,0,v
2014-03-24 08:30,6.280,0.014,0,0,0,0,v
2014-03-24 08:36,6.286,0.018,0,0,0,0,v
2014-03-24 08:42,6.307,0.028,0,0,0,0,v
2014-03-24 08:48,6.382,0.026,0,0,0,0,v
2014-03-24 08:54,6.441,0.024,0,0,0,0,v
2014-03-24 09:00,6.378,0.032,0,0,0,0,v
2014-03-24 09:06,6.323,0.035,0,0,0,0,v
2014-03-24 09:12,6.311,0.026,0,0,0,0,v
2014-03-24 09:18,6.299,0.031,0,0,0,0,v
2014-03-24 09:24,6.364,0.032,0,0,0,0,v
2014-03-24 09:30,6.375,0.028,0,0,0,0,v
2014-03-24 09:36,6.331,0.035,0,0,0,0,v
2014-03-24 09:42,6.389,0.034,0,0,0,0,v
2014-03-24 09:48,6.367,0.024,0,0,0,0,v
2014-03-24 09:54,6.394,0.024,0,0,0,0,v
2014-03-24 10:00,6.429,0.025,0,0,0,0,v
2014-03-24 10:06,6.392,0.028,0,0,0,0,v
2014-03-24 10:12,6.400,0.026,0,0,0,0,v
2014-03-24 10:18,6.402,0.022,0,0,0,0,v
2014-03-24 10:24,6.373,0.031,0,0,0,0,v
2014-03-24 10:30,6.440,0.024,0,0,0,0,v
2014-03-24 10:36,6.381,0.028,0,0,0,0,v
2014-03-24 10:42,6.379,0.030,0,0,0,0,v
2014-03-24 10:48,6.464,0.028,0,0,0,0,v
2014-03-24 10:54,6.418,0.028,0,0,0,0,v
2014-03-24 11:00,6.414,0.029,0,0,0,0,v
2014-03-24 11:06,6.383,0.027,0,0,0,0,v
2014-03-24 11:12,6.351,0.040,0,0,0,0,v
2014-03-24 11:18,6.359,0.028,0,0,0,0,v
2014-03-24 11:24,6.375,0.026,0,0,0,0,v
2014-03-24 11:30,6.403,0.026,0,0,0,0,v
2014-03-24 11:36,6.400,0.027,0,0,0,0,v
2014-03-24 11:42,6.484,0.028,0,0,0,0,v
2014-03-24 11:48,6.453,0.032,0,0,0,0,v
2014-03-24 11:54,6.452,0.029,0,0,0,0,v
2014-03-24 12:00,6.468,0.031,0,0,0,0,v
2014-03-24 12:06,6.505,0.018,0,0,0,0,v
2014-03-24 12:12,6.506,0.033,0,0,0,0,v
2014-03-24 12:18,6.591,0.028,0,0,0,0,v
2014-03-24 12:24,6.644,0.024,0,0,0,0,v
2014-03-24 12:30,6.690,0.023,0,0,0,0,v
2014-03-24 12:36,6.676,0.028,0,0,0,0,v
2014-03-24 12:42,6.689,0.031,0,0,0,0,v
2014-03-24 12:48,6.728,0.025,0,0,0,0,v
2014-03-24 12:54,6.739,0.029,0,0,0,0,v
2014-03-24 13:00,6.735,0.029,0,0,0,0,v
2014-03-24 13:06,6.719,0.023,0,0,0,0,v
2014-03-24 13:12,6.664,0.027,0,0,0,0,v
2014-03-24 13:18,6.627,0.027,0,0,0,0,v
2014-03-24 13:24,6.683,0.030,0,0,0,0,v
2014-03-24 13:30,6.714,0.029,0,0,0,0,v
2014-03-24 13:36,6.691,0.025,0,0,0,0,v
2014-03-24 13:42,6.682,0.023,0,0,0,0,v
2014-03-24 13:48,6.629,0.023,0,0,0,0,v
2014-03-24 13:54,6.619,0.027,0,0,0,0,v
2014-03-24 14:00,6.629,0.027,0,0,0,0,v
2014-03-24 14:06,6.671,0.029,0,0,0,0,v
2014-03-24 14:12,6.699,0.024,0,0,0,0,v
2014-03-24 14:18,6.720,0.024,0,0,0,0,v
2014-03-24 14:24,6.770,0.026,0,0,0,0,v
2014-03-24 14:30,6.804,0.026,0,0,0,0,v
2014-03-24 14:36,6.825,0.022,0,0,0,0,v
2014-03-24 14:42,6.840,0.020,0,0,0,0,v
2014-03-24 14:48,6.844,0.024,0,0,0,0,v
2014-03-24 14:54,6.869,0.024,0,0,0,0,v
2014-03-24 15:00,6.853,0.024,0,0,0,0,v
2014-03-24 15:06,6.894,0.025,0,0,0,0,v
2014-03-24 15:12,6.888,0.023,0,0,0,0,v
2014-03-24 15:18,6.889,0.022,0,0,0,0,v
2014-03-24 15:24,6.907,0.031,0,0,0,0,v
2014-03-24 15:30,6.890,0.023,0,0,0,0,v
2014-03-24 15:36,6.869,0.024,0,0,0,0,v
2014-03-24 15:42,6.812,0.022,0,0,0,0,v
2014-03-24 15:48,6.795,0.026,0,0,0,0,v
2014-03-24 15:54,6.845,0.029,0,0,0,0,v
2014-03-24 16:00,6.821,0.023,0,0,0,0,v
2014-03-24 16:06,6.803,0.021,0,0,0,0,v
2014-03-24 16:12,6.763,0.023,0,0,0,0,v
2014-03-24 16:18,6.740,0.030,0,0,0,0,v
2014-03-24 16:24,6.732,0.024,0,0,0,0,v
2014-03-24 16:30,6.757,0.020,0,0,0,0,v
2014-03-24 16:36,6.785,0.021,0,0,0,0,v
2014-03-24 16:42,6.835,0.023,0,0,0,0,v
2014-03-24 16:48,6.841,0.023,0,0,0,0,v
2014-03-24 16:54,6.863,0.026,0,0,0,0,v
2014-03-24 17:00,6.861,0.024,0,0,0,0,v
2014-03-24 17:06,6.859,0.021,0,0,0,0,v
2014-03-24 17:12,6.850,0.025,0,0,0,0,v
2014-03-24 17:18,6.899,0.022,0,0,0,0,v
2014-03-24 17:24,6.882,0.019,0,0,0,0,v
2014-03-24 17:30,6.913,0.019,0,0,0,0,v
2014-03-24 17:36,6.944,0.023,0,0,0,0,v
2014-03-24 17:42,6.936,0.025,0,0,0,0,v
2014-03-24 17:48,6.900,0.022,0,0,0,0,v
2014-03-24 17:54,6.922,0.023,0,0,0,0,v
2014-03-24 18:00,6.895,0.024,0,0,0,0,v
2014-03-24 18:06,6.931,0.022,0,0,0,0,v
2014-03-24 18:12,6.859,0.020,0,0,0,0,v
2014-03-24 18:18,6.871,0.021,0,0,0,0,v
2014-03-24 18:24,6.892,0.021,0,0,0,0,v
2014-03-24 18:30,6.875,0.021,0,0,0,0,v
2014-03-24 18:36,6.854,0.021,0,0,0,0,v
2014-03-24 18:42,6.854,0.022,0,0,0,0,v
2014-03-24 18:48,6.838,0.023,0,0,0,0,v
2014-03-24 18:54,6.820,0.019,0,0,0,0,v
2014-03-24 19:00,6.836,0.024,0,0,0,0,v
2014-03-24 19:06,6.870,0.023,0,0,0,0,v
2014-03-24 19:12,6.849,0.020,0,0,0,0,v
2014-03-24 19:18,6.861,0.028,0,0,0,0,v
2014-03-24 19:24,6.868,0.021,0,0,0,0,v
2014-03-24 19:30,6.894,0.018,0,0,0,0,v
2014-03-24 19:36,6.879,0.020,0,0,0,0,v
2014-03-24 19:42,6.896,0.026,0,0,0,0,v
2014-03-24 19:48,6.857,0.017,0,0,0,0,v
2014-03-24 19:54,6.882,0.015,0,0,0,0,v
2014-03-24 20:00,6.871,0.014,0,0,0,0,v
2014-03-24 20:06,6.890,0.016,0,0,0,0,v
2014-03-24 20:12,6.885,0.018,0,0,0,0,v
2014-03-24 20:18,6.852,0.015,0,0,0,0,v
2014-03-24 20:24,6.874,0.019,0,0,0,0,v
2014-03-24 20:30,6.848,0.018,0,0,0,0,v
2014-03-24 20:36,6.845,0.018,0,0,0,0,v
2014-03-24 20:42,6.799,0.017,0,0,0,0,v
2014-03-24 20:48,6.845,0.019,0,0,0,0,v
2014-03-24 20:54,6.810,0.022,0,0,0,0,v
2014-03-24 21:00,6.850,0.018,0,0,0,0,v
2014-03-24 21:06,6.828,0.017,0,0,0,0,v
2014-03-24 21:12,6.848,0.020,0,0,0,0,v
2014-03-24 21:18,6.878,0.016,0,0,0,0,v
2014-03-24 21:24,6.872,0.019,0,0,0,0,v
2014-03-24 21:30,6.842,0.017,0,0,0,0,v
2014-03-24 21:36,6.857,0.019,0,0,0,0,v
2014-03-24 21:42,6.868,0.016,0,0,0,0,v
2014-03-24 21:48,6.848,0.022,0,0,0,0,v
2014-03-24 21:54,6.865,0.015,0,0,0,0,v
2014-03-24 22:00,6.829,0.016,0,0,0,0,v
2014-03-24 22:06,6.812,0.019,0,0,0,0,v
2014-03-24 22:12,6.812,0.018,0,0,0,0,v
2014-03-24 22:18,6.800,0.017,0,0,0,0,v
2014-03-24 22:24,6.859,0.017,0,0,0,0,v
2014-03-24 22:30,6.842,0.019,0,0,0,0,v
2014-03-24 22:36,6.821,0.020,0,0,0,0,v
2014-03-24 22:42,6.863,0.017,0,0,0,0,v
2014-03-24 22:48,6.867,0.018,0,0,0,0,v
2014-03-24 22:54,6.840,0.019,0,0,0,0,v
2014-03-24 23:00,6.781,0.018,0,0,0,0,v
2014-03-24 23:06,6.797,0.016,0,0,0,0,v
2014-03-24 23:12,6.824,0.015,0,0,0,0,v
2014-03-24 23:18,6.818,0.015,0,0,0,0,v
2014-03-24 23:24,6.833,0.016,0,0,0,0,v
2014-03-24 23:30,6.829,0.017,0,0,0,0,v
2014-03-24 23:36,6.826,0.016,0,0,0,0,v
2014-03-24 23:42,6.797,0.028,0,0,0,0,v
2014-03-24 23:48,6.777,0.017,0,0,0,0,v
2014-03-24 23:54,6.781,0.019,0,0,0,0,v
2014-03-25 00:00,6.822,0.018,0,0,0,0,v
2014-03-25 00:06,6.764,0.023,0,0,0,0,v
2014-03-25 00:12,6.790,0.020,0,0,0,0,v
2014-03-25 00:18,6.862,0.017,0,0,0,0,v
2014-03-25 00:24,6.801,0.020,0,0,0,0,v
2014-03-25 00:30,6.830,0.018,0,0,0,0,v
2014-03-25 00:36,6.835,0.016,0,0,0,0,v
2014-03-25 00:42,6.799,0.018,0,0,0,0,v
2014-03-25 00:48,6.815,0.017,0,0,0,0,v
2014-03-25 00:54,6.812,0.018,0,0,0,0,v
2014-03-25 01:00,6.816,0.017,0,0,0,0,v
2014-03-25 01:06,6.806,0.017,0,0,0,0,v
2014-03-25 01:12,6.815,0.018,0,0,0,0,v
2014-03-25 01:18,6.820,0.021,0,0,0,0,v
2014-03-25 01:24,6.837,0.019,0,0,0,0,v
2014-03-25 01:30,6.803,0.019,0,0,0,0,v
2014-03-25 01:36,6.772,0.014,0,0,0,0,v
2014-03-25 01:42,6.780,0.025,0,0,0,0,v
2014-03-25 01:48,6.801,0.016,0,0,0,0,v
2014-03-25 01:54,6.809,0.015,0,0,0,0,v
2014-03-25 02:00,6.799,0.015,0,0,0,0,v
2014-03-25 02:06,6.805,0.017,0,0,0,0,v
2014-03-25 02:12,6.805,0.015,0,0,0,0,v
2014-03-25 02:18,6.841,0.012,0,0,0,0,v
2014-03-25 02:24,6.823,0.015,0,0,0,0,v
2014-03-25 02:30,6.810,0.016,0,0,0,0,v
2014-03-25 02:36,6.792,0.016,0,0,0,0,v
2014-03-25 02:42,6.799,0.018,0,0,0,0,v
2014-03-25 02:48,6.778,0.016,0,0,0,0,v
2014-03-25 02:54,6.803,0.016,0,0,0,0,v
2014-03-25 03:00,6.805,0.015,0,0,0,0,v
2014-03-25 03:06,6.791,0.018,0,0,0,0,v
2014-03-25 03:12,6.768,0.016,0,0,0,0,v
2014-03-25 03:18,6.751,0.014,0,0,0,0,v
2014-03-25 03:24,6.745,0.015,0,0,0,0,v
2014-03-25 03:30,6.724,0.018,0,0,0,0,v
2014-03-25 03:36,6.744,0.016,0,0,0,0,v
2014-03-25 03:42,6.743,0.016,0,0,0,0,v
2014-03-25 03:48,6.740,0.014,0,0,0,0,v
2014-03-25 03:54,6.746,0.017,0,0,0,0,v
2014-03-25 04:00,6.732,0.015,0,0,0,0,v
2014-03-25 04:06,6.738,0.015,0,0,0,0,v
2014-03-25 04:12,6.740,0.015,0,0,0,0,v
2014-03-25 04:18,6.716,0.019,0,0,0,0,v
2014-03-25 04:24,6.695,0.015,0,0,0,0,v
2014-03-25 04:30,6.686,0.015,0,0,0,0,v
2014-03-25 04:36,6.660,0.018,0,0,0,0,v
2014-03-25 04:42,6.638,0.015,0,0,0,0,v
2014-03-25 04:48,6.656,0.017,0,0,0,0,v
2014-03-25 04:54,6.665,0.016,0,0,0,0,v
2014-03-25 05:00,6.660,0.018,0,0,0,0,v
2014-03-25 05:06,6.632,0.016,0,0,0,0,v
2014-03-25 05:12,6.627,0.014,0,0,0,0,v
2014-03-25 05:18,6.631,0.012,0,0,0,0,v
2014-03-25 05:24,6.588,0.014,0,0,0,0,v
2014-03-25 05:30,6.581,0.013,0,0,0,0,v
2014-03-25 05:36,6.617,0.014,0,0,0,0,v
2014-03-25 05:42,6.602,0.015,0,0,0,0,v
2014-03-25 05:48,6.585,0.013,0,0,0,0,v
2014-03-25 05:54,6.614,0.014,0,0,0,0,v
2014-03-25 06:00,6.590,0.016,0,0,0,0,v
2014-03-25 06:06,6.594,0.015,0,0,0,0,v
2014-03-25 06:12,6.596,0.013,0,0,0,0,v
2014-03-25 06:18,6.585,0.017,0,0,0,0,v
2014-03-25 06:24,6.610,0.015,0,0,0,0,v
2014-03-25 06:30,6.607,0.016,0,0,0,0,v
2014-03-25 06:36,6.560,0.015,0,0,0,0,v
2014-03-25 06:42,6.579,0.015,0,0,0,0,v
2014-03-25 06:48,6.547,0.016,0,0,0,0,v
2014-03-25 06:54,6.545,0.012,0,0,0,0,v
2014-03-25 07:00,6.536,0.013,0,0,0,0,v
2014-03-25 07:06,6.527,0.016,0,0,0,0,v
2014-03-25 07:12,6.485,0.014,0,0,0,0,v
2014-03-25 07:18,6.503,0.014,0,0,0,0,v
2014-03-25 07:24,6.496,0.015,0,0,0,0,v
2014-03-25 07:30,6.507,0.013,0,0,0,0,v
2014-03-25 07:36,6.524,0.016,0,0,0,0,v
2014-03-25 07:42,6.515,0.014,0,0,0,0,v
2014-03-25 07:48,6.492,0.013,0,0,0,0,v
2014-03-25 07:54,6.462,0.013,0,0,0,0,v
2014-03-25 08:00,6.464,0.016,0,0,0,0,v
2014-03-25 08:06,6.489,0.013,0,0,0,0,v
2014-03-25 08:12,6.504,0.016,0,0,0,0,v
2014-03-25 08:18,6.484,0.014,0,0,0,0,v
2014-03-25 08:24,6.450,0.014,0,0,0,0,v
2014-03-25 08:30,6.465,0.016,0,0,0,0,v
2014-03-25 08:36,6.487,0.015,0,0,0,0,v
2014-03-25 08:42,6.477,0.019,0,0,0,0,v
2014-03-25 08:48,6.474,0.016,0,0,0,0,v
2014-03-25 08:54,6.495,0.012,0,0,0,0,v
2014-03-25 09:00,6.475,0.013,0,0,0,0,v
2014-03-25 09:06,6.457,0.015,0,0,0,0,v
2014-03-25 09:12,6.468,0.014,0,0,0,0,v
2014-03-25 09:18,6.440,0.016,0,0,0,0,v
2014-03-25 09:24,6.423,0.018,0,0,0,0,v
2014-03-25 09:30,6.463,0.014,0,0,0,0,v
2014-03-25 09:36,6.461,0.015,0,0,0,0,v
2014-03-25 09:42,6.440,0.015,0,0,0,0,v
2014-03-25 09:48,6.449,0.013,0,0,0,0,v
2014-03-25 09:54,6.438,0.010,0,0,0,0,v
2014-03-25 10:00,6.394,0.018,0,0,0,0,v
2014-03-25 10:06,6.419,0.013,0,0,0,0,v
2014-03-25 10:12,6.418,0.016,0,0,0,0,v
2014-03-25 10:18,6.455,0.016,0,0,0,0,v
2014-03-25 10:24,6.456,0.016,0,0,0,0,v
2014-03-25 10:30,6.484,0.013,0,0,0,0,v
2014-03-25 10:36,6.484,0.017,0,0,0,0,v
2014-03-25 10:42,6.509,0.016,0,0,0,0,v
2014-03-25 10:48,6.520,0.017,0,0,0,0,v
2014-03-25 10:54,6.485,0.018,0,0,0,0,v
2014-03-25 11:00,6.473,0.017,0,0,0,0,v
2014-03-25 11:06,6.520,0.023,0,0,0,0,v
2014-03-25 11:12,6.497,0.020,0,0,0,0,v
2014-03-25 11:18,6.508,0.022,0,0,0,0,v
2014-03-25 11:24,6.512,0.021,0,0,0,0,v
2014-03-25 11:30,6.487,0.025,0,0,0,0,v
2014-03-25 11:36,6.517,0.016,0,0,0,0,v
2014-03-25 11:42,6.490,0.018,0,0,0,0,v
2014-03-25 11:48,6.490,0.023,0,0,0,0,v
2014-03-25 11:54,6.498,0.020,0,0,0,0,v
2014-03-25 12:00,6.522,0.020,0,0,0,0,v
2014-03-25 12:06,6.527,0.018,0,0,0,0,v
2014-03-25 12:12,6.554,0.019,0,0,0,0,v
2014-03-25 12:18,6.503,0.025,0,0,0,0,v
2014-03-25 12:24,6.536,0.027,0,0,0,0,v
2014-03-25 12:30,6.556,0.019,0,0,0,0,v
2014-03-25 12:36,6.563,0.017,0,0,0,0,v
2014-03-25 12:42,6.522,0.012,0,0,0,0,v
2014-03-25 12:48,6.575,0.015,0,0,0,0,v
2014-03-25 12:54,6.556,0.017,0,0,0,0,v
2014-03-25 13:00,6.584,0.018,0,0,0,0,v
2014-03-25 13:06,6.607,0.015,0,0,0,0,v
2014-03-25 13:12,6.619,0.014,0,0,0,0,v
2014-03-25 13:18,6.615,0.013,0,0,0,0,v
2014-03-25 13:24,6.597,0.015,0,0,0,0,v
2014-03-25 13:30,6.618,0.016,0,0,0,0,v
2014-03-25 13:36,6.606,0.016,0,0,0,0,v
2014-03-25 13:42,6.636,0.019,0,0,0,0,v
2014-03-25 13:48,6.648,0.015,0,0,0,0,v
2014-03-25 13:54,6.657,0.015,0,0,0,0,v
2014-03-25 14:00,6.672,0.017,0,0,0,0,v
2014-03-25 14:06,6.693,0.015,0,0,0,0,v
2014-03-25 14:12,6.662,0.015,0,0,0,0,v
2014-03-25 14:18,6.683,0.014,0,0,0,0,v
2014-03-25 14:24,6.702,0.017,0,0,0,0,v
2014-03-25 14:30,6.712,0.019,0,0,0,0,v
2014-03-25 14:36,6.726,0.015,0,0,0,0,v
2014-03-25 14:42,6.742,0.015,0,0,0,0,v
2014-03-25 14:48,6.723,0.014,0,0,0,0,v
2014-03-25 14:54,6.729,0.018,0,0,0,0,v
2014-03-25 15:00,6.732,0.017,0,0,0,0,v
2014-03-25 15:06,6.744,0.015,0,0,0,0,v
2014-03-25 15:12,6.766,0.018,0,0,0,0,v
2014-03-25 15:18,6.721,0.015,0,0,0,0,v
2014-03-25 15:24,6.723,0.018,0,0,0,0,v
2014-03-25 15:30,6.745,0.018,0,0,0,0,v
2014-03-25 15:36,6.776,0.023,0,0,0,0,v
2014-03-25 15:42,6.812,0.025,0,0,0,0,v
2014-03-25 15:48,6.786,0.025,0,0,0,0,v
2014-03-25 15:54,6.775,0.022,0,0,0,0,v
2014-03-25 16:00,6.810,0.028,0,0,0,0,v
2014-03-25 16:06,6.780,0.021,0,0,0,0,v
2014-03-25 16:12,6.812,0.023,0,0,0,0,v
2014-03-25 16:18,6.803,0.020,0,0,0,0,v
2014-03-25 16:24,6.798,0.022,0,0,0,0,v
2014-03-25 16:30,6.813,0.026,0,0,0,0,v
2014-03-25 16:36,6.829,0.030,0,0,0,0,v
2014-03-25 16:42,6.784,0.023,0,0,0,0,v
2014-03-25 16:48,6.858,0.024,0,0,0,0,v
2014-03-25 16:54,6.891,0.028,0,0,0,0,v
2014-03-25 17:00,6.823,0.025,0,0,0,0,v
2014-03-25 17:06,6.837,0.021,0,0,0,0,v
2014-03-25 17:12,6.860,0.023,0,0,0,0,v
2014-03-25 17:18,6.808,0.032,0,0,0,0,v
2014-03-25 17:24,6.825,0.025,0,0,0,0,v
2014-03-25 17:30,6.863,0.032,0,0,0,0,v
2014-03-25 17:36,6.849,0.029,0,0,0,0,v
2014-03-25 17:42,6.857,0.023,0,0,0,0,v
2014-03-25 17:48,6.855,0.020,0,0,0,0,v
2014-03-25 17:54,6.864,0.031,0,0,0,0,v
2014-03-25 18:00,6.878,0.022,0,0,0,0,v
2014-03-25 18:06,6.871,0.027,0,0,0,0,v
2014-03-25 18:12,6.849,0.022,0,0,0,0,v
2014-03-25 18:18,6.871,0.022,0,0,0,0,v
2014-03-25 18:24,6.880,0.026,0,0,0,0,v
2014-03-25 18:30,6.870,0.021,0,0,0,0,v
2014-03-25 18:36,6.886,0.024,0,0,0,0,v
2014-03-25 18:42,6.874,0.025,0,0,0,0,v
2014-03-25 18:48,6.838,0.024,0,0,0,0,v
2014-03-25 18:54,6.850,0.023,0,0,0,0,v
2014-03-25 19:00,6.857,0.021,0,0,0,0,v
2014-03-25 19:06,6.834,0.027,0,0,0,0,v
2014-03-25 19:12,6.820,0.024,0,0,0,0,v
2014-03-25 19:18,6.835,0.028,0,0,0,0,v
2014-03-25 19:24,6.839,0.023,0,0,0,0,v
2014-03-25 19:30,6.808,0.025,0,0,0,0,v
2014-03-25 19:36,6.819,0.026,0,0,0,0,v
2014-03-25 19:42,6.869,0.020,0,0,0,0,v
2014-03-25 19:48,6.867,0.027,0,0,0,0,v
2014-03-25 19:54,6.884,0.026,0,0,0,0,v
2014-03-25 20:00,6.843,0.029,0,0,0,0,v
2014-03-25 20:06,6.827,0.024,0,0,0,0,v
2014-03-25 20:12,6.861,0.025,0,0,0,0,v
2014-03-25 20:18,6.821,0.025,0,0,0,0,v
2014-03-25 20:24,6.844,0.024,0,0,0,0,v
2014-03-25 20:30,6.814,0.030,0,0,0,0,v
2014-03-25 20:36,6.814,0.030,0,0,0,0,v
2014-03-25 20:42,6.805,0.026,0,0,0,0,v
2014-03-25 20:48,6.821,0.023,0,0,0,0,v
2014-03-25 20:54,6.819,0.024,0,0,0,0,v
2014-03-25 21:00,6.825,0.027,0,0,0,0,v
2014-03-25 21:06,6.786,0.022,0,0,0,0,v
2014-03-25 21:12,6.822,0.024,0,0,0,0,v
2014-03-25 21:18,6.826,0.023,0,0,0,0,v
2014-03-25 21:24,6.816,0.023,0,0,0,0,v
2014-03-25 21:30,6.774,0.028,0,0,0,0,v
2014-03-25 21:36,6.778,0.024,0,0,0,0,v
2014-03-25 21:42,6.774,0.019,0,0,0,0,v
2014-03-25 21:48,6.776,0.024,0,0,0,0,v
2014-03-25 21:54,6.791,0.020,0,0,0,0,v
2014-03-25 22:00,6.822,0.024,0,0,0,0,v
2014-03-25 22:06,6.791,0.023,0,0,0,0,v
2014-03-25 22:12,6.797,0.025,0,0,0,0,v
2014-03-25 22:18,6.814,0.021,0,0,0,0,v
2014-03-25 22:24,6.788,0.020,0,0,0,0,v
2014-03-25 22:30,6.794,0.027,0,0,0,0,v
2014-03-25 22:36,6.773,0.021,0,0,0,0,v
2014-03-25 22:42,6.814,0.024,0,0,0,0,v
2014-03-25 22:48,6.826,0.024,0,0,0,0,v
2014-03-25 22:54,6.807,0.031,0,0,0,0,v
2014-03-25 23:00,6.794,0.022,0,0,0,0,v
2014-03-25 23:06,6.786,0.026,0,0,0,0,v
2014-03-25 23:12,6.798,0.023,0,0,0,0,v
2014-03-25 23:18,6.820,0.035,0,0,0,0,v
2014-03-25 23:24,6.744,0.028,0,0,0,0,v
2014-03-25 23:30,6.752,0.034,0,0,0,0,v
2014-03-25 23:36,6.750,0.031,0,0,0,0,v
2014-03-25 23:42,6.759,0.031,0,0,0,0,v
2014-03-25 23:48,6.751,0.029,0,0,0,0,v
2014-03-25 23:54,6.740,0.032,0,0,0,0,v
2014-03-26 00:00,6.717,0.028,0,0,0,0,v
2014-03-26 00:06,6.719,0.029,0,0,0,0,v
2014-03-26 00:12,6.706,0.026,0,0,0,0,v
2014-03-26 00:18,6.740,0.028,0,0,0,0,v
2014-03-26 00:24,6.740,0.027,0,0,0,0,v
2014-03-26 00:30,6.718,0.034,0,0,0,0,v
2014-03-26 00:36,6.757,0.030,0,0,0,0,v
2014-03-26 00:42,6.730,0.036,0,0,0,0,v
2014-03-26 00:48,6.716,0.025,0,0,0,0,v
2014-03-26 00:54,6.729,0.030,0,0,0,0,v
2014-03-26 01:00,6.720,0.030,0,0,0,0,v
2014-03-26 01:06,6.752,0.028,0,0,0,0,v
2014-03-26 01:12,6.759,0.031,0,0,0,0,v
2014-03-26 01:18,6.771,0.036,0,0,0,0,v
2014-03-26 01:24,6.738,0.026,0,0,0,0,v
2014-03-26 01:30,6.754,0.032,0,0,0,0,v
2014-03-26 01:36,6.754,0.033,0,0,0,0,v
2014-03-26 01:42,6.776,0.029,0,0,0,0,v
2014-03-26 01:48,6.785,0.030,0,0,0,0,v
2014-03-26 01:54,6.794,0.026,0,0,0,0,v
2014-03-26 02:00,6.773,0.031,0,0,0,0,v
2014-03-26 02:06,6.767,0.032,0,0,0,0,v
2014-03-26 02:12,6.782,0.025,0,0,0,0,v
2014-03-26 02:18,6.783,0.028,0,0,0,0,v
2014-03-26 02:24,6.764,0.030,0,0,0,0,v
2014-03-26 02:30,6.763,0.035,0,0,0,0,v
2014-03-26 02:36,6.783,0.036,0,0,0,0,v
2014-03-26 02:42,6.793,0.027,0,0,0,0,v
2014-03-26 02:48,6.777,0.035,0,0,0,0,v
2014-03-26 02:54,6.793,0.031,0,0,0,0,v
2014-03-26 03:00,6.746,0.031,0,0,0,0,v
2014-03-26 03:06,6.773,0.031,0,0,0,0,v
2014-03-26 03:12,6.734,0.032,0,0,0,0,v
2014-03-26 03:18,6.742,0.034,0,0,0,0,v
2014-03-26 03:24,6.738,0.029,0,0,0,0,v
2014-03-26 03:30,6.735,0.034,0,0,0,0,v
2014-03-26 03:36,6.738,0.032,0,0,0,0,v
2014-03-26 03:42,6.738,0.037,0,0,0,0,v
2014-03-26 03:48,6.741,0.038,0,0,0,0,v
2014-03-26 03:54,6.720,0.034,0,0,0,0,v
2014-03-26 04:00,6.743,0.030,0,0,0,0,v
2014-03-26 04:06,6.735,0.034,0,0,0,0,v
2014-03-26 04:12,6.736,0.044,0,0,0,0,v
2014-03-26 04:18,6.733,0.040,0,0,0,0,v
2014-03-26 04:24,6.745,0.031,0,0,0,0,v
2014-03-26 04:30,6.750,0.035,0,0,0,0,v
2014-03-26 04:36,6.734,0.035,0,0,0,0,v
2014-03-26 04:42,6.738,0.041,0,0,0,0,v
2014-03-26 04:48,6.729,0.039,0,0,0,0,v
2014-03-26 04:54,6.743,0.031,0,0,0,0,v
2014-03-26 05:00,6.717,0.030,0,0,0,0,v
2014-03-26 05:06,6.708,0.029,0,0,0,0,v
2014-03-26 05:12,6.710,0.026,0,0,0,0,v
2014-03-26 05:18,6.697,0.032,0,0,0,0,v
2014-03-26 05:24,6.700,0.034,0,0,0,0,v
2014-03-26 05:30,6.675,0.034,0,0,0,0,v
2014-03-26 05:36,6.688,0.032,0,0,0,0,v
2014-03-26 05:42,6.710,0.030,0,0,0,0,v
2014-03-26 05:48,6.715,0.035,0,0,0,0,v
2014-03-26 05:54,6.721,0.035,0,0,0,0,v
2014-03-26 06:00,6.709,0.039,0,0,0,0,v
2014-03-26 06:06,6.701,0.033,0,0,0,0,v
2014-03-26 06:12,6.686,0.036,0,0,0,0,v
2014-03-26 06:18,6.679,0.047,0,0,0,0,v
2014-03-26 06:24,6.667,0.040,0,0,0,0,v
2014-03-26 06:30,6.654,0.032,0,0,0,0,v
2014-03-26 06:36,6.671,0.033,0,0,0,0,v
2014-03-26 06:42,6.654,0.032,0,0,0,0,v
2014-03-26 06:48,6.621,0.037,0,0,0,0,v
2014-03-26 06:54,6.622,0.038,0,0,0,0,v
2014-03-26 07:00,6.610,0.047,0,0,0,0,v
2014-03-26 07:06,6.626,0.034,0,0,0,0,v
2014-03-26 07:12,6.600,0.037,0,0,0,0,v
2014-03-26 07:18,6.615,0.035,0,0,0,0,v
2014-03-26 07:24,6.583,0.036,0,0,0,0,v
2014-03-26 07:30,6.581,0.034,0,0,0,0,v
2014-03-26 07:36,6.561,0.044,0,0,0,0,v
2014-03-26 07:42,6.548,0.033,0,0,0,0,v
2014-03-26 07:48,6.551,0.033,0,0,0,0,v
2014-03-26 07:54,6.528,0.036,0,0,0,0,v
2014-03-26 08:00,6.499,0.036,0,0,0,0,v
2014-03-26 08:06,6.491,0.031,0,0,0,0,v
2014-03-26 08:12,6.498,0.030,0,0,0,0,v
2014-03-26 08:18,6.497,0.042,0,0,0,0,v
2014-03-26 08:24,6.475,0.039,0,0,0,0,v
2014-03-26 08:30,6.478,0.034,0,0,0,0,v
2014-03-26 08:36,6.440,0.031,0,0,0,0,v
2014-03-26 08:42,6.457,0.034,0,0,0,0,v
2014-03-26 08:48,6.428,0.038,0,0,0,0,v
2014-03-26 08:54,6.445,0.033,0,0,0,0,v
2014-03-26 09:00,6.431,0.041,0,0,0,0,v
2014-03-26 09:06,6.432,0.029,0,0,0,0,v
2014-03-26 09:12,6.437,0.035,0,0,0,0,v
2014-03-26 09:18,6.422,0.037,0,0,0,0,v
2014-03-26 09:24,6.435,0.027,0,0,0,0,v
2014-03-26 09:30,6.429,0.032,0,0,0,0,v
2014-03-26 09:36,6.414,0.033,0,0,0,0,v
2014-03-26 09:42,6.427,0.040,0,0,0,0,v
2014-03-26 09:48,6.444,0.032,0,0,0,0,v
2014-03-26 09:54,6.456,0.039,0,0,0,0,v
2014-03-26 10:00,6.444,0.028,0,0,0,0,v
2014-03-26 10:06,6.434,0.038,0,0,0,0,v
2014-03-26 10:12,6.423,0.034,0,0,0,0,v
2014-03-26 10:18,6.448,0.039,0,0,0,0,v
2014-03-26 10:24,6.424,0.031,0,0,0,0,v
2014-03-26 10:30,6.423,0.034,0,0,0,0,v
2014-03-26 10:36,6.462,0.030,0,0,0,0,v
2014-03-26 10:42,6.452,0.034,0,0,0,0,v
2014-03-26 10:48,6.432,0.030,0,0,0,0,v
2014-03-26 10:54,6.454,0.038,0,0,0,0,v
2014-03-26 11:00,6.526,0.029,0,0,0,0,v
2014-03-26 11:06,6.451,0.040,0,0,0,0,v
2014-03-26 11:12,6.477,0.033,0,0,0,0,v
2014-03-26 11:18,6.481,0.033,0,0,0,0,v
2014-03-26 11:24,6.486,0.033,0,0,0,0,v
2014-03-26 11:30,6.454,0.037,0,0,0,0,v
2014-03-26 11:36,6.472,0.036,0,0,0,0,v
2014-03-26 11:42,6.521,0.029,0,0,0,0,v
2014-03-26 11:48,6.529,0.029,0,0,0,0,v
2014-03-26 11:54,6.542,0.038,0,0,0,0,v
2014-03-26 12:00,6.525,0.028,0,0,0,0,v
2014-03-26 12:06,6.544,0.030,0,0,0,0,v
2014-03-26 12:12,6.499,0.033,0,0,0,0,v
2014-03-26 12:18,6.530,0.039,0,0,0,0,v
2014-03-26 12:24,6.542,0.027,0,0,0,0,v
2014-03-26 12:30,6.528,0.033,0,0,0,0,v
2014-03-26 12:36,6.570,0.034,0,0,0,0,v
2014-03-26 12:42,6.540,0.050,0,0,0,0,v
2014-03-26 12:48,6.562,0.042,0,0,0,0,v
2014-03-26 12:54,6.548,0.043,0,0,0,0,v
2014-03-26 13:00,6.615,0.035,0,0,0,0,v
2014-03-26 13:06,6.619,0.038,0,0,0,0,v
2014-03-26 13:12,6.614,0.042,0,0,0,0,v
2014-03-26 13:18,6.638,0.045,0,0,0,0,v
2014-03-26 13:24,6.647,0.047,0,0,0,0,v
2014-03-26 13:30,6.650,0.042,0,0,0,0,v
2014-03-26 13:36,6.680,0.037,0,0,0,0,v
2014-03-26 13:42,6.661,0.040,0,0,0,0,v
2014-03-26 13:48,6.705,0.040,0,0,0,0,v
2014-03-26 13:54,6.678,0.044,0,0,0,0,v
2014-03-26 14:00,6.711,0.043,0,0,0,0,v
2014-03-26 14:06,6.693,0.034,0,0,0,0,v
2014-03-26 14:12,6.664,0.037,0,0,0,0,v
2014-03-26 14:18,6.672,0.039,0,0,0,0,v
2014-03-26 14:24,6.702,0.042,0,0,0,0,v
2014-03-26 14:30,6.733,0.038,0,0,0,0,v
2014-03-26 14:36,6.713,0.038,0,0,0,0,v
2014-03-26 14:42,6.820,0.039,0,0,0,0,v
2014-03-26 14:48,6.783,0.033,0,0,1,0,v
2014-03-26 14:54,6.815,0.048,0,0,0,0,v
2014-03-26 15:00,6.797,0.038,0,0,0,0,v
2014-03-26 15:06,6.793,0.051,0,0,0,0,v
2014-03-26 15:12,6.796,0.037,0,0,0,0,v
2014-03-26 15:18,6.837,0.041,0,0,0,0,v
2014-03-26 15:24,6.875,0.036,0,0,0,0,v
2014-03-26 15:30,6.881,0.039,0,0,0,0,v
2014-03-26 15:36,6.955,0.038,0,0,0,0,v
2014-03-26 15:42,6.913,0.040,0,0,0,0,v
2014-03-26 15:48,6.947,0.038,0,0,0,0,v
2014-03-26 15:54,6.927,0.053,0,0,0,0,v
2014-03-26 16:00,6.925,0.040,0,0,0,0,v
2014-03-26 16:06,6.966,0.034,0,0,0,0,v
2014-03-26 16:12,6.954,0.039,0,0,0,0,v
2014-03-26 16:18,6.953,0.044,0,0,0,0,v
2014-03-26 16:24,6.998,0.036,0,0,0,0,v
2014-03-26 16:30,6.996,0.035,0,0,0,0,v
2014-03-26 16:36,6.974,0.040,0,0,0,0,v
2014-03-26 16:42,7.002,0.039,0,0,0,0,v
2014-03-26 16:48,6.991,0.030,0,0,0,0,v
2014-03-26 16:54,6.970,0.035,0,0,0,0,v
2014-03-26 17:00,7.011,0.044,0,0,0,0,v
2014-03-26 17:06,6.971,0.034,0,0,0,0,v
2014-03-26 17:12,6.996,0.032,0,0,0,0,v
2014-03-26 17:18,7.015,0.044,0,0,0,0,v
2014-03-26 17:24,7.040,0.035,0,0,0,0,v
2014-03-26 17:30,7.011,0.036,0,0,0,0,v
2014-03-26 17:36,7.016,0.034,0,0,0,0,v
2014-03-26 17:42,7.011,0.036,0,0,0,0,v
2014-03-26 17:48,7.017,0.046,0,0,0,0,v
2014-03-26 17:54,6.993,0.044,0,0,0,0,v
2014-03-26 18:00,6.995,0.041,0,0,0,0,v
2014-03-26 18:06,6.991,0.039,0,0,0,0,v
2014-03-26 18:12,6.980,0.039,0,0,0,0,v
2014-03-26 18:18,6.994,0.034,0,0,0,0,v
2014-03-26 18:24,7.000,0.036,0,0,0,0,v
2014-03-26 18:30,6.997,0.035,0,0,0,0,v
2014-03-26 18:36,6.995,0.036,0,0,0,0,v
2014-03-26 18:42,6.956,0.045,0,0,0,0,v
2014-03-26 18:48,7.019,0.048,0,0,0,0,v
2014-03-26 18:54,6.976,0.052,0,0,0,0,v
2014-03-26 19:00,6.958,0.046,0,0,0,0,v
2014-03-26 19:06,6.988,0.046,0,0,0,0,v
2014-03-26 19:12,7.001,0.047,0,0,0,0,v
2014-03-26 19:18,6.966,0.047,0,0,0,0,v
2014-03-26 19:24,6.957,0.044,0,0,0,0,v
2014-03-26 19:30,6.926,0.040,0,0,0,0,v
2014-03-26 19:36,6.915,0.038,0,0,0,0,v
2014-03-26 19:42,6.934,0.043,0,0,0,0,v
2014-03-26 19:48,6.951,0.043,0,0,0,0,v
2014-03-26 19:54,6.960,0.051,0,0,0,0,v
2014-03-26 20:00,6.960,0.046,0,0,0,0,v
2014-03-26 20:06,6.940,0.054,0,0,0,0,v
2014-03-26 20:12,6.960,0.062,0,0,0,0,v
2014-03-26 20:18,6.974,0.055,0,0,0,0,v
2014-03-26 20:24,6.937,0.044,0,0,0,0,v
2014-03-26 20:30,6.975,0.051,0,0,0,0,v
2014-03-26 20:36,6.949,0.048,0,0,0,0,v
2014-03-26 20:42,6.971,0.042,0,0,0,0,v
2014-03-26 20:48,6.986,0.043,0,0,0,0,v
2014-03-26 20:54,6.985,0.046,0,0,0,0,v
2014-03-26 21:00,6.969,0.052,0,0,0,0,v
2014-03-26 21:06,6.966,0.049,0,0,0,0,v
2014-03-26 21:12,6.972,0.043,0,0,0,0,v
2014-03-26 21:18,6.957,0.043,0,0,0,0,v
2014-03-26 21:24,6.964,0.047,0,0,0,0,v
2014-03-26 21:30,6.928,0.052,0,0,0,0,v
2014-03-26 21:36,6.928,0.051,0,0,0,0,v
2014-03-26 21:42,6.922,0.051,0,0,0,0,v
2014-03-26 21:48,6.910,0.056,0,0,0,0,v
2014-03-26 21:54,6.909,0.057,0,0,0,0,v
2014-03-26 22:00,6.892,0.043,0,0,0,0,v
2014-03-26 22:06,6.879,0.046,0,0,0,0,v
2014-03-26 22:12,6.887,0.052,0,0,0,0,v
2014-03-26 22:18,6.905,0.053,0,0,0,0,v
2014-03-26 22:24,6.887,0.061,0,0,0,0,v
2014-03-26 22:30,6.914,0.049,0,0,0,0,v
2014-03-26 22:36,6.905,0.058,0,0,0,0,v
2014-03-26 22:42,6.909,0.050,0,0,0,0,v
2014-03-26 22:48,6.896,0.042,0,0,0,0,v
2014-03-26 22:54,6.910,0.051,0,0,0,0,v
2014-03-26 23:00,6.865,0.059,0,0,0,0,v
2014-03-26 23:06,6.872,0.046,0,0,0,0,v
2014-03-26 23:12,6.843,0.046,0,0,0,0,v
2014-03-26 23:18,6.847,0.045,0,0,0,0,v
2014-03-26 23:24,6.860,0.044,0,0,0,0,v
2014-03-26 23:30,6.878,0.051,0,0,0,0,v
2014-03-26 23:36,6.863,0.054,0,0,0,0,v
2014-03-26 23:42,6.879,0.045,0,0,0,0,v
2014-03-26 23:48,6.870,0.049,0,0,0,0,v
2014-03-26 23:54,6.872,0.054,0,0,0,0,v
2014-03-27 00:00,6.903,0.057,0,0,0,0,v
2014-03-27 00:06,6.879,0.048,0,0,0,0,v
2014-03-27 00:12,6.891,0.053,0,0,0,0,v
2014-03-27 00:18,6.919,0.056,0,0,0,0,v
2014-03-27 00:24,6.899,0.049,0,0,0,0,v
2014-03-27 00:30,6.882,0.044,0,0,0,0,v
2014-03-27 00:36,6.886,0.056,0,0,0,0,v
2014-03-27 00:42,6.877,0.058,0,0,0,0,v
2014-03-27 00:48,6.894,0.051,0,0,0,0,v
2014-03-27 00:54,6.906,0.050,0,0,0,0,v
2014-03-27 01:00,6.870,0.051,0,0,0,0,v
2014-03-27 01:06,6.897,0.047,0,0,0,0,v
2014-03-27 01:12,6.921,0.052,0,0,0,0,v
2014-03-27 01:18,6.932,0.044,0,0,0,0,v
2014-03-27 01:24,6.953,0.047,0,0,0,0,v
2014-03-27 01:30,6.945,0.045,0,0,0,0,v
2014-03-27 01:36,6.953,0.042,0,0,0,0,v
2014-03-27 01:42,6.925,0.046,0,0,0,0,v
2014-03-27 01:48,6.948,0.046,0,0,0,0,v
2014-03-27 01:54,6.965,0.047,0,0,0,0,v
2014-03-27 02:00,6.965,0.047,0,0,0,0,v
2014-03-27 02:06,6.987,0.051,0,0,0,0,v
2014-03-27 02:12,6.968,0.043,0,0,0,0,v
2014-03-27 02:18,6.951,0.046,0,0,0,0,v
2014-03-27 02:24,6.932,0.040,0,0,0,0,v
2014-03-27 02:30,6.933,0.044,0,0,0,0,v
2014-03-27 02:36,6.916,0.040,0,0,0,0,v
2014-03-27 02:42,6.925,0.047,0,0,0,0,v
2014-03-27 02:48,6.940,0.052,0,0,0,0,v
2014-03-27 02:54,6.923,0.050,0,0,0,0,v
2014-03-27 03:00,6.936,0.039,0,0,0,0,v
2014-03-27 03:06,6.936,0.044,0,0,0,0,v
2014-03-27 03:12,6.919,0.046,0,0,0,0,v
2014-03-27 03:18,6.926,0.064,0,0,0,0,v
2014-03-27 03:24,6.907,0.050,0,0,0,0,v
2014-03-27 03:30,6.936,0.042,0,0,0,0,v
2014-03-27 03:36,6.940,0.047,0,0,0,0,v
2014-03-27 03:42,6.966,0.046,0,0,0,0,v
2014-03-27 03:48,6.988,0.050,0,0,0,0,v
2014-03-27 03:54,6.962,0.050,0,0,0,0,v
2014-03-27 04:00,6.948,0.047,0,0,0,0,v
2014-03-27 04:06,6.936,0.056,0,0,0,0,v
2014-03-27 04:12,6.957,0.044,0,0,0,0,v
2014-03-27 04:18,6.953,0.053,0,0,0,0,v
2014-03-27 04:24,6.948,0.056,0,0,0,0,v
2014-03-27 04:30,6.945,0.044,0,0,0,0,v
2014-03-27 04:36,6.927,0.041,0,0,0,0,v
2014-03-27 04:42,6.907,0.047,0,0,0,0,v
2014-03-27 04:48,6.902,0.054,0,0,0,0,v
2014-03-27 04:54,6.937,0.043,0,0,0,0,v
2014-03-27 05:00,6.945,0.045,0,0,0,0,v
2014-03-27 05:06,6.944,0.046,0,0,0,0,v
2014-03-27 05:12,6.935,0.050,0,0,0,0,v
2014-03-27 05:18,6.939,0.047,0,0,0,0,v
2014-03-27 05:24,6.943,0.051,0,0,0,0,v
2014-03-27 05:30,6.949,0.047,0,0,0,0,v
2014-03-27 05:36,6.990,0.052,0,0,0,0,v
2014-03-27 05:42,6.970,0.044,0,0,0,0,v
2014-03-27 05:48,6.965,0.057,0,0,0,0,v
2014-03-27 05:54,6.965,0.062,0,0,0,0,v
2014-03-27 06:00,6.971,0.062,0,0,0,0,v
2014-03-27 06:06,6.965,0.055,0,0,0,0,v
2014-03-27 06:12,6.956,0.041,0,0,0,0,v
2014-03-27 06:18,6.943,0.051,0,0,0,0,v
2014-03-27 06:24,6.901,0.047,0,0,0,0,v
2014-03-27 06:30,6.923,0.045,0,0,0,0,v
2014-03-27 06:36,6.919,0.052,0,0,0,0,v
2014-03-27 06:42,6.872,0.043,0,0,0,0,v
2014-03-27 06:48,6.872,0.046,0,0,0,0,v
2014-03-27 06:54,6.861,0.049,0,0,0,0,v
2014-03-27 07:00,6.826,0.047,0,0,0,0,v
2014-03-27 07:06,6.831,0.044,0,0,0,0,v
2014-03-27 07:12,6.872,0.042,0,0,0,0,v
2014-03-27 07:18,6.840,0.058,0,0,0,0,v
2014-03-27 07:24,6.840,0.052,0,0,0,0,v
2014-03-27 07:30,6.793,0.056,0,0,0,0,v
2014-03-27 07:36,6.801,0.067,0,0,0,0,v
2014-03-27 07:42,6.814,0.050,0,0,0,0,v
2014-03-27 07:48,6.810,0.057,0,0,0,0,v
2014-03-27 07:54,6.782,0.052,0,0,0,0,v
2014-03-27 08:00,6.814,0.059,0,0,0,0,v
2014-03-27 08:06,6.788,0.062,0,0,0,0,v
2014-03-27 08:12,6.763,0.050,0,0,0,0,v
2014-03-27 08:18,6.758,0.053,0,0,0,0,v
2014-03-27 08:24,6.729,0.046,0,0,0,0,v
2014-03-27 08:30,6.743,0.053,0,0,0,0,v
2014-03-27 08:36,6.753,0.058,0,0,0,0,v
2014-03-27 08:42,6.752,0.049,0,0,0,0,v
2014-03-27 08:48,6.733,0.049,0,0,0,0,v
2014-03-27 08:54,6.739,0.059,0,0,0,0,v
2014-03-27 09:00,6.760,0.051,0,0,0,0,v
2014-03-27 09:06,6.768,0.042,0,0,0,0,v
2014-03-27 09:12,6.713,0.052,0,0,0,0,v
2014-03-27 09:18,6.726,0.044,0,0,0,0,v
2014-03-27 09:24,6.739,0.053,0,0,0,0,v
2014-03-27 09:30,6.683,0.051,0,0,0,0,v
2014-03-27 09:36,6.665,0.044,0,0,0,0,v
2014-03-27 09:42,6.701,0.047,0,0,0,0,v
2014-03-27 09:48,6.671,0.062,0,0,0,0,v
2014-03-27 09:54,6.684,0.052,0,0,0,0,v
2014-03-27 10:00,6.669,0.049,0,0,0,0,v
2014-03-27 10:06,6.671,0.052,0,0,0,0,v
2014-03-27 10:12,6.654,0.039,0,0,0,0,v
2014-03-27 10:18,6.635,0.051,0,0,0,0,v
2014-03-27 10:24,6.655,0.068,0,0,0,0,v
2014-03-27 10:30,6.655,0.052,0,0,0,0,v
2014-03-27 10:36,6.629,0.052,0,0,0,0,v
2014-03-27 10:42,6.614,0.050,0,0,0,0,v
2014-03-27 10:48,6.675,0.051,0,0,0,0,v
2014-03-27 10:54,6.646,0.052,0,0,0,0,v
2014-03-27 11:00,6.660,0.045,0,0,0,0,v
2014-03-27 11:06,6.645,0.039,0,0,0,0,v
2014-03-27 11:12,6.662,0.046,0,0,0,0,v
2014-03-27 11:18,6.658,0.050,0,0,0,0,v
2014-03-27 11:24,6.642,0.046,0,0,0,0,v
2014-03-27 11:30,6.707,0.044,0,0,0,0,v
2014-03-27 11:36,6.647,0.049,0,0,0,0,v
2014-03-27 11:42,6.671,0.056,0,0,0,0,v
2014-03-27 11:48,6.675,0.046,0,0,0,0,v
2014-03-27 11:54,6.713,0.047,0,0,0,0,v
2014-03-27 12:00,6.643,0.050,0,0,0,0,v
2014-03-27 12:06,6.637,0.058,0,0,0,0,v
2014-03-27 12:12,6.632,0.045,0,0,0,0,v
2014-03-27 12:18,6.648,0.047,0,0,0,0,v
2014-03-27 12:24,6.661,0.061,0,0,0,0,v
2014-03-27 12:30,6.665,0.058,0,0,0,0,v
2014-03-27 12:36,6.667,0.052,0,0,0,0,v
2014-03-27 12:42,6.652,0.065,0,0,0,0,v
2014-03-27 12:48,6.632,0.054,0,0,0,0,v
2014-03-27 12:54,6.671,0.058,0,0,0,0,v
2014-03-27 13:00,6.689,0.044,0,0,0,0,v
2014-03-27 13:06,6.662,0.050,0,0,0,0,v
2014-03-27 13:12,6.647,0.061,0,0,0,0,v
2014-03-27 13:18,6.688,0.044,0,0,0,0,v
2014-03-27 13:24,6.681,0.047,0,0,0,0,v
2014-03-27 13:30,6.647,0.045,0,0,0,0,v
2014-03-27 13:36,6.672,0.065,0,0,0,0,v
2014-03-27 13:42,6.675,0.048,0,0,0,0,v
2014-03-27 13:48,6.659,0.040,0,0,0,0,v
2014-03-27 13:54,6.673,0.042,0,0,0,0,v
2014-03-27 14:00,6.712,0.051,0,0,0,0,v
2014-03-27 14:06,6.704,0.046,0,0,0,0,v
2014-03-27 14:12,6.682,0.067,0,0,0,0,v
2014-03-27 14:18,6.675,0.059,0,0,0,0,v
2014-03-27 14:24,6.707,0.049,0,0,0,0,v
2014-03-27 14:30,6.677,0.042,0,0,0,0,v
2014-03-27 14:36,6.676,0.059,0,0,0,0,v
2014-03-27 14:42,6.689,0.042,0,0,0,0,v
2014-03-27 14:48,6.708,0.054,0,0,0,0,v
2014-03-27 14:54,6.734,0.046,0,0,0,0,v
2014-03-27 15:00,6.784,0.046,0,0,0,0,v
2014-03-27 15:06,6.799,0.052,0,0,0,0,v
2014-03-27 15:12,6.782,0.050,0,0,0,0,v
2014-03-27 15:18,6.806,0.048,0,0,0,0,v
2014-03-27 15:24,6.802,0.045,0,0,0,0,v
2014-03-27 15:30,6.794,0.051,0,0,0,0,v
2014-03-27 15:36,6.814,0.054,0,0,0,0,v
2014-03-27 15:42,6.813,0.044,0,0,0,0,v
2014-03-27 15:48,6.837,0.060,0,0,0,0,v
2014-03-27 15:54,6.853,0.048,0,0,0,0,v
2014-03-27 16:00,6.835,0.065,0,0,0,0,v
2014-03-27 16:06,6.872,0.046,0,0,0,0,v
2014-03-27 16:12,6.876,0.053,0,0,0,0,v
2014-03-27 16:18,6.883,0.048,0,0,0,0,v
2014-03-27 16:24,6.907,0.050,0,0,0,0,v
2014-03-27 16:30,6.867,0.044,0,0,0,0,v
2014-03-27 16:36,6.890,0.047,0,0,0,0,v
2014-03-27 16:42,6.897,0.058,0,0,0,0,v
2014-03-27 16:48,6.888,0.049,0,0,0,0,v
2014-03-27 16:54,6.922,0.053,0,0,0,0,v
2014-03-27 17:00,6.937,0.054,0,0,0,0,v
2014-03-27 17:06,6.933,0.043,0,0,0,0,v
2014-03-27 17:12,6.961,0.058,0,0,0,0,v
2014-03-27 17:18,6.975,0.057,0,0,0,0,v
2014-03-27 17:24,6.990,0.042,0,0,0,0,v
2014-03-27 17:30,6.945,0.053,0,0,0,0,v
2014-03-27 17:36,6.928,0.048,0,0,0,0,v
2014-03-27 17:42,6.967,0.056,0,0,0,0,v
2014-03-27 17:48,6.977,0.053,0,0,0,0,v
2014-03-27 17:54,7.000,0.043,0,0,0,0,v
2014-03-27 18:00,6.984,0.055,0,0,0,0,v
2014-03-27 18:06,6.990,0.065,0,0,0,0,v
2014-03-27 18:12,6.977,0.054,0,0,0,0,v
2014-03-27 18:18,6.952,0.052,0,0,0,0,v
2014-03-27 18:24,6.993,0.055,0,0,0,0,v
2014-03-27 18:30,7.014,0.054,0,0,0,0,v
2014-03-27 18:36,7.012,0.067,0,0,0,0,v
2014-03-27 18:42,7.028,0.045,0,0,0,0,v
2014-03-27 18:48,7.025,0.054,0,0,0,0,v
2014-03-27 18:54,7.029,0.047,0,0,0,0,v
2014-03-27 19:00,6.999,0.057,0,0,0,0,v
2014-03-27 19:06,7.039,0.052,0,0,0,0,v
2014-03-27 19:12,7.055,0.050,0,0,0,0,v
2014-03-27 19:18,7.026,0.070,0,0,0,0,v
2014-03-27 19:24,7.044,0.069,0,0,0,0,v
2014-03-27 19:30,7.013,0.067,0,0,0,0,v
2014-03-27 19:36,7.006,0.066,0,0,0,0,v
2014-03-27 19:42,7.007,0.058,0,0,0,0,v
2014-03-27 19:48,6.969,0.064,0,0,0,0,v
2014-03-27 19:54,6.985,0.048,0,0,0,0,v
2014-03-27 20:00,7.004,0.052,0,0,0,0,v
2014-03-27 20:06,6.999,0.057,0,0,0,0,v
2014-03-27 20:12,6.986,0.058,0,0,0,0,v
2014-03-27 20:18,7.008,0.054,0,0,0,0,v
2014-03-27 20:24,6.999,0.057,0,0,0,0,v
2014-03-27 20:30,7.032,0.064,0,0,0,0,v
2014-03-27 20:36,7.037,0.057,0,0,0,0,v
2014-03-27 20:42,7.009,0.064,0,0,0,0,v
2014-03-27 20:48,7.026,0.050,0,0,0,0,v
2014-03-27 20:54,7.030,0.056,0,0,0,0,v
2014-03-27 21:00,7.016,0.046,0,0,0,0,v
2014-03-27 21:06,7.013,0.047,0,0,0,0,v
2014-03-27 21:12,7.012,0.051,0,0,0,0,v
2014-03-27 21:18,6.992,0.050,0,0,0,0,v
2014-03-27 21:24,6.999,0.055,0,0,0,0,v
2014-03-27 21:30,6.979,0.048,0,0,0,0,v
2014-03-27 21:36,6.997,0.052,0,0,0,0,v
2014-03-27 21:42,6.973,0.052,0,0,0,0,v
2014-03-27 21:48,6.981,0.068,0,0,0,0,v
2014-03-27 21:54,6.965,0.049,0,0,0,0,v
2014-03-27 22:00,6.934,0.054,0,0,0,0,v
2014-03-27 22:06,6.956,0.053,0,0,0,0,v
2014-03-27 22:12,6.949,0.054,0,0,0,0,v
2014-03-27 22:18,6.930,0.045,0,0,0,0,v
2014-03-27 22:24,6.964,0.045,0,0,0,0,v
2014-03-27 22:30,6.967,0.063,0,0,0,0,v
2014-03-27 22:36,6.953,0.058,0,0,0,0,v
2014-03-27 22:42,6.960,0.050,0,0,0,0,v
2014-03-27 22:48,6.942,0.066,0,0,0,0,v
2014-03-27 22:54,6.942,0.058,0,0,0,0,v
2014-03-27 23:00,6.960,0.049,0,0,0,0,v
2014-03-27 23:06,6.971,0.051,0,0,0,0,v
2014-03-27 23:12,6.922,0.047,0,0,0,0,v
2014-03-27 23:18,6.957,0.045,0,0,0,0,v
2014-03-27 23:24,6.974,0.056,0,0,0,0,v
2014-03-27 23:30,6.994,0.049,0,0,0,0,v
2014-03-27 23:36,6.947,0.050,0,0,0,0,v
2014-03-27 23:42,6.948,0.049,0,0,0,0,v
2014-03-27 23:48,6.955,0.054,0,0,0,0,v
2014-03-27 23:54,6.922,0.053,0,0,0,0,v
2014-03-28 00:00,6.922,0.047,0,0,0,0,v
2014-03-28 00:06,6.916,0.056,0,0,0,0,v
2014-03-28 00:12,6.914,0.050,0,0,0,0,v
2014-03-28 00:18,6.877,0.057,0,0,0,0,v
2014-03-28 00:24,6.889,0.060,0,0,0,0,v
2014-03-28 00:30,6.940,0.046,0,0,0,0,v
2014-03-28 00:36,6.921,0.048,0,0,0,0,v
2014-03-28 00:42,6.944,0.046,0,0,0,0,v
2014-03-28 00:48,6.880,0.051,0,0,0,0,v
2014-03-28 00:54,6.892,0.040,0,0,0,0,v
2014-03-28 01:00,6.909,0.063,0,0,0,0,v
2014-03-28 01:06,6.899,0.063,0,0,0,0,v
2014-03-28 01:12,6.907,0.063,0,0,0,0,v
2014-03-28 01:18,6.904,0.060,0,0,0,0,v
2014-03-28 01:24,6.904,0.058,0,0,0,0,v
2014-03-28 01:30,6.924,0.040,0,0,0,0,v
2014-03-28 01:36,6.916,0.045,0,0,0,0,v
2014-03-28 01:42,6.901,0.042,0,0,0,0,v
2014-03-28 01:48,6.933,0.042,0,0,0,0,v
2014-03-28 01:54,6.917,0.049,0,0,0,0,v
2014-03-28 02:00,6.941,0.056,0,0,0,0,v
2014-03-28 02:06,6.935,0.063,0,0,0,0,v
2014-03-28 02:12,6.918,0.050,0,0,0,0,v
2014-03-28 02:18,6.941,0.043,0,0,0,0,v
2014-03-28 02:24,6.950,0.053,0,0,0,0,v
2014-03-28 02:30,6.948,0.050,0,0,0,0,v
2014-03-28 02:36,6.932,0.052,0,0,0,0,v
2014-03-28 02:42,6.941,0.044,0,0,0,0,v
2014-03-28 02:48,6.966,0.050,0,0,0,0,v
2014-03-28 02:54,6.923,0.053,0,0,0,0,v
2014-03-28 03:00,6.937,0.057,0,0,0,0,v
2014-03-28 03:06,6.957,0.050,0,0,0,0,v
2014-03-28 03:12,6.907,0.051,0,0,0,0,v
2014-03-28 03:18,6.912,0.061,0,0,0,0,v
2014-03-28 03:24,6.923,0.053,0,0,0,0,v
2014-03-28 03:30,6.901,0.070,0,0,0,0,v
2014-03-28 03:36,6.937,0.048,0,0,0,0,v
2014-03-28 03:42,6.939,0.045,0,0,0,0,v
2014-03-28 03:48,6.935,0.048,0,0,0,0,v
2014-03-28 03:54,6.901,0.054,0,0,0,0,v
2014-03-28 04:00,6.925,0.052,0,0,0,0,v
2014-03-28 04:06,6.936,0.048,0,0,0,0,v
2014-03-28 04:12,6.890,0.048,0,0,0,0,v
2014-03-28 04:18,6.934,0.050,0,0,0,0,v
2014-03-28 04:24,6.970,0.053,0,0,0,0,v
2014-03-28 04:30,6.927,0.051,0,0,0,0,v
2014-03-28 04:36,6.940,0.046,0,0,0,0,v
2014-03-28 04:42,6.904,0.049,0,0,0,0,v
2014-03-28 04:48,6.904,0.049,0,0,0,0,v
2014-03-28 04:54,6.909,0.044,0,0,0,0,v
2014-03-28 05:00,6.916,0.049,0,0,0,0,v
2014-03-28 05:06,6.930,0.055,0,0,0,0,v
2014-03-28 05:12,6.940,0.053,0,0,0,0,v
2014-03-28 05:18,6.950,0.055,0,0,0,0,v
2014-03-28 05:24,6.951,0.048,0,0,0,0,v
2014-03-28 05:30,6.949,0.060,0,0,0,0,v
2014-03-28 05:36,6.961,0.067,0,0,0,0,v
2014-03-28 05:42,6.973,0.058,0,0,0,0,v
2014-03-28 05:48,6.906,0.062,0,0,0,0,v
2014-03-28 05:54,6.934,0.065,0,0,0,0,v
2014-03-28 06:00,6.904,0.054,0,0,0,0,v
2014-03-28 06:06,6.925,0.054,0,0,0,0,v
2014-03-28 06:12,6.973,0.063,0,0,0,0,v
2014-03-28 06:18,6.965,0.055,0,0,0,0,v
2014-03-28 06:24,6.941,0.051,0,0,0,0,v
2014-03-28 06:30,6.931,0.041,0,0,0,0,v
2014-03-28 06:36,6.908,0.057,0,0,0,0,v
2014-03-28 06:42,6.948,0.052,0,0,0,0,v
2014-03-28 06:48,6.938,0.045,0,0,0,0,v
2014-03-28 06:54,6.922,0.049,0,0,0,0,v
2014-03-28 07:00,6.949,0.055,0,0,0,0,v
2014-03-28 07:06,6.949,0.050,0,0,0,0,v
2014-03-28 07:12,6.915,0.042,0,0,0,0,v
2014-03-28 07:18,6.894,0.064,0,0,0,0,v
2014-03-28 07:24,6.837,0.052,0,0,0,0,v
2014-03-28 07:30,6.863,0.051,0,0,0,0,v
2014-03-28 07:36,6.890,0.047,0,0,0,0,v
2014-03-28 07:42,6.872,0.047,0,0,0,0,v
2014-03-28 07:48,6.853,0.066,0,0,0,0,v
2014-03-28 07:54,6.873,0.039,0,0,0,0,v
2014-03-28 08:00,6.856,0.042,0,0,0,0,v
2014-03-28 08:06,6.872,0.049,0,0,0,0,v
2014-03-28 08:12,6.851,0.052,0,0,0,0,v
2014-03-28 08:18,6.857,0.053,0,0,0,0,v
2014-03-28 08:24,6.802,0.045,0,0,0,0,v
2014-03-28 08:30,6.827,0.041,0,0,0,0,v
2014-03-28 08:36,6.809,0.048,0,0,0,0,v
2014-03-28 08:42,6.773,0.053,0,0,0,0,v
2014-03-28 08:48,6.771,0.045,0,0,0,0,v
2014-03-28 08:54,6.775,0.060,0,0,0,0,v
2014-03-28 09:00,6.783,0.058,0,0,0,0,v
2014-03-28 09:06,6.744,0.052,0,0,0,0,v
2014-03-28 09:12,6.722,0.065,0,0,0,0,v
2014-03-28 09:18,6.695,0.059,0,0,0,0,v
2014-03-28 09:24,6.712,0.051,0,0,0,0,v
2014-03-28 09:30,6.735,0.040,0,0,0,0,v
2014-03-28 09:36,6.712,0.045,0,0,0,0,v
2014-03-28 09:42,6.718,0.049,0,0,0,0,v
2014-03-28 09:48,6.709,0.052,0,0,0,0,v
2014-03-28 09:54,6.689,0.061,0,0,0,0,v
2014-03-28 10:00,6.650,0.045,0,0,0,0,v
2014-03-28 10:06,6.636,0.048,0,0,0,0,v
2014-03-28 10:12,6.637,0.047,0,0,0,0,v
2014-03-28 10:18,6.649,0.047,0,0,0,0,v
2014-03-28 10:24,6.643,0.048,0,0,0,0,v
2014-03-28 10:30,6.618,0.054,0,0,0,0,v
2014-03-28 10:36,6.596,0.047,0,0,0,0,v
2014-03-28 10:42,6.611,0.052,0,0,0,0,v
2014-03-28 10:48,6.610,0.046,0,0,0,0,v
2014-03-28 10:54,6.602,0.037,0,0,0,0,v
2014-03-28 11:00,6.585,0.052,0,0,0,0,v
2014-03-28 11:06,6.574,0.044,0,0,0,0,v
2014-03-28 11:12,6.582,0.043,0,0,0,0,v
2014-03-28 11:18,6.587,0.056,0,0,0,0,v
2014-03-28 11:24,6.597,0.048,0,0,0,0,v
2014-03-28 11:30,6.589,0.043,0,0,0,0,v
2014-03-28 11:36,6.580,0.049,0,0,0,0,v
2014-03-28 11:42,6.563,0.057,0,0,0,0,v
2014-03-28 11:48,6.539,0.042,0,0,0,0,v
2014-03-28 11:54,6.575,0.037,0,0,0,0,v
2014-03-28 12:00,6.556,0.042,0,0,0,0,v
2014-03-28 12:06,6.587,0.040,0,0,0,0,v
2014-03-28 12:12,6.534,0.043,0,0,0,0,v
2014-03-28 12:18,6.553,0.045,0,0,0,0,v
2014-03-28 12:24,6.542,0.041,0,0,0,0,v
2014-03-28 12:30,6.554,0.036,0,0,0,0,v
2014-03-28 12:36,6.532,0.057,0,0,0,0,v
2014-03-28 12:42,6.531,0.044,0,0,0,0,v
2014-03-28 12:48,6.538,0.043,0,0,0,0,v
2014-03-28 12:54,6.553,0.052,0,0,0,0,v
2014-03-28 13:00,6.566,0.051,0,0,0,0,v
2014-03-28 13:06,6.563,0.055,0,0,0,0,v
2014-03-28 13:12,6.545,0.050,0,0,0,0,v
2014-03-28 13:18,6.538,0.043,0,0,0,0,v
2014-03-28 13:24,6.562,0.043,0,0,0,0,v
2014-03-28 13:30,6.529,0.044,0,0,0,0,v
2014-03-28 13:36,6.533,0.053,0,0,0,0,v
2014-03-28 13:42,6.526,0.050,0,0,0,0,v
2014-03-28 13:48,6.498,0.047,0,0,0,0,v
2014-03-28 13:54,6.533,0.049,0,0,0,0,v
2014-03-28 14:00,6.537,0.054,0,0,0,0,v
2014-03-28 14:06,6.559,0.054,0,0,0,0,v
2014-03-28 14:12,6.572,0.049,0,0,0,0,v
2014-03-28 14:18,6.571,0.056,0,0,0,0,v
2014-03-28 14:24,6.554,0.052,0,0,0,0,v
2014-03-28 14:30,6.563,0.050,0,0,0,0,v
2014-03-28 14:36,6.556,0.059,0,0,0,0,v
2014-03-28 14:42,6.554,0.036,0,0,0,0,v
2014-03-28 14:48,6.564,0.048,0,0,0,0,v
2014-03-28 14:54,6.584,0.039,0,0,0,0,v
2014-03-28 15:00,6.565,0.039,0,0,0,0,v
2014-03-28 15:06,6.592,0.048,0,0,0,0,v
2014-03-28 15:12,6.593,0.040,0,0,0,0,v
2014-03-28 15:18,6.577,0.047,0,0,0,0,v
2014-03-28 15:24,6.587,0.039,0,0,0,0,v
2014-03-28 15:30,6.657,0.050,0,0,0,0,v
2014-03-28 15:36,6.607,0.047,0,0,0,0,v
2014-03-28 15:42,6.574,0.046,0,0,0,0,v
2014-03-28 15:48,6.615,0.053,0,0,0,0,v
2014-03-28 15:54,6.630,0.051,0,0,0,0,v
2014-03-28 16:00,6.679,0.052,0,0,0,0,v
2014-03-28 16:06,6.658,0.046,0,0,0,0,v
2014-03-28 16:12,6.623,0.052,0,0,0,0,v
2014-03-28 16:18,6.673,0.045,0,0,0,0,v
2014-03-28 16:24,6.696,0.047,0,0,0,0,v
2014-03-28 16:30,6.698,0.041,0,0,0,0,v
2014-03-28 16:36,6.701,0.043,0,0,0,0,v
2014-03-28 16:42,6.693,0.037,0,0,0,0,v
2014-03-28 16:48,6.735,0.054,0,0,0,0,v
2014-03-28 16:54,6.723,0.045,0,0,0,0,v
2014-03-28 17:00,6.769,0.048,0,0,0,0,v
2014-03-28 17:06,6.776,0.062,0,0,0,0,v
2014-03-28 17:12,6.775,0.043,0,0,0,0,v
2014-03-28 17:18,6.747,0.066,0,0,0,0,v
2014-03-28 17:24,6.739,0.055,0,0,0,0,v
2014-03-28 17:30,6.748,0.039,0,0,0,0,v
2014-03-28 17:36,6.769,0.047,0,0,0,0,v
2014-03-28 17:42,6.769,0.044,0,0,0,0,v
2014-03-28 17:48,6.786,0.054,0,0,0,0,v
2014-03-28 17:54,6.797,0.066,0,0,0,0,v
2014-03-28 18:00,6.778,0.044,0,0,0,0,v
2014-03-28 18:06,6.810,0.051,0,0,0,0,v
2014-03-28 18:12,6.756,0.044,0,0,0,0,v
2014-03-28 18:18,6.832,0.042,0,0,0,0,v
2014-03-28 18:24,6.839,0.046,0,0,0,0,v
2014-03-28 18:30,6.842,0.057,0,0,0,0,v
2014-03-28 18:36,6.865,0.046,0,0,0,0,v
2014-03-28 18:42,6.870,0.047,0,0,0,0,v
2014-03-28 18:48,6.867,0.049,0,0,0,0,v
2014-03-28 18:54,6.900,0.052,0,0,0,0,v
2014-03-28 19:00,6.856,0.056,0,0,0,0,v
2014-03-28 19:06,6.858,0.055,0,0,0,0,v
2014-03-28 19:12,6.873,0.038,0,0,0,0,v
2014-03-28 19:18,6.858,0.058,0,0,0,0,v
2014-03-28 19:24,6.871,0.058,0,0,0,0,v
2014-03-28 19:30,6.886,0.048,0,0,0,0,v
2014-03-28 19:36,6.920,0.052,0,0,0,0,v
2014-03-28 19:42,6.887,0.053,0,0,0,0,v
2014-03-28 19:48,6.924,0.039,0,0,0,0,v
2014-03-28 19:54,6.898,0.048,0,0,0,0,v
2014-03-28 20:00,6.864,0.051,0,0,0,0,v
2014-03-28 20:06,6.870,0.044,0,0,0,0,v
2014-03-28 20:12,6.912,0.049,0,0,0,0,v
2014-03-28 20:18,6.854,0.050,0,0,0,0,v
2014-03-28 20:24,6.863,0.040,0,0,0,0,v
2014-03-28 20:30,6.852,0.052,0,0,0,0,v
2014-03-28 20:36,6.834,0.042,0,0,0,0,v
2014-03-28 20:42,6.840,0.043,0,0,0,0,v
2014-03-28 20:48,6.833,0.057,0,0,0,0,v
2014-03-28 20:54,6.831,0.059,0,0,0,0,v
2014-03-28 21:00,6.827,0.052,0,0,0,0,v
2014-03-28 21:06,6.850,0.054,0,0,0,0,v
2014-03-28 21:12,6.842,0.042,0,0,0,0,v
2014-03-28 21:18,6.858,0.041,0,0,0,0,v
2014-03-28 21:24,6.863,0.053,0,0,0,0,v
2014-03-28 21:30,6.835,0.049,0,0,0,0,v
2014-03-28 21:36,6.854,0.045,0,0,0,0,v
2014-03-28 21:42,6.826,0.047,0,0,0,0,v
2014-03-28 21:48,6.814,0.054,0,0,0,0,v
2014-03-28 21:54,6.805,0.055,0,0,0,0,v
2014-03-28 22:00,6.817,0.068,0,0,0,0,v
2014-03-28 22:06,6.822,0.043,0,0,0,0,v
2014-03-28 22:12,6.847,0.041,0,0,0,0,v
2014-03-28 22:18,6.818,0.055,0,0,0,0,v
2014-03-28 22:24,6.828,0.047,0,0,0,0,v
2014-03-28 22:30,6.797,0.056,0,0,0,0,v
2014-03-28 22:36,6.781,0.052,0,0,0,0,v
2014-03-28 22:42,6.746,0.048,0,0,0,0,v
2014-03-28 22:48,6.741,0.048,0,0,0,0,v
2014-03-28 22:54,6.761,0.048,0,0,0,0,v
2014-03-28 23:00,6.778,0.048,0,0,0,0,v
2014-03-28 23:06,6.810,0.045,0,0,0,0,v
2014-03-28 23:12,6.747,0.055,0,0,0,0,v
2014-03-28 23:18,6.781,0.069,0,0,0,0,v
2014-03-28 23:24,6.785,0.043,0,0,0,0,v
2014-03-28 23:30,6.787,0.043,0,0,0,0,v
2014-03-28 23:36,6.751,0.056,0,0,0,0,v
2014-03-28 23:42,6.739,0.056,0,0,0,0,v
2014-03-28 23:48,6.746,0.063,0,0,0,0,v
2014-03-28 23:54,6.752,0.042,0,0,0,0,v
2014-03-29 00:00,6.757,0.070,0,0,0,0,v
2014-03-29 00:06,6.745,0.045,0,0,0,0,v
2014-03-29 00:12,6.720,0.060,0,0,0,0,v
2014-03-29 00:18,6.716,0.039,0,0,0,0,v
2014-03-29 00:24,6.745,0.058,0,0,0,0,v
2014-03-29 00:30,6.738,0.057,0,0,0,0,v
2014-03-29 00:36,6.766,0.037,0,0,0,0,v
2014-03-29 00:42,6.748,0.048,0,0,0,0,v
2014-03-29 00:48,6.728,0.044,0,0,0,0,v
2014-03-29 00:54,6.749,0.052,0,0,0,0,v
2014-03-29 01:00,6.757,0.052,0,0,0,0,v
2014-03-29 01:06,6.748,0.052,0,0,0,0,v
2014-03-29 01:12,6.759,0.058,0,0,0,0,v
2014-03-29 01:18,6.755,0.053,0,0,0,0,v
2014-03-29 01:24,6.733,0.047,0,0,0,0,v
2014-03-29 01:30,6.741,0.052,0,0,0,0,v
2014-03-29 01:36,6.745,0.046,0,0,0,0,v
2014-03-29 01:42,6.755,0.044,0,0,0,0,v
2014-03-29 01:48,6.738,0.047,0,0,0,0,v
2014-03-29 01:54,6.768,0.037,0,0,0,0,v
2014-03-29 02:00,6.742,0.043,0,0,0,0,v
2014-03-29 02:06,6.728,0.056,0,0,0,0,v
2014-03-29 02:12,6.762,0.043,0,0,0,0,v
2014-03-29 02:18,6.757,0.049,0,0,0,0,v
2014-03-29 02:24,6.747,0.037,0,0,0,0,v
2014-03-29 02:30,6.749,0.046,0,0,0,0,v
2014-03-29 02:36,6.792,0.049,0,0,0,0,v
2014-03-29 02:42,6.818,0.043,0,0,0,0,v
2014-03-29 02:48,6.789,0.041,0,0,0,0,v
2014-03-29 02:54,6.782,0.067,0,0,0,0,v
2014-03-29 03:00,6.793,0.043,0,0,0,0,v
2014-03-29 03:06,6.803,0.040,0,0,0,0,v
2014-03-29 03:12,6.790,0.029,0,0,0,0,v
2014-03-29 03:18,6.787,0.037,0,0,0,0,v
2014-03-29 03:24,6.776,0.041,0,0,0,0,v
2014-03-29 03:30,6.788,0.044,0,0,0,0,v
2014-03-29 03:36,6.792,0.044,0,0,0,0,v
2014-03-29 03:42,6.787,0.038,0,0,0,0,v
2014-03-29 03:48,6.811,0.039,0,0,0,0,v
2014-03-29 03:54,6.812,0.059,0,0,0,0,v
2014-03-29 04:00,6.835,0.036,0,0,0,0,v
2014-03-29 04:06,6.859,0.046,0,0,0,0,v
2014-03-29 04:12,6.859,0.048,0,0,0,0,v
2014-03-29 04:18,6.855,0.047,0,0,0,0,v
2014-03-29 04:24,6.833,0.043,0,0,0,0,v
2014-03-29 04:30,6.833,0.052,0,0,0,0,v
2014-03-29 04:36,6.832,0.045,0,0,0,0,v
2014-03-29 04:42,6.899,0.050,0,0,0,0,v
2014-03-29 04:48,6.859,0.050,0,0,0,0,v
2014-03-29 04:54,6.876,0.042,0,0,0,0,v
2014-03-29 05:00,6.867,0.037,0,0,0,0,v
2014-03-29 05:06,6.898,0.054,0,0,0,0,v
2014-03-29 05:12,6.835,0.051,0,0,0,0,v
2014-03-29 05:18,6.843,0.041,0,0,0,0,v
2014-03-29 05:24,6.822,0.053,0,0,0,0,v
2014-03-29 05:30,6.850,0.062,0,0,0,0,v
2014-03-29 05:36,6.801,0.042,0,0,0,0,v
2014-03-29 05:42,6.809,0.050,0,0,0,0,v
2014-03-29 05:48,6.880,0.051,0,0,0,0,v
2014-03-29 05:54,6.904,0.045,0,0,0,0,v
2014-03-29 06:00,6.939,0.037,0,0,0,0,v
2014-03-29 06:06,6.939,0.052,0,0,0,0,v
2014-03-29 06:12,6.924,0.051,0,0,0,0,v
2014-03-29 06:18,6.901,0.066,0,0,0,0,v
2014-03-29 06:24,6.917,0.062,0,0,0,0,v
2014-03-29 06:30,6.927,0.057,0,0,0,0,v
2014-03-29 06:36,6.890,0.070,0,0,0,0,v
2014-03-29 06:42,6.926,0.036,0,0,0,0,v
2014-03-29 06:48,6.953,0.063,0,0,0,0,v
2014-03-29 06:54,6.917,0.061,0,0,0,0,v
2014-03-29 07:00,6.906,0.051,0,0,0,0,v
2014-03-29 07:06,6.893,0.057,0,0,0,0,v
2014-03-29 07:12,6.930,0.046,0,0,0,0,v
2014-03-29 07:18,6.882,0.055,0,0,0,0,v
2014-03-29 07:24,6.886,0.049,0,0,0,0,v
2014-03-29 07:30,6.902,0.047,0,0,0,0,v
2014-03-29 07:36,6.894,0.050,0,0,0,0,v
2014-03-29 07:42,6.886,0.056,0,0,0,0,v
2014-03-29 07:48,6.873,0.065,0,0,0,0,v
2014-03-29 07:54,6.898,0.041,0,0,0,0,v
2014-03-29 08:00,6.895,0.036,0,0,0,0,v
2014-03-29 08:06,6.901,0.047,0,0,0,0,v
2014-03-29 08:12,6.853,0.058,0,0,0,0,v
2014-03-29 08:18,6.863,0.037,0,0,0,0,v
2014-03-29 08:24,6.837,0.044,0,0,0,0,v
2014-03-29 08:30,6.825,0.054,0,0,0,0,v
2014-03-29 08:36,6.864,0.039,0,0,0,0,v
2014-03-29 08:42,6.814,0.042,0,0,0,0,v
2014-03-29 08:48,6.796,0.065,0,0,0,0,v
2014-03-29 08:54,6.800,0.060,0,0,0,0,v
2014-03-29 09:00,6.810,0.059,0,0,0,0,v
2014-03-29 09:06,6.807,0.038,0,0,0,0,v
2014-03-29 09:12,6.794,0.043,0,0,0,0,v
2014-03-29 09:18,6.791,0.043,0,0,0,0,v
2014-03-29 09:24,6.777,0.048,0,0,0,0,v
2014-03-29 09:30,6.795,0.051,0,0,0,0,v
2014-03-29 09:36,6.745,0.053,0,0,0,0,v
2014-03-29 09:42,6.724,0.047,0,0,0,0,v
2014-03-29 09:48,6.721,0.041,0,0,0,0,v
2014-03-29 09:54,6.761,0.042,0,0,0,0,v
2014-03-29 10:00,6.719,0.041,0,0,0,0,v
2014-03-29 10:06,6.753,0.049,0,0,0,0,v
2014-03-29 10:12,6.740,0.051,0,0,0,0,v
2014-03-29 10:18,6.741,0.033,0,0,0,0,v
2014-03-29 10:24,6.730,0.041,0,0,0,0,v
2014-03-29 10:30,6.734,0.045,0,0,0,0,v
2014-03-29 10:36,6.701,0.045,0,0,0,0,v
2014-03-29 10:42,6.700,0.040,0,0,0,0,v
2014-03-29 10:48,6.680,0.051,0,0,0,0,v
2014-03-29 10:54,6.680,0.035,0,0,0,0,v
2014-03-29 11:00,6.682,0.042,0,0,0,0,v
2014-03-29 11:06,6.691,0.046,0,0,0,0,v
2014-03-29 11:12,6.669,0.050,0,0,0,0,v
2014-03-29 11:18,6.673,0.041,0,0,0,0,v
2014-03-29 11:24,6.663,0.049,0,0,0,0,v
2014-03-29 11:30,6.646,0.051,0,0,0,0,v
2014-03-29 11:36,6.633,0.041,0,0,0,0,v
2014-03-29 11:42,6.622,0.046,0,0,0,0,v
2014-03-29 11:48,6.651,0.062,0,0,0,0,v
2014-03-29 11:54,6.644,0.052,0,0,0,0,v
2014-03-29 12:00,6.613,0.037,0,0,0,0,v
2014-03-29 12:06,6.618,0.034,0,0,0,0,v
2014-03-29 12:12,6.599,0.038,0,0,0,0,v
2014-03-29 12:18,6.609,0.041,0,0,0,0,v
2014-03-29 12:24,6.579,0.051,0,0,0,0,v
2014-03-29 12:30,6.543,0.040,0,0,0,0,v
2014-03-29 12:36,6.555,0.040,0,0,0,0,v
2014-03-29 12:42,6.574,0.049,0,0,0,0,v
2014-03-29 12:48,6.565,0.043,0,0,0,0,v
2014-03-29 12:54,6.596,0.045,0,0,0,0,v
2014-03-29 13:00,6.576,0.047,0,0,0,0,v
2014-03-29 13:06,6.565,0.059,0,0,0,0,v
2014-03-29 13:12,6.575,0.039,0,0,0,0,v
2014-03-29 13:18,6.539,0.044,0,0,0,0,v
2014-03-29 13:24,6.537,0.046,0,0,0,0,v
2014-03-29 13:30,6.541,0.038,0,0,0,0,v
2014-03-29 13:36,6.512,0.040,0,0,0,0,v
2014-03-29 13:42,6.498,0.053,0,0,0,0,v
2014-03-29 13:48,6.534,0.048,0,0,0,0,v
2014-03-29 13:54,6.528,0.048,0,0,0,0,v
2014-03-29 14:00,6.517,0.040,0,0,0,0,v
2014-03-29 14:06,6.475,0.043,0,0,0,0,v
2014-03-29 14:12,6.483,0.057,0,0,0,0,v
2014-03-29 14:18,6.514,0.039,0,0,0,0,v
2014-03-29 14:24,6.507,0.048,0,0,0,0,v
2014-03-29 14:30,6.468,0.045,0,0,0,0,v
2014-03-29 14:36,6.505,0.048,0,0,0,0,v
2014-03-29 14:42,6.516,0.042,0,0,0,0,v
2014-03-29 14:48,6.543,0.041,0,0,0,0,v
2014-03-29 14:54,6.540,0.044,0,0,0,0,v
2014-03-29 15:00,6.551,0.048,0,0,0,0,v
2014-03-29 15:06,6.556,0.050,0,0,0,0,v
2014-03-29 15:12,6.521,0.051,0,0,0,0,v
2014-03-29 15:18,6.519,0.039,0,0,0,0,v
2014-03-29 15:24,6.548,0.047,0,0,0,0,v
2014-03-29 15:30,6.525,0.055,0,0,0,0,v
2014-03-29 15:36,6.508,0.040,0,0,0,0,v
2014-03-29 15:42,6.531,0.041,0,0,0,0,v
2014-03-29 15:48,6.519,0.050,0,0,0,0,v
2014-03-29 15:54,6.518,0.056,0,0,0,0,v
2014-03-29 16:00,6.522,0.048,0,0,0,0,v
2014-03-29 16:06,6.550,0.045,0,0,0,0,v
2014-03-29 16:12,6.532,0.046,0,0,0,0,v
2014-03-29 16:18,6.561,0.037,0,0,0,0,v
2014-03-29 16:24,6.570,0.039,0,0,0,0,v
2014-03-29 16:30,6.603,0.044,0,0,0,0,v
2014-03-29 16:36,6.609,0.044,0,0,0,0,v
2014-03-29 16:42,6.590,0.046,0,0,0,0,v
2014-03-29 16:48,6.614,0.035,0,0,0,0,v
2014-03-29 16:54,6.621,0.051,0,0,0,0,v
2014-03-29 17:00,6.614,0.051,0,0,0,0,v
2014-03-29 17:06,6.605,0.045,0,0,0,0,v
2014-03-29 17:12,6.630,0.045,0,0,0,0,v
2014-03-29 17:18,6.630,0.038,0,0,0,0,v
2014-03-29 17:24,6.593,0.046,0,0,0,0,v
2014-03-29 17:30,6.647,0.049,0,0,0,0,v
2014-03-29 17:36,6.671,0.037,0,0,0,0,v
2014-03-29 17:42,6.706,0.031,0,0,0,0,v
2014-03-29 17:48,6.686,0.033,0,0,0,0,v
2014-03-29 17:54,6.684,0.050,0,0,0,0,v
2014-03-29 18:00,6.709,0.046,0,0,0,0,v
2014-03-29 18:06,6.665,0.045,0,0,0,0,v
2014-03-29 18:12,6.661,0.037,0,0,0,0,v
2014-03-29 18:18,6.709,0.037,0,0,0,0,v
2014-03-29 18:24,6.720,0.039,0,0,0,0,v
2014-03-29 18:30,6.724,0.041,0,0,0,0,v
2014-03-29 18:36,6.722,0.038,0,0,0,0,v
2014-03-29 18:42,6.723,0.042,0,0,0,0,v
2014-03-29 18:48,6.692,0.038,0,0,0,0,v
2014-03-29 18:54,6.744,0.040,0,0,0,0,v
2014-03-29 19:00,6.729,0.047,0,0,0,0,v
2014-03-29 19:06,6.758,0.040,0,0,0,0,v
2014-03-29 19:12,6.724,0.040,0,0,0,0,v
2014-03-29 19:18,6.732,0.036,0,0,0,0,v
2014-03-29 19:24,6.712,0.044,0,0,0,0,v
2014-03-29 19:30,6.750,0.040,0,0,0,0,v
2014-03-29 19:36,6.752,0.040,0,0,0,0,v
2014-03-29 19:42,6.757,0.034,0,0,0,0,v
2014-03-29 19:48,6.744,0.072,0,0,0,0,v
2014-03-29 19:54,6.738,0.044,0,0,0,0,v
2014-03-29 20:00,6.747,0.044,0,0,0,0,v
2014-03-29 20:06,6.752,0.038,0,0,0,0,v
2014-03-29 20:12,6.736,0.038,0,0,0,0,v
2014-03-29 20:18,6.703,0.036,0,0,0,0,v
2014-03-29 20:24,6.721,0.039,0,0,0,0,v
2014-03-29 20:30,6.706,0.036,0,0,0,0,v
2014-03-29 20:36,6.699,0.041,0,0,0,0,v
2014-03-29 20:42,6.680,0.046,0,0,0,0,v
2014-03-29 20:48,6.682,0.036,0,0,0,0,v
2014-03-29 20:54,6.713,0.038,0,0,0,0,v
2014-03-29 21:00,6.725,0.041,0,0,0,0,v
2014-03-29 21:06,6.698,0.038,0,0,0,0,v
2014-03-29 21:12,6.720,0.031,0,0,0,0,v
2014-03-29 21:18,6.701,0.037,0,0,0,0,v
2014-03-29 21:24,6.696,0.039,0,0,0,0,v
2014-03-29 21:30,6.711,0.037,0,0,0,0,v
2014-03-29 21:36,6.689,0.044,0,0,0,0,v
2014-03-29 21:42,6.675,0.033,0,0,0,0,v
2014-03-29 21:48,6.688,0.037,0,0,0,0,v
2014-03-29 21:54,6.701,0.031,0,0,0,0,v
2014-03-29 22:00,6.645,0.045,0,0,0,0,v
2014-03-29 22:06,6.649,0.031,0,0,0,0,v
2014-03-29 22:12,6.648,0.031,0,0,0,0,v
2014-03-29 22:18,6.632,0.033,0,0,0,0,v
2014-03-29 22:24,6.615,0.032,0,0,0,0,v
2014-03-29 22:30,6.610,0.045,0,0,0,0,v
2014-03-29 22:36,6.614,0.034,0,0,0,0,v
2014-03-29 22:42,6.600,0.031,0,0,0,0,v
2014-03-29 22:48,6.572,0.033,0,0,0,0,v
2014-03-29 22:54,6.545,0.036,0,0,0,0,v
2014-03-29 23:00,6.536,0.032,0,0,0,0,v
2014-03-29 23:06,6.561,0.031,0,0,0,0,v
2014-03-29 23:12,6.551,0.037,0,0,0,0,v
2014-03-29 23:18,6.560,0.036,0,0,0,0,v
2014-03-29 23:24,6.536,0.035,0,0,0,0,v
2014-03-29 23:30,6.551,0.038,0,0,0,0,v
2014-03-29 23:36,6.533,0.039,0,0,0,0,v
2014-03-29 23:42,6.544,0.030,0,0,0,0,v
2014-03-29 23:48,6.554,0.034,0,0,0,0,v
2014-03-29 23:54,6.561,0.038,0,0,0,0,v
2014-03-30 00:00,6.527,0.042,0,0,0,0,v
2014-03-30 00:06,6.520,0.035,0,0,0,0,v
2014-03-30 00:12,6.536,0.039,0,0,0,0,v
2014-03-30 00:18,6.520,0.036,0,0,0,0,v
2014-03-30 00:24,6.485,0.052,0,0,0,0,v
2014-03-30 00:30,6.487,0.030,0,0,0,0,v
2014-03-30 00:36,6.510,0.043,0,0,0,0,v
2014-03-30 00:42,6.494,0.040,0,0,0,0,v
2014-03-30 00:48,6.497,0.040,0,0,0,0,v
2014-03-30 00:54,6.499,0.032,0,0,0,0,v
2014-03-30 01:00,6.488,0.047,0,0,0,0,v
2014-03-30 01:06,6.502,0.031,0,0,0,0,v
2014-03-30 01:12,6.495,0.044,0,0,0,0,v
2014-03-30 01:18,6.508,0.041,0,0,0,0,v
2014-03-30 01:24,6.513,0.036,0,0,0,0,v
2014-03-30 01:30,6.482,0.035,0,0,0,0,v
2014-03-30 01:36,6.487,0.027,0,0,0,0,v
2014-03-30 01:42,6.488,0.034,0,0,0,0,v
2014-03-30 01:48,6.490,0.040,0,0,0,0,v
2014-03-30 01:54,6.528,0.033,0,0,0,0,v
2014-03-30 02:00,6.543,0.036,0,0,0,0,v
2014-03-30 02:06,6.509,0.035,0,0,0,0,v
2014-03-30 02:12,6.503,0.033,0,0,0,0,v
2014-03-30 02:18,6.507,0.030,0,0,0,0,v
2014-03-30 02:24,6.536,0.030,0,0,0,0,v
2014-03-30 02:30,6.511,0.039,0,0,0,0,v
2014-03-30 02:36,6.530,0.034,0,0,0,0,v
2014-03-30 02:42,6.534,0.025,0,0,0,0,v
2014-03-30 02:48,6.534,0.031,0,0,0,0,v
2014-03-30 02:54,6.541,0.025,0,0,0,0,v
2014-03-30 03:00,6.538,0.036,0,0,0,0,v
2014-03-30 03:06,6.535,0.035,0,0,0,0,v
2014-03-30 03:12,6.534,0.035,0,0,0,0,v
2014-03-30 03:18,6.557,0.029,0,0,0,0,v
2014-03-30 03:24,6.542,0.032,0,0,0,0,v
2014-03-30 03:30,6.527,0.027,0,0,0,0,v
2014-03-30 03:36,6.524,0.029,0,0,0,0,v
2014-03-30 03:42,6.524,0.033,0,0,0,0,v
2014-03-30 03:48,6.508,0.034,0,0,0,0,v
2014-03-30 03:54,6.529,0.034,0,0,0,0,v
2014-03-30 04:00,6.532,0.034,0,0,0,0,v
2014-03-30 04:06,6.537,0.033,0,0,0,0,v
2014-03-30 04:12,6.564,0.029,0,0,0,0,v
2014-03-30 04:18,6.570,0.027,0,0,0,0,v
2014-03-30 04:24,6.582,0.033,0,0,0,0,v
2014-03-30 04:30,6.553,0.029,0,0,0,0,v
2014-03-30 04:36,6.578,0.030,0,0,0,0,v
2014-03-30 04:42,6.603,0.025,0,0,0,0,v
2014-03-30 04:48,6.599,0.031,0,0,0,0,v
2014-03-30 04:54,6.614,0.031,0,0,0,0,v
2014-03-30 05:00,6.610,0.030,0,0,0,0,v
2014-03-30 05:06,6.633,0.031,0,0,0,0,v
2014-03-30 05:12,6.660,0.027,0,0,0,0,v
2014-03-30 05:18,6.664,0.027,0,0,0,0,v
2014-03-30 05:24,6.662,0.031,0,0,0,0,v
2014-03-30 05:30,6.669,0.031,0,0,0,0,v
2014-03-30 05:36,6.692,0.028,0,0,0,0,v
2014-03-30 05:42,6.711,0.030,0,0,0,0,v
2014-03-30 05:48,6.702,0.033,0,0,0,0,v
2014-03-30 05:54,6.706,0.034,0,0,0,0,v
2014-03-30 06:00,6.733,0.027,0,0,0,0,v
2014-03-30 06:06,6.736,0.036,0,0,0,0,v
2014-03-30 06:12,6.749,0.033,0,0,0,0,v
2014-03-30 06:18,6.750,0.025,0,0,0,0,v
2014-03-30 06:24,6.765,0.036,0,0,0,0,v
2014-03-30 06:30,6.736,0.027,0,0,0,0,v
2014-03-30 06:36,6.774,0.028,0,0,0,0,v
2014-03-30 06:42,6.794,0.034,0,0,0,0,v
2014-03-30 06:48,6.790,0.035,0,0,0,0,v
2014-03-30 06:54,6.813,0.028,0,0,0,0,v
2014-03-30 07:00,6.822,0.030,0,0,0,0,v
2014-03-30 07:06,6.837,0.028,0,0,0,0,v
2014-03-30 07:12,6.853,0.033,0,0,0,0,v
2014-03-30 07:18,6.847,0.029,0,0,0,0,v
2014-03-30 07:24,6.818,0.039,0,0,0,0,v
2014-03-30 07:30,6.802,0.035,0,0,0,0,v
2014-03-30 07:36,6.824,0.029,0,0,0,0,v
2014-03-30 07:42,6.833,0.032,0,0,0,0,v
2014-03-30 07:48,6.845,0.043,0,0,0,0,v
2014-03-30 07:54,6.834,0.032,0,0,0,0,v
2014-03-30 08:00,6.842,0.030,0,0,0,0,v
2014-03-30 08:06,6.848,0.032,0,0,0,0,v
2014-03-30 08:12,6.802,0.028,0,0,0,0,v
2014-03-30 08:18,6.781,0.034,0,0,0,0,v
2014-03-30 08:24,6.809,0.043,0,0,0,0,v
2014-03-30 08:30,6.787,0.043,0,0,0,0,v
2014-03-30 08:36,6.815,0.032,0,0,0,0,v
2014-03-30 08:42,6.798,0.032,0,0,0,0,v
2014-03-30 08:48,6.797,0.041,0,0,0,0,v
2014-03-30 08:54,6.804,0.030,0,0,0,0,v
2014-03-30 09:00,6.794,0.034,0,0,0,0,v
2014-03-30 09:06,6.812,0.032,0,0,0,0,v
2014-03-30 09:12,6.815,0.029,0,0,0,0,v
2014-03-30 09:18,6.803,0.047,0,0,0,0,v
2014-03-30 09:24,6.819,0.023,0,0,0,0,v
2014-03-30 09:30,6.809,0.042,0,0,0,0,v
2014-03-30 09:36,6.832,0.035,0,0,0,0,v
2014-03-30 09:42,6.791,0.037,0,0,0,0,v
2014-03-30 09:48,6.797,0.035,0,0,0,0,v
2014-03-30 09:54,6.768,0.037,0,0,0,0,v
2014-03-30 10:00,6.781,0.038,0,0,0,0,v
2014-03-30 10:06,6.794,0.042,0,0,0,0,v
2014-03-30 10:12,6.816,0.033,0,0,0,0,v
2014-03-30 10:18,6.760,0.033,0,0,0,0,v
2014-03-30 10:24,6.773,0.033,0,0,0,0,v
2014-03-30 10:30,6.778,0.038,0,0,0,0,v
2014-03-30 10:36,6.781,0.040,0,0,0,0,v
2014-03-30 10:42,6.802,0.035,0,0,0,0,v
2014-03-30 10:48,6.790,0.040,0,0,0,0,v
2014-03-30 10:54,6.791,0.041,0,0,0,0,v
2014-03-30 11:00,6.775,0.034,0,0,0,0,v
2014-03-30 11:06,6.774,0.040,0,0,0,0,v
2014-03-30 11:12,6.774,0.035,0,0,0,0,v
2014-03-30 11:18,6.765,0.033,0,0,0,0,v
2014-03-30 11:24,6.734,0.031,0,0,0,0,v
2014-03-30 11:30,6.736,0.034,0,0,0,0,v
2014-03-30 11:36,6.743,0.034,0,0,0,0,v
2014-03-30 11:42,6.726,0.036,0,0,0,0,v
2014-03-30 11:48,6.753,0.030,0,0,0,0,v
2014-03-30 11:54,6.713,0.033,0,0,0,0,v
2014-03-30 12:00,6.717,0.029,0,0,0,0,v
2014-03-30 12:06,6.708,0.028,0,0,0,0,v
2014-03-30 12:12,6.700,0.029,0,0,0,0,v
2014-03-30 12:18,6.699,0.029,0,0,0,0,v
2014-03-30 12:24,6.702,0.034,0,0,0,0,v
2014-03-30 12:30,6.669,0.035,0,0,0,0,v
2014-03-30 12:36,6.671,0.029,0,0,0,0,v
2014-03-30 12:42,6.696,0.031,0,0,0,0,v
2014-03-30 12:48,6.686,0.040,0,0,0,0,v
2014-03-30 12:54,6.679,0.040,0,0,0,0,v
2014-03-30 13:00,6.692,0.028,0,0,0,0,v
2014-03-30 13:06,6.675,0.031,0,0,0,0,v
2014-03-30 13:12,6.671,0.031,0,0,0,0,v
2014-03-30 13:18,6.654,0.027,0,0,0,0,v
2014-03-30 13:24,6.637,0.031,0,0,0,0,v
2014-03-30 13:30,6.612,0.030,0,0,0,0,v
2014-03-30 13:36,6.640,0.031,0,0,0,0,v
2014-03-30 13:42,6.654,0.037,0,0,0,0,v
2014-03-30 13:48,6.630,0.031,0,0,0,0,v
2014-03-30 13:54,6.615,0.025,0,0,0,0,v
2014-03-30 14:00,6.615,0.024,0,0,0,0,v
2014-03-30 14:06,6.615,0.033,0,0,0,0,v
2014-03-30 14:12,6.594,0.025,0,0,0,0,v
2014-03-30 14:18,6.588,0.033,0,0,0,0,v
2014-03-30 14:24,6.607,0.027,0,0,0,0,v
2014-03-30 14:30,6.618,0.029,0,0,0,0,v
2014-03-30 14:36,6.612,0.024,0,0,0,0,v
2014-03-30 14:42,6.604,0.024,0,0,0,0,v
2014-03-30 14:48,6.578,0.029,0,0,0,0,v
2014-03-30 14:54,6.613,0.024,0,0,0,0,v
2014-03-30 15:00,6.630,0.032,0,0,0,0,v
2014-03-30 15:06,6.636,0.025,0,0,0,0,v
2014-03-30 15:12,6.660,0.029,0,0,0,0,v
2014-03-30 15:18,6.623,0.025,0,0,0,0,v
2014-03-30 15:24,6.617,0.035,0,0,0,0,v
2014-03-30 15:30,6.641,0.026,0,0,0,0,v
2014-03-30 15:36,6.636,0.026,0,0,0,0,v
2014-03-30 15:42,6.677,0.027,0,0,0,0,v
2014-03-30 15:48,6.698,0.023,0,0,0,0,v
2014-03-30 15:54,6.677,0.033,0,0,0,0,v
2014-03-30 16:00,6.655,0.022,0,0,0,0,v
2014-03-30 16:06,6.655,0.026,0,0,0,0,v
2014-03-30 16:12,6.687,0.022,0,0,0,0,v
2014-03-30 16:18,6.682,0.025,0,0,0,0,v
2014-03-30 16:24,6.646,0.020,0,0,0,0,v
2014-03-30 16:30,6.656,0.019,0,0,0,0,v
2014-03-30 16:36,6.658,0.031,0,0,0,0,v
2014-03-30 16:42,6.661,0.027,0,0,0,0,v
2014-03-30 16:48,6.645,0.023,0,0,0,0,v
2014-03-30 16:54,6.647,0.028,0,0,0,0,v
2014-03-30 17:00,6.653,0.024,0,0,0,0,v
2014-03-30 17:06,6.677,0.022,0,0,0,0,v
2014-03-30 17:12,6.667,0.026,0,0,0,0,v
2014-03-30 17:18,6.677,0.021,0,0,0,0,v
2014-03-30 17:24,6.637,0.024,0,0,0,0,v
2014-03-30 17:30,6.648,0.034,0,0,0,0,v
2014-03-30 17:36,6.705,0.022,0,0,0,0,v
2014-03-30 17:42,6.700,0.021,0,0,0,0,v
2014-03-30 17:48,6.705,0.024,0,0,0,0,v
2014-03-30 17:54,6.731,0.024,0,0,0,0,v
2014-03-30 18:00,6.729,0.021,0,0,0,0,v
2014-03-30 18:06,6.757,0.029,0,0,0,0,v
2014-03-30 18:12,6.766,0.022,0,0,0,0,v
2014-03-30 18:18,6.792,0.022,0,0,0,0,v
2014-03-30 18:24,6.826,0.022,0,0,0,0,v
2014-03-30 18:30,6.799,0.028,0,0,0,0,v
2014-03-30 18:36,6.777,0.023,0,0,0,0,v
2014-03-30 18:42,6.774,0.026,0,0,0,0,v
2014-03-30 18:48,6.746,0.025,0,0,0,0,v
2014-03-30 18:54,6.748,0.000,0,0,0,0,v
2014-03-30 19:00,6.784,0.023,0,0,0,0,v
2014-03-30 19:06,6.792,0.019,0,0,0,0,v
2014-03-30 19:12,6.787,0.029,0,0,0,0,v
2014-03-30 19:18,6.766,0.023,0,0,0,0,v
2014-03-30 19:24,6.757,0.026,0,0,0,0,v
2014-03-30 19:30,6.779,0.020,0,0,0,0,v
2014-03-30 19:36,6.798,0.023,0,0,0,0,v
2014-03-30 19:42,6.805,0.020,0,0,0,0,v
2014-03-30 19:48,6.790,0.026,0,0,0,0,v
2014-03-30 19:54,6.815,0.020,0,0,0,0,v
2014-03-30 20:00,6.818,0.022,0,0,0,0,v
2014-03-30 20:06,6.806,0.023,0,0,0,0,v
2014-03-30 20:12,6.815,0.017,0,0,0,0,v
2014-03-30 20:18,6.831,0.025,0,0,0,0,v
2014-03-30 20:24,6.830,0.018,0,0,0,0,v
2014-03-30 20:30,6.823,0.027,0,0,0,0,v
2014-03-30 20:36,6.805,0.023,0,0,0,0,v
2014-03-30 20:42,6.864,0.019,0,0,0,0,v
2014-03-30 20:48,6.847,0.020,0,0,0,0,v
2014-03-30 20:54,6.858,0.019,0,0,0,0,v
2014-03-30 21:00,6.829,0.025,0,0,0,0,v
2014-03-30 21:06,6.819,0.021,0,0,0,0,v
2014-03-30 21:12,6.813,0.023,0,0,0,0,v
2014-03-30 21:18,6.793,0.019,0,0,0,0,v
2014-03-30 21:24,6.818,0.021,0,0,0,0,v
2014-03-30 21:30,6.798,0.019,0,0,0,0,v
2014-03-30 21:36,6.795,0.024,0,0,0,0,v
2014-03-30 21:42,6.793,0.023,0,0,0,0,v
2014-03-30 21:48,6.798,0.020,0,0,0,0,v
2014-03-30 21:54,6.769,0.027,0,0,0,0,v
2014-03-30 22:00,6.791,0.018,0,0,0,0,v
2014-03-30 22:06,6.774,0.021,0,0,0,0,v
2014-03-30 22:12,6.800,0.021,0,0,0,0,v
2014-03-30 22:18,6.757,0.021,0,0,0,0,v
2014-03-30 22:24,6.754,0.022,0,0,0,0,v
2014-03-30 22:30,6.755,0.022,0,0,0,0,v
2014-03-30 22:36,6.772,0.020,0,0,0,0,v
2014-03-30 22:42,6.747,0.022,0,0,0,0,v
2014-03-30 22:48,6.748,0.021,0,0,0,0,v
2014-03-30 22:54,6.706,0.027,0,0,0,0,v
2014-03-30 23:00,6.701,0.021,0,0,0,0,v
2014-03-30 23:06,6.712,0.020,0,0,0,0,v
2014-03-30 23:12,6.685,0.023,0,0,0,0,v
2014-03-30 23:18,6.687,0.026,0,0,0,0,v
2014-03-30 23:24,6.688,0.020,0,0,0,0,v
2014-03-30 23:30,6.678,0.023,0,0,0,0,v
2014-03-30 23:36,6.682,0.025,0,0,0,0,v
2014-03-30 23:42,6.685,0.024,0,0,0,0,v
2014-03-30 23:48,6.659,0.029,0,0,0,0,v
2014-03-30 23:54,6.667,0.023,0,0,0,0,v
2014-03-31 00:00,6.651,0.025,0,0,0,0,v
2014-03-31 00:06,6.643,0.022,0,0,0,0,v
2014-03-31 00:12,6.656,0.021,0,0,0,0,v
2014-03-31 00:18,6.652,0.023,0,0,0,0,v
2014-03-31 00:24,6.652,0.021,0,0,0,0,v
2014-03-31 00:30,6.625,0.024,0,0,0,0,v
2014-03-31 00:36,6.613,0.023,0,0,0,0,v
2014-03-31 00:42,6.629,0.025,0,0,0,0,v
2014-03-31 00:48,6.629,0.025,0,0,0,0,v
2014-03-31 00:54,6.604,0.028,0,0,0,0,v
2014-03-31 01:00,6.606,0.031,0,0,0,0,v
2014-03-31 01:06,6.600,0.024,0,0,0,0,v
2014-03-31 01:12,6.608,0.024,0,0,0,0,v
2014-03-31 01:18,6.613,0.023,0,0,0,0,v
2014-03-31 01:24,6.592,0.024,0,0,0,0,v
2014-03-31 01:30,6.588,0.027,0,0,0,0,v
2014-03-31 01:36,6.587,0.028,0,0,0,0,v
2014-03-31 01:42,6.603,0.030,0,0,0,0,v
2014-03-31 01:48,6.604,0.026,0,0,0,0,v
2014-03-31 01:54,6.610,0.023,0,0,0,0,v
2014-03-31 02:00,6.595,0.031,0,0,0,0,v
2014-03-31 02:06,6.599,0.030,0,0,0,0,v
2014-03-31 02:12,6.623,0.027,0,0,0,0,v
2014-03-31 02:18,6.619,0.029,0,0,0,0,v
2014-03-31 02:24,6.609,0.030,0,0,0,0,v
2014-03-31 02:30,6.603,0.031,0,0,0,0,v
2014-03-31 02:36,6.590,0.029,0,0,0,0,v
2014-03-31 02:42,6.589,0.031,0,0,0,0,v
2014-03-31 02:48,6.583,0.028,0,0,0,0,v
2014-03-31 02:54,6.591,0.026,0,0,0,0,v
2014-03-31 03:00,6.587,0.029,0,0,0,0,v
2014-03-31 03:06,6.621,0.029,0,0,0,0,v
2014-03-31 03:12,6.623,0.026,0,0,0,0,v
2014-03-31 03:18,6.632,0.029,0,0,0,0,v
2014-03-31 03:24,6.645,0.030,0,0,0,0,v
2014-03-31 03:30,6.644,0.030,0,0,0,0,v
2014-03-31 03:36,6.665,0.027,0,0,0,0,v
2014-03-31 03:42,6.680,0.029,0,0,0,0,v
2014-03-31 03:48,6.669,0.028,0,0,0,0,v
2014-03-31 03:54,6.660,0.029,0,0,0,0,v
2014-03-31 04:00,6.674,0.026,0,0,0,0,v
2014-03-31 04:06,6.679,0.029,0,0,0,0,v
2014-03-31 04:12,6.669,0.032,0,0,0,0,v
2014-03-31 04:18,6.673,0.037,0,0,0,0,v
2014-03-31 04:24,6.680,0.031,0,0,0,0,v
2014-03-31 04:30,6.681,0.027,0,0,0,0,v
2014-03-31 04:36,6.666,0.032,0,0,0,0,v
2014-03-31 04:42,6.665,0.032,0,0,0,0,v
2014-03-31 04:48,6.702,0.030,0,0,0,0,v
2014-03-31 04:54,6.722,0.024,0,0,0,0,v
2014-03-31 05:00,6.732,0.026,0,0,0,0,v
2014-03-31 05:06,6.723,0.033,0,0,0,0,v
2014-03-31 05:12,6.708,0.034,0,0,0,0,v
2014-03-31 05:18,6.730,0.031,0,0,0,0,v
2014-03-31 05:24,6.739,0.032,0,0,0,0,v
2014-03-31 05:30,6.773,0.029,0,0,0,0,v
2014-03-31 05:36,6.758,0.035,0,0,0,0,v
2014-03-31 05:42,6.785,0.033,0,0,0,0,v
2014-03-31 05:48,6.780,0.031,0,0,0,0,v
2014-03-31 05:54,6.794,0.026,0,0,0,0,v
2014-03-31 06:00,6.828,0.030,0,0,0,0,v
2014-03-31 06:06,6.822,0.030,0,0,0,0,v
2014-03-31 06:12,6.817,0.028,0,0,0,0,v
2014-03-31 06:18,6.847,0.031,0,0,0,0,v
2014-03-31 06:24,6.854,0.025,0,0,0,0,v
2014-03-31 06:30,6.861,0.025,0,0,0,0,v
2014-03-31 06:36,6.889,0.019,0,0,0,0,v
2014-03-31 06:42,6.875,0.041,0,0,0,0,v
2014-03-31 06:48,6.900,0.031,0,0,0,0,v
2014-03-31 06:54,6.886,0.033,0,0,0,0,v
2014-03-31 07:00,6.906,0.024,0,0,0,0,v
2014-03-31 07:06,6.932,0.028,0,0,0,0,v
2014-03-31 07:12,6.947,0.027,0,0,0,0,v
2014-03-31 07:18,6.970,0.024,0,0,0,0,v
2014-03-31 07:24,6.981,0.025,0,0,0,0,v
2014-03-31 07:30,6.992,0.027,0,0,0,0,v
2014-03-31 07:36,6.988,0.025,0,0,0,0,v
2014-03-31 07:42,6.987,0.022,0,0,0,0,v
2014-03-31 07:48,6.986,0.026,0,0,0,0,v
2014-03-31 07:54,6.995,0.029,0,0,0,0,v
2014-03-31 08:00,6.985,0.026,0,0,0,0,v
2014-03-31 08:06,6.999,0.029,0,0,0,0,v
2014-03-31 08:12,6.983,0.022,0,0,0,0,v
2014-03-31 08:18,6.972,0.038,0,0,0,0,v
2014-03-31 08:24,6.994,0.028,0,0,0,0,v
2014-03-31 08:30,6.999,0.022,0,0,0,0,v
2014-03-31 08:36,6.993,0.026,0,0,0,0,v
2014-03-31 08:42,7.018,0.032,0,0,0,0,v
2014-03-31 08:48,7.030,0.030,0,0,0,0,v
2014-03-31 08:54,7.035,0.025,0,0,0,0,v
2014-03-31 09:00,7.049,0.022,0,0,0,0,v
2014-03-31 09:06,7.055,0.030,0,0,0,0,v
2014-03-31 09:12,7.053,0.025,0,0,0,0,v
2014-03-31 09:18,7.035,0.023,0,0,0,0,v
2014-03-31 09:24,7.022,0.022,0,0,0,0,v
2014-03-31 09:30,7.036,0.029,0,0,0,0,v
2014-03-31 09:36,7.044,0.026,0,0,0,0,v
2014-03-31 09:42,7.053,0.029,0,0,0,0,v
2014-03-31 09:48,7.064,0.020,0,0,0,0,v
2014-03-31 09:54,7.063,0.023,0,0,0,0,v
2014-03-31 10:00,7.069,0.018,0,0,0,0,v
2014-03-31 10:06,7.045,0.022,0,0,0,0,v
2014-03-31 10:12,7.044,0.025,0,0,0,0,v
2014-03-31 10:18,7.014,0.023,0,0,0,0,v
2014-03-31 10:24,7.006,0.028,0,0,0,0,v
2014-03-31 10:30,7.008,0.025,0,0,0,0,v
2014-03-31 10:36,6.995,0.023,0,0,0,0,v
2014-03-31 10:42,6.982,0.025,0,0,0,0,v
2014-03-31 10:48,6.997,0.022,0,0,0,0,v
2014-03-31 10:54,6.973,0.022,0,0,0,0,v
2014-03-31 11:00,6.949,0.027,0,0,0,0,v
2014-03-31 11:06,6.942,0.022,0,0,0,0,v
2014-03-31 11:12,6.970,0.020,0,0,0,0,v
2014-03-31 11:18,6.975,0.025,0,0,0,0,v
2014-03-31 11:24,6.971,0.023,0,0,0,0,v
2014-03-31 11:30,6.966,0.025,0,0,0,0,v
2014-03-31 11:36,6.941,0.021,0,0,0,0,v
2014-03-31 11:42,6.955,0.020,0,0,0,0,v
2014-03-31 11:48,6.936,0.021,0,0,0,0,v
2014-03-31 11:54,6.943,0.022,0,0,0,0,v
2014-03-31 12:00,6.950,0.020,0,0,0,0,v
2014-03-31 12:06,6.958,0.031,0,0,0,0,v
2014-03-31 12:12,6.964,0.026,0,0,0,0,v
2014-03-31 12:18,6.930,0.024,0,0,0,0,v
2014-03-31 12:24,6.931,0.019,0,0,0,0,v
2014-03-31 12:30,6.913,0.020,0,0,0,0,v
2014-03-31 12:36,6.931,0.023,0,0,0,0,v
2014-03-31 12:42,6.926,0.023,0,0,0,0,v
2014-03-31 12:48,6.928,0.019,0,0,0,0,v
2014-03-31 12:54,6.915,0.023,0,0,0,0,v
2014-03-31 13:00,6.941,0.019,0,0,0,0,v
2014-03-31 13:06,6.901,0.022,0,0,0,0,v
2014-03-31 13:12,6.904,0.020,0,0,0,0,v
2014-03-31 13:18,6.905,0.022,0,0,0,0,v
2014-03-31 13:24,6.888,0.021,0,0,0,0,v
2014-03-31 13:30,6.891,0.024,0,0,0,0,v
2014-03-31 13:36,6.908,0.024,0,0,0,0,v
2014-03-31 13:42,6.916,0.022,0,0,0,0,v
2014-03-31 13:48,6.908,0.027,0,0,0,0,v
2014-03-31 13:54,6.897,0.022,0,0,0,0,v
2014-03-31 14:00,6.903,0.026,0,0,0,0,v
2014-03-31 14:06,6.902,0.023,0,0,0,0,v
2014-03-31 14:12,6.872,0.023,0,0,0,0,v
2014-03-31 14:18,6.855,0.025,0,0,0,0,v
2014-03-31 14:24,6.848,0.020,0,0,0,0,v
2014-03-31 14:30,6.829,0.023,0,0,0,0,v
2014-03-31 14:36,6.819,0.021,0,0,0,0,v
2014-03-31 14:42,6.806,0.017,0,0,0,0,v
2014-03-31 14:48,6.819,0.023,0,0,0,0,v
2014-03-31 14:54,6.813,0.022,0,0,0,0,v
2014-03-31 15:00,6.820,0.023,0,0,0,0,v
2014-03-31 15:06,6.814,0.021,0,0,0,0,v
2014-03-31 15:12,6.829,0.022,0,0,0,0,v
2014-03-31 15:18,6.852,0.022,0,0,0,0,v
2014-03-31 15:24,6.822,0.024,0,0,0,0,v
2014-03-31 15:30,6.804,0.021,0,0,0,0,v
2014-03-31 15:36,6.806,0.023,0,0,0,0,v
2014-03-31 15:42,6.792,0.018,0,0,0,0,v
2014-03-31 15:48,6.802,0.022,0,0,0,0,v
2014-03-31 15:54,6.785,0.018,0,0,0,0,v
2014-03-31 16:00,6.780,0.019,0,0,0,0,v
2014-03-31 16:06,6.767,0.020,0,0,0,0,v
2014-03-31 16:12,6.743,0.020,0,0,0,0,v
2014-03-31 16:18,6.744,0.018,0,0,0,0,v
2014-03-31 16:24,6.757,0.018,0,0,0,0,v
2014-03-31 16:30,6.753,0.021,0,0,0,0,v
2014-03-31 16:36,6.752,0.023,0,0,0,0,v
2014-03-31 16:42,6.748,0.020,0,0,0,0,v
2014-03-31 16:48,6.747,0.019,0,0,0,0,v
2014-03-31 16:54,6.724,0.023,0,0,0,0,v
2014-03-31 17:00,6.753,0.021,0,0,0,0,v
2014-03-31 17:06,6.748,0.023,0,0,0,0,v
2014-03-31 17:12,6.749,0.024,0,0,0,0,v
2014-03-31 17:18,6.759,0.020,0,0,0,0,v
2014-03-31 17:24,6.761,0.021,0,0,0,0,v
2014-03-31 17:30,6.783,0.016,0,0,0,0,v
2014-03-31 17:36,6.789,0.021,0,0,0,0,v
2014-03-31 17:42,6.786,0.022,0,0,0,0,v
2014-03-31 17:48,6.764,0.021,0,0,0,0,v
2014-03-31 17:54,6.757,0.020,0,0,0,0,v
2014-03-31 18:00,6.779,0.023,0,0,0,0,v
2014-03-31 18:06,6.775,0.020,0,0,0,0,v
2014-03-31 18:12,6.802,0.020,0,0,0,0,v
2014-03-31 18:18,6.797,0.023,0,0,0,0,v
2014-03-31 18:24,6.818,0.023,0,0,0,0,v
2014-03-31 18:30,6.814,0.000,0,0,0,0,v
2014-03-31 18:36,6.817,0.021,0,0,0,0,v
2014-03-31 18:42,6.846,0.025,0,0,0,0,v
2014-03-31 18:48,6.833,0.020,0,0,0,0,v
2014-03-31 18:54,6.846,0.020,0,0,0,0,v
2014-03-31 19:00,6.835,0.019,0,0,0,0,v
2014-03-31 19:06,6.829,0.022,0,0,0,0,v
2014-03-31 19:12,6.827,0.022,0,0,0,0,v
2014-03-31 19:18,6.838,0.022,0,0,0,0,v
2014-03-31 19:24,6.855,0.022,0,0,0,0,v
2014-03-31 19:30,6.846,0.022,0,0,0,0,v
2014-03-31 19:36,6.848,0.021,0,0,0,0,v
2014-03-31 19:42,6.839,0.018,0,0,0,0,v
2014-03-31 19:48,6.837,0.021,0,0,0,0,v
2014-03-31 19:54,6.838,0.018,0,0,0,0,v
2014-03-31 20:00,6.838,0.018,0,0,0,0,v
2014-03-31 20:06,6.841,0.023,0,0,0,0,v
2014-03-31 20:12,6.837,0.022,0,0,0,0,v
2014-03-31 20:18,6.851,0.018,0,0,0,0,v
2014-03-31 20:24,6.842,0.017,0,0,0,0,v
2014-03-31 20:30,6.847,0.017,0,0,0,0,v
2014-03-31 20:36,6.848,0.020,0,0,0,0,v
2014-03-31 20:42,6.858,0.023,0,0,0,0,v
2014-03-31 20:48,6.846,0.019,0,0,0,0,v
2014-03-31 20:54,6.853,0.022,0,0,0,0,v
2014-03-31 21:00,6.846,0.018,0,0,0,0,v
2014-03-31 21:06,6.838,0.020,0,0,0,0,v
2014-03-31 21:12,6.816,0.025,0,0,0,0,v
2014-03-31 21:18,6.836,0.018,0,0,0,0,v
2014-03-31 21:24,6.825,0.015,0,0,0,0,v
2014-03-31 21:30,6.817,0.021,0,0,0,0,v
2014-03-31 21:36,6.812,0.019,0,0,0,0,v
2014-03-31 21:42,6.824,0.019,0,0,0,0,v
2014-03-31 21:48,6.824,0.019,0,0,0,0,v
2014-03-31 21:54,6.806,0.018,0,0,0,0,v
2014-03-31 22:00,6.793,0.021,0,0,0,0,v
2014-03-31 22:06,6.788,0.020,0,0,0,0,v
2014-03-31 22:12,6.769,0.022,0,0,0,0,v
2014-03-31 22:18,6.774,0.019,0,0,0,0,v
2014-03-31 22:24,6.770,0.020,0,0,0,0,v
2014-03-31 22:30,6.759,0.017,0,0,0,0,v
2014-03-31 22:36,6.742,0.017,0,0,0,0,v
2014-03-31 22:42,6.763,0.021,0,0,0,0,v
2014-03-31 22:48,6.744,0.020,0,0,0,0,v
2014-03-31 22:54,6.740,0.020,0,0,0,0,v
2014-03-31 23:00,6.727,0.019,0,0,0,0,v
2014-03-31 23:06,6.736,0.020,0,0,0,0,v
2014-03-31 23:12,6.718,0.019,0,0,0,0,v
2014-03-31 23:18,6.720,0.028,0,0,0,0,v
2014-03-31 23:24,6.732,0.020,0,0,0,0,v
2014-03-31 23:30,6.702,0.017,0,0,0,0,v
2014-03-31 23:36,6.715,0.018,0,0,0,0,v
2014-03-31 23:42,6.699,0.017,0,0,0,0,v
2014-03-31 23:48,6.690,0.019,0,0,0,0,v
2014-03-31 23:54,6.681,0.018,0,0,0,0,v
2014-04-01 00:00,6.677,0.020,0,0,0,0,v
2014-04-01 00:06,6.676,0.025,0,0,0,0,v
2014-04-01 00:12,6.634,0.018,0,0,0,0,v
2014-04-01 00:18,6.631,0.019,0,0,0,0,v
2014-04-01 00:24,6.639,0.022,0,0,0,0,v
2014-04-01 00:30,6.645,0.017,0,0,0,0,v
2014-04-01 00:36,6.624,0.017,0,0,0,0,v
2014-04-01 00:42,6.605,0.019,0,0,0,0,v
2014-04-01 00:48,6.596,0.017,0,0,0,0,v
2014-04-01 00:54,6.609,0.017,0,0,0,0,v
2014-04-01 01:00,6.604,0.020,0,0,0,0,v
2014-04-01 01:06,6.590,0.016,0,0,0,0,v
2014-04-01 01:12,6.582,0.017,0,0,0,0,v
2014-04-01 01:18,6.595,0.018,0,0,0,0,v
2014-04-01 01:24,6.592,0.020,0,0,0,0,v
2014-04-01 01:30,6.582,0.019,0,0,0,0,v
2014-04-01 01:36,6.573,0.019,0,0,0,0,v
2014-04-01 01:42,6.565,0.019,0,0,0,0,v
2014-04-01 01:48,6.564,0.018,0,0,0,0,v
2014-04-01 01:54,6.558,0.020,0,0,0,0,v
2014-04-01 02:00,6.533,0.015,0,0,0,0,v
2014-04-01 02:06,6.529,0.015,0,0,0,0,v
2014-04-01 02:12,6.526,0.018,0,0,0,0,v
2014-04-01 02:18,6.517,0.017,0,0,0,0,v
2014-04-01 02:24,6.523,0.015,0,0,0,0,v
2014-04-01 02:30,6.519,0.019,0,0,0,0,v
2014-04-01 02:36,6.518,0.016,0,0,0,0,v
2014-04-01 02:42,6.531,0.017,0,0,0,0,v
2014-04-01 02:48,6.550,0.017,0,0,0,0,v
2014-04-01 02:54,6.521,0.017,0,0,0,0,v
2014-04-01 03:00,6.534,0.019,0,0,0,0,v
2014-04-01 03:06,6.539,0.016,0,0,0,0,v
2014-04-01 03:12,6.543,0.019,0,0,0,0,v
2014-04-01 03:18,6.518,0.021,0,0,0,0,v
2014-04-01 03:24,6.530,0.021,0,0,0,0,v
2014-04-01 03:30,6.519,0.016,0,0,0,0,v
2014-04-01 03:36,6.525,0.021,0,0,0,0,v
2014-04-01 03:42,6.519,0.016,0,0,0,0,v
2014-04-01 03:48,6.531,0.017,0,0,0,0,v
2014-04-01 03:54,6.531,0.015,0,0,0,0,v
2014-04-01 04:00,6.537,0.018,0,0,0,0,v
2014-04-01 04:06,6.519,0.016,0,0,0,0,v
2014-04-01 04:12,6.524,0.016,0,0,0,0,v
2014-04-01 04:18,6.526,0.018,0,0,0,0,v
2014-04-01 04:24,6.548,0.013,0,0,0,0,v
2014-04-01 04:30,6.542,0.018,0,0,0,0,v
2014-04-01 04:36,6.567,0.016,0,0,0,0,v
2014-04-01 04:42,6.552,0.020,0,0,0,0,v
2014-04-01 04:48,6.571,0.017,0,0,0,0,v
2014-04-01 04:54,6.564,0.023,0,0,0,0,v
2014-04-01 05:00,6.559,0.018,0,0,0,0,v
2014-04-01 05:06,6.582,0.017,0,0,0,0,v
2014-04-01 05:12,6.598,0.022,0,0,0,0,v
2014-04-01 05:18,6.605,0.018,0,0,0,0,v
2014-04-01 05:24,6.608,0.015,0,0,0,0,v
2014-04-01 05:30,6.605,0.018,0,0,0,0,v
2014-04-01 05:36,6.619,0.015,0,0,0,0,v
2014-04-01 05:42,6.620,0.016,0,0,0,0,v
2014-04-01 05:48,6.612,0.018,0,0,0,0,v
2014-04-01 05:54,6.637,0.017,0,0,0,0,v
2014-04-01 06:00,6.661,0.017,0,0,0,0,v
2014-04-01 06:06,6.669,0.021,0,0,0,0,v
2014-04-01 06:12,6.682,0.021,0,0,0,0,v
2014-04-01 06:18,6.707,0.021,0,0,0,0,v
2014-04-01 06:24,6.735,0.017,0,0,0,0,v
2014-04-01 06:30,6.737,0.017,0,0,0,0,v
2014-04-01 06:36,6.756,0.017,0,0,0,0,v
2014-04-01 06:42,6.762,0.021,0,0,0,0,v
2014-04-01 06:48,6.781,0.019,0,0,0,0,v
2014-04-01 06:54,6.786,0.018,0,0,0,0,v
2014-04-01 07:00,6.806,0.015,0,0,0,0,v
2014-04-01 07:06,6.804,0.018,0,0,0,0,v
2014-04-01 07:12,6.806,0.016,0,0,0,0,v
2014-04-01 07:18,6.827,0.019,0,0,0,0,v
2014-04-01 07:24,6.810,0.021,0,0,0,0,v
2014-04-01 07:30,6.832,0.018,0,0,0,0,v
2014-04-01 07:36,6.841,0.018,0,0,0,0,v
2014-04-01 07:42,6.848,0.017,0,0,0,0,v
2014-04-01 07:48,6.870,0.016,0,0,0,0,v
2014-04-01 07:54,6.851,0.019,0,0,0,0,v
2014-04-01 08:00,6.867,0.023,0,0,0,0,v
2014-04-01 08:06,6.886,0.019,0,0,0,0,v
2014-04-01 08:12,6.909,0.016,0,0,0,0,v
2014-04-01 08:18,6.915,0.024,0,0,0,0,v
2014-04-01 08:24,6.934,0.021,0,0,0,0,v
2014-04-01 08:30,6.925,0.018,0,0,0,0,v
2014-04-01 08:36,6.933,0.019,0,0,0,0,v
2014-04-01 08:42,6.932,0.017,0,0,0,0,v
2014-04-01 08:48,6.918,0.018,0,0,0,0,v
2014-04-01 08:54,6.938,0.018,0,0,0,0,v
2014-04-01 09:00,6.923,0.019,0,0,0,0,v
2014-04-01 09:06,6.931,0.017,0,0,0,0,v
2014-04-01 09:12,6.932,0.017,0,0,0,0,v
2014-04-01 09:18,6.924,0.019,0,0,0,0,v
2014-04-01 09:24,6.937,0.016,0,0,0,0,v
2014-04-01 09:30,6.945,0.014,0,0,0,0,v
2014-04-01 09:36,6.954,0.018,0,0,0,0,v
2014-04-01 09:42,6.953,0.017,0,0,0,0,v
2014-04-01 09:48,6.959,0.017,0,0,0,0,v
2014-04-01 09:54,6.963,0.017,0,0,0,0,v
2014-04-01 10:00,6.969,0.015,0,0,0,0,v
2014-04-01 10:06,6.962,0.018,0,0,0,0,v
2014-04-01 10:12,6.982,0.017,0,0,0,0,v
2014-04-01 10:18,6.994,0.017,0,0,0,0,v
2014-04-01 10:24,6.986,0.020,0,0,0,0,v
2014-04-01 10:30,6.990,0.015,0,0,0,0,v
2014-04-01 10:36,6.984,0.020,0,0,0,0,v
2014-04-01 10:42,6.982,0.019,0,0,0,0,v
2014-04-01 10:48,6.980,0.017,0,0,0,0,v
2014-04-01 10:54,6.982,0.016,0,0,0,0,v
2014-04-01 11:00,6.992,0.014,0,0,0,0,v
2014-04-01 11:06,6.988,0.016,0,0,0,0,v
2014-04-01 11:12,6.990,0.018,0,0,0,0,v
2014-04-01 11:18,6.991,0.014,0,0,0,0,v
2014-04-01 11:24,6.985,0.018,0,0,0,0,v
2014-04-01 11:30,6.991,0.016,0,0,0,0,v
2014-04-01 11:36,6.991,0.013,0,0,0,0,v
2014-04-01 11:42,6.983,0.015,0,0,0,0,v
2014-04-01 11:48,6.978,0.017,0,0,0,0,v
2014-04-01 11:54,6.956,0.016,0,0,0,0,v
2014-04-01 12:00,6.975,0.018,0,0,0,0,v
2014-04-01 12:06,6.972,0.018,0,0,0,0,v
2014-04-01 12:12,6.976,0.015,0,0,0,0,v
2014-04-01 12:18,6.956,0.016,0,0,0,0,v
2014-04-01 12:24,6.949,0.016,0,0,0,0,v
2014-04-01 12:30,6.953,0.014,0,0,0,0,v
2014-04-01 12:36,6.948,0.014,0,0,0,0,v
2014-04-01 12:42,6.958,0.016,0,0,0,0,v
2014-04-01 12:48,6.949,0.017,0,0,0,0,v
2014-04-01 12:54,6.951,0.016,0,0,0,0,v
2014-04-01 13:00,6.967,0.015,0,0,0,0,v
2014-04-01 13:06,6.965,0.018,0,0,0,0,v
2014-04-01 13:12,6.961,0.017,0,0,0,0,v
2014-04-01 13:18,6.945,0.017,0,0,0,0,v
2014-04-01 13:24,6.926,0.017,0,0,0,0,v
2014-04-01 13:30,6.923,0.017,0,0,0,0,v
2014-04-01 13:36,6.907,0.015,0,0,0,0,v
2014-04-01 13:42,6.912,0.016,0,0,0,0,v
2014-04-01 13:48,6.918,0.015,0,0,0,0,v
2014-04-01 13:54,6.902,0.016,0,0,0,0,v
2014-04-01 14:00,6.895,0.015,0,0,0,0,v
2014-04-01 14:06,6.891,0.015,0,0,0,0,v
2014-04-01 14:12,6.894,0.012,0,0,0,0,v
2014-04-01 14:18,6.891,0.014,0,0,0,0,v
2014-04-01 14:24,6.884,0.017,0,0,0,0,v
2014-04-01 14:30,6.876,0.016,0,0,0,0,v
2014-04-01 14:36,6.876,0.015,0,0,0,0,v
2014-04-01 14:42,6.862,0.016,0,0,0,0,v
2014-04-01 14:48,6.864,0.015,0,0,0,0,v
2014-04-01 14:54,6.861,0.016,0,0,0,0,v
2014-04-01 15:00,6.856,0.016,0,0,0,0,v
2014-04-01 15:06,6.867,0.015,0,0,0,0,v
2014-04-01 15:12,6.862,0.016,0,0,0,0,v
2014-04-01 15:18,6.853,0.013,0,0,0,0,v
2014-04-01 15:24,6.855,0.013,0,0,0,0,v
2014-04-01 15:30,6.838,0.015,0,0,0,0,v
2014-04-01 15:36,6.824,0.017,0,0,0,0,v
2014-04-01 15:42,6.817,0.015,0,0,0,0,v
2014-04-01 15:48,6.824,0.015,0,0,0,0,v
2014-04-01 15:54,6.811,0.013,0,0,0,0,v
2014-04-01 16:00,6.795,0.017,0,0,0,0,v
2014-04-01 16:06,6.791,0.015,0,0,0,0,v
2014-04-01 16:12,6.797,0.017,0,0,0,0,v
2014-04-01 16:18,6.783,0.016,0,0,0,0,v
2014-04-01 16:24,6.781,0.014,0,0,0,0,v
2014-04-01 16:30,6.777,0.013,0,0,0,0,v
2014-04-01 16:36,6.797,0.013,0,0,0,0,v
2014-04-01 16:42,6.795,0.018,0,0,0,0,v
2014-04-01 16:48,6.799,0.013,0,0,0,0,v
2014-04-01 16:54,6.797,0.015,0,0,0,0,v
2014-04-01 17:00,6.798,0.013,0,0,0,0,v
2014-04-01 17:06,6.789,0.013,0,0,0,0,v
2014-04-01 17:12,6.789,0.016,0,0,0,0,v
2014-04-01 17:18,6.795,0.014,0,0,0,0,v
2014-04-01 17:24,6.801,0.015,0,0,0,0,v
2014-04-01 17:30,6.789,0.014,0,0,0,0,v
2014-04-01 17:36,6.790,0.014,0,0,0,0,v
2014-04-01 17:42,6.795,0.014,0,0,0,0,v
2014-04-01 17:48,6.794,0.015,0,0,0,0,v
2014-04-01 17:54,6.811,0.014,0,0,0,0,v
2014-04-01 18:00,6.807,0.013,0,0,0,0,v
2014-04-01 18:06,6.807,0.017,0,0,0,0,v
2014-04-01 18:12,6.790,0.015,0,0,0,0,v
2014-04-01 18:18,6.798,0.015,0,0,0,0,v
2014-04-01 18:24,6.796,0.015,0,0,0,0,v
2014-04-01 18:30,6.799,0.016,0,0,0,0,v
2014-04-01 18:36,6.791,0.014,0,0,0,0,v
2014-04-01 18:42,6.793,0.014,0,0,0,0,v
2014-04-01 18:48,6.789,0.015,0,0,0,0,v
2014-04-01 18:54,6.784,0.015,0,0,0,0,v
2014-04-01 19:00,6.773,0.014,0,0,0,0,v
2014-04-01 19:06,6.778,0.014,0,0,0,0,v
2014-04-01 19:12,6.775,0.015,0,0,0,0,v
2014-04-01 19:18,6.785,0.014,0,0,0,0,v
2014-04-01 19:24,6.799,0.013,0,0,0,0,v
2014-04-01 19:30,6.786,0.017,0,0,0,0,v
2014-04-01 19:36,6.793,0.013,0,0,0,0,v
2014-04-01 19:42,6.817,0.014,0,0,0,0,v
2014-04-01 19:48,6.813,0.012,0,0,0,0,v
2014-04-01 19:54,6.824,0.014,0,0,0,0,v
2014-04-01 20:00,6.822,0.013,0,0,0,0,v
2014-04-01 20:06,6.821,0.014,0,0,0,0,v
2014-04-01 20:12,6.826,0.014,0,0,0,0,v
2014-04-01 20:18,6.828,0.016,0,0,0,0,v
2014-04-01 20:24,6.838,0.016,0,0,0,0,v
2014-04-01 20:30,6.828,0.016,0,0,0,0,v
2014-04-01 20:36,6.829,0.013,0,0,0,0,v
2014-04-01 20:42,6.822,0.015,0,0,0,0,v
2014-04-01 20:48,6.828,0.014,0,0,0,0,v
2014-04-01 20:54,6.820,0.014,0,0,0,0,v
2014-04-01 21:00,6.813,0.013,0,0,0,0,v
2014-04-01 21:06,6.808,0.016,0,0,0,0,v
2014-04-01 21:12,6.816,0.012,0,0,0,0,v
2014-04-01 21:18,6.815,0.012,0,0,0,0,v
2014-04-01 21:24,6.818,0.014,0,0,0,0,v
2014-04-01 21:30,6.800,0.013,0,0,0,0,v
2014-04-01 21:36,6.778,0.013,0,0,0,0,v
2014-04-01 21:42,6.770,0.015,0,0,0,0,v
2014-04-01 21:48,6.768,0.012,0,0,0,0,v
2014-04-01 21:54,6.783,0.014,0,0,0,0,v
2014-04-01 22:00,6.785,0.014,0,0,0,0,v
2014-04-01 22:06,6.787,0.014,0,0,0,0,v
2014-04-01 22:12,6.781,0.012,0,0,0,0,v
2014-04-01 22:18,6.779,0.014,0,0,0,0,v
2014-04-01 22:24,6.776,0.013,0,0,0,0,v
2014-04-01 22:30,6.766,0.013,0,0,0,0,v
2014-04-01 22:36,6.759,0.013,0,0,0,0,v
2014-04-01 22:42,6.752,0.011,0,0,0,0,v
2014-04-01 22:48,6.733,0.014,0,0,0,0,v
2014-04-01 22:54,6.701,0.013,0,0,0,0,v
2014-04-01 23:00,6.692,0.014,0,0,0,0,v
2014-04-01 23:06,6.711,0.013,0,0,0,0,v
2014-04-01 23:12,6.699,0.012,0,0,0,0,v
2014-04-01 23:18,6.706,0.011,0,0,0,0,v
2014-04-01 23:24,6.708,0.013,0,0,0,0,v
2014-04-01 23:30,6.705,0.014,0,0,0,0,v
2014-04-01 23:36,6.688,0.013,0,0,0,0,v
2014-04-01 23:42,6.663,0.014,0,0,0,0,v
2014-04-01 23:48,6.664,0.015,0,0,0,0,v
2014-04-01 23:54,6.667,0.014,0,0,0,0,v
2014-04-02 00:00,6.653,0.014,0,0,0,0,v
2014-04-02 00:06,6.634,0.012,0,0,0,0,v
2014-04-02 00:12,6.632,0.013,0,0,0,0,v
2014-04-02 00:18,6.625,0.013,0,0,0,0,v
2014-04-02 00:24,6.610,0.014,0,0,0,0,v
2014-04-02 00:30,6.602,0.016,0,0,0,0,v
2014-04-02 00:36,6.587,0.012,0,0,0,0,v
2014-04-02 00:42,6.570,0.016,0,0,0,0,v
2014-04-02 00:48,6.576,0.013,0,0,0,0,v
2014-04-02 00:54,6.561,0.013,0,0,0,0,v
2014-04-02 01:00,6.556,0.012,0,0,0,0,v
2014-04-02 01:06,6.539,0.012,0,0,0,0,v
2014-04-02 01:12,6.531,0.016,0,0,0,0,v
2014-04-02 01:18,6.530,0.013,0,0,0,0,v
2014-04-02 01:24,6.526,0.016,0,0,0,0,v
2014-04-02 01:30,6.523,0.011,0,0,0,0,v
2014-04-02 01:36,6.521,0.012,0,0,0,0,v
2014-04-02 01:42,6.514,0.011,0,0,0,0,v
2014-04-02 01:48,6.506,0.012,0,0,0,0,v
2014-04-02 01:54,6.505,0.012,0,0,0,0,v
2014-04-02 02:00,6.490,0.013,0,0,0,0,v
2014-04-02 02:06,6.503,0.016,0,0,0,0,v
2014-04-02 02:12,6.488,0.015,0,0,0,0,v
2014-04-02 02:18,6.485,0.013,0,0,0,0,v
2014-04-02 02:24,6.474,0.012,0,0,0,0,v
2014-04-02 02:30,6.462,0.015,0,0,0,0,v
2014-04-02 02:36,6.457,0.010,0,0,0,0,v
2014-04-02 02:42,6.452,0.013,0,0,0,0,v
2014-04-02 02:48,6.448,0.013,0,0,0,0,v
2014-04-02 02:54,6.453,0.012,0,0,0,0,v
2014-04-02 03:00,6.454,0.012,0,0,0,0,v
2014-04-02 03:06,6.448,0.014,0,0,0,0,v
2014-04-02 03:12,6.446,0.015,0,0,0,0,v
2014-04-02 03:18,6.438,0.015,0,0,0,0,v
2014-04-02 03:24,6.444,0.012,0,0,0,0,v
2014-04-02 03:30,6.455,0.012,0,0,0,0,v
2014-04-02 03:36,6.460,0.013,0,0,0,0,v
2014-04-02 03:42,6.470,0.014,0,0,0,0,v
2014-04-02 03:48,6.464,0.014,0,0,0,0,v
2014-04-02 03:54,6.463,0.012,0,0,0,0,v
2014-04-02 04:00,6.476,0.016,0,0,0,0,v
2014-04-02 04:06,6.478,0.015,0,0,0,0,v
2014-04-02 04:12,6.486,0.012,0,0,0,0,v
2014-04-02 04:18,6.489,0.012,0,0,0,0,v
2014-04-02 04:24,6.473,0.014,0,0,0,0,v
2014-04-02 04:30,6.476,0.014,0,0,0,0,v
2014-04-02 04:36,6.478,0.012,0,0,0,0,v
2014-04-02 04:42,6.488,0.012,0,0,0,0,v
2014-04-02 04:48,6.484,0.014,0,0,0,0,v
2014-04-02 04:54,6.474,0.014,0,0,0,0,v
2014-04-02 05:00,6.489,0.015,0,0,0,0,v
2014-04-02 05:06,6.481,0.012,0,0,0,0,v
2014-04-02 05:12,6.482,0.015,0,0,0,0,v
2014-04-02 05:18,6.492,0.014,0,0,0,0,v
2014-04-02 05:24,6.495,0.014,0,0,0,0,v
2014-04-02 05:30,6.512,0.014,0,0,0,0,v
2014-04-02 05:36,6.519,0.016,0,0,0,0,v
2014-04-02 05:42,6.499,0.015,0,0,0,0,v
2014-04-02 05:48,6.501,0.020,0,0,0,0,v
2014-04-02 05:54,6.530,0.016,0,0,0,0,v
2014-04-02 06:00,6.532,0.013,0,0,0,0,v
2014-04-02 06:06,6.528,0.018,0,0,0,0,v
2014-04-02 06:12,6.550,0.014,0,0,0,0,v
2014-04-02 06:18,6.578,0.014,0,0,0,0,v
2014-04-02 06:24,6.564,0.014,0,0,0,0,v
2014-04-02 06:30,6.582,0.012,0,0,0,0,v
2014-04-02 06:36,6.584,0.017,0,0,0,0,v
2014-04-02 06:42,6.603,0.013,0,0,0,0,v
2014-04-02 06:48,6.612,0.016,0,0,0,0,v
2014-04-02 06:54,6.635,0.016,0,0,0,0,v
2014-04-02 07:00,6.628,0.014,0,0,0,0,v
2014-04-02 07:06,6.628,0.013,0,0,0,0,v
2014-04-02 07:12,6.631,0.016,0,0,0,0,v
2014-04-02 07:18,6.640,0.014,0,0,0,0,v
2014-04-02 07:24,6.655,0.015,0,0,0,0,v
2014-04-02 07:30,6.657,0.016,0,0,0,0,v
2014-04-02 07:36,6.673,0.015,0,0,0,0,v
2014-04-02 07:42,6.675,0.014,0,0,0,0,v
2014-04-02 07:48,6.687,0.016,0,0,0,0,v
2014-04-02 07:54,6.693,0.017,0,0,0,0,v
2014-04-02 08:00,6.708,0.016,0,0,0,0,v
2014-04-02 08:06,6.727,0.015,0,0,0,0,v
2014-04-02 08:12,6.730,0.016,0,0,0,0,v
2014-04-02 08:18,6.741,0.016,0,0,0,0,v
2014-04-02 08:24,6.765,0.015,0,0,0,0,v
2014-04-02 08:30,6.782,0.015,0,0,0,0,v
2014-04-02 08:36,6.796,0.014,0,0,0,0,v
2014-04-02 08:42,6.788,0.014,0,0,0,0,v
2014-04-02 08:48,6.799,0.014,0,0,0,0,v
2014-04-02 08:54,6.817,0.013,0,0,0,0,v
2014-04-02 09:00,6.825,0.014,0,0,0,0,v
2014-04-02 09:06,6.850,0.013,0,0,0,0,v
2014-04-02 09:12,6.847,0.013,0,0,0,0,v
2014-04-02 09:18,6.871,0.014,0,0,0,0,v
2014-04-02 09:24,6.863,0.014,0,0,0,0,v
2014-04-02 09:30,6.869,0.015,0,0,0,0,v
2014-04-02 09:36,6.884,0.015,0,0,0,0,v
2014-04-02 09:42,6.891,0.014,0,0,0,0,v
2014-04-02 09:48,6.909,0.014,0,0,0,0,v
2014-04-02 09:54,6.904,0.013,0,0,0,0,v
2014-04-02 10:00,6.912,0.013,0,0,0,0,v
2014-04-02 10:06,6.941,0.013,0,0,0,0,v
2014-04-02 10:12,6.943,0.010,0,0,0,0,v
2014-04-02 10:18,6.952,0.011,0,0,0,0,v
2014-04-02 10:24,6.946,0.012,0,0,0,0,v
2014-04-02 10:30,6.946,0.013,0,0,0,0,v
2014-04-02 10:36,6.947,0.011,0,0,0,0,v
2014-04-02 10:42,6.949,0.014,0,0,0,0,v
2014-04-02 10:48,6.955,0.015,0,0,0,0,v
2014-04-02 10:54,6.958,0.011,0,0,0,0,v
2014-04-02 11:00,6.966,0.014,0,0,0,0,v
2014-04-02 11:06,6.964,0.012,0,0,0,0,v
2014-04-02 11:12,6.970,0.011,0,0,0,0,v
2014-04-02 11:18,6.960,0.013,0,0,0,0,v
2014-04-02 11:24,6.954,0.013,0,0,0,0,v
2014-04-02 11:30,6.964,0.013,0,0,0,0,v
2014-04-02 11:36,6.964,0.013,0,0,0,0,v
2014-04-02 11:42,6.960,0.012,0,0,0,0,v
2014-04-02 11:48,6.967,0.011,0,0,0,0,v
2014-04-02 11:54,6.966,0.011,0,0,0,0,v
2014-04-02 12:00,6.963,0.012,0,0,0,0,v
2014-04-02 12:06,6.966,0.012,0,0,0,0,v
2014-04-02 12:12,6.944,0.011,0,0,0,0,v
2014-04-02 12:18,6.955,0.011,0,0,0,0,v
2014-04-02 12:24,6.939,0.010,0,0,0,0,v
2014-04-02 12:30,6.941,0.012,0,0,0,0,v
2014-04-02 12:36,6.941,0.010,0,0,0,0,v
2014-04-02 12:42,6.942,0.012,0,0,0,0,v
2014-04-02 12:48,6.943,0.012,0,0,0,0,v
2014-04-02 12:54,6.929,0.010,0,0,0,0,v
2014-04-02 13:00,6.935,0.013,0,0,0,0,v
2014-04-02 13:06,6.929,0.013,0,0,0,0,v
2014-04-02 13:12,6.932,0.012,0,0,0,0,v
2014-04-02 13:18,6.936,0.013,0,0,0,0,v
2014-04-02 13:24,6.930,0.013,0,0,0,0,v
2014-04-02 13:30,6.941,0.012,0,0,0,0,v
2014-04-02 13:36,6.945,0.011,0,0,0,0,v
2014-04-02 13:42,6.946,0.012,0,0,0,0,v
2014-04-02 13:48,6.954,0.012,0,0,0,0,v
2014-04-02 13:54,6.942,0.013,0,0,0,0,v
2014-04-02 14:00,6.945,0.012,0,0,0,0,v
2014-04-02 14:06,6.931,0.013,0,0,0,0,v
2014-04-02 14:12,6.935,0.011,0,0,0,0,v
2014-04-02 14:18,6.924,0.012,0,0,0,0,v
2014-04-02 14:24,6.919,0.013,0,0,0,0,v
2014-04-02 14:30,6.904,0.011,0,0,0,0,v
2014-04-02 14:36,6.932,0.010,0,0,0,0,v
2014-04-02 14:42,6.923,0.012,0,0,0,0,v
2014-04-02 14:48,6.930,0.012,0,0,0,0,v
2014-04-02 14:54,6.917,0.013,0,0,0,0,v
2014-04-02 15:00,6.909,0.011,0,0,0,0,v
2014-04-02 15:06,6.909,0.012,0,0,0,0,v
2014-04-02 15:12,6.890,0.012,0,0,0,0,v
2014-04-02 15:18,6.913,0.011,0,0,0,0,v
2014-04-02 15:24,6.894,0.012,0,0,0,0,v
2014-04-02 15:30,6.885,0.011,0,0,0,0,v
2014-04-02 15:36,6.887,0.011,0,0,0,0,v
2014-04-02 15:42,6.878,0.013,0,0,0,0,v
2014-04-02 15:48,6.874,0.014,0,0,0,0,v
2014-04-02 15:54,6.874,0.011,0,0,0,0,v
2014-04-02 16:00,6.854,0.011,0,0,0,0,v
2014-04-02 16:06,6.865,0.012,0,0,0,0,v
2014-04-02 16:12,6.847,0.012,0,0,0,0,v
2014-04-02 16:18,6.839,0.011,0,0,0,0,v
2014-04-02 16:24,6.832,0.012,0,0,0,0,v
2014-04-02 16:30,6.836,0.012,0,0,0,0,v
2014-04-02 16:36,6.804,0.014,0,0,0,0,v
2014-04-02 16:42,6.804,0.012,0,0,0,0,v
2014-04-02 16:48,6.804,0.013,0,0,0,0,v
2014-04-02 16:54,6.797,0.014,0,0,0,0,v
2014-04-02 17:00,6.816,0.013,0,0,0,0,v
2014-04-02 17:06,6.803,0.012,0,0,0,0,v
2014-04-02 17:12,6.806,0.013,0,0,0,0,v
2014-04-02 17:18,6.788,0.013,0,0,0,0,v
2014-04-02 17:24,6.764,0.013,0,0,0,0,v
2014-04-02 17:30,6.767,0.015,0,0,0,0,v
2014-04-02 17:36,6.762,0.012,0,0,0,0,v
2014-04-02 17:42,6.766,0.017,0,0,0,0,v
2014-04-02 17:48,6.763,0.012,0,0,0,0,v
2014-04-02 17:54,6.757,0.013,0,0,0,0,v
2014-04-02 18:00,6.746,0.011,0,0,0,0,v
2014-04-02 18:06,6.755,0.014,0,0,0,0,v
2014-04-02 18:12,6.745,0.014,0,0,0,0,v
2014-04-02 18:18,6.761,0.013,0,0,0,0,v
2014-04-02 18:24,6.749,0.015,0,0,0,0,v
2014-04-02 18:30,6.750,0.015,0,0,0,0,v
2014-04-02 18:36,6.764,0.015,0,0,0,0,v
2014-04-02 18:42,6.758,0.015,0,0,0,0,v
2014-04-02 18:48,6.764,0.016,0,0,0,0,v
2014-04-02 18:54,6.769,0.019,0,0,0,0,v
2014-04-02 19:00,6.769,0.017,0,0,0,0,v
2014-04-02 19:06,6.776,0.020,0,0,0,0,v
2014-04-02 19:12,6.778,0.017,0,0,0,0,v
2014-04-02 19:18,6.783,0.016,0,0,0,0,v
2014-04-02 19:24,6.797,0.019,0,0,0,0,v
2014-04-02 19:30,6.804,0.020,0,0,0,0,v
2014-04-02 19:36,6.796,0.021,0,0,0,0,v
2014-04-02 19:42,6.798,0.024,0,0,0,0,v
2014-04-02 19:48,6.811,0.019,0,0,0,0,v
2014-04-02 19:54,6.787,0.020,0,0,0,0,v
2014-04-02 20:00,6.788,0.023,0,0,0,0,v
2014-04-02 20:06,6.795,0.024,0,0,0,0,v
2014-04-02 20:12,6.793,0.022,0,0,0,0,v
2014-04-02 20:18,6.790,0.023,0,0,0,0,v
2014-04-02 20:24,6.798,0.023,0,0,0,0,v
2014-04-02 20:30,6.788,0.025,0,0,0,0,v
2014-04-02 20:36,6.800,0.023,0,0,0,0,v
2014-04-02 20:42,6.791,0.023,0,0,0,0,v
2014-04-02 20:48,6.788,0.023,0,0,0,0,v
2014-04-02 20:54,6.791,0.026,0,0,0,0,v
2014-04-02 21:00,6.788,0.022,0,0,0,0,v
2014-04-02 21:06,6.767,0.022,0,0,0,0,v
2014-04-02 21:12,6.781,0.020,0,0,0,0,v
2014-04-02 21:18,6.773,0.030,0,0,0,0,v
2014-04-02 21:24,6.774,0.026,0,0,0,0,v
2014-04-02 21:30,6.774,0.022,0,0,0,0,v
2014-04-02 21:36,6.783,0.023,0,0,0,0,v
2014-04-02 21:42,6.766,0.025,0,0,0,0,v
2014-04-02 21:48,6.762,0.021,0,0,0,0,v
2014-04-02 21:54,6.751,0.025,0,0,0,0,v
2014-04-02 22:00,6.737,0.024,0,0,0,0,v
2014-04-02 22:06,6.736,0.025,0,0,0,0,v
2014-04-02 22:12,6.736,0.020,0,0,0,0,v
2014-04-02 22:18,6.733,0.020,0,0,0,0,v
2014-04-02 22:24,6.728,0.024,0,0,0,0,v
2014-04-02 22:30,6.723,0.025,0,0,0,0,v
2014-04-02 22:36,6.711,0.024,0,0,0,0,v
2014-04-02 22:42,6.703,0.030,0,0,0,0,v
2014-04-02 22:48,6.706,0.025,0,0,0,0,v
2014-04-02 22:54,6.688,0.024,0,0,0,0,v
2014-04-02 23:00,6.690,0.022,0,0,0,0,v
2014-04-02 23:06,6.676,0.026,0,0,0,0,v
2014-04-02 23:12,6.665,0.024,0,0,0,0,v
2014-04-02 23:18,6.673,0.023,0,0,0,0,v
2014-04-02 23:24,6.649,0.027,0,0,0,0,v
2014-04-02 23:30,6.646,0.024,0,0,0,0,v
2014-04-02 23:36,6.647,0.022,0,0,0,0,v
2014-04-02 23:42,6.639,0.027,0,0,0,0,v
2014-04-02 23:48,6.634,0.025,0,0,0,0,v
2014-04-02 23:54,6.620,0.021,0,0,0,0,v
2014-04-03 00:00,6.592,0.021,0,0,0,0,v
2014-04-03 00:06,6.596,0.023,0,0,0,0,v
2014-04-03 00:12,6.578,0.025,0,0,0,0,v
2014-04-03 00:18,6.566,0.024,0,0,0,0,v
2014-04-03 00:24,6.565,0.028,0,0,0,0,v
2014-04-03 00:30,6.578,0.022,0,0,0,0,v
2014-04-03 00:36,6.548,0.020,0,0,0,0,v
2014-04-03 00:42,6.537,0.026,0,0,0,0,v
2014-04-03 00:48,6.541,0.020,0,0,0,0,v
2014-04-03 00:54,6.545,0.021,0,0,0,0,v
2014-04-03 01:00,6.537,0.025,0,0,0,0,v
2014-04-03 01:06,6.526,0.024,0,0,0,0,v
2014-04-03 01:12,6.526,0.020,0,0,0,0,v
2014-04-03 01:18,6.529,0.022,0,0,0,0,v
2014-04-03 01:24,6.528,0.022,0,0,0,0,v
2014-04-03 01:30,6.522,0.027,0,0,0,0,v
2014-04-03 01:36,6.506,0.025,0,0,0,0,v
2014-04-03 01:42,6.513,0.024,0,0,0,0,v
2014-04-03 01:48,6.499,0.027,0,0,0,0,v
2014-04-03 01:54,6.502,0.019,0,0,0,0,v
2014-04-03 02:00,6.499,0.019,0,0,0,0,v
2014-04-03 02:06,6.489,0.023,0,0,0,0,v
2014-04-03 02:12,6.480,0.024,0,0,0,0,v
2014-04-03 02:18,6.448,0.019,0,0,0,0,v
2014-04-03 02:24,6.436,0.024,0,0,0,0,v
2014-04-03 02:30,6.440,0.022,0,0,0,0,v
2014-04-03 02:36,6.428,0.021,0,0,0,0,v
2014-04-03 02:42,6.389,0.026,0,0,0,0,v
2014-04-03 02:48,6.379,0.023,0,0,0,0,v
2014-04-03 02:54,6.391,0.019,0,0,0,0,v
2014-04-03 03:00,6.367,0.023,0,0,0,0,v
2014-04-03 03:06,6.368,0.019,0,0,0,0,v
2014-04-03 03:12,6.376,0.026,0,0,0,0,v
2014-04-03 03:18,6.365,0.025,0,0,0,0,v
2014-04-03 03:24,6.361,0.024,0,0,0,0,v
2014-04-03 03:30,6.369,0.021,0,0,0,0,v
2014-04-03 03:36,6.359,0.018,0,0,0,0,v
2014-04-03 03:42,6.349,0.022,0,0,0,0,v
2014-04-03 03:48,6.349,0.023,0,0,0,0,v
2014-04-03 03:54,6.337,0.022,0,0,0,0,v
2014-04-03 04:00,6.337,0.021,0,0,0,0,v
2014-04-03 04:06,6.342,0.022,0,0,0,0,v
2014-04-03 04:12,6.325,0.019,0,0,0,0,v
2014-04-03 04:18,6.331,0.021,0,0,0,0,v
2014-04-03 04:24,6.345,0.016,0,0,0,0,v
2014-04-03 04:30,6.338,0.021,0,0,0,0,v
2014-04-03 04:36,6.348,0.020,0,0,0,0,v
2014-04-03 04:42,6.349,0.019,0,0,0,0,v
2014-04-03 04:48,6.344,0.020,0,0,0,0,v
2014-04-03 04:54,6.338,0.025,0,0,0,0,v
2014-04-03 05:00,6.350,0.015,0,0,0,0,v
2014-04-03 05:06,6.341,0.024,0,0,0,0,v
2014-04-03 05:12,6.341,0.023,0,0,0,0,v
2014-04-03 05:18,6.342,0.022,0,0,0,0,v
2014-04-03 05:24,6.351,0.017,0,0,0,0,v
2014-04-03 05:30,6.364,0.021,0,0,0,0,v
2014-04-03 05:36,6.363,0.028,0,0,0,0,v
2014-04-03 05:42,6.367,0.021,0,0,0,0,v
2014-04-03 05:48,6.377,0.022,0,0,0,0,v
2014-04-03 05:54,6.375,0.023,0,0,0,0,v
2014-04-03 06:00,6.396,0.018,0,0,0,0,v
2014-04-03 06:06,6.397,0.023,0,0,0,0,v
2014-04-03 06:12,6.411,0.015,0,0,0,0,v
2014-04-03 06:18,6.424,0.016,0,0,0,0,v
2014-04-03 06:24,6.419,0.025,0,0,0,0,v
2014-04-03 06:30,6.433,0.022,0,0,0,0,v
2014-04-03 06:36,6.431,0.025,0,0,0,0,v
2014-04-03 06:42,6.439,0.028,0,0,0,0,v
2014-04-03 06:48,6.450,0.024,0,0,0,0,v
2014-04-03 06:54,6.446,0.020,0,0,0,0,v
2014-04-03 07:00,6.444,0.016,0,0,0,0,v
2014-04-03 07:06,6.438,0.024,0,0,0,0,v
2014-04-03 07:12,6.471,0.023,0,0,0,0,v
2014-04-03 07:18,6.485,0.018,0,0,0,0,v
2014-04-03 07:24,6.494,0.020,0,0,0,0,v
2014-04-03 07:30,6.513,0.019,0,0,0,0,v
2014-04-03 07:36,6.509,0.020,0,0,0,0,v
2014-04-03 07:42,6.516,0.023,0,0,0,0,v
2014-04-03 07:48,6.527,0.023,0,0,0,0,v
2014-04-03 07:54,6.543,0.021,0,0,0,0,v
2014-04-03 08:00,6.544,0.025,0,0,0,0,v
2014-04-03 08:06,6.551,0.029,0,0,0,0,v
2014-04-03 08:12,6.570,0.022,0,0,0,0,v
2014-04-03 08:18,6.586,0.019,0,0,0,0,v
2014-04-03 08:24,6.599,0.021,0,0,0,0,v
2014-04-03 08:30,6.616,0.015,0,0,0,0,v
2014-04-03 08:36,6.627,0.020,0,0,0,0,v
2014-04-03 08:42,6.633,0.019,0,0,0,0,v
2014-04-03 08:48,6.647,0.015,0,0,0,0,v
2014-04-03 08:54,6.661,0.021,0,0,0,0,v
2014-04-03 09:00,6.672,0.024,0,0,0,0,v
2014-04-03 09:06,6.697,0.022,0,0,0,0,v
2014-04-03 09:12,6.720,0.021,0,0,0,0,v
2014-04-03 09:18,6.726,0.017,0,0,0,0,v
2014-04-03 09:24,6.734,0.024,0,0,0,0,v
2014-04-03 09:30,6.758,0.017,0,0,0,0,v
2014-04-03 09:36,6.760,0.023,0,0,0,0,v
2014-04-03 09:42,6.755,0.017,0,0,0,0,v
2014-04-03 09:48,6.761,0.021,0,0,0,0,v
2014-04-03 09:54,6.777,0.021,0,0,0,0,v
2014-04-03 10:00,6.777,0.025,0,0,0,0,v
2014-04-03 10:06,6.790,0.027,0,0,0,0,v
2014-04-03 10:12,6.797,0.018,0,0,0,0,v
2014-04-03 10:18,6.808,0.021,0,0,0,0,v
2014-04-03 10:24,6.809,0.020,0,0,0,0,v
2014-04-03 10:30,6.808,0.022,0,0,0,0,v
2014-04-03 10:36,6.825,0.017,0,0,0,0,v
2014-04-03 10:42,6.842,0.024,0,0,0,0,v
2014-04-03 10:48,6.859,0.024,0,0,0,0,v
2014-04-03 10:54,6.870,0.023,0,0,0,0,v
2014-04-03 11:00,6.848,0.024,0,0,0,0,v
2014-04-03 11:06,6.836,0.028,0,0,0,0,v
2014-04-03 11:12,6.865,0.018,0,0,0,0,v
2014-04-03 11:18,6.854,0.023,0,0,0,0,v
2014-04-03 11:24,6.868,0.022,0,0,0,0,v
2014-04-03 11:30,6.877,0.020,0,0,0,0,v
2014-04-03 11:36,6.874,0.018,0,0,0,0,v
2014-04-03 11:42,6.884,0.022,0,0,0,0,v
2014-04-03 11:48,6.882,0.026,0,0,0,0,v
2014-04-03 11:54,6.884,0.030,0,0,0,0,v
2014-04-03 12:00,6.895,0.015,0,0,0,0,v
2014-04-03 12:06,6.907,0.025,0,0,0,0,v
2014-04-03 12:12,6.922,0.018,0,0,0,0,v
2014-04-03 12:18,6.903,0.025,0,0,0,0,v
2014-04-03 12:24,6.912,0.023,0,0,0,0,v
2014-04-03 12:30,6.905,0.023,0,0,0,0,v
2014-04-03 12:36,6.910,0.019,0,0,0,0,v
2014-04-03 12:42,6.909,0.026,0,0,0,0,v
2014-04-03 12:48,6.919,0.023,0,0,0,0,v
2014-04-03 12:54,6.917,0.021,0,0,0,0,v
2014-04-03 13:00,6.914,0.017,0,0,0,0,v
2014-04-03 13:06,6.895,0.019,0,0,0,0,v
2014-04-03 13:12,6.893,0.021,0,0,0,0,v
2014-04-03 13:18,6.883,0.025,0,0,0,0,v
2014-04-03 13:24,6.898,0.022,0,0,0,0,v
2014-04-03 13:30,6.891,0.023,0,0,0,0,v
2014-04-03 13:36,6.903,0.021,0,0,0,0,v
2014-04-03 13:42,6.918,0.021,0,0,0,0,v
2014-04-03 13:48,6.897,0.023,0,0,0,0,v
2014-04-03 13:54,6.888,0.024,0,0,0,0,v
2014-04-03 14:00,6.873,0.021,0,0,0,0,v
2014-04-03 14:06,6.867,0.023,0,0,0,0,v
2014-04-03 14:12,6.891,0.022,0,0,0,0,v
2014-04-03 14:18,6.890,0.023,0,0,0,0,v
2014-04-03 14:24,6.887,0.022,0,0,0,0,v
2014-04-03 14:30,6.893,0.028,0,0,0,0,v
2014-04-03 14:36,6.899,0.024,0,0,0,0,v
2014-04-03 14:42,6.908,0.021,0,0,0,0,v
2014-04-03 14:48,6.913,0.026,0,0,0,0,v
2014-04-03 14:54,6.899,0.027,0,0,0,0,v
2014-04-03 15:00,6.886,0.027,0,0,0,0,v
2014-04-03 15:06,6.897,0.024,0,0,0,0,v
2014-04-03 15:12,6.893,0.032,0,0,0,0,v
2014-04-03 15:18,6.905,0.023,0,0,0,0,v
2014-04-03 15:24,6.894,0.029,0,0,0,0,v
2014-04-03 15:30,6.896,0.023,0,0,0,0,v
2014-04-03 15:36,6.884,0.026,0,0,0,0,v
2014-04-03 15:42,6.894,0.026,0,0,0,0,v
2014-04-03 15:48,6.881,0.028,0,0,0,0,v
2014-04-03 15:54,6.871,0.032,0,0,0,0,v
2014-04-03 16:00,6.872,0.028,0,0,0,0,v
2014-04-03 16:06,6.865,0.031,0,0,0,0,v
2014-04-03 16:12,6.852,0.027,0,0,0,0,v
2014-04-03 16:18,6.841,0.035,0,0,0,0,v
2014-04-03 16:24,6.854,0.029,0,0,0,0,v
2014-04-03 16:30,6.848,0.031,0,0,0,0,v
2014-04-03 16:36,6.838,0.029,0,0,0,0,v
2014-04-03 16:42,6.823,0.024,0,0,0,0,v
2014-04-03 16:48,6.815,0.033,0,0,0,0,v
2014-04-03 16:54,6.823,0.025,0,0,0,0,v
2014-04-03 17:00,6.832,0.032,0,0,0,0,v
2014-04-03 17:06,6.844,0.029,0,0,0,0,v
2014-04-03 17:12,6.822,0.029,0,0,0,0,v
2014-04-03 17:18,6.804,0.027,0,0,0,0,v
2014-04-03 17:24,6.801,0.030,0,0,0,0,v
2014-04-03 17:30,6.797,0.028,0,0,0,0,v
2014-04-03 17:36,6.815,0.022,0,0,0,0,v
2014-04-03 17:42,6.833,0.025,0,0,0,0,v
2014-04-03 17:48,6.820,0.029,0,0,0,0,v
2014-04-03 17:54,6.801,0.030,0,0,0,0,v
2014-04-03 18:00,6.804,0.028,0,0,0,0,v
2014-04-03 18:06,6.817,0.030,0,0,0,0,v
2014-04-03 18:12,6.808,0.026,0,0,0,0,v
2014-04-03 18:18,6.807,0.026,0,0,0,0,v
2014-04-03 18:24,6.794,0.021,0,0,0,0,v
2014-04-03 18:30,6.784,0.025,0,0,0,0,v
2014-04-03 18:36,6.790,0.018,0,0,0,0,v
2014-04-03 18:42,6.780,0.024,0,0,0,0,v
2014-04-03 18:48,6.787,0.024,0,0,0,0,v
2014-04-03 18:54,6.803,0.023,0,0,0,0,v
2014-04-03 19:00,6.815,0.025,0,0,0,0,v
2014-04-03 19:06,6.817,0.020,0,0,0,0,v
2014-04-03 19:12,6.824,0.021,0,0,0,0,v
2014-04-03 19:18,6.826,0.020,0,0,0,0,v
2014-04-03 19:24,6.814,0.028,0,0,0,0,v
2014-04-03 19:30,6.832,0.028,0,0,0,0,v
2014-04-03 19:36,6.813,0.033,0,0,0,0,v
2014-04-03 19:42,6.788,0.031,0,0,0,0,v
2014-04-03 19:48,6.820,0.032,0,0,0,0,v
2014-04-03 19:54,6.817,0.024,0,0,0,0,v
2014-04-03 20:00,6.823,0.022,0,0,0,0,v
2014-04-03 20:06,6.817,0.026,0,0,0,0,v
2014-04-03 20:12,6.804,0.031,0,0,0,0,v
2014-04-03 20:18,6.826,0.025,0,0,0,0,v
2014-04-03 20:24,6.797,0.032,0,0,0,0,v
2014-04-03 20:30,6.806,0.021,0,0,0,0,v
2014-04-03 20:36,6.812,0.027,0,0,0,0,v
2014-04-03 20:42,6.799,0.025,0,0,0,0,v
2014-04-03 20:48,6.798,0.022,0,0,0,0,v
2014-04-03 20:54,6.789,0.024,0,0,0,0,v
2014-04-03 21:00,6.807,0.019,0,0,0,0,v
2014-04-03 21:06,6.803,0.021,0,0,0,0,v
2014-04-03 21:12,6.805,0.023,0,0,0,0,v
2014-04-03 21:18,6.799,0.026,0,0,0,0,v
2014-04-03 21:24,6.804,0.024,0,0,0,0,v
2014-04-03 21:30,6.812,0.022,0,0,0,0,v
2014-04-03 21:36,6.797,0.034,0,0,0,0,v
2014-04-03 21:42,6.808,0.029,0,0,0,0,v
2014-04-03 21:48,6.810,0.021,0,0,0,0,v
2014-04-03 21:54,6.797,0.024,0,0,0,0,v
2014-04-03 22:00,6.792,0.018,0,0,0,0,v
2014-04-03 22:06,6.821,0.018,0,0,0,0,v
2014-04-03 22:12,6.796,0.024,0,0,0,0,v
2014-04-03 22:18,6.797,0.024,0,0,0,0,v
2014-04-03 22:24,6.785,0.022,0,0,0,0,v
2014-04-03 22:30,6.799,0.024,0,0,0,0,v
2014-04-03 22:36,6.787,0.023,0,0,0,0,v
2014-04-03 22:42,6.793,0.021,0,0,0,0,v
2014-04-03 22:48,6.779,0.022,0,0,0,0,v
2014-04-03 22:54,6.771,0.022,0,0,0,0,v
2014-04-03 23:00,6.765,0.023,0,0,0,0,v
2014-04-03 23:06,6.780,0.019,0,0,0,0,v
2014-04-03 23:12,6.794,0.026,0,0,0,0,v
2014-04-03 23:18,6.803,0.022,0,0,0,0,v
2014-04-03 23:24,6.805,0.024,0,0,0,0,v
2014-04-03 23:30,6.807,0.023,0,0,0,0,v
2014-04-03 23:36,6.796,0.021,0,0,0,0,v
2014-04-03 23:42,6.787,0.024,0,0,0,0,v
2014-04-03 23:48,6.760,0.032,0,0,0,0,v
2014-04-03 23:54,6.775,0.016,0,0,0,0,v
2014-04-04 00:00,6.774,0.022,0,0,0,0,v
2014-04-04 00:06,6.753,0.025,0,0,0,0,v
2014-04-04 00:12,6.741,0.021,0,0,0,0,v
2014-04-04 00:18,6.733,0.025,0,0,0,0,v
2014-04-04 00:24,6.731,0.023,0,0,0,0,v
2014-04-04 00:30,6.716,0.024,0,0,0,0,v
2014-04-04 00:36,6.721,0.025,0,0,0,0,v
2014-04-04 00:42,6.713,0.019,0,0,0,0,v
2014-04-04 00:48,6.703,0.030,0,0,0,0,v
2014-04-04 00:54,6.704,0.024,0,0,0,0,v
2014-04-04 01:00,6.720,0.032,0,0,0,0,v
2014-04-04 01:06,6.705,0.021,0,0,0,0,v
2014-04-04 01:12,6.701,0.022,0,0,0,0,v
2014-04-04 01:18,6.724,0.025,0,0,0,0,v
2014-04-04 01:24,6.703,0.023,0,0,0,0,v
2014-04-04 01:30,6.691,0.017,0,0,0,0,v
2014-04-04 01:36,6.655,0.022,0,0,0,0,v
2014-04-04 01:42,6.625,0.024,0,0,0,0,v
2014-04-04 01:48,6.623,0.023,0,0,0,0,v
2014-04-04 01:54,6.613,0.017,0,0,0,0,v
2014-04-04 02:00,6.606,0.026,0,0,0,0,v
2014-04-04 02:06,6.606,0.015,0,0,0,0,v
2014-04-04 02:12,6.604,0.024,0,0,0,0,v
2014-04-04 02:18,6.587,0.019,0,0,0,0,v
2014-04-04 02:24,6.583,0.022,0,0,0,0,v
2014-04-04 02:30,6.573,0.019,0,0,0,0,v
2014-04-04 02:36,6.570,0.024,0,0,0,0,v
2014-04-04 02:42,6.573,0.023,0,0,0,0,v
2014-04-04 02:48,6.570,0.019,0,0,0,0,v
2014-04-04 02:54,6.567,0.019,0,0,0,0,v
2014-04-04 03:00,6.553,0.022,0,0,0,0,v
2014-04-04 03:06,6.541,0.024,0,0,0,0,v
2014-04-04 03:12,6.544,0.021,0,0,0,0,v
2014-04-04 03:18,6.523,0.018,0,0,0,0,v
2014-04-04 03:24,6.534,0.022,0,0,0,0,v
2014-04-04 03:30,6.540,0.022,0,0,0,0,v
2014-04-04 03:36,6.524,0.025,0,0,0,0,v
2014-04-04 03:42,6.497,0.022,0,0,0,0,v
2014-04-04 03:48,6.488,0.023,0,0,0,0,v
2014-04-04 03:54,6.499,0.020,0,0,0,0,v
2014-04-04 04:00,6.488,0.023,0,0,0,0,v
2014-04-04 04:06,6.472,0.027,0,0,0,0,v
2014-04-04 04:12,6.469,0.022,0,0,0,0,v
2014-04-04 04:18,6.471,0.018,0,0,0,0,v
2014-04-04 04:24,6.448,0.030,0,0,0,0,v
2014-04-04 04:30,6.432,0.018,0,0,0,0,v
2014-04-04 04:36,6.460,0.021,0,0,0,0,v
2014-04-04 04:42,6.462,0.030,0,0,0,0,v
2014-04-04 04:48,6.469,0.023,0,0,0,0,v
2014-04-04 04:54,6.462,0.021,0,0,0,0,v
2014-04-04 05:00,6.444,0.030,0,0,0,0,v
2014-04-04 05:06,6.447,0.021,0,0,0,0,v
2014-04-04 05:12,6.455,0.021,0,0,0,0,v
2014-04-04 05:18,6.463,0.019,0,0,0,0,v
2014-04-04 05:24,6.472,0.021,0,0,0,0,v
2014-04-04 05:30,6.475,0.018,0,0,0,0,v
2014-04-04 05:36,6.466,0.021,0,0,0,0,v
2014-04-04 05:42,6.482,0.024,0,0,0,0,v
2014-04-04 05:48,6.468,0.023,0,0,0,0,v
2014-04-04 05:54,6.469,0.025,0,0,0,0,v
2014-04-04 06:00,6.480,0.019,0,0,0,0,v
2014-04-04 06:06,6.484,0.023,0,0,0,0,v
2014-04-04 06:12,6.487,0.023,0,0,0,0,v
2014-04-04 06:18,6.499,0.017,0,0,0,0,v
2014-04-04 06:24,6.498,0.019,0,0,0,0,v
2014-04-04 06:30,6.490,0.025,0,0,0,0,v
2014-04-04 06:36,6.503,0.019,0,0,0,0,v
2014-04-04 06:42,6.494,0.020,0,0,0,0,v
2014-04-04 06:48,6.496,0.021,0,0,0,0,v
2014-04-04 06:54,6.527,0.023,0,0,0,0,v
2014-04-04 07:00,6.518,0.028,0,0,0,0,v
2014-04-04 07:06,6.486,0.022,0,0,0,0,v
2014-04-04 07:12,6.492,0.031,0,0,0,0,v
2014-04-04 07:18,6.511,0.027,0,0,0,0,v
2014-04-04 07:24,6.495,0.026,0,0,0,0,v
2014-04-04 07:30,6.512,0.018,0,0,0,0,v
2014-04-04 07:36,6.514,0.020,0,0,0,0,v
2014-04-04 07:42,6.529,0.029,0,0,0,0,v
2014-04-04 07:48,6.549,0.024,0,0,0,0,v
2014-04-04 07:54,6.528,0.029,0,0,0,0,v
2014-04-04 08:00,6.542,0.024,0,0,0,0,v
2014-04-04 08:06,6.545,0.033,0,0,0,0,v
2014-04-04 08:12,6.563,0.022,0,0,0,0,v
2014-04-04 08:18,6.570,0.023,0,0,0,0,v
2014-04-04 08:24,6.551,0.030,0,0,0,0,v
2014-04-04 08:30,6.582,0.024,0,0,0,0,v
2014-04-04 08:36,6.598,0.023,0,0,0,0,v
2014-04-04 08:42,6.609,0.024,0,0,0,0,v
2014-04-04 08:48,6.624,0.028,0,0,0,0,v
2014-04-04 08:54,6.653,0.034,0,0,0,0,v
2014-04-04 09:00,6.664,0.024,0,0,0,0,v
2014-04-04 09:06,6.669,0.023,0,0,0,0,v
2014-04-04 09:12,6.662,0.028,0,0,0,0,v
2014-04-04 09:18,6.685,0.018,0,0,0,0,v
2014-04-04 09:24,6.686,0.025,0,0,0,0,v
2014-04-04 09:30,6.690,0.023,0,0,0,0,v
2014-04-04 09:36,6.696,0.026,0,0,0,0,v
2014-04-04 09:42,6.709,0.016,0,0,0,0,v
2014-04-04 09:48,6.721,0.020,0,0,0,0,v
2014-04-04 09:54,6.710,0.025,0,0,0,0,v
2014-04-04 10:00,6.718,0.026,0,0,0,0,v
2014-04-04 10:06,6.735,0.022,0,0,0,0,v
2014-04-04 10:12,6.720,0.024,0,0,0,0,v
2014-04-04 10:18,6.746,0.018,0,0,0,0,v
2014-04-04 10:24,6.785,0.025,0,0,0,0,v
2014-04-04 10:30,6.767,0.019,0,0,0,0,v
2014-04-04 10:36,6.747,0.023,0,0,0,0,v
2014-04-04 10:42,6.751,0.021,0,0,0,0,v
2014-04-04 10:48,6.762,0.021,0,0,0,0,v
2014-04-04 10:54,6.760,0.022,0,0,0,0,v
2014-04-04 11:00,6.772,0.024,0,0,0,0,v
2014-04-04 11:06,6.774,0.023,0,0,0,0,v
2014-04-04 11:12,6.797,0.026,0,0,0,0,v
2014-04-04 11:18,6.802,0.030,0,0,0,0,v
2014-04-04 11:24,6.797,0.024,0,0,0,0,v
2014-04-04 11:30,6.832,0.022,0,0,0,0,v
2014-04-04 11:36,6.833,0.024,0,0,0,0,v
2014-04-04 11:42,6.821,0.027,0,0,0,0,v
2014-04-04 11:48,6.822,0.019,0,0,0,0,v
2014-04-04 11:54,6.839,0.019,0,0,0,0,v
2014-04-04 12:00,6.860,0.025,0,0,0,0,v
2014-04-04 12:06,6.850,0.027,0,0,0,0,v
2014-04-04 12:12,6.860,0.028,0,0,0,0,v
2014-04-04 12:18,6.884,0.018,0,0,0,0,v
2014-04-04 12:24,6.885,0.022,0,0,0,0,v
2014-04-04 12:30,6.889,0.028,0,0,0,0,v
2014-04-04 12:36,6.905,0.023,0,0,0,0,v
2014-04-04 12:42,6.920,0.023,0,0,0,0,v
2014-04-04 12:48,6.920,0.019,0,0,0,0,v
2014-04-04 12:54,6.916,0.026,0,0,0,0,v
2014-04-04 13:00,6.924,0.018,0,0,0,0,v
2014-04-04 13:06,6.934,0.021,0,0,0,0,v
2014-04-04 13:12,6.949,0.032,0,0,0,0,v
2014-04-04 13:18,6.948,0.024,0,0,0,0,v
2014-04-04 13:24,6.941,0.022,0,0,0,0,v
2014-04-04 13:30,6.950,0.024,0,0,0,0,v
2014-04-04 13:36,6.953,0.019,0,0,0,0,v
2014-04-04 13:42,6.949,0.026,0,0,0,0,v
2014-04-04 13:48,6.948,0.028,0,0,0,0,v
2014-04-04 13:54,6.927,0.021,0,0,0,0,v
2014-04-04 14:00,6.900,0.025,0,0,0,0,v
2014-04-04 14:06,6.983,0.022,0,0,0,0,v
2014-04-04 14:12,6.937,0.020,0,0,0,0,v
2014-04-04 14:18,6.907,0.022,0,0,0,0,v
2014-04-04 14:24,6.976,0.016,0,0,0,0,v
2014-04-04 14:30,6.952,0.025,0,0,0,0,v
2014-04-04 14:36,6.933,0.024,0,0,0,0,v
2014-04-04 14:42,6.915,0.024,0,0,0,0,v
2014-04-04 14:48,6.921,0.025,0,0,0,0,v
2014-04-04 14:54,6.948,0.030,0,0,0,0,v
2014-04-04 15:00,6.963,0.023,0,0,0,0,v
2014-04-04 15:06,6.966,0.020,0,0,0,0,v
2014-04-04 15:12,6.955,0.024,0,0,0,0,v
2014-04-04 15:18,6.959,0.022,0,0,0,0,v
2014-04-04 15:24,6.971,0.025,0,0,0,0,v
2014-04-04 15:30,6.976,0.022,0,0,0,0,v
2014-04-04 15:36,6.922,0.035,0,0,0,0,v
2014-04-04 15:42,6.946,0.022,0,0,0,0,v
2014-04-04 15:48,6.931,0.022,0,0,0,0,v
2014-04-04 15:54,6.902,0.022,0,0,0,0,v
2014-04-04 16:00,6.894,0.024,0,0,0,0,v
2014-04-04 16:06,6.892,0.029,0,0,0,0,v
2014-04-04 16:12,6.897,0.027,0,0,0,0,v
2014-04-04 16:18,6.878,0.029,0,0,0,0,v
2014-04-04 16:24,6.916,0.033,0,0,0,0,v
2014-04-04 16:30,6.900,0.032,0,0,0,0,v
2014-04-04 16:36,6.889,0.020,0,0,0,0,v
2014-04-04 16:42,6.857,0.027,0,0,0,0,v
2014-04-04 16:48,6.857,0.025,0,0,0,0,v
2014-04-04 16:54,6.863,0.032,0,0,0,0,v
2014-04-04 17:00,6.853,0.034,0,0,0,0,v
2014-04-04 17:06,6.858,0.034,0,0,0,0,v
2014-04-04 17:12,6.827,0.034,0,0,0,0,v
2014-04-04 17:18,6.846,0.022,0,0,0,0,v
2014-04-04 17:24,6.854,0.038,0,0,0,0,v
2014-04-04 17:30,6.875,0.030,0,0,0,0,v
2014-04-04 17:36,6.891,0.043,0,0,0,0,v
2014-04-04 17:42,6.903,0.026,0,0,0,0,v
2014-04-04 17:48,6.894,0.032,0,0,0,0,v
2014-04-04 17:54,6.906,0.026,0,0,0,0,v
2014-04-04 18:00,6.893,0.024,0,0,0,0,v
2014-04-04 18:06,6.870,0.031,0,0,0,0,v
2014-04-04 18:12,6.901,0.033,0,0,0,0,v
2014-04-04 18:18,6.924,0.041,0,0,0,0,v
2014-04-04 18:24,6.923,0.028,0,0,0,0,v
2014-04-04 18:30,6.910,0.032,0,0,0,0,v
2014-04-04 18:36,6.910,0.031,0,0,0,0,v
2014-04-04 18:42,6.916,0.032,0,0,0,0,v
2014-04-04 18:48,6.937,0.033,0,0,0,0,v
2014-04-04 18:54,6.954,0.039,0,0,0,0,v
2014-04-04 19:00,6.955,0.030,0,0,0,0,v
2014-04-04 19:06,6.929,0.031,0,0,0,0,v
2014-04-04 19:12,6.910,0.034,0,0,0,0,v
2014-04-04 19:18,6.890,0.028,0,0,0,0,v
2014-04-04 19:24,6.894,0.035,0,0,0,0,v
2014-04-04 19:30,6.861,0.032,0,0,0,0,v
2014-04-04 19:36,6.871,0.028,0,0,0,0,v
2014-04-04 19:42,6.877,0.032,0,0,0,0,v
2014-04-04 19:48,6.840,0.026,0,0,0,0,v
2014-04-04 19:54,6.842,0.032,0,0,0,0,v
2014-04-04 20:00,6.846,0.039,0,0,0,0,v
2014-04-04 20:06,6.838,0.029,0,0,0,0,v
2014-04-04 20:12,6.818,0.035,0,0,0,0,v
2014-04-04 20:18,6.831,0.029,0,0,0,0,v
2014-04-04 20:24,6.824,0.028,0,0,0,0,v
2014-04-04 20:30,6.848,0.032,0,0,0,0,v
2014-04-04 20:36,6.831,0.029,0,0,0,0,v
2014-04-04 20:42,6.828,0.029,0,0,0,0,v
2014-04-04 20:48,6.794,0.036,0,0,0,0,v
2014-04-04 20:54,6.821,0.035,0,0,0,0,v
2014-04-04 21:00,6.811,0.030,0,0,0,0,v
2014-04-04 21:06,6.839,0.034,0,0,0,0,v
2014-04-04 21:12,6.829,0.030,0,0,0,0,v
2014-04-04 21:18,6.814,0.034,0,0,0,0,v
2014-04-04 21:24,6.831,0.037,0,0,0,0,v
2014-04-04 21:30,6.817,0.038,0,0,0,0,v
2014-04-04 21:36,6.787,0.029,0,0,0,0,v
2014-04-04 21:42,6.776,0.029,0,0,0,0,v
2014-04-04 21:48,6.784,0.043,0,0,0,0,v
2014-04-04 21:54,6.784,0.030,0,0,0,0,v
2014-04-04 22:00,6.793,0.031,0,0,0,0,v
2014-04-04 22:06,6.819,0.024,0,0,0,0,v
2014-04-04 22:12,6.834,0.032,0,0,0,0,v
2014-04-04 22:18,6.834,0.037,0,0,0,0,v
2014-04-04 22:24,6.824,0.034,0,0,0,0,v
2014-04-04 22:30,6.842,0.025,0,0,0,0,v
2014-04-04 22:36,6.827,0.033,0,0,0,0,v
2014-04-04 22:42,6.853,0.037,0,0,0,0,v
2014-04-04 22:48,6.819,0.035,0,0,0,0,v
2014-04-04 22:54,6.846,0.035,0,0,0,0,v
2014-04-04 23:00,6.844,0.025,0,0,0,0,v
2014-04-04 23:06,6.836,0.023,0,0,0,0,v
2014-04-04 23:12,6.828,0.027,0,0,0,0,v
2014-04-04 23:18,6.824,0.042,0,0,0,0,v
2014-04-04 23:24,6.812,0.029,0,0,0,0,v
2014-04-04 23:30,6.819,0.025,0,0,0,0,v
2014-04-04 23:36,6.827,0.025,0,0,0,0,v
2014-04-04 23:42,6.843,0.029,0,0,0,0,v
2014-04-04 23:48,6.837,0.031,0,0,0,0,v
2014-04-04 23:54,6.826,0.025,0,0,0,0,v
2014-04-05 00:00,6.839,0.022,0,0,0,0,v
2014-04-05 00:06,6.831,0.036,0,0,0,0,v
2014-04-05 00:12,6.834,0.024,0,0,0,0,v
2014-04-05 00:18,6.819,0.021,0,0,0,0,v
2014-04-05 00:24,6.813,0.029,0,0,0,0,v
2014-04-05 00:30,6.795,0.038,0,0,0,0,v
2014-04-05 00:36,6.812,0.035,0,0,0,0,v
2014-04-05 00:42,6.807,0.030,0,0,0,0,v
2014-04-05 00:48,6.790,0.026,0,0,0,0,v
2014-04-05 00:54,6.754,0.022,0,0,0,0,v
2014-04-05 01:00,6.751,0.030,0,0,0,0,v
2014-04-05 01:06,6.737,0.027,0,0,0,0,v
2014-04-05 01:12,6.728,0.031,0,0,0,0,v
2014-04-05 01:18,6.732,0.021,0,0,0,0,v
2014-04-05 01:24,6.750,0.027,0,0,0,0,v
2014-04-05 01:30,6.733,0.019,0,0,0,0,v
2014-04-05 01:36,6.713,0.020,0,0,0,0,v
2014-04-05 01:42,6.666,0.034,0,0,0,0,v
2014-04-05 01:48,6.668,0.025,0,0,0,0,v
2014-04-05 01:54,6.664,0.023,0,0,0,0,v
2014-04-05 02:00,6.633,0.025,0,0,0,0,v
2014-04-05 02:06,6.626,0.024,0,0,0,0,v
2014-04-05 02:12,6.606,0.031,0,0,0,0,v
2014-04-05 02:18,6.623,0.024,0,0,0,0,v
2014-04-05 02:24,6.603,0.024,0,0,0,0,v
2014-04-05 02:30,6.593,0.027,0,0,0,0,v
2014-04-05 02:36,6.577,0.032,0,0,0,0,v
2014-04-05 02:42,6.590,0.025,0,0,0,0,v
2014-04-05 02:48,6.564,0.024,0,0,0,0,v
2014-04-05 02:54,6.580,0.023,0,0,0,0,v
2014-04-05 03:00,6.561,0.022,0,0,0,0,v
2014-04-05 03:06,6.580,0.026,0,0,0,0,v
2014-04-05 03:12,6.591,0.021,0,0,0,0,v
2014-04-05 03:18,6.588,0.020,0,0,0,0,v
2014-04-05 03:24,6.589,0.024,0,0,0,0,v
2014-04-05 03:30,6.583,0.018,0,0,0,0,v
2014-04-05 03:36,6.573,0.022,0,0,0,0,v
2014-04-05 03:42,6.556,0.019,0,0,0,0,v
2014-04-05 03:48,6.559,0.015,0,0,0,0,v
2014-04-05 03:54,6.576,0.014,0,0,0,0,v
2014-04-05 04:00,6.572,0.019,0,0,0,0,v
2014-04-05 04:06,6.590,0.019,0,0,0,0,v
2014-04-05 04:12,6.572,0.017,0,0,0,0,v
2014-04-05 04:18,6.557,0.015,0,0,0,0,v
2014-04-05 04:24,6.542,0.021,0,0,0,0,v
2014-04-05 04:30,6.531,0.022,0,0,0,0,v
2014-04-05 04:36,6.514,0.019,0,0,0,0,v
2014-04-05 04:42,6.480,0.024,0,0,0,0,v
2014-04-05 04:48,6.511,0.018,0,0,0,0,v
2014-04-05 04:54,6.490,0.023,0,0,0,0,v
2014-04-05 05:00,6.473,0.023,0,0,0,0,v
2014-04-05 05:06,6.485,0.019,0,0,0,0,v
2014-04-05 05:12,6.478,0.015,0,0,0,0,v
2014-04-05 05:18,6.470,0.022,0,0,0,0,v
2014-04-05 05:24,6.465,0.027,0,0,0,0,v
2014-04-05 05:30,6.478,0.017,0,0,0,0,v
2014-04-05 05:36,6.469,0.017,0,0,0,0,v
2014-04-05 05:42,6.449,0.019,0,0,0,0,v
2014-04-05 05:48,6.465,0.014,0,0,0,0,v
2014-04-05 05:54,6.488,0.016,0,0,0,0,v
2014-04-05 06:00,6.491,0.019,0,0,0,0,v
2014-04-05 06:06,6.492,0.023,0,0,0,0,v
2014-04-05 06:12,6.496,0.017,0,0,0,0,v
2014-04-05 06:18,6.506,0.018,0,0,0,0,v
2014-04-05 06:24,6.494,0.018,0,0,0,0,v
2014-04-05 06:30,6.488,0.018,0,0,0,0,v
2014-04-05 06:36,6.502,0.018,0,0,0,0,v
2014-04-05 06:42,6.524,0.018,0,0,0,0,v
2014-04-05 06:48,6.500,0.017,0,0,0,0,v
2014-04-05 06:54,6.502,0.015,0,0,0,0,v
2014-04-05 07:00,6.495,0.016,0,0,0,0,v
2014-04-05 07:06,6.467,0.015,0,0,0,0,v
2014-04-05 07:12,6.466,0.016,0,0,0,0,v
2014-04-05 07:18,6.480,0.017,0,0,0,0,v
2014-04-05 07:24,6.485,0.018,0,0,0,0,v
2014-04-05 07:30,6.503,0.017,0,0,0,0,v
2014-04-05 07:36,6.459,0.016,0,0,0,0,v
2014-04-05 07:42,6.486,0.022,0,0,0,0,v
2014-04-05 07:48,6.513,0.022,0,0,0,0,v
2014-04-05 07:54,6.531,0.016,0,0,0,0,v
2014-04-05 08:00,6.535,0.015,0,0,0,0,v
2014-04-05 08:06,6.527,0.020,0,0,0,0,v
2014-04-05 08:12,6.523,0.019,0,0,0,0,v
2014-04-05 08:18,6.521,0.014,0,0,0,0,v
2014-04-05 08:24,6.529,0.017,0,0,0,0,v
2014-04-05 08:30,6.554,0.017,0,0,0,0,v
2014-04-05 08:36,6.560,0.022,0,0,0,0,v
2014-04-05 08:42,6.570,0.022,0,0,0,0,v
2014-04-05 08:48,6.600,0.018,0,0,0,0,v
2014-04-05 08:54,6.613,0.017,0,0,0,0,v
2014-04-05 09:00,6.606,0.018,0,0,0,0,v
2014-04-05 09:06,6.632,0.019,0,0,0,0,v
2014-04-05 09:12,6.631,0.022,0,0,0,0,v
2014-04-05 09:18,6.615,0.016,0,0,0,0,v
2014-04-05 09:24,6.627,0.016,0,0,0,0,v
2014-04-05 09:30,6.635,0.018,0,0,0,0,v
2014-04-05 09:36,6.661,0.020,0,0,0,0,v
2014-04-05 09:42,6.679,0.015,0,0,0,0,v
2014-04-05 09:48,6.651,0.019,0,0,0,0,v
2014-04-05 09:54,6.655,0.017,0,0,0,0,v
2014-04-05 10:00,6.677,0.018,0,0,0,0,v
2014-04-05 10:06,6.694,0.022,0,0,0,0,v
2014-04-05 10:12,6.710,0.018,0,0,0,0,v
2014-04-05 10:18,6.735,0.015,0,0,0,0,v
2014-04-05 10:24,6.730,0.018,0,0,0,0,v
2014-04-05 10:30,6.733,0.016,0,0,0,0,v
2014-04-05 10:36,6.736,0.017,0,0,0,0,v
2014-04-05 10:42,6.719,0.016,0,0,0,0,v
2014-04-05 10:48,6.734,0.000,1,0,0,0,v
2014-04-05 10:54,6.749,0.014,0,0,0,0,v
2014-04-05 11:00,6.747,0.017,0,0,0,0,v
2014-04-05 11:06,6.771,0.019,0,0,0,0,v
2014-04-05 11:12,6.782,0.016,0,0,0,0,v
2014-04-05 11:18,6.799,0.018,0,0,0,0,v
2014-04-05 11:24,6.829,0.014,0,0,0,0,v
2014-04-05 11:30,6.842,0.018,0,0,0,0,v
2014-04-05 11:36,6.843,0.021,0,0,0,0,v
2014-04-05 11:42,6.834,0.016,0,0,0,0,v
2014-04-05 11:48,6.869,0.022,0,0,0,0,v
2014-04-05 11:54,6.850,0.018,0,0,0,0,v
2014-04-05 12:00,6.879,0.014,0,0,0,0,v
2014-04-05 12:06,6.884,0.020,0,0,0,0,v
2014-04-05 12:12,6.893,0.017,0,0,0,0,v
2014-04-05 12:18,6.898,0.022,0,0,0,0,v
2014-04-05 12:24,6.917,0.020,0,0,0,0,v
2014-04-05 12:30,6.921,0.018,0,0,0,0,v
2014-04-05 12:36,6.892,0.019,0,0,0,0,v
2014-04-05 12:42,6.905,0.018,0,0,0,0,v
2014-04-05 12:48,6.928,0.018,0,0,0,0,v
2014-04-05 12:54,6.912,0.020,0,0,0,0,v
2014-04-05 13:00,6.937,0.020,0,0,0,0,v
2014-04-05 13:06,6.968,0.015,0,0,0,0,v
2014-04-05 13:12,6.957,0.017,0,0,0,0,v
2014-04-05 13:18,6.918,0.013,0,0,0,0,v
2014-04-05 13:24,6.930,0.017,0,0,0,0,v
2014-04-05 13:30,6.956,0.017,0,0,0,0,v
2014-04-05 13:36,6.968,0.018,0,0,0,0,v
2014-04-05 13:42,6.976,0.018,0,0,0,0,v
2014-04-05 13:48,6.926,0.015,0,0,0,0,v
2014-04-05 13:54,6.969,0.018,0,0,0,0,v
2014-04-05 14:00,6.984,0.015,0,0,0,0,v
2014-04-05 14:06,6.987,0.019,0,0,0,0,v
2014-04-05 14:12,6.980,0.017,0,0,0,0,v
2014-04-05 14:18,6.995,0.019,0,0,0,0,v
2014-04-05 14:24,6.989,0.016,0,0,0,0,v
2014-04-05 14:30,6.968,0.023,0,0,0,0,v
2014-04-05 14:36,6.988,0.019,0,0,0,0,v
2014-04-05 14:42,7.000,0.019,0,0,0,0,v
2014-04-05 14:48,6.984,0.019,0,0,0,0,v
2014-04-05 14:54,6.989,0.020,0,0,0,0,v
2014-04-05 15:00,6.995,0.016,0,0,0,0,v
2014-04-05 15:06,6.977,0.021,0,0,0,0,v
2014-04-05 15:12,6.955,0.021,0,0,0,0,v
2014-04-05 15:18,6.943,0.023,0,0,0,0,v
2014-04-05 15:24,6.979,0.022,0,0,0,0,v
2014-04-05 15:30,7.005,0.017,0,0,0,0,v
2014-04-05 15:36,6.979,0.021,0,0,0,0,v
2014-04-05 15:42,6.992,0.020,0,0,0,0,v
2014-04-05 15:48,7.018,0.016,0,0,0,0,v
2014-04-05 15:54,7.027,0.024,0,0,0,0,v
2014-04-05 16:00,7.018,0.021,0,0,0,0,v
2014-04-05 16:06,7.021,0.023,0,0,0,0,v
2014-04-05 16:12,7.012,0.022,0,0,0,0,v
2014-04-05 16:18,7.010,0.020,0,0,0,0,v
2014-04-05 16:24,7.028,0.019,0,0,0,0,v
2014-04-05 16:30,7.017,0.024,0,0,0,0,v
2014-04-05 16:36,6.989,0.020,0,0,0,0,v
2014-04-05 16:42,7.012,0.020,0,0,0,0,v
2014-04-05 16:48,6.989,0.030,0,0,0,0,v
2014-04-05 16:54,6.968,0.022,0,0,0,0,v
2014-04-05 17:00,6.955,0.024,0,0,0,0,v
2014-04-05 17:06,6.957,0.020,0,0,0,0,v
2014-04-05 17:12,6.959,0.026,0,0,0,0,v
2014-04-05 17:18,6.937,0.017,0,0,0,0,v
2014-04-05 17:24,6.957,0.025,0,0,0,0,v
2014-04-05 17:30,6.952,0.022,0,0,0,0,v
2014-04-05 17:36,6.973,0.022,0,0,0,0,v
2014-04-05 17:42,6.962,0.018,0,0,0,0,v
2014-04-05 17:48,6.975,0.018,0,0,0,0,v
2014-04-05 17:54,6.952,0.023,0,0,0,0,v
2014-04-05 18:00,6.961,0.020,0,0,0,0,v
2014-04-05 18:06,6.965,0.020,0,0,0,0,v
2014-04-05 18:12,6.967,0.027,0,0,0,0,v
2014-04-05 18:18,6.960,0.021,0,0,0,0,v
2014-04-05 18:24,6.968,0.021,0,0,0,0,v
2014-04-05 18:30,6.977,0.023,0,0,0,0,v
2014-04-05 18:36,6.957,0.019,0,0,0,0,v
2014-04-05 18:42,6.951,0.026,0,0,0,0,v
2014-04-05 18:48,6.953,0.026,0,0,0,0,v
2014-04-05 18:54,6.950,0.022,0,0,0,0,v
2014-04-05 19:00,6.951,0.023,0,0,0,0,v
2014-04-05 19:06,6.960,0.024,0,0,0,0,v
2014-04-05 19:12,6.976,0.023,0,0,0,0,v
2014-04-05 19:18,6.979,0.023,0,0,0,0,v
2014-04-05 19:24,6.987,0.023,0,0,0,0,v
2014-04-05 19:30,6.981,0.024,0,0,0,0,v
2014-04-05 19:36,6.970,0.021,0,0,0,0,v
2014-04-05 19:42,6.958,0.021,0,0,0,0,v
2014-04-05 19:48,6.949,0.022,0,0,0,0,v
2014-04-05 19:54,6.938,0.031,0,0,0,0,v
2014-04-05 20:00,6.945,0.021,0,0,0,0,v
2014-04-05 20:06,6.960,0.022,0,0,0,0,v
2014-04-05 20:12,6.932,0.022,0,0,0,0,v
2014-04-05 20:18,6.920,0.019,0,0,0,0,v
2014-04-05 20:24,6.919,0.024,0,0,0,0,v
2014-04-05 20:30,6.944,0.026,0,0,0,0,v
2014-04-05 20:36,6.937,0.021,0,0,0,0,v
2014-04-05 20:42,6.915,0.023,0,0,0,0,v
2014-04-05 20:48,6.922,0.018,0,0,0,0,v
2014-04-05 20:54,6.932,0.024,0,0,0,0,v
2014-04-05 21:00,6.923,0.025,0,0,0,0,v
2014-04-05 21:06,6.947,0.021,0,0,0,0,v
2014-04-05 21:12,6.922,0.021,0,0,0,0,v
2014-04-05 21:18,6.925,0.030,0,0,0,0,v
2014-04-05 21:24,6.931,0.024,0,0,0,0,v
2014-04-05 21:30,6.908,0.020,0,0,0,0,v
2014-04-05 21:36,6.898,0.021,0,0,0,0,v
2014-04-05 21:42,6.896,0.028,0,0,0,0,v
2014-04-05 21:48,6.927,0.026,0,0,0,0,v
2014-04-05 21:54,6.908,0.022,0,0,0,0,v
2014-04-05 22:00,6.898,0.019,0,0,0,0,v
2014-04-05 22:06,6.899,0.022,0,0,0,0,v
2014-04-05 22:12,6.920,0.017,0,0,0,0,v
2014-04-05 22:18,6.924,0.018,0,0,0,0,v
2014-04-05 22:24,6.915,0.020,0,0,0,0,v
2014-04-05 22:30,6.932,0.021,0,0,0,0,v
2014-04-05 22:36,6.916,0.029,0,0,0,0,v
2014-04-05 22:42,6.937,0.022,0,0,0,0,v
2014-04-05 22:48,6.958,0.020,0,0,0,0,v
2014-04-05 22:54,6.972,0.000,1,0,0,0,v
2014-04-05 23:00,6.974,0.000,1,0,0,0,v
2014-04-05 23:06,6.970,0.019,0,0,0,0,v
2014-04-05 23:12,6.962,0.021,0,0,0,0,v
2014-04-05 23:18,6.957,0.020,0,0,0,0,v
2014-04-05 23:24,6.947,0.023,0,0,0,0,v
2014-04-05 23:30,6.934,0.021,0,0,0,0,v
2014-04-05 23:36,6.919,0.019,0,0,0,0,v
2014-04-05 23:42,6.920,0.020,0,0,0,0,v
2014-04-05 23:48,6.922,0.021,0,0,0,0,v
2014-04-05 23:54,6.891,0.020,0,0,0,0,v
2014-04-06 00:00,6.871,0.021,0,0,0,0,v
2014-04-06 00:06,6.899,0.023,0,0,0,0,v
2014-04-06 00:12,6.895,0.019,0,0,0,0,v
2014-04-06 00:18,6.896,0.017,0,0,0,0,v
2014-04-06 00:24,6.907,0.023,0,0,0,0,v
2014-04-06 00:30,6.908,0.015,0,0,0,0,v
2014-04-06 00:36,6.914,0.024,0,0,0,0,v
2014-04-06 00:42,6.912,0.029,0,0,0,0,v
2014-04-06 00:48,6.901,0.022,0,0,0,0,v
2014-04-06 00:54,6.906,0.024,0,0,0,0,v
2014-04-06 01:00,6.895,0.022,0,0,0,0,v
2014-04-06 01:06,6.890,0.015,0,0,0,0,v
2014-04-06 01:12,6.883,0.022,0,0,0,0,v
2014-04-06 01:18,6.868,0.020,0,0,0,0,v
2014-04-06 01:24,6.865,0.020,0,0,0,0,v
2014-04-06 01:30,6.864,0.021,0,0,0,0,v
2014-04-06 01:36,6.867,0.020,0,0,0,0,v
2014-04-06 01:42,6.849,0.018,0,0,0,0,v
2014-04-06 01:48,6.861,0.021,0,0,0,0,v
2014-04-06 01:54,6.874,0.021,0,0,0,0,v
2014-04-06 02:00,6.861,0.024,0,0,0,0,v
2014-04-06 02:06,6.841,0.018,0,0,0,0,v
2014-04-06 02:12,6.837,0.018,0,0,0,0,v
2014-04-06 02:18,6.822,0.024,0,0,0,0,v
2014-04-06 02:24,6.822,0.018,0,0,0,0,v
2014-04-06 02:30,6.823,0.019,0,0,0,0,v
2014-04-06 02:36,6.816,0.022,0,0,0,0,v
2014-04-06 02:42,6.835,0.019,0,0,0,0,v
2014-04-06 02:48,6.810,0.022,0,0,0,0,v
2014-04-06 02:54,6.810,0.022,0,0,0,0,v
2014-04-06 03:00,6.781,0.022,0,0,0,0,v
2014-04-06 03:06,6.782,0.020,0,0,0,0,v
2014-04-06 03:12,6.789,0.018,0,0,0,0,v
2014-04-06 03:18,6.782,0.021,0,0,0,0,v
2014-04-06 03:24,6.769,0.023,0,0,0,0,v
2014-04-06 03:30,6.771,0.023,0,0,0,0,v
2014-04-06 03:36,6.763,0.020,0,0,0,0,v
2014-04-06 03:42,6.761,0.026,0,0,0,0,v
2014-04-06 03:48,6.760,0.024,0,0,0,0,v
2014-04-06 03:54,6.767,0.021,0,0,0,0,v
2014-04-06 04:00,6.760,0.023,0,0,0,0,v
2014-04-06 04:06,6.751,0.023,0,0,0,0,v
2014-04-06 04:12,6.730,0.021,0,0,0,0,v
2014-04-06 04:18,6.738,0.018,0,0,0,0,v
2014-04-06 04:24,6.719,0.019,0,0,0,0,v
2014-04-06 04:30,6.724,0.021,0,0,0,0,v
2014-04-06 04:36,6.732,0.018,0,0,0,0,v
2014-04-06 04:42,6.734,0.016,0,0,0,0,v
2014-04-06 04:48,6.710,0.019,0,0,0,0,v
2014-04-06 04:54,6.709,0.021,0,0,0,0,v
2014-04-06 05:00,6.700,0.018,0,0,0,0,v
2014-04-06 05:06,6.703,0.018,0,0,0,0,v
2014-04-06 05:12,6.684,0.018,0,0,0,0,v
2014-04-06 05:18,6.688,0.016,0,0,0,0,v
2014-04-06 05:24,6.675,0.021,0,0,0,0,v
2014-04-06 05:30,6.666,0.023,0,0,0,0,v
2014-04-06 05:36,6.663,0.018,0,0,0,0,v
2014-04-06 05:42,6.662,0.022,0,0,0,0,v
2014-04-06 05:48,6.665,0.019,0,0,0,0,v
2014-04-06 05:54,6.654,0.027,0,0,0,0,v
2014-04-06 06:00,6.671,0.018,0,0,0,0,v
2014-04-06 06:06,6.639,0.020,0,0,0,0,v
2014-04-06 06:12,6.644,0.018,0,0,0,0,v
2014-04-06 06:18,6.637,0.018,0,0,0,0,v
2014-04-06 06:24,6.655,0.021,0,0,0,0,v
2014-04-06 06:30,6.636,0.021,0,0,0,0,v
2014-04-06 06:36,6.624,0.019,0,0,0,0,v
2014-04-06 06:42,6.639,0.022,0,0,0,0,v
2014-04-06 06:48,6.629,0.022,0,0,0,0,v
2014-04-06 06:54,6.630,0.019,0,0,0,0,v
2014-04-06 07:00,6.629,0.021,0,0,0,0,v
2014-04-06 07:06,6.627,0.021,0,0,0,0,v
2014-04-06 07:12,6.640,0.018,0,0,0,0,v
2014-04-06 07:18,6.644,0.023,0,0,0,0,v
2014-04-06 07:24,6.643,0.022,0,0,0,0,v
2014-04-06 07:30,6.645,0.017,0,0,0,0,v
2014-04-06 07:36,6.652,0.018,0,0,0,0,v
2014-04-06 07:42,6.646,0.021,0,0,0,0,v
2014-04-06 07:48,6.647,0.022,0,0,0,0,v
2014-04-06 07:54,6.633,0.019,0,0,0,0,v
2014-04-06 08:00,6.652,0.018,0,0,0,0,v
2014-04-06 08:06,6.653,0.015,0,0,0,0,v
2014-04-06 08:12,6.636,0.018,0,0,0,0,v
2014-04-06 08:18,6.664,0.021,0,0,0,0,v
2014-04-06 08:24,6.660,0.020,0,0,0,0,v
2014-04-06 08:30,6.676,0.020,0,0,0,0,v
2014-04-06 08:36,6.679,0.019,0,0,0,0,v
2014-04-06 08:42,6.662,0.022,0,0,0,0,v
2014-04-06 08:48,6.686,0.018,0,0,0,0,v
2014-04-06 08:54,6.676,0.018,0,0,0,0,v
2014-04-06 09:00,6.686,0.019,0,0,0,0,v
2014-04-06 09:06,6.694,0.019,0,0,0,0,v
2014-04-06 09:12,6.694,0.019,0,0,0,0,v
2014-04-06 09:18,6.701,0.016,0,0,0,0,v
2014-04-06 09:24,6.697,0.018,0,0,0,0,v
2014-04-06 09:30,6.703,0.018,0,0,0,0,v
2014-04-06 09:36,6.715,0.021,0,0,0,0,v
2014-04-06 09:42,6.719,0.017,0,0,0,0,v
2014-04-06 09:48,6.729,0.021,0,0,0,0,v
2014-04-06 09:54,6.719,0.018,0,0,0,0,v
2014-04-06 10:00,6.731,0.018,0,0,0,0,v
2014-04-06 10:06,6.728,0.018,0,0,0,0,v
2014-04-06 10:12,6.744,0.016,0,0,0,0,v
2014-04-06 10:18,6.760,0.017,0,0,0,0,v
2014-04-06 10:24,6.745,0.013,0,0,0,0,v
2014-04-06 10:30,6.768,0.024,0,0,0,0,v
2014-04-06 10:36,6.771,0.017,0,0,0,0,v
2014-04-06 10:42,6.778,0.016,0,0,0,0,v
2014-04-06 10:48,6.794,0.020,0,0,0,0,v
2014-04-06 10:54,6.803,0.020,0,0,0,0,v
2014-04-06 11:00,6.796,0.018,0,0,0,0,v
2014-04-06 11:06,6.791,0.019,0,0,0,0,v
2014-04-06 11:12,6.823,0.017,0,0,0,0,v
2014-04-06 11:18,6.836,0.016,0,0,0,0,v
2014-04-06 11:24,6.834,0.014,0,0,0,0,v
2014-04-06 11:30,6.840,0.017,0,0,0,0,v
2014-04-06 11:36,6.851,0.016,0,0,0,0,v
2014-04-06 11:42,6.846,0.019,0,0,0,0,v
2014-04-06 11:48,6.864,0.016,0,0,0,0,v
2014-04-06 11:54,6.883,0.018,0,0,0,0,v
2014-04-06 12:00,6.890,0.018,0,0,0,0,v
2014-04-06 12:06,6.897,0.022,0,0,0,0,v
2014-04-06 12:12,6.902,0.017,0,0,0,0,v
2014-04-06 12:18,6.896,0.016,0,0,0,0,v
2014-04-06 12:24,6.910,0.017,0,0,0,0,v
2014-04-06 12:30,6.930,0.016,0,0,0,0,v
2014-04-06 12:36,6.906,0.018,0,0,0,0,v
2014-04-06 12:42,6.908,0.016,0,0,0,0,v
2014-04-06 12:48,6.918,0.017,0,0,0,0,v
2014-04-06 12:54,6.928,0.021,0,0,0,0,v
2014-04-06 13:00,6.956,0.014,0,0,0,0,v
2014-04-06 13:06,6.947,0.020,0,0,0,0,v
2014-04-06 13:12,6.958,0.012,0,0,0,0,v
2014-04-06 13:18,6.981,0.017,0,0,0,0,v
2014-04-06 13:24,6.974,0.014,0,0,0,0,v
2014-04-06 13:30,6.985,0.014,0,0,0,0,v
2014-04-06 13:36,7.005,0.015,0,0,0,0,v
2014-04-06 13:42,6.997,0.016,0,0,0,0,v
2014-04-06 13:48,7.003,0.017,0,0,0,0,v
2014-04-06 13:54,6.994,0.019,0,0,0,0,v
2014-04-06 14:00,7.011,0.015,0,0,0,0,v
2014-04-06 14:06,7.017,0.014,0,0,0,0,v
2014-04-06 14:12,7.005,0.014,0,0,0,0,v
2014-04-06 14:18,6.994,0.018,0,0,0,0,v
2014-04-06 14:24,7.007,0.012,0,0,0,0,v
2014-04-06 14:30,7.009,0.014,0,0,0,0,v
2014-04-06 14:36,6.992,0.016,0,0,0,0,v
2014-04-06 14:42,6.987,0.015,0,0,0,0,v
2014-04-06 14:48,6.990,0.016,0,0,0,0,v
2014-04-06 14:54,7.024,0.014,0,0,0,0,v
2014-04-06 15:00,7.024,0.014,0,0,0,0,v
2014-04-06 15:06,7.030,0.014,0,0,0,0,v
2014-04-06 15:12,7.026,0.013,0,0,0,0,v
2014-04-06 15:18,7.024,0.014,0,0,0,0,v
2014-04-06 15:24,7.026,0.014,0,0,0,0,v
2014-04-06 15:30,7.033,0.012,0,0,0,0,v
2014-04-06 15:36,7.041,0.013,0,0,0,0,v
2014-04-06 15:42,7.042,0.013,0,0,0,0,v
2014-04-06 15:48,7.049,0.014,0,0,0,0,v
2014-04-06 15:54,7.064,0.011,0,0,0,0,v
2014-04-06 16:00,7.055,0.014,0,0,0,0,v
2014-04-06 16:06,7.051,0.014,0,0,0,0,v
2014-04-06 16:12,7.053,0.015,0,0,0,0,v
2014-04-06 16:18,7.037,0.014,0,0,0,0,v
2014-04-06 16:24,7.019,0.014,0,0,0,0,v
2014-04-06 16:30,7.036,0.014,0,0,0,0,v
2014-04-06 16:36,7.034,0.015,0,0,0,0,v
2014-04-06 16:42,7.020,0.013,0,0,0,0,v
2014-04-06 16:48,7.013,0.012,0,0,0,0,v
2014-04-06 16:54,7.021,0.014,0,0,0,0,v
2014-04-06 17:00,7.012,0.015,0,0,0,0,v
2014-04-06 17:06,7.013,0.012,0,0,0,0,v
2014-04-06 17:12,7.030,0.019,0,0,0,0,v
2014-04-06 17:18,7.029,0.019,0,0,0,0,v
2014-04-06 17:24,7.029,0.018,0,0,0,0,v
2014-04-06 17:30,6.987,0.015,0,0,0,0,v
2014-04-06 17:36,7.015,0.015,0,0,0,0,v
2014-04-06 17:42,7.037,0.014,0,0,0,0,v
2014-04-06 17:48,7.021,0.012,0,0,0,0,v
2014-04-06 17:54,7.010,0.009,0,0,0,0,v
2014-04-06 18:00,6.999,0.013,0,0,0,0,v
2014-04-06 18:06,6.998,0.012,0,0,0,0,v
2014-04-06 18:12,7.004,0.011,0,0,0,0,v
2014-04-06 18:18,7.010,0.013,0,0,0,0,v
2014-04-06 18:24,7.012,0.013,0,0,0,0,v
2014-04-06 18:30,7.002,0.015,0,0,0,0,v
2014-04-06 18:36,6.994,0.012,0,0,0,0,v
2014-04-06 18:42,7.012,0.014,0,0,0,0,v
2014-04-06 18:48,6.995,0.013,0,0,0,0,v
2014-04-06 18:54,6.993,0.014,0,0,0,0,v
2014-04-06 19:00,6.985,0.009,0,0,0,0,v
2014-04-06 19:06,6.971,0.010,0,0,0,0,v
2014-04-06 19:12,6.988,0.011,0,0,0,0,v
2014-04-06 19:18,6.994,0.010,0,0,0,0,v
2014-04-06 19:24,7.003,0.013,0,0,0,0,v
2014-04-06 19:30,6.975,0.011,0,0,0,0,v
2014-04-06 19:36,6.969,0.012,0,0,0,0,v
2014-04-06 19:42,6.962,0.009,0,0,0,0,v
2014-04-06 19:48,6.954,0.011,0,0,0,0,v
2014-04-06 19:54,6.983,0.012,0,0,0,0,v
2014-04-06 20:00,6.965,0.012,0,0,0,0,v
2014-04-06 20:06,6.989,0.010,0,0,0,0,v
2014-04-06 20:12,6.968,0.012,0,0,0,0,v
2014-04-06 20:18,6.942,0.013,0,0,0,0,v
2014-04-06 20:24,6.926,0.013,0,0,0,0,v
2014-04-06 20:30,6.977,0.012,0,0,0,0,v
2014-04-06 20:36,6.973,0.011,0,0,0,0,v
2014-04-06 20:42,6.952,0.010,0,0,0,0,v
2014-04-06 20:48,6.940,0.012,0,0,0,0,v
2014-04-06 20:54,6.945,0.010,0,0,0,0,v
2014-04-06 21:00,6.949,0.014,0,0,0,0,v
2014-04-06 21:06,6.937,0.013,0,0,0,0,v
2014-04-06 21:12,6.934,0.011,0,0,0,0,v
2014-04-06 21:18,6.937,0.013,0,0,0,0,v
2014-04-06 21:24,6.929,0.012,0,0,0,0,v
2014-04-06 21:30,6.904,0.009,0,0,0,0,v
2014-04-06 21:36,6.904,0.013,0,0,0,0,v
2014-04-06 21:42,6.918,0.012,0,0,0,0,v
2014-04-06 21:48,6.909,0.011,0,0,0,0,v
2014-04-06 21:54,6.921,0.010,0,0,0,0,v
2014-04-06 22:00,6.904,0.012,0,0,0,0,v
2014-04-06 22:06,6.898,0.012,0,0,0,0,v
2014-04-06 22:12,6.913,0.012,0,0,0,0,v
2014-04-06 22:18,6.923,0.012,0,0,0,0,v
2014-04-06 22:24,6.914,0.013,0,0,0,0,v
2014-04-06 22:30,6.896,0.011,0,0,0,0,v
2014-04-06 22:36,6.902,0.010,0,0,0,0,v
2014-04-06 22:42,6.901,0.014,0,0,0,0,v
2014-04-06 22:48,6.895,0.011,0,0,0,0,v
2014-04-06 22:54,6.910,0.014,0,0,0,0,v
2014-04-06 23:00,6.953,0.013,0,0,0,0,v
2014-04-06 23:06,6.958,0.012,0,0,0,0,v
2014-04-06 23:12,6.931,0.010,0,0,0,0,v
2014-04-06 23:18,6.929,0.011,0,0,0,0,v
2014-04-06 23:24,6.896,0.011,0,0,0,0,v
2014-04-06 23:30,6.897,0.011,0,0,0,0,v
2014-04-06 23:36,6.912,0.013,0,0,0,0,v
2014-04-06 23:42,6.916,0.013,0,0,0,0,v
2014-04-06 23:48,6.900,0.011,0,0,0,0,v
2014-04-06 23:54,6.885,0.013,0,0,0,0,v
2014-04-07 00:00,6.863,0.011,0,0,0,0,v
2014-04-07 00:06,6.873,0.011,0,0,0,0,v
2014-04-07 00:12,6.857,0.010,0,0,0,0,v
2014-04-07 00:18,6.846,0.011,0,0,0,0,v
2014-04-07 00:24,6.857,0.013,0,0,0,0,v
2014-04-07 00:30,6.834,0.012,0,0,0,0,v
2014-04-07 00:36,6.838,0.012,0,0,0,0,v
2014-04-07 00:42,6.828,0.015,0,0,0,0,v
2014-04-07 00:48,6.822,0.013,0,0,0,0,v
2014-04-07 00:54,6.837,0.011,0,0,0,0,v
2014-04-07 01:00,6.803,0.012,0,0,0,0,v
2014-04-07 01:06,6.770,0.013,0,0,0,0,v
2014-04-07 01:12,6.808,0.010,0,0,0,0,v
2014-04-07 01:18,6.796,0.012,0,0,0,0,v
2014-04-07 01:24,6.763,0.013,0,0,0,0,v
2014-04-07 01:30,6.750,0.011,0,0,0,0,v
2014-04-07 01:36,6.775,0.011,0,0,0,0,v
2014-04-07 01:42,6.765,0.012,0,0,0,0,v
2014-04-07 01:48,6.750,0.014,0,0,0,0,v
2014-04-07 01:54,6.745,0.010,0,0,0,0,v
2014-04-07 02:00,6.731,0.010,0,0,0,0,v
2014-04-07 02:06,6.738,0.010,0,0,0,0,v
2014-04-07 02:12,6.749,0.011,0,0,0,0,v
2014-04-07 02:18,6.756,0.013,0,0,0,0,v
2014-04-07 02:24,6.746,0.013,0,0,0,0,v
2014-04-07 02:30,6.740,0.011,0,0,0,0,v
2014-04-07 02:36,6.741,0.012,0,0,0,0,v
2014-04-07 02:42,6.741,0.016,0,0,0,0,v
2014-04-07 02:48,6.770,0.012,0,0,0,0,v
2014-04-07 02:54,6.768,0.011,0,0,0,0,v
2014-04-07 03:00,6.768,0.011,0,0,0,0,v
2014-04-07 03:06,6.755,0.015,0,0,0,0,v
2014-04-07 03:12,6.776,0.013,0,0,0,0,v
2014-04-07 03:18,6.768,0.013,0,0,0,0,v
2014-04-07 03:24,6.768,0.014,0,0,0,0,v
2014-04-07 03:30,6.768,0.012,0,0,0,0,v
2014-04-07 03:36,6.755,0.013,0,0,0,0,v
2014-04-07 03:42,6.775,0.013,0,0,0,0,v
2014-04-07 03:48,6.752,0.013,0,0,0,0,v
2014-04-07 03:54,6.749,0.017,0,0,0,0,v
2014-04-07 04:00,6.752,0.018,0,0,0,0,v
2014-04-07 04:06,6.725,0.012,0,0,0,0,v
2014-04-07 04:12,6.731,0.015,0,0,0,0,v
2014-04-07 04:18,6.746,0.019,0,0,0,0,v
2014-04-07 04:24,6.761,0.012,0,0,0,0,v
2014-04-07 04:30,6.750,0.017,0,0,0,0,v
2014-04-07 04:36,6.742,0.015,0,0,0,0,v
2014-04-07 04:42,6.754,0.011,0,0,0,0,v
2014-04-07 04:48,6.730,0.013,0,0,0,0,v
2014-04-07 04:54,6.742,0.012,0,0,0,0,v
2014-04-07 05:00,6.724,0.014,0,0,0,0,v
2014-04-07 05:06,6.723,0.012,0,0,0,0,v
2014-04-07 05:12,6.707,0.017,0,0,0,0,v
2014-04-07 05:18,6.711,0.016,0,0,0,0,v
2014-04-07 05:24,6.694,0.014,0,0,0,0,v
2014-04-07 05:30,6.664,0.010,0,0,0,0,v
2014-04-07 05:36,6.654,0.014,0,0,0,0,v
2014-04-07 05:42,6.651,0.012,0,0,0,0,v
2014-04-07 05:48,6.636,0.010,0,0,0,0,v
2014-04-07 05:54,6.642,0.011,0,0,0,0,v
2014-04-07 06:00,6.644,0.013,0,0,0,0,v
2014-04-07 06:06,6.657,0.016,0,0,0,0,v
2014-04-07 06:12,6.644,0.013,0,0,0,0,v
2014-04-07 06:18,6.665,0.013,0,0,0,0,v
2014-04-07 06:24,6.656,0.011,0,0,0,0,v
2014-04-07 06:30,6.634,0.014,0,0,0,0,v
2014-04-07 06:36,6.625,0.013,0,0,0,0,v
2014-04-07 06:42,6.614,0.012,0,0,0,0,v
2014-04-07 06:48,6.613,0.012,0,0,0,0,v
2014-04-07 06:54,6.621,0.014,0,0,0,0,v
2014-04-07 07:00,6.638,0.013,0,0,0,0,v
2014-04-07 07:06,6.603,0.012,0,0,0,0,v
2014-04-07 07:12,6.610,0.013,0,0,0,0,v
2014-04-07 07:18,6.587,0.013,0,0,0,0,v
2014-04-07 07:24,6.592,0.012,0,0,0,0,v
2014-04-07 07:30,6.624,0.010,0,0,0,0,v
2014-04-07 07:36,6.623,0.011,0,0,0,0,v
2014-04-07 07:42,6.638,0.011,0,0,0,0,v
2014-04-07 07:48,6.614,0.012,0,0,0,0,v
2014-04-07 07:54,6.574,0.011,0,0,0,0,v
2014-04-07 08:00,6.586,0.009,0,0,0,0,v
2014-04-07 08:06,6.581,0.011,0,0,0,0,v
2014-04-07 08:12,6.627,0.011,0,0,0,0,v
2014-04-07 08:18,6.640,0.012,0,0,0,0,v
2014-04-07 08:24,6.627,0.012,0,0,0,0,v
2014-04-07 08:30,6.621,0.016,0,0,0,0,v
2014-04-07 08:36,6.622,0.011,0,0,0,0,v
2014-04-07 08:42,6.622,0.010,0,0,0,0,v
2014-04-07 08:48,6.605,0.011,0,0,0,0,v
2014-04-07 08:54,6.627,0.008,0,0,0,0,v
2014-04-07 09:00,6.626,0.016,0,0,0,0,v
2014-04-07 09:06,6.645,0.011,0,0,0,0,v
2014-04-07 09:12,6.625,0.009,0,0,0,0,v
2014-04-07 09:18,6.655,0.011,0,0,0,0,v
2014-04-07 09:24,6.662,0.010,0,0,0,0,v
2014-04-07 09:30,6.655,0.011,0,0,0,0,v
2014-04-07 09:36,6.675,0.011,0,0,0,0,v
2014-04-07 09:42,6.667,0.010,0,0,0,0,v
2014-04-07 09:48,6.698,0.011,0,0,0,0,v
2014-04-07 09:54,6.676,0.010,0,0,0,0,v
2014-04-07 10:00,6.677,0.010,0,0,0,0,v
2014-04-07 10:06,6.676,0.010,0,0,0,0,v
2014-04-07 10:12,6.674,0.010,0,0,0,0,v
2014-04-07 10:18,6.674,0.013,0,0,0,0,v
2014-04-07 10:24,6.678,0.012,0,0,0,0,v
2014-04-07 10:30,6.663,0.009,0,0,0,0,v
2014-04-07 10:36,6.647,0.011,0,0,0,0,v
2014-04-07 10:42,6.669,0.010,0,0,0,0,v
2014-04-07 10:48,6.676,0.012,0,0,0,0,v
2014-04-07 10:54,6.675,0.013,0,0,0,0,v
2014-04-07 11:00,6.687,0.012,0,0,0,0,v
2014-04-07 11:06,6.690,0.009,0,0,0,0,v
2014-04-07 11:12,6.689,0.010,0,0,0,0,v
2014-04-07 11:18,6.673,0.011,0,0,0,0,v
2014-04-07 11:24,6.729,0.011,0,0,0,0,v
2014-04-07 11:30,6.728,0.009,0,0,0,0,v
2014-04-07 11:36,6.725,0.011,0,0,0,0,v
2014-04-07 11:42,6.747,0.010,0,0,0,0,v
2014-04-07 11:48,6.736,0.011,0,0,0,0,v
2014-04-07 11:54,6.748,0.008,0,0,0,0,v
2014-04-07 12:00,6.728,0.010,0,0,0,0,v
2014-04-07 12:06,6.729,0.009,0,0,0,0,v
2014-04-07 12:12,6.738,0.010,0,0,0,0,v
2014-04-07 12:18,6.769,0.011,0,0,0,0,v
2014-04-07 12:24,6.773,0.012,0,0,0,0,v
2014-04-07 12:30,6.794,0.010,0,0,0,0,v
2014-04-07 12:36,6.789,0.011,0,0,0,0,v
2014-04-07 12:42,6.778,0.009,0,0,0,0,v
2014-04-07 12:48,6.811,0.009,0,0,0,0,v
2014-04-07 12:54,6.820,0.009,0,0,0,0,v
2014-04-07 13:00,6.828,0.009,0,0,0,0,v
2014-04-07 13:06,6.856,0.010,0,0,0,0,v
2014-04-07 13:12,6.865,0.012,0,0,0,0,v
2014-04-07 13:18,6.850,0.010,0,0,0,0,v
2014-04-07 13:24,6.850,0.010,0,0,0,0,v
2014-04-07 13:30,6.858,0.011,0,0,0,0,v
2014-04-07 13:36,6.868,0.012,0,0,0,0,v
2014-04-07 13:42,6.838,0.010,0,0,0,0,v
2014-04-07 13:48,6.854,0.009,0,0,0,0,v
2014-04-07 13:54,6.855,0.011,0,0,0,0,v
2014-04-07 14:00,6.854,0.009,0,0,0,0,v
2014-04-07 14:06,6.845,0.009,0,0,0,0,v
2014-04-07 14:12,6.872,0.008,0,0,0,0,v
2014-04-07 14:18,6.847,0.009,0,0,0,0,v
2014-04-07 14:24,6.827,0.010,0,0,0,0,v
2014-04-07 14:30,6.808,0.011,0,0,0,0,v
2014-04-07 14:36,6.850,0.010,0,0,0,0,v
2014-04-07 14:42,6.847,0.011,0,0,0,0,v
2014-04-07 14:48,6.837,0.008,0,0,0,0,v
2014-04-07 14:54,6.850,0.010,0,0,0,0,v
2014-04-07 15:00,6.842,0.011,0,0,0,0,v
2014-04-07 15:06,6.836,0.008,0,0,0,0,v
2014-04-07 15:12,6.840,0.010,0,0,0,0,v
2014-04-07 15:18,6.842,0.009,0,0,0,0,v
2014-04-07 15:24,6.851,0.009,0,0,0,0,v
2014-04-07 15:30,6.865,0.013,0,0,0,0,v
2014-04-07 15:36,6.881,0.010,0,0,0,0,v
2014-04-07 15:42,6.887,0.010,0,0,0,0,v
2014-04-07 15:48,6.882,0.009,0,0,0,0,v
2014-04-07 15:54,6.914,0.011,0,0,0,0,v
2014-04-07 16:00,6.916,0.011,0,0,0,0,v
2014-04-07 16:06,6.927,0.011,0,0,0,0,v
2014-04-07 16:12,6.966,0.010,0,0,0,0,v
2014-04-07 16:18,6.972,0.010,0,0,0,0,v
2014-04-07 16:24,6.962,0.013,0,0,0,0,v
2014-04-07 16:30,6.947,0.010,0,0,0,0,v
2014-04-07 16:36,6.940,0.010,0,0,0,0,v
2014-04-07 16:42,6.970,0.012,0,0,0,0,v
2014-04-07 16:48,6.971,0.010,0,0,0,0,v
2014-04-07 16:54,6.966,0.009,0,0,0,0,v
2014-04-07 17:00,6.945,0.010,0,0,0,0,v
2014-04-07 17:06,6.959,0.011,0,0,0,0,v
2014-04-07 17:12,6.944,0.010,0,0,0,0,v
2014-04-07 17:18,6.951,0.011,0,0,0,0,v
2014-04-07 17:24,6.943,0.013,0,0,0,0,v
2014-04-07 17:30,6.916,0.012,0,0,0,0,v
2014-04-07 17:36,6.906,0.012,0,0,0,0,v
2014-04-07 17:42,6.895,0.013,0,0,0,0,v
2014-04-07 17:48,6.909,0.011,0,0,0,0,v
2014-04-07 17:54,6.922,0.011,0,0,0,0,v
2014-04-07 18:00,6.881,0.008,0,0,0,0,v
2014-04-07 18:06,6.899,0.013,0,0,0,0,v
2014-04-07 18:12,6.872,0.010,0,0,0,0,v
2014-04-07 18:18,6.835,0.011,0,0,0,0,v
2014-04-07 18:24,6.869,0.011,0,0,0,0,v
2014-04-07 18:30,6.881,0.008,0,0,0,0,v
2014-04-07 18:36,6.873,0.014,0,0,0,0,v
2014-04-07 18:42,6.837,0.011,0,0,0,0,v
2014-04-07 18:48,6.867,0.010,0,0,0,0,v
2014-04-07 18:54,6.836,0.013,0,0,0,0,v
2014-04-07 19:00,6.832,0.012,0,0,0,0,v
2014-04-07 19:06,6.860,0.016,0,0,0,0,v
2014-04-07 19:12,6.877,0.012,0,0,0,0,v
2014-04-07 19:18,6.870,0.010,0,0,0,0,v
2014-04-07 19:24,6.883,0.014,0,0,0,0,v
2014-04-07 19:30,6.852,0.014,0,0,0,0,v
2014-04-07 19:36,6.840,0.010,0,0,0,0,v
2014-04-07 19:42,6.832,0.011,0,0,0,0,v
2014-04-07 19:48,6.839,0.014,0,0,0,0,v
2014-04-07 19:54,6.829,0.014,0,0,0,0,v
2014-04-07 20:00,6.821,0.013,0,0,0,0,v
2014-04-07 20:06,6.854,0.013,0,0,0,0,v
2014-04-07 20:12,6.820,0.017,0,0,0,0,v
2014-04-07 20:18,6.804,0.012,0,0,0,0,v
2014-04-07 20:24,6.776,0.017,0,0,0,0,v
2014-04-07 20:30,6.808,0.012,0,0,0,0,v
2014-04-07 20:36,6.789,0.010,0,0,0,0,v
2014-04-07 20:42,6.808,0.015,0,0,0,0,v
2014-04-07 20:48,6.807,0.011,0,0,0,0,v
2014-04-07 20:54,6.845,0.016,0,0,0,0,v
2014-04-07 21:00,6.839,0.014,0,0,0,0,v
2014-04-07 21:06,6.811,0.016,0,0,0,0,v
2014-04-07 21:12,6.814,0.012,0,0,0,0,v
2014-04-07 21:18,6.871,0.014,0,0,0,0,v
2014-04-07 21:24,6.857,0.016,0,0,0,0,v
2014-04-07 21:30,6.864,0.013,0,0,0,0,v
2014-04-07 21:36,6.832,0.012,0,0,0,0,v
2014-04-07 21:42,6.830,0.014,0,0,0,0,v
2014-04-07 21:48,6.808,0.014,0,0,0,0,v
2014-04-07 21:54,6.814,0.016,0,0,0,0,v
2014-04-07 22:00,6.835,0.015,0,0,0,0,v
2014-04-07 22:06,6.821,0.017,0,0,0,0,v
2014-04-07 22:12,6.795,0.012,0,0,0,0,v
2014-04-07 22:18,6.804,0.014,0,0,0,0,v
2014-04-07 22:24,6.805,0.013,0,0,0,0,v
2014-04-07 22:30,6.766,0.010,0,0,0,0,v
2014-04-07 22:36,6.784,0.015,0,0,0,0,v
2014-04-07 22:42,6.778,0.014,0,0,0,0,v
2014-04-07 22:48,6.763,0.015,0,0,0,0,v
2014-04-07 22:54,6.738,0.013,0,0,0,0,v
2014-04-07 23:00,6.716,0.013,0,0,0,0,v
2014-04-07 23:06,6.716,0.015,0,0,0,0,v
2014-04-07 23:12,6.731,0.018,0,0,0,0,v
2014-04-07 23:18,6.741,0.014,0,0,0,0,v
2014-04-07 23:24,6.729,0.014,0,0,0,0,v
2014-04-07 23:30,6.715,0.013,0,0,0,0,v
2014-04-07 23:36,6.704,0.016,0,0,0,0,v
2014-04-07 23:42,6.706,0.015,0,0,0,0,v
2014-04-07 23:48,6.709,0.014,0,0,0,0,v
2014-04-07 23:54,6.727,0.015,0,0,0,0,v
2014-04-08 00:00,6.753,0.013,0,0,0,0,v
2014-04-08 00:06,6.732,0.015,0,0,0,0,v
2014-04-08 00:12,6.737,0.016,0,0,0,0,v
2014-04-08 00:18,6.756,0.014,0,0,0,0,v
2014-04-08 00:24,6.739,0.014,0,0,0,0,v
2014-04-08 00:30,6.725,0.018,0,0,0,0,v
2014-04-08 00:36,6.695,0.020,0,0,0,0,v
2014-04-08 00:42,6.702,0.010,0,0,0,0,v
2014-04-08 00:48,6.695,0.016,0,0,0,0,v
2014-04-08 00:54,6.680,0.012,0,0,0,0,v
2014-04-08 01:00,6.689,0.014,0,0,0,0,v
2014-04-08 01:06,6.680,0.015,0,0,0,0,v
2014-04-08 01:12,6.689,0.014,0,0,0,0,v
2014-04-08 01:18,6.673,0.013,0,0,0,0,v
2014-04-08 01:24,6.695,0.018,0,0,0,0,v
2014-04-08 01:30,6.668,0.014,0,0,0,0,v
2014-04-08 01:36,6.671,0.016,0,0,0,0,v
2014-04-08 01:42,6.657,0.019,0,0,0,0,v
2014-04-08 01:48,6.673,0.018,0,0,0,0,v
2014-04-08 01:54,6.690,0.020,0,0,0,0,v
2014-04-08 02:00,6.717,0.017,0,0,0,0,v
2014-04-08 02:06,6.709,0.015,0,0,0,0,v
2014-04-08 02:12,6.667,0.017,0,0,0,0,v
2014-04-08 02:18,6.689,0.015,0,0,0,0,v
2014-04-08 02:24,6.686,0.016,0,0,0,0,v
2014-04-08 02:30,6.682,0.016,0,0,0,0,v
2014-04-08 02:36,6.671,0.017,0,0,0,0,v
2014-04-08 02:42,6.637,0.014,0,0,0,0,v
2014-04-08 02:48,6.668,0.013,0,0,0,0,v
2014-04-08 02:54,6.630,0.014,0,0,0,0,v
2014-04-08 03:00,6.640,0.014,0,0,0,0,v
2014-04-08 03:06,6.667,0.017,0,0,0,0,v
2014-04-08 03:12,6.628,0.015,0,0,0,0,v
2014-04-08 03:18,6.621,0.012,0,0,0,0,v
2014-04-08 03:24,6.648,0.016,0,0,0,0,v
2014-04-08 03:30,6.621,0.013,0,0,0,0,v
2014-04-08 03:36,6.634,0.015,0,0,0,0,v
2014-04-08 03:42,6.623,0.014,0,0,0,0,v
2014-04-08 03:48,6.594,0.015,0,0,0,0,v
2014-04-08 03:54,6.592,0.014,0,0,0,0,v
2014-04-08 04:00,6.600,0.013,0,0,0,0,v
2014-04-08 04:06,6.616,0.019,0,0,0,0,v
2014-04-08 04:12,6.600,0.013,0,0,0,0,v
2014-04-08 04:18,6.593,0.013,0,0,0,0,v
2014-04-08 04:24,6.573,0.012,0,0,0,0,v
2014-04-08 04:30,6.533,0.013,0,0,0,0,v
2014-04-08 04:36,6.546,0.014,0,0,0,0,v
2014-04-08 04:42,6.530,0.010,0,0,0,0,v
2014-04-08 04:48,6.558,0.015,0,0,0,0,v
2014-04-08 04:54,6.523,0.015,0,0,0,0,v
2014-04-08 05:00,6.541,0.013,0,0,0,0,v
2014-04-08 05:06,6.533,0.015,0,0,0,0,v
2014-04-08 05:12,6.550,0.011,0,0,0,0,v
2014-04-08 05:18,6.563,0.014,0,0,0,0,v
2014-04-08 05:24,6.557,0.015,0,0,0,0,v
2014-04-08 05:30,6.567,0.012,0,0,0,0,v
2014-04-08 05:36,6.563,0.014,0,0,0,0,v
2014-04-08 05:42,6.530,0.010,0,0,0,0,v
2014-04-08 05:48,6.490,0.012,0,0,0,0,v
2014-04-08 05:54,6.465,0.011,0,0,0,0,v
2014-04-08 06:00,6.472,0.012,0,0,0,0,v
2014-04-08 06:06,6.501,0.010,0,0,0,0,v
2014-04-08 06:12,6.481,0.012,0,0,0,0,v
2014-04-08 06:18,6.497,0.011,0,0,0,0,v
2014-04-08 06:24,6.523,0.011,0,0,0,0,v
2014-04-08 06:30,6.505,0.011,0,0,0,0,v
2014-04-08 06:36,6.503,0.014,0,0,0,0,v
2014-04-08 06:42,6.516,0.012,0,0,0,0,v
2014-04-08 06:48,6.497,0.013,0,0,0,0,v
2014-04-08 06:54,6.510,0.013,0,0,0,0,v
2014-04-08 07:00,6.525,0.011,0,0,0,0,v
2014-04-08 07:06,6.493,0.012,0,0,0,0,v
2014-04-08 07:12,6.470,0.014,0,0,0,0,v
2014-04-08 07:18,6.480,0.011,0,0,0,0,v
2014-04-08 07:24,6.469,0.011,0,0,0,0,v
2014-04-08 07:30,6.460,0.011,0,0,0,0,v
2014-04-08 07:36,6.447,0.013,0,0,0,0,v
2014-04-08 07:42,6.431,0.015,0,0,0,0,v
2014-04-08 07:48,6.430,0.010,0,0,0,0,v
2014-04-08 07:54,6.433,0.011,0,0,0,0,v
2014-04-08 08:00,6.431,0.013,0,0,0,0,v
2014-04-08 08:06,6.395,0.013,0,0,0,0,v
2014-04-08 08:12,6.412,0.012,0,0,0,0,v
2014-04-08 08:18,6.393,0.012,0,0,0,0,v
2014-04-08 08:24,6.395,0.013,0,0,0,0,v
2014-04-08 08:30,6.360,0.011,0,0,0,0,v
2014-04-08 08:36,6.354,0.010,0,0,0,0,v
2014-04-08 08:42,6.358,0.013,0,0,0,0,v
2014-04-08 08:48,6.364,0.013,0,0,0,0,v
2014-04-08 08:54,6.357,0.012,0,0,0,0,v
2014-04-08 09:00,6.363,0.010,0,0,0,0,v
2014-04-08 09:06,6.361,0.009,0,0,0,0,v
2014-04-08 09:12,6.371,0.012,0,0,0,0,v
2014-04-08 09:18,6.380,0.010,0,0,0,0,v
2014-04-08 09:24,6.356,0.013,0,0,0,0,v
2014-04-08 09:30,6.350,0.011,0,0,0,0,v
2014-04-08 09:36,6.369,0.011,0,0,0,0,v
2014-04-08 09:42,6.392,0.016,0,0,0,0,v
2014-04-08 09:48,6.407,0.011,0,0,0,0,v
2014-04-08 09:54,6.396,0.009,0,0,0,0,v
2014-04-08 10:00,6.417,0.011,0,0,0,0,v
2014-04-08 10:06,6.434,0.008,0,0,0,0,v
2014-04-08 10:12,6.429,0.009,0,0,0,0,v
2014-04-08 10:18,6.428,0.010,0,0,0,0,v
2014-04-08 10:24,6.469,0.010,0,0,0,0,v
2014-04-08 10:30,6.495,0.008,0,0,0,0,v
2014-04-08 10:36,6.511,0.011,0,0,0,0,v
2014-04-08 10:42,6.521,0.013,0,0,0,0,v
2014-04-08 10:48,6.508,0.013,0,0,0,0,v
2014-04-08 10:54,6.532,0.011,0,0,0,0,v
2014-04-08 11:00,6.496,0.010,0,0,0,0,v
2014-04-08 11:06,6.522,0.010,0,0,0,0,v
2014-04-08 11:12,6.477,0.013,0,0,0,0,v
2014-04-08 11:18,6.469,0.010,0,0,0,0,v
2014-04-08 11:24,6.493,0.008,0,0,0,0,v
2014-04-08 11:30,6.476,0.009,0,0,0,0,v
2014-04-08 11:36,6.471,0.011,0,0,0,0,v
2014-04-08 11:42,6.502,0.009,0,0,0,0,v
2014-04-08 11:48,6.489,0.008,0,0,0,0,v
2014-04-08 11:54,6.485,0.011,0,0,0,0,v
2014-04-08 12:00,6.478,0.010,0,0,0,0,v
2014-04-08 12:06,6.489,0.008,0,0,0,0,v
2014-04-08 12:12,6.464,0.008,0,0,0,0,v
2014-04-08 12:18,6.485,0.008,0,0,0,0,v
2014-04-08 12:24,6.505,0.009,0,0,0,0,v
2014-04-08 12:30,6.534,0.010,0,0,0,0,v
2014-04-08 12:36,6.519,0.012,0,0,0,0,v
2014-04-08 12:42,6.503,0.009,0,0,0,0,v
2014-04-08 12:48,6.517,0.010,0,0,0,0,v
2014-04-08 12:54,6.531,0.009,0,0,0,0,v
2014-04-08 13:00,6.542,0.010,0,0,0,0,v
2014-04-08 13:06,6.547,0.008,0,0,0,0,v
2014-04-08 13:12,6.546,0.009,0,0,0,0,v
2014-04-08 13:18,6.535,0.008,0,0,0,0,v
2014-04-08 13:24,6.552,0.007,0,0,0,0,v
2014-04-08 13:30,6.555,0.007,0,0,0,0,v
2014-04-08 13:36,6.564,0.011,0,0,0,0,v
2014-04-08 13:42,6.582,0.009,0,0,0,0,v
2014-04-08 13:48,6.572,0.009,0,0,0,0,v
2014-04-08 13:54,6.582,0.007,0,0,0,0,v
2014-04-08 14:00,6.584,0.007,0,0,0,0,v
2014-04-08 14:06,6.614,0.007,0,0,0,0,v
2014-04-08 14:12,6.605,0.008,0,0,0,0,v
2014-04-08 14:18,6.611,0.008,0,0,0,0,v
2014-04-08 14:24,6.615,0.007,0,0,0,0,v
2014-04-08 14:30,6.640,0.007,0,0,0,0,v
2014-04-08 14:36,6.676,0.010,0,0,0,0,v
2014-04-08 14:42,6.680,0.008,0,0,0,0,v
2014-04-08 14:48,6.681,0.010,0,0,0,0,v
2014-04-08 14:54,6.700,0.007,0,0,0,0,v
2014-04-08 15:00,6.688,0.007,0,0,0,0,v
2014-04-08 15:06,6.694,0.007,0,0,0,0,v
2014-04-08 15:12,6.717,0.008,0,0,0,0,v
2014-04-08 15:18,6.731,0.008,0,0,0,0,v
2014-04-08 15:24,6.736,0.008,0,0,0,0,v
2014-04-08 15:30,6.734,0.007,0,0,0,0,v
2014-04-08 15:36,6.734,0.007,0,0,0,0,v
2014-04-08 15:42,6.721,0.009,0,0,0,0,v
2014-04-08 15:48,6.714,0.008,0,0,0,0,v
2014-04-08 15:54,6.693,0.009,0,0,0,0,v
2014-04-08 16:00,6.699,0.008,0,0,0,0,v
2014-04-08 16:06,6.687,0.010,0,0,0,0,v
2014-04-08 16:12,6.680,0.010,0,0,0,0,v
2014-04-08 16:18,6.705,0.008,0,0,0,0,v
2014-04-08 16:24,6.693,0.008,0,0,0,0,v
2014-04-08 16:30,6.708,0.007,0,0,0,0,v
2014-04-08 16:36,6.690,0.009,0,0,0,0,v
2014-04-08 16:42,6.703,0.008,0,0,0,0,v
2014-04-08 16:48,6.692,0.010,0,0,0,0,v
2014-04-08 16:54,6.706,0.009,0,0,0,0,v
2014-04-08 17:00,6.699,0.009,0,0,0,0,v
2014-04-08 17:06,6.706,0.009,0,0,0,0,v
2014-04-08 17:12,6.705,0.009,0,0,0,0,v
2014-04-08 17:18,6.714,0.009,0,0,0,0,v
2014-04-08 17:24,6.672,0.009,0,0,0,0,v
2014-04-08 17:30,6.676,0.010,0,0,0,0,v
2014-04-08 17:36,6.693,0.011,0,0,0,0,v
2014-04-08 17:42,6.717,0.010,0,0,0,0,v
2014-04-08 17:48,6.724,0.009,0,0,0,0,v
2014-04-08 17:54,6.715,0.009,0,0,0,0,v
2014-04-08 18:00,6.742,0.010,0,0,0,0,v
2014-04-08 18:06,6.728,0.009,0,0,0,0,v
2014-04-08 18:12,6.730,0.011,0,0,0,0,v
2014-04-08 18:18,6.734,0.008,0,0,0,0,v
2014-04-08 18:24,6.747,0.012,0,0,0,0,v
2014-04-08 18:30,6.733,0.010,0,0,0,0,v
2014-04-08 18:36,6.726,0.010,0,0,0,0,v
2014-04-08 18:42,6.714,0.010,0,0,0,0,v
2014-04-08 18:48,6.703,0.008,0,0,0,0,v
2014-04-08 18:54,6.682,0.011,0,0,0,0,v
2014-04-08 19:00,6.683,0.009,0,0,0,0,v
2014-04-08 19:06,6.679,0.009,0,0,0,0,v
2014-04-08 19:12,6.683,0.011,0,0,0,0,v
2014-04-08 19:18,6.684,0.010,0,0,0,0,v
2014-04-08 19:24,6.709,0.012,0,0,0,0,v
2014-04-08 19:30,6.709,0.010,0,0,0,0,v
2014-04-08 19:36,6.708,0.010,0,0,0,0,v
2014-04-08 19:42,6.728,0.010,0,0,0,0,v
2014-04-08 19:48,6.683,0.011,0,0,0,0,v
2014-04-08 19:54,6.684,0.010,0,0,0,0,v
2014-04-08 20:00,6.698,0.009,0,0,0,0,v
2014-04-08 20:06,6.690,0.012,0,0,0,0,v
2014-04-08 20:12,6.688,0.008,0,0,0,0,v
2014-04-08 20:18,6.690,0.009,0,0,0,0,v
2014-04-08 20:24,6.696,0.009,0,0,0,0,v
2014-04-08 20:30,6.686,0.010,0,0,0,0,v
2014-04-08 20:36,6.655,0.009,0,0,0,0,v
2014-04-08 20:42,6.654,0.007,0,0,0,0,v
2014-04-08 20:48,6.638,0.013,0,0,0,0,v
2014-04-08 20:54,6.646,0.012,0,0,0,0,v
2014-04-08 21:00,6.650,0.009,0,0,0,0,v
2014-04-08 21:06,6.664,0.007,0,0,0,0,v
2014-04-08 21:12,6.654,0.008,0,0,0,0,v
2014-04-08 21:18,6.650,0.008,0,0,0,0,v
2014-04-08 21:24,6.623,0.011,0,0,0,0,v
2014-04-08 21:30,6.654,0.009,0,0,0,0,v
2014-04-08 21:36,6.653,0.010,0,0,0,0,v
2014-04-08 21:42,6.641,0.011,0,0,0,0,v
2014-04-08 21:48,6.640,0.010,0,0,0,0,v
2014-04-08 21:54,6.636,0.010,0,0,0,0,v
2014-04-08 22:00,6.635,0.009,0,0,0,0,v
2014-04-08 22:06,6.630,0.008,0,0,0,0,v
2014-04-08 22:12,6.624,0.011,0,0,0,0,v
2014-04-08 22:18,6.609,0.008,0,0,0,0,v
2014-04-08 22:24,6.587,0.009,0,0,0,0,v
2014-04-08 22:30,6.620,0.011,0,0,0,0,v
2014-04-08 22:36,6.614,0.006,0,0,0,0,v
2014-04-08 22:42,6.577,0.010,0,0,0,0,v
2014-04-08 22:48,6.558,0.009,0,0,0,0,v
2014-04-08 22:54,6.552,0.008,0,0,0,0,v
2014-04-08 23:00,6.546,0.011,0,0,0,0,v
2014-04-08 23:06,6.565,0.009,0,0,0,0,v
2014-04-08 23:12,6.564,0.010,0,0,0,0,v
2014-04-08 23:18,6.574,0.012,0,0,0,0,v
2014-04-08 23:24,6.595,0.011,0,0,0,0,v
2014-04-08 23:30,6.585,0.007,0,0,0,0,v
2014-04-08 23:36,6.585,0.008,0,0,0,0,v
2014-04-08 23:42,6.608,0.008,0,0,0,0,v
2014-04-08 23:48,6.607,0.009,0,0,0,0,v
2014-04-08 23:54,6.615,0.009,0,0,0,0,v
2014-04-09 00:00,6.613,0.007,0,0,0,0,v
2014-04-09 00:06,6.590,0.009,0,0,0,0,v
2014-04-09 00:12,6.579,0.010,0,0,0,0,v
2014-04-09 00:18,6.564,0.009,0,0,0,0,v
2014-04-09 00:24,6.562,0.008,0,0,0,0,v
2014-04-09 00:30,6.540,0.008,0,0,0,0,v
2014-04-09 00:36,6.547,0.006,0,0,0,0,v
2014-04-09 00:42,6.572,0.008,0,0,0,0,v
2014-04-09 00:48,6.556,0.009,0,0,0,0,v
2014-04-09 00:54,6.558,0.010,0,0,0,0,v
2014-04-09 01:00,6.585,0.007,0,0,0,0,v
2014-04-09 01:06,6.567,0.008,0,0,0,0,v
2014-04-09 01:12,6.568,0.009,0,0,0,0,v
2014-04-09 01:18,6.585,0.011,0,0,0,0,v
2014-04-09 01:24,6.584,0.005,0,0,0,0,v
2014-04-09 01:30,6.556,0.008,0,0,0,0,v
2014-04-09 01:36,6.571,0.007,0,0,0,0,v
2014-04-09 01:42,6.555,0.007,0,0,0,0,v
2014-04-09 01:48,6.540,0.007,0,0,0,0,v
2014-04-09 01:54,6.555,0.008,0,0,0,0,v
2014-04-09 02:00,6.565,0.006,0,0,0,0,v
2014-04-09 02:06,6.540,0.006,0,0,0,0,v
2014-04-09 02:12,6.541,0.007,0,0,0,0,v
2014-04-09 02:18,6.552,0.007,0,0,0,0,v
2014-04-09 02:24,6.549,0.005,0,0,0,0,v
2014-04-09 02:30,6.543,0.006,0,0,0,0,v
2014-04-09 02:36,6.523,0.008,0,0,0,0,v
2014-04-09 02:42,6.525,0.006,0,0,0,0,v
2014-04-09 02:48,6.537,0.007,0,0,0,0,v
2014-04-09 02:54,6.517,0.006,0,0,0,0,v
2014-04-09 03:00,6.511,0.011,0,0,0,0,v
2014-04-09 03:06,6.509,0.006,0,0,0,0,v
2014-04-09 03:12,6.525,0.008,0,0,0,0,v
2014-04-09 03:18,6.527,0.010,0,0,0,0,v
2014-04-09 03:24,6.515,0.008,0,0,0,0,v
2014-04-09 03:30,6.513,0.006,0,0,0,0,v
2014-04-09 03:36,6.522,0.006,0,0,0,0,v
2014-04-09 03:42,6.544,0.006,0,0,0,0,v
2014-04-09 03:48,6.553,0.009,0,0,0,0,v
2014-04-09 03:54,6.553,0.006,0,0,0,0,v
2014-04-09 04:00,6.533,0.008,0,0,0,0,v
2014-04-09 04:06,6.555,0.007,0,0,0,0,v
2014-04-09 04:12,6.578,0.007,0,0,0,0,v
2014-04-09 04:18,6.580,0.007,0,0,0,0,v
2014-04-09 04:24,6.560,0.007,0,0,0,0,v
2014-04-09 04:30,6.578,0.006,0,0,0,0,v
2014-04-09 04:36,6.586,0.005,0,0,0,0,v
2014-04-09 04:42,6.566,0.006,0,0,0,0,v
2014-04-09 04:48,6.573,0.005,0,0,0,0,v
2014-04-09 04:54,6.581,0.005,0,0,0,0,v
2014-04-09 05:00,6.572,0.007,0,0,0,0,v
2014-04-09 05:06,6.544,0.007,0,0,0,0,v
2014-04-09 05:12,6.542,0.005,0,0,0,0,v
2014-04-09 05:18,6.523,0.007,0,0,0,0,v
2014-04-09 05:24,6.496,0.006,0,0,0,0,v
2014-04-09 05:30,6.506,0.006,0,0,0,0,v
2014-04-09 05:36,6.506,0.006,0,0,0,0,v
2014-04-09 05:42,6.463,0.005,0,0,0,0,v
2014-04-09 05:48,6.458,0.006,0,0,0,0,v
2014-04-09 05:54,6.461,0.006,0,0,0,0,v
2014-04-09 06:00,6.449,0.005,0,0,0,0,v
2014-04-09 06:06,6.442,0.004,0,0,0,0,v
2014-04-09 06:12,6.433,0.005,0,0,0,0,v
2014-04-09 06:18,6.427,0.007,0,0,0,0,v
2014-04-09 06:24,6.428,0.004,0,0,0,0,v
2014-04-09 06:30,6.413,0.005,0,0,0,0,v
2014-04-09 06:36,6.405,0.006,0,0,0,0,v
2014-04-09 06:42,6.412,0.004,0,0,0,0,v
2014-04-09 06:48,6.388,0.005,0,0,0,0,v
2014-04-09 06:54,6.391,0.005,0,0,0,0,v
2014-04-09 07:00,6.383,0.004,0,0,0,0,v
2014-04-09 07:06,6.388,0.005,0,0,0,0,v
2014-04-09 07:12,6.390,0.005,0,0,0,0,v
2014-04-09 07:18,6.404,0.006,0,0,0,0,v
2014-04-09 07:24,6.411,0.005,0,0,0,0,v
2014-04-09 07:30,6.421,0.005,0,0,0,0,v
2014-04-09 07:36,6.394,0.008,0,0,0,0,v
2014-04-09 07:42,6.385,0.005,0,0,0,0,v
2014-04-09 07:48,6.381,0.004,0,0,0,0,v
2014-04-09 07:54,6.353,0.004,0,0,0,0,v
2014-04-09 08:00,6.375,0.005,0,0,0,0,v
2014-04-09 08:06,6.357,0.006,0,0,0,0,v
2014-04-09 08:12,6.345,0.006,0,0,0,0,v
2014-04-09 08:18,6.339,0.004,0,0,0,0,v
2014-04-09 08:24,6.338,0.004,0,0,0,0,v
2014-04-09 08:30,6.342,0.004,0,0,0,0,v
2014-04-09 08:36,6.343,0.005,0,0,0,0,v
2014-04-09 08:42,6.337,0.004,0,0,0,0,v
2014-04-09 08:48,6.354,0.006,0,0,0,0,v
2014-04-09 08:54,6.341,0.004,0,0,0,0,v
2014-04-09 09:00,6.333,0.005,0,0,0,0,v
2014-04-09 09:06,6.344,0.003,0,0,0,0,v
2014-04-09 09:12,6.355,0.004,0,0,0,0,v
2014-04-09 09:18,6.354,0.005,0,0,0,0,v
2014-04-09 09:24,6.350,0.004,0,0,0,0,v
2014-04-09 09:30,6.350,0.004,0,0,0,0,v
2014-04-09 09:36,6.359,0.005,0,0,0,0,v
2014-04-09 09:42,6.367,0.004,0,0,0,0,v
2014-04-09 09:48,6.358,0.004,0,0,0,0,v
2014-04-09 09:54,6.354,0.003,0,0,0,0,v
2014-04-09 10:00,6.371,0.004,0,0,0,0,v
2014-04-09 10:06,6.362,0.004,0,0,0,0,v
2014-04-09 10:12,6.335,0.005,0,0,0,0,v
2014-04-09 10:18,6.340,0.003,0,0,0,0,v
2014-04-09 10:24,6.355,0.004,0,0,0,0,v
2014-04-09 10:30,6.342,0.006,0,0,0,0,v
2014-04-09 10:36,6.343,0.004,0,0,0,0,v
2014-04-09 10:42,6.331,0.004,0,0,0,0,v
2014-04-09 10:48,6.325,0.005,0,0,0,0,v
2014-04-09 10:54,6.328,0.004,0,0,0,0,v
2014-04-09 11:00,6.328,0.004,0,0,0,0,v
2014-04-09 11:06,6.327,0.004,0,0,0,0,v
2014-04-09 11:12,6.337,0.004,0,0,0,0,v
2014-04-09 11:18,6.324,0.004,0,0,0,0,v
2014-04-09 11:24,6.336,0.003,0,0,0,0,v
2014-04-09 11:30,6.339,0.003,0,0,0,0,v
2014-04-09 11:36,6.331,0.004,0,0,0,0,v
2014-04-09 11:42,6.321,0.004,0,0,0,0,v
2014-04-09 11:48,6.311,0.006,0,0,0,0,v
2014-04-09 11:54,6.296,0.004,0,0,0,0,v
2014-04-09 12:00,6.307,0.004,0,0,0,0,v
2014-04-09 12:06,6.321,0.003,0,0,0,0,v
2014-04-09 12:12,6.327,0.004,0,0,0,0,v
2014-04-09 12:18,6.346,0.005,0,0,0,0,v
2014-04-09 12:24,6.351,0.004,0,0,0,0,v
2014-04-09 12:30,6.336,0.003,0,0,0,0,v
2014-04-09 12:36,6.338,0.004,0,0,0,0,v
2014-04-09 12:42,6.335,0.004,0,0,0,0,v
2014-04-09 12:48,6.358,0.005,0,0,0,0,v
2014-04-09 12:54,6.368,0.004,0,0,0,0,v
2014-04-09 13:00,6.360,0.003,0,0,0,0,v
2014-04-09 13:06,6.350,0.004,0,0,0,0,v
2014-04-09 13:12,6.340,0.004,0,0,0,0,v
2014-04-09 13:18,6.333,0.003,0,0,0,0,v
2014-04-09 13:24,6.345,0.004,0,0,0,0,v
2014-04-09 13:30,6.364,0.003,0,0,0,0,v
2014-04-09 13:36,6.363,0.005,0,0,0,0,v
2014-04-09 13:42,6.379,0.004,0,0,0,0,v
2014-04-09 13:48,6.391,0.003,0,0,0,0,v
2014-04-09 13:54,6.400,0.003,0,0,0,0,v
2014-04-09 14:00,6.404,0.004,0,0,0,0,v
2014-04-09 14:06,6.417,0.004,0,0,0,0,v
2014-04-09 14:12,6.408,0.003,0,0,0,0,v
2014-04-09 14:18,6.410,0.003,0,0,0,0,v
2014-04-09 14:24,6.410,0.003,0,0,0,0,v
2014-04-09 14:30,6.415,0.004,0,0,0,0,v
2014-04-09 14:36,6.429,0.003,0,0,0,0,v
2014-04-09 14:42,6.439,0.002,0,0,0,0,v
2014-04-09 14:48,6.440,0.003,0,0,0,0,v
2014-04-09 14:54,6.443,0.004,0,0,0,0,v
2014-04-09 15:00,6.462,0.003,0,0,0,0,v
2014-04-09 15:06,6.469,0.003,0,0,0,0,v
2014-04-09 15:12,6.442,0.003,0,0,0,0,v
2014-04-09 15:18,6.452,0.003,0,0,0,0,v
2014-04-09 15:24,6.470,0.003,0,0,0,0,v
2014-04-09 15:30,6.483,0.002,0,0,0,0,v
2014-04-09 15:36,6.495,0.003,0,0,0,0,v
2014-04-09 15:42,6.499,0.003,0,0,0,0,v
2014-04-09 15:48,6.513,0.002,0,0,0,0,v
2014-04-09 15:54,6.512,0.003,0,0,0,0,v
2014-04-09 16:00,6.520,0.003,0,0,0,0,v
2014-04-09 16:06,6.525,0.002,0,0,0,0,v
2014-04-09 16:12,6.543,0.002,0,0,0,0,v
2014-04-09 16:18,6.530,0.004,0,0,0,0,v
2014-04-09 16:24,6.539,0.004,0,0,0,0,v
2014-04-09 16:30,6.564,0.002,0,0,0,0,v
2014-04-09 16:36,6.566,0.003,0,0,0,0,v
2014-04-09 16:42,6.563,0.002,0,0,0,0,v
2014-04-09 16:48,6.555,0.002,0,0,0,0,v
2014-04-09 16:54,6.549,0.002,0,0,0,0,v
2014-04-09 17:00,6.560,0.002,0,0,0,0,v
2014-04-09 17:06,6.540,0.003,0,0,0,0,v
2014-04-09 17:12,6.543,0.004,0,0,0,0,v
2014-04-09 17:18,6.546,0.006,0,0,0,0,v
2014-04-09 17:24,6.537,0.003,0,0,0,0,v
2014-04-09 17:30,6.553,0.004,0,0,0,0,v
2014-04-09 17:36,6.562,0.002,0,0,0,0,v
2014-04-09 17:42,6.572,0.002,0,0,0,0,v
2014-04-09 17:48,6.571,0.002,0,0,0,0,v
2014-04-09 17:54,6.562,0.004,0,0,0,0,v
2014-04-09 18:00,6.545,0.004,0,0,0,0,v
2014-04-09 18:06,6.529,0.003,0,0,0,0,v
2014-04-09 18:12,6.530,0.003,0,0,0,0,v
2014-04-09 18:18,6.527,0.003,0,0,0,0,v
2014-04-09 18:24,6.529,0.003,0,0,0,0,v
2014-04-09 18:30,6.533,0.003,0,0,0,0,v
2014-04-09 18:36,6.525,0.003,0,0,0,0,v
2014-04-09 18:42,6.528,0.004,0,0,0,0,v
2014-04-09 18:48,6.531,0.003,0,0,0,0,v
2014-04-09 18:54,6.531,0.003,0,0,0,0,v
2014-04-09 19:00,6.546,0.003,0,0,0,0,v
2014-04-09 19:06,6.533,0.005,0,0,0,0,v
2014-04-09 19:12,6.529,0.003,0,0,0,0,v
2014-04-09 19:18,6.537,0.003,0,0,0,0,v
2014-04-09 19:24,6.534,0.003,0,0,0,0,v
2014-04-09 19:30,6.542,0.004,0,0,0,0,v
2014-04-09 19:36,6.550,0.002,0,0,0,0,v
2014-04-09 19:42,6.540,0.003,0,0,0,0,v
2014-04-09 19:48,6.514,0.004,0,0,0,0,v
2014-04-09 19:54,6.524,0.005,0,0,0,0,v
2014-04-09 20:00,6.530,0.003,0,0,0,0,v
2014-04-09 20:06,6.536,0.003,0,0,0,0,v
2014-04-09 20:12,6.538,0.002,0,0,0,0,v
2014-04-09 20:18,6.545,0.002,0,0,0,0,v
2014-04-09 20:24,6.553,0.003,0,0,0,0,v
2014-04-09 20:30,6.550,0.003,0,0,0,0,v
2014-04-09 20:36,6.557,0.003,0,0,0,0,v
2014-04-09 20:42,6.562,0.003,0,0,0,0,v
2014-04-09 20:48,6.560,0.003,0,0,0,0,v
2014-04-09 20:54,6.561,0.003,0,0,0,0,v
2014-04-09 21:00,6.552,0.003,0,0,0,0,v
2014-04-09 21:06,6.556,0.003,0,0,0,0,v
2014-04-09 21:12,6.557,0.003,0,0,0,0,v
2014-04-09 21:18,6.571,0.003,0,0,0,0,v
2014-04-09 21:24,6.564,0.003,0,0,0,0,v
2014-04-09 21:30,6.571,0.002,0,0,0,0,v
2014-04-09 21:36,6.557,0.004,0,0,0,0,v
2014-04-09 21:42,6.558,0.004,0,0,0,0,v
2014-04-09 21:48,6.560,0.003,0,0,0,0,v
2014-04-09 21:54,6.541,0.005,0,0,0,0,v
2014-04-09 22:00,6.548,0.003,0,0,0,0,v
2014-04-09 22:06,6.539,0.003,0,0,0,0,v
2014-04-09 22:12,6.532,0.003,0,0,0,0,v
2014-04-09 22:18,6.535,0.003,0,0,0,0,v
2014-04-09 22:24,6.532,0.003,0,0,0,0,v
2014-04-09 22:30,6.539,0.003,0,0,0,0,v
2014-04-09 22:36,6.542,0.003,0,0,0,0,v
2014-04-09 22:42,6.539,0.005,0,0,0,0,v
2014-04-09 22:48,6.528,0.003,0,0,0,0,v
2014-04-09 22:54,6.518,0.004,0,0,0,0,v
2014-04-09 23:00,6.528,0.006,0,0,0,0,v
2014-04-09 23:06,6.527,0.004,0,0,0,0,v
2014-04-09 23:12,6.528,0.004,0,0,0,0,v
2014-04-09 23:18,6.530,0.003,0,0,0,0,v
2014-04-09 23:24,6.528,0.003,0,0,0,0,v
2014-04-09 23:30,6.511,0.004,0,0,0,0,v
2014-04-09 23:36,6.510,0.004,0,0,0,0,v
2014-04-09 23:42,6.505,0.003,0,0,0,0,v
2014-04-09 23:48,6.505,0.004,0,0,0,0,v
2014-04-09 23:54,6.496,0.006,0,0,0,0,v
2014-04-10 00:00,6.467,0.004,0,0,0,0,v
2014-04-10 00:06,6.465,0.004,0,0,0,0,v
2014-04-10 00:12,6.473,0.005,0,0,0,0,v
2014-04-10 00:18,6.444,0.005,0,0,0,0,v
2014-04-10 00:24,6.446,0.004,0,0,0,0,v
2014-04-10 00:30,6.463,0.005,0,0,0,0,v
2014-04-10 00:36,6.451,0.005,0,0,0,0,v
2014-04-10 00:42,6.459,0.004,0,0,0,0,v
2014-04-10 00:48,6.459,0.004,0,0,0,0,v
2014-04-10 00:54,6.447,0.004,0,0,0,0,v
2014-04-10 01:00,6.452,0.004,0,0,0,0,v
2014-04-10 01:06,6.458,0.006,0,0,0,0,v
2014-04-10 01:12,6.475,0.005,0,0,0,0,v
2014-04-10 01:18,6.483,0.005,0,0,0,0,v
2014-04-10 01:24,6.503,0.004,0,0,0,0,v
2014-04-10 01:30,6.500,0.004,0,0,0,0,v
2014-04-10 01:36,6.498,0.006,0,0,0,0,v
2014-04-10 01:42,6.525,0.004,0,0,0,0,v
2014-04-10 01:48,6.525,0.004,0,0,0,0,v
2014-04-10 01:54,6.533,0.005,0,0,0,0,v
2014-04-10 02:00,6.525,0.004,0,0,0,0,v
2014-04-10 02:06,6.518,0.004,0,0,0,0,v
2014-04-10 02:12,6.533,0.004,0,0,0,0,v
2014-04-10 02:18,6.532,0.005,0,0,0,0,v
2014-04-10 02:24,6.531,0.005,0,0,0,0,v
2014-04-10 02:30,6.532,0.004,0,0,0,0,v
2014-04-10 02:36,6.542,0.005,0,0,0,0,v
2014-04-10 02:42,6.541,0.004,0,0,0,0,v
2014-04-10 02:48,6.550,0.005,0,0,0,0,v
2014-04-10 02:54,6.540,0.005,0,0,0,0,v
2014-04-10 03:00,6.541,0.006,0,0,0,0,v
2014-04-10 03:06,6.545,0.005,0,0,0,0,v
2014-04-10 03:12,6.549,0.005,0,0,0,0,v
2014-04-10 03:18,6.550,0.005,0,0,0,0,v
2014-04-10 03:24,6.535,0.005,0,0,0,0,v
2014-04-10 03:30,6.525,0.005,0,0,0,0,v
2014-04-10 03:36,6.535,0.007,0,0,0,0,v
2014-04-10 03:42,6.550,0.005,0,0,0,0,v
2014-04-10 03:48,6.549,0.005,0,0,0,0,v
2014-04-10 03:54,6.568,0.005,0,0,0,0,v
2014-04-10 04:00,6.567,0.005,0,0,0,0,v
2014-04-10 04:06,6.556,0.005,0,0,0,0,v
2014-04-10 04:12,6.571,0.005,0,0,0,0,v
2014-04-10 04:18,6.551,0.005,0,0,0,0,v
2014-04-10 04:24,6.559,0.005,0,0,0,0,v
2014-04-10 04:30,6.545,0.006,0,0,0,0,v
2014-04-10 04:36,6.529,0.006,0,0,0,0,v
2014-04-10 04:42,6.512,0.006,0,0,0,0,v
2014-04-10 04:48,6.499,0.005,0,0,0,0,v
2014-04-10 04:54,6.498,0.006,0,0,0,0,v
2014-04-10 05:00,6.489,0.006,0,0,0,0,v
2014-04-10 05:06,6.513,0.007,0,0,0,0,v
2014-04-10 05:12,6.519,0.005,0,0,0,0,v
2014-04-10 05:18,6.538,0.005,0,0,0,0,v
2014-04-10 05:24,6.530,0.004,0,0,0,0,v
2014-04-10 05:30,6.536,0.005,0,0,0,0,v
2014-04-10 05:36,6.550,0.006,0,0,0,0,v
2014-04-10 05:42,6.549,0.006,0,0,0,0,v
2014-04-10 05:48,6.556,0.005,0,0,0,0,v
2014-04-10 05:54,6.553,0.005,0,0,0,0,v
2014-04-10 06:00,6.546,0.005,0,0,0,0,v
2014-04-10 06:06,6.557,0.006,0,0,0,0,v
2014-04-10 06:12,6.551,0.006,0,0,0,0,v
2014-04-10 06:18,6.557,0.006,0,0,0,0,v
2014-04-10 06:24,6.545,0.006,0,0,0,0,v
2014-04-10 06:30,6.546,0.005,0,0,0,0,v
2014-04-10 06:36,6.551,0.006,0,0,0,0,v
2014-04-10 06:42,6.550,0.007,0,0,0,0,v
2014-04-10 06:48,6.550,0.004,0,0,0,0,v
2014-04-10 06:54,6.542,0.005,0,0,0,0,v
2014-04-10 07:00,6.557,0.005,0,0,0,0,v
2014-04-10 07:06,6.543,0.004,0,0,0,0,v
2014-04-10 07:12,6.545,0.005,0,0,0,0,v
2014-04-10 07:18,6.535,0.006,0,0,0,0,v
2014-04-10 07:24,6.526,0.007,0,0,0,0,v
2014-04-10 07:30,6.512,0.006,0,0,0,0,v
2014-04-10 07:36,6.501,0.005,0,0,0,0,v
2014-04-10 07:42,6.499,0.005,0,0,0,0,v
2014-04-10 07:48,6.505,0.005,0,0,0,0,v
2014-04-10 07:54,6.509,0.005,0,0,0,0,v
2014-04-10 08:00,6.484,0.006,0,0,0,0,v
2014-04-10 08:06,6.487,0.006,0,0,0,0,v
2014-04-10 08:12,6.492,0.005,0,0,0,0,v
2014-04-10 08:18,6.499,0.006,0,0,0,0,v
2014-04-10 08:24,6.492,0.005,0,0,0,0,v
2014-04-10 08:30,6.492,0.006,0,0,0,0,v
2014-04-10 08:36,6.494,0.006,0,0,0,0,v
2014-04-10 08:42,6.482,0.006,0,0,0,0,v
2014-04-10 08:48,6.487,0.008,0,0,0,0,v
2014-04-10 08:54,6.481,0.006,0,0,0,0,v
2014-04-10 09:00,6.478,0.005,0,0,0,0,v
2014-04-10 09:06,6.465,0.006,0,0,0,0,v
2014-04-10 09:12,6.473,0.006,0,0,0,0,v
2014-04-10 09:18,6.466,0.006,0,0,0,0,v
2014-04-10 09:24,6.465,0.006,0,0,0,0,v
2014-04-10 09:30,6.438,0.008,0,0,0,0,v
2014-04-10 09:36,6.442,0.006,0,0,0,0,v
2014-04-10 09:42,6.454,0.006,0,0,0,0,v
2014-04-10 09:48,6.455,0.006,0,0,0,0,v
2014-04-10 09:54,6.444,0.005,0,0,0,0,v
2014-04-10 10:00,6.442,0.005,0,0,0,0,v
2014-04-10 10:06,6.449,0.005,0,0,0,0,v
2014-04-10 10:12,6.458,0.005,0,0,0,0,v
2014-04-10 10:18,6.449,0.006,0,0,0,0,v
2014-04-10 10:24,6.445,0.007,0,0,0,0,v
2014-04-10 10:30,6.474,0.005,0,0,0,0,v
2014-04-10 10:36,6.470,0.006,0,0,0,0,v
2014-04-10 10:42,6.481,0.007,0,0,0,0,v
2014-04-10 10:48,6.484,0.008,0,0,0,0,v
2014-04-10 10:54,6.490,0.006,0,0,0,0,v
2014-04-10 11:00,6.501,0.006,0,0,0,0,v
2014-04-10 11:06,6.495,0.005,0,0,0,0,v
2014-04-10 11:12,6.478,0.007,0,0,0,0,v
2014-04-10 11:18,6.482,0.006,0,0,0,0,v
2014-04-10 11:24,6.473,0.006,0,0,0,0,v
2014-04-10 11:30,6.467,0.006,0,0,0,0,v
2014-04-10 11:36,6.469,0.006,0,0,0,0,v
2014-04-10 11:42,6.477,0.009,0,0,0,0,v
2014-04-10 11:48,6.485,0.005,0,0,0,0,v
2014-04-10 11:54,6.488,0.005,0,0,0,0,v
2014-04-10 12:00,6.497,0.007,0,0,0,0,v
2014-04-10 12:06,6.500,0.006,0,0,0,0,v
2014-04-10 12:12,6.484,0.006,0,0,0,0,v
2014-04-10 12:18,6.503,0.006,0,0,0,0,v
2014-04-10 12:24,6.496,0.006,0,0,0,0,v
2014-04-10 12:30,6.483,0.006,0,0,0,0,v
2014-04-10 12:36,6.504,0.006,0,0,0,0,v
2014-04-10 12:42,6.497,0.006,0,0,0,0,v
2014-04-10 12:48,6.503,0.008,0,0,0,0,v
2014-04-10 12:54,6.504,0.006,0,0,0,0,v
2014-04-10 13:00,6.509,0.006,0,0,0,0,v
2014-04-10 13:06,6.519,0.006,0,0,0,0,v
2014-04-10 13:12,6.525,0.006,0,0,0,0,v
2014-04-10 13:18,6.531,0.006,0,0,0,0,v
2014-04-10 13:24,6.558,0.006,0,0,0,0,v
2014-04-10 13:30,6.562,0.007,0,0,0,0,v
2014-04-10 13:36,6.547,0.006,0,0,0,0,v
2014-04-10 13:42,6.557,0.006,0,0,0,0,v
2014-04-10 13:48,6.570,0.005,0,0,0,0,v
2014-04-10 13:54,6.560,0.005,0,0,0,0,v
2014-04-10 14:00,6.563,0.007,0,0,0,0,v
2014-04-10 14:06,6.549,0.006,0,0,0,0,v
2014-04-10 14:12,6.573,0.005,0,0,0,0,v
2014-04-10 14:18,6.571,0.006,0,0,0,0,v
2014-04-10 14:24,6.568,0.006,0,0,0,0,v
2014-04-10 14:30,6.574,0.005,0,0,0,0,v
2014-04-10 14:36,6.574,0.007,0,0,0,0,v
2014-04-10 14:42,6.591,0.005,0,0,0,0,v
2014-04-10 14:48,6.577,0.006,0,0,0,0,v
2014-04-10 14:54,6.579,0.005,0,0,0,0,v
2014-04-10 15:00,6.614,0.005,0,0,0,0,v
2014-04-10 15:06,6.586,0.006,0,0,0,0,v
2014-04-10 15:12,6.602,0.006,0,0,0,0,v
2014-04-10 15:18,6.603,0.005,0,0,0,0,v
2014-04-10 15:24,6.611,0.006,0,0,0,0,v
2014-04-10 15:30,6.641,0.006,0,0,0,0,v
2014-04-10 15:36,6.632,0.006,0,0,0,0,v
2014-04-10 15:42,6.641,0.006,0,0,0,0,v
2014-04-10 15:48,6.646,0.005,0,0,0,0,v
2014-04-10 15:54,6.654,0.005,0,0,0,0,v
2014-04-10 16:00,6.640,0.006,0,0,0,0,v
2014-04-10 16:06,6.656,0.007,0,0,0,0,v
2014-04-10 16:12,6.677,0.005,0,0,0,0,v
2014-04-10 16:18,6.691,0.005,0,0,0,0,v
2014-04-10 16:24,6.682,0.006,0,0,0,0,v
2014-04-10 16:30,6.688,0.006,0,0,0,0,v
2014-04-10 16:36,6.668,0.005,0,0,0,0,v
2014-04-10 16:42,6.686,0.007,0,0,0,0,v
2014-04-10 16:48,6.698,0.005,0,0,0,0,v
2014-04-10 16:54,6.701,0.005,0,0,0,0,v
2014-04-10 17:00,6.709,0.006,0,0,0,0,v
2014-04-10 17:06,6.711,0.005,0,0,0,0,v
2014-04-10 17:12,6.719,0.006,0,0,0,0,v
2014-04-10 17:18,6.719,0.005,0,0,0,0,v
2014-04-10 17:24,6.724,0.005,0,0,0,0,v
2014-04-10 17:30,6.730,0.005,0,0,0,0,v
2014-04-10 17:36,6.721,0.006,0,0,0,0,v
2014-04-10 17:42,6.735,0.006,0,0,0,0,v
2014-04-10 17:48,6.727,0.005,0,0,0,0,v
2014-04-10 17:54,6.723,0.005,0,0,0,0,v
2014-04-10 18:00,6.732,0.006,0,0,0,0,v
2014-04-10 18:06,6.743,0.006,0,0,0,0,v
2014-04-10 18:12,6.738,0.007,0,0,0,0,v
2014-04-10 18:18,6.746,0.006,0,0,0,0,v
2014-04-10 18:24,6.729,0.007,0,0,0,0,v
2014-04-10 18:30,6.730,0.006,0,0,0,0,v
2014-04-10 18:36,6.732,0.006,0,0,0,0,v
2014-04-10 18:42,6.729,0.008,0,0,0,0,v
2014-04-10 18:48,6.738,0.009,0,0,0,0,v
2014-04-10 18:54,6.726,0.006,0,0,0,0,v
2014-04-10 19:00,6.722,0.007,0,0,0,0,v
2014-04-10 19:06,6.723,0.008,0,0,0,0,v
2014-04-10 19:12,6.720,0.006,0,0,0,0,v
2014-04-10 19:18,6.723,0.007,0,0,0,0,v
2014-04-10 19:24,6.718,0.007,0,0,0,0,v
2014-04-10 19:30,6.717,0.005,0,0,0,0,v
2014-04-10 19:36,6.710,0.007,0,0,0,0,v
2014-04-10 19:42,6.706,0.007,0,0,0,0,v
2014-04-10 19:48,6.717,0.007,0,0,0,0,v
2014-04-10 19:54,6.725,0.007,0,0,0,0,v
2014-04-10 20:00,6.714,0.007,0,0,0,0,v
2014-04-10 20:06,6.698,0.007,0,0,0,0,v
2014-04-10 20:12,6.694,0.008,0,0,0,0,v
2014-04-10 20:18,6.694,0.008,0,0,0,0,v
2014-04-10 20:24,6.689,0.007,0,0,0,0,v
2014-04-10 20:30,6.695,0.006,0,0,0,0,v
2014-04-10 20:36,6.689,0.007,0,0,0,0,v
2014-04-10 20:42,6.681,0.008,0,0,0,0,v
2014-04-10 20:48,6.693,0.009,0,0,0,0,v
2014-04-10 20:54,6.695,0.008,0,0,0,0,v
2014-04-10 21:00,6.696,0.007,0,0,0,0,v
2014-04-10 21:06,6.704,0.007,0,0,0,0,v
2014-04-10 21:12,6.693,0.010,0,0,0,0,v
2014-04-10 21:18,6.689,0.009,0,0,0,0,v
2014-04-10 21:24,6.698,0.009,0,0,0,0,v
2014-04-10 21:30,6.692,0.009,0,0,0,0,v
2014-04-10 21:36,6.684,0.009,0,0,0,0,v
2014-04-10 21:42,6.690,0.007,0,0,0,0,v
2014-04-10 21:48,6.677,0.008,0,0,0,0,v
2014-04-10 21:54,6.665,0.011,0,0,0,0,v
2014-04-10 22:00,6.656,0.009,0,0,0,0,v
2014-04-10 22:06,6.654,0.007,0,0,0,0,v
2014-04-10 22:12,6.649,0.009,0,0,0,0,v
2014-04-10 22:18,6.649,0.012,0,0,0,0,v
2014-04-10 22:24,6.651,0.007,0,0,0,0,v
2014-04-10 22:30,6.641,0.009,0,0,0,0,v
2014-04-10 22:36,6.637,0.008,0,0,0,0,v
2014-04-10 22:42,6.622,0.007,0,0,0,0,v
2014-04-10 22:48,6.625,0.007,0,0,0,0,v
2014-04-10 22:54,6.633,0.006,0,0,0,0,v
2014-04-10 23:00,6.641,0.007,0,0,0,0,v
2014-04-10 23:06,6.636,0.010,0,0,0,0,v
2014-04-10 23:12,6.640,0.006,0,0,0,0,v
2014-04-10 23:18,6.642,0.008,0,0,0,0,v
2014-04-10 23:24,6.631,0.007,0,0,0,0,v
2014-04-10 23:30,6.622,0.008,0,0,0,0,v
2014-04-10 23:36,6.618,0.007,0,0,0,0,v
2014-04-10 23:42,6.624,0.010,0,0,0,0,v
2014-04-10 23:48,6.613,0.007,0,0,0,0,v
2014-04-10 23:54,6.624,0.008,0,0,0,0,v
2014-04-11 00:00,6.610,0.009,0,0,0,0,v
2014-04-11 00:06,6.599,0.007,0,0,0,0,v
2014-04-11 00:12,6.597,0.009,0,0,0,0,v
2014-04-11 00:18,6.598,0.007,0,0,0,0,v
2014-04-11 00:24,6.576,0.007,0,0,0,0,v
2014-04-11 00:30,6.582,0.009,0,0,0,0,v
2014-04-11 00:36,6.582,0.007,0,0,0,0,v
2014-04-11 00:42,6.582,0.008,0,0,0,0,v
2014-04-11 00:48,6.572,0.009,0,0,0,0,v
2014-04-11 00:54,6.581,0.009,0,0,0,0,v
2014-04-11 01:00,6.579,0.007,0,0,0,0,v
2014-04-11 01:06,6.580,0.009,0,0,0,0,v
2014-04-11 01:12,6.579,0.007,0,0,0,0,v
2014-04-11 01:18,6.577,0.008,0,0,0,0,v
2014-04-11 01:24,6.599,0.007,0,0,0,0,v
2014-04-11 01:30,6.587,0.008,0,0,0,0,v
2014-04-11 01:36,6.585,0.006,0,0,0,0,v
2014-04-11 01:42,6.584,0.007,0,0,0,0,v
2014-04-11 01:48,6.585,0.006,0,0,0,0,v
2014-04-11 01:54,6.602,0.006,0,0,0,0,v
2014-04-11 02:00,6.600,0.007,0,0,0,0,v
2014-04-11 02:06,6.609,0.007,0,0,0,0,v
2014-04-11 02:12,6.604,0.007,0,0,0,0,v
2014-04-11 02:18,6.601,0.008,0,0,0,0,v
2014-04-11 02:24,6.613,0.008,0,0,0,0,v
2014-04-11 02:30,6.619,0.009,0,0,0,0,v
2014-04-11 02:36,6.616,0.007,0,0,0,0,v
2014-04-11 02:42,6.605,0.009,0,0,0,0,v
2014-04-11 02:48,6.602,0.008,0,0,0,0,v
2014-04-11 02:54,6.598,0.007,0,0,0,0,v
2014-04-11 03:00,6.610,0.008,0,0,0,0,v
2014-04-11 03:06,6.614,0.009,0,0,0,0,v
2014-04-11 03:12,6.623,0.006,0,0,0,0,v
2014-04-11 03:18,6.635,0.009,0,0,0,0,v
2014-04-11 03:24,6.640,0.008,0,0,0,0,v
2014-04-11 03:30,6.650,0.007,0,0,0,0,v
2014-04-11 03:36,6.661,0.006,0,0,0,0,v
2014-04-11 03:42,6.661,0.010,0,0,0,0,v
2014-04-11 03:48,6.667,0.006,0,0,0,0,v
2014-04-11 03:54,6.675,0.007,0,0,0,0,v
2014-04-11 04:00,6.683,0.007,0,0,0,0,v
2014-04-11 04:06,6.676,0.008,0,0,0,0,v
2014-04-11 04:12,6.678,0.011,0,0,0,0,v
2014-04-11 04:18,6.683,0.008,0,0,0,0,v
2014-04-11 04:24,6.686,0.007,0,0,0,0,v
2014-04-11 04:30,6.694,0.008,0,0,0,0,v
2014-04-11 04:36,6.685,0.009,0,0,0,0,v
2014-04-11 04:42,6.693,0.009,0,0,0,0,v
2014-04-11 04:48,6.697,0.007,0,0,0,0,v
2014-04-11 04:54,6.696,0.009,0,0,0,0,v
2014-04-11 05:00,6.675,0.010,0,0,0,0,v
2014-04-11 05:06,6.690,0.011,0,0,0,0,v
2014-04-11 05:12,6.700,0.009,0,0,0,0,v
2014-04-11 05:18,6.696,0.010,0,0,0,0,v
2014-04-11 05:24,6.691,0.010,0,0,0,0,v
2014-04-11 05:30,6.676,0.008,0,0,0,0,v
2014-04-11 05:36,6.675,0.008,0,0,0,0,v
2014-04-11 05:42,6.666,0.006,0,0,0,0,v
2014-04-11 05:48,6.658,0.008,0,0,0,0,v
2014-04-11 05:54,6.668,0.008,0,0,0,0,v
2014-04-11 06:00,6.674,0.008,0,0,0,0,v
2014-04-11 06:06,6.668,0.013,0,0,0,0,v
2014-04-11 06:12,6.674,0.009,0,0,0,0,v
2014-04-11 06:18,6.680,0.008,0,0,0,0,v
2014-04-11 06:24,6.690,0.009,0,0,0,0,v
2014-04-11 06:30,6.685,0.009,0,0,0,0,v
2014-04-11 06:36,6.706,0.009,0,0,0,0,v
2014-04-11 06:42,6.705,0.009,0,0,0,0,v
2014-04-11 06:48,6.700,0.009,0,0,0,0,v
2014-04-11 06:54,6.686,0.011,0,0,0,0,v
2014-04-11 07:00,6.692,0.011,0,0,0,0,v
2014-04-11 07:06,6.687,0.009,0,0,0,0,v
2014-04-11 07:12,6.680,0.009,0,0,0,0,v
2014-04-11 07:18,6.683,0.009,0,0,0,0,v
2014-04-11 07:24,6.683,0.010,0,0,0,0,v
2014-04-11 07:30,6.672,0.011,0,0,0,0,v
2014-04-11 07:36,6.669,0.011,0,0,0,0,v
2014-04-11 07:42,6.661,0.011,0,0,0,0,v
2014-04-11 07:48,6.667,0.010,0,0,0,0,v
2014-04-11 07:54,6.665,0.009,0,0,0,0,v
2014-04-11 08:00,6.630,0.011,0,0,0,0,v
2014-04-11 08:06,6.629,0.007,0,0,0,0,v
2014-04-11 08:12,6.652,0.007,0,0,0,0,v
2014-04-11 08:18,6.640,0.010,0,0,0,0,v
2014-04-11 08:24,6.650,0.011,0,0,0,0,v
2014-04-11 08:30,6.644,0.008,0,0,0,0,v
2014-04-11 08:36,6.638,0.010,0,0,0,0,v
2014-04-11 08:42,6.624,0.008,0,0,0,0,v
2014-04-11 08:48,6.631,0.008,0,0,0,0,v
2014-04-11 08:54,6.621,0.010,0,0,0,0,v
2014-04-11 09:00,6.597,0.007,0,0,0,0,v
2014-04-11 09:06,6.592,0.008,0,0,0,0,v
2014-04-11 09:12,6.595,0.011,0,0,0,0,v
2014-04-11 09:18,6.593,0.008,0,0,0,0,v
2014-04-11 09:24,6.588,0.010,0,0,0,0,v
2014-04-11 09:30,6.578,0.008,0,0,0,0,v
2014-04-11 09:36,6.581,0.011,0,0,0,0,v
2014-04-11 09:42,6.582,0.010,0,0,0,0,v
2014-04-11 09:48,6.566,0.010,0,0,0,0,v
2014-04-11 09:54,6.553,0.010,0,0,0,0,v
2014-04-11 10:00,6.551,0.011,0,0,0,0,v
2014-04-11 10:06,6.561,0.008,0,0,0,0,v
2014-04-11 10:12,6.557,0.007,0,0,0,0,v
2014-04-11 10:18,6.561,0.007,0,0,0,0,v
2014-04-11 10:24,6.534,0.008,0,0,0,0,v
2014-04-11 10:30,6.536,0.007,0,0,0,0,v
2014-04-11 10:36,6.540,0.008,0,0,0,0,v
2014-04-11 10:42,6.539,0.007,0,0,0,0,v
2014-04-11 10:48,6.540,0.009,0,0,0,0,v
2014-04-11 10:54,6.534,0.009,0,0,0,0,v
2014-04-11 11:00,6.555,0.007,0,0,0,0,v
2014-04-11 11:06,6.578,0.008,0,0,0,0,v
2014-04-11 11:12,6.564,0.010,0,0,0,0,v
2014-04-11 11:18,6.537,0.008,0,0,0,0,v
2014-04-11 11:24,6.559,0.010,0,0,0,0,v
2014-04-11 11:30,6.586,0.009,0,0,0,0,v
2014-04-11 11:36,6.580,0.011,0,0,0,0,v
2014-04-11 11:42,6.569,0.009,0,0,0,0,v
2014-04-11 11:48,6.574,0.010,0,0,0,0,v
2014-04-11 11:54,6.560,0.010,0,0,0,0,v
2014-04-11 12:00,6.568,0.011,0,0,0,0,v
2014-04-11 12:06,6.566,0.011,0,0,0,0,v
2014-04-11 12:12,6.558,0.009,0,0,0,0,v
2014-04-11 12:18,6.569,0.009,0,0,0,0,v
2014-04-11 12:24,6.582,0.008,0,0,0,0,v
2014-04-11 12:30,6.575,0.009,0,0,0,0,v
2014-04-11 12:36,6.561,0.008,0,0,0,0,v
2014-04-11 12:42,6.572,0.008,0,0,0,0,v
2014-04-11 12:48,6.549,0.008,0,0,0,0,v
2014-04-11 12:54,6.545,0.008,0,0,0,0,v
2014-04-11 13:00,6.547,0.010,0,0,0,0,v
2014-04-11 13:06,6.566,0.011,0,0,0,0,v
2014-04-11 13:12,6.530,0.009,0,0,0,0,v
2014-04-11 13:18,6.535,0.010,0,0,0,0,v
2014-04-11 13:24,6.553,0.009,0,0,0,0,v
2014-04-11 13:30,6.545,0.011,0,0,0,0,v
2014-04-11 13:36,6.562,0.008,0,0,0,0,v
2014-04-11 13:42,6.553,0.010,0,0,0,0,v
2014-04-11 13:48,6.554,0.009,0,0,0,0,v
2014-04-11 13:54,6.553,0.008,0,0,0,0,v
2014-04-11 14:00,6.556,0.011,0,0,0,0,v
2014-04-11 14:06,6.540,0.010,0,0,0,0,v
2014-04-11 14:12,6.538,0.010,0,0,0,0,v
2014-04-11 14:18,6.550,0.008,0,0,0,0,v
2014-04-11 14:24,6.563,0.008,0,0,0,0,v
2014-04-11 14:30,6.535,0.007,0,0,0,0,v
2014-04-11 14:36,6.547,0.008,0,0,0,0,v
2014-04-11 14:42,6.555,0.009,0,0,0,0,v
2014-04-11 14:48,6.546,0.007,0,0,0,0,v
2014-04-11 14:54,6.577,0.008,0,0,0,0,v
2014-04-11 15:00,6.592,0.009,0,0,0,0,v
2014-04-11 15:06,6.588,0.011,0,0,0,0,v
2014-04-11 15:12,6.575,0.007,0,0,0,0,v
2014-04-11 15:18,6.579,0.010,0,0,0,0,v
2014-04-11 15:24,6.584,0.011,0,0,0,0,v
2014-04-11 15:30,6.568,0.011,0,0,0,0,v
2014-04-11 15:36,6.591,0.009,0,0,0,0,v
2014-04-11 15:42,6.606,0.010,0,0,0,0,v
2014-04-11 15:48,6.610,0.008,0,0,0,0,v
2014-04-11 15:54,6.596,0.007,0,0,0,0,v
2014-04-11 16:00,6.625,0.011,0,0,0,0,v
2014-04-11 16:06,6.629,0.008,0,0,0,0,v
2014-04-11 16:12,6.634,0.009,0,0,0,0,v
2014-04-11 16:18,6.632,0.011,0,0,0,0,v
2014-04-11 16:24,6.647,0.012,0,0,0,0,v
2014-04-11 16:30,6.650,0.013,0,0,0,0,v
2014-04-11 16:36,6.656,0.008,0,0,0,0,v
2014-04-11 16:42,6.650,0.009,0,0,0,0,v
2014-04-11 16:48,6.673,0.011,0,0,0,0,v
2014-04-11 16:54,6.671,0.014,0,0,0,0,v
2014-04-11 17:00,6.671,0.010,0,0,0,0,v
2014-04-11 17:06,6.662,0.007,0,0,0,0,v
2014-04-11 17:12,6.669,0.008,0,0,0,0,v
2014-04-11 17:18,6.685,0.009,0,0,0,0,v
2014-04-11 17:24,6.665,0.009,0,0,0,0,v
2014-04-11 17:30,6.673,0.011,0,0,0,0,v
2014-04-11 17:36,6.670,0.010,0,0,0,0,v
2014-04-11 17:42,6.670,0.010,0,0,0,0,v
2014-04-11 17:48,6.660,0.013,0,0,0,0,v
2014-04-11 17:54,6.693,0.012,0,0,0,0,v
2014-04-11 18:00,6.687,0.008,0,0,0,0,v
2014-04-11 18:06,6.690,0.012,0,0,0,0,v
2014-04-11 18:12,6.687,0.010,0,0,0,0,v
2014-04-11 18:18,6.691,0.013,0,0,0,0,v
2014-04-11 18:24,6.675,0.010,0,0,0,0,v
2014-04-11 18:30,6.679,0.009,0,0,0,0,v
2014-04-11 18:36,6.682,0.010,0,0,0,0,v
2014-04-11 18:42,6.705,0.017,0,0,0,0,v
2014-04-11 18:48,6.694,0.010,0,0,0,0,v
2014-04-11 18:54,6.684,0.010,0,0,0,0,v
2014-04-11 19:00,6.685,0.012,0,0,0,0,v
2014-04-11 19:06,6.687,0.009,0,0,0,0,v
2014-04-11 19:12,6.683,0.012,0,0,0,0,v
2014-04-11 19:18,6.679,0.008,0,0,0,0,v
2014-04-11 19:24,6.671,0.016,0,0,0,0,v
2014-04-11 19:30,6.662,0.015,0,0,0,0,v
2014-04-11 19:36,6.681,0.011,0,0,0,0,v
2014-04-11 19:42,6.676,0.011,0,0,0,0,v
2014-04-11 19:48,6.673,0.009,0,0,0,0,v
2014-04-11 19:54,6.676,0.009,0,0,0,0,v
2014-04-11 20:00,6.657,0.011,0,0,0,0,v
2014-04-11 20:06,6.657,0.010,0,0,0,0,v
2014-04-11 20:12,6.661,0.010,0,0,0,0,v
2014-04-11 20:18,6.666,0.011,0,0,0,0,v
2014-04-11 20:24,6.659,0.012,0,0,0,0,v
2014-04-11 20:30,6.658,0.011,0,0,0,0,v
2014-04-11 20:36,6.652,0.010,0,0,0,0,v
2014-04-11 20:42,6.647,0.014,0,0,0,0,v
2014-04-11 20:48,6.656,0.010,0,0,0,0,v
2014-04-11 20:54,6.653,0.016,0,0,0,0,v
2014-04-11 21:00,6.633,0.011,0,0,0,0,v
2014-04-11 21:06,6.629,0.012,0,0,0,0,v
2014-04-11 21:12,6.609,0.012,0,0,0,0,v
2014-04-11 21:18,6.600,0.014,0,0,0,0,v
2014-04-11 21:24,6.626,0.010,0,0,0,0,v
2014-04-11 21:30,6.628,0.011,0,0,0,0,v
2014-04-11 21:36,6.618,0.009,0,0,0,0,v
2014-04-11 21:42,6.635,0.012,0,0,0,0,v
2014-04-11 21:48,6.613,0.013,0,0,0,0,v
2014-04-11 21:54,6.608,0.012,0,0,0,0,v
2014-04-11 22:00,6.607,0.013,0,0,0,0,v
2014-04-11 22:06,6.618,0.011,0,0,0,0,v
2014-04-11 22:12,6.604,0.013,0,0,0,0,v
2014-04-11 22:18,6.605,0.013,0,0,0,0,v
2014-04-11 22:24,6.610,0.012,0,0,0,0,v
2014-04-11 22:30,6.612,0.013,0,0,0,0,v
2014-04-11 22:36,6.596,0.010,0,0,0,0,v
2014-04-11 22:42,6.590,0.017,0,0,0,0,v
2014-04-11 22:48,6.578,0.010,0,0,0,0,v
2014-04-11 22:54,6.577,0.013,0,0,0,0,v
2014-04-11 23:00,6.581,0.011,0,0,0,0,v
2014-04-11 23:06,6.589,0.012,0,0,0,0,v
2014-04-11 23:12,6.559,0.012,0,0,0,0,v
2014-04-11 23:18,6.579,0.013,0,0,0,0,v
2014-04-11 23:24,6.565,0.012,0,0,0,0,v
2014-04-11 23:30,6.543,0.014,0,0,0,0,v
2014-04-11 23:36,6.541,0.012,0,0,0,0,v
2014-04-11 23:42,6.558,0.009,0,0,0,0,v
2014-04-11 23:48,6.578,0.012,0,0,0,0,v
2014-04-11 23:54,6.573,0.013,0,0,0,0,v
2014-04-12 00:00,6.556,0.014,0,0,0,0,v
2014-04-12 00:06,6.536,0.014,0,0,0,0,v
2014-04-12 00:12,6.517,0.010,0,0,0,0,v
2014-04-12 00:18,6.531,0.012,0,0,0,0,v
2014-04-12 00:24,6.536,0.012,0,0,0,0,v
2014-04-12 00:30,6.540,0.012,0,0,0,0,v
2014-04-12 00:36,6.526,0.010,0,0,0,0,v
2014-04-12 00:42,6.510,0.013,0,0,0,0,v
2014-04-12 00:48,6.511,0.011,0,0,0,0,v
2014-04-12 00:54,6.494,0.016,0,0,0,0,v
2014-04-12 01:00,6.491,0.013,0,0,0,0,v
2014-04-12 01:06,6.496,0.011,0,0,0,0,v
2014-04-12 01:12,6.486,0.014,0,0,0,0,v
2014-04-12 01:18,6.475,0.012,0,0,0,0,v
2014-04-12 01:24,6.454,0.010,0,0,0,0,v
2014-04-12 01:30,6.473,0.010,0,0,0,0,v
2014-04-12 01:36,6.471,0.012,0,0,0,0,v
2014-04-12 01:42,6.470,0.017,0,0,0,0,v
2014-04-12 01:48,6.487,0.013,0,0,0,0,v
2014-04-12 01:54,6.486,0.011,0,0,0,0,v
2014-04-12 02:00,6.514,0.014,0,0,0,0,v
2014-04-12 02:06,6.524,0.010,0,0,0,0,v
2014-04-12 02:12,6.503,0.013,0,0,0,0,v
2014-04-12 02:18,6.519,0.011,0,0,0,0,v
2014-04-12 02:24,6.512,0.010,0,0,0,0,v
2014-04-12 02:30,6.515,0.011,0,0,0,0,v
2014-04-12 02:36,6.492,0.014,0,0,0,0,v
2014-04-12 02:42,6.498,0.010,0,0,0,0,v
2014-04-12 02:48,6.495,0.009,0,0,0,0,v
2014-04-12 02:54,6.519,0.009,0,0,0,0,v
2014-04-12 03:00,6.535,0.008,0,0,0,0,v
2014-04-12 03:06,6.512,0.012,0,0,0,0,v
2014-04-12 03:12,6.505,0.013,0,0,0,0,v
2014-04-12 03:18,6.526,0.011,0,0,0,0,v
2014-04-12 03:24,6.526,0.007,0,0,0,0,v
2014-04-12 03:30,6.522,0.010,0,0,0,0,v
2014-04-12 03:36,6.533,0.009,0,0,0,0,v
2014-04-12 03:42,6.531,0.011,0,0,0,0,v
2014-04-12 03:48,6.540,0.010,0,0,0,0,v
2014-04-12 03:54,6.545,0.008,0,0,0,0,v
2014-04-12 04:00,6.520,0.010,0,0,0,0,v
2014-04-12 04:06,6.529,0.009,0,0,0,0,v
2014-04-12 04:12,6.541,0.012,0,0,0,0,v
2014-04-12 04:18,6.548,0.009,0,0,0,0,v
2014-04-12 04:24,6.554,0.013,0,0,0,0,v
2014-04-12 04:30,6.572,0.011,0,0,0,0,v
2014-04-12 04:36,6.559,0.011,0,0,0,0,v
2014-04-12 04:42,6.560,0.009,0,0,0,0,v
2014-04-12 04:48,6.567,0.008,0,0,0,0,v
2014-04-12 04:54,6.577,0.009,0,0,0,0,v
2014-04-12 05:00,6.579,0.013,0,0,0,0,v
2014-04-12 05:06,6.597,0.009,0,0,0,0,v
2014-04-12 05:12,6.600,0.013,0,0,0,0,v
2014-04-12 05:18,6.585,0.010,0,0,0,0,v
2014-04-12 05:24,6.603,0.010,0,0,0,0,v
2014-04-12 05:30,6.602,0.010,0,0,0,0,v
2014-04-12 05:36,6.637,0.008,0,0,0,0,v
2014-04-12 05:42,6.651,0.011,0,0,0,0,v
2014-04-12 05:48,6.634,0.008,0,0,0,0,v
2014-04-12 05:54,6.625,0.010,0,0,0,0,v
2014-04-12 06:00,6.636,0.009,0,0,0,0,v
2014-04-12 06:06,6.655,0.010,0,0,0,0,v
2014-04-12 06:12,6.643,0.011,0,0,0,0,v
2014-04-12 06:18,6.646,0.008,0,0,0,0,v
2014-04-12 06:24,6.654,0.010,0,0,0,0,v
2014-04-12 06:30,6.654,0.011,0,0,0,0,v
2014-04-12 06:36,6.654,0.010,0,0,0,0,v
2014-04-12 06:42,6.648,0.009,0,0,0,0,v
2014-04-12 06:48,6.638,0.007,0,0,0,0,v
2014-04-12 06:54,6.632,0.010,0,0,0,0,v
2014-04-12 07:00,6.652,0.009,0,0,0,0,v
2014-04-12 07:06,6.659,0.009,0,0,0,0,v
2014-04-12 07:12,6.653,0.010,0,0,0,0,v
2014-04-12 07:18,6.669,0.010,0,0,0,0,v
2014-04-12 07:24,6.656,0.009,0,0,0,0,v
2014-04-12 07:30,6.656,0.008,0,0,0,0,v
2014-04-12 07:36,6.633,0.011,0,0,0,0,v
2014-04-12 07:42,6.644,0.008,0,0,0,0,v
2014-04-12 07:48,6.637,0.009,0,0,0,0,v
2014-04-12 07:54,6.627,0.009,0,0,0,0,v
2014-04-12 08:00,6.643,0.012,0,0,0,0,v
2014-04-12 08:06,6.650,0.007,0,0,0,0,v
2014-04-12 08:12,6.643,0.008,0,0,0,0,v
2014-04-12 08:18,6.625,0.007,0,0,0,0,v
2014-04-12 08:24,6.626,0.010,0,0,0,0,v
2014-04-12 08:30,6.637,0.011,0,0,0,0,v
2014-04-12 08:36,6.639,0.009,0,0,0,0,v
2014-04-12 08:42,6.610,0.009,0,0,0,0,v
2014-04-12 08:48,6.613,0.007,0,0,0,0,v
2014-04-12 08:54,6.607,0.010,0,0,0,0,v
2014-04-12 09:00,6.582,0.007,0,0,0,0,v
2014-04-12 09:06,6.574,0.008,0,0,0,0,v
2014-04-12 09:12,6.583,0.012,0,0,0,0,v
2014-04-12 09:18,6.594,0.008,0,0,0,0,v
2014-04-12 09:24,6.589,0.011,0,0,0,0,v
2014-04-12 09:30,6.583,0.013,0,0,0,0,v
2014-04-12 09:36,6.577,0.009,0,0,0,0,v
2014-04-12 09:42,6.578,0.008,0,0,0,0,v
2014-04-12 09:48,6.575,0.012,0,0,0,0,v
2014-04-12 09:54,6.564,0.008,0,0,0,0,v
2014-04-12 10:00,6.572,0.008,0,0,0,0,v
2014-04-12 10:06,6.565,0.010,0,0,0,0,v
2014-04-12 10:12,6.572,0.010,0,0,0,0,v
2014-04-12 10:18,6.586,0.007,0,0,0,0,v
2014-04-12 10:24,6.591,0.010,0,0,0,0,v
2014-04-12 10:30,6.571,0.006,0,0,0,0,v
2014-04-12 10:36,6.577,0.009,0,0,0,0,v
2014-04-12 10:42,6.588,0.009,0,0,0,0,v
2014-04-12 10:48,6.569,0.011,0,0,0,0,v
2014-04-12 10:54,6.555,0.007,0,0,0,0,v
2014-04-12 11:00,6.573,0.009,0,0,0,0,v
2014-04-12 11:06,6.562,0.007,0,0,0,0,v
2014-04-12 11:12,6.552,0.008,0,0,0,0,v
2014-04-12 11:18,6.559,0.011,0,0,0,0,v
2014-04-12 11:24,6.550,0.009,0,0,0,0,v
2014-04-12 11:30,6.539,0.007,0,0,0,0,v
2014-04-12 11:36,6.542,0.009,0,0,0,0,v
2014-04-12 11:42,6.536,0.007,0,0,0,0,v
2014-04-12 11:48,6.561,0.007,0,0,0,0,v
2014-04-12 11:54,6.557,0.007,0,0,0,0,v
2014-04-12 12:00,6.553,0.008,0,0,0,0,v
2014-04-12 12:06,6.570,0.008,0,0,0,0,v
2014-04-12 12:12,6.557,0.006,0,0,0,0,v
2014-04-12 12:18,6.552,0.009,0,0,0,0,v
2014-04-12 12:24,6.554,0.006,0,0,0,0,v
2014-04-12 12:30,6.550,0.008,0,0,0,0,v
2014-04-12 12:36,6.542,0.007,0,0,0,0,v
2014-04-12 12:42,6.537,0.008,0,0,0,0,v
2014-04-12 12:48,6.524,0.008,0,0,0,0,v
2014-04-12 12:54,6.538,0.008,0,0,0,0,v
2014-04-12 13:00,6.550,0.006,0,0,0,0,v
2014-04-12 13:06,6.547,0.007,0,0,0,0,v
2014-04-12 13:12,6.542,0.008,0,0,0,0,v
2014-04-12 13:18,6.554,0.009,0,0,0,0,v
2014-04-12 13:24,6.554,0.008,0,0,0,0,v
2014-04-12 13:30,6.561,0.009,0,0,0,0,v
2014-04-12 13:36,6.580,0.006,0,0,0,0,v
2014-04-12 13:42,6.560,0.007,0,0,0,0,v
2014-04-12 13:48,6.553,0.010,0,0,0,0,v
2014-04-12 13:54,6.569,0.008,0,0,0,0,v
2014-04-12 14:00,6.563,0.007,0,0,0,0,v
2014-04-12 14:06,6.557,0.006,0,0,0,0,v
2014-04-12 14:12,6.575,0.009,0,0,0,0,v
2014-04-12 14:18,6.583,0.008,0,0,0,0,v
2014-04-12 14:24,6.567,0.009,0,0,0,0,v
2014-04-12 14:30,6.567,0.007,0,0,0,0,v
2014-04-12 14:36,6.573,0.008,0,0,0,0,v
2014-04-12 14:42,6.572,0.007,0,0,0,0,v
2014-04-12 14:48,6.579,0.007,0,0,0,0,v
2014-04-12 14:54,6.594,0.009,0,0,0,0,v
2014-04-12 15:00,6.585,0.007,0,0,0,0,v
2014-04-12 15:06,6.572,0.006,0,0,0,0,v
2014-04-12 15:12,6.602,0.007,0,0,0,0,v
2014-04-12 15:18,6.613,0.007,0,0,0,0,v
2014-04-12 15:24,6.613,0.007,0,0,0,0,v
2014-04-12 15:30,6.617,0.008,0,0,0,0,v
2014-04-12 15:36,6.616,0.007,0,0,0,0,v
2014-04-12 15:42,6.596,0.008,0,0,0,0,v
2014-04-12 15:48,6.603,0.009,0,0,0,0,v
2014-04-12 15:54,6.597,0.007,0,0,0,0,v
2014-04-12 16:00,6.599,0.007,0,0,0,0,v
2014-04-12 16:06,6.588,0.007,0,0,0,0,v
2014-04-12 16:12,6.594,0.007,0,0,0,0,v
2014-04-12 16:18,6.596,0.009,0,0,0,0,v
2014-04-12 16:24,6.616,0.008,0,0,0,0,v
2014-04-12 16:30,6.626,0.008,0,0,0,0,v
2014-04-12 16:36,6.638,0.007,0,0,0,0,v
2014-04-12 16:42,6.638,0.007,0,0,0,0,v
2014-04-12 16:48,6.639,0.007,0,0,0,0,v
2014-04-12 16:54,6.651,0.009,0,0,0,0,v
2014-04-12 17:00,6.636,0.007,0,0,0,0,v
2014-04-12 17:06,6.650,0.006,0,0,0,0,v
2014-04-12 17:12,6.662,0.007,0,0,0,0,v
2014-04-12 17:18,6.673,0.006,0,0,0,0,v
2014-04-12 17:24,6.677,0.009,0,0,0,0,v
2014-04-12 17:30,6.698,0.008,0,0,0,0,v
2014-04-12 17:36,6.672,0.007,0,0,0,0,v
2014-04-12 17:42,6.669,0.007,0,0,0,0,v
2014-04-12 17:48,6.685,0.009,0,0,0,0,v
2014-04-12 17:54,6.696,0.007,0,0,0,0,v
2014-04-12 18:00,6.698,0.008,0,0,0,0,v
2014-04-12 18:06,6.704,0.007,0,0,0,0,v
2014-04-12 18:12,6.718,0.007,0,0,0,0,v
2014-04-12 18:18,6.701,0.008,0,0,0,0,v
2014-04-12 18:24,6.704,0.007,0,0,0,0,v
2014-04-12 18:30,6.721,0.006,0,0,0,0,v
2014-04-12 18:36,6.696,0.006,0,0,0,0,v
2014-04-12 18:42,6.721,0.008,0,0,0,0,v
2014-04-12 18:48,6.734,0.007,0,0,0,0,v
2014-04-12 18:54,6.737,0.007,0,0,0,0,v
2014-04-12 19:00,6.733,0.006,0,0,0,0,v
2014-04-12 19:06,6.725,0.007,0,0,0,0,v
2014-04-12 19:12,6.703,0.009,0,0,0,0,v
2014-04-12 19:18,6.713,0.009,0,0,0,0,v
2014-04-12 19:24,6.725,0.009,0,0,0,0,v
2014-04-12 19:30,6.714,0.007,0,0,0,0,v
2014-04-12 19:36,6.702,0.007,0,0,0,0,v
2014-04-12 19:42,6.734,0.008,0,0,0,0,v
2014-04-12 19:48,6.729,0.010,0,0,0,0,v
2014-04-12 19:54,6.717,0.008,0,0,0,0,v
2014-04-12 20:00,6.730,0.007,0,0,0,0,v
2014-04-12 20:06,6.721,0.010,0,0,0,0,v
2014-04-12 20:12,6.717,0.009,0,0,0,0,v
2014-04-12 20:18,6.723,0.009,0,0,0,0,v
2014-04-12 20:24,6.719,0.006,0,0,0,0,v
2014-04-12 20:30,6.690,0.008,0,0,0,0,v
2014-04-12 20:36,6.685,0.006,0,0,0,0,v
2014-04-12 20:42,6.705,0.007,0,0,0,0,v
2014-04-12 20:48,6.692,0.006,0,0,0,0,v
2014-04-12 20:54,6.668,0.006,0,0,0,0,v
2014-04-12 21:00,6.649,0.008,0,0,0,0,v
2014-04-12 21:06,6.672,0.008,0,0,0,0,v
2014-04-12 21:12,6.660,0.007,0,0,0,0,v
2014-04-12 21:18,6.653,0.007,0,0,0,0,v
2014-04-12 21:24,6.675,0.007,0,0,0,0,v
2014-04-12 21:30,6.668,0.006,0,0,0,0,v
2014-04-12 21:36,6.656,0.008,0,0,0,0,v
2014-04-12 21:42,6.652,0.009,0,0,0,0,v
2014-04-12 21:48,6.652,0.007,0,0,0,0,v
2014-04-12 21:54,6.629,0.007,0,0,0,0,v
2014-04-12 22:00,6.653,0.008,0,0,0,0,v
2014-04-12 22:06,6.640,0.008,0,0,0,0,v
2014-04-12 22:12,6.622,0.008,0,0,0,0,v
2014-04-12 22:18,6.618,0.009,0,0,0,0,v
2014-04-12 22:24,6.629,0.009,0,0,0,0,v
2014-04-12 22:30,6.612,0.006,0,0,0,0,v
2014-04-12 22:36,6.617,0.007,0,0,0,0,v
2014-04-12 22:42,6.619,0.008,0,0,0,0,v
2014-04-12 22:48,6.618,0.011,0,0,0,0,v
2014-04-12 22:54,6.615,0.009,0,0,0,0,v
2014-04-12 23:00,6.595,0.007,0,0,0,0,v
2014-04-12 23:06,6.611,0.010,0,0,0,0,v
2014-04-12 23:12,6.590,0.008,0,0,0,0,v
2014-04-12 23:18,6.605,0.008,0,0,0,0,v
2014-04-12 23:24,6.589,0.009,0,0,0,0,v
2014-04-12 23:30,6.588,0.007,0,0,0,0,v
2014-04-12 23:36,6.592,0.008,0,0,0,0,v
2014-04-12 23:42,6.582,0.007,0,0,0,0,v
2014-04-12 23:48,6.584,0.007,0,0,0,0,v
2014-04-12 23:54,6.587,0.008,0,0,0,0,v
2014-04-13 00:00,6.581,0.008,0,0,0,0,v
2014-04-13 00:06,6.586,0.006,0,0,0,0,v
2014-04-13 00:12,6.599,0.008,0,0,0,0,v
2014-04-13 00:18,6.582,0.009,0,0,0,0,v
2014-04-13 00:24,6.568,0.008,0,0,0,0,v
2014-04-13 00:30,6.569,0.009,0,0,0,0,v
2014-04-13 00:36,6.572,0.008,0,0,0,0,v
2014-04-13 00:42,6.567,0.008,0,0,0,0,v
2014-04-13 00:48,6.556,0.008,0,0,0,0,v
2014-04-13 00:54,6.576,0.008,0,0,0,0,v
2014-04-13 01:00,6.566,0.007,0,0,0,0,v
2014-04-13 01:06,6.563,0.010,0,0,0,0,v
2014-04-13 01:12,6.553,0.008,0,0,0,0,v
2014-04-13 01:18,6.552,0.009,0,0,0,0,v
2014-04-13 01:24,6.556,0.008,0,0,0,0,v
2014-04-13 01:30,6.555,0.007,0,0,0,0,v
2014-04-13 01:36,6.554,0.009,0,0,0,0,v
2014-04-13 01:42,6.560,0.006,0,0,0,0,v
2014-04-13 01:48,6.560,0.007,0,0,0,0,v
2014-04-13 01:54,6.561,0.008,0,0,0,0,v
2014-04-13 02:00,6.557,0.007,0,0,0,0,v
2014-04-13 02:06,6.536,0.007,0,0,0,0,v
2014-04-13 02:12,6.540,0.007,0,0,0,0,v
2014-04-13 02:18,6.574,0.008,0,0,0,0,v
2014-04-13 02:24,6.542,0.010,0,0,0,0,v
2014-04-13 02:30,6.535,0.008,0,0,0,0,v
2014-04-13 02:36,6.553,0.011,0,0,0,0,v
2014-04-13 02:42,6.546,0.008,0,0,0,0,v
2014-04-13 02:48,6.531,0.010,0,0,0,0,v
2014-04-13 02:54,6.543,0.009,0,0,0,0,v
2014-04-13 03:00,6.568,0.008,0,0,0,0,v
2014-04-13 03:06,6.557,0.008,0,0,0,0,v
2014-04-13 03:12,6.563,0.009,0,0,0,0,v
2014-04-13 03:18,6.599,0.010,0,0,0,0,v
2014-04-13 03:24,6.590,0.009,0,0,0,0,v
2014-04-13 03:30,6.585,0.008,0,0,0,0,v
2014-04-13 03:36,6.588,0.010,0,0,0,0,v
2014-04-13 03:42,6.597,0.009,0,0,0,0,v
2014-04-13 03:48,6.615,0.009,0,0,0,0,v
2014-04-13 03:54,6.617,0.009,0,0,0,0,v
2014-04-13 04:00,6.607,0.009,0,0,0,0,v
2014-04-13 04:06,6.602,0.009,0,0,0,0,v
2014-04-13 04:12,6.629,0.008,0,0,0,0,v
2014-04-13 04:18,6.629,0.009,0,0,0,0,v
2014-04-13 04:24,6.648,0.007,0,0,0,0,v
2014-04-13 04:30,6.660,0.011,0,0,0,0,v
2014-04-13 04:36,6.669,0.009,0,0,0,0,v
2014-04-13 04:42,6.680,0.009,0,0,0,0,v
2014-04-13 04:48,6.693,0.010,0,0,0,0,v
2014-04-13 04:54,6.716,0.007,0,0,0,0,v
2014-04-13 05:00,6.701,0.011,0,0,0,0,v
2014-04-13 05:06,6.710,0.010,0,0,0,0,v
2014-04-13 05:12,6.712,0.009,0,0,0,0,v
2014-04-13 05:18,6.707,0.012,0,0,0,0,v
2014-04-13 05:24,6.712,0.009,0,0,0,0,v
2014-04-13 05:30,6.706,0.008,0,0,0,0,v
2014-04-13 05:36,6.719,0.008,0,0,0,0,v
2014-04-13 05:42,6.729,0.009,0,0,0,0,v
2014-04-13 05:48,6.714,0.009,0,0,0,0,v
2014-04-13 05:54,6.707,0.010,0,0,0,0,v
2014-04-13 06:00,6.714,0.008,0,0,0,0,v
2014-04-13 06:06,6.710,0.010,0,0,0,0,v
2014-04-13 06:12,6.731,0.012,0,0,0,0,v
2014-04-13 06:18,6.728,0.011,0,0,0,0,v
2014-04-13 06:24,6.733,0.011,0,0,0,0,v
2014-04-13 06:30,6.764,0.011,0,0,0,0,v
2014-04-13 06:36,6.754,0.010,0,0,0,0,v
2014-04-13 06:42,6.755,0.009,0,0,0,0,v
2014-04-13 06:48,6.768,0.009,0,0,0,0,v
2014-04-13 06:54,6.774,0.010,0,0,0,0,v
2014-04-13 07:00,6.772,0.010,0,0,0,0,v
2014-04-13 07:06,6.768,0.010,0,0,0,0,v
2014-04-13 07:12,6.750,0.007,0,0,0,0,v
2014-04-13 07:18,6.750,0.010,0,0,0,0,v
2014-04-13 07:24,6.770,0.012,0,0,0,0,v
2014-04-13 07:30,6.754,0.010,0,0,0,0,v
2014-04-13 07:36,6.769,0.008,0,0,0,0,v
2014-04-13 07:42,6.762,0.009,0,0,0,0,v
2014-04-13 07:48,6.773,0.011,0,0,0,0,v
2014-04-13 07:54,6.787,0.008,0,0,0,0,v
2014-04-13 08:00,6.782,0.010,0,0,0,0,v
2014-04-13 08:06,6.792,0.013,0,0,0,0,v
2014-04-13 08:12,6.785,0.010,0,0,0,0,v
2014-04-13 08:18,6.778,0.009,0,0,0,0,v
2014-04-13 08:24,6.783,0.009,0,0,0,0,v
2014-04-13 08:30,6.806,0.015,0,0,0,0,v
2014-04-13 08:36,6.799,0.010,0,0,0,0,v
2014-04-13 08:42,6.796,0.010,0,0,0,0,v
2014-04-13 08:48,6.775,0.011,0,0,0,0,v
2014-04-13 08:54,6.759,0.009,0,0,0,0,v
2014-04-13 09:00,6.765,0.009,0,0,0,0,v
2014-04-13 09:06,6.763,0.010,0,0,0,0,v
2014-04-13 09:12,6.778,0.009,0,0,0,0,v
2014-04-13 09:18,6.786,0.014,0,0,0,0,v
2014-04-13 09:24,6.789,0.009,0,0,0,0,v
2014-04-13 09:30,6.783,0.008,0,0,0,0,v
2014-04-13 09:36,6.771,0.010,0,0,0,0,v
2014-04-13 09:42,6.786,0.009,0,0,0,0,v
2014-04-13 09:48,6.784,0.008,0,0,0,0,v
2014-04-13 09:54,6.786,0.011,0,0,0,0,v
2014-04-13 10:00,6.796,0.012,0,0,0,0,v
2014-04-13 10:06,6.766,0.011,0,0,0,0,v
2014-04-13 10:12,6.751,0.011,0,0,0,0,v
2014-04-13 10:18,6.739,0.008,0,0,0,0,v
2014-04-13 10:24,6.735,0.011,0,0,0,0,v
2014-04-13 10:30,6.760,0.009,0,0,0,0,v
2014-04-13 10:36,6.741,0.012,0,0,0,0,v
2014-04-13 10:42,6.737,0.008,0,0,0,0,v
2014-04-13 10:48,6.727,0.009,0,0,0,0,v
2014-04-13 10:54,6.722,0.008,0,0,0,0,v
2014-04-13 11:00,6.711,0.008,0,0,0,0,v
2014-04-13 11:06,6.716,0.007,0,0,0,0,v
2014-04-13 11:12,6.694,0.008,0,0,0,0,v
2014-04-13 11:18,6.691,0.009,0,0,0,0,v
2014-04-13 11:24,6.677,0.009,0,0,0,0,v
2014-04-13 11:30,6.661,0.009,0,0,0,0,v
2014-04-13 11:36,6.677,0.009,0,0,0,0,v
2014-04-13 11:42,6.682,0.008,0,0,0,0,v
2014-04-13 11:48,6.673,0.008,0,0,0,0,v
2014-04-13 11:54,6.665,0.011,0,0,0,0,v
2014-04-13 12:00,6.660,0.009,0,0,0,0,v
2014-04-13 12:06,6.680,0.009,0,0,0,0,v
2014-04-13 12:12,6.678,0.009,0,0,0,0,v
2014-04-13 12:18,6.684,0.012,0,0,0,0,v
2014-04-13 12:24,6.687,0.010,0,0,0,0,v
2014-04-13 12:30,6.681,0.008,0,0,0,0,v
2014-04-13 12:36,6.682,0.010,0,0,0,0,v
2014-04-13 12:42,6.688,0.011,0,0,0,0,v
2014-04-13 12:48,6.702,0.008,0,0,0,0,v
2014-04-13 12:54,6.682,0.010,0,0,0,0,v
2014-04-13 13:00,6.692,0.010,0,0,0,0,v
2014-04-13 13:06,6.691,0.008,0,0,0,0,v
2014-04-13 13:12,6.680,0.009,0,0,0,0,v
2014-04-13 13:18,6.662,0.009,0,0,0,0,v
2014-04-13 13:24,6.670,0.009,0,0,0,0,v
2014-04-13 13:30,6.671,0.010,0,0,0,0,v
2014-04-13 13:36,6.661,0.010,0,0,0,0,v
2014-04-13 13:42,6.655,0.009,0,0,0,0,v
2014-04-13 13:48,6.663,0.011,0,0,0,0,v
2014-04-13 13:54,6.666,0.012,0,0,0,0,v
2014-04-13 14:00,6.681,0.011,0,0,0,0,v
2014-04-13 14:06,6.661,0.012,0,0,0,0,v
2014-04-13 14:12,6.649,0.008,0,0,0,0,v
2014-04-13 14:18,6.641,0.010,0,0,0,0,v
2014-04-13 14:24,6.656,0.010,0,0,0,0,v
2014-04-13 14:30,6.663,0.010,0,0,0,0,v
2014-04-13 14:36,6.662,0.008,0,0,0,0,v
2014-04-13 14:42,6.644,0.010,0,0,0,0,v
2014-04-13 14:48,6.628,0.009,0,0,0,0,v
2014-04-13 14:54,6.630,0.009,0,0,0,0,v
2014-04-13 15:00,6.635,0.009,0,0,0,0,v
2014-04-13 15:06,6.645,0.008,0,0,0,0,v
2014-04-13 15:12,6.661,0.009,0,0,0,0,v
2014-04-13 15:18,6.673,0.010,0,0,0,0,v
2014-04-13 15:24,6.664,0.009,0,0,0,0,v
2014-04-13 15:30,6.651,0.011,0,0,0,0,v
2014-04-13 15:36,6.667,0.008,0,0,0,0,v
2014-04-13 15:42,6.686,0.013,0,0,0,0,v
2014-04-13 15:48,6.721,0.007,0,0,0,0,v
2014-04-13 15:54,6.684,0.010,0,0,0,0,v
2014-04-13 16:00,6.692,0.008,0,0,0,0,v
2014-04-13 16:06,6.693,0.007,0,0,0,0,v
2014-04-13 16:12,6.710,0.008,0,0,0,0,v
2014-04-13 16:18,6.687,0.008,0,0,0,0,v
2014-04-13 16:24,6.694,0.011,0,0,0,0,v
2014-04-13 16:30,6.696,0.010,0,0,0,0,v
2014-04-13 16:36,6.719,0.008,0,0,0,0,v
2014-04-13 16:42,6.677,0.011,0,0,0,0,v
2014-04-13 16:48,6.667,0.008,0,0,0,0,v
2014-04-13 16:54,6.689,0.008,0,0,0,0,v
2014-04-13 17:00,6.692,0.009,0,0,0,0,v
2014-04-13 17:06,6.705,0.011,0,0,0,0,v
2014-04-13 17:12,6.724,0.007,0,0,0,0,v
2014-04-13 17:18,6.733,0.009,0,0,0,0,v
2014-04-13 17:24,6.731,0.008,0,0,0,0,v
2014-04-13 17:30,6.740,0.007,0,0,0,0,v
2014-04-13 17:36,6.748,0.010,0,0,0,0,v
2014-04-13 17:42,6.752,0.011,0,0,0,0,v
2014-04-13 17:48,6.747,0.010,0,0,0,0,v
2014-04-13 17:54,6.771,0.010,0,0,0,0,v
2014-04-13 18:00,6.763,0.009,0,0,0,0,v
2014-04-13 18:06,6.731,0.008,0,0,0,0,v
2014-04-13 18:12,6.743,0.011,0,0,0,0,v
2014-04-13 18:18,6.773,0.008,0,0,0,0,v
2014-04-13 18:24,6.774,0.007,0,0,0,0,v
2014-04-13 18:30,6.765,0.008,0,0,0,0,v
2014-04-13 18:36,6.782,0.010,0,0,0,0,v
2014-04-13 18:42,6.790,0.007,0,0,0,0,v
2014-04-13 18:48,6.794,0.009,0,0,0,0,v
2014-04-13 18:54,6.796,0.010,0,0,0,0,v
2014-04-13 19:00,6.792,0.008,0,0,0,0,v
2014-04-13 19:06,6.791,0.008,0,0,0,0,v
2014-04-13 19:12,6.812,0.007,0,0,0,0,v
2014-04-13 19:18,6.791,0.009,0,0,0,0,v
2014-04-13 19:24,6.796,0.008,0,0,0,0,v
2014-04-13 19:30,6.786,0.009,0,0,0,0,v
2014-04-13 19:36,6.793,0.009,0,0,0,0,v
2014-04-13 19:42,6.787,0.008,0,0,0,0,v
2014-04-13 19:48,6.791,0.008,0,0,0,0,v
2014-04-13 19:54,6.794,0.009,0,0,0,0,v
2014-04-13 20:00,6.796,0.009,0,0,0,0,v
2014-04-13 20:06,6.797,0.009,0,0,0,0,v
2014-04-13 20:12,6.788,0.007,0,0,0,0,v
2014-04-13 20:18,6.787,0.009,0,0,0,0,v
2014-04-13 20:24,6.752,0.009,0,0,0,0,v
2014-04-13 20:30,6.749,0.008,0,0,0,0,v
2014-04-13 20:36,6.746,0.010,0,0,0,0,v
2014-04-13 20:42,6.749,0.009,0,0,0,0,v
2014-04-13 20:48,6.729,0.008,0,0,0,0,v
2014-04-13 20:54,6.729,0.007,0,0,0,0,v
2014-04-13 21:00,6.728,0.010,0,0,0,0,v
2014-04-13 21:06,6.721,0.010,0,0,0,0,v
2014-04-13 21:12,6.711,0.008,0,0,0,0,v
2014-04-13 21:18,6.705,0.008,0,0,0,0,v
2014-04-13 21:24,6.692,0.009,0,0,0,0,v
2014-04-13 21:30,6.690,0.011,0,0,0,0,v
2014-04-13 21:36,6.676,0.013,0,0,0,0,v
2014-04-13 21:42,6.663,0.009,0,0,0,0,v
2014-04-13 21:48,6.655,0.009,0,0,0,0,v
2014-04-13 21:54,6.666,0.009,0,0,0,0,v
2014-04-13 22:00,6.658,0.010,0,0,0,0,v
2014-04-13 22:06,6.643,0.008,0,0,0,0,v
2014-04-13 22:12,6.677,0.013,0,0,0,0,v
2014-04-13 22:18,6.672,0.008,0,0,0,0,v
2014-04-13 22:24,6.669,0.011,0,0,0,0,v
2014-04-13 22:30,6.676,0.011,0,0,0,0,v
2014-04-13 22:36,6.650,0.011,0,0,0,0,v
2014-04-13 22:42,6.651,0.010,0,0,0,0,v
2014-04-13 22:48,6.646,0.011,0,0,0,0,v
2014-04-13 22:54,6.644,0.012,0,0,0,0,v
2014-04-13 23:00,6.639,0.015,0,0,0,0,v
2014-04-13 23:06,6.626,0.010,0,0,0,0,v
2014-04-13 23:12,6.612,0.011,0,0,0,0,v
2014-04-13 23:18,6.605,0.010,0,0,0,0,v
2014-04-13 23:24,6.598,0.012,0,0,0,0,v
2014-04-13 23:30,6.617,0.012,0,0,0,0,v
2014-04-13 23:36,6.598,0.012,0,0,0,0,v
2014-04-13 23:42,6.576,0.014,0,0,0,0,v
2014-04-13 23:48,6.568,0.015,0,0,0,0,v
2014-04-13 23:54,6.594,0.014,0,0,0,0,v
2014-04-14 00:00,6.588,0.008,0,0,0,0,v
2014-04-14 00:06,6.588,0.011,0,0,0,0,v
2014-04-14 00:12,6.589,0.010,0,0,0,0,v
2014-04-14 00:18,6.567,0.009,0,0,0,0,v
2014-04-14 00:24,6.571,0.010,0,0,0,0,v
2014-04-14 00:30,6.563,0.015,0,0,0,0,v
2014-04-14 00:36,6.563,0.011,0,0,0,0,v
2014-04-14 00:42,6.580,0.010,0,0,0,0,v
2014-04-14 00:48,6.595,0.012,0,0,0,0,v
2014-04-14 00:54,6.607,0.013,0,0,0,0,v
2014-04-14 01:00,6.598,0.014,0,0,0,0,v
2014-04-14 01:06,6.545,0.011,0,0,0,0,v
2014-04-14 01:12,6.567,0.012,0,0,0,0,v
2014-04-14 01:18,6.563,0.008,0,0,0,0,v
2014-04-14 01:24,6.546,0.012,0,0,0,0,v
2014-04-14 01:30,6.599,0.014,0,0,0,0,v
2014-04-14 01:36,6.557,0.015,0,0,0,0,v
2014-04-14 01:42,6.551,0.013,0,0,0,0,v
2014-04-14 01:48,6.547,0.009,0,0,0,0,v
2014-04-14 01:54,6.549,0.010,0,0,0,0,v
2014-04-14 02:00,6.546,0.010,0,0,0,0,v
2014-04-14 02:06,6.573,0.012,0,0,0,0,v
2014-04-14 02:12,6.574,0.010,0,0,0,0,v
2014-04-14 02:18,6.533,0.011,0,0,0,0,v
2014-04-14 02:24,6.563,0.010,0,0,0,0,v
2014-04-14 02:30,6.563,0.010,0,0,0,0,v
2014-04-14 02:36,6.553,0.011,0,0,0,0,v
2014-04-14 02:42,6.556,0.008,0,0,0,0,v
2014-04-14 02:48,6.570,0.014,0,0,0,0,v
2014-04-14 02:54,6.577,0.013,0,0,0,0,v
2014-04-14 03:00,6.546,0.007,0,0,0,0,v
2014-04-14 03:06,6.566,0.009,0,0,0,0,v
2014-04-14 03:12,6.572,0.012,0,0,0,0,v
2014-04-14 03:18,6.583,0.010,0,0,0,0,v
2014-04-14 03:24,6.586,0.011,0,0,0,0,v
2014-04-14 03:30,6.596,0.014,0,0,0,0,v
2014-04-14 03:36,6.606,0.014,0,0,0,0,v
2014-04-14 03:42,6.577,0.008,0,0,0,0,v
2014-04-14 03:48,6.607,0.011,0,0,0,0,v
2014-04-14 03:54,6.621,0.017,0,0,0,0,v
2014-04-14 04:00,6.626,0.010,0,0,0,0,v
2014-04-14 04:06,6.610,0.010,0,0,0,0,v
2014-04-14 04:12,6.626,0.013,0,0,0,0,v
2014-04-14 04:18,6.630,0.012,0,0,0,0,v
2014-04-14 04:24,6.627,0.012,0,0,0,0,v
2014-04-14 04:30,6.664,0.013,0,0,0,0,v
2014-04-14 04:36,6.672,0.009,0,0,0,0,v
2014-04-14 04:42,6.668,0.016,0,0,0,0,v
2014-04-14 04:48,6.684,0.008,0,0,0,0,v
2014-04-14 04:54,6.679,0.014,0,0,0,0,v
2014-04-14 05:00,6.704,0.010,0,0,0,0,v
2014-04-14 05:06,6.724,0.014,0,0,0,0,v
2014-04-14 05:12,6.706,0.011,0,0,0,0,v
2014-04-14 05:18,6.712,0.008,0,0,0,0,v
2014-04-14 05:24,6.721,0.012,0,0,0,0,v
2014-04-14 05:30,6.731,0.015,0,0,0,0,v
2014-04-14 05:36,6.725,0.010,0,0,0,0,v
2014-04-14 05:42,6.753,0.011,0,0,0,0,v
2014-04-14 05:48,6.754,0.010,0,0,0,0,v
2014-04-14 05:54,6.733,0.008,0,0,0,0,v
2014-04-14 06:00,6.764,0.010,0,0,0,0,v
2014-04-14 06:06,6.724,0.007,0,0,0,0,v
2014-04-14 06:12,6.730,0.013,0,0,0,0,v
2014-04-14 06:18,6.746,0.011,0,0,0,0,v
2014-04-14 06:24,6.770,0.011,0,0,0,0,v
2014-04-14 06:30,6.784,0.010,0,0,0,0,v
2014-04-14 06:36,6.795,0.011,0,0,0,0,v
2014-04-14 06:42,6.798,0.010,0,0,0,0,v
2014-04-14 06:48,6.797,0.010,0,0,0,0,v
2014-04-14 06:54,6.778,0.010,0,0,0,0,v
2014-04-14 07:00,6.791,0.012,0,0,0,0,v
2014-04-14 07:06,6.833,0.009,0,0,0,0,v
2014-04-14 07:12,6.816,0.012,0,0,0,0,v
2014-04-14 07:18,6.846,0.012,0,0,0,0,v
2014-04-14 07:24,6.836,0.016,0,0,0,0,v
2014-04-14 07:30,6.854,0.008,0,0,0,0,v
2014-04-14 07:36,6.858,0.012,0,0,0,0,v
2014-04-14 07:42,6.859,0.010,0,0,0,0,v
2014-04-14 07:48,6.866,0.012,0,0,0,0,v
2014-04-14 07:54,6.872,0.010,0,0,0,0,v
2014-04-14 08:00,6.854,0.010,0,0,0,0,v
2014-04-14 08:06,6.868,0.008,0,0,0,0,v
2014-04-14 08:12,6.890,0.009,0,0,0,0,v
2014-04-14 08:18,6.891,0.011,0,0,0,0,v
2014-04-14 08:24,6.913,0.009,0,0,0,0,v
2014-04-14 08:30,6.912,0.010,0,0,0,0,v
2014-04-14 08:36,6.906,0.010,0,0,0,0,v
2014-04-14 08:42,6.912,0.014,0,0,0,0,v
2014-04-14 08:48,6.895,0.010,0,0,0,0,v
2014-04-14 08:54,6.923,0.014,0,0,0,0,v
2014-04-14 09:00,6.918,0.011,0,0,0,0,v
2014-04-14 09:06,6.909,0.011,0,0,0,0,v
2014-04-14 09:12,6.924,0.016,0,0,0,0,v
2014-04-14 09:18,6.943,0.008,0,0,0,0,v
2014-04-14 09:24,6.903,0.009,0,0,0,0,v
2014-04-14 09:30,6.900,0.008,0,0,0,0,v
2014-04-14 09:36,6.898,0.011,0,0,0,0,v
2014-04-14 09:42,6.911,0.011,0,0,0,0,v
2014-04-14 09:48,6.914,0.010,0,0,0,0,v
2014-04-14 09:54,6.897,0.014,0,0,0,0,v
2014-04-14 10:00,6.869,0.009,0,0,0,0,v
2014-04-14 10:06,6.891,0.010,0,0,0,0,v
2014-04-14 10:12,6.862,0.011,0,0,0,0,v
2014-04-14 10:18,6.866,0.008,0,0,0,0,v
2014-04-14 10:24,6.898,0.009,0,0,0,0,v
2014-04-14 10:30,6.888,0.010,0,0,0,0,v
2014-04-14 10:36,6.875,0.008,0,0,0,0,v
2014-04-14 10:42,6.894,0.011,0,0,0,0,v
2014-04-14 10:48,6.887,0.011,0,0,0,0,v
2014-04-14 10:54,6.877,0.010,0,0,0,0,v
2014-04-14 11:00,6.882,0.012,0,0,0,0,v
2014-04-14 11:06,6.860,0.012,0,0,0,0,v
2014-04-14 11:12,6.863,0.009,0,0,0,0,v
2014-04-14 11:18,6.842,0.010,0,0,0,0,v
2014-04-14 11:24,6.843,0.010,0,0,0,0,v
2014-04-14 11:30,6.830,0.011,0,0,0,0,v
2014-04-14 11:36,6.820,0.012,0,0,0,0,v
2014-04-14 11:42,6.825,0.009,0,0,0,0,v
2014-04-14 11:48,6.818,0.008,0,0,0,0,v
2014-04-14 11:54,6.791,0.016,0,0,0,0,v
2014-04-14 12:00,6.789,0.011,0,0,0,0,v
2014-04-14 12:06,6.780,0.013,0,0,0,0,v
2014-04-14 12:12,6.764,0.010,0,0,0,0,v
2014-04-14 12:18,6.755,0.011,0,0,0,0,v
2014-04-14 12:24,6.768,0.008,0,0,0,0,v
2014-04-14 12:30,6.763,0.011,0,0,0,0,v
2014-04-14 12:36,6.774,0.010,0,0,0,0,v
2014-04-14 12:42,6.755,0.010,0,0,0,0,v
2014-04-14 12:48,6.757,0.016,0,0,0,0,v
2014-04-14 12:54,6.775,0.012,0,0,0,0,v
2014-04-14 13:00,6.776,0.011,0,0,0,0,v
2014-04-14 13:06,6.776,0.011,0,0,0,0,v
2014-04-14 13:12,6.800,0.010,0,0,0,0,v
2014-04-14 13:18,6.800,0.014,0,0,0,0,v
2014-04-14 13:24,6.790,0.010,0,0,0,0,v
2014-04-14 13:30,6.785,0.012,0,0,0,0,v
2014-04-14 13:36,6.795,0.008,0,0,0,0,v
2014-04-14 13:42,6.818,0.014,0,0,0,0,v
2014-04-14 13:48,6.825,0.011,0,0,0,0,v
2014-04-14 13:54,6.777,0.012,0,0,0,0,v
2014-04-14 14:00,6.764,0.010,0,0,0,0,v
2014-04-14 14:06,6.774,0.010,0,0,0,0,v
2014-04-14 14:12,6.765,0.011,0,0,0,0,v
2014-04-14 14:18,6.769,0.014,0,0,0,0,v
2014-04-14 14:24,6.769,0.012,0,0,0,0,v
2014-04-14 14:30,6.777,0.009,0,0,0,0,v
2014-04-14 14:36,6.754,0.020,0,0,0,0,v
2014-04-14 14:42,6.766,0.014,0,0,0,0,v
2014-04-14 14:48,6.749,0.018,0,0,0,0,v
2014-04-14 14:54,6.758,0.020,0,0,0,0,v
2014-04-14 15:00,6.758,0.019,0,0,0,0,v
2014-04-14 15:06,6.756,0.014,0,0,0,0,v
2014-04-14 15:12,6.751,0.014,0,0,0,0,v
2014-04-14 15:18,6.716,0.012,0,0,0,0,v
2014-04-14 15:24,6.716,0.010,0,0,0,0,v
2014-04-14 15:30,6.694,0.012,0,0,0,0,v
2014-04-14 15:36,6.702,0.015,0,0,0,0,v
2014-04-14 15:42,6.720,0.011,0,0,0,0,v
2014-04-14 15:48,6.698,0.013,0,0,0,0,v
2014-04-14 15:54,6.713,0.012,0,0,0,0,v
2014-04-14 16:00,6.719,0.013,0,0,0,0,v
2014-04-14 16:06,6.715,0.011,0,0,0,0,v
2014-04-14 16:12,6.754,0.010,0,0,0,0,v
2014-04-14 16:18,6.778,0.008,0,0,0,0,v
2014-04-14 16:24,6.751,0.010,0,0,0,0,v
2014-04-14 16:30,6.777,0.019,0,0,0,0,v
2014-04-14 16:36,6.771,0.017,0,0,0,0,v
2014-04-14 16:42,6.764,0.010,0,0,0,0,v
2014-04-14 16:48,6.767,0.013,0,0,0,0,v
2014-04-14 16:54,6.760,0.020,0,0,0,0,v
2014-04-14 17:00,6.771,0.017,0,0,0,0,v
2014-04-14 17:06,6.794,0.013,0,0,0,0,v
2014-04-14 17:12,6.746,0.012,0,0,0,0,v
2014-04-14 17:18,6.729,0.015,0,0,0,0,v
2014-04-14 17:24,6.750,0.016,0,0,0,0,v
2014-04-14 17:30,6.747,0.012,0,0,0,0,v
2014-04-14 17:36,6.772,0.024,0,0,0,0,v
2014-04-14 17:42,6.777,0.014,0,0,0,0,v
2014-04-14 17:48,6.781,0.013,0,0,0,0,v
2014-04-14 17:54,6.773,0.011,0,0,0,0,v
2014-04-14 18:00,6.770,0.016,0,0,0,0,v
2014-04-14 18:06,6.802,0.021,0,0,0,0,v
2014-04-14 18:12,6.822,0.016,0,0,0,0,v
2014-04-14 18:18,6.824,0.012,0,0,0,0,v
2014-04-14 18:24,6.828,0.016,0,0,0,0,v
2014-04-14 18:30,6.815,0.014,0,0,0,0,v
2014-04-14 18:36,6.812,0.016,0,0,0,0,v
2014-04-14 18:42,6.805,0.014,0,0,0,0,v
2014-04-14 18:48,6.789,0.017,0,0,0,0,v
2014-04-14 18:54,6.810,0.011,0,0,0,0,v
2014-04-14 19:00,6.805,0.014,0,0,0,0,v
2014-04-14 19:06,6.774,0.014,0,0,0,0,v
2014-04-14 19:12,6.772,0.017,0,0,0,0,v
2014-04-14 19:18,6.746,0.011,0,0,0,0,v
2014-04-14 19:24,6.698,0.010,0,0,0,0,v
2014-04-14 19:30,6.732,0.009,0,0,0,0,v
2014-04-14 19:36,6.734,0.014,0,0,0,0,v
2014-04-14 19:42,6.734,0.012,0,0,0,0,v
2014-04-14 19:48,6.687,0.011,0,0,0,0,v
2014-04-14 19:54,6.679,0.012,0,0,0,0,v
2014-04-14 20:00,6.681,0.009,0,0,0,0,v
2014-04-14 20:06,6.677,0.008,0,0,0,0,v
2014-04-14 20:12,6.669,0.013,0,0,0,0,v
2014-04-14 20:18,6.683,0.010,0,0,0,0,v
2014-04-14 20:24,6.653,0.010,0,0,0,0,v
2014-04-14 20:30,6.658,0.011,0,0,0,0,v
2014-04-14 20:36,6.655,0.013,0,0,0,0,v
2014-04-14 20:42,6.640,0.009,0,0,0,0,v
2014-04-14 20:48,6.651,0.013,0,0,0,0,v
2014-04-14 20:54,6.679,0.015,0,0,0,0,v
2014-04-14 21:00,6.650,0.008,0,0,0,0,v
2014-04-14 21:06,6.620,0.009,0,0,0,0,v
2014-04-14 21:12,6.598,0.013,0,0,0,0,v
2014-04-14 21:18,6.626,0.016,0,0,0,0,v
2014-04-14 21:24,6.610,0.015,0,0,0,0,v
2014-04-14 21:30,6.589,0.012,0,0,0,0,v
2014-04-14 21:36,6.571,0.011,0,0,0,0,v
2014-04-14 21:42,6.559,0.011,0,0,0,0,v
2014-04-14 21:48,6.567,0.012,0,0,0,0,v
2014-04-14 21:54,6.541,0.011,0,0,0,0,v
2014-04-14 22:00,6.529,0.014,0,0,0,0,v
2014-04-14 22:06,6.550,0.009,0,0,0,0,v
2014-04-14 22:12,6.562,0.011,0,0,0,0,v
2014-04-14 22:18,6.580,0.012,0,0,0,0,v
2014-04-14 22:24,6.622,0.010,0,0,0,0,v
2014-04-14 22:30,6.636,0.012,0,0,0,0,v
2014-04-14 22:36,6.615,0.010,0,0,0,0,v
2014-04-14 22:42,6.580,0.010,0,0,0,0,v
2014-04-14 22:48,6.564,0.017,0,0,0,0,v
2014-04-14 22:54,6.565,0.020,0,0,0,0,v
2014-04-14 23:00,6.574,0.014,0,0,0,0,v
2014-04-14 23:06,6.593,0.011,0,0,0,0,v
2014-04-14 23:12,6.609,0.016,0,0,0,0,v
2014-04-14 23:18,6.606,0.011,0,0,0,0,v
2014-04-14 23:24,6.619,0.011,0,0,0,0,v
2014-04-14 23:30,6.584,0.012,0,0,0,0,v
2014-04-14 23:36,6.582,0.011,0,0,0,0,v
2014-04-14 23:42,6.592,0.011,0,0,0,0,v
2014-04-14 23:48,6.594,0.015,0,0,0,0,v
2014-04-14 23:54,6.573,0.010,0,0,0,0,v
2014-04-15 00:00,6.578,0.016,0,0,0,0,v
2014-04-15 00:06,6.586,0.012,0,0,0,0,v
2014-04-15 00:12,6.598,0.017,0,0,0,0,v
2014-04-15 00:18,6.607,0.017,0,0,0,0,v
2014-04-15 00:24,6.576,0.014,0,0,0,0,v
2014-04-15 00:30,6.544,0.021,0,0,0,0,v
2014-04-15 00:36,6.560,0.023,0,0,0,0,v
2014-04-15 00:42,6.556,0.012,0,0,0,0,v
2014-04-15 00:48,6.563,0.011,0,0,0,0,v
2014-04-15 00:54,6.548,0.019,0,0,0,0,v
2014-04-15 01:00,6.537,0.011,0,0,0,0,v
2014-04-15 01:06,6.563,0.018,0,0,0,0,v
2014-04-15 01:12,6.530,0.012,0,0,0,0,v
2014-04-15 01:18,6.511,0.017,0,0,0,0,v
2014-04-15 01:24,6.504,0.023,0,0,0,0,v
2014-04-15 01:30,6.495,0.014,0,0,0,0,v
2014-04-15 01:36,6.463,0.011,0,0,0,0,v
2014-04-15 01:42,6.455,0.016,0,0,0,0,v
2014-04-15 01:48,6.460,0.013,0,0,0,0,v
2014-04-15 01:54,6.466,0.022,0,0,0,0,v
2014-04-15 02:00,6.469,0.020,0,0,0,0,v
2014-04-15 02:06,6.464,0.012,0,0,0,0,v
2014-04-15 02:12,6.492,0.014,0,0,0,0,v
2014-04-15 02:18,6.495,0.013,0,0,0,0,v
2014-04-15 02:24,6.495,0.011,0,0,0,0,v
2014-04-15 02:30,6.476,0.009,0,0,0,0,v
2014-04-15 02:36,6.510,0.017,0,0,0,0,v
2014-04-15 02:42,6.503,0.010,0,0,0,0,v
2014-04-15 02:48,6.480,0.016,0,0,0,0,v
2014-04-15 02:54,6.486,0.012,0,0,0,0,v
2014-04-15 03:00,6.474,0.012,0,0,0,0,v
2014-04-15 03:06,6.467,0.016,0,0,0,0,v
2014-04-15 03:12,6.508,0.012,0,0,0,0,v
2014-04-15 03:18,6.497,0.013,0,0,0,0,v
2014-04-15 03:24,6.479,0.012,0,0,0,0,v
2014-04-15 03:30,6.503,0.011,0,0,0,0,v
2014-04-15 03:36,6.519,0.012,0,0,0,0,v
2014-04-15 03:42,6.532,0.015,0,0,0,0,v
2014-04-15 03:48,6.529,0.014,0,0,0,0,v
2014-04-15 03:54,6.526,0.014,0,0,0,0,v
2014-04-15 04:00,6.527,0.013,0,0,0,0,v
2014-04-15 04:06,6.548,0.015,0,0,0,0,v
2014-04-15 04:12,6.535,0.011,0,0,0,0,v
2014-04-15 04:18,6.515,0.013,0,0,0,0,v
2014-04-15 04:24,6.547,0.017,0,0,0,0,v
2014-04-15 04:30,6.561,0.014,0,0,0,0,v
2014-04-15 04:36,6.575,0.018,0,0,0,0,v
2014-04-15 04:42,6.616,0.020,0,0,0,0,v
2014-04-15 04:48,6.615,0.013,0,0,0,0,v
2014-04-15 04:54,6.630,0.017,0,0,0,0,v
2014-04-15 05:00,6.610,0.020,0,0,0,0,v
2014-04-15 05:06,6.617,0.014,0,0,0,0,v
2014-04-15 05:12,6.623,0.012,0,0,0,0,v
2014-04-15 05:18,6.647,0.013,0,0,0,0,v
2014-04-15 05:24,6.642,0.012,0,0,0,0,v
2014-04-15 05:30,6.643,0.018,0,0,0,0,v
2014-04-15 05:36,6.643,0.011,0,0,0,0,v
2014-04-15 05:42,6.657,0.010,0,0,0,0,v
2014-04-15 05:48,6.648,0.018,0,0,0,0,v
2014-04-15 05:54,6.641,0.019,0,0,0,0,v
2014-04-15 06:00,6.650,0.012,0,0,0,0,v
2014-04-15 06:06,6.659,0.017,0,0,0,0,v
2014-04-15 06:12,6.685,0.018,0,0,0,0,v
2014-04-15 06:18,6.700,0.015,0,0,0,0,v
2014-04-15 06:24,6.691,0.012,0,0,0,0,v
2014-04-15 06:30,6.685,0.013,0,0,0,0,v
2014-04-15 06:36,6.658,0.014,0,0,0,0,v
2014-04-15 06:42,6.670,0.020,0,0,0,0,v
2014-04-15 06:48,6.684,0.020,0,0,0,0,v
2014-04-15 06:54,6.715,0.014,0,0,0,0,v
2014-04-15 07:00,6.744,0.015,0,0,0,0,v
2014-04-15 07:06,6.759,0.014,0,0,0,0,v
2014-04-15 07:12,6.766,0.014,0,0,0,0,v
2014-04-15 07:18,6.765,0.023,0,0,0,0,v
2014-04-15 07:24,6.793,0.023,0,0,0,0,v
2014-04-15 07:30,6.825,0.014,0,0,0,0,v
2014-04-15 07:36,6.830,0.018,0,0,0,0,v
2014-04-15 07:42,6.866,0.013,0,0,0,0,v
2014-04-15 07:48,6.828,0.016,0,0,0,0,v
2014-04-15 07:54,6.842,0.022,0,0,0,0,v
2014-04-15 08:00,6.869,0.019,0,0,0,0,v
2014-04-15 08:06,6.884,0.024,0,0,0,0,v
2014-04-15 08:12,6.916,0.014,0,0,0,0,v
2014-04-15 08:18,6.943,0.012,0,0,0,0,v
2014-04-15 08:24,6.948,0.015,0,0,0,0,v
2014-04-15 08:30,6.933,0.021,0,0,0,0,v
2014-04-15 08:36,6.961,0.014,0,0,0,0,v
2014-04-15 08:42,6.977,0.019,0,0,0,0,v
2014-04-15 08:48,6.951,0.020,0,0,0,0,v
2014-04-15 08:54,6.949,0.016,0,0,0,0,v
2014-04-15 09:00,6.946,0.020,0,0,0,0,v
2014-04-15 09:06,6.945,0.016,0,0,0,0,v
2014-04-15 09:12,6.944,0.017,0,0,0,0,v
2014-04-15 09:18,6.950,0.017,0,0,0,0,v
2014-04-15 09:24,6.930,0.020,0,0,0,0,v
2014-04-15 09:30,6.906,0.015,0,0,0,0,v
2014-04-15 09:36,6.903,0.022,0,0,0,0,v
2014-04-15 09:42,6.894,0.021,0,0,0,0,v
2014-04-15 09:48,6.897,0.013,0,0,0,0,v
2014-04-15 09:54,6.885,0.020,0,0,0,0,v
2014-04-15 10:00,6.902,0.015,0,0,0,0,v
2014-04-15 10:06,6.898,0.014,0,0,0,0,v
2014-04-15 10:12,6.923,0.024,0,0,0,0,v
2014-04-15 10:18,6.946,0.018,0,0,0,0,v
2014-04-15 10:24,6.936,0.013,0,0,0,0,v
2014-04-15 10:30,6.960,0.017,0,0,0,0,v
2014-04-15 10:36,6.983,0.014,0,0,0,0,v
2014-04-15 10:42,6.984,0.025,0,0,0,0,v
2014-04-15 10:48,7.005,0.024,0,0,0,0,v
2014-04-15 10:54,6.995,0.019,0,0,0,0,v
2014-04-15 11:00,6.980,0.021,0,0,0,0,v
2014-04-15 11:06,6.948,0.015,0,0,0,0,v
2014-04-15 11:12,6.922,0.011,0,0,0,0,v
2014-04-15 11:18,6.922,0.017,0,0,0,0,v
2014-04-15 11:24,6.916,0.016,0,0,0,0,v
2014-04-15 11:30,6.915,0.018,0,0,0,0,v
2014-04-15 11:36,6.905,0.017,0,0,0,0,v
2014-04-15 11:42,6.890,0.018,0,0,0,0,v
2014-04-15 11:48,6.887,0.015,0,0,0,0,v
2014-04-15 11:54,6.844,0.028,0,0,0,0,v
2014-04-15 12:00,6.835,0.024,0,0,0,0,v
2014-04-15 12:06,6.811,0.024,0,0,0,0,v
2014-04-15 12:12,6.792,0.019,0,0,0,0,v
2014-04-15 12:18,6.817,0.038,0,0,0,0,v
2014-04-15 12:24,6.795,0.024,0,0,0,0,v
2014-04-15 12:30,6.778,0.020,0,0,0,0,v
2014-04-15 12:36,6.767,0.020,0,0,0,0,v
2014-04-15 12:42,6.794,0.031,0,0,0,0,v
2014-04-15 12:48,6.760,0.025,0,0,0,0,v
2014-04-15 12:54,6.764,0.026,0,0,0,0,v
2014-04-15 13:00,6.767,0.021,0,0,0,0,v
2014-04-15 13:06,6.763,0.022,0,0,0,0,v
2014-04-15 13:12,6.748,0.026,0,0,0,0,v
2014-04-15 13:18,6.781,0.027,0,0,0,0,v
2014-04-15 13:24,6.786,0.037,0,0,0,0,v
2014-04-15 13:30,6.726,0.025,0,0,0,0,v
2014-04-15 13:36,6.796,0.014,0,0,0,0,v
2014-04-15 13:42,6.791,0.020,0,0,0,0,v
2014-04-15 13:48,6.796,0.020,0,0,0,0,v
2014-04-15 13:54,6.833,0.024,0,0,0,0,v
2014-04-15 14:00,6.855,0.027,0,0,0,0,v
2014-04-15 14:06,6.816,0.027,0,0,0,0,v
2014-04-15 14:12,6.791,0.022,0,0,0,0,v
2014-04-15 14:18,6.800,0.025,0,0,0,0,v
2014-04-15 14:24,6.824,0.029,0,0,0,0,v
2014-04-15 14:30,6.822,0.029,0,0,0,0,v
2014-04-15 14:36,6.748,0.022,0,0,0,0,v
2014-04-15 14:42,6.746,0.026,0,0,0,0,v
2014-04-15 14:48,6.733,0.033,0,0,0,0,v
2014-04-15 14:54,6.756,0.027,0,0,0,0,v
2014-04-15 15:00,6.703,0.019,0,0,0,0,v
2014-04-15 15:06,6.691,0.025,0,0,0,0,v
2014-04-15 15:12,6.701,0.027,0,0,0,0,v
2014-04-15 15:18,6.624,0.025,0,0,0,0,v
2014-04-15 15:24,6.680,0.023,0,0,0,0,v
2014-04-15 15:30,6.688,0.027,0,0,0,0,v
2014-04-15 15:36,6.715,0.027,0,0,0,0,v
2014-04-15 15:42,6.767,0.016,0,0,0,0,v
2014-04-15 15:48,6.742,0.018,0,0,0,0,v
2014-04-15 15:54,6.702,0.022,0,0,0,0,v
2014-04-15 16:00,6.713,0.027,0,0,0,0,v
2014-04-15 16:06,6.741,0.021,0,0,0,0,v
2014-04-15 16:12,6.726,0.022,0,0,0,0,v
2014-04-15 16:18,6.721,0.020,0,0,0,0,v
2014-04-15 16:24,6.706,0.012,0,0,0,0,v
2014-04-15 16:30,6.717,0.024,0,0,0,0,v
2014-04-15 16:36,6.726,0.024,0,0,0,0,v
2014-04-15 16:42,6.727,0.016,0,0,0,0,v
2014-04-15 16:48,6.746,0.015,0,0,0,0,v
2014-04-15 16:54,6.720,0.020,0,0,0,0,v
2014-04-15 17:00,6.747,0.025,0,0,0,0,v
2014-04-15 17:06,6.750,0.020,0,0,0,0,v
2014-04-15 17:12,6.732,0.028,0,0,0,0,v
2014-04-15 17:18,6.701,0.014,0,0,0,0,v
2014-04-15 17:24,6.675,0.017,0,0,0,0,v
2014-04-15 17:30,6.661,0.022,0,0,0,0,v
2014-04-15 17:36,6.655,0.016,0,0,0,0,v
2014-04-15 17:42,6.662,0.018,0,0,0,0,v
2014-04-15 17:48,6.661,0.020,0,0,0,0,v
2014-04-15 17:54,6.691,0.025,0,0,0,0,v
2014-04-15 18:00,6.690,0.018,0,0,0,0,v
2014-04-15 18:06,6.692,0.022,0,0,0,0,v
2014-04-15 18:12,6.674,0.023,0,0,0,0,v
2014-04-15 18:18,6.677,0.015,0,0,0,0,v
2014-04-15 18:24,6.652,0.022,0,0,0,0,v
2014-04-15 18:30,6.683,0.020,0,0,0,0,v
2014-04-15 18:36,6.658,0.025,0,0,0,0,v
2014-04-15 18:42,6.656,0.025,0,0,0,0,v
2014-04-15 18:48,6.680,0.013,0,0,0,0,v
2014-04-15 18:54,6.728,0.017,0,0,0,0,v
2014-04-15 19:00,6.722,0.024,0,0,0,0,v
2014-04-15 19:06,6.716,0.019,0,0,0,0,v
2014-04-15 19:12,6.679,0.013,0,0,0,0,v
2014-04-15 19:18,6.667,0.018,0,0,0,0,v
2014-04-15 19:24,6.670,0.016,0,0,0,0,v
2014-04-15 19:30,6.668,0.016,0,0,0,0,v
2014-04-15 19:36,6.691,0.016,0,0,0,0,v
2014-04-15 19:42,6.681,0.018,0,0,0,0,v
2014-04-15 19:48,6.660,0.018,0,0,0,0,v
2014-04-15 19:54,6.676,0.015,0,0,0,0,v
2014-04-15 20:00,6.664,0.026,0,0,0,0,v
2014-04-15 20:06,6.667,0.013,0,0,0,0,v
2014-04-15 20:12,6.692,0.018,0,0,0,0,v
2014-04-15 20:18,6.675,0.019,0,0,0,0,v
2014-04-15 20:24,6.695,0.018,0,0,0,0,v
2014-04-15 20:30,6.704,0.013,0,0,0,0,v
2014-04-15 20:36,6.679,0.012,0,0,0,0,v
2014-04-15 20:42,6.674,0.014,0,0,0,0,v
2014-04-15 20:48,6.667,0.017,0,0,0,0,v
2014-04-15 20:54,6.674,0.020,0,0,0,0,v
2014-04-15 21:00,6.715,0.013,0,0,0,0,v
2014-04-15 21:06,6.705,0.013,0,0,0,0,v
2014-04-15 21:12,6.688,0.014,0,0,0,0,v
2014-04-15 21:18,6.661,0.015,0,0,0,0,v
2014-04-15 21:24,6.696,0.011,0,0,0,0,v
2014-04-15 21:30,6.649,0.015,0,0,0,0,v
2014-04-15 21:36,6.652,0.012,0,0,0,0,v
2014-04-15 21:42,6.625,0.010,0,0,0,0,v
2014-04-15 21:48,6.622,0.011,0,0,0,0,v
2014-04-15 21:54,6.634,0.011,0,0,0,0,v
2014-04-15 22:00,6.618,0.009,0,0,0,0,v
2014-04-15 22:06,6.580,0.012,0,0,0,0,v
2014-04-15 22:12,6.606,0.012,0,0,0,0,v
2014-04-15 22:18,6.600,0.009,0,0,0,0,v
2014-04-15 22:24,6.588,0.011,0,0,0,0,v
2014-04-15 22:30,6.613,0.012,0,0,0,0,v
2014-04-15 22:36,6.586,0.012,0,0,0,0,v
2014-04-15 22:42,6.594,0.011,0,0,0,0,v
2014-04-15 22:48,6.556,0.013,0,0,0,0,v
2014-04-15 22:54,6.561,0.010,0,0,0,0,v
2014-04-15 23:00,6.537,0.012,0,0,0,0,v
2014-04-15 23:06,6.505,0.009,0,0,0,0,v
2014-04-15 23:12,6.507,0.011,0,0,0,0,v
2014-04-15 23:18,6.464,0.014,0,0,0,0,v
2014-04-15 23:24,6.476,0.013,0,0,0,0,v
2014-04-15 23:30,6.480,0.012,0,0,0,0,v
2014-04-15 23:36,6.477,0.017,0,0,0,0,v
2014-04-15 23:42,6.493,0.010,0,0,0,0,v
2014-04-15 23:48,6.488,0.013,0,0,0,0,v
2014-04-15 23:54,6.471,0.013,0,0,0,0,v
2014-04-16 00:00,6.478,0.011,0,0,0,0,v
2014-04-16 00:06,6.499,0.012,0,0,0,0,v
2014-04-16 00:12,6.471,0.011,0,0,0,0,v
2014-04-16 00:18,6.453,0.013,0,0,0,0,v
2014-04-16 00:24,6.452,0.011,0,0,0,0,v
2014-04-16 00:30,6.439,0.009,0,0,0,0,v
2014-04-16 00:36,6.407,0.015,0,0,0,0,v
2014-04-16 00:42,6.377,0.014,0,0,0,0,v
2014-04-16 00:48,6.377,0.009,0,0,0,0,v
2014-04-16 00:54,6.314,0.011,0,0,0,0,v
2014-04-16 01:00,6.322,0.010,0,0,0,0,v
2014-04-16 01:06,6.302,0.010,0,0,0,0,v
2014-04-16 01:12,6.295,0.008,0,0,0,0,v
2014-04-16 01:18,6.275,0.012,0,0,0,0,v
2014-04-16 01:24,6.275,0.012,0,0,0,0,v
2014-04-16 01:30,6.277,0.010,0,0,0,0,v
2014-04-16 01:36,6.336,0.019,0,0,0,0,v
2014-04-16 01:42,6.363,0.008,0,0,0,0,v
2014-04-16 01:48,6.364,0.012,0,0,0,0,v
2014-04-16 01:54,6.382,0.010,0,0,0,0,v
2014-04-16 02:00,6.409,0.017,0,0,0,0,v
2014-04-16 02:06,6.379,0.015,0,0,0,0,v
2014-04-16 02:12,6.366,0.009,0,0,0,0,v
2014-04-16 02:18,6.358,0.007,0,0,0,0,v
2014-04-16 02:24,6.377,0.009,0,0,0,0,v
2014-04-16 02:30,6.374,0.010,0,0,0,0,v
2014-04-16 02:36,6.366,0.011,0,0,0,0,v
2014-04-16 02:42,6.356,0.009,0,0,0,0,v
2014-04-16 02:48,6.373,0.013,0,0,0,0,v
2014-04-16 02:54,6.359,0.010,0,0,0,0,v
2014-04-16 03:00,6.331,0.012,0,0,0,0,v
2014-04-16 03:06,6.312,0.010,0,0,0,0,v
2014-04-16 03:12,6.307,0.008,0,0,0,0,v
2014-04-16 03:18,6.307,0.007,0,0,0,0,v
2014-04-16 03:24,6.328,0.012,0,0,0,0,v
2014-04-16 03:30,6.329,0.007,0,0,0,0,v
2014-04-16 03:36,6.355,0.008,0,0,0,0,v
2014-04-16 03:42,6.369,0.010,0,0,0,0,v
2014-04-16 03:48,6.380,0.010,0,0,0,0,v
2014-04-16 03:54,6.374,0.007,0,0,0,0,v
2014-04-16 04:00,6.374,0.010,0,0,0,0,v
2014-04-16 04:06,6.394,0.006,0,0,0,0,v
2014-04-16 04:12,6.397,0.007,0,0,0,0,v
2014-04-16 04:18,6.379,0.012,0,0,0,0,v
2014-04-16 04:24,6.382,0.010,0,0,0,0,v
2014-04-16 04:30,6.388,0.008,0,0,0,0,v
2014-04-16 04:36,6.403,0.014,0,0,0,0,v
2014-04-16 04:42,6.407,0.011,0,0,0,0,v
2014-04-16 04:48,6.398,0.011,0,0,0,0,v
2014-04-16 04:54,6.411,0.008,0,0,0,0,v
2014-04-16 05:00,6.398,0.010,0,0,0,0,v
2014-04-16 05:06,6.393,0.012,0,0,0,0,v
2014-04-16 05:12,6.408,0.007,0,0,0,0,v
2014-04-16 05:18,6.408,0.008,0,0,0,0,v
2014-04-16 05:24,6.393,0.007,0,0,0,0,v
2014-04-16 05:30,6.411,0.008,0,0,0,0,v
2014-04-16 05:36,6.408,0.008,0,0,0,0,v
2014-04-16 05:42,6.429,0.008,0,0,0,0,v
2014-04-16 05:48,6.450,0.011,0,0,0,0,v
2014-04-16 05:54,6.417,0.008,0,0,0,0,v
2014-04-16 06:00,6.419,0.009,0,0,0,0,v
2014-04-16 06:06,6.448,0.009,0,0,0,0,v
2014-04-16 06:12,6.490,0.009,0,0,0,0,v
2014-04-16 06:18,6.487,0.011,0,0,0,0,v
2014-04-16 06:24,6.519,0.009,0,0,0,0,v
2014-04-16 06:30,6.523,0.005,0,0,0,0,v
2014-04-16 06:36,6.535,0.008,0,0,0,0,v
2014-04-16 06:42,6.547,0.011,0,0,0,0,v
2014-04-16 06:48,6.572,0.008,0,0,0,0,v
2014-04-16 06:54,6.595,0.009,0,0,0,0,v
2014-04-16 07:00,6.625,0.008,0,0,0,0,v
2014-04-16 07:06,6.656,0.010,0,0,0,0,v
2014-04-16 07:12,6.668,0.008,0,0,0,0,v
2014-04-16 07:18,6.691,0.005,0,0,0,0,v
2014-04-16 07:24,6.707,0.005,0,0,0,0,v
2014-04-16 07:30,6.712,0.010,0,0,0,0,v
2014-04-16 07:36,6.718,0.006,0,0,0,0,v
2014-04-16 07:42,6.712,0.010,0,0,0,0,v
2014-04-16 07:48,6.727,0.007,0,0,0,0,v
2014-04-16 07:54,6.725,0.009,0,0,0,0,v
2014-04-16 08:00,6.733,0.011,0,0,0,0,v
2014-04-16 08:06,6.747,0.006,0,0,0,0,v
2014-04-16 08:12,6.751,0.009,0,0,0,0,v
2014-04-16 08:18,6.760,0.007,0,0,0,0,v
2014-04-16 08:24,6.764,0.015,0,0,0,0,v
2014-04-16 08:30,6.750,0.007,0,0,0,0,v
2014-04-16 08:36,6.753,0.008,0,0,0,0,v
2014-04-16 08:42,6.778,0.008,0,0,0,0,v
2014-04-16 08:48,6.771,0.008,0,0,0,0,v
2014-04-16 08:54,6.799,0.005,0,0,0,0,v
2014-04-16 09:00,6.790,0.009,0,0,0,0,v
2014-04-16 09:06,6.782,0.006,0,0,0,0,v
2014-04-16 09:12,6.812,0.008,0,0,0,0,v
2014-04-16 09:18,6.839,0.012,0,0,0,0,v
2014-04-16 09:24,6.829,0.007,0,0,0,0,v
2014-04-16 09:30,6.833,0.008,0,0,0,0,v
2014-04-16 09:36,6.833,0.006,0,0,0,0,v
2014-04-16 09:42,6.820,0.007,0,0,0,0,v
2014-04-16 09:48,6.808,0.007,0,0,0,0,v
2014-04-16 09:54,6.824,0.008,0,0,0,0,v
2014-04-16 10:00,6.809,0.007,0,0,0,0,v
2014-04-16 10:06,6.821,0.006,0,0,0,0,v
2014-04-16 10:12,6.811,0.006,0,0,0,0,v
2014-04-16 10:18,6.806,0.007,0,0,0,0,v
2014-04-16 10:24,6.835,0.009,0,0,0,0,v
2014-04-16 10:30,6.818,0.007,0,0,0,0,v
2014-04-16 10:36,6.841,0.011,0,0,0,0,v
2014-04-16 10:42,6.818,0.007,0,0,0,0,v
2014-04-16 10:48,6.806,0.007,0,0,0,0,v
2014-04-16 10:54,6.816,0.008,0,0,0,0,v
2014-04-16 11:00,6.824,0.005,0,0,0,0,v
2014-04-16 11:06,6.811,0.011,0,0,0,0,v
2014-04-16 11:12,6.835,0.008,0,0,0,0,v
2014-04-16 11:18,6.825,0.008,0,0,0,0,v
2014-04-16 11:24,6.814,0.008,0,0,0,0,v
2014-04-16 11:30,6.818,0.006,0,0,0,0,v
2014-04-16 11:36,6.823,0.006,0,0,0,0,v
2014-04-16 11:42,6.852,0.007,0,0,0,0,v
2014-04-16 11:48,6.860,0.005,0,0,0,0,v
2014-04-16 11:54,6.884,0.004,0,0,0,0,v
2014-04-16 12:00,6.869,0.009,0,0,0,0,v
2014-04-16 12:06,6.869,0.008,0,0,0,0,v
2014-04-16 12:12,6.882,0.007,0,0,0,0,v
2014-04-16 12:18,6.879,0.007,0,0,0,0,v
2014-04-16 12:24,6.870,0.008,0,0,0,0,v
2014-04-16 12:30,6.878,0.006,0,0,0,0,v
2014-04-16 12:36,6.871,0.006,0,0,0,0,v
2014-04-16 12:42,6.871,0.009,0,0,0,0,v
2014-04-16 12:48,6.841,0.008,0,0,0,0,v
2014-04-16 12:54,6.840,0.006,0,0,0,0,v
2014-04-16 13:00,6.844,0.011,0,0,0,0,v
2014-04-16 13:06,6.812,0.007,0,0,0,0,v
2014-04-16 13:12,6.839,0.007,0,0,0,0,v
2014-04-16 13:18,6.833,0.006,0,0,0,0,v
2014-04-16 13:24,6.820,0.007,0,0,0,0,v
2014-04-16 13:30,6.822,0.011,0,0,0,0,v
2014-04-16 13:36,6.840,0.010,0,0,0,0,v
2014-04-16 13:42,6.820,0.009,0,0,0,0,v
2014-04-16 13:48,6.810,0.010,0,0,0,0,v
2014-04-16 13:54,6.787,0.006,0,0,0,0,v
2014-04-16 14:00,6.788,0.009,0,0,0,0,v
2014-04-16 14:06,6.794,0.006,0,0,0,0,v
2014-04-16 14:12,6.837,0.007,0,0,0,0,v
2014-04-16 14:18,6.801,0.005,0,0,0,0,v
2014-04-16 14:24,6.771,0.008,0,0,0,0,v
2014-04-16 14:30,6.752,0.007,0,0,0,0,v
2014-04-16 14:36,6.753,0.007,0,0,0,0,v
2014-04-16 14:42,6.754,0.007,0,0,0,0,v
2014-04-16 14:48,6.767,0.007,0,0,0,0,v
2014-04-16 14:54,6.752,0.010,0,0,0,0,v
2014-04-16 15:00,6.740,0.008,0,0,0,0,v
2014-04-16 15:06,6.748,0.007,0,0,0,0,v
2014-04-16 15:12,6.752,0.008,0,0,0,0,v
2014-04-16 15:18,6.742,0.011,0,0,0,0,v
2014-04-16 15:24,6.745,0.008,0,0,0,0,v
2014-04-16 15:30,6.738,0.006,0,0,0,0,v
2014-04-16 15:36,6.734,0.007,0,0,0,0,v
2014-04-16 15:42,6.738,0.007,0,0,0,0,v
2014-04-16 15:48,6.723,0.006,0,0,0,0,v
2014-04-16 15:54,6.710,0.008,0,0,0,0,v
2014-04-16 16:00,6.704,0.007,0,0,0,0,v
2014-04-16 16:06,6.712,0.007,0,0,0,0,v
2014-04-16 16:12,6.693,0.007,0,0,0,0,v
2014-04-16 16:18,6.702,0.006,0,0,0,0,v
2014-04-16 16:24,6.733,0.010,0,0,0,0,v
2014-04-16 16:30,6.723,0.009,0,0,0,0,v
2014-04-16 16:36,6.734,0.006,0,0,0,0,v
2014-04-16 16:42,6.758,0.005,0,0,0,0,v
2014-04-16 16:48,6.756,0.009,0,0,0,0,v
2014-04-16 16:54,6.757,0.005,0,0,0,0,v
2014-04-16 17:00,6.735,0.008,0,0,0,0,v
2014-04-16 17:06,6.789,0.007,0,0,0,0,v
2014-04-16 17:12,6.779,0.006,0,0,0,0,v
2014-04-16 17:18,6.788,0.005,0,0,0,0,v
2014-04-16 17:24,6.791,0.007,0,0,0,0,v
2014-04-16 17:30,6.802,0.007,0,0,0,0,v
2014-04-16 17:36,6.800,0.009,0,0,0,0,v
2014-04-16 17:42,6.786,0.005,0,0,0,0,v
2014-04-16 17:48,6.798,0.007,0,0,0,0,v
2014-04-16 17:54,6.777,0.008,0,0,0,0,v
2014-04-16 18:00,6.770,0.007,0,0,0,0,v
2014-04-16 18:06,6.763,0.006,0,0,0,0,v
2014-04-16 18:12,6.770,0.010,0,0,0,0,v
2014-04-16 18:18,6.753,0.006,0,0,0,0,v
2014-04-16 18:24,6.782,0.007,0,0,0,0,v
2014-04-16 18:30,6.756,0.007,0,0,0,0,v
2014-04-16 18:36,6.760,0.007,0,0,0,0,v
2014-04-16 18:42,6.761,0.006,0,0,0,0,v
2014-04-16 18:48,6.742,0.007,0,0,0,0,v
2014-04-16 18:54,6.753,0.007,0,0,0,0,v
2014-04-16 19:00,6.751,0.005,0,0,0,0,v
2014-04-16 19:06,6.748,0.007,0,0,0,0,v
2014-04-16 19:12,6.766,0.009,0,0,0,0,v
2014-04-16 19:18,6.746,0.008,0,0,0,0,v
2014-04-16 19:24,6.763,0.007,0,0,0,0,v
2014-04-16 19:30,6.746,0.006,0,0,0,0,v
2014-04-16 19:36,6.749,0.006,0,0,0,0,v
2014-04-16 19:42,6.755,0.010,0,0,0,0,v
2014-04-16 19:48,6.740,0.010,0,0,0,0,v
2014-04-16 19:54,6.734,0.005,0,0,0,0,v
2014-04-16 20:00,6.754,0.005,0,0,0,0,v
2014-04-16 20:06,6.737,0.007,0,0,0,0,v
2014-04-16 20:12,6.751,0.007,0,0,0,0,v
2014-04-16 20:18,6.749,0.005,0,0,0,0,v
2014-04-16 20:24,6.738,0.009,0,0,0,0,v
2014-04-16 20:30,6.738,0.010,0,0,0,0,v
2014-04-16 20:36,6.777,0.005,0,0,0,0,v
2014-04-16 20:42,6.769,0.008,0,0,0,0,v
2014-04-16 20:48,6.765,0.010,0,0,0,0,v
2014-04-16 20:54,6.761,0.007,0,0,0,0,v
2014-04-16 21:00,6.774,0.006,0,0,0,0,v
2014-04-16 21:06,6.758,0.005,0,0,0,0,v
2014-04-16 21:12,6.770,0.007,0,0,0,0,v
2014-04-16 21:18,6.754,0.008,0,0,0,0,v
2014-04-16 21:24,6.738,0.007,0,0,0,0,v
2014-04-16 21:30,6.753,0.006,0,0,0,0,v
2014-04-16 21:36,6.757,0.008,0,0,0,0,v
2014-04-16 21:42,6.726,0.009,0,0,0,0,v
2014-04-16 21:48,6.727,0.008,0,0,0,0,v
2014-04-16 21:54,6.730,0.006,0,0,0,0,v
2014-04-16 22:00,6.738,0.007,0,0,0,0,v
2014-04-16 22:06,6.728,0.007,0,0,0,0,v
2014-04-16 22:12,6.720,0.006,0,0,0,0,v
2014-04-16 22:18,6.705,0.006,0,0,0,0,v
2014-04-16 22:24,6.721,0.007,0,0,0,0,v
2014-04-16 22:30,6.701,0.006,0,0,0,0,v
2014-04-16 22:36,6.714,0.006,0,0,0,0,v
2014-04-16 22:42,6.688,0.014,0,0,0,0,v
2014-04-16 22:48,6.718,0.006,0,0,0,0,v
2014-04-16 22:54,6.717,0.005,0,0,0,0,v
2014-04-16 23:00,6.677,0.008,0,0,0,0,v
2014-04-16 23:06,6.670,0.005,0,0,0,0,v
2014-04-16 23:12,6.643,0.006,0,0,0,0,v
2014-04-16 23:18,6.634,0.005,0,0,0,0,v
2014-04-16 23:24,6.633,0.005,0,0,0,0,v
2014-04-16 23:30,6.617,0.007,0,0,0,0,v
2014-04-16 23:36,6.605,0.008,0,0,0,0,v
2014-04-16 23:42,6.582,0.007,0,0,0,0,v
2014-04-16 23:48,6.579,0.009,0,0,0,0,v
2014-04-16 23:54,6.588,0.005,0,0,0,0,v
2014-04-17 00:00,6.561,0.005,0,0,0,0,v
2014-04-17 00:06,6.540,0.005,0,0,0,0,v
2014-04-17 00:12,6.566,0.005,0,0,0,0,v
2014-04-17 00:18,6.555,0.007,0,0,0,0,v
2014-04-17 00:24,6.546,0.007,0,0,0,0,v
2014-04-17 00:30,6.517,0.007,0,0,0,0,v
2014-04-17 00:36,6.518,0.004,0,0,0,0,v
2014-04-17 00:42,6.510,0.007,0,0,0,0,v
2014-04-17 00:48,6.534,0.005,0,0,0,0,v
2014-04-17 00:54,6.546,0.006,0,0,0,0,v
2014-04-17 01:00,6.548,0.008,0,0,0,0,v
2014-04-17 01:06,6.557,0.007,0,0,0,0,v
2014-04-17 01:12,6.532,0.004,0,0,0,0,v
2014-04-17 01:18,6.519,0.005,0,0,0,0,v
2014-04-17 01:24,6.522,0.005,0,0,0,0,v
2014-04-17 01:30,6.522,0.006,0,0,0,0,v
2014-04-17 01:36,6.501,0.009,0,0,0,0,v
2014-04-17 01:42,6.498,0.006,0,0,0,0,v
2014-04-17 01:48,6.502,0.006,0,0,0,0,v
2014-04-17 01:54,6.491,0.005,0,0,0,0,v
2014-04-17 02:00,6.479,0.005,0,0,0,0,v
2014-04-17 02:06,6.471,0.005,0,0,0,0,v
2014-04-17 02:12,6.467,0.006,0,0,0,0,v
2014-04-17 02:18,6.491,0.005,0,0,0,0,v
2014-04-17 02:24,6.493,0.006,0,0,0,0,v
2014-04-17 02:30,6.471,0.007,0,0,0,0,v
2014-04-17 02:36,6.479,0.005,0,0,0,0,v
2014-04-17 02:42,6.468,0.005,0,0,0,0,v
2014-04-17 02:48,6.469,0.005,0,0,0,0,v
2014-04-17 02:54,6.474,0.005,0,0,0,0,v
2014-04-17 03:00,6.456,0.005,0,0,0,0,v
2014-04-17 03:06,6.470,0.006,0,0,0,0,v
2014-04-17 03:12,6.458,0.006,0,0,0,0,v
2014-04-17 03:18,6.477,0.006,0,0,0,0,v
2014-04-17 03:24,6.501,0.007,0,0,0,0,v
2014-04-17 03:30,6.492,0.005,0,0,0,0,v
2014-04-17 03:36,6.492,0.008,0,0,0,0,v
2014-04-17 03:42,6.497,0.006,0,0,0,0,v
2014-04-17 03:48,6.516,0.006,0,0,0,0,v
2014-04-17 03:54,6.485,0.010,0,0,0,0,v
2014-04-17 04:00,6.515,0.014,0,0,0,0,v
2014-04-17 04:06,6.513,0.005,0,0,0,0,v
2014-04-17 04:12,6.513,0.005,0,0,0,0,v
2014-04-17 04:18,6.488,0.008,0,0,0,0,v
2014-04-17 04:24,6.510,0.007,0,0,0,0,v
2014-04-17 04:30,6.529,0.008,0,0,0,0,v
2014-04-17 04:36,6.527,0.007,0,0,0,0,v
2014-04-17 04:42,6.498,0.005,0,0,0,0,v
2014-04-17 04:48,6.548,0.006,0,0,0,0,v
2014-04-17 04:54,6.536,0.006,0,0,0,0,v
2014-04-17 05:00,6.562,0.006,0,0,0,0,v
2014-04-17 05:06,6.569,0.005,0,0,0,0,v
2014-04-17 05:12,6.574,0.005,0,0,0,0,v
2014-04-17 05:18,6.578,0.005,0,0,0,0,v
2014-04-17 05:24,6.553,0.007,0,0,0,0,v
2014-04-17 05:30,6.524,0.004,0,0,0,0,v
2014-04-17 05:36,6.553,0.005,0,0,0,0,v
2014-04-17 05:42,6.575,0.006,0,0,0,0,v
2014-04-17 05:48,6.576,0.006,0,0,0,0,v
2014-04-17 05:54,6.650,0.006,0,0,0,0,v
2014-04-17 06:00,6.653,0.005,0,0,0,0,v
2014-04-17 06:06,6.661,0.007,0,0,0,0,v
2014-04-17 06:12,6.693,0.005,0,0,0,0,v
2014-04-17 06:18,6.674,0.005,0,0,0,0,v
2014-04-17 06:24,6.658,0.007,0,0,0,0,v
2014-04-17 06:30,6.697,0.005,0,0,0,0,v
2014-04-17 06:36,6.698,0.006,0,0,0,0,v
2014-04-17 06:42,6.719,0.005,0,0,0,0,v
2014-04-17 06:48,6.743,0.008,0,0,0,0,v
2014-04-17 06:54,6.747,0.006,0,0,0,0,v
2014-04-17 07:00,6.730,0.006,0,0,0,0,v
2014-04-17 07:06,6.762,0.007,0,0,0,0,v
2014-04-17 07:12,6.786,0.008,0,0,0,0,v
2014-04-17 07:18,6.783,0.007,0,0,0,0,v
2014-04-17 07:24,6.825,0.007,0,0,0,0,v
2014-04-17 07:30,6.854,0.005,0,0,0,0,v
2014-04-17 07:36,6.860,0.006,0,0,0,0,v
2014-04-17 07:42,6.858,0.008,0,0,0,0,v
2014-04-17 07:48,6.831,0.008,0,0,0,0,v
2014-04-17 07:54,6.880,0.007,0,0,0,0,v
2014-04-17 08:00,6.880,0.009,0,0,0,0,v
2014-04-17 08:06,6.866,0.006,0,0,0,0,v
2014-04-17 08:12,6.848,0.007,0,0,0,0,v
2014-04-17 08:18,6.846,0.013,0,0,0,0,v
2014-04-17 08:24,6.933,0.009,0,0,0,0,v
2014-04-17 08:30,6.876,0.011,0,0,0,0,v
2014-04-17 08:36,6.893,0.012,0,0,0,0,v
2014-04-17 08:42,6.907,0.010,0,0,0,0,v
2014-04-17 08:48,6.907,0.009,0,0,0,0,v
2014-04-17 08:54,6.898,0.007,0,0,0,0,v
2014-04-17 09:00,6.941,0.004,0,0,0,0,v
2014-04-17 09:06,6.950,0.005,0,0,0,0,v
2014-04-17 09:12,6.953,0.005,0,0,0,0,v
2014-04-17 09:18,6.947,0.007,0,0,0,0,v
2014-04-17 09:24,6.986,0.010,0,0,0,0,v
2014-04-17 09:30,6.991,0.008,0,0,0,0,v
2014-04-17 09:36,6.974,0.014,0,0,0,0,v
2014-04-17 09:42,6.997,0.006,0,0,0,0,v
2014-04-17 09:48,7.007,0.009,0,0,0,0,v
2014-04-17 09:54,7.000,0.006,0,0,0,0,v
2014-04-17 10:00,6.992,0.011,0,0,0,0,v
2014-04-17 10:06,7.039,0.006,0,0,0,0,v
2014-04-17 10:12,6.997,0.008,0,0,0,0,v
2014-04-17 10:18,7.018,0.011,0,0,0,0,v
2014-04-17 10:24,7.044,0.008,0,0,0,0,v
2014-04-17 10:30,7.048,0.008,0,0,0,0,v
2014-04-17 10:36,7.019,0.007,0,0,0,0,v
2014-04-17 10:42,7.050,0.010,0,0,0,0,v
2014-04-17 10:48,7.043,0.008,0,0,0,0,v
2014-04-17 10:54,7.025,0.012,0,0,0,0,v
2014-04-17 11:00,7.062,0.011,0,0,0,0,v
2014-04-17 11:06,7.053,0.008,0,0,0,0,v
2014-04-17 11:12,7.076,0.009,0,0,0,0,v
2014-04-17 11:18,7.118,0.008,0,0,0,0,v
2014-04-17 11:24,7.063,0.008,0,0,0,0,v
2014-04-17 11:30,7.047,0.008,0,0,0,0,v
2014-04-17 11:36,7.048,0.011,0,0,0,0,v
2014-04-17 11:42,7.081,0.008,0,0,0,0,v
2014-04-17 11:48,7.123,0.007,0,0,0,0,v
2014-04-17 11:54,7.073,0.008,0,0,0,0,v
2014-04-17 12:00,7.087,0.008,0,0,0,0,v
2014-04-17 12:06,7.070,0.009,0,0,0,0,v
2014-04-17 12:12,7.062,0.008,0,0,0,0,v
2014-04-17 12:18,7.064,0.010,0,0,0,0,v
2014-04-17 12:24,7.061,0.010,0,0,0,0,v
2014-04-17 12:30,7.057,0.011,0,0,0,0,v
2014-04-17 12:36,7.025,0.008,0,0,0,0,v
2014-04-17 12:42,7.074,0.013,0,0,0,0,v
2014-04-17 12:48,7.044,0.009,0,0,0,0,v
2014-04-17 12:54,7.026,0.009,0,0,0,0,v
2014-04-17 13:00,7.037,0.012,0,0,0,0,v
2014-04-17 13:06,7.026,0.009,0,0,0,0,v
2014-04-17 13:12,7.057,0.009,0,0,0,0,v
2014-04-17 13:18,7.036,0.009,0,0,0,0,v
2014-04-17 13:24,7.007,0.011,0,0,0,0,v
2014-04-17 13:30,7.055,0.008,0,0,0,0,v
2014-04-17 13:36,7.024,0.011,0,0,0,0,v
2014-04-17 13:42,7.023,0.008,0,0,0,0,v
2014-04-17 13:48,7.010,0.009,0,0,0,0,v
2014-04-17 13:54,7.016,0.009,0,0,0,0,v
2014-04-17 14:00,6.983,0.008,0,0,0,0,v
2014-04-17 14:06,7.010,0.013,0,0,0,0,v
2014-04-17 14:12,6.979,0.011,0,0,0,0,v
2014-04-17 14:18,6.964,0.009,0,0,0,0,v
2014-04-17 14:24,6.951,0.008,0,0,0,0,v
2014-04-17 14:30,6.968,0.012,0,0,0,0,v
2014-04-17 14:36,6.966,0.009,0,0,0,0,v
2014-04-17 14:42,6.990,0.008,0,0,0,0,v
2014-04-17 14:48,6.982,0.009,0,0,0,0,v
2014-04-17 14:54,6.972,0.008,0,0,0,0,v
2014-04-17 15:00,6.995,0.009,0,0,0,0,v
2014-04-17 15:06,6.971,0.009,0,0,0,0,v
2014-04-17 15:12,6.991,0.013,0,0,0,0,v
2014-04-17 15:18,6.985,0.012,0,0,0,0,v
2014-04-17 15:24,6.987,0.008,0,0,0,0,v
2014-04-17 15:30,7.000,0.010,0,0,0,0,v
2014-04-17 15:36,6.942,0.010,0,0,0,0,v
2014-04-17 15:42,6.926,0.012,0,0,0,0,v
2014-04-17 15:48,6.917,0.010,0,0,0,0,v
2014-04-17 15:54,6.946,0.010,0,0,0,0,v
2014-04-17 16:00,6.983,0.010,0,0,0,0,v
2014-04-17 16:06,6.972,0.009,0,0,0,0,v
2014-04-17 16:12,6.961,0.010,0,0,0,0,v
2014-04-17 16:18,6.965,0.009,0,0,0,0,v
2014-04-17 16:24,6.966,0.008,0,0,0,0,v
2014-04-17 16:30,6.959,0.012,0,0,0,0,v
2014-04-17 16:36,6.945,0.020,0,0,0,0,v
2014-04-17 16:42,7.002,0.010,0,0,0,0,v
2014-04-17 16:48,6.993,0.008,0,0,0,0,v
2014-04-17 16:54,6.989,0.010,0,0,0,0,v
2014-04-17 17:00,6.960,0.012,0,0,0,0,v
2014-04-17 17:06,6.973,0.008,0,0,0,0,v
2014-04-17 17:12,6.948,0.010,0,0,0,0,v
2014-04-17 17:18,6.931,0.007,0,0,0,0,v
2014-04-17 17:24,6.953,0.007,0,0,0,0,v
2014-04-17 17:30,6.927,0.006,0,0,0,0,v
2014-04-17 17:36,6.896,0.008,0,0,0,0,v
2014-04-17 17:42,6.919,0.010,0,0,0,0,v
2014-04-17 17:48,6.935,0.007,0,0,0,0,v
2014-04-17 17:54,6.906,0.007,0,0,0,0,v
2014-04-17 18:00,6.911,0.006,0,0,0,0,v
2014-04-17 18:06,6.934,0.008,0,0,0,0,v
2014-04-17 18:12,6.938,0.010,0,0,0,0,v
2014-04-17 18:18,6.941,0.009,0,0,0,0,v
2014-04-17 18:24,6.935,0.009,0,0,0,0,v
2014-04-17 18:30,6.894,0.007,0,0,0,0,v
2014-04-17 18:36,6.921,0.010,0,0,0,0,v
2014-04-17 18:42,6.948,0.008,0,0,0,0,v
2014-04-17 18:48,6.923,0.009,0,0,0,0,v
2014-04-17 18:54,6.908,0.006,0,0,0,0,v
2014-04-17 19:00,6.912,0.012,0,0,0,0,v
2014-04-17 19:06,6.950,0.008,0,0,0,0,v
2014-04-17 19:12,6.919,0.008,0,0,0,0,v
2014-04-17 19:18,6.935,0.008,0,0,0,0,v
2014-04-17 19:24,6.949,0.008,0,0,0,0,v
2014-04-17 19:30,6.916,0.009,0,0,0,0,v
2014-04-17 19:36,6.920,0.007,0,0,0,0,v
2014-04-17 19:42,6.912,0.006,0,0,0,0,v
2014-04-17 19:48,6.893,0.007,0,0,0,0,v
2014-04-17 19:54,6.902,0.008,0,0,0,0,v
2014-04-17 20:00,6.883,0.007,0,0,0,0,v
2014-04-17 20:06,6.926,0.005,0,0,0,0,v
2014-04-17 20:12,6.937,0.005,0,0,0,0,v
2014-04-17 20:18,6.928,0.006,0,0,0,0,v
2014-04-17 20:24,6.907,0.009,0,0,0,0,v
2014-04-17 20:30,6.924,0.007,0,0,0,0,v
2014-04-17 20:36,6.918,0.007,0,0,0,0,v
2014-04-17 20:42,6.913,0.009,0,0,0,0,v
2014-04-17 20:48,6.952,0.008,0,0,0,0,v
2014-04-17 20:54,6.931,0.011,0,0,0,0,v
2014-04-17 21:00,6.900,0.007,0,0,0,0,v
2014-04-17 21:06,6.930,0.009,0,0,0,0,v
2014-04-17 21:12,6.968,0.010,0,0,0,0,v
2014-04-17 21:18,6.930,0.007,0,0,0,0,v
2014-04-17 21:24,6.940,0.008,0,0,0,0,v
2014-04-17 21:30,6.872,0.007,0,0,0,0,v
2014-04-17 21:36,6.877,0.007,0,0,0,0,v
2014-04-17 21:42,6.865,0.014,0,0,0,0,v
2014-04-17 21:48,6.894,0.007,0,0,0,0,v
2014-04-17 21:54,6.883,0.009,0,0,0,0,v
2014-04-17 22:00,6.893,0.008,0,0,0,0,v
2014-04-17 22:06,6.874,0.008,0,0,0,0,v
2014-04-17 22:12,6.881,0.010,0,0,0,0,v
2014-04-17 22:18,6.848,0.009,0,0,0,0,v
2014-04-17 22:24,6.849,0.010,0,0,0,0,v
2014-04-17 22:30,6.821,0.007,0,0,0,0,v
2014-04-17 22:36,6.806,0.007,0,0,0,0,v
2014-04-17 22:42,6.809,0.007,0,0,0,0,v
2014-04-17 22:48,6.833,0.008,0,0,0,0,v
2014-04-17 22:54,6.836,0.011,0,0,0,0,v
2014-04-17 23:00,6.831,0.008,0,0,0,0,v
2014-04-17 23:06,6.856,0.008,0,0,0,0,v
2014-04-17 23:12,6.781,0.012,0,0,0,0,v
2014-04-17 23:18,6.785,0.008,0,0,0,0,v
2014-04-17 23:24,6.799,0.009,0,0,0,0,v
2014-04-17 23:30,6.835,0.007,0,0,0,0,v
2014-04-17 23:36,6.785,0.007,0,0,0,0,v
2014-04-17 23:42,6.822,0.007,0,0,0,0,v
2014-04-17 23:48,6.762,0.013,0,0,0,0,v
2014-04-17 23:54,6.769,0.009,0,0,0,0,v
2014-04-18 00:00,6.754,0.007,0,0,0,0,v
2014-04-18 00:06,6.729,0.011,0,0,0,0,v
2014-04-18 00:12,6.754,0.009,0,0,0,0,v
2014-04-18 00:18,6.742,0.013,0,0,0,0,v
2014-04-18 00:24,6.720,0.007,0,0,0,0,v
2014-04-18 00:30,6.734,0.008,0,0,0,0,v
2014-04-18 00:36,6.700,0.015,0,0,0,0,v
2014-04-18 00:42,6.687,0.009,0,0,0,0,v
2014-04-18 00:48,6.612,0.008,0,0,0,0,v
2014-04-18 00:54,6.595,0.008,0,0,0,0,v
2014-04-18 01:00,6.586,0.009,0,0,0,0,v
2014-04-18 01:06,6.607,0.008,0,0,0,0,v
2014-04-18 01:12,6.595,0.010,0,0,0,0,v
2014-04-18 01:18,6.579,0.008,0,0,0,0,v
2014-04-18 01:24,6.583,0.010,0,0,0,0,v
2014-04-18 01:30,6.594,0.008,0,0,0,0,v
2014-04-18 01:36,6.614,0.010,0,0,0,0,v
2014-04-18 01:42,6.598,0.009,0,0,0,0,v
2014-04-18 01:48,6.608,0.007,0,0,0,0,v
2014-04-18 01:54,6.589,0.014,0,0,0,0,v
2014-04-18 02:00,6.552,0.011,0,0,0,0,v
2014-04-18 02:06,6.551,0.013,0,0,0,0,v
2014-04-18 02:12,6.590,0.011,0,0,0,0,v
2014-04-18 02:18,6.582,0.011,0,0,0,0,v
2014-04-18 02:24,6.577,0.010,0,0,0,0,v
2014-04-18 02:30,6.568,0.008,0,0,0,0,v
2014-04-18 02:36,6.565,0.011,0,0,0,0,v
2014-04-18 02:42,6.566,0.008,0,0,0,0,v
2014-04-18 02:48,6.540,0.011,0,0,0,0,v
2014-04-18 02:54,6.549,0.012,0,0,0,0,v
2014-04-18 03:00,6.570,0.010,0,0,0,0,v
2014-04-18 03:06,6.577,0.008,0,0,0,0,v
2014-04-18 03:12,6.565,0.008,0,0,0,0,v
2014-04-18 03:18,6.548,0.009,0,0,0,0,v
2014-04-18 03:24,6.515,0.009,0,0,0,0,v
2014-04-18 03:30,6.546,0.011,0,0,0,0,v
2014-04-18 03:36,6.542,0.009,0,0,0,0,v
2014-04-18 03:42,6.524,0.012,0,0,0,0,v
2014-04-18 03:48,6.513,0.009,0,0,0,0,v
2014-04-18 03:54,6.528,0.010,0,0,0,0,v
2014-04-18 04:00,6.541,0.011,0,0,0,0,v
2014-04-18 04:06,6.551,0.013,0,0,0,0,v
2014-04-18 04:12,6.535,0.017,0,0,0,0,v
2014-04-18 04:18,6.522,0.012,0,0,0,0,v
2014-04-18 04:24,6.511,0.018,0,0,0,0,v
2014-04-18 04:30,6.522,0.008,0,0,0,0,v
2014-04-18 04:36,6.525,0.010,0,0,0,0,v
2014-04-18 04:42,6.536,0.009,0,0,0,0,v
2014-04-18 04:48,6.495,0.013,0,0,0,0,v
2014-04-18 04:54,6.501,0.011,0,0,0,0,v
2014-04-18 05:00,6.486,0.010,0,0,0,0,v
2014-04-18 05:06,6.523,0.011,0,0,0,0,v
2014-04-18 05:12,6.549,0.012,0,0,0,0,v
2014-04-18 05:18,6.538,0.018,0,0,0,0,v
2014-04-18 05:24,6.523,0.012,0,0,0,0,v
2014-04-18 05:30,6.521,0.011,0,0,0,0,v
2014-04-18 05:36,6.551,0.009,0,0,0,0,v
2014-04-18 05:42,6.548,0.012,0,0,0,0,v
2014-04-18 05:48,6.548,0.010,0,0,0,0,v
2014-04-18 05:54,6.532,0.015,0,0,0,0,v
2014-04-18 06:00,6.509,0.012,0,0,0,0,v
2014-04-18 06:06,6.535,0.011,0,0,0,0,v
2014-04-18 06:12,6.531,0.013,0,0,0,0,v
2014-04-18 06:18,6.541,0.011,0,0,0,0,v
2014-04-18 06:24,6.563,0.016,0,0,0,0,v
2014-04-18 06:30,6.590,0.012,0,0,0,0,v
2014-04-18 06:36,6.604,0.011,0,0,0,0,v
2014-04-18 06:42,6.570,0.012,0,0,0,0,v
2014-04-18 06:48,6.595,0.011,0,0,0,0,v
2014-04-18 06:54,6.605,0.017,0,0,0,0,v
2014-04-18 07:00,6.635,0.010,0,0,0,0,v
2014-04-18 07:06,6.638,0.010,0,0,0,0,v
2014-04-18 07:12,6.643,0.009,0,0,0,0,v
2014-04-18 07:18,6.654,0.013,0,0,0,0,v
2014-04-18 07:24,6.672,0.011,0,0,0,0,v
2014-04-18 07:30,6.677,0.010,0,0,0,0,v
2014-04-18 07:36,6.659,0.010,0,0,0,0,v
2014-04-18 07:42,6.692,0.009,0,0,0,0,v
2014-04-18 07:48,6.701,0.015,0,0,0,0,v
2014-04-18 07:54,6.686,0.015,0,0,0,0,v
2014-04-18 08:00,6.719,0.016,0,0,0,0,v
2014-04-18 08:06,6.745,0.009,0,0,0,0,v
2014-04-18 08:12,6.723,0.010,0,0,0,0,v
2014-04-18 08:18,6.723,0.011,0,0,0,0,v
2014-04-18 08:24,6.774,0.015,0,0,0,0,v
2014-04-18 08:30,6.784,0.012,0,0,0,0,v
2014-04-18 08:36,6.771,0.013,0,0,0,0,v
2014-04-18 08:42,6.784,0.015,0,0,0,0,v
2014-04-18 08:48,6.782,0.013,0,0,0,0,v
2014-04-18 08:54,6.783,0.009,0,0,0,0,v
2014-04-18 09:00,6.815,0.017,0,0,0,0,v
2014-04-18 09:06,6.856,0.017,0,0,0,0,v
2014-04-18 09:12,6.856,0.014,0,0,0,0,v
2014-04-18 09:18,6.864,0.016,0,0,0,0,v
2014-04-18 09:24,6.841,0.012,0,0,0,0,v
2014-04-18 09:30,6.853,0.012,0,0,0,0,v
2014-04-18 09:36,6.878,0.012,0,0,0,0,v
2014-04-18 09:42,6.876,0.015,0,0,0,0,v
2014-04-18 09:48,6.899,0.015,0,0,0,0,v
2014-04-18 09:54,6.896,0.011,0,0,0,0,v
2014-04-18 10:00,6.893,0.016,0,0,0,0,v
2014-04-18 10:06,6.907,0.012,0,0,0,0,v
2014-04-18 10:12,6.932,0.014,0,0,0,0,v
2014-04-18 10:18,6.935,0.010,0,0,0,0,v
2014-04-18 10:24,6.957,0.012,0,0,0,0,v
2014-04-18 10:30,6.955,0.012,0,0,0,0,v
2014-04-18 10:36,6.961,0.011,0,0,0,0,v
2014-04-18 10:42,6.980,0.012,0,0,0,0,v
2014-04-18 10:48,6.978,0.010,0,0,0,0,v
2014-04-18 10:54,6.985,0.013,0,0,0,0,v
2014-04-18 11:00,7.015,0.011,0,0,0,0,v
2014-04-18 11:06,7.022,0.011,0,0,0,0,v
2014-04-18 11:12,7.023,0.015,0,0,0,0,v
2014-04-18 11:18,7.002,0.014,0,0,0,0,v
2014-04-18 11:24,6.989,0.014,0,0,0,0,v
2014-04-18 11:30,7.001,0.010,0,0,0,0,v
2014-04-18 11:36,7.032,0.010,0,0,0,0,v
2014-04-18 11:42,7.018,0.012,0,0,0,0,v
2014-04-18 11:48,7.011,0.014,0,0,0,0,v
2014-04-18 11:54,7.007,0.011,0,0,0,0,v
2014-04-18 12:00,7.019,0.015,0,0,0,0,v
2014-04-18 12:06,7.008,0.010,0,0,0,0,v
2014-04-18 12:12,7.040,0.013,0,0,0,0,v
2014-04-18 12:18,7.040,0.014,0,0,0,0,v
2014-04-18 12:24,7.009,0.013,0,0,0,0,v
2014-04-18 12:30,6.987,0.012,0,0,0,0,v
2014-04-18 12:36,7.025,0.020,0,0,0,0,v
2014-04-18 12:42,7.023,0.011,0,0,0,0,v
2014-04-18 12:48,7.013,0.020,0,0,0,0,v
2014-04-18 12:54,7.028,0.015,0,0,0,0,v
2014-04-18 13:00,7.021,0.011,0,0,0,0,v
2014-04-18 13:06,7.016,0.019,0,0,0,0,v
2014-04-18 13:12,7.016,0.010,0,0,0,0,v
2014-04-18 13:18,6.996,0.012,0,0,0,0,v
2014-04-18 13:24,7.018,0.017,0,0,0,0,v
2014-04-18 13:30,7.020,0.012,0,0,0,0,v
2014-04-18 13:36,7.001,0.013,0,0,0,0,v
2014-04-18 13:42,6.991,0.012,0,0,0,0,v
2014-04-18 13:48,6.988,0.013,0,0,0,0,v
2014-04-18 13:54,6.999,0.020,0,0,0,0,v
2014-04-18 14:00,6.966,0.014,0,0,0,0,v
2014-04-18 14:06,6.959,0.012,0,0,0,0,v
2014-04-18 14:12,6.969,0.013,0,0,0,0,v
2014-04-18 14:18,6.977,0.010,0,0,0,0,v
2014-04-18 14:24,6.978,0.018,0,0,0,0,v
2014-04-18 14:30,6.948,0.010,0,0,0,0,v
2014-04-18 14:36,6.948,0.012,0,0,0,0,v
2014-04-18 14:42,6.936,0.010,0,0,0,0,v
2014-04-18 14:48,6.938,0.016,0,0,0,0,v
2014-04-18 14:54,6.948,0.011,0,0,0,0,v
2014-04-18 15:00,6.943,0.013,0,0,0,0,v
2014-04-18 15:06,6.956,0.012,0,0,0,0,v
2014-04-18 15:12,6.931,0.009,0,0,0,0,v
2014-04-18 15:18,6.924,0.012,0,0,0,0,v
2014-04-18 15:24,6.916,0.017,0,0,0,0,v
2014-04-18 15:30,6.929,0.011,0,0,0,0,v
2014-04-18 15:36,6.931,0.013,0,0,0,0,v
2014-04-18 15:42,6.920,0.010,0,0,0,0,v
2014-04-18 15:48,6.941,0.011,0,0,0,0,v
2014-04-18 15:54,6.935,0.015,0,0,0,0,v
2014-04-18 16:00,6.927,0.013,0,0,0,0,v
2014-04-18 16:06,6.912,0.019,0,0,0,0,v
2014-04-18 16:12,6.923,0.010,0,0,0,0,v
2014-04-18 16:18,6.927,0.020,0,0,0,0,v
2014-04-18 16:24,6.919,0.010,0,0,0,0,v
2014-04-18 16:30,6.933,0.018,0,0,0,0,v
2014-04-18 16:36,6.941,0.018,0,0,0,0,v
2014-04-18 16:42,6.940,0.015,0,0,0,0,v
2014-04-18 16:48,6.917,0.016,0,0,0,0,v
2014-04-18 16:54,6.898,0.018,0,0,0,0,v
2014-04-18 17:00,6.890,0.012,0,0,0,0,v
2014-04-18 17:06,6.890,0.014,0,0,0,0,v
2014-04-18 17:12,6.897,0.011,0,0,0,0,v
2014-04-18 17:18,6.902,0.015,0,0,0,0,v
2014-04-18 17:24,6.906,0.012,0,0,0,0,v
2014-04-18 17:30,6.915,0.015,0,0,0,0,v
2014-04-18 17:36,6.902,0.020,0,0,0,0,v
2014-04-18 17:42,6.910,0.014,0,0,0,0,v
2014-04-18 17:48,6.901,0.009,0,0,0,0,v
2014-04-18 17:54,6.907,0.018,0,0,0,0,v
2014-04-18 18:00,6.864,0.019,0,0,0,0,v
2014-04-18 18:06,6.879,0.016,0,0,0,0,v
2014-04-18 18:12,6.904,0.015,0,0,0,0,v
2014-04-18 18:18,6.910,0.009,0,0,0,0,v
2014-04-18 18:24,6.907,0.011,0,0,0,0,v
2014-04-18 18:30,6.909,0.010,0,0,0,0,v
2014-04-18 18:36,6.897,0.014,0,0,0,0,v
2014-04-18 18:42,6.888,0.012,0,0,0,0,v
2014-04-18 18:48,6.902,0.017,0,0,0,0,v
2014-04-18 18:54,6.892,0.013,0,0,0,0,v
2014-04-18 19:00,6.857,0.017,0,0,0,0,v
2014-04-18 19:06,6.846,0.018,0,0,0,0,v
2014-04-18 19:12,6.845,0.016,0,0,0,0,v
2014-04-18 19:18,6.835,0.016,0,0,0,0,v
2014-04-18 19:24,6.798,0.019,0,0,0,0,v
2014-04-18 19:30,6.793,0.019,0,0,0,0,v
2014-04-18 19:36,6.809,0.016,0,0,0,0,v
2014-04-18 19:42,6.812,0.014,0,0,0,0,v
2014-04-18 19:48,6.806,0.013,0,0,0,0,v
2014-04-18 19:54,6.790,0.020,0,0,0,0,v
2014-04-18 20:00,6.818,0.021,0,0,0,0,v
2014-04-18 20:06,6.815,0.013,0,0,0,0,v
2014-04-18 20:12,6.810,0.017,0,0,0,0,v
2014-04-18 20:18,6.833,0.016,0,0,0,0,v
2014-04-18 20:24,6.836,0.019,0,0,0,0,v
2014-04-18 20:30,6.832,0.023,0,0,0,0,v
2014-04-18 20:36,6.853,0.016,0,0,0,0,v
2014-04-18 20:42,6.855,0.018,0,0,0,0,v
2014-04-18 20:48,6.850,0.020,0,0,0,0,v
2014-04-18 20:54,6.848,0.015,0,0,0,0,v
2014-04-18 21:00,6.843,0.019,0,0,0,0,v
2014-04-18 21:06,6.840,0.022,0,0,0,0,v
2014-04-18 21:12,6.835,0.028,0,0,0,0,v
2014-04-18 21:18,6.860,0.016,0,0,0,0,v
2014-04-18 21:24,6.843,0.016,0,0,0,0,v
2014-04-18 21:30,6.829,0.015,0,0,0,0,v
2014-04-18 21:36,6.827,0.016,0,0,0,0,v
2014-04-18 21:42,6.821,0.023,0,0,0,0,v
2014-04-18 21:48,6.828,0.018,0,0,0,0,v
2014-04-18 21:54,6.820,0.014,0,0,0,0,v
2014-04-18 22:00,6.798,0.020,0,0,0,0,v
2014-04-18 22:06,6.804,0.010,0,0,0,0,v
2014-04-18 22:12,6.814,0.017,0,0,0,0,v
2014-04-18 22:18,6.816,0.013,0,0,0,0,v
2014-04-18 22:24,6.813,0.015,0,0,0,0,v
2014-04-18 22:30,6.774,0.015,0,0,0,0,v
2014-04-18 22:36,6.780,0.013,0,0,0,0,v
2014-04-18 22:42,6.767,0.012,0,0,0,0,v
2014-04-18 22:48,6.753,0.013,0,0,0,0,v
2014-04-18 22:54,6.770,0.016,0,0,0,0,v
2014-04-18 23:00,6.790,0.011,0,0,0,0,v
2014-04-18 23:06,6.778,0.012,0,0,0,0,v
2014-04-18 23:12,6.737,0.011,0,0,0,0,v
2014-04-18 23:18,6.732,0.012,0,0,0,0,v
2014-04-18 23:24,6.723,0.010,0,0,0,0,v
2014-04-18 23:30,6.732,0.011,0,0,0,0,v
2014-04-18 23:36,6.743,0.011,0,0,0,0,v
2014-04-18 23:42,6.733,0.016,0,0,0,0,v
2014-04-18 23:48,6.704,0.009,0,0,0,0,v
2014-04-18 23:54,6.688,0.014,0,0,0,0,v
2014-04-19 00:00,6.655,0.014,0,0,0,0,v
2014-04-19 00:06,6.671,0.011,0,0,0,0,v
2014-04-19 00:12,6.649,0.022,0,0,0,0,v
2014-04-19 00:18,6.632,0.012,0,0,0,0,v
2014-04-19 00:24,6.640,0.011,0,0,0,0,v
2014-04-19 00:30,6.636,0.015,0,0,0,0,v
2014-04-19 00:36,6.618,0.011,0,0,0,0,v
2014-04-19 00:42,6.600,0.010,0,0,0,0,v
2014-04-19 00:48,6.588,0.014,0,0,0,0,v
2014-04-19 00:54,6.570,0.016,0,0,0,0,v
2014-04-19 01:00,6.557,0.011,0,0,0,0,v
2014-04-19 01:06,6.543,0.009,0,0,0,0,v
2014-04-19 01:12,6.540,0.017,0,0,0,0,v
2014-04-19 01:18,6.537,0.007,0,0,0,0,v
2014-04-19 01:24,6.539,0.012,0,0,0,0,v
2014-04-19 01:30,6.521,0.013,0,0,0,0,v
2014-04-19 01:36,6.518,0.015,0,0,0,0,v
2014-04-19 01:42,6.512,0.011,0,0,0,0,v
2014-04-19 01:48,6.499,0.013,0,0,0,0,v
2014-04-19 01:54,6.510,0.011,0,0,0,0,v
2014-04-19 02:00,6.465,0.017,0,0,0,0,v
2014-04-19 02:06,6.457,0.010,0,0,0,0,v
2014-04-19 02:12,6.450,0.015,0,0,0,0,v
2014-04-19 02:18,6.451,0.012,0,0,0,0,v
2014-04-19 02:24,6.449,0.012,0,0,0,0,v
2014-04-19 02:30,6.453,0.011,0,0,0,0,v
2014-04-19 02:36,6.414,0.009,0,0,0,0,v
2014-04-19 02:42,6.407,0.011,0,0,0,0,v
2014-04-19 02:48,6.398,0.008,0,0,0,0,v
2014-04-19 02:54,6.408,0.008,0,0,0,0,v
2014-04-19 03:00,6.413,0.010,0,0,0,0,v
2014-04-19 03:06,6.415,0.011,0,0,0,0,v
2014-04-19 03:12,6.400,0.013,0,0,0,0,v
2014-04-19 03:18,6.402,0.013,0,0,0,0,v
2014-04-19 03:24,6.397,0.013,0,0,0,0,v
2014-04-19 03:30,6.384,0.013,0,0,0,0,v
2014-04-19 03:36,6.399,0.007,0,0,0,0,v
2014-04-19 03:42,6.399,0.011,0,0,0,0,v
2014-04-19 03:48,6.390,0.013,0,0,0,0,v
2014-04-19 03:54,6.413,0.012,0,0,0,0,v
2014-04-19 04:00,6.407,0.012,0,0,0,0,v
2014-04-19 04:06,6.398,0.010,0,0,0,0,v
2014-04-19 04:12,6.403,0.017,0,0,0,0,v
2014-04-19 04:18,6.412,0.007,0,0,0,0,v
2014-04-19 04:24,6.407,0.007,0,0,0,0,v
2014-04-19 04:30,6.406,0.010,0,0,0,0,v
2014-04-19 04:36,6.421,0.008,0,0,0,0,v
2014-04-19 04:42,6.405,0.007,0,0,0,0,v
2014-04-19 04:48,6.412,0.008,0,0,0,0,v
2014-04-19 04:54,6.401,0.012,0,0,0,0,v
2014-04-19 05:00,6.368,0.009,0,0,0,0,v
2014-04-19 05:06,6.370,0.011,0,0,0,0,v
2014-04-19 05:12,6.344,0.013,0,0,0,0,v
2014-04-19 05:18,6.346,0.010,0,0,0,0,v
2014-04-19 05:24,6.358,0.006,0,0,0,0,v
2014-04-19 05:30,6.382,0.009,0,0,0,0,v
2014-04-19 05:36,6.388,0.008,0,0,0,0,v
2014-04-19 05:42,6.371,0.009,0,0,0,0,v
2014-04-19 05:48,6.346,0.007,0,0,0,0,v
2014-04-19 05:54,6.346,0.009,0,0,0,0,v
2014-04-19 06:00,6.354,0.013,0,0,0,0,v
2014-04-19 06:06,6.363,0.011,0,0,0,0,v
2014-04-19 06:12,6.377,0.008,0,0,0,0,v
2014-04-19 06:18,6.400,0.010,0,0,0,0,v
2014-04-19 06:24,6.397,0.011,0,0,0,0,v
2014-04-19 06:30,6.409,0.009,0,0,0,0,v
2014-04-19 06:36,6.407,0.011,0,0,0,0,v
2014-04-19 06:42,6.409,0.010,0,0,0,0,v
2014-04-19 06:48,6.423,0.012,0,0,0,0,v
2014-04-19 06:54,6.449,0.007,0,0,0,0,v
2014-04-19 07:00,6.458,0.009,0,0,0,0,v
2014-04-19 07:06,6.448,0.013,0,0,0,0,v
2014-04-19 07:12,6.449,0.013,0,0,0,0,v
2014-04-19 07:18,6.455,0.009,0,0,0,0,v
2014-04-19 07:24,6.469,0.014,0,0,0,0,v
2014-04-19 07:30,6.481,0.014,0,0,0,0,v
2014-04-19 07:36,6.494,0.010,0,0,0,0,v
2014-04-19 07:42,6.488,0.007,0,0,0,0,v
2014-04-19 07:48,6.510,0.009,0,0,0,0,v
2014-04-19 07:54,6.537,0.012,0,0,0,0,v
2014-04-19 08:00,6.551,0.009,0,0,0,0,v
2014-04-19 08:06,6.559,0.008,0,0,0,0,v
2014-04-19 08:12,6.552,0.009,0,0,0,0,v
2014-04-19 08:18,6.568,0.010,0,0,0,0,v
2014-04-19 08:24,6.571,0.007,0,0,0,0,v
2014-04-19 08:30,6.586,0.010,0,0,0,0,v
2014-04-19 08:36,6.603,0.006,0,0,0,0,v
2014-04-19 08:42,6.625,0.008,0,0,0,0,v
2014-04-19 08:48,6.616,0.009,0,0,0,0,v
2014-04-19 08:54,6.652,0.013,0,0,0,0,v
2014-04-19 09:00,6.653,0.007,0,0,0,0,v
2014-04-19 09:06,6.665,0.011,0,0,0,0,v
2014-04-19 09:12,6.686,0.008,0,0,0,0,v
2014-04-19 09:18,6.682,0.005,0,0,0,0,v
2014-04-19 09:24,6.694,0.013,0,0,0,0,v
2014-04-19 09:30,6.704,0.009,0,0,0,0,v
2014-04-19 09:36,6.720,0.009,0,0,0,0,v
2014-04-19 09:42,6.744,0.008,0,0,0,0,v
2014-04-19 09:48,6.739,0.011,0,0,0,0,v
2014-04-19 09:54,6.743,0.006,0,0,0,0,v
2014-04-19 10:00,6.775,0.009,0,0,0,0,v
2014-04-19 10:06,6.780,0.018,0,0,0,0,v
2014-04-19 10:12,6.814,0.009,0,0,0,0,v
2014-04-19 10:18,6.833,0.010,0,0,0,0,v
2014-04-19 10:24,6.820,0.010,0,0,0,0,v
2014-04-19 10:30,6.823,0.012,0,0,0,0,v
2014-04-19 10:36,6.835,0.008,0,0,0,0,v
2014-04-19 10:42,6.823,0.008,0,0,0,0,v
2014-04-19 10:48,6.827,0.010,0,0,0,0,v
2014-04-19 10:54,6.842,0.010,0,0,0,0,v
2014-04-19 11:00,6.822,0.011,0,0,0,0,v
2014-04-19 11:06,6.857,0.012,0,0,0,0,v
2014-04-19 11:12,6.867,0.011,0,0,0,0,v
2014-04-19 11:18,6.862,0.013,0,0,0,0,v
2014-04-19 11:24,6.857,0.013,0,0,0,0,v
2014-04-19 11:30,6.895,0.008,0,0,0,0,v
2014-04-19 11:36,6.906,0.007,0,0,0,0,v
2014-04-19 11:42,6.904,0.009,0,0,0,0,v
2014-04-19 11:48,6.921,0.008,0,0,0,0,v
2014-04-19 11:54,6.925,0.010,0,0,0,0,v
2014-04-19 12:00,6.931,0.012,0,0,0,0,v
2014-04-19 12:06,6.923,0.013,0,0,0,0,v
2014-04-19 12:12,6.925,0.008,0,0,0,0,v
2014-04-19 12:18,6.920,0.009,0,0,0,0,v
2014-04-19 12:24,6.941,0.009,0,0,0,0,v
2014-04-19 12:30,6.934,0.009,0,0,0,0,v
2014-04-19 12:36,6.951,0.014,0,0,0,0,v
2014-04-19 12:42,6.941,0.009,0,0,0,0,v
2014-04-19 12:48,6.956,0.010,0,0,0,0,v
2014-04-19 12:54,6.951,0.010,0,0,0,0,v
2014-04-19 13:00,6.950,0.011,0,0,0,0,v
2014-04-19 13:06,6.974,0.014,0,0,0,0,v
2014-04-19 13:12,6.951,0.011,0,0,0,0,v
2014-04-19 13:18,6.957,0.011,0,0,0,0,v
2014-04-19 13:24,6.954,0.012,0,0,0,0,v
2014-04-19 13:30,6.962,0.012,0,0,0,0,v
2014-04-19 13:36,6.959,0.013,0,0,0,0,v
2014-04-19 13:42,6.958,0.007,0,0,0,0,v
2014-04-19 13:48,6.960,0.009,0,0,0,0,v
2014-04-19 13:54,6.976,0.011,0,0,0,0,v
2014-04-19 14:00,6.968,0.010,0,0,0,0,v
2014-04-19 14:06,6.975,0.009,0,0,0,0,v
2014-04-19 14:12,6.954,0.012,0,0,0,0,v
2014-04-19 14:18,6.967,0.009,0,0,0,0,v
2014-04-19 14:24,6.956,0.011,0,0,0,0,v
2014-04-19 14:30,6.949,0.018,0,0,0,0,v
2014-04-19 14:36,6.939,0.009,0,0,0,0,v
2014-04-19 14:42,6.941,0.010,0,0,0,0,v
2014-04-19 14:48,6.936,0.011,0,0,0,0,v
2014-04-19 14:54,6.930,0.011,0,0,0,0,v
2014-04-19 15:00,6.949,0.009,0,0,0,0,v
2014-04-19 15:06,6.956,0.009,0,0,0,0,v
2014-04-19 15:12,6.944,0.013,0,0,0,0,v
2014-04-19 15:18,6.943,0.013,0,0,0,0,v
2014-04-19 15:24,6.938,0.014,0,0,0,0,v
2014-04-19 15:30,6.927,0.016,0,0,0,0,v
2014-04-19 15:36,6.931,0.010,0,0,0,0,v
2014-04-19 15:42,6.952,0.010,0,0,0,0,v
2014-04-19 15:48,6.956,0.009,0,0,0,0,v
2014-04-19 15:54,6.952,0.010,0,0,0,0,v
2014-04-19 16:00,6.961,0.010,0,0,0,0,v
2014-04-19 16:06,6.967,0.008,0,0,0,0,v
2014-04-19 16:12,6.952,0.009,0,0,0,0,v
2014-04-19 16:18,6.923,0.008,0,0,0,0,v
2014-04-19 16:24,6.929,0.009,0,0,0,0,v
2014-04-19 16:30,6.936,0.010,0,0,0,0,v
2014-04-19 16:36,6.933,0.008,0,0,0,0,v
2014-04-19 16:42,6.923,0.012,0,0,0,0,v
2014-04-19 16:48,6.925,0.013,0,0,0,0,v
2014-04-19 16:54,6.929,0.008,0,0,0,0,v
2014-04-19 17:00,6.923,0.010,0,0,0,0,v
2014-04-19 17:06,6.915,0.009,0,0,0,0,v
2014-04-19 17:12,6.909,0.009,0,0,0,0,v
2014-04-19 17:18,6.900,0.010,0,0,0,0,v
2014-04-19 17:24,6.913,0.008,0,0,0,0,v
2014-04-19 17:30,6.908,0.010,0,0,0,0,v
2014-04-19 17:36,6.893,0.011,0,0,0,0,v
2014-04-19 17:42,6.901,0.008,0,0,0,0,v
2014-04-19 17:48,6.894,0.008,0,0,0,0,v
2014-04-19 17:54,6.898,0.008,0,0,0,0,v
2014-04-19 18:00,6.878,0.007,0,0,0,0,v
2014-04-19 18:06,6.880,0.007,0,0,0,0,v
2014-04-19 18:12,6.876,0.012,0,0,0,0,v
2014-04-19 18:18,6.875,0.006,0,0,0,0,v
2014-04-19 18:24,6.881,0.008,0,0,0,0,v
2014-04-19 18:30,6.885,0.006,0,0,0,0,v
2014-04-19 18:36,6.881,0.010,0,0,0,0,v
2014-04-19 18:42,6.884,0.010,0,0,0,0,v
2014-04-19 18:48,6.861,0.006,0,0,0,0,v
2014-04-19 18:54,6.865,0.010,0,0,0,0,v
2014-04-19 19:00,6.872,0.011,0,0,0,0,v
2014-04-19 19:06,6.850,0.008,0,0,0,0,v
2014-04-19 19:12,6.854,0.014,0,0,0,0,v
2014-04-19 19:18,6.876,0.007,0,0,0,0,v
2014-04-19 19:24,6.857,0.010,0,0,0,0,v
2014-04-19 19:30,6.864,0.012,0,0,0,0,v
2014-04-19 19:36,6.875,0.008,0,0,0,0,v
2014-04-19 19:42,6.876,0.008,0,0,0,0,v
2014-04-19 19:48,6.862,0.010,0,0,0,0,v
2014-04-19 19:54,6.853,0.009,0,0,0,0,v
2014-04-19 20:00,6.853,0.007,0,0,0,0,v
2014-04-19 20:06,6.832,0.009,0,0,0,0,v
2014-04-19 20:12,6.857,0.006,0,0,0,0,v
2014-04-19 20:18,6.870,0.009,0,0,0,0,v
2014-04-19 20:24,6.865,0.008,0,0,0,0,v
2014-04-19 20:30,6.877,0.008,0,0,0,0,v
2014-04-19 20:36,6.865,0.011,0,0,0,0,v
2014-04-19 20:42,6.857,0.012,0,0,0,0,v
2014-04-19 20:48,6.863,0.007,0,0,0,0,v
2014-04-19 20:54,6.882,0.007,0,0,0,0,v
2014-04-19 21:00,6.879,0.007,0,0,0,0,v
2014-04-19 21:06,6.870,0.008,0,0,0,0,v
2014-04-19 21:12,6.875,0.007,0,0,0,0,v
2014-04-19 21:18,6.848,0.006,0,0,0,0,v
2014-04-19 21:24,6.843,0.006,0,0,0,0,v
2014-04-19 21:30,6.864,0.008,0,0,0,0,v
2014-04-19 21:36,6.866,0.008,0,0,0,0,v
2014-04-19 21:42,6.854,0.008,0,0,0,0,v
2014-04-19 21:48,6.860,0.006,0,0,0,0,v
2014-04-19 21:54,6.851,0.008,0,0,0,0,v
2014-04-19 22:00,6.851,0.008,0,0,0,0,v
2014-04-19 22:06,6.843,0.007,0,0,0,0,v
2014-04-19 22:12,6.848,0.007,0,0,0,0,v
2014-04-19 22:18,6.838,0.006,0,0,0,0,v
2014-04-19 22:24,6.827,0.007,0,0,0,0,v
2014-04-19 22:30,6.832,0.008,0,0,0,0,v
2014-04-19 22:36,6.825,0.007,0,0,0,0,v
2014-04-19 22:42,6.826,0.009,0,0,0,0,v
2014-04-19 22:48,6.812,0.009,0,0,0,0,v
2014-04-19 22:54,6.804,0.009,0,0,0,0,v
2014-04-19 23:00,6.798,0.006,0,0,0,0,v
2014-04-19 23:06,6.812,0.010,0,0,0,0,v
2014-04-19 23:12,6.818,0.006,0,0,0,0,v
2014-04-19 23:18,6.813,0.007,0,0,0,0,v
2014-04-19 23:24,6.781,0.007,0,0,0,0,v
2014-04-19 23:30,6.775,0.006,0,0,0,0,v
2014-04-19 23:36,6.779,0.008,0,0,0,0,v
2014-04-19 23:42,6.796,0.008,0,0,0,0,v
2014-04-19 23:48,6.778,0.007,0,0,0,0,v
2014-04-19 23:54,6.782,0.007,0,0,0,0,v
2014-04-20 00:00,6.768,0.006,0,0,0,0,v
2014-04-20 00:06,6.751,0.006,0,0,0,0,v
2014-04-20 00:12,6.729,0.006,0,0,0,0,v
2014-04-20 00:18,6.738,0.006,0,0,0,0,v
2014-04-20 00:24,6.707,0.007,0,0,0,0,v
2014-04-20 00:30,6.685,0.006,0,0,0,0,v
2014-04-20 00:36,6.682,0.005,0,0,0,0,v
2014-04-20 00:42,6.662,0.006,0,0,0,0,v
2014-04-20 00:48,6.668,0.006,0,0,0,0,v
2014-04-20 00:54,6.667,0.005,0,0,0,0,v
2014-04-20 01:00,6.676,0.005,0,0,0,0,v
2014-04-20 01:06,6.659,0.007,0,0,0,0,v
2014-04-20 01:12,6.660,0.006,0,0,0,0,v
2014-04-20 01:18,6.648,0.007,0,0,0,0,v
2014-04-20 01:24,6.632,0.005,0,0,0,0,v
2014-04-20 01:30,6.624,0.007,0,0,0,0,v
2014-04-20 01:36,6.606,0.006,0,0,0,0,v
2014-04-20 01:42,6.609,0.005,0,0,0,0,v
2014-04-20 01:48,6.595,0.007,0,0,0,0,v
2014-04-20 01:54,6.581,0.006,0,0,0,0,v
2014-04-20 02:00,6.594,0.005,0,0,0,0,v
2014-04-20 02:06,6.594,0.005,0,0,0,0,v
2014-04-20 02:12,6.575,0.004,0,0,0,0,v
2014-04-20 02:18,6.579,0.004,0,0,0,0,v
2014-04-20 02:24,6.570,0.006,0,0,0,0,v
2014-04-20 02:30,6.552,0.004,0,0,0,0,v
2014-04-20 02:36,6.539,0.006,0,0,0,0,v
2014-04-20 02:42,6.548,0.005,0,0,0,0,v
2014-04-20 02:48,6.541,0.004,0,0,0,0,v
2014-04-20 02:54,6.518,0.005,0,0,0,0,v
2014-04-20 03:00,6.509,0.005,0,0,0,0,v
2014-04-20 03:06,6.515,0.005,0,0,0,0,v
2014-04-20 03:12,6.517,0.004,0,0,0,0,v
2014-04-20 03:18,6.514,0.005,0,0,0,0,v
2014-04-20 03:24,6.524,0.004,0,0,0,0,v
2014-04-20 03:30,6.501,0.006,0,0,0,0,v
2014-04-20 03:36,6.485,0.005,0,0,0,0,v
2014-04-20 03:42,6.493,0.005,0,0,0,0,v
2014-04-20 03:48,6.499,0.004,0,0,0,0,v
2014-04-20 03:54,6.499,0.003,0,0,0,0,v
2014-04-20 04:00,6.496,0.004,0,0,0,0,v
2014-04-20 04:06,6.473,0.007,0,0,0,0,v
2014-04-20 04:12,6.460,0.004,0,0,0,0,v
2014-04-20 04:18,6.442,0.007,0,0,0,0,v
2014-04-20 04:24,6.440,0.004,0,0,0,0,v
2014-04-20 04:30,6.447,0.006,0,0,0,0,v
2014-04-20 04:36,6.446,0.005,0,0,0,0,v
2014-04-20 04:42,6.420,0.006,0,0,0,0,v
2014-04-20 04:48,6.433,0.004,0,0,0,0,v
2014-04-20 04:54,6.435,0.005,0,0,0,0,v
2014-04-20 05:00,6.415,0.003,0,0,0,0,v
2014-04-20 05:06,6.445,0.008,0,0,0,0,v
2014-04-20 05:12,6.431,0.008,0,0,0,0,v
2014-04-20 05:18,6.428,0.004,0,0,0,0,v
2014-04-20 05:24,6.408,0.004,0,0,0,0,v
2014-04-20 05:30,6.417,0.003,0,0,0,0,v
2014-04-20 05:36,6.416,0.004,0,0,0,0,v
2014-04-20 05:42,6.408,0.005,0,0,0,0,v
2014-04-20 05:48,6.435,0.004,0,0,0,0,v
2014-04-20 05:54,6.412,0.008,0,0,0,0,v
2014-04-20 06:00,6.414,0.005,0,0,0,0,v
2014-04-20 06:06,6.417,0.004,0,0,0,0,v
2014-04-20 06:12,6.422,0.003,0,0,0,0,v
2014-04-20 06:18,6.436,0.009,0,0,0,0,v
2014-04-20 06:24,6.435,0.005,0,0,0,0,v
2014-04-20 06:30,6.464,0.003,0,0,0,0,v
2014-04-20 06:36,6.451,0.004,0,0,0,0,v
2014-04-20 06:42,6.458,0.003,0,0,0,0,v
2014-04-20 06:48,6.461,0.005,0,0,0,0,v
2014-04-20 06:54,6.448,0.005,0,0,0,0,v
2014-04-20 07:00,6.462,0.005,0,0,0,0,v
2014-04-20 07:06,6.455,0.005,0,0,0,0,v
2014-04-20 07:12,6.459,0.004,0,0,0,0,v
2014-04-20 07:18,6.467,0.004,0,0,0,0,v
2014-04-20 07:24,6.463,0.007,0,0,0,0,v
2014-04-20 07:30,6.483,0.005,0,0,0,0,v
2014-04-20 07:36,6.479,0.004,0,0,0,0,v
2014-04-20 07:42,6.505,0.004,0,0,0,0,v
2014-04-20 07:48,6.497,0.005,0,0,0,0,v
2014-04-20 07:54,6.503,0.004,0,0,0,0,v
2014-04-20 08:00,6.502,0.006,0,0,0,0,v
2014-04-20 08:06,6.526,0.004,0,0,0,0,v
2014-04-20 08:12,6.521,0.005,0,0,0,0,v
2014-04-20 08:18,6.547,0.004,0,0,0,0,v
2014-04-20 08:24,6.544,0.004,0,0,0,0,v
2014-04-20 08:30,6.540,0.004,0,0,0,0,v
2014-04-20 08:36,6.538,0.004,0,0,0,0,v
2014-04-20 08:42,6.573,0.006,0,0,0,0,v
2014-04-20 08:48,6.573,0.004,0,0,0,0,v
2014-04-20 08:54,6.591,0.007,0,0,0,0,v
2014-04-20 09:00,6.624,0.005,0,0,0,0,v
2014-04-20 09:06,6.631,0.005,0,0,0,0,v
2014-04-20 09:12,6.616,0.004,0,0,0,0,v
2014-04-20 09:18,6.631,0.004,0,0,0,0,v
2014-04-20 09:24,6.633,0.004,0,0,0,0,v
2014-04-20 09:30,6.657,0.006,0,0,0,0,v
2014-04-20 09:36,6.664,0.004,0,0,0,0,v
2014-04-20 09:42,6.662,0.004,0,0,0,0,v
2014-04-20 09:48,6.676,0.005,0,0,0,0,v
2014-04-20 09:54,6.703,0.003,0,0,0,0,v
2014-04-20 10:00,6.723,0.006,0,0,0,0,v
2014-04-20 10:06,6.755,0.007,0,0,0,0,v
2014-04-20 10:12,6.753,0.004,0,0,0,0,v
2014-04-20 10:18,6.779,0.005,0,0,0,0,v
2014-04-20 10:24,6.795,0.004,0,0,0,0,v
2014-04-20 10:30,6.778,0.005,0,0,0,0,v
2014-04-20 10:36,6.792,0.004,0,0,0,0,v
2014-04-20 10:42,6.798,0.003,0,0,0,0,v
2014-04-20 10:48,6.805,0.004,0,0,0,0,v
2014-04-20 10:54,6.810,0.005,0,0,0,0,v
2014-04-20 11:00,6.820,0.003,0,0,0,0,v
2014-04-20 11:06,6.839,0.006,0,0,0,0,v
2014-04-20 11:12,6.843,0.004,0,0,0,0,v
2014-04-20 11:18,6.863,0.004,0,0,0,0,v
2014-04-20 11:24,6.876,0.005,0,0,0,0,v
2014-04-20 11:30,6.853,0.005,0,0,0,0,v
2014-04-20 11:36,6.884,0.009,0,0,0,0,v
2014-04-20 11:42,6.906,0.003,0,0,0,0,v
2014-04-20 11:48,6.910,0.004,0,0,0,0,v
2014-04-20 11:54,6.899,0.009,0,0,0,0,v
2014-04-20 12:00,6.905,0.005,0,0,0,0,v
2014-04-20 12:06,6.918,0.007,0,0,0,0,v
2014-04-20 12:12,6.916,0.004,0,0,0,0,v
2014-04-20 12:18,6.926,0.005,0,0,0,0,v
2014-04-20 12:24,6.911,0.006,0,0,0,0,v
2014-04-20 12:30,6.921,0.005,0,0,0,0,v
2014-04-20 12:36,6.923,0.005,0,0,0,0,v
2014-04-20 12:42,6.949,0.004,0,0,0,0,v
2014-04-20 12:48,6.934,0.006,0,0,0,0,v
2014-04-20 12:54,6.962,0.003,0,0,0,0,v
2014-04-20 13:00,6.964,0.005,0,0,0,0,v
2014-04-20 13:06,6.945,0.004,0,0,0,0,v
2014-04-20 13:12,6.972,0.003,0,0,0,0,v
2014-04-20 13:18,6.955,0.008,0,0,0,0,v
2014-04-20 13:24,6.952,0.005,0,0,0,0,v
2014-04-20 13:30,6.968,0.005,0,0,0,0,v
2014-04-20 13:36,6.960,0.005,0,0,0,0,v
2014-04-20 13:42,6.983,0.008,0,0,0,0,v
2014-04-20 13:48,6.975,0.005,0,0,0,0,v
2014-04-20 13:54,6.997,0.005,0,0,0,0,v
2014-04-20 14:00,6.980,0.003,0,0,0,0,v
2014-04-20 14:06,6.959,0.004,0,0,0,0,v
2014-04-20 14:12,6.953,0.004,0,0,0,0,v
2014-04-20 14:18,6.953,0.004,0,0,0,0,v
2014-04-20 14:24,6.969,0.004,0,0,0,0,v
2014-04-20 14:30,6.963,0.003,0,0,0,0,v
2014-04-20 14:36,6.961,0.005,0,0,0,0,v
2014-04-20 14:42,6.980,0.005,0,0,0,0,v
2014-04-20 14:48,7.015,0.003,0,0,0,0,v
2014-04-20 14:54,6.996,0.005,0,0,0,0,v
2014-04-20 15:00,6.983,0.004,0,0,0,0,v
2014-04-20 15:06,6.997,0.003,0,0,0,0,v
2014-04-20 15:12,7.006,0.004,0,0,0,0,v
2014-04-20 15:18,6.998,0.004,0,0,0,0,v
2014-04-20 15:24,7.018,0.004,0,0,0,0,v
2014-04-20 15:30,7.006,0.005,0,0,0,0,v
2014-04-20 15:36,6.985,0.004,0,0,0,0,v
2014-04-20 15:42,6.976,0.004,0,0,0,0,v
2014-04-20 15:48,6.975,0.005,0,0,0,0,v
2014-04-20 15:54,6.981,0.004,0,0,0,0,v
2014-04-20 16:00,6.981,0.004,0,0,0,0,v
2014-04-20 16:06,6.986,0.004,0,0,0,0,v
2014-04-20 16:12,6.962,0.006,0,0,0,0,v
2014-04-20 16:18,6.964,0.006,0,0,0,0,v
2014-04-20 16:24,6.968,0.005,0,0,0,0,v
2014-04-20 16:30,6.966,0.004,0,0,0,0,v
2014-04-20 16:36,6.960,0.004,0,0,0,0,v
2014-04-20 16:42,6.952,0.003,0,0,0,0,v
2014-04-20 16:48,6.959,0.004,0,0,0,0,v
2014-04-20 16:54,6.975,0.003,0,0,0,0,v
2014-04-20 17:00,6.972,0.004,0,0,0,0,v
2014-04-20 17:06,6.968,0.004,0,0,0,0,v
2014-04-20 17:12,6.951,0.004,0,0,0,0,v
2014-04-20 17:18,6.939,0.003,0,0,0,0,v
2014-04-20 17:24,6.933,0.005,0,0,0,0,v
2014-04-20 17:30,6.930,0.004,0,0,0,0,v
2014-04-20 17:36,6.927,0.005,0,0,0,0,v
2014-04-20 17:42,6.940,0.004,0,0,0,0,v
2014-04-20 17:48,6.940,0.004,0,0,0,0,v
2014-04-20 17:54,6.939,0.004,0,0,0,0,v
2014-04-20 18:00,6.950,0.004,0,0,0,0,v
2014-04-20 18:06,6.959,0.004,0,0,0,0,v
2014-04-20 18:12,6.960,0.004,0,0,0,0,v
2014-04-20 18:18,6.953,0.004,0,0,0,0,v
2014-04-20 18:24,6.944,0.003,0,0,0,0,v
2014-04-20 18:30,6.945,0.005,0,0,0,0,v
2014-04-20 18:36,6.931,0.004,0,0,0,0,v
2014-04-20 18:42,6.936,0.004,0,0,0,0,v
2014-04-20 18:48,6.933,0.003,0,0,0,0,v
2014-04-20 18:54,6.940,0.005,0,0,0,0,v
2014-04-20 19:00,6.914,0.004,0,0,0,0,v
2014-04-20 19:06,6.895,0.007,0,0,0,0,v
2014-04-20 19:12,6.909,0.004,0,0,0,0,v
2014-04-20 19:18,6.904,0.005,0,0,0,0,v
2014-04-20 19:24,6.885,0.003,0,0,0,0,v
2014-04-20 19:30,6.872,0.004,0,0,0,0,v
2014-04-20 19:36,6.858,0.008,0,0,0,0,v
2014-04-20 19:42,6.849,0.005,0,0,0,0,v
2014-04-20 19:48,6.859,0.004,0,0,0,0,v
2014-04-20 19:54,6.852,0.003,0,0,0,0,v
2014-04-20 20:00,6.838,0.003,0,0,0,0,v
2014-04-20 20:06,6.840,0.005,0,0,0,0,v
2014-04-20 20:12,6.848,0.004,0,0,0,0,v
2014-04-20 20:18,6.847,0.004,0,0,0,0,v
2014-04-20 20:24,6.866,0.004,0,0,0,0,v
2014-04-20 20:30,6.871,0.003,0,0,0,0,v
2014-04-20 20:36,6.875,0.003,0,0,0,0,v
2014-04-20 20:42,6.884,0.003,0,0,0,0,v
2014-04-20 20:48,6.890,0.004,0,0,0,0,v
2014-04-20 20:54,6.861,0.006,0,0,0,0,v
2014-04-20 21:00,6.877,0.004,0,0,0,0,v
2014-04-20 21:06,6.885,0.004,0,0,0,0,v
2014-04-20 21:12,6.876,0.005,0,0,0,0,v
2014-04-20 21:18,6.864,0.005,0,0,0,0,v
2014-04-20 21:24,6.865,0.004,0,0,0,0,v
2014-04-20 21:30,6.846,0.005,0,0,0,0,v
2014-04-20 21:36,6.846,0.005,0,0,0,0,v
2014-04-20 21:42,6.822,0.005,0,0,0,0,v
2014-04-20 21:48,6.851,0.004,0,0,0,0,v
2014-04-20 21:54,6.825,0.005,0,0,0,0,v
2014-04-20 22:00,6.828,0.003,0,0,0,0,v
2014-04-20 22:06,6.819,0.004,0,0,0,0,v
2014-04-20 22:12,6.824,0.003,0,0,0,0,v
2014-04-20 22:18,6.819,0.003,0,0,0,0,v
2014-04-20 22:24,6.827,0.004,0,0,0,0,v
2014-04-20 22:30,6.816,0.003,0,0,0,0,v
2014-04-20 22:36,6.822,0.004,0,0,0,0,v
2014-04-20 22:42,6.825,0.003,0,0,0,0,v
2014-04-20 22:48,6.826,0.004,0,0,0,0,v
2014-04-20 22:54,6.839,0.003,0,0,0,0,v
2014-04-20 23:00,6.834,0.004,0,0,0,0,v
2014-04-20 23:06,6.821,0.006,0,0,0,0,v
2014-04-20 23:12,6.834,0.003,0,0,0,0,v
2014-04-20 23:18,6.821,0.003,0,0,0,0,v
2014-04-20 23:24,6.821,0.003,0,0,0,0,v
2014-04-20 23:30,6.808,0.004,0,0,0,0,v
2014-04-20 23:36,6.799,0.004,0,0,0,0,v
2014-04-20 23:42,6.781,0.003,0,0,0,0,v
2014-04-20 23:48,6.782,0.004,0,0,0,0,v
2014-04-20 23:54,6.776,0.004,0,0,0,0,v
2014-04-21 00:00,6.770,0.003,0,0,0,0,v
2014-04-21 00:06,6.774,0.004,0,0,0,0,v
2014-04-21 00:12,6.763,0.004,0,0,0,0,v
2014-04-21 00:18,6.762,0.004,0,0,0,0,v
2014-04-21 00:24,6.737,0.005,0,0,0,0,v
2014-04-21 00:30,6.742,0.003,0,0,0,0,v
2014-04-21 00:36,6.731,0.004,0,0,0,0,v
2014-04-21 00:42,6.715,0.004,0,0,0,0,v
2014-04-21 00:48,6.712,0.003,0,0,0,0,v
2014-04-21 00:54,6.695,0.004,0,0,0,0,v
2014-04-21 01:00,6.676,0.003,0,0,0,0,v
2014-04-21 01:06,6.683,0.004,0,0,0,0,v
2014-04-21 01:12,6.672,0.004,0,0,0,0,v
2014-04-21 01:18,6.660,0.005,0,0,0,0,v
2014-04-21 01:24,6.678,0.004,0,0,0,0,v
2014-04-21 01:30,6.647,0.006,0,0,0,0,v
2014-04-21 01:36,6.648,0.005,0,0,0,0,v
2014-04-21 01:42,6.647,0.003,0,0,0,0,v
2014-04-21 01:48,6.635,0.003,0,0,0,0,v
2014-04-21 01:54,6.636,0.004,0,0,0,0,v
2014-04-21 02:00,6.638,0.004,0,0,0,0,v
2014-04-21 02:06,6.601,0.003,0,0,0,0,v
2014-04-21 02:12,6.608,0.003,0,0,0,0,v
2014-04-21 02:18,6.587,0.003,0,0,0,0,v
2014-04-21 02:24,6.577,0.003,0,0,0,0,v
2014-04-21 02:30,6.594,0.003,0,0,0,0,v
2014-04-21 02:36,6.580,0.004,0,0,0,0,v
2014-04-21 02:42,6.570,0.003,0,0,0,0,v
2014-04-21 02:48,6.546,0.004,0,0,0,0,v
2014-04-21 02:54,6.542,0.003,0,0,0,0,v
2014-04-21 03:00,6.541,0.004,0,0,0,0,v
2014-04-21 03:06,6.526,0.003,0,0,0,0,v
2014-04-21 03:12,6.537,0.004,0,0,0,0,v
2014-04-21 03:18,6.525,0.003,0,0,0,0,v
2014-04-21 03:24,6.516,0.003,0,0,0,0,v
2014-04-21 03:30,6.525,0.004,0,0,0,0,v
2014-04-21 03:36,6.528,0.003,0,0,0,0,v
2014-04-21 03:42,6.509,0.004,0,0,0,0,v
2014-04-21 03:48,6.493,0.004,0,0,0,0,v
2014-04-21 03:54,6.479,0.004,0,0,0,0,v
2014-04-21 04:00,6.469,0.004,0,0,0,0,v
2014-04-21 04:06,6.485,0.003,0,0,0,0,v
2014-04-21 04:12,6.482,0.003,0,0,0,0,v
2014-04-21 04:18,6.482,0.003,0,0,0,0,v
2014-04-21 04:24,6.469,0.005,0,0,0,0,v
2014-04-21 04:30,6.456,0.004,0,0,0,0,v
2014-04-21 04:36,6.455,0.003,0,0,0,0,v
2014-04-21 04:42,6.452,0.003,0,0,0,0,v
2014-04-21 04:48,6.422,0.004,0,0,0,0,v
2014-04-21 04:54,6.401,0.003,0,0,0,0,v
2014-04-21 05:00,6.436,0.005,0,0,0,0,v
2014-04-21 05:06,6.436,0.004,0,0,0,0,v
2014-04-21 05:12,6.435,0.005,0,0,0,0,v
2014-04-21 05:18,6.425,0.004,0,0,0,0,v
2014-04-21 05:24,6.396,0.003,0,0,0,0,v
2014-04-21 05:30,6.414,0.004,0,0,0,0,v
2014-04-21 05:36,6.401,0.005,0,0,0,0,v
2014-04-21 05:42,6.398,0.003,0,0,0,0,v
2014-04-21 05:48,6.400,0.003,0,0,0,0,v
2014-04-21 05:54,6.408,0.003,0,0,0,0,v
2014-04-21 06:00,6.404,0.003,0,0,0,0,v
2014-04-21 06:06,6.397,0.002,0,0,0,0,v
2014-04-21 06:12,6.394,0.003,0,0,0,0,v
2014-04-21 06:18,6.386,0.003,0,0,0,0,v
2014-04-21 06:24,6.390,0.002,0,0,0,0,v
2014-04-21 06:30,6.397,0.002,0,0,0,0,v
2014-04-21 06:36,6.378,0.002,0,0,0,0,v
2014-04-21 06:42,6.399,0.006,0,0,0,0,v
2014-04-21 06:48,6.396,0.005,0,0,0,0,v
2014-04-21 06:54,6.395,0.003,0,0,0,0,v
2014-04-21 07:00,6.386,0.003,0,0,0,0,v
2014-04-21 07:06,6.391,0.004,0,0,0,0,v
2014-04-21 07:12,6.374,0.004,0,0,0,0,v
2014-04-21 07:18,6.380,0.002,0,0,0,0,v
2014-04-21 07:24,6.386,0.003,0,0,0,0,v
2014-04-21 07:30,6.399,0.002,0,0,0,0,v
2014-04-21 07:36,6.399,0.003,0,0,0,0,v
2014-04-21 07:42,6.389,0.003,0,0,0,0,v
2014-04-21 07:48,6.394,0.003,0,0,0,0,v
2014-04-21 07:54,6.397,0.003,0,0,0,0,v
2014-04-21 08:00,6.427,0.005,0,0,0,0,v
2014-04-21 08:06,6.442,0.003,0,0,0,0,v
2014-04-21 08:12,6.441,0.003,0,0,0,0,v
2014-04-21 08:18,6.434,0.003,0,0,0,0,v
2014-04-21 08:24,6.461,0.003,0,0,0,0,v
2014-04-21 08:30,6.446,0.006,0,0,0,0,v
2014-04-21 08:36,6.426,0.004,0,0,0,0,v
2014-04-21 08:42,6.439,0.003,0,0,0,0,v
2014-04-21 08:48,6.456,0.003,0,0,0,0,v
2014-04-21 08:54,6.450,0.002,0,0,0,0,v
2014-04-21 09:00,6.471,0.003,0,0,0,0,v
2014-04-21 09:06,6.474,0.004,0,0,0,0,v
2014-04-21 09:12,6.477,0.003,0,0,0,0,v
2014-04-21 09:18,6.503,0.002,0,0,0,0,v
2014-04-21 09:24,6.492,0.002,0,0,0,0,v
2014-04-21 09:30,6.518,0.004,0,0,0,0,v
2014-04-21 09:36,6.524,0.002,0,0,0,0,v
2014-04-21 09:42,6.531,0.003,0,0,0,0,v
2014-04-21 09:48,6.566,0.002,0,0,0,0,v
2014-04-21 09:54,6.562,0.006,0,0,0,0,v
2014-04-21 10:00,6.610,0.002,0,0,0,0,v
2014-04-21 10:06,6.586,0.004,0,0,0,0,v
2014-04-21 10:12,6.584,0.006,0,0,0,0,v
2014-04-21 10:18,6.569,0.003,0,0,0,0,v
2014-04-21 10:24,6.593,0.008,0,0,0,0,v
2014-04-21 10:30,6.604,0.002,0,0,0,0,v
2014-04-21 10:36,6.620,0.002,0,0,0,0,v
2014-04-21 10:42,6.640,0.002,0,0,0,0,v
2014-04-21 10:48,6.620,0.004,0,0,0,0,v
2014-04-21 10:54,6.646,0.004,0,0,0,0,v
2014-04-21 11:00,6.643,0.003,0,0,0,0,v
2014-04-21 11:06,6.665,0.003,0,0,0,0,v
2014-04-21 11:12,6.655,0.003,0,0,0,0,v
2014-04-21 11:18,6.660,0.005,0,0,0,0,v
2014-04-21 11:24,6.682,0.003,0,0,0,0,v
2014-04-21 11:30,6.707,0.004,0,0,0,0,v
2014-04-21 11:36,6.689,0.004,0,0,0,0,v
2014-04-21 11:42,6.690,0.004,0,0,0,0,v
2014-04-21 11:48,6.710,0.006,0,0,0,0,v
2014-04-21 11:54,6.725,0.002,0,0,0,0,v
2014-04-21 12:00,6.720,0.003,0,0,0,0,v
2014-04-21 12:06,6.744,0.002,0,0,0,0,v
2014-04-21 12:12,6.731,0.003,0,0,0,0,v
2014-04-21 12:18,6.771,0.003,0,0,0,0,v
2014-04-21 12:24,6.778,0.002,0,0,0,0,v
2014-04-21 12:30,6.780,0.002,0,0,0,0,v
2014-04-21 12:36,6.786,0.003,0,0,0,0,v
2014-04-21 12:42,6.782,0.003,0,0,0,0,v
2014-04-21 12:48,6.794,0.003,0,0,0,0,v
2014-04-21 12:54,6.799,0.003,0,0,0,0,v
2014-04-21 13:00,6.804,0.004,0,0,0,0,v
2014-04-21 13:06,6.829,0.002,0,0,0,0,v
2014-04-21 13:12,6.854,0.004,0,0,0,0,v
2014-04-21 13:18,6.845,0.003,0,0,0,0,v
2014-04-21 13:24,6.856,0.003,0,0,0,0,v
2014-04-21 13:30,6.879,0.005,0,0,0,0,v
2014-04-21 13:36,6.868,0.003,0,0,0,0,v
2014-04-21 13:42,6.880,0.004,0,0,0,0,v
2014-04-21 13:48,6.914,0.007,0,0,0,0,v
2014-04-21 13:54,6.908,0.002,0,0,0,0,v
2014-04-21 14:00,6.903,0.006,0,0,0,0,v
2014-04-21 14:06,6.936,0.002,0,0,0,0,v
2014-04-21 14:12,6.938,0.002,0,0,0,0,v
2014-04-21 14:18,6.943,0.003,0,0,0,0,v
2014-04-21 14:24,6.948,0.003,0,0,0,0,v
2014-04-21 14:30,6.943,0.004,0,0,0,0,v
2014-04-21 14:36,6.933,0.003,0,0,0,0,v
2014-04-21 14:42,6.918,0.003,0,0,0,0,v
2014-04-21 14:48,6.900,0.003,0,0,0,0,v
2014-04-21 14:54,6.907,0.004,0,0,0,0,v
2014-04-21 15:00,6.912,0.002,0,0,0,0,v
2014-04-21 15:06,6.922,0.004,0,0,0,0,v
2014-04-21 15:12,6.910,0.003,0,0,0,0,v
2014-04-21 15:18,6.921,0.003,0,0,0,0,v
2014-04-21 15:24,6.912,0.002,0,0,0,0,v
2014-04-21 15:30,6.916,0.004,0,0,0,0,v
2014-04-21 15:36,6.913,0.003,0,0,0,0,v
2014-04-21 15:42,6.924,0.005,0,0,0,0,v
2014-04-21 15:48,6.933,0.006,0,0,0,0,v
2014-04-21 15:54,6.921,0.004,0,0,0,0,v
2014-04-21 16:00,6.922,0.005,0,0,0,0,v
2014-04-21 16:06,6.903,0.004,0,0,0,0,v
2014-04-21 16:12,6.919,0.003,0,0,0,0,v
2014-04-21 16:18,6.906,0.003,0,0,0,0,v
2014-04-21 16:24,6.915,0.002,0,0,0,0,v
2014-04-21 16:30,6.909,0.005,0,0,0,0,v
2014-04-21 16:36,6.903,0.003,0,0,0,0,v
2014-04-21 16:42,6.884,0.003,0,0,0,0,v
2014-04-21 16:48,6.900,0.003,0,0,0,0,v
2014-04-21 16:54,6.887,0.003,0,0,0,0,v
2014-04-21 17:00,6.899,0.002,0,0,0,0,v
2014-04-21 17:06,6.912,0.003,0,0,0,0,v
2014-04-21 17:12,6.907,0.003,0,0,0,0,v
2014-04-21 17:18,6.903,0.004,0,0,0,0,v
2014-04-21 17:24,6.893,0.006,0,0,0,0,v
2014-04-21 17:30,6.894,0.005,0,0,0,0,v
2014-04-21 17:36,6.889,0.005,0,0,0,0,v
2014-04-21 17:42,6.882,0.002,0,0,0,0,v
2014-04-21 17:48,6.894,0.000,0,0,0,0,v
2014-04-21 17:54,6.902,0.004,0,0,0,0,v
2014-04-21 18:00,6.889,0.003,0,0,0,0,v
2014-04-21 18:06,6.901,0.003,0,0,0,0,v
2014-04-21 18:12,6.886,0.007,0,0,0,0,v
2014-04-21 18:18,6.882,0.002,0,0,0,0,v
2014-04-21 18:24,6.860,0.004,0,0,0,0,v
2014-04-21 18:30,6.874,0.003,0,0,0,0,v
2014-04-21 18:36,6.873,0.005,0,0,0,0,v
2014-04-21 18:42,6.861,0.002,0,0,0,0,v
2014-04-21 18:48,6.854,0.003,0,0,0,0,v
2014-04-21 18:54,6.854,0.003,0,0,0,0,v
2014-04-21 19:00,6.843,0.004,0,0,0,0,v
2014-04-21 19:06,6.835,0.004,0,0,0,0,v
2014-04-21 19:12,6.838,0.003,0,0,0,0,v
2014-04-21 19:18,6.832,0.003,0,0,0,0,v
2014-04-21 19:24,6.829,0.003,0,0,0,0,v
2014-04-21 19:30,6.826,0.005,0,0,0,0,v
2014-04-21 19:36,6.840,0.002,0,0,0,0,v
2014-04-21 19:42,6.818,0.002,0,0,0,0,v
2014-04-21 19:48,6.831,0.005,0,0,0,0,v
2014-04-21 19:54,6.828,0.003,0,0,0,0,v
2014-04-21 20:00,6.833,0.003,0,0,0,0,v
2014-04-21 20:06,6.825,0.003,0,0,0,0,v
2014-04-21 20:12,6.816,0.003,0,0,0,0,v
2014-04-21 20:18,6.820,0.002,0,0,0,0,v
2014-04-21 20:24,6.808,0.002,0,0,0,0,v
2014-04-21 20:30,6.812,0.003,0,0,0,0,v
2014-04-21 20:36,6.814,0.003,0,0,0,0,v
2014-04-21 20:42,6.821,0.002,0,0,0,0,v
2014-04-21 20:48,6.816,0.002,0,0,0,0,v
2014-04-21 20:54,6.826,0.005,0,0,0,0,v
2014-04-21 21:00,6.831,0.003,0,0,0,0,v
2014-04-21 21:06,6.818,0.003,0,0,0,0,v
2014-04-21 21:12,6.836,0.002,0,0,0,0,v
2014-04-21 21:18,6.823,0.002,0,0,0,0,v
2014-04-21 21:24,6.834,0.003,0,0,0,0,v
2014-04-21 21:30,6.815,0.002,0,0,0,0,v
2014-04-21 21:36,6.824,0.003,0,0,0,0,v
2014-04-21 21:42,6.823,0.003,0,0,0,0,v
2014-04-21 21:48,6.813,0.005,0,0,0,0,v
2014-04-21 21:54,6.804,0.004,0,0,0,0,v
2014-04-21 22:00,6.802,0.003,0,0,0,0,v
2014-04-21 22:06,6.787,0.005,0,0,0,0,v
2014-04-21 22:12,6.761,0.003,0,0,0,0,v
2014-04-21 22:18,6.761,0.004,0,0,0,0,v
2014-04-21 22:24,6.775,0.004,0,0,0,0,v
2014-04-21 22:30,6.767,0.005,0,0,0,0,v
2014-04-21 22:36,6.797,0.003,0,0,0,0,v
2014-04-21 22:42,6.769,0.003,0,0,0,0,v
2014-04-21 22:48,6.773,0.004,0,0,0,0,v
2014-04-21 22:54,6.773,0.003,0,0,0,0,v
2014-04-21 23:00,6.785,0.003,0,0,0,0,v
2014-04-21 23:06,6.779,0.003,0,0,0,0,v
2014-04-21 23:12,6.786,0.004,0,0,0,0,v
2014-04-21 23:18,6.793,0.005,0,0,0,0,v
2014-04-21 23:24,6.779,0.005,0,0,0,0,v
2014-04-21 23:30,6.786,0.003,0,0,0,0,v
2014-04-21 23:36,6.785,0.003,0,0,0,0,v
2014-04-21 23:42,6.790,0.003,0,0,0,0,v
2014-04-21 23:48,6.800,0.003,0,0,0,0,v
2014-04-21 23:54,6.780,0.003,0,0,0,0,v
2014-04-22 00:00,6.793,0.003,0,0,0,0,v
2014-04-22 00:06,6.786,0.002,0,0,0,0,v
2014-04-22 00:12,6.780,0.004,0,0,0,0,v
2014-04-22 00:18,6.776,0.003,0,0,0,0,v
2014-04-22 00:24,6.778,0.003,0,0,0,0,v
2014-04-22 00:30,6.766,0.003,0,0,0,0,v
2014-04-22 00:36,6.766,0.003,0,0,0,0,v
2014-04-22 00:42,6.774,0.002,0,0,0,0,v
2014-04-22 00:48,6.773,0.003,0,0,0,0,v
2014-04-22 00:54,6.765,0.002,0,0,0,0,v
2014-04-22 01:00,6.771,0.003,0,0,0,0,v
2014-04-22 01:06,6.763,0.004,0,0,0,0,v
2014-04-22 01:12,6.744,0.006,0,0,0,0,v
2014-04-22 01:18,6.756,0.003,0,0,0,0,v
2014-04-22 01:24,6.711,0.008,0,0,0,0,v
2014-04-22 01:30,6.696,0.002,0,0,0,0,v
2014-04-22 01:36,6.686,0.003,0,0,0,0,v
2014-04-22 01:42,6.670,0.003,0,0,0,0,v
2014-04-22 01:48,6.678,0.003,0,0,0,0,v
2014-04-22 01:54,6.681,0.003,0,0,0,0,v
2014-04-22 02:00,6.686,0.003,0,0,0,0,v
2014-04-22 02:06,6.680,0.005,0,0,0,0,v
2014-04-22 02:12,6.674,0.002,0,0,0,0,v
2014-04-22 02:18,6.694,0.004,0,0,0,0,v
2014-04-22 02:24,6.705,0.005,0,0,0,0,v
2014-04-22 02:30,6.687,0.002,0,0,0,0,v
2014-04-22 02:36,6.681,0.002,0,0,0,0,v
2014-04-22 02:42,6.686,0.005,0,0,0,0,v
2014-04-22 02:48,6.669,0.006,0,0,0,0,v
2014-04-22 02:54,6.665,0.003,0,0,0,0,v
2014-04-22 03:00,6.649,0.004,0,0,0,0,v
2014-04-22 03:06,6.609,0.004,0,0,0,0,v
2014-04-22 03:12,6.611,0.003,0,0,0,0,v
2014-04-22 03:18,6.593,0.003,0,0,0,0,v
2014-04-22 03:24,6.602,0.004,0,0,0,0,v
2014-04-22 03:30,6.607,0.004,0,0,0,0,v
2014-04-22 03:36,6.587,0.002,0,0,0,0,v
2014-04-22 03:42,6.559,0.005,0,0,0,0,v
2014-04-22 03:48,6.569,0.005,0,0,0,0,v
2014-04-22 03:54,6.559,0.007,0,0,0,0,v
2014-04-22 04:00,6.535,0.003,0,0,0,0,v
2014-04-22 04:06,6.522,0.003,0,0,0,0,v
2014-04-22 04:12,6.498,0.004,0,0,0,0,v
2014-04-22 04:18,6.504,0.004,0,0,0,0,v
2014-04-22 04:24,6.540,0.002,0,0,0,0,v
2014-04-22 04:30,6.512,0.003,0,0,0,0,v
2014-04-22 04:36,6.526,0.004,0,0,0,0,v
2014-04-22 04:42,6.515,0.003,0,0,0,0,v
2014-04-22 04:48,6.514,0.005,0,0,0,0,v
2014-04-22 04:54,6.528,0.003,0,0,0,0,v
2014-04-22 05:00,6.504,0.002,0,0,0,0,v
2014-04-22 05:06,6.501,0.003,0,0,0,0,v
2014-04-22 05:12,6.515,0.003,0,0,0,0,v
2014-04-22 05:18,6.498,0.003,0,0,0,0,v
2014-04-22 05:24,6.506,0.004,0,0,0,0,v
2014-04-22 05:30,6.504,0.002,0,0,0,0,v
2014-04-22 05:36,6.507,0.003,0,0,0,0,v
2014-04-22 05:42,6.506,0.002,0,0,0,0,v
2014-04-22 05:48,6.473,0.008,0,0,0,0,v
2014-04-22 05:54,6.475,0.003,0,0,0,0,v
2014-04-22 06:00,6.440,0.006,0,0,0,0,v
2014-04-22 06:06,6.473,0.003,0,0,0,0,v
2014-04-22 06:12,6.440,0.002,0,0,0,0,v
2014-04-22 06:18,6.441,0.004,0,0,0,0,v
2014-04-22 06:24,6.455,0.002,0,0,0,0,v
2014-04-22 06:30,6.431,0.004,0,0,0,0,v
2014-04-22 06:36,6.412,0.003,0,0,0,0,v
2014-04-22 06:42,6.424,0.002,0,0,0,0,v
2014-04-22 06:48,6.411,0.002,0,0,0,0,v
2014-04-22 06:54,6.390,0.003,0,0,0,0,v
2014-04-22 07:00,6.411,0.008,0,0,0,0,v
2014-04-22 07:06,6.427,0.004,0,0,0,0,v
2014-04-22 07:12,6.425,0.003,0,0,0,0,v
2014-04-22 07:18,6.433,0.003,0,0,0,0,v
2014-04-22 07:24,6.440,0.003,0,0,0,0,v
2014-04-22 07:30,6.455,0.004,0,0,0,0,v
2014-04-22 07:36,6.455,0.003,0,0,0,0,v
2014-04-22 07:42,6.452,0.003,0,0,0,0,v
2014-04-22 07:48,6.447,0.003,0,0,0,0,v
2014-04-22 07:54,6.458,0.003,0,0,0,0,v
2014-04-22 08:00,6.453,0.003,0,0,0,0,v
2014-04-22 08:06,6.442,0.002,0,0,0,0,v
2014-04-22 08:12,6.425,0.007,0,0,0,0,v
2014-04-22 08:18,6.394,0.005,0,0,0,0,v
2014-04-22 08:24,6.444,0.004,0,0,0,0,v
2014-04-22 08:30,6.407,0.002,0,0,0,0,v
2014-04-22 08:36,6.394,0.003,0,0,0,0,v
2014-04-22 08:42,6.388,0.002,0,0,0,0,v
2014-04-22 08:48,6.394,0.003,0,0,0,0,v
2014-04-22 08:54,6.386,0.003,0,0,0,0,v
2014-04-22 09:00,6.379,0.004,0,0,0,0,v
2014-04-22 09:06,6.426,0.003,0,0,0,0,v
2014-04-22 09:12,6.407,0.003,0,0,0,0,v
2014-04-22 09:18,6.448,0.007,0,0,0,0,v
2014-04-22 09:24,6.471,0.002,0,0,0,0,v
2014-04-22 09:30,6.462,0.004,0,0,0,0,v
2014-04-22 09:36,6.446,0.007,0,0,0,0,v
2014-04-22 09:42,6.472,0.008,0,0,0,0,v
2014-04-22 09:48,6.507,0.005,0,0,0,0,v
2014-04-22 09:54,6.509,0.004,0,0,0,0,v
2014-04-22 10:00,6.513,0.006,0,0,0,0,v
2014-04-22 10:06,6.483,0.009,0,0,0,0,v
2014-04-22 10:12,6.508,0.009,0,0,0,0,v
2014-04-22 10:18,6.518,0.005,0,0,0,0,v
2014-04-22 10:24,6.582,0.003,0,0,0,0,v
2014-04-22 10:30,6.508,0.015,0,0,0,0,v
2014-04-22 10:36,6.445,0.010,0,0,0,0,v
2014-04-22 10:42,6.499,0.005,0,0,0,0,v
2014-04-22 10:48,6.499,0.002,0,0,0,0,v
2014-04-22 10:54,6.537,0.005,0,0,0,0,v
2014-04-22 11:00,6.485,0.002,0,0,0,0,v
2014-04-22 11:06,6.484,0.003,0,0,0,0,v
2014-04-22 11:12,6.501,0.002,0,0,0,0,v
2014-04-22 11:18,6.533,0.005,0,0,0,0,v
2014-04-22 11:24,6.519,0.013,0,0,0,0,v
2014-04-22 11:30,6.556,0.003,0,0,0,0,v
2014-04-22 11:36,6.551,0.004,0,0,0,0,v
2014-04-22 11:42,6.579,0.002,0,0,0,0,v
2014-04-22 11:48,6.579,0.003,0,0,0,0,v
2014-04-22 11:54,6.602,0.004,0,0,0,0,v
2014-04-22 12:00,6.561,0.003,0,0,0,0,v
2014-04-22 12:06,6.561,0.002,0,0,0,0,v
2014-04-22 12:12,6.596,0.008,0,0,0,0,v
2014-04-22 12:18,6.599,0.004,0,0,0,0,v
2014-04-22 12:24,6.609,0.002,0,0,0,0,v
2014-04-22 12:30,6.605,0.004,0,0,0,0,v
2014-04-22 12:36,6.609,0.007,0,0,0,0,v
2014-04-22 12:42,6.663,0.005,0,0,0,0,v
2014-04-22 12:48,6.676,0.002,0,0,0,0,v
2014-04-22 12:54,6.672,0.003,0,0,0,0,v
2014-04-22 13:00,6.680,0.003,0,0,0,0,v
2014-04-22 13:06,6.694,0.003,0,0,0,0,v
2014-04-22 13:12,6.664,0.002,0,0,0,0,v
2014-04-22 13:18,6.713,0.006,0,0,0,0,v
2014-04-22 13:24,6.724,0.002,0,0,0,0,v
2014-04-22 13:30,6.753,0.003,0,0,0,0,v
2014-04-22 13:36,6.742,0.005,0,0,0,0,v
2014-04-22 13:42,6.788,0.003,0,0,0,0,v
2014-04-22 13:48,6.788,0.008,0,0,0,0,v
2014-04-22 13:54,6.807,0.005,0,0,0,0,v
2014-04-22 14:00,6.764,0.009,0,0,0,0,v
2014-04-22 14:06,6.771,0.008,0,0,0,0,v
2014-04-22 14:12,6.787,0.003,0,0,0,0,v
2014-04-22 14:18,6.796,0.003,0,0,0,0,v
2014-04-22 14:24,6.782,0.006,0,0,0,0,v
2014-04-22 14:30,6.822,0.005,0,0,0,0,v
2014-04-22 14:36,6.868,0.002,0,0,0,0,v
2014-04-22 14:42,6.862,0.007,0,0,0,0,v
2014-04-22 14:48,6.804,0.002,0,0,0,0,v
2014-04-22 14:54,6.819,0.003,0,0,0,0,v
2014-04-22 15:00,6.811,0.007,0,0,0,0,v
2014-04-22 15:06,6.805,0.006,0,0,0,0,v
2014-04-22 15:12,6.874,0.006,0,0,0,0,v
2014-04-22 15:18,6.833,0.003,0,0,0,0,v
2014-04-22 15:24,6.835,0.002,0,0,0,0,v
2014-04-22 15:30,6.827,0.007,0,0,0,0,v
2014-04-22 15:36,6.858,0.008,0,0,0,0,v
2014-04-22 15:42,6.892,0.007,0,0,0,0,v
2014-04-22 15:48,6.857,0.010,0,0,0,0,v
2014-04-22 15:54,6.857,0.008,0,0,0,0,v
2014-04-22 16:00,6.843,0.006,0,0,0,0,v
2014-04-22 16:06,6.820,0.007,0,0,0,0,v
2014-04-22 16:12,6.814,0.004,0,0,0,0,v
2014-04-22 16:18,6.833,0.007,0,0,0,0,v
2014-04-22 16:24,6.838,0.004,0,0,0,0,v
2014-04-22 16:30,6.862,0.002,0,0,0,0,v
2014-04-22 16:36,6.873,0.007,0,0,0,0,v
2014-04-22 16:42,6.839,0.005,0,0,0,0,v
2014-04-22 16:48,6.833,0.003,0,0,0,0,v
2014-04-22 16:54,6.813,0.002,0,0,0,0,v
2014-04-22 17:00,6.814,0.003,0,0,0,0,v
2014-04-22 17:06,6.803,0.003,0,0,0,0,v
2014-04-22 17:12,6.849,0.007,0,0,0,0,v
2014-04-22 17:18,6.862,0.006,0,0,0,0,v
2014-04-22 17:24,6.862,0.004,0,0,0,0,v
2014-04-22 17:30,6.820,0.006,0,0,0,0,v
2014-04-22 17:36,6.814,0.006,0,0,0,0,v
2014-04-22 17:42,6.822,0.002,0,0,0,0,v
2014-04-22 17:48,6.823,0.002,0,0,0,0,v
2014-04-22 17:54,6.815,0.004,0,0,0,0,v
2014-04-22 18:00,6.833,0.004,0,0,0,0,v
2014-04-22 18:06,6.802,0.003,0,0,0,0,v
2014-04-22 18:12,6.833,0.003,0,0,0,0,v
2014-04-22 18:18,6.838,0.002,0,0,0,0,v
2014-04-22 18:24,6.819,0.003,0,0,0,0,v
2014-04-22 18:30,6.817,0.009,0,0,0,0,v
2014-04-22 18:36,6.799,0.007,0,0,0,0,v
2014-04-22 18:42,6.818,0.002,0,0,0,0,v
2014-04-22 18:48,6.827,0.004,0,0,0,0,v
2014-04-22 18:54,6.814,0.002,0,0,0,0,v
2014-04-22 19:00,6.824,0.002,0,0,0,0,v
2014-04-22 19:06,6.812,0.002,0,0,0,0,v
2014-04-22 19:12,6.811,0.002,0,0,0,0,v
2014-04-22 19:18,6.813,0.003,0,0,0,0,v
2014-04-22 19:24,6.791,0.002,0,0,0,0,v
2014-04-22 19:30,6.813,0.002,0,0,0,0,v
2014-04-22 19:36,6.819,0.002,0,0,0,0,v
2014-04-22 19:42,6.810,0.002,0,0,0,0,v
2014-04-22 19:48,6.817,0.003,0,0,0,0,v
2014-04-22 19:54,6.822,0.002,0,0,0,0,v
2014-04-22 20:00,6.833,0.004,0,0,0,0,v
2014-04-22 20:06,6.798,0.003,0,0,0,0,v
2014-04-22 20:12,6.828,0.002,0,0,0,0,v
2014-04-22 20:18,6.822,0.004,0,0,0,0,v
2014-04-22 20:24,6.795,0.004,0,0,0,0,v
2014-04-22 20:30,6.785,0.003,0,0,0,0,v
2014-04-22 20:36,6.779,0.003,0,0,0,0,v
2014-04-22 20:42,6.776,0.003,0,0,0,0,v
2014-04-22 20:48,6.784,0.002,0,0,0,0,v
2014-04-22 20:54,6.766,0.002,0,0,0,0,v
2014-04-22 21:00,6.778,0.002,0,0,0,0,v
2014-04-22 21:06,6.755,0.002,0,0,0,0,v
2014-04-22 21:12,6.755,0.002,0,0,0,0,v
2014-04-22 21:18,6.751,0.004,0,0,0,0,v
2014-04-22 21:24,6.747,0.003,0,0,0,0,v
2014-04-22 21:30,6.731,0.002,0,0,0,0,v
2014-04-22 21:36,6.745,0.002,0,0,0,0,v
2014-04-22 21:42,6.727,0.005,0,0,0,0,v
2014-04-22 21:48,6.680,0.005,0,0,0,0,v
2014-04-22 21:54,6.723,0.002,0,0,0,0,v
2014-04-22 22:00,6.758,0.007,0,0,0,0,v
2014-04-22 22:06,6.782,0.002,0,0,0,0,v
2014-04-22 22:12,6.766,0.003,0,0,0,0,v
2014-04-22 22:18,6.777,0.002,0,0,0,0,v
2014-04-22 22:24,6.784,0.003,0,0,0,0,v
2014-04-22 22:30,6.785,0.002,0,0,0,0,v
2014-04-22 22:36,6.804,0.005,0,0,0,0,v
2014-04-22 22:42,6.797,0.002,0,0,0,0,v
2014-04-22 22:48,6.786,0.004,0,0,0,0,v
2014-04-22 22:54,6.757,0.004,0,0,0,0,v
2014-04-22 23:00,6.734,0.003,0,0,0,0,v
2014-04-22 23:06,6.742,0.003,0,0,0,0,v
2014-04-22 23:12,6.736,0.003,0,0,0,0,v
2014-04-22 23:18,6.751,0.002,0,0,0,0,v
2014-04-22 23:24,6.740,0.001,0,0,0,0,v
2014-04-22 23:30,6.727,0.003,0,0,0,0,v
2014-04-22 23:36,6.715,0.002,0,0,0,0,v
2014-04-22 23:42,6.719,0.001,0,0,0,0,v
2014-04-22 23:48,6.725,0.002,0,0,0,0,v
2014-04-22 23:54,6.738,0.004,0,0,0,0,v
2014-04-23 00:00,6.745,0.002,0,0,0,0,v
2014-04-23 00:06,6.719,0.005,0,0,0,0,v
2014-04-23 00:12,6.735,0.005,0,0,0,0,v
2014-04-23 00:18,6.749,0.002,0,0,0,0,v
2014-04-23 00:24,6.747,0.002,0,0,0,0,v
2014-04-23 00:30,6.758,0.002,0,0,0,0,v
2014-04-23 00:36,6.767,0.002,0,0,0,0,v
2014-04-23 00:42,6.774,0.002,0,0,0,0,v
2014-04-23 00:48,6.792,0.006,0,0,0,0,v
2014-04-23 00:54,6.799,0.002,0,0,0,0,v
2014-04-23 01:00,6.784,0.004,0,0,0,0,v
2014-04-23 01:06,6.745,0.003,0,0,0,0,v
2014-04-23 01:12,6.789,0.008,0,0,0,0,v
2014-04-23 01:18,6.772,0.002,0,0,0,0,v
2014-04-23 01:24,6.779,0.002,0,0,0,0,v
2014-04-23 01:30,6.755,0.002,0,0,0,0,v
2014-04-23 01:36,6.763,0.003,0,0,0,0,v
2014-04-23 01:42,6.750,0.001,0,0,0,0,v
2014-04-23 01:48,6.748,0.002,0,0,0,0,v
2014-04-23 01:54,6.760,0.002,0,0,0,0,v
2014-04-23 02:00,6.756,0.003,0,0,0,0,v
2014-04-23 02:06,6.706,0.006,0,0,0,0,v
2014-04-23 02:12,6.704,0.004,0,0,0,0,v
2014-04-23 02:18,6.720,0.005,0,0,0,0,v
2014-04-23 02:24,6.672,0.005,0,0,0,0,v
2014-04-23 02:30,6.650,0.005,0,0,0,0,v
2014-04-23 02:36,6.669,0.003,0,0,0,0,v
2014-04-23 02:42,6.667,0.006,0,0,0,0,v
2014-04-23 02:48,6.680,0.004,0,0,0,0,v
2014-04-23 02:54,6.670,0.003,0,0,0,0,v
2014-04-23 03:00,6.702,0.007,0,0,0,0,v
2014-04-23 03:06,6.699,0.002,0,0,0,0,v
2014-04-23 03:12,6.709,0.007,0,0,0,0,v
2014-04-23 03:18,6.710,0.006,0,0,0,0,v
2014-04-23 03:24,6.695,0.002,0,0,0,0,v
2014-04-23 03:30,6.687,0.003,0,0,0,0,v
2014-04-23 03:36,6.680,0.007,0,0,0,0,v
2014-04-23 03:42,6.644,0.003,0,0,0,0,v
2014-04-23 03:48,6.640,0.002,0,0,0,0,v
2014-04-23 03:54,6.625,0.004,0,0,0,0,v
2014-04-23 04:00,6.614,0.004,0,0,0,0,v
2014-04-23 04:06,6.623,0.002,0,0,0,0,v
2014-04-23 04:12,6.607,0.005,0,0,0,0,v
2014-04-23 04:18,6.588,0.003,0,0,0,0,v
2014-04-23 04:24,6.636,0.007,0,0,0,0,v
2014-04-23 04:30,6.661,0.005,0,0,0,0,v
2014-04-23 04:36,6.623,0.004,0,0,0,0,v
2014-04-23 04:42,6.615,0.002,0,0,0,0,v
2014-04-23 04:48,6.604,0.002,0,0,0,0,v
2014-04-23 04:54,6.609,0.002,0,0,0,0,v
2014-04-23 05:00,6.625,0.004,0,0,0,0,v
2014-04-23 05:06,6.614,0.008,0,0,0,0,v
2014-04-23 05:12,6.573,0.003,0,0,0,0,v
2014-04-23 05:18,6.556,0.002,0,0,0,0,v
2014-04-23 05:24,6.572,0.002,0,0,0,0,v
2014-04-23 05:30,6.580,0.002,0,0,0,0,v
2014-04-23 05:36,6.604,0.006,0,0,0,0,v
2014-04-23 05:42,6.598,0.004,0,0,0,0,v
2014-04-23 05:48,6.576,0.003,0,0,0,0,v
2014-04-23 05:54,6.559,0.001,0,0,0,0,v
2014-04-23 06:00,6.553,0.002,0,0,0,0,v
2014-04-23 06:06,6.539,0.003,0,0,0,0,v
2014-04-23 06:12,6.524,0.004,0,0,0,0,v
2014-04-23 06:18,6.498,0.003,0,0,0,0,v
2014-04-23 06:24,6.534,0.003,0,0,0,0,v
2014-04-23 06:30,6.523,0.003,0,0,0,0,v
2014-04-23 06:36,6.514,0.003,0,0,0,0,v
2014-04-23 06:42,6.503,0.002,0,0,0,0,v
2014-04-23 06:48,6.497,0.002,0,0,0,0,v
2014-04-23 06:54,6.517,0.002,0,0,0,0,v
2014-04-23 07:00,6.479,0.002,0,0,0,0,v
2014-04-23 07:06,6.515,0.002,0,0,0,0,v
2014-04-23 07:12,6.509,0.002,0,0,0,0,v
2014-04-23 07:18,6.495,0.002,0,0,0,0,v
2014-04-23 07:24,6.485,0.002,0,0,0,0,v
2014-04-23 07:30,6.478,0.002,0,0,0,0,v
2014-04-23 07:36,6.458,0.002,0,0,0,0,v
2014-04-23 07:42,6.448,0.003,0,0,0,0,v
2014-04-23 07:48,6.456,0.003,0,0,0,0,v
2014-04-23 07:54,6.451,0.004,0,0,0,0,v
2014-04-23 08:00,6.443,0.005,0,0,0,0,v
2014-04-23 08:06,6.461,0.002,0,0,0,0,v
2014-04-23 08:12,6.480,0.005,0,0,0,0,v
2014-04-23 08:18,6.490,0.002,0,0,0,0,v
2014-04-23 08:24,6.476,0.002,0,0,0,0,v
2014-04-23 08:30,6.467,0.005,0,0,0,0,v
2014-04-23 08:36,6.454,0.003,0,0,0,0,v
2014-04-23 08:42,6.465,0.003,0,0,0,0,v
2014-04-23 08:48,6.432,0.004,0,0,0,0,v
2014-04-23 08:54,6.440,0.004,0,0,0,0,v
2014-04-23 09:00,6.454,0.002,0,0,0,0,v
2014-04-23 09:06,6.431,0.005,0,0,0,0,v
2014-04-23 09:12,6.405,0.001,0,0,0,0,v
2014-04-23 09:18,6.424,0.007,0,0,0,0,v
2014-04-23 09:24,6.436,0.002,0,0,0,0,v
2014-04-23 09:30,6.434,0.001,0,0,0,0,v
2014-04-23 09:36,6.427,0.001,0,0,0,0,v
2014-04-23 09:42,6.472,0.007,0,0,0,0,v
2014-04-23 09:48,6.479,0.001,0,0,0,0,v
2014-04-23 09:54,6.477,0.006,0,0,0,0,v
2014-04-23 10:00,6.457,0.003,0,0,0,0,v
2014-04-23 10:06,6.456,0.001,0,0,0,0,v
2014-04-23 10:12,6.447,0.004,0,0,0,0,v
2014-04-23 10:18,6.439,0.002,0,0,0,0,v
2014-04-23 10:24,6.435,0.001,0,0,0,0,v
2014-04-23 10:30,6.442,0.002,0,0,0,0,v
2014-04-23 10:36,6.483,0.006,0,0,0,0,v
2014-04-23 10:42,6.478,0.002,0,0,0,0,v
2014-04-23 10:48,6.477,0.001,0,0,0,0,v
2014-04-23 10:54,6.487,0.002,0,0,0,0,v
2014-04-23 11:00,6.516,0.008,0,0,0,0,v
2014-04-23 11:06,6.527,0.002,0,0,0,0,v
2014-04-23 11:12,6.524,0.002,0,0,0,0,v
2014-04-23 11:18,6.513,0.002,0,0,0,0,v
2014-04-23 11:24,6.513,0.001,0,0,0,0,v
2014-04-23 11:30,6.526,0.004,0,0,0,0,v
2014-04-23 11:36,6.512,0.004,0,0,0,0,v
2014-04-23 11:42,6.511,0.001,0,0,0,0,v
2014-04-23 11:48,6.514,0.002,0,0,0,0,v
2014-04-23 11:54,6.528,0.004,0,0,0,0,v
2014-04-23 12:00,6.532,0.001,0,0,0,0,v
2014-04-23 12:06,6.558,0.002,0,0,0,0,v
2014-04-23 12:12,6.542,0.002,0,0,0,0,v
2014-04-23 12:18,6.555,0.001,0,0,0,0,v
2014-04-23 12:24,6.569,0.001,0,0,0,0,v
2014-04-23 12:30,6.559,0.002,0,0,0,0,v
2014-04-23 12:36,6.552,0.004,0,0,0,0,v
2014-04-23 12:42,6.572,0.005,0,0,0,0,v
2014-04-23 12:48,6.579,0.002,0,0,0,0,v
2014-04-23 12:54,6.598,0.001,0,0,0,0,v
2014-04-23 13:00,6.613,0.001,0,0,0,0,v
2014-04-23 13:06,6.612,0.001,0,0,0,0,v
2014-04-23 13:12,6.624,0.005,0,0,0,0,v
2014-04-23 13:18,6.652,0.003,0,0,0,0,v
2014-04-23 13:24,6.655,0.002,0,0,0,0,v
2014-04-23 13:30,6.647,0.005,0,0,0,0,v
2014-04-23 13:36,6.643,0.008,0,0,0,0,v
2014-04-23 13:42,6.692,0.001,0,0,0,0,v
2014-04-23 13:48,6.694,0.001,0,0,0,0,v
2014-04-23 13:54,6.680,0.002,0,0,0,0,v
2014-04-23 14:00,6.697,0.003,0,0,0,0,v
2014-04-23 14:06,6.667,0.002,0,0,0,0,v
2014-04-23 14:12,6.693,0.002,0,0,0,0,v
2014-04-23 14:18,6.703,0.001,0,0,0,0,v
2014-04-23 14:24,6.699,0.001,0,0,0,0,v
2014-04-23 14:30,6.705,0.003,0,0,0,0,v
2014-04-23 14:36,6.721,0.001,0,0,0,0,v
2014-04-23 14:42,6.744,0.003,0,0,0,0,v
2014-04-23 14:48,6.749,0.001,0,0,0,0,v
2014-04-23 14:54,6.761,0.002,0,0,0,0,v
2014-04-23 15:00,6.750,0.005,0,0,0,0,v
2014-04-23 15:06,6.741,0.006,0,0,0,0,v
2014-04-23 15:12,6.747,0.004,0,0,0,0,v
2014-04-23 15:18,6.763,0.001,0,0,0,0,v
2014-04-23 15:24,6.765,0.005,0,0,0,0,v
2014-04-23 15:30,6.783,0.001,0,0,0,0,v
2014-04-23 15:36,6.800,0.002,0,0,0,0,v
2014-04-23 15:42,6.810,0.001,0,0,0,0,v
2014-04-23 15:48,6.816,0.002,0,0,0,0,v
2014-04-23 15:54,6.829,0.001,0,0,0,0,v
2014-04-23 16:00,6.817,0.002,0,0,0,0,v
2014-04-23 16:06,6.828,0.001,0,0,0,0,v
2014-04-23 16:12,6.824,0.002,0,0,0,0,v
2014-04-23 16:18,6.832,0.001,0,0,0,0,v
2014-04-23 16:24,6.823,0.003,0,0,0,0,v
2014-04-23 16:30,6.820,0.002,0,0,0,0,v
2014-04-23 16:36,6.830,0.004,0,0,0,0,v
2014-04-23 16:42,6.819,0.004,0,0,0,0,v
2014-04-23 16:48,6.824,0.002,0,0,0,0,v
2014-04-23 16:54,6.800,0.002,0,0,0,0,v
2014-04-23 17:00,6.796,0.002,0,0,0,0,v
2014-04-23 17:06,6.803,0.004,0,0,0,0,v
2014-04-23 17:12,6.819,0.002,0,0,0,0,v
2014-04-23 17:18,6.826,0.003,0,0,0,0,v
2014-04-23 17:24,6.835,0.001,0,0,0,0,v
2014-04-23 17:30,6.841,0.002,0,0,0,0,v
2014-04-23 17:36,6.824,0.002,0,0,0,0,v
2014-04-23 17:42,6.829,0.004,0,0,0,0,v
2014-04-23 17:48,6.834,0.002,0,0,0,0,v
2014-04-23 17:54,6.820,0.004,0,0,0,0,v
2014-04-23 18:00,6.815,0.004,0,0,0,0,v
2014-04-23 18:06,6.829,0.003,0,0,0,0,v
2014-04-23 18:12,6.821,0.003,0,0,0,0,v
2014-04-23 18:18,6.798,0.002,0,0,0,0,v
2014-04-23 18:24,6.780,0.001,0,0,0,0,v
2014-04-23 18:30,6.790,0.002,0,0,0,0,v
2014-04-23 18:36,6.778,0.002,0,0,0,0,v
2014-04-23 18:42,6.787,0.002,0,0,0,0,v
2014-04-23 18:48,6.774,0.002,0,0,0,0,v
2014-04-23 18:54,6.771,0.002,0,0,0,0,v
2014-04-23 19:00,6.761,0.002,0,0,0,0,v
2014-04-23 19:06,6.781,0.002,0,0,0,0,v
2014-04-23 19:12,6.787,0.004,0,0,0,0,v
2014-04-23 19:18,6.784,0.002,0,0,0,0,v
2014-04-23 19:24,6.777,0.003,0,0,0,0,v
2014-04-23 19:30,6.755,0.002,0,0,0,0,v
2014-04-23 19:36,6.757,0.002,0,0,0,0,v
2014-04-23 19:42,6.768,0.003,0,0,0,0,v
2014-04-23 19:48,6.764,0.004,0,0,0,0,v
2014-04-23 19:54,6.755,0.001,0,0,0,0,v
2014-04-23 20:00,6.758,0.001,0,0,0,0,v
2014-04-23 20:06,6.762,0.002,0,0,0,0,v
2014-04-23 20:12,6.770,0.002,0,0,0,0,v
2014-04-23 20:18,6.747,0.003,0,0,0,0,v
2014-04-23 20:24,6.746,0.003,0,0,0,0,v
2014-04-23 20:30,6.725,0.001,0,0,0,0,v
2014-04-23 20:36,6.728,0.003,0,0,0,0,v
2014-04-23 20:42,6.718,0.002,0,0,0,0,v
2014-04-23 20:48,6.724,0.001,0,0,0,0,v
2014-04-23 20:54,6.725,0.002,0,0,0,0,v
2014-04-23 21:00,6.699,0.002,0,0,0,0,v
2014-04-23 21:06,6.709,0.002,0,0,0,0,v
2014-04-23 21:12,6.687,0.002,0,0,0,0,v
2014-04-23 21:18,6.711,0.003,0,0,0,0,v
2014-04-23 21:24,6.710,0.002,0,0,0,0,v
2014-04-23 21:30,6.719,0.002,0,0,0,0,v
2014-04-23 21:36,6.714,0.002,0,0,0,0,v
2014-04-23 21:42,6.690,0.001,0,0,0,0,v
2014-04-23 21:48,6.700,0.003,0,0,0,0,v
2014-04-23 21:54,6.705,0.002,0,0,0,0,v
2014-04-23 22:00,6.703,0.002,0,0,0,0,v
2014-04-23 22:06,6.714,0.002,0,0,0,0,v
2014-04-23 22:12,6.698,0.002,0,0,0,0,v
2014-04-23 22:18,6.680,0.002,0,0,0,0,v
2014-04-23 22:24,6.688,0.005,0,0,0,0,v
2014-04-23 22:30,6.700,0.002,0,0,0,0,v
2014-04-23 22:36,6.699,0.002,0,0,0,0,v
2014-04-23 22:42,6.702,0.001,0,0,0,0,v
2014-04-23 22:48,6.697,0.004,0,0,0,0,v
2014-04-23 22:54,6.690,0.001,0,0,0,0,v
2014-04-23 23:00,6.686,0.002,0,0,0,0,v
2014-04-23 23:06,6.660,0.004,0,0,0,0,v
2014-04-23 23:12,6.648,0.002,0,0,0,0,v
2014-04-23 23:18,6.671,0.002,0,0,0,0,v
2014-04-23 23:24,6.667,0.002,0,0,0,0,v
2014-04-23 23:30,6.665,0.003,0,0,0,0,v
2014-04-23 23:36,6.666,0.003,0,0,0,0,v
2014-04-23 23:42,6.673,0.002,0,0,0,0,v
2014-04-23 23:48,6.683,0.006,0,0,0,0,v
2014-04-23 23:54,6.702,0.002,0,0,0,0,v
2014-04-24 00:00,6.687,0.003,0,0,0,0,v
2014-04-24 00:06,6.679,0.004,0,0,0,0,v
2014-04-24 00:12,6.701,0.002,0,0,0,0,v
2014-04-24 00:18,6.688,0.002,0,0,0,0,v
2014-04-24 00:24,6.694,0.002,0,0,0,0,v
2014-04-24 00:30,6.699,0.001,0,0,0,0,v
2014-04-24 00:36,6.710,0.002,0,0,0,0,v
2014-04-24 00:42,6.697,0.003,0,0,0,0,v
2014-04-24 00:48,6.700,0.002,0,0,0,0,v
2014-04-24 00:54,6.713,0.002,0,0,0,0,v
2014-04-24 01:00,6.709,0.002,0,0,0,0,v
2014-04-24 01:06,6.693,0.002,0,0,0,0,v
2014-04-24 01:12,6.700,0.002,0,0,0,0,v
2014-04-24 01:18,6.708,0.003,0,0,0,0,v
2014-04-24 01:24,6.715,0.002,0,0,0,0,v
2014-04-24 01:30,6.690,0.002,0,0,0,0,v
2014-04-24 01:36,6.693,0.003,0,0,0,0,v
2014-04-24 01:42,6.723,0.004,0,0,0,0,v
2014-04-24 01:48,6.719,0.003,0,0,0,0,v
2014-04-24 01:54,6.717,0.003,0,0,0,0,v
2014-04-24 02:00,6.713,0.002,0,0,0,0,v
2014-04-24 02:06,6.705,0.003,0,0,0,0,v
2014-04-24 02:12,6.707,0.002,0,0,0,0,v
2014-04-24 02:18,6.710,0.003,0,0,0,0,v
2014-04-24 02:24,6.714,0.002,0,0,0,0,v
2014-04-24 02:30,6.705,0.002,0,0,0,0,v
2014-04-24 02:36,6.726,0.003,0,0,0,0,v
2014-04-24 02:42,6.722,0.002,0,0,0,0,v
2014-04-24 02:48,6.719,0.006,0,0,0,0,v
2014-04-24 02:54,6.714,0.003,0,0,0,0,v
2014-04-24 03:00,6.715,0.003,0,0,0,0,v
2014-04-24 03:06,6.710,0.003,0,0,0,0,v
2014-04-24 03:12,6.711,0.004,0,0,0,0,v
2014-04-24 03:18,6.719,0.004,0,0,0,0,v
2014-04-24 03:24,6.727,0.003,0,0,0,0,v
2014-04-24 03:30,6.732,0.003,0,0,0,0,v
2014-04-24 03:36,6.739,0.002,0,0,0,0,v
2014-04-24 03:42,6.751,0.002,0,0,0,0,v
2014-04-24 03:48,6.761,0.002,0,0,0,0,v
2014-04-24 03:54,6.738,0.003,0,0,0,0,v
2014-04-24 04:00,6.739,0.002,0,0,0,0,v
2014-04-24 04:06,6.719,0.002,0,0,0,0,v
2014-04-24 04:12,6.714,0.004,0,0,0,0,v
2014-04-24 04:18,6.715,0.004,0,0,0,0,v
2014-04-24 04:24,6.697,0.003,0,0,0,0,v
2014-04-24 04:30,6.704,0.002,0,0,0,0,v
2014-04-24 04:36,6.693,0.003,0,0,0,0,v
2014-04-24 04:42,6.698,0.003,0,0,0,0,v
2014-04-24 04:48,6.691,0.003,0,0,0,0,v
2014-04-24 04:54,6.701,0.003,0,0,0,0,v
2014-04-24 05:00,6.714,0.003,0,0,0,0,v
2014-04-24 05:06,6.716,0.002,0,0,0,0,v
2014-04-24 05:12,6.738,0.002,0,0,0,0,v
2014-04-24 05:18,6.727,0.003,0,0,0,0,v
2014-04-24 05:24,6.733,0.002,0,0,0,0,v
2014-04-24 05:30,6.740,0.004,0,0,0,0,v
2014-04-24 05:36,6.731,0.005,0,0,0,0,v
2014-04-24 05:42,6.718,0.003,0,0,0,0,v
2014-04-24 05:48,6.702,0.003,0,0,0,0,v
2014-04-24 05:54,6.703,0.005,0,0,0,0,v
2014-04-24 06:00,6.707,0.003,0,0,0,0,v
2014-04-24 06:06,6.694,0.006,0,0,0,0,v
2014-04-24 06:12,6.722,0.003,0,0,0,0,v
2014-04-24 06:18,6.710,0.003,0,0,0,0,v
2014-04-24 06:24,6.683,0.002,0,0,0,0,v
2014-04-24 06:30,6.689,0.003,0,0,0,0,v
2014-04-24 06:36,6.731,0.004,0,0,0,0,v
2014-04-24 06:42,6.703,0.005,0,0,0,0,v
2014-04-24 06:48,6.682,0.005,0,0,0,0,v
2014-04-24 06:54,6.644,0.004,0,0,0,0,v
2014-04-24 07:00,6.676,0.004,0,0,0,0,v
2014-04-24 07:06,6.666,0.004,0,0,0,0,v
2014-04-24 07:12,6.625,0.005,0,0,0,0,v
2014-04-24 07:18,6.636,0.005,0,0,0,0,v
2014-04-24 07:24,6.647,0.003,0,0,0,0,v
2014-04-24 07:30,6.647,0.005,0,0,0,0,v
2014-04-24 07:36,6.618,0.004,0,0,0,0,v
2014-04-24 07:42,6.618,0.004,0,0,0,0,v
2014-04-24 07:48,6.605,0.004,0,0,0,0,v
2014-04-24 07:54,6.604,0.005,0,0,0,0,v
2014-04-24 08:00,6.628,0.003,0,0,0,0,v
2014-04-24 08:06,6.604,0.004,0,0,0,0,v
2014-04-24 08:12,6.577,0.003,0,0,0,0,v
2014-04-24 08:18,6.573,0.004,0,0,0,0,v
2014-04-24 08:24,6.581,0.005,0,0,0,0,v
2014-04-24 08:30,6.590,0.004,0,0,0,0,v
2014-04-24 08:36,6.587,0.008,0,0,0,0,v
2014-04-24 08:42,6.580,0.014,0,0,0,0,v
2014-04-24 08:48,6.540,0.004,0,0,0,0,v
2014-04-24 08:54,6.527,0.004,0,0,0,0,v
2014-04-24 09:00,6.554,0.003,0,0,0,0,v
2014-04-24 09:06,6.577,0.008,0,0,0,0,v
2014-04-24 09:12,6.630,0.007,0,0,0,0,v
2014-04-24 09:18,6.637,0.004,0,0,0,0,v
2014-04-24 09:24,6.580,0.006,0,0,0,0,v
2014-04-24 09:30,6.534,0.005,0,0,0,0,v
2014-04-24 09:36,6.536,0.003,0,0,0,0,v
2014-04-24 09:42,6.560,0.004,0,0,0,0,v
2014-04-24 09:48,6.564,0.005,0,0,0,0,v
2014-04-24 09:54,6.612,0.004,0,0,0,0,v
2014-04-24 10:00,6.632,0.004,0,0,0,0,v
2014-04-24 10:06,6.629,0.004,0,0,0,0,v
2014-04-24 10:12,6.614,0.006,0,0,0,0,v
2014-04-24 10:18,6.593,0.005,0,0,0,0,v
2014-04-24 10:24,6.600,0.006,0,0,0,0,v
2014-04-24 10:30,6.596,0.004,0,0,0,0,v
2014-04-24 10:36,6.578,0.004,0,0,0,0,v
2014-04-24 10:42,6.603,0.003,0,0,0,0,v
2014-04-24 10:48,6.641,0.006,0,0,0,0,v
2014-04-24 10:54,6.604,0.009,0,0,0,0,v
2014-04-24 11:00,6.567,0.004,0,0,0,0,v
2014-04-24 11:06,6.577,0.004,0,0,0,0,v
2014-04-24 11:12,6.586,0.005,0,0,0,0,v
2014-04-24 11:18,6.586,0.006,0,0,0,0,v
2014-04-24 11:24,6.551,0.004,0,0,0,0,v
2014-04-24 11:30,6.545,0.005,0,0,0,0,v
2014-04-24 11:36,6.573,0.003,0,0,0,0,v
2014-04-24 11:42,6.559,0.004,0,0,0,0,v
2014-04-24 11:48,6.547,0.005,0,0,0,0,v
2014-04-24 11:54,6.556,0.003,0,0,0,0,v
2014-04-24 12:00,6.559,0.004,0,0,0,0,v
2014-04-24 12:06,6.548,0.003,0,0,0,0,v
2014-04-24 12:12,6.562,0.004,0,0,0,0,v
2014-04-24 12:18,6.571,0.004,0,0,0,0,v
2014-04-24 12:24,6.583,0.004,0,0,0,0,v
2014-04-24 12:30,6.596,0.008,0,0,0,0,v
2014-04-24 12:36,6.613,0.003,0,0,0,0,v
2014-04-24 12:42,6.629,0.004,0,0,0,0,v
2014-04-24 12:48,6.650,0.003,0,0,0,0,v
2014-04-24 12:54,6.630,0.003,0,0,0,0,v
2014-04-24 13:00,6.647,0.003,0,0,0,0,v
2014-04-24 13:06,6.633,0.005,0,0,0,0,v
2014-04-24 13:12,6.659,0.004,0,0,0,0,v
2014-04-24 13:18,6.667,0.004,0,0,0,0,v
2014-04-24 13:24,6.680,0.004,0,0,0,0,v
2014-04-24 13:30,6.671,0.004,0,0,0,0,v
2014-04-24 13:36,6.670,0.004,0,0,0,0,v
2014-04-24 13:42,6.675,0.004,0,0,0,0,v
2014-04-24 13:48,6.650,0.004,0,0,0,0,v
2014-04-24 13:54,6.660,0.003,0,0,0,0,v
2014-04-24 14:00,6.668,0.005,0,0,0,0,v
2014-04-24 14:06,6.666,0.004,0,0,0,0,v
2014-04-24 14:12,6.659,0.003,0,0,0,0,v
2014-04-24 14:18,6.663,0.006,0,0,0,0,v
2014-04-24 14:24,6.672,0.003,0,0,0,0,v
2014-04-24 14:30,6.674,0.006,0,0,0,0,v
2014-04-24 14:36,6.698,0.003,0,0,0,0,v
2014-04-24 14:42,6.703,0.005,0,0,0,0,v
2014-04-24 14:48,6.693,0.005,0,0,0,0,v
2014-04-24 14:54,6.710,0.003,0,0,0,0,v
2014-04-24 15:00,6.711,0.004,0,0,0,0,v
2014-04-24 15:06,6.705,0.003,0,0,0,0,v
2014-04-24 15:12,6.723,0.003,0,0,0,0,v
2014-04-24 15:18,6.742,0.009,0,0,0,0,v
2014-04-24 15:24,6.772,0.004,0,0,0,0,v
2014-04-24 15:30,6.768,0.006,0,0,0,0,v
2014-04-24 15:36,6.804,0.003,0,0,0,0,v
2014-04-24 15:42,6.809,0.004,0,0,0,0,v
2014-04-24 15:48,6.812,0.003,0,0,0,0,v
2014-04-24 15:54,6.826,0.005,0,0,0,0,v
2014-04-24 16:00,6.831,0.002,0,0,0,0,v
2014-04-24 16:06,6.866,0.005,0,0,0,0,v
2014-04-24 16:12,6.879,0.005,0,0,0,0,v
2014-04-24 16:18,6.878,0.003,0,0,0,0,v
2014-04-24 16:24,6.848,0.004,0,0,0,0,v
2014-04-24 16:30,6.873,0.004,0,0,0,0,v
2014-04-24 16:36,6.886,0.004,0,0,0,0,v
2014-04-24 16:42,6.882,0.005,0,0,0,0,v
2014-04-24 16:48,6.891,0.004,0,0,0,0,v
2014-04-24 16:54,6.896,0.004,0,0,0,0,v
2014-04-24 17:00,6.907,0.004,0,0,0,0,v
2014-04-24 17:06,6.900,0.004,0,0,0,0,v
2014-04-24 17:12,6.876,0.004,0,0,0,0,v
2014-04-24 17:18,6.890,0.007,0,0,0,0,v
2014-04-24 17:24,6.896,0.004,0,0,0,0,v
2014-04-24 17:30,6.889,0.005,0,0,0,0,v
2014-04-24 17:36,6.872,0.008,0,0,0,0,v
2014-04-24 17:42,6.869,0.006,0,0,0,0,v
2014-04-24 17:48,6.859,0.005,0,0,0,0,v
2014-04-24 17:54,6.853,0.004,0,0,0,0,v
2014-04-24 18:00,6.865,0.004,0,0,0,0,v
2014-04-24 18:06,6.847,0.008,0,0,0,0,v
2014-04-24 18:12,6.840,0.007,0,0,0,0,v
2014-04-24 18:18,6.851,0.005,0,0,0,0,v
2014-04-24 18:24,6.851,0.005,0,0,0,0,v
2014-04-24 18:30,6.830,0.004,0,0,0,0,v
2014-04-24 18:36,6.817,0.006,0,0,0,0,v
2014-04-24 18:42,6.828,0.009,0,0,0,0,v
2014-04-24 18:48,6.805,0.007,0,0,0,0,v
2014-04-24 18:54,6.821,0.007,0,0,0,0,v
2014-04-24 19:00,6.824,0.005,0,0,0,0,v
2014-04-24 19:06,6.803,0.009,0,0,0,0,v
2014-04-24 19:12,6.802,0.006,0,0,0,0,v
2014-04-24 19:18,6.822,0.007,0,0,0,0,v
2014-04-24 19:24,6.814,0.005,0,0,0,0,v
2014-04-24 19:30,6.819,0.007,0,0,0,0,v
2014-04-24 19:36,6.808,0.006,0,0,0,0,v
2014-04-24 19:42,6.787,0.006,0,0,0,0,v
2014-04-24 19:48,6.801,0.007,0,0,0,0,v
2014-04-24 19:54,6.787,0.006,0,0,0,0,v
2014-04-24 20:00,6.789,0.007,0,0,0,0,v
2014-04-24 20:06,6.818,0.004,0,0,0,0,v
2014-04-24 20:12,6.785,0.008,0,0,0,0,v
2014-04-24 20:18,6.777,0.007,0,0,0,0,v
2014-04-24 20:24,6.766,0.005,0,0,0,0,v
2014-04-24 20:30,6.771,0.007,0,0,0,0,v
2014-04-24 20:36,6.776,0.005,0,0,0,0,v
2014-04-24 20:42,6.769,0.007,0,0,0,0,v
2014-04-24 20:48,6.749,0.012,0,0,0,0,v
2014-04-24 20:54,6.754,0.006,0,0,0,0,v
2014-04-24 21:00,6.744,0.005,0,0,0,0,v
2014-04-24 21:06,6.719,0.010,0,0,0,0,v
2014-04-24 21:12,6.729,0.005,0,0,0,0,v
2014-04-24 21:18,6.733,0.005,0,0,0,0,v
2014-04-24 21:24,6.736,0.009,0,0,0,0,v
2014-04-24 21:30,6.719,0.008,0,0,0,0,v
2014-04-24 21:36,6.709,0.006,0,0,0,0,v
2014-04-24 21:42,6.703,0.008,0,0,0,0,v
2014-04-24 21:48,6.690,0.008,0,0,0,0,v
2014-04-24 21:54,6.699,0.006,0,0,0,0,v
2014-04-24 22:00,6.706,0.007,0,0,0,0,v
2014-04-24 22:06,6.723,0.004,0,0,0,0,v
2014-04-24 22:12,6.716,0.007,0,0,0,0,v
2014-04-24 22:18,6.721,0.006,0,0,0,0,v
2014-04-24 22:24,6.706,0.005,0,0,0,0,v
2014-04-24 22:30,6.685,0.006,0,0,0,0,v
2014-04-24 22:36,6.721,0.004,0,0,0,0,v
2014-04-24 22:42,6.693,0.005,0,0,0,0,v
2014-04-24 22:48,6.697,0.005,0,0,0,0,v
2014-04-24 22:54,6.684,0.005,0,0,0,0,v
2014-04-24 23:00,6.705,0.005,0,0,0,0,v
2014-04-24 23:06,6.716,0.007,0,0,0,0,v
2014-04-24 23:12,6.696,0.006,0,0,0,0,v
2014-04-24 23:18,6.705,0.007,0,0,0,0,v
2014-04-24 23:24,6.692,0.011,0,0,0,0,v
2014-04-24 23:30,6.653,0.009,0,0,0,0,v
2014-04-24 23:36,6.667,0.005,0,0,0,0,v
2014-04-24 23:42,6.663,0.007,0,0,0,0,v
2014-04-24 23:48,6.660,0.006,0,0,0,0,v
2014-04-24 23:54,6.678,0.007,0,0,0,0,v
2014-04-25 00:00,6.657,0.006,0,0,0,0,v
2014-04-25 00:06,6.647,0.004,0,0,0,0,v
2014-04-25 00:12,6.625,0.007,0,0,0,0,v
2014-04-25 00:18,6.626,0.005,0,0,0,0,v
2014-04-25 00:24,6.645,0.005,0,0,0,0,v
2014-04-25 00:30,6.646,0.006,0,0,0,0,v
2014-04-25 00:36,6.657,0.005,0,0,0,0,v
2014-04-25 00:42,6.653,0.005,0,0,0,0,v
2014-04-25 00:48,6.662,0.007,0,0,0,0,v
2014-04-25 00:54,6.652,0.006,0,0,0,0,v
2014-04-25 01:00,6.630,0.008,0,0,0,0,v
2014-04-25 01:06,6.630,0.006,0,0,0,0,v
2014-04-25 01:12,6.621,0.008,0,0,0,0,v
2014-04-25 01:18,6.618,0.007,0,0,0,0,v
2014-04-25 01:24,6.619,0.004,0,0,0,0,v
2014-04-25 01:30,6.623,0.006,0,0,0,0,v
2014-04-25 01:36,6.620,0.007,0,0,0,0,v
2014-04-25 01:42,6.629,0.005,0,0,0,0,v
2014-04-25 01:48,6.640,0.005,0,0,0,0,v
2014-04-25 01:54,6.628,0.005,0,0,0,0,v
2014-04-25 02:00,6.639,0.004,0,0,0,0,v
2014-04-25 02:06,6.658,0.005,0,0,0,0,v
2014-04-25 02:12,6.678,0.006,0,0,0,0,v
2014-04-25 02:18,6.681,0.004,0,0,0,0,v
2014-04-25 02:24,6.682,0.004,0,0,0,0,v
2014-04-25 02:30,6.700,0.007,0,0,0,0,v
2014-04-25 02:36,6.727,0.006,0,0,0,0,v
2014-04-25 02:42,6.689,0.008,0,0,0,0,v
2014-04-25 02:48,6.694,0.007,0,0,0,0,v
2014-04-25 02:54,6.720,0.006,0,0,0,0,v
2014-04-25 03:00,6.721,0.004,0,0,0,0,v
2014-04-25 03:06,6.734,0.004,0,0,0,0,v
2014-04-25 03:12,6.756,0.007,0,0,0,0,v
2014-04-25 03:18,6.743,0.007,0,0,0,0,v
2014-04-25 03:24,6.740,0.006,0,0,0,0,v
2014-04-25 03:30,6.724,0.005,0,0,0,0,v
2014-04-25 03:36,6.748,0.010,0,0,0,0,v
2014-04-25 03:42,6.751,0.005,0,0,0,0,v
2014-04-25 03:48,6.749,0.004,0,0,0,0,v
2014-04-25 03:54,6.765,0.005,0,0,0,0,v
2014-04-25 04:00,6.758,0.007,0,0,0,0,v
2014-04-25 04:06,6.771,0.005,0,0,0,0,v
2014-04-25 04:12,6.772,0.006,0,0,0,0,v
2014-04-25 04:18,6.763,0.005,0,0,0,0,v
2014-04-25 04:24,6.789,0.004,0,0,0,0,v
2014-04-25 04:30,6.778,0.006,0,0,0,0,v
2014-04-25 04:36,6.778,0.006,0,0,0,0,v
2014-04-25 04:42,6.770,0.004,0,0,0,0,v
2014-04-25 04:48,6.765,0.007,0,0,0,0,v
2014-04-25 04:54,6.744,0.007,0,0,0,0,v
2014-04-25 05:00,6.724,0.008,0,0,0,0,v
2014-04-25 05:06,6.737,0.006,0,0,0,0,v
2014-04-25 05:12,6.738,0.005,0,0,0,0,v
2014-04-25 05:18,6.734,0.006,0,0,0,0,v
2014-04-25 05:24,6.716,0.003,0,0,0,0,v
2014-04-25 05:30,6.716,0.007,0,0,0,0,v
2014-04-25 05:36,6.730,0.005,0,0,0,0,v
2014-04-25 05:42,6.704,0.006,0,0,0,0,v
2014-04-25 05:48,6.717,0.007,0,0,0,0,v
2014-04-25 05:54,6.731,0.004,0,0,0,0,v
2014-04-25 06:00,6.748,0.005,0,0,0,0,v
2014-04-25 06:06,6.740,0.004,0,0,0,0,v
2014-04-25 06:12,6.739,0.004,0,0,0,0,v
2014-04-25 06:18,6.720,0.006,0,0,0,0,v
2014-04-25 06:24,6.745,0.004,0,0,0,0,v
2014-04-25 06:30,6.725,0.005,0,0,0,0,v
2014-04-25 06:36,6.734,0.005,0,0,0,0,v
2014-04-25 06:42,6.724,0.005,0,0,0,0,v
2014-04-25 06:48,6.706,0.005,0,0,0,0,v
2014-04-25 06:54,6.710,0.003,0,0,0,0,v
2014-04-25 07:00,6.679,0.009,0,0,0,0,v
2014-04-25 07:06,6.675,0.009,0,0,0,0,v
2014-04-25 07:12,6.701,0.006,0,0,0,0,v
2014-04-25 07:18,6.703,0.004,0,0,0,0,v
2014-04-25 07:24,6.684,0.004,0,0,0,0,v
2014-04-25 07:30,6.687,0.005,0,0,0,0,v
2014-04-25 07:36,6.672,0.006,0,0,0,0,v
2014-04-25 07:42,6.684,0.005,0,0,0,0,v
2014-04-25 07:48,6.694,0.004,0,0,0,0,v
2014-04-25 07:54,6.698,0.004,0,0,0,0,v
2014-04-25 08:00,6.718,0.005,0,0,0,0,v
2014-04-25 08:06,6.702,0.007,0,0,0,0,v
2014-04-25 08:12,6.679,0.006,0,0,0,0,v
2014-04-25 08:18,6.687,0.006,0,0,0,0,v
2014-04-25 08:24,6.656,0.004,0,0,0,0,v
2014-04-25 08:30,6.662,0.005,0,0,0,0,v
2014-04-25 08:36,6.647,0.009,0,0,0,0,v
2014-04-25 08:42,6.623,0.005,0,0,0,0,v
2014-04-25 08:48,6.620,0.003,0,0,0,0,v
2014-04-25 08:54,6.617,0.004,0,0,0,0,v
2014-04-25 09:00,6.650,0.011,0,0,0,0,v
2014-04-25 09:06,6.608,0.005,0,0,0,0,v
2014-04-25 09:12,6.606,0.003,0,0,0,0,v
2014-04-25 09:18,6.612,0.005,0,0,0,0,v
2014-04-25 09:24,6.644,0.005,0,0,0,0,v
2014-04-25 09:30,6.598,0.007,0,0,0,0,v
2014-04-25 09:36,6.595,0.004,0,0,0,0,v
2014-04-25 09:42,6.618,0.004,0,0,0,0,v
2014-04-25 09:48,6.603,0.004,0,0,0,0,v
2014-04-25 09:54,6.600,0.004,0,0,0,0,v
2014-04-25 10:00,6.605,0.004,0,0,0,0,v
2014-04-25 10:06,6.585,0.004,0,0,0,0,v
2014-04-25 10:12,6.584,0.004,0,0,0,0,v
2014-04-25 10:18,6.576,0.008,0,0,0,0,v
2014-04-25 10:24,6.562,0.005,0,0,0,0,v
2014-04-25 10:30,6.586,0.009,0,0,0,0,v
2014-04-25 10:36,6.590,0.005,0,0,0,0,v
2014-04-25 10:42,6.595,0.009,0,0,0,0,v
2014-04-25 10:48,6.623,0.003,0,0,0,0,v
2014-04-25 10:54,6.610,0.004,0,0,0,0,v
2014-04-25 11:00,6.605,0.006,0,0,0,0,v
2014-04-25 11:06,6.577,0.005,0,0,0,0,v
2014-04-25 11:12,6.587,0.004,0,0,0,0,v
2014-04-25 11:18,6.611,0.003,0,0,0,0,v
2014-04-25 11:24,6.581,0.003,0,0,0,0,v
2014-04-25 11:30,6.591,0.004,0,0,0,0,v
2014-04-25 11:36,6.568,0.005,0,0,0,0,v
2014-04-25 11:42,6.575,0.004,0,0,0,0,v
2014-04-25 11:48,6.579,0.004,0,0,0,0,v
2014-04-25 11:54,6.569,0.004,0,0,0,0,v
2014-04-25 12:00,6.557,0.007,0,0,0,0,v
2014-04-25 12:06,6.513,0.003,0,0,0,0,v
2014-04-25 12:12,6.534,0.003,0,0,0,0,v
2014-04-25 12:18,6.532,0.006,0,0,0,0,v
2014-04-25 12:24,6.578,0.006,0,0,0,0,v
2014-04-25 12:30,6.594,0.005,0,0,0,0,v
2014-04-25 12:36,6.581,0.004,0,0,0,0,v
2014-04-25 12:42,6.571,0.005,0,0,0,0,v
2014-04-25 12:48,6.560,0.004,0,0,0,0,v
2014-04-25 12:54,6.586,0.005,0,0,0,0,v
2014-04-25 13:00,6.582,0.005,0,0,0,0,v
2014-04-25 13:06,6.544,0.005,0,0,0,0,v
2014-04-25 13:12,6.543,0.004,0,0,0,0,v
2014-04-25 13:18,6.567,0.003,0,0,0,0,v
2014-04-25 13:24,6.574,0.006,0,0,0,0,v
2014-04-25 13:30,6.594,0.003,0,0,0,0,v
2014-04-25 13:36,6.611,0.003,0,0,0,0,v
2014-04-25 13:42,6.578,0.005,0,0,0,0,v
2014-04-25 13:48,6.566,0.003,0,0,0,0,v
2014-04-25 13:54,6.568,0.008,0,0,0,0,v
2014-04-25 14:00,6.619,0.004,0,0,0,0,v
2014-04-25 14:06,6.595,0.007,0,0,0,0,v
2014-04-25 14:12,6.578,0.006,0,0,0,0,v
2014-04-25 14:18,6.607,0.004,0,0,0,0,v
2014-04-25 14:24,6.581,0.004,0,0,0,0,v
2014-04-25 14:30,6.587,0.005,0,0,0,0,v
2014-04-25 14:36,6.586,0.004,0,0,0,0,v
2014-04-25 14:42,6.613,0.006,0,0,0,0,v
2014-04-25 14:48,6.633,0.003,0,0,0,0,v
2014-04-25 14:54,6.644,0.007,0,0,0,0,v
2014-04-25 15:00,6.676,0.003,0,0,0,0,v
2014-04-25 15:06,6.693,0.004,0,0,0,0,v
2014-04-25 15:12,6.693,0.004,0,0,0,0,v
2014-04-25 15:18,6.669,0.004,0,0,0,0,v
2014-04-25 15:24,6.702,0.004,0,0,0,0,v
2014-04-25 15:30,6.684,0.004,0,0,0,0,v
2014-04-25 15:36,6.680,0.004,0,0,0,0,v
2014-04-25 15:42,6.651,0.004,0,0,0,0,v
2014-04-25 15:48,6.651,0.005,0,0,0,0,v
2014-04-25 15:54,6.669,0.009,0,0,0,0,v
2014-04-25 16:00,6.716,0.005,0,0,0,0,v
2014-04-25 16:06,6.785,0.006,0,0,0,0,v
2014-04-25 16:12,6.748,0.009,0,0,0,0,v
2014-04-25 16:18,6.736,0.009,0,0,0,0,v
2014-04-25 16:24,6.761,0.007,0,0,0,0,v
2014-04-25 16:30,6.750,0.003,0,0,0,0,v
2014-04-25 16:36,6.767,0.004,0,0,0,0,v
2014-04-25 16:42,6.767,0.004,0,0,0,0,v
2014-04-25 16:48,6.771,0.004,0,0,0,0,v
2014-04-25 16:54,6.771,0.003,0,0,0,0,v
2014-04-25 17:00,6.754,0.005,0,0,0,0,v
2014-04-25 17:06,6.750,0.006,0,0,0,0,v
2014-04-25 17:12,6.727,0.005,0,0,0,0,v
2014-04-25 17:18,6.739,0.004,0,0,0,0,v
2014-04-25 17:24,6.737,0.005,0,0,0,0,v
2014-04-25 17:30,6.743,0.007,0,0,0,0,v
2014-04-25 17:36,6.767,0.005,0,0,0,0,v
2014-04-25 17:42,6.768,0.004,0,0,0,0,v
2014-04-25 17:48,6.751,0.003,0,0,0,0,v
2014-04-25 17:54,6.735,0.003,0,0,0,0,v
2014-04-25 18:00,6.736,0.007,0,0,0,0,v
2014-04-25 18:06,6.756,0.003,0,0,0,0,v
2014-04-25 18:12,6.756,0.006,0,0,0,0,v
2014-04-25 18:18,6.732,0.003,0,0,0,0,v
2014-04-25 18:24,6.747,0.004,0,0,0,0,v
2014-04-25 18:30,6.733,0.003,0,0,0,0,v
2014-04-25 18:36,6.736,0.003,0,0,0,0,v
2014-04-25 18:42,6.726,0.003,0,0,0,0,v
2014-04-25 18:48,6.742,0.005,0,0,0,0,v
2014-04-25 18:54,6.746,0.004,0,0,0,0,v
2014-04-25 19:00,6.738,0.003,0,0,0,0,v
2014-04-25 19:06,6.754,0.005,0,0,0,0,v
2014-04-25 19:12,6.754,0.004,0,0,0,0,v
2014-04-25 19:18,6.746,0.005,0,0,0,0,v
2014-04-25 19:24,6.749,0.005,0,0,0,0,v
2014-04-25 19:30,6.749,0.003,0,0,0,0,v
2014-04-25 19:36,6.751,0.003,0,0,0,0,v
2014-04-25 19:42,6.750,0.004,0,0,0,0,v
2014-04-25 19:48,6.734,0.004,0,0,0,0,v
2014-04-25 19:54,6.727,0.004,0,0,0,0,v
2014-04-25 20:00,6.690,0.003,0,0,0,0,v
2014-04-25 20:06,6.713,0.003,0,0,0,0,v
2014-04-25 20:12,6.709,0.005,0,0,0,0,v
2014-04-25 20:18,6.723,0.005,0,0,0,0,v
2014-04-25 20:24,6.738,0.003,0,0,0,0,v
2014-04-25 20:30,6.697,0.006,0,0,0,0,v
2014-04-25 20:36,6.676,0.003,0,0,0,0,v
2014-04-25 20:42,6.686,0.005,0,0,0,0,v
2014-04-25 20:48,6.686,0.005,0,0,0,0,v
2014-04-25 20:54,6.677,0.004,0,0,0,0,v
2014-04-25 21:00,6.664,0.006,0,0,0,0,v
2014-04-25 21:06,6.645,0.003,0,0,0,0,v
2014-04-25 21:12,6.676,0.004,0,0,0,0,v
2014-04-25 21:18,6.653,0.003,0,0,0,0,v
2014-04-25 21:24,6.646,0.003,0,0,0,0,v
2014-04-25 21:30,6.664,0.002,0,0,0,0,v
2014-04-25 21:36,6.655,0.007,0,0,0,0,v
2014-04-25 21:42,6.656,0.004,0,0,0,0,v
2014-04-25 21:48,6.654,0.003,0,0,0,0,v
2014-04-25 21:54,6.659,0.003,0,0,0,0,v
2014-04-25 22:00,6.645,0.004,0,0,0,0,v
2014-04-25 22:06,6.649,0.004,0,0,0,0,v
2014-04-25 22:12,6.648,0.003,0,0,0,0,v
2014-04-25 22:18,6.646,0.004,0,0,0,0,v
2014-04-25 22:24,6.629,0.004,0,0,0,0,v
2014-04-25 22:30,6.637,0.004,0,0,0,0,v
2014-04-25 22:36,6.610,0.004,0,0,0,0,v
2014-04-25 22:42,6.605,0.004,0,0,0,0,v
2014-04-25 22:48,6.614,0.003,0,0,0,0,v
2014-04-25 22:54,6.591,0.005,0,0,0,0,v
2014-04-25 23:00,6.579,0.004,0,0,0,0,v
2014-04-25 23:06,6.591,0.003,0,0,0,0,v
2014-04-25 23:12,6.609,0.002,0,0,0,0,v
2014-04-25 23:18,6.597,0.004,0,0,0,0,v
2014-04-25 23:24,6.627,0.002,0,0,0,0,v
2014-04-25 23:30,6.613,0.002,0,0,0,0,v
2014-04-25 23:36,6.624,0.004,0,0,0,0,v
2014-04-25 23:42,6.598,0.004,0,0,0,0,v
2014-04-25 23:48,6.596,0.002,0,0,0,0,v
2014-04-25 23:54,6.601,0.003,0,0,0,0,v
2014-04-26 00:00,6.587,0.005,0,0,0,0,v
2014-04-26 00:06,6.553,0.004,0,0,0,0,v
2014-04-26 00:12,6.550,0.003,0,0,0,0,v
2014-04-26 00:18,6.553,0.003,0,0,0,0,v
2014-04-26 00:24,6.550,0.003,0,0,0,0,v
2014-04-26 00:30,6.559,0.003,0,0,0,0,v
2014-04-26 00:36,6.564,0.004,0,0,0,0,v
2014-04-26 00:42,6.562,0.004,0,0,0,0,v
2014-04-26 00:48,6.594,0.003,0,0,0,0,v
2014-04-26 00:54,6.577,0.002,0,0,0,0,v
2014-04-26 01:00,6.584,0.002,0,0,0,0,v
2014-04-26 01:06,6.589,0.002,0,0,0,0,v
2014-04-26 01:12,6.597,0.004,0,0,0,0,v
2014-04-26 01:18,6.611,0.005,0,0,0,0,v
2014-04-26 01:24,6.635,0.003,0,0,0,0,v
2014-04-26 01:30,6.634,0.002,0,0,0,0,v
2014-04-26 01:36,6.623,0.002,0,0,0,0,v
2014-04-26 01:42,6.641,0.003,0,0,0,0,v
2014-04-26 01:48,6.610,0.002,0,0,0,0,v
2014-04-26 01:54,6.622,0.003,0,0,0,0,v
2014-04-26 02:00,6.609,0.004,0,0,0,0,v
2014-04-26 02:06,6.622,0.002,0,0,0,0,v
2014-04-26 02:12,6.613,0.002,0,0,0,0,v
2014-04-26 02:18,6.648,0.003,0,0,0,0,v
2014-04-26 02:24,6.647,0.003,0,0,0,0,v
2014-04-26 02:30,6.654,0.003,0,0,0,0,v
2014-04-26 02:36,6.618,0.003,0,0,0,0,v
2014-04-26 02:42,6.645,0.003,0,0,0,0,v
2014-04-26 02:48,6.635,0.003,0,0,0,0,v
2014-04-26 02:54,6.644,0.002,0,0,0,0,v
2014-04-26 03:00,6.651,0.002,0,0,0,0,v
2014-04-26 03:06,6.657,0.003,0,0,0,0,v
2014-04-26 03:12,6.652,0.002,0,0,0,0,v
2014-04-26 03:18,6.665,0.002,0,0,0,0,v
2014-04-26 03:24,6.687,0.003,0,0,0,0,v
2014-04-26 03:30,6.679,0.004,0,0,0,0,v
2014-04-26 03:36,6.681,0.004,0,0,0,0,v
2014-04-26 03:42,6.658,0.002,0,0,0,0,v
2014-04-26 03:48,6.698,0.008,0,0,0,0,v
2014-04-26 03:54,6.733,0.001,0,0,0,0,v
2014-04-26 04:00,6.734,0.004,0,0,0,0,v
2014-04-26 04:06,6.756,0.002,0,0,0,0,v
2014-04-26 04:12,6.737,0.003,0,0,0,0,v
2014-04-26 04:18,6.751,0.005,0,0,0,0,v
2014-04-26 04:24,6.779,0.005,0,0,0,0,v
2014-04-26 04:30,6.783,0.004,0,0,0,0,v
2014-04-26 04:36,6.784,0.002,0,0,0,0,v
2014-04-26 04:42,6.798,0.004,0,0,0,0,v
2014-04-26 04:48,6.826,0.003,0,0,0,0,v
2014-04-26 04:54,6.823,0.003,0,0,0,0,v
2014-04-26 05:00,6.794,0.002,0,0,0,0,v
2014-04-26 05:06,6.831,0.005,0,0,0,0,v
2014-04-26 05:12,6.839,0.002,0,0,0,0,v
2014-04-26 05:18,6.822,0.004,0,0,0,0,v
2014-04-26 05:24,6.823,0.005,0,0,0,0,v
2014-04-26 05:30,6.867,0.004,0,0,0,0,v
2014-04-26 05:36,6.881,0.003,0,0,0,0,v
2014-04-26 05:42,6.895,0.003,0,0,0,0,v
2014-04-26 05:48,6.878,0.002,0,0,0,0,v
2014-04-26 05:54,6.903,0.004,0,0,0,0,v
2014-04-26 06:00,6.906,0.002,0,0,0,0,v
2014-04-26 06:06,6.889,0.002,0,0,0,0,v
2014-04-26 06:12,6.894,0.002,0,0,0,0,v
2014-04-26 06:18,6.885,0.002,0,0,0,0,v
2014-04-26 06:24,6.912,0.004,0,0,0,0,v
2014-04-26 06:30,6.905,0.006,0,0,0,0,v
2014-04-26 06:36,6.864,0.007,0,0,0,0,v
2014-04-26 06:42,6.872,0.003,0,0,0,0,v
2014-04-26 06:48,6.864,0.004,0,0,0,0,v
2014-04-26 06:54,6.886,0.003,0,0,0,0,v
2014-04-26 07:00,6.882,0.003,0,0,0,0,v
2014-04-26 07:06,6.868,0.007,0,0,0,0,v
2014-04-26 07:12,6.858,0.003,0,0,0,0,v
2014-04-26 07:18,6.834,0.003,0,0,0,0,v
2014-04-26 07:24,6.819,0.002,0,0,0,0,v
2014-04-26 07:30,6.817,0.003,0,0,0,0,v
2014-04-26 07:36,6.825,0.004,0,0,0,0,v
2014-04-26 07:42,6.816,0.005,0,0,0,0,v
2014-04-26 07:48,6.794,0.003,0,0,0,0,v
2014-04-26 07:54,6.817,0.011,0,0,0,0,v
2014-04-26 08:00,6.835,0.006,0,0,0,0,v
2014-04-26 08:06,6.836,0.003,0,0,0,0,v
2014-04-26 08:12,6.844,0.004,0,0,0,0,v
2014-04-26 08:18,6.823,0.004,0,0,0,0,v
2014-04-26 08:24,6.841,0.003,0,0,0,0,v
2014-04-26 08:30,6.826,0.004,0,0,0,0,v
2014-04-26 08:36,6.797,0.005,0,0,0,0,v
2014-04-26 08:42,6.776,0.005,0,0,0,0,v
2014-04-26 08:48,6.796,0.003,0,0,0,0,v
2014-04-26 08:54,6.764,0.005,0,0,0,0,v
2014-04-26 09:00,6.758,0.005,0,0,0,0,v
2014-04-26 09:06,6.762,0.005,0,0,0,0,v
2014-04-26 09:12,6.759,0.003,0,0,0,0,v
2014-04-26 09:18,6.764,0.005,0,0,0,0,v
2014-04-26 09:24,6.785,0.003,0,0,0,0,v
2014-04-26 09:30,6.742,0.005,0,0,0,0,v
2014-04-26 09:36,6.760,0.004,0,0,0,0,v
2014-04-26 09:42,6.753,0.004,0,0,0,0,v
2014-04-26 09:48,6.736,0.003,0,0,0,0,v
2014-04-26 09:54,6.756,0.006,0,0,0,0,v
2014-04-26 10:00,6.777,0.003,0,0,0,0,v
2014-04-26 10:06,6.757,0.011,0,0,0,0,v
2014-04-26 10:12,6.719,0.003,0,0,0,0,v
2014-04-26 10:18,6.748,0.005,0,0,0,0,v
2014-04-26 10:24,6.745,0.003,0,0,0,0,v
2014-04-26 10:30,6.730,0.007,0,0,0,0,v
2014-04-26 10:36,6.724,0.002,0,0,0,0,v
2014-04-26 10:42,6.717,0.006,0,0,0,0,v
2014-04-26 10:48,6.780,0.005,0,0,0,0,v
2014-04-26 10:54,6.742,0.006,0,0,0,0,v
2014-04-26 11:00,6.752,0.005,0,0,0,0,v
2014-04-26 11:06,6.744,0.004,0,0,0,0,v
2014-04-26 11:12,6.745,0.004,0,0,0,0,v
2014-04-26 11:18,6.749,0.008,0,0,0,0,v
2014-04-26 11:24,6.740,0.003,0,0,0,0,v
2014-04-26 11:30,6.749,0.003,0,0,0,0,v
2014-04-26 11:36,6.712,0.004,0,0,0,0,v
2014-04-26 11:42,6.701,0.007,0,0,0,0,v
2014-04-26 11:48,6.696,0.003,0,0,0,0,v
2014-04-26 11:54,6.697,0.007,0,0,0,0,v
2014-04-26 12:00,6.713,0.005,0,0,0,0,v
2014-04-26 12:06,6.718,0.006,0,0,0,0,v
2014-04-26 12:12,6.679,0.003,0,0,0,0,v
2014-04-26 12:18,6.653,0.005,0,0,0,0,v
2014-04-26 12:24,6.694,0.004,0,0,0,0,v
2014-04-26 12:30,6.647,0.004,0,0,0,0,v
2014-04-26 12:36,6.612,0.003,0,0,0,0,v
2014-04-26 12:42,6.651,0.006,0,0,0,0,v
2014-04-26 12:48,6.676,0.004,0,0,0,0,v
2014-04-26 12:54,6.693,0.009,0,0,0,0,v
2014-04-26 13:00,6.677,0.004,0,0,0,0,v
2014-04-26 13:06,6.629,0.003,0,0,0,0,v
2014-04-26 13:12,6.663,0.004,0,0,0,0,v
2014-04-26 13:18,6.703,0.005,0,0,0,0,v
2014-04-26 13:24,6.747,0.012,0,0,0,0,v
2014-04-26 13:30,6.728,0.006,0,0,0,0,v
2014-04-26 13:36,6.708,0.005,0,0,0,0,v
2014-04-26 13:42,6.689,0.016,0,0,0,0,v
2014-04-26 13:48,6.682,0.007,0,0,0,0,v
2014-04-26 13:54,6.677,0.004,0,0,0,0,v
2014-04-26 14:00,6.684,0.006,0,0,0,0,v
2014-04-26 14:06,6.680,0.009,0,0,0,0,v
2014-04-26 14:12,6.732,0.004,0,0,0,0,v
2014-04-26 14:18,6.724,0.003,0,0,0,0,v
2014-04-26 14:24,6.686,0.013,0,0,0,0,v
2014-04-26 14:30,6.652,0.002,0,0,0,0,v
2014-04-26 14:36,6.650,0.006,0,0,0,0,v
2014-04-26 14:42,6.638,0.007,0,0,0,0,v
2014-04-26 14:48,6.641,0.002,0,0,0,0,v
2014-04-26 14:54,6.677,0.008,0,0,0,0,v
2014-04-26 15:00,6.692,0.006,0,0,0,0,v
2014-04-26 15:06,6.719,0.003,0,0,0,0,v
2014-04-26 15:12,6.695,0.010,0,0,0,0,v
2014-04-26 15:18,6.709,0.010,0,0,0,0,v
2014-04-26 15:24,6.710,0.013,0,0,0,0,v
2014-04-26 15:30,6.768,0.002,0,0,0,0,v
2014-04-26 15:36,6.735,0.005,0,0,0,0,v
2014-04-26 15:42,6.717,0.004,0,0,0,0,v
2014-04-26 15:48,6.722,0.006,0,0,0,0,v
2014-04-26 15:54,6.725,0.008,0,0,0,0,v
2014-04-26 16:00,6.703,0.007,0,0,0,0,v
2014-04-26 16:06,6.740,0.004,0,0,0,0,v
2014-04-26 16:12,6.795,0.005,0,0,0,0,v
2014-04-26 16:18,6.820,0.003,0,0,0,0,v
2014-04-26 16:24,6.821,0.003,0,0,0,0,v
2014-04-26 16:30,6.783,0.002,0,0,0,0,v
2014-04-26 16:36,6.793,0.004,0,0,0,0,v
2014-04-26 16:42,6.777,0.004,0,0,0,0,v
2014-04-26 16:48,6.762,0.003,0,0,0,0,v
2014-04-26 16:54,6.773,0.003,0,0,0,0,v
2014-04-26 17:00,6.800,0.003,0,0,0,0,v
2014-04-26 17:06,6.779,0.003,0,0,0,0,v
2014-04-26 17:12,6.777,0.003,0,0,0,0,v
2014-04-26 17:18,6.796,0.005,0,0,0,0,v
2014-04-26 17:24,6.809,0.004,0,0,0,0,v
2014-04-26 17:30,6.816,0.004,0,0,0,0,v
2014-04-26 17:36,6.792,0.003,0,0,0,0,v
2014-04-26 17:42,6.788,0.003,0,0,0,0,v
2014-04-26 17:48,6.818,0.010,0,0,0,0,v
2014-04-26 17:54,6.823,0.005,0,0,0,0,v
2014-04-26 18:00,6.788,0.003,0,0,0,0,v
2014-04-26 18:06,6.768,0.005,0,0,0,0,v
2014-04-26 18:12,6.770,0.002,0,0,0,0,v
2014-04-26 18:18,6.763,0.006,0,0,0,0,v
2014-04-26 18:24,6.787,0.003,0,0,0,0,v
2014-04-26 18:30,6.792,0.002,0,0,0,0,v
2014-04-26 18:36,6.784,0.004,0,0,0,0,v
2014-04-26 18:42,6.852,0.016,0,0,0,0,v
2014-04-26 18:48,6.870,0.006,0,0,0,0,v
2014-04-26 18:54,6.862,0.002,0,0,0,0,v
2014-04-26 19:00,6.835,0.002,0,0,0,0,v
2014-04-26 19:06,6.823,0.002,0,0,0,0,v
2014-04-26 19:12,6.788,0.004,0,0,0,0,v
2014-04-26 19:18,6.805,0.007,0,0,0,0,v
2014-04-26 19:24,6.839,0.003,0,0,0,0,v
2014-04-26 19:30,6.786,0.008,0,0,0,0,v
2014-04-26 19:36,6.793,0.003,0,0,0,0,v
2014-04-26 19:42,6.780,0.002,0,0,0,0,v
2014-04-26 19:48,6.784,0.003,0,0,0,0,v
2014-04-26 19:54,6.753,0.004,0,0,0,0,v
2014-04-26 20:00,6.758,0.003,0,0,0,0,v
2014-04-26 20:06,6.745,0.007,0,0,0,0,v
2014-04-26 20:12,6.779,0.003,0,0,0,0,v
2014-04-26 20:18,6.785,0.003,0,0,0,0,v
2014-04-26 20:24,6.770,0.007,0,0,0,0,v
2014-04-26 20:30,6.745,0.003,0,0,0,0,v
2014-04-26 20:36,6.732,0.003,0,0,0,0,v
2014-04-26 20:42,6.739,0.005,0,0,0,0,v
2014-04-26 20:48,6.728,0.006,0,0,0,0,v
2014-04-26 20:54,6.715,0.003,0,0,0,0,v
2014-04-26 21:00,6.710,0.002,0,0,0,0,v
2014-04-26 21:06,6.713,0.003,0,0,0,0,v
2014-04-26 21:12,6.714,0.004,0,0,0,0,v
2014-04-26 21:18,6.708,0.003,0,0,0,0,v
2014-04-26 21:24,6.721,0.007,0,0,0,0,v
2014-04-26 21:30,6.719,0.005,0,0,0,0,v
2014-04-26 21:36,6.712,0.002,0,0,0,0,v
2014-04-26 21:42,6.725,0.003,0,0,0,0,v
2014-04-26 21:48,6.696,0.002,0,0,0,0,v
2014-04-26 21:54,6.674,0.007,0,0,0,0,v
2014-04-26 22:00,6.654,0.004,0,0,0,0,v
2014-04-26 22:06,6.651,0.003,0,0,0,0,v
2014-04-26 22:12,6.682,0.004,0,0,0,0,v
2014-04-26 22:18,6.687,0.003,0,0,0,0,v
2014-04-26 22:24,6.682,0.003,0,0,0,0,v
2014-04-26 22:30,6.651,0.006,0,0,0,0,v
2014-04-26 22:36,6.637,0.004,0,0,0,0,v
2014-04-26 22:42,6.629,0.002,0,0,0,0,v
2014-04-26 22:48,6.630,0.003,0,0,0,0,v
2014-04-26 22:54,6.634,0.002,0,0,0,0,v
2014-04-26 23:00,6.645,0.003,0,0,0,0,v
2014-04-26 23:06,6.643,0.004,0,0,0,0,v
2014-04-26 23:12,6.619,0.004,0,0,0,0,v
2014-04-26 23:18,6.612,0.003,0,0,0,0,v
2014-04-26 23:24,6.611,0.003,0,0,0,0,v
2014-04-26 23:30,6.587,0.003,0,0,0,0,v
2014-04-26 23:36,6.595,0.004,0,0,0,0,v
2014-04-26 23:42,6.610,0.003,0,0,0,0,v
2014-04-26 23:48,6.592,0.003,0,0,0,0,v
2014-04-26 23:54,6.596,0.006,0,0,0,0,v
2014-04-27 00:00,6.586,0.003,0,0,0,0,v
2014-04-27 00:06,6.575,0.004,0,0,0,0,v
2014-04-27 00:12,6.608,0.003,0,0,0,0,v
2014-04-27 00:18,6.603,0.003,0,0,0,0,v
2014-04-27 00:24,6.602,0.004,0,0,0,0,v
2014-04-27 00:30,6.584,0.004,0,0,0,0,v
2014-04-27 00:36,6.571,0.004,0,0,0,0,v
2014-04-27 00:42,6.568,0.003,0,0,0,0,v
2014-04-27 00:48,6.592,0.004,0,0,0,0,v
2014-04-27 00:54,6.565,0.005,0,0,0,0,v
2014-04-27 01:00,6.565,0.004,0,0,0,0,v
2014-04-27 01:06,6.588,0.006,0,0,0,0,v
2014-04-27 01:12,6.570,0.005,0,0,0,0,v
2014-04-27 01:18,6.567,0.004,0,0,0,0,v
2014-04-27 01:24,6.567,0.008,0,0,0,0,v
2014-04-27 01:30,6.552,0.005,0,0,0,0,v
2014-04-27 01:36,6.586,0.004,0,0,0,0,v
2014-04-27 01:42,6.568,0.003,0,0,0,0,v
2014-04-27 01:48,6.570,0.004,0,0,0,0,v
2014-04-27 01:54,6.589,0.007,0,0,0,0,v
2014-04-27 02:00,6.582,0.005,0,0,0,0,v
2014-04-27 02:06,6.586,0.006,0,0,0,0,v
2014-04-27 02:12,6.605,0.003,0,0,0,0,v
2014-04-27 02:18,6.609,0.005,0,0,0,0,v
2014-04-27 02:24,6.615,0.005,0,0,0,0,v
2014-04-27 02:30,6.617,0.005,0,0,0,0,v
2014-04-27 02:36,6.623,0.005,0,0,0,0,v
2014-04-27 02:42,6.618,0.004,0,0,0,0,v
2014-04-27 02:48,6.609,0.008,0,0,0,0,v
2014-04-27 02:54,6.620,0.007,0,0,0,0,v
2014-04-27 03:00,6.622,0.004,0,0,0,0,v
2014-04-27 03:06,6.642,0.004,0,0,0,0,v
2014-04-27 03:12,6.661,0.005,0,0,0,0,v
2014-04-27 03:18,6.662,0.004,0,0,0,0,v
2014-04-27 03:24,6.658,0.009,0,0,0,0,v
2014-04-27 03:30,6.690,0.006,0,0,0,0,v
2014-04-27 03:36,6.688,0.004,0,0,0,0,v
2014-04-27 03:42,6.676,0.005,0,0,0,0,v
2014-04-27 03:48,6.713,0.008,0,0,0,0,v
2014-04-27 03:54,6.725,0.007,0,0,0,0,v
2014-04-27 04:00,6.707,0.003,0,0,0,0,v
2014-04-27 04:06,6.725,0.006,0,0,0,0,v
2014-04-27 04:12,6.748,0.008,0,0,0,0,v
2014-04-27 04:18,6.763,0.005,0,0,0,0,v
2014-04-27 04:24,6.752,0.004,0,0,0,0,v
2014-04-27 04:30,6.761,0.004,0,0,0,0,v
2014-04-27 04:36,6.771,0.005,0,0,0,0,v
2014-04-27 04:42,6.785,0.005,0,0,0,0,v
2014-04-27 04:48,6.791,0.004,0,0,0,0,v
2014-04-27 04:54,6.790,0.005,0,0,0,0,v
2014-04-27 05:00,6.822,0.006,0,0,0,0,v
2014-04-27 05:06,6.833,0.004,0,0,0,0,v
2014-04-27 05:12,6.849,0.004,0,0,0,0,v
2014-04-27 05:18,6.865,0.006,0,0,0,0,v
2014-04-27 05:24,6.879,0.005,0,0,0,0,v
2014-04-27 05:30,6.919,0.004,0,0,0,0,v
2014-04-27 05:36,6.906,0.004,0,0,0,0,v
2014-04-27 05:42,6.895,0.006,0,0,0,0,v
2014-04-27 05:48,6.902,0.004,0,0,0,0,v
2014-04-27 05:54,6.911,0.005,0,0,0,0,v
2014-04-27 06:00,6.895,0.011,0,0,0,0,v
2014-04-27 06:06,6.912,0.005,0,0,0,0,v
2014-04-27 06:12,6.932,0.004,0,0,0,0,v
2014-04-27 06:18,6.921,0.005,0,0,0,0,v
2014-04-27 06:24,6.932,0.007,0,0,0,0,v
2014-04-27 06:30,6.962,0.004,0,0,0,0,v
2014-04-27 06:36,6.959,0.004,0,0,0,0,v
2014-04-27 06:42,6.956,0.005,0,0,0,0,v
2014-04-27 06:48,6.956,0.006,0,0,0,0,v
2014-04-27 06:54,6.971,0.004,0,0,0,0,v
2014-04-27 07:00,6.973,0.004,0,0,0,0,v
2014-04-27 07:06,6.958,0.005,0,0,0,0,v
2014-04-27 07:12,6.954,0.003,0,0,0,0,v
2014-04-27 07:18,6.948,0.003,0,0,0,0,v
2014-04-27 07:24,6.977,0.003,0,0,0,0,v
2014-04-27 07:30,6.975,0.004,0,0,0,0,v
2014-04-27 07:36,6.984,0.006,0,0,0,0,v
2014-04-27 07:42,6.988,0.003,0,0,0,0,v
2014-04-27 07:48,6.977,0.005,0,0,0,0,v
2014-04-27 07:54,7.005,0.006,0,0,0,0,v
2014-04-27 08:00,6.991,0.005,0,0,0,0,v
2014-04-27 08:06,6.984,0.007,0,0,0,0,v
2014-04-27 08:12,6.993,0.009,0,0,0,0,v
2014-04-27 08:18,6.940,0.006,0,0,0,0,v
2014-04-27 08:24,6.953,0.006,0,0,0,0,v
2014-04-27 08:30,6.971,0.011,0,0,0,0,v
2014-04-27 08:36,7.000,0.010,0,0,0,0,v
2014-04-27 08:42,7.020,0.008,0,0,0,0,v
2014-04-27 08:48,7.005,0.008,0,0,0,0,v
2014-04-27 08:54,7.021,0.010,0,0,0,0,v
2014-04-27 09:00,7.017,0.008,0,0,0,0,v
2014-04-27 09:06,7.002,0.011,0,0,0,0,v
2014-04-27 09:12,7.001,0.012,0,0,0,0,v
2014-04-27 09:18,6.996,0.008,0,0,0,0,v
2014-04-27 09:24,7.001,0.014,0,0,0,0,v
2014-04-27 09:30,6.962,0.009,0,0,0,0,v
2014-04-27 09:36,6.945,0.011,0,0,0,0,v
2014-04-27 09:42,6.944,0.011,0,0,0,0,v
2014-04-27 09:48,6.940,0.011,0,0,0,0,v
2014-04-27 09:54,6.944,0.011,0,0,0,0,v
2014-04-27 10:00,6.948,0.016,0,0,0,0,v
2014-04-27 10:06,6.932,0.015,0,0,0,0,v
2014-04-27 10:12,6.960,0.010,0,0,0,0,v
2014-04-27 10:18,6.945,0.010,0,0,0,0,v
2014-04-27 10:24,6.943,0.013,0,0,0,0,v
2014-04-27 10:30,6.960,0.019,0,0,0,0,v
2014-04-27 10:36,6.972,0.014,0,0,0,0,v
2014-04-27 10:42,7.001,0.021,0,0,0,0,v
2014-04-27 10:48,6.927,0.015,0,0,0,0,v
2014-04-27 10:54,6.957,0.014,0,0,0,0,v
2014-04-27 11:00,6.940,0.018,0,0,0,0,v
2014-04-27 11:06,6.947,0.008,0,0,0,0,v
2014-04-27 11:12,6.913,0.013,0,0,0,0,v
2014-04-27 11:18,6.918,0.013,0,0,0,0,v
2014-04-27 11:24,6.920,0.012,0,0,0,0,v
2014-04-27 11:30,6.941,0.013,0,0,0,0,v
2014-04-27 11:36,6.936,0.016,0,0,0,0,v
2014-04-27 11:42,6.947,0.012,0,0,0,0,v
2014-04-27 11:48,6.926,0.010,0,0,0,0,v
2014-04-27 11:54,6.938,0.013,0,0,0,0,v
2014-04-27 12:00,6.956,0.009,0,0,0,0,v
2014-04-27 12:06,6.932,0.014,0,0,0,0,v
2014-04-27 12:12,6.936,0.010,0,0,0,0,v
2014-04-27 12:18,6.872,0.010,0,0,0,0,v
2014-04-27 12:24,6.912,0.012,0,0,0,0,v
2014-04-27 12:30,6.891,0.010,0,0,0,0,v
2014-04-27 12:36,6.884,0.011,0,0,0,0,v
2014-04-27 12:42,6.844,0.008,0,0,0,0,v
2014-04-27 12:48,6.857,0.011,0,0,0,0,v
2014-04-27 12:54,6.871,0.014,0,0,0,0,v
2014-04-27 13:00,6.830,0.016,0,0,0,0,v
2014-04-27 13:06,6.819,0.008,0,0,0,0,v
2014-04-27 13:12,6.812,0.010,0,0,0,0,v
2014-04-27 13:18,6.794,0.009,0,0,0,0,v
2014-04-27 13:24,6.776,0.013,0,0,0,0,v
2014-04-27 13:30,6.827,0.014,0,0,0,0,v
2014-04-27 13:36,6.820,0.015,0,0,0,0,v
2014-04-27 13:42,6.865,0.009,0,0,0,0,v
2014-04-27 13:48,6.847,0.009,0,0,0,0,v
2014-04-27 13:54,6.882,0.008,0,0,0,0,v
2014-04-27 14:00,6.895,0.012,0,0,0,0,v
2014-04-27 14:06,6.869,0.013,0,0,0,0,v
2014-04-27 14:12,6.899,0.009,0,0,0,0,v
2014-04-27 14:18,6.916,0.015,0,0,0,0,v
2014-04-27 14:24,6.899,0.012,0,0,0,0,v
2014-04-27 14:30,6.855,0.017,0,0,0,0,v
2014-04-27 14:36,6.872,0.010,0,0,0,0,v
2014-04-27 14:42,6.850,0.011,0,0,0,0,v
2014-04-27 14:48,6.807,0.013,0,0,0,0,v
2014-04-27 14:54,6.805,0.015,0,0,0,0,v
2014-04-27 15:00,6.805,0.009,0,0,0,0,v
2014-04-27 15:06,6.790,0.011,0,0,0,0,v
2014-04-27 15:12,6.761,0.012,0,0,0,0,v
2014-04-27 15:18,6.760,0.010,0,0,0,0,v
2014-04-27 15:24,6.759,0.009,0,0,0,0,v
2014-04-27 15:30,6.775,0.013,0,0,0,0,v
2014-04-27 15:36,6.773,0.011,0,0,0,0,v
2014-04-27 15:42,6.825,0.014,0,0,0,0,v
2014-04-27 15:48,6.828,0.011,0,0,0,0,v
2014-04-27 15:54,6.825,0.014,0,0,0,0,v
2014-04-27 16:00,6.866,0.011,0,0,0,0,v
2014-04-27 16:06,6.893,0.013,0,0,0,0,v
2014-04-27 16:12,6.919,0.009,0,0,0,0,v
2014-04-27 16:18,6.888,0.013,0,0,0,0,v
2014-04-27 16:24,6.894,0.011,0,0,0,0,v
2014-04-27 16:30,6.894,0.011,0,0,0,0,v
2014-04-27 16:36,6.919,0.015,0,0,0,0,v
2014-04-27 16:42,6.892,0.008,0,0,0,0,v
2014-04-27 16:48,6.915,0.011,0,0,0,0,v
2014-04-27 16:54,6.899,0.012,0,0,0,0,v
2014-04-27 17:00,6.878,0.018,0,0,0,0,v
2014-04-27 17:06,6.855,0.009,0,0,0,0,v
2014-04-27 17:12,6.844,0.013,0,0,0,0,v
2014-04-27 17:18,6.861,0.008,0,0,0,0,v
2014-04-27 17:24,6.831,0.011,0,0,0,0,v
2014-04-27 17:30,6.822,0.015,0,0,0,0,v
2014-04-27 17:36,6.837,0.015,0,0,0,0,v
2014-04-27 17:42,6.864,0.010,0,0,0,0,v
2014-04-27 17:48,6.885,0.013,0,0,0,0,v
2014-04-27 17:54,6.892,0.012,0,0,0,0,v
2014-04-27 18:00,6.888,0.018,0,0,0,0,v
2014-04-27 18:06,6.877,0.012,0,0,0,0,v
2014-04-27 18:12,6.896,0.011,0,0,0,0,v
2014-04-27 18:18,6.909,0.010,0,0,0,0,v
2014-04-27 18:24,6.907,0.012,0,0,0,0,v
2014-04-27 18:30,6.895,0.007,0,0,0,0,v
2014-04-27 18:36,6.909,0.009,0,0,0,0,v
2014-04-27 18:42,6.914,0.008,0,0,0,0,v
2014-04-27 18:48,6.936,0.011,0,0,0,0,v
2014-04-27 18:54,6.894,0.012,0,0,0,0,v
2014-04-27 19:00,6.878,0.010,0,0,0,0,v
2014-04-27 19:06,6.910,0.009,0,0,0,0,v
2014-04-27 19:12,6.910,0.011,0,0,0,0,v
2014-04-27 19:18,6.913,0.011,0,0,0,0,v
2014-04-27 19:24,6.926,0.010,0,0,0,0,v
2014-04-27 19:30,6.927,0.010,0,0,0,0,v
2014-04-27 19:36,6.918,0.012,0,0,0,0,v
2014-04-27 19:42,6.895,0.011,0,0,0,0,v
2014-04-27 19:48,6.874,0.013,0,0,0,0,v
2014-04-27 19:54,6.864,0.013,0,0,0,0,v
2014-04-27 20:00,6.881,0.012,0,0,0,0,v
2014-04-27 20:06,6.867,0.013,0,0,0,0,v
2014-04-27 20:12,6.848,0.014,0,0,0,0,v
2014-04-27 20:18,6.826,0.011,0,0,0,0,v
2014-04-27 20:24,6.830,0.014,0,0,0,0,v
2014-04-27 20:30,6.833,0.011,0,0,0,0,v
2014-04-27 20:36,6.852,0.010,0,0,0,0,v
2014-04-27 20:42,6.832,0.012,0,0,0,0,v
2014-04-27 20:48,6.832,0.009,0,0,0,0,v
2014-04-27 20:54,6.840,0.017,0,0,0,0,v
2014-04-27 21:00,6.844,0.018,0,0,0,0,v
2014-04-27 21:06,6.820,0.013,0,0,0,0,v
2014-04-27 21:12,6.818,0.008,0,0,0,0,v
2014-04-27 21:18,6.812,0.010,0,0,0,0,v
2014-04-27 21:24,6.797,0.011,0,0,0,0,v
2014-04-27 21:30,6.807,0.013,0,0,0,0,v
2014-04-27 21:36,6.800,0.008,0,0,0,0,v
2014-04-27 21:42,6.778,0.012,0,0,0,0,v
2014-04-27 21:48,6.784,0.019,0,0,0,0,v
2014-04-27 21:54,6.764,0.014,0,0,0,0,v
2014-04-27 22:00,6.754,0.010,0,0,0,0,v
2014-04-27 22:06,6.724,0.011,0,0,0,0,v
2014-04-27 22:12,6.724,0.013,0,0,0,0,v
2014-04-27 22:18,6.715,0.014,0,0,0,0,v
2014-04-27 22:24,6.704,0.019,0,0,0,0,v
2014-04-27 22:30,6.708,0.014,0,0,0,0,v
2014-04-27 22:36,6.707,0.011,0,0,0,0,v
2014-04-27 22:42,6.688,0.016,0,0,0,0,v
2014-04-27 22:48,6.682,0.014,0,0,0,0,v
2014-04-27 22:54,6.685,0.012,0,0,0,0,v
2014-04-27 23:00,6.684,0.014,0,0,0,0,v
2014-04-27 23:06,6.676,0.011,0,0,0,0,v
2014-04-27 23:12,6.668,0.009,0,0,0,0,v
2014-04-27 23:18,6.669,0.008,0,0,0,0,v
2014-04-27 23:24,6.651,0.015,0,0,0,0,v
2014-04-27 23:30,6.624,0.011,0,0,0,0,v
2014-04-27 23:36,6.629,0.015,0,0,0,0,v
2014-04-27 23:42,6.637,0.008,0,0,0,0,v
2014-04-27 23:48,6.621,0.011,0,0,0,0,v
2014-04-27 23:54,6.617,0.014,0,0,0,0,v
2014-04-28 00:00,6.635,0.011,0,0,0,0,v
2014-04-28 00:06,6.616,0.011,0,0,0,0,v
2014-04-28 00:12,6.638,0.012,0,0,0,0,v
2014-04-28 00:18,6.618,0.009,0,0,0,0,v
2014-04-28 00:24,6.626,0.018,0,0,0,0,v
2014-04-28 00:30,6.633,0.010,0,0,0,0,v
2014-04-28 00:36,6.618,0.016,0,0,0,0,v
2014-04-28 00:42,6.616,0.014,0,0,0,0,v
2014-04-28 00:48,6.613,0.011,0,0,0,0,v
2014-04-28 00:54,6.607,0.014,0,0,0,0,v
2014-04-28 01:00,6.591,0.019,0,0,0,0,v
2014-04-28 01:06,6.602,0.016,0,0,0,0,v
2014-04-28 01:12,6.614,0.013,0,0,0,0,v
2014-04-28 01:18,6.631,0.012,0,0,0,0,v
2014-04-28 01:24,6.641,0.013,0,0,0,0,v
2014-04-28 01:30,6.639,0.009,0,0,0,0,v
2014-04-28 01:36,6.627,0.014,0,0,0,0,v
2014-04-28 01:42,6.642,0.010,0,0,0,0,v
2014-04-28 01:48,6.629,0.009,0,0,0,0,v
2014-04-28 01:54,6.639,0.010,0,0,0,0,v
2014-04-28 02:00,6.632,0.010,0,0,0,0,v
2014-04-28 02:06,6.626,0.007,0,0,0,0,v
2014-04-28 02:12,6.618,0.009,0,0,0,0,v
2014-04-28 02:18,6.614,0.009,0,0,0,0,v
2014-04-28 02:24,6.602,0.008,0,0,0,0,v
2014-04-28 02:30,6.617,0.013,0,0,0,0,v
2014-04-28 02:36,6.617,0.008,0,0,0,0,v
2014-04-28 02:42,6.632,0.011,0,0,0,0,v
2014-04-28 02:48,6.632,0.008,0,0,0,0,v
2014-04-28 02:54,6.623,0.010,0,0,0,0,v
2014-04-28 03:00,6.628,0.008,0,0,0,0,v
2014-04-28 03:06,6.624,0.009,0,0,0,0,v
2014-04-28 03:12,6.618,0.010,0,0,0,0,v
2014-04-28 03:18,6.623,0.011,0,0,0,0,v
2014-04-28 03:24,6.636,0.012,0,0,0,0,v
2014-04-28 03:30,6.649,0.017,0,0,0,0,v
2014-04-28 03:36,6.666,0.008,0,0,0,0,v
2014-04-28 03:42,6.687,0.019,0,0,0,0,v
2014-04-28 03:48,6.669,0.013,0,0,0,0,v
2014-04-28 03:54,6.698,0.008,0,0,0,0,v
2014-04-28 04:00,6.699,0.009,0,0,0,0,v
2014-04-28 04:06,6.708,0.011,0,0,0,0,v
2014-04-28 04:12,6.705,0.011,0,0,0,0,v
2014-04-28 04:18,6.722,0.010,0,0,0,0,v
2014-04-28 04:24,6.733,0.012,0,0,0,0,v
2014-04-28 04:30,6.754,0.008,0,0,0,0,v
2014-04-28 04:36,6.767,0.009,0,0,0,0,v
2014-04-28 04:42,6.771,0.010,0,0,0,0,v
2014-04-28 04:48,6.767,0.009,0,0,0,0,v
2014-04-28 04:54,6.767,0.017,0,0,0,0,v
2014-04-28 05:00,6.794,0.012,0,0,0,0,v
2014-04-28 05:06,6.802,0.011,0,0,0,0,v
2014-04-28 05:12,6.812,0.010,0,0,0,0,v
2014-04-28 05:18,6.837,0.011,0,0,0,0,v
2014-04-28 05:24,6.847,0.011,0,0,0,0,v
2014-04-28 05:30,6.840,0.010,0,0,0,0,v
2014-04-28 05:36,6.862,0.013,0,0,0,0,v
2014-04-28 05:42,6.861,0.008,0,0,0,0,v
2014-04-28 05:48,6.895,0.009,0,0,0,0,v
2014-04-28 05:54,6.891,0.020,0,0,0,0,v
2014-04-28 06:00,6.899,0.014,0,0,0,0,v
2014-04-28 06:06,6.905,0.007,0,0,0,0,v
2014-04-28 06:12,6.906,0.009,0,0,0,0,v
2014-04-28 06:18,6.900,0.008,0,0,0,0,v
2014-04-28 06:24,6.920,0.013,0,0,0,0,v
2014-04-28 06:30,6.936,0.014,0,0,0,0,v
2014-04-28 06:36,6.925,0.013,0,0,0,0,v
2014-04-28 06:42,6.941,0.017,0,0,0,0,v
2014-04-28 06:48,6.923,0.012,0,0,0,0,v
2014-04-28 06:54,6.953,0.014,0,0,0,0,v
2014-04-28 07:00,6.950,0.009,0,0,0,0,v
2014-04-28 07:06,6.950,0.028,0,0,0,0,v
2014-04-28 07:12,6.942,0.012,0,0,0,0,v
2014-04-28 07:18,6.930,0.012,0,0,0,0,v
2014-04-28 07:24,6.954,0.016,0,0,0,0,v
2014-04-28 07:30,6.978,0.009,0,0,0,0,v
2014-04-28 07:36,6.992,0.014,0,0,0,0,v
2014-04-28 07:42,7.007,0.009,0,0,0,0,v
2014-04-28 07:48,7.020,0.010,0,0,0,0,v
2014-04-28 07:54,7.000,0.011,0,0,0,0,v
2014-04-28 08:00,6.994,0.015,0,0,0,0,v
2014-04-28 08:06,7.009,0.010,0,0,0,0,v
2014-04-28 08:12,6.990,0.016,0,0,0,0,v
2014-04-28 08:18,6.992,0.013,0,0,0,0,v
2014-04-28 08:24,7.020,0.013,0,0,0,0,v
2014-04-28 08:30,6.995,0.011,0,0,0,0,v
2014-04-28 08:36,7.005,0.010,0,0,0,0,v
2014-04-28 08:42,7.013,0.015,0,0,0,0,v
2014-04-28 08:48,7.026,0.010,0,0,0,0,v
2014-04-28 08:54,7.023,0.015,0,0,0,0,v
2014-04-28 09:00,7.040,0.011,0,0,0,0,v
2014-04-28 09:06,7.037,0.011,0,0,0,0,v
2014-04-28 09:12,7.037,0.013,0,0,0,0,v
2014-04-28 09:18,7.053,0.008,0,0,0,0,v
2014-04-28 09:24,7.053,0.013,0,0,0,0,v
2014-04-28 09:30,7.053,0.010,0,0,0,0,v
2014-04-28 09:36,7.036,0.017,0,0,0,0,v
2014-04-28 09:42,7.051,0.016,0,0,0,0,v
2014-04-28 09:48,7.052,0.012,0,0,0,0,v
2014-04-28 09:54,7.026,0.013,0,0,0,0,v
2014-04-28 10:00,7.015,0.012,0,0,0,0,v
2014-04-28 10:06,7.006,0.014,0,0,0,0,v
2014-04-28 10:12,6.987,0.017,0,0,0,0,v
2014-04-28 10:18,7.002,0.019,0,0,0,0,v
2014-04-28 10:24,7.009,0.014,0,0,0,0,v
2014-04-28 10:30,6.967,0.018,0,0,0,0,v
2014-04-28 10:36,6.952,0.012,0,0,0,0,v
2014-04-28 10:42,6.957,0.014,0,0,0,0,v
2014-04-28 10:48,6.944,0.011,0,0,0,0,v
2014-04-28 10:54,6.945,0.015,0,0,0,0,v
2014-04-28 11:00,6.937,0.016,0,0,0,0,v
2014-04-28 11:06,6.946,0.010,0,0,0,0,v
2014-04-28 11:12,6.928,0.014,0,0,0,0,v
2014-04-28 11:18,6.918,0.015,0,0,0,0,v
2014-04-28 11:24,6.922,0.013,0,0,0,0,v
2014-04-28 11:30,6.930,0.013,0,0,0,0,v
2014-04-28 11:36,6.924,0.012,0,0,0,0,v
2014-04-28 11:42,6.920,0.009,0,0,0,0,v
2014-04-28 11:48,6.913,0.012,0,0,0,0,v
2014-04-28 11:54,6.913,0.015,0,0,0,0,v
2014-04-28 12:00,6.904,0.012,0,0,0,0,v
2014-04-28 12:06,6.892,0.016,0,0,0,0,v
2014-04-28 12:12,6.887,0.009,0,0,0,0,v
2014-04-28 12:18,6.875,0.027,0,0,0,0,v
2014-04-28 12:24,6.867,0.017,0,0,0,0,v
2014-04-28 12:30,6.854,0.016,0,0,0,0,v
2014-04-28 12:36,6.850,0.010,0,0,0,0,v
2014-04-28 12:42,6.849,0.016,0,0,0,0,v
2014-04-28 12:48,6.831,0.016,0,0,0,0,v
2014-04-28 12:54,6.843,0.015,0,0,0,0,v
2014-04-28 13:00,6.825,0.016,0,0,0,0,v
2014-04-28 13:06,6.824,0.017,0,0,0,0,v
2014-04-28 13:12,6.791,0.014,0,0,0,0,v
2014-04-28 13:18,6.789,0.013,0,0,0,0,v
2014-04-28 13:24,6.779,0.017,0,0,0,0,v
2014-04-28 13:30,6.785,0.016,0,0,0,0,v
2014-04-28 13:36,6.772,0.014,0,0,0,0,v
2014-04-28 13:42,6.770,0.012,0,0,0,0,v
2014-04-28 13:48,6.790,0.011,0,0,0,0,v
2014-04-28 13:54,6.776,0.013,0,0,0,0,v
2014-04-28 14:00,6.752,0.009,0,0,0,0,v
2014-04-28 14:06,6.754,0.010,0,0,0,0,v
2014-04-28 14:12,6.759,0.007,0,0,0,0,v
2014-04-28 14:18,6.774,0.012,0,0,0,0,v
2014-04-28 14:24,6.773,0.007,0,0,0,0,v
2014-04-28 14:30,6.784,0.013,0,0,0,0,v
2014-04-28 14:36,6.779,0.015,0,0,0,0,v
2014-04-28 14:42,6.783,0.013,0,0,0,0,v
2014-04-28 14:48,6.791,0.009,0,0,0,0,v
2014-04-28 14:54,6.769,0.013,0,0,0,0,v
2014-04-28 15:00,6.757,0.010,0,0,0,0,v
2014-04-28 15:06,6.756,0.011,0,0,0,0,v
2014-04-28 15:12,6.755,0.013,0,0,0,0,v
2014-04-28 15:18,6.730,0.015,0,0,0,0,v
2014-04-28 15:24,6.709,0.010,0,0,0,0,v
2014-04-28 15:30,6.725,0.009,0,0,0,0,v
2014-04-28 15:36,6.707,0.012,0,0,0,0,v
2014-04-28 15:42,6.709,0.009,0,0,0,0,v
2014-04-28 15:48,6.710,0.015,0,0,0,0,v
2014-04-28 15:54,6.693,0.011,0,0,0,0,v
2014-04-28 16:00,6.745,0.017,0,0,0,0,v
2014-04-28 16:06,6.762,0.008,0,0,0,0,v
2014-04-28 16:12,6.779,0.010,0,0,0,0,v
2014-04-28 16:18,6.798,0.009,0,0,0,0,v
2014-04-28 16:24,6.762,0.014,0,0,0,0,v
2014-04-28 16:30,6.758,0.011,0,0,0,0,v
2014-04-28 16:36,6.761,0.007,0,0,0,0,v
2014-04-28 16:42,6.776,0.014,0,0,0,0,v
2014-04-28 16:48,6.783,0.008,0,0,0,0,v
2014-04-28 16:54,6.799,0.016,0,0,0,0,v
2014-04-28 17:00,6.779,0.013,0,0,0,0,v
2014-04-28 17:06,6.796,0.011,0,0,0,0,v
2014-04-28 17:12,6.802,0.009,0,0,0,0,v
2014-04-28 17:18,6.810,0.009,0,0,0,0,v
2014-04-28 17:24,6.794,0.009,0,0,0,0,v
2014-04-28 17:30,6.785,0.009,0,0,0,0,v
2014-04-28 17:36,6.801,0.015,0,0,0,0,v
2014-04-28 17:42,6.780,0.010,0,0,0,0,v
2014-04-28 17:48,6.776,0.009,0,0,0,0,v
2014-04-28 17:54,6.764,0.010,0,0,0,0,v
2014-04-28 18:00,6.738,0.013,0,0,0,0,v
2014-04-28 18:06,6.756,0.008,0,0,0,0,v
2014-04-28 18:12,6.731,0.012,0,0,0,0,v
2014-04-28 18:18,6.760,0.015,0,0,0,0,v
2014-04-28 18:24,6.755,0.018,0,0,0,0,v
2014-04-28 18:30,6.753,0.006,0,0,0,0,v
2014-04-28 18:36,6.731,0.010,0,0,0,0,v
2014-04-28 18:42,6.757,0.007,0,0,0,0,v
2014-04-28 18:48,6.771,0.008,0,0,0,0,v
2014-04-28 18:54,6.757,0.010,0,0,0,0,v
2014-04-28 19:00,6.769,0.008,0,0,0,0,v
2014-04-28 19:06,6.765,0.010,0,0,0,0,v
2014-04-28 19:12,6.754,0.008,0,0,0,0,v
2014-04-28 19:18,6.749,0.009,0,0,0,0,v
2014-04-28 19:24,6.752,0.017,0,0,0,0,v
2014-04-28 19:30,6.739,0.006,0,0,0,0,v
2014-04-28 19:36,6.705,0.011,0,0,0,0,v
2014-04-28 19:42,6.698,0.012,0,0,0,0,v
2014-04-28 19:48,6.669,0.009,0,0,0,0,v
2014-04-28 19:54,6.695,0.010,0,0,0,0,v
2014-04-28 20:00,6.700,0.008,0,0,0,0,v
2014-04-28 20:06,6.700,0.012,0,0,0,0,v
2014-04-28 20:12,6.696,0.011,0,0,0,0,v
2014-04-28 20:18,6.687,0.015,0,0,0,0,v
2014-04-28 20:24,6.696,0.013,0,0,0,0,v
2014-04-28 20:30,6.707,0.010,0,0,0,0,v
2014-04-28 20:36,6.736,0.010,0,0,0,0,v
2014-04-28 20:42,6.707,0.010,0,0,0,0,v
2014-04-28 20:48,6.708,0.011,0,0,0,0,v
2014-04-28 20:54,6.729,0.015,0,0,0,0,v
2014-04-28 21:00,6.743,0.007,0,0,0,0,v
2014-04-28 21:06,6.718,0.009,0,0,0,0,v
2014-04-28 21:12,6.709,0.011,0,0,0,0,v
2014-04-28 21:18,6.734,0.009,0,0,0,0,v
2014-04-28 21:24,6.718,0.011,0,0,0,0,v
2014-04-28 21:30,6.732,0.011,0,0,0,0,v
2014-04-28 21:36,6.738,0.012,0,0,0,0,v
2014-04-28 21:42,6.733,0.013,0,0,0,0,v
2014-04-28 21:48,6.702,0.011,0,0,0,0,v
2014-04-28 21:54,6.694,0.011,0,0,0,0,v
2014-04-28 22:00,6.680,0.014,0,0,0,0,v
2014-04-28 22:06,6.654,0.012,0,0,0,0,v
2014-04-28 22:12,6.638,0.013,0,0,0,0,v
2014-04-28 22:18,6.648,0.010,0,0,0,0,v
2014-04-28 22:24,6.634,0.014,0,0,0,0,v
2014-04-28 22:30,6.627,0.009,0,0,0,0,v
2014-04-28 22:36,6.627,0.012,0,0,0,0,v
2014-04-28 22:42,6.596,0.022,0,0,0,0,v
2014-04-28 22:48,6.627,0.016,0,0,0,0,v
2014-04-28 22:54,6.639,0.007,0,0,0,0,v
2014-04-28 23:00,6.547,0.010,0,0,0,0,v
2014-04-28 23:06,6.581,0.021,0,0,0,0,v
2014-04-28 23:12,6.596,0.011,0,0,0,0,v
2014-04-28 23:18,6.569,0.009,0,0,0,0,v
2014-04-28 23:24,6.559,0.010,0,0,0,0,v
2014-04-28 23:30,6.528,0.007,0,0,0,0,v
2014-04-28 23:36,6.511,0.008,0,0,0,0,v
2014-04-28 23:42,6.515,0.019,0,0,0,0,v
2014-04-28 23:48,6.509,0.008,0,0,0,0,v
2014-04-28 23:54,6.526,0.012,0,0,0,0,v
2014-04-29 00:00,6.499,0.016,0,0,0,0,v
2014-04-29 00:06,6.508,0.008,0,0,0,0,v
2014-04-29 00:12,6.471,0.011,0,0,0,0,v
2014-04-29 00:18,6.456,0.011,0,0,0,0,v
2014-04-29 00:24,6.458,0.011,0,0,0,0,v
2014-04-29 00:30,6.467,0.016,0,0,0,0,v
2014-04-29 00:36,6.466,0.011,0,0,0,0,v
2014-04-29 00:42,6.464,0.009,0,0,0,0,v
2014-04-29 00:48,6.483,0.011,0,0,0,0,v
2014-04-29 00:54,6.471,0.006,0,0,0,0,v
2014-04-29 01:00,6.480,0.009,0,0,0,0,v
2014-04-29 01:06,6.443,0.012,0,0,0,0,v
2014-04-29 01:12,6.501,0.010,0,0,0,0,v
2014-04-29 01:18,6.452,0.008,0,0,0,0,v
2014-04-29 01:24,6.439,0.006,0,0,0,0,v
2014-04-29 01:30,6.442,0.007,0,0,0,0,v
2014-04-29 01:36,6.455,0.008,0,0,0,0,v
2014-04-29 01:42,6.446,0.010,0,0,0,0,v
2014-04-29 01:48,6.421,0.008,0,0,0,0,v
2014-04-29 01:54,6.419,0.011,0,0,0,0,v
2014-04-29 02:00,6.441,0.007,0,0,0,0,v
2014-04-29 02:06,6.417,0.011,0,0,0,0,v
2014-04-29 02:12,6.433,0.008,0,0,0,0,v
2014-04-29 02:18,6.436,0.009,0,0,0,0,v
2014-04-29 02:24,6.455,0.006,0,0,0,0,v
2014-04-29 02:30,6.480,0.008,0,0,0,0,v
2014-04-29 02:36,6.475,0.011,0,0,0,0,v
2014-04-29 02:42,6.492,0.012,0,0,0,0,v
2014-04-29 02:48,6.488,0.008,0,0,0,0,v
2014-04-29 02:54,6.482,0.008,0,0,0,0,v
2014-04-29 03:00,6.494,0.011,0,0,0,0,v
2014-04-29 03:06,6.511,0.010,0,0,0,0,v
2014-04-29 03:12,6.493,0.006,0,0,0,0,v
2014-04-29 03:18,6.521,0.008,0,0,0,0,v
2014-04-29 03:24,6.528,0.009,0,0,0,0,v
2014-04-29 03:30,6.523,0.007,0,0,0,0,v
2014-04-29 03:36,6.504,0.007,0,0,0,0,v
2014-04-29 03:42,6.541,0.014,0,0,0,0,v
2014-04-29 03:48,6.564,0.012,0,0,0,0,v
2014-04-29 03:54,6.567,0.009,0,0,0,0,v
2014-04-29 04:00,6.588,0.008,0,0,0,0,v
2014-04-29 04:06,6.558,0.011,0,0,0,0,v
2014-04-29 04:12,6.571,0.012,0,0,0,0,v
2014-04-29 04:18,6.583,0.009,0,0,0,0,v
2014-04-29 04:24,6.594,0.009,0,0,0,0,v
2014-04-29 04:30,6.593,0.009,0,0,0,0,v
2014-04-29 04:36,6.604,0.009,0,0,0,0,v
2014-04-29 04:42,6.595,0.012,0,0,0,0,v
2014-04-29 04:48,6.620,0.007,0,0,0,0,v
2014-04-29 04:54,6.659,0.005,0,0,0,0,v
2014-04-29 05:00,6.660,0.010,0,0,0,0,v
2014-04-29 05:06,6.646,0.012,0,0,0,0,v
2014-04-29 05:12,6.654,0.009,0,0,0,0,v
2014-04-29 05:18,6.676,0.007,0,0,0,0,v
2014-04-29 05:24,6.692,0.009,0,0,0,0,v
2014-04-29 05:30,6.695,0.011,0,0,0,0,v
2014-04-29 05:36,6.708,0.010,0,0,0,0,v
2014-04-29 05:42,6.729,0.007,0,0,0,0,v
2014-04-29 05:48,6.753,0.010,0,0,0,0,v
2014-04-29 05:54,6.762,0.011,0,0,0,0,v
2014-04-29 06:00,6.759,0.008,0,0,0,0,v
2014-04-29 06:06,6.782,0.008,0,0,0,0,v
2014-04-29 06:12,6.800,0.010,0,0,0,0,v
2014-04-29 06:18,6.802,0.006,0,0,0,0,v
2014-04-29 06:24,6.812,0.011,0,0,0,0,v
2014-04-29 06:30,6.834,0.011,0,0,0,0,v
2014-04-29 06:36,6.845,0.006,0,0,0,0,v
2014-04-29 06:42,6.847,0.007,0,0,0,0,v
2014-04-29 06:48,6.855,0.007,0,0,0,0,v
2014-04-29 06:54,6.871,0.017,0,0,0,0,v
2014-04-29 07:00,6.897,0.010,0,0,0,0,v
2014-04-29 07:06,6.908,0.007,0,0,0,0,v
2014-04-29 07:12,6.941,0.011,0,0,0,0,v
2014-04-29 07:18,6.935,0.008,0,0,0,0,v
2014-04-29 07:24,6.922,0.007,0,0,0,0,v
2014-04-29 07:30,6.937,0.008,0,0,0,0,v
2014-04-29 07:36,6.930,0.017,0,0,0,0,v
2014-04-29 07:42,6.956,0.010,0,0,0,0,v
2014-04-29 07:48,6.948,0.012,0,0,0,0,v
2014-04-29 07:54,6.977,0.006,0,0,0,0,v
2014-04-29 08:00,6.969,0.009,0,0,0,0,v
2014-04-29 08:06,6.982,0.008,0,0,0,0,v
2014-04-29 08:12,7.000,0.010,0,0,0,0,v
2014-04-29 08:18,7.024,0.008,0,0,0,0,v
2014-04-29 08:24,7.002,0.010,0,0,0,0,v
2014-04-29 08:30,6.999,0.010,0,0,0,0,v
2014-04-29 08:36,7.026,0.008,0,0,0,0,v
2014-04-29 08:42,7.035,0.007,0,0,0,0,v
2014-04-29 08:48,7.045,0.007,0,0,0,0,v
2014-04-29 08:54,7.056,0.010,0,0,0,0,v
2014-04-29 09:00,7.055,0.008,0,0,0,0,v
2014-04-29 09:06,7.062,0.010,0,0,0,0,v
2014-04-29 09:12,7.070,0.007,0,0,0,0,v
2014-04-29 09:18,7.066,0.006,0,0,0,0,v
2014-04-29 09:24,7.073,0.010,0,0,0,0,v
2014-04-29 09:30,7.044,0.010,0,0,0,0,v
2014-04-29 09:36,7.049,0.006,0,0,0,0,v
2014-04-29 09:42,7.052,0.007,0,0,0,0,v
2014-04-29 09:48,7.060,0.011,0,0,0,0,v
2014-04-29 09:54,7.050,0.006,0,0,0,0,v
2014-04-29 10:00,7.062,0.007,0,0,0,0,v
2014-04-29 10:06,7.046,0.010,0,0,0,0,v
2014-04-29 10:12,7.053,0.008,0,0,0,0,v
2014-04-29 10:18,7.053,0.006,0,0,0,0,v
2014-04-29 10:24,7.043,0.011,0,0,0,0,v
2014-04-29 10:30,7.030,0.008,0,0,0,0,v
2014-04-29 10:36,7.058,0.009,0,0,0,0,v
2014-04-29 10:42,7.053,0.010,0,0,0,0,v
2014-04-29 10:48,7.047,0.009,0,0,0,0,v
2014-04-29 10:54,7.044,0.007,0,0,0,0,v
2014-04-29 11:00,7.033,0.009,0,0,0,0,v
2014-04-29 11:06,7.027,0.008,0,0,0,0,v
2014-04-29 11:12,7.050,0.009,0,0,0,0,v
2014-04-29 11:18,7.045,0.006,0,0,0,0,v
2014-04-29 11:24,7.025,0.007,0,0,0,0,v
2014-04-29 11:30,7.035,0.010,0,0,0,0,v
2014-04-29 11:36,7.046,0.004,0,0,0,0,v
2014-04-29 11:42,7.074,0.018,0,0,0,0,v
2014-04-29 11:48,7.089,0.009,0,0,0,0,v
2014-04-29 11:54,7.065,0.010,0,0,0,0,v
2014-04-29 12:00,7.042,0.009,0,0,0,0,v
2014-04-29 12:06,7.033,0.011,0,0,0,0,v
2014-04-29 12:12,7.018,0.006,0,0,0,0,v
2014-04-29 12:18,7.029,0.007,0,0,0,0,v
2014-04-29 12:24,7.021,0.008,0,0,0,0,v
2014-04-29 12:30,7.006,0.011,0,0,0,0,v
2014-04-29 12:36,6.965,0.010,0,0,0,0,v
2014-04-29 12:42,6.983,0.009,0,0,0,0,v
2014-04-29 12:48,7.019,0.007,0,0,0,0,v
2014-04-29 12:54,6.989,0.007,0,0,0,0,v
2014-04-29 13:00,6.980,0.007,0,0,0,0,v
2014-04-29 13:06,7.006,0.008,0,0,0,0,v
2014-04-29 13:12,7.001,0.007,0,0,0,0,v
2014-04-29 13:18,6.990,0.009,0,0,0,0,v
2014-04-29 13:24,6.963,0.008,0,0,0,0,v
2014-04-29 13:30,6.949,0.010,0,0,0,0,v
2014-04-29 13:36,6.974,0.007,0,0,0,0,v
2014-04-29 13:42,6.970,0.010,0,0,0,0,v
2014-04-29 13:48,6.981,0.007,0,0,0,0,v
2014-04-29 13:54,6.982,0.004,0,0,0,0,v
2014-04-29 14:00,6.988,0.008,0,0,0,0,v
2014-04-29 14:06,6.937,0.010,0,0,0,0,v
2014-04-29 14:12,6.942,0.008,0,0,0,0,v
2014-04-29 14:18,6.943,0.009,0,0,0,0,v
2014-04-29 14:24,6.958,0.006,0,0,0,0,v
2014-04-29 14:30,6.942,0.008,0,0,0,0,v
2014-04-29 14:36,6.918,0.007,0,0,0,0,v
2014-04-29 14:42,6.912,0.009,0,0,0,0,v
2014-04-29 14:48,6.919,0.007,0,0,0,0,v
2014-04-29 14:54,6.890,0.007,0,0,0,0,v
2014-04-29 15:00,6.904,0.011,0,0,0,0,v
2014-04-29 15:06,6.921,0.006,0,0,0,0,v
2014-04-29 15:12,6.924,0.006,0,0,0,0,v
2014-04-29 15:18,6.898,0.010,0,0,0,0,v
2014-04-29 15:24,6.882,0.007,0,0,0,0,v
2014-04-29 15:30,6.890,0.005,0,0,0,0,v
2014-04-29 15:36,6.881,0.011,0,0,0,0,v
2014-04-29 15:42,6.877,0.008,0,0,0,0,v
2014-04-29 15:48,6.879,0.008,0,0,0,0,v
2014-04-29 15:54,6.885,0.011,0,0,0,0,v
2014-04-29 16:00,6.867,0.012,0,0,0,0,v
2014-04-29 16:06,6.862,0.007,0,0,0,0,v
2014-04-29 16:12,6.891,0.005,0,0,0,0,v
2014-04-29 16:18,6.853,0.009,0,0,0,0,v
2014-04-29 16:24,6.855,0.007,0,0,0,0,v
2014-04-29 16:30,6.867,0.007,0,0,0,0,v
2014-04-29 16:36,6.866,0.010,0,0,0,0,v
2014-04-29 16:42,6.861,0.007,0,0,0,0,v
2014-04-29 16:48,6.857,0.011,0,0,0,0,v
2014-04-29 16:54,6.858,0.010,0,0,0,0,v
2014-04-29 17:00,6.853,0.008,0,0,0,0,v
2014-04-29 17:06,6.874,0.011,0,0,0,0,v
2014-04-29 17:12,6.866,0.006,0,0,0,0,v
2014-04-29 17:18,6.862,0.007,0,0,0,0,v
2014-04-29 17:24,6.864,0.011,0,0,0,0,v
2014-04-29 17:30,6.818,0.006,0,0,0,0,v
2014-04-29 17:36,6.824,0.008,0,0,0,0,v
2014-04-29 17:42,6.812,0.006,0,0,0,0,v
2014-04-29 17:48,6.845,0.007,0,0,0,0,v
2014-04-29 17:54,6.819,0.007,0,0,0,0,v
2014-04-29 18:00,6.848,0.010,0,0,0,0,v
2014-04-29 18:06,6.817,0.006,0,0,0,0,v
2014-04-29 18:12,6.856,0.005,0,0,0,0,v
2014-04-29 18:18,6.857,0.006,0,0,0,0,v
2014-04-29 18:24,6.860,0.009,0,0,0,0,v
2014-04-29 18:30,6.853,0.007,0,0,0,0,v
2014-04-29 18:36,6.841,0.004,0,0,0,0,v
2014-04-29 18:42,6.857,0.009,0,0,0,0,v
2014-04-29 18:48,6.876,0.006,0,0,0,0,v
2014-04-29 18:54,6.861,0.009,0,0,0,0,v
2014-04-29 19:00,6.853,0.008,0,0,0,0,v
2014-04-29 19:06,6.853,0.005,0,0,0,0,v
2014-04-29 19:12,6.845,0.005,0,0,0,0,v
2014-04-29 19:18,6.861,0.006,0,0,0,0,v
2014-04-29 19:24,6.870,0.004,0,0,0,0,v
2014-04-29 19:30,6.883,0.006,0,0,0,0,v
2014-04-29 19:36,6.898,0.007,0,0,0,0,v
2014-04-29 19:42,6.879,0.007,0,0,0,0,v
2014-04-29 19:48,6.848,0.007,0,0,0,0,v
2014-04-29 19:54,6.839,0.007,0,0,0,0,v
2014-04-29 20:00,6.836,0.008,0,0,0,0,v
2014-04-29 20:06,6.846,0.010,0,0,0,0,v
2014-04-29 20:12,6.875,0.009,0,0,0,0,v
2014-04-29 20:18,6.894,0.006,0,0,0,0,v
2014-04-29 20:24,6.856,0.005,0,0,0,0,v
2014-04-29 20:30,6.870,0.005,0,0,0,0,v
2014-04-29 20:36,6.855,0.007,0,0,0,0,v
2014-04-29 20:42,6.841,0.008,0,0,0,0,v
2014-04-29 20:48,6.832,0.007,0,0,0,0,v
2014-04-29 20:54,6.854,0.005,0,0,0,0,v
2014-04-29 21:00,6.825,0.006,0,0,0,0,v
2014-04-29 21:06,6.817,0.008,0,0,0,0,v
2014-04-29 21:12,6.816,0.011,0,0,0,0,v
2014-04-29 21:18,6.833,0.007,0,0,0,0,v
2014-04-29 21:24,6.810,0.010,0,0,0,0,v
2014-04-29 21:30,6.815,0.005,0,0,0,0,v
2014-04-29 21:36,6.813,0.007,0,0,0,0,v
2014-04-29 21:42,6.803,0.011,0,0,0,0,v
2014-04-29 21:48,6.782,0.004,0,0,0,0,v
2014-04-29 21:54,6.766,0.005,0,0,0,0,v
2014-04-29 22:00,6.759,0.011,0,0,0,0,v
2014-04-29 22:06,6.739,0.007,0,0,0,0,v
2014-04-29 22:12,6.721,0.007,0,0,0,0,v
2014-04-29 22:18,6.717,0.006,0,0,0,0,v
2014-04-29 22:24,6.722,0.010,0,0,0,0,v
2014-04-29 22:30,6.712,0.006,0,0,0,0,v
2014-04-29 22:36,6.661,0.006,0,0,0,0,v
2014-04-29 22:42,6.644,0.005,0,0,0,0,v
2014-04-29 22:48,6.641,0.009,0,0,0,0,v
2014-04-29 22:54,6.622,0.008,0,0,0,0,v
2014-04-29 23:00,6.623,0.006,0,0,0,0,v
2014-04-29 23:06,6.604,0.008,0,0,0,0,v
2014-04-29 23:12,6.583,0.006,0,0,0,0,v
2014-04-29 23:18,6.570,0.004,0,0,0,0,v
2014-04-29 23:24,6.579,0.009,0,0,0,0,v
2014-04-29 23:30,6.549,0.008,0,0,0,0,v
2014-04-29 23:36,6.564,0.008,0,0,0,0,v
2014-04-29 23:42,6.555,0.007,0,0,0,0,v
2014-04-29 23:48,6.549,0.008,0,0,0,0,v
2014-04-29 23:54,6.537,0.006,0,0,0,0,v
2014-04-30 00:00,6.539,0.004,0,0,0,0,v
2014-04-30 00:06,6.528,0.006,0,0,0,0,v
2014-04-30 00:12,6.545,0.007,0,0,0,0,v
2014-04-30 00:18,6.556,0.009,0,0,0,0,v
2014-04-30 00:24,6.574,0.005,0,0,0,0,v
2014-04-30 00:30,6.558,0.007,0,0,0,0,v
2014-04-30 00:36,6.531,0.006,0,0,0,0,v
2014-04-30 00:42,6.520,0.005,0,0,0,0,v
2014-04-30 00:48,6.516,0.004,0,0,0,0,v
2014-04-30 00:54,6.497,0.004,0,0,0,0,v
2014-04-30 01:00,6.471,0.006,0,0,0,0,v
2014-04-30 01:06,6.461,0.005,0,0,0,0,v
2014-04-30 01:12,6.460,0.006,0,0,0,0,v
2014-04-30 01:18,6.454,0.005,0,0,0,0,v
2014-04-30 01:24,6.449,0.009,0,0,0,0,v
2014-04-30 01:30,6.423,0.005,0,0,0,0,v
2014-04-30 01:36,6.431,0.009,0,0,0,0,v
2014-04-30 01:42,6.472,0.006,0,0,0,0,v
2014-04-30 01:48,6.457,0.007,0,0,0,0,v
2014-04-30 01:54,6.446,0.004,0,0,0,0,v
2014-04-30 02:00,6.476,0.004,0,0,0,0,v
2014-04-30 02:06,6.455,0.008,0,0,0,0,v
2014-04-30 02:12,6.440,0.005,0,0,0,0,v
2014-04-30 02:18,6.448,0.003,0,0,0,0,v
2014-04-30 02:24,6.432,0.004,0,0,0,0,v
2014-04-30 02:30,6.434,0.004,0,0,0,0,v
2014-04-30 02:36,6.420,0.005,0,0,0,0,v
2014-04-30 02:42,6.431,0.004,0,0,0,0,v
2014-04-30 02:48,6.426,0.004,0,0,0,0,v
2014-04-30 02:54,6.389,0.004,0,0,0,0,v
2014-04-30 03:00,6.406,0.003,0,0,0,0,v
2014-04-30 03:06,6.431,0.005,0,0,0,0,v
2014-04-30 03:12,6.425,0.006,0,0,0,0,v
2014-04-30 03:18,6.419,0.004,0,0,0,0,v
2014-04-30 03:24,6.414,0.005,0,0,0,0,v
2014-04-30 03:30,6.406,0.007,0,0,0,0,v
2014-04-30 03:36,6.406,0.004,0,0,0,0,v
2014-04-30 03:42,6.406,0.004,0,0,0,0,v
2014-04-30 03:48,6.419,0.004,0,0,0,0,v
2014-04-30 03:54,6.400,0.005,0,0,0,0,v
2014-04-30 04:00,6.392,0.004,0,0,0,0,v
2014-04-30 04:06,6.379,0.003,0,0,0,0,v
2014-04-30 04:12,6.366,0.005,0,0,0,0,v
2014-04-30 04:18,6.400,0.004,0,0,0,0,v
2014-04-30 04:24,6.411,0.004,0,0,0,0,v
2014-04-30 04:30,6.435,0.010,0,0,0,0,v
2014-04-30 04:36,6.454,0.006,0,0,0,0,v
2014-04-30 04:42,6.458,0.006,0,0,0,0,v
2014-04-30 04:48,6.447,0.005,0,0,0,0,v
2014-04-30 04:54,6.470,0.004,0,0,0,0,v
2014-04-30 05:00,6.483,0.005,0,0,0,0,v
2014-04-30 05:06,6.489,0.003,0,0,0,0,v
2014-04-30 05:12,6.483,0.004,0,0,0,0,v
2014-04-30 05:18,6.495,0.005,0,0,0,0,v
2014-04-30 05:24,6.522,0.004,0,0,0,0,v
2014-04-30 05:30,6.529,0.003,0,0,0,0,v
2014-04-30 05:36,6.547,0.006,0,0,0,0,v
2014-04-30 05:42,6.567,0.004,0,0,0,0,v
2014-04-30 05:48,6.595,0.009,0,0,0,0,v
2014-04-30 05:54,6.619,0.006,0,0,0,0,v
2014-04-30 06:00,6.619,0.003,0,0,0,0,v
2014-04-30 06:06,6.643,0.003,0,0,0,0,v
2014-04-30 06:12,6.647,0.004,0,0,0,0,v
2014-04-30 06:18,6.641,0.003,0,0,0,0,v
2014-04-30 06:24,6.671,0.007,0,0,0,0,v
2014-04-30 06:30,6.695,0.003,0,0,0,0,v
2014-04-30 06:36,6.688,0.004,0,0,0,0,v
2014-04-30 06:42,6.710,0.007,0,0,0,0,v
2014-04-30 06:48,6.734,0.005,0,0,0,0,v
2014-04-30 06:54,6.743,0.003,0,0,0,0,v
2014-04-30 07:00,6.757,0.005,0,0,0,0,v
2014-04-30 07:06,6.779,0.005,0,0,0,0,v
2014-04-30 07:12,6.784,0.004,0,0,0,0,v
2014-04-30 07:18,6.789,0.003,0,0,0,0,v
2014-04-30 07:24,6.786,0.005,0,0,0,0,v
2014-04-30 07:30,6.832,0.003,0,0,0,0,v
2014-04-30 07:36,6.819,0.005,0,0,0,0,v
2014-04-30 07:42,6.825,0.005,0,0,0,0,v
2014-04-30 07:48,6.833,0.009,0,0,0,0,v
2014-04-30 07:54,6.881,0.003,0,0,0,0,v
2014-04-30 08:00,6.867,0.006,0,0,0,0,v
2014-04-30 08:06,6.841,0.003,0,0,0,0,v
2014-04-30 08:12,6.864,0.009,0,0,0,0,v
2014-04-30 08:18,6.921,0.004,0,0,0,0,v
2014-04-30 08:24,6.949,0.004,0,0,0,0,v
2014-04-30 08:30,6.970,0.003,0,0,0,0,v
2014-04-30 08:36,6.935,0.005,0,0,0,0,v
2014-04-30 08:42,6.935,0.006,0,0,0,0,v
2014-04-30 08:48,6.926,0.003,0,0,0,0,v
2014-04-30 08:54,6.923,0.006,0,0,0,0,v
2014-04-30 09:00,6.965,0.004,0,0,0,0,v
2014-04-30 09:06,6.965,0.008,0,0,0,0,v
2014-04-30 09:12,6.942,0.004,0,0,0,0,v
2014-04-30 09:18,6.933,0.003,0,0,0,0,v
2014-04-30 09:24,6.943,0.005,0,0,0,0,v
2014-04-30 09:30,6.923,0.005,0,0,0,0,v
2014-04-30 09:36,6.952,0.008,0,0,0,0,v
2014-04-30 09:42,6.975,0.004,0,0,0,0,v
2014-04-30 09:48,6.985,0.003,0,0,0,0,v
2014-04-30 09:54,6.984,0.004,0,0,0,0,v
2014-04-30 10:00,6.947,0.008,0,0,0,0,v
2014-04-30 10:06,6.933,0.004,0,0,0,0,v
2014-04-30 10:12,6.942,0.006,0,0,0,0,v
2014-04-30 10:18,6.929,0.009,0,0,0,0,v
2014-04-30 10:24,6.909,0.004,0,0,0,0,v
2014-04-30 10:30,6.936,0.004,0,0,0,0,v
2014-04-30 10:36,6.928,0.004,0,0,0,0,v
2014-04-30 10:42,6.950,0.006,0,0,0,0,v
2014-04-30 10:48,6.979,0.003,0,0,0,0,v
2014-04-30 10:54,6.941,0.005,0,0,0,0,v
2014-04-30 11:00,6.972,0.011,0,0,0,0,v
2014-04-30 11:06,6.969,0.007,0,0,0,0,v
2014-04-30 11:12,6.960,0.008,0,0,0,0,v
2014-04-30 11:18,7.003,0.004,0,0,0,0,v
2014-04-30 11:24,6.954,0.006,0,0,0,0,v
2014-04-30 11:30,7.030,0.011,0,0,0,0,v
2014-04-30 11:36,7.077,0.004,0,0,0,0,v
2014-04-30 11:42,7.033,0.013,0,0,0,0,v
2014-04-30 11:48,6.990,0.004,0,0,0,0,v
2014-04-30 11:54,6.979,0.005,0,0,0,0,v
2014-04-30 12:00,6.989,0.004,0,0,0,0,v
2014-04-30 12:06,7.001,0.005,0,0,0,0,v
2014-04-30 12:12,6.989,0.006,0,0,0,0,v
2014-04-30 12:18,6.982,0.006,0,0,0,0,v
2014-04-30 12:24,6.982,0.004,0,0,0,0,v
2014-04-30 12:30,6.969,0.008,0,0,0,0,v
2014-04-30 12:36,6.924,0.006,0,0,0,0,v
2014-04-30 12:42,6.925,0.005,0,0,0,0,v
2014-04-30 12:48,6.916,0.005,0,0,0,0,v
2014-04-30 12:54,6.911,0.007,0,0,0,0,v
2014-04-30 13:00,6.934,0.005,0,0,0,0,v
2014-04-30 13:06,6.915,0.004,0,0,0,0,v
2014-04-30 13:12,6.911,0.005,0,0,0,0,v
2014-04-30 13:18,6.922,0.006,0,0,0,0,v
2014-04-30 13:24,6.912,0.006,0,0,0,0,v
2014-04-30 13:30,6.930,0.005,0,0,0,0,v
2014-04-30 13:36,6.940,0.004,0,0,0,0,v
2014-04-30 13:42,6.922,0.006,0,0,0,0,v
2014-04-30 13:48,6.931,0.005,0,0,0,0,v
2014-04-30 13:54,6.974,0.008,0,0,0,0,v
2014-04-30 14:00,6.986,0.004,0,0,0,0,v
2014-04-30 14:06,6.970,0.009,0,0,0,0,v
2014-04-30 14:12,6.911,0.006,0,0,0,0,v
2014-04-30 14:18,6.896,0.004,0,0,0,0,v
2014-04-30 14:24,6.895,0.004,0,0,0,0,v
2014-04-30 14:30,6.878,0.009,0,0,0,0,v
2014-04-30 14:36,6.843,0.007,0,0,0,0,v
2014-04-30 14:42,6.857,0.006,0,0,0,0,v
2014-04-30 14:48,6.887,0.004,0,0,0,0,v
2014-04-30 14:54,6.876,0.004,0,0,0,0,v
2014-04-30 15:00,6.924,0.005,0,0,0,0,v
2014-04-30 15:06,6.917,0.004,0,0,0,0,v
2014-04-30 15:12,6.925,0.009,0,0,0,0,v
2014-04-30 15:18,6.923,0.006,0,0,0,0,v
2014-04-30 15:24,6.931,0.004,0,0,0,0,v
2014-04-30 15:30,6.904,0.011,0,0,0,0,v
2014-04-30 15:36,6.882,0.004,0,0,0,0,v
2014-04-30 15:42,6.884,0.004,0,0,0,0,v
2014-04-30 15:48,6.870,0.006,0,0,0,0,v
2014-04-30 15:54,6.872,0.005,0,0,0,0,v
2014-04-30 16:00,6.873,0.004,0,0,0,0,v
2014-04-30 16:06,6.846,0.010,0,0,0,0,v
2014-04-30 16:12,6.809,0.003,0,0,0,0,v
2014-04-30 16:18,6.805,0.003,0,0,0,0,v
2014-04-30 16:24,6.846,0.008,0,0,0,0,v
2014-04-30 16:30,6.850,0.005,0,0,0,0,v
2014-04-30 16:36,6.853,0.004,0,0,0,0,v
2014-04-30 16:42,6.833,0.009,0,0,0,0,v
2014-04-30 16:48,6.811,0.004,0,0,0,0,v
2014-04-30 16:54,6.840,0.003,0,0,0,0,v
2014-04-30 17:00,6.836,0.006,0,0,0,0,v
2014-04-30 17:06,6.814,0.008,0,0,0,0,v
2014-04-30 17:12,6.822,0.005,0,0,0,0,v
2014-04-30 17:18,6.802,0.005,0,0,0,0,v
2014-04-30 17:24,6.800,0.007,0,0,0,0,v
2014-04-30 17:30,6.773,0.005,0,0,0,0,v
2014-04-30 17:36,6.777,0.005,0,0,0,0,v
2014-04-30 17:42,6.794,0.004,0,0,0,0,v
2014-04-30 17:48,6.789,0.009,0,0,0,0,v
2014-04-30 17:54,6.781,0.004,0,0,0,0,v
2014-04-30 18:00,6.792,0.007,0,0,0,0,v
2014-04-30 18:06,6.795,0.005,0,0,0,0,v
2014-04-30 18:12,6.813,0.004,0,0,0,0,v
2014-04-30 18:18,6.791,0.006,0,0,0,0,v
2014-04-30 18:24,6.784,0.005,0,0,0,0,v
2014-04-30 18:30,6.778,0.005,0,0,0,0,v
2014-04-30 18:36,6.802,0.011,0,0,0,0,v
2014-04-30 18:42,6.815,0.008,0,0,0,0,v
2014-04-30 18:48,6.818,0.005,0,0,0,0,v
2014-04-30 18:54,6.831,0.009,0,0,0,0,v
2014-04-30 19:00,6.802,0.005,0,0,0,0,v
2014-04-30 19:06,6.825,0.005,0,0,0,0,v
2014-04-30 19:12,6.809,0.004,0,0,0,0,v
2014-04-30 19:18,6.835,0.006,0,0,0,0,v
2014-04-30 19:24,6.828,0.004,0,0,0,0,v
2014-04-30 19:30,6.821,0.006,0,0,0,0,v
2014-04-30 19:36,6.817,0.003,0,0,0,0,v
2014-04-30 19:42,6.834,0.007,0,0,0,0,v
2014-04-30 19:48,6.817,0.005,0,0,0,0,v
2014-04-30 19:54,6.798,0.004,0,0,0,0,v
2014-04-30 20:00,6.818,0.004,0,0,0,0,v
2014-04-30 20:06,6.828,0.005,0,0,0,0,v
2014-04-30 20:12,6.822,0.005,0,0,0,0,v
2014-04-30 20:18,6.808,0.008,0,0,0,0,v
2014-04-30 20:24,6.808,0.004,0,0,0,0,v
2014-04-30 20:30,6.798,0.003,0,0,0,0,v
2014-04-30 20:36,6.774,0.003,0,0,0,0,v
2014-04-30 20:42,6.793,0.005,0,0,0,0,v
2014-04-30 20:48,6.770,0.003,0,0,0,0,v
2014-04-30 20:54,6.760,0.005,0,0,0,0,v
2014-04-30 21:00,6.718,0.004,0,0,0,0,v
2014-04-30 21:06,6.733,0.006,0,0,0,0,v
2014-04-30 21:12,6.755,0.004,0,0,0,0,v
2014-04-30 21:18,6.769,0.003,0,0,0,0,v
2014-04-30 21:24,6.749,0.004,0,0,0,0,v
2014-04-30 21:30,6.744,0.003,0,0,0,0,v
2014-04-30 21:36,6.763,0.006,0,0,0,0,v
2014-04-30 21:42,6.739,0.004,0,0,0,0,v
2014-04-30 21:48,6.755,0.005,0,0,0,0,v
2014-04-30 21:54,6.733,0.003,0,0,0,0,v
2014-04-30 22:00,6.720,0.003,0,0,0,0,v
2014-04-30 22:06,6.741,0.007,0,0,0,0,v
2014-04-30 22:12,6.737,0.007,0,0,0,0,v
2014-04-30 22:18,6.699,0.004,0,0,0,0,v
2014-04-30 22:24,6.701,0.004,0,0,0,0,v
2014-04-30 22:30,6.660,0.007,0,0,0,0,v
2014-04-30 22:36,6.640,0.004,0,0,0,0,v
2014-04-30 22:42,6.633,0.009,0,0,0,0,v
2014-04-30 22:48,6.594,0.004,0,0,0,0,v
2014-04-30 22:54,6.612,0.002,0,0,0,0,v
2014-04-30 23:00,6.610,0.003,0,0,0,0,v
2014-04-30 23:06,6.604,0.007,0,0,0,0,v
2014-04-30 23:12,6.627,0.003,0,0,0,0,v
2014-04-30 23:18,6.606,0.004,0,0,0,0,v
2014-04-30 23:24,6.618,0.004,0,0,0,0,v
2014-04-30 23:30,6.589,0.007,0,0,0,0,v
2014-04-30 23:36,6.599,0.005,0,0,0,0,v
2014-04-30 23:42,6.586,0.005,0,0,0,0,v
2014-04-30 23:48,6.554,0.003,0,0,0,0,v
2014-04-30 23:54,6.561,0.004,0,0,0,0,v
2014-05-01 00:00,6.582,0.007,0,0,0,0,v
2014-05-01 00:06,6.563,0.006,0,0,0,0,v
2014-05-01 00:12,6.515,0.004,0,0,0,0,v
2014-05-01 00:18,6.525,0.003,0,0,0,0,v
2014-05-01 00:24,6.517,0.004,0,0,0,0,v
2014-05-01 00:30,6.499,0.006,0,0,0,0,v
2014-05-01 00:36,6.472,0.007,0,0,0,0,v
2014-05-01 00:42,6.434,0.004,0,0,0,0,v
2014-05-01 00:48,6.438,0.002,0,0,0,0,v
2014-05-01 00:54,6.425,0.004,0,0,0,0,v
2014-05-01 01:00,6.452,0.003,0,0,0,0,v
2014-05-01 01:06,6.422,0.004,0,0,0,0,v
2014-05-01 01:12,6.427,0.003,0,0,0,0,v
2014-05-01 01:18,6.419,0.003,0,0,0,0,v
2014-05-01 01:24,6.387,0.005,0,0,0,0,v
2014-05-01 01:30,6.402,0.005,0,0,0,0,v
2014-05-01 01:36,6.434,0.004,0,0,0,0,v
2014-05-01 01:42,6.412,0.004,0,0,0,0,v
2014-05-01 01:48,6.389,0.004,0,0,0,0,v
2014-05-01 01:54,6.393,0.006,0,0,0,0,v
2014-05-01 02:00,6.412,0.005,0,0,0,0,v
2014-05-01 02:06,6.386,0.003,0,0,0,0,v
2014-05-01 02:12,6.405,0.003,0,0,0,0,v
2014-05-01 02:18,6.386,0.006,0,0,0,0,v
2014-05-01 02:24,6.344,0.005,0,0,0,0,v
2014-05-01 02:30,6.337,0.004,0,0,0,0,v
2014-05-01 02:36,6.375,0.003,0,0,0,0,v
2014-05-01 02:42,6.387,0.003,0,0,0,0,v
2014-05-01 02:48,6.391,0.004,0,0,0,0,v
2014-05-01 02:54,6.373,0.007,0,0,0,0,v
2014-05-01 03:00,6.347,0.007,0,0,0,0,v
2014-05-01 03:06,6.333,0.006,0,0,0,0,v
2014-05-01 03:12,6.356,0.002,0,0,0,0,v
2014-05-01 03:18,6.340,0.004,0,0,0,0,v
2014-05-01 03:24,6.361,0.003,0,0,0,0,v
2014-05-01 03:30,6.395,0.005,0,0,0,0,v
2014-05-01 03:36,6.420,0.004,0,0,0,0,v
2014-05-01 03:42,6.393,0.005,0,0,0,0,v
2014-05-01 03:48,6.376,0.004,0,0,0,0,v
2014-05-01 03:54,6.378,0.004,0,0,0,0,v
2014-05-01 04:00,6.370,0.004,0,0,0,0,v
2014-05-01 04:06,6.357,0.004,0,0,0,0,v
2014-05-01 04:12,6.368,0.004,0,0,0,0,v
2014-05-01 04:18,6.360,0.003,0,0,0,0,v
2014-05-01 04:24,6.367,0.003,0,0,0,0,v
2014-05-01 04:30,6.372,0.005,0,0,0,0,v
2014-05-01 04:36,6.375,0.009,0,0,0,0,v
2014-05-01 04:42,6.395,0.003,0,0,0,0,v
2014-05-01 04:48,6.392,0.004,0,0,0,0,v
2014-05-01 04:54,6.364,0.005,0,0,0,0,v
2014-05-01 05:00,6.398,0.005,0,0,0,0,v
2014-05-01 05:06,6.363,0.004,0,0,0,0,v
2014-05-01 05:12,6.380,0.006,0,0,0,0,v
2014-05-01 05:18,6.412,0.005,0,0,0,0,v
2014-05-01 05:24,6.415,0.004,0,0,0,0,v
2014-05-01 05:30,6.408,0.003,0,0,0,0,v
2014-05-01 05:36,6.439,0.006,0,0,0,0,v
2014-05-01 05:42,6.471,0.003,0,0,0,0,v
2014-05-01 05:48,6.479,0.005,0,0,0,0,v
2014-05-01 05:54,6.475,0.005,0,0,0,0,v
2014-05-01 06:00,6.479,0.004,0,0,0,0,v
2014-05-01 06:06,6.520,0.003,0,0,0,0,v
2014-05-01 06:12,6.518,0.005,0,0,0,0,v
2014-05-01 06:18,6.528,0.006,0,0,0,0,v
2014-05-01 06:24,6.541,0.008,0,0,0,0,v
2014-05-01 06:30,6.564,0.003,0,0,0,0,v
2014-05-01 06:36,6.554,0.006,0,0,0,0,v
2014-05-01 06:42,6.606,0.003,0,0,0,0,v
2014-05-01 06:48,6.625,0.007,0,0,0,0,v
2014-05-01 06:54,6.660,0.004,0,0,0,0,v
2014-05-01 07:00,6.639,0.005,0,0,0,0,v
2014-05-01 07:06,6.657,0.002,0,0,0,0,v
2014-05-01 07:12,6.696,0.004,0,0,0,0,v
2014-05-01 07:18,6.673,0.006,0,0,0,0,v
2014-05-01 07:24,6.639,0.008,0,0,0,0,v
2014-05-01 07:30,6.639,0.006,0,0,0,0,v
2014-05-01 07:36,6.663,0.011,0,0,0,0,v
2014-05-01 07:42,6.719,0.004,0,0,0,0,v
2014-05-01 07:48,6.711,0.005,0,0,0,0,v
2014-05-01 07:54,6.684,0.003,0,0,0,0,v
2014-05-01 08:00,6.727,0.006,0,0,0,0,v
2014-05-01 08:06,6.739,0.005,0,0,0,0,v
2014-05-01 08:12,6.680,0.003,0,0,0,0,v
2014-05-01 08:18,6.711,0.004,0,0,0,0,v
2014-05-01 08:24,6.765,0.007,0,0,0,0,v
2014-05-01 08:30,6.657,0.009,0,0,0,0,v
2014-05-01 08:36,6.705,0.015,0,0,1,0,v
2014-05-01 08:42,6.782,0.009,0,0,0,0,v
2014-05-01 08:48,6.801,0.007,0,0,0,0,v
2014-05-01 08:54,6.807,0.009,0,0,0,0,v
2014-05-01 09:00,6.795,0.004,0,0,0,0,v
2014-05-01 09:06,6.805,0.010,0,0,0,0,v
2014-05-01 09:12,6.880,0.004,0,0,0,0,v
2014-05-01 09:18,6.859,0.009,0,0,0,0,v
2014-05-01 09:24,6.814,0.003,0,0,0,0,v
2014-05-01 09:30,6.829,0.005,0,0,0,0,v
2014-05-01 09:36,6.889,0.005,0,0,0,0,v
2014-05-01 09:42,6.886,0.012,0,0,0,0,v
2014-05-01 09:48,6.848,0.005,0,0,0,0,v
2014-05-01 09:54,6.858,0.008,0,0,0,0,v
2014-05-01 10:00,6.887,0.003,0,0,0,0,v
2014-05-01 10:06,6.880,0.002,0,0,0,0,v
2014-05-01 10:12,6.923,0.002,0,0,0,0,v
2014-05-01 10:18,6.940,0.004,0,0,0,0,v
2014-05-01 10:24,6.966,0.005,0,0,0,0,v
2014-05-01 10:30,6.944,0.003,0,0,0,0,v
2014-05-01 10:36,6.992,0.004,0,0,0,0,v
2014-05-01 10:42,6.961,0.010,0,0,0,0,v
2014-05-01 10:48,6.960,0.007,0,0,0,0,v
2014-05-01 10:54,6.968,0.003,0,0,0,0,v
2014-05-01 11:00,6.961,0.003,0,0,0,0,v
2014-05-01 11:06,6.988,0.004,0,0,0,0,v
2014-05-01 11:12,6.995,0.003,0,0,0,0,v
2014-05-01 11:18,6.983,0.005,0,0,0,0,v
2014-05-01 11:24,7.011,0.003,0,0,0,0,v
2014-05-01 11:30,6.983,0.004,0,0,0,0,v
2014-05-01 11:36,6.993,0.008,0,0,0,0,v
2014-05-01 11:42,7.021,0.002,0,0,0,0,v
2014-05-01 11:48,6.999,0.005,0,0,0,0,v
2014-05-01 11:54,6.991,0.004,0,0,0,0,v
2014-05-01 12:00,7.015,0.006,0,0,0,0,v
2014-05-01 12:06,7.018,0.005,0,0,0,0,v
2014-05-01 12:12,6.994,0.005,0,0,0,0,v
2014-05-01 12:18,6.983,0.005,0,0,0,0,v
2014-05-01 12:24,6.946,0.006,0,0,0,0,v
2014-05-01 12:30,6.943,0.004,0,0,0,0,v
2014-05-01 12:36,6.946,0.007,0,0,0,0,v
2014-05-01 12:42,6.963,0.004,0,0,0,0,v
2014-05-01 12:48,6.937,0.005,0,0,0,0,v
2014-05-01 12:54,6.938,0.005,0,0,0,0,v
2014-05-01 13:00,6.964,0.006,0,0,0,0,v
2014-05-01 13:06,6.953,0.005,0,0,0,0,v
2014-05-01 13:12,6.949,0.005,0,0,0,0,v
2014-05-01 13:18,6.954,0.005,0,0,0,0,v
2014-05-01 13:24,6.957,0.006,0,0,0,0,v
2014-05-01 13:30,6.935,0.009,0,0,0,0,v
2014-05-01 13:36,6.935,0.005,0,0,0,0,v
2014-05-01 13:42,6.942,0.005,0,0,0,0,v
2014-05-01 13:48,6.957,0.003,0,0,0,0,v
2014-05-01 13:54,6.915,0.006,0,0,0,0,v
2014-05-01 14:00,6.962,0.006,0,0,0,0,v
2014-05-01 14:06,6.969,0.005,0,0,0,0,v
2014-05-01 14:12,6.931,0.004,0,0,0,0,v
2014-05-01 14:18,6.952,0.004,0,0,0,0,v
2014-05-01 14:24,6.964,0.003,0,0,0,0,v
2014-05-01 14:30,6.960,0.005,0,0,0,0,v
2014-05-01 14:36,6.934,0.005,0,0,0,0,v
2014-05-01 14:42,6.915,0.005,0,0,0,0,v
2014-05-01 14:48,6.951,0.008,0,0,0,0,v
2014-05-01 14:54,6.948,0.009,0,0,0,0,v
2014-05-01 15:00,6.903,0.005,0,0,0,0,v
2014-05-01 15:06,6.923,0.006,0,0,0,0,v
2014-05-01 15:12,6.936,0.005,0,0,0,0,v
2014-05-01 15:18,6.912,0.005,0,0,0,0,v
2014-05-01 15:24,6.923,0.005,0,0,0,0,v
2014-05-01 15:30,6.913,0.006,0,0,0,0,v
2014-05-01 15:36,6.886,0.005,0,0,0,0,v
2014-05-01 15:42,6.910,0.007,0,0,0,0,v
2014-05-01 15:48,6.881,0.005,0,0,0,0,v
2014-05-01 15:54,6.918,0.009,0,0,0,0,v
2014-05-01 16:00,6.931,0.009,0,0,0,0,v
2014-05-01 16:06,6.898,0.008,0,0,0,0,v
2014-05-01 16:12,6.903,0.008,0,0,0,0,v
2014-05-01 16:18,6.891,0.007,0,0,0,0,v
2014-05-01 16:24,6.882,0.009,0,0,0,0,v
2014-05-01 16:30,6.918,0.006,0,0,0,0,v
2014-05-01 16:36,6.879,0.009,0,0,0,0,v
2014-05-01 16:42,6.883,0.006,0,0,0,0,v
2014-05-01 16:48,6.880,0.006,0,0,0,0,v
2014-05-01 16:54,6.877,0.006,0,0,0,0,v
2014-05-01 17:00,6.879,0.006,0,0,0,0,v
2014-05-01 17:06,6.851,0.011,0,0,0,0,v
2014-05-01 17:12,6.822,0.004,0,0,0,0,v
2014-05-01 17:18,6.852,0.006,0,0,0,0,v
2014-05-01 17:24,6.851,0.005,0,0,0,0,v
2014-05-01 17:30,6.830,0.008,0,0,0,0,v
2014-05-01 17:36,6.833,0.007,0,0,0,0,v
2014-05-01 17:42,6.845,0.005,0,0,0,0,v
2014-05-01 17:48,6.830,0.004,0,0,0,0,v
2014-05-01 17:54,6.803,0.009,0,0,0,0,v
2014-05-01 18:00,6.812,0.004,0,0,0,0,v
2014-05-01 18:06,6.819,0.006,0,0,0,0,v
2014-05-01 18:12,6.807,0.005,0,0,0,0,v
2014-05-01 18:18,6.804,0.007,0,0,0,0,v
2014-05-01 18:24,6.855,0.006,0,0,0,0,v
2014-05-01 18:30,6.849,0.005,0,0,0,0,v
2014-05-01 18:36,6.832,0.009,0,0,0,0,v
2014-05-01 18:42,6.808,0.005,0,0,0,0,v
2014-05-01 18:48,6.814,0.009,0,0,0,0,v
2014-05-01 18:54,6.793,0.007,0,0,0,0,v
2014-05-01 19:00,6.791,0.007,0,0,0,0,v
2014-05-01 19:06,6.791,0.004,0,0,0,0,v
2014-05-01 19:12,6.819,0.007,0,0,0,0,v
2014-05-01 19:18,6.786,0.008,0,0,0,0,v
2014-05-01 19:24,6.818,0.006,0,0,0,0,v
2014-05-01 19:30,6.824,0.007,0,0,0,0,v
2014-05-01 19:36,6.830,0.008,0,0,0,0,v
2014-05-01 19:42,6.781,0.009,0,0,0,0,v
2014-05-01 19:48,6.757,0.009,0,0,0,0,v
2014-05-01 19:54,6.796,0.006,0,0,0,0,v
2014-05-01 20:00,6.805,0.010,0,0,0,0,v
2014-05-01 20:06,6.796,0.009,0,0,0,0,v
2014-05-01 20:12,6.819,0.005,0,0,0,0,v
2014-05-01 20:18,6.816,0.004,0,0,0,0,v
2014-05-01 20:24,6.808,0.007,0,0,0,0,v
2014-05-01 20:30,6.801,0.005,0,0,0,0,v
2014-05-01 20:36,6.832,0.005,0,0,0,0,v
2014-05-01 20:42,6.837,0.009,0,0,0,0,v
2014-05-01 20:48,6.784,0.006,0,0,0,0,v
2014-05-01 20:54,6.824,0.007,0,0,0,0,v
2014-05-01 21:00,6.798,0.005,0,0,0,0,v
2014-05-01 21:06,6.808,0.005,0,0,0,0,v
2014-05-01 21:12,6.797,0.007,0,0,0,0,v
2014-05-01 21:18,6.814,0.004,0,0,0,0,v
2014-05-01 21:24,6.816,0.006,0,0,0,0,v
2014-05-01 21:30,6.795,0.009,0,0,0,0,v
2014-05-01 21:36,6.822,0.005,0,0,0,0,v
2014-05-01 21:42,6.776,0.009,0,0,0,0,v
2014-05-01 21:48,6.817,0.007,0,0,0,0,v
2014-05-01 21:54,6.800,0.008,0,0,0,0,v
2014-05-01 22:00,6.817,0.009,0,0,0,0,v
2014-05-01 22:06,6.790,0.005,0,0,0,0,v
2014-05-01 22:12,6.787,0.010,0,0,0,0,v
2014-05-01 22:18,6.763,0.007,0,0,0,0,v
2014-05-01 22:24,6.793,0.005,0,0,0,0,v
2014-05-01 22:30,6.771,0.008,0,0,0,0,v
2014-05-01 22:36,6.746,0.006,0,0,0,0,v
2014-05-01 22:42,6.708,0.006,0,0,0,0,v
2014-05-01 22:48,6.715,0.004,0,0,0,0,v
2014-05-01 22:54,6.715,0.007,0,0,0,0,v
2014-05-01 23:00,6.686,0.004,0,0,0,0,v
2014-05-01 23:06,6.691,0.005,0,0,0,0,v
2014-05-01 23:12,6.693,0.007,0,0,0,0,v
2014-05-01 23:18,6.704,0.004,0,0,0,0,v
2014-05-01 23:24,6.675,0.004,0,0,0,0,v
2014-05-01 23:30,6.671,0.005,0,0,0,0,v
2014-05-01 23:36,6.656,0.004,0,0,0,0,v
2014-05-01 23:42,6.652,0.005,0,0,0,0,v
2014-05-01 23:48,6.618,0.005,0,0,0,0,v
2014-05-01 23:54,6.631,0.006,0,0,0,0,v
2014-05-02 00:00,6.640,0.004,0,0,0,0,v
2014-05-02 00:06,6.573,0.005,0,0,0,0,v
2014-05-02 00:12,6.566,0.006,0,0,0,0,v
2014-05-02 00:18,6.553,0.007,0,0,0,0,v
2014-05-02 00:24,6.557,0.004,0,0,0,0,v
2014-05-02 00:30,6.564,0.005,0,0,0,0,v
2014-05-02 00:36,6.566,0.006,0,0,0,0,v
2014-05-02 00:42,6.560,0.004,0,0,0,0,v
2014-05-02 00:48,6.585,0.006,0,0,0,0,v
2014-05-02 00:54,6.579,0.007,0,0,0,0,v
2014-05-02 01:00,6.538,0.004,0,0,0,0,v
2014-05-02 01:06,6.542,0.004,0,0,0,0,v
2014-05-02 01:12,6.534,0.004,0,0,0,0,v
2014-05-02 01:18,6.512,0.004,0,0,0,0,v
2014-05-02 01:24,6.493,0.004,0,0,0,0,v
2014-05-02 01:30,6.503,0.006,0,0,0,0,v
2014-05-02 01:36,6.511,0.004,0,0,0,0,v
2014-05-02 01:42,6.497,0.007,0,0,0,0,v
2014-05-02 01:48,6.494,0.008,0,0,0,0,v
2014-05-02 01:54,6.480,0.007,0,0,0,0,v
2014-05-02 02:00,6.460,0.004,0,0,0,0,v
2014-05-02 02:06,6.487,0.007,0,0,0,0,v
2014-05-02 02:12,6.494,0.005,0,0,0,0,v
2014-05-02 02:18,6.464,0.006,0,0,0,0,v
2014-05-02 02:24,6.492,0.008,0,0,0,0,v
2014-05-02 02:30,6.457,0.006,0,0,0,0,v
2014-05-02 02:36,6.432,0.007,0,0,0,0,v
2014-05-02 02:42,6.416,0.005,0,0,0,0,v
2014-05-02 02:48,6.421,0.007,0,0,0,0,v
2014-05-02 02:54,6.409,0.008,0,0,0,0,v
2014-05-02 03:00,6.400,0.008,0,0,0,0,v
2014-05-02 03:06,6.421,0.005,0,0,0,0,v
2014-05-02 03:12,6.420,0.007,0,0,0,0,v
2014-05-02 03:18,6.406,0.005,0,0,0,0,v
2014-05-02 03:24,6.429,0.006,0,0,0,0,v
2014-05-02 03:30,6.446,0.006,0,0,0,0,v
2014-05-02 03:36,6.429,0.004,0,0,0,0,v
2014-05-02 03:42,6.437,0.007,0,0,0,0,v
2014-05-02 03:48,6.432,0.005,0,0,0,0,v
2014-05-02 03:54,6.438,0.005,0,0,0,0,v
2014-05-02 04:00,6.437,0.007,0,0,0,0,v
2014-05-02 04:06,6.409,0.005,0,0,0,0,v
2014-05-02 04:12,6.421,0.005,0,0,0,0,v
2014-05-02 04:18,6.423,0.004,0,0,0,0,v
2014-05-02 04:24,6.409,0.004,0,0,0,0,v
2014-05-02 04:30,6.407,0.004,0,0,0,0,v
2014-05-02 04:36,6.423,0.005,0,0,0,0,v
2014-05-02 04:42,6.420,0.005,0,0,0,0,v
2014-05-02 04:48,6.405,0.003,0,0,0,0,v
2014-05-02 04:54,6.417,0.007,0,0,0,0,v
2014-05-02 05:00,6.418,0.004,0,0,0,0,v
2014-05-02 05:06,6.444,0.005,0,0,0,0,v
2014-05-02 05:12,6.453,0.006,0,0,0,0,v
2014-05-02 05:18,6.436,0.007,0,0,0,0,v
2014-05-02 05:24,6.468,0.004,0,0,0,0,v
2014-05-02 05:30,6.485,0.005,0,0,0,0,v
2014-05-02 05:36,6.460,0.010,0,0,0,0,v
2014-05-02 05:42,6.449,0.005,0,0,0,0,v
2014-05-02 05:48,6.470,0.013,0,0,0,0,v
2014-05-02 05:54,6.482,0.008,0,0,0,0,v
2014-05-02 06:00,6.490,0.006,0,0,0,0,v
2014-05-02 06:06,6.480,0.005,0,0,0,0,v
2014-05-02 06:12,6.496,0.005,0,0,0,0,v
2014-05-02 06:18,6.491,0.007,0,0,0,0,v
2014-05-02 06:24,6.456,0.008,0,0,0,0,v
2014-05-02 06:30,6.507,0.007,0,0,0,0,v
2014-05-02 06:36,6.547,0.005,0,0,0,0,v
2014-05-02 06:42,6.509,0.006,0,0,0,0,v
2014-05-02 06:48,6.530,0.013,0,0,0,0,v
2014-05-02 06:54,6.570,0.007,0,0,0,0,v
2014-05-02 07:00,6.624,0.009,0,0,0,0,v
2014-05-02 07:06,6.594,0.004,0,0,0,0,v
2014-05-02 07:12,6.601,0.006,0,0,0,0,v
2014-05-02 07:18,6.614,0.004,0,0,0,0,v
2014-05-02 07:24,6.623,0.005,0,0,0,0,v
2014-05-02 07:30,6.621,0.004,0,0,0,0,v
2014-05-02 07:36,6.653,0.005,0,0,0,0,v
2014-05-02 07:42,6.636,0.005,0,0,0,0,v
2014-05-02 07:48,6.659,0.006,0,0,0,0,v
2014-05-02 07:54,6.644,0.006,0,0,0,0,v
2014-05-02 08:00,6.674,0.005,0,0,0,0,v
2014-05-02 08:06,6.659,0.005,0,0,0,0,v
2014-05-02 08:12,6.684,0.005,0,0,0,0,v
2014-05-02 08:18,6.650,0.008,0,0,0,0,v
2014-05-02 08:24,6.681,0.015,0,0,0,0,v
2014-05-02 08:30,6.717,0.005,0,0,0,0,v
2014-05-02 08:36,6.719,0.008,0,0,0,0,v
2014-05-02 08:42,6.779,0.005,0,0,0,0,v
2014-05-02 08:48,6.756,0.006,0,0,0,0,v
2014-05-02 08:54,6.779,0.006,0,0,0,0,v
2014-05-02 09:00,6.795,0.009,0,0,0,0,v
2014-05-02 09:06,6.785,0.006,0,0,0,0,v
2014-05-02 09:12,6.798,0.005,0,0,0,0,v
2014-05-02 09:18,6.803,0.005,0,0,0,0,v
2014-05-02 09:24,6.832,0.007,0,0,0,0,v
2014-05-02 09:30,6.846,0.004,0,0,0,0,v
2014-05-02 09:36,6.865,0.006,0,0,0,0,v
2014-05-02 09:42,6.850,0.006,0,0,0,0,v
2014-05-02 09:48,6.891,0.005,0,0,0,0,v
2014-05-02 09:54,6.864,0.006,0,0,0,0,v
2014-05-02 10:00,6.853,0.007,0,0,0,0,v
2014-05-02 10:06,6.828,0.006,0,0,0,0,v
2014-05-02 10:12,6.885,0.004,0,0,0,0,v
2014-05-02 10:18,6.875,0.006,0,0,0,0,v
2014-05-02 10:24,6.880,0.011,0,0,0,0,v
2014-05-02 10:30,6.896,0.005,0,0,0,0,v
2014-05-02 10:36,6.879,0.005,0,0,0,0,v
2014-05-02 10:42,6.892,0.008,0,0,0,0,v
2014-05-02 10:48,6.932,0.007,0,0,0,0,v
2014-05-02 10:54,6.952,0.005,0,0,0,0,v
2014-05-02 11:00,6.939,0.006,0,0,0,0,v
2014-05-02 11:06,6.909,0.004,0,0,0,0,v
2014-05-02 11:12,6.946,0.005,0,0,0,0,v
2014-05-02 11:18,6.959,0.005,0,0,0,0,v
2014-05-02 11:24,6.964,0.006,0,0,0,0,v
2014-05-02 11:30,6.960,0.004,0,0,0,0,v
2014-05-02 11:36,6.929,0.004,0,0,0,0,v
2014-05-02 11:42,6.933,0.003,0,0,0,0,v
2014-05-02 11:48,6.950,0.005,0,0,0,0,v
2014-05-02 11:54,6.934,0.005,0,0,0,0,v
2014-05-02 12:00,6.953,0.004,0,0,0,0,v
2014-05-02 12:06,6.934,0.009,0,0,0,0,v
2014-05-02 12:12,6.926,0.010,0,0,0,0,v
2014-05-02 12:18,6.918,0.004,0,0,0,0,v
2014-05-02 12:24,6.942,0.006,0,0,0,0,v
2014-05-02 12:30,6.945,0.004,0,0,0,0,v
2014-05-02 12:36,6.947,0.008,0,0,0,0,v
2014-05-02 12:42,6.971,0.005,0,0,0,0,v
2014-05-02 12:48,6.930,0.004,0,0,0,0,v
2014-05-02 12:54,6.972,0.004,0,0,0,0,v
2014-05-02 13:00,6.977,0.006,0,0,0,0,v
2014-05-02 13:06,6.986,0.006,0,0,0,0,v
2014-05-02 13:12,6.999,0.005,0,0,0,0,v
2014-05-02 13:18,6.997,0.005,0,0,0,0,v
2014-05-02 13:24,6.977,0.005,0,0,0,0,v
2014-05-02 13:30,7.010,0.005,0,0,0,0,v
2014-05-02 13:36,7.006,0.007,0,0,0,0,v
2014-05-02 13:42,7.002,0.005,0,0,0,0,v
2014-05-02 13:48,7.007,0.007,0,0,0,0,v
2014-05-02 13:54,7.004,0.009,0,0,0,0,v
2014-05-02 14:00,6.958,0.005,0,0,0,0,v
2014-05-02 14:06,6.960,0.004,0,0,0,0,v
2014-05-02 14:12,6.962,0.004,0,0,0,0,v
2014-05-02 14:18,6.956,0.004,0,0,0,0,v
2014-05-02 14:24,6.923,0.005,0,0,0,0,v
2014-05-02 14:30,6.921,0.005,0,0,0,0,v
2014-05-02 14:36,6.918,0.004,0,0,0,0,v
2014-05-02 14:42,6.938,0.007,0,0,0,0,v
2014-05-02 14:48,6.950,0.005,0,0,0,0,v
2014-05-02 14:54,6.927,0.005,0,0,0,0,v
2014-05-02 15:00,6.948,0.004,0,0,0,0,v
2014-05-02 15:06,6.929,0.007,0,0,0,0,v
2014-05-02 15:12,6.912,0.007,0,0,0,0,v
2014-05-02 15:18,6.866,0.004,0,0,0,0,v
2014-05-02 15:24,6.878,0.004,0,0,0,0,v
2014-05-02 15:30,6.866,0.005,0,0,0,0,v
2014-05-02 15:36,6.896,0.008,0,0,0,0,v
2014-05-02 15:42,6.896,0.004,0,0,0,0,v
2014-05-02 15:48,6.891,0.006,0,0,0,0,v
2014-05-02 15:54,6.889,0.004,0,0,0,0,v
2014-05-02 16:00,6.913,0.005,0,0,0,0,v
2014-05-02 16:06,6.888,0.005,0,0,0,0,v
2014-05-02 16:12,6.898,0.005,0,0,0,0,v
2014-05-02 16:18,6.910,0.005,0,0,0,0,v
2014-05-02 16:24,6.874,0.006,0,0,0,0,v
2014-05-02 16:30,6.863,0.003,0,0,0,0,v
2014-05-02 16:36,6.881,0.005,0,0,0,0,v
2014-05-02 16:42,6.903,0.006,0,0,0,0,v
2014-05-02 16:48,6.927,0.005,0,0,0,0,v
2014-05-02 16:54,6.895,0.003,0,0,0,0,v
2014-05-02 17:00,6.899,0.005,0,0,0,0,v
2014-05-02 17:06,6.882,0.004,0,0,0,0,v
2014-05-02 17:12,6.864,0.003,0,0,0,0,v
2014-05-02 17:18,6.879,0.004,0,0,0,0,v
2014-05-02 17:24,6.845,0.006,0,0,0,0,v
2014-05-02 17:30,6.865,0.004,0,0,0,0,v
2014-05-02 17:36,6.855,0.005,0,0,0,0,v
2014-05-02 17:42,6.839,0.005,0,0,0,0,v
2014-05-02 17:48,6.842,0.005,0,0,0,0,v
2014-05-02 17:54,6.862,0.006,0,0,0,0,v
2014-05-02 18:00,6.844,0.006,0,0,0,0,v
2014-05-02 18:06,6.811,0.003,0,0,0,0,v
2014-05-02 18:12,6.849,0.005,0,0,0,0,v
2014-05-02 18:18,6.877,0.004,0,0,0,0,v
2014-05-02 18:24,6.857,0.005,0,0,0,0,v
2014-05-02 18:30,6.872,0.006,0,0,0,0,v
2014-05-02 18:36,6.854,0.005,0,0,0,0,v
2014-05-02 18:42,6.850,0.003,0,0,0,0,v
2014-05-02 18:48,6.841,0.003,0,0,0,0,v
2014-05-02 18:54,6.840,0.008,0,0,0,0,v
2014-05-02 19:00,6.811,0.006,0,0,0,0,v
2014-05-02 19:06,6.808,0.003,0,0,0,0,v
2014-05-02 19:12,6.784,0.007,0,0,0,0,v
2014-05-02 19:18,6.785,0.004,0,0,0,0,v
2014-05-02 19:24,6.771,0.003,0,0,0,0,v
2014-05-02 19:30,6.785,0.004,0,0,0,0,v
2014-05-02 19:36,6.784,0.003,0,0,0,0,v
2014-05-02 19:42,6.788,0.004,0,0,0,0,v
2014-05-02 19:48,6.782,0.003,0,0,0,0,v
2014-05-02 19:54,6.775,0.003,0,0,0,0,v
2014-05-02 20:00,6.759,0.003,0,0,0,0,v
2014-05-02 20:06,6.799,0.003,0,0,0,0,v
2014-05-02 20:12,6.798,0.005,0,0,0,0,v
2014-05-02 20:18,6.814,0.005,0,0,0,0,v
2014-05-02 20:24,6.816,0.004,0,0,0,0,v
2014-05-02 20:30,6.827,0.005,0,0,0,0,v
2014-05-02 20:36,6.801,0.003,0,0,0,0,v
2014-05-02 20:42,6.796,0.004,0,0,0,0,v
2014-05-02 20:48,6.810,0.003,0,0,0,0,v
2014-05-02 20:54,6.801,0.005,0,0,0,0,v
2014-05-02 21:00,6.805,0.003,0,0,0,0,v
2014-05-02 21:06,6.809,0.003,0,0,0,0,v
2014-05-02 21:12,6.809,0.004,0,0,0,0,v
2014-05-02 21:18,6.783,0.004,0,0,0,0,v
2014-05-02 21:24,6.760,0.004,0,0,0,0,v
2014-05-02 21:30,6.763,0.003,0,0,0,0,v
2014-05-02 21:36,6.767,0.004,0,0,0,0,v
2014-05-02 21:42,6.788,0.003,0,0,0,0,v
2014-05-02 21:48,6.770,0.004,0,0,0,0,v
2014-05-02 21:54,6.765,0.006,0,0,0,0,v
2014-05-02 22:00,6.779,0.003,0,0,0,0,v
2014-05-02 22:06,6.769,0.002,0,0,0,0,v
2014-05-02 22:12,6.774,0.003,0,0,0,0,v
2014-05-02 22:18,6.753,0.003,0,0,0,0,v
2014-05-02 22:24,6.758,0.004,0,0,0,0,v
2014-05-02 22:30,6.731,0.003,0,0,0,0,v
2014-05-02 22:36,6.722,0.004,0,0,0,0,v
2014-05-02 22:42,6.704,0.002,0,0,0,0,v
2014-05-02 22:48,6.717,0.004,0,0,0,0,v
2014-05-02 22:54,6.718,0.005,0,0,0,0,v
2014-05-02 23:00,6.709,0.004,0,0,0,0,v
2014-05-02 23:06,6.737,0.004,0,0,0,0,v
2014-05-02 23:12,6.697,0.007,0,0,0,0,v
2014-05-02 23:18,6.686,0.004,0,0,0,0,v
2014-05-02 23:24,6.706,0.004,0,0,0,0,v
2014-05-02 23:30,6.691,0.007,0,0,0,0,v
2014-05-02 23:36,6.673,0.006,0,0,0,0,v
2014-05-02 23:42,6.682,0.005,0,0,0,0,v
2014-05-02 23:48,6.688,0.003,0,0,0,0,v
2014-05-02 23:54,6.675,0.003,0,0,0,0,v
2014-05-03 00:00,6.673,0.004,0,0,0,0,v
2014-05-03 00:06,6.655,0.003,0,0,0,0,v
2014-05-03 00:12,6.647,0.005,0,0,0,0,v
2014-05-03 00:18,6.637,0.003,0,0,0,0,v
2014-05-03 00:24,6.612,0.006,0,0,0,0,v
2014-05-03 00:30,6.616,0.003,0,0,0,0,v
2014-05-03 00:36,6.624,0.004,0,0,0,0,v
2014-05-03 00:42,6.613,0.003,0,0,0,0,v
2014-05-03 00:48,6.606,0.004,0,0,0,0,v
2014-05-03 00:54,6.593,0.003,0,0,0,0,v
2014-05-03 01:00,6.598,0.003,0,0,0,0,v
2014-05-03 01:06,6.582,0.007,0,0,0,0,v
2014-05-03 01:12,6.569,0.005,0,0,0,0,v
2014-05-03 01:18,6.543,0.004,0,0,0,0,v
2014-05-03 01:24,6.536,0.003,0,0,0,0,v
2014-05-03 01:30,6.536,0.003,0,0,0,0,v
2014-05-03 01:36,6.534,0.004,0,0,0,0,v
2014-05-03 01:42,6.519,0.004,0,0,0,0,v
2014-05-03 01:48,6.505,0.004,0,0,0,0,v
2014-05-03 01:54,6.485,0.003,0,0,0,0,v
2014-05-03 02:00,6.478,0.004,0,0,0,0,v
2014-05-03 02:06,6.478,0.003,0,0,0,0,v
2014-05-03 02:12,6.477,0.004,0,0,0,0,v
2014-05-03 02:18,6.474,0.004,0,0,0,0,v
2014-05-03 02:24,6.476,0.004,0,0,0,0,v
2014-05-03 02:30,6.455,0.005,0,0,0,0,v
2014-05-03 02:36,6.468,0.003,0,0,0,0,v
2014-05-03 02:42,6.428,0.007,0,0,0,0,v
2014-05-03 02:48,6.430,0.003,0,0,0,0,v
2014-05-03 02:54,6.434,0.003,0,0,0,0,v
2014-05-03 03:00,6.402,0.003,0,0,0,0,v
2014-05-03 03:06,6.423,0.007,0,0,0,0,v
2014-05-03 03:12,6.421,0.007,0,0,0,0,v
2014-05-03 03:18,6.379,0.004,0,0,0,0,v
2014-05-03 03:24,6.405,0.003,0,0,0,0,v
2014-05-03 03:30,6.410,0.003,0,0,0,0,v
2014-05-03 03:36,6.415,0.004,0,0,0,0,v
2014-05-03 03:42,6.447,0.006,0,0,0,0,v
2014-05-03 03:48,6.417,0.006,0,0,0,0,v
2014-05-03 03:54,6.411,0.003,0,0,0,0,v
2014-05-03 04:00,6.431,0.007,0,0,0,0,v
2014-05-03 04:06,6.424,0.006,0,0,0,0,v
2014-05-03 04:12,6.412,0.003,0,0,0,0,v
2014-05-03 04:18,6.416,0.007,0,0,0,0,v
2014-05-03 04:24,6.407,0.003,0,0,0,0,v
2014-05-03 04:30,6.398,0.003,0,0,0,0,v
2014-05-03 04:36,6.420,0.004,0,0,0,0,v
2014-05-03 04:42,6.395,0.004,0,0,0,0,v
2014-05-03 04:48,6.398,0.004,0,0,0,0,v
2014-05-03 04:54,6.380,0.005,0,0,0,0,v
2014-05-03 05:00,6.410,0.005,0,0,0,0,v
2014-05-03 05:06,6.414,0.004,0,0,0,0,v
2014-05-03 05:12,6.407,0.006,0,0,0,0,v
2014-05-03 05:18,6.393,0.005,0,0,0,0,v
2014-05-03 05:24,6.417,0.004,0,0,0,0,v
2014-05-03 05:30,6.425,0.004,0,0,0,0,v
2014-05-03 05:36,6.396,0.004,0,0,0,0,v
2014-05-03 05:42,6.386,0.003,0,0,0,0,v
2014-05-03 05:48,6.403,0.008,0,0,0,0,v
2014-05-03 05:54,6.434,0.006,0,0,0,0,v
2014-05-03 06:00,6.399,0.008,0,0,0,0,v
2014-05-03 06:06,6.356,0.004,0,0,0,0,v
2014-05-03 06:12,6.370,0.006,0,0,0,0,v
2014-05-03 06:18,6.399,0.007,0,0,0,0,v
2014-05-03 06:24,6.419,0.005,0,0,0,0,v
2014-05-03 06:30,6.429,0.004,0,0,0,0,v
2014-05-03 06:36,6.431,0.005,0,0,0,0,v
2014-05-03 06:42,6.444,0.005,0,0,0,0,v
2014-05-03 06:48,6.460,0.007,0,0,0,0,v
2014-05-03 06:54,6.457,0.006,0,0,0,0,v
2014-05-03 07:00,6.460,0.006,0,0,0,0,v
2014-05-03 07:06,6.466,0.004,0,0,0,0,v
2014-05-03 07:12,6.476,0.004,0,0,0,0,v
2014-05-03 07:18,6.484,0.004,0,0,0,0,v
2014-05-03 07:24,6.492,0.005,0,0,0,0,v
2014-05-03 07:30,6.512,0.004,0,0,0,0,v
2014-05-03 07:36,6.531,0.004,0,0,0,0,v
2014-05-03 07:42,6.520,0.004,0,0,0,0,v
2014-05-03 07:48,6.521,0.007,0,0,0,0,v
2014-05-03 07:54,6.527,0.004,0,0,0,0,v
2014-05-03 08:00,6.532,0.006,0,0,0,0,v
2014-05-03 08:06,6.558,0.003,0,0,0,0,v
2014-05-03 08:12,6.550,0.003,0,0,0,0,v
2014-05-03 08:18,6.573,0.005,0,0,0,0,v
2014-05-03 08:24,6.586,0.004,0,0,0,0,v
2014-05-03 08:30,6.593,0.009,0,0,0,0,v
2014-05-03 08:36,6.587,0.004,0,0,0,0,v
2014-05-03 08:42,6.568,0.004,0,0,0,0,v
2014-05-03 08:48,6.577,0.004,0,0,0,0,v
2014-05-03 08:54,6.590,0.005,0,0,0,0,v
2014-05-03 09:00,6.613,0.006,0,0,0,0,v
2014-05-03 09:06,6.636,0.005,0,0,0,0,v
2014-05-03 09:12,6.631,0.004,0,0,0,0,v
2014-05-03 09:18,6.661,0.006,0,0,0,0,v
2014-05-03 09:24,6.666,0.004,0,0,0,0,v
2014-05-03 09:30,6.673,0.005,0,0,0,0,v
2014-05-03 09:36,6.651,0.003,0,0,0,0,v
2014-05-03 09:42,6.660,0.004,0,0,0,0,v
2014-05-03 09:48,6.682,0.006,0,0,0,0,v
2014-05-03 09:54,6.694,0.007,0,0,0,0,v
2014-05-03 10:00,6.725,0.004,0,0,0,0,v
2014-05-03 10:06,6.715,0.004,0,0,0,0,v
2014-05-03 10:12,6.731,0.003,0,0,0,0,v
2014-05-03 10:18,6.734,0.004,0,0,0,0,v
2014-05-03 10:24,6.751,0.005,0,0,0,0,v
2014-05-03 10:30,6.757,0.005,0,0,0,0,v
2014-05-03 10:36,6.753,0.005,0,0,0,0,v
2014-05-03 10:42,6.787,0.004,0,0,0,0,v
2014-05-03 10:48,6.795,0.004,0,0,0,0,v
2014-05-03 10:54,6.807,0.004,0,0,0,0,v
2014-05-03 11:00,6.808,0.004,0,0,0,0,v
2014-05-03 11:06,6.791,0.006,0,0,0,0,v
2014-05-03 11:12,6.804,0.004,0,0,0,0,v
2014-05-03 11:18,6.839,0.005,0,0,0,0,v
2014-05-03 11:24,6.822,0.003,0,0,0,0,v
2014-05-03 11:30,6.842,0.004,0,0,0,0,v
2014-05-03 11:36,6.844,0.004,0,0,0,0,v
2014-05-03 11:42,6.830,0.005,0,0,0,0,v
2014-05-03 11:48,6.848,0.005,0,0,0,0,v
2014-05-03 11:54,6.834,0.007,0,0,0,0,v
2014-05-03 12:00,6.862,0.005,0,0,0,0,v
2014-05-03 12:06,6.850,0.004,0,0,0,0,v
2014-05-03 12:12,6.868,0.004,0,0,0,0,v
2014-05-03 12:18,6.865,0.004,0,0,0,0,v
2014-05-03 12:24,6.841,0.006,0,0,0,0,v
2014-05-03 12:30,6.843,0.004,0,0,0,0,v
2014-05-03 12:36,6.847,0.004,0,0,0,0,v
2014-05-03 12:42,6.831,0.005,0,0,0,0,v
2014-05-03 12:48,6.858,0.005,0,0,0,0,v
2014-05-03 12:54,6.848,0.005,0,0,0,0,v
2014-05-03 13:00,6.848,0.006,0,0,0,0,v
2014-05-03 13:06,6.857,0.004,0,0,0,0,v
2014-05-03 13:12,6.862,0.004,0,0,0,0,v
2014-05-03 13:18,6.844,0.005,0,0,0,0,v
2014-05-03 13:24,6.852,0.005,0,0,0,0,v
2014-05-03 13:30,6.860,0.004,0,0,0,0,v
2014-05-03 13:36,6.856,0.006,0,0,0,0,v
2014-05-03 13:42,6.862,0.005,0,0,0,0,v
2014-05-03 13:48,6.853,0.003,0,0,0,0,v
2014-05-03 13:54,6.850,0.004,0,0,0,0,v
2014-05-03 14:00,6.863,0.003,0,0,0,0,v
2014-05-03 14:06,6.854,0.005,0,0,0,0,v
2014-05-03 14:12,6.853,0.004,0,0,0,0,v
2014-05-03 14:18,6.847,0.004,0,0,0,0,v
2014-05-03 14:24,6.861,0.005,0,0,0,0,v
2014-05-03 14:30,6.833,0.005,0,0,0,0,v
2014-05-03 14:36,6.834,0.006,0,0,0,0,v
2014-05-03 14:42,6.840,0.004,0,0,0,0,v
2014-05-03 14:48,6.825,0.005,0,0,0,0,v
2014-05-03 14:54,6.826,0.005,0,0,0,0,v
2014-05-03 15:00,6.831,0.004,0,0,0,0,v
2014-05-03 15:06,6.820,0.004,0,0,0,0,v
2014-05-03 15:12,6.827,0.005,0,0,0,0,v
2014-05-03 15:18,6.827,0.005,0,0,0,0,v
2014-05-03 15:24,6.825,0.005,0,0,0,0,v
2014-05-03 15:30,6.825,0.003,0,0,0,0,v
2014-05-03 15:36,6.820,0.004,0,0,0,0,v
2014-05-03 15:42,6.829,0.004,0,0,0,0,v
2014-05-03 15:48,6.823,0.005,0,0,0,0,v
2014-05-03 15:54,6.826,0.005,0,0,0,0,v
2014-05-03 16:00,6.849,0.004,0,0,0,0,v
2014-05-03 16:06,6.841,0.004,0,0,0,0,v
2014-05-03 16:12,6.837,0.005,0,0,0,0,v
2014-05-03 16:18,6.827,0.005,0,0,0,0,v
2014-05-03 16:24,6.822,0.005,0,0,0,0,v
2014-05-03 16:30,6.835,0.005,0,0,0,0,v
2014-05-03 16:36,6.817,0.005,0,0,0,0,v
2014-05-03 16:42,6.827,0.005,0,0,0,0,v
2014-05-03 16:48,6.820,0.005,0,0,0,0,v
2014-05-03 16:54,6.806,0.004,0,0,0,0,v
2014-05-03 17:00,6.816,0.005,0,0,0,0,v
2014-05-03 17:06,6.808,0.008,0,0,0,0,v
2014-05-03 17:12,6.808,0.005,0,0,0,0,v
2014-05-03 17:18,6.805,0.004,0,0,0,0,v
2014-05-03 17:24,6.775,0.005,0,0,0,0,v
2014-05-03 17:30,6.758,0.004,0,0,0,0,v
2014-05-03 17:36,6.774,0.005,0,0,0,0,v
2014-05-03 17:42,6.750,0.005,0,0,0,0,v
2014-05-03 17:48,6.776,0.003,0,0,0,0,v
2014-05-03 17:54,6.759,0.005,0,0,0,0,v
2014-05-03 18:00,6.747,0.006,0,0,0,0,v
2014-05-03 18:06,6.761,0.006,0,0,0,0,v
2014-05-03 18:12,6.754,0.005,0,0,0,0,v
2014-05-03 18:18,6.758,0.005,0,0,0,0,v
2014-05-03 18:24,6.740,0.005,0,0,0,0,v
2014-05-03 18:30,6.728,0.004,0,0,0,0,v
2014-05-03 18:36,6.727,0.005,0,0,0,0,v
2014-05-03 18:42,6.749,0.005,0,0,0,0,v
2014-05-03 18:48,6.740,0.004,0,0,0,0,v
2014-05-03 18:54,6.728,0.004,0,0,0,0,v
2014-05-03 19:00,6.727,0.005,0,0,0,0,v
2014-05-03 19:06,6.714,0.004,0,0,0,0,v
2014-05-03 19:12,6.704,0.005,0,0,0,0,v
2014-05-03 19:18,6.709,0.005,0,0,0,0,v
2014-05-03 19:24,6.718,0.006,0,0,0,0,v
2014-05-03 19:30,6.718,0.005,0,0,0,0,v
2014-05-03 19:36,6.702,0.004,0,0,0,0,v
2014-05-03 19:42,6.713,0.004,0,0,0,0,v
2014-05-03 19:48,6.710,0.005,0,0,0,0,v
2014-05-03 19:54,6.699,0.004,0,0,0,0,v
2014-05-03 20:00,6.703,0.004,0,0,0,0,v
2014-05-03 20:06,6.698,0.004,0,0,0,0,v
2014-05-03 20:12,6.695,0.006,0,0,0,0,v
2014-05-03 20:18,6.685,0.005,0,0,0,0,v
2014-05-03 20:24,6.679,0.005,0,0,0,0,v
2014-05-03 20:30,6.679,0.004,0,0,0,0,v
2014-05-03 20:36,6.692,0.004,0,0,0,0,v
2014-05-03 20:42,6.688,0.005,0,0,0,0,v
2014-05-03 20:48,6.688,0.005,0,0,0,0,v
2014-05-03 20:54,6.679,0.004,0,0,0,0,v
2014-05-03 21:00,6.681,0.004,0,0,0,0,v
2014-05-03 21:06,6.677,0.005,0,0,0,0,v
2014-05-03 21:12,6.684,0.004,0,0,0,0,v
2014-05-03 21:18,6.684,0.006,0,0,0,0,v
2014-05-03 21:24,6.704,0.007,0,0,0,0,v
2014-05-03 21:30,6.697,0.005,0,0,0,0,v
2014-05-03 21:36,6.676,0.004,0,0,0,0,v
2014-05-03 21:42,6.666,0.004,0,0,0,0,v
2014-05-03 21:48,6.642,0.007,0,0,0,0,v
2014-05-03 21:54,6.648,0.005,0,0,0,0,v
2014-05-03 22:00,6.641,0.004,0,0,0,0,v
2014-05-03 22:06,6.644,0.004,0,0,0,0,v
2014-05-03 22:12,6.627,0.005,0,0,0,0,v
2014-05-03 22:18,6.621,0.005,0,0,0,0,v
2014-05-03 22:24,6.616,0.005,0,0,0,0,v
2014-05-03 22:30,6.629,0.004,0,0,0,0,v
2014-05-03 22:36,6.626,0.005,0,0,0,0,v
2014-05-03 22:42,6.613,0.004,0,0,0,0,v
2014-05-03 22:48,6.619,0.005,0,0,0,0,v
2014-05-03 22:54,6.608,0.005,0,0,0,0,v
2014-05-03 23:00,6.620,0.006,0,0,0,0,v
2014-05-03 23:06,6.622,0.005,0,0,0,0,v
2014-05-03 23:12,6.594,0.005,0,0,0,0,v
2014-05-03 23:18,6.586,0.005,0,0,0,0,v
2014-05-03 23:24,6.579,0.006,0,0,0,0,v
2014-05-03 23:30,6.583,0.005,0,0,0,0,v
2014-05-03 23:36,6.575,0.005,0,0,0,0,v
2014-05-03 23:42,6.586,0.005,0,0,0,0,v
2014-05-03 23:48,6.576,0.006,0,0,0,0,v
2014-05-03 23:54,6.571,0.005,0,0,0,0,v
2014-05-04 00:00,6.556,0.005,0,0,0,0,v
2014-05-04 00:06,6.566,0.006,0,0,0,0,v
2014-05-04 00:12,6.567,0.004,0,0,0,0,v
2014-05-04 00:18,6.544,0.004,0,0,0,0,v
2014-05-04 00:24,6.550,0.005,0,0,0,0,v
2014-05-04 00:30,6.533,0.005,0,0,0,0,v
2014-05-04 00:36,6.523,0.004,0,0,0,0,v
2014-05-04 00:42,6.517,0.004,0,0,0,0,v
2014-05-04 00:48,6.529,0.004,0,0,0,0,v
2014-05-04 00:54,6.507,0.005,0,0,0,0,v
2014-05-04 01:00,6.510,0.004,0,0,0,0,v
2014-05-04 01:06,6.508,0.004,0,0,0,0,v
2014-05-04 01:12,6.489,0.004,0,0,0,0,v
2014-05-04 01:18,6.492,0.005,0,0,0,0,v
2014-05-04 01:24,6.473,0.007,0,0,0,0,v
2014-05-04 01:30,6.452,0.005,0,0,0,0,v
2014-05-04 01:36,6.445,0.004,0,0,0,0,v
2014-05-04 01:42,6.427,0.004,0,0,0,0,v
2014-05-04 01:48,6.414,0.007,0,0,0,0,v
2014-05-04 01:54,6.416,0.004,0,0,0,0,v
2014-05-04 02:00,6.408,0.005,0,0,0,0,v
2014-05-04 02:06,6.387,0.006,0,0,0,0,v
2014-05-04 02:12,6.400,0.007,0,0,0,0,v
2014-05-04 02:18,6.408,0.004,0,0,0,0,v
2014-05-04 02:24,6.421,0.004,0,0,0,0,v
2014-05-04 02:30,6.399,0.007,0,0,0,0,v
2014-05-04 02:36,6.388,0.004,0,0,0,0,v
2014-05-04 02:42,6.395,0.005,0,0,0,0,v
2014-05-04 02:48,6.392,0.003,0,0,0,0,v
2014-05-04 02:54,6.375,0.006,0,0,0,0,v
2014-05-04 03:00,6.359,0.005,0,0,0,0,v
2014-05-04 03:06,6.345,0.004,0,0,0,0,v
2014-05-04 03:12,6.344,0.006,0,0,0,0,v
2014-05-04 03:18,6.327,0.004,0,0,0,0,v
2014-05-04 03:24,6.319,0.005,0,0,0,0,v
2014-05-04 03:30,6.318,0.005,0,0,0,0,v
2014-05-04 03:36,6.318,0.005,0,0,0,0,v
2014-05-04 03:42,6.319,0.004,0,0,0,0,v
2014-05-04 03:48,6.322,0.004,0,0,0,0,v
2014-05-04 03:54,6.308,0.005,0,0,0,0,v
2014-05-04 04:00,6.307,0.007,0,0,0,0,v
2014-05-04 04:06,6.308,0.008,0,0,0,0,v
2014-05-04 04:12,6.296,0.006,0,0,0,0,v
2014-05-04 04:18,6.295,0.004,0,0,0,0,v
2014-05-04 04:24,6.296,0.004,0,0,0,0,v
2014-05-04 04:30,6.300,0.005,0,0,0,0,v
2014-05-04 04:36,6.283,0.005,0,0,0,0,v
2014-05-04 04:42,6.277,0.006,0,0,0,0,v
2014-05-04 04:48,6.270,0.005,0,0,0,0,v
2014-05-04 04:54,6.275,0.005,0,0,0,0,v
2014-05-04 05:00,6.275,0.007,0,0,0,0,v
2014-05-04 05:06,6.264,0.005,0,0,0,0,v
2014-05-04 05:12,6.283,0.005,0,0,0,0,v
2014-05-04 05:18,6.277,0.006,0,0,0,0,v
2014-05-04 05:24,6.262,0.005,0,0,0,0,v
2014-05-04 05:30,6.271,0.006,0,0,0,0,v
2014-05-04 05:36,6.262,0.005,0,0,0,0,v
2014-05-04 05:42,6.255,0.005,0,0,0,0,v
2014-05-04 05:48,6.259,0.004,0,0,0,0,v
2014-05-04 05:54,6.259,0.007,0,0,0,0,v
2014-05-04 06:00,6.248,0.005,0,0,0,0,v
2014-05-04 06:06,6.257,0.005,0,0,0,0,v
2014-05-04 06:12,6.265,0.005,0,0,0,0,v
2014-05-04 06:18,6.270,0.005,0,0,0,0,v
2014-05-04 06:24,6.261,0.005,0,0,0,0,v
2014-05-04 06:30,6.271,0.005,0,0,0,0,v
2014-05-04 06:36,6.265,0.005,0,0,0,0,v
2014-05-04 06:42,6.281,0.006,0,0,0,0,v
2014-05-04 06:48,6.282,0.006,0,0,0,0,v
2014-05-04 06:54,6.296,0.006,0,0,0,0,v
2014-05-04 07:00,6.298,0.005,0,0,0,0,v
2014-05-04 07:06,6.296,0.005,0,0,0,0,v
2014-05-04 07:12,6.306,0.006,0,0,0,0,v
2014-05-04 07:18,6.297,0.006,0,0,0,0,v
2014-05-04 07:24,6.318,0.008,0,0,0,0,v
2014-05-04 07:30,6.317,0.004,0,0,0,0,v
2014-05-04 07:36,6.324,0.004,0,0,0,0,v
2014-05-04 07:42,6.323,0.005,0,0,0,0,v
2014-05-04 07:48,6.336,0.004,0,0,0,0,v
2014-05-04 07:54,6.345,0.004,0,0,0,0,v
2014-05-04 08:00,6.343,0.004,0,0,0,0,v
2014-05-04 08:06,6.349,0.005,0,0,0,0,v
2014-05-04 08:12,6.362,0.005,0,0,0,0,v
2014-05-04 08:18,6.371,0.005,0,0,0,0,v
2014-05-04 08:24,6.373,0.007,0,0,0,0,v
2014-05-04 08:30,6.381,0.005,0,0,0,0,v
2014-05-04 08:36,6.384,0.005,0,0,0,0,v
2014-05-04 08:42,6.384,0.005,0,0,0,0,v
2014-05-04 08:48,6.392,0.005,0,0,0,0,v
2014-05-04 08:54,6.397,0.005,0,0,0,0,v
2014-05-04 09:00,6.405,0.005,0,0,0,0,v
2014-05-04 09:06,6.430,0.005,0,0,0,0,v
2014-05-04 09:12,6.440,0.007,0,0,0,0,v
2014-05-04 09:18,6.462,0.003,0,0,0,0,v
2014-05-04 09:24,6.461,0.005,0,0,0,0,v
2014-05-04 09:30,6.463,0.006,0,0,0,0,v
2014-05-04 09:36,6.486,0.006,0,0,0,0,v
2014-05-04 09:42,6.486,0.005,0,0,0,0,v
2014-05-04 09:48,6.491,0.005,0,0,0,0,v
2014-05-04 09:54,6.501,0.005,0,0,0,0,v
2014-05-04 10:00,6.522,0.007,0,0,0,0,v
2014-05-04 10:06,6.529,0.005,0,0,0,0,v
2014-05-04 10:12,6.532,0.004,0,0,0,0,v
2014-05-04 10:18,6.546,0.005,0,0,0,0,v
2014-05-04 10:24,6.555,0.005,0,0,0,0,v
2014-05-04 10:30,6.562,0.005,0,0,0,0,v
2014-05-04 10:36,6.565,0.005,0,0,0,0,v
2014-05-04 10:42,6.589,0.007,0,0,0,0,v
2014-05-04 10:48,6.619,0.005,0,0,0,0,v
2014-05-04 10:54,6.617,0.004,0,0,0,0,v
2014-05-04 11:00,6.618,0.005,0,0,0,0,v
2014-05-04 11:06,6.627,0.004,0,0,0,0,v
2014-05-04 11:12,6.624,0.004,0,0,0,0,v
2014-05-04 11:18,6.619,0.005,0,0,0,0,v
2014-05-04 11:24,6.624,0.005,0,0,0,0,v
2014-05-04 11:30,6.615,0.004,0,0,0,0,v
2014-05-04 11:36,6.613,0.005,0,0,0,0,v
2014-05-04 11:42,6.625,0.005,0,0,0,0,v
2014-05-04 11:48,6.640,0.004,0,0,0,0,v
2014-05-04 11:54,6.642,0.005,0,0,0,0,v
2014-05-04 12:00,6.639,0.004,0,0,0,0,v
2014-05-04 12:06,6.650,0.005,0,0,0,0,v
2014-05-04 12:12,6.654,0.005,0,0,0,0,v
2014-05-04 12:18,6.664,0.005,0,0,0,0,v
2014-05-04 12:24,6.677,0.005,0,0,0,0,v
2014-05-04 12:30,6.670,0.005,0,0,0,0,v
2014-05-04 12:36,6.673,0.005,0,0,0,0,v
2014-05-04 12:42,6.692,0.004,0,0,0,0,v
2014-05-04 12:48,6.692,0.004,0,0,0,0,v
2014-05-04 12:54,6.691,0.006,0,0,0,0,v
2014-05-04 13:00,6.701,0.004,0,0,0,0,v
2014-05-04 13:06,6.711,0.006,0,0,0,0,v
2014-05-04 13:12,6.703,0.005,0,0,0,0,v
2014-05-04 13:18,6.708,0.004,0,0,0,0,v
2014-05-04 13:24,6.715,0.006,0,0,0,0,v
2014-05-04 13:30,6.719,0.006,0,0,0,0,v
2014-05-04 13:36,6.727,0.005,0,0,0,0,v
2014-05-04 13:42,6.729,0.006,0,0,0,0,v
2014-05-04 13:48,6.728,0.006,0,0,0,0,v
2014-05-04 13:54,6.738,0.005,0,0,0,0,v
2014-05-04 14:00,6.742,0.007,0,0,0,0,v
2014-05-04 14:06,6.726,0.006,0,0,0,0,v
2014-05-04 14:12,6.738,0.006,0,0,0,0,v
2014-05-04 14:18,6.741,0.006,0,0,0,0,v
2014-05-04 14:24,6.738,0.005,0,0,0,0,v
2014-05-04 14:30,6.734,0.006,0,0,0,0,v
2014-05-04 14:36,6.750,0.006,0,0,0,0,v
2014-05-04 14:42,6.749,0.007,0,0,0,0,v
2014-05-04 14:48,6.750,0.005,0,0,0,0,v
2014-05-04 14:54,6.738,0.006,0,0,0,0,v
2014-05-04 15:00,6.734,0.006,0,0,0,0,v
2014-05-04 15:06,6.744,0.004,0,0,0,0,v
2014-05-04 15:12,6.742,0.005,0,0,0,0,v
2014-05-04 15:18,6.744,0.005,0,0,0,0,v
2014-05-04 15:24,6.741,0.006,0,0,0,0,v
2014-05-04 15:30,6.736,0.005,0,0,0,0,v
2014-05-04 15:36,6.724,0.005,0,0,0,0,v
2014-05-04 15:42,6.719,0.005,0,0,0,0,v
2014-05-04 15:48,6.721,0.004,0,0,0,0,v
2014-05-04 15:54,6.720,0.004,0,0,0,0,v
2014-05-04 16:00,6.720,0.005,0,0,0,0,v
2014-05-04 16:06,6.707,0.006,0,0,0,0,v
2014-05-04 16:12,6.705,0.005,0,0,0,0,v
2014-05-04 16:18,6.705,0.006,0,0,0,0,v
2014-05-04 16:24,6.709,0.006,0,0,0,0,v
2014-05-04 16:30,6.696,0.006,0,0,0,0,v
2014-05-04 16:36,6.680,0.004,0,0,0,0,v
2014-05-04 16:42,6.685,0.005,0,0,0,0,v
2014-05-04 16:48,6.679,0.005,0,0,0,0,v
2014-05-04 16:54,6.681,0.004,0,0,0,0,v
2014-05-04 17:00,6.685,0.005,0,0,0,0,v
2014-05-04 17:06,6.685,0.005,0,0,0,0,v
2014-05-04 17:12,6.678,0.004,0,0,0,0,v
2014-05-04 17:18,6.676,0.006,0,0,0,0,v
2014-05-04 17:24,6.666,0.006,0,0,0,0,v
2014-05-04 17:30,6.658,0.004,0,0,0,0,v
2014-05-04 17:36,6.656,0.006,0,0,0,0,v
2014-05-04 17:42,6.656,0.005,0,0,0,0,v
2014-05-04 17:48,6.658,0.004,0,0,0,0,v
2014-05-04 17:54,6.648,0.003,0,0,0,0,v
2014-05-04 18:00,6.648,0.004,0,0,0,0,v
2014-05-04 18:06,6.660,0.005,0,0,0,0,v
2014-05-04 18:12,6.654,0.004,0,0,0,0,v
2014-05-04 18:18,6.649,0.004,0,0,0,0,v
2014-05-04 18:24,6.656,0.005,0,0,0,0,v
2014-05-04 18:30,6.648,0.006,0,0,0,0,v
2014-05-04 18:36,6.648,0.004,0,0,0,0,v
2014-05-04 18:42,6.649,0.004,0,0,0,0,v
2014-05-04 18:48,6.659,0.005,0,0,0,0,v
2014-05-04 18:54,6.652,0.005,0,0,0,0,v
2014-05-04 19:00,6.654,0.004,0,0,0,0,v
2014-05-04 19:06,6.651,0.004,0,0,0,0,v
2014-05-04 19:12,6.654,0.005,0,0,0,0,v
2014-05-04 19:18,6.649,0.004,0,0,0,0,v
2014-05-04 19:24,6.643,0.005,0,0,0,0,v
2014-05-04 19:30,6.631,0.004,0,0,0,0,v
2014-05-04 19:36,6.623,0.003,0,0,0,0,v
2014-05-04 19:42,6.642,0.004,0,0,0,0,v
2014-05-04 19:48,6.634,0.004,0,0,0,0,v
2014-05-04 19:54,6.634,0.006,0,0,0,0,v
2014-05-04 20:00,6.632,0.004,0,0,0,0,v
2014-05-04 20:06,6.623,0.004,0,0,0,0,v
2014-05-04 20:12,6.615,0.004,0,0,0,0,v
2014-05-04 20:18,6.612,0.003,0,0,0,0,v
2014-05-04 20:24,6.606,0.004,0,0,0,0,v
2014-05-04 20:30,6.597,0.004,0,0,0,0,v
2014-05-04 20:36,6.598,0.005,0,0,0,0,v
2014-05-04 20:42,6.594,0.004,0,0,0,0,v
2014-05-04 20:48,6.587,0.004,0,0,0,0,v
2014-05-04 20:54,6.587,0.005,0,0,0,0,v
2014-05-04 21:00,6.582,0.005,0,0,0,0,v
2014-05-04 21:06,6.594,0.004,0,0,0,0,v
2014-05-04 21:12,6.584,0.004,0,0,0,0,v
2014-05-04 21:18,6.583,0.004,0,0,0,0,v
2014-05-04 21:24,6.578,0.004,0,0,0,0,v
2014-05-04 21:30,6.580,0.004,0,0,0,0,v
2014-05-04 21:36,6.589,0.004,0,0,0,0,v
2014-05-04 21:42,6.583,0.006,0,0,0,0,v
2014-05-04 21:48,6.581,0.005,0,0,0,0,v
2014-05-04 21:54,6.577,0.005,0,0,0,0,v
2014-05-04 22:00,6.566,0.006,0,0,0,0,v
2014-05-04 22:06,6.565,0.004,0,0,0,0,v
2014-05-04 22:12,6.567,0.005,0,0,0,0,v
2014-05-04 22:18,6.562,0.004,0,0,0,0,v
2014-05-04 22:24,6.564,0.004,0,0,0,0,v
2014-05-04 22:30,6.562,0.003,0,0,0,0,v
2014-05-04 22:36,6.572,0.004,0,0,0,0,v
2014-05-04 22:42,6.570,0.004,0,0,0,0,v
2014-05-04 22:48,6.570,0.004,0,0,0,0,v
2014-05-04 22:54,6.556,0.005,0,0,0,0,v
2014-05-04 23:00,6.550,0.003,0,0,0,0,v
2014-05-04 23:06,6.546,0.004,0,0,0,0,v
2014-05-04 23:12,6.544,0.005,0,0,0,0,v
2014-05-04 23:18,6.548,0.003,0,0,0,0,v
2014-05-04 23:24,6.545,0.004,0,0,0,0,v
2014-05-04 23:30,6.550,0.004,0,0,0,0,v
2014-05-04 23:36,6.542,0.005,0,0,0,0,v
2014-05-04 23:42,6.547,0.004,0,0,0,0,v
2014-05-04 23:48,6.546,0.004,0,0,0,0,v
2014-05-04 23:54,6.543,0.003,0,0,0,0,v
2014-05-05 00:00,6.551,0.003,0,0,0,0,v
2014-05-05 00:06,6.552,0.004,0,0,0,0,v
2014-05-05 00:12,6.546,0.003,0,0,0,0,v
2014-05-05 00:18,6.537,0.004,0,0,0,0,v
2014-05-05 00:24,6.527,0.004,0,0,0,0,v
2014-05-05 00:30,6.536,0.003,0,0,0,0,v
2014-05-05 00:36,6.560,0.009,0,0,0,0,v
2014-05-05 00:42,6.543,0.005,0,0,0,0,v
2014-05-05 00:48,6.537,0.003,0,0,0,0,v
2014-05-05 00:54,6.522,0.003,0,0,0,0,v
2014-05-05 01:00,6.520,0.003,0,0,0,0,v
2014-05-05 01:06,6.521,0.003,0,0,0,0,v
2014-05-05 01:12,6.500,0.004,0,0,0,0,v
2014-05-05 01:18,6.500,0.003,0,0,0,0,v
2014-05-05 01:24,6.496,0.003,0,0,0,0,v
2014-05-05 01:30,6.506,0.003,0,0,0,0,v
2014-05-05 01:36,6.489,0.002,0,0,0,0,v
2014-05-05 01:42,6.493,0.003,0,0,0,0,v
2014-05-05 01:48,6.481,0.004,0,0,0,0,v
2014-05-05 01:54,6.469,0.003,0,0,0,0,v
2014-05-05 02:00,6.461,0.003,0,0,0,0,v
2014-05-05 02:06,6.454,0.004,0,0,0,0,v
2014-05-05 02:12,6.450,0.002,0,0,0,0,v
2014-05-05 02:18,6.437,0.005,0,0,0,0,v
2014-05-05 02:24,6.427,0.005,0,0,0,0,v
2014-05-05 02:30,6.415,0.004,0,0,0,0,v
2014-05-05 02:36,6.421,0.005,0,0,0,0,v
2014-05-05 02:42,6.416,0.005,0,0,0,0,v
2014-05-05 02:48,6.411,0.005,0,0,0,0,v
2014-05-05 02:54,6.399,0.004,0,0,0,0,v
2014-05-05 03:00,6.404,0.004,0,0,0,0,v
2014-05-05 03:06,6.397,0.004,0,0,0,0,v
2014-05-05 03:12,6.391,0.004,0,0,0,0,v
2014-05-05 03:18,6.382,0.005,0,0,0,0,v
2014-05-05 03:24,6.372,0.005,0,0,0,0,v
2014-05-05 03:30,6.369,0.005,0,0,0,0,v
2014-05-05 03:36,6.365,0.005,0,0,0,0,v
2014-05-05 03:42,6.362,0.005,0,0,0,0,v
2014-05-05 03:48,6.361,0.005,0,0,0,0,v
2014-05-05 03:54,6.363,0.004,0,0,0,0,v
2014-05-05 04:00,6.366,0.005,0,0,0,0,v
2014-05-05 04:06,6.370,0.005,0,0,0,0,v
2014-05-05 04:12,6.358,0.004,0,0,0,0,v
2014-05-05 04:18,6.364,0.005,0,0,0,0,v
2014-05-05 04:24,6.350,0.006,0,0,0,0,v
2014-05-05 04:30,6.347,0.006,0,0,0,0,v
2014-05-05 04:36,6.351,0.005,0,0,0,0,v
2014-05-05 04:42,6.354,0.005,0,0,0,0,v
2014-05-05 04:48,6.364,0.005,0,0,0,0,v
2014-05-05 04:54,6.359,0.006,0,0,0,0,v
2014-05-05 05:00,6.347,0.005,0,0,0,0,v
2014-05-05 05:06,6.354,0.005,0,0,0,0,v
2014-05-05 05:12,6.348,0.005,0,0,0,0,v
2014-05-05 05:18,6.356,0.004,0,0,0,0,v
2014-05-05 05:24,6.349,0.005,0,0,0,0,v
2014-05-05 05:30,6.346,0.006,0,0,0,0,v
2014-05-05 05:36,6.355,0.006,0,0,0,0,v
2014-05-05 05:42,6.363,0.006,0,0,0,0,v
2014-05-05 05:48,6.351,0.004,0,0,0,0,v
2014-05-05 05:54,6.364,0.004,0,0,0,0,v
2014-05-05 06:00,6.348,0.006,0,0,0,0,v
2014-05-05 06:06,6.341,0.005,0,0,0,0,v
2014-05-05 06:12,6.341,0.005,0,0,0,0,v
2014-05-05 06:18,6.329,0.005,0,0,0,0,v
2014-05-05 06:24,6.335,0.007,0,0,0,0,v
2014-05-05 06:30,6.333,0.006,0,0,0,0,v
2014-05-05 06:36,6.340,0.005,0,0,0,0,v
2014-05-05 06:42,6.333,0.006,0,0,0,0,v
2014-05-05 06:48,6.346,0.005,0,0,0,0,v
2014-05-05 06:54,6.352,0.004,0,0,0,0,v
2014-05-05 07:00,6.348,0.006,0,0,0,0,v
2014-05-05 07:06,6.339,0.006,0,0,0,0,v
2014-05-05 07:12,6.345,0.004,0,0,0,0,v
2014-05-05 07:18,6.346,0.007,0,0,0,0,v
2014-05-05 07:24,6.351,0.005,0,0,0,0,v
2014-05-05 07:30,6.360,0.005,0,0,0,0,v
2014-05-05 07:36,6.361,0.007,0,0,0,0,v
2014-05-05 07:42,6.375,0.005,0,0,0,0,v
2014-05-05 07:48,6.351,0.005,0,0,0,0,v
2014-05-05 07:54,6.359,0.005,0,0,0,0,v
2014-05-05 08:00,6.371,0.005,0,0,0,0,v
2014-05-05 08:06,6.363,0.005,0,0,0,0,v
2014-05-05 08:12,6.374,0.008,0,0,0,0,v
2014-05-05 08:18,6.382,0.005,0,0,0,0,v
2014-05-05 08:24,6.387,0.006,0,0,0,0,v
2014-05-05 08:30,6.400,0.006,0,0,0,0,v
2014-05-05 08:36,6.398,0.007,0,0,0,0,v
2014-05-05 08:42,6.395,0.004,0,0,0,0,v
2014-05-05 08:48,6.408,0.006,0,0,0,0,v
2014-05-05 08:54,6.410,0.005,0,0,0,0,v
2014-05-05 09:00,6.428,0.006,0,0,0,0,v
2014-05-05 09:06,6.451,0.004,0,0,0,0,v
2014-05-05 09:12,6.445,0.007,0,0,0,0,v
2014-05-05 09:18,6.466,0.005,0,0,0,0,v
2014-05-05 09:24,6.480,0.006,0,0,0,0,v
2014-05-05 09:30,6.482,0.006,0,0,0,0,v
2014-05-05 09:36,6.488,0.006,0,0,0,0,v
2014-05-05 09:42,6.485,0.005,0,0,0,0,v
2014-05-05 09:48,6.507,0.007,0,0,0,0,v
2014-05-05 09:54,6.522,0.006,0,0,0,0,v
2014-05-05 10:00,6.511,0.006,0,0,0,0,v
2014-05-05 10:06,6.522,0.006,0,0,0,0,v
2014-05-05 10:12,6.541,0.006,0,0,0,0,v
2014-05-05 10:18,6.548,0.007,0,0,0,0,v
2014-05-05 10:24,6.545,0.006,0,0,0,0,v
2014-05-05 10:30,6.550,0.007,0,0,0,0,v
2014-05-05 10:36,6.552,0.006,0,0,0,0,v
2014-05-05 10:42,6.569,0.006,0,0,0,0,v
2014-05-05 10:48,6.591,0.005,0,0,0,0,v
2014-05-05 10:54,6.592,0.006,0,0,0,0,v
2014-05-05 11:00,6.594,0.006,0,0,0,0,v
2014-05-05 11:06,6.596,0.006,0,0,0,0,v
2014-05-05 11:12,6.599,0.006,0,0,0,0,v
2014-05-05 11:18,6.600,0.005,0,0,0,0,v
2014-05-05 11:24,6.602,0.008,0,0,0,0,v
2014-05-05 11:30,6.617,0.006,0,0,0,0,v
2014-05-05 11:36,6.634,0.006,0,0,0,0,v
2014-05-05 11:42,6.640,0.007,0,0,0,0,v
2014-05-05 11:48,6.645,0.007,0,0,0,0,v
2014-05-05 11:54,6.662,0.004,0,0,0,0,v
2014-05-05 12:00,6.663,0.007,0,0,0,0,v
2014-05-05 12:06,6.666,0.007,0,0,0,0,v
2014-05-05 12:12,6.674,0.006,0,0,0,0,v
2014-05-05 12:18,6.679,0.005,0,0,0,0,v
2014-05-05 12:24,6.681,0.007,0,0,0,0,v
2014-05-05 12:30,6.674,0.005,0,0,0,0,v
2014-05-05 12:36,6.675,0.007,0,0,0,0,v
2014-05-05 12:42,6.683,0.006,0,0,0,0,v
2014-05-05 12:48,6.701,0.006,0,0,0,0,v
2014-05-05 12:54,6.703,0.007,0,0,0,0,v
2014-05-05 13:00,6.719,0.008,0,0,0,0,v
2014-05-05 13:06,6.733,0.006,0,0,0,0,v
2014-05-05 13:12,6.735,0.007,0,0,0,0,v
2014-05-05 13:18,6.735,0.006,0,0,0,0,v
2014-05-05 13:24,6.725,0.005,0,0,0,0,v
2014-05-05 13:30,6.742,0.006,0,0,0,0,v
2014-05-05 13:36,6.733,0.006,0,0,0,0,v
2014-05-05 13:42,6.748,0.008,0,0,0,0,v
2014-05-05 13:48,6.762,0.010,0,0,0,0,v
2014-05-05 13:54,6.763,0.008,0,0,0,0,v
2014-05-05 14:00,6.765,0.008,0,0,0,0,v
2014-05-05 14:06,6.769,0.009,0,0,0,0,v
2014-05-05 14:12,6.763,0.006,0,0,0,0,v
2014-05-05 14:18,6.772,0.009,0,0,0,0,v
2014-05-05 14:24,6.790,0.007,0,0,0,0,v
2014-05-05 14:30,6.780,0.006,0,0,0,0,v
2014-05-05 14:36,6.783,0.007,0,0,0,0,v
2014-05-05 14:42,6.777,0.007,0,0,0,0,v
2014-05-05 14:48,6.777,0.007,0,0,0,0,v
2014-05-05 14:54,6.780,0.004,0,0,0,0,v
2014-05-05 15:00,6.785,0.006,0,0,0,0,v
2014-05-05 15:06,6.779,0.006,0,0,0,0,v
2014-05-05 15:12,6.774,0.007,0,0,0,0,v
2014-05-05 15:18,6.774,0.006,0,0,0,0,v
2014-05-05 15:24,6.771,0.005,0,0,0,0,v
2014-05-05 15:30,6.777,0.006,0,0,0,0,v
2014-05-05 15:36,6.788,0.006,0,0,0,0,v
2014-05-05 15:42,6.788,0.006,0,0,0,0,v
2014-05-05 15:48,6.781,0.008,0,0,0,0,v
2014-05-05 15:54,6.793,0.006,0,0,0,0,v
2014-05-05 16:00,6.787,0.008,0,0,0,0,v
2014-05-05 16:06,6.789,0.007,0,0,0,0,v
2014-05-05 16:12,6.790,0.005,0,0,0,0,v
2014-05-05 16:18,6.785,0.005,0,0,0,0,v
2014-05-05 16:24,6.784,0.005,0,0,0,0,v
2014-05-05 16:30,6.792,0.007,0,0,0,0,v
2014-05-05 16:36,6.779,0.007,0,0,0,0,v
2014-05-05 16:42,6.784,0.005,0,0,0,0,v
2014-05-05 16:48,6.782,0.006,0,0,0,0,v
2014-05-05 16:54,6.773,0.007,0,0,0,0,v
2014-05-05 17:00,6.770,0.006,0,0,0,0,v
2014-05-05 17:06,6.761,0.005,0,0,0,0,v
2014-05-05 17:12,6.757,0.006,0,0,0,0,v
2014-05-05 17:18,6.766,0.008,0,0,0,0,v
2014-05-05 17:24,6.761,0.005,0,0,0,0,v
2014-05-05 17:30,6.753,0.006,0,0,0,0,v
2014-05-05 17:36,6.745,0.006,0,0,0,0,v
2014-05-05 17:42,6.737,0.006,0,0,0,0,v
2014-05-05 17:48,6.739,0.005,0,0,0,0,v
2014-05-05 17:54,6.746,0.007,0,0,0,0,v
2014-05-05 18:00,6.739,0.005,0,0,0,0,v
2014-05-05 18:06,6.731,0.004,0,0,0,0,v
2014-05-05 18:12,6.737,0.006,0,0,0,0,v
2014-05-05 18:18,6.731,0.006,0,0,0,0,v
2014-05-05 18:24,6.723,0.006,0,0,0,0,v
2014-05-05 18:30,6.721,0.005,0,0,0,0,v
2014-05-05 18:36,6.733,0.005,0,0,0,0,v
2014-05-05 18:42,6.739,0.005,0,0,0,0,v
2014-05-05 18:48,6.730,0.006,0,0,0,0,v
2014-05-05 18:54,6.725,0.005,0,0,0,0,v
2014-05-05 19:00,6.730,0.004,0,0,0,0,v
2014-05-05 19:06,6.726,0.005,0,0,0,0,v
2014-05-05 19:12,6.718,0.006,0,0,0,0,v
2014-05-05 19:18,6.717,0.005,0,0,0,0,v
2014-05-05 19:24,6.717,0.005,0,0,0,0,v
2014-05-05 19:30,6.703,0.005,0,0,0,0,v
2014-05-05 19:36,6.708,0.006,0,0,0,0,v
2014-05-05 19:42,6.715,0.004,0,0,0,0,v
2014-05-05 19:48,6.703,0.005,0,0,0,0,v
2014-05-05 19:54,6.711,0.004,0,0,0,0,v
2014-05-05 20:00,6.699,0.006,0,0,0,0,v
2014-05-05 20:06,6.700,0.004,0,0,0,0,v
2014-05-05 20:12,6.700,0.005,0,0,0,0,v
2014-05-05 20:18,6.700,0.005,0,0,0,0,v
2014-05-05 20:24,6.696,0.005,0,0,0,0,v
2014-05-05 20:30,6.695,0.006,0,0,0,0,v
2014-05-05 20:36,6.681,0.006,0,0,0,0,v
2014-05-05 20:42,6.680,0.004,0,0,0,0,v
2014-05-05 20:48,6.675,0.006,0,0,0,0,v
2014-05-05 20:54,6.683,0.004,0,0,0,0,v
2014-05-05 21:00,6.671,0.004,0,0,0,0,v
2014-05-05 21:06,6.675,0.007,0,0,0,0,v
2014-05-05 21:12,6.681,0.004,0,0,0,0,v
2014-05-05 21:18,6.675,0.005,0,0,0,0,v
2014-05-05 21:24,6.675,0.004,0,0,0,0,v
2014-05-05 21:30,6.680,0.005,0,0,0,0,v
2014-05-05 21:36,6.676,0.004,0,0,0,0,v
2014-05-05 21:42,6.671,0.004,0,0,0,0,v
2014-05-05 21:48,6.685,0.006,0,0,0,0,v
2014-05-05 21:54,6.687,0.006,0,0,0,0,v
2014-05-05 22:00,6.681,0.005,0,0,0,0,v
2014-05-05 22:06,6.671,0.004,0,0,0,0,v
2014-05-05 22:12,6.668,0.006,0,0,0,0,v
2014-05-05 22:18,6.662,0.005,0,0,0,0,v
2014-05-05 22:24,6.648,0.007,0,0,0,0,v
2014-05-05 22:30,6.642,0.004,0,0,0,0,v
2014-05-05 22:36,6.646,0.004,0,0,0,0,v
2014-05-05 22:42,6.655,0.005,0,0,0,0,v
2014-05-05 22:48,6.641,0.005,0,0,0,0,v
2014-05-05 22:54,6.649,0.005,0,0,0,0,v
2014-05-05 23:00,6.636,0.005,0,0,0,0,v
2014-05-05 23:06,6.650,0.005,0,0,0,0,v
2014-05-05 23:12,6.653,0.004,0,0,0,0,v
2014-05-05 23:18,6.654,0.006,0,0,0,0,v
2014-05-05 23:24,6.635,0.004,0,0,0,0,v
2014-05-05 23:30,6.645,0.006,0,0,0,0,v
2014-05-05 23:36,6.641,0.004,0,0,0,0,v
2014-05-05 23:42,6.642,0.004,0,0,0,0,v
2014-05-05 23:48,6.639,0.004,0,0,0,0,v
2014-05-05 23:54,6.634,0.004,0,0,0,0,v
2014-05-06 00:00,6.653,0.005,0,0,0,0,v
2014-05-06 00:06,6.638,0.004,0,0,0,0,v
2014-05-06 00:12,6.635,0.004,0,0,0,0,v
2014-05-06 00:18,6.659,0.003,0,0,0,0,v
2014-05-06 00:24,6.659,0.003,0,0,0,0,v
2014-05-06 00:30,6.647,0.004,0,0,0,0,v
2014-05-06 00:36,6.633,0.004,0,0,0,0,v
2014-05-06 00:42,6.632,0.004,0,0,0,0,v
2014-05-06 00:48,6.623,0.005,0,0,0,0,v
2014-05-06 00:54,6.611,0.004,0,0,0,0,v
2014-05-06 01:00,6.600,0.004,0,0,0,0,v
2014-05-06 01:06,6.591,0.005,0,0,0,0,v
2014-05-06 01:12,6.603,0.004,0,0,0,0,v
2014-05-06 01:18,6.594,0.005,0,0,0,0,v
2014-05-06 01:24,6.583,0.003,0,0,0,0,v
2014-05-06 01:30,6.582,0.004,0,0,0,0,v
2014-05-06 01:36,6.573,0.004,0,0,0,0,v
2014-05-06 01:42,6.568,0.004,0,0,0,0,v
2014-05-06 01:48,6.567,0.004,0,0,0,0,v
2014-05-06 01:54,6.564,0.004,0,0,0,0,v
2014-05-06 02:00,6.562,0.004,0,0,0,0,v
2014-05-06 02:06,6.562,0.003,0,0,0,0,v
2014-05-06 02:12,6.558,0.004,0,0,0,0,v
2014-05-06 02:18,6.562,0.003,0,0,0,0,v
2014-05-06 02:24,6.551,0.005,0,0,0,0,v
2014-05-06 02:30,6.560,0.004,0,0,0,0,v
2014-05-06 02:36,6.556,0.003,0,0,0,0,v
2014-05-06 02:42,6.557,0.004,0,0,0,0,v
2014-05-06 02:48,6.549,0.003,0,0,0,0,v
2014-05-06 02:54,6.554,0.004,0,0,0,0,v
2014-05-06 03:00,6.566,0.004,0,0,0,0,v
2014-05-06 03:06,6.560,0.006,0,0,0,0,v
2014-05-06 03:12,6.543,0.003,0,0,0,0,v
2014-05-06 03:18,6.554,0.003,0,0,0,0,v
2014-05-06 03:24,6.540,0.005,0,0,0,0,v
2014-05-06 03:30,6.531,0.004,0,0,0,0,v
2014-05-06 03:36,6.520,0.004,0,0,0,0,v
2014-05-06 03:42,6.517,0.003,0,0,0,0,v
2014-05-06 03:48,6.502,0.005,0,0,0,0,v
2014-05-06 03:54,6.495,0.004,0,0,0,0,v
2014-05-06 04:00,6.490,0.004,0,0,0,0,v
2014-05-06 04:06,6.495,0.004,0,0,0,0,v
2014-05-06 04:12,6.497,0.004,0,0,0,0,v
2014-05-06 04:18,6.492,0.004,0,0,0,0,v
2014-05-06 04:24,6.488,0.004,0,0,0,0,v
2014-05-06 04:30,6.489,0.004,0,0,0,0,v
2014-05-06 04:36,6.484,0.004,0,0,0,0,v
2014-05-06 04:42,6.514,0.004,0,0,0,0,v
2014-05-06 04:48,6.481,0.006,0,0,0,0,v
2014-05-06 04:54,6.475,0.004,0,0,0,0,v
2014-05-06 05:00,6.464,0.003,0,0,0,0,v
2014-05-06 05:06,6.469,0.003,0,0,0,0,v
2014-05-06 05:12,6.460,0.005,0,0,0,0,v
2014-05-06 05:18,6.460,0.004,0,0,0,0,v
2014-05-06 05:24,6.480,0.003,0,0,0,0,v
2014-05-06 05:30,6.486,0.004,0,0,0,0,v
2014-05-06 05:36,6.474,0.004,0,0,0,0,v
2014-05-06 05:42,6.475,0.005,0,0,0,0,v
2014-05-06 05:48,6.475,0.003,0,0,0,0,v
2014-05-06 05:54,6.471,0.004,0,0,0,0,v
2014-05-06 06:00,6.474,0.004,0,0,0,0,v
2014-05-06 06:06,6.480,0.003,0,0,0,0,v
2014-05-06 06:12,6.469,0.004,0,0,0,0,v
2014-05-06 06:18,6.464,0.004,0,0,0,0,v
2014-05-06 06:24,6.456,0.007,0,0,0,0,v
2014-05-06 06:30,6.449,0.003,0,0,0,0,v
2014-05-06 06:36,6.456,0.003,0,0,0,0,v
2014-05-06 06:42,6.461,0.004,0,0,0,0,v
2014-05-06 06:48,6.453,0.003,0,0,0,0,v
2014-05-06 06:54,6.460,0.003,0,0,0,0,v
2014-05-06 07:00,6.470,0.003,0,0,0,0,v
2014-05-06 07:06,6.457,0.008,0,0,0,0,v
2014-05-06 07:12,6.441,0.003,0,0,0,0,v
2014-05-06 07:18,6.448,0.004,0,0,0,0,v
2014-05-06 07:24,6.449,0.005,0,0,0,0,v
2014-05-06 07:30,6.431,0.003,0,0,0,0,v
2014-05-06 07:36,6.443,0.003,0,0,0,0,v
2014-05-06 07:42,6.460,0.004,0,0,0,0,v
2014-05-06 07:48,6.465,0.004,0,0,0,0,v
2014-05-06 07:54,6.464,0.004,0,0,0,0,v
2014-05-06 08:00,6.467,0.003,0,0,0,0,v
2014-05-06 08:06,6.463,0.004,0,0,0,0,v
2014-05-06 08:12,6.482,0.003,0,0,0,0,v
2014-05-06 08:18,6.492,0.003,0,0,0,0,v
2014-05-06 08:24,6.493,0.004,0,0,0,0,v
2014-05-06 08:30,6.502,0.004,0,0,0,0,v
2014-05-06 08:36,6.498,0.005,0,0,0,0,v
2014-05-06 08:42,6.491,0.003,0,0,0,0,v
2014-05-06 08:48,6.497,0.003,0,0,0,0,v
2014-05-06 08:54,6.507,0.003,0,0,0,0,v
2014-05-06 09:00,6.502,0.003,0,0,0,0,v
2014-05-06 09:06,6.498,0.005,0,0,0,0,v
2014-05-06 09:12,6.517,0.004,0,0,0,0,v
2014-05-06 09:18,6.535,0.005,0,0,0,0,v
2014-05-06 09:24,6.523,0.003,0,0,0,0,v
2014-05-06 09:30,6.531,0.003,0,0,0,0,v
2014-05-06 09:36,6.533,0.003,0,0,0,0,v
2014-05-06 09:42,6.523,0.003,0,0,0,0,v
2014-05-06 09:48,6.535,0.003,0,0,0,0,v
2014-05-06 09:54,6.546,0.003,0,0,0,0,v
2014-05-06 10:00,6.560,0.006,0,0,0,0,v
2014-05-06 10:06,6.586,0.002,0,0,0,0,v
2014-05-06 10:12,6.585,0.003,0,0,0,0,v
2014-05-06 10:18,6.575,0.004,0,0,0,0,v
2014-05-06 10:24,6.567,0.003,0,0,0,0,v
2014-05-06 10:30,6.570,0.005,0,0,0,0,v
2014-05-06 10:36,6.597,0.003,0,0,0,0,v
2014-05-06 10:42,6.606,0.003,0,0,0,0,v
2014-05-06 10:48,6.608,0.003,0,0,0,0,v
2014-05-06 10:54,6.621,0.003,0,0,0,0,v
2014-05-06 11:00,6.635,0.003,0,0,0,0,v
2014-05-06 11:06,6.641,0.003,0,0,0,0,v
2014-05-06 11:12,6.649,0.004,0,0,0,0,v
2014-05-06 11:18,6.664,0.003,0,0,0,0,v
2014-05-06 11:24,6.674,0.002,0,0,0,0,v
2014-05-06 11:30,6.676,0.004,0,0,0,0,v
2014-05-06 11:36,6.692,0.003,0,0,0,0,v
2014-05-06 11:42,6.678,0.003,0,0,0,0,v
2014-05-06 11:48,6.675,0.004,0,0,0,0,v
2014-05-06 11:54,6.694,0.006,0,0,0,0,v
2014-05-06 12:00,6.710,0.003,0,0,0,0,v
2014-05-06 12:06,6.706,0.004,0,0,0,0,v
2014-05-06 12:12,6.715,0.004,0,0,0,0,v
2014-05-06 12:18,6.728,0.004,0,0,0,0,v
2014-05-06 12:24,6.737,0.003,0,0,0,0,v
2014-05-06 12:30,6.735,0.004,0,0,0,0,v
2014-05-06 12:36,6.739,0.003,0,0,0,0,v
2014-05-06 12:42,6.751,0.003,0,0,0,0,v
2014-05-06 12:48,6.745,0.006,0,0,0,0,v
2014-05-06 12:54,6.769,0.003,0,0,0,0,v
2014-05-06 13:00,6.762,0.004,0,0,0,0,v
2014-05-06 13:06,6.773,0.003,0,0,0,0,v
2014-05-06 13:12,6.783,0.003,0,0,0,0,v
2014-05-06 13:18,6.782,0.004,0,0,0,0,v
2014-05-06 13:24,6.783,0.005,0,0,0,0,v
2014-05-06 13:30,6.778,0.004,0,0,0,0,v
2014-05-06 13:36,6.795,0.003,0,0,0,0,v
2014-05-06 13:42,6.802,0.003,0,0,0,0,v
2014-05-06 13:48,6.817,0.003,0,0,0,0,v
2014-05-06 13:54,6.814,0.005,0,0,0,0,v
2014-05-06 14:00,6.813,0.003,0,0,0,0,v
2014-05-06 14:06,6.823,0.004,0,0,0,0,v
2014-05-06 14:12,6.839,0.005,0,0,0,0,v
2014-05-06 14:18,6.823,0.005,0,0,0,0,v
2014-05-06 14:24,6.809,0.004,0,0,0,0,v
2014-05-06 14:30,6.821,0.005,0,0,0,0,v
2014-05-06 14:36,6.830,0.004,0,0,0,0,v
2014-05-06 14:42,6.858,0.007,0,0,0,0,v
2014-05-06 14:48,6.862,0.004,0,0,0,0,v
2014-05-06 14:54,6.869,0.005,0,0,0,0,v
2014-05-06 15:00,6.861,0.006,0,0,0,0,v
2014-05-06 15:06,6.856,0.004,0,0,0,0,v
2014-05-06 15:12,6.853,0.003,0,0,0,0,v
2014-05-06 15:18,6.849,0.004,0,0,0,0,v
2014-05-06 15:24,6.855,0.004,0,0,0,0,v
2014-05-06 15:30,6.848,0.004,0,0,0,0,v
2014-05-06 15:36,6.858,0.004,0,0,0,0,v
2014-05-06 15:42,6.859,0.004,0,0,0,0,v
2014-05-06 15:48,6.848,0.004,0,0,0,0,v
2014-05-06 15:54,6.843,0.006,0,0,0,0,v
2014-05-06 16:00,6.846,0.005,0,0,0,0,v
2014-05-06 16:06,6.844,0.003,0,0,0,0,v
2014-05-06 16:12,6.839,0.003,0,0,0,0,v
2014-05-06 16:18,6.837,0.004,0,0,0,0,v
2014-05-06 16:24,6.840,0.003,0,0,0,0,v
2014-05-06 16:30,6.831,0.004,0,0,0,0,v
2014-05-06 16:36,6.847,0.004,0,0,0,0,v
2014-05-06 16:42,6.848,0.003,0,0,0,0,v
2014-05-06 16:48,6.848,0.004,0,0,0,0,v
2014-05-06 16:54,6.851,0.004,0,0,0,0,v
2014-05-06 17:00,6.851,0.003,0,0,0,0,v
2014-05-06 17:06,6.841,0.005,0,0,0,0,v
2014-05-06 17:12,6.845,0.003,0,0,0,0,v
2014-05-06 17:18,6.854,0.005,0,0,0,0,v
2014-05-06 17:24,6.842,0.005,0,0,0,0,v
2014-05-06 17:30,6.844,0.003,0,0,0,0,v
2014-05-06 17:36,6.842,0.003,0,0,0,0,v
2014-05-06 17:42,6.841,0.005,0,0,0,0,v
2014-05-06 17:48,6.840,0.004,0,0,0,0,v
2014-05-06 17:54,6.842,0.004,0,0,0,0,v
2014-05-06 18:00,6.828,0.004,0,0,0,0,v
2014-05-06 18:06,6.831,0.004,0,0,0,0,v
2014-05-06 18:12,6.818,0.005,0,0,0,0,v
2014-05-06 18:18,6.817,0.004,0,0,0,0,v
2014-05-06 18:24,6.818,0.006,0,0,0,0,v
2014-05-06 18:30,6.803,0.005,0,0,0,0,v
2014-05-06 18:36,6.825,0.004,0,0,0,0,v
2014-05-06 18:42,6.824,0.004,0,0,0,0,v
2014-05-06 18:48,6.828,0.004,0,0,0,0,v
2014-05-06 18:54,6.837,0.005,0,0,0,0,v
2014-05-06 19:00,6.829,0.005,0,0,0,0,v
2014-05-06 19:06,6.828,0.004,0,0,0,0,v
2014-05-06 19:12,6.826,0.004,0,0,0,0,v
2014-05-06 19:18,6.814,0.004,0,0,0,0,v
2014-05-06 19:24,6.799,0.004,0,0,0,0,v
2014-05-06 19:30,6.801,0.005,0,0,0,0,v
2014-05-06 19:36,6.803,0.003,0,0,0,0,v
2014-05-06 19:42,6.794,0.005,0,0,0,0,v
2014-05-06 19:48,6.798,0.004,0,0,0,0,v
2014-05-06 19:54,6.795,0.005,0,0,0,0,v
2014-05-06 20:00,6.804,0.005,0,0,0,0,v
2014-05-06 20:06,6.800,0.006,0,0,0,0,v
2014-05-06 20:12,6.793,0.004,0,0,0,0,v
2014-05-06 20:18,6.792,0.007,0,0,0,0,v
2014-05-06 20:24,6.780,0.005,0,0,0,0,v
2014-05-06 20:30,6.785,0.004,0,0,0,0,v
2014-05-06 20:36,6.772,0.005,0,0,0,0,v
2014-05-06 20:42,6.772,0.004,0,0,0,0,v
2014-05-06 20:48,6.774,0.005,0,0,0,0,v
2014-05-06 20:54,6.749,0.005,0,0,0,0,v
2014-05-06 21:00,6.749,0.004,0,0,0,0,v
2014-05-06 21:06,6.751,0.005,0,0,0,0,v
2014-05-06 21:12,6.750,0.006,0,0,0,0,v
2014-05-06 21:18,6.754,0.005,0,0,0,0,v
2014-05-06 21:24,6.753,0.008,0,0,0,0,v
2014-05-06 21:30,6.746,0.005,0,0,0,0,v
2014-05-06 21:36,6.745,0.005,0,0,0,0,v
2014-05-06 21:42,6.748,0.005,0,0,0,0,v
2014-05-06 21:48,6.751,0.004,0,0,0,0,v
2014-05-06 21:54,6.750,0.005,0,0,0,0,v
2014-05-06 22:00,6.746,0.004,0,0,0,0,v
2014-05-06 22:06,6.744,0.004,0,0,0,0,v
2014-05-06 22:12,6.729,0.005,0,0,0,0,v
2014-05-06 22:18,6.724,0.006,0,0,0,0,v
2014-05-06 22:24,6.730,0.005,0,0,0,0,v
2014-05-06 22:30,6.732,0.005,0,0,0,0,v
2014-05-06 22:36,6.744,0.004,0,0,0,0,v
2014-05-06 22:42,6.733,0.005,0,0,0,0,v
2014-05-06 22:48,6.733,0.005,0,0,0,0,v
2014-05-06 22:54,6.743,0.004,0,0,0,0,v
2014-05-06 23:00,6.739,0.005,0,0,0,0,v
2014-05-06 23:06,6.746,0.005,0,0,0,0,v
2014-05-06 23:12,6.733,0.004,0,0,0,0,v
2014-05-06 23:18,6.739,0.005,0,0,0,0,v
2014-05-06 23:24,6.734,0.005,0,0,0,0,v
2014-05-06 23:30,6.734,0.004,0,0,0,0,v
2014-05-06 23:36,6.745,0.004,0,0,0,0,v
2014-05-06 23:42,6.749,0.005,0,0,0,0,v
2014-05-06 23:48,6.738,0.005,0,0,0,0,v
2014-05-06 23:54,6.745,0.004,0,0,0,0,v
2014-05-07 00:00,6.750,0.005,0,0,0,0,v
2014-05-07 00:06,6.749,0.005,0,0,0,0,v
2014-05-07 00:12,6.753,0.005,0,0,0,0,v
2014-05-07 00:18,6.761,0.004,0,0,0,0,v
2014-05-07 00:24,6.770,0.005,0,0,0,0,v
2014-05-07 00:30,6.771,0.005,0,0,0,0,v
2014-05-07 00:36,6.773,0.006,0,0,0,0,v
2014-05-07 00:42,6.753,0.005,0,0,0,0,v
2014-05-07 00:48,6.750,0.006,0,0,0,0,v
2014-05-07 00:54,6.733,0.006,0,0,0,0,v
2014-05-07 01:00,6.712,0.004,0,0,0,0,v
2014-05-07 01:06,6.728,0.004,0,0,0,0,v
2014-05-07 01:12,6.724,0.006,0,0,0,0,v
2014-05-07 01:18,6.710,0.006,0,0,0,0,v
2014-05-07 01:24,6.702,0.004,0,0,0,0,v
2014-05-07 01:30,6.695,0.004,0,0,0,0,v
2014-05-07 01:36,6.684,0.005,0,0,0,0,v
2014-05-07 01:42,6.683,0.005,0,0,0,0,v
2014-05-07 01:48,6.684,0.005,0,0,0,0,v
2014-05-07 01:54,6.690,0.004,0,0,0,0,v
2014-05-07 02:00,6.681,0.004,0,0,0,0,v
2014-05-07 02:06,6.692,0.006,0,0,0,0,v
2014-05-07 02:12,6.672,0.005,0,0,0,0,v
2014-05-07 02:18,6.671,0.005,0,0,0,0,v
2014-05-07 02:24,6.678,0.007,0,0,0,0,v
2014-05-07 02:30,6.669,0.009,0,0,0,0,v
2014-05-07 02:36,6.665,0.007,0,0,0,0,v
2014-05-07 02:42,6.677,0.006,0,0,0,0,v
2014-05-07 02:48,6.684,0.004,0,0,0,0,v
2014-05-07 02:54,6.687,0.006,0,0,0,0,v
2014-05-07 03:00,6.684,0.005,0,0,0,0,v
2014-05-07 03:06,6.677,0.005,0,0,0,0,v
2014-05-07 03:12,6.666,0.006,0,0,0,0,v
2014-05-07 03:18,6.654,0.007,0,0,0,0,v
2014-05-07 03:24,6.671,0.008,0,0,0,0,v
2014-05-07 03:30,6.667,0.005,0,0,0,0,v
2014-05-07 03:36,6.659,0.005,0,0,0,0,v
2014-05-07 03:42,6.649,0.005,0,0,0,0,v
2014-05-07 03:48,6.659,0.008,0,0,0,0,v
2014-05-07 03:54,6.653,0.004,0,0,0,0,v
2014-05-07 04:00,6.648,0.006,0,0,0,0,v
2014-05-07 04:06,6.639,0.006,0,0,0,0,v
2014-05-07 04:12,6.633,0.005,0,0,0,0,v
2014-05-07 04:18,6.636,0.005,0,0,0,0,v
2014-05-07 04:24,6.645,0.006,0,0,0,0,v
2014-05-07 04:30,6.643,0.005,0,0,0,0,v
2014-05-07 04:36,6.641,0.005,0,0,0,0,v
2014-05-07 04:42,6.646,0.004,0,0,0,0,v
2014-05-07 04:48,6.652,0.004,0,0,0,0,v
2014-05-07 04:54,6.649,0.004,0,0,0,0,v
2014-05-07 05:00,6.641,0.005,0,0,0,0,v
2014-05-07 05:06,6.639,0.007,0,0,0,0,v
2014-05-07 05:12,6.633,0.005,0,0,0,0,v
2014-05-07 05:18,6.616,0.006,0,0,0,0,v
2014-05-07 05:24,6.630,0.005,0,0,0,0,v
2014-05-07 05:30,6.637,0.005,0,0,0,0,v
2014-05-07 05:36,6.640,0.005,0,0,0,0,v
2014-05-07 05:42,6.638,0.005,0,0,0,0,v
2014-05-07 05:48,6.648,0.005,0,0,0,0,v
2014-05-07 05:54,6.636,0.004,0,0,0,0,v
2014-05-07 06:00,6.623,0.006,0,0,0,0,v
2014-05-07 06:06,6.617,0.005,0,0,0,0,v
2014-05-07 06:12,6.604,0.006,0,0,0,0,v
2014-05-07 06:18,6.606,0.007,0,0,0,0,v
2014-05-07 06:24,6.610,0.005,0,0,0,0,v
2014-05-07 06:30,6.608,0.006,0,0,0,0,v
2014-05-07 06:36,6.601,0.005,0,0,0,0,v
2014-05-07 06:42,6.589,0.005,0,0,0,0,v
2014-05-07 06:48,6.590,0.004,0,0,0,0,v
2014-05-07 06:54,6.587,0.005,0,0,0,0,v
2014-05-07 07:00,6.582,0.005,0,0,0,0,v
2014-05-07 07:06,6.580,0.005,0,0,0,0,v
2014-05-07 07:12,6.571,0.004,0,0,0,0,v
2014-05-07 07:18,6.568,0.005,0,0,0,0,v
2014-05-07 07:24,6.589,0.006,0,0,0,0,v
2014-05-07 07:30,6.586,0.005,0,0,0,0,v
2014-05-07 07:36,6.588,0.006,0,0,0,0,v
2014-05-07 07:42,6.584,0.004,0,0,0,0,v
2014-05-07 07:48,6.571,0.005,0,0,0,0,v
2014-05-07 07:54,6.578,0.006,0,0,0,0,v
2014-05-07 08:00,6.595,0.005,0,0,0,0,v
2014-05-07 08:06,6.590,0.005,0,0,0,0,v
2014-05-07 08:12,6.597,0.005,0,0,0,0,v
2014-05-07 08:18,6.596,0.003,0,0,0,0,v
2014-05-07 08:24,6.598,0.005,0,0,0,0,v
2014-05-07 08:30,6.599,0.004,0,0,0,0,v
2014-05-07 08:36,6.595,0.006,0,0,0,0,v
2014-05-07 08:42,6.587,0.005,0,0,0,0,v
2014-05-07 08:48,6.596,0.005,0,0,0,0,v
2014-05-07 08:54,6.584,0.006,0,0,0,0,v
2014-05-07 09:00,6.593,0.006,0,0,0,0,v
2014-05-07 09:06,6.591,0.005,0,0,0,0,v
2014-05-07 09:12,6.604,0.003,0,0,0,0,v
2014-05-07 09:18,6.602,0.005,0,0,0,0,v
2014-05-07 09:24,6.605,0.007,0,0,0,0,v
2014-05-07 09:30,6.608,0.008,0,0,0,0,v
2014-05-07 09:36,6.628,0.006,0,0,0,0,v
2014-05-07 09:42,6.632,0.004,0,0,0,0,v
2014-05-07 09:48,6.639,0.006,0,0,0,0,v
2014-05-07 09:54,6.652,0.006,0,0,0,0,v
2014-05-07 10:00,6.666,0.005,0,0,0,0,v
2014-05-07 10:06,6.681,0.007,0,0,0,0,v
2014-05-07 10:12,6.662,0.005,0,0,0,0,v
2014-05-07 10:18,6.681,0.005,0,0,0,0,v
2014-05-07 10:24,6.677,0.004,0,0,0,0,v
2014-05-07 10:30,6.681,0.004,0,0,0,0,v
2014-05-07 10:36,6.681,0.004,0,0,0,0,v
2014-05-07 10:42,6.708,0.004,0,0,0,0,v
2014-05-07 10:48,6.710,0.005,0,0,0,0,v
2014-05-07 10:54,6.707,0.005,0,0,0,0,v
2014-05-07 11:00,6.725,0.005,0,0,0,0,v
2014-05-07 11:06,6.725,0.004,0,0,0,0,v
2014-05-07 11:12,6.746,0.005,0,0,0,0,v
2014-05-07 11:18,6.737,0.004,0,0,0,0,v
2014-05-07 11:24,6.753,0.005,0,0,0,0,v
2014-05-07 11:30,6.755,0.005,0,0,0,0,v
2014-05-07 11:36,6.761,0.006,0,0,0,0,v
2014-05-07 11:42,6.777,0.005,0,0,0,0,v
2014-05-07 11:48,6.787,0.004,0,0,0,0,v
2014-05-07 11:54,6.787,0.004,0,0,0,0,v
2014-05-07 12:00,6.793,0.004,0,0,0,0,v
2014-05-07 12:06,6.780,0.004,0,0,0,0,v
2014-05-07 12:12,6.791,0.003,0,0,0,0,v
2014-05-07 12:18,6.799,0.004,0,0,0,0,v
2014-05-07 12:24,6.794,0.004,0,0,0,0,v
2014-05-07 12:30,6.800,0.004,0,0,0,0,v
2014-05-07 12:36,6.792,0.004,0,0,0,0,v
2014-05-07 12:42,6.817,0.004,0,0,0,0,v
2014-05-07 12:48,6.824,0.004,0,0,0,0,v
2014-05-07 12:54,6.842,0.004,0,0,0,0,v
2014-05-07 13:00,6.840,0.006,0,0,0,0,v
2014-05-07 13:06,6.852,0.004,0,0,0,0,v
2014-05-07 13:12,6.861,0.003,0,0,0,0,v
2014-05-07 13:18,6.857,0.004,0,0,0,0,v
2014-05-07 13:24,6.864,0.003,0,0,0,0,v
2014-05-07 13:30,6.872,0.004,0,0,0,0,v
2014-05-07 13:36,6.861,0.004,0,0,0,0,v
2014-05-07 13:42,6.858,0.006,0,0,0,0,v
2014-05-07 13:48,6.871,0.003,0,0,0,0,v
2014-05-07 13:54,6.884,0.003,0,0,0,0,v
2014-05-07 14:00,6.882,0.003,0,0,0,0,v
2014-05-07 14:06,6.879,0.003,0,0,0,0,v
2014-05-07 14:12,6.892,0.008,0,0,0,0,v
2014-05-07 14:18,6.897,0.006,0,0,0,0,v
2014-05-07 14:24,6.888,0.004,0,0,0,0,v
2014-05-07 14:30,6.904,0.003,0,0,0,0,v
2014-05-07 14:36,6.902,0.003,0,0,0,0,v
2014-05-07 14:42,6.898,0.004,0,0,0,0,v
2014-05-07 14:48,6.928,0.003,0,0,0,0,v
2014-05-07 14:54,6.922,0.006,0,0,0,0,v
2014-05-07 15:00,6.913,0.004,0,0,0,0,v
2014-05-07 15:06,6.925,0.004,0,0,0,0,v
2014-05-07 15:12,6.905,0.004,0,0,0,0,v
2014-05-07 15:18,6.916,0.005,0,0,0,0,v
2014-05-07 15:24,6.938,0.004,0,0,0,0,v
2014-05-07 15:30,6.925,0.005,0,0,0,0,v
2014-05-07 15:36,6.957,0.007,0,0,0,0,v
2014-05-07 15:42,6.958,0.005,0,0,0,0,v
2014-05-07 15:48,6.943,0.005,0,0,0,0,v
2014-05-07 15:54,6.935,0.005,0,0,0,0,v
2014-05-07 16:00,6.946,0.005,0,0,0,0,v
2014-05-07 16:06,6.932,0.005,0,0,0,0,v
2014-05-07 16:12,6.936,0.004,0,0,0,0,v
2014-05-07 16:18,6.945,0.005,0,0,0,0,v
2014-05-07 16:24,6.950,0.005,0,0,0,0,v
2014-05-07 16:30,6.947,0.005,0,0,0,0,v
2014-05-07 16:36,6.949,0.006,0,0,0,0,v
2014-05-07 16:42,6.907,0.006,0,0,0,0,v
2014-05-07 16:48,6.908,0.004,0,0,0,0,v
2014-05-07 16:54,6.917,0.008,0,0,0,0,v
2014-05-07 17:00,6.874,0.004,0,0,0,0,v
2014-05-07 17:06,6.866,0.004,0,0,0,0,v
2014-05-07 17:12,6.868,0.004,0,0,0,0,v
2014-05-07 17:18,6.881,0.005,0,0,0,0,v
2014-05-07 17:24,6.902,0.005,0,0,0,0,v
2014-05-07 17:30,6.910,0.004,0,0,0,0,v
2014-05-07 17:36,6.924,0.004,0,0,0,0,v
2014-05-07 17:42,6.922,0.006,0,0,0,0,v
2014-05-07 17:48,6.887,0.005,0,0,0,0,v
2014-05-07 17:54,6.876,0.004,0,0,0,0,v
2014-05-07 18:00,6.880,0.004,0,0,0,0,v
2014-05-07 18:06,6.884,0.006,0,0,0,0,v
2014-05-07 18:12,6.907,0.005,0,0,0,0,v
2014-05-07 18:18,6.907,0.003,0,0,0,0,v
2014-05-07 18:24,6.901,0.004,0,0,0,0,v
2014-05-07 18:30,6.898,0.005,0,0,0,0,v
2014-05-07 18:36,6.866,0.006,0,0,0,0,v
2014-05-07 18:42,6.875,0.005,0,0,0,0,v
2014-05-07 18:48,6.883,0.003,0,0,0,0,v
2014-05-07 18:54,6.878,0.004,0,0,0,0,v
2014-05-07 19:00,6.860,0.005,0,0,0,0,v
2014-05-07 19:06,6.870,0.005,0,0,0,0,v
2014-05-07 19:12,6.870,0.008,0,0,0,0,v
2014-05-07 19:18,6.854,0.003,0,0,0,0,v
2014-05-07 19:24,6.849,0.005,0,0,0,0,v
2014-05-07 19:30,6.861,0.006,0,0,0,0,v
2014-05-07 19:36,6.888,0.004,0,0,0,0,v
2014-05-07 19:42,6.890,0.004,0,0,0,0,v
2014-05-07 19:48,6.875,0.007,0,0,0,0,v
2014-05-07 19:54,6.865,0.005,0,0,0,0,v
2014-05-07 20:00,6.869,0.005,0,0,0,0,v
2014-05-07 20:06,6.845,0.005,0,0,0,0,v
2014-05-07 20:12,6.838,0.005,0,0,0,0,v
2014-05-07 20:18,6.828,0.005,0,0,0,0,v
2014-05-07 20:24,6.814,0.004,0,0,0,0,v
2014-05-07 20:30,6.824,0.005,0,0,0,0,v
2014-05-07 20:36,6.805,0.005,0,0,0,0,v
2014-05-07 20:42,6.795,0.004,0,0,0,0,v
2014-05-07 20:48,6.779,0.005,0,0,0,0,v
2014-05-07 20:54,6.774,0.004,0,0,0,0,v
2014-05-07 21:00,6.785,0.005,0,0,0,0,v
2014-05-07 21:06,6.800,0.004,0,0,0,0,v
2014-05-07 21:12,6.772,0.004,0,0,0,0,v
2014-05-07 21:18,6.792,0.004,0,0,0,0,v
2014-05-07 21:24,6.791,0.004,0,0,0,0,v
2014-05-07 21:30,6.804,0.004,0,0,0,0,v
2014-05-07 21:36,6.771,0.006,0,0,0,0,v
2014-05-07 21:42,6.779,0.003,0,0,0,0,v
2014-05-07 21:48,6.772,0.004,0,0,0,0,v
2014-05-07 21:54,6.787,0.004,0,0,0,0,v
2014-05-07 22:00,6.778,0.003,0,0,0,0,v
2014-05-07 22:06,6.780,0.004,0,0,0,0,v
2014-05-07 22:12,6.788,0.005,0,0,0,0,v
2014-05-07 22:18,6.786,0.004,0,0,0,0,v
2014-05-07 22:24,6.786,0.003,0,0,0,0,v
2014-05-07 22:30,6.791,0.004,0,0,0,0,v
2014-05-07 22:36,6.791,0.005,0,0,0,0,v
2014-05-07 22:42,6.750,0.003,0,0,0,0,v
2014-05-07 22:48,6.747,0.005,0,0,0,0,v
2014-05-07 22:54,6.750,0.003,0,0,0,0,v
2014-05-07 23:00,6.754,0.006,0,0,0,0,v
2014-05-07 23:06,6.759,0.004,0,0,0,0,v
2014-05-07 23:12,6.754,0.004,0,0,0,0,v
2014-05-07 23:18,6.772,0.005,0,0,0,0,v
2014-05-07 23:24,6.773,0.004,0,0,0,0,v
2014-05-07 23:30,6.754,0.005,0,0,0,0,v
2014-05-07 23:36,6.756,0.004,0,0,0,0,v
2014-05-07 23:42,6.759,0.005,0,0,0,0,v
2014-05-07 23:48,6.743,0.003,0,0,0,0,v
2014-05-07 23:54,6.759,0.004,0,0,0,0,v
2014-05-08 00:00,6.765,0.003,0,0,0,0,v
2014-05-08 00:06,6.758,0.006,0,0,0,0,v
2014-05-08 00:12,6.747,0.004,0,0,0,0,v
2014-05-08 00:18,6.761,0.004,0,0,0,0,v
2014-05-08 00:24,6.741,0.004,0,0,0,0,v
2014-05-08 00:30,6.744,0.004,0,0,0,0,v
2014-05-08 00:36,6.741,0.003,0,0,0,0,v
2014-05-08 00:42,6.746,0.005,0,0,0,0,v
2014-05-08 00:48,6.756,0.009,0,0,0,0,v
2014-05-08 00:54,6.780,0.004,0,0,0,0,v
2014-05-08 01:00,6.773,0.005,0,0,0,0,v
2014-05-08 01:06,6.790,0.004,0,0,0,0,v
2014-05-08 01:12,6.803,0.003,0,0,0,0,v
2014-05-08 01:18,6.783,0.005,0,0,0,0,v
2014-05-08 01:24,6.783,0.004,0,0,0,0,v
2014-05-08 01:30,6.794,0.005,0,0,0,0,v
2014-05-08 01:36,6.806,0.004,0,0,0,0,v
2014-05-08 01:42,6.804,0.004,0,0,0,0,v
2014-05-08 01:48,6.793,0.004,0,0,0,0,v
2014-05-08 01:54,6.813,0.006,0,0,0,0,v
2014-05-08 02:00,6.815,0.004,0,0,0,0,v
2014-05-08 02:06,6.803,0.004,0,0,0,0,v
2014-05-08 02:12,6.764,0.007,0,0,0,0,v
2014-05-08 02:18,6.765,0.004,0,0,0,0,v
2014-05-08 02:24,6.798,0.007,0,0,0,0,v
2014-05-08 02:30,6.800,0.004,0,0,0,0,v
2014-05-08 02:36,6.799,0.004,0,0,0,0,v
2014-05-08 02:42,6.763,0.008,0,0,0,0,v
2014-05-08 02:48,6.777,0.006,0,0,0,0,v
2014-05-08 02:54,6.780,0.004,0,0,0,0,v
2014-05-08 03:00,6.760,0.005,0,0,0,0,v
2014-05-08 03:06,6.763,0.004,0,0,0,0,v
2014-05-08 03:12,6.747,0.004,0,0,0,0,v
2014-05-08 03:18,6.750,0.005,0,0,0,0,v
2014-05-08 03:24,6.739,0.007,0,0,0,0,v
2014-05-08 03:30,6.741,0.004,0,0,0,0,v
2014-05-08 03:36,6.755,0.005,0,0,0,0,v
2014-05-08 03:42,6.743,0.005,0,0,0,0,v
2014-05-08 03:48,6.735,0.006,0,0,0,0,v
2014-05-08 03:54,6.751,0.004,0,0,0,0,v
2014-05-08 04:00,6.741,0.008,0,0,0,0,v
2014-05-08 04:06,6.726,0.005,0,0,0,0,v
2014-05-08 04:12,6.723,0.005,0,0,0,0,v
2014-05-08 04:18,6.728,0.007,0,0,0,0,v
2014-05-08 04:24,6.739,0.005,0,0,0,0,v
2014-05-08 04:30,6.734,0.004,0,0,0,0,v
2014-05-08 04:36,6.747,0.006,0,0,0,0,v
2014-05-08 04:42,6.751,0.007,0,0,0,0,v
2014-05-08 04:48,6.739,0.004,0,0,0,0,v
2014-05-08 04:54,6.724,0.005,0,0,0,0,v
2014-05-08 05:00,6.722,0.007,0,0,0,0,v
2014-05-08 05:06,6.724,0.004,0,0,0,0,v
2014-05-08 05:12,6.720,0.005,0,0,0,0,v
2014-05-08 05:18,6.720,0.004,0,0,0,0,v
2014-05-08 05:24,6.712,0.009,0,0,0,0,v
2014-05-08 05:30,6.703,0.005,0,0,0,0,v
2014-05-08 05:36,6.699,0.006,0,0,0,0,v
2014-05-08 05:42,6.691,0.004,0,0,0,0,v
2014-05-08 05:48,6.676,0.010,0,0,0,0,v
2014-05-08 05:54,6.684,0.013,0,0,0,0,v
2014-05-08 06:00,6.710,0.004,0,0,0,0,v
2014-05-08 06:06,6.741,0.006,0,0,0,0,v
2014-05-08 06:12,6.733,0.008,0,0,0,0,v
2014-05-08 06:18,6.715,0.005,0,0,0,0,v
2014-05-08 06:24,6.714,0.004,0,0,0,0,v
2014-05-08 06:30,6.698,0.005,0,0,0,0,v
2014-05-08 06:36,6.709,0.005,0,0,0,0,v
2014-05-08 06:42,6.724,0.006,0,0,0,0,v
2014-05-08 06:48,6.723,0.005,0,0,0,0,v
2014-05-08 06:54,6.718,0.008,0,0,0,0,v
2014-05-08 07:00,6.717,0.008,0,0,0,0,v
2014-05-08 07:06,6.729,0.006,0,0,0,0,v
2014-05-08 07:12,6.702,0.009,0,0,0,0,v
2014-05-08 07:18,6.711,0.006,0,0,0,0,v
2014-05-08 07:24,6.722,0.008,0,0,0,0,v
2014-05-08 07:30,6.703,0.005,0,0,0,0,v
2014-05-08 07:36,6.690,0.006,0,0,0,0,v
2014-05-08 07:42,6.712,0.004,0,0,0,0,v
2014-05-08 07:48,6.702,0.006,0,0,0,0,v
2014-05-08 07:54,6.698,0.007,0,0,0,0,v
2014-05-08 08:00,6.690,0.005,0,0,0,0,v
2014-05-08 08:06,6.677,0.005,0,0,0,0,v
2014-05-08 08:12,6.691,0.010,0,0,0,0,v
2014-05-08 08:18,6.643,0.008,0,0,0,0,v
2014-05-08 08:24,6.663,0.006,0,0,0,0,v
2014-05-08 08:30,6.661,0.010,0,0,0,0,v
2014-05-08 08:36,6.656,0.005,0,0,0,0,v
2014-05-08 08:42,6.671,0.005,0,0,0,0,v
2014-05-08 08:48,6.679,0.008,0,0,0,0,v
2014-05-08 08:54,6.643,0.008,0,0,0,0,v
2014-05-08 09:00,6.669,0.008,0,0,0,0,v
2014-05-08 09:06,6.673,0.007,0,0,0,0,v
2014-05-08 09:12,6.677,0.006,0,0,0,0,v
2014-05-08 09:18,6.678,0.006,0,0,0,0,v
2014-05-08 09:24,6.682,0.008,0,0,0,0,v
2014-05-08 09:30,6.690,0.008,0,0,0,0,v
2014-05-08 09:36,6.691,0.011,0,0,0,0,v
2014-05-08 09:42,6.681,0.006,0,0,0,0,v
2014-05-08 09:48,6.677,0.006,0,0,0,0,v
2014-05-08 09:54,6.693,0.007,0,0,0,0,v
2014-05-08 10:00,6.715,0.006,0,0,0,0,v
2014-05-08 10:06,6.695,0.006,0,0,0,0,v
2014-05-08 10:12,6.700,0.005,0,0,0,0,v
2014-05-08 10:18,6.686,0.005,0,0,0,0,v
2014-05-08 10:24,6.695,0.008,0,0,0,0,v
2014-05-08 10:30,6.687,0.006,0,0,0,0,v
2014-05-08 10:36,6.707,0.005,0,0,0,0,v
2014-05-08 10:42,6.712,0.006,0,0,0,0,v
2014-05-08 10:48,6.676,0.005,0,0,0,0,v
2014-05-08 10:54,6.711,0.007,0,0,0,0,v
2014-05-08 11:00,6.716,0.004,0,0,0,0,v
2014-05-08 11:06,6.705,0.006,0,0,0,0,v
2014-05-08 11:12,6.728,0.004,0,0,0,0,v
2014-05-08 11:18,6.718,0.006,0,0,0,0,v
2014-05-08 11:24,6.739,0.006,0,0,0,0,v
2014-05-08 11:30,6.752,0.008,0,0,0,0,v
2014-05-08 11:36,6.779,0.005,0,0,0,0,v
2014-05-08 11:42,6.774,0.006,0,0,0,0,v
2014-05-08 11:48,6.776,0.005,0,0,0,0,v
2014-05-08 11:54,6.778,0.006,0,0,0,0,v
2014-05-08 12:00,6.778,0.005,0,0,0,0,v
2014-05-08 12:06,6.786,0.005,0,0,0,0,v
2014-05-08 12:12,6.783,0.005,0,0,0,0,v
2014-05-08 12:18,6.771,0.014,0,0,0,0,v
2014-05-08 12:24,6.807,0.007,0,0,0,0,v
2014-05-08 12:30,6.796,0.005,0,0,0,0,v
2014-05-08 12:36,6.819,0.006,0,0,0,0,v
2014-05-08 12:42,6.823,0.009,0,0,0,0,v
2014-05-08 12:48,6.817,0.007,0,0,0,0,v
2014-05-08 12:54,6.839,0.006,0,0,0,0,v
2014-05-08 13:00,6.853,0.008,0,0,0,0,v
2014-05-08 13:06,6.841,0.006,0,0,0,0,v
2014-05-08 13:12,6.833,0.007,0,0,0,0,v
2014-05-08 13:18,6.849,0.010,0,0,0,0,v
2014-05-08 13:24,6.846,0.005,0,0,0,0,v
2014-05-08 13:30,6.833,0.008,0,0,0,0,v
2014-05-08 13:36,6.853,0.008,0,0,0,0,v
2014-05-08 13:42,6.837,0.007,0,0,0,0,v
2014-05-08 13:48,6.836,0.006,0,0,0,0,v
2014-05-08 13:54,6.865,0.005,0,0,0,0,v
2014-05-08 14:00,6.882,0.008,0,0,0,0,v
2014-05-08 14:06,6.880,0.007,0,0,0,0,v
2014-05-08 14:12,6.908,0.007,0,0,0,0,v
2014-05-08 14:18,6.899,0.006,0,0,0,0,v
2014-05-08 14:24,6.906,0.007,0,0,0,0,v
2014-05-08 14:30,6.935,0.007,0,0,0,0,v
2014-05-08 14:36,6.854,0.009,0,0,0,0,v
2014-05-08 14:42,6.931,0.018,0,0,1,0,v
2014-05-08 14:48,6.927,0.012,0,0,0,0,v
2014-05-08 14:54,6.922,0.008,0,0,0,0,v
2014-05-08 15:00,6.956,0.008,0,0,0,0,v
2014-05-08 15:06,6.922,0.006,0,0,0,0,v
2014-05-08 15:12,6.941,0.006,0,0,0,0,v
2014-05-08 15:18,6.953,0.006,0,0,0,0,v
2014-05-08 15:24,6.937,0.006,0,0,0,0,v
2014-05-08 15:30,6.960,0.007,0,0,0,0,v
2014-05-08 15:36,6.946,0.007,0,0,0,0,v
2014-05-08 15:42,6.971,0.007,0,0,0,0,v
2014-05-08 15:48,6.962,0.006,0,0,0,0,v
2014-05-08 15:54,6.941,0.006,0,0,0,0,v
2014-05-08 16:00,6.972,0.006,0,0,0,0,v
2014-05-08 16:06,6.935,0.007,0,0,0,0,v
2014-05-08 16:12,6.931,0.005,0,0,0,0,v
2014-05-08 16:18,6.963,0.005,0,0,0,0,v
2014-05-08 16:24,6.949,0.006,0,0,0,0,v
2014-05-08 16:30,6.957,0.008,0,0,0,0,v
2014-05-08 16:36,6.937,0.004,0,0,0,0,v
2014-05-08 16:42,6.937,0.006,0,0,0,0,v
2014-05-08 16:48,6.940,0.006,0,0,0,0,v
2014-05-08 16:54,6.951,0.004,0,0,0,0,v
2014-05-08 17:00,6.922,0.007,0,0,0,0,v
2014-05-08 17:06,6.927,0.007,0,0,0,0,v
2014-05-08 17:12,6.908,0.009,0,0,0,0,v
2014-05-08 17:18,6.928,0.007,0,0,0,0,v
2014-05-08 17:24,6.955,0.007,0,0,0,0,v
2014-05-08 17:30,6.930,0.015,0,0,0,0,v
2014-05-08 17:36,6.943,0.007,0,0,0,0,v
2014-05-08 17:42,6.930,0.007,0,0,0,0,v
2014-05-08 17:48,6.939,0.008,0,0,0,0,v
2014-05-08 17:54,6.920,0.014,0,0,0,0,v
2014-05-08 18:00,6.936,0.004,0,0,0,0,v
2014-05-08 18:06,6.941,0.005,0,0,0,0,v
2014-05-08 18:12,6.934,0.010,0,0,0,0,v
2014-05-08 18:18,6.897,0.004,0,0,0,0,v
2014-05-08 18:24,6.933,0.006,0,0,0,0,v
2014-05-08 18:30,6.933,0.005,0,0,0,0,v
2014-05-08 18:36,6.918,0.006,0,0,0,0,v
2014-05-08 18:42,6.909,0.006,0,0,0,0,v
2014-05-08 18:48,6.945,0.009,0,0,0,0,v
2014-05-08 18:54,6.972,0.005,0,0,0,0,v
2014-05-08 19:00,6.967,0.005,0,0,0,0,v
2014-05-08 19:06,6.952,0.010,0,0,0,0,v
2014-05-08 19:12,6.924,0.004,0,0,0,0,v
2014-05-08 19:18,6.930,0.004,0,0,0,0,v
2014-05-08 19:24,6.898,0.006,0,0,0,0,v
2014-05-08 19:30,6.900,0.006,0,0,0,0,v
2014-05-08 19:36,6.875,0.006,0,0,0,0,v
2014-05-08 19:42,6.865,0.006,0,0,0,0,v
2014-05-08 19:48,6.871,0.005,0,0,0,0,v
2014-05-08 19:54,6.862,0.009,0,0,0,0,v
2014-05-08 20:00,6.862,0.006,0,0,0,0,v
2014-05-08 20:06,6.870,0.007,0,0,0,0,v
2014-05-08 20:12,6.835,0.004,0,0,0,0,v
2014-05-08 20:18,6.834,0.006,0,0,0,0,v
2014-05-08 20:24,6.884,0.006,0,0,0,0,v
2014-05-08 20:30,6.869,0.006,0,0,0,0,v
2014-05-08 20:36,6.882,0.003,0,0,0,0,v
2014-05-08 20:42,6.853,0.005,0,0,0,0,v
2014-05-08 20:48,6.888,0.005,0,0,0,0,v
2014-05-08 20:54,6.886,0.006,0,0,0,0,v
2014-05-08 21:00,6.883,0.009,0,0,0,0,v
2014-05-08 21:06,6.871,0.006,0,0,0,0,v
2014-05-08 21:12,6.895,0.011,0,0,0,0,v
2014-05-08 21:18,6.879,0.006,0,0,0,0,v
2014-05-08 21:24,6.873,0.005,0,0,0,0,v
2014-05-08 21:30,6.883,0.004,0,0,0,0,v
2014-05-08 21:36,6.878,0.008,0,0,0,0,v
2014-05-08 21:42,6.849,0.005,0,0,0,0,v
2014-05-08 21:48,6.856,0.007,0,0,0,0,v
2014-05-08 21:54,6.826,0.007,0,0,0,0,v
2014-05-08 22:00,6.810,0.012,0,0,0,0,v
2014-05-08 22:06,6.811,0.007,0,0,0,0,v
2014-05-08 22:12,6.789,0.007,0,0,0,0,v
2014-05-08 22:18,6.773,0.008,0,0,0,0,v
2014-05-08 22:24,6.784,0.007,0,0,0,0,v
2014-05-08 22:30,6.788,0.009,0,0,0,0,v
2014-05-08 22:36,6.796,0.008,0,0,0,0,v
2014-05-08 22:42,6.789,0.008,0,0,0,0,v
2014-05-08 22:48,6.788,0.010,0,0,0,0,v
2014-05-08 22:54,6.792,0.007,0,0,0,0,v
2014-05-08 23:00,6.815,0.009,0,0,0,0,v
2014-05-08 23:06,6.786,0.008,0,0,0,0,v
2014-05-08 23:12,6.777,0.008,0,0,0,0,v
2014-05-08 23:18,6.776,0.007,0,0,0,0,v
2014-05-08 23:24,6.785,0.006,0,0,0,0,v
2014-05-08 23:30,6.794,0.007,0,0,0,0,v
2014-05-08 23:36,6.811,0.008,0,0,0,0,v
2014-05-08 23:42,6.785,0.007,0,0,0,0,v
2014-05-08 23:48,6.791,0.009,0,0,0,0,v
2014-05-08 23:54,6.793,0.007,0,0,0,0,v
2014-05-09 00:00,6.770,0.009,0,0,0,0,v
2014-05-09 00:06,6.766,0.006,0,0,0,0,v
2014-05-09 00:12,6.794,0.007,0,0,0,0,v
2014-05-09 00:18,6.779,0.010,0,0,0,0,v
2014-05-09 00:24,6.774,0.007,0,0,0,0,v
2014-05-09 00:30,6.794,0.007,0,0,0,0,v
2014-05-09 00:36,6.791,0.005,0,0,0,0,v
2014-05-09 00:42,6.784,0.006,0,0,0,0,v
2014-05-09 00:48,6.800,0.008,0,0,0,0,v
2014-05-09 00:54,6.793,0.009,0,0,0,0,v
2014-05-09 01:00,6.799,0.008,0,0,0,0,v
2014-05-09 01:06,6.785,0.006,0,0,0,0,v
2014-05-09 01:12,6.773,0.006,0,0,0,0,v
2014-05-09 01:18,6.771,0.006,0,0,0,0,v
2014-05-09 01:24,6.784,0.008,0,0,0,0,v
2014-05-09 01:30,6.800,0.006,0,0,0,0,v
2014-05-09 01:36,6.769,0.006,0,0,0,0,v
2014-05-09 01:42,6.798,0.008,0,0,0,0,v
2014-05-09 01:48,6.816,0.004,0,0,0,0,v
2014-05-09 01:54,6.795,0.007,0,0,0,0,v
2014-05-09 02:00,6.791,0.006,0,0,0,0,v
2014-05-09 02:06,6.795,0.009,0,0,0,0,v
2014-05-09 02:12,6.773,0.011,0,0,0,0,v
2014-05-09 02:18,6.783,0.007,0,0,0,0,v
2014-05-09 02:24,6.806,0.006,0,0,0,0,v
2014-05-09 02:30,6.803,0.010,0,0,0,0,v
2014-05-09 02:36,6.799,0.006,0,0,0,0,v
2014-05-09 02:42,6.814,0.005,0,0,0,0,v
2014-05-09 02:48,6.810,0.009,0,0,0,0,v
2014-05-09 02:54,6.808,0.004,0,0,0,0,v
2014-05-09 03:00,6.812,0.007,0,0,0,0,v
2014-05-09 03:06,6.830,0.008,0,0,0,0,v
2014-05-09 03:12,6.833,0.006,0,0,0,0,v
2014-05-09 03:18,6.833,0.007,0,0,0,0,v
2014-05-09 03:24,6.822,0.006,0,0,0,0,v
2014-05-09 03:30,6.795,0.006,0,0,0,0,v
2014-05-09 03:36,6.799,0.007,0,0,0,0,v
2014-05-09 03:42,6.814,0.008,0,0,0,0,v
2014-05-09 03:48,6.831,0.006,0,0,0,0,v
2014-05-09 03:54,6.805,0.004,0,0,0,0,v
2014-05-09 04:00,6.827,0.005,0,0,0,0,v
2014-05-09 04:06,6.854,0.011,0,0,0,0,v
2014-05-09 04:12,6.859,0.007,0,0,0,0,v
2014-05-09 04:18,6.863,0.005,0,0,0,0,v
2014-05-09 04:24,6.855,0.005,0,0,0,0,v
2014-05-09 04:30,6.860,0.007,0,0,0,0,v
2014-05-09 04:36,6.839,0.011,0,0,0,0,v
2014-05-09 04:42,6.840,0.007,0,0,0,0,v
2014-05-09 04:48,6.836,0.006,0,0,0,0,v
2014-05-09 04:54,6.831,0.004,0,0,0,0,v
2014-05-09 05:00,6.864,0.006,0,0,0,0,v
2014-05-09 05:06,6.882,0.005,0,0,0,0,v
2014-05-09 05:12,6.878,0.006,0,0,0,0,v
2014-05-09 05:18,6.871,0.008,0,0,0,0,v
2014-05-09 05:24,6.870,0.007,0,0,0,0,v
2014-05-09 05:30,6.854,0.006,0,0,0,0,v
2014-05-09 05:36,6.865,0.006,0,0,0,0,v
2014-05-09 05:42,6.889,0.004,0,0,0,0,v
2014-05-09 05:48,6.886,0.004,0,0,0,0,v
2014-05-09 05:54,6.876,0.004,0,0,0,0,v
2014-05-09 06:00,6.868,0.005,0,0,0,0,v
2014-05-09 06:06,6.853,0.008,0,0,0,0,v
2014-05-09 06:12,6.875,0.008,0,0,0,0,v
2014-05-09 06:18,6.827,0.007,0,0,0,0,v
2014-05-09 06:24,6.819,0.006,0,0,0,0,v
2014-05-09 06:30,6.807,0.008,0,0,0,0,v
2014-05-09 06:36,6.824,0.007,0,0,0,0,v
2014-05-09 06:42,6.792,0.007,0,0,0,0,v
2014-05-09 06:48,6.817,0.007,0,0,0,0,v
2014-05-09 06:54,6.841,0.009,0,0,0,0,v
2014-05-09 07:00,6.831,0.008,0,0,0,0,v
2014-05-09 07:06,6.823,0.005,0,0,0,0,v
2014-05-09 07:12,6.806,0.005,0,0,0,0,v
2014-05-09 07:18,6.811,0.008,0,0,0,0,v
2014-05-09 07:24,6.833,0.007,0,0,0,0,v
2014-05-09 07:30,6.809,0.009,0,0,0,0,v
2014-05-09 07:36,6.797,0.006,0,0,0,0,v
2014-05-09 07:42,6.789,0.006,0,0,0,0,v
2014-05-09 07:48,6.777,0.007,0,0,0,0,v
2014-05-09 07:54,6.746,0.008,0,0,0,0,v
2014-05-09 08:00,6.762,0.007,0,0,0,0,v
2014-05-09 08:06,6.759,0.005,0,0,0,0,v
2014-05-09 08:12,6.750,0.009,0,0,0,0,v
2014-05-09 08:18,6.722,0.010,0,0,0,0,v
2014-05-09 08:24,6.754,0.010,0,0,0,0,v
2014-05-09 08:30,6.771,0.007,0,0,0,0,v
2014-05-09 08:36,6.740,0.005,0,0,0,0,v
2014-05-09 08:42,6.756,0.006,0,0,0,0,v
2014-05-09 08:48,6.763,0.006,0,0,0,0,v
2014-05-09 08:54,6.775,0.000,0,0,0,0,v
2014-05-09 09:00,6.775,0.007,0,0,0,0,v
2014-05-09 09:06,6.784,0.006,0,0,0,0,v
2014-05-09 09:12,6.789,0.007,0,0,0,0,v
2014-05-09 09:18,6.777,0.006,0,0,0,0,v
2014-05-09 09:24,6.774,0.005,0,0,0,0,v
2014-05-09 09:30,6.798,0.007,0,0,0,0,v
2014-05-09 09:36,6.764,0.008,0,0,0,0,v
2014-05-09 09:42,6.745,0.007,0,0,0,0,v
2014-05-09 09:48,6.763,0.009,0,0,0,0,v
2014-05-09 09:54,6.772,0.007,0,0,0,0,v
2014-05-09 10:00,6.765,0.008,0,0,0,0,v
2014-05-09 10:06,6.736,0.009,0,0,0,0,v
2014-05-09 10:12,6.775,0.009,0,0,0,0,v
2014-05-09 10:18,6.748,0.008,0,0,0,0,v
2014-05-09 10:24,6.733,0.007,0,0,0,0,v
2014-05-09 10:30,6.758,0.007,0,0,0,0,v
2014-05-09 10:36,6.753,0.006,0,0,0,0,v
2014-05-09 10:42,6.748,0.009,0,0,0,0,v
2014-05-09 10:48,6.763,0.009,0,0,0,0,v
2014-05-09 10:54,6.796,0.005,0,0,0,0,v
2014-05-09 11:00,6.771,0.008,0,0,0,0,v
2014-05-09 11:06,6.772,0.005,0,0,0,0,v
2014-05-09 11:12,6.818,0.009,0,0,0,0,v
2014-05-09 11:18,6.809,0.006,0,0,0,0,v
2014-05-09 11:24,6.806,0.007,0,0,0,0,v
2014-05-09 11:30,6.797,0.007,0,0,0,0,v
2014-05-09 11:36,6.785,0.010,0,0,0,0,v
2014-05-09 11:42,6.782,0.006,0,0,0,0,v
2014-05-09 11:48,6.774,0.007,0,0,0,0,v
2014-05-09 11:54,6.766,0.005,0,0,0,0,v
2014-05-09 12:00,6.757,0.005,0,0,0,0,v
2014-05-09 12:06,6.763,0.005,0,0,0,0,v
2014-05-09 12:12,6.781,0.006,0,0,0,0,v
2014-05-09 12:18,6.794,0.006,0,0,0,0,v
2014-05-09 12:24,6.796,0.007,0,0,0,0,v
2014-05-09 12:30,6.764,0.008,0,0,0,0,v
2014-05-09 12:36,6.781,0.005,0,0,0,0,v
2014-05-09 12:42,6.783,0.008,0,0,0,0,v
2014-05-09 12:48,6.777,0.010,0,0,0,0,v
2014-05-09 12:54,6.773,0.006,0,0,0,0,v
2014-05-09 13:00,6.773,0.007,0,0,0,0,v
2014-05-09 13:06,6.802,0.006,0,0,0,0,v
2014-05-09 13:12,6.809,0.006,0,0,0,0,v
2014-05-09 13:18,6.809,0.005,0,0,0,0,v
2014-05-09 13:24,6.818,0.006,0,0,0,0,v
2014-05-09 13:30,6.833,0.007,0,0,0,0,v
2014-05-09 13:36,6.829,0.007,0,0,0,0,v
2014-05-09 13:42,6.821,0.006,0,0,0,0,v
2014-05-09 13:48,6.798,0.005,0,0,0,0,v
2014-05-09 13:54,6.802,0.009,0,0,0,0,v
2014-05-09 14:00,6.826,0.005,0,0,0,0,v
2014-05-09 14:06,6.822,0.008,0,0,0,0,v
2014-05-09 14:12,6.839,0.006,0,0,0,0,v
2014-05-09 14:18,6.855,0.006,0,0,0,0,v
2014-05-09 14:24,6.863,0.011,0,0,0,0,v
2014-05-09 14:30,6.864,0.008,0,0,0,0,v
2014-05-09 14:36,6.885,0.006,0,0,0,0,v
2014-05-09 14:42,6.881,0.010,0,0,0,0,v
2014-05-09 14:48,6.884,0.007,0,0,0,0,v
2014-05-09 14:54,6.874,0.006,0,0,0,0,v
2014-05-09 15:00,6.857,0.004,0,0,0,0,v
2014-05-09 15:06,6.856,0.007,0,0,0,0,v
2014-05-09 15:12,6.843,0.007,0,0,0,0,v
2014-05-09 15:18,6.855,0.008,0,0,0,0,v
2014-05-09 15:24,6.890,0.007,0,0,0,0,v
2014-05-09 15:30,6.886,0.008,0,0,0,0,v
2014-05-09 15:36,6.861,0.008,0,0,0,0,v
2014-05-09 15:42,6.870,0.004,0,0,0,0,v
2014-05-09 15:48,6.869,0.007,0,0,0,0,v
2014-05-09 15:54,6.889,0.006,0,0,0,0,v
2014-05-09 16:00,6.872,0.006,0,0,0,0,v
2014-05-09 16:06,6.861,0.006,0,0,0,0,v
2014-05-09 16:12,6.875,0.006,0,0,0,0,v
2014-05-09 16:18,6.895,0.008,0,0,0,0,v
2014-05-09 16:24,6.903,0.006,0,0,0,0,v
2014-05-09 16:30,6.912,0.004,0,0,0,0,v
2014-05-09 16:36,6.895,0.006,0,0,0,0,v
2014-05-09 16:42,6.917,0.009,0,0,0,0,v
2014-05-09 16:48,6.926,0.005,0,0,0,0,v
2014-05-09 16:54,6.905,0.008,0,0,0,0,v
2014-05-09 17:00,6.920,0.007,0,0,0,0,v
2014-05-09 17:06,6.936,0.005,0,0,0,0,v
2014-05-09 17:12,6.907,0.006,0,0,0,0,v
2014-05-09 17:18,6.887,0.006,0,0,0,0,v
2014-05-09 17:24,6.864,0.006,0,0,0,0,v
2014-05-09 17:30,6.876,0.006,0,0,0,0,v
2014-05-09 17:36,6.874,0.005,0,0,0,0,v
2014-05-09 17:42,6.889,0.006,0,0,0,0,v
2014-05-09 17:48,6.868,0.007,0,0,0,0,v
2014-05-09 17:54,6.862,0.006,0,0,0,0,v
2014-05-09 18:00,6.870,0.006,0,0,0,0,v
2014-05-09 18:06,6.885,0.006,0,0,0,0,v
2014-05-09 18:12,6.875,0.004,0,0,0,0,v
2014-05-09 18:18,6.877,0.006,0,0,0,0,v
2014-05-09 18:24,6.888,0.006,0,0,0,0,v
2014-05-09 18:30,6.863,0.007,0,0,0,0,v
2014-05-09 18:36,6.873,0.006,0,0,0,0,v
2014-05-09 18:42,6.868,0.005,0,0,0,0,v
2014-05-09 18:48,6.850,0.009,0,0,0,0,v
2014-05-09 18:54,6.848,0.005,0,0,0,0,v
2014-05-09 19:00,6.837,0.005,0,0,0,0,v
2014-05-09 19:06,6.850,0.008,0,0,0,0,v
2014-05-09 19:12,6.848,0.006,0,0,0,0,v
2014-05-09 19:18,6.837,0.007,0,0,0,0,v
2014-05-09 19:24,6.821,0.005,0,0,0,0,v
2014-05-09 19:30,6.810,0.007,0,0,0,0,v
2014-05-09 19:36,6.812,0.007,0,0,0,0,v
2014-05-09 19:42,6.799,0.004,0,0,0,0,v
2014-05-09 19:48,6.811,0.004,0,0,0,0,v
2014-05-09 19:54,6.805,0.004,0,0,0,0,v
2014-05-09 20:00,6.814,0.006,0,0,0,0,v
2014-05-09 20:06,6.793,0.006,0,0,0,0,v
2014-05-09 20:12,6.784,0.007,0,0,0,0,v
2014-05-09 20:18,6.787,0.006,0,0,0,0,v
2014-05-09 20:24,6.766,0.004,0,0,0,0,v
2014-05-09 20:30,6.779,0.007,0,0,0,0,v
2014-05-09 20:36,6.780,0.006,0,0,0,0,v
2014-05-09 20:42,6.772,0.005,0,0,0,0,v
2014-05-09 20:48,6.777,0.006,0,0,0,0,v
2014-05-09 20:54,6.768,0.008,0,0,0,0,v
2014-05-09 21:00,6.783,0.004,0,0,0,0,v
2014-05-09 21:06,6.767,0.007,0,0,0,0,v
2014-05-09 21:12,6.783,0.008,0,0,0,0,v
2014-05-09 21:18,6.786,0.005,0,0,0,0,v
2014-05-09 21:24,6.789,0.007,0,0,0,0,v
2014-05-09 21:30,6.774,0.011,0,0,0,0,v
2014-05-09 21:36,6.757,0.004,0,0,0,0,v
2014-05-09 21:42,6.747,0.004,0,0,0,0,v
2014-05-09 21:48,6.750,0.006,0,0,0,0,v
2014-05-09 21:54,6.750,0.006,0,0,0,0,v
2014-05-09 22:00,6.754,0.004,0,0,0,0,v
2014-05-09 22:06,6.737,0.009,0,0,0,0,v
2014-05-09 22:12,6.755,0.009,0,0,0,0,v
2014-05-09 22:18,6.745,0.003,0,0,0,0,v
2014-05-09 22:24,6.754,0.005,0,0,0,0,v
2014-05-09 22:30,6.742,0.005,0,0,0,0,v
2014-05-09 22:36,6.727,0.006,0,0,0,0,v
2014-05-09 22:42,6.697,0.007,0,0,0,0,v
2014-05-09 22:48,6.707,0.008,0,0,0,0,v
2014-05-09 22:54,6.706,0.005,0,0,0,0,v
2014-05-09 23:00,6.731,0.005,0,0,0,0,v
2014-05-09 23:06,6.704,0.007,0,0,0,0,v
2014-05-09 23:12,6.728,0.005,0,0,0,0,v
2014-05-09 23:18,6.717,0.006,0,0,0,0,v
2014-05-09 23:24,6.702,0.004,0,0,0,0,v
2014-05-09 23:30,6.713,0.005,0,0,0,0,v
2014-05-09 23:36,6.701,0.005,0,0,0,0,v
2014-05-09 23:42,6.691,0.009,0,0,0,0,v
2014-05-09 23:48,6.663,0.006,0,0,0,0,v
2014-05-09 23:54,6.691,0.005,0,0,0,0,v
2014-05-10 00:00,6.692,0.005,0,0,0,0,v
2014-05-10 00:06,6.680,0.006,0,0,0,0,v
2014-05-10 00:12,6.696,0.005,0,0,0,0,v
2014-05-10 00:18,6.697,0.004,0,0,0,0,v
2014-05-10 00:24,6.699,0.005,0,0,0,0,v
2014-05-10 00:30,6.687,0.005,0,0,0,0,v
2014-05-10 00:36,6.688,0.004,0,0,0,0,v
2014-05-10 00:42,6.690,0.004,0,0,0,0,v
2014-05-10 00:48,6.682,0.005,0,0,0,0,v
2014-05-10 00:54,6.667,0.005,0,0,0,0,v
2014-05-10 01:00,6.668,0.005,0,0,0,0,v
2014-05-10 01:06,6.661,0.005,0,0,0,0,v
2014-05-10 01:12,6.707,0.005,0,0,0,0,v
2014-05-10 01:18,6.682,0.004,0,0,0,0,v
2014-05-10 01:24,6.697,0.005,0,0,0,0,v
2014-05-10 01:30,6.688,0.006,0,0,0,0,v
2014-05-10 01:36,6.689,0.006,0,0,0,0,v
2014-05-10 01:42,6.673,0.005,0,0,0,0,v
2014-05-10 01:48,6.683,0.008,0,0,0,0,v
2014-05-10 01:54,6.655,0.006,0,0,0,0,v
2014-05-10 02:00,6.670,0.006,0,0,0,0,v
2014-05-10 02:06,6.671,0.005,0,0,0,0,v
2014-05-10 02:12,6.676,0.005,0,0,0,0,v
2014-05-10 02:18,6.681,0.006,0,0,0,0,v
2014-05-10 02:24,6.676,0.004,0,0,0,0,v
2014-05-10 02:30,6.664,0.005,0,0,0,0,v
2014-05-10 02:36,6.675,0.004,0,0,0,0,v
2014-05-10 02:42,6.666,0.007,0,0,0,0,v
2014-05-10 02:48,6.678,0.006,0,0,0,0,v
2014-05-10 02:54,6.685,0.005,0,0,0,0,v
2014-05-10 03:00,6.687,0.004,0,0,0,0,v
2014-05-10 03:06,6.663,0.005,0,0,0,0,v
2014-05-10 03:12,6.683,0.003,0,0,0,0,v
2014-05-10 03:18,6.665,0.006,0,0,0,0,v
2014-05-10 03:24,6.654,0.010,0,0,0,0,v
2014-05-10 03:30,6.704,0.004,0,0,0,0,v
2014-05-10 03:36,6.675,0.006,0,0,0,0,v
2014-05-10 03:42,6.680,0.003,0,0,0,0,v
2014-05-10 03:48,6.697,0.006,0,0,0,0,v
2014-05-10 03:54,6.727,0.003,0,0,0,0,v
2014-05-10 04:00,6.718,0.006,0,0,0,0,v
2014-05-10 04:06,6.731,0.017,0,0,0,0,v
2014-05-10 04:12,6.766,0.055,0,0,0,0,v
2014-05-10 04:18,6.743,0.007,0,0,0,0,v
2014-05-10 04:24,6.727,0.006,0,0,0,0,v
2014-05-10 04:30,6.725,0.003,0,0,0,0,v
2014-05-10 04:36,6.723,0.003,0,0,0,0,v
2014-05-10 04:42,6.770,0.010,0,0,0,0,v
2014-05-10 04:48,6.770,0.005,0,0,0,0,v
2014-05-10 04:54,6.783,0.003,0,0,0,0,v
2014-05-10 05:00,6.806,0.006,0,0,0,0,v
2014-05-10 05:06,6.857,0.006,0,0,0,0,v
2014-05-10 05:12,6.865,0.006,0,0,0,0,v
2014-05-10 05:18,6.829,0.007,0,0,0,0,v
2014-05-10 05:24,6.929,0.003,0,0,0,0,v
2014-05-10 05:30,6.877,0.009,0,0,1,0,v
2014-05-10 05:36,6.927,0.007,0,0,1,0,v
2014-05-10 05:42,6.887,0.007,0,0,0,0,v
2014-05-10 05:48,6.850,0.008,0,0,0,0,v
2014-05-10 05:54,6.918,0.009,0,0,0,0,v
2014-05-10 06:00,7.003,0.008,0,0,0,0,v
2014-05-10 06:06,7.035,0.004,0,0,0,0,v
2014-05-10 06:12,7.009,0.005,0,0,0,0,v
2014-05-10 06:18,6.963,0.004,0,0,0,0,v
2014-05-10 06:24,7.013,0.015,0,0,0,0,v
2014-05-10 06:30,7.113,0.003,0,0,0,0,v
2014-05-10 06:36,7.102,0.003,0,0,0,0,v
2014-05-10 06:42,7.101,0.004,0,0,0,0,v
2014-05-10 06:48,7.105,0.006,0,0,0,0,v
2014-05-10 06:54,7.130,0.005,0,0,0,0,v
2014-05-10 07:00,7.170,0.002,0,0,0,0,v
2014-05-10 07:06,7.117,0.004,0,0,0,0,v
2014-05-10 07:12,7.144,0.004,0,0,0,0,v
2014-05-10 07:18,7.098,0.005,0,0,0,0,v
2014-05-10 07:24,7.138,0.004,0,0,0,0,v
2014-05-10 07:30,7.154,0.003,0,0,0,0,v
2014-05-10 07:36,7.115,0.004,0,0,0,0,v
2014-05-10 07:42,7.127,0.007,0,0,0,0,v
2014-05-10 07:48,7.140,0.004,0,0,0,0,v
2014-05-10 07:54,7.136,0.005,0,0,0,0,v
2014-05-10 08:00,7.120,0.007,0,0,0,0,v
2014-05-10 08:06,7.119,0.004,0,0,0,0,v
2014-05-10 08:12,7.089,0.008,0,0,0,0,v
2014-05-10 08:18,7.040,0.006,0,0,0,0,v
2014-05-10 08:24,6.984,0.009,0,0,0,0,v
2014-05-10 08:30,6.962,0.004,0,0,0,0,v
2014-05-10 08:36,6.969,0.012,0,0,0,0,v
2014-05-10 08:42,7.004,0.014,0,0,0,0,v
2014-05-10 08:48,6.942,0.006,0,0,0,0,v
2014-05-10 08:54,6.884,0.005,0,0,0,0,v
2014-05-10 09:00,6.852,0.006,0,0,0,0,v
2014-05-10 09:06,6.838,0.005,0,0,0,0,v
2014-05-10 09:12,6.873,0.011,0,0,0,0,v
2014-05-10 09:18,6.836,0.006,0,0,0,0,v
2014-05-10 09:24,6.819,0.005,0,0,0,0,v
2014-05-10 09:30,6.823,0.011,0,0,0,0,v
2014-05-10 09:36,6.744,0.005,0,0,0,0,v
2014-05-10 09:42,6.733,0.004,0,0,0,0,v
2014-05-10 09:48,6.721,0.006,0,0,0,0,v
2014-05-10 09:54,6.683,0.005,0,0,0,0,v
2014-05-10 10:00,6.659,0.004,0,0,0,0,v
2014-05-10 10:06,6.747,0.021,0,0,0,0,v
2014-05-10 10:12,6.767,0.005,0,0,0,0,v
2014-05-10 10:18,6.774,0.007,0,0,0,0,v
2014-05-10 10:24,6.716,0.004,0,0,0,0,v
2014-05-10 10:30,6.698,0.004,0,0,0,0,v
2014-05-10 10:36,6.720,0.011,0,0,0,0,v
2014-05-10 10:42,6.766,0.006,0,0,0,0,v
2014-05-10 10:48,6.802,0.007,0,0,0,0,v
2014-05-10 10:54,6.809,0.005,0,0,0,0,v
2014-05-10 11:00,6.830,0.005,0,0,0,0,v
2014-05-10 11:06,6.822,0.006,0,0,0,0,v
2014-05-10 11:12,6.840,0.005,0,0,0,0,v
2014-05-10 11:18,6.870,0.007,0,0,0,0,v
2014-05-10 11:24,6.866,0.009,0,0,0,0,v
2014-05-10 11:30,6.832,0.005,0,0,0,0,v
2014-05-10 11:36,6.850,0.004,0,0,0,0,v
2014-05-10 11:42,6.908,0.007,0,0,0,0,v
2014-05-10 11:48,6.921,0.006,0,0,0,0,v
2014-05-10 11:54,6.984,0.014,0,0,0,0,v
2014-05-10 12:00,7.011,0.004,0,0,0,0,v
2014-05-10 12:06,6.948,0.008,0,0,0,0,v
2014-05-10 12:12,6.964,0.004,0,0,0,0,v
2014-05-10 12:18,6.958,0.007,0,0,0,0,v
2014-05-10 12:24,6.921,0.005,0,0,0,0,v
2014-05-10 12:30,6.942,0.014,0,0,0,0,v
2014-05-10 12:36,6.958,0.007,0,0,0,0,v
2014-05-10 12:42,6.976,0.007,0,0,0,0,v
2014-05-10 12:48,6.967,0.008,0,0,0,0,v
2014-05-10 12:54,6.953,0.012,0,0,0,0,v
2014-05-10 13:00,6.908,0.006,0,0,0,0,v
2014-05-10 13:06,6.884,0.010,0,0,0,0,v
2014-05-10 13:12,6.898,0.009,0,0,0,0,v
2014-05-10 13:18,6.869,0.012,0,0,0,0,v
2014-05-10 13:24,6.887,0.007,0,0,0,0,v
2014-05-10 13:30,6.859,0.007,0,0,0,0,v
2014-05-10 13:36,6.857,0.009,0,0,0,0,v
2014-05-10 13:42,6.842,0.009,0,0,0,0,v
2014-05-10 13:48,6.845,0.006,0,0,0,0,v
2014-05-10 13:54,6.806,0.015,0,0,0,0,v
2014-05-10 14:00,6.823,0.009,0,0,0,0,v
2014-05-10 14:06,6.819,0.012,0,0,0,0,v
2014-05-10 14:12,6.850,0.012,0,0,0,0,v
2014-05-10 14:18,6.849,0.013,0,0,0,0,v
2014-05-10 14:24,6.854,0.008,0,0,0,0,v
2014-05-10 14:30,6.862,0.010,0,0,0,0,v
2014-05-10 14:36,6.843,0.018,0,0,0,0,v
2014-05-10 14:42,6.809,0.013,0,0,0,0,v
2014-05-10 14:48,6.861,0.006,0,0,0,0,v
2014-05-10 14:54,6.880,0.012,0,0,0,0,v
2014-05-10 15:00,6.872,0.009,0,0,0,0,v
2014-05-10 15:06,6.860,0.007,0,0,0,0,v
2014-05-10 15:12,6.824,0.015,0,0,0,0,v
2014-05-10 15:18,6.772,0.007,0,0,0,0,v
2014-05-10 15:24,6.804,0.012,0,0,0,0,v
2014-05-10 15:30,6.815,0.013,0,0,0,0,v
2014-05-10 15:36,6.836,0.018,0,0,0,0,v
2014-05-10 15:42,6.909,0.011,0,0,0,0,v
2014-05-10 15:48,6.883,0.011,0,0,0,0,v
2014-05-10 15:54,6.850,0.013,0,0,0,0,v
2014-05-10 16:00,6.747,0.013,0,0,0,0,v
2014-05-10 16:06,6.798,0.011,0,0,0,0,v
2014-05-10 16:12,6.850,0.011,0,0,0,0,v
2014-05-10 16:18,6.835,0.008,0,0,0,0,v
2014-05-10 16:24,6.873,0.011,0,0,0,0,v
2014-05-10 16:30,6.908,0.008,0,0,0,0,v
2014-05-10 16:36,6.918,0.009,0,0,0,0,v
2014-05-10 16:42,6.933,0.015,0,0,0,0,v
2014-05-10 16:48,6.967,0.013,0,0,0,0,v
2014-05-10 16:54,6.965,0.013,0,0,0,0,v
2014-05-10 17:00,7.016,0.009,0,0,0,0,v
2014-05-10 17:06,7.008,0.011,0,0,0,0,v
2014-05-10 17:12,6.994,0.010,0,0,0,0,v
2014-05-10 17:18,7.013,0.008,0,0,0,0,v
2014-05-10 17:24,7.028,0.006,0,0,0,0,v
2014-05-10 17:30,7.019,0.007,0,0,0,0,v
2014-05-10 17:36,7.009,0.007,0,0,0,0,v
2014-05-10 17:42,7.010,0.007,0,0,0,0,v
2014-05-10 17:48,6.997,0.005,0,0,0,0,v
2014-05-10 17:54,6.972,0.006,0,0,0,0,v
2014-05-10 18:00,6.986,0.010,0,0,0,0,v
2014-05-10 18:06,6.973,0.012,0,0,0,0,v
2014-05-10 18:12,6.931,0.007,0,0,0,0,v
2014-05-10 18:18,6.904,0.009,0,0,0,0,v
2014-05-10 18:24,6.881,0.006,0,0,0,0,v
2014-05-10 18:30,6.860,0.009,0,0,0,0,v
2014-05-10 18:36,6.862,0.011,0,0,0,0,v
2014-05-10 18:42,6.799,0.008,0,0,0,0,v
2014-05-10 18:48,6.798,0.007,0,0,0,0,v
2014-05-10 18:54,6.818,0.006,0,0,0,0,v
2014-05-10 19:00,6.781,0.008,0,0,0,0,v
2014-05-10 19:06,6.807,0.007,0,0,0,0,v
2014-05-10 19:12,6.765,0.007,0,0,0,0,v
2014-05-10 19:18,6.790,0.007,0,0,0,0,v
2014-05-10 19:24,6.816,0.007,0,0,0,0,v
2014-05-10 19:30,6.814,0.006,0,0,0,0,v
2014-05-10 19:36,6.869,0.010,0,0,0,0,v
2014-05-10 19:42,6.888,0.006,0,0,0,0,v
2014-05-10 19:48,6.875,0.010,0,0,0,0,v
2014-05-10 19:54,6.855,0.008,0,0,0,0,v
2014-05-10 20:00,6.863,0.007,0,0,0,0,v
2014-05-10 20:06,6.837,0.007,0,0,0,0,v
2014-05-10 20:12,6.814,0.008,0,0,0,0,v
2014-05-10 20:18,6.816,0.008,0,0,0,0,v
2014-05-10 20:24,6.847,0.005,0,0,0,0,v
2014-05-10 20:30,6.865,0.006,0,0,0,0,v
2014-05-10 20:36,6.871,0.006,0,0,0,0,v
2014-05-10 20:42,6.861,0.004,0,0,0,0,v
2014-05-10 20:48,6.853,0.007,0,0,0,0,v
2014-05-10 20:54,6.851,0.006,0,0,0,0,v
2014-05-10 21:00,6.816,0.013,0,0,0,0,v
2014-05-10 21:06,6.765,0.009,0,0,0,0,v
2014-05-10 21:12,6.756,0.006,0,0,0,0,v
2014-05-10 21:18,6.725,0.009,0,0,0,0,v
2014-05-10 21:24,6.714,0.007,0,0,0,0,v
2014-05-10 21:30,6.682,0.006,0,0,0,0,v
2014-05-10 21:36,6.668,0.005,0,0,0,0,v
2014-05-10 21:42,6.670,0.008,0,0,0,0,v
2014-05-10 21:48,6.697,0.006,0,0,0,0,v
2014-05-10 21:54,6.681,0.005,0,0,0,0,v
2014-05-10 22:00,6.678,0.007,0,0,0,0,v
2014-05-10 22:06,6.713,0.011,0,0,0,0,v
2014-05-10 22:12,6.765,0.005,0,0,0,0,v
2014-05-10 22:18,6.747,0.006,0,0,0,0,v
2014-05-10 22:24,6.744,0.006,0,0,0,0,v
2014-05-10 22:30,6.769,0.007,0,0,0,0,v
2014-05-10 22:36,6.790,0.007,0,0,0,0,v
2014-05-10 22:42,6.807,0.006,0,0,0,0,v
2014-05-10 22:48,6.787,0.005,0,0,0,0,v
2014-05-10 22:54,6.782,0.005,0,0,0,0,v
2014-05-10 23:00,6.779,0.005,0,0,0,0,v
2014-05-10 23:06,6.807,0.005,0,0,0,0,v
2014-05-10 23:12,6.798,0.007,0,0,0,0,v
2014-05-10 23:18,6.791,0.006,0,0,0,0,v
2014-05-10 23:24,6.790,0.008,0,0,0,0,v
2014-05-10 23:30,6.776,0.007,0,0,0,0,v
2014-05-10 23:36,6.772,0.005,0,0,0,0,v
2014-05-10 23:42,6.753,0.007,0,0,0,0,v
2014-05-10 23:48,6.741,0.005,0,0,0,0,v
2014-05-10 23:54,6.758,0.009,0,0,0,0,v
2014-05-11 00:00,6.750,0.007,0,0,0,0,v
2014-05-11 00:06,6.712,0.005,0,0,0,0,v
2014-05-11 00:12,6.714,0.006,0,0,0,0,v
2014-05-11 00:18,6.708,0.007,0,0,0,0,v
2014-05-11 00:24,6.689,0.005,0,0,0,0,v
2014-05-11 00:30,6.680,0.006,0,0,0,0,v
2014-05-11 00:36,6.669,0.006,0,0,0,0,v
2014-05-11 00:42,6.656,0.005,0,0,0,0,v
2014-05-11 00:48,6.622,0.007,0,0,0,0,v
2014-05-11 00:54,6.621,0.006,0,0,0,0,v
2014-05-11 01:00,6.637,0.005,0,0,0,0,v
2014-05-11 01:06,6.641,0.008,0,0,0,0,v
2014-05-11 01:12,6.609,0.005,0,0,0,0,v
2014-05-11 01:18,6.612,0.006,0,0,0,0,v
2014-05-11 01:24,6.670,0.005,0,0,0,0,v
2014-05-11 01:30,6.683,0.007,0,0,0,0,v
2014-05-11 01:36,6.685,0.005,0,0,0,0,v
2014-05-11 01:42,6.690,0.008,0,0,0,0,v
2014-05-11 01:48,6.679,0.008,0,0,0,0,v
2014-05-11 01:54,6.706,0.007,0,0,0,0,v
2014-05-11 02:00,6.709,0.004,0,0,0,0,v
2014-05-11 02:06,6.727,0.004,0,0,0,0,v
2014-05-11 02:12,6.716,0.006,0,0,0,0,v
2014-05-11 02:18,6.716,0.006,0,0,0,0,v
2014-05-11 02:24,6.740,0.010,0,0,0,0,v
2014-05-11 02:30,6.728,0.006,0,0,0,0,v
2014-05-11 02:36,6.759,0.011,0,0,0,0,v
2014-05-11 02:42,6.799,0.007,0,0,0,0,v
2014-05-11 02:48,6.785,0.005,0,0,0,0,v
2014-05-11 02:54,6.784,0.004,0,0,0,0,v
2014-05-11 03:00,6.777,0.008,0,0,0,0,v
2014-05-11 03:06,6.749,0.005,0,0,0,0,v
2014-05-11 03:12,6.750,0.005,0,0,0,0,v
2014-05-11 03:18,6.766,0.007,0,0,0,0,v
2014-05-11 03:24,6.781,0.007,0,0,0,0,v
2014-05-11 03:30,6.829,0.006,0,0,0,0,v
2014-05-11 03:36,6.829,0.005,0,0,0,0,v
2014-05-11 03:42,6.828,0.006,0,0,0,0,v
2014-05-11 03:48,6.847,0.004,0,0,0,0,v
2014-05-11 03:54,6.870,0.005,0,0,0,0,v
2014-05-11 04:00,6.878,0.007,0,0,0,0,v
2014-05-11 04:06,6.864,0.005,0,0,0,0,v
2014-05-11 04:12,6.871,0.007,0,0,0,0,v
2014-05-11 04:18,6.899,0.005,0,0,0,0,v
2014-05-11 04:24,6.889,0.006,0,0,0,0,v
2014-05-11 04:30,6.863,0.005,0,0,0,0,v
2014-05-11 04:36,6.884,0.006,0,0,0,0,v
2014-05-11 04:42,6.897,0.006,0,0,0,0,v
2014-05-11 04:48,6.917,0.006,0,0,0,0,v
2014-05-11 04:54,6.909,0.004,0,0,0,0,v
2014-05-11 05:00,6.897,0.005,0,0,0,0,v
2014-05-11 05:06,6.897,0.004,0,0,0,0,v
2014-05-11 05:12,6.903,0.008,0,0,0,0,v
2014-05-11 05:18,6.899,0.007,0,0,0,0,v
2014-05-11 05:24,6.895,0.006,0,0,0,0,v
2014-05-11 05:30,6.886,0.007,0,0,0,0,v
2014-05-11 05:36,6.883,0.006,0,0,0,0,v
2014-05-11 05:42,6.891,0.006,0,0,0,0,v
2014-05-11 05:48,6.906,0.006,0,0,0,0,v
2014-05-11 05:54,6.900,0.009,0,0,0,0,v
2014-05-11 06:00,6.920,0.006,0,0,0,0,v
2014-05-11 06:06,6.957,0.009,0,0,0,0,v
2014-05-11 06:12,6.979,0.009,0,0,0,0,v
2014-05-11 06:18,6.983,0.006,0,0,0,0,v
2014-05-11 06:24,6.968,0.006,0,0,0,0,v
2014-05-11 06:30,6.934,0.005,0,0,0,0,v
2014-05-11 06:36,6.930,0.006,0,0,0,0,v
2014-05-11 06:42,6.923,0.005,0,0,0,0,v
2014-05-11 06:48,6.906,0.008,0,0,0,0,v
2014-05-11 06:54,6.917,0.005,0,0,0,0,v
2014-05-11 07:00,6.916,0.006,0,0,0,0,v
2014-05-11 07:06,6.914,0.006,0,0,0,0,v
2014-05-11 07:12,6.945,0.008,0,0,0,0,v
2014-05-11 07:18,6.943,0.005,0,0,0,0,v
2014-05-11 07:24,6.950,0.007,0,0,0,0,v
2014-05-11 07:30,6.965,0.005,0,0,0,0,v
2014-05-11 07:36,6.973,0.005,0,0,0,0,v
2014-05-11 07:42,6.975,0.005,0,0,0,0,v
2014-05-11 07:48,6.963,0.006,0,0,0,0,v
2014-05-11 07:54,6.956,0.007,0,0,0,0,v
2014-05-11 08:00,6.958,0.011,0,0,0,0,v
2014-05-11 08:06,6.962,0.005,0,0,0,0,v
2014-05-11 08:12,6.970,0.008,0,0,0,0,v
2014-05-11 08:18,6.986,0.004,0,0,0,0,v
2014-05-11 08:24,6.971,0.008,0,0,0,0,v
2014-05-11 08:30,6.957,0.006,0,0,0,0,v
2014-05-11 08:36,6.948,0.007,0,0,0,0,v
2014-05-11 08:42,6.961,0.006,0,0,0,0,v
2014-05-11 08:48,6.976,0.006,0,0,0,0,v
2014-05-11 08:54,6.984,0.006,0,0,0,0,v
2014-05-11 09:00,6.961,0.006,0,0,0,0,v
2014-05-11 09:06,6.950,0.007,0,0,0,0,v
2014-05-11 09:12,6.957,0.006,0,0,0,0,v
2014-05-11 09:18,6.959,0.006,0,0,0,0,v
2014-05-11 09:24,6.957,0.007,0,0,0,0,v
2014-05-11 09:30,6.937,0.008,0,0,0,0,v
2014-05-11 09:36,6.935,0.006,0,0,0,0,v
2014-05-11 09:42,6.934,0.006,0,0,0,0,v
2014-05-11 09:48,6.911,0.006,0,0,0,0,v
2014-05-11 09:54,6.910,0.005,0,0,0,0,v
2014-05-11 10:00,6.935,0.005,0,0,0,0,v
2014-05-11 10:06,6.923,0.008,0,0,0,0,v
2014-05-11 10:12,6.932,0.008,0,0,0,0,v
2014-05-11 10:18,6.951,0.006,0,0,0,0,v
2014-05-11 10:24,6.964,0.006,0,0,0,0,v
2014-05-11 10:30,6.972,0.007,0,0,0,0,v
2014-05-11 10:36,6.961,0.006,0,0,0,0,v
2014-05-11 10:42,6.984,0.006,0,0,0,0,v
2014-05-11 10:48,6.976,0.008,0,0,0,0,v
2014-05-11 10:54,6.964,0.006,0,0,0,0,v
2014-05-11 11:00,6.945,0.005,0,0,0,0,v
2014-05-11 11:06,6.948,0.006,0,0,0,0,v
2014-05-11 11:12,6.949,0.006,0,0,0,0,v
2014-05-11 11:18,6.968,0.007,0,0,0,0,v
2014-05-11 11:24,6.976,0.006,0,0,0,0,v
2014-05-11 11:30,6.975,0.008,0,0,0,0,v
2014-05-11 11:36,6.977,0.005,0,0,0,0,v
2014-05-11 11:42,6.979,0.005,0,0,0,0,v
2014-05-11 11:48,6.963,0.005,0,0,0,0,v
2014-05-11 11:54,6.959,0.008,0,0,0,0,v
2014-05-11 12:00,6.944,0.008,0,0,0,0,v
2014-05-11 12:06,6.943,0.009,0,0,0,0,v
2014-05-11 12:12,6.920,0.007,0,0,0,0,v
2014-05-11 12:18,6.908,0.006,0,0,0,0,v
2014-05-11 12:24,6.908,0.005,0,0,0,0,v
2014-05-11 12:30,6.904,0.005,0,0,0,0,v
2014-05-11 12:36,6.894,0.005,0,0,0,0,v
2014-05-11 12:42,6.873,0.008,0,0,0,0,v
2014-05-11 12:48,6.866,0.006,0,0,0,0,v
2014-05-11 12:54,6.867,0.006,0,0,0,0,v
2014-05-11 13:00,6.880,0.006,0,0,0,0,v
2014-05-11 13:06,6.878,0.010,0,0,0,0,v
2014-05-11 13:12,6.865,0.008,0,0,0,0,v
2014-05-11 13:18,6.878,0.009,0,0,0,0,v
2014-05-11 13:24,6.873,0.007,0,0,0,0,v
2014-05-11 13:30,6.891,0.006,0,0,0,0,v
2014-05-11 13:36,6.877,0.007,0,0,0,0,v
2014-05-11 13:42,6.881,0.007,0,0,0,0,v
2014-05-11 13:48,6.881,0.006,0,0,0,0,v
2014-05-11 13:54,6.887,0.007,0,0,0,0,v
2014-05-11 14:00,6.903,0.006,0,0,0,0,v
2014-05-11 14:06,6.931,0.006,0,0,0,0,v
2014-05-11 14:12,6.940,0.006,0,0,0,0,v
2014-05-11 14:18,6.926,0.006,0,0,0,0,v
2014-05-11 14:24,6.926,0.008,0,0,0,0,v
2014-05-11 14:30,6.931,0.006,0,0,0,0,v
2014-05-11 14:36,6.949,0.007,0,0,0,0,v
2014-05-11 14:42,6.953,0.005,0,0,0,0,v
2014-05-11 14:48,6.955,0.007,0,0,0,0,v
2014-05-11 14:54,6.930,0.009,0,0,0,0,v
2014-05-11 15:00,6.934,0.008,0,0,0,0,v
2014-05-11 15:06,6.928,0.007,0,0,0,0,v
2014-05-11 15:12,6.927,0.005,0,0,0,0,v
2014-05-11 15:18,6.911,0.006,0,0,0,0,v
2014-05-11 15:24,6.919,0.007,0,0,0,0,v
2014-05-11 15:30,6.914,0.005,0,0,0,0,v
2014-05-11 15:36,6.902,0.006,0,0,0,0,v
2014-05-11 15:42,6.916,0.007,0,0,0,0,v
2014-05-11 15:48,6.922,0.007,0,0,0,0,v
2014-05-11 15:54,6.929,0.009,0,0,0,0,v
2014-05-11 16:00,6.926,0.007,0,0,0,0,v
2014-05-11 16:06,6.925,0.005,0,0,0,0,v
2014-05-11 16:12,6.939,0.006,0,0,0,0,v
2014-05-11 16:18,6.942,0.008,0,0,0,0,v
2014-05-11 16:24,6.943,0.009,0,0,0,0,v
2014-05-11 16:30,6.931,0.005,0,0,0,0,v
2014-05-11 16:36,6.932,0.005,0,0,0,0,v
2014-05-11 16:42,6.948,0.006,0,0,0,0,v
2014-05-11 16:48,6.948,0.007,0,0,0,0,v
2014-05-11 16:54,6.949,0.005,0,0,0,0,v
2014-05-11 17:00,6.946,0.005,0,0,0,0,v
2014-05-11 17:06,6.969,0.007,0,0,0,0,v
2014-05-11 17:12,6.962,0.007,0,0,0,0,v
2014-05-11 17:18,6.982,0.006,0,0,0,0,v
2014-05-11 17:24,6.966,0.006,0,0,0,0,v
2014-05-11 17:30,6.954,0.006,0,0,0,0,v
2014-05-11 17:36,6.948,0.008,0,0,0,0,v
2014-05-11 17:42,6.944,0.005,0,0,0,0,v
2014-05-11 17:48,6.939,0.007,0,0,0,0,v
2014-05-11 17:54,6.939,0.008,0,0,0,0,v
2014-05-11 18:00,6.943,0.006,0,0,0,0,v
2014-05-11 18:06,6.949,0.006,0,0,0,0,v
2014-05-11 18:12,6.930,0.006,0,0,0,0,v
2014-05-11 18:18,6.936,0.006,0,0,0,0,v
2014-05-11 18:24,6.913,0.007,0,0,0,0,v
2014-05-11 18:30,6.929,0.007,0,0,0,0,v
2014-05-11 18:36,6.910,0.005,0,0,0,0,v
2014-05-11 18:42,6.902,0.005,0,0,0,0,v
2014-05-11 18:48,6.891,0.006,0,0,0,0,v
2014-05-11 18:54,6.891,0.006,0,0,0,0,v
2014-05-11 19:00,6.904,0.008,0,0,0,0,v
2014-05-11 19:06,6.903,0.005,0,0,0,0,v
2014-05-11 19:12,6.903,0.005,0,0,0,0,v
2014-05-11 19:18,6.909,0.006,0,0,0,0,v
2014-05-11 19:24,6.920,0.004,0,0,0,0,v
2014-05-11 19:30,6.926,0.005,0,0,0,0,v
2014-05-11 19:36,6.930,0.005,0,0,0,0,v
2014-05-11 19:42,6.927,0.004,0,0,0,0,v
2014-05-11 19:48,6.908,0.006,0,0,0,0,v
2014-05-11 19:54,6.902,0.006,0,0,0,0,v
2014-05-11 20:00,6.882,0.003,0,0,0,0,v
2014-05-11 20:06,6.888,0.003,0,0,0,0,v
2014-05-11 20:12,6.884,0.004,0,0,0,0,v
2014-05-11 20:18,6.862,0.004,0,0,0,0,v
2014-05-11 20:24,6.858,0.004,0,0,0,0,v
2014-05-11 20:30,6.838,0.003,0,0,0,0,v
2014-05-11 20:36,6.852,0.005,0,0,0,0,v
2014-05-11 20:42,6.853,0.005,0,0,0,0,v
2014-05-11 20:48,6.839,0.006,0,0,0,0,v
2014-05-11 20:54,6.816,0.007,0,0,0,0,v
2014-05-11 21:00,6.829,0.004,0,0,0,0,v
2014-05-11 21:06,6.838,0.004,0,0,0,0,v
2014-05-11 21:12,6.822,0.004,0,0,0,0,v
2014-05-11 21:18,6.812,0.006,0,0,0,0,v
2014-05-11 21:24,6.811,0.005,0,0,0,0,v
2014-05-11 21:30,6.796,0.010,0,0,0,0,v
2014-05-11 21:36,6.783,0.005,0,0,0,0,v
2014-05-11 21:42,6.787,0.004,0,0,0,0,v
2014-05-11 21:48,6.788,0.005,0,0,0,0,v
2014-05-11 21:54,6.770,0.007,0,0,0,0,v
2014-05-11 22:00,6.786,0.010,0,0,0,0,v
2014-05-11 22:06,6.773,0.005,0,0,0,0,v
2014-05-11 22:12,6.786,0.005,0,0,0,0,v
2014-05-11 22:18,6.759,0.009,0,0,0,0,v
2014-05-11 22:24,6.733,0.006,0,0,0,0,v
2014-05-11 22:30,6.726,0.005,0,0,0,0,v
2014-05-11 22:36,6.713,0.009,0,0,0,0,v
2014-05-11 22:42,6.709,0.005,0,0,0,0,v
2014-05-11 22:48,6.696,0.004,0,0,0,0,v
2014-05-11 22:54,6.698,0.007,0,0,0,0,v
2014-05-11 23:00,6.698,0.007,0,0,0,0,v
2014-05-11 23:06,6.707,0.006,0,0,0,0,v
2014-05-11 23:12,6.709,0.005,0,0,0,0,v
2014-05-11 23:18,6.700,0.005,0,0,0,0,v
2014-05-11 23:24,6.691,0.004,0,0,0,0,v
2014-05-11 23:30,6.693,0.006,0,0,0,0,v
2014-05-11 23:36,6.694,0.006,0,0,0,0,v
2014-05-11 23:42,6.681,0.005,0,0,0,0,v
2014-05-11 23:48,6.676,0.005,0,0,0,0,v
2014-05-11 23:54,6.681,0.005,0,0,0,0,v
2014-05-12 00:00,6.677,0.005,0,0,0,0,v
2014-05-12 00:06,6.674,0.004,0,0,0,0,v
2014-05-12 00:12,6.676,0.005,0,0,0,0,v
2014-05-12 00:18,6.683,0.004,0,0,0,0,v
2014-05-12 00:24,6.679,0.004,0,0,0,0,v
2014-05-12 00:30,6.678,0.007,0,0,0,0,v
2014-05-12 00:36,6.675,0.004,0,0,0,0,v
2014-05-12 00:42,6.673,0.004,0,0,0,0,v
2014-05-12 00:48,6.669,0.006,0,0,0,0,v
2014-05-12 00:54,6.673,0.004,0,0,0,0,v
2014-05-12 01:00,6.670,0.004,0,0,0,0,v
2014-05-12 01:06,6.685,0.004,0,0,0,0,v
2014-05-12 01:12,6.694,0.004,0,0,0,0,v
2014-05-12 01:18,6.698,0.003,0,0,0,0,v
2014-05-12 01:24,6.687,0.008,0,0,0,0,v
2014-05-12 01:30,6.707,0.005,0,0,0,0,v
2014-05-12 01:36,6.709,0.004,0,0,0,0,v
2014-05-12 01:42,6.702,0.004,0,0,0,0,v
2014-05-12 01:48,6.705,0.004,0,0,0,0,v
2014-05-12 01:54,6.713,0.004,0,0,0,0,v
2014-05-12 02:00,6.714,0.004,0,0,0,0,v
2014-05-12 02:06,6.731,0.006,0,0,0,0,v
2014-05-12 02:12,6.750,0.005,0,0,0,0,v
2014-05-12 02:18,6.761,0.004,0,0,0,0,v
2014-05-12 02:24,6.765,0.005,0,0,0,0,v
2014-05-12 02:30,6.768,0.004,0,0,0,0,v
2014-05-12 02:36,6.766,0.005,0,0,0,0,v
2014-05-12 02:42,6.763,0.003,0,0,0,0,v
2014-05-12 02:48,6.770,0.003,0,0,0,0,v
2014-05-12 02:54,6.773,0.002,0,0,0,0,v
2014-05-12 03:00,6.772,0.003,0,0,0,0,v
2014-05-12 03:06,6.777,0.005,0,0,0,0,v
2014-05-12 03:12,6.768,0.004,0,0,0,0,v
2014-05-12 03:18,6.769,0.003,0,0,0,0,v
2014-05-12 03:24,6.771,0.002,0,0,0,0,v
2014-05-12 03:30,6.758,0.004,0,0,0,0,v
2014-05-12 03:36,6.781,0.008,0,0,0,0,v
2014-05-12 03:42,6.807,0.003,0,0,0,0,v
2014-05-12 03:48,6.801,0.003,0,0,0,0,v
2014-05-12 03:54,6.823,0.006,0,0,0,0,v
2014-05-12 04:00,6.834,0.005,0,0,0,0,v
2014-05-12 04:06,6.815,0.005,0,0,0,0,v
2014-05-12 04:12,6.828,0.008,0,0,0,0,v
2014-05-12 04:18,6.826,0.006,0,0,0,0,v
2014-05-12 04:24,6.827,0.003,0,0,0,0,v
2014-05-12 04:30,6.837,0.003,0,0,0,0,v
2014-05-12 04:36,6.853,0.003,0,0,0,0,v
2014-05-12 04:42,6.869,0.004,0,0,0,0,v
2014-05-12 04:48,6.881,0.004,0,0,0,0,v
2014-05-12 04:54,6.894,0.002,0,0,0,0,v
2014-05-12 05:00,6.906,0.004,0,0,0,0,v
2014-05-12 05:06,6.923,0.003,0,0,0,0,v
2014-05-12 05:12,6.922,0.003,0,0,0,0,v
2014-05-12 05:18,6.924,0.003,0,0,0,0,v
2014-05-12 05:24,6.949,0.004,0,0,0,0,v
2014-05-12 05:30,6.954,0.004,0,0,0,0,v
2014-05-12 05:36,6.966,0.004,0,0,0,0,v
2014-05-12 05:42,6.950,0.002,0,0,0,0,v
2014-05-12 05:48,6.948,0.004,0,0,0,0,v
2014-05-12 05:54,6.963,0.003,0,0,0,0,v
2014-05-12 06:00,6.955,0.003,0,0,0,0,v
2014-05-12 06:06,6.970,0.002,0,0,0,0,v
2014-05-12 06:12,6.977,0.002,0,0,0,0,v
2014-05-12 06:18,6.977,0.003,0,0,0,0,v
2014-05-12 06:24,6.984,0.002,0,0,0,0,v
2014-05-12 06:30,6.997,0.003,0,0,0,0,v
2014-05-12 06:36,7.034,0.003,0,0,0,0,v
2014-05-12 06:42,7.037,0.005,0,0,0,0,v
2014-05-12 06:48,7.028,0.004,0,0,0,0,v
2014-05-12 06:54,7.027,0.006,0,0,0,0,v
2014-05-12 07:00,7.048,0.005,0,0,0,0,v
2014-05-12 07:06,7.037,0.005,0,0,0,0,v
2014-05-12 07:12,7.031,0.006,0,0,0,0,v
2014-05-12 07:18,7.048,0.006,0,0,0,0,v
2014-05-12 07:24,7.018,0.006,0,0,0,0,v
2014-05-12 07:30,7.023,0.004,0,0,0,0,v
2014-05-12 07:36,7.035,0.004,0,0,0,0,v
2014-05-12 07:42,7.048,0.005,0,0,0,0,v
2014-05-12 07:48,7.045,0.004,0,0,0,0,v
2014-05-12 07:54,7.079,0.010,0,0,0,0,v
2014-05-12 08:00,7.081,0.005,0,0,0,0,v
2014-05-12 08:06,7.074,0.005,0,0,0,0,v
2014-05-12 08:12,7.084,0.006,0,0,0,0,v
2014-05-12 08:18,7.088,0.005,0,0,0,0,v
2014-05-12 08:24,7.090,0.004,0,0,0,0,v
2014-05-12 08:30,7.092,0.004,0,0,0,0,v
2014-05-12 08:36,7.075,0.006,0,0,0,0,v
2014-05-12 08:42,7.039,0.005,0,0,0,0,v
2014-05-12 08:48,7.052,0.004,0,0,0,0,v
2014-05-12 08:54,7.032,0.005,0,0,0,0,v
2014-05-12 09:00,7.003,0.005,0,0,0,0,v
2014-05-12 09:06,6.996,0.005,0,0,0,0,v
2014-05-12 09:12,6.988,0.004,0,0,0,0,v
2014-05-12 09:18,6.993,0.007,0,0,0,0,v
2014-05-12 09:24,6.972,0.006,0,0,0,0,v
2014-05-12 09:30,6.962,0.005,0,0,0,0,v
2014-05-12 09:36,6.990,0.004,0,0,0,0,v
2014-05-12 09:42,6.993,0.006,0,0,0,0,v
2014-05-12 09:48,6.991,0.007,0,0,0,0,v
2014-05-12 09:54,6.980,0.005,0,0,0,0,v
2014-05-12 10:00,6.985,0.005,0,0,0,0,v
2014-05-12 10:06,6.981,0.008,0,0,0,0,v
2014-05-12 10:12,6.984,0.006,0,0,0,0,v
2014-05-12 10:18,6.981,0.006,0,0,0,0,v
2014-05-12 10:24,6.982,0.006,0,0,0,0,v
2014-05-12 10:30,6.993,0.008,0,0,0,0,v
2014-05-12 10:36,7.001,0.006,0,0,0,0,v
2014-05-12 10:42,6.999,0.006,0,0,0,0,v
2014-05-12 10:48,7.003,0.006,0,0,0,0,v
2014-05-12 10:54,7.005,0.006,0,0,0,0,v
2014-05-12 11:00,7.019,0.008,0,0,0,0,v
2014-05-12 11:06,7.010,0.005,0,0,0,0,v
2014-05-12 11:12,7.015,0.006,0,0,0,0,v
2014-05-12 11:18,7.016,0.008,0,0,0,0,v
2014-05-12 11:24,7.016,0.007,0,0,0,0,v
2014-05-12 11:30,7.020,0.006,0,0,0,0,v
2014-05-12 11:36,7.021,0.008,0,0,0,0,v
2014-05-12 11:42,7.001,0.011,0,0,0,0,v
2014-05-12 11:48,7.002,0.008,0,0,0,0,v
2014-05-12 11:54,6.987,0.006,0,0,0,0,v
2014-05-12 12:00,6.992,0.009,0,0,0,0,v
2014-05-12 12:06,6.984,0.010,0,0,0,0,v
2014-05-12 12:12,6.988,0.009,0,0,0,0,v
2014-05-12 12:18,6.979,0.012,0,0,0,0,v
2014-05-12 12:24,6.983,0.006,0,0,0,0,v
2014-05-12 12:30,6.982,0.011,0,0,0,0,v
2014-05-12 12:36,6.972,0.009,0,0,0,0,v
2014-05-12 12:42,6.977,0.007,0,0,0,0,v
2014-05-12 12:48,6.975,0.011,0,0,0,0,v
2014-05-12 12:54,6.973,0.009,0,0,0,0,v
2014-05-12 13:00,6.972,0.010,0,0,0,0,v
2014-05-12 13:06,6.970,0.008,0,0,0,0,v
2014-05-12 13:12,6.979,0.010,0,0,0,0,v
2014-05-12 13:18,6.961,0.006,0,0,0,0,v
2014-05-12 13:24,6.964,0.007,0,0,0,0,v
2014-05-12 13:30,6.973,0.006,0,0,0,0,v
2014-05-12 13:36,6.967,0.008,0,0,0,0,v
2014-05-12 13:42,6.958,0.008,0,0,0,0,v
2014-05-12 13:48,6.949,0.006,0,0,0,0,v
2014-05-12 13:54,6.953,0.012,0,0,0,0,v
2014-05-12 14:00,6.957,0.008,0,0,0,0,v
2014-05-12 14:06,6.939,0.009,0,0,0,0,v
2014-05-12 14:12,6.929,0.010,0,0,0,0,v
2014-05-12 14:18,6.912,0.007,0,0,0,0,v
2014-05-12 14:24,6.906,0.013,0,0,0,0,v
2014-05-12 14:30,6.925,0.012,0,0,0,0,v
2014-05-12 14:36,6.912,0.007,0,0,0,0,v
2014-05-12 14:42,6.905,0.010,0,0,0,0,v
2014-05-12 14:48,6.927,0.007,0,0,0,0,v
2014-05-12 14:54,6.920,0.011,0,0,0,0,v
2014-05-12 15:00,6.919,0.011,0,0,0,0,v
2014-05-12 15:06,6.933,0.010,0,0,0,0,v
2014-05-12 15:12,6.919,0.014,0,0,0,0,v
2014-05-12 15:18,6.932,0.009,0,0,0,0,v
2014-05-12 15:24,6.936,0.007,0,0,0,0,v
2014-05-12 15:30,6.924,0.014,0,0,0,0,v
2014-05-12 15:36,6.908,0.015,0,0,0,0,v
2014-05-12 15:42,6.905,0.012,0,0,0,0,v
2014-05-12 15:48,6.926,0.007,0,0,0,0,v
2014-05-12 15:54,6.923,0.011,0,0,0,0,v
2014-05-12 16:00,6.914,0.015,0,0,0,0,v
2014-05-12 16:06,6.909,0.012,0,0,0,0,v
2014-05-12 16:12,6.936,0.010,0,0,0,0,v
2014-05-12 16:18,6.944,0.013,0,0,0,0,v
2014-05-12 16:24,6.946,0.013,0,0,0,0,v
2014-05-12 16:30,6.947,0.011,0,0,0,0,v
2014-05-12 16:36,6.918,0.009,0,0,0,0,v
2014-05-12 16:42,6.921,0.011,0,0,0,0,v
2014-05-12 16:48,6.930,0.009,0,0,0,0,v
2014-05-12 16:54,6.915,0.010,0,0,0,0,v
2014-05-12 17:00,6.896,0.012,0,0,0,0,v
2014-05-12 17:06,6.869,0.013,0,0,0,0,v
2014-05-12 17:12,6.882,0.014,0,0,0,0,v
2014-05-12 17:18,6.886,0.013,0,0,0,0,v
2014-05-12 17:24,6.892,0.010,0,0,0,0,v
2014-05-12 17:30,6.875,0.021,0,0,0,0,v
2014-05-12 17:36,6.885,0.009,0,0,0,0,v
2014-05-12 17:42,6.874,0.016,0,0,0,0,v
2014-05-12 17:48,6.887,0.019,0,0,0,0,v
2014-05-12 17:54,6.932,0.010,0,0,0,0,v
2014-05-12 18:00,6.932,0.012,0,0,0,0,v
2014-05-12 18:06,6.910,0.013,0,0,0,0,v
2014-05-12 18:12,6.902,0.009,0,0,0,0,v
2014-05-12 18:18,6.892,0.012,0,0,0,0,v
2014-05-12 18:24,6.877,0.015,0,0,0,0,v
2014-05-12 18:30,6.868,0.016,0,0,0,0,v
2014-05-12 18:36,6.866,0.016,0,0,0,0,v
2014-05-12 18:42,6.867,0.014,0,0,0,0,v
2014-05-12 18:48,6.888,0.011,0,0,0,0,v
2014-05-12 18:54,6.900,0.010,0,0,0,0,v
2014-05-12 19:00,6.895,0.012,0,0,0,0,v
2014-05-12 19:06,6.892,0.013,0,0,0,0,v
2014-05-12 19:12,6.882,0.012,0,0,0,0,v
2014-05-12 19:18,6.879,0.011,0,0,0,0,v
2014-05-12 19:24,6.848,0.010,0,0,0,0,v
2014-05-12 19:30,6.867,0.015,0,0,0,0,v
2014-05-12 19:36,6.858,0.017,0,0,0,0,v
2014-05-12 19:42,6.851,0.015,0,0,0,0,v
2014-05-12 19:48,6.847,0.012,0,0,0,0,v
2014-05-12 19:54,6.827,0.015,0,0,0,0,v
2014-05-12 20:00,6.836,0.019,0,0,0,0,v
2014-05-12 20:06,6.829,0.016,0,0,0,0,v
2014-05-12 20:12,6.818,0.014,0,0,0,0,v
2014-05-12 20:18,6.810,0.010,0,0,0,0,v
2014-05-12 20:24,6.834,0.009,0,0,0,0,v
2014-05-12 20:30,6.824,0.014,0,0,0,0,v
2014-05-12 20:36,6.821,0.017,0,0,0,0,v
2014-05-12 20:42,6.825,0.012,0,0,0,0,v
2014-05-12 20:48,6.817,0.014,0,0,0,0,v
2014-05-12 20:54,6.794,0.017,0,0,0,0,v
2014-05-12 21:00,6.805,0.010,0,0,0,0,v
2014-05-12 21:06,6.792,0.015,0,0,0,0,v
2014-05-12 21:12,6.797,0.015,0,0,0,0,v
2014-05-12 21:18,6.791,0.016,0,0,0,0,v
2014-05-12 21:24,6.779,0.013,0,0,0,0,v
2014-05-12 21:30,6.790,0.010,0,0,0,0,v
2014-05-12 21:36,6.777,0.013,0,0,0,0,v
2014-05-12 21:42,6.768,0.014,0,0,0,0,v
2014-05-12 21:48,6.771,0.009,0,0,0,0,v
2014-05-12 21:54,6.758,0.013,0,0,0,0,v
2014-05-12 22:00,6.750,0.015,0,0,0,0,v
2014-05-12 22:06,6.741,0.013,0,0,0,0,v
2014-05-12 22:12,6.718,0.011,0,0,0,0,v
2014-05-12 22:18,6.712,0.011,0,0,0,0,v
2014-05-12 22:24,6.719,0.014,0,0,0,0,v
2014-05-12 22:30,6.715,0.015,0,0,0,0,v
2014-05-12 22:36,6.689,0.011,0,0,0,0,v
2014-05-12 22:42,6.694,0.011,0,0,0,0,v
2014-05-12 22:48,6.676,0.009,0,0,0,0,v
2014-05-12 22:54,6.665,0.011,0,0,0,0,v
2014-05-12 23:00,6.663,0.011,0,0,0,0,v
2014-05-12 23:06,6.661,0.011,0,0,0,0,v
2014-05-12 23:12,6.660,0.011,0,0,0,0,v
2014-05-12 23:18,6.651,0.012,0,0,0,0,v
2014-05-12 23:24,6.628,0.009,0,0,0,0,v
2014-05-12 23:30,6.638,0.010,0,0,0,0,v
2014-05-12 23:36,6.641,0.008,0,0,0,0,v
2014-05-12 23:42,6.641,0.011,0,0,0,0,v
2014-05-12 23:48,6.647,0.013,0,0,0,0,v
2014-05-12 23:54,6.667,0.011,0,0,0,0,v
2014-05-13 00:00,6.652,0.013,0,0,0,0,v
2014-05-13 00:06,6.656,0.012,0,0,0,0,v
2014-05-13 00:12,6.649,0.012,0,0,0,0,v
2014-05-13 00:18,6.648,0.008,0,0,0,0,v
2014-05-13 00:24,6.653,0.010,0,0,0,0,v
2014-05-13 00:30,6.672,0.012,0,0,0,0,v
2014-05-13 00:36,6.685,0.014,0,0,0,0,v
2014-05-13 00:42,6.685,0.012,0,0,0,0,v
2014-05-13 00:48,6.679,0.014,0,0,0,0,v
2014-05-13 00:54,6.688,0.016,0,0,0,0,v
2014-05-13 01:00,6.686,0.011,0,0,0,0,v
2014-05-13 01:06,6.668,0.012,0,0,0,0,v
2014-05-13 01:12,6.658,0.019,0,0,0,0,v
2014-05-13 01:18,6.652,0.011,0,0,0,0,v
2014-05-13 01:24,6.654,0.012,0,0,0,0,v
2014-05-13 01:30,6.621,0.010,0,0,0,0,v
2014-05-13 01:36,6.625,0.015,0,0,0,0,v
2014-05-13 01:42,6.634,0.015,0,0,0,0,v
2014-05-13 01:48,6.642,0.014,0,0,0,0,v
2014-05-13 01:54,6.642,0.013,0,0,0,0,v
2014-05-13 02:00,6.653,0.013,0,0,0,0,v
2014-05-13 02:06,6.639,0.011,0,0,0,0,v
2014-05-13 02:12,6.642,0.017,0,0,0,0,v
2014-05-13 02:18,6.665,0.013,0,0,0,0,v
2014-05-13 02:24,6.673,0.014,0,0,0,0,v
2014-05-13 02:30,6.687,0.018,0,0,0,0,v
2014-05-13 02:36,6.688,0.013,0,0,0,0,v
2014-05-13 02:42,6.699,0.013,0,0,0,0,v
2014-05-13 02:48,6.705,0.013,0,0,0,0,v
2014-05-13 02:54,6.681,0.012,0,0,0,0,v
2014-05-13 03:00,6.683,0.016,0,0,0,0,v
2014-05-13 03:06,6.680,0.018,0,0,0,0,v
2014-05-13 03:12,6.695,0.014,0,0,0,0,v
2014-05-13 03:18,6.705,0.020,0,0,0,0,v
2014-05-13 03:24,6.678,0.017,0,0,0,0,v
2014-05-13 03:30,6.663,0.017,0,0,0,0,v
2014-05-13 03:36,6.687,0.018,0,0,0,0,v
2014-05-13 03:42,6.636,0.010,0,0,0,0,v
2014-05-13 03:48,6.671,0.011,0,0,0,0,v
2014-05-13 03:54,6.697,0.012,0,0,0,0,v
2014-05-13 04:00,6.690,0.010,0,0,0,0,v
2014-05-13 04:06,6.753,0.017,0,0,0,0,v
2014-05-13 04:12,6.773,0.019,0,0,0,0,v
2014-05-13 04:18,6.788,0.014,0,0,0,0,v
2014-05-13 04:24,6.766,0.019,0,0,0,0,v
2014-05-13 04:30,6.810,0.021,0,0,0,0,v
2014-05-13 04:36,6.819,0.023,0,0,0,0,v
2014-05-13 04:42,6.801,0.022,0,0,0,0,v
2014-05-13 04:48,6.785,0.022,0,0,0,0,v
2014-05-13 04:54,6.777,0.020,0,0,0,0,v
2014-05-13 05:00,6.833,0.022,0,0,0,0,v
2014-05-13 05:06,6.839,0.020,0,0,0,0,v
2014-05-13 05:12,6.847,0.024,0,0,0,0,v
2014-05-13 05:18,6.866,0.013,0,0,0,0,v
2014-05-13 05:24,6.872,0.020,0,0,0,0,v
2014-05-13 05:30,6.851,0.017,0,0,0,0,v
2014-05-13 05:36,6.864,0.016,0,0,0,0,v
2014-05-13 05:42,6.876,0.014,0,0,0,0,v
2014-05-13 05:48,6.900,0.014,0,0,0,0,v
2014-05-13 05:54,6.913,0.015,0,0,0,0,v
2014-05-13 06:00,6.925,0.017,0,0,0,0,v
2014-05-13 06:06,6.946,0.018,0,0,0,0,v
2014-05-13 06:12,6.953,0.020,0,0,0,0,v
2014-05-13 06:18,6.975,0.015,0,0,0,0,v
2014-05-13 06:24,6.986,0.017,0,0,0,0,v
2014-05-13 06:30,6.983,0.019,0,0,0,0,v
2014-05-13 06:36,6.992,0.022,0,0,0,0,v
2014-05-13 06:42,7.003,0.016,0,0,0,0,v
2014-05-13 06:48,7.013,0.020,0,0,0,0,v
2014-05-13 06:54,7.021,0.018,0,0,0,0,v
2014-05-13 07:00,7.023,0.019,0,0,0,0,v
2014-05-13 07:06,7.058,0.020,0,0,0,0,v
2014-05-13 07:12,7.024,0.017,0,0,0,0,v
2014-05-13 07:18,7.065,0.017,0,0,0,0,v
2014-05-13 07:24,7.082,0.018,0,0,0,0,v
2014-05-13 07:30,7.094,0.015,0,0,0,0,v
2014-05-13 07:36,7.092,0.018,0,0,0,0,v
2014-05-13 07:42,7.094,0.020,0,0,0,0,v
2014-05-13 07:48,7.110,0.017,0,0,0,0,v
2014-05-13 07:54,7.149,0.023,0,0,0,0,v
2014-05-13 08:00,7.130,0.025,0,0,0,0,v
2014-05-13 08:06,7.137,0.022,0,0,0,0,v
2014-05-13 08:12,7.134,0.019,0,0,0,0,v
2014-05-13 08:18,7.119,0.014,0,0,0,0,v
2014-05-13 08:24,7.118,0.015,0,0,0,0,v
2014-05-13 08:30,7.114,0.026,0,0,0,0,v
2014-05-13 08:36,7.098,0.022,0,0,0,0,v
2014-05-13 08:42,7.105,0.018,0,0,0,0,v
2014-05-13 08:48,7.101,0.021,0,0,0,0,v
2014-05-13 08:54,7.096,0.021,0,0,0,0,v
2014-05-13 09:00,7.134,0.020,0,0,0,0,v
2014-05-13 09:06,7.077,0.026,0,0,0,0,v
2014-05-13 09:12,7.122,0.018,0,0,0,0,v
2014-05-13 09:18,7.110,0.023,0,0,0,0,v
2014-05-13 09:24,7.084,0.021,0,0,0,0,v
2014-05-13 09:30,7.090,0.023,0,0,0,0,v
2014-05-13 09:36,7.088,0.022,0,0,0,0,v
2014-05-13 09:42,7.079,0.026,0,0,0,0,v
2014-05-13 09:48,7.056,0.031,0,0,0,0,v
2014-05-13 09:54,7.002,0.017,0,0,0,0,v
2014-05-13 10:00,7.003,0.018,0,0,0,0,v
2014-05-13 10:06,7.016,0.027,0,0,0,0,v
2014-05-13 10:12,7.005,0.016,0,0,0,0,v
2014-05-13 10:18,6.950,0.020,0,0,0,0,v
2014-05-13 10:24,6.958,0.017,0,0,0,0,v
2014-05-13 10:30,6.975,0.028,0,0,0,0,v
2014-05-13 10:36,6.985,0.027,0,0,0,0,v
2014-05-13 10:42,7.051,0.024,0,0,0,0,v
2014-05-13 10:48,7.020,0.032,0,0,0,0,v
2014-05-13 10:54,7.073,0.028,0,0,0,0,v
2014-05-13 11:00,7.047,0.023,0,0,0,0,v
2014-05-13 11:06,7.101,0.024,0,0,0,0,v
2014-05-13 11:12,7.051,0.021,0,0,0,0,v
2014-05-13 11:18,7.125,0.025,0,0,0,0,v
2014-05-13 11:24,7.083,0.028,0,0,0,0,v
2014-05-13 11:30,7.120,0.023,0,0,0,0,v
2014-05-13 11:36,7.151,0.028,0,0,0,0,v
2014-05-13 11:42,7.121,0.019,0,0,0,0,v
2014-05-13 11:48,7.129,0.024,0,0,0,0,v
2014-05-13 11:54,7.152,0.019,0,0,0,0,v
2014-05-13 12:00,7.064,0.016,0,0,0,0,v
2014-05-13 12:06,7.147,0.028,0,0,1,0,v
2014-05-13 12:12,7.116,0.021,0,0,1,0,v
2014-05-13 12:18,7.126,0.026,0,0,0,0,v
2014-05-13 12:24,7.067,0.027,0,0,0,0,v
2014-05-13 12:30,7.109,0.022,0,0,0,0,v
2014-05-13 12:36,7.100,0.023,0,0,0,0,v
2014-05-13 12:42,7.131,0.029,0,0,0,0,v
2014-05-13 12:48,7.085,0.020,0,0,0,0,v
2014-05-13 12:54,7.097,0.019,0,0,0,0,v
2014-05-13 13:00,7.174,0.025,0,0,0,0,v
2014-05-13 13:06,7.144,0.021,0,0,0,0,v
2014-05-13 13:12,7.128,0.019,0,0,0,0,v
2014-05-13 13:18,7.096,0.022,0,0,0,0,v
2014-05-13 13:24,7.118,0.025,0,0,0,0,v
2014-05-13 13:30,7.128,0.026,0,0,0,0,v
2014-05-13 13:36,7.109,0.030,0,0,0,0,v
2014-05-13 13:42,7.093,0.022,0,0,0,0,v
2014-05-13 13:48,7.158,0.021,0,0,0,0,v
2014-05-13 13:54,7.120,0.022,0,0,0,0,v
2014-05-13 14:00,7.180,0.027,0,0,0,0,v
2014-05-13 14:06,7.197,0.020,0,0,0,0,v
2014-05-13 14:12,7.218,0.018,0,0,0,0,v
2014-05-13 14:18,7.183,0.025,0,0,0,0,v
2014-05-13 14:24,7.108,0.018,0,0,0,0,v
2014-05-13 14:30,7.134,0.018,0,0,0,0,v
2014-05-13 14:36,7.112,0.028,0,0,0,0,v
2014-05-13 14:42,7.176,0.018,0,0,0,0,v
2014-05-13 14:48,7.164,0.030,0,0,0,0,v
2014-05-13 14:54,7.145,0.020,0,0,0,0,v
2014-05-13 15:00,7.124,0.024,0,0,0,0,v
2014-05-13 15:06,7.164,0.021,0,0,0,0,v
2014-05-13 15:12,7.152,0.022,0,0,0,0,v
2014-05-13 15:18,7.102,0.031,0,0,0,0,v
2014-05-13 15:24,7.162,0.024,0,0,0,0,v
2014-05-13 15:30,7.133,0.021,0,0,0,0,v
2014-05-13 15:36,7.162,0.017,0,0,0,0,v
2014-05-13 15:42,7.156,0.019,0,0,0,0,v
2014-05-13 15:48,7.078,0.033,0,0,0,0,v
2014-05-13 15:54,7.032,0.020,0,0,0,0,v
2014-05-13 16:00,7.038,0.033,0,0,0,0,v
2014-05-13 16:06,7.056,0.025,0,0,0,0,v
2014-05-13 16:12,7.014,0.024,0,0,0,0,v
2014-05-13 16:18,7.021,0.019,0,0,0,0,v
2014-05-13 16:24,7.027,0.017,0,0,0,0,v
2014-05-13 16:30,7.003,0.021,0,0,0,0,v
2014-05-13 16:36,6.977,0.028,0,0,0,0,v
2014-05-13 16:42,6.936,0.025,0,0,0,0,v
2014-05-13 16:48,6.953,0.022,0,0,0,0,v
2014-05-13 16:54,6.972,0.019,0,0,0,0,v
2014-05-13 17:00,6.976,0.024,0,0,0,0,v
2014-05-13 17:06,6.938,0.022,0,0,0,0,v
2014-05-13 17:12,6.969,0.026,0,0,0,0,v
2014-05-13 17:18,6.998,0.021,0,0,0,0,v
2014-05-13 17:24,7.036,0.028,0,0,0,0,v
2014-05-13 17:30,7.005,0.017,0,0,0,0,v
2014-05-13 17:36,7.000,0.017,0,0,0,0,v
2014-05-13 17:42,6.998,0.020,0,0,0,0,v
2014-05-13 17:48,7.033,0.021,0,0,0,0,v
2014-05-13 17:54,7.061,0.023,0,0,0,0,v
2014-05-13 18:00,7.085,0.023,0,0,0,0,v
2014-05-13 18:06,7.068,0.031,0,0,0,0,v
2014-05-13 18:12,7.077,0.017,0,0,0,0,v
2014-05-13 18:18,7.092,0.018,0,0,0,0,v
2014-05-13 18:24,7.096,0.016,0,0,0,0,v
2014-05-13 18:30,7.075,0.016,0,0,0,0,v
2014-05-13 18:36,7.091,0.016,0,0,0,0,v
2014-05-13 18:42,7.035,0.017,0,0,0,0,v
2014-05-13 18:48,7.037,0.017,0,0,0,0,v
2014-05-13 18:54,7.031,0.026,0,0,0,0,v
2014-05-13 19:00,6.986,0.015,0,0,0,0,v
2014-05-13 19:06,6.989,0.018,0,0,0,0,v
2014-05-13 19:12,6.990,0.016,0,0,0,0,v
2014-05-13 19:18,6.991,0.019,0,0,0,0,v
2014-05-13 19:24,7.004,0.015,0,0,0,0,v
2014-05-13 19:30,6.996,0.016,0,0,0,0,v
2014-05-13 19:36,6.996,0.014,0,0,0,0,v
2014-05-13 19:42,6.972,0.015,0,0,0,0,v
2014-05-13 19:48,6.956,0.018,0,0,0,0,v
2014-05-13 19:54,6.938,0.019,0,0,0,0,v
2014-05-13 20:00,6.955,0.018,0,0,0,0,v
2014-05-13 20:06,6.955,0.019,0,0,0,0,v
2014-05-13 20:12,6.982,0.016,0,0,0,0,v
2014-05-13 20:18,6.950,0.020,0,0,0,0,v
2014-05-13 20:24,6.917,0.017,0,0,0,0,v
2014-05-13 20:30,6.900,0.019,0,0,0,0,v
2014-05-13 20:36,6.923,0.022,0,0,0,0,v
2014-05-13 20:42,6.852,0.016,0,0,0,0,v
2014-05-13 20:48,6.821,0.015,0,0,0,0,v
2014-05-13 20:54,6.837,0.015,0,0,0,0,v
2014-05-13 21:00,6.848,0.014,0,0,0,0,v
2014-05-13 21:06,6.864,0.018,0,0,0,0,v
2014-05-13 21:12,6.890,0.015,0,0,0,0,v
2014-05-13 21:18,6.841,0.015,0,0,0,0,v
2014-05-13 21:24,6.812,0.018,0,0,0,0,v
2014-05-13 21:30,6.773,0.016,0,0,0,0,v
2014-05-13 21:36,6.730,0.016,0,0,0,0,v
2014-05-13 21:42,6.728,0.017,0,0,0,0,v
2014-05-13 21:48,6.737,0.012,0,0,0,0,v
2014-05-13 21:54,6.772,0.016,0,0,0,0,v
2014-05-13 22:00,6.770,0.017,0,0,0,0,v
2014-05-13 22:06,6.760,0.012,0,0,0,0,v
2014-05-13 22:12,6.773,0.014,0,0,0,0,v
2014-05-13 22:18,6.752,0.016,0,0,0,0,v
2014-05-13 22:24,6.741,0.018,0,0,0,0,v
2014-05-13 22:30,6.697,0.013,0,0,0,0,v
2014-05-13 22:36,6.651,0.012,0,0,0,0,v
2014-05-13 22:42,6.640,0.012,0,0,0,0,v
2014-05-13 22:48,6.661,0.012,0,0,0,0,v
2014-05-13 22:54,6.651,0.014,0,0,0,0,v
2014-05-13 23:00,6.625,0.011,0,0,0,0,v
2014-05-13 23:06,6.675,0.013,0,0,0,0,v
2014-05-13 23:12,6.664,0.014,0,0,0,0,v
2014-05-13 23:18,6.693,0.011,0,0,0,0,v
2014-05-13 23:24,6.709,0.015,0,0,0,0,v
2014-05-13 23:30,6.706,0.025,0,0,0,0,v
2014-05-13 23:36,6.667,0.018,0,0,0,0,v
2014-05-13 23:42,6.669,0.013,0,0,0,0,v
2014-05-13 23:48,6.613,0.020,0,0,0,0,v
2014-05-13 23:54,6.571,0.020,0,0,0,0,v
2014-05-14 00:00,6.509,0.016,0,0,0,0,v
2014-05-14 00:06,6.557,0.016,0,0,0,0,v
2014-05-14 00:12,6.594,0.016,0,0,0,0,v
2014-05-14 00:18,6.626,0.014,0,0,0,0,v
2014-05-14 00:24,6.589,0.019,0,0,0,0,v
2014-05-14 00:30,6.604,0.018,0,0,0,0,v
2014-05-14 00:36,6.613,0.020,0,0,0,0,v
2014-05-14 00:42,6.591,0.022,0,0,0,0,v
2014-05-14 00:48,6.553,0.015,0,0,0,0,v
2014-05-14 00:54,6.544,0.020,0,0,0,0,v
2014-05-14 01:00,6.547,0.022,0,0,0,0,v
2014-05-14 01:06,6.496,0.021,0,0,0,0,v
2014-05-14 01:12,6.486,0.019,0,0,0,0,v
2014-05-14 01:18,6.516,0.016,0,0,0,0,v
2014-05-14 01:24,6.489,0.019,0,0,0,0,v
2014-05-14 01:30,6.537,0.019,0,0,0,0,v
2014-05-14 01:36,6.538,0.020,0,0,0,0,v
2014-05-14 01:42,6.518,0.015,0,0,0,0,v
2014-05-14 01:48,6.511,0.016,0,0,0,0,v
2014-05-14 01:54,6.459,0.016,0,0,0,0,v
2014-05-14 02:00,6.453,0.016,0,0,0,0,v
2014-05-14 02:06,6.465,0.017,0,0,0,0,v
2014-05-14 02:12,6.472,0.015,0,0,0,0,v
2014-05-14 02:18,6.471,0.017,0,0,0,0,v
2014-05-14 02:24,6.446,0.020,0,0,0,0,v
2014-05-14 02:30,6.474,0.017,0,0,0,0,v
2014-05-14 02:36,6.501,0.018,0,0,0,0,v
2014-05-14 02:42,6.534,0.016,0,0,0,0,v
2014-05-14 02:48,6.553,0.020,0,0,0,0,v
2014-05-14 02:54,6.551,0.017,0,0,0,0,v
2014-05-14 03:00,6.525,0.018,0,0,0,0,v
2014-05-14 03:06,6.580,0.019,0,0,0,0,v
2014-05-14 03:12,6.659,0.014,0,0,0,0,v
2014-05-14 03:18,6.632,0.017,0,0,0,0,v
2014-05-14 03:24,6.617,0.015,0,0,0,0,v
2014-05-14 03:30,6.602,0.016,0,0,0,0,v
2014-05-14 03:36,6.577,0.012,0,0,0,0,v
2014-05-14 03:42,6.581,0.016,0,0,0,0,v
2014-05-14 03:48,6.582,0.016,0,0,0,0,v
2014-05-14 03:54,6.588,0.014,0,0,0,0,v
2014-05-14 04:00,6.583,0.015,0,0,0,0,v
2014-05-14 04:06,6.613,0.014,0,0,0,0,v
2014-05-14 04:12,6.623,0.019,0,0,0,0,v
2014-05-14 04:18,6.585,0.020,0,0,0,0,v
2014-05-14 04:24,6.512,0.016,0,0,0,0,v
2014-05-14 04:30,6.577,0.020,0,0,0,0,v
2014-05-14 04:36,6.606,0.016,0,0,0,0,v
2014-05-14 04:42,6.614,0.014,0,0,0,0,v
2014-05-14 04:48,6.658,0.017,0,0,0,0,v
2014-05-14 04:54,6.656,0.017,0,0,0,0,v
2014-05-14 05:00,6.658,0.015,0,0,0,0,v
2014-05-14 05:06,6.725,0.012,0,0,0,0,v
2014-05-14 05:12,6.741,0.014,0,0,0,0,v
2014-05-14 05:18,6.753,0.012,0,0,0,0,v
2014-05-14 05:24,6.810,0.019,0,0,0,0,v
2014-05-14 05:30,6.820,0.013,0,0,0,0,v
2014-05-14 05:36,6.820,0.009,0,0,0,0,v
2014-05-14 05:42,6.833,0.014,0,0,0,0,v
2014-05-14 05:48,6.832,0.011,0,0,0,0,v
2014-05-14 05:54,6.846,0.010,0,0,0,0,v
2014-05-14 06:00,6.813,0.009,0,0,0,0,v
2014-05-14 06:06,6.820,0.010,0,0,0,0,v
2014-05-14 06:12,6.813,0.011,0,0,0,0,v
2014-05-14 06:18,6.776,0.007,0,0,0,0,v
2014-05-14 06:24,6.793,0.010,0,0,0,0,v
2014-05-14 06:30,6.773,0.008,0,0,0,0,v
2014-05-14 06:36,6.793,0.008,0,0,0,0,v
2014-05-14 06:42,6.748,0.009,0,0,0,0,v
2014-05-14 06:48,6.768,0.009,0,0,0,0,v
2014-05-14 06:54,6.809,0.011,0,0,0,0,v
2014-05-14 07:00,6.799,0.010,0,0,0,0,v
2014-05-14 07:06,6.857,0.009,0,0,0,0,v
2014-05-14 07:12,6.865,0.010,0,0,0,0,v
2014-05-14 07:18,6.890,0.010,0,0,0,0,v
2014-05-14 07:24,6.923,0.009,0,0,0,0,v
2014-05-14 07:30,6.925,0.009,0,0,0,0,v
2014-05-14 07:36,6.966,0.011,0,0,0,0,v
2014-05-14 07:42,6.967,0.008,0,0,0,0,v
2014-05-14 07:48,6.966,0.010,0,0,0,0,v
2014-05-14 07:54,6.999,0.010,0,0,0,0,v
2014-05-14 08:00,7.023,0.009,0,0,0,0,v
2014-05-14 08:06,7.031,0.011,0,0,0,0,v
2014-05-14 08:12,7.013,0.008,0,0,0,0,v
2014-05-14 08:18,7.022,0.009,0,0,0,0,v
2014-05-14 08:24,7.044,0.010,0,0,0,0,v
2014-05-14 08:30,7.049,0.010,0,0,0,0,v
2014-05-14 08:36,7.030,0.008,0,0,0,0,v
2014-05-14 08:42,6.991,0.007,0,0,0,0,v
2014-05-14 08:48,6.981,0.008,0,0,0,0,v
2014-05-14 08:54,7.049,0.017,0,0,0,0,v
2014-05-14 09:00,7.063,0.014,0,0,0,0,v
2014-05-14 09:06,7.027,0.015,0,0,0,0,v
2014-05-14 09:12,7.078,0.014,0,0,0,0,v
2014-05-14 09:18,7.084,0.016,0,0,0,0,v
2014-05-14 09:24,7.021,0.021,0,0,0,0,v
2014-05-14 09:30,7.010,0.013,0,0,0,0,v
2014-05-14 09:36,7.000,0.014,0,0,0,0,v
2014-05-14 09:42,7.006,0.015,0,0,0,0,v
2014-05-14 09:48,6.985,0.012,0,0,0,0,v
2014-05-14 09:54,7.003,0.014,0,0,0,0,v
2014-05-14 10:00,6.952,0.018,0,0,0,0,v
2014-05-14 10:06,6.925,0.018,0,0,0,0,v
2014-05-14 10:12,6.956,0.016,0,0,0,0,v
2014-05-14 10:18,6.969,0.016,0,0,0,0,v
2014-05-14 10:24,7.011,0.013,0,0,0,0,v
2014-05-14 10:30,7.016,0.014,0,0,0,0,v
2014-05-14 10:36,7.047,0.014,0,0,0,0,v
2014-05-14 10:42,7.074,0.014,0,0,0,0,v
2014-05-14 10:48,7.072,0.014,0,0,0,0,v
2014-05-14 10:54,7.053,0.013,0,0,0,0,v
2014-05-14 11:00,7.004,0.014,0,0,0,0,v
2014-05-14 11:06,7.025,0.011,0,0,0,0,v
2014-05-14 11:12,7.008,0.013,0,0,0,0,v
2014-05-14 11:18,7.017,0.013,0,0,0,0,v
2014-05-14 11:24,7.022,0.017,0,0,0,0,v
2014-05-14 11:30,7.015,0.014,0,0,0,0,v
2014-05-14 11:36,7.016,0.014,0,0,0,0,v
2014-05-14 11:42,6.961,0.015,0,0,0,0,v
2014-05-14 11:48,6.981,0.013,0,0,0,0,v
2014-05-14 11:54,7.019,0.013,0,0,0,0,v
2014-05-14 12:00,6.988,0.015,0,0,0,0,v
2014-05-14 12:06,6.940,0.017,0,0,0,0,v
2014-05-14 12:12,6.916,0.014,0,0,0,0,v
2014-05-14 12:18,6.964,0.019,0,0,0,0,v
2014-05-14 12:24,6.957,0.015,0,0,0,0,v
2014-05-14 12:30,6.930,0.014,0,0,0,0,v
2014-05-14 12:36,6.953,0.015,0,0,0,0,v
2014-05-14 12:42,6.950,0.014,0,0,0,0,v
2014-05-14 12:48,6.938,0.014,0,0,0,0,v
2014-05-14 12:54,6.950,0.015,0,0,0,0,v
2014-05-14 13:00,6.930,0.013,0,0,0,0,v
2014-05-14 13:06,6.946,0.012,0,0,0,0,v
2014-05-14 13:12,6.949,0.018,0,0,0,0,v
2014-05-14 13:18,6.938,0.015,0,0,0,0,v
2014-05-14 13:24,6.958,0.012,0,0,0,0,v
2014-05-14 13:30,6.949,0.023,0,0,0,0,v
2014-05-14 13:36,6.910,0.012,0,0,0,0,v
2014-05-14 13:42,6.930,0.017,0,0,0,0,v
2014-05-14 13:48,6.939,0.020,0,0,0,0,v
2014-05-14 13:54,6.964,0.017,0,0,0,0,v
2014-05-14 14:00,6.931,0.015,0,0,0,0,v
2014-05-14 14:06,6.951,0.016,0,0,0,0,v
2014-05-14 14:12,6.941,0.018,0,0,0,0,v
2014-05-14 14:18,6.944,0.018,0,0,0,0,v
2014-05-14 14:24,6.929,0.017,0,0,0,0,v
2014-05-14 14:30,6.896,0.015,0,0,0,0,v
2014-05-14 14:36,6.914,0.018,0,0,0,0,v
2014-05-14 14:42,6.895,0.013,0,0,0,0,v
2014-05-14 14:48,6.906,0.017,0,0,0,0,v
2014-05-14 14:54,6.903,0.015,0,0,0,0,v
2014-05-14 15:00,6.895,0.015,0,0,0,0,v
2014-05-14 15:06,6.883,0.016,0,0,0,0,v
2014-05-14 15:12,6.920,0.019,0,0,0,0,v
2014-05-14 15:18,6.903,0.014,0,0,0,0,v
2014-05-14 15:24,6.875,0.017,0,0,0,0,v
2014-05-14 15:30,6.887,0.017,0,0,0,0,v
2014-05-14 15:36,6.874,0.017,0,0,0,0,v
2014-05-14 15:42,6.896,0.015,0,0,0,0,v
2014-05-14 15:48,6.900,0.019,0,0,0,0,v
2014-05-14 15:54,6.865,0.015,0,0,0,0,v
2014-05-14 16:00,6.845,0.016,0,0,0,0,v
2014-05-14 16:06,6.853,0.010,0,0,0,0,v
2014-05-14 16:12,6.839,0.011,0,0,0,0,v
2014-05-14 16:18,6.836,0.010,0,0,0,0,v
2014-05-14 16:24,6.840,0.010,0,0,0,0,v
2014-05-14 16:30,6.818,0.010,0,0,0,0,v
2014-05-14 16:36,6.857,0.010,0,0,0,0,v
2014-05-14 16:42,6.848,0.007,0,0,0,0,v
2014-05-14 16:48,6.851,0.006,0,0,0,0,v
2014-05-14 16:54,6.853,0.012,0,0,0,0,v
2014-05-14 17:00,6.851,0.010,0,0,0,0,v
2014-05-14 17:06,6.823,0.007,0,0,0,0,v
2014-05-14 17:12,6.845,0.014,0,0,0,0,v
2014-05-14 17:18,6.845,0.011,0,0,0,0,v
2014-05-14 17:24,6.835,0.009,0,0,0,0,v
2014-05-14 17:30,6.833,0.010,0,0,0,0,v
2014-05-14 17:36,6.827,0.011,0,0,0,0,v
2014-05-14 17:42,6.850,0.010,0,0,0,0,v
2014-05-14 17:48,6.879,0.006,0,0,0,0,v
2014-05-14 17:54,6.872,0.011,0,0,0,0,v
2014-05-14 18:00,6.864,0.009,0,0,0,0,v
2014-05-14 18:06,6.858,0.010,0,0,0,0,v
2014-05-14 18:12,6.845,0.010,0,0,0,0,v
2014-05-14 18:18,6.844,0.013,0,0,0,0,v
2014-05-14 18:24,6.822,0.009,0,0,0,0,v
2014-05-14 18:30,6.792,0.007,0,0,0,0,v
2014-05-14 18:36,6.794,0.008,0,0,0,0,v
2014-05-14 18:42,6.817,0.009,0,0,0,0,v
2014-05-14 18:48,6.828,0.011,0,0,0,0,v
2014-05-14 18:54,6.817,0.006,0,0,0,0,v
2014-05-14 19:00,6.809,0.009,0,0,0,0,v
2014-05-14 19:06,6.829,0.006,0,0,0,0,v
2014-05-14 19:12,6.811,0.011,0,0,0,0,v
2014-05-14 19:18,6.850,0.006,0,0,0,0,v
2014-05-14 19:24,6.832,0.007,0,0,0,0,v
2014-05-14 19:30,6.807,0.009,0,0,0,0,v
2014-05-14 19:36,6.796,0.008,0,0,0,0,v
2014-05-14 19:42,6.766,0.012,0,0,0,0,v
2014-05-14 19:48,6.774,0.009,0,0,0,0,v
2014-05-14 19:54,6.767,0.007,0,0,0,0,v
2014-05-14 20:00,6.778,0.009,0,0,0,0,v
2014-05-14 20:06,6.787,0.010,0,0,0,0,v
2014-05-14 20:12,6.797,0.012,0,0,0,0,v
2014-05-14 20:18,6.772,0.008,0,0,0,0,v
2014-05-14 20:24,6.774,0.011,0,0,0,0,v
2014-05-14 20:30,6.754,0.005,0,0,0,0,v
2014-05-14 20:36,6.750,0.009,0,0,0,0,v
2014-05-14 20:42,6.754,0.009,0,0,0,0,v
2014-05-14 20:48,6.765,0.007,0,0,0,0,v
2014-05-14 20:54,6.745,0.010,0,0,0,0,v
2014-05-14 21:00,6.759,0.008,0,0,0,0,v
2014-05-14 21:06,6.767,0.009,0,0,0,0,v
2014-05-14 21:12,6.740,0.006,0,0,0,0,v
2014-05-14 21:18,6.739,0.008,0,0,0,0,v
2014-05-14 21:24,6.746,0.007,0,0,0,0,v
2014-05-14 21:30,6.743,0.006,0,0,0,0,v
2014-05-14 21:36,6.712,0.009,0,0,0,0,v
2014-05-14 21:42,6.686,0.007,0,0,0,0,v
2014-05-14 21:48,6.667,0.008,0,0,0,0,v
2014-05-14 21:54,6.657,0.008,0,0,0,0,v
2014-05-14 22:00,6.615,0.007,0,0,0,0,v
2014-05-14 22:06,6.616,0.009,0,0,0,0,v
2014-05-14 22:12,6.612,0.006,0,0,0,0,v
2014-05-14 22:18,6.590,0.008,0,0,0,0,v
2014-05-14 22:24,6.581,0.007,0,0,0,0,v
2014-05-14 22:30,6.568,0.006,0,0,0,0,v
2014-05-14 22:36,6.546,0.007,0,0,0,0,v
2014-05-14 22:42,6.555,0.007,0,0,0,0,v
2014-05-14 22:48,6.555,0.007,0,0,0,0,v
2014-05-14 22:54,6.551,0.006,0,0,0,0,v
2014-05-14 23:00,6.560,0.007,0,0,0,0,v
2014-05-14 23:06,6.564,0.006,0,0,0,0,v
2014-05-14 23:12,6.552,0.006,0,0,0,0,v
2014-05-14 23:18,6.550,0.008,0,0,0,0,v
2014-05-14 23:24,6.553,0.013,0,0,0,0,v
2014-05-14 23:30,6.532,0.009,0,0,0,0,v
2014-05-14 23:36,6.509,0.005,0,0,0,0,v
2014-05-14 23:42,6.517,0.004,0,0,0,0,v
2014-05-14 23:48,6.494,0.011,0,0,0,0,v
2014-05-14 23:54,6.470,0.006,0,0,0,0,v
2014-05-15 00:00,6.449,0.008,0,0,0,0,v
2014-05-15 00:06,6.447,0.009,0,0,0,0,v
2014-05-15 00:12,6.428,0.007,0,0,0,0,v
2014-05-15 00:18,6.429,0.006,0,0,0,0,v
2014-05-15 00:24,6.413,0.008,0,0,0,0,v
2014-05-15 00:30,6.412,0.007,0,0,0,0,v
2014-05-15 00:36,6.396,0.004,0,0,0,0,v
2014-05-15 00:42,6.398,0.007,0,0,0,0,v
2014-05-15 00:48,6.412,0.005,0,0,0,0,v
2014-05-15 00:54,6.406,0.004,0,0,0,0,v
2014-05-15 01:00,6.406,0.004,0,0,0,0,v
2014-05-15 01:06,6.401,0.005,0,0,0,0,v
2014-05-15 01:12,6.391,0.007,0,0,0,0,v
2014-05-15 01:18,6.386,0.005,0,0,0,0,v
2014-05-15 01:24,6.368,0.004,0,0,0,0,v
2014-05-15 01:30,6.382,0.005,0,0,0,0,v
2014-05-15 01:36,6.383,0.005,0,0,0,0,v
2014-05-15 01:42,6.404,0.007,0,0,0,0,v
2014-05-15 01:48,6.392,0.007,0,0,0,0,v
2014-05-15 01:54,6.391,0.006,0,0,0,0,v
2014-05-15 02:00,6.387,0.005,0,0,0,0,v
2014-05-15 02:06,6.368,0.005,0,0,0,0,v
2014-05-15 02:12,6.370,0.005,0,0,0,0,v
2014-05-15 02:18,6.352,0.006,0,0,0,0,v
2014-05-15 02:24,6.348,0.006,0,0,0,0,v
2014-05-15 02:30,6.374,0.004,0,0,0,0,v
2014-05-15 02:36,6.364,0.005,0,0,0,0,v
2014-05-15 02:42,6.348,0.007,0,0,0,0,v
2014-05-15 02:48,6.355,0.006,0,0,0,0,v
2014-05-15 02:54,6.386,0.005,0,0,0,0,v
2014-05-15 03:00,6.385,0.004,0,0,0,0,v
2014-05-15 03:06,6.392,0.007,0,0,0,0,v
2014-05-15 03:12,6.399,0.006,0,0,0,0,v
2014-05-15 03:18,6.384,0.004,0,0,0,0,v
2014-05-15 03:24,6.383,0.005,0,0,0,0,v
2014-05-15 03:30,6.391,0.005,0,0,0,0,v
2014-05-15 03:36,6.416,0.004,0,0,0,0,v
2014-05-15 03:42,6.404,0.003,0,0,0,0,v
2014-05-15 03:48,6.411,0.004,0,0,0,0,v
2014-05-15 03:54,6.420,0.004,0,0,0,0,v
2014-05-15 04:00,6.426,0.003,0,0,0,0,v
2014-05-15 04:06,6.421,0.003,0,0,0,0,v
2014-05-15 04:12,6.413,0.005,0,0,0,0,v
2014-05-15 04:18,6.454,0.004,0,0,0,0,v
2014-05-15 04:24,6.460,0.005,0,0,0,0,v
2014-05-15 04:30,6.474,0.003,0,0,0,0,v
2014-05-15 04:36,6.500,0.004,0,0,0,0,v
2014-05-15 04:42,6.512,0.004,0,0,0,0,v
2014-05-15 04:48,6.495,0.004,0,0,0,0,v
2014-05-15 04:54,6.497,0.004,0,0,0,0,v
2014-05-15 05:00,6.513,0.004,0,0,0,0,v
2014-05-15 05:06,6.532,0.005,0,0,0,0,v
2014-05-15 05:12,6.524,0.005,0,0,0,0,v
2014-05-15 05:18,6.520,0.006,0,0,0,0,v
2014-05-15 05:24,6.530,0.005,0,0,0,0,v
2014-05-15 05:30,6.569,0.010,0,0,0,0,v
2014-05-15 05:36,6.574,0.006,0,0,0,0,v
2014-05-15 05:42,6.568,0.006,0,0,0,0,v
2014-05-15 05:48,6.585,0.007,0,0,0,0,v
2014-05-15 05:54,6.569,0.006,0,0,0,0,v
2014-05-15 06:00,6.621,0.008,0,0,0,0,v
2014-05-15 06:06,6.647,0.008,0,0,0,0,v
2014-05-15 06:12,6.655,0.006,0,0,0,0,v
2014-05-15 06:18,6.657,0.006,0,0,0,0,v
2014-05-15 06:24,6.658,0.006,0,0,0,0,v
2014-05-15 06:30,6.668,0.007,0,0,0,0,v
2014-05-15 06:36,6.682,0.006,0,0,0,0,v
2014-05-15 06:42,6.708,0.006,0,0,0,0,v
2014-05-15 06:48,6.731,0.008,0,0,0,0,v
2014-05-15 06:54,6.710,0.008,0,0,0,0,v
2014-05-15 07:00,6.706,0.007,0,0,0,0,v
2014-05-15 07:06,6.734,0.009,0,0,0,0,v
2014-05-15 07:12,6.753,0.011,0,0,0,0,v
2014-05-15 07:18,6.784,0.007,0,0,0,0,v
2014-05-15 07:24,6.797,0.009,0,0,0,0,v
2014-05-15 07:30,6.793,0.009,0,0,0,0,v
2014-05-15 07:36,6.793,0.009,0,0,0,0,v
2014-05-15 07:42,6.797,0.008,0,0,0,0,v
2014-05-15 07:48,6.800,0.009,0,0,0,0,v
2014-05-15 07:54,6.813,0.008,0,0,0,0,v
2014-05-15 08:00,6.817,0.007,0,0,0,0,v
2014-05-15 08:06,6.805,0.008,0,0,0,0,v
2014-05-15 08:12,6.824,0.010,0,0,0,0,v
2014-05-15 08:18,6.849,0.011,0,0,0,0,v
2014-05-15 08:24,6.832,0.008,0,0,0,0,v
2014-05-15 08:30,6.838,0.010,0,0,0,0,v
2014-05-15 08:36,6.885,0.005,0,0,0,0,v
2014-05-15 08:42,6.905,0.007,0,0,0,0,v
2014-05-15 08:48,6.889,0.008,0,0,0,0,v
2014-05-15 08:54,6.898,0.005,0,0,0,0,v
2014-05-15 09:00,6.903,0.008,0,0,0,0,v
2014-05-15 09:06,6.912,0.007,0,0,0,0,v
2014-05-15 09:12,6.927,0.006,0,0,0,0,v
2014-05-15 09:18,6.951,0.006,0,0,0,0,v
2014-05-15 09:24,6.941,0.006,0,0,0,0,v
2014-05-15 09:30,6.946,0.006,0,0,0,0,v
2014-05-15 09:36,6.952,0.006,0,0,0,0,v
2014-05-15 09:42,6.936,0.006,0,0,0,0,v
2014-05-15 09:48,6.954,0.008,0,0,0,0,v
2014-05-15 09:54,6.953,0.009,0,0,0,0,v
2014-05-15 10:00,6.957,0.011,0,0,0,0,v
2014-05-15 10:06,6.951,0.006,0,0,0,0,v
2014-05-15 10:12,6.969,0.006,0,0,0,0,v
2014-05-15 10:18,6.985,0.007,0,0,0,0,v
2014-05-15 10:24,6.987,0.006,0,0,0,0,v
2014-05-15 10:30,6.964,0.009,0,0,0,0,v
2014-05-15 10:36,6.960,0.006,0,0,0,0,v
2014-05-15 10:42,6.971,0.004,0,0,0,0,v
2014-05-15 10:48,6.975,0.005,0,0,0,0,v
2014-05-15 10:54,6.957,0.008,0,0,0,0,v
2014-05-15 11:00,6.977,0.009,0,0,0,0,v
2014-05-15 11:06,6.960,0.008,0,0,0,0,v
2014-05-15 11:12,6.955,0.012,0,0,0,0,v
2014-05-15 11:18,6.956,0.009,0,0,0,0,v
2014-05-15 11:24,6.959,0.007,0,0,0,0,v
2014-05-15 11:30,6.969,0.006,0,0,0,0,v
2014-05-15 11:36,6.972,0.007,0,0,0,0,v
2014-05-15 11:42,6.954,0.010,0,0,0,0,v
2014-05-15 11:48,6.949,0.007,0,0,0,0,v
2014-05-15 11:54,6.938,0.006,0,0,0,0,v
2014-05-15 12:00,6.948,0.007,0,0,0,0,v
2014-05-15 12:06,6.940,0.009,0,0,0,0,v
2014-05-15 12:12,6.917,0.011,0,0,0,0,v
2014-05-15 12:18,6.900,0.007,0,0,0,0,v
2014-05-15 12:24,6.894,0.007,0,0,0,0,v
2014-05-15 12:30,6.911,0.006,0,0,0,0,v
2014-05-15 12:36,6.891,0.006,0,0,0,0,v
2014-05-15 12:42,6.883,0.007,0,0,0,0,v
2014-05-15 12:48,6.899,0.006,0,0,0,0,v
2014-05-15 12:54,6.889,0.007,0,0,0,0,v
2014-05-15 13:00,6.874,0.008,0,0,0,0,v
2014-05-15 13:06,6.877,0.007,0,0,0,0,v
2014-05-15 13:12,6.875,0.007,0,0,0,0,v
2014-05-15 13:18,6.856,0.006,0,0,0,0,v
2014-05-15 13:24,6.844,0.006,0,0,0,0,v
2014-05-15 13:30,6.850,0.009,0,0,0,0,v
2014-05-15 13:36,6.826,0.005,0,0,0,0,v
2014-05-15 13:42,6.827,0.007,0,0,0,0,v
2014-05-15 13:48,6.828,0.005,0,0,0,0,v
2014-05-15 13:54,6.829,0.007,0,0,0,0,v
2014-05-15 14:00,6.827,0.006,0,0,0,0,v
2014-05-15 14:06,6.824,0.004,0,0,0,0,v
2014-05-15 14:12,6.833,0.005,0,0,0,0,v
2014-05-15 14:18,6.818,0.008,0,0,0,0,v
2014-05-15 14:24,6.829,0.007,0,0,0,0,v
2014-05-15 14:30,6.839,0.005,0,0,0,0,v
2014-05-15 14:36,6.841,0.004,0,0,0,0,v
2014-05-15 14:42,6.850,0.006,0,0,0,0,v
2014-05-15 14:48,6.854,0.009,0,0,0,0,v
2014-05-15 14:54,6.837,0.006,0,0,0,0,v
2014-05-15 15:00,6.829,0.008,0,0,0,0,v
2014-05-15 15:06,6.812,0.007,0,0,0,0,v
2014-05-15 15:12,6.797,0.004,0,0,0,0,v
2014-05-15 15:18,6.798,0.006,0,0,0,0,v
2014-05-15 15:24,6.777,0.005,0,0,0,0,v
2014-05-15 15:30,6.779,0.006,0,0,0,0,v
2014-05-15 15:36,6.796,0.008,0,0,0,0,v
2014-05-15 15:42,6.781,0.006,0,0,0,0,v
2014-05-15 15:48,6.783,0.006,0,0,0,0,v
2014-05-15 15:54,6.784,0.008,0,0,0,0,v
2014-05-15 16:00,6.781,0.004,0,0,0,0,v
2014-05-15 16:06,6.786,0.007,0,0,0,0,v
2014-05-15 16:12,6.797,0.004,0,0,0,0,v
2014-05-15 16:18,6.778,0.010,0,0,0,0,v
2014-05-15 16:24,6.780,0.006,0,0,0,0,v
2014-05-15 16:30,6.767,0.005,0,0,0,0,v
2014-05-15 16:36,6.776,0.006,0,0,0,0,v
2014-05-15 16:42,6.778,0.007,0,0,0,0,v
2014-05-15 16:48,6.767,0.009,0,0,0,0,v
2014-05-15 16:54,6.766,0.005,0,0,0,0,v
2014-05-15 17:00,6.760,0.006,0,0,0,0,v
2014-05-15 17:06,6.767,0.005,0,0,0,0,v
2014-05-15 17:12,6.749,0.007,0,0,0,0,v
2014-05-15 17:18,6.732,0.007,0,0,0,0,v
2014-05-15 17:24,6.737,0.006,0,0,0,0,v
2014-05-15 17:30,6.709,0.008,0,0,0,0,v
2014-05-15 17:36,6.719,0.008,0,0,0,0,v
2014-05-15 17:42,6.706,0.006,0,0,0,0,v
2014-05-15 17:48,6.715,0.006,0,0,0,0,v
2014-05-15 17:54,6.710,0.007,0,0,0,0,v
2014-05-15 18:00,6.699,0.005,0,0,0,0,v
2014-05-15 18:06,6.691,0.004,0,0,0,0,v
2014-05-15 18:12,6.697,0.006,0,0,0,0,v
2014-05-15 18:18,6.712,0.005,0,0,0,0,v
2014-05-15 18:24,6.714,0.006,0,0,0,0,v
2014-05-15 18:30,6.719,0.004,0,0,0,0,v
2014-05-15 18:36,6.736,0.006,0,0,0,0,v
2014-05-15 18:42,6.744,0.006,0,0,0,0,v
2014-05-15 18:48,6.726,0.005,0,0,0,0,v
2014-05-15 18:54,6.719,0.006,0,0,0,0,v
2014-05-15 19:00,6.714,0.006,0,0,0,0,v
2014-05-15 19:06,6.717,0.006,0,0,0,0,v
2014-05-15 19:12,6.716,0.005,0,0,0,0,v
2014-05-15 19:18,6.729,0.005,0,0,0,0,v
2014-05-15 19:24,6.728,0.006,0,0,0,0,v
2014-05-15 19:30,6.707,0.006,0,0,0,0,v
2014-05-15 19:36,6.698,0.005,0,0,0,0,v
2014-05-15 19:42,6.702,0.007,0,0,0,0,v
2014-05-15 19:48,6.704,0.005,0,0,0,0,v
2014-05-15 19:54,6.718,0.007,0,0,0,0,v
2014-05-15 20:00,6.714,0.006,0,0,0,0,v
2014-05-15 20:06,6.715,0.005,0,0,0,0,v
2014-05-15 20:12,6.705,0.006,0,0,0,0,v
2014-05-15 20:18,6.725,0.007,0,0,0,0,v
2014-05-15 20:24,6.714,0.006,0,0,0,0,v
2014-05-15 20:30,6.711,0.006,0,0,0,0,v
2014-05-15 20:36,6.690,0.005,0,0,0,0,v
2014-05-15 20:42,6.676,0.005,0,0,0,0,v
2014-05-15 20:48,6.678,0.005,0,0,0,0,v
2014-05-15 20:54,6.665,0.005,0,0,0,0,v
2014-05-15 21:00,6.663,0.005,0,0,0,0,v
2014-05-15 21:06,6.666,0.004,0,0,0,0,v
2014-05-15 21:12,6.660,0.007,0,0,0,0,v
2014-05-15 21:18,6.648,0.007,0,0,0,0,v
2014-05-15 21:24,6.625,0.005,0,0,0,0,v
2014-05-15 21:30,6.631,0.006,0,0,0,0,v
2014-05-15 21:36,6.628,0.003,0,0,0,0,v
2014-05-15 21:42,6.614,0.007,0,0,0,0,v
2014-05-15 21:48,6.585,0.005,0,0,0,0,v
2014-05-15 21:54,6.589,0.005,0,0,0,0,v
2014-05-15 22:00,6.577,0.004,0,0,0,0,v
2014-05-15 22:06,6.568,0.005,0,0,0,0,v
2014-05-15 22:12,6.556,0.008,0,0,0,0,v
2014-05-15 22:18,6.549,0.005,0,0,0,0,v
2014-05-15 22:24,6.526,0.005,0,0,0,0,v
2014-05-15 22:30,6.514,0.005,0,0,0,0,v
2014-05-15 22:36,6.510,0.004,0,0,0,0,v
2014-05-15 22:42,6.499,0.006,0,0,0,0,v
2014-05-15 22:48,6.491,0.005,0,0,0,0,v
2014-05-15 22:54,6.483,0.005,0,0,0,0,v
2014-05-15 23:00,6.473,0.009,0,0,0,0,v
2014-05-15 23:06,6.445,0.005,0,0,0,0,v
2014-05-15 23:12,6.434,0.005,0,0,0,0,v
2014-05-15 23:18,6.427,0.008,0,0,0,0,v
2014-05-15 23:24,6.416,0.005,0,0,0,0,v
2014-05-15 23:30,6.403,0.005,0,0,0,0,v
2014-05-15 23:36,6.390,0.006,0,0,0,0,v
2014-05-15 23:42,6.386,0.005,0,0,0,0,v
2014-05-15 23:48,6.377,0.005,0,0,0,0,v
2014-05-15 23:54,6.370,0.004,0,0,0,0,v
2014-05-16 00:00,6.354,0.004,0,0,0,0,v
2014-05-16 00:06,6.342,0.005,0,0,0,0,v
2014-05-16 00:12,6.339,0.004,0,0,0,0,v
2014-05-16 00:18,6.344,0.006,0,0,0,0,v
2014-05-16 00:24,6.324,0.006,0,0,0,0,v
2014-05-16 00:30,6.320,0.004,0,0,0,0,v
2014-05-16 00:36,6.316,0.004,0,0,0,0,v
2014-05-16 00:42,6.317,0.006,0,0,0,0,v
2014-05-16 00:48,6.306,0.006,0,0,0,0,v
2014-05-16 00:54,6.295,0.004,0,0,0,0,v
2014-05-16 01:00,6.307,0.003,0,0,0,0,v
2014-05-16 01:06,6.295,0.005,0,0,0,0,v
2014-05-16 01:12,6.286,0.005,0,0,0,0,v
2014-05-16 01:18,6.279,0.005,0,0,0,0,v
2014-05-16 01:24,6.257,0.005,0,0,0,0,v
2014-05-16 01:30,6.256,0.005,0,0,0,0,v
2014-05-16 01:36,6.258,0.004,0,0,0,0,v
2014-05-16 01:42,6.249,0.004,0,0,0,0,v
2014-05-16 01:48,6.232,0.006,0,0,0,0,v
2014-05-16 01:54,6.215,0.003,0,0,0,0,v
2014-05-16 02:00,6.222,0.005,0,0,0,0,v
2014-05-16 02:06,6.234,0.004,0,0,0,0,v
2014-05-16 02:12,6.247,0.005,0,0,0,0,v
2014-05-16 02:18,6.252,0.004,0,0,0,0,v
2014-05-16 02:24,6.240,0.004,0,0,0,0,v
2014-05-16 02:30,6.226,0.003,0,0,0,0,v
2014-05-16 02:36,6.217,0.003,0,0,0,0,v
2014-05-16 02:42,6.222,0.004,0,0,0,0,v
2014-05-16 02:48,6.226,0.004,0,0,0,0,v
2014-05-16 02:54,6.229,0.004,0,0,0,0,v
2014-05-16 03:00,6.213,0.004,0,0,0,0,v
2014-05-16 03:06,6.208,0.004,0,0,0,0,v
2014-05-16 03:12,6.212,0.005,0,0,0,0,v
2014-05-16 03:18,6.209,0.004,0,0,0,0,v
2014-05-16 03:24,6.210,0.005,0,0,0,0,v
2014-05-16 03:30,6.221,0.004,0,0,0,0,v
2014-05-16 03:36,6.225,0.004,0,0,0,0,v
2014-05-16 03:42,6.230,0.004,0,0,0,0,v
2014-05-16 03:48,6.230,0.004,0,0,0,0,v
2014-05-16 03:54,6.221,0.004,0,0,0,0,v
2014-05-16 04:00,6.220,0.006,0,0,0,0,v
2014-05-16 04:06,6.217,0.004,0,0,0,0,v
2014-05-16 04:12,6.216,0.005,0,0,0,0,v
2014-05-16 04:18,6.233,0.004,0,0,0,0,v
2014-05-16 04:24,6.243,0.004,0,0,0,0,v
2014-05-16 04:30,6.241,0.004,0,0,0,0,v
2014-05-16 04:36,6.258,0.003,0,0,0,0,v
2014-05-16 04:42,6.265,0.004,0,0,0,0,v
2014-05-16 04:48,6.260,0.004,0,0,0,0,v
2014-05-16 04:54,6.254,0.003,0,0,0,0,v
2014-05-16 05:00,6.271,0.003,0,0,0,0,v
2014-05-16 05:06,6.289,0.005,0,0,0,0,v
2014-05-16 05:12,6.290,0.005,0,0,0,0,v
2014-05-16 05:18,6.312,0.005,0,0,0,0,v
2014-05-16 05:24,6.335,0.005,0,0,0,0,v
2014-05-16 05:30,6.339,0.004,0,0,0,0,v
2014-05-16 05:36,6.336,0.005,0,0,0,0,v
2014-05-16 05:42,6.351,0.004,0,0,0,0,v
2014-05-16 05:48,6.357,0.004,0,0,0,0,v
2014-05-16 05:54,6.374,0.004,0,0,0,0,v
2014-05-16 06:00,6.390,0.004,0,0,0,0,v
2014-05-16 06:06,6.418,0.005,0,0,0,0,v
2014-05-16 06:12,6.436,0.004,0,0,0,0,v
2014-05-16 06:18,6.450,0.005,0,0,0,0,v
2014-05-16 06:24,6.465,0.004,0,0,0,0,v
2014-05-16 06:30,6.461,0.006,0,0,0,0,v
2014-05-16 06:36,6.479,0.004,0,0,0,0,v
2014-05-16 06:42,6.478,0.005,0,0,0,0,v
2014-05-16 06:48,6.486,0.004,0,0,0,0,v
2014-05-16 06:54,6.489,0.004,0,0,0,0,v
2014-05-16 07:00,6.492,0.005,0,0,0,0,v
2014-05-16 07:06,6.498,0.004,0,0,0,0,v
2014-05-16 07:12,6.513,0.005,0,0,0,0,v
2014-05-16 07:18,6.535,0.005,0,0,0,0,v
2014-05-16 07:24,6.545,0.004,0,0,0,0,v
2014-05-16 07:30,6.541,0.005,0,0,0,0,v
2014-05-16 07:36,6.548,0.006,0,0,0,0,v
2014-05-16 07:42,6.566,0.004,0,0,0,0,v
2014-05-16 07:48,6.575,0.004,0,0,0,0,v
2014-05-16 07:54,6.596,0.005,0,0,0,0,v
2014-05-16 08:00,6.603,0.004,0,0,0,0,v
2014-05-16 08:06,6.624,0.005,0,0,0,0,v
2014-05-16 08:12,6.633,0.005,0,0,0,0,v
2014-05-16 08:18,6.637,0.005,0,0,0,0,v
2014-05-16 08:24,6.648,0.005,0,0,0,0,v
2014-05-16 08:30,6.654,0.005,0,0,0,0,v
2014-05-16 08:36,6.670,0.005,0,0,0,0,v
2014-05-16 08:42,6.678,0.005,0,0,0,0,v
2014-05-16 08:48,6.683,0.005,0,0,0,0,v
2014-05-16 08:54,6.706,0.007,0,0,0,0,v
2014-05-16 09:00,6.732,0.005,0,0,0,0,v
2014-05-16 09:06,6.738,0.006,0,0,0,0,v
2014-05-16 09:12,6.742,0.005,0,0,0,0,v
2014-05-16 09:18,6.741,0.005,0,0,0,0,v
2014-05-16 09:24,6.759,0.005,0,0,0,0,v
2014-05-16 09:30,6.781,0.006,0,0,0,0,v
2014-05-16 09:36,6.777,0.005,0,0,0,0,v
2014-05-16 09:42,6.791,0.004,0,0,0,0,v
2014-05-16 09:48,6.808,0.005,0,0,0,0,v
2014-05-16 09:54,6.806,0.005,0,0,0,0,v
2014-05-16 10:00,6.824,0.005,0,0,0,0,v
2014-05-16 10:06,6.843,0.005,0,0,0,0,v
2014-05-16 10:12,6.843,0.005,0,0,0,0,v
2014-05-16 10:18,6.852,0.005,0,0,0,0,v
2014-05-16 10:24,6.860,0.006,0,0,0,0,v
2014-05-16 10:30,6.879,0.006,0,0,0,0,v
2014-05-16 10:36,6.881,0.006,0,0,0,0,v
2014-05-16 10:42,6.896,0.005,0,0,0,0,v
2014-05-16 10:48,6.896,0.006,0,0,0,0,v
2014-05-16 10:54,6.899,0.007,0,0,0,0,v
2014-05-16 11:00,6.898,0.006,0,0,0,0,v
2014-05-16 11:06,6.911,0.005,0,0,0,0,v
2014-05-16 11:12,6.908,0.009,0,0,0,0,v
2014-05-16 11:18,6.907,0.008,0,0,0,0,v
2014-05-16 11:24,6.911,0.007,0,0,0,0,v
2014-05-16 11:30,6.904,0.008,0,0,0,0,v
2014-05-16 11:36,6.890,0.006,0,0,0,0,v
2014-05-16 11:42,6.887,0.006,0,0,0,0,v
2014-05-16 11:48,6.886,0.009,0,0,0,0,v
2014-05-16 11:54,6.867,0.007,0,0,0,0,v
2014-05-16 12:00,6.861,0.006,0,0,0,0,v
2014-05-16 12:06,6.860,0.008,0,0,0,0,v
2014-05-16 12:12,6.843,0.008,0,0,0,0,v
2014-05-16 12:18,6.847,0.008,0,0,0,0,v
2014-05-16 12:24,6.833,0.006,0,0,0,0,v
2014-05-16 12:30,6.837,0.008,0,0,0,0,v
2014-05-16 12:36,6.841,0.007,0,0,0,0,v
2014-05-16 12:42,6.842,0.006,0,0,0,0,v
2014-05-16 12:48,6.822,0.007,0,0,0,0,v
2014-05-16 12:54,6.803,0.006,0,0,0,0,v
2014-05-16 13:00,6.825,0.008,0,0,0,0,v
2014-05-16 13:06,6.812,0.007,0,0,0,0,v
2014-05-16 13:12,6.815,0.008,0,0,0,0,v
2014-05-16 13:18,6.811,0.006,0,0,0,0,v
2014-05-16 13:24,6.801,0.007,0,0,0,0,v
2014-05-16 13:30,6.805,0.005,0,0,0,0,v
2014-05-16 13:36,6.811,0.006,0,0,0,0,v
2014-05-16 13:42,6.803,0.006,0,0,0,0,v
2014-05-16 13:48,6.791,0.006,0,0,0,0,v
2014-05-16 13:54,6.797,0.005,0,0,0,0,v
2014-05-16 14:00,6.802,0.005,0,0,0,0,v
2014-05-16 14:06,6.799,0.005,0,0,0,0,v
2014-05-16 14:12,6.810,0.008,0,0,0,0,v
2014-05-16 14:18,6.809,0.005,0,0,0,0,v
2014-05-16 14:24,6.811,0.006,0,0,0,0,v
2014-05-16 14:30,6.808,0.005,0,0,0,0,v
2014-05-16 14:36,6.807,0.006,0,0,0,0,v
2014-05-16 14:42,6.798,0.004,0,0,0,0,v
2014-05-16 14:48,6.783,0.005,0,0,0,0,v
2014-05-16 14:54,6.789,0.005,0,0,0,0,v
2014-05-16 15:00,6.793,0.006,0,0,0,0,v
2014-05-16 15:06,6.790,0.004,0,0,0,0,v
2014-05-16 15:12,6.787,0.008,0,0,0,0,v
2014-05-16 15:18,6.789,0.004,0,0,0,0,v
2014-05-16 15:24,6.789,0.007,0,0,0,0,v
2014-05-16 15:30,6.789,0.004,0,0,0,0,v
2014-05-16 15:36,6.775,0.008,0,0,0,0,v
2014-05-16 15:42,6.773,0.004,0,0,0,0,v
2014-05-16 15:48,6.763,0.005,0,0,0,0,v
2014-05-16 15:54,6.781,0.005,0,0,0,0,v
2014-05-16 16:00,6.796,0.005,0,0,0,0,v
2014-05-16 16:06,6.785,0.005,0,0,0,0,v
2014-05-16 16:12,6.786,0.005,0,0,0,0,v
2014-05-16 16:18,6.780,0.005,0,0,0,0,v
2014-05-16 16:24,6.775,0.005,0,0,0,0,v
2014-05-16 16:30,6.759,0.005,0,0,0,0,v
2014-05-16 16:36,6.746,0.004,0,0,0,0,v
2014-05-16 16:42,6.754,0.004,0,0,0,0,v
2014-05-16 16:48,6.760,0.006,0,0,0,0,v
2014-05-16 16:54,6.755,0.004,0,0,0,0,v
2014-05-16 17:00,6.750,0.005,0,0,0,0,v
2014-05-16 17:06,6.748,0.004,0,0,0,0,v
2014-05-16 17:12,6.749,0.003,0,0,0,0,v
2014-05-16 17:18,6.747,0.005,0,0,0,0,v
2014-05-16 17:24,6.730,0.004,0,0,0,0,v
2014-05-16 17:30,6.737,0.005,0,0,0,0,v
2014-05-16 17:36,6.732,0.005,0,0,0,0,v
2014-05-16 17:42,6.736,0.005,0,0,0,0,v
2014-05-16 17:48,6.725,0.004,0,0,0,0,v
2014-05-16 17:54,6.733,0.006,0,0,0,0,v
2014-05-16 18:00,6.725,0.005,0,0,0,0,v
2014-05-16 18:06,6.714,0.003,0,0,0,0,v
2014-05-16 18:12,6.713,0.004,0,0,0,0,v
2014-05-16 18:18,6.705,0.005,0,0,0,0,v
2014-05-16 18:24,6.703,0.004,0,0,0,0,v
2014-05-16 18:30,6.696,0.004,0,0,0,0,v
2014-05-16 18:36,6.699,0.004,0,0,0,0,v
2014-05-16 18:42,6.712,0.004,0,0,0,0,v
2014-05-16 18:48,6.709,0.004,0,0,0,0,v
2014-05-16 18:54,6.713,0.004,0,0,0,0,v
2014-05-16 19:00,6.705,0.004,0,0,0,0,v
2014-05-16 19:06,6.712,0.005,0,0,0,0,v
2014-05-16 19:12,6.712,0.004,0,0,0,0,v
2014-05-16 19:18,6.711,0.004,0,0,0,0,v
2014-05-16 19:24,6.717,0.005,0,0,0,0,v
2014-05-16 19:30,6.701,0.004,0,0,0,0,v
2014-05-16 19:36,6.712,0.004,0,0,0,0,v
2014-05-16 19:42,6.708,0.006,0,0,0,0,v
2014-05-16 19:48,6.691,0.005,0,0,0,0,v
2014-05-16 19:54,6.699,0.005,0,0,0,0,v
2014-05-16 20:00,6.707,0.004,0,0,0,0,v
2014-05-16 20:06,6.710,0.003,0,0,0,0,v
2014-05-16 20:12,6.712,0.004,0,0,0,0,v
2014-05-16 20:18,6.718,0.003,0,0,0,0,v
2014-05-16 20:24,6.726,0.004,0,0,0,0,v
2014-05-16 20:30,6.724,0.004,0,0,0,0,v
2014-05-16 20:36,6.721,0.004,0,0,0,0,v
2014-05-16 20:42,6.732,0.004,0,0,0,0,v
2014-05-16 20:48,6.730,0.004,0,0,0,0,v
2014-05-16 20:54,6.726,0.003,0,0,0,0,v
2014-05-16 21:00,6.715,0.005,0,0,0,0,v
2014-05-16 21:06,6.709,0.003,0,0,0,0,v
2014-05-16 21:12,6.704,0.003,0,0,0,0,v
2014-05-16 21:18,6.694,0.003,0,0,0,0,v
2014-05-16 21:24,6.686,0.004,0,0,0,0,v
2014-05-16 21:30,6.682,0.006,0,0,0,0,v
2014-05-16 21:36,6.653,0.003,0,0,0,0,v
2014-05-16 21:42,6.642,0.004,0,0,0,0,v
2014-05-16 21:48,6.648,0.003,0,0,0,0,v
2014-05-16 21:54,6.632,0.004,0,0,0,0,v
2014-05-16 22:00,6.625,0.004,0,0,0,0,v
2014-05-16 22:06,6.616,0.003,0,0,0,0,v
2014-05-16 22:12,6.609,0.003,0,0,0,0,v
2014-05-16 22:18,6.589,0.002,0,0,0,0,v
2014-05-16 22:24,6.580,0.004,0,0,0,0,v
2014-05-16 22:30,6.576,0.003,0,0,0,0,v
2014-05-16 22:36,6.569,0.004,0,0,0,0,v
2014-05-16 22:42,6.561,0.003,0,0,0,0,v
2014-05-16 22:48,6.553,0.003,0,0,0,0,v
2014-05-16 22:54,6.543,0.002,0,0,0,0,v
2014-05-16 23:00,6.536,0.002,0,0,0,0,v
2014-05-16 23:06,6.526,0.003,0,0,0,0,v
2014-05-16 23:12,6.516,0.003,0,0,0,0,v
2014-05-16 23:18,6.505,0.002,0,0,0,0,v
2014-05-16 23:24,6.504,0.003,0,0,0,0,v
2014-05-16 23:30,6.502,0.004,0,0,0,0,v
2014-05-16 23:36,6.489,0.004,0,0,0,0,v
2014-05-16 23:42,6.476,0.004,0,0,0,0,v
2014-05-16 23:48,6.469,0.003,0,0,0,0,v
2014-05-16 23:54,6.448,0.006,0,0,0,0,v
2014-05-17 00:00,6.435,0.005,0,0,0,0,v
2014-05-17 00:06,6.427,0.002,0,0,0,0,v
2014-05-17 00:12,6.419,0.003,0,0,0,0,v
2014-05-17 00:18,6.418,0.004,0,0,0,0,v
2014-05-17 00:24,6.428,0.003,0,0,0,0,v
2014-05-17 00:30,6.414,0.005,0,0,0,0,v
2014-05-17 00:36,6.396,0.003,0,0,0,0,v
2014-05-17 00:42,6.389,0.003,0,0,0,0,v
2014-05-17 00:48,6.370,0.003,0,0,0,0,v
2014-05-17 00:54,6.374,0.003,0,0,0,0,v
2014-05-17 01:00,6.364,0.003,0,0,0,0,v
2014-05-17 01:06,6.353,0.003,0,0,0,0,v
2014-05-17 01:12,6.346,0.004,0,0,0,0,v
2014-05-17 01:18,6.335,0.003,0,0,0,0,v
2014-05-17 01:24,6.326,0.004,0,0,0,0,v
2014-05-17 01:30,6.329,0.003,0,0,0,0,v
2014-05-17 01:36,6.315,0.003,0,0,0,0,v
2014-05-17 01:42,6.307,0.004,0,0,0,0,v
2014-05-17 01:48,6.304,0.003,0,0,0,0,v
2014-05-17 01:54,6.309,0.003,0,0,0,0,v
2014-05-17 02:00,6.305,0.005,0,0,0,0,v
2014-05-17 02:06,6.302,0.005,0,0,0,0,v
2014-05-17 02:12,6.292,0.004,0,0,0,0,v
2014-05-17 02:18,6.275,0.007,0,0,0,0,v
2014-05-17 02:24,6.270,0.005,0,0,0,0,v
2014-05-17 02:30,6.263,0.007,0,0,0,0,v
2014-05-17 02:36,6.258,0.008,0,0,0,0,v
2014-05-17 02:42,6.244,0.007,0,0,0,0,v
2014-05-17 02:48,6.231,0.008,0,0,0,0,v
2014-05-17 02:54,6.230,0.009,0,0,0,0,v
2014-05-17 03:00,6.241,0.009,0,0,0,0,v
2014-05-17 03:06,6.228,0.006,0,0,0,0,v
2014-05-17 03:12,6.223,0.008,0,0,0,0,v
2014-05-17 03:18,6.212,0.007,0,0,0,0,v
2014-05-17 03:24,6.205,0.009,0,0,0,0,v
2014-05-17 03:30,6.220,0.006,0,0,0,0,v
2014-05-17 03:36,6.213,0.007,0,0,0,0,v
2014-05-17 03:42,6.208,0.008,0,0,0,0,v
2014-05-17 03:48,6.193,0.006,0,0,0,0,v
2014-05-17 03:54,6.211,0.005,0,0,0,0,v
2014-05-17 04:00,6.196,0.006,0,0,0,0,v
2014-05-17 04:06,6.211,0.009,0,0,0,0,v
2014-05-17 04:12,6.209,0.008,0,0,0,0,v
2014-05-17 04:18,6.210,0.009,0,0,0,0,v
2014-05-17 04:24,6.208,0.008,0,0,0,0,v
2014-05-17 04:30,6.212,0.006,0,0,0,0,v
2014-05-17 04:36,6.230,0.006,0,0,0,0,v
2014-05-17 04:42,6.240,0.008,0,0,0,0,v
2014-05-17 04:48,6.235,0.007,0,0,0,0,v
2014-05-17 04:54,6.240,0.011,0,0,0,0,v
2014-05-17 05:00,6.254,0.010,0,0,0,0,v
2014-05-17 05:06,6.253,0.010,0,0,0,0,v
2014-05-17 05:12,6.259,0.012,0,0,0,0,v
2014-05-17 05:18,6.263,0.008,0,0,0,0,v
2014-05-17 05:24,6.274,0.008,0,0,0,0,v
2014-05-17 05:30,6.285,0.006,0,0,0,0,v
2014-05-17 05:36,6.296,0.008,0,0,0,0,v
2014-05-17 05:42,6.303,0.011,0,0,0,0,v
2014-05-17 05:48,6.316,0.007,0,0,0,0,v
2014-05-17 05:54,6.312,0.007,0,0,0,0,v
2014-05-17 06:00,6.330,0.008,0,0,0,0,v
2014-05-17 06:06,6.334,0.009,0,0,0,0,v
2014-05-17 06:12,6.337,0.009,0,0,0,0,v
2014-05-17 06:18,6.348,0.013,0,0,0,0,v
2014-05-17 06:24,6.351,0.011,0,0,0,0,v
2014-05-17 06:30,6.362,0.008,0,0,0,0,v
2014-05-17 06:36,6.392,0.007,0,0,0,0,v
2014-05-17 06:42,6.411,0.010,0,0,0,0,v
2014-05-17 06:48,6.411,0.007,0,0,0,0,v
2014-05-17 06:54,6.413,0.007,0,0,0,0,v
2014-05-17 07:00,6.435,0.006,0,0,0,0,v
2014-05-17 07:06,6.448,0.007,0,0,0,0,v
2014-05-17 07:12,6.447,0.006,0,0,0,0,v
2014-05-17 07:18,6.461,0.009,0,0,0,0,v
2014-05-17 07:24,6.468,0.013,0,0,0,0,v
2014-05-17 07:30,6.484,0.008,0,0,0,0,v
2014-05-17 07:36,6.503,0.010,0,0,0,0,v
2014-05-17 07:42,6.517,0.011,0,0,0,0,v
2014-05-17 07:48,6.529,0.008,0,0,0,0,v
2014-05-17 07:54,6.545,0.013,0,0,0,0,v
2014-05-17 08:00,6.579,0.007,0,0,0,0,v
2014-05-17 08:06,6.578,0.008,0,0,0,0,v
2014-05-17 08:12,6.587,0.009,0,0,0,0,v
2014-05-17 08:18,6.600,0.009,0,0,0,0,v
2014-05-17 08:24,6.608,0.014,0,0,0,0,v
2014-05-17 08:30,6.621,0.010,0,0,0,0,v
2014-05-17 08:36,6.632,0.009,0,0,0,0,v
2014-05-17 08:42,6.663,0.011,0,0,0,0,v
2014-05-17 08:48,6.675,0.009,0,0,0,0,v
2014-05-17 08:54,6.697,0.007,0,0,0,0,v
2014-05-17 09:00,6.708,0.009,0,0,0,0,v
2014-05-17 09:06,6.723,0.010,0,0,0,0,v
2014-05-17 09:12,6.728,0.013,0,0,0,0,v
2014-05-17 09:18,6.731,0.013,0,0,0,0,v
2014-05-17 09:24,6.752,0.011,0,0,0,0,v
2014-05-17 09:30,6.757,0.012,0,0,0,0,v
2014-05-17 09:36,6.783,0.010,0,0,0,0,v
2014-05-17 09:42,6.783,0.009,0,0,0,0,v
2014-05-17 09:48,6.786,0.011,0,0,0,0,v
2014-05-17 09:54,6.811,0.012,0,0,0,0,v
2014-05-17 10:00,6.804,0.011,0,0,0,0,v
2014-05-17 10:06,6.816,0.016,0,0,0,0,v
2014-05-17 10:12,6.840,0.014,0,0,0,0,v
2014-05-17 10:18,6.857,0.012,0,0,0,0,v
2014-05-17 10:24,6.844,0.015,0,0,0,0,v
2014-05-17 10:30,6.851,0.015,0,0,0,0,v
2014-05-17 10:36,6.873,0.011,0,0,0,0,v
2014-05-17 10:42,6.884,0.013,0,0,0,0,v
2014-05-17 10:48,6.884,0.009,0,0,0,0,v
2014-05-17 10:54,6.878,0.014,0,0,0,0,v
2014-05-17 11:00,6.881,0.016,0,0,0,0,v
2014-05-17 11:06,6.898,0.012,0,0,0,0,v
2014-05-17 11:12,6.912,0.012,0,0,0,0,v
2014-05-17 11:18,6.910,0.013,0,0,0,0,v
2014-05-17 11:24,6.925,0.014,0,0,0,0,v
2014-05-17 11:30,6.905,0.014,0,0,0,0,v
2014-05-17 11:36,6.917,0.013,0,0,0,0,v
2014-05-17 11:42,6.900,0.011,0,0,0,0,v
2014-05-17 11:48,6.916,0.013,0,0,0,0,v
2014-05-17 11:54,6.911,0.012,0,0,0,0,v
2014-05-17 12:00,6.913,0.015,0,0,0,0,v
2014-05-17 12:06,6.911,0.016,0,0,0,0,v
2014-05-17 12:12,6.921,0.012,0,0,0,0,v
2014-05-17 12:18,6.938,0.011,0,0,0,0,v
2014-05-17 12:24,6.904,0.010,0,0,0,0,v
2014-05-17 12:30,6.899,0.013,0,0,0,0,v
2014-05-17 12:36,6.915,0.016,0,0,0,0,v
2014-05-17 12:42,6.903,0.010,0,0,0,0,v
2014-05-17 12:48,6.914,0.014,0,0,0,0,v
2014-05-17 12:54,6.921,0.012,0,0,0,0,v
2014-05-17 13:00,6.903,0.010,0,0,0,0,v
2014-05-17 13:06,6.914,0.014,0,0,0,0,v
2014-05-17 13:12,6.893,0.011,0,0,0,0,v
2014-05-17 13:18,6.905,0.009,0,0,0,0,v
2014-05-17 13:24,6.899,0.012,0,0,0,0,v
2014-05-17 13:30,6.904,0.011,0,0,0,0,v
2014-05-17 13:36,6.899,0.014,0,0,0,0,v
2014-05-17 13:42,6.907,0.013,0,0,0,0,v
2014-05-17 13:48,6.905,0.013,0,0,0,0,v
2014-05-17 13:54,6.895,0.014,0,0,0,0,v
2014-05-17 14:00,6.888,0.013,0,0,0,0,v
2014-05-17 14:06,6.898,0.019,0,0,0,0,v
2014-05-17 14:12,6.885,0.011,0,0,0,0,v
2014-05-17 14:18,6.904,0.009,0,0,0,0,v
2014-05-17 14:24,6.915,0.011,0,0,0,0,v
2014-05-17 14:30,6.894,0.013,0,0,0,0,v
2014-05-17 14:36,6.899,0.009,0,0,0,0,v
2014-05-17 14:42,6.878,0.011,0,0,0,0,v
2014-05-17 14:48,6.885,0.015,0,0,0,0,v
2014-05-17 14:54,6.874,0.009,0,0,0,0,v
2014-05-17 15:00,6.875,0.011,0,0,0,0,v
2014-05-17 15:06,6.855,0.014,0,0,0,0,v
2014-05-17 15:12,6.861,0.010,0,0,0,0,v
2014-05-17 15:18,6.852,0.019,0,0,0,0,v
2014-05-17 15:24,6.846,0.013,0,0,0,0,v
2014-05-17 15:30,6.835,0.009,0,0,0,0,v
2014-05-17 15:36,6.833,0.010,0,0,0,0,v
2014-05-17 15:42,6.838,0.017,0,0,0,0,v
2014-05-17 15:48,6.850,0.010,0,0,0,0,v
2014-05-17 15:54,6.839,0.009,0,0,0,0,v
2014-05-17 16:00,6.853,0.011,0,0,0,0,v
2014-05-17 16:06,6.830,0.012,0,0,0,0,v
2014-05-17 16:12,6.836,0.012,0,0,0,0,v
2014-05-17 16:18,6.818,0.015,0,0,0,0,v
2014-05-17 16:24,6.817,0.016,0,0,0,0,v
2014-05-17 16:30,6.826,0.011,0,0,0,0,v
2014-05-17 16:36,6.816,0.011,0,0,0,0,v
2014-05-17 16:42,6.818,0.010,0,0,0,0,v
2014-05-17 16:48,6.803,0.011,0,0,0,0,v
2014-05-17 16:54,6.807,0.009,0,0,0,0,v
2014-05-17 17:00,6.789,0.010,0,0,0,0,v
2014-05-17 17:06,6.790,0.015,0,0,0,0,v
2014-05-17 17:12,6.782,0.014,0,0,0,0,v
2014-05-17 17:18,6.783,0.012,0,0,0,0,v
2014-05-17 17:24,6.776,0.012,0,0,0,0,v
2014-05-17 17:30,6.791,0.009,0,0,0,0,v
2014-05-17 17:36,6.777,0.011,0,0,0,0,v
2014-05-17 17:42,6.768,0.014,0,0,0,0,v
2014-05-17 17:48,6.763,0.010,0,0,0,0,v
2014-05-17 17:54,6.759,0.010,0,0,0,0,v
2014-05-17 18:00,6.753,0.009,0,0,0,0,v
2014-05-17 18:06,6.742,0.015,0,0,0,0,v
2014-05-17 18:12,6.746,0.010,0,0,0,0,v
2014-05-17 18:18,6.735,0.010,0,0,0,0,v
2014-05-17 18:24,6.730,0.016,0,0,0,0,v
2014-05-17 18:30,6.728,0.008,0,0,0,0,v
2014-05-17 18:36,6.740,0.007,0,0,0,0,v
2014-05-17 18:42,6.738,0.013,0,0,0,0,v
2014-05-17 18:48,6.742,0.011,0,0,0,0,v
2014-05-17 18:54,6.738,0.009,0,0,0,0,v
2014-05-17 19:00,6.738,0.014,0,0,0,0,v
2014-05-17 19:06,6.732,0.010,0,0,0,0,v
2014-05-17 19:12,6.727,0.011,0,0,0,0,v
2014-05-17 19:18,6.739,0.011,0,0,0,0,v
2014-05-17 19:24,6.737,0.011,0,0,0,0,v
2014-05-17 19:30,6.739,0.009,0,0,0,0,v
2014-05-17 19:36,6.724,0.008,0,0,0,0,v
2014-05-17 19:42,6.728,0.010,0,0,0,0,v
2014-05-17 19:48,6.729,0.010,0,0,0,0,v
2014-05-17 19:54,6.730,0.009,0,0,0,0,v
2014-05-17 20:00,6.716,0.016,0,0,0,0,v
2014-05-17 20:06,6.704,0.011,0,0,0,0,v
2014-05-17 20:12,6.711,0.010,0,0,0,0,v
2014-05-17 20:18,6.715,0.009,0,0,0,0,v
2014-05-17 20:24,6.720,0.008,0,0,0,0,v
2014-05-17 20:30,6.709,0.008,0,0,0,0,v
2014-05-17 20:36,6.718,0.010,0,0,0,0,v
2014-05-17 20:42,6.728,0.009,0,0,0,0,v
2014-05-17 20:48,6.733,0.008,0,0,0,0,v
2014-05-17 20:54,6.729,0.008,0,0,0,0,v
2014-05-17 21:00,6.737,0.008,0,0,0,0,v
2014-05-17 21:06,6.731,0.008,0,0,0,0,v
2014-05-17 21:12,6.728,0.008,0,0,0,0,v
2014-05-17 21:18,6.735,0.010,0,0,0,0,v
2014-05-17 21:24,6.740,0.008,0,0,0,0,v
2014-05-17 21:30,6.732,0.013,0,0,0,0,v
2014-05-17 21:36,6.715,0.008,0,0,0,0,v
2014-05-17 21:42,6.709,0.007,0,0,0,0,v
2014-05-17 21:48,6.701,0.007,0,0,0,0,v
2014-05-17 21:54,6.698,0.009,0,0,0,0,v
2014-05-17 22:00,6.674,0.006,0,0,0,0,v
2014-05-17 22:06,6.670,0.006,0,0,0,0,v
2014-05-17 22:12,6.674,0.007,0,0,0,0,v
2014-05-17 22:18,6.660,0.007,0,0,0,0,v
2014-05-17 22:24,6.658,0.006,0,0,0,0,v
2014-05-17 22:30,6.636,0.008,0,0,0,0,v
2014-05-17 22:36,6.619,0.007,0,0,0,0,v
2014-05-17 22:42,6.619,0.007,0,0,0,0,v
2014-05-17 22:48,6.616,0.009,0,0,0,0,v
2014-05-17 22:54,6.602,0.008,0,0,0,0,v
2014-05-17 23:00,6.574,0.006,0,0,0,0,v
2014-05-17 23:06,6.569,0.006,0,0,0,0,v
2014-05-17 23:12,6.565,0.006,0,0,0,0,v
2014-05-17 23:18,6.559,0.008,0,0,0,0,v
2014-05-17 23:24,6.546,0.007,0,0,0,0,v
2014-05-17 23:30,6.539,0.007,0,0,0,0,v
2014-05-17 23:36,6.530,0.006,0,0,0,0,v
2014-05-17 23:42,6.526,0.006,0,0,0,0,v
2014-05-17 23:48,6.514,0.007,0,0,0,0,v
2014-05-17 23:54,6.505,0.007,0,0,0,0,v
2014-05-18 00:00,6.484,0.008,0,0,0,0,v
2014-05-18 00:06,6.478,0.007,0,0,0,0,v
2014-05-18 00:12,6.464,0.007,0,0,0,0,v
2014-05-18 00:18,6.460,0.005,0,0,0,0,v
2014-05-18 00:24,6.450,0.008,0,0,0,0,v
2014-05-18 00:30,6.443,0.007,0,0,0,0,v
2014-05-18 00:36,6.418,0.005,0,0,0,0,v
2014-05-18 00:42,6.415,0.007,0,0,0,0,v
2014-05-18 00:48,6.412,0.007,0,0,0,0,v
2014-05-18 00:54,6.412,0.005,0,0,0,0,v
2014-05-18 01:00,6.409,0.007,0,0,0,0,v
2014-05-18 01:06,6.404,0.006,0,0,0,0,v
2014-05-18 01:12,6.403,0.006,0,0,0,0,v
2014-05-18 01:18,6.389,0.004,0,0,0,0,v
2014-05-18 01:24,6.385,0.007,0,0,0,0,v
2014-05-18 01:30,6.376,0.009,0,0,0,0,v
2014-05-18 01:36,6.368,0.008,0,0,0,0,v
2014-05-18 01:42,6.359,0.005,0,0,0,0,v
2014-05-18 01:48,6.354,0.005,0,0,0,0,v
2014-05-18 01:54,6.339,0.006,0,0,0,0,v
2014-05-18 02:00,6.316,0.005,0,0,0,0,v
2014-05-18 02:06,6.317,0.005,0,0,0,0,v
2014-05-18 02:12,6.309,0.005,0,0,0,0,v
2014-05-18 02:18,6.302,0.004,0,0,0,0,v
2014-05-18 02:24,6.294,0.005,0,0,0,0,v
2014-05-18 02:30,6.300,0.004,0,0,0,0,v
2014-05-18 02:36,6.298,0.009,0,0,0,0,v
2014-05-18 02:42,6.291,0.005,0,0,0,0,v
2014-05-18 02:48,6.291,0.006,0,0,0,0,v
2014-05-18 02:54,6.287,0.006,0,0,0,0,v
2014-05-18 03:00,6.283,0.009,0,0,0,0,v
2014-05-18 03:06,6.285,0.004,0,0,0,0,v
2014-05-18 03:12,6.269,0.005,0,0,0,0,v
2014-05-18 03:18,6.272,0.005,0,0,0,0,v
2014-05-18 03:24,6.256,0.005,0,0,0,0,v
2014-05-18 03:30,6.241,0.005,0,0,0,0,v
2014-05-18 03:36,6.238,0.005,0,0,0,0,v
2014-05-18 03:42,6.232,0.006,0,0,0,0,v
2014-05-18 03:48,6.231,0.006,0,0,0,0,v
2014-05-18 03:54,6.226,0.005,0,0,0,0,v
2014-05-18 04:00,6.223,0.005,0,0,0,0,v
2014-05-18 04:06,6.214,0.005,0,0,0,0,v
2014-05-18 04:12,6.221,0.004,0,0,0,0,v
2014-05-18 04:18,6.217,0.005,0,0,0,0,v
2014-05-18 04:24,6.210,0.006,0,0,0,0,v
2014-05-18 04:30,6.216,0.005,0,0,0,0,v
2014-05-18 04:36,6.216,0.005,0,0,0,0,v
2014-05-18 04:42,6.211,0.005,0,0,0,0,v
2014-05-18 04:48,6.216,0.004,0,0,0,0,v
2014-05-18 04:54,6.226,0.005,0,0,0,0,v
2014-05-18 05:00,6.232,0.004,0,0,0,0,v
2014-05-18 05:06,6.239,0.005,0,0,0,0,v
2014-05-18 05:12,6.243,0.008,0,0,0,0,v
2014-05-18 05:18,6.241,0.004,0,0,0,0,v
2014-05-18 05:24,6.243,0.004,0,0,0,0,v
2014-05-18 05:30,6.260,0.006,0,0,0,0,v
2014-05-18 05:36,6.258,0.005,0,0,0,0,v
2014-05-18 05:42,6.262,0.004,0,0,0,0,v
2014-05-18 05:48,6.259,0.005,0,0,0,0,v
2014-05-18 05:54,6.268,0.006,0,0,0,0,v
2014-05-18 06:00,6.273,0.005,0,0,0,0,v
2014-05-18 06:06,6.294,0.005,0,0,0,0,v
2014-05-18 06:12,6.295,0.006,0,0,0,0,v
2014-05-18 06:18,6.301,0.005,0,0,0,0,v
2014-05-18 06:24,6.303,0.005,0,0,0,0,v
2014-05-18 06:30,6.320,0.005,0,0,0,0,v
2014-05-18 06:36,6.330,0.006,0,0,0,0,v
2014-05-18 06:42,6.335,0.006,0,0,0,0,v
2014-05-18 06:48,6.343,0.005,0,0,0,0,v
2014-05-18 06:54,6.353,0.006,0,0,0,0,v
2014-05-18 07:00,6.366,0.005,0,0,0,0,v
2014-05-18 07:06,6.383,0.005,0,0,0,0,v
2014-05-18 07:12,6.393,0.005,0,0,0,0,v
2014-05-18 07:18,6.403,0.005,0,0,0,0,v
2014-05-18 07:24,6.406,0.006,0,0,0,0,v
2014-05-18 07:30,6.414,0.006,0,0,0,0,v
2014-05-18 07:36,6.429,0.009,0,0,0,0,v
2014-05-18 07:42,6.450,0.005,0,0,0,0,v
2014-05-18 07:48,6.453,0.006,0,0,0,0,v
2014-05-18 07:54,6.463,0.007,0,0,0,0,v
2014-05-18 08:00,6.471,0.004,0,0,0,0,v
2014-05-18 08:06,6.485,0.005,0,0,0,0,v
2014-05-18 08:12,6.504,0.004,0,0,0,0,v
2014-05-18 08:18,6.513,0.006,0,0,0,0,v
2014-05-18 08:24,6.515,0.006,0,0,0,0,v
2014-05-18 08:30,6.531,0.006,0,0,0,0,v
2014-05-18 08:36,6.551,0.007,0,0,0,0,v
2014-05-18 08:42,6.549,0.007,0,0,0,0,v
2014-05-18 08:48,6.560,0.008,0,0,0,0,v
2014-05-18 08:54,6.576,0.008,0,0,0,0,v
2014-05-18 09:00,6.575,0.005,0,0,0,0,v
2014-05-18 09:06,6.585,0.005,0,0,0,0,v
2014-05-18 09:12,6.608,0.006,0,0,0,0,v
2014-05-18 09:18,6.618,0.006,0,0,0,0,v
2014-05-18 09:24,6.617,0.005,0,0,0,0,v
2014-05-18 09:30,6.620,0.007,0,0,0,0,v
2014-05-18 09:36,6.635,0.005,0,0,0,0,v
2014-05-18 09:42,6.649,0.006,0,0,0,0,v
2014-05-18 09:48,6.649,0.005,0,0,0,0,v
2014-05-18 09:54,6.684,0.009,0,0,0,0,v
2014-05-18 10:00,6.678,0.006,0,0,0,0,v
2014-05-18 10:06,6.694,0.005,0,0,0,0,v
2014-05-18 10:12,6.713,0.008,0,0,0,0,v
2014-05-18 10:18,6.721,0.007,0,0,0,0,v
2014-05-18 10:24,6.729,0.005,0,0,0,0,v
2014-05-18 10:30,6.745,0.006,0,0,0,0,v
2014-05-18 10:36,6.751,0.007,0,0,0,0,v
2014-05-18 10:42,6.768,0.006,0,0,0,0,v
2014-05-18 10:48,6.764,0.006,0,0,0,0,v
2014-05-18 10:54,6.781,0.007,0,0,0,0,v
2014-05-18 11:00,6.798,0.008,0,0,0,0,v
2014-05-18 11:06,6.802,0.009,0,0,0,0,v
2014-05-18 11:12,6.816,0.008,0,0,0,0,v
2014-05-18 11:18,6.827,0.007,0,0,0,0,v
2014-05-18 11:24,6.826,0.006,0,0,0,0,v
2014-05-18 11:30,6.839,0.006,0,0,0,0,v
2014-05-18 11:36,6.841,0.005,0,0,0,0,v
2014-05-18 11:42,6.860,0.009,0,0,0,0,v
2014-05-18 11:48,6.867,0.005,0,0,0,0,v
2014-05-18 11:54,6.862,0.005,0,0,0,0,v
2014-05-18 12:00,6.868,0.006,0,0,0,0,v
2014-05-18 12:06,6.859,0.007,0,0,0,0,v
2014-05-18 12:12,6.877,0.005,0,0,0,0,v
2014-05-18 12:18,6.879,0.006,0,0,0,0,v
2014-05-18 12:24,6.887,0.005,0,0,0,0,v
2014-05-18 12:30,6.886,0.005,0,0,0,0,v
2014-05-18 12:36,6.888,0.005,0,0,0,0,v
2014-05-18 12:42,6.891,0.006,0,0,0,0,v
2014-05-18 12:48,6.904,0.005,0,0,0,0,v
2014-05-18 12:54,6.890,0.006,0,0,0,0,v
2014-05-18 13:00,6.894,0.008,0,0,0,0,v
2014-05-18 13:06,6.899,0.005,0,0,0,0,v
2014-05-18 13:12,6.911,0.005,0,0,0,0,v
2014-05-18 13:18,6.913,0.006,0,0,0,0,v
2014-05-18 13:24,6.898,0.008,0,0,0,0,v
2014-05-18 13:30,6.886,0.007,0,0,0,0,v
2014-05-18 13:36,6.898,0.007,0,0,0,0,v
2014-05-18 13:42,6.888,0.006,0,0,0,0,v
2014-05-18 13:48,6.886,0.005,0,0,0,0,v
2014-05-18 13:54,6.882,0.005,0,0,0,0,v
2014-05-18 14:00,6.881,0.007,0,0,0,0,v
2014-05-18 14:06,6.878,0.008,0,0,0,0,v
2014-05-18 14:12,6.886,0.008,0,0,0,0,v
2014-05-18 14:18,6.879,0.006,0,0,0,0,v
2014-05-18 14:24,6.877,0.006,0,0,0,0,v
2014-05-18 14:30,6.866,0.005,0,0,0,0,v
2014-05-18 14:36,6.879,0.006,0,0,0,0,v
2014-05-18 14:42,6.894,0.006,0,0,0,0,v
2014-05-18 14:48,6.888,0.005,0,0,0,0,v
2014-05-18 14:54,6.890,0.004,0,0,0,0,v
2014-05-18 15:00,6.895,0.004,0,0,0,0,v
2014-05-18 15:06,6.889,0.004,0,0,0,0,v
2014-05-18 15:12,6.880,0.004,0,0,0,0,v
2014-05-18 15:18,6.882,0.005,0,0,0,0,v
2014-05-18 15:24,6.880,0.008,0,0,0,0,v
2014-05-18 15:30,6.885,0.006,0,0,0,0,v
2014-05-18 15:36,6.890,0.005,0,0,0,0,v
2014-05-18 15:42,6.874,0.006,0,0,0,0,v
2014-05-18 15:48,6.877,0.005,0,0,0,0,v
2014-05-18 15:54,6.883,0.006,0,0,0,0,v
2014-05-18 16:00,6.869,0.005,0,0,0,0,v
2014-05-18 16:06,6.869,0.005,0,0,0,0,v
2014-05-18 16:12,6.871,0.004,0,0,0,0,v
2014-05-18 16:18,6.872,0.004,0,0,0,0,v
2014-05-18 16:24,6.848,0.004,0,0,0,0,v
2014-05-18 16:30,6.857,0.006,0,0,0,0,v
2014-05-18 16:36,6.861,0.005,0,0,0,0,v
2014-05-18 16:42,6.857,0.006,0,0,0,0,v
2014-05-18 16:48,6.848,0.006,0,0,0,0,v
2014-05-18 16:54,6.843,0.007,0,0,0,0,v
2014-05-18 17:00,6.829,0.008,0,0,0,0,v
2014-05-18 17:06,6.823,0.005,0,0,0,0,v
2014-05-18 17:12,6.817,0.007,0,0,0,0,v
2014-05-18 17:18,6.813,0.006,0,0,0,0,v
2014-05-18 17:24,6.804,0.005,0,0,0,0,v
2014-05-18 17:30,6.805,0.007,0,0,0,0,v
2014-05-18 17:36,6.799,0.006,0,0,0,0,v
2014-05-18 17:42,6.802,0.005,0,0,0,0,v
2014-05-18 17:48,6.799,0.006,0,0,0,0,v
2014-05-18 17:54,6.799,0.006,0,0,0,0,v
2014-05-18 18:00,6.787,0.007,0,0,0,0,v
2014-05-18 18:06,6.776,0.005,0,0,0,0,v
2014-05-18 18:12,6.781,0.005,0,0,0,0,v
2014-05-18 18:18,6.794,0.007,0,0,0,0,v
2014-05-18 18:24,6.782,0.005,0,0,0,0,v
2014-05-18 18:30,6.784,0.007,0,0,0,0,v
2014-05-18 18:36,6.776,0.004,0,0,0,0,v
2014-05-18 18:42,6.777,0.006,0,0,0,0,v
2014-05-18 18:48,6.785,0.006,0,0,0,0,v
2014-05-18 18:54,6.781,0.005,0,0,0,0,v
2014-05-18 19:00,6.793,0.005,0,0,0,0,v
2014-05-18 19:06,6.789,0.005,0,0,0,0,v
2014-05-18 19:12,6.790,0.006,0,0,0,0,v
2014-05-18 19:18,6.788,0.007,0,0,0,0,v
2014-05-18 19:24,6.792,0.006,0,0,0,0,v
2014-05-18 19:30,6.788,0.007,0,0,0,0,v
2014-05-18 19:36,6.779,0.006,0,0,0,0,v
2014-05-18 19:42,6.777,0.006,0,0,0,0,v
2014-05-18 19:48,6.779,0.007,0,0,0,0,v
2014-05-18 19:54,6.772,0.005,0,0,0,0,v
2014-05-18 20:00,6.772,0.005,0,0,0,0,v
2014-05-18 20:06,6.771,0.007,0,0,0,0,v
2014-05-18 20:12,6.765,0.007,0,0,0,0,v
2014-05-18 20:18,6.772,0.006,0,0,0,0,v
2014-05-18 20:24,6.774,0.005,0,0,0,0,v
2014-05-18 20:30,6.777,0.007,0,0,0,0,v
2014-05-18 20:36,6.779,0.007,0,0,0,0,v
2014-05-18 20:42,6.775,0.006,0,0,0,0,v
2014-05-18 20:48,6.773,0.006,0,0,0,0,v
2014-05-18 20:54,6.777,0.006,0,0,0,0,v
2014-05-18 21:00,6.763,0.005,0,0,0,0,v
2014-05-18 21:06,6.766,0.006,0,0,0,0,v
2014-05-18 21:12,6.760,0.006,0,0,0,0,v
2014-05-18 21:18,6.765,0.006,0,0,0,0,v
2014-05-18 21:24,6.763,0.006,0,0,0,0,v
2014-05-18 21:30,6.763,0.005,0,0,0,0,v
2014-05-18 21:36,6.765,0.005,0,0,0,0,v
2014-05-18 21:42,6.758,0.008,0,0,0,0,v
2014-05-18 21:48,6.746,0.006,0,0,0,0,v
2014-05-18 21:54,6.744,0.006,0,0,0,0,v
2014-05-18 22:00,6.746,0.006,0,0,0,0,v
2014-05-18 22:06,6.762,0.006,0,0,0,0,v
2014-05-18 22:12,6.750,0.006,0,0,0,0,v
2014-05-18 22:18,6.738,0.005,0,0,0,0,v
2014-05-18 22:24,6.729,0.005,0,0,0,0,v
2014-05-18 22:30,6.726,0.005,0,0,0,0,v
2014-05-18 22:36,6.724,0.006,0,0,0,0,v
2014-05-18 22:42,6.725,0.007,0,0,0,0,v
2014-05-18 22:48,6.702,0.006,0,0,0,0,v
2014-05-18 22:54,6.697,0.006,0,0,0,0,v
2014-05-18 23:00,6.688,0.007,0,0,0,0,v
2014-05-18 23:06,6.704,0.005,0,0,0,0,v
2014-05-18 23:12,6.694,0.005,0,0,0,0,v
2014-05-18 23:18,6.692,0.007,0,0,0,0,v
2014-05-18 23:24,6.690,0.006,0,0,0,0,v
2014-05-18 23:30,6.674,0.006,0,0,0,0,v
2014-05-18 23:36,6.665,0.006,0,0,0,0,v
2014-05-18 23:42,6.657,0.005,0,0,0,0,v
2014-05-18 23:48,6.643,0.004,0,0,0,0,v
2014-05-18 23:54,6.638,0.005,0,0,0,0,v
2014-05-19 00:00,6.643,0.006,0,0,0,0,v
2014-05-19 00:06,6.633,0.005,0,0,0,0,v
2014-05-19 00:12,6.628,0.005,0,0,0,0,v
2014-05-19 00:18,6.624,0.004,0,0,0,0,v
2014-05-19 00:24,6.629,0.005,0,0,0,0,v
2014-05-19 00:30,6.623,0.004,0,0,0,0,v
2014-05-19 00:36,6.600,0.006,0,0,0,0,v
2014-05-19 00:42,6.592,0.005,0,0,0,0,v
2014-05-19 00:48,6.587,0.004,0,0,0,0,v
2014-05-19 00:54,6.582,0.005,0,0,0,0,v
2014-05-19 01:00,6.573,0.005,0,0,0,0,v
2014-05-19 01:06,6.564,0.005,0,0,0,0,v
2014-05-19 01:12,6.538,0.005,0,0,0,0,v
2014-05-19 01:18,6.521,0.004,0,0,0,0,v
2014-05-19 01:24,6.518,0.004,0,0,0,0,v
2014-05-19 01:30,6.522,0.004,0,0,0,0,v
2014-05-19 01:36,6.512,0.004,0,0,0,0,v
2014-05-19 01:42,6.500,0.003,0,0,0,0,v
2014-05-19 01:48,6.500,0.005,0,0,0,0,v
2014-05-19 01:54,6.483,0.005,0,0,0,0,v
2014-05-19 02:00,6.462,0.006,0,0,0,0,v
2014-05-19 02:06,6.448,0.004,0,0,0,0,v
2014-05-19 02:12,6.447,0.003,0,0,0,0,v
2014-05-19 02:18,6.438,0.004,0,0,0,0,v
2014-05-19 02:24,6.417,0.005,0,0,0,0,v
2014-05-19 02:30,6.419,0.005,0,0,0,0,v
2014-05-19 02:36,6.405,0.004,0,0,0,0,v
2014-05-19 02:42,6.412,0.005,0,0,0,0,v
2014-05-19 02:48,6.420,0.005,0,0,0,0,v
2014-05-19 02:54,6.415,0.006,0,0,0,0,v
2014-05-19 03:00,6.400,0.006,0,0,0,0,v
2014-05-19 03:06,6.405,0.005,0,0,0,0,v
2014-05-19 03:12,6.388,0.004,0,0,0,0,v
2014-05-19 03:18,6.404,0.005,0,0,0,0,v
2014-05-19 03:24,6.373,0.005,0,0,0,0,v
2014-05-19 03:30,6.387,0.005,0,0,0,0,v
2014-05-19 03:36,6.364,0.004,0,0,0,0,v
2014-05-19 03:42,6.374,0.004,0,0,0,0,v
2014-05-19 03:48,6.354,0.006,0,0,0,0,v
2014-05-19 03:54,6.354,0.005,0,0,0,0,v
2014-05-19 04:00,6.355,0.005,0,0,0,0,v
2014-05-19 04:06,6.348,0.004,0,0,0,0,v
2014-05-19 04:12,6.353,0.005,0,0,0,0,v
2014-05-19 04:18,6.347,0.003,0,0,0,0,v
2014-05-19 04:24,6.352,0.004,0,0,0,0,v
2014-05-19 04:30,6.353,0.005,0,0,0,0,v
2014-05-19 04:36,6.347,0.006,0,0,0,0,v
2014-05-19 04:42,6.349,0.004,0,0,0,0,v
2014-05-19 04:48,6.339,0.004,0,0,0,0,v
2014-05-19 04:54,6.332,0.004,0,0,0,0,v
2014-05-19 05:00,6.332,0.004,0,0,0,0,v
2014-05-19 05:06,6.329,0.005,0,0,0,0,v
2014-05-19 05:12,6.334,0.003,0,0,0,0,v
2014-05-19 05:18,6.327,0.005,0,0,0,0,v
2014-05-19 05:24,6.334,0.003,0,0,0,0,v
2014-05-19 05:30,6.322,0.003,0,0,0,0,v
2014-05-19 05:36,6.327,0.004,0,0,0,0,v
2014-05-19 05:42,6.317,0.003,0,0,0,0,v
2014-05-19 05:48,6.314,0.004,0,0,0,0,v
2014-05-19 05:54,6.320,0.003,0,0,0,0,v
2014-05-19 06:00,6.323,0.004,0,0,0,0,v
2014-05-19 06:06,6.325,0.004,0,0,0,0,v
2014-05-19 06:12,6.326,0.004,0,0,0,0,v
2014-05-19 06:18,6.333,0.005,0,0,0,0,v
2014-05-19 06:24,6.332,0.003,0,0,0,0,v
2014-05-19 06:30,6.317,0.005,0,0,0,0,v
2014-05-19 06:36,6.317,0.004,0,0,0,0,v
2014-05-19 06:42,6.335,0.005,0,0,0,0,v
2014-05-19 06:48,6.342,0.005,0,0,0,0,v
2014-05-19 06:54,6.345,0.005,0,0,0,0,v
2014-05-19 07:00,6.347,0.005,0,0,0,0,v
2014-05-19 07:06,6.366,0.005,0,0,0,0,v
2014-05-19 07:12,6.375,0.004,0,0,0,0,v
2014-05-19 07:18,6.390,0.005,0,0,0,0,v
2014-05-19 07:24,6.373,0.005,0,0,0,0,v
2014-05-19 07:30,6.384,0.004,0,0,0,0,v
2014-05-19 07:36,6.385,0.004,0,0,0,0,v
2014-05-19 07:42,6.405,0.004,0,0,0,0,v
2014-05-19 07:48,6.410,0.004,0,0,0,0,v
2014-05-19 07:54,6.410,0.003,0,0,0,0,v
2014-05-19 08:00,6.408,0.004,0,0,0,0,v
2014-05-19 08:06,6.430,0.005,0,0,0,0,v
2014-05-19 08:12,6.457,0.005,0,0,0,0,v
2014-05-19 08:18,6.466,0.005,0,0,0,0,v
2014-05-19 08:24,6.467,0.006,0,0,0,0,v
2014-05-19 08:30,6.479,0.005,0,0,0,0,v
2014-05-19 08:36,6.484,0.005,0,0,0,0,v
2014-05-19 08:42,6.497,0.005,0,0,0,0,v
2014-05-19 08:48,6.514,0.006,0,0,0,0,v
2014-05-19 08:54,6.517,0.005,0,0,0,0,v
2014-05-19 09:00,6.529,0.006,0,0,0,0,v
2014-05-19 09:06,6.544,0.007,0,0,0,0,v
2014-05-19 09:12,6.560,0.006,0,0,0,0,v
2014-05-19 09:18,6.582,0.007,0,0,0,0,v
2014-05-19 09:24,6.600,0.007,0,0,0,0,v
2014-05-19 09:30,6.621,0.004,0,0,0,0,v
2014-05-19 09:36,6.623,0.006,0,0,0,0,v
2014-05-19 09:42,6.648,0.006,0,0,0,0,v
2014-05-19 09:48,6.651,0.006,0,0,0,0,v
2014-05-19 09:54,6.645,0.006,0,0,0,0,v
2014-05-19 10:00,6.668,0.005,0,0,0,0,v
2014-05-19 10:06,6.674,0.005,0,0,0,0,v
2014-05-19 10:12,6.674,0.006,0,0,0,0,v
2014-05-19 10:18,6.686,0.006,0,0,0,0,v
2014-05-19 10:24,6.681,0.006,0,0,0,0,v
2014-05-19 10:30,6.702,0.006,0,0,0,0,v
2014-05-19 10:36,6.720,0.006,0,0,0,0,v
2014-05-19 10:42,6.731,0.006,0,0,0,0,v
2014-05-19 10:48,6.761,0.006,0,0,0,0,v
2014-05-19 10:54,6.767,0.005,0,0,0,0,v
2014-05-19 11:00,6.766,0.005,0,0,0,0,v
2014-05-19 11:06,6.782,0.006,0,0,0,0,v
2014-05-19 11:12,6.793,0.006,0,0,0,0,v
2014-05-19 11:18,6.798,0.006,0,0,0,0,v
2014-05-19 11:24,6.808,0.006,0,0,0,0,v
2014-05-19 11:30,6.809,0.007,0,0,0,0,v
2014-05-19 11:36,6.831,0.007,0,0,0,0,v
2014-05-19 11:42,6.837,0.004,0,0,0,0,v
2014-05-19 11:48,6.836,0.007,0,0,0,0,v
2014-05-19 11:54,6.847,0.006,0,0,0,0,v
2014-05-19 12:00,6.856,0.005,0,0,0,0,v
2014-05-19 12:06,6.858,0.007,0,0,0,0,v
2014-05-19 12:12,6.854,0.006,0,0,0,0,v
2014-05-19 12:18,6.850,0.005,0,0,0,0,v
2014-05-19 12:24,6.857,0.007,0,0,0,0,v
2014-05-19 12:30,6.874,0.006,0,0,0,0,v
2014-05-19 12:36,6.875,0.006,0,0,0,0,v
2014-05-19 12:42,6.881,0.006,0,0,0,0,v
2014-05-19 12:48,6.877,0.007,0,0,0,0,v
2014-05-19 12:54,6.863,0.005,0,0,0,0,v
2014-05-19 13:00,6.873,0.005,0,0,0,0,v
2014-05-19 13:06,6.904,0.005,0,0,0,0,v
2014-05-19 13:12,6.883,0.005,0,0,0,0,v
2014-05-19 13:18,6.894,0.005,0,0,0,0,v
2014-05-19 13:24,6.903,0.004,0,0,0,0,v
2014-05-19 13:30,6.894,0.005,0,0,0,0,v
2014-05-19 13:36,6.908,0.005,0,0,0,0,v
2014-05-19 13:42,6.912,0.005,0,0,0,0,v
2014-05-19 13:48,6.922,0.005,0,0,0,0,v
2014-05-19 13:54,6.927,0.006,0,0,0,0,v
2014-05-19 14:00,6.917,0.006,0,0,0,0,v
2014-05-19 14:06,6.934,0.005,0,0,0,0,v
2014-05-19 14:12,6.918,0.005,0,0,0,0,v
2014-05-19 14:18,6.924,0.005,0,0,0,0,v
2014-05-19 14:24,6.925,0.007,0,0,0,0,v
2014-05-19 14:30,6.910,0.006,0,0,0,0,v
2014-05-19 14:36,6.907,0.005,0,0,0,0,v
2014-05-19 14:42,6.911,0.004,0,0,0,0,v
2014-05-19 14:48,6.900,0.006,0,0,0,0,v
2014-05-19 14:54,6.897,0.005,0,0,0,0,v
2014-05-19 15:00,6.890,0.006,0,0,0,0,v
2014-05-19 15:06,6.888,0.005,0,0,0,0,v
2014-05-19 15:12,6.889,0.004,0,0,0,0,v
2014-05-19 15:18,6.874,0.006,0,0,0,0,v
2014-05-19 15:24,6.883,0.006,0,0,0,0,v
2014-05-19 15:30,6.899,0.005,0,0,0,0,v
2014-05-19 15:36,6.898,0.005,0,0,0,0,v
2014-05-19 15:42,6.891,0.005,0,0,0,0,v
2014-05-19 15:48,6.896,0.006,0,0,0,0,v
2014-05-19 15:54,6.899,0.006,0,0,0,0,v
2014-05-19 16:00,6.902,0.006,0,0,0,0,v
2014-05-19 16:06,6.926,0.005,0,0,0,0,v
2014-05-19 16:12,6.915,0.005,0,0,0,0,v
2014-05-19 16:18,6.908,0.006,0,0,0,0,v
2014-05-19 16:24,6.904,0.005,0,0,0,0,v
2014-05-19 16:30,6.896,0.007,0,0,0,0,v
2014-05-19 16:36,6.881,0.004,0,0,0,0,v
2014-05-19 16:42,6.895,0.006,0,0,0,0,v
2014-05-19 16:48,6.881,0.005,0,0,0,0,v
2014-05-19 16:54,6.883,0.005,0,0,0,0,v
2014-05-19 17:00,6.873,0.005,0,0,0,0,v
2014-05-19 17:06,6.873,0.005,0,0,0,0,v
2014-05-19 17:12,6.864,0.005,0,0,0,0,v
2014-05-19 17:18,6.873,0.006,0,0,0,0,v
2014-05-19 17:24,6.861,0.005,0,0,0,0,v
2014-05-19 17:30,6.842,0.006,0,0,0,0,v
2014-05-19 17:36,6.833,0.005,0,0,0,0,v
2014-05-19 17:42,6.830,0.005,0,0,0,0,v
2014-05-19 17:48,6.824,0.005,0,0,0,0,v
2014-05-19 17:54,6.817,0.005,0,0,0,0,v
2014-05-19 18:00,6.817,0.007,0,0,0,0,v
2014-05-19 18:06,6.806,0.006,0,0,0,0,v
2014-05-19 18:12,6.800,0.005,0,0,0,0,v
2014-05-19 18:18,6.794,0.005,0,0,0,0,v
2014-05-19 18:24,6.794,0.006,0,0,0,0,v
2014-05-19 18:30,6.811,0.006,0,0,0,0,v
2014-05-19 18:36,6.802,0.005,0,0,0,0,v
2014-05-19 18:42,6.804,0.007,0,0,0,0,v
2014-05-19 18:48,6.807,0.005,0,0,0,0,v
2014-05-19 18:54,6.800,0.006,0,0,0,0,v
2014-05-19 19:00,6.806,0.007,0,0,0,0,v
2014-05-19 19:06,6.811,0.005,0,0,0,0,v
2014-05-19 19:12,6.795,0.006,0,0,0,0,v
2014-05-19 19:18,6.788,0.006,0,0,0,0,v
2014-05-19 19:24,6.800,0.005,0,0,0,0,v
2014-05-19 19:30,6.796,0.005,0,0,0,0,v
2014-05-19 19:36,6.803,0.006,0,0,0,0,v
2014-05-19 19:42,6.806,0.005,0,0,0,0,v
2014-05-19 19:48,6.802,0.006,0,0,0,0,v
2014-05-19 19:54,6.787,0.007,0,0,0,0,v
2014-05-19 20:00,6.796,0.006,0,0,0,0,v
2014-05-19 20:06,6.789,0.008,0,0,0,0,v
2014-05-19 20:12,6.797,0.007,0,0,0,0,v
2014-05-19 20:18,6.784,0.006,0,0,0,0,v
2014-05-19 20:24,6.769,0.005,0,0,0,0,v
2014-05-19 20:30,6.754,0.007,0,0,0,0,v
2014-05-19 20:36,6.758,0.005,0,0,0,0,v
2014-05-19 20:42,6.762,0.008,0,0,0,0,v
2014-05-19 20:48,6.747,0.005,0,0,0,0,v
2014-05-19 20:54,6.762,0.005,0,0,0,0,v
2014-05-19 21:00,6.753,0.006,0,0,0,0,v
2014-05-19 21:06,6.767,0.005,0,0,0,0,v
2014-05-19 21:12,6.764,0.005,0,0,0,0,v
2014-05-19 21:18,6.765,0.007,0,0,0,0,v
2014-05-19 21:24,6.769,0.007,0,0,0,0,v
2014-05-19 21:30,6.767,0.007,0,0,0,0,v
2014-05-19 21:36,6.756,0.006,0,0,0,0,v
2014-05-19 21:42,6.763,0.005,0,0,0,0,v
2014-05-19 21:48,6.763,0.007,0,0,0,0,v
2014-05-19 21:54,6.766,0.006,0,0,0,0,v
2014-05-19 22:00,6.773,0.006,0,0,0,0,v
2014-05-19 22:06,6.754,0.006,0,0,0,0,v
2014-05-19 22:12,6.756,0.006,0,0,0,0,v
2014-05-19 22:18,6.755,0.005,0,0,0,0,v
2014-05-19 22:24,6.752,0.005,0,0,0,0,v
2014-05-19 22:30,6.765,0.007,0,0,0,0,v
2014-05-19 22:36,6.766,0.005,0,0,0,0,v
2014-05-19 22:42,6.757,0.006,0,0,0,0,v
2014-05-19 22:48,6.775,0.007,0,0,0,0,v
2014-05-19 22:54,6.765,0.007,0,0,0,0,v
2014-05-19 23:00,6.762,0.004,0,0,0,0,v
2014-05-19 23:06,6.761,0.006,0,0,0,0,v
2014-05-19 23:12,6.759,0.006,0,0,0,0,v
2014-05-19 23:18,6.760,0.007,0,0,0,0,v
2014-05-19 23:24,6.742,0.008,0,0,0,0,v
2014-05-19 23:30,6.741,0.008,0,0,0,0,v
2014-05-19 23:36,6.743,0.006,0,0,0,0,v
2014-05-19 23:42,6.744,0.006,0,0,0,0,v
2014-05-19 23:48,6.730,0.006,0,0,0,0,v
2014-05-19 23:54,6.748,0.006,0,0,0,0,v
2014-05-20 00:00,6.742,0.005,0,0,0,0,v
2014-05-20 00:06,6.724,0.006,0,0,0,0,v
2014-05-20 00:12,6.728,0.007,0,0,0,0,v
2014-05-20 00:18,6.719,0.005,0,0,0,0,v
2014-05-20 00:24,6.721,0.008,0,0,0,0,v
2014-05-20 00:30,6.721,0.006,0,0,0,0,v
2014-05-20 00:36,6.721,0.006,0,0,0,0,v
2014-05-20 00:42,6.693,0.006,0,0,0,0,v
2014-05-20 00:48,6.683,0.006,0,0,0,0,v
2014-05-20 00:54,6.671,0.007,0,0,0,0,v
2014-05-20 01:00,6.656,0.006,0,0,0,0,v
2014-05-20 01:06,6.678,0.005,0,0,0,0,v
2014-05-20 01:12,6.658,0.007,0,0,0,0,v
2014-05-20 01:18,6.658,0.007,0,0,0,0,v
2014-05-20 01:24,6.638,0.005,0,0,0,0,v
2014-05-20 01:30,6.633,0.005,0,0,0,0,v
2014-05-20 01:36,6.613,0.004,0,0,0,0,v
2014-05-20 01:42,6.609,0.006,0,0,0,0,v
2014-05-20 01:48,6.622,0.004,0,0,0,0,v
2014-05-20 01:54,6.614,0.006,0,0,0,0,v
2014-05-20 02:00,6.603,0.005,0,0,0,0,v
2014-05-20 02:06,6.622,0.005,0,0,0,0,v
2014-05-20 02:12,6.610,0.005,0,0,0,0,v
2014-05-20 02:18,6.614,0.007,0,0,0,0,v
2014-05-20 02:24,6.603,0.006,0,0,0,0,v
2014-05-20 02:30,6.599,0.004,0,0,0,0,v
2014-05-20 02:36,6.588,0.005,0,0,0,0,v
2014-05-20 02:42,6.575,0.005,0,0,0,0,v
2014-05-20 02:48,6.585,0.009,0,0,0,0,v
2014-05-20 02:54,6.595,0.007,0,0,0,0,v
2014-05-20 03:00,6.562,0.004,0,0,0,0,v
2014-05-20 03:06,6.549,0.006,0,0,0,0,v
2014-05-20 03:12,6.541,0.007,0,0,0,0,v
2014-05-20 03:18,6.541,0.007,0,0,0,0,v
2014-05-20 03:24,6.555,0.005,0,0,0,0,v
2014-05-20 03:30,6.546,0.005,0,0,0,0,v
2014-05-20 03:36,6.526,0.005,0,0,0,0,v
2014-05-20 03:42,6.517,0.005,0,0,0,0,v
2014-05-20 03:48,6.513,0.004,0,0,0,0,v
2014-05-20 03:54,6.508,0.007,0,0,0,0,v
2014-05-20 04:00,6.498,0.006,0,0,0,0,v
2014-05-20 04:06,6.494,0.005,0,0,0,0,v
2014-05-20 04:12,6.476,0.005,0,0,0,0,v
2014-05-20 04:18,6.481,0.004,0,0,0,0,v
2014-05-20 04:24,6.461,0.004,0,0,0,0,v
2014-05-20 04:30,6.455,0.005,0,0,0,0,v
2014-05-20 04:36,6.451,0.004,0,0,0,0,v
2014-05-20 04:42,6.451,0.009,0,0,0,0,v
2014-05-20 04:48,6.456,0.005,0,0,0,0,v
2014-05-20 04:54,6.450,0.007,0,0,0,0,v
2014-05-20 05:00,6.456,0.007,0,0,0,0,v
2014-05-20 05:06,6.447,0.006,0,0,0,0,v
2014-05-20 05:12,6.444,0.006,0,0,0,0,v
2014-05-20 05:18,6.438,0.006,0,0,0,0,v
2014-05-20 05:24,6.432,0.006,0,0,0,0,v
2014-05-20 05:30,6.433,0.006,0,0,0,0,v
2014-05-20 05:36,6.426,0.007,0,0,0,0,v
2014-05-20 05:42,6.422,0.005,0,0,0,0,v
2014-05-20 05:48,6.408,0.008,0,0,0,0,v
2014-05-20 05:54,6.404,0.005,0,0,0,0,v
2014-05-20 06:00,6.417,0.004,0,0,0,0,v
2014-05-20 06:06,6.410,0.005,0,0,0,0,v
2014-05-20 06:12,6.406,0.004,0,0,0,0,v
2014-05-20 06:18,6.413,0.005,0,0,0,0,v
2014-05-20 06:24,6.416,0.004,0,0,0,0,v
2014-05-20 06:30,6.414,0.004,0,0,0,0,v
2014-05-20 06:36,6.408,0.004,0,0,0,0,v
2014-05-20 06:42,6.430,0.003,0,0,0,0,v
2014-05-20 06:48,6.420,0.004,0,0,0,0,v
2014-05-20 06:54,6.408,0.004,0,0,0,0,v
2014-05-20 07:00,6.394,0.005,0,0,0,0,v
2014-05-20 07:06,6.408,0.005,0,0,0,0,v
2014-05-20 07:12,6.413,0.005,0,0,0,0,v
2014-05-20 07:18,6.420,0.004,0,0,0,0,v
2014-05-20 07:24,6.437,0.005,0,0,0,0,v
2014-05-20 07:30,6.406,0.010,0,0,0,0,v
2014-05-20 07:36,6.417,0.008,0,0,0,0,v
2014-05-20 07:42,6.424,0.007,0,0,0,0,v
2014-05-20 07:48,6.423,0.007,0,0,0,0,v
2014-05-20 07:54,6.438,0.007,0,0,0,0,v
2014-05-20 08:00,6.419,0.007,0,0,0,0,v
2014-05-20 08:06,6.431,0.008,0,0,0,0,v
2014-05-20 08:12,6.437,0.007,0,0,0,0,v
2014-05-20 08:18,6.436,0.007,0,0,0,0,v
2014-05-20 08:24,6.435,0.007,0,0,0,0,v
2014-05-20 08:30,6.455,0.006,0,0,0,0,v
2014-05-20 08:36,6.448,0.006,0,0,0,0,v
2014-05-20 08:42,6.467,0.007,0,0,0,0,v
2014-05-20 08:48,6.475,0.012,0,0,0,0,v
2014-05-20 08:54,6.495,0.007,0,0,0,0,v
2014-05-20 09:00,6.499,0.009,0,0,0,0,v
2014-05-20 09:06,6.517,0.006,0,0,0,0,v
2014-05-20 09:12,6.518,0.007,0,0,0,0,v
2014-05-20 09:18,6.520,0.008,0,0,0,0,v
2014-05-20 09:24,6.534,0.007,0,0,0,0,v
2014-05-20 09:30,6.554,0.006,0,0,0,0,v
2014-05-20 09:36,6.558,0.006,0,0,0,0,v
2014-05-20 09:42,6.573,0.008,0,0,0,0,v
2014-05-20 09:48,6.576,0.007,0,0,0,0,v
2014-05-20 09:54,6.583,0.006,0,0,0,0,v
2014-05-20 10:00,6.578,0.008,0,0,0,0,v
2014-05-20 10:06,6.577,0.008,0,0,0,0,v
2014-05-20 10:12,6.596,0.007,0,0,0,0,v
2014-05-20 10:18,6.607,0.006,0,0,0,0,v
2014-05-20 10:24,6.611,0.008,0,0,0,0,v
2014-05-20 10:30,6.634,0.006,0,0,0,0,v
2014-05-20 10:36,6.645,0.006,0,0,0,0,v
2014-05-20 10:42,6.668,0.006,0,0,0,0,v
2014-05-20 10:48,6.672,0.007,0,0,0,0,v
2014-05-20 10:54,6.680,0.008,0,0,0,0,v
2014-05-20 11:00,6.694,0.007,0,0,0,0,v
2014-05-20 11:06,6.691,0.006,0,0,0,0,v
2014-05-20 11:12,6.695,0.007,0,0,0,0,v
2014-05-20 11:18,6.707,0.007,0,0,0,0,v
2014-05-20 11:24,6.724,0.006,0,0,0,0,v
2014-05-20 11:30,6.723,0.009,0,0,0,0,v
2014-05-20 11:36,6.746,0.007,0,0,0,0,v
2014-05-20 11:42,6.741,0.006,0,0,0,0,v
2014-05-20 11:48,6.756,0.007,0,0,0,0,v
2014-05-20 11:54,6.761,0.008,0,0,0,0,v
2014-05-20 12:00,6.752,0.006,0,0,0,0,v
2014-05-20 12:06,6.769,0.010,0,0,0,0,v
2014-05-20 12:12,6.784,0.010,0,0,0,0,v
2014-05-20 12:18,6.789,0.007,0,0,0,0,v
2014-05-20 12:24,6.806,0.008,0,0,0,0,v
2014-05-20 12:30,6.825,0.007,0,0,0,0,v
2014-05-20 12:36,6.827,0.008,0,0,0,0,v
2014-05-20 12:42,6.816,0.007,0,0,0,0,v
2014-05-20 12:48,6.836,0.008,0,0,0,0,v
2014-05-20 12:54,6.846,0.009,0,0,0,0,v
2014-05-20 13:00,6.845,0.007,0,0,0,0,v
2014-05-20 13:06,6.858,0.007,0,0,0,0,v
2014-05-20 13:12,6.866,0.009,0,0,0,0,v
2014-05-20 13:18,6.864,0.005,0,0,0,0,v
2014-05-20 13:24,6.872,0.010,0,0,0,0,v
2014-05-20 13:30,6.870,0.008,0,0,0,0,v
2014-05-20 13:36,6.870,0.009,0,0,0,0,v
2014-05-20 13:42,6.884,0.009,0,0,0,0,v
2014-05-20 13:48,6.880,0.008,0,0,0,0,v
2014-05-20 13:54,6.892,0.009,0,0,0,0,v
2014-05-20 14:00,6.905,0.006,0,0,0,0,v
2014-05-20 14:06,6.902,0.006,0,0,0,0,v
2014-05-20 14:12,6.893,0.008,0,0,0,0,v
2014-05-20 14:18,6.901,0.007,0,0,0,0,v
2014-05-20 14:24,6.918,0.007,0,0,0,0,v
2014-05-20 14:30,6.920,0.008,0,0,0,0,v
2014-05-20 14:36,6.909,0.009,0,0,0,0,v
2014-05-20 14:42,6.888,0.009,0,0,0,0,v
2014-05-20 14:48,6.895,0.007,0,0,0,0,v
2014-05-20 14:54,6.885,0.006,0,0,0,0,v
2014-05-20 15:00,6.893,0.008,0,0,0,0,v
2014-05-20 15:06,6.905,0.009,0,0,0,0,v
2014-05-20 15:12,6.902,0.006,0,0,0,0,v
2014-05-20 15:18,6.913,0.007,0,0,0,0,v
2014-05-20 15:24,6.916,0.008,0,0,0,0,v
2014-05-20 15:30,6.916,0.009,0,0,0,0,v
2014-05-20 15:36,6.895,0.008,0,0,0,0,v
2014-05-20 15:42,6.895,0.007,0,0,0,0,v
2014-05-20 15:48,6.877,0.010,0,0,0,0,v
2014-05-20 15:54,6.886,0.008,0,0,0,0,v
2014-05-20 16:00,6.876,0.008,0,0,0,0,v
2014-05-20 16:06,6.875,0.006,0,0,0,0,v
2014-05-20 16:12,6.871,0.007,0,0,0,0,v
2014-05-20 16:18,6.879,0.006,0,0,0,0,v
2014-05-20 16:24,6.873,0.007,0,0,0,0,v
2014-05-20 16:30,6.872,0.007,0,0,0,0,v
2014-05-20 16:36,6.884,0.008,0,0,0,0,v
2014-05-20 16:42,6.876,0.007,0,0,0,0,v
2014-05-20 16:48,6.869,0.010,0,0,0,0,v
2014-05-20 16:54,6.850,0.009,0,0,0,0,v
2014-05-20 17:00,6.872,0.009,0,0,0,0,v
2014-05-20 17:06,6.853,0.007,0,0,0,0,v
2014-05-20 17:12,6.847,0.008,0,0,0,0,v
2014-05-20 17:18,6.847,0.008,0,0,0,0,v
2014-05-20 17:24,6.842,0.007,0,0,0,0,v
2014-05-20 17:30,6.834,0.007,0,0,0,0,v
2014-05-20 17:36,6.827,0.006,0,0,0,0,v
2014-05-20 17:42,6.828,0.007,0,0,0,0,v
2014-05-20 17:48,6.841,0.007,0,0,0,0,v
2014-05-20 17:54,6.826,0.006,0,0,0,0,v
2014-05-20 18:00,6.828,0.007,0,0,0,0,v
2014-05-20 18:06,6.826,0.006,0,0,0,0,v
2014-05-20 18:12,6.832,0.009,0,0,0,0,v
2014-05-20 18:18,6.847,0.009,0,0,0,0,v
2014-05-20 18:24,6.827,0.006,0,0,0,0,v
2014-05-20 18:30,6.833,0.010,0,0,0,0,v
2014-05-20 18:36,6.820,0.006,0,0,0,0,v
2014-05-20 18:42,6.817,0.009,0,0,0,0,v
2014-05-20 18:48,6.817,0.008,0,0,0,0,v
2014-05-20 18:54,6.801,0.009,0,0,0,0,v
2014-05-20 19:00,6.805,0.007,0,0,0,0,v
2014-05-20 19:06,6.802,0.007,0,0,0,0,v
2014-05-20 19:12,6.796,0.011,0,0,0,0,v
2014-05-20 19:18,6.823,0.009,0,0,0,0,v
2014-05-20 19:24,6.800,0.010,0,0,0,0,v
2014-05-20 19:30,6.797,0.007,0,0,0,0,v
2014-05-20 19:36,6.788,0.008,0,0,0,0,v
2014-05-20 19:42,6.789,0.007,0,0,0,0,v
2014-05-20 19:48,6.788,0.006,0,0,0,0,v
2014-05-20 19:54,6.771,0.009,0,0,0,0,v
2014-05-20 20:00,6.782,0.006,0,0,0,0,v
2014-05-20 20:06,6.768,0.008,0,0,0,0,v
2014-05-20 20:12,6.780,0.007,0,0,0,0,v
2014-05-20 20:18,6.772,0.007,0,0,0,0,v
2014-05-20 20:24,6.783,0.009,0,0,0,0,v
2014-05-20 20:30,6.771,0.008,0,0,0,0,v
2014-05-20 20:36,6.771,0.007,0,0,0,0,v
2014-05-20 20:42,6.775,0.006,0,0,0,0,v
2014-05-20 20:48,6.775,0.006,0,0,0,0,v
2014-05-20 20:54,6.770,0.007,0,0,0,0,v
2014-05-20 21:00,6.764,0.009,0,0,0,0,v
2014-05-20 21:06,6.770,0.009,0,0,0,0,v
2014-05-20 21:12,6.765,0.007,0,0,0,0,v
2014-05-20 21:18,6.754,0.008,0,0,0,0,v
2014-05-20 21:24,6.758,0.009,0,0,0,0,v
2014-05-20 21:30,6.746,0.009,0,0,0,0,v
2014-05-20 21:36,6.745,0.008,0,0,0,0,v
2014-05-20 21:42,6.748,0.010,0,0,0,0,v
2014-05-20 21:48,6.751,0.007,0,0,0,0,v
2014-05-20 21:54,6.750,0.007,0,0,0,0,v
2014-05-20 22:00,6.750,0.009,0,0,0,0,v
2014-05-20 22:06,6.755,0.007,0,0,0,0,v
2014-05-20 22:12,6.750,0.008,0,0,0,0,v
2014-05-20 22:18,6.757,0.008,0,0,0,0,v
2014-05-20 22:24,6.745,0.007,0,0,0,0,v
2014-05-20 22:30,6.749,0.007,0,0,0,0,v
2014-05-20 22:36,6.750,0.009,0,0,0,0,v
2014-05-20 22:42,6.743,0.009,0,0,0,0,v
2014-05-20 22:48,6.745,0.008,0,0,0,0,v
2014-05-20 22:54,6.743,0.007,0,0,0,0,v
2014-05-20 23:00,6.757,0.011,0,0,0,0,v
2014-05-20 23:06,6.767,0.007,0,0,0,0,v
2014-05-20 23:12,6.766,0.009,0,0,0,0,v
2014-05-20 23:18,6.759,0.007,0,0,0,0,v
2014-05-20 23:24,6.762,0.007,0,0,0,0,v
2014-05-20 23:30,6.775,0.007,0,0,0,0,v
2014-05-20 23:36,6.778,0.007,0,0,0,0,v
2014-05-20 23:42,6.787,0.009,0,0,0,0,v
2014-05-20 23:48,6.779,0.009,0,0,0,0,v
2014-05-20 23:54,6.773,0.008,0,0,0,0,v
2014-05-21 00:00,6.779,0.008,0,0,0,0,v
2014-05-21 00:06,6.773,0.010,0,0,0,0,v
2014-05-21 00:12,6.769,0.010,0,0,0,0,v
2014-05-21 00:18,6.771,0.010,0,0,0,0,v
2014-05-21 00:24,6.768,0.009,0,0,0,0,v
2014-05-21 00:30,6.767,0.007,0,0,0,0,v
2014-05-21 00:36,6.766,0.008,0,0,0,0,v
2014-05-21 00:42,6.779,0.007,0,0,0,0,v
2014-05-21 00:48,6.771,0.007,0,0,0,0,v
2014-05-21 00:54,6.760,0.007,0,0,0,0,v
2014-05-21 01:00,6.761,0.006,0,0,0,0,v
2014-05-21 01:06,6.761,0.007,0,0,0,0,v
2014-05-21 01:12,6.758,0.007,0,0,0,0,v
2014-05-21 01:18,6.754,0.009,0,0,0,0,v
2014-05-21 01:24,6.760,0.011,0,0,0,0,v
2014-05-21 01:30,6.756,0.007,0,0,0,0,v
2014-05-21 01:36,6.758,0.006,0,0,0,0,v
2014-05-21 01:42,6.744,0.008,0,0,0,0,v
2014-05-21 01:48,6.731,0.007,0,0,0,0,v
2014-05-21 01:54,6.722,0.008,0,0,0,0,v
2014-05-21 02:00,6.731,0.007,0,0,0,0,v
2014-05-21 02:06,6.742,0.010,0,0,0,0,v
2014-05-21 02:12,6.732,0.009,0,0,0,0,v
2014-05-21 02:18,6.724,0.007,0,0,0,0,v
2014-05-21 02:24,6.717,0.008,0,0,0,0,v
2014-05-21 02:30,6.719,0.006,0,0,0,0,v
2014-05-21 02:36,6.721,0.006,0,0,0,0,v
2014-05-21 02:42,6.710,0.007,0,0,0,0,v
2014-05-21 02:48,6.709,0.007,0,0,0,0,v
2014-05-21 02:54,6.706,0.010,0,0,0,0,v
2014-05-21 03:00,6.681,0.006,0,0,0,0,v
2014-05-21 03:06,6.672,0.008,0,0,0,0,v
2014-05-21 03:12,6.677,0.007,0,0,0,0,v
2014-05-21 03:18,6.665,0.007,0,0,0,0,v
2014-05-21 03:24,6.664,0.007,0,0,0,0,v
2014-05-21 03:30,6.669,0.008,0,0,0,0,v
2014-05-21 03:36,6.685,0.008,0,0,0,0,v
2014-05-21 03:42,6.673,0.009,0,0,0,0,v
2014-05-21 03:48,6.672,0.007,0,0,0,0,v
2014-05-21 03:54,6.644,0.006,0,0,0,0,v
2014-05-21 04:00,6.639,0.008,0,0,0,0,v
2014-05-21 04:06,6.647,0.008,0,0,0,0,v
2014-05-21 04:12,6.637,0.006,0,0,0,0,v
2014-05-21 04:18,6.636,0.010,0,0,0,0,v
2014-05-21 04:24,6.630,0.007,0,0,0,0,v
2014-05-21 04:30,6.622,0.008,0,0,0,0,v
2014-05-21 04:36,6.624,0.007,0,0,0,0,v
2014-05-21 04:42,6.612,0.007,0,0,0,0,v
2014-05-21 04:48,6.630,0.007,0,0,0,0,v
2014-05-21 04:54,6.604,0.006,0,0,0,0,v
2014-05-21 05:00,6.610,0.006,0,0,0,0,v
2014-05-21 05:06,6.609,0.007,0,0,0,0,v
2014-05-21 05:12,6.609,0.008,0,0,0,0,v
2014-05-21 05:18,6.608,0.006,0,0,0,0,v
2014-05-21 05:24,6.617,0.006,0,0,0,0,v
2014-05-21 05:30,6.614,0.006,0,0,0,0,v
2014-05-21 05:36,6.616,0.006,0,0,0,0,v
2014-05-21 05:42,6.593,0.008,0,0,0,0,v
2014-05-21 05:48,6.572,0.007,0,0,0,0,v
2014-05-21 05:54,6.569,0.006,0,0,0,0,v
2014-05-21 06:00,6.574,0.008,0,0,0,0,v
2014-05-21 06:06,6.570,0.006,0,0,0,0,v
2014-05-21 06:12,6.596,0.006,0,0,0,0,v
2014-05-21 06:18,6.586,0.006,0,0,0,0,v
2014-05-21 06:24,6.576,0.006,0,0,0,0,v
2014-05-21 06:30,6.563,0.007,0,0,0,0,v
2014-05-21 06:36,6.561,0.006,0,0,0,0,v
2014-05-21 06:42,6.541,0.006,0,0,0,0,v
2014-05-21 06:48,6.576,0.007,0,0,0,0,v
2014-05-21 06:54,6.556,0.007,0,0,0,0,v
2014-05-21 07:00,6.551,0.008,0,0,0,0,v
2014-05-21 07:06,6.549,0.006,0,0,0,0,v
2014-05-21 07:12,6.553,0.007,0,0,0,0,v
2014-05-21 07:18,6.545,0.005,0,0,0,0,v
2014-05-21 07:24,6.557,0.006,0,0,0,0,v
2014-05-21 07:30,6.560,0.006,0,0,0,0,v
2014-05-21 07:36,6.549,0.009,0,0,0,0,v
2014-05-21 07:42,6.521,0.007,0,0,0,0,v
2014-05-21 07:48,6.546,0.009,0,0,0,0,v
2014-05-21 07:54,6.544,0.005,0,0,0,0,v
2014-05-21 08:00,6.566,0.006,0,0,0,0,v
2014-05-21 08:06,6.556,0.008,0,0,0,0,v
2014-05-21 08:12,6.549,0.007,0,0,0,0,v
2014-05-21 08:18,6.524,0.008,0,0,0,0,v
2014-05-21 08:24,6.514,0.006,0,0,0,0,v
2014-05-21 08:30,6.512,0.006,0,0,0,0,v
2014-05-21 08:36,6.533,0.007,0,0,0,0,v
2014-05-21 08:42,6.536,0.007,0,0,0,0,v
2014-05-21 08:48,6.537,0.007,0,0,0,0,v
2014-05-21 08:54,6.545,0.006,0,0,0,0,v
2014-05-21 09:00,6.565,0.006,0,0,0,0,v
2014-05-21 09:06,6.547,0.006,0,0,0,0,v
2014-05-21 09:12,6.538,0.007,0,0,0,0,v
2014-05-21 09:18,6.555,0.005,0,0,0,0,v
2014-05-21 09:24,6.554,0.006,0,0,0,0,v
2014-05-21 09:30,6.570,0.007,0,0,0,0,v
2014-05-21 09:36,6.564,0.007,0,0,0,0,v
2014-05-21 09:42,6.578,0.007,0,0,0,0,v
2014-05-21 09:48,6.572,0.006,0,0,0,0,v
2014-05-21 09:54,6.576,0.005,0,0,0,0,v
2014-05-21 10:00,6.590,0.006,0,0,0,0,v
2014-05-21 10:06,6.597,0.007,0,0,0,0,v
2014-05-21 10:12,6.621,0.007,0,0,0,0,v
2014-05-21 10:18,6.627,0.007,0,0,0,0,v
2014-05-21 10:24,6.633,0.008,0,0,0,0,v
2014-05-21 10:30,6.653,0.006,0,0,0,0,v
2014-05-21 10:36,6.665,0.006,0,0,0,0,v
2014-05-21 10:42,6.666,0.009,0,0,0,0,v
2014-05-21 10:48,6.672,0.006,0,0,0,0,v
2014-05-21 10:54,6.691,0.005,0,0,0,0,v
2014-05-21 11:00,6.686,0.005,0,0,0,0,v
2014-05-21 11:06,6.694,0.006,0,0,0,0,v
2014-05-21 11:12,6.697,0.006,0,0,0,0,v
2014-05-21 11:18,6.687,0.007,0,0,0,0,v
2014-05-21 11:24,6.693,0.007,0,0,0,0,v
2014-05-21 11:30,6.709,0.010,0,0,0,0,v
2014-05-21 11:36,6.720,0.007,0,0,0,0,v
2014-05-21 11:42,6.735,0.007,0,0,0,0,v
2014-05-21 11:48,6.731,0.006,0,0,0,0,v
2014-05-21 11:54,6.748,0.005,0,0,0,0,v
2014-05-21 12:00,6.743,0.009,0,0,0,0,v
2014-05-21 12:06,6.735,0.005,0,0,0,0,v
2014-05-21 12:12,6.741,0.009,0,0,0,0,v
2014-05-21 12:18,6.773,0.006,0,0,0,0,v
2014-05-21 12:24,6.780,0.006,0,0,0,0,v
2014-05-21 12:30,6.788,0.006,0,0,0,0,v
2014-05-21 12:36,6.801,0.006,0,0,0,0,v
2014-05-21 12:42,6.798,0.008,0,0,0,0,v
2014-05-21 12:48,6.785,0.006,0,0,0,0,v
2014-05-21 12:54,6.803,0.006,0,0,0,0,v
2014-05-21 13:00,6.804,0.009,0,0,0,0,v
2014-05-21 13:06,6.814,0.006,0,0,0,0,v
2014-05-21 13:12,6.819,0.007,0,0,0,0,v
2014-05-21 13:18,6.842,0.008,0,0,0,0,v
2014-05-21 13:24,6.840,0.006,0,0,0,0,v
2014-05-21 13:30,6.852,0.005,0,0,0,0,v
2014-05-21 13:36,6.840,0.008,0,0,0,0,v
2014-05-21 13:42,6.852,0.008,0,0,0,0,v
2014-05-21 13:48,6.866,0.006,0,0,0,0,v
2014-05-21 13:54,6.870,0.010,0,0,0,0,v
2014-05-21 14:00,6.871,0.007,0,0,0,0,v
2014-05-21 14:06,6.894,0.006,0,0,0,0,v
2014-05-21 14:12,6.886,0.008,0,0,0,0,v
2014-05-21 14:18,6.907,0.006,0,0,0,0,v
2014-05-21 14:24,6.913,0.006,0,0,0,0,v
2014-05-21 14:30,6.919,0.006,0,0,0,0,v
2014-05-21 14:36,6.899,0.007,0,0,0,0,v
2014-05-21 14:42,6.896,0.007,0,0,0,0,v
2014-05-21 14:48,6.895,0.006,0,0,0,0,v
2014-05-21 14:54,6.916,0.008,0,0,0,0,v
2014-05-21 15:00,6.910,0.008,0,0,0,0,v
2014-05-21 15:06,6.916,0.006,0,0,0,0,v
2014-05-21 15:12,6.914,0.005,0,0,0,0,v
2014-05-21 15:18,6.911,0.006,0,0,0,0,v
2014-05-21 15:24,6.914,0.008,0,0,0,0,v
2014-05-21 15:30,6.923,0.007,0,0,0,0,v
2014-05-21 15:36,6.926,0.007,0,0,0,0,v
2014-05-21 15:42,6.925,0.007,0,0,0,0,v
2014-05-21 15:48,6.918,0.008,0,0,0,0,v
2014-05-21 15:54,6.906,0.007,0,0,0,0,v
2014-05-21 16:00,6.910,0.006,0,0,0,0,v
2014-05-21 16:06,6.895,0.007,0,0,0,0,v
2014-05-21 16:12,6.892,0.008,0,0,0,0,v
2014-05-21 16:18,6.892,0.007,0,0,0,0,v
2014-05-21 16:24,6.895,0.009,0,0,0,0,v
2014-05-21 16:30,6.867,0.008,0,0,0,0,v
2014-05-21 16:36,6.872,0.006,0,0,0,0,v
2014-05-21 16:42,6.878,0.006,0,0,0,0,v
2014-05-21 16:48,6.864,0.008,0,0,0,0,v
2014-05-21 16:54,6.880,0.008,0,0,0,0,v
2014-05-21 17:00,6.861,0.007,0,0,0,0,v
2014-05-21 17:06,6.872,0.006,0,0,0,0,v
2014-05-21 17:12,6.871,0.009,0,0,0,0,v
2014-05-21 17:18,6.861,0.009,0,0,0,0,v
2014-05-21 17:24,6.881,0.006,0,0,0,0,v
2014-05-21 17:30,6.874,0.005,0,0,0,0,v
2014-05-21 17:36,6.890,0.007,0,0,0,0,v
2014-05-21 17:42,6.878,0.007,0,0,0,0,v
2014-05-21 17:48,6.878,0.007,0,0,0,0,v
2014-05-21 17:54,6.860,0.007,0,0,0,0,v
2014-05-21 18:00,6.847,0.006,0,0,0,0,v
2014-05-21 18:06,6.827,0.008,0,0,0,0,v
2014-05-21 18:12,6.832,0.007,0,0,0,0,v
2014-05-21 18:18,6.833,0.007,0,0,0,0,v
2014-05-21 18:24,6.827,0.006,0,0,0,0,v
2014-05-21 18:30,6.811,0.007,0,0,0,0,v
2014-05-21 18:36,6.806,0.009,0,0,0,0,v
2014-05-21 18:42,6.811,0.008,0,0,0,0,v
2014-05-21 18:48,6.799,0.007,0,0,0,0,v
2014-05-21 18:54,6.796,0.006,0,0,0,0,v
2014-05-21 19:00,6.802,0.006,0,0,0,0,v
2014-05-21 19:06,6.789,0.010,0,0,0,0,v
2014-05-21 19:12,6.793,0.006,0,0,0,0,v
2014-05-21 19:18,6.777,0.007,0,0,0,0,v
2014-05-21 19:24,6.784,0.007,0,0,0,0,v
2014-05-21 19:30,6.766,0.009,0,0,0,0,v
2014-05-21 19:36,6.766,0.009,0,0,0,0,v
2014-05-21 19:42,6.762,0.007,0,0,0,0,v
2014-05-21 19:48,6.764,0.006,0,0,0,0,v
2014-05-21 19:54,6.767,0.008,0,0,0,0,v
2014-05-21 20:00,6.761,0.007,0,0,0,0,v
2014-05-21 20:06,6.770,0.005,0,0,0,0,v
2014-05-21 20:12,6.775,0.007,0,0,0,0,v
2014-05-21 20:18,6.775,0.007,0,0,0,0,v
2014-05-21 20:24,6.768,0.006,0,0,0,0,v
2014-05-21 20:30,6.783,0.008,0,0,0,0,v
2014-05-21 20:36,6.787,0.007,0,0,0,0,v
2014-05-21 20:42,6.796,0.007,0,0,0,0,v
2014-05-21 20:48,6.787,0.007,0,0,0,0,v
2014-05-21 20:54,6.787,0.007,0,0,0,0,v
2014-05-21 21:00,6.806,0.007,0,0,0,0,v
2014-05-21 21:06,6.804,0.006,0,0,0,0,v
2014-05-21 21:12,6.795,0.006,0,0,0,0,v
2014-05-21 21:18,6.784,0.006,0,0,0,0,v
2014-05-21 21:24,6.786,0.006,0,0,0,0,v
2014-05-21 21:30,6.782,0.008,0,0,0,0,v
2014-05-21 21:36,6.765,0.008,0,0,0,0,v
2014-05-21 21:42,6.776,0.007,0,0,0,0,v
2014-05-21 21:48,6.761,0.008,0,0,0,0,v
2014-05-21 21:54,6.747,0.006,0,0,0,0,v
2014-05-21 22:00,6.746,0.008,0,0,0,0,v
2014-05-21 22:06,6.765,0.007,0,0,0,0,v
2014-05-21 22:12,6.757,0.007,0,0,0,0,v
2014-05-21 22:18,6.742,0.005,0,0,0,0,v
2014-05-21 22:24,6.738,0.006,0,0,0,0,v
2014-05-21 22:30,6.740,0.007,0,0,0,0,v
2014-05-21 22:36,6.741,0.006,0,0,0,0,v
2014-05-21 22:42,6.732,0.006,0,0,0,0,v
2014-05-21 22:48,6.734,0.006,0,0,0,0,v
2014-05-21 22:54,6.741,0.007,0,0,0,0,v
2014-05-21 23:00,6.742,0.009,0,0,0,0,v
2014-05-21 23:06,6.738,0.007,0,0,0,0,v
2014-05-21 23:12,6.745,0.006,0,0,0,0,v
2014-05-21 23:18,6.740,0.006,0,0,0,0,v
2014-05-21 23:24,6.730,0.006,0,0,0,0,v
2014-05-21 23:30,6.733,0.007,0,0,0,0,v
2014-05-21 23:36,6.732,0.005,0,0,0,0,v
2014-05-21 23:42,6.736,0.007,0,0,0,0,v
2014-05-21 23:48,6.750,0.007,0,0,0,0,v
2014-05-21 23:54,6.757,0.007,0,0,0,0,v
2014-05-22 00:00,6.731,0.006,0,0,0,0,v
2014-05-22 00:06,6.754,0.009,0,0,0,0,v
2014-05-22 00:12,6.744,0.006,0,0,0,0,v
2014-05-22 00:18,6.768,0.007,0,0,0,0,v
2014-05-22 00:24,6.768,0.007,0,0,0,0,v
2014-05-22 00:30,6.769,0.009,0,0,0,0,v
2014-05-22 00:36,6.789,0.008,0,0,0,0,v
2014-05-22 00:42,6.796,0.005,0,0,0,0,v
2014-05-22 00:48,6.808,0.007,0,0,0,0,v
2014-05-22 00:54,6.807,0.007,0,0,0,0,v
2014-05-22 01:00,6.803,0.008,0,0,0,0,v
2014-05-22 01:06,6.804,0.008,0,0,0,0,v
2014-05-22 01:12,6.804,0.008,0,0,0,0,v
2014-05-22 01:18,6.821,0.006,0,0,0,0,v
2014-05-22 01:24,6.803,0.006,0,0,0,0,v
2014-05-22 01:30,6.812,0.007,0,0,0,0,v
2014-05-22 01:36,6.824,0.008,0,0,0,0,v
2014-05-22 01:42,6.825,0.006,0,0,0,0,v
2014-05-22 01:48,6.820,0.007,0,0,0,0,v
2014-05-22 01:54,6.829,0.006,0,0,0,0,v
2014-05-22 02:00,6.824,0.007,0,0,0,0,v
2014-05-22 02:06,6.805,0.009,0,0,0,0,v
2014-05-22 02:12,6.808,0.008,0,0,0,0,v
2014-05-22 02:18,6.781,0.009,0,0,0,0,v
2014-05-22 02:24,6.785,0.008,0,0,0,0,v
2014-05-22 02:30,6.787,0.006,0,0,0,0,v
2014-05-22 02:36,6.765,0.009,0,0,0,0,v
2014-05-22 02:42,6.766,0.006,0,0,0,0,v
2014-05-22 02:48,6.772,0.007,0,0,0,0,v
2014-05-22 02:54,6.761,0.008,0,0,0,0,v
2014-05-22 03:00,6.770,0.007,0,0,0,0,v
2014-05-22 03:06,6.775,0.006,0,0,0,0,v
2014-05-22 03:12,6.777,0.006,0,0,0,0,v
2014-05-22 03:18,6.771,0.009,0,0,0,0,v
2014-05-22 03:24,6.777,0.006,0,0,0,0,v
2014-05-22 03:30,6.754,0.007,0,0,0,0,v
2014-05-22 03:36,6.741,0.008,0,0,0,0,v
2014-05-22 03:42,6.753,0.006,0,0,0,0,v
2014-05-22 03:48,6.768,0.006,0,0,0,0,v
2014-05-22 03:54,6.771,0.007,0,0,0,0,v
2014-05-22 04:00,6.769,0.005,0,0,0,0,v
2014-05-22 04:06,6.767,0.007,0,0,0,0,v
2014-05-22 04:12,6.762,0.006,0,0,0,0,v
2014-05-22 04:18,6.758,0.008,0,0,0,0,v
2014-05-22 04:24,6.765,0.006,0,0,0,0,v
2014-05-22 04:30,6.767,0.008,0,0,0,0,v
2014-05-22 04:36,6.768,0.005,0,0,0,0,v
2014-05-22 04:42,6.755,0.008,0,0,0,0,v
2014-05-22 04:48,6.758,0.007,0,0,0,0,v
2014-05-22 04:54,6.739,0.006,0,0,0,0,v
2014-05-22 05:00,6.731,0.005,0,0,0,0,v
2014-05-22 05:06,6.724,0.007,0,0,0,0,v
2014-05-22 05:12,6.721,0.006,0,0,0,0,v
2014-05-22 05:18,6.720,0.007,0,0,0,0,v
2014-05-22 05:24,6.705,0.008,0,0,0,0,v
2014-05-22 05:30,6.692,0.005,0,0,0,0,v
2014-05-22 05:36,6.679,0.005,0,0,0,0,v
2014-05-22 05:42,6.671,0.008,0,0,0,0,v
2014-05-22 05:48,6.689,0.006,0,0,0,0,v
2014-05-22 05:54,6.694,0.006,0,0,0,0,v
2014-05-22 06:00,6.686,0.005,0,0,0,0,v
2014-05-22 06:06,6.666,0.007,0,0,0,0,v
2014-05-22 06:12,6.668,0.006,0,0,0,0,v
2014-05-22 06:18,6.667,0.007,0,0,0,0,v
2014-05-22 06:24,6.658,0.007,0,0,0,0,v
2014-05-22 06:30,6.650,0.008,0,0,0,0,v
2014-05-22 06:36,6.636,0.007,0,0,0,0,v
2014-05-22 06:42,6.624,0.005,0,0,0,0,v
2014-05-22 06:48,6.620,0.005,0,0,0,0,v
2014-05-22 06:54,6.638,0.006,0,0,0,0,v
2014-05-22 07:00,6.632,0.007,0,0,0,0,v
2014-05-22 07:06,6.612,0.007,0,0,0,0,v
2014-05-22 07:12,6.611,0.005,0,0,0,0,v
2014-05-22 07:18,6.621,0.007,0,0,0,0,v
2014-05-22 07:24,6.621,0.005,0,0,0,0,v
2014-05-22 07:30,6.622,0.007,0,0,0,0,v
2014-05-22 07:36,6.621,0.007,0,0,0,0,v
2014-05-22 07:42,6.615,0.006,0,0,0,0,v
2014-05-22 07:48,6.631,0.007,0,0,0,0,v
2014-05-22 07:54,6.624,0.007,0,0,0,0,v
2014-05-22 08:00,6.629,0.006,0,0,0,0,v
2014-05-22 08:06,6.636,0.005,0,0,0,0,v
2014-05-22 08:12,6.622,0.008,0,0,0,0,v
2014-05-22 08:18,6.633,0.006,0,0,0,0,v
2014-05-22 08:24,6.629,0.004,0,0,0,0,v
2014-05-22 08:30,6.628,0.006,0,0,0,0,v
2014-05-22 08:36,6.635,0.006,0,0,0,0,v
2014-05-22 08:42,6.620,0.008,0,0,0,0,v
2014-05-22 08:48,6.613,0.007,0,0,0,0,v
2014-05-22 08:54,6.608,0.010,0,0,0,0,v
2014-05-22 09:00,6.605,0.006,0,0,0,0,v
2014-05-22 09:06,6.603,0.007,0,0,0,0,v
2014-05-22 09:12,6.619,0.006,0,0,0,0,v
2014-05-22 09:18,6.622,0.006,0,0,0,0,v
2014-05-22 09:24,6.618,0.007,0,0,0,0,v
2014-05-22 09:30,6.630,0.005,0,0,0,0,v
2014-05-22 09:36,6.614,0.006,0,0,0,0,v
2014-05-22 09:42,6.618,0.008,0,0,0,0,v
2014-05-22 09:48,6.604,0.006,0,0,0,0,v
2014-05-22 09:54,6.609,0.008,0,0,0,0,v
2014-05-22 10:00,6.616,0.007,0,0,0,0,v
2014-05-22 10:06,6.608,0.007,0,0,0,0,v
2014-05-22 10:12,6.613,0.007,0,0,0,0,v
2014-05-22 10:18,6.631,0.007,0,0,0,0,v
2014-05-22 10:24,6.640,0.008,0,0,0,0,v
2014-05-22 10:30,6.644,0.005,0,0,0,0,v
2014-05-22 10:36,6.641,0.008,0,0,0,0,v
2014-05-22 10:42,6.636,0.007,0,0,0,0,v
2014-05-22 10:48,6.634,0.007,0,0,0,0,v
2014-05-22 10:54,6.630,0.007,0,0,0,0,v
2014-05-22 11:00,6.648,0.008,0,0,0,0,v
2014-05-22 11:06,6.647,0.006,0,0,0,0,v
2014-05-22 11:12,6.652,0.005,0,0,0,0,v
2014-05-22 11:18,6.655,0.007,0,0,0,0,v
2014-05-22 11:24,6.648,0.006,0,0,0,0,v
2014-05-22 11:30,6.667,0.006,0,0,0,0,v
2014-05-22 11:36,6.684,0.006,0,0,0,0,v
2014-05-22 11:42,6.677,0.006,0,0,0,0,v
2014-05-22 11:48,6.668,0.008,0,0,0,0,v
2014-05-22 11:54,6.689,0.007,0,0,0,0,v
2014-05-22 12:00,6.699,0.005,0,0,0,0,v
2014-05-22 12:06,6.699,0.006,0,0,0,0,v
2014-05-22 12:12,6.718,0.006,0,0,0,0,v
2014-05-22 12:18,6.727,0.007,0,0,0,0,v
2014-05-22 12:24,6.740,0.006,0,0,0,0,v
2014-05-22 12:30,6.736,0.006,0,0,0,0,v
2014-05-22 12:36,6.745,0.008,0,0,0,0,v
2014-05-22 12:42,6.755,0.006,0,0,0,0,v
2014-05-22 12:48,6.766,0.007,0,0,0,0,v
2014-05-22 12:54,6.751,0.008,0,0,0,0,v
2014-05-22 13:00,6.788,0.006,0,0,0,0,v
2014-05-22 13:06,6.791,0.009,0,0,0,0,v
2014-05-22 13:12,6.789,0.007,0,0,0,0,v
2014-05-22 13:18,6.780,0.009,0,0,0,0,v
2014-05-22 13:24,6.788,0.008,0,0,0,0,v
2014-05-22 13:30,6.796,0.007,0,0,0,0,v
2014-05-22 13:36,6.811,0.008,0,0,0,0,v
2014-05-22 13:42,6.822,0.008,0,0,0,0,v
2014-05-22 13:48,6.817,0.008,0,0,0,0,v
2014-05-22 13:54,6.824,0.007,0,0,0,0,v
2014-05-22 14:00,6.826,0.009,0,0,0,0,v
2014-05-22 14:06,6.831,0.007,0,0,0,0,v
2014-05-22 14:12,6.827,0.008,0,0,0,0,v
2014-05-22 14:18,6.846,0.008,0,0,0,0,v
2014-05-22 14:24,6.839,0.010,0,0,0,0,v
2014-05-22 14:30,6.844,0.009,0,0,0,0,v
2014-05-22 14:36,6.851,0.007,0,0,0,0,v
2014-05-22 14:42,6.853,0.009,0,0,0,0,v
2014-05-22 14:48,6.853,0.008,0,0,0,0,v
2014-05-22 14:54,6.842,0.007,0,0,0,0,v
2014-05-22 15:00,6.852,0.006,0,0,0,0,v
2014-05-22 15:06,6.856,0.007,0,0,0,0,v
2014-05-22 15:12,6.853,0.006,0,0,0,0,v
2014-05-22 15:18,6.855,0.006,0,0,0,0,v
2014-05-22 15:24,6.857,0.008,0,0,0,0,v
2014-05-22 15:30,6.867,0.005,0,0,0,0,v
2014-05-22 15:36,6.863,0.007,0,0,0,0,v
2014-05-22 15:42,6.868,0.006,0,0,0,0,v
2014-05-22 15:48,6.871,0.006,0,0,0,0,v
2014-05-22 15:54,6.861,0.008,0,0,0,0,v
2014-05-22 16:00,6.839,0.008,0,0,0,0,v
2014-05-22 16:06,6.853,0.005,0,0,0,0,v
2014-05-22 16:12,6.854,0.009,0,0,0,0,v
2014-05-22 16:18,6.849,0.006,0,0,0,0,v
2014-05-22 16:24,6.842,0.006,0,0,0,0,v
2014-05-22 16:30,6.850,0.008,0,0,0,0,v
2014-05-22 16:36,6.837,0.007,0,0,0,0,v
2014-05-22 16:42,6.844,0.006,0,0,0,0,v
2014-05-22 16:48,6.834,0.008,0,0,0,0,v
2014-05-22 16:54,6.819,0.006,0,0,0,0,v
2014-05-22 17:00,6.825,0.007,0,0,0,0,v
2014-05-22 17:06,6.815,0.008,0,0,0,0,v
2014-05-22 17:12,6.826,0.009,0,0,0,0,v
2014-05-22 17:18,6.806,0.007,0,0,0,0,v
2014-05-22 17:24,6.798,0.007,0,0,0,0,v
2014-05-22 17:30,6.801,0.008,0,0,0,0,v
2014-05-22 17:36,6.805,0.011,0,0,0,0,v
2014-05-22 17:42,6.808,0.007,0,0,0,0,v
2014-05-22 17:48,6.808,0.011,0,0,0,0,v
2014-05-22 17:54,6.814,0.009,0,0,0,0,v
2014-05-22 18:00,6.809,0.009,0,0,0,0,v
2014-05-22 18:06,6.806,0.006,0,0,0,0,v
2014-05-22 18:12,6.778,0.010,0,0,0,0,v
2014-05-22 18:18,6.789,0.008,0,0,0,0,v
2014-05-22 18:24,6.783,0.007,0,0,0,0,v
2014-05-22 18:30,6.767,0.007,0,0,0,0,v
2014-05-22 18:36,6.777,0.008,0,0,0,0,v
2014-05-22 18:42,6.772,0.007,0,0,0,0,v
2014-05-22 18:48,6.771,0.006,0,0,0,0,v
2014-05-22 18:54,6.785,0.006,0,0,0,0,v
2014-05-22 19:00,6.787,0.007,0,0,0,0,v
2014-05-22 19:06,6.779,0.008,0,0,0,0,v
2014-05-22 19:12,6.780,0.009,0,0,0,0,v
2014-05-22 19:18,6.789,0.008,0,0,0,0,v
2014-05-22 19:24,6.772,0.008,0,0,0,0,v
2014-05-22 19:30,6.773,0.007,0,0,0,0,v
2014-05-22 19:36,6.759,0.006,0,0,0,0,v
2014-05-22 19:42,6.742,0.008,0,0,0,0,v
2014-05-22 19:48,6.730,0.007,0,0,0,0,v
2014-05-22 19:54,6.726,0.009,0,0,0,0,v
2014-05-22 20:00,6.714,0.006,0,0,0,0,v
2014-05-22 20:06,6.710,0.006,0,0,0,0,v
2014-05-22 20:12,6.703,0.008,0,0,0,0,v
2014-05-22 20:18,6.682,0.008,0,0,0,0,v
2014-05-22 20:24,6.669,0.009,0,0,0,0,v
2014-05-22 20:30,6.676,0.010,0,0,0,0,v
2014-05-22 20:36,6.689,0.007,0,0,0,0,v
2014-05-22 20:42,6.684,0.009,0,0,0,0,v
2014-05-22 20:48,6.683,0.006,0,0,0,0,v
2014-05-22 20:54,6.690,0.007,0,0,0,0,v
2014-05-22 21:00,6.691,0.006,0,0,0,0,v
2014-05-22 21:06,6.681,0.006,0,0,0,0,v
2014-05-22 21:12,6.665,0.008,0,0,0,0,v
2014-05-22 21:18,6.668,0.008,0,0,0,0,v
2014-05-22 21:24,6.669,0.009,0,0,0,0,v
2014-05-22 21:30,6.658,0.009,0,0,0,0,v
2014-05-22 21:36,6.656,0.006,0,0,0,0,v
2014-05-22 21:42,6.659,0.009,0,0,0,0,v
2014-05-22 21:48,6.659,0.005,0,0,0,0,v
2014-05-22 21:54,6.644,0.006,0,0,0,0,v
2014-05-22 22:00,6.651,0.007,0,0,0,0,v
2014-05-22 22:06,6.655,0.011,0,0,0,0,v
2014-05-22 22:12,6.659,0.011,0,0,0,0,v
2014-05-22 22:18,6.651,0.006,0,0,0,0,v
2014-05-22 22:24,6.652,0.009,0,0,0,0,v
2014-05-22 22:30,6.657,0.006,0,0,0,0,v
2014-05-22 22:36,6.646,0.009,0,0,0,0,v
2014-05-22 22:42,6.652,0.007,0,0,0,0,v
2014-05-22 22:48,6.646,0.006,0,0,0,0,v
2014-05-22 22:54,6.630,0.006,0,0,0,0,v
2014-05-22 23:00,6.633,0.009,0,0,0,0,v
2014-05-22 23:06,6.628,0.008,0,0,0,0,v
2014-05-22 23:12,6.627,0.009,0,0,0,0,v
2014-05-22 23:18,6.637,0.006,0,0,0,0,v
2014-05-22 23:24,6.616,0.008,0,0,0,0,v
2014-05-22 23:30,6.628,0.007,0,0,0,0,v
2014-05-22 23:36,6.623,0.007,0,0,0,0,v
2014-05-22 23:42,6.619,0.007,0,0,0,0,v
2014-05-22 23:48,6.606,0.008,0,0,0,0,v
2014-05-22 23:54,6.607,0.010,0,0,0,0,v
2014-05-23 00:00,6.634,0.008,0,0,0,0,v
2014-05-23 00:06,6.632,0.006,0,0,0,0,v
2014-05-23 00:12,6.636,0.007,0,0,0,0,v
2014-05-23 00:18,6.655,0.008,0,0,0,0,v
2014-05-23 00:24,6.675,0.010,0,0,0,0,v
2014-05-23 00:30,6.667,0.007,0,0,0,0,v
2014-05-23 00:36,6.658,0.006,0,0,0,0,v
2014-05-23 00:42,6.681,0.007,0,0,0,0,v
2014-05-23 00:48,6.684,0.008,0,0,0,0,v
2014-05-23 00:54,6.689,0.008,0,0,0,0,v
2014-05-23 01:00,6.681,0.009,0,0,0,0,v
2014-05-23 01:06,6.704,0.008,0,0,0,0,v
2014-05-23 01:12,6.723,0.008,0,0,0,0,v
2014-05-23 01:18,6.700,0.007,0,0,0,0,v
2014-05-23 01:24,6.695,0.007,0,0,0,0,v
2014-05-23 01:30,6.709,0.008,0,0,0,0,v
2014-05-23 01:36,6.694,0.009,0,0,0,0,v
2014-05-23 01:42,6.709,0.007,0,0,0,0,v
2014-05-23 01:48,6.710,0.010,0,0,0,0,v
2014-05-23 01:54,6.715,0.010,0,0,0,0,v
2014-05-23 02:00,6.697,0.009,0,0,0,0,v
2014-05-23 02:06,6.713,0.008,0,0,0,0,v
2014-05-23 02:12,6.708,0.007,0,0,0,0,v
2014-05-23 02:18,6.735,0.008,0,0,0,0,v
2014-05-23 02:24,6.733,0.007,0,0,0,0,v
2014-05-23 02:30,6.753,0.010,0,0,0,0,v
2014-05-23 02:36,6.739,0.006,0,0,0,0,v
2014-05-23 02:42,6.736,0.007,0,0,0,0,v
2014-05-23 02:48,6.751,0.007,0,0,0,0,v
2014-05-23 02:54,6.737,0.006,0,0,0,0,v
2014-05-23 03:00,6.744,0.006,0,0,0,0,v
2014-05-23 03:06,6.749,0.008,0,0,0,0,v
2014-05-23 03:12,6.748,0.006,0,0,0,0,v
2014-05-23 03:18,6.751,0.008,0,0,0,0,v
2014-05-23 03:24,6.769,0.008,0,0,0,0,v
2014-05-23 03:30,6.767,0.008,0,0,0,0,v
2014-05-23 03:36,6.788,0.007,0,0,0,0,v
2014-05-23 03:42,6.792,0.006,0,0,0,0,v
2014-05-23 03:48,6.809,0.008,0,0,0,0,v
2014-05-23 03:54,6.806,0.008,0,0,0,0,v
2014-05-23 04:00,6.813,0.009,0,0,0,0,v
2014-05-23 04:06,6.817,0.007,0,0,0,0,v
2014-05-23 04:12,6.821,0.009,0,0,0,0,v
2014-05-23 04:18,6.842,0.007,0,0,0,0,v
2014-05-23 04:24,6.839,0.009,0,0,0,0,v
2014-05-23 04:30,6.838,0.010,0,0,0,0,v
2014-05-23 04:36,6.849,0.006,0,0,0,0,v
2014-05-23 04:42,6.832,0.012,0,0,0,0,v
2014-05-23 04:48,6.835,0.007,0,0,0,0,v
2014-05-23 04:54,6.829,0.007,0,0,0,0,v
2014-05-23 05:00,6.826,0.007,0,0,0,0,v
2014-05-23 05:06,6.826,0.006,0,0,0,0,v
2014-05-23 05:12,6.802,0.009,0,0,0,0,v
2014-05-23 05:18,6.800,0.007,0,0,0,0,v
2014-05-23 05:24,6.805,0.006,0,0,0,0,v
2014-05-23 05:30,6.788,0.006,0,0,0,0,v
2014-05-23 05:36,6.774,0.006,0,0,0,0,v
2014-05-23 05:42,6.766,0.007,0,0,0,0,v
2014-05-23 05:48,6.775,0.007,0,0,0,0,v
2014-05-23 05:54,6.773,0.006,0,0,0,0,v
2014-05-23 06:00,6.758,0.006,0,0,0,0,v
2014-05-23 06:06,6.754,0.008,0,0,0,0,v
2014-05-23 06:12,6.754,0.007,0,0,0,0,v
2014-05-23 06:18,6.736,0.010,0,0,0,0,v
2014-05-23 06:24,6.745,0.008,0,0,0,0,v
2014-05-23 06:30,6.748,0.008,0,0,0,0,v
2014-05-23 06:36,6.732,0.006,0,0,0,0,v
2014-05-23 06:42,6.719,0.007,0,0,0,0,v
2014-05-23 06:48,6.708,0.005,0,0,0,0,v
2014-05-23 06:54,6.704,0.005,0,0,0,0,v
2014-05-23 07:00,6.694,0.007,0,0,0,0,v
2014-05-23 07:06,6.708,0.008,0,0,0,0,v
2014-05-23 07:12,6.707,0.006,0,0,0,0,v
2014-05-23 07:18,6.707,0.006,0,0,0,0,v
2014-05-23 07:24,6.713,0.006,0,0,0,0,v
2014-05-23 07:30,6.699,0.008,0,0,0,0,v
2014-05-23 07:36,6.679,0.006,0,0,0,0,v
2014-05-23 07:42,6.670,0.007,0,0,0,0,v
2014-05-23 07:48,6.657,0.009,0,0,0,0,v
2014-05-23 07:54,6.669,0.006,0,0,0,0,v
2014-05-23 08:00,6.676,0.007,0,0,0,0,v
2014-05-23 08:06,6.688,0.008,0,0,0,0,v
2014-05-23 08:12,6.685,0.007,0,0,0,0,v
2014-05-23 08:18,6.674,0.008,0,0,0,0,v
2014-05-23 08:24,6.676,0.006,0,0,0,0,v
2014-05-23 08:30,6.685,0.006,0,0,0,0,v
2014-05-23 08:36,6.703,0.005,0,0,0,0,v
2014-05-23 08:42,6.673,0.007,0,0,0,0,v
2014-05-23 08:48,6.705,0.007,0,0,0,0,v
2014-05-23 08:54,6.723,0.006,0,0,0,0,v
2014-05-23 09:00,6.717,0.005,0,0,0,0,v
2014-05-23 09:06,6.711,0.008,0,0,0,0,v
2014-05-23 09:12,6.712,0.007,0,0,0,0,v
2014-05-23 09:18,6.706,0.007,0,0,0,0,v
2014-05-23 09:24,6.719,0.006,0,0,0,0,v
2014-05-23 09:30,6.717,0.005,0,0,0,0,v
2014-05-23 09:36,6.744,0.005,0,0,0,0,v
2014-05-23 09:42,6.743,0.007,0,0,0,0,v
2014-05-23 09:48,6.735,0.006,0,0,0,0,v
2014-05-23 09:54,6.728,0.006,0,0,0,0,v
2014-05-23 10:00,6.726,0.006,0,0,0,0,v
2014-05-23 10:06,6.732,0.008,0,0,0,0,v
2014-05-23 10:12,6.720,0.006,0,0,0,0,v
2014-05-23 10:18,6.725,0.007,0,0,0,0,v
2014-05-23 10:24,6.713,0.005,0,0,0,0,v
2014-05-23 10:30,6.696,0.007,0,0,0,0,v
2014-05-23 10:36,6.686,0.006,0,0,0,0,v
2014-05-23 10:42,6.685,0.007,0,0,0,0,v
2014-05-23 10:48,6.697,0.006,0,0,0,0,v
2014-05-23 10:54,6.671,0.008,0,0,0,0,v
2014-05-23 11:00,6.675,0.007,0,0,0,0,v
2014-05-23 11:06,6.678,0.006,0,0,0,0,v
2014-05-23 11:12,6.682,0.007,0,0,0,0,v
2014-05-23 11:18,6.670,0.007,0,0,0,0,v
2014-05-23 11:24,6.683,0.008,0,0,0,0,v
2014-05-23 11:30,6.693,0.006,0,0,0,0,v
2014-05-23 11:36,6.688,0.006,0,0,0,0,v
2014-05-23 11:42,6.681,0.006,0,0,0,0,v
2014-05-23 11:48,6.658,0.007,0,0,0,0,v
2014-05-23 11:54,6.667,0.006,0,0,0,0,v
2014-05-23 12:00,6.643,0.009,0,0,0,0,v
2014-05-23 12:06,6.668,0.007,0,0,0,0,v
2014-05-23 12:12,6.672,0.007,0,0,0,0,v
2014-05-23 12:18,6.669,0.006,0,0,0,0,v
2014-05-23 12:24,6.660,0.007,0,0,0,0,v
2014-05-23 12:30,6.673,0.007,0,0,0,0,v
2014-05-23 12:36,6.662,0.009,0,0,0,0,v
2014-05-23 12:42,6.682,0.005,0,0,0,0,v
2014-05-23 12:48,6.707,0.006,0,0,0,0,v
2014-05-23 12:54,6.702,0.005,0,0,0,0,v
2014-05-23 13:00,6.718,0.008,0,0,0,0,v
2014-05-23 13:06,6.710,0.005,0,0,0,0,v
2014-05-23 13:12,6.728,0.005,0,0,0,0,v
2014-05-23 13:18,6.751,0.007,0,0,0,0,v
2014-05-23 13:24,6.752,0.008,0,0,0,0,v
2014-05-23 13:30,6.753,0.006,0,0,0,0,v
2014-05-23 13:36,6.754,0.009,0,0,0,0,v
2014-05-23 13:42,6.754,0.007,0,0,0,0,v
2014-05-23 13:48,6.739,0.006,0,0,0,0,v
2014-05-23 13:54,6.742,0.008,0,0,0,0,v
2014-05-23 14:00,6.740,0.007,0,0,0,0,v
2014-05-23 14:06,6.761,0.006,0,0,0,0,v
2014-05-23 14:12,6.746,0.007,0,0,0,0,v
2014-05-23 14:18,6.748,0.006,0,0,0,0,v
2014-05-23 14:24,6.761,0.005,0,0,0,0,v
2014-05-23 14:30,6.774,0.009,0,0,0,0,v
2014-05-23 14:36,6.784,0.007,0,0,0,0,v
2014-05-23 14:42,6.768,0.006,0,0,0,0,v
2014-05-23 14:48,6.773,0.006,0,0,0,0,v
2014-05-23 14:54,6.766,0.006,0,0,0,0,v
2014-05-23 15:00,6.744,0.007,0,0,0,0,v
2014-05-23 15:06,6.733,0.007,0,0,0,0,v
2014-05-23 15:12,6.771,0.006,0,0,0,0,v
2014-05-23 15:18,6.779,0.007,0,0,0,0,v
2014-05-23 15:24,6.774,0.007,0,0,0,0,v
2014-05-23 15:30,6.796,0.006,0,0,0,0,v
2014-05-23 15:36,6.805,0.007,0,0,0,0,v
2014-05-23 15:42,6.778,0.005,0,0,0,0,v
2014-05-23 15:48,6.806,0.008,0,0,0,0,v
2014-05-23 15:54,6.805,0.007,0,0,0,0,v
2014-05-23 16:00,6.825,0.007,0,0,0,0,v
2014-05-23 16:06,6.832,0.006,0,0,0,0,v
2014-05-23 16:12,6.849,0.006,0,0,0,0,v
2014-05-23 16:18,6.854,0.008,0,0,0,0,v
2014-05-23 16:24,6.864,0.006,0,0,0,0,v
2014-05-23 16:30,6.840,0.007,0,0,0,0,v
2014-05-23 16:36,6.837,0.007,0,0,0,0,v
2014-05-23 16:42,6.851,0.007,0,0,0,0,v
2014-05-23 16:48,6.851,0.008,0,0,0,0,v
2014-05-23 16:54,6.863,0.006,0,0,0,0,v
2014-05-23 17:00,6.857,0.008,0,0,0,0,v
2014-05-23 17:06,6.869,0.007,0,0,0,0,v
2014-05-23 17:12,6.871,0.009,0,0,0,0,v
2014-05-23 17:18,6.843,0.008,0,0,0,0,v
2014-05-23 17:24,6.827,0.006,0,0,0,0,v
2014-05-23 17:30,6.813,0.010,0,0,0,0,v
2014-05-23 17:36,6.806,0.006,0,0,0,0,v
2014-05-23 17:42,6.795,0.007,0,0,0,0,v
2014-05-23 17:48,6.777,0.006,0,0,0,0,v
2014-05-23 17:54,6.772,0.006,0,0,0,0,v
2014-05-23 18:00,6.755,0.007,0,0,0,0,v
2014-05-23 18:06,6.747,0.007,0,0,0,0,v
2014-05-23 18:12,6.759,0.007,0,0,0,0,v
2014-05-23 18:18,6.749,0.007,0,0,0,0,v
2014-05-23 18:24,6.730,0.007,0,0,0,0,v
2014-05-23 18:30,6.752,0.005,0,0,0,0,v
2014-05-23 18:36,6.717,0.007,0,0,0,0,v
2014-05-23 18:42,6.723,0.005,0,0,0,0,v
2014-05-23 18:48,6.713,0.007,0,0,0,0,v
2014-05-23 18:54,6.717,0.006,0,0,0,0,v
2014-05-23 19:00,6.690,0.007,0,0,0,0,v
2014-05-23 19:06,6.684,0.012,0,0,0,0,v
2014-05-23 19:12,6.686,0.005,0,0,0,0,v
2014-05-23 19:18,6.677,0.006,0,0,0,0,v
2014-05-23 19:24,6.679,0.007,0,0,0,0,v
2014-05-23 19:30,6.702,0.006,0,0,0,0,v
2014-05-23 19:36,6.694,0.007,0,0,0,0,v
2014-05-23 19:42,6.703,0.007,0,0,0,0,v
2014-05-23 19:48,6.675,0.006,0,0,0,0,v
2014-05-23 19:54,6.700,0.008,0,0,0,0,v
2014-05-23 20:00,6.701,0.005,0,0,0,0,v
2014-05-23 20:06,6.695,0.008,0,0,0,0,v
2014-05-23 20:12,6.687,0.006,0,0,0,0,v
2014-05-23 20:18,6.680,0.007,0,0,0,0,v
2014-05-23 20:24,6.668,0.006,0,0,0,0,v
2014-05-23 20:30,6.670,0.005,0,0,0,0,v
2014-05-23 20:36,6.664,0.007,0,0,0,0,v
2014-05-23 20:42,6.646,0.005,0,0,0,0,v
2014-05-23 20:48,6.639,0.006,0,0,0,0,v
2014-05-23 20:54,6.617,0.006,0,0,0,0,v
2014-05-23 21:00,6.626,0.006,0,0,0,0,v
2014-05-23 21:06,6.613,0.007,0,0,0,0,v
2014-05-23 21:12,6.605,0.008,0,0,0,0,v
2014-05-23 21:18,6.591,0.007,0,0,0,0,v
2014-05-23 21:24,6.595,0.007,0,0,0,0,v
2014-05-23 21:30,6.586,0.010,0,0,0,0,v
2014-05-23 21:36,6.566,0.008,0,0,0,0,v
2014-05-23 21:42,6.566,0.006,0,0,0,0,v
2014-05-23 21:48,6.548,0.005,0,0,0,0,v
2014-05-23 21:54,6.537,0.007,0,0,0,0,v
2014-05-23 22:00,6.521,0.008,0,0,0,0,v
2014-05-23 22:06,6.530,0.007,0,0,0,0,v
2014-05-23 22:12,6.537,0.007,0,0,0,0,v
2014-05-23 22:18,6.521,0.009,0,0,0,0,v
2014-05-23 22:24,6.513,0.006,0,0,0,0,v
2014-05-23 22:30,6.520,0.007,0,0,0,0,v
2014-05-23 22:36,6.527,0.007,0,0,0,0,v
2014-05-23 22:42,6.519,0.008,0,0,0,0,v
2014-05-23 22:48,6.506,0.005,0,0,0,0,v
2014-05-23 22:54,6.513,0.006,0,0,0,0,v
2014-05-23 23:00,6.492,0.006,0,0,0,0,v
2014-05-23 23:06,6.508,0.007,0,0,0,0,v
2014-05-23 23:12,6.514,0.012,0,0,0,0,v
2014-05-23 23:18,6.545,0.006,0,0,0,0,v
2014-05-23 23:24,6.512,0.006,0,0,0,0,v
2014-05-23 23:30,6.544,0.007,0,0,0,0,v
2014-05-23 23:36,6.542,0.005,0,0,0,0,v
2014-05-23 23:42,6.541,0.008,0,0,0,0,v
2014-05-23 23:48,6.558,0.006,0,0,0,0,v
2014-05-23 23:54,6.550,0.006,0,0,0,0,v
2014-05-24 00:00,6.566,0.007,0,0,0,0,v
2014-05-24 00:06,6.539,0.007,0,0,0,0,v
2014-05-24 00:12,6.571,0.008,0,0,0,0,v
2014-05-24 00:18,6.583,0.007,0,0,0,0,v
2014-05-24 00:24,6.586,0.006,0,0,0,0,v
2014-05-24 00:30,6.596,0.006,0,0,0,0,v
2014-05-24 00:36,6.573,0.007,0,0,0,0,v
2014-05-24 00:42,6.600,0.006,0,0,0,0,v
2014-05-24 00:48,6.595,0.005,0,0,0,0,v
2014-05-24 00:54,6.598,0.006,0,0,0,0,v
2014-05-24 01:00,6.611,0.008,0,0,0,0,v
2014-05-24 01:06,6.606,0.006,0,0,0,0,v
2014-05-24 01:12,6.635,0.008,0,0,0,0,v
2014-05-24 01:18,6.633,0.005,0,0,0,0,v
2014-05-24 01:24,6.632,0.006,0,0,0,0,v
2014-05-24 01:30,6.599,0.005,0,0,0,0,v
2014-05-24 01:36,6.619,0.008,0,0,0,0,v
2014-05-24 01:42,6.619,0.005,0,0,0,0,v
2014-05-24 01:48,6.615,0.009,0,0,0,0,v
2014-05-24 01:54,6.624,0.006,0,0,0,0,v
2014-05-24 02:00,6.622,0.006,0,0,0,0,v
2014-05-24 02:06,6.625,0.008,0,0,0,0,v
2014-05-24 02:12,6.633,0.008,0,0,0,0,v
2014-05-24 02:18,6.609,0.009,0,0,0,0,v
2014-05-24 02:24,6.645,0.008,0,0,0,0,v
2014-05-24 02:30,6.624,0.007,0,0,0,0,v
2014-05-24 02:36,6.647,0.008,0,0,0,0,v
2014-05-24 02:42,6.661,0.006,0,0,0,0,v
2014-05-24 02:48,6.666,0.010,0,0,0,0,v
2014-05-24 02:54,6.697,0.010,0,0,0,0,v
2014-05-24 03:00,6.709,0.007,0,0,0,0,v
2014-05-24 03:06,6.721,0.006,0,0,0,0,v
2014-05-24 03:12,6.722,0.006,0,0,0,0,v
2014-05-24 03:18,6.713,0.006,0,0,0,0,v
2014-05-24 03:24,6.717,0.007,0,0,0,0,v
2014-05-24 03:30,6.735,0.007,0,0,0,0,v
2014-05-24 03:36,6.742,0.009,0,0,0,0,v
2014-05-24 03:42,6.736,0.010,0,0,0,0,v
2014-05-24 03:48,6.756,0.009,0,0,0,0,v
2014-05-24 03:54,6.764,0.006,0,0,0,0,v
2014-05-24 04:00,6.761,0.009,0,0,0,0,v
2014-05-24 04:06,6.773,0.006,0,0,0,0,v
2014-05-24 04:12,6.784,0.006,0,0,0,0,v
2014-05-24 04:18,6.754,0.008,0,0,0,0,v
2014-05-24 04:24,6.771,0.006,0,0,0,0,v
2014-05-24 04:30,6.777,0.007,0,0,0,0,v
2014-05-24 04:36,6.772,0.009,0,0,0,0,v
2014-05-24 04:42,6.779,0.010,0,0,0,0,v
2014-05-24 04:48,6.794,0.010,0,0,0,0,v
2014-05-24 04:54,6.806,0.008,0,0,0,0,v
2014-05-24 05:00,6.805,0.007,0,0,0,0,v
2014-05-24 05:06,6.793,0.007,0,0,0,0,v
2014-05-24 05:12,6.790,0.007,0,0,0,0,v
2014-05-24 05:18,6.784,0.007,0,0,0,0,v
2014-05-24 05:24,6.793,0.006,0,0,0,0,v
2014-05-24 05:30,6.785,0.009,0,0,0,0,v
2014-05-24 05:36,6.810,0.006,0,0,0,0,v
2014-05-24 05:42,6.803,0.007,0,0,0,0,v
2014-05-24 05:48,6.797,0.006,0,0,0,0,v
2014-05-24 05:54,6.807,0.007,0,0,0,0,v
2014-05-24 06:00,6.786,0.005,0,0,0,0,v
2014-05-24 06:06,6.801,0.008,0,0,0,0,v
2014-05-24 06:12,6.814,0.007,0,0,0,0,v
2014-05-24 06:18,6.812,0.006,0,0,0,0,v
2014-05-24 06:24,6.821,0.008,0,0,0,0,v
2014-05-24 06:30,6.845,0.009,0,0,0,0,v
2014-05-24 06:36,6.845,0.007,0,0,0,0,v
2014-05-24 06:42,6.850,0.009,0,0,0,0,v
2014-05-24 06:48,6.845,0.011,0,0,0,0,v
2014-05-24 06:54,6.803,0.007,0,0,0,0,v
2014-05-24 07:00,6.805,0.008,0,0,0,0,v
2014-05-24 07:06,6.810,0.010,0,0,0,0,v
2014-05-24 07:12,6.821,0.009,0,0,0,0,v
2014-05-24 07:18,6.814,0.007,0,0,0,0,v
2014-05-24 07:24,6.802,0.008,0,0,0,0,v
2014-05-24 07:30,6.800,0.008,0,0,0,0,v
2014-05-24 07:36,6.806,0.005,0,0,0,0,v
2014-05-24 07:42,6.797,0.006,0,0,0,0,v
2014-05-24 07:48,6.799,0.009,0,0,0,0,v
2014-05-24 07:54,6.777,0.006,0,0,0,0,v
2014-05-24 08:00,6.797,0.006,0,0,0,0,v
2014-05-24 08:06,6.793,0.007,0,0,0,0,v
2014-05-24 08:12,6.794,0.007,0,0,0,0,v
2014-05-24 08:18,6.800,0.006,0,0,0,0,v
2014-05-24 08:24,6.795,0.007,0,0,0,0,v
2014-05-24 08:30,6.784,0.007,0,0,0,0,v
2014-05-24 08:36,6.769,0.006,0,0,0,0,v
2014-05-24 08:42,6.750,0.006,0,0,0,0,v
2014-05-24 08:48,6.744,0.008,0,0,0,0,v
2014-05-24 08:54,6.735,0.008,0,0,0,0,v
2014-05-24 09:00,6.721,0.011,0,0,0,0,v
2014-05-24 09:06,6.733,0.009,0,0,0,0,v
2014-05-24 09:12,6.733,0.007,0,0,0,0,v
2014-05-24 09:18,6.731,0.009,0,0,0,0,v
2014-05-24 09:24,6.737,0.009,0,0,0,0,v
2014-05-24 09:30,6.746,0.006,0,0,0,0,v
2014-05-24 09:36,6.729,0.012,0,0,0,0,v
2014-05-24 09:42,6.733,0.007,0,0,0,0,v
2014-05-24 09:48,6.738,0.006,0,0,0,0,v
2014-05-24 09:54,6.752,0.005,0,0,0,0,v
2014-05-24 10:00,6.758,0.008,0,0,0,0,v
2014-05-24 10:06,6.760,0.009,0,0,0,0,v
2014-05-24 10:12,6.771,0.006,0,0,0,0,v
2014-05-24 10:18,6.752,0.008,0,0,0,0,v
2014-05-24 10:24,6.746,0.006,0,0,0,0,v
2014-05-24 10:30,6.745,0.006,0,0,0,0,v
2014-05-24 10:36,6.725,0.005,0,0,0,0,v
2014-05-24 10:42,6.733,0.005,0,0,0,0,v
2014-05-24 10:48,6.729,0.008,0,0,0,0,v
2014-05-24 10:54,6.742,0.007,0,0,0,0,v
2014-05-24 11:00,6.715,0.006,0,0,0,0,v
2014-05-24 11:06,6.736,0.009,0,0,0,0,v
2014-05-24 11:12,6.713,0.007,0,0,0,0,v
2014-05-24 11:18,6.701,0.008,0,0,0,0,v
2014-05-24 11:24,6.707,0.008,0,0,0,0,v
2014-05-24 11:30,6.716,0.006,0,0,0,0,v
2014-05-24 11:36,6.702,0.011,0,0,0,0,v
2014-05-24 11:42,6.696,0.005,0,0,0,0,v
2014-05-24 11:48,6.675,0.005,0,0,0,0,v
2014-05-24 11:54,6.704,0.006,0,0,0,0,v
2014-05-24 12:00,6.691,0.005,0,0,0,0,v
2014-05-24 12:06,6.705,0.005,0,0,0,0,v
2014-05-24 12:12,6.712,0.006,0,0,0,0,v
2014-05-24 12:18,6.717,0.005,0,0,0,0,v
2014-05-24 12:24,6.704,0.009,0,0,0,0,v
2014-05-24 12:30,6.733,0.007,0,0,0,0,v
2014-05-24 12:36,6.713,0.006,0,0,0,0,v
2014-05-24 12:42,6.710,0.007,0,0,0,0,v
2014-05-24 12:48,6.708,0.005,0,0,0,0,v
2014-05-24 12:54,6.709,0.006,0,0,0,0,v
2014-05-24 13:00,6.701,0.006,0,0,0,0,v
2014-05-24 13:06,6.711,0.006,0,0,0,0,v
2014-05-24 13:12,6.720,0.005,0,0,0,0,v
2014-05-24 13:18,6.721,0.005,0,0,0,0,v
2014-05-24 13:24,6.713,0.004,0,0,0,0,v
2014-05-24 13:30,6.706,0.006,0,0,0,0,v
2014-05-24 13:36,6.691,0.005,0,0,0,0,v
2014-05-24 13:42,6.716,0.006,0,0,0,0,v
2014-05-24 13:48,6.711,0.010,0,0,0,0,v
2014-05-24 13:54,6.690,0.005,0,0,0,0,v
2014-05-24 14:00,6.695,0.006,0,0,0,0,v
2014-05-24 14:06,6.709,0.006,0,0,0,0,v
2014-05-24 14:12,6.696,0.007,0,0,0,0,v
2014-05-24 14:18,6.704,0.005,0,0,0,0,v
2014-05-24 14:24,6.699,0.006,0,0,0,0,v
2014-05-24 14:30,6.691,0.007,0,0,0,0,v
2014-05-24 14:36,6.701,0.005,0,0,0,0,v
2014-05-24 14:42,6.698,0.005,0,0,0,0,v
2014-05-24 14:48,6.710,0.005,0,0,0,0,v
2014-05-24 14:54,6.699,0.005,0,0,0,0,v
2014-05-24 15:00,6.718,0.007,0,0,0,0,v
2014-05-24 15:06,6.707,0.005,0,0,0,0,v
2014-05-24 15:12,6.735,0.005,0,0,0,0,v
2014-05-24 15:18,6.736,0.004,0,0,0,0,v
2014-05-24 15:24,6.749,0.007,0,0,0,0,v
2014-05-24 15:30,6.742,0.008,0,0,0,0,v
2014-05-24 15:36,6.753,0.006,0,0,0,0,v
2014-05-24 15:42,6.731,0.005,0,0,0,0,v
2014-05-24 15:48,6.730,0.007,0,0,0,0,v
2014-05-24 15:54,6.749,0.005,0,0,0,0,v
2014-05-24 16:00,6.748,0.006,0,0,0,0,v
2014-05-24 16:06,6.746,0.006,0,0,0,0,v
2014-05-24 16:12,6.756,0.007,0,0,0,0,v
2014-05-24 16:18,6.758,0.006,0,0,0,0,v
2014-05-24 16:24,6.754,0.005,0,0,0,0,v
2014-05-24 16:30,6.762,0.007,0,0,0,0,v
2014-05-24 16:36,6.744,0.007,0,0,0,0,v
2014-05-24 16:42,6.752,0.006,0,0,0,0,v
2014-05-24 16:48,6.715,0.007,0,0,0,0,v
2014-05-24 16:54,6.697,0.005,0,0,0,0,v
2014-05-24 17:00,6.724,0.008,0,0,0,0,v
2014-05-24 17:06,6.716,0.005,0,0,0,0,v
2014-05-24 17:12,6.727,0.007,0,0,0,0,v
2014-05-24 17:18,6.728,0.007,0,0,0,0,v
2014-05-24 17:24,6.720,0.005,0,0,0,0,v
2014-05-24 17:30,6.732,0.007,0,0,0,0,v
2014-05-24 17:36,6.714,0.006,0,0,0,0,v
2014-05-24 17:42,6.726,0.006,0,0,0,0,v
2014-05-24 17:48,6.724,0.009,0,0,0,0,v
2014-05-24 17:54,6.722,0.007,0,0,0,0,v
2014-05-24 18:00,6.730,0.007,0,0,0,0,v
2014-05-24 18:06,6.707,0.005,0,0,0,0,v
2014-05-24 18:12,6.730,0.006,0,0,0,0,v
2014-05-24 18:18,6.711,0.006,0,0,0,0,v
2014-05-24 18:24,6.716,0.009,0,0,0,0,v
2014-05-24 18:30,6.731,0.007,0,0,0,0,v
2014-05-24 18:36,6.729,0.005,0,0,0,0,v
2014-05-24 18:42,6.727,0.005,0,0,0,0,v
2014-05-24 18:48,6.699,0.005,0,0,0,0,v
2014-05-24 18:54,6.688,0.005,0,0,0,0,v
2014-05-24 19:00,6.708,0.006,0,0,0,0,v
2014-05-24 19:06,6.678,0.008,0,0,0,0,v
2014-05-24 19:12,6.659,0.007,0,0,0,0,v
2014-05-24 19:18,6.645,0.008,0,0,0,0,v
2014-05-24 19:24,6.642,0.007,0,0,0,0,v
2014-05-24 19:30,6.641,0.006,0,0,0,0,v
2014-05-24 19:36,6.599,0.009,0,0,0,0,v
2014-05-24 19:42,6.597,0.005,0,0,0,0,v
2014-05-24 19:48,6.598,0.006,0,0,0,0,v
2014-05-24 19:54,6.594,0.005,0,0,0,0,v
2014-05-24 20:00,6.593,0.005,0,0,0,0,v
2014-05-24 20:06,6.605,0.007,0,0,0,0,v
2014-05-24 20:12,6.604,0.009,0,0,0,0,v
2014-05-24 20:18,6.579,0.006,0,0,0,0,v
2014-05-24 20:24,6.592,0.009,0,0,0,0,v
2014-05-24 20:30,6.573,0.006,0,0,0,0,v
2014-05-24 20:36,6.575,0.006,0,0,0,0,v
2014-05-24 20:42,6.554,0.009,0,0,0,0,v
2014-05-24 20:48,6.553,0.005,0,0,0,0,v
2014-05-24 20:54,6.544,0.006,0,0,0,0,v
2014-05-24 21:00,6.514,0.006,0,0,0,0,v
2014-05-24 21:06,6.507,0.005,0,0,0,0,v
2014-05-24 21:12,6.531,0.007,0,0,0,0,v
2014-05-24 21:18,6.531,0.005,0,0,0,0,v
2014-05-24 21:24,6.537,0.007,0,0,0,0,v
2014-05-24 21:30,6.537,0.007,0,0,0,0,v
2014-05-24 21:36,6.516,0.005,0,0,0,0,v
2014-05-24 21:42,6.520,0.007,0,0,0,0,v
2014-05-24 21:48,6.532,0.005,0,0,0,0,v
2014-05-24 21:54,6.514,0.007,0,0,0,0,v
2014-05-24 22:00,6.503,0.005,0,0,0,0,v
2014-05-24 22:06,6.503,0.005,0,0,0,0,v
2014-05-24 22:12,6.487,0.007,0,0,0,0,v
2014-05-24 22:18,6.470,0.006,0,0,0,0,v
2014-05-24 22:24,6.477,0.005,0,0,0,0,v
2014-05-24 22:30,6.467,0.004,0,0,0,0,v
2014-05-24 22:36,6.467,0.005,0,0,0,0,v
2014-05-24 22:42,6.463,0.006,0,0,0,0,v
2014-05-24 22:48,6.484,0.005,0,0,0,0,v
2014-05-24 22:54,6.482,0.006,0,0,0,0,v
2014-05-24 23:00,6.470,0.005,0,0,0,0,v
2014-05-24 23:06,6.476,0.006,0,0,0,0,v
2014-05-24 23:12,6.479,0.006,0,0,0,0,v
2014-05-24 23:18,6.478,0.004,0,0,0,0,v
2014-05-24 23:24,6.485,0.006,0,0,0,0,v
2014-05-24 23:30,6.500,0.005,0,0,0,0,v
2014-05-24 23:36,6.477,0.005,0,0,0,0,v
2014-05-24 23:42,6.483,0.007,0,0,0,0,v
2014-05-24 23:48,6.461,0.005,0,0,0,0,v
2014-05-24 23:54,6.460,0.005,0,0,0,0,v
2014-05-25 00:00,6.457,0.005,0,0,0,0,v
2014-05-25 00:06,6.455,0.005,0,0,0,0,v
2014-05-25 00:12,6.454,0.006,0,0,0,0,v
2014-05-25 00:18,6.470,0.006,0,0,0,0,v
2014-05-25 00:24,6.473,0.006,0,0,0,0,v
2014-05-25 00:30,6.455,0.006,0,0,0,0,v
2014-05-25 00:36,6.465,0.007,0,0,0,0,v
2014-05-25 00:42,6.483,0.006,0,0,0,0,v
2014-05-25 00:48,6.492,0.006,0,0,0,0,v
2014-05-25 00:54,6.493,0.006,0,0,0,0,v
2014-05-25 01:00,6.486,0.006,0,0,0,0,v
2014-05-25 01:06,6.488,0.006,0,0,0,0,v
2014-05-25 01:12,6.492,0.007,0,0,0,0,v
2014-05-25 01:18,6.478,0.005,0,0,0,0,v
2014-05-25 01:24,6.505,0.005,0,0,0,0,v
2014-05-25 01:30,6.525,0.006,0,0,0,0,v
2014-05-25 01:36,6.528,0.006,0,0,0,0,v
2014-05-25 01:42,6.510,0.009,0,0,0,0,v
2014-05-25 01:48,6.524,0.005,0,0,0,0,v
2014-05-25 01:54,6.515,0.005,0,0,0,0,v
2014-05-25 02:00,6.521,0.006,0,0,0,0,v
2014-05-25 02:06,6.538,0.008,0,0,0,0,v
2014-05-25 02:12,6.537,0.006,0,0,0,0,v
2014-05-25 02:18,6.540,0.006,0,0,0,0,v
2014-05-25 02:24,6.521,0.006,0,0,0,0,v
2014-05-25 02:30,6.527,0.005,0,0,0,0,v
2014-05-25 02:36,6.544,0.008,0,0,0,0,v
2014-05-25 02:42,6.564,0.005,0,0,0,0,v
2014-05-25 02:48,6.591,0.008,0,0,0,0,v
2014-05-25 02:54,6.599,0.007,0,0,0,0,v
2014-05-25 03:00,6.597,0.005,0,0,0,0,v
2014-05-25 03:06,6.602,0.007,0,0,0,0,v
2014-05-25 03:12,6.612,0.005,0,0,0,0,v
2014-05-25 03:18,6.628,0.006,0,0,0,0,v
2014-05-25 03:24,6.667,0.006,0,0,0,0,v
2014-05-25 03:30,6.650,0.007,0,0,0,0,v
2014-05-25 03:36,6.656,0.007,0,0,0,0,v
2014-05-25 03:42,6.638,0.006,0,0,0,0,v
2014-05-25 03:48,6.646,0.006,0,0,0,0,v
2014-05-25 03:54,6.666,0.009,0,0,0,0,v
2014-05-25 04:00,6.680,0.008,0,0,0,0,v
2014-05-25 04:06,6.696,0.005,0,0,0,0,v
2014-05-25 04:12,6.691,0.007,0,0,0,0,v
2014-05-25 04:18,6.717,0.007,0,0,0,0,v
2014-05-25 04:24,6.728,0.007,0,0,0,0,v
2014-05-25 04:30,6.725,0.006,0,0,0,0,v
2014-05-25 04:36,6.733,0.008,0,0,0,0,v
2014-05-25 04:42,6.738,0.007,0,0,0,0,v
2014-05-25 04:48,6.754,0.007,0,0,0,0,v
2014-05-25 04:54,6.759,0.006,0,0,0,0,v
2014-05-25 05:00,6.767,0.006,0,0,0,0,v
2014-05-25 05:06,6.769,0.006,0,0,0,0,v
2014-05-25 05:12,6.781,0.006,0,0,0,0,v
2014-05-25 05:18,6.802,0.007,0,0,0,0,v
2014-05-25 05:24,6.794,0.006,0,0,0,0,v
2014-05-25 05:30,6.798,0.006,0,0,0,0,v
2014-05-25 05:36,6.802,0.006,0,0,0,0,v
2014-05-25 05:42,6.830,0.005,0,0,0,0,v
2014-05-25 05:48,6.831,0.007,0,0,0,0,v
2014-05-25 05:54,6.812,0.006,0,0,0,0,v
2014-05-25 06:00,6.825,0.006,0,0,0,0,v
2014-05-25 06:06,6.833,0.008,0,0,0,0,v
2014-05-25 06:12,6.835,0.008,0,0,0,0,v
2014-05-25 06:18,6.856,0.006,0,0,0,0,v
2014-05-25 06:24,6.860,0.009,0,0,0,0,v
2014-05-25 06:30,6.864,0.005,0,0,0,0,v
2014-05-25 06:36,6.860,0.006,0,0,0,0,v
2014-05-25 06:42,6.887,0.009,0,0,0,0,v
2014-05-25 06:48,6.872,0.009,0,0,0,0,v
2014-05-25 06:54,6.872,0.007,0,0,0,0,v
2014-05-25 07:00,6.874,0.008,0,0,0,0,v
2014-05-25 07:06,6.867,0.008,0,0,0,0,v
2014-05-25 07:12,6.898,0.007,0,0,0,0,v
2014-05-25 07:18,6.880,0.007,0,0,0,0,v
2014-05-25 07:24,6.870,0.006,0,0,0,0,v
2014-05-25 07:30,6.877,0.008,0,0,0,0,v
2014-05-25 07:36,6.877,0.007,0,0,0,0,v
2014-05-25 07:42,6.873,0.008,0,0,0,0,v
2014-05-25 07:48,6.879,0.005,0,0,0,0,v
2014-05-25 07:54,6.877,0.008,0,0,0,0,v
2014-05-25 08:00,6.889,0.007,0,0,0,0,v
2014-05-25 08:06,6.892,0.006,0,0,0,0,v
2014-05-25 08:12,6.880,0.007,0,0,0,0,v
2014-05-25 08:18,6.874,0.007,0,0,0,0,v
2014-05-25 08:24,6.863,0.006,0,0,0,0,v
2014-05-25 08:30,6.871,0.006,0,0,0,0,v
2014-05-25 08:36,6.873,0.008,0,0,0,0,v
2014-05-25 08:42,6.876,0.008,0,0,0,0,v
2014-05-25 08:48,6.858,0.007,0,0,0,0,v
2014-05-25 08:54,6.853,0.005,0,0,0,0,v
2014-05-25 09:00,6.843,0.009,0,0,0,0,v
2014-05-25 09:06,6.837,0.006,0,0,0,0,v
2014-05-25 09:12,6.840,0.006,0,0,0,0,v
2014-05-25 09:18,6.809,0.007,0,0,0,0,v
2014-05-25 09:24,6.812,0.006,0,0,0,0,v
2014-05-25 09:30,6.813,0.007,0,0,0,0,v
2014-05-25 09:36,6.821,0.006,0,0,0,0,v
2014-05-25 09:42,6.853,0.010,0,0,0,0,v
2014-05-25 09:48,6.860,0.006,0,0,0,0,v
2014-05-25 09:54,6.833,0.007,0,0,0,0,v
2014-05-25 10:00,6.838,0.008,0,0,0,0,v
2014-05-25 10:06,6.823,0.010,0,0,0,0,v
2014-05-25 10:12,6.827,0.007,0,0,0,0,v
2014-05-25 10:18,6.823,0.008,0,0,0,0,v
2014-05-25 10:24,6.854,0.007,0,0,0,0,v
2014-05-25 10:30,6.847,0.006,0,0,0,0,v
2014-05-25 10:36,6.821,0.006,0,0,0,0,v
2014-05-25 10:42,6.824,0.005,0,0,0,0,v
2014-05-25 10:48,6.828,0.006,0,0,0,0,v
2014-05-25 10:54,6.830,0.006,0,0,0,0,v
2014-05-25 11:00,6.818,0.006,0,0,0,0,v
2014-05-25 11:06,6.827,0.008,0,0,0,0,v
2014-05-25 11:12,6.817,0.007,0,0,0,0,v
2014-05-25 11:18,6.811,0.006,0,0,0,0,v
2014-05-25 11:24,6.824,0.007,0,0,0,0,v
2014-05-25 11:30,6.808,0.007,0,0,0,0,v
2014-05-25 11:36,6.812,0.008,0,0,0,0,v
2014-05-25 11:42,6.833,0.006,0,0,0,0,v
2014-05-25 11:48,6.831,0.006,0,0,0,0,v
2014-05-25 11:54,6.821,0.008,0,0,0,0,v
2014-05-25 12:00,6.815,0.006,0,0,0,0,v
2014-05-25 12:06,6.831,0.010,0,0,0,0,v
2014-05-25 12:12,6.816,0.006,0,0,0,0,v
2014-05-25 12:18,6.797,0.006,0,0,0,0,v
2014-05-25 12:24,6.813,0.006,0,0,0,0,v
2014-05-25 12:30,6.798,0.008,0,0,0,0,v
2014-05-25 12:36,6.792,0.008,0,0,0,0,v
2014-05-25 12:42,6.815,0.007,0,0,0,0,v
2014-05-25 12:48,6.812,0.008,0,0,0,0,v
2014-05-25 12:54,6.796,0.008,0,0,0,0,v
2014-05-25 13:00,6.803,0.007,0,0,0,0,v
2014-05-25 13:06,6.821,0.010,0,0,0,0,v
2014-05-25 13:12,6.801,0.012,0,0,0,0,v
2014-05-25 13:18,6.800,0.007,0,0,0,0,v
2014-05-25 13:24,6.804,0.005,0,0,0,0,v
2014-05-25 13:30,6.803,0.007,0,0,0,0,v
2014-05-25 13:36,6.806,0.010,0,0,0,0,v
2014-05-25 13:42,6.783,0.011,0,0,0,0,v
2014-05-25 13:48,6.763,0.008,0,0,0,0,v
2014-05-25 13:54,6.769,0.007,0,0,0,0,v
2014-05-25 14:00,6.752,0.007,0,0,0,0,v
2014-05-25 14:06,6.771,0.006,0,0,0,0,v
2014-05-25 14:12,6.764,0.007,0,0,0,0,v
2014-05-25 14:18,6.765,0.006,0,0,0,0,v
2014-05-25 14:24,6.770,0.009,0,0,0,0,v
2014-05-25 14:30,6.755,0.007,0,0,0,0,v
2014-05-25 14:36,6.772,0.009,0,0,0,0,v
2014-05-25 14:42,6.771,0.006,0,0,0,0,v
2014-05-25 14:48,6.757,0.008,0,0,0,0,v
2014-05-25 14:54,6.755,0.007,0,0,0,0,v
2014-05-25 15:00,6.749,0.011,0,0,0,0,v
2014-05-25 15:06,6.766,0.008,0,0,0,0,v
2014-05-25 15:12,6.761,0.008,0,0,0,0,v
2014-05-25 15:18,6.769,0.007,0,0,0,0,v
2014-05-25 15:24,6.774,0.007,0,0,0,0,v
2014-05-25 15:30,6.778,0.009,0,0,0,0,v
2014-05-25 15:36,6.806,0.006,0,0,0,0,v
2014-05-25 15:42,6.794,0.007,0,0,0,0,v
2014-05-25 15:48,6.772,0.008,0,0,0,0,v
2014-05-25 15:54,6.774,0.006,0,0,0,0,v
2014-05-25 16:00,6.781,0.009,0,0,0,0,v
2014-05-25 16:06,6.799,0.007,0,0,0,0,v
2014-05-25 16:12,6.793,0.008,0,0,0,0,v
2014-05-25 16:18,6.769,0.007,0,0,0,0,v
2014-05-25 16:24,6.771,0.009,0,0,0,0,v
2014-05-25 16:30,6.765,0.006,0,0,0,0,v
2014-05-25 16:36,6.799,0.009,0,0,0,0,v
2014-05-25 16:42,6.795,0.009,0,0,0,0,v
2014-05-25 16:48,6.783,0.010,0,0,0,0,v
2014-05-25 16:54,6.798,0.011,0,0,0,0,v
2014-05-25 17:00,6.801,0.009,0,0,0,0,v
2014-05-25 17:06,6.800,0.006,0,0,0,0,v
2014-05-25 17:12,6.793,0.009,0,0,0,0,v
2014-05-25 17:18,6.790,0.010,0,0,0,0,v
2014-05-25 17:24,6.798,0.008,0,0,0,0,v
2014-05-25 17:30,6.778,0.007,0,0,0,0,v
2014-05-25 17:36,6.764,0.009,0,0,0,0,v
2014-05-25 17:42,6.767,0.007,0,0,0,0,v
2014-05-25 17:48,6.782,0.006,0,0,0,0,v
2014-05-25 17:54,6.774,0.007,0,0,0,0,v
2014-05-25 18:00,6.761,0.008,0,0,0,0,v
2014-05-25 18:06,6.763,0.010,0,0,0,0,v
2014-05-25 18:12,6.775,0.009,0,0,0,0,v
2014-05-25 18:18,6.759,0.006,0,0,0,0,v
2014-05-25 18:24,6.773,0.008,0,0,0,0,v
2014-05-25 18:30,6.755,0.007,0,0,0,0,v
2014-05-25 18:36,6.765,0.009,0,0,0,0,v
2014-05-25 18:42,6.752,0.008,0,0,0,0,v
2014-05-25 18:48,6.739,0.007,0,0,0,0,v
2014-05-25 18:54,6.741,0.006,0,0,0,0,v
2014-05-25 19:00,6.730,0.008,0,0,0,0,v
2014-05-25 19:06,6.710,0.007,0,0,0,0,v
2014-05-25 19:12,6.710,0.007,0,0,0,0,v
2014-05-25 19:18,6.703,0.009,0,0,0,0,v
2014-05-25 19:24,6.689,0.008,0,0,0,0,v
2014-05-25 19:30,6.678,0.010,0,0,0,0,v
2014-05-25 19:36,6.669,0.008,0,0,0,0,v
2014-05-25 19:42,6.670,0.007,0,0,0,0,v
2014-05-25 19:48,6.662,0.007,0,0,0,0,v
2014-05-25 19:54,6.657,0.008,0,0,0,0,v
2014-05-25 20:00,6.637,0.008,0,0,0,0,v
2014-05-25 20:06,6.605,0.008,0,0,0,0,v
2014-05-25 20:12,6.612,0.006,0,0,0,0,v
2014-05-25 20:18,6.620,0.009,0,0,0,0,v
2014-05-25 20:24,6.603,0.006,0,0,0,0,v
2014-05-25 20:30,6.597,0.006,0,0,0,0,v
2014-05-25 20:36,6.587,0.006,0,0,0,0,v
2014-05-25 20:42,6.569,0.008,0,0,0,0,v
2014-05-25 20:48,6.572,0.007,0,0,0,0,v
2014-05-25 20:54,6.547,0.008,0,0,0,0,v
2014-05-25 21:00,6.572,0.008,0,0,0,0,v
2014-05-25 21:06,6.572,0.006,0,0,0,0,v
2014-05-25 21:12,6.569,0.006,0,0,0,0,v
2014-05-25 21:18,6.562,0.009,0,0,0,0,v
2014-05-25 21:24,6.564,0.007,0,0,0,0,v
2014-05-25 21:30,6.557,0.006,0,0,0,0,v
2014-05-25 21:36,6.572,0.007,0,0,0,0,v
2014-05-25 21:42,6.562,0.007,0,0,0,0,v
2014-05-25 21:48,6.554,0.010,0,0,0,0,v
2014-05-25 21:54,6.554,0.006,0,0,0,0,v
2014-05-25 22:00,6.545,0.008,0,0,0,0,v
2014-05-25 22:06,6.535,0.009,0,0,0,0,v
2014-05-25 22:12,6.516,0.009,0,0,0,0,v
2014-05-25 22:18,6.526,0.006,0,0,0,0,v
2014-05-25 22:24,6.511,0.007,0,0,0,0,v
2014-05-25 22:30,6.503,0.006,0,0,0,0,v
2014-05-25 22:36,6.505,0.006,0,0,0,0,v
2014-05-25 22:42,6.478,0.008,0,0,0,0,v
2014-05-25 22:48,6.473,0.006,0,0,0,0,v
2014-05-25 22:54,6.467,0.009,0,0,0,0,v
2014-05-25 23:00,6.468,0.006,0,0,0,0,v
2014-05-25 23:06,6.482,0.010,0,0,0,0,v
2014-05-25 23:12,6.479,0.008,0,0,0,0,v
2014-05-25 23:18,6.455,0.006,0,0,0,0,v
2014-05-25 23:24,6.457,0.006,0,0,0,0,v
2014-05-25 23:30,6.464,0.006,0,0,0,0,v
2014-05-25 23:36,6.460,0.006,0,0,0,0,v
2014-05-25 23:42,6.465,0.008,0,0,0,0,v
2014-05-25 23:48,6.462,0.006,0,0,0,0,v
2014-05-25 23:54,6.451,0.005,0,0,0,0,v
2014-05-26 00:00,6.452,0.006,0,0,0,0,v
2014-05-26 00:06,6.445,0.013,0,0,0,0,v
2014-05-26 00:12,6.425,0.006,0,0,0,0,v
2014-05-26 00:18,6.409,0.009,0,0,0,0,v
2014-05-26 00:24,6.418,0.008,0,0,0,0,v
2014-05-26 00:30,6.411,0.006,0,0,0,0,v
2014-05-26 00:36,6.424,0.007,0,0,0,0,v
2014-05-26 00:42,6.426,0.006,0,0,0,0,v
2014-05-26 00:48,6.422,0.008,0,0,0,0,v
2014-05-26 00:54,6.427,0.008,0,0,0,0,v
2014-05-26 01:00,6.424,0.008,0,0,0,0,v
2014-05-26 01:06,6.426,0.009,0,0,0,0,v
2014-05-26 01:12,6.428,0.009,0,0,0,0,v
2014-05-26 01:18,6.452,0.009,0,0,0,0,v
2014-05-26 01:24,6.442,0.006,0,0,0,0,v
2014-05-26 01:30,6.451,0.005,0,0,0,0,v
2014-05-26 01:36,6.448,0.005,0,0,0,0,v
2014-05-26 01:42,6.437,0.006,0,0,0,0,v
2014-05-26 01:48,6.456,0.008,0,0,0,0,v
2014-05-26 01:54,6.476,0.005,0,0,0,0,v
2014-05-26 02:00,6.479,0.005,0,0,0,0,v
2014-05-26 02:06,6.477,0.006,0,0,0,0,v
2014-05-26 02:12,6.476,0.006,0,0,0,0,v
2014-05-26 02:18,6.480,0.006,0,0,0,0,v
2014-05-26 02:24,6.476,0.007,0,0,0,0,v
2014-05-26 02:30,6.487,0.006,0,0,0,0,v
2014-05-26 02:36,6.484,0.007,0,0,0,0,v
2014-05-26 02:42,6.499,0.006,0,0,0,0,v
2014-05-26 02:48,6.514,0.005,0,0,0,0,v
2014-05-26 02:54,6.519,0.006,0,0,0,0,v
2014-05-26 03:00,6.509,0.006,0,0,0,0,v
2014-05-26 03:06,6.507,0.008,0,0,0,0,v
2014-05-26 03:12,6.550,0.006,0,0,0,0,v
2014-05-26 03:18,6.559,0.006,0,0,0,0,v
2014-05-26 03:24,6.543,0.006,0,0,0,0,v
2014-05-26 03:30,6.583,0.005,0,0,0,0,v
2014-05-26 03:36,6.573,0.006,0,0,0,0,v
2014-05-26 03:42,6.570,0.008,0,0,0,0,v
2014-05-26 03:48,6.618,0.006,0,0,0,0,v
2014-05-26 03:54,6.628,0.007,0,0,0,0,v
2014-05-26 04:00,6.616,0.008,0,0,0,0,v
2014-05-26 04:06,6.634,0.006,0,0,0,0,v
2014-05-26 04:12,6.634,0.006,0,0,0,0,v
2014-05-26 04:18,6.663,0.009,0,0,0,0,v
2014-05-26 04:24,6.681,0.008,0,0,0,0,v
2014-05-26 04:30,6.687,0.006,0,0,0,0,v
2014-05-26 04:36,6.699,0.007,0,0,0,0,v
2014-05-26 04:42,6.746,0.006,0,0,0,0,v
2014-05-26 04:48,6.735,0.006,0,0,0,0,v
2014-05-26 04:54,6.716,0.005,0,0,0,0,v
2014-05-26 05:00,6.746,0.007,0,0,0,0,v
2014-05-26 05:06,6.744,0.006,0,0,0,0,v
2014-05-26 05:12,6.771,0.008,0,0,0,0,v
2014-05-26 05:18,6.763,0.006,0,0,0,0,v
2014-05-26 05:24,6.781,0.008,0,0,0,0,v
2014-05-26 05:30,6.787,0.006,0,0,0,0,v
2014-05-26 05:36,6.798,0.007,0,0,0,0,v
2014-05-26 05:42,6.799,0.008,0,0,0,0,v
2014-05-26 05:48,6.813,0.006,0,0,0,0,v
2014-05-26 05:54,6.813,0.008,0,0,0,0,v
2014-05-26 06:00,6.824,0.007,0,0,0,0,v
2014-05-26 06:06,6.844,0.009,0,0,0,0,v
2014-05-26 06:12,6.844,0.010,0,0,0,0,v
2014-05-26 06:18,6.850,0.006,0,0,0,0,v
2014-05-26 06:24,6.866,0.008,0,0,0,0,v
2014-05-26 06:30,6.863,0.008,0,0,0,0,v
2014-05-26 06:36,6.873,0.006,0,0,0,0,v
2014-05-26 06:42,6.865,0.006,0,0,0,0,v
2014-05-26 06:48,6.876,0.007,0,0,0,0,v
2014-05-26 06:54,6.872,0.006,0,0,0,0,v
2014-05-26 07:00,6.874,0.010,0,0,0,0,v
2014-05-26 07:06,6.889,0.007,0,0,0,0,v
2014-05-26 07:12,6.886,0.005,0,0,0,0,v
2014-05-26 07:18,6.888,0.007,0,0,0,0,v
2014-05-26 07:24,6.901,0.005,0,0,0,0,v
2014-05-26 07:30,6.898,0.007,0,0,0,0,v
2014-05-26 07:36,6.904,0.009,0,0,0,0,v
2014-05-26 07:42,6.907,0.006,0,0,0,0,v
2014-05-26 07:48,6.925,0.007,0,0,0,0,v
2014-05-26 07:54,6.954,0.006,0,0,0,0,v
2014-05-26 08:00,6.942,0.008,0,0,0,0,v
2014-05-26 08:06,6.957,0.007,0,0,0,0,v
2014-05-26 08:12,6.936,0.009,0,0,0,0,v
2014-05-26 08:18,6.945,0.009,0,0,0,0,v
2014-05-26 08:24,6.938,0.006,0,0,0,0,v
2014-05-26 08:30,6.935,0.006,0,0,0,0,v
2014-05-26 08:36,6.934,0.008,0,0,0,0,v
2014-05-26 08:42,6.931,0.008,0,0,0,0,v
2014-05-26 08:48,6.950,0.007,0,0,0,0,v
2014-05-26 08:54,6.934,0.008,0,0,0,0,v
2014-05-26 09:00,6.917,0.008,0,0,0,0,v
2014-05-26 09:06,6.902,0.009,0,0,0,0,v
2014-05-26 09:12,6.913,0.009,0,0,0,0,v
2014-05-26 09:18,6.925,0.005,0,0,0,0,v
2014-05-26 09:24,6.913,0.008,0,0,0,0,v
2014-05-26 09:30,6.927,0.007,0,0,0,0,v
2014-05-26 09:36,6.924,0.006,0,0,0,0,v
2014-05-26 09:42,6.920,0.006,0,0,0,0,v
2014-05-26 09:48,6.916,0.006,0,0,0,0,v
2014-05-26 09:54,6.932,0.009,0,0,0,0,v
2014-05-26 10:00,6.932,0.006,0,0,0,0,v
2014-05-26 10:06,6.941,0.007,0,0,0,0,v
2014-05-26 10:12,6.930,0.008,0,0,0,0,v
2014-05-26 10:18,6.922,0.005,0,0,0,0,v
2014-05-26 10:24,6.914,0.007,0,0,0,0,v
2014-05-26 10:30,6.906,0.006,0,0,0,0,v
2014-05-26 10:36,6.908,0.007,0,0,0,0,v
2014-05-26 10:42,6.930,0.008,0,0,0,0,v
2014-05-26 10:48,6.924,0.005,0,0,0,0,v
2014-05-26 10:54,6.934,0.006,0,0,0,0,v
2014-05-26 11:00,6.936,0.006,0,0,0,0,v
2014-05-26 11:06,6.904,0.008,0,0,0,0,v
2014-05-26 11:12,6.898,0.005,0,0,0,0,v
2014-05-26 11:18,6.907,0.008,0,0,0,0,v
2014-05-26 11:24,6.919,0.006,0,0,0,0,v
2014-05-26 11:30,6.913,0.008,0,0,0,0,v
2014-05-26 11:36,6.902,0.012,0,0,0,0,v
2014-05-26 11:42,6.890,0.007,0,0,0,0,v
2014-05-26 11:48,6.882,0.009,0,0,0,0,v
2014-05-26 11:54,6.903,0.008,0,0,0,0,v
2014-05-26 12:00,6.902,0.006,0,0,0,0,v
2014-05-26 12:06,6.892,0.006,0,0,0,0,v
2014-05-26 12:12,6.888,0.007,0,0,0,0,v
2014-05-26 12:18,6.883,0.006,0,0,0,0,v
2014-05-26 12:24,6.882,0.009,0,0,0,0,v
2014-05-26 12:30,6.858,0.006,0,0,0,0,v
2014-05-26 12:36,6.846,0.008,0,0,0,0,v
2014-05-26 12:42,6.848,0.006,0,0,0,0,v
2014-05-26 12:48,6.824,0.008,0,0,0,0,v
2014-05-26 12:54,6.837,0.006,0,0,0,0,v
2014-05-26 13:00,6.847,0.007,0,0,0,0,v
2014-05-26 13:06,6.849,0.006,0,0,0,0,v
2014-05-26 13:12,6.832,0.006,0,0,0,0,v
2014-05-26 13:18,6.827,0.008,0,0,0,0,v
2014-05-26 13:24,6.838,0.006,0,0,0,0,v
2014-05-26 13:30,6.841,0.006,0,0,0,0,v
2014-05-26 13:36,6.819,0.007,0,0,0,0,v
2014-05-26 13:42,6.813,0.005,0,0,0,0,v
2014-05-26 13:48,6.809,0.006,0,0,0,0,v
2014-05-26 13:54,6.809,0.007,0,0,0,0,v
2014-05-26 14:00,6.804,0.007,0,0,0,0,v
2014-05-26 14:06,6.820,0.006,0,0,0,0,v
2014-05-26 14:12,6.827,0.006,0,0,0,0,v
2014-05-26 14:18,6.834,0.006,0,0,0,0,v
2014-05-26 14:24,6.797,0.011,0,0,0,0,v
2014-05-26 14:30,6.803,0.008,0,0,0,0,v
2014-05-26 14:36,6.788,0.007,0,0,0,0,v
2014-05-26 14:42,6.786,0.006,0,0,0,0,v
2014-05-26 14:48,6.808,0.008,0,0,0,0,v
2014-05-26 14:54,6.803,0.005,0,0,0,0,v
2014-05-26 15:00,6.822,0.006,0,0,0,0,v
2014-05-26 15:06,6.813,0.007,0,0,0,0,v
2014-05-26 15:12,6.830,0.008,0,0,0,0,v
2014-05-26 15:18,6.805,0.006,0,0,0,0,v
2014-05-26 15:24,6.790,0.006,0,0,0,0,v
2014-05-26 15:30,6.797,0.007,0,0,0,0,v
2014-05-26 15:36,6.795,0.006,0,0,0,0,v
2014-05-26 15:42,6.779,0.006,0,0,0,0,v
2014-05-26 15:48,6.776,0.008,0,0,0,0,v
2014-05-26 15:54,6.785,0.008,0,0,0,0,v
2014-05-26 16:00,6.795,0.007,0,0,0,0,v
2014-05-26 16:06,6.770,0.009,0,0,0,0,v
2014-05-26 16:12,6.767,0.010,0,0,0,0,v
2014-05-26 16:18,6.776,0.008,0,0,0,0,v
2014-05-26 16:24,6.781,0.009,0,0,0,0,v
2014-05-26 16:30,6.772,0.008,0,0,0,0,v
2014-05-26 16:36,6.782,0.007,0,0,0,0,v
2014-05-26 16:42,6.789,0.007,0,0,0,0,v
2014-05-26 16:48,6.826,0.008,0,0,0,0,v
2014-05-26 16:54,6.815,0.008,0,0,0,0,v
2014-05-26 17:00,6.837,0.006,0,0,0,0,v
2014-05-26 17:06,6.810,0.009,0,0,0,0,v
2014-05-26 17:12,6.784,0.008,0,0,0,0,v
2014-05-26 17:18,6.783,0.007,0,0,0,0,v
2014-05-26 17:24,6.794,0.008,0,0,0,0,v
2014-05-26 17:30,6.785,0.010,0,0,0,0,v
2014-05-26 17:36,6.789,0.007,0,0,0,0,v
2014-05-26 17:42,6.780,0.007,0,0,0,0,v
2014-05-26 17:48,6.789,0.007,0,0,0,0,v
2014-05-26 17:54,6.788,0.008,0,0,0,0,v
2014-05-26 18:00,6.784,0.008,0,0,0,0,v
2014-05-26 18:06,6.772,0.008,0,0,0,0,v
2014-05-26 18:12,6.780,0.007,0,0,0,0,v
2014-05-26 18:18,6.770,0.007,0,0,0,0,v
2014-05-26 18:24,6.770,0.009,0,0,0,0,v
2014-05-26 18:30,6.764,0.009,0,0,0,0,v
2014-05-26 18:36,6.753,0.007,0,0,0,0,v
2014-05-26 18:42,6.751,0.008,0,0,0,0,v
2014-05-26 18:48,6.746,0.008,0,0,0,0,v
2014-05-26 18:54,6.749,0.013,0,0,0,0,v
2014-05-26 19:00,6.725,0.008,0,0,0,0,v
2014-05-26 19:06,6.734,0.007,0,0,0,0,v
2014-05-26 19:12,6.694,0.010,0,0,0,0,v
2014-05-26 19:18,6.686,0.009,0,0,0,0,v
2014-05-26 19:24,6.700,0.006,0,0,0,0,v
2014-05-26 19:30,6.712,0.007,0,0,0,0,v
2014-05-26 19:36,6.691,0.007,0,0,0,0,v
2014-05-26 19:42,6.678,0.008,0,0,0,0,v
2014-05-26 19:48,6.669,0.011,0,0,0,0,v
2014-05-26 19:54,6.662,0.012,0,0,0,0,v
2014-05-26 20:00,6.660,0.006,0,0,0,0,v
2014-05-26 20:06,6.644,0.007,0,0,0,0,v
2014-05-26 20:12,6.652,0.007,0,0,0,0,v
2014-05-26 20:18,6.666,0.008,0,0,0,0,v
2014-05-26 20:24,6.654,0.009,0,0,0,0,v
2014-05-26 20:30,6.645,0.010,0,0,0,0,v
2014-05-26 20:36,6.644,0.014,0,0,0,0,v
2014-05-26 20:42,6.632,0.007,0,0,0,0,v
2014-05-26 20:48,6.615,0.007,0,0,0,0,v
2014-05-26 20:54,6.604,0.006,0,0,0,0,v
2014-05-26 21:00,6.589,0.006,0,0,0,0,v
2014-05-26 21:06,6.573,0.007,0,0,0,0,v
2014-05-26 21:12,6.581,0.008,0,0,0,0,v
2014-05-26 21:18,6.555,0.007,0,0,0,0,v
2014-05-26 21:24,6.547,0.009,0,0,0,0,v
2014-05-26 21:30,6.561,0.009,0,0,0,0,v
2014-05-26 21:36,6.563,0.009,0,0,0,0,v
2014-05-26 21:42,6.539,0.007,0,0,0,0,v
2014-05-26 21:48,6.532,0.008,0,0,0,0,v
2014-05-26 21:54,6.532,0.006,0,0,0,0,v
2014-05-26 22:00,6.498,0.007,0,0,0,0,v
2014-05-26 22:06,6.509,0.007,0,0,0,0,v
2014-05-26 22:12,6.494,0.006,0,0,0,0,v
2014-05-26 22:18,6.488,0.009,0,0,0,0,v
2014-05-26 22:24,6.477,0.009,0,0,0,0,v
2014-05-26 22:30,6.453,0.009,0,0,0,0,v
2014-05-26 22:36,6.420,0.011,0,0,0,0,v
2014-05-26 22:42,6.412,0.007,0,0,0,0,v
2014-05-26 22:48,6.404,0.006,0,0,0,0,v
2014-05-26 22:54,6.428,0.009,0,0,0,0,v
2014-05-26 23:00,6.423,0.010,0,0,0,0,v
2014-05-26 23:06,6.424,0.006,0,0,0,0,v
2014-05-26 23:12,6.413,0.010,0,0,0,0,v
2014-05-26 23:18,6.415,0.009,0,0,0,0,v
2014-05-26 23:24,6.417,0.008,0,0,0,0,v
2014-05-26 23:30,6.410,0.006,0,0,0,0,v
2014-05-26 23:36,6.414,0.007,0,0,0,0,v
2014-05-26 23:42,6.404,0.007,0,0,0,0,v
2014-05-26 23:48,6.422,0.006,0,0,0,0,v
2014-05-26 23:54,6.424,0.007,0,0,0,0,v
2014-05-27 00:00,6.379,0.007,0,0,0,0,v
2014-05-27 00:06,6.388,0.008,0,0,0,0,v
2014-05-27 00:12,6.365,0.006,0,0,0,0,v
2014-05-27 00:18,6.378,0.008,0,0,0,0,v
2014-05-27 00:24,6.393,0.008,0,0,0,0,v
2014-05-27 00:30,6.403,0.009,0,0,0,0,v
2014-05-27 00:36,6.406,0.005,0,0,0,0,v
2014-05-27 00:42,6.407,0.006,0,0,0,0,v
2014-05-27 00:48,6.393,0.007,0,0,0,0,v
2014-05-27 00:54,6.377,0.007,0,0,0,0,v
2014-05-27 01:00,6.390,0.009,0,0,0,0,v
2014-05-27 01:06,6.406,0.008,0,0,0,0,v
2014-05-27 01:12,6.393,0.009,0,0,0,0,v
2014-05-27 01:18,6.371,0.010,0,0,0,0,v
2014-05-27 01:24,6.372,0.007,0,0,0,0,v
2014-05-27 01:30,6.389,0.008,0,0,0,0,v
2014-05-27 01:36,6.393,0.007,0,0,0,0,v
2014-05-27 01:42,6.376,0.009,0,0,0,0,v
2014-05-27 01:48,6.398,0.006,0,0,0,0,v
2014-05-27 01:54,6.388,0.008,0,0,0,0,v
2014-05-27 02:00,6.382,0.007,0,0,0,0,v
2014-05-27 02:06,6.391,0.011,0,0,0,0,v
2014-05-27 02:12,6.370,0.008,0,0,0,0,v
2014-05-27 02:18,6.393,0.008,0,0,0,0,v
2014-05-27 02:24,6.387,0.006,0,0,0,0,v
2014-05-27 02:30,6.408,0.006,0,0,0,0,v
2014-05-27 02:36,6.419,0.006,0,0,0,0,v
2014-05-27 02:42,6.434,0.007,0,0,0,0,v
2014-05-27 02:48,6.438,0.007,0,0,0,0,v
2014-05-27 02:54,6.447,0.005,0,0,0,0,v
2014-05-27 03:00,6.464,0.009,0,0,0,0,v
2014-05-27 03:06,6.499,0.007,0,0,0,0,v
2014-05-27 03:12,6.502,0.006,0,0,0,0,v
2014-05-27 03:18,6.523,0.008,0,0,0,0,v
2014-05-27 03:24,6.528,0.007,0,0,0,0,v
2014-05-27 03:30,6.520,0.009,0,0,0,0,v
2014-05-27 03:36,6.534,0.011,0,0,0,0,v
2014-05-27 03:42,6.544,0.009,0,0,0,0,v
2014-05-27 03:48,6.556,0.007,0,0,0,0,v
2014-05-27 03:54,6.575,0.007,0,0,0,0,v
2014-05-27 04:00,6.577,0.014,0,0,0,0,v
2014-05-27 04:06,6.594,0.006,0,0,0,0,v
2014-05-27 04:12,6.608,0.009,0,0,0,0,v
2014-05-27 04:18,6.622,0.008,0,0,0,0,v
2014-05-27 04:24,6.634,0.008,0,0,0,0,v
2014-05-27 04:30,6.627,0.011,0,0,0,0,v
2014-05-27 04:36,6.656,0.007,0,0,0,0,v
2014-05-27 04:42,6.652,0.007,0,0,0,0,v
2014-05-27 04:48,6.661,0.009,0,0,0,0,v
2014-05-27 04:54,6.674,0.008,0,0,0,0,v
2014-05-27 05:00,6.687,0.011,0,0,0,0,v
2014-05-27 05:06,6.693,0.007,0,0,0,0,v
2014-05-27 05:12,6.689,0.006,0,0,0,0,v
2014-05-27 05:18,6.697,0.007,0,0,0,0,v
2014-05-27 05:24,6.721,0.006,0,0,0,0,v
2014-05-27 05:30,6.720,0.009,0,0,0,0,v
2014-05-27 05:36,6.732,0.010,0,0,0,0,v
2014-05-27 05:42,6.724,0.009,0,0,0,0,v
2014-05-27 05:48,6.740,0.006,0,0,0,0,v
2014-05-27 05:54,6.748,0.010,0,0,0,0,v
2014-05-27 06:00,6.745,0.007,0,0,0,0,v
2014-05-27 06:06,6.748,0.008,0,0,0,0,v
2014-05-27 06:12,6.763,0.005,0,0,0,0,v
2014-05-27 06:18,6.742,0.009,0,0,0,0,v
2014-05-27 06:24,6.777,0.010,0,0,0,0,v
2014-05-27 06:30,6.809,0.008,0,0,0,0,v
2014-05-27 06:36,6.791,0.008,0,0,0,0,v
2014-05-27 06:42,6.805,0.009,0,0,0,0,v
2014-05-27 06:48,6.815,0.010,0,0,0,0,v
2014-05-27 06:54,6.805,0.007,0,0,0,0,v
2014-05-27 07:00,6.831,0.007,0,0,0,0,v
2014-05-27 07:06,6.815,0.009,0,0,0,0,v
2014-05-27 07:12,6.832,0.006,0,0,0,0,v
2014-05-27 07:18,6.821,0.007,0,0,0,0,v
2014-05-27 07:24,6.847,0.007,0,0,0,0,v
2014-05-27 07:30,6.833,0.007,0,0,0,0,v
2014-05-27 07:36,6.833,0.011,0,0,0,0,v
2014-05-27 07:42,6.862,0.011,0,0,0,0,v
2014-05-27 07:48,6.882,0.006,0,0,0,0,v
2014-05-27 07:54,6.874,0.009,0,0,0,0,v
2014-05-27 08:00,6.875,0.007,0,0,0,0,v
2014-05-27 08:06,6.905,0.007,0,0,0,0,v
2014-05-27 08:12,6.910,0.008,0,0,0,0,v
2014-05-27 08:18,6.940,0.006,0,0,0,0,v
2014-05-27 08:24,6.930,0.005,0,0,0,0,v
2014-05-27 08:30,6.930,0.006,0,0,0,0,v
2014-05-27 08:36,6.947,0.005,0,0,0,0,v
2014-05-27 08:42,6.932,0.009,0,0,0,0,v
2014-05-27 08:48,6.938,0.006,0,0,0,0,v
2014-05-27 08:54,6.935,0.011,0,0,0,0,v
2014-05-27 09:00,6.950,0.009,0,0,0,0,v
2014-05-27 09:06,6.924,0.008,0,0,0,0,v
2014-05-27 09:12,6.927,0.006,0,0,0,0,v
2014-05-27 09:18,6.902,0.007,0,0,0,0,v
2014-05-27 09:24,6.915,0.009,0,0,0,0,v
2014-05-27 09:30,6.945,0.008,0,0,0,0,v
2014-05-27 09:36,6.941,0.014,0,0,0,0,v
2014-05-27 09:42,6.920,0.009,0,0,0,0,v
2014-05-27 09:48,6.946,0.008,0,0,0,0,v
2014-05-27 09:54,6.969,0.014,0,0,0,0,v
2014-05-27 10:00,6.998,0.008,0,0,0,0,v
2014-05-27 10:06,6.996,0.006,0,0,0,0,v
2014-05-27 10:12,7.003,0.008,0,0,0,0,v
2014-05-27 10:18,6.997,0.008,0,0,0,0,v
2014-05-27 10:24,6.983,0.012,0,0,0,0,v
2014-05-27 10:30,6.985,0.008,0,0,0,0,v
2014-05-27 10:36,6.984,0.007,0,0,0,0,v
2014-05-27 10:42,6.972,0.007,0,0,0,0,v
2014-05-27 10:48,6.933,0.008,0,0,0,0,v
2014-05-27 10:54,6.937,0.011,0,0,0,0,v
2014-05-27 11:00,6.951,0.009,0,0,0,0,v
2014-05-27 11:06,6.909,0.007,0,0,0,0,v
2014-05-27 11:12,6.918,0.008,0,0,0,0,v
2014-05-27 11:18,6.939,0.008,0,0,0,0,v
2014-05-27 11:24,6.911,0.008,0,0,0,0,v
2014-05-27 11:30,6.910,0.008,0,0,0,0,v
2014-05-27 11:36,6.929,0.008,0,0,0,0,v
2014-05-27 11:42,6.924,0.009,0,0,0,0,v
2014-05-27 11:48,6.927,0.010,0,0,0,0,v
2014-05-27 11:54,6.937,0.012,0,0,0,0,v
2014-05-27 12:00,6.943,0.007,0,0,0,0,v
2014-05-27 12:06,6.940,0.010,0,0,0,0,v
2014-05-27 12:12,6.921,0.011,0,0,0,0,v
2014-05-27 12:18,6.899,0.013,0,0,0,0,v
2014-05-27 12:24,6.919,0.009,0,0,0,0,v
2014-05-27 12:30,6.944,0.011,0,0,0,0,v
2014-05-27 12:36,6.935,0.008,0,0,0,0,v
2014-05-27 12:42,6.924,0.009,0,0,0,0,v
2014-05-27 12:48,6.921,0.009,0,0,0,0,v
2014-05-27 12:54,6.934,0.008,0,0,0,0,v
2014-05-27 13:00,6.933,0.010,0,0,0,0,v
2014-05-27 13:06,6.921,0.006,0,0,0,0,v
2014-05-27 13:12,6.910,0.009,0,0,0,0,v
2014-05-27 13:18,6.903,0.011,0,0,0,0,v
2014-05-27 13:24,6.907,0.012,0,0,0,0,v
2014-05-27 13:30,6.921,0.008,0,0,0,0,v
2014-05-27 13:36,6.909,0.011,0,0,0,0,v
2014-05-27 13:42,6.919,0.010,0,0,0,0,v
2014-05-27 13:48,6.896,0.009,0,0,0,0,v
2014-05-27 13:54,6.893,0.010,0,0,0,0,v
2014-05-27 14:00,6.861,0.009,0,0,0,0,v
2014-05-27 14:06,6.865,0.008,0,0,0,0,v
2014-05-27 14:12,6.862,0.008,0,0,0,0,v
2014-05-27 14:18,6.839,0.009,0,0,0,0,v
2014-05-27 14:24,6.836,0.012,0,0,0,0,v
2014-05-27 14:30,6.805,0.007,0,0,0,0,v
2014-05-27 14:36,6.845,0.011,0,0,0,0,v
2014-05-27 14:42,6.843,0.008,0,0,0,0,v
2014-05-27 14:48,6.831,0.009,0,0,0,0,v
2014-05-27 14:54,6.830,0.009,0,0,0,0,v
2014-05-27 15:00,6.803,0.009,0,0,0,0,v
2014-05-27 15:06,6.780,0.009,0,0,0,0,v
2014-05-27 15:12,6.779,0.008,0,0,0,0,v
2014-05-27 15:18,6.781,0.010,0,0,0,0,v
2014-05-27 15:24,6.800,0.008,0,0,0,0,v
2014-05-27 15:30,6.782,0.009,0,0,0,0,v
2014-05-27 15:36,6.781,0.009,0,0,0,0,v
2014-05-27 15:42,6.789,0.010,0,0,0,0,v
2014-05-27 15:48,6.763,0.007,0,0,0,0,v
2014-05-27 15:54,6.734,0.010,0,0,0,0,v
2014-05-27 16:00,6.732,0.010,0,0,0,0,v
2014-05-27 16:06,6.725,0.007,0,0,0,0,v
2014-05-27 16:12,6.724,0.010,0,0,0,0,v
2014-05-27 16:18,6.756,0.009,0,0,0,0,v
2014-05-27 16:24,6.757,0.009,0,0,0,0,v
2014-05-27 16:30,6.764,0.012,0,0,0,0,v
2014-05-27 16:36,6.795,0.009,0,0,0,0,v
2014-05-27 16:42,6.819,0.013,0,0,0,0,v
2014-05-27 16:48,6.823,0.008,0,0,0,0,v
2014-05-27 16:54,6.827,0.008,0,0,0,0,v
2014-05-27 17:00,6.818,0.006,0,0,0,0,v
2014-05-27 17:06,6.819,0.007,0,0,0,0,v
2014-05-27 17:12,6.813,0.006,0,0,0,0,v
2014-05-27 17:18,6.815,0.006,0,0,0,0,v
2014-05-27 17:24,6.842,0.014,0,0,0,0,v
2014-05-27 17:30,6.834,0.008,0,0,0,0,v
2014-05-27 17:36,6.850,0.011,0,0,0,0,v
2014-05-27 17:42,6.831,0.008,0,0,0,0,v
2014-05-27 17:48,6.830,0.008,0,0,0,0,v
2014-05-27 17:54,6.810,0.008,0,0,0,0,v
2014-05-27 18:00,6.761,0.007,0,0,0,0,v
2014-05-27 18:06,6.761,0.007,0,0,0,0,v
2014-05-27 18:12,6.759,0.010,0,0,0,0,v
2014-05-27 18:18,6.726,0.009,0,0,0,0,v
2014-05-27 18:24,6.721,0.006,0,0,0,0,v
2014-05-27 18:30,6.728,0.008,0,0,0,0,v
2014-05-27 18:36,6.747,0.008,0,0,0,0,v
2014-05-27 18:42,6.716,0.008,0,0,0,0,v
2014-05-27 18:48,6.700,0.008,0,0,0,0,v
2014-05-27 18:54,6.713,0.008,0,0,0,0,v
2014-05-27 19:00,6.726,0.008,0,0,0,0,v
2014-05-27 19:06,6.716,0.008,0,0,0,0,v
2014-05-27 19:12,6.720,0.008,0,0,0,0,v
2014-05-27 19:18,6.724,0.006,0,0,0,0,v
2014-05-27 19:24,6.716,0.008,0,0,0,0,v
2014-05-27 19:30,6.742,0.009,0,0,0,0,v
2014-05-27 19:36,6.738,0.012,0,0,0,0,v
2014-05-27 19:42,6.766,0.011,0,0,0,0,v
2014-05-27 19:48,6.774,0.010,0,0,0,0,v
2014-05-27 19:54,6.785,0.009,0,0,0,0,v
2014-05-27 20:00,6.794,0.009,0,0,0,0,v
2014-05-27 20:06,6.790,0.006,0,0,0,0,v
2014-05-27 20:12,6.792,0.008,0,0,0,0,v
2014-05-27 20:18,6.808,0.008,0,0,0,0,v
2014-05-27 20:24,6.810,0.008,0,0,0,0,v
2014-05-27 20:30,6.788,0.011,0,0,0,0,v
2014-05-27 20:36,6.769,0.008,0,0,0,0,v
2014-05-27 20:42,6.754,0.007,0,0,0,0,v
2014-05-27 20:48,6.735,0.007,0,0,0,0,v
2014-05-27 20:54,6.721,0.007,0,0,0,0,v
2014-05-27 21:00,6.725,0.007,0,0,0,0,v
2014-05-27 21:06,6.707,0.006,0,0,0,0,v
2014-05-27 21:12,6.672,0.007,0,0,0,0,v
2014-05-27 21:18,6.651,0.008,0,0,0,0,v
2014-05-27 21:24,6.637,0.006,0,0,0,0,v
2014-05-27 21:30,6.635,0.006,0,0,0,0,v
2014-05-27 21:36,6.623,0.009,0,0,0,0,v
2014-05-27 21:42,6.618,0.006,0,0,0,0,v
2014-05-27 21:48,6.622,0.007,0,0,0,0,v
2014-05-27 21:54,6.600,0.007,0,0,0,0,v
2014-05-27 22:00,6.615,0.007,0,0,0,0,v
2014-05-27 22:06,6.586,0.008,0,0,0,0,v
2014-05-27 22:12,6.581,0.006,0,0,0,0,v
2014-05-27 22:18,6.580,0.007,0,0,0,0,v
2014-05-27 22:24,6.572,0.005,0,0,0,0,v
2014-05-27 22:30,6.550,0.006,0,0,0,0,v
2014-05-27 22:36,6.528,0.006,0,0,0,0,v
2014-05-27 22:42,6.508,0.007,0,0,0,0,v
2014-05-27 22:48,6.503,0.008,0,0,0,0,v
2014-05-27 22:54,6.504,0.008,0,0,0,0,v
2014-05-27 23:00,6.481,0.008,0,0,0,0,v
2014-05-27 23:06,6.470,0.009,0,0,0,0,v
2014-05-27 23:12,6.454,0.006,0,0,0,0,v
2014-05-27 23:18,6.450,0.007,0,0,0,0,v
2014-05-27 23:24,6.440,0.006,0,0,0,0,v
2014-05-27 23:30,6.433,0.009,0,0,0,0,v
2014-05-27 23:36,6.461,0.007,0,0,0,0,v
2014-05-27 23:42,6.453,0.007,0,0,0,0,v
2014-05-27 23:48,6.454,0.005,0,0,0,0,v
2014-05-27 23:54,6.433,0.010,0,0,0,0,v
2014-05-28 00:00,6.416,0.007,0,0,0,0,v
2014-05-28 00:06,6.435,0.006,0,0,0,0,v
2014-05-28 00:12,6.411,0.007,0,0,0,0,v
2014-05-28 00:18,6.412,0.008,0,0,0,0,v
2014-05-28 00:24,6.398,0.006,0,0,0,0,v
2014-05-28 00:30,6.399,0.006,0,0,0,0,v
2014-05-28 00:36,6.395,0.007,0,0,0,0,v
2014-05-28 00:42,6.413,0.007,0,0,0,0,v
2014-05-28 00:48,6.401,0.008,0,0,0,0,v
2014-05-28 00:54,6.386,0.010,0,0,0,0,v
2014-05-28 01:00,6.381,0.007,0,0,0,0,v
2014-05-28 01:06,6.370,0.009,0,0,0,0,v
2014-05-28 01:12,6.378,0.007,0,0,0,0,v
2014-05-28 01:18,6.354,0.006,0,0,0,0,v
2014-05-28 01:24,6.358,0.007,0,0,0,0,v
2014-05-28 01:30,6.382,0.008,0,0,0,0,v
2014-05-28 01:36,6.403,0.007,0,0,0,0,v
2014-05-28 01:42,6.443,0.007,0,0,0,0,v
2014-05-28 01:48,6.429,0.006,0,0,0,0,v
2014-05-28 01:54,6.425,0.008,0,0,0,0,v
2014-05-28 02:00,6.460,0.007,0,0,0,0,v
2014-05-28 02:06,6.435,0.006,0,0,0,0,v
2014-05-28 02:12,6.408,0.007,0,0,0,0,v
2014-05-28 02:18,6.418,0.011,0,0,0,0,v
2014-05-28 02:24,6.426,0.006,0,0,0,0,v
2014-05-28 02:30,6.421,0.006,0,0,0,0,v
2014-05-28 02:36,6.420,0.007,0,0,0,0,v
2014-05-28 02:42,6.433,0.008,0,0,0,0,v
2014-05-28 02:48,6.436,0.007,0,0,0,0,v
2014-05-28 02:54,6.438,0.007,0,0,0,0,v
2014-05-28 03:00,6.453,0.009,0,0,0,0,v
2014-05-28 03:06,6.473,0.007,0,0,0,0,v
2014-05-28 03:12,6.467,0.008,0,0,0,0,v
2014-05-28 03:18,6.470,0.006,0,0,0,0,v
2014-05-28 03:24,6.446,0.006,0,0,0,0,v
2014-05-28 03:30,6.457,0.006,0,0,0,0,v
2014-05-28 03:36,6.473,0.008,0,0,0,0,v
2014-05-28 03:42,6.460,0.005,0,0,0,0,v
2014-05-28 03:48,6.475,0.008,0,0,0,0,v
2014-05-28 03:54,6.479,0.008,0,0,0,0,v
2014-05-28 04:00,6.489,0.010,0,0,0,0,v
2014-05-28 04:06,6.499,0.006,0,0,0,0,v
2014-05-28 04:12,6.505,0.011,0,0,0,0,v
2014-05-28 04:18,6.520,0.006,0,0,0,0,v
2014-05-28 04:24,6.518,0.006,0,0,0,0,v
2014-05-28 04:30,6.532,0.006,0,0,0,0,v
2014-05-28 04:36,6.540,0.007,0,0,0,0,v
2014-05-28 04:42,6.535,0.008,0,0,0,0,v
2014-05-28 04:48,6.517,0.007,0,0,0,0,v
2014-05-28 04:54,6.555,0.007,0,0,0,0,v
2014-05-28 05:00,6.555,0.006,0,0,0,0,v
2014-05-28 05:06,6.560,0.010,0,0,0,0,v
2014-05-28 05:12,6.568,0.006,0,0,0,0,v
2014-05-28 05:18,6.602,0.008,0,0,0,0,v
2014-05-28 05:24,6.625,0.007,0,0,0,0,v
2014-05-28 05:30,6.651,0.008,0,0,0,0,v
2014-05-28 05:36,6.661,0.007,0,0,0,0,v
2014-05-28 05:42,6.717,0.010,0,0,0,0,v
2014-05-28 05:48,6.734,0.008,0,0,0,0,v
2014-05-28 05:54,6.740,0.005,0,0,0,0,v
2014-05-28 06:00,6.753,0.006,0,0,0,0,v
2014-05-28 06:06,6.771,0.007,0,0,0,0,v
2014-05-28 06:12,6.766,0.005,0,0,0,0,v
2014-05-28 06:18,6.797,0.006,0,0,0,0,v
2014-05-28 06:24,6.779,0.007,0,0,0,0,v
2014-05-28 06:30,6.775,0.008,0,0,0,0,v
2014-05-28 06:36,6.766,0.005,0,0,0,0,v
2014-05-28 06:42,6.777,0.009,0,0,0,0,v
2014-05-28 06:48,6.793,0.004,0,0,0,0,v
2014-05-28 06:54,6.814,0.004,0,0,0,0,v
2014-05-28 07:00,6.831,0.006,0,0,0,0,v
2014-05-28 07:06,6.830,0.006,0,0,0,0,v
2014-05-28 07:12,6.843,0.007,0,0,0,0,v
2014-05-28 07:18,6.846,0.005,0,0,0,0,v
2014-05-28 07:24,6.865,0.005,0,0,0,0,v
2014-05-28 07:30,6.857,0.006,0,0,0,0,v
2014-05-28 07:36,6.842,0.005,0,0,0,0,v
2014-05-28 07:42,6.858,0.006,0,0,0,0,v
2014-05-28 07:48,6.868,0.005,0,0,0,0,v
2014-05-28 07:54,6.851,0.005,0,0,0,0,v
2014-05-28 08:00,6.877,0.006,0,0,0,0,v
2014-05-28 08:06,6.870,0.006,0,0,0,0,v
2014-05-28 08:12,6.865,0.005,0,0,0,0,v
2014-05-28 08:18,6.868,0.007,0,0,0,0,v
2014-05-28 08:24,6.868,0.005,0,0,0,0,v
2014-05-28 08:30,6.885,0.010,0,0,0,0,v
2014-05-28 08:36,6.924,0.005,0,0,0,0,v
2014-05-28 08:42,6.945,0.005,0,0,0,0,v
2014-05-28 08:48,6.945,0.005,0,0,0,0,v
2014-05-28 08:54,6.953,0.005,0,0,0,0,v
2014-05-28 09:00,6.970,0.006,0,0,0,0,v
2014-05-28 09:06,6.955,0.005,0,0,0,0,v
2014-05-28 09:12,6.969,0.005,0,0,0,0,v
2014-05-28 09:18,7.003,0.008,0,0,0,0,v
2014-05-28 09:24,7.032,0.003,0,0,0,0,v
2014-05-28 09:30,7.023,0.006,0,0,0,0,v
2014-05-28 09:36,7.023,0.004,0,0,0,0,v
2014-05-28 09:42,7.031,0.004,0,0,0,0,v
2014-05-28 09:48,7.037,0.006,0,0,0,0,v
2014-05-28 09:54,7.015,0.004,0,0,0,0,v
2014-05-28 10:00,7.037,0.005,0,0,0,0,v
2014-05-28 10:06,7.020,0.006,0,0,0,0,v
2014-05-28 10:12,6.989,0.006,0,0,0,0,v
2014-05-28 10:18,7.014,0.007,0,0,0,0,v
2014-05-28 10:24,7.046,0.005,0,0,0,0,v
2014-05-28 10:30,7.025,0.006,0,0,0,0,v
2014-05-28 10:36,7.042,0.009,0,0,0,0,v
2014-05-28 10:42,7.035,0.005,0,0,0,0,v
2014-05-28 10:48,7.044,0.005,0,0,0,0,v
2014-05-28 10:54,7.028,0.005,0,0,0,0,v
2014-05-28 11:00,7.047,0.005,0,0,0,0,v
2014-05-28 11:06,7.043,0.008,0,0,0,0,v
2014-05-28 11:12,7.028,0.007,0,0,0,0,v
2014-05-28 11:18,7.027,0.006,0,0,0,0,v
2014-05-28 11:24,7.030,0.006,0,0,0,0,v
2014-05-28 11:30,7.010,0.005,0,0,0,0,v
2014-05-28 11:36,7.003,0.006,0,0,0,0,v
2014-05-28 11:42,6.995,0.004,0,0,0,0,v
2014-05-28 11:48,6.998,0.006,0,0,0,0,v
2014-05-28 11:54,6.991,0.005,0,0,0,0,v
2014-05-28 12:00,6.993,0.006,0,0,0,0,v
2014-05-28 12:06,6.994,0.004,0,0,0,0,v
2014-05-28 12:12,6.987,0.006,0,0,0,0,v
2014-05-28 12:18,6.988,0.009,0,0,0,0,v
2014-05-28 12:24,6.973,0.004,0,0,0,0,v
2014-05-28 12:30,6.964,0.007,0,0,0,0,v
2014-05-28 12:36,6.945,0.008,0,0,0,0,v
2014-05-28 12:42,6.943,0.005,0,0,0,0,v
2014-05-28 12:48,6.918,0.005,0,0,0,0,v
2014-05-28 12:54,6.935,0.006,0,0,0,0,v
2014-05-28 13:00,6.934,0.007,0,0,0,0,v
2014-05-28 13:06,6.927,0.006,0,0,0,0,v
2014-05-28 13:12,6.930,0.007,0,0,0,0,v
2014-05-28 13:18,6.935,0.006,0,0,0,0,v
2014-05-28 13:24,6.928,0.005,0,0,0,0,v
2014-05-28 13:30,6.932,0.007,0,0,0,0,v
2014-05-28 13:36,6.911,0.006,0,0,0,0,v
2014-05-28 13:42,6.917,0.006,0,0,0,0,v
2014-05-28 13:48,6.936,0.005,0,0,0,0,v
2014-05-28 13:54,6.918,0.006,0,0,0,0,v
2014-05-28 14:00,6.908,0.006,0,0,0,0,v
2014-05-28 14:06,6.901,0.006,0,0,0,0,v
2014-05-28 14:12,6.902,0.005,0,0,0,0,v
2014-05-28 14:18,6.888,0.006,0,0,0,0,v
2014-05-28 14:24,6.884,0.004,0,0,0,0,v
2014-05-28 14:30,6.909,0.006,0,0,0,0,v
2014-05-28 14:36,6.903,0.007,0,0,0,0,v
2014-05-28 14:42,6.905,0.006,0,0,0,0,v
2014-05-28 14:48,6.911,0.005,0,0,0,0,v
2014-05-28 14:54,6.915,0.006,0,0,0,0,v
2014-05-28 15:00,6.907,0.007,0,0,0,0,v
2014-05-28 15:06,6.902,0.005,0,0,0,0,v
2014-05-28 15:12,6.881,0.006,0,0,0,0,v
2014-05-28 15:18,6.891,0.006,0,0,0,0,v
2014-05-28 15:24,6.879,0.006,0,0,0,0,v
2014-05-28 15:30,6.880,0.006,0,0,0,0,v
2014-05-28 15:36,6.875,0.006,0,0,0,0,v
2014-05-28 15:42,6.878,0.005,0,0,0,0,v
2014-05-28 15:48,6.891,0.005,0,0,0,0,v
2014-05-28 15:54,6.872,0.006,0,0,0,0,v
2014-05-28 16:00,6.847,0.006,0,0,0,0,v
2014-05-28 16:06,6.871,0.005,0,0,0,0,v
2014-05-28 16:12,6.853,0.006,0,0,0,0,v
2014-05-28 16:18,6.877,0.005,0,0,0,0,v
2014-05-28 16:24,6.875,0.006,0,0,0,0,v
2014-05-28 16:30,6.894,0.006,0,0,0,0,v
2014-05-28 16:36,6.878,0.006,0,0,0,0,v
2014-05-28 16:42,6.893,0.004,0,0,0,0,v
2014-05-28 16:48,6.898,0.005,0,0,0,0,v
2014-05-28 16:54,6.893,0.007,0,0,0,0,v
2014-05-28 17:00,6.866,0.005,0,0,0,0,v
2014-05-28 17:06,6.867,0.005,0,0,0,0,v
2014-05-28 17:12,6.854,0.005,0,0,0,0,v
2014-05-28 17:18,6.867,0.007,0,0,0,0,v
2014-05-28 17:24,6.827,0.006,0,0,0,0,v
2014-05-28 17:30,6.766,0.009,0,0,0,0,v
2014-05-28 17:36,6.723,0.006,0,0,0,0,v
2014-05-28 17:42,6.714,0.006,0,0,0,0,v
2014-05-28 17:48,6.754,0.006,0,0,0,0,v
2014-05-28 17:54,6.739,0.006,0,0,0,0,v
2014-05-28 18:00,6.698,0.009,0,0,0,0,v
2014-05-28 18:06,6.684,0.005,0,0,0,0,v
2014-05-28 18:12,6.737,0.009,0,0,0,0,v
2014-05-28 18:18,6.762,0.007,0,0,0,0,v
2014-05-28 18:24,6.775,0.007,0,0,0,0,v
2014-05-28 18:30,6.786,0.006,0,0,0,0,v
2014-05-28 18:36,6.764,0.007,0,0,0,0,v
2014-05-28 18:42,6.791,0.006,0,0,0,0,v
2014-05-28 18:48,6.769,0.007,0,0,0,0,v
2014-05-28 18:54,6.799,0.006,0,0,0,0,v
2014-05-28 19:00,6.774,0.005,0,0,0,0,v
2014-05-28 19:06,6.745,0.006,0,0,0,0,v
2014-05-28 19:12,6.759,0.007,0,0,0,0,v
2014-05-28 19:18,6.794,0.005,0,0,0,0,v
2014-05-28 19:24,6.781,0.005,0,0,0,0,v
2014-05-28 19:30,6.769,0.006,0,0,0,0,v
2014-05-28 19:36,6.781,0.005,0,0,0,0,v
2014-05-28 19:42,6.789,0.006,0,0,0,0,v
2014-05-28 19:48,6.776,0.006,0,0,0,0,v
2014-05-28 19:54,6.748,0.007,0,0,0,0,v
2014-05-28 20:00,6.748,0.007,0,0,0,0,v
2014-05-28 20:06,6.765,0.006,0,0,0,0,v
2014-05-28 20:12,6.766,0.005,0,0,0,0,v
2014-05-28 20:18,6.798,0.006,0,0,0,0,v
2014-05-28 20:24,6.820,0.009,0,0,0,0,v
2014-05-28 20:30,6.789,0.011,0,0,0,0,v
2014-05-28 20:36,6.738,0.008,0,0,0,0,v
2014-05-28 20:42,6.748,0.006,0,0,0,0,v
2014-05-28 20:48,6.720,0.007,0,0,0,0,v
2014-05-28 20:54,6.732,0.009,0,0,0,0,v
2014-05-28 21:00,6.737,0.009,0,0,0,0,v
2014-05-28 21:06,6.727,0.006,0,0,0,0,v
2014-05-28 21:12,6.703,0.006,0,0,0,0,v
2014-05-28 21:18,6.730,0.006,0,0,0,0,v
2014-05-28 21:24,6.707,0.007,0,0,0,0,v
2014-05-28 21:30,6.664,0.005,0,0,0,0,v
2014-05-28 21:36,6.645,0.005,0,0,0,0,v
2014-05-28 21:42,6.613,0.010,0,0,0,0,v
2014-05-28 21:48,6.613,0.006,0,0,0,0,v
2014-05-28 21:54,6.587,0.005,0,0,0,0,v
2014-05-28 22:00,6.578,0.005,0,0,0,0,v
2014-05-28 22:06,6.561,0.011,0,0,0,0,v
2014-05-28 22:12,6.536,0.004,0,0,0,0,v
2014-05-28 22:18,6.529,0.006,0,0,0,0,v
2014-05-28 22:24,6.542,0.005,0,0,0,0,v
2014-05-28 22:30,6.500,0.008,0,0,0,0,v
2014-05-28 22:36,6.490,0.006,0,0,0,0,v
2014-05-28 22:42,6.470,0.005,0,0,0,0,v
2014-05-28 22:48,6.467,0.008,0,0,0,0,v
2014-05-28 22:54,6.446,0.005,0,0,0,0,v
2014-05-28 23:00,6.454,0.007,0,0,0,0,v
2014-05-28 23:06,6.448,0.007,0,0,0,0,v
2014-05-28 23:12,6.470,0.009,0,0,0,0,v
2014-05-28 23:18,6.449,0.008,0,0,0,0,v
2014-05-28 23:24,6.427,0.005,0,0,0,0,v
2014-05-28 23:30,6.405,0.007,0,0,0,0,v
2014-05-28 23:36,6.419,0.008,0,0,0,0,v
2014-05-28 23:42,6.411,0.006,0,0,0,0,v
2014-05-28 23:48,6.388,0.005,0,0,0,0,v
2014-05-28 23:54,6.390,0.005,0,0,0,0,v
2014-05-29 00:00,6.389,0.006,0,0,0,0,v
2014-05-29 00:06,6.366,0.007,0,0,0,0,v
2014-05-29 00:12,6.386,0.007,0,0,0,0,v
2014-05-29 00:18,6.343,0.006,0,0,0,0,v
2014-05-29 00:24,6.354,0.006,0,0,0,0,v
2014-05-29 00:30,6.379,0.006,0,0,0,0,v
2014-05-29 00:36,6.372,0.007,0,0,0,0,v
2014-05-29 00:42,6.361,0.005,0,0,0,0,v
2014-05-29 00:48,6.367,0.005,0,0,0,0,v
2014-05-29 00:54,6.339,0.005,0,0,0,0,v
2014-05-29 01:00,6.360,0.006,0,0,0,0,v
2014-05-29 01:06,6.336,0.006,0,0,0,0,v
2014-05-29 01:12,6.337,0.005,0,0,0,0,v
2014-05-29 01:18,6.324,0.006,0,0,0,0,v
2014-05-29 01:24,6.311,0.005,0,0,0,0,v
2014-05-29 01:30,6.290,0.007,0,0,0,0,v
2014-05-29 01:36,6.320,0.010,0,0,0,0,v
2014-05-29 01:42,6.313,0.011,0,0,0,0,v
2014-05-29 01:48,6.302,0.006,0,0,0,0,v
2014-05-29 01:54,6.307,0.006,0,0,0,0,v
2014-05-29 02:00,6.304,0.004,0,0,0,0,v
2014-05-29 02:06,6.302,0.005,0,0,0,0,v
2014-05-29 02:12,6.309,0.005,0,0,0,0,v
2014-05-29 02:18,6.295,0.011,0,0,0,0,v
2014-05-29 02:24,6.298,0.006,0,0,0,0,v
2014-05-29 02:30,6.291,0.005,0,0,0,0,v
2014-05-29 02:36,6.282,0.005,0,0,0,0,v
2014-05-29 02:42,6.265,0.007,0,0,0,0,v
2014-05-29 02:48,6.306,0.007,0,0,0,0,v
2014-05-29 02:54,6.320,0.006,0,0,0,0,v
2014-05-29 03:00,6.299,0.011,0,0,0,0,v
2014-05-29 03:06,6.278,0.004,0,0,0,0,v
2014-05-29 03:12,6.281,0.005,0,0,0,0,v
2014-05-29 03:18,6.300,0.005,0,0,0,0,v
2014-05-29 03:24,6.269,0.006,0,0,0,0,v
2014-05-29 03:30,6.293,0.007,0,0,0,0,v
2014-05-29 03:36,6.311,0.006,0,0,0,0,v
2014-05-29 03:42,6.318,0.004,0,0,0,0,v
2014-05-29 03:48,6.293,0.006,0,0,0,0,v
2014-05-29 03:54,6.307,0.006,0,0,0,0,v
2014-05-29 04:00,6.323,0.004,0,0,0,0,v
2014-05-29 04:06,6.306,0.006,0,0,0,0,v
2014-05-29 04:12,6.333,0.004,0,0,0,0,v
2014-05-29 04:18,6.326,0.005,0,0,0,0,v
2014-05-29 04:24,6.349,0.004,0,0,0,0,v
2014-05-29 04:30,6.355,0.005,0,0,0,0,v
2014-05-29 04:36,6.378,0.004,0,0,0,0,v
2014-05-29 04:42,6.398,0.011,0,0,0,0,v
2014-05-29 04:48,6.389,0.006,0,0,0,0,v
2014-05-29 04:54,6.428,0.006,0,0,0,0,v
2014-05-29 05:00,6.408,0.007,0,0,0,0,v
2014-05-29 05:06,6.406,0.005,0,0,0,0,v
2014-05-29 05:12,6.390,0.007,0,0,0,0,v
2014-05-29 05:18,6.362,0.007,0,0,0,0,v
2014-05-29 05:24,6.401,0.004,0,0,0,0,v
2014-05-29 05:30,6.413,0.007,0,0,0,0,v
2014-05-29 05:36,6.445,0.003,0,0,0,0,v
2014-05-29 05:42,6.497,0.005,0,0,0,0,v
2014-05-29 05:48,6.477,0.006,0,0,0,0,v
2014-05-29 05:54,6.472,0.004,0,0,0,0,v
2014-05-29 06:00,6.458,0.006,0,0,0,0,v
2014-05-29 06:06,6.477,0.005,0,0,0,0,v
2014-05-29 06:12,6.505,0.004,0,0,0,0,v
2014-05-29 06:18,6.531,0.005,0,0,0,0,v
2014-05-29 06:24,6.528,0.004,0,0,0,0,v
2014-05-29 06:30,6.518,0.004,0,0,0,0,v
2014-05-29 06:36,6.514,0.006,0,0,0,0,v
2014-05-29 06:42,6.529,0.005,0,0,0,0,v
2014-05-29 06:48,6.551,0.005,0,0,0,0,v
2014-05-29 06:54,6.590,0.011,0,0,0,0,v
2014-05-29 07:00,6.600,0.005,0,0,0,0,v
2014-05-29 07:06,6.590,0.005,0,0,0,0,v
2014-05-29 07:12,6.632,0.009,0,0,0,0,v
2014-05-29 07:18,6.645,0.004,0,0,0,0,v
2014-05-29 07:24,6.633,0.006,0,0,0,0,v
2014-05-29 07:30,6.669,0.004,0,0,0,0,v
2014-05-29 07:36,6.685,0.005,0,0,0,0,v
2014-05-29 07:42,6.677,0.006,0,0,0,0,v
2014-05-29 07:48,6.686,0.008,0,0,0,0,v
2014-05-29 07:54,6.729,0.007,0,0,0,0,v
2014-05-29 08:00,6.734,0.006,0,0,0,0,v
2014-05-29 08:06,6.733,0.004,0,0,0,0,v
2014-05-29 08:12,6.738,0.007,0,0,0,0,v
2014-05-29 08:18,6.758,0.004,0,0,0,0,v
2014-05-29 08:24,6.747,0.006,0,0,0,0,v
2014-05-29 08:30,6.796,0.009,0,0,0,0,v
2014-05-29 08:36,6.804,0.005,0,0,0,0,v
2014-05-29 08:42,6.809,0.006,0,0,0,0,v
2014-05-29 08:48,6.822,0.004,0,0,0,0,v
2014-05-29 08:54,6.815,0.007,0,0,0,0,v
2014-05-29 09:00,6.811,0.005,0,0,0,0,v
2014-05-29 09:06,6.802,0.007,0,0,0,0,v
2014-05-29 09:12,6.806,0.005,0,0,0,0,v
2014-05-29 09:18,6.798,0.006,0,0,0,0,v
2014-05-29 09:24,6.802,0.004,0,0,0,0,v
2014-05-29 09:30,6.804,0.005,0,0,0,0,v
2014-05-29 09:36,6.818,0.004,0,0,0,0,v
2014-05-29 09:42,6.817,0.005,0,0,0,0,v
2014-05-29 09:48,6.845,0.006,0,0,0,0,v
2014-05-29 09:54,6.842,0.004,0,0,0,0,v
2014-05-29 10:00,6.871,0.004,0,0,0,0,v
2014-05-29 10:06,6.851,0.005,0,0,0,0,v
2014-05-29 10:12,6.880,0.004,0,0,0,0,v
2014-05-29 10:18,6.882,0.003,0,0,0,0,v
2014-05-29 10:24,6.887,0.005,0,0,0,0,v
2014-05-29 10:30,6.872,0.007,0,0,0,0,v
2014-05-29 10:36,6.871,0.005,0,0,0,0,v
2014-05-29 10:42,6.856,0.005,0,0,0,0,v
2014-05-29 10:48,6.860,0.004,0,0,0,0,v
2014-05-29 10:54,6.867,0.003,0,0,0,0,v
2014-05-29 11:00,6.871,0.006,0,0,0,0,v
2014-05-29 11:06,6.859,0.005,0,0,0,0,v
2014-05-29 11:12,6.854,0.007,0,0,0,0,v
2014-05-29 11:18,6.882,0.004,0,0,0,0,v
2014-05-29 11:24,6.876,0.005,0,0,0,0,v
2014-05-29 11:30,6.860,0.004,0,0,0,0,v
2014-05-29 11:36,6.868,0.004,0,0,0,0,v
2014-05-29 11:42,6.861,0.005,0,0,0,0,v
2014-05-29 11:48,6.833,0.004,0,0,0,0,v
2014-05-29 11:54,6.842,0.006,0,0,0,0,v
2014-05-29 12:00,6.846,0.006,0,0,0,0,v
2014-05-29 12:06,6.863,0.004,0,0,0,0,v
2014-05-29 12:12,6.897,0.008,0,0,0,0,v
2014-05-29 12:18,6.905,0.006,0,0,0,0,v
2014-05-29 12:24,6.912,0.004,0,0,0,0,v
2014-05-29 12:30,6.890,0.004,0,0,0,0,v
2014-05-29 12:36,6.877,0.006,0,0,0,0,v
2014-05-29 12:42,6.869,0.005,0,0,0,0,v
2014-05-29 12:48,6.872,0.005,0,0,0,0,v
2014-05-29 12:54,6.869,0.007,0,0,0,0,v
2014-05-29 13:00,6.853,0.005,0,0,0,0,v
2014-05-29 13:06,6.888,0.007,0,0,0,0,v
2014-05-29 13:12,6.877,0.005,0,0,0,0,v
2014-05-29 13:18,6.857,0.005,0,0,0,0,v
2014-05-29 13:24,6.861,0.006,0,0,0,0,v
2014-05-29 13:30,6.855,0.004,0,0,0,0,v
2014-05-29 13:36,6.855,0.006,0,0,0,0,v
2014-05-29 13:42,6.830,0.005,0,0,0,0,v
2014-05-29 13:48,6.850,0.005,0,0,0,0,v
2014-05-29 13:54,6.856,0.005,0,0,0,0,v
2014-05-29 14:00,6.837,0.007,0,0,0,0,v
2014-05-29 14:06,6.830,0.007,0,0,0,0,v
2014-05-29 14:12,6.825,0.007,0,0,0,0,v
2014-05-29 14:18,6.800,0.008,0,0,0,0,v
2014-05-29 14:24,6.783,0.006,0,0,0,0,v
2014-05-29 14:30,6.762,0.006,0,0,0,0,v
2014-05-29 14:36,6.762,0.006,0,0,0,0,v
2014-05-29 14:42,6.762,0.005,0,0,0,0,v
2014-05-29 14:48,6.752,0.010,0,0,0,0,v
2014-05-29 14:54,6.721,0.006,0,0,0,0,v
2014-05-29 15:00,6.730,0.007,0,0,0,0,v
2014-05-29 15:06,6.748,0.005,0,0,0,0,v
2014-05-29 15:12,6.764,0.005,0,0,0,0,v
2014-05-29 15:18,6.755,0.008,0,0,0,0,v
2014-05-29 15:24,6.765,0.005,0,0,0,0,v
2014-05-29 15:30,6.772,0.008,0,0,0,0,v
2014-05-29 15:36,6.748,0.006,0,0,0,0,v
2014-05-29 15:42,6.759,0.006,0,0,0,0,v
2014-05-29 15:48,6.747,0.005,0,0,0,0,v
2014-05-29 15:54,6.757,0.009,0,0,0,0,v
2014-05-29 16:00,6.809,0.005,0,0,0,0,v
2014-05-29 16:06,6.792,0.011,0,0,0,0,v
2014-05-29 16:12,6.777,0.005,0,0,0,0,v
2014-05-29 16:18,6.788,0.004,0,0,0,0,v
2014-05-29 16:24,6.796,0.008,0,0,0,0,v
2014-05-29 16:30,6.815,0.006,0,0,0,0,v
2014-05-29 16:36,6.803,0.005,0,0,0,0,v
2014-05-29 16:42,6.775,0.006,0,0,0,0,v
2014-05-29 16:48,6.793,0.007,0,0,0,0,v
2014-05-29 16:54,6.763,0.010,0,0,0,0,v
2014-05-29 17:00,6.762,0.006,0,0,0,0,v
2014-05-29 17:06,6.770,0.006,0,0,0,0,v
2014-05-29 17:12,6.770,0.007,0,0,0,0,v
2014-05-29 17:18,6.755,0.005,0,0,0,0,v
2014-05-29 17:24,6.757,0.006,0,0,0,0,v
2014-05-29 17:30,6.748,0.005,0,0,0,0,v
2014-05-29 17:36,6.738,0.005,0,0,0,0,v
2014-05-29 17:42,6.725,0.007,0,0,0,0,v
2014-05-29 17:48,6.731,0.005,0,0,0,0,v
2014-05-29 17:54,6.718,0.005,0,0,0,0,v
2014-05-29 18:00,6.720,0.007,0,0,0,0,v
2014-05-29 18:06,6.716,0.006,0,0,0,0,v
2014-05-29 18:12,6.696,0.005,0,0,0,0,v
2014-05-29 18:18,6.726,0.009,0,0,0,0,v
2014-05-29 18:24,6.732,0.006,0,0,0,0,v
2014-05-29 18:30,6.716,0.007,0,0,0,0,v
2014-05-29 18:36,6.707,0.005,0,0,0,0,v
2014-05-29 18:42,6.723,0.006,0,0,0,0,v
2014-05-29 18:48,6.722,0.007,0,0,0,0,v
2014-05-29 18:54,6.712,0.006,0,0,0,0,v
2014-05-29 19:00,6.688,0.007,0,0,0,0,v
2014-05-29 19:06,6.740,0.008,0,0,0,0,v
2014-05-29 19:12,6.750,0.004,0,0,0,0,v
2014-05-29 19:18,6.752,0.004,0,0,0,0,v
2014-05-29 19:24,6.741,0.006,0,0,0,0,v
2014-05-29 19:30,6.753,0.006,0,0,0,0,v
2014-05-29 19:36,6.735,0.011,0,0,0,0,v
2014-05-29 19:42,6.711,0.005,0,0,0,0,v
2014-05-29 19:48,6.726,0.005,0,0,0,0,v
2014-05-29 19:54,6.711,0.005,0,0,0,0,v
2014-05-29 20:00,6.725,0.005,0,0,0,0,v
2014-05-29 20:06,6.705,0.005,0,0,0,0,v
2014-05-29 20:12,6.708,0.005,0,0,0,0,v
2014-05-29 20:18,6.693,0.004,0,0,0,0,v
2014-05-29 20:24,6.708,0.008,0,0,0,0,v
2014-05-29 20:30,6.726,0.005,0,0,0,0,v
2014-05-29 20:36,6.718,0.004,0,0,0,0,v
2014-05-29 20:42,6.726,0.004,0,0,0,0,v
2014-05-29 20:48,6.721,0.005,0,0,0,0,v
2014-05-29 20:54,6.721,0.004,0,0,0,0,v
2014-05-29 21:00,6.721,0.005,0,0,0,0,v
2014-05-29 21:06,6.715,0.004,0,0,0,0,v
2014-05-29 21:12,6.713,0.004,0,0,0,0,v
2014-05-29 21:18,6.693,0.005,0,0,0,0,v
2014-05-29 21:24,6.665,0.007,0,0,0,0,v
2014-05-29 21:30,6.665,0.006,0,0,0,0,v
2014-05-29 21:36,6.687,0.005,0,0,0,0,v
2014-05-29 21:42,6.688,0.005,0,0,0,0,v
2014-05-29 21:48,6.692,0.006,0,0,0,0,v
2014-05-29 21:54,6.678,0.005,0,0,0,0,v
2014-05-29 22:00,6.656,0.005,0,0,0,0,v
2014-05-29 22:06,6.647,0.004,0,0,0,0,v
2014-05-29 22:12,6.634,0.005,0,0,0,0,v
2014-05-29 22:18,6.614,0.006,0,0,0,0,v
2014-05-29 22:24,6.621,0.007,0,0,0,0,v
2014-05-29 22:30,6.644,0.005,0,0,0,0,v
2014-05-29 22:36,6.619,0.004,0,0,0,0,v
2014-05-29 22:42,6.625,0.004,0,0,0,0,v
2014-05-29 22:48,6.599,0.008,0,0,0,0,v
2014-05-29 22:54,6.590,0.003,0,0,0,0,v
2014-05-29 23:00,6.602,0.004,0,0,0,0,v
2014-05-29 23:06,6.593,0.006,0,0,0,0,v
2014-05-29 23:12,6.568,0.005,0,0,0,0,v
2014-05-29 23:18,6.550,0.004,0,0,0,0,v
2014-05-29 23:24,6.544,0.004,0,0,0,0,v
2014-05-29 23:30,6.529,0.003,0,0,0,0,v
2014-05-29 23:36,6.533,0.004,0,0,0,0,v
2014-05-29 23:42,6.527,0.004,0,0,0,0,v
2014-05-29 23:48,6.501,0.005,0,0,0,0,v
2014-05-29 23:54,6.513,0.002,0,0,0,0,v
2014-05-30 00:00,6.493,0.007,0,0,0,0,v
2014-05-30 00:06,6.473,0.003,0,0,0,0,v
2014-05-30 00:12,6.469,0.003,0,0,0,0,v
2014-05-30 00:18,6.467,0.004,0,0,0,0,v
2014-05-30 00:24,6.449,0.004,0,0,0,0,v
2014-05-30 00:30,6.459,0.004,0,0,0,0,v
2014-05-30 00:36,6.479,0.004,0,0,0,0,v
2014-05-30 00:42,6.453,0.004,0,0,0,0,v
2014-05-30 00:48,6.437,0.003,0,0,0,0,v
2014-05-30 00:54,6.410,0.004,0,0,0,0,v
2014-05-30 01:00,6.398,0.003,0,0,0,0,v
2014-05-30 01:06,6.392,0.004,0,0,0,0,v
2014-05-30 01:12,6.387,0.003,0,0,0,0,v
2014-05-30 01:18,6.377,0.003,0,0,0,0,v
2014-05-30 01:24,6.371,0.006,0,0,0,0,v
2014-05-30 01:30,6.364,0.004,0,0,0,0,v
2014-05-30 01:36,6.381,0.004,0,0,0,0,v
2014-05-30 01:42,6.384,0.004,0,0,0,0,v
2014-05-30 01:48,6.392,0.004,0,0,0,0,v
2014-05-30 01:54,6.384,0.004,0,0,0,0,v
2014-05-30 02:00,6.397,0.004,0,0,0,0,v
2014-05-30 02:06,6.380,0.004,0,0,0,0,v
2014-05-30 02:12,6.377,0.003,0,0,0,0,v
2014-05-30 02:18,6.370,0.004,0,0,0,0,v
2014-05-30 02:24,6.382,0.003,0,0,0,0,v
2014-05-30 02:30,6.391,0.004,0,0,0,0,v
2014-05-30 02:36,6.379,0.006,0,0,0,0,v
2014-05-30 02:42,6.361,0.004,0,0,0,0,v
2014-05-30 02:48,6.354,0.004,0,0,0,0,v
2014-05-30 02:54,6.370,0.003,0,0,0,0,v
2014-05-30 03:00,6.375,0.004,0,0,0,0,v
2014-05-30 03:06,6.368,0.006,0,0,0,0,v
2014-05-30 03:12,6.339,0.006,0,0,0,0,v
2014-05-30 03:18,6.347,0.004,0,0,0,0,v
2014-05-30 03:24,6.357,0.003,0,0,0,0,v
2014-05-30 03:30,6.350,0.004,0,0,0,0,v
2014-05-30 03:36,6.352,0.004,0,0,0,0,v
2014-05-30 03:42,6.350,0.004,0,0,0,0,v
2014-05-30 03:48,6.360,0.004,0,0,0,0,v
2014-05-30 03:54,6.377,0.003,0,0,0,0,v
2014-05-30 04:00,6.364,0.005,0,0,0,0,v
2014-05-30 04:06,6.382,0.005,0,0,0,0,v
2014-05-30 04:12,6.391,0.005,0,0,0,0,v
2014-05-30 04:18,6.405,0.004,0,0,0,0,v
2014-05-30 04:24,6.410,0.004,0,0,0,0,v
2014-05-30 04:30,6.419,0.005,0,0,0,0,v
2014-05-30 04:36,6.422,0.004,0,0,0,0,v
2014-05-30 04:42,6.447,0.005,0,0,0,0,v
2014-05-30 04:48,6.427,0.004,0,0,0,0,v
2014-05-30 04:54,6.430,0.004,0,0,0,0,v
2014-05-30 05:00,6.441,0.005,0,0,0,0,v
2014-05-30 05:06,6.446,0.005,0,0,0,0,v
2014-05-30 05:12,6.445,0.008,0,0,0,0,v
2014-05-30 05:18,6.485,0.004,0,0,0,0,v
2014-05-30 05:24,6.492,0.004,0,0,0,0,v
2014-05-30 05:30,6.506,0.004,0,0,0,0,v
2014-05-30 05:36,6.518,0.004,0,0,0,0,v
2014-05-30 05:42,6.513,0.005,0,0,0,0,v
2014-05-30 05:48,6.519,0.005,0,0,0,0,v
2014-05-30 05:54,6.531,0.005,0,0,0,0,v
2014-05-30 06:00,6.536,0.005,0,0,0,0,v
2014-05-30 06:06,6.530,0.004,0,0,0,0,v
2014-05-30 06:12,6.538,0.005,0,0,0,0,v
2014-05-30 06:18,6.553,0.005,0,0,0,0,v
2014-05-30 06:24,6.562,0.005,0,0,0,0,v
2014-05-30 06:30,6.578,0.006,0,0,0,0,v
2014-05-30 06:36,6.589,0.004,0,0,0,0,v
2014-05-30 06:42,6.614,0.005,0,0,0,0,v
2014-05-30 06:48,6.621,0.004,0,0,0,0,v
2014-05-30 06:54,6.610,0.005,0,0,0,0,v
2014-05-30 07:00,6.618,0.005,0,0,0,0,v
2014-05-30 07:06,6.634,0.005,0,0,0,0,v
2014-05-30 07:12,6.650,0.005,0,0,0,0,v
2014-05-30 07:18,6.664,0.007,0,0,0,0,v
2014-05-30 07:24,6.679,0.005,0,0,0,0,v
2014-05-30 07:30,6.697,0.006,0,0,0,0,v
2014-05-30 07:36,6.698,0.005,0,0,0,0,v
2014-05-30 07:42,6.722,0.005,0,0,0,0,v
2014-05-30 07:48,6.738,0.004,0,0,0,0,v
2014-05-30 07:54,6.749,0.005,0,0,0,0,v
2014-05-30 08:00,6.777,0.004,0,0,0,0,v
2014-05-30 08:06,6.753,0.005,0,0,0,0,v
2014-05-30 08:12,6.758,0.004,0,0,0,0,v
2014-05-30 08:18,6.753,0.004,0,0,0,0,v
2014-05-30 08:24,6.766,0.004,0,0,0,0,v
2014-05-30 08:30,6.770,0.003,0,0,0,0,v
2014-05-30 08:36,6.778,0.004,0,0,0,0,v
2014-05-30 08:42,6.772,0.005,0,0,0,0,v
2014-05-30 08:48,6.782,0.004,0,0,0,0,v
2014-05-30 08:54,6.813,0.006,0,0,0,0,v
2014-05-30 09:00,6.828,0.004,0,0,0,0,v
2014-05-30 09:06,6.846,0.005,0,0,0,0,v
2014-05-30 09:12,6.857,0.003,0,0,0,0,v
2014-05-30 09:18,6.848,0.004,0,0,0,0,v
2014-05-30 09:24,6.864,0.004,0,0,0,0,v
2014-05-30 09:30,6.877,0.004,0,0,0,0,v
2014-05-30 09:36,6.896,0.005,0,0,0,0,v
2014-05-30 09:42,6.883,0.005,0,0,0,0,v
2014-05-30 09:48,6.898,0.005,0,0,0,0,v
2014-05-30 09:54,6.912,0.004,0,0,0,0,v
2014-05-30 10:00,6.915,0.004,0,0,0,0,v
2014-05-30 10:06,6.914,0.004,0,0,0,0,v
2014-05-30 10:12,6.916,0.005,0,0,0,0,v
2014-05-30 10:18,6.910,0.005,0,0,0,0,v
2014-05-30 10:24,6.932,0.004,0,0,0,0,v
2014-05-30 10:30,6.921,0.005,0,0,0,0,v
2014-05-30 10:36,6.924,0.005,0,0,0,0,v
2014-05-30 10:42,6.931,0.005,0,0,0,0,v
2014-05-30 10:48,6.939,0.005,0,0,0,0,v
2014-05-30 10:54,6.953,0.005,0,0,0,0,v
2014-05-30 11:00,6.958,0.004,0,0,0,0,v
2014-05-30 11:06,6.959,0.005,0,0,0,0,v
2014-05-30 11:12,6.954,0.004,0,0,0,0,v
2014-05-30 11:18,6.965,0.004,0,0,0,0,v
2014-05-30 11:24,6.971,0.005,0,0,0,0,v
2014-05-30 11:30,6.975,0.006,0,0,0,0,v
2014-05-30 11:36,6.984,0.004,0,0,0,0,v
2014-05-30 11:42,6.981,0.005,0,0,0,0,v
2014-05-30 11:48,6.986,0.003,0,0,0,0,v
2014-05-30 11:54,6.961,0.005,0,0,0,0,v
2014-05-30 12:00,6.967,0.004,0,0,0,0,v
2014-05-30 12:06,6.974,0.005,0,0,0,0,v
2014-05-30 12:12,6.961,0.005,0,0,0,0,v
2014-05-30 12:18,6.956,0.004,0,0,0,0,v
2014-05-30 12:24,6.965,0.004,0,0,0,0,v
2014-05-30 12:30,6.963,0.005,0,0,0,0,v
2014-05-30 12:36,6.949,0.004,0,0,0,0,v
2014-05-30 12:42,6.947,0.004,0,0,0,0,v
2014-05-30 12:48,6.960,0.005,0,0,0,0,v
2014-05-30 12:54,6.968,0.004,0,0,0,0,v
2014-05-30 13:00,6.970,0.004,0,0,0,0,v
2014-05-30 13:06,6.970,0.003,0,0,0,0,v
2014-05-30 13:12,6.953,0.004,0,0,0,0,v
2014-05-30 13:18,6.960,0.004,0,0,0,0,v
2014-05-30 13:24,6.949,0.005,0,0,0,0,v
2014-05-30 13:30,6.940,0.004,0,0,0,0,v
2014-05-30 13:36,6.937,0.004,0,0,0,0,v
2014-05-30 13:42,6.934,0.005,0,0,0,0,v
2014-05-30 13:48,6.935,0.004,0,0,0,0,v
2014-05-30 13:54,6.926,0.006,0,0,0,0,v
2014-05-30 14:00,6.923,0.004,0,0,0,0,v
2014-05-30 14:06,6.907,0.004,0,0,0,0,v
2014-05-30 14:12,6.913,0.004,0,0,0,0,v
2014-05-30 14:18,6.889,0.004,0,0,0,0,v
2014-05-30 14:24,6.885,0.004,0,0,0,0,v
2014-05-30 14:30,6.903,0.004,0,0,0,0,v
2014-05-30 14:36,6.907,0.004,0,0,0,0,v
2014-05-30 14:42,6.912,0.003,0,0,0,0,v
2014-05-30 14:48,6.911,0.004,0,0,0,0,v
2014-05-30 14:54,6.901,0.004,0,0,0,0,v
2014-05-30 15:00,6.885,0.004,0,0,0,0,v
2014-05-30 15:06,6.876,0.004,0,0,0,0,v
2014-05-30 15:12,6.892,0.004,0,0,0,0,v
2014-05-30 15:18,6.883,0.004,0,0,0,0,v
2014-05-30 15:24,6.874,0.004,0,0,0,0,v
2014-05-30 15:30,6.891,0.003,0,0,0,0,v
2014-05-30 15:36,6.892,0.005,0,0,0,0,v
2014-05-30 15:42,6.888,0.006,0,0,0,0,v
2014-05-30 15:48,6.889,0.004,0,0,0,0,v
2014-05-30 15:54,6.883,0.004,0,0,0,0,v
2014-05-30 16:00,6.882,0.004,0,0,0,0,v
2014-05-30 16:06,6.884,0.004,0,0,0,0,v
2014-05-30 16:12,6.870,0.005,0,0,0,0,v
2014-05-30 16:18,6.879,0.005,0,0,0,0,v
2014-05-30 16:24,6.888,0.005,0,0,0,0,v
2014-05-30 16:30,6.874,0.005,0,0,0,0,v
2014-05-30 16:36,6.856,0.006,0,0,0,0,v
2014-05-30 16:42,6.866,0.005,0,0,0,0,v
2014-05-30 16:48,6.845,0.006,0,0,0,0,v
2014-05-30 16:54,6.848,0.006,0,0,0,0,v
2014-05-30 17:00,6.850,0.004,0,0,0,0,v
2014-05-30 17:06,6.847,0.005,0,0,0,0,v
2014-05-30 17:12,6.831,0.005,0,0,0,0,v
2014-05-30 17:18,6.818,0.004,0,0,0,0,v
2014-05-30 17:24,6.803,0.004,0,0,0,0,v
2014-05-30 17:30,6.800,0.005,0,0,0,0,v
2014-05-30 17:36,6.789,0.004,0,0,0,0,v
2014-05-30 17:42,6.813,0.005,0,0,0,0,v
2014-05-30 17:48,6.803,0.006,0,0,0,0,v
2014-05-30 17:54,6.799,0.004,0,0,0,0,v
2014-05-30 18:00,6.803,0.004,0,0,0,0,v
2014-05-30 18:06,6.822,0.005,0,0,0,0,v
2014-05-30 18:12,6.827,0.005,0,0,0,0,v
2014-05-30 18:18,6.834,0.004,0,0,0,0,v
2014-05-30 18:24,6.840,0.005,0,0,0,0,v
2014-05-30 18:30,6.849,0.006,0,0,0,0,v
2014-05-30 18:36,6.849,0.004,0,0,0,0,v
2014-05-30 18:42,6.842,0.004,0,0,0,0,v
2014-05-30 18:48,6.835,0.004,0,0,0,0,v
2014-05-30 18:54,6.842,0.005,0,0,0,0,v
2014-05-30 19:00,6.833,0.007,0,0,0,0,v
2014-05-30 19:06,6.804,0.004,0,0,0,0,v
2014-05-30 19:12,6.804,0.004,0,0,0,0,v
2014-05-30 19:18,6.805,0.005,0,0,0,0,v
2014-05-30 19:24,6.795,0.005,0,0,0,0,v
2014-05-30 19:30,6.785,0.004,0,0,0,0,v
2014-05-30 19:36,6.791,0.005,0,0,0,0,v
2014-05-30 19:42,6.776,0.004,0,0,0,0,v
2014-05-30 19:48,6.785,0.003,0,0,0,0,v
2014-05-30 19:54,6.782,0.004,0,0,0,0,v
2014-05-30 20:00,6.776,0.004,0,0,0,0,v
2014-05-30 20:06,6.781,0.004,0,0,0,0,v
2014-05-30 20:12,6.764,0.004,0,0,0,0,v
2014-05-30 20:18,6.766,0.004,0,0,0,0,v
2014-05-30 20:24,6.776,0.004,0,0,0,0,v
2014-05-30 20:30,6.767,0.004,0,0,0,0,v
2014-05-30 20:36,6.778,0.004,0,0,0,0,v
2014-05-30 20:42,6.777,0.005,0,0,0,0,v
2014-05-30 20:48,6.785,0.004,0,0,0,0,v
2014-05-30 20:54,6.778,0.004,0,0,0,0,v
2014-05-30 21:00,6.781,0.004,0,0,0,0,v
2014-05-30 21:06,6.777,0.003,0,0,0,0,v
2014-05-30 21:12,6.763,0.004,0,0,0,0,v
2014-05-30 21:18,6.751,0.004,0,0,0,0,v
2014-05-30 21:24,6.738,0.004,0,0,0,0,v
2014-05-30 21:30,6.723,0.004,0,0,0,0,v
2014-05-30 21:36,6.717,0.003,0,0,0,0,v
2014-05-30 21:42,6.702,0.004,0,0,0,0,v
2014-05-30 21:48,6.702,0.003,0,0,0,0,v
2014-05-30 21:54,6.714,0.004,0,0,0,0,v
2014-05-30 22:00,6.714,0.005,0,0,0,0,v
2014-05-30 22:06,6.710,0.005,0,0,0,0,v
2014-05-30 22:12,6.695,0.004,0,0,0,0,v
2014-05-30 22:18,6.688,0.004,0,0,0,0,v
2014-05-30 22:24,6.677,0.003,0,0,0,0,v
2014-05-30 22:30,6.670,0.004,0,0,0,0,v
2014-05-30 22:36,6.672,0.004,0,0,0,0,v
2014-05-30 22:42,6.681,0.005,0,0,0,0,v
2014-05-30 22:48,6.672,0.006,0,0,0,0,v
2014-05-30 22:54,6.672,0.005,0,0,0,0,v
2014-05-30 23:00,6.669,0.004,0,0,0,0,v
2014-05-30 23:06,6.645,0.005,0,0,0,0,v
2014-05-30 23:12,6.635,0.004,0,0,0,0,v
2014-05-30 23:18,6.631,0.004,0,0,0,0,v
2014-05-30 23:24,6.625,0.004,0,0,0,0,v
2014-05-30 23:30,6.614,0.004,0,0,0,0,v
2014-05-30 23:36,6.622,0.004,0,0,0,0,v
2014-05-30 23:42,6.624,0.004,0,0,0,0,v
2014-05-30 23:48,6.607,0.004,0,0,0,0,v
2014-05-30 23:54,6.612,0.004,0,0,0,0,v
2014-05-31 00:00,6.589,0.006,0,0,0,0,v
2014-05-31 00:06,6.574,0.004,0,0,0,0,v
2014-05-31 00:12,6.567,0.007,0,0,0,0,v
2014-05-31 00:18,6.537,0.004,0,0,0,0,v
2014-05-31 00:24,6.535,0.004,0,0,0,0,v
2014-05-31 00:30,6.518,0.006,0,0,0,0,v
2014-05-31 00:36,6.526,0.006,0,0,0,0,v
2014-05-31 00:42,6.510,0.003,0,0,0,0,v
2014-05-31 00:48,6.519,0.004,0,0,0,0,v
2014-05-31 00:54,6.502,0.006,0,0,0,0,v
2014-05-31 01:00,6.477,0.005,0,0,0,0,v
2014-05-31 01:06,6.503,0.004,0,0,0,0,v
2014-05-31 01:12,6.484,0.004,0,0,0,0,v
2014-05-31 01:18,6.473,0.004,0,0,0,0,v
2014-05-31 01:24,6.473,0.004,0,0,0,0,v
2014-05-31 01:30,6.481,0.003,0,0,0,0,v
2014-05-31 01:36,6.459,0.003,0,0,0,0,v
2014-05-31 01:42,6.452,0.004,0,0,0,0,v
2014-05-31 01:48,6.458,0.003,0,0,0,0,v
2014-05-31 01:54,6.466,0.006,0,0,0,0,v
2014-05-31 02:00,6.458,0.004,0,0,0,0,v
2014-05-31 02:06,6.451,0.004,0,0,0,0,v
2014-05-31 02:12,6.422,0.006,0,0,0,0,v
2014-05-31 02:18,6.416,0.005,0,0,0,0,v
2014-05-31 02:24,6.374,0.006,0,0,0,0,v
2014-05-31 02:30,6.362,0.004,0,0,0,0,v
2014-05-31 02:36,6.378,0.005,0,0,0,0,v
2014-05-31 02:42,6.368,0.005,0,0,0,0,v
2014-05-31 02:48,6.374,0.004,0,0,0,0,v
2014-05-31 02:54,6.357,0.006,0,0,0,0,v
2014-05-31 03:00,6.374,0.006,0,0,0,0,v
2014-05-31 03:06,6.350,0.005,0,0,0,0,v
2014-05-31 03:12,6.368,0.004,0,0,0,0,v
2014-05-31 03:18,6.360,0.006,0,0,0,0,v
2014-05-31 03:24,6.353,0.009,0,0,0,0,v
2014-05-31 03:30,6.367,0.004,0,0,0,0,v
2014-05-31 03:36,6.359,0.004,0,0,0,0,v
2014-05-31 03:42,6.357,0.004,0,0,0,0,v
2014-05-31 03:48,6.364,0.004,0,0,0,0,v
2014-05-31 03:54,6.347,0.004,0,0,0,0,v
2014-05-31 04:00,6.359,0.004,0,0,0,0,v
2014-05-31 04:06,6.349,0.005,0,0,0,0,v
2014-05-31 04:12,6.369,0.004,0,0,0,0,v
2014-05-31 04:18,6.358,0.004,0,0,0,0,v
2014-05-31 04:24,6.370,0.005,0,0,0,0,v
2014-05-31 04:30,6.400,0.007,0,0,0,0,v
2014-05-31 04:36,6.391,0.005,0,0,0,0,v
2014-05-31 04:42,6.405,0.005,0,0,0,0,v
2014-05-31 04:48,6.394,0.007,0,0,0,0,v
2014-05-31 04:54,6.382,0.005,0,0,0,0,v
2014-05-31 05:00,6.386,0.006,0,0,0,0,v
2014-05-31 05:06,6.391,0.006,0,0,0,0,v
2014-05-31 05:12,6.416,0.006,0,0,0,0,v
2014-05-31 05:18,6.411,0.004,0,0,0,0,v
2014-05-31 05:24,6.423,0.005,0,0,0,0,v
2014-05-31 05:30,6.426,0.005,0,0,0,0,v
2014-05-31 05:36,6.430,0.007,0,0,0,0,v
2014-05-31 05:42,6.435,0.005,0,0,0,0,v
2014-05-31 05:48,6.442,0.006,0,0,0,0,v
2014-05-31 05:54,6.432,0.005,0,0,0,0,v
2014-05-31 06:00,6.444,0.005,0,0,0,0,v
2014-05-31 06:06,6.463,0.009,0,0,0,0,v
2014-05-31 06:12,6.461,0.007,0,0,0,0,v
2014-05-31 06:18,6.482,0.007,0,0,0,0,v
2014-05-31 06:24,6.469,0.006,0,0,0,0,v
2014-05-31 06:30,6.472,0.006,0,0,0,0,v
2014-05-31 06:36,6.508,0.009,0,0,0,0,v
2014-05-31 06:42,6.501,0.008,0,0,0,0,v
2014-05-31 06:48,6.510,0.007,0,0,0,0,v
2014-05-31 06:54,6.517,0.006,0,0,0,0,v
2014-05-31 07:00,6.490,0.008,0,0,0,0,v
2014-05-31 07:06,6.527,0.009,0,0,0,0,v
2014-05-31 07:12,6.550,0.007,0,0,0,0,v
2014-05-31 07:18,6.558,0.007,0,0,0,0,v
2014-05-31 07:24,6.568,0.008,0,0,0,0,v
2014-05-31 07:30,6.574,0.012,0,0,0,0,v
2014-05-31 07:36,6.601,0.005,0,0,0,0,v
2014-05-31 07:42,6.587,0.007,0,0,0,0,v
2014-05-31 07:48,6.604,0.006,0,0,0,0,v
2014-05-31 07:54,6.644,0.007,0,0,0,0,v
2014-05-31 08:00,6.657,0.007,0,0,0,0,v
2014-05-31 08:06,6.662,0.005,0,0,0,0,v
2014-05-31 08:12,6.646,0.009,0,0,0,0,v
2014-05-31 08:18,6.649,0.007,0,0,0,0,v
2014-05-31 08:24,6.677,0.009,0,0,0,0,v
2014-05-31 08:30,6.674,0.007,0,0,0,0,v
2014-05-31 08:36,6.678,0.009,0,0,0,0,v
2014-05-31 08:42,6.678,0.006,0,0,0,0,v
2014-05-31 08:48,6.703,0.008,0,0,0,0,v
2014-05-31 08:54,6.719,0.006,0,0,0,0,v
2014-05-31 09:00,6.728,0.008,0,0,0,0,v
2014-05-31 09:06,6.723,0.006,0,0,0,0,v
2014-05-31 09:12,6.747,0.007,0,0,0,0,v
2014-05-31 09:18,6.757,0.011,0,0,0,0,v
2014-05-31 09:24,6.755,0.006,0,0,0,0,v
2014-05-31 09:30,6.775,0.006,0,0,0,0,v
2014-05-31 09:36,6.777,0.006,0,0,0,0,v
2014-05-31 09:42,6.791,0.006,0,0,0,0,v
2014-05-31 09:48,6.791,0.005,0,0,0,0,v
2014-05-31 09:54,6.809,0.010,0,0,0,0,v
2014-05-31 10:00,6.813,0.009,0,0,0,0,v
2014-05-31 10:06,6.818,0.010,0,0,0,0,v
2014-05-31 10:12,6.815,0.007,0,0,0,0,v
2014-05-31 10:18,6.828,0.005,0,0,0,0,v
2014-05-31 10:24,6.843,0.009,0,0,0,0,v
2014-05-31 10:30,6.859,0.006,0,0,0,0,v
2014-05-31 10:36,6.859,0.008,0,0,0,0,v
2014-05-31 10:42,6.852,0.006,0,0,0,0,v
2014-05-31 10:48,6.874,0.005,0,0,0,0,v
2014-05-31 10:54,6.867,0.007,0,0,0,0,v
2014-05-31 11:00,6.882,0.007,0,0,0,0,v
2014-05-31 11:06,6.891,0.006,0,0,0,0,v
2014-05-31 11:12,6.916,0.006,0,0,0,0,v
2014-05-31 11:18,6.916,0.006,0,0,0,0,v
2014-05-31 11:24,6.930,0.005,0,0,0,0,v
2014-05-31 11:30,6.922,0.006,0,0,0,0,v
2014-05-31 11:36,6.924,0.007,0,0,0,0,v
2014-05-31 11:42,6.900,0.006,0,0,0,0,v
2014-05-31 11:48,6.913,0.007,0,0,0,0,v
2014-05-31 11:54,6.908,0.008,0,0,0,0,v
2014-05-31 12:00,6.928,0.006,0,0,0,0,v
2014-05-31 12:06,6.919,0.009,0,0,0,0,v
2014-05-31 12:12,6.923,0.009,0,0,0,0,v
2014-05-31 12:18,6.926,0.006,0,0,0,0,v
2014-05-31 12:24,6.921,0.006,0,0,0,0,v
2014-05-31 12:30,6.934,0.007,0,0,0,0,v
2014-05-31 12:36,6.944,0.008,0,0,0,0,v
2014-05-31 12:42,6.942,0.008,0,0,0,0,v
2014-05-31 12:48,6.911,0.007,0,0,0,0,v
2014-05-31 12:54,6.937,0.006,0,0,0,0,v
2014-05-31 13:00,6.920,0.006,0,0,0,0,v
2014-05-31 13:06,6.906,0.007,0,0,0,0,v
2014-05-31 13:12,6.887,0.006,0,0,0,0,v
2014-05-31 13:18,6.877,0.006,0,0,0,0,v
2014-05-31 13:24,6.884,0.006,0,0,0,0,v
2014-05-31 13:30,6.882,0.007,0,0,0,0,v
2014-05-31 13:36,6.885,0.008,0,0,0,0,v
2014-05-31 13:42,6.879,0.005,0,0,0,0,v
2014-05-31 13:48,6.893,0.008,0,0,0,0,v
2014-05-31 13:54,6.909,0.006,0,0,0,0,v
2014-05-31 14:00,6.910,0.006,0,0,0,0,v
2014-05-31 14:06,6.907,0.006,0,0,0,0,v
2014-05-31 14:12,6.930,0.007,0,0,0,0,v
2014-05-31 14:18,6.916,0.006,0,0,0,0,v
2014-05-31 14:24,6.917,0.005,0,0,0,0,v
2014-05-31 14:30,6.893,0.005,0,0,0,0,v
2014-05-31 14:36,6.895,0.006,0,0,0,0,v
2014-05-31 14:42,6.891,0.005,0,0,0,0,v
2014-05-31 14:48,6.901,0.005,0,0,0,0,v
2014-05-31 14:54,6.900,0.006,0,0,0,0,v
2014-05-31 15:00,6.897,0.005,0,0,0,0,v
2014-05-31 15:06,6.901,0.007,0,0,0,0,v
2014-05-31 15:12,6.910,0.005,0,0,0,0,v
2014-05-31 15:18,6.912,0.005,0,0,0,0,v
2014-05-31 15:24,6.904,0.005,0,0,0,0,v
2014-05-31 15:30,6.893,0.005,0,0,0,0,v
2014-05-31 15:36,6.904,0.006,0,0,0,0,v
2014-05-31 15:42,6.900,0.007,0,0,0,0,v
2014-05-31 15:48,6.909,0.005,0,0,0,0,v
2014-05-31 15:54,6.893,0.005,0,0,0,0,v
2014-05-31 16:00,6.896,0.005,0,0,0,0,v
2014-05-31 16:06,6.867,0.007,0,0,0,0,v
2014-05-31 16:12,6.860,0.006,0,0,0,0,v
2014-05-31 16:18,6.863,0.006,0,0,0,0,v
2014-05-31 16:24,6.868,0.006,0,0,0,0,v
2014-05-31 16:30,6.867,0.006,0,0,0,0,v
2014-05-31 16:36,6.862,0.005,0,0,0,0,v
2014-05-31 16:42,6.855,0.007,0,0,0,0,v
2014-05-31 16:48,6.842,0.006,0,0,0,0,v
2014-05-31 16:54,6.837,0.007,0,0,0,0,v
2014-05-31 17:00,6.830,0.005,0,0,0,0,v
2014-05-31 17:06,6.836,0.005,0,0,0,0,v
2014-05-31 17:12,6.826,0.005,0,0,0,0,v
2014-05-31 17:18,6.817,0.006,0,0,0,0,v
2014-05-31 17:24,6.838,0.005,0,0,0,0,v
2014-05-31 17:30,6.834,0.006,0,0,0,0,v
2014-05-31 17:36,6.839,0.005,0,0,0,0,v
2014-05-31 17:42,6.830,0.004,0,0,0,0,v
2014-05-31 17:48,6.847,0.005,0,0,0,0,v
2014-05-31 17:54,6.849,0.005,0,0,0,0,v
2014-05-31 18:00,6.847,0.006,0,0,0,0,v
2014-05-31 18:06,6.828,0.006,0,0,0,0,v
2014-05-31 18:12,6.831,0.005,0,0,0,0,v
2014-05-31 18:18,6.837,0.007,0,0,0,0,v
2014-05-31 18:24,6.820,0.006,0,0,0,0,v
2014-05-31 18:30,6.841,0.005,0,0,0,0,v
2014-05-31 18:36,6.840,0.005,0,0,0,0,v
2014-05-31 18:42,6.838,0.004,0,0,0,0,v
2014-05-31 18:48,6.848,0.005,0,0,0,0,v
2014-05-31 18:54,6.842,0.005,0,0,0,0,v
2014-05-31 19:00,6.847,0.004,0,0,0,0,v
2014-05-31 19:06,6.858,0.005,0,0,0,0,v
2014-05-31 19:12,6.836,0.006,0,0,0,0,v
2014-05-31 19:18,6.812,0.006,0,0,0,0,v
2014-05-31 19:24,6.812,0.005,0,0,0,0,v
2014-05-31 19:30,6.813,0.006,0,0,0,0,v
2014-05-31 19:36,6.806,0.006,0,0,0,0,v
2014-05-31 19:42,6.818,0.006,0,0,0,0,v
2014-05-31 19:48,6.817,0.005,0,0,0,0,v
2014-05-31 19:54,6.796,0.006,0,0,0,0,v
2014-05-31 20:00,6.779,0.005,0,0,0,0,v
2014-05-31 20:06,6.783,0.006,0,0,0,0,v
2014-05-31 20:12,6.799,0.005,0,0,0,0,v
2014-05-31 20:18,6.786,0.006,0,0,0,0,v
2014-05-31 20:24,6.770,0.005,0,0,0,0,v
2014-05-31 20:30,6.754,0.006,0,0,0,0,v
2014-05-31 20:36,6.769,0.005,0,0,0,0,v
2014-05-31 20:42,6.783,0.006,0,0,0,0,v
2014-05-31 20:48,6.787,0.004,0,0,0,0,v
2014-05-31 20:54,6.774,0.005,0,0,0,0,v
2014-05-31 21:00,6.785,0.005,0,0,0,0,v
2014-05-31 21:06,6.787,0.005,0,0,0,0,v
2014-05-31 21:12,6.776,0.006,0,0,0,0,v
2014-05-31 21:18,6.782,0.004,0,0,0,0,v
2014-05-31 21:24,6.775,0.005,0,0,0,0,v
2014-05-31 21:30,6.775,0.005,0,0,0,0,v
2014-05-31 21:36,6.783,0.005,0,0,0,0,v
2014-05-31 21:42,6.784,0.004,0,0,0,0,v
2014-05-31 21:48,6.785,0.004,0,0,0,0,v
2014-05-31 21:54,6.774,0.006,0,0,0,0,v
2014-05-31 22:00,6.768,0.005,0,0,0,0,v
2014-05-31 22:06,6.772,0.005,0,0,0,0,v
2014-05-31 22:12,6.782,0.006,0,0,0,0,v
2014-05-31 22:18,6.732,0.007,0,0,0,0,v
2014-05-31 22:24,6.738,0.005,0,0,0,0,v
2014-05-31 22:30,6.745,0.005,0,0,0,0,v
2014-05-31 22:36,6.735,0.005,0,0,0,0,v
2014-05-31 22:42,6.732,0.005,0,0,0,0,v
2014-05-31 22:48,6.729,0.005,0,0,0,0,v
2014-05-31 22:54,6.723,0.006,0,0,0,0,v
2014-05-31 23:00,6.723,0.005,0,0,0,0,v
2014-05-31 23:06,6.709,0.004,0,0,0,0,v
2014-05-31 23:12,6.728,0.004,0,0,0,0,v
2014-05-31 23:18,6.696,0.007,0,0,0,0,v
2014-05-31 23:24,6.693,0.005,0,0,0,0,v
2014-05-31 23:30,6.681,0.005,0,0,0,0,v
2014-05-31 23:36,6.690,0.005,0,0,0,0,v
2014-05-31 23:42,6.659,0.004,0,0,0,0,v
2014-05-31 23:48,6.659,0.007,0,0,0,0,v
2014-05-31 23:54,6.628,0.004,0,0,0,0,v
2014-06-01 00:00,6.633,0.003,0,0,0,0,v
2014-06-01 00:06,6.629,0.006,0,0,0,0,v
2014-06-01 00:12,6.614,0.004,0,0,0,0,v
2014-06-01 00:18,6.604,0.005,0,0,0,0,v
2014-06-01 00:24,6.619,0.009,0,0,0,0,v
2014-06-01 00:30,6.655,0.005,0,0,0,0,v
2014-06-01 00:36,6.642,0.004,0,0,0,0,v
2014-06-01 00:42,6.620,0.007,0,0,0,0,v
2014-06-01 00:48,6.616,0.005,0,0,0,0,v
2014-06-01 00:54,6.623,0.005,0,0,0,0,v
2014-06-01 01:00,6.597,0.004,0,0,0,0,v
2014-06-01 01:06,6.606,0.005,0,0,0,0,v
2014-06-01 01:12,6.592,0.006,0,0,0,0,v
2014-06-01 01:18,6.578,0.005,0,0,0,0,v
2014-06-01 01:24,6.568,0.005,0,0,0,0,v
2014-06-01 01:30,6.571,0.005,0,0,0,0,v
2014-06-01 01:36,6.589,0.006,0,0,0,0,v
2014-06-01 01:42,6.578,0.006,0,0,0,0,v
2014-06-01 01:48,6.553,0.011,0,0,0,0,v
2014-06-01 01:54,6.516,0.005,0,0,0,0,v
2014-06-01 02:00,6.520,0.004,0,0,0,0,v
2014-06-01 02:06,6.505,0.008,0,0,0,0,v
2014-06-01 02:12,6.511,0.006,0,0,0,0,v
2014-06-01 02:18,6.482,0.005,0,0,0,0,v
2014-06-01 02:24,6.476,0.010,0,0,0,0,v
2014-06-01 02:30,6.460,0.005,0,0,0,0,v
2014-06-01 02:36,6.482,0.005,0,0,0,0,v
2014-06-01 02:42,6.469,0.006,0,0,0,0,v
2014-06-01 02:48,6.488,0.005,0,0,0,0,v
2014-06-01 02:54,6.471,0.004,0,0,0,0,v
2014-06-01 03:00,6.457,0.007,0,0,0,0,v
2014-06-01 03:06,6.443,0.007,0,0,0,0,v
2014-06-01 03:12,6.468,0.007,0,0,0,0,v
2014-06-01 03:18,6.456,0.006,0,0,0,0,v
2014-06-01 03:24,6.455,0.005,0,0,0,0,v
2014-06-01 03:30,6.442,0.006,0,0,0,0,v
2014-06-01 03:36,6.446,0.006,0,0,0,0,v
2014-06-01 03:42,6.430,0.005,0,0,0,0,v
2014-06-01 03:48,6.446,0.008,0,0,0,0,v
2014-06-01 03:54,6.433,0.005,0,0,0,0,v
2014-06-01 04:00,6.415,0.006,0,0,0,0,v
2014-06-01 04:06,6.417,0.006,0,0,0,0,v
2014-06-01 04:12,6.418,0.005,0,0,0,0,v
2014-06-01 04:18,6.444,0.007,0,0,0,0,v
2014-06-01 04:24,6.439,0.005,0,0,0,0,v
2014-06-01 04:30,6.458,0.007,0,0,0,0,v
2014-06-01 04:36,6.469,0.007,0,0,0,0,v
2014-06-01 04:42,6.488,0.005,0,0,0,0,v
2014-06-01 04:48,6.494,0.005,0,0,0,0,v
2014-06-01 04:54,6.467,0.006,0,0,0,0,v
2014-06-01 05:00,6.476,0.007,0,0,0,0,v
2014-06-01 05:06,6.451,0.008,0,0,0,0,v
2014-06-01 05:12,6.450,0.006,0,0,0,0,v
2014-06-01 05:18,6.452,0.007,0,0,0,0,v
2014-06-01 05:24,6.458,0.006,0,0,0,0,v
2014-06-01 05:30,6.471,0.006,0,0,0,0,v
2014-06-01 05:36,6.477,0.005,0,0,0,0,v
2014-06-01 05:42,6.471,0.006,0,0,0,0,v
2014-06-01 05:48,6.479,0.006,0,0,0,0,v
2014-06-01 05:54,6.495,0.008,0,0,0,0,v
2014-06-01 06:00,6.501,0.007,0,0,0,0,v
2014-06-01 06:06,6.519,0.006,0,0,0,0,v
2014-06-01 06:12,6.503,0.006,0,0,0,0,v
2014-06-01 06:18,6.506,0.007,0,0,0,0,v
2014-06-01 06:24,6.513,0.007,0,0,0,0,v
2014-06-01 06:30,6.521,0.008,0,0,0,0,v
2014-06-01 06:36,6.534,0.008,0,0,0,0,v
2014-06-01 06:42,6.535,0.006,0,0,0,0,v
2014-06-01 06:48,6.554,0.007,0,0,0,0,v
2014-06-01 06:54,6.561,0.008,0,0,0,0,v
2014-06-01 07:00,6.585,0.007,0,0,0,0,v
2014-06-01 07:06,6.574,0.008,0,0,0,0,v
2014-06-01 07:12,6.566,0.007,0,0,0,0,v
2014-06-01 07:18,6.569,0.007,0,0,0,0,v
2014-06-01 07:24,6.558,0.006,0,0,0,0,v
2014-06-01 07:30,6.586,0.007,0,0,0,0,v
2014-06-01 07:36,6.569,0.008,0,0,0,0,v
2014-06-01 07:42,6.610,0.008,0,0,0,0,v
2014-06-01 07:48,6.628,0.007,0,0,0,0,v
2014-06-01 07:54,6.644,0.006,0,0,0,0,v
2014-06-01 08:00,6.660,0.005,0,0,0,0,v
2014-06-01 08:06,6.671,0.006,0,0,0,0,v
2014-06-01 08:12,6.681,0.006,0,0,0,0,v
2014-06-01 08:18,6.722,0.007,0,0,0,0,v
2014-06-01 08:24,6.741,0.006,0,0,0,0,v
2014-06-01 08:30,6.747,0.009,0,0,0,0,v
2014-06-01 08:36,6.726,0.007,0,0,0,0,v
2014-06-01 08:42,6.728,0.006,0,0,0,0,v
2014-06-01 08:48,6.731,0.004,0,0,0,0,v
2014-06-01 08:54,6.724,0.004,0,0,0,0,v
2014-06-01 09:00,6.710,0.007,0,0,0,0,v
2014-06-01 09:06,6.747,0.005,0,0,0,0,v
2014-06-01 09:12,6.737,0.005,0,0,0,0,v
2014-06-01 09:18,6.735,0.005,0,0,0,0,v
2014-06-01 09:24,6.753,0.008,0,0,0,0,v
2014-06-01 09:30,6.787,0.006,0,0,0,0,v
2014-06-01 09:36,6.801,0.007,0,0,0,0,v
2014-06-01 09:42,6.801,0.005,0,0,0,0,v
2014-06-01 09:48,6.821,0.006,0,0,0,0,v
2014-06-01 09:54,6.820,0.006,0,0,0,0,v
2014-06-01 10:00,6.832,0.005,0,0,0,0,v
2014-06-01 10:06,6.835,0.005,0,0,0,0,v
2014-06-01 10:12,6.834,0.006,0,0,0,0,v
2014-06-01 10:18,6.851,0.008,0,0,0,0,v
2014-06-01 10:24,6.868,0.007,0,0,0,0,v
2014-06-01 10:30,6.863,0.005,0,0,0,0,v
2014-06-01 10:36,6.877,0.007,0,0,0,0,v
2014-06-01 10:42,6.884,0.006,0,0,0,0,v
2014-06-01 10:48,6.899,0.006,0,0,0,0,v
2014-06-01 10:54,6.874,0.006,0,0,0,0,v
2014-06-01 11:00,6.873,0.006,0,0,0,0,v
2014-06-01 11:06,6.903,0.005,0,0,0,0,v
2014-06-01 11:12,6.914,0.005,0,0,0,0,v
2014-06-01 11:18,6.937,0.006,0,0,0,0,v
2014-06-01 11:24,6.964,0.007,0,0,0,0,v
2014-06-01 11:30,6.962,0.005,0,0,0,0,v
2014-06-01 11:36,6.953,0.005,0,0,0,0,v
2014-06-01 11:42,6.959,0.005,0,0,0,0,v
2014-06-01 11:48,6.951,0.006,0,0,0,0,v
2014-06-01 11:54,6.973,0.006,0,0,0,0,v
2014-06-01 12:00,6.991,0.005,0,0,0,0,v
2014-06-01 12:06,6.990,0.007,0,0,0,0,v
2014-06-01 12:12,6.995,0.004,0,0,0,0,v
2014-06-01 12:18,6.989,0.005,0,0,0,0,v
2014-06-01 12:24,6.981,0.005,0,0,0,0,v
2014-06-01 12:30,6.965,0.005,0,0,0,0,v
2014-06-01 12:36,6.966,0.005,0,0,0,0,v
2014-06-01 12:42,6.987,0.005,0,0,0,0,v
2014-06-01 12:48,7.006,0.004,0,0,0,0,v
2014-06-01 12:54,6.992,0.004,0,0,0,0,v
2014-06-01 13:00,6.998,0.004,0,0,0,0,v
2014-06-01 13:06,6.991,0.005,0,0,0,0,v
2014-06-01 13:12,6.978,0.005,0,0,0,0,v
2014-06-01 13:18,6.976,0.004,0,0,0,0,v
2014-06-01 13:24,6.996,0.004,0,0,0,0,v
2014-06-01 13:30,6.994,0.006,0,0,0,0,v
2014-06-01 13:36,6.967,0.005,0,0,0,0,v
2014-06-01 13:42,6.965,0.008,0,0,0,0,v
2014-06-01 13:48,6.944,0.004,0,0,0,0,v
2014-06-01 13:54,6.946,0.004,0,0,0,0,v
2014-06-01 14:00,6.952,0.004,0,0,0,0,v
2014-06-01 14:06,6.944,0.005,0,0,0,0,v
2014-06-01 14:12,6.948,0.004,0,0,0,0,v
2014-06-01 14:18,6.963,0.005,0,0,0,0,v
2014-06-01 14:24,6.956,0.004,0,0,0,0,v
2014-06-01 14:30,6.960,0.005,0,0,0,0,v
2014-06-01 14:36,6.972,0.004,0,0,0,0,v
2014-06-01 14:42,6.975,0.006,0,0,0,0,v
2014-06-01 14:48,6.983,0.005,0,0,0,0,v
2014-06-01 14:54,6.964,0.005,0,0,0,0,v
2014-06-01 15:00,6.943,0.004,0,0,0,0,v
2014-06-01 15:06,6.935,0.006,0,0,0,0,v
2014-06-01 15:12,6.944,0.004,0,0,0,0,v
2014-06-01 15:18,6.940,0.004,0,0,0,0,v
2014-06-01 15:24,6.938,0.005,0,0,0,0,v
2014-06-01 15:30,6.932,0.004,0,0,0,0,v
2014-06-01 15:36,6.952,0.006,0,0,0,0,v
2014-06-01 15:42,6.955,0.005,0,0,0,0,v
2014-06-01 15:48,6.946,0.004,0,0,0,0,v
2014-06-01 15:54,6.949,0.005,0,0,0,0,v
2014-06-01 16:00,6.929,0.005,0,0,0,0,v
2014-06-01 16:06,6.943,0.004,0,0,0,0,v
2014-06-01 16:12,6.934,0.005,0,0,0,0,v
2014-06-01 16:18,6.937,0.005,0,0,0,0,v
2014-06-01 16:24,6.951,0.006,0,0,0,0,v
2014-06-01 16:30,6.955,0.005,0,0,0,0,v
2014-06-01 16:36,6.950,0.005,0,0,0,0,v
2014-06-01 16:42,6.947,0.004,0,0,0,0,v
2014-06-01 16:48,6.950,0.005,0,0,0,0,v
2014-06-01 16:54,6.967,0.006,0,0,0,0,v
2014-06-01 17:00,6.976,0.004,0,0,0,0,v
2014-06-01 17:06,6.994,0.006,0,0,0,0,v
2014-06-01 17:12,6.970,0.006,0,0,0,0,v
2014-06-01 17:18,6.960,0.005,0,0,0,0,v
2014-06-01 17:24,6.952,0.004,0,0,0,0,v
2014-06-01 17:30,6.946,0.005,0,0,0,0,v
2014-06-01 17:36,6.924,0.005,0,0,0,0,v
2014-06-01 17:42,6.930,0.005,0,0,0,0,v
2014-06-01 17:48,6.913,0.004,0,0,0,0,v
2014-06-01 17:54,6.917,0.006,0,0,0,0,v
2014-06-01 18:00,6.903,0.005,0,0,0,0,v
2014-06-01 18:06,6.899,0.007,0,0,0,0,v
2014-06-01 18:12,6.879,0.004,0,0,0,0,v
2014-06-01 18:18,6.881,0.004,0,0,0,0,v
2014-06-01 18:24,6.877,0.006,0,0,0,0,v
2014-06-01 18:30,6.892,0.005,0,0,0,0,v
2014-06-01 18:36,6.898,0.005,0,0,0,0,v
2014-06-01 18:42,6.895,0.004,0,0,0,0,v
2014-06-01 18:48,6.905,0.004,0,0,0,0,v
2014-06-01 18:54,6.890,0.005,0,0,0,0,v
2014-06-01 19:00,6.878,0.003,0,0,0,0,v
2014-06-01 19:06,6.904,0.007,0,0,0,0,v
2014-06-01 19:12,6.890,0.009,0,0,0,0,v
2014-06-01 19:18,6.857,0.005,0,0,0,0,v
2014-06-01 19:24,6.848,0.005,0,0,0,0,v
2014-06-01 19:30,6.815,0.004,0,0,0,0,v
2014-06-01 19:36,6.832,0.006,0,0,0,0,v
2014-06-01 19:42,6.852,0.005,0,0,0,0,v
2014-06-01 19:48,6.858,0.005,0,0,0,0,v
2014-06-01 19:54,6.840,0.005,0,0,0,0,v
2014-06-01 20:00,6.829,0.004,0,0,0,0,v
2014-06-01 20:06,6.843,0.004,0,0,0,0,v
2014-06-01 20:12,6.843,0.004,0,0,0,0,v
2014-06-01 20:18,6.848,0.004,0,0,0,0,v
2014-06-01 20:24,6.851,0.004,0,0,0,0,v
2014-06-01 20:30,6.853,0.004,0,0,0,0,v
2014-06-01 20:36,6.832,0.005,0,0,0,0,v
2014-06-01 20:42,6.859,0.004,0,0,0,0,v
2014-06-01 20:48,6.871,0.006,0,0,0,0,v
2014-06-01 20:54,6.881,0.005,0,0,0,0,v
2014-06-01 21:00,6.872,0.004,0,0,0,0,v
2014-06-01 21:06,6.875,0.005,0,0,0,0,v
2014-06-01 21:12,6.841,0.003,0,0,0,0,v
2014-06-01 21:18,6.858,0.004,0,0,0,0,v
2014-06-01 21:24,6.837,0.005,0,0,0,0,v
2014-06-01 21:30,6.844,0.004,0,0,0,0,v
2014-06-01 21:36,6.837,0.004,0,0,0,0,v
2014-06-01 21:42,6.846,0.004,0,0,0,0,v
2014-06-01 21:48,6.842,0.004,0,0,0,0,v
2014-06-01 21:54,6.854,0.004,0,0,0,0,v
2014-06-01 22:00,6.871,0.006,0,0,0,0,v
2014-06-01 22:06,6.875,0.005,0,0,0,0,v
2014-06-01 22:12,6.861,0.005,0,0,0,0,v
2014-06-01 22:18,6.862,0.005,0,0,0,0,v
2014-06-01 22:24,6.848,0.004,0,0,0,0,v
2014-06-01 22:30,6.846,0.004,0,0,0,0,v
2014-06-01 22:36,6.853,0.006,0,0,0,0,v
2014-06-01 22:42,6.826,0.005,0,0,0,0,v
2014-06-01 22:48,6.815,0.004,0,0,0,0,v
2014-06-01 22:54,6.809,0.004,0,0,0,0,v
2014-06-01 23:00,6.817,0.005,0,0,0,0,v
2014-06-01 23:06,6.803,0.005,0,0,0,0,v
2014-06-01 23:12,6.809,0.004,0,0,0,0,v
2014-06-01 23:18,6.799,0.005,0,0,0,0,v
2014-06-01 23:24,6.809,0.005,0,0,0,0,v
2014-06-01 23:30,6.821,0.005,0,0,0,0,v
2014-06-01 23:36,6.820,0.004,0,0,0,0,v
2014-06-01 23:42,6.813,0.004,0,0,0,0,v
2014-06-01 23:48,6.803,0.006,0,0,0,0,v
2014-06-01 23:54,6.805,0.006,0,0,0,0,v
2014-06-02 00:00,6.789,0.005,0,0,0,0,v
2014-06-02 00:06,6.781,0.005,0,0,0,0,v
2014-06-02 00:12,6.769,0.005,0,0,0,0,v
2014-06-02 00:18,6.767,0.004,0,0,0,0,v
2014-06-02 00:24,6.742,0.004,0,0,0,0,v
2014-06-02 00:30,6.748,0.004,0,0,0,0,v
2014-06-02 00:36,6.745,0.004,0,0,0,0,v
2014-06-02 00:42,6.728,0.005,0,0,0,0,v
2014-06-02 00:48,6.718,0.005,0,0,0,0,v
2014-06-02 00:54,6.711,0.006,0,0,0,0,v
2014-06-02 01:00,6.726,0.006,0,0,0,0,v
2014-06-02 01:06,6.717,0.005,0,0,0,0,v
2014-06-02 01:12,6.734,0.004,0,0,0,0,v
2014-06-02 01:18,6.710,0.006,0,0,0,0,v
2014-06-02 01:24,6.704,0.005,0,0,0,0,v
2014-06-02 01:30,6.704,0.006,0,0,0,0,v
2014-06-02 01:36,6.699,0.005,0,0,0,0,v
2014-06-02 01:42,6.687,0.005,0,0,0,0,v
2014-06-02 01:48,6.675,0.006,0,0,0,0,v
2014-06-02 01:54,6.679,0.006,0,0,0,0,v
2014-06-02 02:00,6.668,0.004,0,0,0,0,v
2014-06-02 02:06,6.669,0.005,0,0,0,0,v
2014-06-02 02:12,6.662,0.005,0,0,0,0,v
2014-06-02 02:18,6.668,0.006,0,0,0,0,v
2014-06-02 02:24,6.650,0.005,0,0,0,0,v
2014-06-02 02:30,6.649,0.004,0,0,0,0,v
2014-06-02 02:36,6.631,0.007,0,0,0,0,v
2014-06-02 02:42,6.622,0.004,0,0,0,0,v
2014-06-02 02:48,6.616,0.005,0,0,0,0,v
2014-06-02 02:54,6.603,0.005,0,0,0,0,v
2014-06-02 03:00,6.600,0.005,0,0,0,0,v
2014-06-02 03:06,6.610,0.004,0,0,0,0,v
2014-06-02 03:12,6.611,0.007,0,0,0,0,v
2014-06-02 03:18,6.595,0.005,0,0,0,0,v
2014-06-02 03:24,6.597,0.004,0,0,0,0,v
2014-06-02 03:30,6.597,0.005,0,0,0,0,v
2014-06-02 03:36,6.571,0.011,0,0,0,0,v
2014-06-02 03:42,6.569,0.004,0,0,0,0,v
2014-06-02 03:48,6.568,0.006,0,0,0,0,v
2014-06-02 03:54,6.584,0.006,0,0,0,0,v
2014-06-02 04:00,6.572,0.006,0,0,0,0,v
2014-06-02 04:06,6.568,0.005,0,0,0,0,v
2014-06-02 04:12,6.564,0.005,0,0,0,0,v
2014-06-02 04:18,6.591,0.005,0,0,0,0,v
2014-06-02 04:24,6.565,0.005,0,0,0,0,v
2014-06-02 04:30,6.555,0.007,0,0,0,0,v
2014-06-02 04:36,6.571,0.007,0,0,0,0,v
2014-06-02 04:42,6.564,0.004,0,0,0,0,v
2014-06-02 04:48,6.558,0.005,0,0,0,0,v
2014-06-02 04:54,6.564,0.007,0,0,0,0,v
2014-06-02 05:00,6.575,0.008,0,0,0,0,v
2014-06-02 05:06,6.563,0.005,0,0,0,0,v
2014-06-02 05:12,6.588,0.004,0,0,0,0,v
2014-06-02 05:18,6.572,0.006,0,0,0,0,v
2014-06-02 05:24,6.574,0.004,0,0,0,0,v
2014-06-02 05:30,6.566,0.005,0,0,0,0,v
2014-06-02 05:36,6.572,0.006,0,0,0,0,v
2014-06-02 05:42,6.574,0.006,0,0,0,0,v
2014-06-02 05:48,6.587,0.004,0,0,0,0,v
2014-06-02 05:54,6.585,0.005,0,0,0,0,v
2014-06-02 06:00,6.577,0.005,0,0,0,0,v
2014-06-02 06:06,6.585,0.005,0,0,0,0,v
2014-06-02 06:12,6.594,0.006,0,0,0,0,v
2014-06-02 06:18,6.564,0.006,0,0,0,0,v
2014-06-02 06:24,6.567,0.007,0,0,0,0,v
2014-06-02 06:30,6.573,0.007,0,0,0,0,v
2014-06-02 06:36,6.580,0.004,0,0,0,0,v
2014-06-02 06:42,6.586,0.006,0,0,0,0,v
2014-06-02 06:48,6.614,0.006,0,0,0,0,v
2014-06-02 06:54,6.623,0.004,0,0,0,0,v
2014-06-02 07:00,6.622,0.005,0,0,0,0,v
2014-06-02 07:06,6.640,0.004,0,0,0,0,v
2014-06-02 07:12,6.642,0.005,0,0,0,0,v
2014-06-02 07:18,6.650,0.008,0,0,0,0,v
2014-06-02 07:24,6.657,0.007,0,0,0,0,v
2014-06-02 07:30,6.667,0.006,0,0,0,0,v
2014-06-02 07:36,6.674,0.009,0,0,0,0,v
2014-06-02 07:42,6.667,0.007,0,0,0,0,v
2014-06-02 07:48,6.673,0.006,0,0,0,0,v
2014-06-02 07:54,6.677,0.005,0,0,0,0,v
2014-06-02 08:00,6.685,0.004,0,0,0,0,v
2014-06-02 08:06,6.703,0.004,0,0,0,0,v
2014-06-02 08:12,6.699,0.005,0,0,0,0,v
2014-06-02 08:18,6.702,0.006,0,0,0,0,v
2014-06-02 08:24,6.729,0.007,0,0,0,0,v
2014-06-02 08:30,6.732,0.008,0,0,0,0,v
2014-06-02 08:36,6.732,0.006,0,0,0,0,v
2014-06-02 08:42,6.732,0.007,0,0,0,0,v
2014-06-02 08:48,6.745,0.005,0,0,0,0,v
2014-06-02 08:54,6.745,0.007,0,0,0,0,v
2014-06-02 09:00,6.745,0.004,0,0,0,0,v
2014-06-02 09:06,6.737,0.006,0,0,0,0,v
2014-06-02 09:12,6.762,0.007,0,0,0,0,v
2014-06-02 09:18,6.764,0.007,0,0,0,0,v
2014-06-02 09:24,6.768,0.009,0,0,0,0,v
2014-06-02 09:30,6.793,0.006,0,0,0,0,v
2014-06-02 09:36,6.802,0.008,0,0,0,0,v
2014-06-02 09:42,6.814,0.006,0,0,0,0,v
2014-06-02 09:48,6.829,0.007,0,0,0,0,v
2014-06-02 09:54,6.849,0.006,0,0,0,0,v
2014-06-02 10:00,6.849,0.006,0,0,0,0,v
2014-06-02 10:06,6.857,0.005,0,0,0,0,v
2014-06-02 10:12,6.850,0.005,0,0,0,0,v
2014-06-02 10:18,6.871,0.006,0,0,0,0,v
2014-06-02 10:24,6.883,0.004,0,0,0,0,v
2014-06-02 10:30,6.881,0.007,0,0,0,0,v
2014-06-02 10:36,6.897,0.006,0,0,0,0,v
2014-06-02 10:42,6.900,0.008,0,0,0,0,v
2014-06-02 10:48,6.917,0.005,0,0,0,0,v
2014-06-02 10:54,6.924,0.006,0,0,0,0,v
2014-06-02 11:00,6.941,0.005,0,0,0,0,v
2014-06-02 11:06,6.959,0.005,0,0,0,0,v
2014-06-02 11:12,6.957,0.006,0,0,0,0,v
2014-06-02 11:18,6.966,0.006,0,0,0,0,v
2014-06-02 11:24,6.975,0.006,0,0,0,0,v
2014-06-02 11:30,6.973,0.006,0,0,0,0,v
2014-06-02 11:36,6.972,0.005,0,0,0,0,v
2014-06-02 11:42,6.974,0.005,0,0,0,0,v
2014-06-02 11:48,6.962,0.005,0,0,0,0,v
2014-06-02 11:54,6.972,0.004,0,0,0,0,v
2014-06-02 12:00,6.975,0.005,0,0,0,0,v
2014-06-02 12:06,6.971,0.006,0,0,0,0,v
2014-06-02 12:12,6.959,0.005,0,0,0,0,v
2014-06-02 12:18,6.972,0.005,0,0,0,0,v
2014-06-02 12:24,6.982,0.006,0,0,0,0,v
2014-06-02 12:30,6.999,0.004,0,0,0,0,v
2014-06-02 12:36,6.988,0.004,0,0,0,0,v
2014-06-02 12:42,6.991,0.005,0,0,0,0,v
2014-06-02 12:48,6.999,0.004,0,0,0,0,v
2014-06-02 12:54,7.002,0.005,0,0,0,0,v
2014-06-02 13:00,7.007,0.004,0,0,0,0,v
2014-06-02 13:06,7.004,0.005,0,0,0,0,v
2014-06-02 13:12,6.998,0.005,0,0,0,0,v
2014-06-02 13:18,6.988,0.004,0,0,0,0,v
2014-06-02 13:24,6.985,0.005,0,0,0,0,v
2014-06-02 13:30,7.008,0.004,0,0,0,0,v
2014-06-02 13:36,7.019,0.004,0,0,0,0,v
2014-06-02 13:42,7.017,0.005,0,0,0,0,v
2014-06-02 13:48,7.028,0.005,0,0,0,0,v
2014-06-02 13:54,7.040,0.003,0,0,0,0,v
2014-06-02 14:00,7.032,0.005,0,0,0,0,v
2014-06-02 14:06,7.044,0.006,0,0,0,0,v
2014-06-02 14:12,7.047,0.005,0,0,0,0,v
2014-06-02 14:18,7.055,0.004,0,0,0,0,v
2014-06-02 14:24,7.049,0.005,0,0,0,0,v
2014-06-02 14:30,7.044,0.006,0,0,0,0,v
2014-06-02 14:36,7.046,0.005,0,0,0,0,v
2014-06-02 14:42,7.050,0.004,0,0,0,0,v
2014-06-02 14:48,7.033,0.005,0,0,0,0,v
2014-06-02 14:54,7.039,0.005,0,0,0,0,v
2014-06-02 15:00,7.028,0.005,0,0,0,0,v
2014-06-02 15:06,7.037,0.006,0,0,0,0,v
2014-06-02 15:12,7.035,0.005,0,0,0,0,v
2014-06-02 15:18,7.031,0.005,0,0,0,0,v
2014-06-02 15:24,7.033,0.004,0,0,0,0,v
2014-06-02 15:30,7.014,0.005,0,0,0,0,v
2014-06-02 15:36,7.010,0.005,0,0,0,0,v
2014-06-02 15:42,7.006,0.005,0,0,0,0,v
2014-06-02 15:48,7.008,0.005,0,0,0,0,v
2014-06-02 15:54,7.001,0.005,0,0,0,0,v
2014-06-02 16:00,7.003,0.004,0,0,0,0,v
2014-06-02 16:06,6.987,0.005,0,0,0,0,v
2014-06-02 16:12,6.984,0.004,0,0,0,0,v
2014-06-02 16:18,6.988,0.004,0,0,0,0,v
2014-06-02 16:24,6.982,0.004,0,0,0,0,v
2014-06-02 16:30,6.975,0.005,0,0,0,0,v
2014-06-02 16:36,6.990,0.005,0,0,0,0,v
2014-06-02 16:42,6.994,0.005,0,0,0,0,v
2014-06-02 16:48,6.978,0.004,0,0,0,0,v
2014-06-02 16:54,6.957,0.004,0,0,0,0,v
2014-06-02 17:00,6.954,0.004,0,0,0,0,v
2014-06-02 17:06,6.961,0.006,0,0,0,0,v
2014-06-02 17:12,6.964,0.004,0,0,0,0,v
2014-06-02 17:18,6.956,0.004,0,0,0,0,v
2014-06-02 17:24,6.943,0.006,0,0,0,0,v
2014-06-02 17:30,6.941,0.004,0,0,0,0,v
2014-06-02 17:36,6.941,0.005,0,0,0,0,v
2014-06-02 17:42,6.945,0.004,0,0,0,0,v
2014-06-02 17:48,6.946,0.005,0,0,0,0,v
2014-06-02 17:54,6.967,0.005,0,0,0,0,v
2014-06-02 18:00,6.960,0.005,0,0,0,0,v
2014-06-02 18:06,6.956,0.005,0,0,0,0,v
2014-06-02 18:12,6.958,0.004,0,0,0,0,v
2014-06-02 18:18,6.963,0.005,0,0,0,0,v
2014-06-02 18:24,6.934,0.004,0,0,0,0,v
2014-06-02 18:30,6.931,0.004,0,0,0,0,v
2014-06-02 18:36,6.936,0.005,0,0,0,0,v
2014-06-02 18:42,6.942,0.005,0,0,0,0,v
2014-06-02 18:48,6.931,0.006,0,0,0,0,v
2014-06-02 18:54,6.918,0.005,0,0,0,0,v
2014-06-02 19:00,6.911,0.005,0,0,0,0,v
2014-06-02 19:06,6.906,0.007,0,0,0,0,v
2014-06-02 19:12,6.909,0.004,0,0,0,0,v
2014-06-02 19:18,6.922,0.004,0,0,0,0,v
2014-06-02 19:24,6.931,0.004,0,0,0,0,v
2014-06-02 19:30,6.911,0.007,0,0,0,0,v
2014-06-02 19:36,6.900,0.006,0,0,0,0,v
2014-06-02 19:42,6.894,0.006,0,0,0,0,v
2014-06-02 19:48,6.890,0.004,0,0,0,0,v
2014-06-02 19:54,6.878,0.004,0,0,0,0,v
2014-06-02 20:00,6.884,0.005,0,0,0,0,v
2014-06-02 20:06,6.877,0.005,0,0,0,0,v
2014-06-02 20:12,6.891,0.005,0,0,0,0,v
2014-06-02 20:18,6.886,0.006,0,0,0,0,v
2014-06-02 20:24,6.875,0.005,0,0,0,0,v
2014-06-02 20:30,6.886,0.006,0,0,0,0,v
2014-06-02 20:36,6.887,0.004,0,0,0,0,v
2014-06-02 20:42,6.876,0.005,0,0,0,0,v
2014-06-02 20:48,6.885,0.006,0,0,0,0,v
2014-06-02 20:54,6.885,0.004,0,0,0,0,v
2014-06-02 21:00,6.892,0.004,0,0,0,0,v
2014-06-02 21:06,6.885,0.005,0,0,0,0,v
2014-06-02 21:12,6.869,0.005,0,0,0,0,v
2014-06-02 21:18,6.873,0.007,0,0,0,0,v
2014-06-02 21:24,6.867,0.007,0,0,0,0,v
2014-06-02 21:30,6.870,0.004,0,0,0,0,v
2014-06-02 21:36,6.887,0.009,0,0,0,0,v
2014-06-02 21:42,6.880,0.006,0,0,0,0,v
2014-06-02 21:48,6.878,0.006,0,0,0,0,v
2014-06-02 21:54,6.881,0.005,0,0,0,0,v
2014-06-02 22:00,6.872,0.006,0,0,0,0,v
2014-06-02 22:06,6.876,0.005,0,0,0,0,v
2014-06-02 22:12,6.864,0.005,0,0,0,0,v
2014-06-02 22:18,6.869,0.006,0,0,0,0,v
2014-06-02 22:24,6.873,0.004,0,0,0,0,v
2014-06-02 22:30,6.887,0.005,0,0,0,0,v
2014-06-02 22:36,6.887,0.007,0,0,0,0,v
2014-06-02 22:42,6.875,0.006,0,0,0,0,v
2014-06-02 22:48,6.880,0.008,0,0,0,0,v
2014-06-02 22:54,6.867,0.006,0,0,0,0,v
2014-06-02 23:00,6.871,0.008,0,0,0,0,v
2014-06-02 23:06,6.862,0.007,0,0,0,0,v
2014-06-02 23:12,6.848,0.007,0,0,0,0,v
2014-06-02 23:18,6.834,0.005,0,0,0,0,v
2014-06-02 23:24,6.847,0.007,0,0,0,0,v
2014-06-02 23:30,6.845,0.007,0,0,0,0,v
2014-06-02 23:36,6.831,0.007,0,0,0,0,v
2014-06-02 23:42,6.850,0.007,0,0,0,0,v
2014-06-02 23:48,6.825,0.008,0,0,0,0,v
2014-06-02 23:54,6.816,0.005,0,0,0,0,v
2014-06-03 00:00,6.826,0.008,0,0,0,0,v
2014-06-03 00:06,6.840,0.006,0,0,0,0,v
2014-06-03 00:12,6.836,0.005,0,0,0,0,v
2014-06-03 00:18,6.824,0.006,0,0,0,0,v
2014-06-03 00:24,6.824,0.006,0,0,0,0,v
2014-06-03 00:30,6.813,0.007,0,0,0,0,v
2014-06-03 00:36,6.820,0.006,0,0,0,0,v
2014-06-03 00:42,6.804,0.007,0,0,0,0,v
2014-06-03 00:48,6.805,0.009,0,0,0,0,v
2014-06-03 00:54,6.792,0.007,0,0,0,0,v
2014-06-03 01:00,6.799,0.005,0,0,0,0,v
2014-06-03 01:06,6.789,0.007,0,0,0,0,v
2014-06-03 01:12,6.784,0.007,0,0,0,0,v
2014-06-03 01:18,6.777,0.007,0,0,0,0,v
2014-06-03 01:24,6.786,0.007,0,0,0,0,v
2014-06-03 01:30,6.789,0.007,0,0,0,0,v
2014-06-03 01:36,6.796,0.007,0,0,0,0,v
2014-06-03 01:42,6.794,0.007,0,0,0,0,v
2014-06-03 01:48,6.786,0.006,0,0,0,0,v
2014-06-03 01:54,6.778,0.005,0,0,0,0,v
2014-06-03 02:00,6.783,0.007,0,0,0,0,v
2014-06-03 02:06,6.756,0.008,0,0,0,0,v
2014-06-03 02:12,6.744,0.006,0,0,0,0,v
2014-06-03 02:18,6.726,0.006,0,0,0,0,v
2014-06-03 02:24,6.726,0.006,0,0,0,0,v
2014-06-03 02:30,6.733,0.007,0,0,0,0,v
2014-06-03 02:36,6.729,0.008,0,0,0,0,v
2014-06-03 02:42,6.729,0.006,0,0,0,0,v
2014-06-03 02:48,6.720,0.006,0,0,0,0,v
2014-06-03 02:54,6.715,0.006,0,0,0,0,v
2014-06-03 03:00,6.704,0.007,0,0,0,0,v
2014-06-03 03:06,6.684,0.006,0,0,0,0,v
2014-06-03 03:12,6.688,0.006,0,0,0,0,v
2014-06-03 03:18,6.699,0.006,0,0,0,0,v
2014-06-03 03:24,6.683,0.010,0,0,0,0,v
2014-06-03 03:30,6.671,0.006,0,0,0,0,v
2014-06-03 03:36,6.661,0.008,0,0,0,0,v
2014-06-03 03:42,6.647,0.009,0,0,0,0,v
2014-06-03 03:48,6.654,0.008,0,0,0,0,v
2014-06-03 03:54,6.677,0.007,0,0,0,0,v
2014-06-03 04:00,6.664,0.008,0,0,0,0,v
2014-06-03 04:06,6.651,0.007,0,0,0,0,v
2014-06-03 04:12,6.635,0.006,0,0,0,0,v
2014-06-03 04:18,6.635,0.005,0,0,0,0,v
2014-06-03 04:24,6.620,0.008,0,0,0,0,v
2014-06-03 04:30,6.628,0.007,0,0,0,0,v
2014-06-03 04:36,6.631,0.005,0,0,0,0,v
2014-06-03 04:42,6.611,0.008,0,0,0,0,v
2014-06-03 04:48,6.638,0.005,0,0,0,0,v
2014-06-03 04:54,6.637,0.007,0,0,0,0,v
2014-06-03 05:00,6.640,0.010,0,0,0,0,v
2014-06-03 05:06,6.637,0.009,0,0,0,0,v
2014-06-03 05:12,6.626,0.009,0,0,0,0,v
2014-06-03 05:18,6.624,0.007,0,0,0,0,v
2014-06-03 05:24,6.624,0.009,0,0,0,0,v
2014-06-03 05:30,6.647,0.006,0,0,0,0,v
2014-06-03 05:36,6.644,0.007,0,0,0,0,v
2014-06-03 05:42,6.639,0.006,0,0,0,0,v
2014-06-03 05:48,6.617,0.006,0,0,0,0,v
2014-06-03 05:54,6.612,0.007,0,0,0,0,v
2014-06-03 06:00,6.631,0.008,0,0,0,0,v
2014-06-03 06:06,6.612,0.011,0,0,0,0,v
2014-06-03 06:12,6.616,0.007,0,0,0,0,v
2014-06-03 06:18,6.629,0.008,0,0,0,0,v
2014-06-03 06:24,6.631,0.007,0,0,0,0,v
2014-06-03 06:30,6.652,0.006,0,0,0,0,v
2014-06-03 06:36,6.651,0.007,0,0,0,0,v
2014-06-03 06:42,6.660,0.007,0,0,0,0,v
2014-06-03 06:48,6.667,0.009,0,0,0,0,v
2014-06-03 06:54,6.664,0.007,0,0,0,0,v
2014-06-03 07:00,6.659,0.008,0,0,0,0,v
2014-06-03 07:06,6.677,0.007,0,0,0,0,v
2014-06-03 07:12,6.691,0.006,0,0,0,0,v
2014-06-03 07:18,6.697,0.008,0,0,0,0,v
2014-06-03 07:24,6.701,0.007,0,0,0,0,v
2014-06-03 07:30,6.697,0.007,0,0,0,0,v
2014-06-03 07:36,6.708,0.007,0,0,0,0,v
2014-06-03 07:42,6.702,0.009,0,0,0,0,v
2014-06-03 07:48,6.705,0.006,0,0,0,0,v
2014-06-03 07:54,6.702,0.007,0,0,0,0,v
2014-06-03 08:00,6.706,0.008,0,0,0,0,v
2014-06-03 08:06,6.689,0.008,0,0,0,0,v
2014-06-03 08:12,6.701,0.011,0,0,0,0,v
2014-06-03 08:18,6.705,0.009,0,0,0,0,v
2014-06-03 08:24,6.715,0.007,0,0,0,0,v
2014-06-03 08:30,6.734,0.009,0,0,0,0,v
2014-06-03 08:36,6.739,0.008,0,0,0,0,v
2014-06-03 08:42,6.732,0.007,0,0,0,0,v
2014-06-03 08:48,6.739,0.006,0,0,0,0,v
2014-06-03 08:54,6.733,0.008,0,0,0,0,v
2014-06-03 09:00,6.729,0.008,0,0,0,0,v
2014-06-03 09:06,6.739,0.010,0,0,0,0,v
2014-06-03 09:12,6.756,0.007,0,0,0,0,v
2014-06-03 09:18,6.756,0.007,0,0,0,0,v
2014-06-03 09:24,6.781,0.008,0,0,0,0,v
2014-06-03 09:30,6.784,0.007,0,0,0,0,v
2014-06-03 09:36,6.784,0.010,0,0,0,0,v
2014-06-03 09:42,6.790,0.009,0,0,0,0,v
2014-06-03 09:48,6.785,0.009,0,0,0,0,v
2014-06-03 09:54,6.804,0.013,0,0,0,0,v
2014-06-03 10:00,6.826,0.007,0,0,0,0,v
2014-06-03 10:06,6.836,0.009,0,0,0,0,v
2014-06-03 10:12,6.866,0.008,0,0,0,0,v
2014-06-03 10:18,6.850,0.009,0,0,0,0,v
2014-06-03 10:24,6.849,0.010,0,0,0,0,v
2014-06-03 10:30,6.856,0.007,0,0,0,0,v
2014-06-03 10:36,6.885,0.007,0,0,0,0,v
2014-06-03 10:42,6.890,0.008,0,0,0,0,v
2014-06-03 10:48,6.888,0.008,0,0,0,0,v
2014-06-03 10:54,6.897,0.008,0,0,0,0,v
2014-06-03 11:00,6.899,0.011,0,0,0,0,v
2014-06-03 11:06,6.902,0.008,0,0,0,0,v
2014-06-03 11:12,6.909,0.008,0,0,0,0,v
2014-06-03 11:18,6.925,0.005,0,0,0,0,v
2014-06-03 11:24,6.923,0.008,0,0,0,0,v
2014-06-03 11:30,6.932,0.009,0,0,0,0,v
2014-06-03 11:36,6.942,0.009,0,0,0,0,v
2014-06-03 11:42,6.943,0.011,0,0,0,0,v
2014-06-03 11:48,6.947,0.011,0,0,0,0,v
2014-06-03 11:54,6.949,0.012,0,0,0,0,v
2014-06-03 12:00,6.959,0.009,0,0,0,0,v
2014-06-03 12:06,6.975,0.010,0,0,0,0,v
2014-06-03 12:12,6.990,0.008,0,0,0,0,v
2014-06-03 12:18,6.995,0.007,0,0,0,0,v
2014-06-03 12:24,6.983,0.013,0,0,0,0,v
2014-06-03 12:30,6.987,0.013,0,0,0,0,v
2014-06-03 12:36,6.983,0.011,0,0,0,0,v
2014-06-03 12:42,6.996,0.011,0,0,0,0,v
2014-06-03 12:48,6.998,0.012,0,0,0,0,v
2014-06-03 12:54,7.014,0.012,0,0,0,0,v
2014-06-03 13:00,7.007,0.012,0,0,0,0,v
2014-06-03 13:06,7.017,0.009,0,0,0,0,v
2014-06-03 13:12,7.002,0.008,0,0,0,0,v
2014-06-03 13:18,7.005,0.011,0,0,0,0,v
2014-06-03 13:24,7.003,0.009,0,0,0,0,v
2014-06-03 13:30,6.997,0.013,0,0,0,0,v
2014-06-03 13:36,7.007,0.011,0,0,0,0,v
2014-06-03 13:42,7.019,0.012,0,0,0,0,v
2014-06-03 13:48,7.026,0.010,0,0,0,0,v
2014-06-03 13:54,7.033,0.008,0,0,0,0,v
2014-06-03 14:00,7.022,0.011,0,0,0,0,v
2014-06-03 14:06,7.022,0.009,0,0,0,0,v
2014-06-03 14:12,7.035,0.007,0,0,0,0,v
2014-06-03 14:18,7.035,0.010,0,0,0,0,v
2014-06-03 14:24,7.012,0.009,0,0,0,0,v
2014-06-03 14:30,7.007,0.011,0,0,0,0,v
2014-06-03 14:36,6.998,0.010,0,0,0,0,v
2014-06-03 14:42,6.992,0.009,0,0,0,0,v
2014-06-03 14:48,6.990,0.007,0,0,0,0,v
2014-06-03 14:54,6.980,0.012,0,0,0,0,v
2014-06-03 15:00,6.985,0.014,0,0,0,0,v
2014-06-03 15:06,6.981,0.008,0,0,0,0,v
2014-06-03 15:12,6.987,0.009,0,0,0,0,v
2014-06-03 15:18,6.990,0.010,0,0,0,0,v
2014-06-03 15:24,7.007,0.010,0,0,0,0,v
2014-06-03 15:30,6.995,0.008,0,0,0,0,v
2014-06-03 15:36,7.000,0.012,0,0,0,0,v
2014-06-03 15:42,7.008,0.007,0,0,0,0,v
2014-06-03 15:48,7.005,0.007,0,0,0,0,v
2014-06-03 15:54,6.996,0.010,0,0,0,0,v
2014-06-03 16:00,6.985,0.007,0,0,0,0,v
2014-06-03 16:06,6.992,0.016,0,0,0,0,v
2014-06-03 16:12,7.005,0.010,0,0,0,0,v
2014-06-03 16:18,6.979,0.012,0,0,0,0,v
2014-06-03 16:24,6.982,0.011,0,0,0,0,v
2014-06-03 16:30,6.979,0.011,0,0,0,0,v
2014-06-03 16:36,6.984,0.009,0,0,0,0,v
2014-06-03 16:42,6.985,0.009,0,0,0,0,v
2014-06-03 16:48,6.981,0.011,0,0,0,0,v
2014-06-03 16:54,7.000,0.011,0,0,0,0,v
2014-06-03 17:00,6.984,0.012,0,0,0,0,v
2014-06-03 17:06,6.981,0.012,0,0,0,0,v
2014-06-03 17:12,6.972,0.011,0,0,0,0,v
2014-06-03 17:18,6.973,0.010,0,0,0,0,v
2014-06-03 17:24,6.977,0.011,0,0,0,0,v
2014-06-03 17:30,6.983,0.009,0,0,0,0,v
2014-06-03 17:36,6.959,0.008,0,0,0,0,v
2014-06-03 17:42,6.963,0.011,0,0,0,0,v
2014-06-03 17:48,6.963,0.010,0,0,0,0,v
2014-06-03 17:54,6.947,0.012,0,0,0,0,v
2014-06-03 18:00,6.957,0.007,0,0,0,0,v
2014-06-03 18:06,6.944,0.015,0,0,0,0,v
2014-06-03 18:12,6.944,0.009,0,0,0,0,v
2014-06-03 18:18,6.941,0.012,0,0,0,0,v
2014-06-03 18:24,6.936,0.013,0,0,0,0,v
2014-06-03 18:30,6.947,0.009,0,0,0,0,v
2014-06-03 18:36,6.933,0.007,0,0,0,0,v
2014-06-03 18:42,6.938,0.011,0,0,0,0,v
2014-06-03 18:48,6.921,0.010,0,0,0,0,v
2014-06-03 18:54,6.923,0.014,0,0,0,0,v
2014-06-03 19:00,6.929,0.011,0,0,0,0,v
2014-06-03 19:06,6.917,0.011,0,0,0,0,v
2014-06-03 19:12,6.914,0.010,0,0,0,0,v
2014-06-03 19:18,6.914,0.010,0,0,0,0,v
2014-06-03 19:24,6.894,0.008,0,0,0,0,v
2014-06-03 19:30,6.887,0.008,0,0,0,0,v
2014-06-03 19:36,6.893,0.008,0,0,0,0,v
2014-06-03 19:42,6.895,0.019,0,0,0,0,v
2014-06-03 19:48,6.892,0.007,0,0,0,0,v
2014-06-03 19:54,6.899,0.009,0,0,0,0,v
2014-06-03 20:00,6.890,0.007,0,0,0,0,v
2014-06-03 20:06,6.885,0.010,0,0,0,0,v
2014-06-03 20:12,6.889,0.009,0,0,0,0,v
2014-06-03 20:18,6.892,0.007,0,0,0,0,v
2014-06-03 20:24,6.884,0.009,0,0,0,0,v
2014-06-03 20:30,6.891,0.009,0,0,0,0,v
2014-06-03 20:36,6.881,0.014,0,0,0,0,v
2014-06-03 20:42,6.884,0.007,0,0,0,0,v
2014-06-03 20:48,6.886,0.011,0,0,0,0,v
2014-06-03 20:54,6.878,0.012,0,0,0,0,v
2014-06-03 21:00,6.884,0.010,0,0,0,0,v
2014-06-03 21:06,6.883,0.009,0,0,0,0,v
2014-06-03 21:12,6.874,0.009,0,0,0,0,v
2014-06-03 21:18,6.874,0.011,0,0,0,0,v
2014-06-03 21:24,6.854,0.008,0,0,0,0,v
2014-06-03 21:30,6.864,0.011,0,0,0,0,v
2014-06-03 21:36,6.841,0.016,0,0,0,0,v
2014-06-03 21:42,6.861,0.011,0,0,0,0,v
2014-06-03 21:48,6.867,0.009,0,0,0,0,v
2014-06-03 21:54,6.876,0.010,0,0,0,0,v
2014-06-03 22:00,6.862,0.015,0,0,0,0,v
2014-06-03 22:06,6.849,0.011,0,0,0,0,v
2014-06-03 22:12,6.849,0.009,0,0,0,0,v
2014-06-03 22:18,6.853,0.010,0,0,0,0,v
2014-06-03 22:24,6.859,0.010,0,0,0,0,v
2014-06-03 22:30,6.844,0.010,0,0,0,0,v
2014-06-03 22:36,6.847,0.009,0,0,0,0,v
2014-06-03 22:42,6.858,0.010,0,0,0,0,v
2014-06-03 22:48,6.860,0.010,0,0,0,0,v
2014-06-03 22:54,6.848,0.010,0,0,0,0,v
2014-06-03 23:00,6.866,0.006,0,0,0,0,v
2014-06-03 23:06,6.853,0.008,0,0,0,0,v
2014-06-03 23:12,6.855,0.011,0,0,0,0,v
2014-06-03 23:18,6.856,0.006,0,0,0,0,v
2014-06-03 23:24,6.867,0.010,0,0,0,0,v
2014-06-03 23:30,6.862,0.008,0,0,0,0,v
2014-06-03 23:36,6.866,0.009,0,0,0,0,v
2014-06-03 23:42,6.861,0.011,0,0,0,0,v
2014-06-03 23:48,6.856,0.007,0,0,0,0,v
2014-06-03 23:54,6.840,0.012,0,0,0,0,v
2014-06-04 00:00,6.838,0.011,0,0,0,0,v
2014-06-04 00:06,6.854,0.012,0,0,0,0,v
2014-06-04 00:12,6.842,0.010,0,0,0,0,v
2014-06-04 00:18,6.851,0.011,0,0,0,0,v
2014-06-04 00:24,6.861,0.007,0,0,0,0,v
2014-06-04 00:30,6.854,0.008,0,0,0,0,v
2014-06-04 00:36,6.853,0.009,0,0,0,0,v
2014-06-04 00:42,6.841,0.009,0,0,0,0,v
2014-06-04 00:48,6.846,0.009,0,0,0,0,v
2014-06-04 00:54,6.833,0.009,0,0,0,0,v
2014-06-04 01:00,6.832,0.011,0,0,0,0,v
2014-06-04 01:06,6.823,0.011,0,0,0,0,v
2014-06-04 01:12,6.818,0.009,0,0,0,0,v
2014-06-04 01:18,6.808,0.007,0,0,0,0,v
2014-06-04 01:24,6.803,0.013,0,0,0,0,v
2014-06-04 01:30,6.800,0.010,0,0,0,0,v
2014-06-04 01:36,6.797,0.006,0,0,0,0,v
2014-06-04 01:42,6.786,0.008,0,0,0,0,v
2014-06-04 01:48,6.799,0.005,0,0,0,0,v
2014-06-04 01:54,6.788,0.009,0,0,0,0,v
2014-06-04 02:00,6.791,0.010,0,0,0,0,v
2014-06-04 02:06,6.793,0.007,0,0,0,0,v
2014-06-04 02:12,6.792,0.007,0,0,0,0,v
2014-06-04 02:18,6.774,0.010,0,0,0,0,v
2014-06-04 02:24,6.767,0.007,0,0,0,0,v
2014-06-04 02:30,6.763,0.006,0,0,0,0,v
2014-06-04 02:36,6.768,0.011,0,0,0,0,v
2014-06-04 02:42,6.760,0.010,0,0,0,0,v
2014-06-04 02:48,6.738,0.008,0,0,0,0,v
2014-06-04 02:54,6.730,0.010,0,0,0,0,v
2014-06-04 03:00,6.730,0.007,0,0,0,0,v
2014-06-04 03:06,6.731,0.006,0,0,0,0,v
2014-06-04 03:12,6.740,0.008,0,0,0,0,v
2014-06-04 03:18,6.740,0.008,0,0,0,0,v
2014-06-04 03:24,6.725,0.009,0,0,0,0,v
2014-06-04 03:30,6.718,0.014,0,0,0,0,v
2014-06-04 03:36,6.714,0.012,0,0,0,0,v
2014-06-04 03:42,6.705,0.013,0,0,0,0,v
2014-06-04 03:48,6.714,0.010,0,0,0,0,v
2014-06-04 03:54,6.718,0.012,0,0,0,0,v
2014-06-04 04:00,6.718,0.013,0,0,0,0,v
2014-06-04 04:06,6.729,0.013,0,0,0,0,v
2014-06-04 04:12,6.725,0.011,0,0,0,0,v
2014-06-04 04:18,6.710,0.016,0,0,0,0,v
2014-06-04 04:24,6.707,0.013,0,0,0,0,v
2014-06-04 04:30,6.703,0.019,0,0,0,0,v
2014-06-04 04:36,6.713,0.018,0,0,0,0,v
2014-06-04 04:42,6.728,0.019,0,0,0,0,v
2014-06-04 04:48,6.706,0.014,0,0,0,0,v
2014-06-04 04:54,6.698,0.014,0,0,0,0,v
2014-06-04 05:00,6.693,0.011,0,0,0,0,v
2014-06-04 05:06,6.693,0.013,0,0,0,0,v
2014-06-04 05:12,6.690,0.014,0,0,0,0,v
2014-06-04 05:18,6.679,0.014,0,0,0,0,v
2014-06-04 05:24,6.692,0.011,0,0,0,0,v
2014-06-04 05:30,6.687,0.017,0,0,0,0,v
2014-06-04 05:36,6.672,0.011,0,0,0,0,v
2014-06-04 05:42,6.682,0.017,0,0,0,0,v
2014-06-04 05:48,6.684,0.013,0,0,0,0,v
2014-06-04 05:54,6.681,0.011,0,0,0,0,v
2014-06-04 06:00,6.670,0.014,0,0,0,0,v
2014-06-04 06:06,6.660,0.012,0,0,0,0,v
2014-06-04 06:12,6.672,0.017,0,0,0,0,v
2014-06-04 06:18,6.671,0.015,0,0,0,0,v
2014-06-04 06:24,6.673,0.016,0,0,0,0,v
2014-06-04 06:30,6.672,0.012,0,0,0,0,v
2014-06-04 06:36,6.687,0.014,0,0,0,0,v
2014-06-04 06:42,6.692,0.015,0,0,0,0,v
2014-06-04 06:48,6.677,0.012,0,0,0,0,v
2014-06-04 06:54,6.681,0.018,0,0,0,0,v
2014-06-04 07:00,6.670,0.019,0,0,0,0,v
2014-06-04 07:06,6.678,0.017,0,0,0,0,v
2014-06-04 07:12,6.678,0.016,0,0,0,0,v
2014-06-04 07:18,6.695,0.012,0,0,0,0,v
2014-06-04 07:24,6.689,0.015,0,0,0,0,v
2014-06-04 07:30,6.677,0.013,0,0,0,0,v
2014-06-04 07:36,6.693,0.014,0,0,0,0,v
2014-06-04 07:42,6.687,0.012,0,0,0,0,v
2014-06-04 07:48,6.678,0.011,0,0,0,0,v
2014-06-04 07:54,6.678,0.011,0,0,0,0,v
2014-06-04 08:00,6.689,0.015,0,0,0,0,v
2014-06-04 08:06,6.700,0.013,0,0,0,0,v
2014-06-04 08:12,6.703,0.013,0,0,0,0,v
2014-06-04 08:18,6.695,0.010,0,0,0,0,v
2014-06-04 08:24,6.696,0.011,0,0,0,0,v
2014-06-04 08:30,6.705,0.016,0,0,0,0,v
2014-06-04 08:36,6.697,0.011,0,0,0,0,v
2014-06-04 08:42,6.724,0.012,0,0,0,0,v
2014-06-04 08:48,6.728,0.012,0,0,0,0,v
2014-06-04 08:54,6.715,0.015,0,0,0,0,v
2014-06-04 09:00,6.710,0.014,0,0,0,0,v
2014-06-04 09:06,6.719,0.013,0,0,0,0,v
2014-06-04 09:12,6.733,0.013,0,0,0,0,v
2014-06-04 09:18,6.733,0.015,0,0,0,0,v
2014-06-04 09:24,6.727,0.016,0,0,0,0,v
2014-06-04 09:30,6.729,0.013,0,0,0,0,v
2014-06-04 09:36,6.742,0.014,0,0,0,0,v
2014-06-04 09:42,6.729,0.012,0,0,0,0,v
2014-06-04 09:48,6.756,0.015,0,0,0,0,v
2014-06-04 09:54,6.782,0.014,0,0,0,0,v
2014-06-04 10:00,6.804,0.015,0,0,0,0,v
2014-06-04 10:06,6.832,0.013,0,0,0,0,v
2014-06-04 10:12,6.814,0.013,0,0,0,0,v
2014-06-04 10:18,6.823,0.016,0,0,0,0,v
2014-06-04 10:24,6.837,0.014,0,0,0,0,v
2014-06-04 10:30,6.832,0.015,0,0,0,0,v
2014-06-04 10:36,6.831,0.014,0,0,0,0,v
2014-06-04 10:42,6.852,0.015,0,0,0,0,v
2014-06-04 10:48,6.883,0.016,0,0,0,0,v
2014-06-04 10:54,6.877,0.021,0,0,0,0,v
2014-06-04 11:00,6.895,0.016,0,0,0,0,v
2014-06-04 11:06,6.888,0.012,0,0,0,0,v
2014-06-04 11:12,6.914,0.015,0,0,0,0,v
2014-06-04 11:18,6.901,0.017,0,0,0,0,v
2014-06-04 11:24,6.911,0.013,0,0,0,0,v
2014-06-04 11:30,6.920,0.013,0,0,0,0,v
2014-06-04 11:36,6.909,0.009,0,0,0,0,v
2014-06-04 11:42,6.914,0.011,0,0,0,0,v
2014-06-04 11:48,6.916,0.012,0,0,0,0,v
2014-06-04 11:54,6.931,0.013,0,0,0,0,v
2014-06-04 12:00,6.913,0.015,0,0,0,0,v
2014-06-04 12:06,6.902,0.015,0,0,0,0,v
2014-06-04 12:12,6.894,0.017,0,0,0,0,v
2014-06-04 12:18,6.897,0.015,0,0,0,0,v
2014-06-04 12:24,6.915,0.017,0,0,0,0,v
2014-06-04 12:30,6.922,0.015,0,0,0,0,v
2014-06-04 12:36,6.919,0.013,0,0,0,0,v
2014-06-04 12:42,6.937,0.014,0,0,0,0,v
2014-06-04 12:48,6.929,0.012,0,0,0,0,v
2014-06-04 12:54,6.932,0.015,0,0,0,0,v
2014-06-04 13:00,6.935,0.015,0,0,0,0,v
2014-06-04 13:06,6.936,0.017,0,0,0,0,v
2014-06-04 13:12,6.936,0.014,0,0,0,0,v
2014-06-04 13:18,6.942,0.015,0,0,0,0,v
2014-06-04 13:24,6.926,0.018,0,0,0,0,v
2014-06-04 13:30,6.931,0.020,0,0,0,0,v
2014-06-04 13:36,6.945,0.018,0,0,0,0,v
2014-06-04 13:42,6.958,0.017,0,0,0,0,v
2014-06-04 13:48,6.969,0.018,0,0,0,0,v
2014-06-04 13:54,6.985,0.017,0,0,0,0,v
2014-06-04 14:00,6.958,0.013,0,0,0,0,v
2014-06-04 14:06,6.969,0.015,0,0,0,0,v
2014-06-04 14:12,6.959,0.019,0,0,0,0,v
2014-06-04 14:18,6.959,0.017,0,0,0,0,v
2014-06-04 14:24,6.963,0.014,0,0,0,0,v
2014-06-04 14:30,6.969,0.017,0,0,0,0,v
2014-06-04 14:36,6.955,0.018,0,0,0,0,v
2014-06-04 14:42,6.961,0.014,0,0,0,0,v
2014-06-04 14:48,6.949,0.015,0,0,0,0,v
2014-06-04 14:54,6.954,0.014,0,0,0,0,v
2014-06-04 15:00,6.947,0.015,0,0,0,0,v
2014-06-04 15:06,6.965,0.018,0,0,0,0,v
2014-06-04 15:12,6.973,0.015,0,0,0,0,v
2014-06-04 15:18,6.971,0.015,0,0,0,0,v
2014-06-04 15:24,6.973,0.018,0,0,0,0,v
2014-06-04 15:30,6.961,0.018,0,0,0,0,v
2014-06-04 15:36,6.987,0.020,0,0,0,0,v
2014-06-04 15:42,6.982,0.020,0,0,0,0,v
2014-06-04 15:48,6.975,0.015,0,0,0,0,v
2014-06-04 15:54,6.967,0.018,0,0,0,0,v
2014-06-04 16:00,6.964,0.013,0,0,0,0,v
2014-06-04 16:06,6.965,0.016,0,0,0,0,v
2014-06-04 16:12,6.948,0.015,0,0,0,0,v
2014-06-04 16:18,6.949,0.018,0,0,0,0,v
2014-06-04 16:24,6.935,0.018,0,0,0,0,v
2014-06-04 16:30,6.948,0.018,0,0,0,0,v
2014-06-04 16:36,6.947,0.015,0,0,0,0,v
2014-06-04 16:42,6.936,0.018,0,0,0,0,v
2014-06-04 16:48,6.939,0.015,0,0,0,0,v
2014-06-04 16:54,6.927,0.017,0,0,0,0,v
2014-06-04 17:00,6.929,0.019,0,0,0,0,v
2014-06-04 17:06,6.918,0.014,0,0,0,0,v
2014-06-04 17:12,6.927,0.016,0,0,0,0,v
2014-06-04 17:18,6.913,0.016,0,0,0,0,v
2014-06-04 17:24,6.903,0.015,0,0,0,0,v
2014-06-04 17:30,6.896,0.014,0,0,0,0,v
2014-06-04 17:36,6.891,0.016,0,0,0,0,v
2014-06-04 17:42,6.887,0.015,0,0,0,0,v
2014-06-04 17:48,6.901,0.014,0,0,0,0,v
2014-06-04 17:54,6.905,0.017,0,0,0,0,v
2014-06-04 18:00,6.920,0.017,0,0,0,0,v
2014-06-04 18:06,6.896,0.016,0,0,0,0,v
2014-06-04 18:12,6.882,0.021,0,0,0,0,v
2014-06-04 18:18,6.883,0.015,0,0,0,0,v
2014-06-04 18:24,6.884,0.016,0,0,0,0,v
2014-06-04 18:30,6.891,0.016,0,0,0,0,v
2014-06-04 18:36,6.884,0.017,0,0,0,0,v
2014-06-04 18:42,6.883,0.012,0,0,0,0,v
2014-06-04 18:48,6.879,0.013,0,0,0,0,v
2014-06-04 18:54,6.881,0.021,0,0,0,0,v
2014-06-04 19:00,6.870,0.017,0,0,0,0,v
2014-06-04 19:06,6.859,0.017,0,0,0,0,v
2014-06-04 19:12,6.856,0.015,0,0,0,0,v
2014-06-04 19:18,6.847,0.019,0,0,0,0,v
2014-06-04 19:24,6.827,0.017,0,0,0,0,v
2014-06-04 19:30,6.835,0.015,0,0,0,0,v
2014-06-04 19:36,6.816,0.014,0,0,0,0,v
2014-06-04 19:42,6.826,0.018,0,0,0,0,v
2014-06-04 19:48,6.836,0.017,0,0,0,0,v
2014-06-04 19:54,6.823,0.015,0,0,0,0,v
2014-06-04 20:00,6.824,0.016,0,0,0,0,v
2014-06-04 20:06,6.817,0.016,0,0,0,0,v
2014-06-04 20:12,6.821,0.015,0,0,0,0,v
2014-06-04 20:18,6.817,0.015,0,0,0,0,v
2014-06-04 20:24,6.809,0.014,0,0,0,0,v
2014-06-04 20:30,6.827,0.013,0,0,0,0,v
2014-06-04 20:36,6.822,0.014,0,0,0,0,v
2014-06-04 20:42,6.815,0.014,0,0,0,0,v
2014-06-04 20:48,6.814,0.019,0,0,0,0,v
2014-06-04 20:54,6.804,0.018,0,0,0,0,v
2014-06-04 21:00,6.804,0.013,0,0,0,0,v
2014-06-04 21:06,6.809,0.014,0,0,0,0,v
2014-06-04 21:12,6.793,0.019,0,0,0,0,v
2014-06-04 21:18,6.793,0.016,0,0,0,0,v
2014-06-04 21:24,6.811,0.012,0,0,0,0,v
2014-06-04 21:30,6.802,0.014,0,0,0,0,v
2014-06-04 21:36,6.798,0.015,0,0,0,0,v
2014-06-04 21:42,6.797,0.015,0,0,0,0,v
2014-06-04 21:48,6.781,0.016,0,0,0,0,v
2014-06-04 21:54,6.799,0.016,0,0,0,0,v
2014-06-04 22:00,6.791,0.014,0,0,0,0,v
2014-06-04 22:06,6.801,0.017,0,0,0,0,v
2014-06-04 22:12,6.805,0.017,0,0,0,0,v
2014-06-04 22:18,6.796,0.018,0,0,0,0,v
2014-06-04 22:24,6.813,0.016,0,0,0,0,v
2014-06-04 22:30,6.822,0.015,0,0,0,0,v
2014-06-04 22:36,6.808,0.014,0,0,0,0,v
2014-06-04 22:42,6.799,0.013,0,0,0,0,v
2014-06-04 22:48,6.818,0.016,0,0,0,0,v
2014-06-04 22:54,6.828,0.015,0,0,0,0,v
2014-06-04 23:00,6.811,0.013,0,0,0,0,v
2014-06-04 23:06,6.794,0.015,0,0,0,0,v
2014-06-04 23:12,6.789,0.018,0,0,0,0,v
2014-06-04 23:18,6.816,0.019,0,0,0,0,v
2014-06-04 23:24,6.815,0.020,0,0,0,0,v
2014-06-04 23:30,6.812,0.015,0,0,0,0,v
2014-06-04 23:36,6.793,0.016,0,0,0,0,v
2014-06-04 23:42,6.790,0.018,0,0,0,0,v
2014-06-04 23:48,6.789,0.017,0,0,0,0,v
2014-06-04 23:54,6.798,0.015,0,0,0,0,v
2014-06-05 00:00,6.797,0.017,0,0,0,0,v
2014-06-05 00:06,6.794,0.013,0,0,0,0,v
2014-06-05 00:12,6.782,0.016,0,0,0,0,v
2014-06-05 00:18,6.784,0.015,0,0,0,0,v
2014-06-05 00:24,6.790,0.013,0,0,0,0,v
2014-06-05 00:30,6.805,0.013,0,0,0,0,v
2014-06-05 00:36,6.797,0.014,0,0,0,0,v
2014-06-05 00:42,6.795,0.013,0,0,0,0,v
2014-06-05 00:48,6.796,0.014,0,0,0,0,v
2014-06-05 00:54,6.788,0.012,0,0,0,0,v
2014-06-05 01:00,6.779,0.017,0,0,0,0,v
2014-06-05 01:06,6.780,0.014,0,0,0,0,v
2014-06-05 01:12,6.777,0.013,0,0,0,0,v
2014-06-05 01:18,6.804,0.014,0,0,0,0,v
2014-06-05 01:24,6.803,0.015,0,0,0,0,v
2014-06-05 01:30,6.783,0.012,0,0,0,0,v
2014-06-05 01:36,6.792,0.014,0,0,0,0,v
2014-06-05 01:42,6.805,0.012,0,0,0,0,v
2014-06-05 01:48,6.805,0.018,0,0,0,0,v
2014-06-05 01:54,6.808,0.013,0,0,0,0,v
2014-06-05 02:00,6.805,0.013,0,0,0,0,v
2014-06-05 02:06,6.805,0.008,0,0,0,0,v
2014-06-05 02:12,6.796,0.008,0,0,0,0,v
2014-06-05 02:18,6.792,0.010,0,0,0,0,v
2014-06-05 02:24,6.778,0.013,0,0,0,0,v
2014-06-05 02:30,6.769,0.010,0,0,0,0,v
2014-06-05 02:36,6.754,0.011,0,0,0,0,v
2014-06-05 02:42,6.757,0.010,0,0,0,0,v
2014-06-05 02:48,6.756,0.010,0,0,0,0,v
2014-06-05 02:54,6.771,0.010,0,0,0,0,v
2014-06-05 03:00,6.771,0.014,0,0,0,0,v
2014-06-05 03:06,6.763,0.011,0,0,0,0,v
2014-06-05 03:12,6.748,0.009,0,0,0,0,v
2014-06-05 03:18,6.750,0.012,0,0,0,0,v
2014-06-05 03:24,6.774,0.008,0,0,0,0,v
2014-06-05 03:30,6.736,0.008,0,0,0,0,v
2014-06-05 03:36,6.751,0.011,0,0,0,0,v
2014-06-05 03:42,6.757,0.012,0,0,0,0,v
2014-06-05 03:48,6.765,0.013,0,0,0,0,v
2014-06-05 03:54,6.771,0.014,0,0,0,0,v
2014-06-05 04:00,6.765,0.010,0,0,0,0,v
2014-06-05 04:06,6.771,0.010,0,0,0,0,v
2014-06-05 04:12,6.780,0.010,0,0,0,0,v
2014-06-05 04:18,6.768,0.010,0,0,0,0,v
2014-06-05 04:24,6.756,0.010,0,0,0,0,v
2014-06-05 04:30,6.752,0.008,0,0,0,0,v
2014-06-05 04:36,6.743,0.012,0,0,0,0,v
2014-06-05 04:42,6.734,0.012,0,0,0,0,v
2014-06-05 04:48,6.726,0.015,0,0,0,0,v
2014-06-05 04:54,6.717,0.008,0,0,0,0,v
2014-06-05 05:00,6.742,0.012,0,0,0,0,v
2014-06-05 05:06,6.735,0.013,0,0,0,0,v
2014-06-05 05:12,6.736,0.012,0,0,0,0,v
2014-06-05 05:18,6.723,0.013,0,0,0,0,v
2014-06-05 05:24,6.722,0.013,0,0,0,0,v
2014-06-05 05:30,6.722,0.012,0,0,0,0,v
2014-06-05 05:36,6.732,0.012,0,0,0,0,v
2014-06-05 05:42,6.721,0.009,0,0,0,0,v
2014-06-05 05:48,6.707,0.013,0,0,0,0,v
2014-06-05 05:54,6.692,0.014,0,0,0,0,v
2014-06-05 06:00,6.706,0.011,0,0,0,0,v
2014-06-05 06:06,6.708,0.011,0,0,0,0,v
2014-06-05 06:12,6.703,0.011,0,0,0,0,v
2014-06-05 06:18,6.690,0.011,0,0,0,0,v
2014-06-05 06:24,6.702,0.012,0,0,0,0,v
2014-06-05 06:30,6.688,0.010,0,0,0,0,v
2014-06-05 06:36,6.701,0.010,0,0,0,0,v
2014-06-05 06:42,6.706,0.013,0,0,0,0,v
2014-06-05 06:48,6.693,0.012,0,0,0,0,v
2014-06-05 06:54,6.682,0.011,0,0,0,0,v
2014-06-05 07:00,6.698,0.013,0,0,0,0,v
2014-06-05 07:06,6.685,0.010,0,0,0,0,v
2014-06-05 07:12,6.680,0.010,0,0,0,0,v
2014-06-05 07:18,6.675,0.014,0,0,0,0,v
2014-06-05 07:24,6.691,0.012,0,0,0,0,v
2014-06-05 07:30,6.687,0.010,0,0,0,0,v
2014-06-05 07:36,6.684,0.010,0,0,0,0,v
2014-06-05 07:42,6.679,0.010,0,0,0,0,v
2014-06-05 07:48,6.672,0.014,0,0,0,0,v
2014-06-05 07:54,6.665,0.009,0,0,0,0,v
2014-06-05 08:00,6.682,0.012,0,0,0,0,v
2014-06-05 08:06,6.676,0.011,0,0,0,0,v
2014-06-05 08:12,6.674,0.015,0,0,0,0,v
2014-06-05 08:18,6.691,0.013,0,0,0,0,v
2014-06-05 08:24,6.700,0.010,0,0,0,0,v
2014-06-05 08:30,6.711,0.011,0,0,0,0,v
2014-06-05 08:36,6.720,0.012,0,0,0,0,v
2014-06-05 08:42,6.736,0.011,0,0,0,0,v
2014-06-05 08:48,6.734,0.010,0,0,0,0,v
2014-06-05 08:54,6.757,0.013,0,0,0,0,v
2014-06-05 09:00,6.753,0.012,0,0,0,0,v
2014-06-05 09:06,6.755,0.010,0,0,0,0,v
2014-06-05 09:12,6.763,0.012,0,0,0,0,v
2014-06-05 09:18,6.776,0.009,0,0,0,0,v
2014-06-05 09:24,6.754,0.013,0,0,0,0,v
2014-06-05 09:30,6.761,0.012,0,0,0,0,v
2014-06-05 09:36,6.768,0.013,0,0,0,0,v
2014-06-05 09:42,6.772,0.014,0,0,0,0,v
2014-06-05 09:48,6.768,0.009,0,0,0,0,v
2014-06-05 09:54,6.773,0.014,0,0,0,0,v
2014-06-05 10:00,6.773,0.015,0,0,0,0,v
2014-06-05 10:06,6.792,0.015,0,0,0,0,v
2014-06-05 10:12,6.786,0.011,0,0,0,0,v
2014-06-05 10:18,6.793,0.012,0,0,0,0,v
2014-06-05 10:24,6.795,0.012,0,0,0,0,v
2014-06-05 10:30,6.786,0.011,0,0,0,0,v
2014-06-05 10:36,6.785,0.012,0,0,0,0,v
2014-06-05 10:42,6.805,0.012,0,0,0,0,v
2014-06-05 10:48,6.807,0.013,0,0,0,0,v
2014-06-05 10:54,6.815,0.013,0,0,0,0,v
2014-06-05 11:00,6.824,0.011,0,0,0,0,v
2014-06-05 11:06,6.821,0.011,0,0,0,0,v
2014-06-05 11:12,6.816,0.015,0,0,0,0,v
2014-06-05 11:18,6.814,0.010,0,0,0,0,v
2014-06-05 11:24,6.825,0.011,0,0,0,0,v
2014-06-05 11:30,6.814,0.012,0,0,0,0,v
2014-06-05 11:36,6.812,0.010,0,0,0,0,v
2014-06-05 11:42,6.824,0.010,0,0,0,0,v
2014-06-05 11:48,6.831,0.012,0,0,0,0,v
2014-06-05 11:54,6.846,0.014,0,0,0,0,v
2014-06-05 12:00,6.857,0.011,0,0,0,0,v
2014-06-05 12:06,6.858,0.011,0,0,0,0,v
2014-06-05 12:12,6.863,0.013,0,0,0,0,v
2014-06-05 12:18,6.885,0.012,0,0,0,0,v
2014-06-05 12:24,6.891,0.011,0,0,0,0,v
2014-06-05 12:30,6.906,0.012,0,0,0,0,v
2014-06-05 12:36,6.910,0.013,0,0,0,0,v
2014-06-05 12:42,6.939,0.009,0,0,0,0,v
2014-06-05 12:48,6.924,0.011,0,0,0,0,v
2014-06-05 12:54,6.925,0.013,0,0,0,0,v
2014-06-05 13:00,6.934,0.014,0,0,0,0,v
2014-06-05 13:06,6.938,0.014,0,0,0,0,v
2014-06-05 13:12,6.925,0.012,0,0,0,0,v
2014-06-05 13:18,6.939,0.011,0,0,0,0,v
2014-06-05 13:24,6.942,0.014,0,0,0,0,v
2014-06-05 13:30,6.960,0.016,0,0,0,0,v
2014-06-05 13:36,6.947,0.014,0,0,0,0,v
2014-06-05 13:42,6.938,0.014,0,0,0,0,v
2014-06-05 13:48,6.959,0.013,0,0,0,0,v
2014-06-05 13:54,6.944,0.011,0,0,0,0,v
2014-06-05 14:00,6.957,0.013,0,0,0,0,v
2014-06-05 14:06,6.960,0.011,0,0,0,0,v
2014-06-05 14:12,6.965,0.014,0,0,0,0,v
2014-06-05 14:18,6.967,0.012,0,0,0,0,v
2014-06-05 14:24,6.965,0.014,0,0,0,0,v
2014-06-05 14:30,6.971,0.012,0,0,0,0,v
2014-06-05 14:36,6.969,0.011,0,0,0,0,v
2014-06-05 14:42,6.954,0.012,0,0,0,0,v
2014-06-05 14:48,6.957,0.015,0,0,0,0,v
2014-06-05 14:54,6.949,0.010,0,0,0,0,v
2014-06-05 15:00,6.936,0.014,0,0,0,0,v
2014-06-05 15:06,6.946,0.011,0,0,0,0,v
2014-06-05 15:12,6.946,0.013,0,0,0,0,v
2014-06-05 15:18,6.931,0.012,0,0,0,0,v
2014-06-05 15:24,6.937,0.012,0,0,0,0,v
2014-06-05 15:30,6.941,0.015,0,0,0,0,v
2014-06-05 15:36,6.931,0.013,0,0,0,0,v
2014-06-05 15:42,6.938,0.014,0,0,0,0,v
2014-06-05 15:48,6.929,0.010,0,0,0,0,v
2014-06-05 15:54,6.921,0.013,0,0,0,0,v
2014-06-05 16:00,6.920,0.013,0,0,0,0,v
2014-06-05 16:06,6.912,0.011,0,0,0,0,v
2014-06-05 16:12,6.915,0.009,0,0,0,0,v
2014-06-05 16:18,6.900,0.011,0,0,0,0,v
2014-06-05 16:24,6.885,0.013,0,0,0,0,v
2014-06-05 16:30,6.880,0.014,0,0,0,0,v
2014-06-05 16:36,6.890,0.011,0,0,0,0,v
2014-06-05 16:42,6.889,0.012,0,0,0,0,v
2014-06-05 16:48,6.876,0.012,0,0,0,0,v
2014-06-05 16:54,6.889,0.013,0,0,0,0,v
2014-06-05 17:00,6.876,0.011,0,0,0,0,v
2014-06-05 17:06,6.889,0.010,0,0,0,0,v
2014-06-05 17:12,6.879,0.012,0,0,0,0,v
2014-06-05 17:18,6.868,0.011,0,0,0,0,v
2014-06-05 17:24,6.879,0.015,0,0,0,0,v
2014-06-05 17:30,6.888,0.010,0,0,0,0,v
2014-06-05 17:36,6.892,0.014,0,0,0,0,v
2014-06-05 17:42,6.885,0.011,0,0,0,0,v
2014-06-05 17:48,6.864,0.014,0,0,0,0,v
2014-06-05 17:54,6.877,0.011,0,0,0,0,v
2014-06-05 18:00,6.865,0.011,0,0,0,0,v
2014-06-05 18:06,6.865,0.012,0,0,0,0,v
2014-06-05 18:12,6.876,0.010,0,0,0,0,v
2014-06-05 18:18,6.867,0.012,0,0,0,0,v
2014-06-05 18:24,6.860,0.014,0,0,0,0,v
2014-06-05 18:30,6.851,0.015,0,0,0,0,v
2014-06-05 18:36,6.855,0.010,0,0,0,0,v
2014-06-05 18:42,6.862,0.012,0,0,0,0,v
2014-06-05 18:48,6.846,0.010,0,0,0,0,v
2014-06-05 18:54,6.853,0.014,0,0,0,0,v
2014-06-05 19:00,6.860,0.011,0,0,0,0,v
2014-06-05 19:06,6.839,0.011,0,0,0,0,v
2014-06-05 19:12,6.825,0.014,0,0,0,0,v
2014-06-05 19:18,6.835,0.012,0,0,0,0,v
2014-06-05 19:24,6.831,0.015,0,0,0,0,v
2014-06-05 19:30,6.819,0.010,0,0,0,0,v
2014-06-05 19:36,6.816,0.011,0,0,0,0,v
2014-06-05 19:42,6.806,0.011,0,0,0,0,v
2014-06-05 19:48,6.802,0.015,0,0,0,0,v
2014-06-05 19:54,6.796,0.009,0,0,0,0,v
2014-06-05 20:00,6.785,0.011,0,0,0,0,v
2014-06-05 20:06,6.774,0.014,0,0,0,0,v
2014-06-05 20:12,6.774,0.013,0,0,0,0,v
2014-06-05 20:18,6.776,0.012,0,0,0,0,v
2014-06-05 20:24,6.782,0.012,0,0,0,0,v
2014-06-05 20:30,6.768,0.010,0,0,0,0,v
2014-06-05 20:36,6.775,0.013,0,0,0,0,v
2014-06-05 20:42,6.793,0.012,0,0,0,0,v
2014-06-05 20:48,6.764,0.012,0,0,0,0,v
2014-06-05 20:54,6.759,0.012,0,0,0,0,v
2014-06-05 21:00,6.770,0.013,0,0,0,0,v
2014-06-05 21:06,6.741,0.012,0,0,0,0,v
2014-06-05 21:12,6.750,0.014,0,0,0,0,v
2014-06-05 21:18,6.731,0.013,0,0,0,0,v
2014-06-05 21:24,6.746,0.011,0,0,0,0,v
2014-06-05 21:30,6.740,0.010,0,0,0,0,v
2014-06-05 21:36,6.741,0.012,0,0,0,0,v
2014-06-05 21:42,6.735,0.013,0,0,0,0,v
2014-06-05 21:48,6.750,0.012,0,0,0,0,v
2014-06-05 21:54,6.735,0.013,0,0,0,0,v
2014-06-05 22:00,6.730,0.011,0,0,0,0,v
2014-06-05 22:06,6.740,0.010,0,0,0,0,v
2014-06-05 22:12,6.762,0.013,0,0,0,0,v
2014-06-05 22:18,6.750,0.010,0,0,0,0,v
2014-06-05 22:24,6.771,0.010,0,0,0,0,v
2014-06-05 22:30,6.763,0.012,0,0,0,0,v
2014-06-05 22:36,6.745,0.012,0,0,0,0,v
2014-06-05 22:42,6.764,0.011,0,0,0,0,v
2014-06-05 22:48,6.760,0.009,0,0,0,0,v
2014-06-05 22:54,6.762,0.013,0,0,0,0,v
2014-06-05 23:00,6.760,0.010,0,0,0,0,v
2014-06-05 23:06,6.755,0.011,0,0,0,0,v
2014-06-05 23:12,6.768,0.010,0,0,0,0,v
2014-06-05 23:18,6.774,0.012,0,0,0,0,v
2014-06-05 23:24,6.782,0.012,0,0,0,0,v
2014-06-05 23:30,6.791,0.011,0,0,0,0,v
2014-06-05 23:36,6.797,0.010,0,0,0,0,v
2014-06-05 23:42,6.802,0.011,0,0,0,0,v
2014-06-05 23:48,6.812,0.011,0,0,0,0,v
2014-06-05 23:54,6.798,0.013,0,0,0,0,v
2014-06-06 00:00,6.812,0.014,0,0,0,0,v
2014-06-06 00:06,6.803,0.014,0,0,0,0,v
2014-06-06 00:12,6.790,0.011,0,0,0,0,v
2014-06-06 00:18,6.802,0.012,0,0,0,0,v
2014-06-06 00:24,6.796,0.016,0,0,0,0,v
2014-06-06 00:30,6.798,0.010,0,0,0,0,v
2014-06-06 00:36,6.786,0.014,0,0,0,0,v
2014-06-06 00:42,6.796,0.013,0,0,0,0,v
2014-06-06 00:48,6.808,0.010,0,0,0,0,v
2014-06-06 00:54,6.803,0.011,0,0,0,0,v
2014-06-06 01:00,6.819,0.011,0,0,0,0,v
2014-06-06 01:06,6.810,0.014,0,0,0,0,v
2014-06-06 01:12,6.786,0.010,0,0,0,0,v
2014-06-06 01:18,6.769,0.012,0,0,0,0,v
2014-06-06 01:24,6.794,0.011,0,0,0,0,v
2014-06-06 01:30,6.775,0.011,0,0,0,0,v
2014-06-06 01:36,6.784,0.011,0,0,0,0,v
2014-06-06 01:42,6.802,0.011,0,0,0,0,v
2014-06-06 01:48,6.788,0.011,0,0,0,0,v
2014-06-06 01:54,6.787,0.012,0,0,0,0,v
2014-06-06 02:00,6.787,0.009,0,0,0,0,v
2014-06-06 02:06,6.811,0.012,0,0,0,0,v
2014-06-06 02:12,6.801,0.012,0,0,0,0,v
2014-06-06 02:18,6.777,0.010,0,0,0,0,v
2014-06-06 02:24,6.763,0.012,0,0,0,0,v
2014-06-06 02:30,6.766,0.012,0,0,0,0,v
2014-06-06 02:36,6.775,0.012,0,0,0,0,v
2014-06-06 02:42,6.769,0.010,0,0,0,0,v
2014-06-06 02:48,6.779,0.010,0,0,0,0,v
2014-06-06 02:54,6.787,0.013,0,0,0,0,v
2014-06-06 03:00,6.783,0.011,0,0,0,0,v
2014-06-06 03:06,6.776,0.010,0,0,0,0,v
2014-06-06 03:12,6.771,0.011,0,0,0,0,v
2014-06-06 03:18,6.771,0.010,0,0,0,0,v
2014-06-06 03:24,6.798,0.013,0,0,0,0,v
2014-06-06 03:30,6.760,0.018,0,0,0,0,v
2014-06-06 03:36,6.795,0.015,0,0,0,0,v
2014-06-06 03:42,6.813,0.016,0,0,0,0,v
2014-06-06 03:48,6.800,0.018,0,0,0,0,v
2014-06-06 03:54,6.806,0.016,0,0,0,0,v
2014-06-06 04:00,6.817,0.016,0,0,0,0,v
2014-06-06 04:06,6.813,0.018,0,0,0,0,v
2014-06-06 04:12,6.796,0.015,0,0,0,0,v
2014-06-06 04:18,6.799,0.014,0,0,0,0,v
2014-06-06 04:24,6.802,0.014,0,0,0,0,v
2014-06-06 04:30,6.787,0.015,0,0,0,0,v
2014-06-06 04:36,6.828,0.014,0,0,0,0,v
2014-06-06 04:42,6.793,0.015,0,0,0,0,v
2014-06-06 04:48,6.798,0.018,0,0,0,0,v
2014-06-06 04:54,6.782,0.015,0,0,0,0,v
2014-06-06 05:00,6.784,0.016,0,0,0,0,v
2014-06-06 05:06,6.779,0.017,0,0,0,0,v
2014-06-06 05:12,6.787,0.014,0,0,0,0,v
2014-06-06 05:18,6.768,0.017,0,0,0,0,v
2014-06-06 05:24,6.782,0.014,0,0,0,0,v
2014-06-06 05:30,6.785,0.014,0,0,0,0,v
2014-06-06 05:36,6.783,0.017,0,0,0,0,v
2014-06-06 05:42,6.778,0.016,0,0,0,0,v
2014-06-06 05:48,6.768,0.017,0,0,0,0,v
2014-06-06 05:54,6.744,0.015,0,0,0,0,v
2014-06-06 06:00,6.751,0.015,0,0,0,0,v
2014-06-06 06:06,6.755,0.016,0,0,0,0,v
2014-06-06 06:12,6.777,0.016,0,0,0,0,v
2014-06-06 06:18,6.762,0.013,0,0,0,0,v
2014-06-06 06:24,6.754,0.015,0,0,0,0,v
2014-06-06 06:30,6.744,0.014,0,0,0,0,v
2014-06-06 06:36,6.733,0.016,0,0,0,0,v
2014-06-06 06:42,6.729,0.015,0,0,0,0,v
2014-06-06 06:48,6.714,0.013,0,0,0,0,v
2014-06-06 06:54,6.721,0.014,0,0,0,0,v
2014-06-06 07:00,6.701,0.015,0,0,0,0,v
2014-06-06 07:06,6.724,0.016,0,0,0,0,v
2014-06-06 07:12,6.726,0.016,0,0,0,0,v
2014-06-06 07:18,6.720,0.015,0,0,0,0,v
2014-06-06 07:24,6.734,0.015,0,0,0,0,v
2014-06-06 07:30,6.728,0.014,0,0,0,0,v
2014-06-06 07:36,6.723,0.014,0,0,0,0,v
2014-06-06 07:42,6.718,0.013,0,0,0,0,v
2014-06-06 07:48,6.699,0.014,0,0,0,0,v
2014-06-06 07:54,6.701,0.013,0,0,0,0,v
2014-06-06 08:00,6.712,0.013,0,0,0,0,v
2014-06-06 08:06,6.727,0.014,0,0,0,0,v
2014-06-06 08:12,6.727,0.012,0,0,0,0,v
2014-06-06 08:18,6.725,0.012,0,0,0,0,v
2014-06-06 08:24,6.726,0.011,0,0,0,0,v
2014-06-06 08:30,6.738,0.014,0,0,0,0,v
2014-06-06 08:36,6.744,0.012,0,0,0,0,v
2014-06-06 08:42,6.725,0.012,0,0,0,0,v
2014-06-06 08:48,6.707,0.014,0,0,0,0,v
2014-06-06 08:54,6.717,0.013,0,0,0,0,v
2014-06-06 09:00,6.719,0.014,0,0,0,0,v
2014-06-06 09:06,6.740,0.013,0,0,0,0,v
2014-06-06 09:12,6.749,0.013,0,0,0,0,v
2014-06-06 09:18,6.747,0.013,0,0,0,0,v
2014-06-06 09:24,6.745,0.013,0,0,0,0,v
2014-06-06 09:30,6.754,0.011,0,0,0,0,v
2014-06-06 09:36,6.758,0.016,0,0,0,0,v
2014-06-06 09:42,6.760,0.013,0,0,0,0,v
2014-06-06 09:48,6.749,0.014,0,0,0,0,v
2014-06-06 09:54,6.755,0.014,0,0,0,0,v
2014-06-06 10:00,6.771,0.012,0,0,0,0,v
2014-06-06 10:06,6.770,0.013,0,0,0,0,v
2014-06-06 10:12,6.775,0.012,0,0,0,0,v
2014-06-06 10:18,6.773,0.012,0,0,0,0,v
2014-06-06 10:24,6.784,0.014,0,0,0,0,v
2014-06-06 10:30,6.769,0.013,0,0,0,0,v
2014-06-06 10:36,6.773,0.014,0,0,0,0,v
2014-06-06 10:42,6.787,0.014,0,0,0,0,v
2014-06-06 10:48,6.771,0.012,0,0,0,0,v
2014-06-06 10:54,6.779,0.014,0,0,0,0,v
2014-06-06 11:00,6.778,0.011,0,0,0,0,v
2014-06-06 11:06,6.780,0.012,0,0,0,0,v
2014-06-06 11:12,6.786,0.012,0,0,0,0,v
2014-06-06 11:18,6.803,0.012,0,0,0,0,v
2014-06-06 11:24,6.794,0.015,0,0,0,0,v
2014-06-06 11:30,6.800,0.012,0,0,0,0,v
2014-06-06 11:36,6.800,0.015,0,0,0,0,v
2014-06-06 11:42,6.801,0.012,0,0,0,0,v
2014-06-06 11:48,6.816,0.010,0,0,0,0,v
2014-06-06 11:54,6.819,0.012,0,0,0,0,v
2014-06-06 12:00,6.815,0.013,0,0,0,0,v
2014-06-06 12:06,6.818,0.012,0,0,0,0,v
2014-06-06 12:12,6.827,0.015,0,0,0,0,v
2014-06-06 12:18,6.817,0.012,0,0,0,0,v
2014-06-06 12:24,6.822,0.014,0,0,0,0,v
2014-06-06 12:30,6.822,0.012,0,0,0,0,v
2014-06-06 12:36,6.848,0.013,0,0,0,0,v
2014-06-06 12:42,6.826,0.013,0,0,0,0,v
2014-06-06 12:48,6.816,0.013,0,0,0,0,v
2014-06-06 12:54,6.829,0.013,0,0,0,0,v
2014-06-06 13:00,6.844,0.015,0,0,0,0,v
2014-06-06 13:06,6.847,0.011,0,0,0,0,v
2014-06-06 13:12,6.845,0.011,0,0,0,0,v
2014-06-06 13:18,6.868,0.013,0,0,0,0,v
2014-06-06 13:24,6.858,0.012,0,0,0,0,v
2014-06-06 13:30,6.870,0.011,0,0,0,0,v
2014-06-06 13:36,6.853,0.011,0,0,0,0,v
2014-06-06 13:42,6.865,0.015,0,0,0,0,v
2014-06-06 13:48,6.849,0.013,0,0,0,0,v
2014-06-06 13:54,6.857,0.013,0,0,0,0,v
2014-06-06 14:00,6.844,0.012,0,0,0,0,v
2014-06-06 14:06,6.867,0.013,0,0,0,0,v
2014-06-06 14:12,6.859,0.014,0,0,0,0,v
2014-06-06 14:18,6.863,0.012,0,0,0,0,v
2014-06-06 14:24,6.830,0.014,0,0,0,0,v
2014-06-06 14:30,6.845,0.012,0,0,0,0,v
2014-06-06 14:36,6.858,0.013,0,0,0,0,v
2014-06-06 14:42,6.863,0.012,0,0,0,0,v
2014-06-06 14:48,6.883,0.017,0,0,0,0,v
2014-06-06 14:54,6.889,0.014,0,0,0,0,v
2014-06-06 15:00,6.897,0.012,0,0,0,0,v
2014-06-06 15:06,6.903,0.012,0,0,0,0,v
2014-06-06 15:12,6.910,0.015,0,0,0,0,v
2014-06-06 15:18,6.886,0.013,0,0,0,0,v
2014-06-06 15:24,6.872,0.014,0,0,0,0,v
2014-06-06 15:30,6.881,0.013,0,0,0,0,v
2014-06-06 15:36,6.887,0.014,0,0,0,0,v
2014-06-06 15:42,6.890,0.016,0,0,0,0,v
2014-06-06 15:48,6.866,0.015,0,0,0,0,v
2014-06-06 15:54,6.864,0.016,0,0,0,0,v
2014-06-06 16:00,6.860,0.014,0,0,0,0,v
2014-06-06 16:06,6.852,0.015,0,0,0,0,v
2014-06-06 16:12,6.858,0.014,0,0,0,0,v
2014-06-06 16:18,6.854,0.012,0,0,0,0,v
2014-06-06 16:24,6.853,0.013,0,0,0,0,v
2014-06-06 16:30,6.855,0.010,0,0,0,0,v
2014-06-06 16:36,6.862,0.011,0,0,0,0,v
2014-06-06 16:42,6.856,0.014,0,0,0,0,v
2014-06-06 16:48,6.865,0.010,0,0,0,0,v
2014-06-06 16:54,6.862,0.011,0,0,0,0,v
2014-06-06 17:00,6.835,0.010,0,0,0,0,v
2014-06-06 17:06,6.840,0.011,0,0,0,0,v
2014-06-06 17:12,6.847,0.011,0,0,0,0,v
2014-06-06 17:18,6.834,0.011,0,0,0,0,v
2014-06-06 17:24,6.835,0.011,0,0,0,0,v
2014-06-06 17:30,6.835,0.012,0,0,0,0,v
2014-06-06 17:36,6.835,0.012,0,0,0,0,v
2014-06-06 17:42,6.832,0.013,0,0,0,0,v
2014-06-06 17:48,6.822,0.012,0,0,0,0,v
2014-06-06 17:54,6.823,0.010,0,0,0,0,v
2014-06-06 18:00,6.804,0.013,0,0,0,0,v
2014-06-06 18:06,6.803,0.014,0,0,0,0,v
2014-06-06 18:12,6.808,0.011,0,0,0,0,v
2014-06-06 18:18,6.809,0.014,0,0,0,0,v
2014-06-06 18:24,6.803,0.012,0,0,0,0,v
2014-06-06 18:30,6.812,0.010,0,0,0,0,v
2014-06-06 18:36,6.791,0.011,0,0,0,0,v
2014-06-06 18:42,6.781,0.013,0,0,0,0,v
2014-06-06 18:48,6.778,0.014,0,0,0,0,v
2014-06-06 18:54,6.766,0.012,0,0,0,0,v
2014-06-06 19:00,6.759,0.013,0,0,0,0,v
2014-06-06 19:06,6.750,0.011,0,0,0,0,v
2014-06-06 19:12,6.750,0.013,0,0,0,0,v
2014-06-06 19:18,6.741,0.011,0,0,0,0,v
2014-06-06 19:24,6.709,0.011,0,0,0,0,v
2014-06-06 19:30,6.692,0.012,0,0,0,0,v
2014-06-06 19:36,6.679,0.012,0,0,0,0,v
2014-06-06 19:42,6.696,0.011,0,0,0,0,v
2014-06-06 19:48,6.696,0.013,0,0,0,0,v
2014-06-06 19:54,6.682,0.013,0,0,0,0,v
2014-06-06 20:00,6.662,0.012,0,0,0,0,v
2014-06-06 20:06,6.666,0.009,0,0,0,0,v
2014-06-06 20:12,6.675,0.012,0,0,0,0,v
2014-06-06 20:18,6.666,0.012,0,0,0,0,v
2014-06-06 20:24,6.673,0.011,0,0,0,0,v
2014-06-06 20:30,6.672,0.014,0,0,0,0,v
2014-06-06 20:36,6.650,0.014,0,0,0,0,v
2014-06-06 20:42,6.665,0.012,0,0,0,0,v
2014-06-06 20:48,6.639,0.014,0,0,0,0,v
2014-06-06 20:54,6.649,0.013,0,0,0,0,v
2014-06-06 21:00,6.642,0.013,0,0,0,0,v
2014-06-06 21:06,6.640,0.015,0,0,0,0,v
2014-06-06 21:12,6.659,0.013,0,0,0,0,v
2014-06-06 21:18,6.635,0.013,0,0,0,0,v
2014-06-06 21:24,6.630,0.014,0,0,0,0,v
2014-06-06 21:30,6.626,0.011,0,0,0,0,v
2014-06-06 21:36,6.610,0.015,0,0,0,0,v
2014-06-06 21:42,6.622,0.012,0,0,0,0,v
2014-06-06 21:48,6.628,0.011,0,0,0,0,v
2014-06-06 21:54,6.655,0.011,0,0,0,0,v
2014-06-06 22:00,6.650,0.013,0,0,0,0,v
2014-06-06 22:06,6.654,0.012,0,0,0,0,v
2014-06-06 22:12,6.643,0.012,0,0,0,0,v
2014-06-06 22:18,6.632,0.013,0,0,0,0,v
2014-06-06 22:24,6.648,0.015,0,0,0,0,v
2014-06-06 22:30,6.630,0.013,0,0,0,0,v
2014-06-06 22:36,6.620,0.011,0,0,0,0,v
2014-06-06 22:42,6.621,0.013,0,0,0,0,v
2014-06-06 22:48,6.627,0.011,0,0,0,0,v
2014-06-06 22:54,6.632,0.013,0,0,0,0,v
2014-06-06 23:00,6.614,0.009,0,0,0,0,v
2014-06-06 23:06,6.637,0.012,0,0,0,0,v
2014-06-06 23:12,6.618,0.012,0,0,0,0,v
2014-06-06 23:18,6.621,0.015,0,0,0,0,v
2014-06-06 23:24,6.625,0.011,0,0,0,0,v
2014-06-06 23:30,6.656,0.013,0,0,0,0,v
2014-06-06 23:36,6.656,0.011,0,0,0,0,v
2014-06-06 23:42,6.680,0.012,0,0,0,0,v
2014-06-06 23:48,6.698,0.012,0,0,0,0,v
2014-06-06 23:54,6.706,0.013,0,0,0,0,v
2014-06-07 00:00,6.685,0.012,0,0,0,0,v
2014-06-07 00:06,6.678,0.012,0,0,0,0,v
2014-06-07 00:12,6.668,0.011,0,0,0,0,v
2014-06-07 00:18,6.653,0.013,0,0,0,0,v
2014-06-07 00:24,6.655,0.011,0,0,0,0,v
2014-06-07 00:30,6.641,0.015,0,0,0,0,v
2014-06-07 00:36,6.632,0.010,0,0,0,0,v
2014-06-07 00:42,6.621,0.012,0,0,0,0,v
2014-06-07 00:48,6.630,0.014,0,0,0,0,v
2014-06-07 00:54,6.636,0.012,0,0,0,0,v
2014-06-07 01:00,6.638,0.012,0,0,0,0,v
2014-06-07 01:06,6.648,0.012,0,0,0,0,v
2014-06-07 01:12,6.646,0.015,0,0,0,0,v
2014-06-07 01:18,6.665,0.013,0,0,0,0,v
2014-06-07 01:24,6.657,0.014,0,0,0,0,v
2014-06-07 01:30,6.671,0.012,0,0,0,0,v
2014-06-07 01:36,6.676,0.013,0,0,0,0,v
2014-06-07 01:42,6.689,0.011,0,0,0,0,v
2014-06-07 01:48,6.689,0.011,0,0,0,0,v
2014-06-07 01:54,6.691,0.012,0,0,0,0,v
2014-06-07 02:00,6.672,0.011,0,0,0,0,v
2014-06-07 02:06,6.700,0.009,0,0,0,0,v
2014-06-07 02:12,6.682,0.013,0,0,0,0,v
2014-06-07 02:18,6.682,0.011,0,0,0,0,v
2014-06-07 02:24,6.689,0.013,0,0,0,0,v
2014-06-07 02:30,6.687,0.015,0,0,0,0,v
2014-06-07 02:36,6.709,0.016,0,0,0,0,v
2014-06-07 02:42,6.708,0.014,0,0,0,0,v
2014-06-07 02:48,6.715,0.015,0,0,0,0,v
2014-06-07 02:54,6.702,0.017,0,0,0,0,v
2014-06-07 03:00,6.719,0.020,0,0,0,0,v
2014-06-07 03:06,6.724,0.018,0,0,0,0,v
2014-06-07 03:12,6.727,0.021,0,0,0,0,v
2014-06-07 03:18,6.769,0.021,0,0,0,0,v
2014-06-07 03:24,6.744,0.020,0,0,0,0,v
2014-06-07 03:30,6.733,0.026,0,0,0,0,v
2014-06-07 03:36,6.730,0.017,0,0,0,0,v
2014-06-07 03:42,6.754,0.018,0,0,0,0,v
2014-06-07 03:48,6.736,0.016,0,0,0,0,v
2014-06-07 03:54,6.748,0.014,0,0,0,0,v
2014-06-07 04:00,6.749,0.014,0,0,0,0,v
2014-06-07 04:06,6.779,0.013,0,0,0,0,v
2014-06-07 04:12,6.787,0.021,0,0,0,0,v
2014-06-07 04:18,6.793,0.016,0,0,0,0,v
2014-06-07 04:24,6.786,0.016,0,0,0,0,v
2014-06-07 04:30,6.787,0.016,0,0,0,0,v
2014-06-07 04:36,6.779,0.019,0,0,0,0,v
2014-06-07 04:42,6.773,0.020,0,0,0,0,v
2014-06-07 04:48,6.806,0.018,0,0,0,0,v
2014-06-07 04:54,6.820,0.017,0,0,0,0,v
2014-06-07 05:00,6.801,0.015,0,0,0,0,v
2014-06-07 05:06,6.803,0.014,0,0,0,0,v
2014-06-07 05:12,6.794,0.015,0,0,0,0,v
2014-06-07 05:18,6.786,0.015,0,0,0,0,v
2014-06-07 05:24,6.788,0.013,0,0,0,0,v
2014-06-07 05:30,6.779,0.013,0,0,0,0,v
2014-06-07 05:36,6.784,0.015,0,0,0,0,v
2014-06-07 05:42,6.775,0.018,0,0,0,0,v
2014-06-07 05:48,6.784,0.012,0,0,0,0,v
2014-06-07 05:54,6.779,0.014,0,0,0,0,v
2014-06-07 06:00,6.779,0.015,0,0,0,0,v
2014-06-07 06:06,6.792,0.012,0,0,0,0,v
2014-06-07 06:12,6.760,0.011,0,0,0,0,v
2014-06-07 06:18,6.750,0.014,0,0,0,0,v
2014-06-07 06:24,6.750,0.018,0,0,0,0,v
2014-06-07 06:30,6.752,0.015,0,0,0,0,v
2014-06-07 06:36,6.742,0.014,0,0,0,0,v
2014-06-07 06:42,6.746,0.012,0,0,0,0,v
2014-06-07 06:48,6.747,0.012,0,0,0,0,v
2014-06-07 06:54,6.727,0.016,0,0,0,0,v
2014-06-07 07:00,6.722,0.013,0,0,0,0,v
2014-06-07 07:06,6.713,0.015,0,0,0,0,v
2014-06-07 07:12,6.707,0.012,0,0,0,0,v
2014-06-07 07:18,6.715,0.013,0,0,0,0,v
2014-06-07 07:24,6.730,0.014,0,0,0,0,v
2014-06-07 07:30,6.723,0.013,0,0,0,0,v
2014-06-07 07:36,6.722,0.014,0,0,0,0,v
2014-06-07 07:42,6.734,0.012,0,0,0,0,v
2014-06-07 07:48,6.738,0.011,0,0,0,0,v
2014-06-07 07:54,6.737,0.015,0,0,0,0,v
2014-06-07 08:00,6.739,0.015,0,0,0,0,v
2014-06-07 08:06,6.758,0.013,0,0,0,0,v
2014-06-07 08:12,6.750,0.016,0,0,0,0,v
2014-06-07 08:18,6.747,0.014,0,0,0,0,v
2014-06-07 08:24,6.758,0.013,0,0,0,0,v
2014-06-07 08:30,6.774,0.015,0,0,0,0,v
2014-06-07 08:36,6.774,0.017,0,0,0,0,v
2014-06-07 08:42,6.773,0.011,0,0,0,0,v
2014-06-07 08:48,6.775,0.012,0,0,0,0,v
2014-06-07 08:54,6.776,0.015,0,0,0,0,v
2014-06-07 09:00,6.775,0.015,0,0,0,0,v
2014-06-07 09:06,6.770,0.014,0,0,0,0,v
2014-06-07 09:12,6.761,0.016,0,0,0,0,v
2014-06-07 09:18,6.781,0.016,0,0,0,0,v
2014-06-07 09:24,6.774,0.013,0,0,0,0,v
2014-06-07 09:30,6.773,0.012,0,0,0,0,v
2014-06-07 09:36,6.755,0.014,0,0,0,0,v
2014-06-07 09:42,6.745,0.015,0,0,0,0,v
2014-06-07 09:48,6.749,0.011,0,0,0,0,v
2014-06-07 09:54,6.755,0.013,0,0,0,0,v
2014-06-07 10:00,6.759,0.011,0,0,0,0,v
2014-06-07 10:06,6.753,0.015,0,0,0,0,v
2014-06-07 10:12,6.758,0.014,0,0,0,0,v
2014-06-07 10:18,6.753,0.013,0,0,0,0,v
2014-06-07 10:24,6.753,0.011,0,0,0,0,v
2014-06-07 10:30,6.742,0.014,0,0,0,0,v
2014-06-07 10:36,6.759,0.014,0,0,0,0,v
2014-06-07 10:42,6.764,0.018,0,0,0,0,v
2014-06-07 10:48,6.771,0.012,0,0,0,0,v
2014-06-07 10:54,6.753,0.012,0,0,0,0,v
2014-06-07 11:00,6.766,0.014,0,0,0,0,v
2014-06-07 11:06,6.771,0.012,0,0,0,0,v
2014-06-07 11:12,6.783,0.014,0,0,0,0,v
2014-06-07 11:18,6.772,0.014,0,0,0,0,v
2014-06-07 11:24,6.762,0.011,0,0,0,0,v
2014-06-07 11:30,6.795,0.013,0,0,0,0,v
2014-06-07 11:36,6.799,0.010,0,0,0,0,v
2014-06-07 11:42,6.780,0.011,0,0,0,0,v
2014-06-07 11:48,6.792,0.013,0,0,0,0,v
2014-06-07 11:54,6.783,0.009,0,0,0,0,v
2014-06-07 12:00,6.799,0.014,0,0,0,0,v
2014-06-07 12:06,6.803,0.012,0,0,0,0,v
2014-06-07 12:12,6.813,0.011,0,0,0,0,v
2014-06-07 12:18,6.800,0.014,0,0,0,0,v
2014-06-07 12:24,6.790,0.012,0,0,0,0,v
2014-06-07 12:30,6.800,0.011,0,0,0,0,v
2014-06-07 12:36,6.821,0.014,0,0,0,0,v
2014-06-07 12:42,6.841,0.012,0,0,0,0,v
2014-06-07 12:48,6.831,0.016,0,0,0,0,v
2014-06-07 12:54,6.841,0.015,0,0,0,0,v
2014-06-07 13:00,6.857,0.014,0,0,0,0,v
2014-06-07 13:06,6.849,0.014,0,0,0,0,v
2014-06-07 13:12,6.845,0.014,0,0,0,0,v
2014-06-07 13:18,6.856,0.014,0,0,0,0,v
2014-06-07 13:24,6.838,0.011,0,0,0,0,v
2014-06-07 13:30,6.819,0.015,0,0,0,0,v
2014-06-07 13:36,6.819,0.014,0,0,0,0,v
2014-06-07 13:42,6.803,0.015,0,0,0,0,v
2014-06-07 13:48,6.819,0.013,0,0,0,0,v
2014-06-07 13:54,6.815,0.015,0,0,0,0,v
2014-06-07 14:00,6.809,0.018,0,0,0,0,v
2014-06-07 14:06,6.811,0.013,0,0,0,0,v
2014-06-07 14:12,6.798,0.019,0,0,0,0,v
2014-06-07 14:18,6.800,0.012,0,0,0,0,v
2014-06-07 14:24,6.808,0.011,0,0,0,0,v
2014-06-07 14:30,6.811,0.013,0,0,0,0,v
2014-06-07 14:36,6.829,0.013,0,0,0,0,v
2014-06-07 14:42,6.833,0.014,0,0,0,0,v
2014-06-07 14:48,6.812,0.012,0,0,0,0,v
2014-06-07 14:54,6.822,0.011,0,0,0,0,v
2014-06-07 15:00,6.818,0.014,0,0,0,0,v
2014-06-07 15:06,6.834,0.014,0,0,0,0,v
2014-06-07 15:12,6.829,0.012,0,0,0,0,v
2014-06-07 15:18,6.809,0.010,0,0,0,0,v
2014-06-07 15:24,6.808,0.013,0,0,0,0,v
2014-06-07 15:30,6.804,0.013,0,0,0,0,v
2014-06-07 15:36,6.804,0.013,0,0,0,0,v
2014-06-07 15:42,6.818,0.012,0,0,0,0,v
2014-06-07 15:48,6.830,0.013,0,0,0,0,v
2014-06-07 15:54,6.825,0.016,0,0,0,0,v
2014-06-07 16:00,6.821,0.013,0,0,0,0,v
2014-06-07 16:06,6.786,0.012,0,0,0,0,v
2014-06-07 16:12,6.797,0.012,0,0,0,0,v
2014-06-07 16:18,6.811,0.010,0,0,0,0,v
2014-06-07 16:24,6.799,0.011,0,0,0,0,v
2014-06-07 16:30,6.815,0.012,0,0,0,0,v
2014-06-07 16:36,6.808,0.009,0,0,0,0,v
2014-06-07 16:42,6.815,0.012,0,0,0,0,v
2014-06-07 16:48,6.821,0.012,0,0,0,0,v
2014-06-07 16:54,6.806,0.015,0,0,0,0,v
2014-06-07 17:00,6.783,0.011,0,0,0,0,v
2014-06-07 17:06,6.781,0.013,0,0,0,0,v
2014-06-07 17:12,6.797,0.013,0,0,0,0,v
2014-06-07 17:18,6.826,0.010,0,0,0,0,v
2014-06-07 17:24,6.820,0.012,0,0,0,0,v
2014-06-07 17:30,6.811,0.013,0,0,0,0,v
2014-06-07 17:36,6.797,0.011,0,0,0,0,v
2014-06-07 17:42,6.786,0.010,0,0,0,0,v
2014-06-07 17:48,6.803,0.014,0,0,0,0,v
2014-06-07 17:54,6.794,0.011,0,0,0,0,v
2014-06-07 18:00,6.773,0.011,0,0,0,0,v
2014-06-07 18:06,6.768,0.011,0,0,0,0,v
2014-06-07 18:12,6.768,0.013,0,0,0,0,v
2014-06-07 18:18,6.765,0.011,0,0,0,0,v
2014-06-07 18:24,6.762,0.009,0,0,0,0,v
2014-06-07 18:30,6.744,0.012,0,0,0,0,v
2014-06-07 18:36,6.733,0.013,0,0,0,0,v
2014-06-07 18:42,6.723,0.015,0,0,0,0,v
2014-06-07 18:48,6.713,0.016,0,0,0,0,v
2014-06-07 18:54,6.721,0.011,0,0,0,0,v
2014-06-07 19:00,6.709,0.014,0,0,0,0,v
2014-06-07 19:06,6.711,0.013,0,0,0,0,v
2014-06-07 19:12,6.706,0.013,0,0,0,0,v
2014-06-07 19:18,6.707,0.015,0,0,0,0,v
2014-06-07 19:24,6.718,0.014,0,0,0,0,v
2014-06-07 19:30,6.707,0.017,0,0,0,0,v
2014-06-07 19:36,6.705,0.015,0,0,0,0,v
2014-06-07 19:42,6.691,0.013,0,0,0,0,v
2014-06-07 19:48,6.701,0.018,0,0,0,0,v
2014-06-07 19:54,6.700,0.017,0,0,0,0,v
2014-06-07 20:00,6.693,0.014,0,0,0,0,v
2014-06-07 20:06,6.672,0.018,0,0,0,0,v
2014-06-07 20:12,6.680,0.016,0,0,0,0,v
2014-06-07 20:18,6.658,0.012,0,0,0,0,v
2014-06-07 20:24,6.635,0.013,0,0,0,0,v
2014-06-07 20:30,6.640,0.014,0,0,0,0,v
2014-06-07 20:36,6.632,0.012,0,0,0,0,v
2014-06-07 20:42,6.612,0.016,0,0,0,0,v
2014-06-07 20:48,6.592,0.012,0,0,0,0,v
2014-06-07 20:54,6.596,0.015,0,0,0,0,v
2014-06-07 21:00,6.619,0.013,0,0,0,0,v
2014-06-07 21:06,6.606,0.015,0,0,0,0,v
2014-06-07 21:12,6.616,0.013,0,0,0,0,v
2014-06-07 21:18,6.618,0.015,0,0,0,0,v
2014-06-07 21:24,6.609,0.013,0,0,0,0,v
2014-06-07 21:30,6.599,0.017,0,0,0,0,v
2014-06-07 21:36,6.610,0.011,0,0,0,0,v
2014-06-07 21:42,6.580,0.011,0,0,0,0,v
2014-06-07 21:48,6.603,0.011,0,0,0,0,v
2014-06-07 21:54,6.602,0.014,0,0,0,0,v
2014-06-07 22:00,6.587,0.013,0,0,0,0,v
2014-06-07 22:06,6.560,0.015,0,0,0,0,v
2014-06-07 22:12,6.561,0.014,0,0,0,0,v
2014-06-07 22:18,6.577,0.012,0,0,0,0,v
2014-06-07 22:24,6.563,0.010,0,0,0,0,v
2014-06-07 22:30,6.559,0.013,0,0,0,0,v
2014-06-07 22:36,6.552,0.013,0,0,0,0,v
2014-06-07 22:42,6.557,0.010,0,0,0,0,v
2014-06-07 22:48,6.567,0.014,0,0,0,0,v
2014-06-07 22:54,6.561,0.011,0,0,0,0,v
2014-06-07 23:00,6.562,0.015,0,0,0,0,v
2014-06-07 23:06,6.551,0.012,0,0,0,0,v
2014-06-07 23:12,6.557,0.011,0,0,0,0,v
2014-06-07 23:18,6.569,0.015,0,0,0,0,v
2014-06-07 23:24,6.579,0.011,0,0,0,0,v
2014-06-07 23:30,6.569,0.012,0,0,0,0,v
2014-06-07 23:36,6.593,0.013,0,0,0,0,v
2014-06-07 23:42,6.590,0.018,0,0,0,0,v
2014-06-07 23:48,6.596,0.016,0,0,0,0,v
2014-06-07 23:54,6.613,0.017,0,0,0,0,v
2014-06-08 00:00,6.600,0.016,0,0,0,0,v
2014-06-08 00:06,6.560,0.011,0,0,0,0,v
2014-06-08 00:12,6.559,0.016,0,0,0,0,v
2014-06-08 00:18,6.562,0.012,0,0,0,0,v
2014-06-08 00:24,6.568,0.013,0,0,0,0,v
2014-06-08 00:30,6.558,0.011,0,0,0,0,v
2014-06-08 00:36,6.556,0.013,0,0,0,0,v
2014-06-08 00:42,6.573,0.011,0,0,0,0,v
2014-06-08 00:48,6.599,0.012,0,0,0,0,v
2014-06-08 00:54,6.605,0.012,0,0,0,0,v
2014-06-08 01:00,6.597,0.013,0,0,0,0,v
2014-06-08 01:06,6.584,0.012,0,0,0,0,v
2014-06-08 01:12,6.584,0.013,0,0,0,0,v
2014-06-08 01:18,6.602,0.010,0,0,0,0,v
2014-06-08 01:24,6.611,0.014,0,0,0,0,v
2014-06-08 01:30,6.606,0.017,0,0,0,0,v
2014-06-08 01:36,6.632,0.018,0,0,0,0,v
2014-06-08 01:42,6.642,0.010,0,0,0,0,v
2014-06-08 01:48,6.640,0.011,0,0,0,0,v
2014-06-08 01:54,6.637,0.011,0,0,0,0,v
2014-06-08 02:00,6.645,0.011,0,0,0,0,v
2014-06-08 02:06,6.643,0.013,0,0,0,0,v
2014-06-08 02:12,6.652,0.011,0,0,0,0,v
2014-06-08 02:18,6.664,0.011,0,0,0,0,v
2014-06-08 02:24,6.683,0.012,0,0,0,0,v
2014-06-08 02:30,6.690,0.012,0,0,0,0,v
2014-06-08 02:36,6.697,0.010,0,0,0,0,v
2014-06-08 02:42,6.704,0.011,0,0,0,0,v
2014-06-08 02:48,6.707,0.011,0,0,0,0,v
2014-06-08 02:54,6.705,0.010,0,0,0,0,v
2014-06-08 03:00,6.714,0.011,0,0,0,0,v
2014-06-08 03:06,6.728,0.012,0,0,0,0,v
2014-06-08 03:12,6.719,0.012,0,0,0,0,v
2014-06-08 03:18,6.723,0.010,0,0,0,0,v
2014-06-08 03:24,6.736,0.013,0,0,0,0,v
2014-06-08 03:30,6.732,0.012,0,0,0,0,v
2014-06-08 03:36,6.729,0.012,0,0,0,0,v
2014-06-08 03:42,6.740,0.010,0,0,0,0,v
2014-06-08 03:48,6.755,0.013,0,0,0,0,v
2014-06-08 03:54,6.747,0.013,0,0,0,0,v
2014-06-08 04:00,6.749,0.010,0,0,0,0,v
2014-06-08 04:06,6.747,0.011,0,0,0,0,v
2014-06-08 04:12,6.766,0.012,0,0,0,0,v
2014-06-08 04:18,6.755,0.011,0,0,0,0,v
2014-06-08 04:24,6.750,0.010,0,0,0,0,v
2014-06-08 04:30,6.765,0.010,0,0,0,0,v
2014-06-08 04:36,6.768,0.012,0,0,0,0,v
2014-06-08 04:42,6.786,0.012,0,0,0,0,v
2014-06-08 04:48,6.788,0.010,0,0,0,0,v
2014-06-08 04:54,6.798,0.010,0,0,0,0,v
2014-06-08 05:00,6.784,0.010,0,0,0,0,v
2014-06-08 05:06,6.777,0.013,0,0,0,0,v
2014-06-08 05:12,6.796,0.009,0,0,0,0,v
2014-06-08 05:18,6.775,0.014,0,0,0,0,v
2014-06-08 05:24,6.772,0.011,0,0,0,0,v
2014-06-08 05:30,6.778,0.012,0,0,0,0,v
2014-06-08 05:36,6.766,0.012,0,0,0,0,v
2014-06-08 05:42,6.772,0.014,0,0,0,0,v
2014-06-08 05:48,6.792,0.011,0,0,0,0,v
2014-06-08 05:54,6.789,0.011,0,0,0,0,v
2014-06-08 06:00,6.806,0.012,0,0,0,0,v
2014-06-08 06:06,6.795,0.012,0,0,0,0,v
2014-06-08 06:12,6.790,0.015,0,0,0,0,v
2014-06-08 06:18,6.802,0.014,0,0,0,0,v
2014-06-08 06:24,6.802,0.012,0,0,0,0,v
2014-06-08 06:30,6.805,0.011,0,0,0,0,v
2014-06-08 06:36,6.820,0.016,0,0,0,0,v
2014-06-08 06:42,6.829,0.015,0,0,0,0,v
2014-06-08 06:48,6.833,0.011,0,0,0,0,v
2014-06-08 06:54,6.832,0.013,0,0,0,0,v
2014-06-08 07:00,6.812,0.017,0,0,0,0,v
2014-06-08 07:06,6.803,0.012,0,0,0,0,v
2014-06-08 07:12,6.795,0.014,0,0,0,0,v
2014-06-08 07:18,6.788,0.011,0,0,0,0,v
2014-06-08 07:24,6.798,0.009,0,0,0,0,v
2014-06-08 07:30,6.792,0.011,0,0,0,0,v
2014-06-08 07:36,6.788,0.013,0,0,0,0,v
2014-06-08 07:42,6.790,0.012,0,0,0,0,v
2014-06-08 07:48,6.788,0.010,0,0,0,0,v
2014-06-08 07:54,6.805,0.012,0,0,0,0,v
2014-06-08 08:00,6.777,0.013,0,0,0,0,v
2014-06-08 08:06,6.778,0.013,0,0,0,0,v
2014-06-08 08:12,6.777,0.013,0,0,0,0,v
2014-06-08 08:18,6.789,0.012,0,0,0,0,v
2014-06-08 08:24,6.794,0.011,0,0,0,0,v
2014-06-08 08:30,6.779,0.016,0,0,0,0,v
2014-06-08 08:36,6.810,0.013,0,0,0,0,v
2014-06-08 08:42,6.801,0.010,0,0,0,0,v
2014-06-08 08:48,6.794,0.015,0,0,0,0,v
2014-06-08 08:54,6.793,0.012,0,0,0,0,v
2014-06-08 09:00,6.814,0.013,0,0,0,0,v
2014-06-08 09:06,6.811,0.011,0,0,0,0,v
2014-06-08 09:12,6.815,0.016,0,0,0,0,v
2014-06-08 09:18,6.822,0.011,0,0,0,0,v
2014-06-08 09:24,6.820,0.011,0,0,0,0,v
2014-06-08 09:30,6.814,0.012,0,0,0,0,v
2014-06-08 09:36,6.806,0.014,0,0,0,0,v
2014-06-08 09:42,6.810,0.012,0,0,0,0,v
2014-06-08 09:48,6.809,0.017,0,0,0,0,v
2014-06-08 09:54,6.813,0.018,0,0,0,0,v
2014-06-08 10:00,6.812,0.013,0,0,0,0,v
2014-06-08 10:06,6.816,0.013,0,0,0,0,v
2014-06-08 10:12,6.840,0.011,0,0,0,0,v
2014-06-08 10:18,6.842,0.016,0,0,0,0,v
2014-06-08 10:24,6.836,0.012,0,0,0,0,v
2014-06-08 10:30,6.851,0.017,0,0,0,0,v
2014-06-08 10:36,6.846,0.016,0,0,0,0,v
2014-06-08 10:42,6.823,0.015,0,0,0,0,v
2014-06-08 10:48,6.822,0.013,0,0,0,0,v
2014-06-08 10:54,6.806,0.012,0,0,0,0,v
2014-06-08 11:00,6.826,0.015,0,0,0,0,v
2014-06-08 11:06,6.841,0.014,0,0,0,0,v
2014-06-08 11:12,6.849,0.014,0,0,0,0,v
2014-06-08 11:18,6.834,0.015,0,0,0,0,v
2014-06-08 11:24,6.838,0.012,0,0,0,0,v
2014-06-08 11:30,6.833,0.012,0,0,0,0,v
2014-06-08 11:36,6.804,0.014,0,0,0,0,v
2014-06-08 11:42,6.806,0.011,0,0,0,0,v
2014-06-08 11:48,6.809,0.015,0,0,0,0,v
2014-06-08 11:54,6.813,0.014,0,0,0,0,v
2014-06-08 12:00,6.784,0.014,0,0,0,0,v
2014-06-08 12:06,6.781,0.010,0,0,0,0,v
2014-06-08 12:12,6.789,0.018,0,0,0,0,v
2014-06-08 12:18,6.787,0.016,0,0,0,0,v
2014-06-08 12:24,6.783,0.017,0,0,0,0,v
2014-06-08 12:30,6.786,0.017,0,0,0,0,v
2014-06-08 12:36,6.793,0.014,0,0,0,0,v
2014-06-08 12:42,6.809,0.021,0,0,0,0,v
2014-06-08 12:48,6.832,0.016,0,0,0,0,v
2014-06-08 12:54,6.818,0.013,0,0,0,0,v
2014-06-08 13:00,6.822,0.012,0,0,0,0,v
2014-06-08 13:06,6.816,0.012,0,0,0,0,v
2014-06-08 13:12,6.812,0.013,0,0,0,0,v
2014-06-08 13:18,6.821,0.017,0,0,0,0,v
2014-06-08 13:24,6.810,0.016,0,0,0,0,v
2014-06-08 13:30,6.817,0.016,0,0,0,0,v
2014-06-08 13:36,6.826,0.012,0,0,0,0,v
2014-06-08 13:42,6.815,0.016,0,0,0,0,v
2014-06-08 13:48,6.814,0.017,0,0,0,0,v
2014-06-08 13:54,6.825,0.014,0,0,0,0,v
2014-06-08 14:00,6.823,0.013,0,0,0,0,v
2014-06-08 14:06,6.835,0.015,0,0,0,0,v
2014-06-08 14:12,6.802,0.016,0,0,0,0,v
2014-06-08 14:18,6.831,0.014,0,0,0,0,v
2014-06-08 14:24,6.842,0.013,0,0,0,0,v
2014-06-08 14:30,6.830,0.015,0,0,0,0,v
2014-06-08 14:36,6.824,0.019,0,0,0,0,v
2014-06-08 14:42,6.826,0.019,0,0,0,0,v
2014-06-08 14:48,6.804,0.015,0,0,0,0,v
2014-06-08 14:54,6.816,0.016,0,0,0,0,v
2014-06-08 15:00,6.832,0.014,0,0,0,0,v
2014-06-08 15:06,6.817,0.011,0,0,0,0,v
2014-06-08 15:12,6.823,0.015,0,0,0,0,v
2014-06-08 15:18,6.832,0.015,0,0,0,0,v
2014-06-08 15:24,6.828,0.014,0,0,0,0,v
2014-06-08 15:30,6.813,0.012,0,0,0,0,v
2014-06-08 15:36,6.798,0.013,0,0,0,0,v
2014-06-08 15:42,6.801,0.012,0,0,0,0,v
2014-06-08 15:48,6.807,0.014,0,0,0,0,v
2014-06-08 15:54,6.801,0.013,0,0,0,0,v
2014-06-08 16:00,6.790,0.013,0,0,0,0,v
2014-06-08 16:06,6.811,0.013,0,0,0,0,v
2014-06-08 16:12,6.815,0.016,0,0,0,0,v
2014-06-08 16:18,6.809,0.018,0,0,0,0,v
2014-06-08 16:24,6.816,0.014,0,0,0,0,v
2014-06-08 16:30,6.813,0.015,0,0,0,0,v
2014-06-08 16:36,6.823,0.014,0,0,0,0,v
2014-06-08 16:42,6.808,0.014,0,0,0,0,v
2014-06-08 16:48,6.801,0.011,0,0,0,0,v
2014-06-08 16:54,6.810,0.013,0,0,0,0,v
2014-06-08 17:00,6.797,0.016,0,0,0,0,v
2014-06-08 17:06,6.795,0.018,0,0,0,0,v
2014-06-08 17:12,6.770,0.012,0,0,0,0,v
2014-06-08 17:18,6.783,0.018,0,0,0,0,v
2014-06-08 17:24,6.799,0.014,0,0,0,0,v
2014-06-08 17:30,6.778,0.015,0,0,0,0,v
2014-06-08 17:36,6.775,0.016,0,0,0,0,v
2014-06-08 17:42,6.767,0.018,0,0,0,0,v
2014-06-08 17:48,6.772,0.013,0,0,0,0,v
2014-06-08 17:54,6.759,0.014,0,0,0,0,v
2014-06-08 18:00,6.752,0.011,0,0,0,0,v
2014-06-08 18:06,6.746,0.018,0,0,0,0,v
2014-06-08 18:12,6.718,0.018,0,0,0,0,v
2014-06-08 18:18,6.710,0.016,0,0,0,0,v
2014-06-08 18:24,6.706,0.013,0,0,0,0,v
2014-06-08 18:30,6.710,0.016,0,0,0,0,v
2014-06-08 18:36,6.706,0.013,0,0,0,0,v
2014-06-08 18:42,6.697,0.015,0,0,0,0,v
2014-06-08 18:48,6.665,0.016,0,0,0,0,v
2014-06-08 18:54,6.651,0.012,0,0,0,0,v
2014-06-08 19:00,6.652,0.013,0,0,0,0,v
2014-06-08 19:06,6.647,0.013,0,0,0,0,v
2014-06-08 19:12,6.642,0.015,0,0,0,0,v
2014-06-08 19:18,6.621,0.013,0,0,0,0,v
2014-06-08 19:24,6.647,0.017,0,0,0,0,v
2014-06-08 19:30,6.632,0.013,0,0,0,0,v
2014-06-08 19:36,6.617,0.017,0,0,0,0,v
2014-06-08 19:42,6.601,0.013,0,0,0,0,v
2014-06-08 19:48,6.585,0.013,0,0,0,0,v
2014-06-08 19:54,6.619,0.011,0,0,0,0,v
2014-06-08 20:00,6.600,0.015,0,0,0,0,v
2014-06-08 20:06,6.578,0.016,0,0,0,0,v
2014-06-08 20:12,6.589,0.013,0,0,0,0,v
2014-06-08 20:18,6.591,0.012,0,0,0,0,v
2014-06-08 20:24,6.587,0.018,0,0,0,0,v
2014-06-08 20:30,6.566,0.013,0,0,0,0,v
2014-06-08 20:36,6.577,0.015,0,0,0,0,v
2014-06-08 20:42,6.581,0.021,0,0,0,0,v
2014-06-08 20:48,6.565,0.013,0,0,0,0,v
2014-06-08 20:54,6.565,0.014,0,0,0,0,v
2014-06-08 21:00,6.572,0.014,0,0,0,0,v
2014-06-08 21:06,6.568,0.012,0,0,0,0,v
2014-06-08 21:12,6.561,0.011,0,0,0,0,v
2014-06-08 21:18,6.569,0.014,0,0,0,0,v
2014-06-08 21:24,6.557,0.010,0,0,0,0,v
2014-06-08 21:30,6.571,0.011,0,0,0,0,v
2014-06-08 21:36,6.577,0.015,0,0,0,0,v
2014-06-08 21:42,6.581,0.012,0,0,0,0,v
2014-06-08 21:48,6.566,0.015,0,0,0,0,v
2014-06-08 21:54,6.573,0.013,0,0,0,0,v
2014-06-08 22:00,6.566,0.019,0,0,0,0,v
2014-06-08 22:06,6.544,0.013,0,0,0,0,v
2014-06-08 22:12,6.535,0.011,0,0,0,0,v
2014-06-08 22:18,6.540,0.013,0,0,0,0,v
2014-06-08 22:24,6.526,0.011,0,0,0,0,v
2014-06-08 22:30,6.499,0.013,0,0,0,0,v
2014-06-08 22:36,6.512,0.011,0,0,0,0,v
2014-06-08 22:42,6.509,0.014,0,0,0,0,v
2014-06-08 22:48,6.519,0.013,0,0,0,0,v
2014-06-08 22:54,6.507,0.014,0,0,0,0,v
2014-06-08 23:00,6.518,0.016,0,0,0,0,v
2014-06-08 23:06,6.529,0.012,0,0,0,0,v
2014-06-08 23:12,6.537,0.012,0,0,0,0,v
2014-06-08 23:18,6.525,0.014,0,0,0,0,v
2014-06-08 23:24,6.533,0.012,0,0,0,0,v
2014-06-08 23:30,6.512,0.010,0,0,0,0,v
2014-06-08 23:36,6.510,0.011,0,0,0,0,v
2014-06-08 23:42,6.495,0.015,0,0,0,0,v
2014-06-08 23:48,6.494,0.013,0,0,0,0,v
2014-06-08 23:54,6.483,0.013,0,0,0,0,v
2014-06-09 00:00,6.490,0.013,0,0,0,0,v
2014-06-09 00:06,6.497,0.012,0,0,0,0,v
2014-06-09 00:12,6.501,0.015,0,0,0,0,v
2014-06-09 00:18,6.494,0.011,0,0,0,0,v
2014-06-09 00:24,6.504,0.012,0,0,0,0,v
2014-06-09 00:30,6.501,0.014,0,0,0,0,v
2014-06-09 00:36,6.492,0.010,0,0,0,0,v
2014-06-09 00:42,6.496,0.010,0,0,0,0,v
2014-06-09 00:48,6.493,0.011,0,0,0,0,v
2014-06-09 00:54,6.502,0.012,0,0,0,0,v
2014-06-09 01:00,6.512,0.010,0,0,0,0,v
2014-06-09 01:06,6.505,0.013,0,0,0,0,v
2014-06-09 01:12,6.500,0.013,0,0,0,0,v
2014-06-09 01:18,6.530,0.015,0,0,0,0,v
2014-06-09 01:24,6.531,0.013,0,0,0,0,v
2014-06-09 01:30,6.537,0.019,0,0,0,0,v
2014-06-09 01:36,6.531,0.011,0,0,0,0,v
2014-06-09 01:42,6.522,0.012,0,0,0,0,v
2014-06-09 01:48,6.529,0.011,0,0,0,0,v
2014-06-09 01:54,6.562,0.010,0,0,0,0,v
2014-06-09 02:00,6.564,0.014,0,0,0,0,v
2014-06-09 02:06,6.572,0.017,0,0,0,0,v
2014-06-09 02:12,6.585,0.013,0,0,0,0,v
2014-06-09 02:18,6.590,0.011,0,0,0,0,v
2014-06-09 02:24,6.606,0.017,0,0,0,0,v
2014-06-09 02:30,6.633,0.012,0,0,0,0,v
2014-06-09 02:36,6.643,0.015,0,0,0,0,v
2014-06-09 02:42,6.629,0.014,0,0,0,0,v
2014-06-09 02:48,6.635,0.019,0,0,0,0,v
2014-06-09 02:54,6.650,0.013,0,0,0,0,v
2014-06-09 03:00,6.657,0.012,0,0,0,0,v
2014-06-09 03:06,6.679,0.015,0,0,0,0,v
2014-06-09 03:12,6.692,0.012,0,0,0,0,v
2014-06-09 03:18,6.671,0.012,0,0,0,0,v
2014-06-09 03:24,6.683,0.015,0,0,0,0,v
2014-06-09 03:30,6.677,0.010,0,0,0,0,v
2014-06-09 03:36,6.686,0.011,0,0,0,0,v
2014-06-09 03:42,6.689,0.013,0,0,0,0,v
2014-06-09 03:48,6.704,0.016,0,0,0,0,v
2014-06-09 03:54,6.724,0.010,0,0,0,0,v
2014-06-09 04:00,6.733,0.010,0,0,0,0,v
2014-06-09 04:06,6.732,0.012,0,0,0,0,v
2014-06-09 04:12,6.726,0.013,0,0,0,0,v
2014-06-09 04:18,6.744,0.013,0,0,0,0,v
2014-06-09 04:24,6.748,0.012,0,0,0,0,v
2014-06-09 04:30,6.741,0.013,0,0,0,0,v
2014-06-09 04:36,6.730,0.011,0,0,0,0,v
2014-06-09 04:42,6.746,0.010,0,0,0,0,v
2014-06-09 04:48,6.756,0.012,0,0,0,0,v
2014-06-09 04:54,6.758,0.012,0,0,0,0,v
2014-06-09 05:00,6.745,0.014,0,0,0,0,v
2014-06-09 05:06,6.752,0.015,0,0,0,0,v
2014-06-09 05:12,6.753,0.011,0,0,0,0,v
2014-06-09 05:18,6.752,0.013,0,0,0,0,v
2014-06-09 05:24,6.743,0.011,0,0,0,0,v
2014-06-09 05:30,6.762,0.014,0,0,0,0,v
2014-06-09 05:36,6.785,0.012,0,0,0,0,v
2014-06-09 05:42,6.774,0.011,0,0,0,0,v
2014-06-09 05:48,6.778,0.012,0,0,0,0,v
2014-06-09 05:54,6.789,0.013,0,0,0,0,v
2014-06-09 06:00,6.803,0.013,0,0,0,0,v
2014-06-09 06:06,6.813,0.013,0,0,0,0,v
2014-06-09 06:12,6.815,0.011,0,0,0,0,v
2014-06-09 06:18,6.836,0.011,0,0,0,0,v
2014-06-09 06:24,6.809,0.013,0,0,0,0,v
2014-06-09 06:30,6.824,0.012,0,0,0,0,v
2014-06-09 06:36,6.821,0.011,0,0,0,0,v
2014-06-09 06:42,6.821,0.012,0,0,0,0,v
2014-06-09 06:48,6.825,0.013,0,0,0,0,v
2014-06-09 06:54,6.823,0.013,0,0,0,0,v
2014-06-09 07:00,6.826,0.011,0,0,0,0,v
2014-06-09 07:06,6.832,0.013,0,0,0,0,v
2014-06-09 07:12,6.824,0.012,0,0,0,0,v
2014-06-09 07:18,6.817,0.013,0,0,0,0,v
2014-06-09 07:24,6.822,0.011,0,0,0,0,v
2014-06-09 07:30,6.827,0.010,0,0,0,0,v
2014-06-09 07:36,6.829,0.012,0,0,0,0,v
2014-06-09 07:42,6.831,0.014,0,0,0,0,v
2014-06-09 07:48,6.862,0.012,0,0,0,0,v
2014-06-09 07:54,6.862,0.014,0,0,0,0,v
2014-06-09 08:00,6.846,0.010,0,0,0,0,v
2014-06-09 08:06,6.847,0.015,0,0,0,0,v
2014-06-09 08:12,6.847,0.012,0,0,0,0,v
2014-06-09 08:18,6.849,0.016,0,0,0,0,v
2014-06-09 08:24,6.844,0.011,0,0,0,0,v
2014-06-09 08:30,6.851,0.011,0,0,0,0,v
2014-06-09 08:36,6.838,0.010,0,0,0,0,v
2014-06-09 08:42,6.840,0.014,0,0,0,0,v
2014-06-09 08:48,6.863,0.014,0,0,0,0,v
2014-06-09 08:54,6.875,0.011,0,0,0,0,v
2014-06-09 09:00,6.853,0.010,0,0,0,0,v
2014-06-09 09:06,6.849,0.011,0,0,0,0,v
2014-06-09 09:12,6.851,0.015,0,0,0,0,v
2014-06-09 09:18,6.849,0.010,0,0,0,0,v
2014-06-09 09:24,6.833,0.017,0,0,0,0,v
2014-06-09 09:30,6.840,0.010,0,0,0,0,v
2014-06-09 09:36,6.831,0.014,0,0,0,0,v
2014-06-09 09:42,6.854,0.009,0,0,0,0,v
2014-06-09 09:48,6.851,0.015,0,0,0,0,v
2014-06-09 09:54,6.845,0.013,0,0,0,0,v
2014-06-09 10:00,6.839,0.000,0,0,0,0,v
2014-06-09 10:06,6.840,0.010,0,0,0,0,v
2014-06-09 10:12,6.837,0.014,0,0,0,0,v
2014-06-09 10:18,6.810,0.012,0,0,0,0,v
2014-06-09 10:24,6.814,0.010,0,0,0,0,v
2014-06-09 10:30,6.820,0.010,0,0,0,0,v
2014-06-09 10:36,6.824,0.013,0,0,0,0,v
2014-06-09 10:42,6.819,0.009,0,0,0,0,v
2014-06-09 10:48,6.815,0.014,0,0,0,0,v
2014-06-09 10:54,6.815,0.011,0,0,0,0,v
2014-06-09 11:00,6.822,0.013,0,0,0,0,v
2014-06-09 11:06,6.818,0.012,0,0,0,0,v
2014-06-09 11:12,6.803,0.011,0,0,0,0,v
2014-06-09 11:18,6.801,0.011,0,0,0,0,v
2014-06-09 11:24,6.810,0.014,0,0,0,0,v
2014-06-09 11:30,6.814,0.013,0,0,0,0,v
2014-06-09 11:36,6.817,0.012,0,0,0,0,v
2014-06-09 11:42,6.814,0.017,0,0,0,0,v
2014-06-09 11:48,6.810,0.011,0,0,0,0,v
2014-06-09 11:54,6.825,0.011,0,0,0,0,v
2014-06-09 12:00,6.815,0.013,0,0,0,0,v
2014-06-09 12:06,6.816,0.014,0,0,0,0,v
2014-06-09 12:12,6.793,0.012,0,0,0,0,v
2014-06-09 12:18,6.789,0.012,0,0,0,0,v
2014-06-09 12:24,6.790,0.016,0,0,0,0,v
2014-06-09 12:30,6.791,0.013,0,0,0,0,v
2014-06-09 12:36,6.791,0.013,0,0,0,0,v
2014-06-09 12:42,6.795,0.017,0,0,0,0,v
2014-06-09 12:48,6.779,0.014,0,0,0,0,v
2014-06-09 12:54,6.795,0.012,0,0,0,0,v
2014-06-09 13:00,6.793,0.014,0,0,0,0,v
2014-06-09 13:06,6.771,0.017,0,0,0,0,v
2014-06-09 13:12,6.791,0.012,0,0,0,0,v
2014-06-09 13:18,6.812,0.016,0,0,0,0,v
2014-06-09 13:24,6.802,0.013,0,0,0,0,v
2014-06-09 13:30,6.814,0.017,0,0,0,0,v
2014-06-09 13:36,6.809,0.014,0,0,0,0,v
2014-06-09 13:42,6.820,0.013,0,0,0,0,v
2014-06-09 13:48,6.810,0.012,0,0,0,0,v
2014-06-09 13:54,6.810,0.014,0,0,0,0,v
2014-06-09 14:00,6.787,0.014,0,0,0,0,v
2014-06-09 14:06,6.774,0.011,0,0,0,0,v
2014-06-09 14:12,6.802,0.012,0,0,0,0,v
2014-06-09 14:18,6.793,0.012,0,0,0,0,v
2014-06-09 14:24,6.786,0.013,0,0,0,0,v
2014-06-09 14:30,6.790,0.017,0,0,0,0,v
2014-06-09 14:36,6.797,0.016,0,0,0,0,v
2014-06-09 14:42,6.790,0.014,0,0,0,0,v
2014-06-09 14:48,6.782,0.014,0,0,0,0,v
2014-06-09 14:54,6.792,0.013,0,0,0,0,v
2014-06-09 15:00,6.815,0.012,0,0,0,0,v
2014-06-09 15:06,6.800,0.014,0,0,0,0,v
2014-06-09 15:12,6.816,0.017,0,0,0,0,v
2014-06-09 15:18,6.822,0.011,0,0,0,0,v
2014-06-09 15:24,6.791,0.014,0,0,0,0,v
2014-06-09 15:30,6.819,0.017,0,0,0,0,v
2014-06-09 15:36,6.800,0.012,0,0,0,0,v
2014-06-09 15:42,6.806,0.015,0,0,0,0,v
2014-06-09 15:48,6.815,0.014,0,0,0,0,v
2014-06-09 15:54,6.810,0.011,0,0,0,0,v
2014-06-09 16:00,6.814,0.018,0,0,0,0,v
2014-06-09 16:06,6.808,0.016,0,0,0,0,v
2014-06-09 16:12,6.796,0.018,0,0,0,0,v
2014-06-09 16:18,6.804,0.019,0,0,0,0,v
2014-06-09 16:24,6.801,0.017,0,0,0,0,v
2014-06-09 16:30,6.802,0.020,0,0,0,0,v
2014-06-09 16:36,6.816,0.016,0,0,0,0,v
2014-06-09 16:42,6.807,0.018,0,0,0,0,v
2014-06-09 16:48,6.817,0.019,0,0,0,0,v
2014-06-09 16:54,6.802,0.014,0,0,0,0,v
2014-06-09 17:00,6.780,0.014,0,0,0,0,v
2014-06-09 17:06,6.794,0.018,0,0,0,0,v
2014-06-09 17:12,6.793,0.021,0,0,0,0,v
2014-06-09 17:18,6.792,0.014,0,0,0,0,v
2014-06-09 17:24,6.785,0.019,0,0,0,0,v
2014-06-09 17:30,6.789,0.016,0,0,0,0,v
2014-06-09 17:36,6.764,0.017,0,0,0,0,v
2014-06-09 17:42,6.768,0.015,0,0,0,0,v
2014-06-09 17:48,6.744,0.017,0,0,0,0,v
2014-06-09 17:54,6.725,0.014,0,0,0,0,v
2014-06-09 18:00,6.746,0.016,0,0,0,0,v
2014-06-09 18:06,6.728,0.018,0,0,0,0,v
2014-06-09 18:12,6.734,0.014,0,0,0,0,v
2014-06-09 18:18,6.730,0.015,0,0,0,0,v
2014-06-09 18:24,6.736,0.013,0,0,0,0,v
2014-06-09 18:30,6.698,0.017,0,0,0,0,v
2014-06-09 18:36,6.694,0.016,0,0,0,0,v
2014-06-09 18:42,6.713,0.014,0,0,0,0,v
2014-06-09 18:48,6.695,0.017,0,0,0,0,v
2014-06-09 18:54,6.677,0.017,0,0,0,0,v
2014-06-09 19:00,6.687,0.015,0,0,0,0,v
2014-06-09 19:06,6.671,0.015,0,0,0,0,v
2014-06-09 19:12,6.659,0.016,0,0,0,0,v
2014-06-09 19:18,6.645,0.015,0,0,0,0,v
2014-06-09 19:24,6.612,0.021,0,0,0,0,v
2014-06-09 19:30,6.628,0.015,0,0,0,0,v
2014-06-09 19:36,6.630,0.016,0,0,0,0,v
2014-06-09 19:42,6.577,0.017,0,0,0,0,v
2014-06-09 19:48,6.603,0.014,0,0,0,0,v
2014-06-09 19:54,6.589,0.014,0,0,0,0,v
2014-06-09 20:00,6.589,0.012,0,0,0,0,v
2014-06-09 20:06,6.587,0.017,0,0,0,0,v
2014-06-09 20:12,6.591,0.015,0,0,0,0,v
2014-06-09 20:18,6.584,0.015,0,0,0,0,v
2014-06-09 20:24,6.588,0.014,0,0,0,0,v
2014-06-09 20:30,6.585,0.015,0,0,0,0,v
2014-06-09 20:36,6.583,0.018,0,0,0,0,v
2014-06-09 20:42,6.592,0.014,0,0,0,0,v
2014-06-09 20:48,6.587,0.013,0,0,0,0,v
2014-06-09 20:54,6.547,0.012,0,0,0,0,v
2014-06-09 21:00,6.544,0.015,0,0,0,0,v
2014-06-09 21:06,6.536,0.017,0,0,0,0,v
2014-06-09 21:12,6.536,0.019,0,0,0,0,v
2014-06-09 21:18,6.532,0.015,0,0,0,0,v
2014-06-09 21:24,6.548,0.016,0,0,0,0,v
2014-06-09 21:30,6.571,0.017,0,0,0,0,v
2014-06-09 21:36,6.568,0.018,0,0,0,0,v
2014-06-09 21:42,6.547,0.016,0,0,0,0,v
2014-06-09 21:48,6.527,0.016,0,0,0,0,v
2014-06-09 21:54,6.525,0.014,0,0,0,0,v
2014-06-09 22:00,6.526,0.014,0,0,0,0,v
2014-06-09 22:06,6.505,0.019,0,0,0,0,v
2014-06-09 22:12,6.474,0.013,0,0,0,0,v
2014-06-09 22:18,6.495,0.014,0,0,0,0,v
2014-06-09 22:24,6.482,0.013,0,0,0,0,v
2014-06-09 22:30,6.471,0.014,0,0,0,0,v
2014-06-09 22:36,6.448,0.015,0,0,0,0,v
2014-06-09 22:42,6.449,0.016,0,0,0,0,v
2014-06-09 22:48,6.449,0.015,0,0,0,0,v
2014-06-09 22:54,6.438,0.016,0,0,0,0,v
2014-06-09 23:00,6.440,0.014,0,0,0,0,v
2014-06-09 23:06,6.422,0.014,0,0,0,0,v
2014-06-09 23:12,6.419,0.016,0,0,0,0,v
2014-06-09 23:18,6.435,0.013,0,0,0,0,v
2014-06-09 23:24,6.425,0.013,0,0,0,0,v
2014-06-09 23:30,6.433,0.018,0,0,0,0,v
2014-06-09 23:36,6.413,0.013,0,0,0,0,v
2014-06-09 23:42,6.420,0.016,0,0,0,0,v
2014-06-09 23:48,6.418,0.018,0,0,0,0,v
2014-06-09 23:54,6.427,0.016,0,0,0,0,v
2014-06-10 00:00,6.440,0.017,0,0,0,0,v
2014-06-10 00:06,6.450,0.015,0,0,0,0,v
2014-06-10 00:12,6.455,0.017,0,0,0,0,v
2014-06-10 00:18,6.476,0.019,0,0,0,0,v
2014-06-10 00:24,6.458,0.019,0,0,0,0,v
2014-06-10 00:30,6.436,0.015,0,0,0,0,v
2014-06-10 00:36,6.452,0.019,0,0,0,0,v
2014-06-10 00:42,6.419,0.017,0,0,0,0,v
2014-06-10 00:48,6.431,0.014,0,0,0,0,v
2014-06-10 00:54,6.434,0.017,0,0,0,0,v
2014-06-10 01:00,6.444,0.016,0,0,0,0,v
2014-06-10 01:06,6.436,0.015,0,0,0,0,v
2014-06-10 01:12,6.428,0.016,0,0,0,0,v
2014-06-10 01:18,6.468,0.022,0,0,0,0,v
2014-06-10 01:24,6.498,0.020,0,0,0,0,v
2014-06-10 01:30,6.458,0.016,0,0,0,0,v
2014-06-10 01:36,6.474,0.015,0,0,0,0,v
2014-06-10 01:42,6.493,0.013,0,0,0,0,v
2014-06-10 01:48,6.492,0.014,0,0,0,0,v
2014-06-10 01:54,6.489,0.018,0,0,0,0,v
2014-06-10 02:00,6.505,0.018,0,0,0,0,v
2014-06-10 02:06,6.525,0.019,0,0,0,0,v
2014-06-10 02:12,6.532,0.016,0,0,0,0,v
2014-06-10 02:18,6.524,0.013,0,0,0,0,v
2014-06-10 02:24,6.538,0.015,0,0,0,0,v
2014-06-10 02:30,6.511,0.014,0,0,0,0,v
2014-06-10 02:36,6.522,0.018,0,0,0,0,v
2014-06-10 02:42,6.544,0.013,0,0,0,0,v
2014-06-10 02:48,6.556,0.021,0,0,0,0,v
2014-06-10 02:54,6.576,0.015,0,0,0,0,v
2014-06-10 03:00,6.565,0.017,0,0,0,0,v
2014-06-10 03:06,6.596,0.013,0,0,0,0,v
2014-06-10 03:12,6.594,0.012,0,0,0,0,v
2014-06-10 03:18,6.589,0.015,0,0,0,0,v
2014-06-10 03:24,6.579,0.014,0,0,0,0,v
2014-06-10 03:30,6.581,0.017,0,0,0,0,v
2014-06-10 03:36,6.607,0.015,0,0,0,0,v
2014-06-10 03:42,6.613,0.016,0,0,0,0,v
2014-06-10 03:48,6.646,0.019,0,0,0,0,v
2014-06-10 03:54,6.636,0.013,0,0,0,0,v
2014-06-10 04:00,6.632,0.014,0,0,0,0,v
2014-06-10 04:06,6.650,0.013,0,0,0,0,v
2014-06-10 04:12,6.654,0.012,0,0,0,0,v
2014-06-10 04:18,6.649,0.015,0,0,0,0,v
2014-06-10 04:24,6.663,0.015,0,0,0,0,v
2014-06-10 04:30,6.695,0.011,0,0,0,0,v
2014-06-10 04:36,6.710,0.016,0,0,0,0,v
2014-06-10 04:42,6.700,0.013,0,0,0,0,v
2014-06-10 04:48,6.705,0.015,0,0,0,0,v
2014-06-10 04:54,6.698,0.013,0,0,0,0,v
2014-06-10 05:00,6.692,0.012,0,0,0,0,v
2014-06-10 05:06,6.712,0.013,0,0,0,0,v
2014-06-10 05:12,6.720,0.018,0,0,0,0,v
2014-06-10 05:18,6.702,0.015,0,0,0,0,v
2014-06-10 05:24,6.715,0.016,0,0,0,0,v
2014-06-10 05:30,6.759,0.013,0,0,0,0,v
2014-06-10 05:36,6.760,0.012,0,0,0,0,v
2014-06-10 05:42,6.764,0.016,0,0,0,0,v
2014-06-10 05:48,6.790,0.013,0,0,0,0,v
2014-06-10 05:54,6.797,0.011,0,0,0,0,v
2014-06-10 06:00,6.817,0.014,0,0,0,0,v
2014-06-10 06:06,6.835,0.013,0,0,0,0,v
2014-06-10 06:12,6.836,0.014,0,0,0,0,v
2014-06-10 06:18,6.835,0.019,0,0,0,0,v
2014-06-10 06:24,6.850,0.014,0,0,0,0,v
2014-06-10 06:30,6.825,0.014,0,0,0,0,v
2014-06-10 06:36,6.810,0.018,0,0,0,0,v
2014-06-10 06:42,6.824,0.011,0,0,0,0,v
2014-06-10 06:48,6.851,0.017,0,0,0,0,v
2014-06-10 06:54,6.846,0.018,0,0,0,0,v
2014-06-10 07:00,6.844,0.024,0,0,0,0,v
2014-06-10 07:06,6.862,0.020,0,0,0,0,v
2014-06-10 07:12,6.883,0.018,0,0,0,0,v
2014-06-10 07:18,6.877,0.019,0,0,0,0,v
2014-06-10 07:24,6.898,0.017,0,0,0,0,v
2014-06-10 07:30,6.889,0.019,0,0,0,0,v
2014-06-10 07:36,6.890,0.020,0,0,0,0,v
2014-06-10 07:42,6.909,0.014,0,0,0,0,v
2014-06-10 07:48,6.909,0.019,0,0,0,0,v
2014-06-10 07:54,6.916,0.016,0,0,0,0,v
2014-06-10 08:00,6.931,0.017,0,0,0,0,v
2014-06-10 08:06,6.921,0.017,0,0,0,0,v
2014-06-10 08:12,6.916,0.020,0,0,0,0,v
2014-06-10 08:18,6.912,0.014,0,0,0,0,v
2014-06-10 08:24,6.904,0.018,0,0,0,0,v
2014-06-10 08:30,6.897,0.018,0,0,0,0,v
2014-06-10 08:36,6.891,0.018,0,0,0,0,v
2014-06-10 08:42,6.914,0.020,0,0,0,0,v
2014-06-10 08:48,6.890,0.016,0,0,0,0,v
2014-06-10 08:54,6.875,0.015,0,0,0,0,v
2014-06-10 09:00,6.868,0.018,0,0,0,0,v
2014-06-10 09:06,6.901,0.017,0,0,0,0,v
2014-06-10 09:12,6.885,0.018,0,0,0,0,v
2014-06-10 09:18,6.862,0.015,0,0,0,0,v
2014-06-10 09:24,6.885,0.021,0,0,0,0,v
2014-06-10 09:30,6.895,0.019,0,0,0,0,v
2014-06-10 09:36,6.887,0.017,0,0,0,0,v
2014-06-10 09:42,6.870,0.016,0,0,0,0,v
2014-06-10 09:48,6.860,0.016,0,0,0,0,v
2014-06-10 09:54,6.864,0.014,0,0,0,0,v
2014-06-10 10:00,6.858,0.014,0,0,0,0,v
2014-06-10 10:06,6.851,0.016,0,0,0,0,v
2014-06-10 10:12,6.848,0.017,0,0,0,0,v
2014-06-10 10:18,6.858,0.017,0,0,0,0,v
2014-06-10 10:24,6.823,0.015,0,0,0,0,v
2014-06-10 10:30,6.801,0.014,0,0,0,0,v
2014-06-10 10:36,6.828,0.017,0,0,0,0,v
2014-06-10 10:42,6.850,0.016,0,0,0,0,v
2014-06-10 10:48,6.852,0.014,0,0,0,0,v
2014-06-10 10:54,6.844,0.013,0,0,0,0,v
2014-06-10 11:00,6.847,0.016,0,0,0,0,v
2014-06-10 11:06,6.870,0.018,0,0,0,0,v
2014-06-10 11:12,6.882,0.017,0,0,0,0,v
2014-06-10 11:18,6.874,0.016,0,0,0,0,v
2014-06-10 11:24,6.876,0.018,0,0,0,0,v
2014-06-10 11:30,6.874,0.017,0,0,0,0,v
2014-06-10 11:36,6.853,0.015,0,0,0,0,v
2014-06-10 11:42,6.848,0.018,0,0,0,0,v
2014-06-10 11:48,6.828,0.019,0,0,0,0,v
2014-06-10 11:54,6.822,0.019,0,0,0,0,v
2014-06-10 12:00,6.838,0.024,0,0,0,0,v
2014-06-10 12:06,6.851,0.021,0,0,0,0,v
2014-06-10 12:12,6.835,0.020,0,0,0,0,v
2014-06-10 12:18,6.823,0.021,0,0,0,0,v
2014-06-10 12:24,6.817,0.019,0,0,0,0,v
2014-06-10 12:30,6.804,0.017,0,0,0,0,v
2014-06-10 12:36,6.802,0.016,0,0,0,0,v
2014-06-10 12:42,6.798,0.018,0,0,0,0,v
2014-06-10 12:48,6.818,0.020,0,0,0,0,v
2014-06-10 12:54,6.839,0.018,0,0,0,0,v
2014-06-10 13:00,6.843,0.019,0,0,0,0,v
2014-06-10 13:06,6.857,0.020,0,0,0,0,v
2014-06-10 13:12,6.831,0.017,0,0,0,0,v
2014-06-10 13:18,6.817,0.016,0,0,0,0,v
2014-06-10 13:24,6.839,0.018,0,0,0,0,v
2014-06-10 13:30,6.830,0.016,0,0,0,0,v
2014-06-10 13:36,6.798,0.018,0,0,0,0,v
2014-06-10 13:42,6.791,0.015,0,0,0,0,v
2014-06-10 13:48,6.809,0.017,0,0,0,0,v
2014-06-10 13:54,6.785,0.018,0,0,0,0,v
2014-06-10 14:00,6.812,0.017,0,0,0,0,v
2014-06-10 14:06,6.796,0.014,0,0,0,0,v
2014-06-10 14:12,6.804,0.019,0,0,0,0,v
2014-06-10 14:18,6.787,0.016,0,0,0,0,v
2014-06-10 14:24,6.804,0.016,0,0,0,0,v
2014-06-10 14:30,6.809,0.014,0,0,0,0,v
2014-06-10 14:36,6.820,0.018,0,0,0,0,v
2014-06-10 14:42,6.824,0.016,0,0,0,0,v
2014-06-10 14:48,6.857,0.015,0,0,0,0,v
2014-06-10 14:54,6.826,0.017,0,0,0,0,v
2014-06-10 15:00,6.808,0.017,0,0,0,0,v
2014-06-10 15:06,6.791,0.015,0,0,0,0,v
2014-06-10 15:12,6.754,0.016,0,0,0,0,v
2014-06-10 15:18,6.739,0.019,0,0,0,0,v
2014-06-10 15:24,6.733,0.017,0,0,0,0,v
2014-06-10 15:30,6.729,0.023,0,0,0,0,v
2014-06-10 15:36,6.736,0.017,0,0,0,0,v
2014-06-10 15:42,6.760,0.014,0,0,0,0,v
2014-06-10 15:48,6.753,0.018,0,0,0,0,v
2014-06-10 15:54,6.750,0.020,0,0,0,0,v
2014-06-10 16:00,6.777,0.017,0,0,0,0,v
2014-06-10 16:06,6.788,0.018,0,0,0,0,v
2014-06-10 16:12,6.769,0.016,0,0,0,0,v
2014-06-10 16:18,6.790,0.015,0,0,0,0,v
2014-06-10 16:24,6.814,0.018,0,0,0,0,v
2014-06-10 16:30,6.831,0.016,0,0,0,0,v
2014-06-10 16:36,6.816,0.016,0,0,0,0,v
2014-06-10 16:42,6.819,0.015,0,0,0,0,v
2014-06-10 16:48,6.794,0.015,0,0,0,0,v
2014-06-10 16:54,6.798,0.018,0,0,0,0,v
2014-06-10 17:00,6.807,0.014,0,0,0,0,v
2014-06-10 17:06,6.816,0.017,0,0,0,0,v
2014-06-10 17:12,6.812,0.021,0,0,0,0,v
2014-06-10 17:18,6.824,0.016,0,0,0,0,v
2014-06-10 17:24,6.815,0.017,0,0,0,0,v
2014-06-10 17:30,6.780,0.020,0,0,0,0,v
2014-06-10 17:36,6.762,0.018,0,0,0,0,v
2014-06-10 17:42,6.781,0.015,0,0,0,0,v
2014-06-10 17:48,6.746,0.017,0,0,0,0,v
2014-06-10 17:54,6.750,0.015,0,0,0,0,v
2014-06-10 18:00,6.739,0.015,0,0,0,0,v
2014-06-10 18:06,6.721,0.019,0,0,0,0,v
2014-06-10 18:12,6.714,0.016,0,0,0,0,v
2014-06-10 18:18,6.717,0.017,0,0,0,0,v
2014-06-10 18:24,6.721,0.015,0,0,0,0,v
2014-06-10 18:30,6.718,0.020,0,0,0,0,v
2014-06-10 18:36,6.732,0.015,0,0,0,0,v
2014-06-10 18:42,6.721,0.018,0,0,0,0,v
2014-06-10 18:48,6.709,0.015,0,0,0,0,v
2014-06-10 18:54,6.700,0.012,0,0,0,0,v
2014-06-10 19:00,6.695,0.017,0,0,0,0,v
2014-06-10 19:06,6.640,0.016,0,0,0,0,v
2014-06-10 19:12,6.656,0.017,0,0,0,0,v
2014-06-10 19:18,6.641,0.014,0,0,0,0,v
2014-06-10 19:24,6.645,0.015,0,0,0,0,v
2014-06-10 19:30,6.621,0.015,0,0,0,0,v
2014-06-10 19:36,6.606,0.016,0,0,0,0,v
2014-06-10 19:42,6.606,0.013,0,0,0,0,v
2014-06-10 19:48,6.613,0.016,0,0,0,0,v
2014-06-10 19:54,6.593,0.016,0,0,0,0,v
2014-06-10 20:00,6.577,0.016,0,0,0,0,v
2014-06-10 20:06,6.553,0.014,0,0,0,0,v
2014-06-10 20:12,6.553,0.017,0,0,0,0,v
2014-06-10 20:18,6.532,0.014,0,0,0,0,v
2014-06-10 20:24,6.542,0.016,0,0,0,0,v
2014-06-10 20:30,6.551,0.014,0,0,0,0,v
2014-06-10 20:36,6.520,0.016,0,0,0,0,v
2014-06-10 20:42,6.536,0.015,0,0,0,0,v
2014-06-10 20:48,6.536,0.014,0,0,0,0,v
2014-06-10 20:54,6.542,0.016,0,0,0,0,v
2014-06-10 21:00,6.535,0.014,0,0,0,0,v
2014-06-10 21:06,6.534,0.014,0,0,0,0,v
2014-06-10 21:12,6.528,0.017,0,0,0,0,v
2014-06-10 21:18,6.511,0.015,0,0,0,0,v
2014-06-10 21:24,6.505,0.019,0,0,0,0,v
2014-06-10 21:30,6.503,0.015,0,0,0,0,v
2014-06-10 21:36,6.471,0.015,0,0,0,0,v
2014-06-10 21:42,6.456,0.013,0,0,0,0,v
2014-06-10 21:48,6.458,0.015,0,0,0,0,v
2014-06-10 21:54,6.472,0.016,0,0,0,0,v
2014-06-10 22:00,6.464,0.015,0,0,0,0,v
2014-06-10 22:06,6.456,0.016,0,0,0,0,v
2014-06-10 22:12,6.423,0.015,0,0,0,0,v
2014-06-10 22:18,6.429,0.012,0,0,0,0,v
2014-06-10 22:24,6.424,0.014,0,0,0,0,v
2014-06-10 22:30,6.411,0.012,0,0,0,0,v
2014-06-10 22:36,6.407,0.014,0,0,0,0,v
2014-06-10 22:42,6.394,0.015,0,0,0,0,v
2014-06-10 22:48,6.395,0.014,0,0,0,0,v
2014-06-10 22:54,6.384,0.017,0,0,0,0,v
2014-06-10 23:00,6.364,0.017,0,0,0,0,v
2014-06-10 23:06,6.360,0.016,0,0,0,0,v
2014-06-10 23:12,6.334,0.013,0,0,0,0,v
2014-06-10 23:18,6.330,0.014,0,0,0,0,v
2014-06-10 23:24,6.331,0.017,0,0,0,0,v
2014-06-10 23:30,6.318,0.015,0,0,0,0,v
2014-06-10 23:36,6.312,0.015,0,0,0,0,v
2014-06-10 23:42,6.309,0.015,0,0,0,0,v
2014-06-10 23:48,6.329,0.016,0,0,0,0,v
2014-06-10 23:54,6.347,0.014,0,0,0,0,v
2014-06-11 00:00,6.336,0.016,0,0,0,0,v
2014-06-11 00:06,6.321,0.014,0,0,0,0,v
2014-06-11 00:12,6.332,0.015,0,0,0,0,v
2014-06-11 00:18,6.314,0.016,0,0,0,0,v
2014-06-11 00:24,6.305,0.014,0,0,0,0,v
2014-06-11 00:30,6.292,0.015,0,0,0,0,v
2014-06-11 00:36,6.292,0.012,0,0,0,0,v
2014-06-11 00:42,6.306,0.016,0,0,0,0,v
2014-06-11 00:48,6.290,0.016,0,0,0,0,v
2014-06-11 00:54,6.294,0.017,0,0,0,0,v
2014-06-11 01:00,6.299,0.015,0,0,0,0,v
2014-06-11 01:06,6.298,0.016,0,0,0,0,v
2014-06-11 01:12,6.291,0.014,0,0,0,0,v
2014-06-11 01:18,6.288,0.015,0,0,0,0,v
2014-06-11 01:24,6.288,0.019,0,0,0,0,v
2014-06-11 01:30,6.293,0.013,0,0,0,0,v
2014-06-11 01:36,6.306,0.013,0,0,0,0,v
2014-06-11 01:42,6.302,0.014,0,0,0,0,v
2014-06-11 01:48,6.301,0.016,0,0,0,0,v
2014-06-11 01:54,6.299,0.017,0,0,0,0,v
2014-06-11 02:00,6.303,0.011,0,0,0,0,v
2014-06-11 02:06,6.313,0.012,0,0,0,0,v
2014-06-11 02:12,6.330,0.015,0,0,0,0,v
2014-06-11 02:18,6.338,0.017,0,0,0,0,v
2014-06-11 02:24,6.328,0.012,0,0,0,0,v
2014-06-11 02:30,6.329,0.014,0,0,0,0,v
2014-06-11 02:36,6.354,0.012,0,0,0,0,v
2014-06-11 02:42,6.343,0.015,0,0,0,0,v
2014-06-11 02:48,6.336,0.013,0,0,0,0,v
2014-06-11 02:54,6.346,0.015,0,0,0,0,v
2014-06-11 03:00,6.372,0.014,0,0,0,0,v
2014-06-11 03:06,6.406,0.017,0,0,0,0,v
2014-06-11 03:12,6.414,0.014,0,0,0,0,v
2014-06-11 03:18,6.445,0.013,0,0,0,0,v
2014-06-11 03:24,6.437,0.014,0,0,0,0,v
2014-06-11 03:30,6.435,0.016,0,0,0,0,v
2014-06-11 03:36,6.469,0.015,0,0,0,0,v
2014-06-11 03:42,6.477,0.016,0,0,0,0,v
2014-06-11 03:48,6.501,0.016,0,0,0,0,v
2014-06-11 03:54,6.483,0.012,0,0,0,0,v
2014-06-11 04:00,6.505,0.015,0,0,0,0,v
2014-06-11 04:06,6.518,0.012,0,0,0,0,v
2014-06-11 04:12,6.527,0.014,0,0,0,0,v
2014-06-11 04:18,6.547,0.016,0,0,0,0,v
2014-06-11 04:24,6.513,0.019,0,0,0,0,v
2014-06-11 04:30,6.496,0.016,0,0,0,0,v
2014-06-11 04:36,6.565,0.017,0,0,0,0,v
2014-06-11 04:42,6.604,0.017,0,0,0,0,v
2014-06-11 04:48,6.598,0.015,0,0,0,0,v
2014-06-11 04:54,6.606,0.016,0,0,0,0,v
2014-06-11 05:00,6.616,0.018,0,0,0,0,v
2014-06-11 05:06,6.611,0.018,0,0,0,0,v
2014-06-11 05:12,6.604,0.016,0,0,0,0,v
2014-06-11 05:18,6.607,0.015,0,0,0,0,v
2014-06-11 05:24,6.611,0.016,0,0,0,0,v
2014-06-11 05:30,6.625,0.016,0,0,0,0,v
2014-06-11 05:36,6.631,0.017,0,0,0,0,v
2014-06-11 05:42,6.647,0.015,0,0,0,0,v
2014-06-11 05:48,6.653,0.012,0,0,0,0,v
2014-06-11 05:54,6.636,0.014,0,0,0,0,v
2014-06-11 06:00,6.650,0.012,0,0,0,0,v
2014-06-11 06:06,6.671,0.016,0,0,0,0,v
2014-06-11 06:12,6.686,0.011,0,0,0,0,v
2014-06-11 06:18,6.684,0.012,0,0,0,0,v
2014-06-11 06:24,6.695,0.017,0,0,0,0,v
2014-06-11 06:30,6.700,0.015,0,0,0,0,v
2014-06-11 06:36,6.726,0.017,0,0,0,0,v
2014-06-11 06:42,6.745,0.016,0,0,0,0,v
2014-06-11 06:48,6.735,0.014,0,0,0,0,v
2014-06-11 06:54,6.734,0.015,0,0,0,0,v
2014-06-11 07:00,6.738,0.015,0,0,0,0,v
2014-06-11 07:06,6.760,0.016,0,0,0,0,v
2014-06-11 07:12,6.759,0.019,0,0,0,0,v
2014-06-11 07:18,6.750,0.016,0,0,0,0,v
2014-06-11 07:24,6.761,0.022,0,0,0,0,v
2014-06-11 07:30,6.761,0.016,0,0,0,0,v
2014-06-11 07:36,6.748,0.015,0,0,0,0,v
2014-06-11 07:42,6.774,0.017,0,0,0,0,v
2014-06-11 07:48,6.795,0.015,0,0,0,0,v
2014-06-11 07:54,6.808,0.022,0,0,0,0,v
2014-06-11 08:00,6.816,0.015,0,0,0,0,v
2014-06-11 08:06,6.803,0.017,0,0,0,0,v
2014-06-11 08:12,6.792,0.020,0,0,0,0,v
2014-06-11 08:18,6.800,0.017,0,0,0,0,v
2014-06-11 08:24,6.822,0.017,0,0,0,0,v
2014-06-11 08:30,6.804,0.020,0,0,0,0,v
2014-06-11 08:36,6.816,0.020,0,0,0,0,v
2014-06-11 08:42,6.822,0.013,0,0,0,0,v
2014-06-11 08:48,6.817,0.016,0,0,0,0,v
2014-06-11 08:54,6.827,0.011,0,0,0,0,v
2014-06-11 09:00,6.829,0.014,0,0,0,0,v
2014-06-11 09:06,6.816,0.014,0,0,0,0,v
2014-06-11 09:12,6.808,0.014,0,0,0,0,v
2014-06-11 09:18,6.803,0.013,0,0,0,0,v
2014-06-11 09:24,6.822,0.016,0,0,0,0,v
2014-06-11 09:30,6.800,0.016,0,0,0,0,v
2014-06-11 09:36,6.806,0.014,0,0,0,0,v
2014-06-11 09:42,6.800,0.016,0,0,0,0,v
2014-06-11 09:48,6.803,0.013,0,0,0,0,v
2014-06-11 09:54,6.818,0.014,0,0,0,0,v
2014-06-11 10:00,6.814,0.013,0,0,0,0,v
2014-06-11 10:06,6.826,0.011,0,0,0,0,v
2014-06-11 10:12,6.838,0.010,0,0,0,0,v
2014-06-11 10:18,6.823,0.011,0,0,0,0,v
2014-06-11 10:24,6.828,0.013,0,0,0,0,v
2014-06-11 10:30,6.824,0.012,0,0,0,0,v
2014-06-11 10:36,6.809,0.012,0,0,0,0,v
2014-06-11 10:42,6.813,0.010,0,0,0,0,v
2014-06-11 10:48,6.794,0.011,0,0,0,0,v
2014-06-11 10:54,6.793,0.015,0,0,0,0,v
2014-06-11 11:00,6.785,0.012,0,0,0,0,v
2014-06-11 11:06,6.795,0.009,0,0,0,0,v
2014-06-11 11:12,6.815,0.009,0,0,0,0,v
2014-06-11 11:18,6.803,0.011,0,0,0,0,v
2014-06-11 11:24,6.793,0.011,0,0,0,0,v
2014-06-11 11:30,6.794,0.013,0,0,0,0,v
2014-06-11 11:36,6.802,0.011,0,0,0,0,v
2014-06-11 11:42,6.800,0.014,0,0,0,0,v
2014-06-11 11:48,6.800,0.010,0,0,0,0,v
2014-06-11 11:54,6.801,0.012,0,0,0,0,v
2014-06-11 12:00,6.795,0.012,0,0,0,0,v
2014-06-11 12:06,6.790,0.011,0,0,0,0,v
2014-06-11 12:12,6.801,0.010,0,0,0,0,v
2014-06-11 12:18,6.803,0.011,0,0,0,0,v
2014-06-11 12:24,6.801,0.011,0,0,0,0,v
2014-06-11 12:30,6.791,0.011,0,0,0,0,v
2014-06-11 12:36,6.784,0.009,0,0,0,0,v
2014-06-11 12:42,6.782,0.008,0,0,0,0,v
2014-06-11 12:48,6.783,0.009,0,0,0,0,v
2014-06-11 12:54,6.776,0.011,0,0,0,0,v
2014-06-11 13:00,6.782,0.011,0,0,0,0,v
2014-06-11 13:06,6.753,0.015,0,0,0,0,v
2014-06-11 13:12,6.758,0.009,0,0,0,0,v
2014-06-11 13:18,6.755,0.011,0,0,0,0,v
2014-06-11 13:24,6.762,0.010,0,0,0,0,v
2014-06-11 13:30,6.770,0.011,0,0,0,0,v
2014-06-11 13:36,6.771,0.010,0,0,0,0,v
2014-06-11 13:42,6.763,0.013,0,0,0,0,v
2014-06-11 13:48,6.761,0.011,0,0,0,0,v
2014-06-11 13:54,6.737,0.010,0,0,0,0,v
2014-06-11 14:00,6.748,0.012,0,0,0,0,v
2014-06-11 14:06,6.748,0.015,0,0,0,0,v
2014-06-11 14:12,6.744,0.009,0,0,0,0,v
2014-06-11 14:18,6.744,0.010,0,0,0,0,v
2014-06-11 14:24,6.735,0.011,0,0,0,0,v
2014-06-11 14:30,6.734,0.010,0,0,0,0,v
2014-06-11 14:36,6.738,0.010,0,0,0,0,v
2014-06-11 14:42,6.727,0.012,0,0,0,0,v
2014-06-11 14:48,6.729,0.011,0,0,0,0,v
2014-06-11 14:54,6.707,0.011,0,0,0,0,v
2014-06-11 15:00,6.715,0.009,0,0,0,0,v
2014-06-11 15:06,6.717,0.008,0,0,0,0,v
2014-06-11 15:12,6.708,0.013,0,0,0,0,v
2014-06-11 15:18,6.690,0.009,0,0,0,0,v
2014-06-11 15:24,6.700,0.011,0,0,0,0,v
2014-06-11 15:30,6.709,0.010,0,0,0,0,v
2014-06-11 15:36,6.717,0.013,0,0,0,0,v
2014-06-11 15:42,6.706,0.012,0,0,0,0,v
2014-06-11 15:48,6.693,0.013,0,0,0,0,v
2014-06-11 15:54,6.683,0.014,0,0,0,0,v
2014-06-11 16:00,6.692,0.011,0,0,0,0,v
2014-06-11 16:06,6.720,0.012,0,0,0,0,v
2014-06-11 16:12,6.729,0.012,0,0,0,0,v
2014-06-11 16:18,6.730,0.010,0,0,0,0,v
2014-06-11 16:24,6.743,0.011,0,0,0,0,v
2014-06-11 16:30,6.738,0.009,0,0,0,0,v
2014-06-11 16:36,6.750,0.012,0,0,0,0,v
2014-06-11 16:42,6.740,0.010,0,0,0,0,v
2014-06-11 16:48,6.742,0.010,0,0,0,0,v
2014-06-11 16:54,6.714,0.012,0,0,0,0,v
2014-06-11 17:00,6.708,0.011,0,0,0,0,v
2014-06-11 17:06,6.724,0.012,0,0,0,0,v
2014-06-11 17:12,6.744,0.011,0,0,0,0,v
2014-06-11 17:18,6.722,0.012,0,0,0,0,v
2014-06-11 17:24,6.724,0.010,0,0,0,0,v
2014-06-11 17:30,6.708,0.010,0,0,0,0,v
2014-06-11 17:36,6.717,0.012,0,0,0,0,v
2014-06-11 17:42,6.712,0.010,0,0,0,0,v
2014-06-11 17:48,6.724,0.010,0,0,0,0,v
2014-06-11 17:54,6.723,0.011,0,0,0,0,v
2014-06-11 18:00,6.720,0.010,0,0,0,0,v
2014-06-11 18:06,6.707,0.011,0,0,0,0,v
2014-06-11 18:12,6.707,0.012,0,0,0,0,v
2014-06-11 18:18,6.705,0.011,0,0,0,0,v
2014-06-11 18:24,6.705,0.010,0,0,0,0,v
2014-06-11 18:30,6.699,0.010,0,0,0,0,v
2014-06-11 18:36,6.680,0.012,0,0,0,0,v
2014-06-11 18:42,6.674,0.009,0,0,0,0,v
2014-06-11 18:48,6.677,0.011,0,0,0,0,v
2014-06-11 18:54,6.671,0.009,0,0,0,0,v
2014-06-11 19:00,6.673,0.013,0,0,0,0,v
2014-06-11 19:06,6.673,0.008,0,0,0,0,v
2014-06-11 19:12,6.660,0.012,0,0,0,0,v
2014-06-11 19:18,6.649,0.008,0,0,0,0,v
2014-06-11 19:24,6.620,0.013,0,0,0,0,v
2014-06-11 19:30,6.618,0.013,0,0,0,0,v
2014-06-11 19:36,6.592,0.011,0,0,0,0,v
2014-06-11 19:42,6.575,0.009,0,0,0,0,v
2014-06-11 19:48,6.548,0.010,0,0,0,0,v
2014-06-11 19:54,6.545,0.013,0,0,0,0,v
2014-06-11 20:00,6.535,0.010,0,0,0,0,v
2014-06-11 20:06,6.545,0.012,0,0,0,0,v
2014-06-11 20:12,6.522,0.012,0,0,0,0,v
2014-06-11 20:18,6.502,0.012,0,0,0,0,v
2014-06-11 20:24,6.505,0.008,0,0,0,0,v
2014-06-11 20:30,6.520,0.011,0,0,0,0,v
2014-06-11 20:36,6.511,0.009,0,0,0,0,v
2014-06-11 20:42,6.519,0.010,0,0,0,0,v
2014-06-11 20:48,6.490,0.011,0,0,0,0,v
2014-06-11 20:54,6.465,0.012,0,0,0,0,v
2014-06-11 21:00,6.458,0.014,0,0,0,0,v
2014-06-11 21:06,6.457,0.011,0,0,0,0,v
2014-06-11 21:12,6.453,0.011,0,0,0,0,v
2014-06-11 21:18,6.472,0.013,0,0,0,0,v
2014-06-11 21:24,6.453,0.014,0,0,0,0,v
2014-06-11 21:30,6.455,0.012,0,0,0,0,v
2014-06-11 21:36,6.435,0.010,0,0,0,0,v
2014-06-11 21:42,6.420,0.012,0,0,0,0,v
2014-06-11 21:48,6.432,0.012,0,0,0,0,v
2014-06-11 21:54,6.414,0.013,0,0,0,0,v
2014-06-11 22:00,6.416,0.013,0,0,0,0,v
2014-06-11 22:06,6.423,0.012,0,0,0,0,v
2014-06-11 22:12,6.402,0.012,0,0,0,0,v
2014-06-11 22:18,6.380,0.011,0,0,0,0,v
2014-06-11 22:24,6.374,0.010,0,0,0,0,v
2014-06-11 22:30,6.379,0.011,0,0,0,0,v
2014-06-11 22:36,6.380,0.010,0,0,0,0,v
2014-06-11 22:42,6.370,0.011,0,0,0,0,v
2014-06-11 22:48,6.351,0.011,0,0,0,0,v
2014-06-11 22:54,6.337,0.012,0,0,0,0,v
2014-06-11 23:00,6.330,0.013,0,0,0,0,v
2014-06-11 23:06,6.328,0.011,0,0,0,0,v
2014-06-11 23:12,6.313,0.013,0,0,0,0,v
2014-06-11 23:18,6.305,0.014,0,0,0,0,v
2014-06-11 23:24,6.308,0.013,0,0,0,0,v
2014-06-11 23:30,6.302,0.013,0,0,0,0,v
2014-06-11 23:36,6.296,0.009,0,0,0,0,v
2014-06-11 23:42,6.280,0.013,0,0,0,0,v
2014-06-11 23:48,6.272,0.012,0,0,0,0,v
2014-06-11 23:54,6.252,0.011,0,0,0,0,v
2014-06-12 00:00,6.259,0.011,0,0,0,0,v
2014-06-12 00:06,6.253,0.011,0,0,0,0,v
2014-06-12 00:12,6.260,0.010,0,0,0,0,v
2014-06-12 00:18,6.261,0.013,0,0,0,0,v
2014-06-12 00:24,6.252,0.012,0,0,0,0,v
2014-06-12 00:30,6.242,0.014,0,0,0,0,v
2014-06-12 00:36,6.237,0.013,0,0,0,0,v
2014-06-12 00:42,6.235,0.014,0,0,0,0,v
2014-06-12 00:48,6.236,0.015,0,0,0,0,v
2014-06-12 00:54,6.239,0.015,0,0,0,0,v
2014-06-12 01:00,6.233,0.011,0,0,0,0,v
2014-06-12 01:06,6.227,0.013,0,0,0,0,v
2014-06-12 01:12,6.239,0.011,0,0,0,0,v
2014-06-12 01:18,6.254,0.010,0,0,0,0,v
2014-06-12 01:24,6.247,0.014,0,0,0,0,v
2014-06-12 01:30,6.260,0.012,0,0,0,0,v
2014-06-12 01:36,6.253,0.012,0,0,0,0,v
2014-06-12 01:42,6.238,0.015,0,0,0,0,v
2014-06-12 01:48,6.253,0.013,0,0,0,0,v
2014-06-12 01:54,6.249,0.011,0,0,0,0,v
2014-06-12 02:00,6.266,0.011,0,0,0,0,v
2014-06-12 02:06,6.271,0.011,0,0,0,0,v
2014-06-12 02:12,6.270,0.012,0,0,0,0,v
2014-06-12 02:18,6.282,0.012,0,0,0,0,v
2014-06-12 02:24,6.283,0.010,0,0,0,0,v
2014-06-12 02:30,6.280,0.010,0,0,0,0,v
2014-06-12 02:36,6.294,0.012,0,0,0,0,v
2014-06-12 02:42,6.305,0.010,0,0,0,0,v
2014-06-12 02:48,6.308,0.012,0,0,0,0,v
2014-06-12 02:54,6.327,0.010,0,0,0,0,v
2014-06-12 03:00,6.314,0.011,0,0,0,0,v
2014-06-12 03:06,6.325,0.011,0,0,0,0,v
2014-06-12 03:12,6.325,0.012,0,0,0,0,v
2014-06-12 03:18,6.324,0.011,0,0,0,0,v
2014-06-12 03:24,6.359,0.011,0,0,0,0,v
2014-06-12 03:30,6.370,0.011,0,0,0,0,v
2014-06-12 03:36,6.364,0.013,0,0,0,0,v
2014-06-12 03:42,6.377,0.014,0,0,0,0,v
2014-06-12 03:48,6.392,0.010,0,0,0,0,v
2014-06-12 03:54,6.407,0.010,0,0,0,0,v
2014-06-12 04:00,6.411,0.011,0,0,0,0,v
2014-06-12 04:06,6.426,0.014,0,0,0,0,v
2014-06-12 04:12,6.435,0.013,0,0,0,0,v
2014-06-12 04:18,6.455,0.016,0,0,0,0,v
2014-06-12 04:24,6.468,0.011,0,0,0,0,v
2014-06-12 04:30,6.480,0.014,0,0,0,0,v
2014-06-12 04:36,6.490,0.013,0,0,0,0,v
2014-06-12 04:42,6.510,0.012,0,0,0,0,v
2014-06-12 04:48,6.518,0.010,0,0,0,0,v
2014-06-12 04:54,6.531,0.009,0,0,0,0,v
2014-06-12 05:00,6.543,0.011,0,0,0,0,v
2014-06-12 05:06,6.550,0.013,0,0,0,0,v
2014-06-12 05:12,6.557,0.011,0,0,0,0,v
2014-06-12 05:18,6.556,0.014,0,0,0,0,v
2014-06-12 05:24,6.571,0.011,0,0,0,0,v
2014-06-12 05:30,6.572,0.013,0,0,0,0,v
2014-06-12 05:36,6.600,0.013,0,0,0,0,v
2014-06-12 05:42,6.626,0.012,0,0,0,0,v
2014-06-12 05:48,6.640,0.011,0,0,0,0,v
2014-06-12 05:54,6.655,0.013,0,0,0,0,v
2014-06-12 06:00,6.657,0.011,0,0,0,0,v
2014-06-12 06:06,6.649,0.011,0,0,0,0,v
2014-06-12 06:12,6.664,0.013,0,0,0,0,v
2014-06-12 06:18,6.664,0.012,0,0,0,0,v
2014-06-12 06:24,6.668,0.010,0,0,0,0,v
2014-06-12 06:30,6.679,0.012,0,0,0,0,v
2014-06-12 06:36,6.697,0.010,0,0,0,0,v
2014-06-12 06:42,6.711,0.010,0,0,0,0,v
2014-06-12 06:48,6.721,0.012,0,0,0,0,v
2014-06-12 06:54,6.728,0.011,0,0,0,0,v
2014-06-12 07:00,6.725,0.011,0,0,0,0,v
2014-06-12 07:06,6.742,0.011,0,0,0,0,v
2014-06-12 07:12,6.735,0.013,0,0,0,0,v
2014-06-12 07:18,6.754,0.009,0,0,0,0,v
2014-06-12 07:24,6.768,0.011,0,0,0,0,v
2014-06-12 07:30,6.776,0.015,0,0,0,0,v
2014-06-12 07:36,6.788,0.013,0,0,0,0,v
2014-06-12 07:42,6.788,0.011,0,0,0,0,v
2014-06-12 07:48,6.800,0.011,0,0,0,0,v
2014-06-12 07:54,6.819,0.010,0,0,0,0,v
2014-06-12 08:00,6.830,0.012,0,0,0,0,v
2014-06-12 08:06,6.861,0.010,0,0,0,0,v
2014-06-12 08:12,6.861,0.012,0,0,0,0,v
2014-06-12 08:18,6.865,0.011,0,0,0,0,v
2014-06-12 08:24,6.876,0.011,0,0,0,0,v
2014-06-12 08:30,6.901,0.010,0,0,0,0,v
2014-06-12 08:36,6.902,0.012,0,0,0,0,v
2014-06-12 08:42,6.914,0.011,0,0,0,0,v
2014-06-12 08:48,6.923,0.011,0,0,0,0,v
2014-06-12 08:54,6.927,0.011,0,0,0,0,v
2014-06-12 09:00,6.939,0.010,0,0,0,0,v
2014-06-12 09:06,6.952,0.011,0,0,0,0,v
2014-06-12 09:12,6.949,0.013,0,0,0,0,v
2014-06-12 09:18,6.967,0.011,0,0,0,0,v
2014-06-12 09:24,6.973,0.011,0,0,0,0,v
2014-06-12 09:30,6.981,0.014,0,0,0,0,v
2014-06-12 09:36,6.980,0.012,0,0,0,0,v
2014-06-12 09:42,6.973,0.014,0,0,0,0,v
2014-06-12 09:48,6.964,0.013,0,0,0,0,v
2014-06-12 09:54,6.969,0.012,0,0,0,0,v
2014-06-12 10:00,6.967,0.013,0,0,0,0,v
2014-06-12 10:06,6.940,0.012,0,0,0,0,v
2014-06-12 10:12,6.954,0.012,0,0,0,0,v
2014-06-12 10:18,6.967,0.014,0,0,0,0,v
2014-06-12 10:24,6.946,0.011,0,0,0,0,v
2014-06-12 10:30,6.958,0.016,0,0,0,0,v
2014-06-12 10:36,6.959,0.009,0,0,0,0,v
2014-06-12 10:42,6.946,0.012,0,0,0,0,v
2014-06-12 10:48,6.926,0.014,0,0,0,0,v
2014-06-12 10:54,6.920,0.013,0,0,0,0,v
2014-06-12 11:00,6.909,0.011,0,0,0,0,v
2014-06-12 11:06,6.916,0.012,0,0,0,0,v
2014-06-12 11:12,6.921,0.009,0,0,0,0,v
2014-06-12 11:18,6.916,0.012,0,0,0,0,v
2014-06-12 11:24,6.888,0.010,0,0,0,0,v
2014-06-12 11:30,6.880,0.013,0,0,0,0,v
2014-06-12 11:36,6.851,0.013,0,0,0,0,v
2014-06-12 11:42,6.865,0.013,0,0,0,0,v
2014-06-12 11:48,6.858,0.013,0,0,0,0,v
2014-06-12 11:54,6.861,0.011,0,0,0,0,v
2014-06-12 12:00,6.861,0.014,0,0,0,0,v
2014-06-12 12:06,6.866,0.014,0,0,0,0,v
2014-06-12 12:12,6.869,0.014,0,0,0,0,v
2014-06-12 12:18,6.870,0.012,0,0,0,0,v
2014-06-12 12:24,6.853,0.013,0,0,0,0,v
2014-06-12 12:30,6.848,0.011,0,0,0,0,v
2014-06-12 12:36,6.856,0.012,0,0,0,0,v
2014-06-12 12:42,6.842,0.013,0,0,0,0,v
2014-06-12 12:48,6.847,0.010,0,0,0,0,v
2014-06-12 12:54,6.844,0.015,0,0,0,0,v
2014-06-12 13:00,6.843,0.015,0,0,0,0,v
2014-06-12 13:06,6.858,0.015,0,0,0,0,v
2014-06-12 13:12,6.905,0.015,0,0,0,0,v
2014-06-12 13:18,6.934,0.010,0,0,0,0,v
2014-06-12 13:24,6.926,0.012,0,0,0,0,v
2014-06-12 13:30,6.920,0.014,0,0,0,0,v
2014-06-12 13:36,6.918,0.015,0,0,0,0,v
2014-06-12 13:42,6.891,0.013,0,0,0,0,v
2014-06-12 13:48,6.892,0.016,0,0,0,0,v
2014-06-12 13:54,6.881,0.013,0,0,0,0,v
2014-06-12 14:00,6.861,0.014,0,0,0,0,v
2014-06-12 14:06,6.869,0.015,0,0,0,0,v
2014-06-12 14:12,6.895,0.013,0,0,0,0,v
2014-06-12 14:18,6.871,0.013,0,0,0,0,v
2014-06-12 14:24,6.849,0.015,0,0,0,0,v
2014-06-12 14:30,6.842,0.013,0,0,0,0,v
2014-06-12 14:36,6.853,0.012,0,0,0,0,v
2014-06-12 14:42,6.845,0.010,0,0,0,0,v
2014-06-12 14:48,6.815,0.014,0,0,0,0,v
2014-06-12 14:54,6.822,0.014,0,0,0,0,v
2014-06-12 15:00,6.853,0.012,0,0,0,0,v
2014-06-12 15:06,6.863,0.013,0,0,0,0,v
2014-06-12 15:12,6.862,0.011,0,0,0,0,v
2014-06-12 15:18,6.866,0.013,0,0,0,0,v
2014-06-12 15:24,6.843,0.017,0,0,0,0,v
2014-06-12 15:30,6.834,0.012,0,0,0,0,v
2014-06-12 15:36,6.833,0.016,0,0,0,0,v
2014-06-12 15:42,6.808,0.012,0,0,0,0,v
2014-06-12 15:48,6.790,0.013,0,0,0,0,v
2014-06-12 15:54,6.797,0.012,0,0,0,0,v
2014-06-12 16:00,6.789,0.014,0,0,0,0,v
2014-06-12 16:06,6.773,0.012,0,0,0,0,v
2014-06-12 16:12,6.786,0.014,0,0,0,0,v
2014-06-12 16:18,6.783,0.012,0,0,0,0,v
2014-06-12 16:24,6.772,0.011,0,0,0,0,v
2014-06-12 16:30,6.781,0.011,0,0,0,0,v
2014-06-12 16:36,6.775,0.012,0,0,0,0,v
2014-06-12 16:42,6.772,0.015,0,0,0,0,v
2014-06-12 16:48,6.792,0.011,0,0,0,0,v
2014-06-12 16:54,6.784,0.010,0,0,0,0,v
2014-06-12 17:00,6.768,0.014,0,0,0,0,v
2014-06-12 17:06,6.776,0.010,0,0,0,0,v
2014-06-12 17:12,6.785,0.015,0,0,0,0,v
2014-06-12 17:18,6.781,0.013,0,0,0,0,v
2014-06-12 17:24,6.779,0.010,0,0,0,0,v
2014-06-12 17:30,6.787,0.014,0,0,0,0,v
2014-06-12 17:36,6.789,0.012,0,0,0,0,v
2014-06-12 17:42,6.781,0.011,0,0,0,0,v
2014-06-12 17:48,6.769,0.014,0,0,0,0,v
2014-06-12 17:54,6.763,0.011,0,0,0,0,v
2014-06-12 18:00,6.767,0.012,0,0,0,0,v
2014-06-12 18:06,6.759,0.011,0,0,0,0,v
2014-06-12 18:12,6.759,0.011,0,0,0,0,v
2014-06-12 18:18,6.760,0.012,0,0,0,0,v
2014-06-12 18:24,6.738,0.015,0,0,0,0,v
2014-06-12 18:30,6.729,0.011,0,0,0,0,v
2014-06-12 18:36,6.732,0.012,0,0,0,0,v
2014-06-12 18:42,6.751,0.011,0,0,0,0,v
2014-06-12 18:48,6.704,0.014,0,0,0,0,v
2014-06-12 18:54,6.709,0.011,0,0,0,0,v
2014-06-12 19:00,6.719,0.012,0,0,0,0,v
2014-06-12 19:06,6.730,0.013,0,0,0,0,v
2014-06-12 19:12,6.715,0.011,0,0,0,0,v
2014-06-12 19:18,6.709,0.011,0,0,0,0,v
2014-06-12 19:24,6.699,0.013,0,0,0,0,v
2014-06-12 19:30,6.690,0.011,0,0,0,0,v
2014-06-12 19:36,6.685,0.013,0,0,0,0,v
2014-06-12 19:42,6.685,0.013,0,0,0,0,v
2014-06-12 19:48,6.684,0.015,0,0,0,0,v
2014-06-12 19:54,6.687,0.015,0,0,0,0,v
2014-06-12 20:00,6.652,0.020,0,0,0,0,v
2014-06-12 20:06,6.650,0.018,0,0,0,0,v
2014-06-12 20:12,6.648,0.017,0,0,0,0,v
2014-06-12 20:18,6.670,0.017,0,0,0,0,v
2014-06-12 20:24,6.674,0.019,0,0,0,0,v
2014-06-12 20:30,6.678,0.014,0,0,0,0,v
2014-06-12 20:36,6.650,0.013,0,0,0,0,v
2014-06-12 20:42,6.639,0.013,0,0,0,0,v
2014-06-12 20:48,6.623,0.013,0,0,0,0,v
2014-06-12 20:54,6.606,0.017,0,0,0,0,v
2014-06-12 21:00,6.604,0.014,0,0,0,0,v
2014-06-12 21:06,6.597,0.016,0,0,0,0,v
2014-06-12 21:12,6.565,0.017,0,0,0,0,v
2014-06-12 21:18,6.556,0.015,0,0,0,0,v
2014-06-12 21:24,6.547,0.013,0,0,0,0,v
2014-06-12 21:30,6.522,0.015,0,0,0,0,v
2014-06-12 21:36,6.496,0.017,0,0,0,0,v
2014-06-12 21:42,6.488,0.013,0,0,0,0,v
2014-06-12 21:48,6.493,0.018,0,0,0,0,v
2014-06-12 21:54,6.474,0.015,0,0,0,0,v
2014-06-12 22:00,6.468,0.016,0,0,0,0,v
2014-06-12 22:06,6.449,0.014,0,0,0,0,v
2014-06-12 22:12,6.451,0.015,0,0,0,0,v
2014-06-12 22:18,6.428,0.014,0,0,0,0,v
2014-06-12 22:24,6.422,0.014,0,0,0,0,v
2014-06-12 22:30,6.398,0.016,0,0,0,0,v
2014-06-12 22:36,6.385,0.014,0,0,0,0,v
2014-06-12 22:42,6.363,0.016,0,0,0,0,v
2014-06-12 22:48,6.365,0.019,0,0,0,0,v
2014-06-12 22:54,6.363,0.016,0,0,0,0,v
2014-06-12 23:00,6.355,0.000,0,0,0,0,v
2014-06-12 23:06,6.356,0.015,0,0,0,0,v
2014-06-12 23:12,6.374,0.018,0,0,0,0,v
2014-06-12 23:18,6.340,0.016,0,0,0,0,v
2014-06-12 23:24,6.341,0.016,0,0,0,0,v
2014-06-12 23:30,6.341,0.017,0,0,0,0,v
2014-06-12 23:36,6.334,0.013,0,0,0,0,v
2014-06-12 23:42,6.316,0.017,0,0,0,0,v
2014-06-12 23:48,6.297,0.014,0,0,0,0,v
2014-06-12 23:54,6.317,0.015,0,0,0,0,v
2014-06-13 00:00,6.304,0.014,0,0,0,0,v
2014-06-13 00:06,6.308,0.013,0,0,0,0,v
2014-06-13 00:12,6.300,0.015,0,0,0,0,v
2014-06-13 00:18,6.291,0.014,0,0,0,0,v
2014-06-13 00:24,6.274,0.014,0,0,0,0,v
2014-06-13 00:30,6.270,0.015,0,0,0,0,v
2014-06-13 00:36,6.262,0.014,0,0,0,0,v
2014-06-13 00:42,6.254,0.017,0,0,0,0,v
2014-06-13 00:48,6.268,0.015,0,0,0,0,v
2014-06-13 00:54,6.254,0.016,0,0,0,0,v
2014-06-13 01:00,6.249,0.013,0,0,0,0,v
2014-06-13 01:06,6.256,0.018,0,0,0,0,v
2014-06-13 01:12,6.236,0.014,0,0,0,0,v
2014-06-13 01:18,6.240,0.015,0,0,0,0,v
2014-06-13 01:24,6.225,0.017,0,0,0,0,v
2014-06-13 01:30,6.202,0.020,0,0,0,0,v
2014-06-13 01:36,6.200,0.017,0,0,0,0,v
2014-06-13 01:42,6.188,0.018,0,0,0,0,v
2014-06-13 01:48,6.203,0.019,0,0,0,0,v
2014-06-13 01:54,6.193,0.020,0,0,0,0,v
2014-06-13 02:00,6.216,0.017,0,0,0,0,v
2014-06-13 02:06,6.235,0.017,0,0,0,0,v
2014-06-13 02:12,6.219,0.017,0,0,0,0,v
2014-06-13 02:18,6.219,0.017,0,0,0,0,v
2014-06-13 02:24,6.193,0.018,0,0,0,0,v
2014-06-13 02:30,6.188,0.021,0,0,0,0,v
2014-06-13 02:36,6.206,0.020,0,0,0,0,v
2014-06-13 02:42,6.218,0.020,0,0,0,0,v
2014-06-13 02:48,6.209,0.019,0,0,0,0,v
2014-06-13 02:54,6.191,0.015,0,0,0,0,v
2014-06-13 03:00,6.212,0.017,0,0,0,0,v
2014-06-13 03:06,6.231,0.017,0,0,0,0,v
2014-06-13 03:12,6.238,0.019,0,0,0,0,v
2014-06-13 03:18,6.251,0.020,0,0,0,0,v
2014-06-13 03:24,6.237,0.019,0,0,0,0,v
2014-06-13 03:30,6.256,0.016,0,0,0,0,v
2014-06-13 03:36,6.293,0.015,0,0,0,0,v
2014-06-13 03:42,6.307,0.017,0,0,0,0,v
2014-06-13 03:48,6.302,0.018,0,0,0,0,v
2014-06-13 03:54,6.284,0.018,0,0,0,0,v
2014-06-13 04:00,6.293,0.018,0,0,0,0,v
2014-06-13 04:06,6.294,0.024,0,0,0,0,v
2014-06-13 04:12,6.356,0.019,0,0,0,0,v
2014-06-13 04:18,6.358,0.027,0,0,0,0,v
2014-06-13 04:24,6.377,0.017,0,0,0,0,v
2014-06-13 04:30,6.387,0.016,0,0,0,0,v
2014-06-13 04:36,6.400,0.023,0,0,0,0,v
2014-06-13 04:42,6.394,0.019,0,0,0,0,v
2014-06-13 04:48,6.401,0.018,0,0,0,0,v
2014-06-13 04:54,6.410,0.019,0,0,0,0,v
2014-06-13 05:00,6.427,0.020,0,0,0,0,v
2014-06-13 05:06,6.439,0.020,0,0,0,0,v
2014-06-13 05:12,6.418,0.017,0,0,0,0,v
2014-06-13 05:18,6.428,0.020,0,0,0,0,v
2014-06-13 05:24,6.431,0.013,0,0,0,0,v
2014-06-13 05:30,6.419,0.017,0,0,0,0,v
2014-06-13 05:36,6.460,0.021,0,0,0,0,v
2014-06-13 05:42,6.479,0.018,0,0,0,0,v
2014-06-13 05:48,6.479,0.018,0,0,0,0,v
2014-06-13 05:54,6.471,0.020,0,0,0,0,v
2014-06-13 06:00,6.454,0.019,0,0,0,0,v
2014-06-13 06:06,6.464,0.023,0,0,0,0,v
2014-06-13 06:12,6.501,0.019,0,0,0,0,v
2014-06-13 06:18,6.520,0.021,0,0,0,0,v
2014-06-13 06:24,6.524,0.017,0,0,0,0,v
2014-06-13 06:30,6.553,0.021,0,0,0,0,v
2014-06-13 06:36,6.572,0.021,0,0,0,0,v
2014-06-13 06:42,6.576,0.019,0,0,0,0,v
2014-06-13 06:48,6.589,0.021,0,0,0,0,v
2014-06-13 06:54,6.596,0.018,0,0,0,0,v
2014-06-13 07:00,6.603,0.018,0,0,0,0,v
2014-06-13 07:06,6.611,0.018,0,0,0,0,v
2014-06-13 07:12,6.622,0.017,0,0,0,0,v
2014-06-13 07:18,6.623,0.015,0,0,0,0,v
2014-06-13 07:24,6.634,0.016,0,0,0,0,v
2014-06-13 07:30,6.632,0.019,0,0,0,0,v
2014-06-13 07:36,6.661,0.019,0,0,0,0,v
2014-06-13 07:42,6.680,0.017,0,0,0,0,v
2014-06-13 07:48,6.707,0.018,0,0,0,0,v
2014-06-13 07:54,6.719,0.017,0,0,0,0,v
2014-06-13 08:00,6.715,0.017,0,0,0,0,v
2014-06-13 08:06,6.749,0.018,0,0,0,0,v
2014-06-13 08:12,6.760,0.019,0,0,0,0,v
2014-06-13 08:18,6.761,0.014,0,0,0,0,v
2014-06-13 08:24,6.797,0.017,0,0,0,0,v
2014-06-13 08:30,6.800,0.015,0,0,0,0,v
2014-06-13 08:36,6.826,0.016,0,0,0,0,v
2014-06-13 08:42,6.848,0.020,0,0,0,0,v
2014-06-13 08:48,6.854,0.016,0,0,0,0,v
2014-06-13 08:54,6.832,0.017,0,0,0,0,v
2014-06-13 09:00,6.845,0.017,0,0,0,0,v
2014-06-13 09:06,6.869,0.017,0,0,0,0,v
2014-06-13 09:12,6.886,0.015,0,0,0,0,v
2014-06-13 09:18,6.899,0.015,0,0,0,0,v
2014-06-13 09:24,6.896,0.016,0,0,0,0,v
2014-06-13 09:30,6.903,0.017,0,0,0,0,v
2014-06-13 09:36,6.925,0.014,0,0,0,0,v
2014-06-13 09:42,6.914,0.020,0,0,0,0,v
2014-06-13 09:48,6.865,0.018,0,0,0,0,v
2014-06-13 09:54,6.885,0.016,0,0,0,0,v
2014-06-13 10:00,6.824,0.016,0,0,0,0,v
2014-06-13 10:06,6.849,0.016,0,0,0,0,v
2014-06-13 10:12,6.886,0.017,0,0,0,0,v
2014-06-13 10:18,6.860,0.015,0,0,0,0,v
2014-06-13 10:24,6.859,0.015,0,0,0,0,v
2014-06-13 10:30,6.865,0.016,0,0,0,0,v
2014-06-13 10:36,6.911,0.017,0,0,0,0,v
2014-06-13 10:42,6.908,0.015,0,0,0,0,v
2014-06-13 10:48,6.929,0.017,0,0,0,0,v
2014-06-13 10:54,6.898,0.017,0,0,0,0,v
2014-06-13 11:00,6.868,0.018,0,0,0,0,v
2014-06-13 11:06,6.844,0.013,0,0,0,0,v
2014-06-13 11:12,6.886,0.014,0,0,0,0,v
2014-06-13 11:18,6.902,0.017,0,0,0,0,v
2014-06-13 11:24,6.871,0.016,0,0,0,0,v
2014-06-13 11:30,6.884,0.018,0,0,0,0,v
2014-06-13 11:36,6.899,0.016,0,0,0,0,v
2014-06-13 11:42,6.909,0.015,0,0,0,0,v
2014-06-13 11:48,6.903,0.018,0,0,0,0,v
2014-06-13 11:54,6.931,0.017,0,0,0,0,v
2014-06-13 12:00,6.945,0.021,0,0,0,0,v
2014-06-13 12:06,6.926,0.016,0,0,0,0,v
2014-06-13 12:12,6.907,0.016,0,0,0,0,v
2014-06-13 12:18,6.913,0.015,0,0,0,0,v
2014-06-13 12:24,6.911,0.018,0,0,0,0,v
2014-06-13 12:30,6.886,0.020,0,0,0,0,v
2014-06-13 12:36,6.886,0.014,0,0,0,0,v
2014-06-13 12:42,6.874,0.015,0,0,0,0,v
2014-06-13 12:48,6.884,0.016,0,0,0,0,v
2014-06-13 12:54,6.874,0.015,0,0,0,0,v
2014-06-13 13:00,6.884,0.013,0,0,0,0,v
2014-06-13 13:06,6.869,0.014,0,0,0,0,v
2014-06-13 13:12,6.908,0.014,0,0,0,0,v
2014-06-13 13:18,6.927,0.012,0,0,0,0,v
2014-06-13 13:24,6.929,0.014,0,0,0,0,v
2014-06-13 13:30,6.914,0.014,0,0,0,0,v
2014-06-13 13:36,6.901,0.014,0,0,0,0,v
2014-06-13 13:42,6.906,0.017,0,0,0,0,v
2014-06-13 13:48,6.918,0.018,0,0,0,0,v
2014-06-13 13:54,6.936,0.013,0,0,0,0,v
2014-06-13 14:00,6.945,0.011,0,0,0,0,v
2014-06-13 14:06,6.928,0.016,0,0,0,0,v
2014-06-13 14:12,6.907,0.015,0,0,0,0,v
2014-06-13 14:18,6.893,0.014,0,0,0,0,v
2014-06-13 14:24,6.921,0.013,0,0,0,0,v
2014-06-13 14:30,6.880,0.012,0,0,0,0,v
2014-06-13 14:36,6.883,0.012,0,0,0,0,v
2014-06-13 14:42,6.886,0.017,0,0,0,0,v
2014-06-13 14:48,6.881,0.013,0,0,0,0,v
2014-06-13 14:54,6.845,0.014,0,0,0,0,v
2014-06-13 15:00,6.829,0.013,0,0,0,0,v
2014-06-13 15:06,6.811,0.014,0,0,0,0,v
2014-06-13 15:12,6.802,0.012,0,0,0,0,v
2014-06-13 15:18,6.793,0.012,0,0,0,0,v
2014-06-13 15:24,6.788,0.015,0,0,0,0,v
2014-06-13 15:30,6.756,0.015,0,0,0,0,v
2014-06-13 15:36,6.765,0.014,0,0,0,0,v
2014-06-13 15:42,6.774,0.012,0,0,0,0,v
2014-06-13 15:48,6.745,0.013,0,0,0,0,v
2014-06-13 15:54,6.741,0.012,0,0,0,0,v
2014-06-13 16:00,6.744,0.012,0,0,0,0,v
2014-06-13 16:06,6.743,0.012,0,0,0,0,v
2014-06-13 16:12,6.749,0.014,0,0,0,0,v
2014-06-13 16:18,6.739,0.012,0,0,0,0,v
2014-06-13 16:24,6.751,0.013,0,0,0,0,v
2014-06-13 16:30,6.741,0.012,0,0,0,0,v
2014-06-13 16:36,6.771,0.013,0,0,0,0,v
2014-06-13 16:42,6.795,0.014,0,0,0,0,v
2014-06-13 16:48,6.788,0.012,0,0,0,0,v
2014-06-13 16:54,6.813,0.014,0,0,0,0,v
2014-06-13 17:00,6.810,0.012,0,0,0,0,v
2014-06-13 17:06,6.821,0.015,0,0,0,0,v
2014-06-13 17:12,6.830,0.012,0,0,0,0,v
2014-06-13 17:18,6.842,0.013,0,0,0,0,v
2014-06-13 17:24,6.825,0.017,0,0,0,0,v
2014-06-13 17:30,6.793,0.013,0,0,0,0,v
2014-06-13 17:36,6.791,0.010,0,0,0,0,v
2014-06-13 17:42,6.795,0.015,0,0,0,0,v
2014-06-13 17:48,6.802,0.012,0,0,0,0,v
2014-06-13 17:54,6.802,0.013,0,0,0,0,v
2014-06-13 18:00,6.797,0.011,0,0,0,0,v
2014-06-13 18:06,6.779,0.010,0,0,0,0,v
2014-06-13 18:12,6.781,0.011,0,0,0,0,v
2014-06-13 18:18,6.793,0.012,0,0,0,0,v
2014-06-13 18:24,6.810,0.011,0,0,0,0,v
2014-06-13 18:30,6.825,0.011,0,0,0,0,v
2014-06-13 18:36,6.825,0.014,0,0,0,0,v
2014-06-13 18:42,6.782,0.012,0,0,0,0,v
2014-06-13 18:48,6.778,0.013,0,0,0,0,v
2014-06-13 18:54,6.754,0.014,0,0,0,0,v
2014-06-13 19:00,6.746,0.010,0,0,0,0,v
2014-06-13 19:06,6.753,0.009,0,0,0,0,v
2014-06-13 19:12,6.766,0.009,0,0,0,0,v
2014-06-13 19:18,6.766,0.010,0,0,0,0,v
2014-06-13 19:24,6.742,0.010,0,0,0,0,v
2014-06-13 19:30,6.742,0.010,0,0,0,0,v
2014-06-13 19:36,6.738,0.009,0,0,0,0,v
2014-06-13 19:42,6.760,0.011,0,0,0,0,v
2014-06-13 19:48,6.765,0.011,0,0,0,0,v
2014-06-13 19:54,6.773,0.012,0,0,0,0,v
2014-06-13 20:00,6.752,0.011,0,0,0,0,v
2014-06-13 20:06,6.767,0.009,0,0,0,0,v
2014-06-13 20:12,6.759,0.011,0,0,0,0,v
2014-06-13 20:18,6.737,0.010,0,0,0,0,v
2014-06-13 20:24,6.738,0.012,0,0,0,0,v
2014-06-13 20:30,6.731,0.014,0,0,0,0,v
2014-06-13 20:36,6.707,0.013,0,0,0,0,v
2014-06-13 20:42,6.689,0.011,0,0,0,0,v
2014-06-13 20:48,6.677,0.010,0,0,0,0,v
2014-06-13 20:54,6.658,0.013,0,0,0,0,v
2014-06-13 21:00,6.657,0.012,0,0,0,0,v
2014-06-13 21:06,6.651,0.011,0,0,0,0,v
2014-06-13 21:12,6.645,0.010,0,0,0,0,v
2014-06-13 21:18,6.632,0.009,0,0,0,0,v
2014-06-13 21:24,6.652,0.010,0,0,0,0,v
2014-06-13 21:30,6.624,0.012,0,0,0,0,v
2014-06-13 21:36,6.667,0.013,0,0,0,0,v
2014-06-13 21:42,6.633,0.012,0,0,0,0,v
2014-06-13 21:48,6.580,0.010,0,0,0,0,v
2014-06-13 21:54,6.534,0.012,0,0,0,0,v
2014-06-13 22:00,6.532,0.012,0,0,0,0,v
2014-06-13 22:06,6.526,0.015,0,0,0,0,v
2014-06-13 22:12,6.455,0.011,0,0,0,0,v
2014-06-13 22:18,6.433,0.012,0,0,0,0,v
2014-06-13 22:24,6.472,0.011,0,0,0,0,v
2014-06-13 22:30,6.458,0.012,0,0,0,0,v
2014-06-13 22:36,6.493,0.011,0,0,0,0,v
2014-06-13 22:42,6.460,0.014,0,0,0,0,v
2014-06-13 22:48,6.401,0.009,0,0,0,0,v
2014-06-13 22:54,6.364,0.011,0,0,0,0,v
2014-06-13 23:00,6.365,0.009,0,0,0,0,v
2014-06-13 23:06,6.340,0.011,0,0,0,0,v
2014-06-13 23:12,6.307,0.012,0,0,0,0,v
2014-06-13 23:18,6.309,0.010,0,0,0,0,v
2014-06-13 23:24,6.318,0.010,0,0,0,0,v
2014-06-13 23:30,6.323,0.013,0,0,0,0,v
2014-06-13 23:36,6.353,0.015,0,0,0,0,v
2014-06-13 23:42,6.308,0.011,0,0,0,0,v
2014-06-13 23:48,6.364,0.011,0,0,0,0,v
2014-06-13 23:54,6.393,0.010,0,0,0,0,v
2014-06-14 00:00,6.397,0.011,0,0,0,0,v
2014-06-14 00:06,6.445,0.010,0,0,0,0,v
2014-06-14 00:12,6.439,0.010,0,0,0,0,v
2014-06-14 00:18,6.461,0.011,0,0,0,0,v
2014-06-14 00:24,6.494,0.012,0,0,0,0,v
2014-06-14 00:30,6.514,0.012,0,0,0,0,v
2014-06-14 00:36,6.506,0.013,0,0,0,0,v
2014-06-14 00:42,6.454,0.009,0,0,0,0,v
2014-06-14 00:48,6.411,0.009,0,0,0,0,v
2014-06-14 00:54,6.434,0.012,0,0,0,0,v
2014-06-14 01:00,6.420,0.013,0,0,0,0,v
2014-06-14 01:06,6.349,0.010,0,0,0,0,v
2014-06-14 01:12,6.349,0.011,0,0,0,0,v
2014-06-14 01:18,6.307,0.012,0,0,0,0,v
2014-06-14 01:24,6.304,0.011,0,0,0,0,v
2014-06-14 01:30,6.276,0.009,0,0,0,0,v
2014-06-14 01:36,6.281,0.012,0,0,0,0,v
2014-06-14 01:42,6.251,0.010,0,0,0,0,v
2014-06-14 01:48,6.245,0.010,0,0,0,0,v
2014-06-14 01:54,6.239,0.010,0,0,0,0,v
2014-06-14 02:00,6.214,0.011,0,0,0,0,v
2014-06-14 02:06,6.158,0.011,0,0,0,0,v
2014-06-14 02:12,6.152,0.009,0,0,0,0,v
2014-06-14 02:18,6.155,0.009,0,0,0,0,v
2014-06-14 02:24,6.202,0.009,0,0,0,0,v
2014-06-14 02:30,6.185,0.009,0,0,0,0,v
2014-06-14 02:36,6.197,0.009,0,0,0,0,v
2014-06-14 02:42,6.191,0.009,0,0,0,0,v
2014-06-14 02:48,6.164,0.010,0,0,0,0,v
2014-06-14 02:54,6.158,0.010,0,0,0,0,v
2014-06-14 03:00,6.149,0.011,0,0,0,0,v
2014-06-14 03:06,6.118,0.009,0,0,0,0,v
2014-06-14 03:12,6.137,0.010,0,0,0,0,v
2014-06-14 03:18,6.140,0.008,0,0,0,0,v
2014-06-14 03:24,6.125,0.008,0,0,0,0,v
2014-06-14 03:30,6.149,0.008,0,0,0,0,v
2014-06-14 03:36,6.159,0.010,0,0,0,0,v
2014-06-14 03:42,6.155,0.009,0,0,0,0,v
2014-06-14 03:48,6.190,0.013,0,0,0,0,v
2014-06-14 03:54,6.218,0.009,0,0,0,0,v
2014-06-14 04:00,6.241,0.011,0,0,0,0,v
2014-06-14 04:06,6.252,0.010,0,0,0,0,v
2014-06-14 04:12,6.261,0.010,0,0,0,0,v
2014-06-14 04:18,6.279,0.013,0,0,0,0,v
2014-06-14 04:24,6.295,0.009,0,0,0,0,v
2014-06-14 04:30,6.300,0.010,0,0,0,0,v
2014-06-14 04:36,6.293,0.009,0,0,0,0,v
2014-06-14 04:42,6.286,0.010,0,0,0,0,v
2014-06-14 04:48,6.314,0.009,0,0,0,0,v
2014-06-14 04:54,6.336,0.009,0,0,0,0,v
2014-06-14 05:00,6.387,0.010,0,0,0,0,v
2014-06-14 05:06,6.386,0.008,0,0,0,0,v
2014-06-14 05:12,6.406,0.009,0,0,0,0,v
2014-06-14 05:18,6.372,0.008,0,0,0,0,v
2014-06-14 05:24,6.422,0.009,0,0,0,0,v
2014-06-14 05:30,6.464,0.012,0,0,0,0,v
2014-06-14 05:36,6.479,0.008,0,0,0,0,v
2014-06-14 05:42,6.465,0.011,0,0,0,0,v
2014-06-14 05:48,6.498,0.014,0,0,0,0,v
2014-06-14 05:54,6.536,0.009,0,0,0,0,v
2014-06-14 06:00,6.534,0.009,0,0,0,0,v
2014-06-14 06:06,6.533,0.011,0,0,0,0,v
2014-06-14 06:12,6.558,0.010,0,0,0,0,v
2014-06-14 06:18,6.566,0.010,0,0,0,0,v
2014-06-14 06:24,6.549,0.010,0,0,0,0,v
2014-06-14 06:30,6.538,0.012,0,0,0,0,v
2014-06-14 06:36,6.549,0.010,0,0,0,0,v
2014-06-14 06:42,6.548,0.011,0,0,0,0,v
2014-06-14 06:48,6.583,0.010,0,0,0,0,v
2014-06-14 06:54,6.595,0.010,0,0,0,0,v
2014-06-14 07:00,6.569,0.008,0,0,0,0,v
2014-06-14 07:06,6.579,0.009,0,0,0,0,v
2014-06-14 07:12,6.560,0.008,0,0,0,0,v
2014-06-14 07:18,6.576,0.011,0,0,0,0,v
2014-06-14 07:24,6.580,0.010,0,0,0,0,v
2014-06-14 07:30,6.591,0.009,0,0,0,0,v
2014-06-14 07:36,6.587,0.010,0,0,0,0,v
2014-06-14 07:42,6.588,0.010,0,0,0,0,v
2014-06-14 07:48,6.608,0.013,0,0,0,0,v
2014-06-14 07:54,6.654,0.013,0,0,0,0,v
2014-06-14 08:00,6.688,0.010,0,0,0,0,v
2014-06-14 08:06,6.729,0.011,0,0,0,0,v
2014-06-14 08:12,6.702,0.010,0,0,0,0,v
2014-06-14 08:18,6.730,0.010,0,0,0,0,v
2014-06-14 08:24,6.740,0.010,0,0,0,0,v
2014-06-14 08:30,6.749,0.010,0,0,0,0,v
2014-06-14 08:36,6.800,0.011,0,0,0,0,v
2014-06-14 08:42,6.786,0.010,0,0,0,0,v
2014-06-14 08:48,6.815,0.010,0,0,0,0,v
2014-06-14 08:54,6.850,0.012,0,0,0,0,v
2014-06-14 09:00,6.881,0.009,0,0,0,0,v
2014-06-14 09:06,6.879,0.009,0,0,0,0,v
2014-06-14 09:12,6.910,0.011,0,0,0,0,v
2014-06-14 09:18,6.918,0.012,0,0,0,0,v
2014-06-14 09:24,6.936,0.009,0,0,0,0,v
2014-06-14 09:30,6.947,0.009,0,0,0,0,v
2014-06-14 09:36,6.951,0.010,0,0,0,0,v
2014-06-14 09:42,6.968,0.011,0,0,0,0,v
2014-06-14 09:48,6.988,0.010,0,0,0,0,v
2014-06-14 09:54,6.987,0.011,0,0,0,0,v
2014-06-14 10:00,6.967,0.014,0,0,0,0,v
2014-06-14 10:06,6.978,0.012,0,0,0,0,v
2014-06-14 10:12,6.960,0.010,0,0,0,0,v
2014-06-14 10:18,6.936,0.011,0,0,0,0,v
2014-06-14 10:24,6.962,0.012,0,0,0,0,v
2014-06-14 10:30,6.963,0.012,0,0,0,0,v
2014-06-14 10:36,6.961,0.011,0,0,0,0,v
2014-06-14 10:42,6.967,0.009,0,0,0,0,v
2014-06-14 10:48,6.969,0.010,0,0,0,0,v
2014-06-14 10:54,6.966,0.012,0,0,0,0,v
2014-06-14 11:00,6.954,0.010,0,0,0,0,v
2014-06-14 11:06,6.993,0.010,0,0,0,0,v
2014-06-14 11:12,6.996,0.010,0,0,0,0,v
2014-06-14 11:18,6.981,0.011,0,0,0,0,v
2014-06-14 11:24,6.965,0.011,0,0,0,0,v
2014-06-14 11:30,6.991,0.012,0,0,0,0,v
2014-06-14 11:36,6.963,0.011,0,0,0,0,v
2014-06-14 11:42,6.996,0.013,0,0,0,0,v
2014-06-14 11:48,7.001,0.009,0,0,0,0,v
2014-06-14 11:54,7.000,0.011,0,0,0,0,v
2014-06-14 12:00,6.972,0.009,0,0,0,0,v
2014-06-14 12:06,6.953,0.015,0,0,0,0,v
2014-06-14 12:12,6.897,0.010,0,0,0,0,v
2014-06-14 12:18,6.904,0.010,0,0,0,0,v
2014-06-14 12:24,6.906,0.010,0,0,0,0,v
2014-06-14 12:30,6.928,0.010,0,0,0,0,v
2014-06-14 12:36,6.921,0.011,0,0,0,0,v
2014-06-14 12:42,6.924,0.010,0,0,0,0,v
2014-06-14 12:48,6.939,0.010,0,0,0,0,v
2014-06-14 12:54,6.965,0.011,0,0,0,0,v
2014-06-14 13:00,6.996,0.012,0,0,0,0,v
2014-06-14 13:06,6.976,0.011,0,0,0,0,v
2014-06-14 13:12,6.995,0.010,0,0,0,0,v
2014-06-14 13:18,6.995,0.010,0,0,0,0,v
2014-06-14 13:24,7.006,0.011,0,0,0,0,v
2014-06-14 13:30,6.983,0.011,0,0,0,0,v
2014-06-14 13:36,6.961,0.010,0,0,0,0,v
2014-06-14 13:42,6.928,0.011,0,0,0,0,v
2014-06-14 13:48,6.925,0.009,0,0,0,0,v
2014-06-14 13:54,6.931,0.009,0,0,0,0,v
2014-06-14 14:00,6.936,0.009,0,0,0,0,v
2014-06-14 14:06,6.899,0.010,0,0,0,0,v
2014-06-14 14:12,6.873,0.010,0,0,0,0,v
2014-06-14 14:18,6.907,0.012,0,0,0,0,v
2014-06-14 14:24,6.919,0.010,0,0,0,0,v
2014-06-14 14:30,6.925,0.008,0,0,0,0,v
2014-06-14 14:36,6.954,0.010,0,0,0,0,v
2014-06-14 14:42,6.940,0.009,0,0,0,0,v
2014-06-14 14:48,6.925,0.009,0,0,0,0,v
2014-06-14 14:54,6.927,0.010,0,0,0,0,v
2014-06-14 15:00,6.919,0.010,0,0,0,0,v
2014-06-14 15:06,6.907,0.009,0,0,0,0,v
2014-06-14 15:12,6.912,0.009,0,0,0,0,v
2014-06-14 15:18,6.934,0.012,0,0,0,0,v
2014-06-14 15:24,6.937,0.009,0,0,0,0,v
2014-06-14 15:30,6.921,0.010,0,0,0,0,v
2014-06-14 15:36,6.929,0.011,0,0,0,0,v
2014-06-14 15:42,6.917,0.010,0,0,0,0,v
2014-06-14 15:48,6.914,0.009,0,0,0,0,v
2014-06-14 15:54,6.891,0.011,0,0,0,0,v
2014-06-14 16:00,6.872,0.009,0,0,0,0,v
2014-06-14 16:06,6.871,0.011,0,0,0,0,v
2014-06-14 16:12,6.888,0.010,0,0,0,0,v
2014-06-14 16:18,6.872,0.009,0,0,0,0,v
2014-06-14 16:24,6.879,0.008,0,0,0,0,v
2014-06-14 16:30,6.880,0.008,0,0,0,0,v
2014-06-14 16:36,6.873,0.011,0,0,0,0,v
2014-06-14 16:42,6.870,0.009,0,0,0,0,v
2014-06-14 16:48,6.878,0.008,0,0,0,0,v
2014-06-14 16:54,6.853,0.011,0,0,0,0,v
2014-06-14 17:00,6.855,0.008,0,0,0,0,v
2014-06-14 17:06,6.853,0.012,0,0,0,0,v
2014-06-14 17:12,6.835,0.010,0,0,0,0,v
2014-06-14 17:18,6.835,0.010,0,0,0,0,v
2014-06-14 17:24,6.833,0.008,0,0,0,0,v
2014-06-14 17:30,6.814,0.009,0,0,0,0,v
2014-06-14 17:36,6.822,0.009,0,0,0,0,v
2014-06-14 17:42,6.830,0.011,0,0,0,0,v
2014-06-14 17:48,6.824,0.009,0,0,0,0,v
2014-06-14 17:54,6.844,0.010,0,0,0,0,v
2014-06-14 18:00,6.835,0.008,0,0,0,0,v
2014-06-14 18:06,6.854,0.009,0,0,0,0,v
2014-06-14 18:12,6.871,0.010,0,0,0,0,v
2014-06-14 18:18,6.857,0.009,0,0,0,0,v
2014-06-14 18:24,6.845,0.010,0,0,0,0,v
2014-06-14 18:30,6.852,0.010,0,0,0,0,v
2014-06-14 18:36,6.844,0.010,0,0,0,0,v
2014-06-14 18:42,6.874,0.010,0,0,0,0,v
2014-06-14 18:48,6.905,0.010,0,0,0,0,v
2014-06-14 18:54,6.898,0.011,0,0,0,0,v
2014-06-14 19:00,6.884,0.010,0,0,0,0,v
2014-06-14 19:06,6.868,0.011,0,0,0,0,v
2014-06-14 19:12,6.872,0.008,0,0,0,0,v
2014-06-14 19:18,6.841,0.008,0,0,0,0,v
2014-06-14 19:24,6.863,0.008,0,0,0,0,v
2014-06-14 19:30,6.845,0.008,0,0,0,0,v
2014-06-14 19:36,6.836,0.009,0,0,0,0,v
2014-06-14 19:42,6.837,0.009,0,0,0,0,v
2014-06-14 19:48,6.843,0.009,0,0,0,0,v
2014-06-14 19:54,6.814,0.008,0,0,0,0,v
2014-06-14 20:00,6.813,0.009,0,0,0,0,v
2014-06-14 20:06,6.804,0.010,0,0,0,0,v
2014-06-14 20:12,6.796,0.008,0,0,0,0,v
2014-06-14 20:18,6.777,0.010,0,0,0,0,v
2014-06-14 20:24,6.764,0.010,0,0,0,0,v
2014-06-14 20:30,6.744,0.012,0,0,0,0,v
2014-06-14 20:36,6.753,0.012,0,0,0,0,v
2014-06-14 20:42,6.714,0.009,0,0,0,0,v
2014-06-14 20:48,6.726,0.010,0,0,0,0,v
2014-06-14 20:54,6.739,0.009,0,0,0,0,v
2014-06-14 21:00,6.748,0.010,0,0,0,0,v
2014-06-14 21:06,6.741,0.010,0,0,0,0,v
2014-06-14 21:12,6.747,0.010,0,0,0,0,v
2014-06-14 21:18,6.747,0.010,0,0,0,0,v
2014-06-14 21:24,6.738,0.008,0,0,0,0,v
2014-06-14 21:30,6.737,0.008,0,0,0,0,v
2014-06-14 21:36,6.759,0.008,0,0,0,0,v
2014-06-14 21:42,6.749,0.009,0,0,0,0,v
2014-06-14 21:48,6.779,0.009,0,0,0,0,v
2014-06-14 21:54,6.801,0.009,0,0,0,0,v
2014-06-14 22:00,6.768,0.012,0,0,0,0,v
2014-06-14 22:06,6.773,0.010,0,0,0,0,v
2014-06-14 22:12,6.727,0.010,0,0,0,0,v
2014-06-14 22:18,6.718,0.010,0,0,0,0,v
2014-06-14 22:24,6.712,0.011,0,0,0,0,v
2014-06-14 22:30,6.702,0.010,0,0,0,0,v
2014-06-14 22:36,6.676,0.010,0,0,0,0,v
2014-06-14 22:42,6.667,0.010,0,0,0,0,v
2014-06-14 22:48,6.639,0.011,0,0,0,0,v
2014-06-14 22:54,6.601,0.012,0,0,0,0,v
2014-06-14 23:00,6.601,0.010,0,0,0,0,v
2014-06-14 23:06,6.606,0.010,0,0,0,0,v
2014-06-14 23:12,6.593,0.009,0,0,0,0,v
2014-06-14 23:18,6.592,0.012,0,0,0,0,v
2014-06-14 23:24,6.579,0.010,0,0,0,0,v
2014-06-14 23:30,6.558,0.009,0,0,0,0,v
2014-06-14 23:36,6.542,0.009,0,0,0,0,v
2014-06-14 23:42,6.536,0.010,0,0,0,0,v
2014-06-14 23:48,6.537,0.011,0,0,0,0,v
2014-06-14 23:54,6.521,0.010,0,0,0,0,v
2014-06-15 00:00,6.517,0.012,0,0,0,0,v
2014-06-15 00:06,6.508,0.011,0,0,0,0,v
2014-06-15 00:12,6.505,0.011,0,0,0,0,v
2014-06-15 00:18,6.498,0.010,0,0,0,0,v
2014-06-15 00:24,6.497,0.010,0,0,0,0,v
2014-06-15 00:30,6.498,0.013,0,0,0,0,v
2014-06-15 00:36,6.458,0.012,0,0,0,0,v
2014-06-15 00:42,6.449,0.014,0,0,0,0,v
2014-06-15 00:48,6.408,0.014,0,0,0,0,v
2014-06-15 00:54,6.396,0.012,0,0,0,0,v
2014-06-15 01:00,6.373,0.012,0,0,0,0,v
2014-06-15 01:06,6.372,0.012,0,0,0,0,v
2014-06-15 01:12,6.334,0.011,0,0,0,0,v
2014-06-15 01:18,6.351,0.014,0,0,0,0,v
2014-06-15 01:24,6.327,0.027,0,0,0,0,v
2014-06-15 01:30,6.349,0.075,0,0,0,0,v
2014-06-15 01:36,6.305,0.105,0,0,0,0,v
2014-06-15 01:42,6.327,0.102,0,0,0,0,v
2014-06-15 01:48,6.336,0.107,0,0,0,0,v
2014-06-15 01:54,6.337,0.119,0,0,0,0,v
2014-06-15 02:00,6.340,0.111,0,0,0,0,v
2014-06-15 02:06,6.333,0.106,0,0,0,0,v
2014-06-15 02:12,6.340,0.109,0,0,0,0,v
2014-06-15 02:18,6.334,0.102,0,0,0,0,v
2014-06-15 02:24,6.354,0.103,0,0,0,0,v
2014-06-15 02:30,6.334,0.107,0,0,0,0,v
2014-06-15 02:36,6.334,0.102,0,0,0,0,v
2014-06-15 02:42,6.358,0.120,0,0,0,0,v
2014-06-15 02:48,6.356,0.120,0,0,0,0,v
2014-06-15 02:54,6.342,0.105,0,0,0,0,v
2014-06-15 03:00,6.337,0.106,0,0,0,0,v
2014-06-15 03:06,6.353,0.116,0,0,0,0,v
2014-06-15 03:12,6.338,0.097,0,0,0,0,v
2014-06-15 03:18,6.316,0.111,0,0,0,0,v
2014-06-15 03:24,6.341,0.099,0,0,0,0,v
2014-06-15 03:30,6.335,0.100,0,0,0,0,v
2014-06-15 03:36,6.331,0.101,0,0,0,0,v
2014-06-15 03:42,6.323,0.110,0,0,0,0,v
2014-06-15 03:48,6.321,0.104,0,0,0,0,v
2014-06-15 03:54,6.324,0.111,0,0,0,0,v
2014-06-15 04:00,6.329,0.100,0,0,0,0,v
2014-06-15 04:06,6.314,0.108,0,0,0,0,v
2014-06-15 04:12,6.317,0.122,0,0,0,0,v
2014-06-15 04:18,6.305,0.098,0,0,0,0,v
2014-06-15 04:24,6.300,0.121,0,0,0,0,v
2014-06-15 04:30,6.308,0.090,0,0,0,0,v
2014-06-15 04:36,6.301,0.107,0,0,0,0,v
2014-06-15 04:42,6.311,0.103,0,0,0,0,v
2014-06-15 04:48,6.312,0.107,0,0,0,0,v
2014-06-15 04:54,6.301,0.108,0,0,0,0,v
2014-06-15 05:00,6.300,0.113,0,0,0,0,v
2014-06-15 05:06,6.300,0.101,0,0,0,0,v
2014-06-15 05:12,6.313,0.108,0,0,0,0,v
2014-06-15 05:18,6.310,0.094,0,0,0,0,v
2014-06-15 05:24,6.327,0.106,0,0,0,0,v
2014-06-15 05:30,6.352,0.112,0,0,0,0,v
2014-06-15 05:36,6.362,0.099,0,0,0,0,v
2014-06-15 05:42,6.362,0.103,0,0,0,0,v
2014-06-15 05:48,6.409,0.112,0,0,0,0,v
2014-06-15 05:54,6.404,0.105,0,0,0,0,v
2014-06-15 06:00,6.414,0.122,0,0,0,0,v
2014-06-15 06:06,6.420,0.106,0,0,0,0,v
2014-06-15 06:12,6.424,0.107,0,0,0,0,v
2014-06-15 06:18,6.441,0.117,0,0,0,0,v
2014-06-15 06:24,6.451,0.113,0,0,0,0,v
2014-06-15 06:30,6.470,0.119,0,0,0,0,v
2014-06-15 06:36,6.457,0.098,0,0,0,0,v
2014-06-15 06:42,6.484,0.097,0,0,0,0,v
2014-06-15 06:48,6.499,0.108,0,0,0,0,v
2014-06-15 06:54,6.504,0.095,0,0,0,0,v
2014-06-15 07:00,6.522,0.105,0,0,0,0,v
2014-06-15 07:06,6.557,0.116,0,0,0,0,v
2014-06-15 07:12,6.591,0.115,0,0,0,0,v
2014-06-15 07:18,6.588,0.106,0,0,0,0,v
2014-06-15 07:24,6.590,0.098,0,0,0,0,v
2014-06-15 07:30,6.585,0.108,0,0,0,0,v
2014-06-15 07:36,6.620,0.108,0,0,0,0,v
2014-06-15 07:42,6.607,0.108,0,0,0,0,v
2014-06-15 07:48,6.611,0.118,0,0,0,0,v
2014-06-15 07:54,6.651,0.114,0,0,0,0,v
2014-06-15 08:00,6.682,0.096,0,0,0,0,v
2014-06-15 08:06,6.709,0.107,0,0,0,0,v
2014-06-15 08:12,6.716,0.118,0,0,0,0,v
2014-06-15 08:18,6.731,0.104,0,0,0,0,v
2014-06-15 08:24,6.762,0.111,0,0,0,0,v
2014-06-15 08:30,6.756,0.121,0,0,0,0,v
2014-06-15 08:36,6.760,0.107,0,0,0,0,v
2014-06-15 08:42,6.765,0.113,0,0,0,0,v
2014-06-15 08:48,6.780,0.110,0,0,0,0,v
2014-06-15 08:54,6.786,0.109,0,0,0,0,v
2014-06-15 09:00,6.813,0.098,0,0,0,0,v
2014-06-15 09:06,6.788,0.133,0,0,0,0,v
2014-06-15 09:12,6.800,0.120,0,0,0,0,v
2014-06-15 09:18,6.826,0.129,0,0,0,0,v
2014-06-15 09:24,6.832,0.104,0,0,0,0,v
2014-06-15 09:30,6.851,0.128,0,0,0,0,v
2014-06-15 09:36,6.854,0.105,0,0,0,0,v
2014-06-15 09:42,6.858,0.129,0,0,0,0,v
2014-06-15 09:48,6.874,0.115,0,0,0,0,v
2014-06-15 09:54,6.885,0.115,0,0,0,0,v
2014-06-15 10:00,6.913,0.114,0,0,0,0,v
2014-06-15 10:06,6.922,0.114,0,0,0,0,v
2014-06-15 10:12,6.936,0.113,0,0,0,0,v
2014-06-15 10:18,6.940,0.115,0,0,0,0,v
2014-06-15 10:24,6.930,0.106,0,0,0,0,v
2014-06-15 10:30,6.921,0.102,0,0,0,0,v
2014-06-15 10:36,6.933,0.116,0,0,0,0,v
2014-06-15 10:42,6.939,0.116,0,0,0,0,v
2014-06-15 10:48,6.943,0.108,0,0,0,0,v
2014-06-15 10:54,6.953,0.107,0,0,0,0,v
2014-06-15 11:00,6.964,0.129,0,0,0,0,v
2014-06-15 11:06,6.974,0.120,0,0,0,0,v
2014-06-15 11:12,6.964,0.106,0,0,0,0,v
2014-06-15 11:18,6.978,0.104,0,0,0,0,v
2014-06-15 11:24,7.016,0.114,0,0,0,0,v
2014-06-15 11:30,7.023,0.113,0,0,0,0,v
2014-06-15 11:36,6.995,0.110,0,0,0,0,v
2014-06-15 11:42,7.000,0.108,0,0,0,0,v
2014-06-15 11:48,7.011,0.099,0,0,0,0,v
2014-06-15 11:54,7.001,0.115,0,0,0,0,v
2014-06-15 12:00,7.004,0.101,0,0,0,0,v
2014-06-15 12:06,6.996,0.112,0,0,0,0,v
2014-06-15 12:12,6.981,0.104,0,0,0,0,v
2014-06-15 12:18,6.995,0.113,0,0,0,0,v
2014-06-15 12:24,7.013,0.113,0,0,0,0,v
2014-06-15 12:30,7.004,0.111,0,0,0,0,v
2014-06-15 12:36,7.012,0.104,0,0,0,0,v
2014-06-15 12:42,6.997,0.126,0,0,0,0,v
2014-06-15 12:48,6.978,0.118,0,0,0,0,v
2014-06-15 12:54,6.974,0.118,0,0,0,0,v
2014-06-15 13:00,7.004,0.115,0,0,0,0,v
2014-06-15 13:06,7.007,0.109,0,0,0,0,v
2014-06-15 13:12,7.012,0.114,0,0,0,0,v
2014-06-15 13:18,7.010,0.125,0,0,0,0,v
2014-06-15 13:24,6.996,0.094,0,0,0,0,v
2014-06-15 13:30,7.007,0.119,0,0,0,0,v
2014-06-15 13:36,6.997,0.113,0,0,0,0,v
2014-06-15 13:42,6.986,0.120,0,0,0,0,v
2014-06-15 13:48,6.982,0.116,0,0,0,0,v
2014-06-15 13:54,6.968,0.104,0,0,0,0,v
2014-06-15 14:00,6.971,0.113,0,0,0,0,v
2014-06-15 14:06,6.964,0.114,0,0,0,0,v
2014-06-15 14:12,6.950,0.111,0,0,0,0,v
2014-06-15 14:18,6.968,0.124,0,0,0,0,v
2014-06-15 14:24,6.968,0.098,0,0,0,0,v
2014-06-15 14:30,6.972,0.092,0,0,0,0,v
2014-06-15 14:36,6.977,0.103,0,0,0,0,v
2014-06-15 14:42,6.976,0.108,0,0,0,0,v
2014-06-15 14:48,6.979,0.100,0,0,0,0,v
2014-06-15 14:54,6.979,0.096,0,0,0,0,v
2014-06-15 15:00,6.985,0.116,0,0,0,0,v
2014-06-15 15:06,6.970,0.111,0,0,0,0,v
2014-06-15 15:12,6.974,0.092,0,0,0,0,v
2014-06-15 15:18,6.969,0.090,0,0,0,0,v
2014-06-15 15:24,6.963,0.105,0,0,0,0,v
2014-06-15 15:30,6.960,0.122,0,0,0,0,v
2014-06-15 15:36,6.949,0.105,0,0,0,0,v
2014-06-15 15:42,6.920,0.120,0,0,0,0,v
2014-06-15 15:48,6.935,0.111,0,0,0,0,v
2014-06-15 15:54,6.914,0.121,0,0,0,0,v
2014-06-15 16:00,6.926,0.117,0,0,0,0,v
2014-06-15 16:06,6.947,0.111,0,0,0,0,v
2014-06-15 16:12,6.958,0.096,0,0,0,0,v
2014-06-15 16:18,6.963,0.093,0,0,0,0,v
2014-06-15 16:24,6.964,0.105,0,0,0,0,v
2014-06-15 16:30,6.944,0.109,0,0,0,0,v
2014-06-15 16:36,6.929,0.108,0,0,0,0,v
2014-06-15 16:42,6.926,0.092,0,0,0,0,v
2014-06-15 16:48,6.919,0.120,0,0,0,0,v
2014-06-15 16:54,6.923,0.089,0,0,0,0,v
2014-06-15 17:00,6.944,0.102,0,0,0,0,v
2014-06-15 17:06,6.905,0.108,0,0,0,0,v
2014-06-15 17:12,6.897,0.110,0,0,0,0,v
2014-06-15 17:18,6.906,0.106,0,0,0,0,v
2014-06-15 17:24,6.919,0.109,0,0,0,0,v
2014-06-15 17:30,6.899,0.110,0,0,0,0,v
2014-06-15 17:36,6.921,0.097,0,0,0,0,v
2014-06-15 17:42,6.904,0.104,0,0,0,0,v
2014-06-15 17:48,6.912,0.091,0,0,0,0,v
2014-06-15 17:54,6.900,0.106,0,0,0,0,v
2014-06-15 18:00,6.910,0.110,0,0,0,0,v
2014-06-15 18:06,6.909,0.095,0,0,0,0,v
2014-06-15 18:12,6.894,0.109,0,0,0,0,v
2014-06-15 18:18,6.901,0.106,0,0,0,0,v
2014-06-15 18:24,6.914,0.096,0,0,0,0,v
2014-06-15 18:30,6.913,0.104,0,0,0,0,v
2014-06-15 18:36,6.932,0.095,0,0,0,0,v
2014-06-15 18:42,6.921,0.097,0,0,0,0,v
2014-06-15 18:48,6.919,0.112,0,0,0,0,v
2014-06-15 18:54,6.918,0.102,0,0,0,0,v
2014-06-15 19:00,6.919,0.107,0,0,0,0,v
2014-06-15 19:06,6.900,0.085,0,0,0,0,v
2014-06-15 19:12,6.895,0.101,0,0,0,0,v
2014-06-15 19:18,6.890,0.096,0,0,0,0,v
2014-06-15 19:24,6.894,0.098,0,0,0,0,v
2014-06-15 19:30,6.893,0.096,0,0,0,0,v
2014-06-15 19:36,6.892,0.090,0,0,0,0,v
2014-06-15 19:42,6.905,0.101,0,0,0,0,v
2014-06-15 19:48,6.909,0.082,0,0,0,0,v
2014-06-15 19:54,6.879,0.108,0,0,0,0,v
2014-06-15 20:00,6.871,0.117,0,0,0,0,v
2014-06-15 20:06,6.873,0.084,0,0,0,0,v
2014-06-15 20:12,6.885,0.099,0,0,0,0,v
2014-06-15 20:18,6.884,0.096,0,0,0,0,v
2014-06-15 20:24,6.863,0.107,0,0,0,0,v
2014-06-15 20:30,6.864,0.094,0,0,0,0,v
2014-06-15 20:36,6.842,0.110,0,0,0,0,v
2014-06-15 20:42,6.838,0.112,0,0,0,0,v
2014-06-15 20:48,6.822,0.106,0,0,0,0,v
2014-06-15 20:54,6.810,0.094,0,0,0,0,v
2014-06-15 21:00,6.817,0.103,0,0,0,0,v
2014-06-15 21:06,6.830,0.098,0,0,0,0,v
2014-06-15 21:12,6.851,0.104,0,0,0,0,v
2014-06-15 21:18,6.855,0.087,0,0,0,0,v
2014-06-15 21:24,6.848,0.104,0,0,0,0,v
2014-06-15 21:30,6.865,0.096,0,0,0,0,v
2014-06-15 21:36,6.866,0.102,0,0,0,0,v
2014-06-15 21:42,6.864,0.085,0,0,0,0,v
2014-06-15 21:48,6.869,0.110,0,0,0,0,v
2014-06-15 21:54,6.853,0.099,0,0,0,0,v
2014-06-15 22:00,6.839,0.100,0,0,0,0,v
2014-06-15 22:06,6.831,0.106,0,0,0,0,v
2014-06-15 22:12,6.828,0.112,0,0,0,0,v
2014-06-15 22:18,6.829,0.117,0,0,0,0,v
2014-06-15 22:24,6.809,0.100,0,0,0,0,v
2014-06-15 22:30,6.795,0.092,0,0,0,0,v
2014-06-15 22:36,6.779,0.110,0,0,0,0,v
2014-06-15 22:42,6.772,0.128,0,0,0,0,v
2014-06-15 22:48,6.751,0.107,0,0,0,0,v
2014-06-15 22:54,6.764,0.106,0,0,0,0,v
2014-06-15 23:00,6.747,0.107,0,0,0,0,v
2014-06-15 23:06,6.758,0.111,0,0,0,0,v
2014-06-15 23:12,6.730,0.125,0,0,0,0,v
2014-06-15 23:18,6.725,0.113,0,0,0,0,v
2014-06-15 23:24,6.707,0.124,0,0,0,0,v
2014-06-15 23:30,6.696,0.118,0,0,0,0,v
2014-06-15 23:36,6.681,0.113,0,0,0,0,v
2014-06-15 23:42,6.660,0.108,0,0,0,0,v
2014-06-15 23:48,6.642,0.119,0,0,0,0,v
2014-06-15 23:54,6.650,0.117,0,0,0,0,v
2014-06-16 00:00,6.641,0.120,0,0,0,0,v
2014-06-16 00:06,6.627,0.127,0,0,0,0,v
2014-06-16 00:12,6.625,0.142,0,0,0,0,v
2014-06-16 00:18,6.627,0.109,0,0,0,0,v
2014-06-16 00:24,6.595,0.108,0,0,0,0,v
2014-06-16 00:30,6.590,0.119,0,0,0,0,v
2014-06-16 00:36,6.581,0.113,0,0,0,0,v
2014-06-16 00:42,6.571,0.111,0,0,0,0,v
2014-06-16 00:48,6.537,0.123,0,0,0,0,v
2014-06-16 00:54,6.524,0.124,0,0,0,0,v
2014-06-16 01:00,6.525,0.134,0,0,0,0,v
2014-06-16 01:06,6.547,0.125,0,0,0,0,v
2014-06-16 01:12,6.549,0.108,0,0,0,0,v
2014-06-16 01:18,6.539,0.115,0,0,0,0,v
2014-06-16 01:24,6.519,0.121,0,0,0,0,v
2014-06-16 01:30,6.496,0.122,0,0,0,0,v
2014-06-16 01:36,6.484,0.134,0,0,0,0,v
2014-06-16 01:42,6.480,0.131,0,0,0,0,v
2014-06-16 01:48,6.466,0.116,0,0,0,0,v
2014-06-16 01:54,6.464,0.155,0,0,0,0,v
2014-06-16 02:00,6.458,0.146,0,0,0,0,v
2014-06-16 02:06,6.457,0.096,0,0,0,0,v
2014-06-16 02:12,6.434,0.114,0,0,0,0,v
2014-06-16 02:18,6.432,0.153,0,0,0,0,v
2014-06-16 02:24,6.403,0.126,0,0,0,0,v
2014-06-16 02:30,6.417,0.115,0,0,0,0,v
2014-06-16 02:36,6.406,0.140,0,0,0,0,v
2014-06-16 02:42,6.407,0.134,0,0,0,0,v
2014-06-16 02:48,6.406,0.112,0,0,0,0,v
2014-06-16 02:54,6.397,0.144,0,0,0,0,v
2014-06-16 03:00,6.409,0.125,0,0,0,0,v
2014-06-16 03:06,6.383,0.128,0,0,0,0,v
2014-06-16 03:12,6.362,0.135,0,0,0,0,v
2014-06-16 03:18,6.373,0.136,0,0,0,0,v
2014-06-16 03:24,6.362,0.127,0,0,0,0,v
2014-06-16 03:30,6.357,0.120,0,0,0,0,v
2014-06-16 03:36,6.363,0.129,0,0,0,0,v
2014-06-16 03:42,6.357,0.141,0,0,0,0,v
2014-06-16 03:48,6.365,0.145,0,0,0,0,v
2014-06-16 03:54,6.350,0.107,0,0,0,0,v
2014-06-16 04:00,6.353,0.152,0,0,0,0,v
2014-06-16 04:06,6.349,0.142,0,0,0,0,v
2014-06-16 04:12,6.345,0.156,0,0,0,0,v
2014-06-16 04:18,6.345,0.125,0,0,0,0,v
2014-06-16 04:24,6.338,0.109,0,0,0,0,v
2014-06-16 04:30,6.327,0.132,0,0,0,0,v
2014-06-16 04:36,6.335,0.115,0,0,0,0,v
2014-06-16 04:42,6.350,0.152,0,0,0,0,v
2014-06-16 04:48,6.359,0.147,0,0,0,0,v
2014-06-16 04:54,6.329,0.146,0,0,0,0,v
2014-06-16 05:00,6.353,0.147,0,0,0,0,v
2014-06-16 05:06,6.367,0.135,0,0,0,0,v
2014-06-16 05:12,6.362,0.123,0,0,0,0,v
2014-06-16 05:18,6.377,0.144,0,0,0,0,v
2014-06-16 05:24,6.381,0.139,0,0,0,0,v
2014-06-16 05:30,6.365,0.134,0,0,0,0,v
2014-06-16 05:36,6.383,0.135,0,0,0,0,v
2014-06-16 05:42,6.398,0.156,0,0,0,0,v
2014-06-16 05:48,6.393,0.154,0,0,0,0,v
2014-06-16 05:54,6.389,0.166,0,0,0,0,v
2014-06-16 06:00,6.380,0.170,0,0,0,0,v
2014-06-16 06:06,6.384,0.155,0,0,0,0,v
2014-06-16 06:12,6.401,0.154,0,0,0,0,v
2014-06-16 06:18,6.418,0.121,0,0,0,0,v
2014-06-16 06:24,6.416,0.153,0,0,0,0,v
2014-06-16 06:30,6.427,0.144,0,0,0,0,v
2014-06-16 06:36,6.421,0.153,0,0,0,0,v
2014-06-16 06:42,6.398,0.137,0,0,0,0,v
2014-06-16 06:48,6.401,0.158,0,0,0,0,v
2014-06-16 06:54,6.409,0.156,0,0,0,0,v
2014-06-16 07:00,6.433,0.117,0,0,0,0,v
2014-06-16 07:06,6.467,0.167,0,0,0,0,v
2014-06-16 07:12,6.451,0.133,0,0,0,0,v
2014-06-16 07:18,6.485,0.133,0,0,0,0,v
2014-06-16 07:24,6.478,0.161,0,0,0,0,v
2014-06-16 07:30,6.503,0.113,0,0,0,0,v
2014-06-16 07:36,6.517,0.120,0,0,0,0,v
2014-06-16 07:42,6.538,0.144,0,0,0,0,v
2014-06-16 07:48,6.531,0.128,0,0,0,0,v
2014-06-16 07:54,6.567,0.148,0,0,0,0,v
2014-06-16 08:00,6.552,0.147,0,0,0,0,v
2014-06-16 08:06,6.592,0.112,0,0,0,0,v
2014-06-16 08:12,6.581,0.138,0,0,0,0,v
2014-06-16 08:18,6.583,0.153,0,0,0,0,v
2014-06-16 08:24,6.598,0.133,0,0,0,0,v
2014-06-16 08:30,6.627,0.116,0,0,0,0,v
2014-06-16 08:36,6.640,0.126,0,0,0,0,v
2014-06-16 08:42,6.622,0.127,0,0,0,0,v
2014-06-16 08:48,6.630,0.131,0,0,0,0,v
2014-06-16 08:54,6.665,0.148,0,0,0,0,v
2014-06-16 09:00,6.684,0.129,0,0,0,0,v
2014-06-16 09:06,6.690,0.140,0,0,0,0,v
2014-06-16 09:12,6.699,0.142,0,0,0,0,v
2014-06-16 09:18,6.726,0.141,0,0,0,0,v
2014-06-16 09:24,6.718,0.134,0,0,0,0,v
2014-06-16 09:30,6.740,0.146,0,0,0,0,v
2014-06-16 09:36,6.733,0.126,0,0,0,0,v
2014-06-16 09:42,6.741,0.145,0,0,0,0,v
2014-06-16 09:48,6.767,0.151,0,0,0,0,v
2014-06-16 09:54,6.753,0.156,0,0,0,0,v
2014-06-16 10:00,6.752,0.151,0,0,0,0,v
2014-06-16 10:06,6.781,0.123,0,0,0,0,v
2014-06-16 10:12,6.799,0.158,0,0,0,0,v
2014-06-16 10:18,6.807,0.142,0,0,0,0,v
2014-06-16 10:24,6.816,0.142,0,0,0,0,v
2014-06-16 10:30,6.803,0.141,0,0,0,0,v
2014-06-16 10:36,6.817,0.154,0,0,0,0,v
2014-06-16 10:42,6.860,0.140,0,0,0,0,v
2014-06-16 10:48,6.883,0.157,0,0,0,0,v
2014-06-16 10:54,6.890,0.134,0,0,0,0,v
2014-06-16 11:00,6.895,0.143,0,0,0,0,v
2014-06-16 11:06,6.903,0.162,0,0,0,0,v
2014-06-16 11:12,6.902,0.132,0,0,0,0,v
2014-06-16 11:18,6.915,0.148,0,0,0,0,v
2014-06-16 11:24,6.916,0.170,0,0,0,0,v
2014-06-16 11:30,6.894,0.171,0,0,0,0,v
2014-06-16 11:36,6.917,0.171,0,0,0,0,v
2014-06-16 11:42,6.897,0.177,0,0,0,0,v
2014-06-16 11:48,6.886,0.164,0,0,0,0,v
2014-06-16 11:54,6.913,0.155,0,0,0,0,v
2014-06-16 12:00,6.924,0.132,0,0,0,0,v
2014-06-16 12:06,6.921,0.151,0,0,0,0,v
2014-06-16 12:12,6.916,0.170,0,0,0,0,v
2014-06-16 12:18,6.928,0.154,0,0,0,0,v
2014-06-16 12:24,6.936,0.156,0,0,0,0,v
2014-06-16 12:30,6.921,0.163,0,0,0,0,v
2014-06-16 12:36,6.923,0.140,0,0,0,0,v
2014-06-16 12:42,6.929,0.140,0,0,0,0,v
2014-06-16 12:48,6.923,0.139,0,0,0,0,v
2014-06-16 12:54,6.924,0.171,0,0,0,0,v
2014-06-16 13:00,6.928,0.160,0,0,0,0,v
2014-06-16 13:06,6.911,0.157,0,0,0,0,v
2014-06-16 13:12,6.907,0.172,0,0,0,0,v
2014-06-16 13:18,6.896,0.149,0,0,0,0,v
2014-06-16 13:24,6.906,0.159,0,0,0,0,v
2014-06-16 13:30,6.900,0.149,0,0,0,0,v
2014-06-16 13:36,6.907,0.195,0,0,0,0,v
2014-06-16 13:42,6.901,0.177,0,0,0,0,v
2014-06-16 13:48,6.912,0.170,0,0,0,0,v
2014-06-16 13:54,6.901,0.178,0,0,0,0,v
2014-06-16 14:00,6.903,0.157,0,0,0,0,v
2014-06-16 14:06,6.903,0.162,0,0,0,0,v
2014-06-16 14:12,6.913,0.170,0,0,0,0,v
2014-06-16 14:18,6.911,0.171,0,0,0,0,v
2014-06-16 14:24,6.905,0.183,0,0,0,0,v
2014-06-16 14:30,6.910,0.179,0,0,0,0,v
2014-06-16 14:36,6.915,0.184,0,0,0,0,v
2014-06-16 14:42,6.909,0.149,0,0,0,0,v
2014-06-16 14:48,6.899,0.193,0,0,0,0,v
2014-06-16 14:54,6.899,0.179,0,0,0,0,v
2014-06-16 15:00,6.897,0.161,0,0,0,0,v
2014-06-16 15:06,6.876,0.147,0,0,0,0,v
2014-06-16 15:12,6.866,0.183,0,0,0,0,v
2014-06-16 15:18,6.869,0.140,0,0,0,0,v
2014-06-16 15:24,6.860,0.151,0,0,0,0,v
2014-06-16 15:30,6.864,0.167,0,0,0,0,v
2014-06-16 15:36,6.843,0.160,0,0,0,0,v
2014-06-16 15:42,6.876,0.152,0,0,0,0,v
2014-06-16 15:48,6.891,0.153,0,0,0,0,v
2014-06-16 15:54,6.865,0.153,0,0,0,0,v
2014-06-16 16:00,6.866,0.153,0,0,0,0,v
2014-06-16 16:06,6.877,0.168,0,0,0,0,v
2014-06-16 16:12,6.869,0.190,0,0,0,0,v
2014-06-16 16:18,6.862,0.180,0,0,0,0,v
2014-06-16 16:24,6.853,0.160,0,0,0,0,v
2014-06-16 16:30,6.880,0.120,0,0,0,0,v
2014-06-16 16:36,6.886,0.175,0,0,0,0,v
2014-06-16 16:42,6.871,0.145,0,0,0,0,v
2014-06-16 16:48,6.869,0.156,0,0,0,0,v
2014-06-16 16:54,6.883,0.146,0,0,0,0,v
2014-06-16 17:00,6.882,0.146,0,0,0,0,v
2014-06-16 17:06,6.864,0.174,0,0,0,0,v
2014-06-16 17:12,6.846,0.149,0,0,0,0,v
2014-06-16 17:18,6.834,0.150,0,0,0,0,v
2014-06-16 17:24,6.817,0.175,0,0,0,0,v
2014-06-16 17:30,6.825,0.180,0,0,0,0,v
2014-06-16 17:36,6.837,0.152,0,0,0,0,v
2014-06-16 17:42,6.837,0.144,0,0,0,0,v
2014-06-16 17:48,6.826,0.158,0,0,0,0,v
2014-06-16 17:54,6.837,0.176,0,0,0,0,v
2014-06-16 18:00,6.844,0.193,0,0,0,0,v
2014-06-16 18:06,6.823,0.163,0,0,0,0,v
2014-06-16 18:12,6.815,0.183,0,0,0,0,v
2014-06-16 18:18,6.815,0.151,0,0,0,0,v
2014-06-16 18:24,6.796,0.194,0,0,0,0,v
2014-06-16 18:30,6.800,0.168,0,0,0,0,v
2014-06-16 18:36,6.795,0.165,0,0,0,0,v
2014-06-16 18:42,6.785,0.189,0,0,0,0,v
2014-06-16 18:48,6.820,0.185,0,0,0,0,v
2014-06-16 18:54,6.807,0.158,0,0,0,0,v
2014-06-16 19:00,6.822,0.165,0,0,0,0,v
2014-06-16 19:06,6.814,0.144,0,0,0,0,v
2014-06-16 19:12,6.797,0.164,0,0,0,0,v
2014-06-16 19:18,6.792,0.161,0,0,0,0,v
2014-06-16 19:24,6.800,0.188,0,0,0,0,v
2014-06-16 19:30,6.809,0.169,0,0,0,0,v
2014-06-16 19:36,6.810,0.151,0,0,0,0,v
2014-06-16 19:42,6.786,0.176,0,0,0,0,v
2014-06-16 19:48,6.786,0.155,0,0,0,0,v
2014-06-16 19:54,6.790,0.168,0,0,0,0,v
2014-06-16 20:00,6.796,0.150,0,0,0,0,v
2014-06-16 20:06,6.809,0.184,0,0,0,0,v
2014-06-16 20:12,6.812,0.169,0,0,0,0,v
2014-06-16 20:18,6.793,0.166,0,0,0,0,v
2014-06-16 20:24,6.778,0.149,0,0,0,0,v
2014-06-16 20:30,6.774,0.174,0,0,0,0,v
2014-06-16 20:36,6.781,0.165,0,0,0,0,v
2014-06-16 20:42,6.769,0.164,0,0,0,0,v
2014-06-16 20:48,6.778,0.163,0,0,0,0,v
2014-06-16 20:54,6.797,0.173,0,0,0,0,v
2014-06-16 21:00,6.802,0.163,0,0,0,0,v
2014-06-16 21:06,6.789,0.179,0,0,0,0,v
2014-06-16 21:12,6.789,0.168,0,0,0,0,v
2014-06-16 21:18,6.773,0.184,0,0,0,0,v
2014-06-16 21:24,6.778,0.209,0,0,0,0,v
2014-06-16 21:30,6.777,0.162,0,0,0,0,v
2014-06-16 21:36,6.798,0.138,0,0,0,0,v
2014-06-16 21:42,6.796,0.138,0,0,0,0,v
2014-06-16 21:48,6.799,0.166,0,0,0,0,v
2014-06-16 21:54,6.808,0.136,0,0,0,0,v
2014-06-16 22:00,6.821,0.139,0,0,0,0,v
2014-06-16 22:06,6.817,0.181,0,0,0,0,v
2014-06-16 22:12,6.825,0.164,0,0,0,0,v
2014-06-16 22:18,6.801,0.155,0,0,0,0,v
2014-06-16 22:24,6.795,0.145,0,0,0,0,v
2014-06-16 22:30,6.786,0.133,0,0,0,0,v
2014-06-16 22:36,6.792,0.166,0,0,0,0,v
2014-06-16 22:42,6.782,0.158,0,0,0,0,v
2014-06-16 22:48,6.778,0.145,0,0,0,0,v
2014-06-16 22:54,6.808,0.160,0,0,0,0,v
2014-06-16 23:00,6.787,0.157,0,0,0,0,v
2014-06-16 23:06,6.803,0.158,0,0,0,0,v
2014-06-16 23:12,6.778,0.163,0,0,0,0,v
2014-06-16 23:18,6.804,0.171,0,0,0,0,v
2014-06-16 23:24,6.813,0.147,0,0,0,0,v
2014-06-16 23:30,6.786,0.164,0,0,0,0,v
2014-06-16 23:36,6.766,0.136,0,0,0,0,v
2014-06-16 23:42,6.767,0.139,0,0,0,0,v
2014-06-16 23:48,6.730,0.164,0,0,0,0,v
2014-06-16 23:54,6.722,0.138,0,0,0,0,v
2014-06-17 00:00,6.704,0.148,0,0,0,0,v
2014-06-17 00:06,6.690,0.154,0,0,0,0,v
2014-06-17 00:12,6.681,0.155,0,0,0,0,v
2014-06-17 00:18,6.684,0.166,0,0,0,0,v
2014-06-17 00:24,6.665,0.165,0,0,0,0,v
2014-06-17 00:30,6.668,0.156,0,0,0,0,v
2014-06-17 00:36,6.654,0.165,0,0,0,0,v
2014-06-17 00:42,6.662,0.143,0,0,0,0,v
2014-06-17 00:48,6.632,0.153,0,0,0,0,v
2014-06-17 00:54,6.634,0.131,0,0,0,0,v
2014-06-17 01:00,6.613,0.154,0,0,0,0,v
2014-06-17 01:06,6.623,0.168,0,0,0,0,v
2014-06-17 01:12,6.614,0.149,0,0,0,0,v
2014-06-17 01:18,6.593,0.156,0,0,0,0,v
2014-06-17 01:24,6.588,0.146,0,0,0,0,v
2014-06-17 01:30,6.597,0.152,0,0,0,0,v
2014-06-17 01:36,6.609,0.143,0,0,0,0,v
2014-06-17 01:42,6.586,0.140,0,0,0,0,v
2014-06-17 01:48,6.573,0.132,0,0,0,0,v
2014-06-17 01:54,6.548,0.167,0,0,0,0,v
2014-06-17 02:00,6.550,0.126,0,0,0,0,v
2014-06-17 02:06,6.546,0.150,0,0,0,0,v
2014-06-17 02:12,6.574,0.161,0,0,0,0,v
2014-06-17 02:18,6.552,0.168,0,0,0,0,v
2014-06-17 02:24,6.557,0.150,0,0,0,0,v
2014-06-17 02:30,6.534,0.177,0,0,0,0,v
2014-06-17 02:36,6.554,0.148,0,0,0,0,v
2014-06-17 02:42,6.520,0.136,0,0,0,0,v
2014-06-17 02:48,6.496,0.149,0,0,0,0,v
2014-06-17 02:54,6.494,0.146,0,0,0,0,v
2014-06-17 03:00,6.499,0.150,0,0,0,0,v
2014-06-17 03:06,6.496,0.161,0,0,0,0,v
2014-06-17 03:12,6.467,0.136,0,0,0,0,v
2014-06-17 03:18,6.477,0.161,0,0,0,0,v
2014-06-17 03:24,6.452,0.150,0,0,0,0,v
2014-06-17 03:30,6.452,0.154,0,0,0,0,v
2014-06-17 03:36,6.451,0.160,0,0,0,0,v
2014-06-17 03:42,6.442,0.157,0,0,0,0,v
2014-06-17 03:48,6.432,0.156,0,0,0,0,v
2014-06-17 03:54,6.433,0.138,0,0,0,0,v
2014-06-17 04:00,6.430,0.167,0,0,0,0,v
2014-06-17 04:06,6.429,0.166,0,0,0,0,v
2014-06-17 04:12,6.418,0.150,0,0,0,0,v
2014-06-17 04:18,6.431,0.132,0,0,0,0,v
2014-06-17 04:24,6.427,0.156,0,0,0,0,v
2014-06-17 04:30,6.437,0.153,0,0,0,0,v
2014-06-17 04:36,6.441,0.152,0,0,0,0,v
2014-06-17 04:42,6.425,0.150,0,0,0,0,v
2014-06-17 04:48,6.421,0.137,0,0,0,0,v
2014-06-17 04:54,6.425,0.152,0,0,0,0,v
2014-06-17 05:00,6.436,0.153,0,0,0,0,v
2014-06-17 05:06,6.421,0.141,0,0,0,0,v
2014-06-17 05:12,6.408,0.149,0,0,0,0,v
2014-06-17 05:18,6.431,0.140,0,0,0,0,v
2014-06-17 05:24,6.453,0.140,0,0,0,0,v
2014-06-17 05:30,6.458,0.148,0,0,0,0,v
2014-06-17 05:36,6.442,0.148,0,0,0,0,v
2014-06-17 05:42,6.446,0.159,0,0,0,0,v
2014-06-17 05:48,6.462,0.156,0,0,0,0,v
2014-06-17 05:54,6.452,0.164,0,0,0,0,v
2014-06-17 06:00,6.432,0.180,0,0,0,0,v
2014-06-17 06:06,6.465,0.150,0,0,0,0,v
2014-06-17 06:12,6.482,0.152,0,0,0,0,v
2014-06-17 06:18,6.501,0.171,0,0,0,0,v
2014-06-17 06:24,6.474,0.152,0,0,0,0,v
2014-06-17 06:30,6.461,0.180,0,0,0,0,v
2014-06-17 06:36,6.463,0.172,0,0,0,0,v
2014-06-17 06:42,6.444,0.151,0,0,0,0,v
2014-06-17 06:48,6.425,0.166,0,0,0,0,v
2014-06-17 06:54,6.429,0.150,0,0,0,0,v
2014-06-17 07:00,6.423,0.161,0,0,0,0,v
2014-06-17 07:06,6.418,0.161,0,0,0,0,v
2014-06-17 07:12,6.416,0.171,0,0,0,0,v
2014-06-17 07:18,6.416,0.163,0,0,0,0,v
2014-06-17 07:24,6.435,0.169,0,0,0,0,v
2014-06-17 07:30,6.454,0.152,0,0,0,0,v
2014-06-17 07:36,6.456,0.162,0,0,0,0,v
2014-06-17 07:42,6.470,0.173,0,0,0,0,v
2014-06-17 07:48,6.483,0.148,0,0,0,0,v
2014-06-17 07:54,6.485,0.178,0,0,0,0,v
2014-06-17 08:00,6.488,0.175,0,0,0,0,v
2014-06-17 08:06,6.509,0.134,0,0,0,0,v
2014-06-17 08:12,6.508,0.156,0,0,0,0,v
2014-06-17 08:18,6.502,0.174,0,0,0,0,v
2014-06-17 08:24,6.523,0.170,0,0,0,0,v
2014-06-17 08:30,6.536,0.156,0,0,0,0,v
2014-06-17 08:36,6.544,0.157,0,0,0,0,v
2014-06-17 08:42,6.540,0.148,0,0,0,0,v
2014-06-17 08:48,6.573,0.172,0,0,0,0,v
2014-06-17 08:54,6.590,0.161,0,0,0,0,v
2014-06-17 09:00,6.627,0.168,0,0,0,0,v
2014-06-17 09:06,6.635,0.166,0,0,0,0,v
2014-06-17 09:12,6.647,0.173,0,0,0,0,v
2014-06-17 09:18,6.669,0.164,0,0,0,0,v
2014-06-17 09:24,6.670,0.142,0,0,0,0,v
2014-06-17 09:30,6.674,0.190,0,0,0,0,v
2014-06-17 09:36,6.681,0.155,0,0,0,0,v
2014-06-17 09:42,6.700,0.182,0,0,0,0,v
2014-06-17 09:48,6.695,0.177,0,0,0,0,v
2014-06-17 09:54,6.700,0.183,0,0,0,0,v
2014-06-17 10:00,6.718,0.193,0,0,0,0,v
2014-06-17 10:06,6.733,0.169,0,0,0,0,v
2014-06-17 10:12,6.755,0.167,0,0,0,0,v
2014-06-17 10:18,6.770,0.158,0,0,0,0,v
2014-06-17 10:24,6.751,0.168,0,0,0,0,v
2014-06-17 10:30,6.773,0.156,0,0,0,0,v
2014-06-17 10:36,6.777,0.188,0,0,0,0,v
2014-06-17 10:42,6.770,0.176,0,0,0,0,v
2014-06-17 10:48,6.798,0.160,0,0,0,0,v
2014-06-17 10:54,6.802,0.172,0,0,0,0,v
2014-06-17 11:00,6.797,0.184,0,0,0,0,v
2014-06-17 11:06,6.797,0.181,0,0,0,0,v
2014-06-17 11:12,6.809,0.165,0,0,0,0,v
2014-06-17 11:18,6.798,0.187,0,0,0,0,v
2014-06-17 11:24,6.829,0.179,0,0,0,0,v
2014-06-17 11:30,6.812,0.178,0,0,0,0,v
2014-06-17 11:36,6.833,0.191,0,0,0,0,v
2014-06-17 11:42,6.820,0.164,0,0,0,0,v
2014-06-17 11:48,6.845,0.185,0,0,0,0,v
2014-06-17 11:54,6.863,0.182,0,0,0,0,v
2014-06-17 12:00,6.868,0.206,0,0,0,0,v
2014-06-17 12:06,6.887,0.155,0,0,0,0,v
2014-06-17 12:12,6.876,0.191,0,0,0,0,v
2014-06-17 12:18,6.873,0.186,0,0,0,0,v
2014-06-17 12:24,6.906,0.187,0,0,0,0,v
2014-06-17 12:30,6.888,0.222,0,0,0,0,v
2014-06-17 12:36,6.908,0.201,0,0,0,0,v
2014-06-17 12:42,6.898,0.184,0,0,0,0,v
2014-06-17 12:48,6.901,0.193,0,0,0,0,v
2014-06-17 12:54,6.919,0.186,0,0,0,0,v
2014-06-17 13:00,6.889,0.203,0,0,0,0,v
2014-06-17 13:06,6.892,0.192,0,0,0,0,v
2014-06-17 13:12,6.925,0.174,0,0,0,0,v
2014-06-17 13:18,6.928,0.170,0,0,0,0,v
2014-06-17 13:24,6.914,0.188,0,0,0,0,v
2014-06-17 13:30,6.902,0.190,0,0,0,0,v
2014-06-17 13:36,6.923,0.166,0,0,0,0,v
2014-06-17 13:42,6.914,0.149,0,0,0,0,v
2014-06-17 13:48,6.909,0.171,0,0,0,0,v
2014-06-17 13:54,6.880,0.189,0,0,0,0,v
2014-06-17 14:00,6.873,0.213,0,0,0,0,v
2014-06-17 14:06,6.859,0.174,0,0,0,0,v
2014-06-17 14:12,6.857,0.198,0,0,0,0,v
2014-06-17 14:18,6.862,0.160,0,0,0,0,v
2014-06-17 14:24,6.882,0.204,0,0,0,0,v
2014-06-17 14:30,6.875,0.157,0,0,0,0,v
2014-06-17 14:36,6.867,0.195,0,0,0,0,v
2014-06-17 14:42,6.861,0.189,0,0,0,0,v
2014-06-17 14:48,6.875,0.179,0,0,0,0,v
2014-06-17 14:54,6.847,0.189,0,0,0,0,v
2014-06-17 15:00,6.840,0.205,0,0,0,0,v
2014-06-17 15:06,6.854,0.206,0,0,0,0,v
2014-06-17 15:12,6.858,0.150,0,0,0,0,v
2014-06-17 15:18,6.834,0.147,0,0,0,0,v
2014-06-17 15:24,6.845,0.183,0,0,0,0,v
2014-06-17 15:30,6.828,0.167,0,0,0,0,v
2014-06-17 15:36,6.819,0.190,0,0,0,0,v
2014-06-17 15:42,6.829,0.155,0,0,0,0,v
2014-06-17 15:48,6.832,0.197,0,0,0,0,v
2014-06-17 15:54,6.815,0.167,0,0,0,0,v
2014-06-17 16:00,6.837,0.195,0,0,0,0,v
2014-06-17 16:06,6.825,0.203,0,0,0,0,v
2014-06-17 16:12,6.824,0.158,0,0,0,0,v
2014-06-17 16:18,6.821,0.210,0,0,0,0,v
2014-06-17 16:24,6.823,0.178,0,0,0,0,v
2014-06-17 16:30,6.840,0.164,0,0,0,0,v
2014-06-17 16:36,6.846,0.192,0,0,0,0,v
2014-06-17 16:42,6.849,0.192,0,0,0,0,v
2014-06-17 16:48,6.859,0.156,0,0,0,0,v
2014-06-17 16:54,6.851,0.187,0,0,0,0,v
2014-06-17 17:00,6.854,0.172,0,0,0,0,v
2014-06-17 17:06,6.851,0.175,0,0,0,0,v
2014-06-17 17:12,6.836,0.135,0,0,0,0,v
2014-06-17 17:18,6.826,0.174,0,0,0,0,v
2014-06-17 17:24,6.799,0.194,0,0,0,0,v
2014-06-17 17:30,6.803,0.165,0,0,0,0,v
2014-06-17 17:36,6.813,0.193,0,0,0,0,v
2014-06-17 17:42,6.794,0.177,0,0,0,0,v
2014-06-17 17:48,6.790,0.151,0,0,0,0,v
2014-06-17 17:54,6.788,0.175,0,0,0,0,v
2014-06-17 18:00,6.792,0.126,0,0,0,0,v
2014-06-17 18:06,6.798,0.174,0,0,0,0,v
2014-06-17 18:12,6.768,0.184,0,0,0,0,v
2014-06-17 18:18,6.772,0.145,0,0,0,0,v
2014-06-17 18:24,6.778,0.156,0,0,0,0,v
2014-06-17 18:30,6.778,0.173,0,0,0,0,v
2014-06-17 18:36,6.788,0.174,0,0,0,0,v
2014-06-17 18:42,6.781,0.183,0,0,0,0,v
2014-06-17 18:48,6.818,0.178,0,0,0,0,v
2014-06-17 18:54,6.808,0.155,0,0,0,0,v
2014-06-17 19:00,6.758,0.157,0,0,0,0,v
2014-06-17 19:06,6.749,0.168,0,0,0,0,v
2014-06-17 19:12,6.761,0.167,0,0,0,0,v
2014-06-17 19:18,6.760,0.173,0,0,0,0,v
2014-06-17 19:24,6.759,0.154,0,0,0,0,v
2014-06-17 19:30,6.733,0.156,0,0,0,0,v
2014-06-17 19:36,6.726,0.160,0,0,0,0,v
2014-06-17 19:42,6.737,0.153,0,0,0,0,v
2014-06-17 19:48,6.740,0.194,0,0,0,0,v
2014-06-17 19:54,6.751,0.140,0,0,0,0,v
2014-06-17 20:00,6.753,0.163,0,0,0,0,v
2014-06-17 20:06,6.756,0.157,0,0,0,0,v
2014-06-17 20:12,6.763,0.182,0,0,0,0,v
2014-06-17 20:18,6.756,0.145,0,0,0,0,v
2014-06-17 20:24,6.739,0.178,0,0,0,0,v
2014-06-17 20:30,6.753,0.168,0,0,0,0,v
2014-06-17 20:36,6.757,0.152,0,0,0,0,v
2014-06-17 20:42,6.746,0.143,0,0,0,0,v
2014-06-17 20:48,6.735,0.159,0,0,0,0,v
2014-06-17 20:54,6.753,0.142,0,0,0,0,v
2014-06-17 21:00,6.751,0.141,0,0,0,0,v
2014-06-17 21:06,6.760,0.158,0,0,0,0,v
2014-06-17 21:12,6.763,0.149,0,0,0,0,v
2014-06-17 21:18,6.772,0.173,0,0,0,0,v
2014-06-17 21:24,6.781,0.141,0,0,0,0,v
2014-06-17 21:30,6.789,0.158,0,0,0,0,v
2014-06-17 21:36,6.776,0.139,0,0,0,0,v
2014-06-17 21:42,6.788,0.154,0,0,0,0,v
2014-06-17 21:48,6.791,0.121,0,0,0,0,v
2014-06-17 21:54,6.817,0.133,0,0,0,0,v
2014-06-17 22:00,6.818,0.159,0,0,0,0,v
2014-06-17 22:06,6.808,0.153,0,0,0,0,v
2014-06-17 22:12,6.817,0.145,0,0,0,0,v
2014-06-17 22:18,6.807,0.145,0,0,0,0,v
2014-06-17 22:24,6.793,0.152,0,0,0,0,v
2014-06-17 22:30,6.805,0.150,0,0,0,0,v
2014-06-17 22:36,6.793,0.155,0,0,0,0,v
2014-06-17 22:42,6.790,0.155,0,0,0,0,v
2014-06-17 22:48,6.800,0.149,0,0,0,0,v
2014-06-17 22:54,6.802,0.153,0,0,0,0,v
2014-06-17 23:00,6.795,0.165,0,0,0,0,v
2014-06-17 23:06,6.800,0.153,0,0,0,0,v
2014-06-17 23:12,6.802,0.136,0,0,0,0,v
2014-06-17 23:18,6.797,0.152,0,0,0,0,v
2014-06-17 23:24,6.804,0.148,0,0,0,0,v
2014-06-17 23:30,6.810,0.130,0,0,0,0,v
2014-06-17 23:36,6.803,0.148,0,0,0,0,v
2014-06-17 23:42,6.800,0.148,0,0,0,0,v
2014-06-17 23:48,6.786,0.156,0,0,0,0,v
2014-06-17 23:54,6.783,0.137,0,0,0,0,v
2014-06-18 00:00,6.785,0.135,0,0,0,0,v
2014-06-18 00:06,6.796,0.153,0,0,0,0,v
2014-06-18 00:12,6.763,0.156,0,0,0,0,v
2014-06-18 00:18,6.772,0.144,0,0,0,0,v
2014-06-18 00:24,6.782,0.131,0,0,0,0,v
2014-06-18 00:30,6.759,0.153,0,0,0,0,v
2014-06-18 00:36,6.710,0.134,0,0,0,0,v
2014-06-18 00:42,6.712,0.147,0,0,0,0,v
2014-06-18 00:48,6.722,0.153,0,0,0,0,v
2014-06-18 00:54,6.721,0.132,0,0,0,0,v
2014-06-18 01:00,6.713,0.151,0,0,0,0,v
2014-06-18 01:06,6.681,0.168,0,0,0,0,v
2014-06-18 01:12,6.693,0.134,0,0,0,0,v
2014-06-18 01:18,6.677,0.137,0,0,0,0,v
2014-06-18 01:24,6.668,0.140,0,0,0,0,v
2014-06-18 01:30,6.684,0.134,0,0,0,0,v
2014-06-18 01:36,6.693,0.127,0,0,0,0,v
2014-06-18 01:42,6.694,0.144,0,0,0,0,v
2014-06-18 01:48,6.678,0.156,0,0,0,0,v
2014-06-18 01:54,6.658,0.157,0,0,0,0,v
2014-06-18 02:00,6.643,0.162,0,0,0,0,v
2014-06-18 02:06,6.660,0.133,0,0,0,0,v
2014-06-18 02:12,6.673,0.129,0,0,0,0,v
2014-06-18 02:18,6.657,0.151,0,0,0,0,v
2014-06-18 02:24,6.661,0.149,0,0,0,0,v
2014-06-18 02:30,6.619,0.154,0,0,0,0,v
2014-06-18 02:36,6.608,0.136,0,0,0,0,v
2014-06-18 02:42,6.616,0.113,0,0,0,0,v
2014-06-18 02:48,6.616,0.127,0,0,0,0,v
2014-06-18 02:54,6.618,0.125,0,0,0,0,v
2014-06-18 03:00,6.640,0.141,0,0,0,0,v
2014-06-18 03:06,6.630,0.147,0,0,0,0,v
2014-06-18 03:12,6.651,0.156,0,0,0,0,v
2014-06-18 03:18,6.632,0.157,0,0,0,0,v
2014-06-18 03:24,6.629,0.134,0,0,0,0,v
2014-06-18 03:30,6.629,0.167,0,0,0,0,v
2014-06-18 03:36,6.616,0.156,0,0,0,0,v
2014-06-18 03:42,6.607,0.146,0,0,0,0,v
2014-06-18 03:48,6.599,0.158,0,0,0,0,v
2014-06-18 03:54,6.602,0.146,0,0,0,0,v
2014-06-18 04:00,6.606,0.143,0,0,0,0,v
2014-06-18 04:06,6.599,0.145,0,0,0,0,v
2014-06-18 04:12,6.603,0.124,0,0,0,0,v
2014-06-18 04:18,6.604,0.144,0,0,0,0,v
2014-06-18 04:24,6.609,0.162,0,0,0,0,v
2014-06-18 04:30,6.597,0.153,0,0,0,0,v
2014-06-18 04:36,6.593,0.177,0,0,0,0,v
2014-06-18 04:42,6.581,0.152,0,0,0,0,v
2014-06-18 04:48,6.570,0.163,0,0,0,0,v
2014-06-18 04:54,6.580,0.148,0,0,0,0,v
2014-06-18 05:00,6.558,0.153,0,0,0,0,v
2014-06-18 05:06,6.537,0.166,0,0,0,0,v
2014-06-18 05:12,6.527,0.153,0,0,0,0,v
2014-06-18 05:18,6.527,0.145,0,0,0,0,v
2014-06-18 05:24,6.523,0.145,0,0,0,0,v
2014-06-18 05:30,6.532,0.164,0,0,0,0,v
2014-06-18 05:36,6.517,0.128,0,0,0,0,v
2014-06-18 05:42,6.476,0.145,0,0,0,0,v
2014-06-18 05:48,6.478,0.162,0,0,0,0,v
2014-06-18 05:54,6.508,0.144,0,0,0,0,v
2014-06-18 06:00,6.484,0.154,0,0,0,0,v
2014-06-18 06:06,6.502,0.156,0,0,0,0,v
2014-06-18 06:12,6.520,0.151,0,0,0,0,v
2014-06-18 06:18,6.524,0.153,0,0,0,0,v
2014-06-18 06:24,6.511,0.143,0,0,0,0,v
2014-06-18 06:30,6.516,0.156,0,0,0,0,v
2014-06-18 06:36,6.507,0.149,0,0,0,0,v
2014-06-18 06:42,6.507,0.150,0,0,0,0,v
2014-06-18 06:48,6.507,0.171,0,0,0,0,v
2014-06-18 06:54,6.512,0.161,0,0,0,0,v
2014-06-18 07:00,6.515,0.156,0,0,0,0,v
2014-06-18 07:06,6.518,0.147,0,0,0,0,v
2014-06-18 07:12,6.544,0.180,0,0,0,0,v
2014-06-18 07:18,6.572,0.178,0,0,0,0,v
2014-06-18 07:24,6.570,0.163,0,0,0,0,v
2014-06-18 07:30,6.549,0.145,0,0,0,0,v
2014-06-18 07:36,6.541,0.162,0,0,0,0,v
2014-06-18 07:42,6.561,0.157,0,0,0,0,v
2014-06-18 07:48,6.546,0.155,0,0,0,0,v
2014-06-18 07:54,6.548,0.178,0,0,0,0,v
2014-06-18 08:00,6.572,0.142,0,0,0,0,v
2014-06-18 08:06,6.575,0.170,0,0,0,0,v
2014-06-18 08:12,6.581,0.160,0,0,0,0,v
2014-06-18 08:18,6.587,0.152,0,0,0,0,v
2014-06-18 08:24,6.585,0.177,0,0,0,0,v
2014-06-18 08:30,6.581,0.178,0,0,0,0,v
2014-06-18 08:36,6.574,0.173,0,0,0,0,v
2014-06-18 08:42,6.565,0.191,0,0,0,0,v
2014-06-18 08:48,6.583,0.164,0,0,0,0,v
2014-06-18 08:54,6.578,0.140,0,0,0,0,v
2014-06-18 09:00,6.600,0.157,0,0,0,0,v
2014-06-18 09:06,6.601,0.147,0,0,0,0,v
2014-06-18 09:12,6.625,0.152,0,0,0,0,v
2014-06-18 09:18,6.615,0.175,0,0,0,0,v
2014-06-18 09:24,6.619,0.154,0,0,0,0,v
2014-06-18 09:30,6.622,0.183,0,0,0,0,v
2014-06-18 09:36,6.612,0.166,0,0,0,0,v
2014-06-18 09:42,6.608,0.173,0,0,0,0,v
2014-06-18 09:48,6.641,0.199,0,0,0,0,v
2014-06-18 09:54,6.645,0.172,0,0,0,0,v
2014-06-18 10:00,6.659,0.159,0,0,0,0,v
2014-06-18 10:06,6.673,0.168,0,0,0,0,v
2014-06-18 10:12,6.686,0.154,0,0,0,0,v
2014-06-18 10:18,6.690,0.188,0,0,0,0,v
2014-06-18 10:24,6.687,0.160,0,0,0,0,v
2014-06-18 10:30,6.706,0.140,0,0,0,0,v
2014-06-18 10:36,6.696,0.185,0,0,0,0,v
2014-06-18 10:42,6.704,0.141,0,0,0,0,v
2014-06-18 10:48,6.700,0.151,0,0,0,0,v
2014-06-18 10:54,6.720,0.162,0,0,0,0,v
2014-06-18 11:00,6.745,0.181,0,0,0,0,v
2014-06-18 11:06,6.753,0.204,0,0,0,0,v
2014-06-18 11:12,6.780,0.145,0,0,0,0,v
2014-06-18 11:18,6.782,0.185,0,0,0,0,v
2014-06-18 11:24,6.774,0.165,0,0,0,0,v
2014-06-18 11:30,6.796,0.158,0,0,0,0,v
2014-06-18 11:36,6.826,0.154,0,0,0,0,v
2014-06-18 11:42,6.815,0.158,0,0,0,0,v
2014-06-18 11:48,6.814,0.175,0,0,0,0,v
2014-06-18 11:54,6.830,0.174,0,0,0,0,v
2014-06-18 12:00,6.823,0.154,0,0,0,0,v
2014-06-18 12:06,6.822,0.153,0,0,0,0,v
2014-06-18 12:12,6.850,0.138,0,0,0,0,v
2014-06-18 12:18,6.838,0.186,0,0,0,0,v
2014-06-18 12:24,6.824,0.188,0,0,0,0,v
2014-06-18 12:30,6.838,0.157,0,0,0,0,v
2014-06-18 12:36,6.829,0.163,0,0,0,0,v
2014-06-18 12:42,6.830,0.195,0,0,0,0,v
2014-06-18 12:48,6.838,0.166,0,0,0,0,v
2014-06-18 12:54,6.839,0.165,0,0,0,0,v
2014-06-18 13:00,6.833,0.176,0,0,0,0,v
2014-06-18 13:06,6.828,0.171,0,0,0,0,v
2014-06-18 13:12,6.819,0.185,0,0,0,0,v
2014-06-18 13:18,6.818,0.169,0,0,0,0,v
2014-06-18 13:24,6.792,0.173,0,0,0,0,v
2014-06-18 13:30,6.818,0.163,0,0,0,0,v
2014-06-18 13:36,6.864,0.159,0,0,0,0,v
2014-06-18 13:42,6.857,0.172,0,0,0,0,v
2014-06-18 13:48,6.869,0.166,0,0,0,0,v
2014-06-18 13:54,6.866,0.144,0,0,0,0,v
2014-06-18 14:00,6.857,0.152,0,0,0,0,v
2014-06-18 14:06,6.848,0.178,0,0,0,0,v
2014-06-18 14:12,6.869,0.145,0,0,0,0,v
2014-06-18 14:18,6.910,0.169,0,0,0,0,v
2014-06-18 14:24,6.895,0.165,0,0,0,0,v
2014-06-18 14:30,6.900,0.164,0,0,0,0,v
2014-06-18 14:36,6.870,0.171,0,0,0,0,v
2014-06-18 14:42,6.862,0.189,0,0,0,0,v
2014-06-18 14:48,6.873,0.157,0,0,0,0,v
2014-06-18 14:54,6.864,0.171,0,0,0,0,v
2014-06-18 15:00,6.859,0.170,0,0,0,0,v
2014-06-18 15:06,6.865,0.140,0,0,0,0,v
2014-06-18 15:12,6.844,0.155,0,0,0,0,v
2014-06-18 15:18,6.841,0.151,0,0,0,0,v
2014-06-18 15:24,6.831,0.141,0,0,0,0,v
2014-06-18 15:30,6.841,0.177,0,0,0,0,v
2014-06-18 15:36,6.838,0.158,0,0,0,0,v
2014-06-18 15:42,6.821,0.155,0,0,0,0,v
2014-06-18 15:48,6.780,0.164,0,0,0,0,v
2014-06-18 15:54,6.804,0.165,0,0,0,0,v
2014-06-18 16:00,6.799,0.161,0,0,0,0,v
2014-06-18 16:06,6.785,0.152,0,0,0,0,v
2014-06-18 16:12,6.784,0.178,0,0,0,0,v
2014-06-18 16:18,6.796,0.177,0,0,0,0,v
2014-06-18 16:24,6.816,0.139,0,0,0,0,v
2014-06-18 16:30,6.804,0.162,0,0,0,0,v
2014-06-18 16:36,6.802,0.160,0,0,0,0,v
2014-06-18 16:42,6.809,0.149,0,0,0,0,v
2014-06-18 16:48,6.813,0.173,0,0,0,0,v
2014-06-18 16:54,6.796,0.147,0,0,0,0,v
2014-06-18 17:00,6.824,0.153,0,0,0,0,v
2014-06-18 17:06,6.833,0.166,0,0,0,0,v
2014-06-18 17:12,6.852,0.145,0,0,0,0,v
2014-06-18 17:18,6.807,0.153,0,0,0,0,v
2014-06-18 17:24,6.786,0.162,0,0,0,0,v
2014-06-18 17:30,6.792,0.167,0,0,0,0,v
2014-06-18 17:36,6.757,0.146,0,0,0,0,v
2014-06-18 17:42,6.765,0.131,0,0,0,0,v
2014-06-18 17:48,6.759,0.185,0,0,0,0,v
2014-06-18 17:54,6.761,0.143,0,0,0,0,v
2014-06-18 18:00,6.762,0.142,0,0,0,0,v
2014-06-18 18:06,6.761,0.161,0,0,0,0,v
2014-06-18 18:12,6.750,0.177,0,0,0,0,v
2014-06-18 18:18,6.751,0.144,0,0,0,0,v
2014-06-18 18:24,6.739,0.150,0,0,0,0,v
2014-06-18 18:30,6.752,0.149,0,0,0,0,v
2014-06-18 18:36,6.754,0.148,0,0,0,0,v
2014-06-18 18:42,6.749,0.165,0,0,0,0,v
2014-06-18 18:48,6.735,0.165,0,0,0,0,v
2014-06-18 18:54,6.722,0.147,0,0,0,0,v
2014-06-18 19:00,6.731,0.141,0,0,0,0,v
2014-06-18 19:06,6.774,0.148,0,0,0,0,v
2014-06-18 19:12,6.747,0.148,0,0,0,0,v
2014-06-18 19:18,6.748,0.168,0,0,0,0,v
2014-06-18 19:24,6.758,0.153,0,0,0,0,v
2014-06-18 19:30,6.748,0.141,0,0,0,0,v
2014-06-18 19:36,6.723,0.169,0,0,0,0,v
2014-06-18 19:42,6.740,0.172,0,0,0,0,v
2014-06-18 19:48,6.731,0.174,0,0,0,0,v
2014-06-18 19:54,6.728,0.126,0,0,0,0,v
2014-06-18 20:00,6.727,0.161,0,0,0,0,v
2014-06-18 20:06,6.726,0.121,0,0,0,0,v
2014-06-18 20:12,6.737,0.145,0,0,0,0,v
2014-06-18 20:18,6.727,0.147,0,0,0,0,v
2014-06-18 20:24,6.732,0.154,0,0,0,0,v
2014-06-18 20:30,6.731,0.130,0,0,0,0,v
2014-06-18 20:36,6.722,0.146,0,0,0,0,v
2014-06-18 20:42,6.754,0.133,0,0,0,0,v
2014-06-18 20:48,6.750,0.148,0,0,0,0,v
2014-06-18 20:54,6.743,0.152,0,0,0,0,v
2014-06-18 21:00,6.739,0.155,0,0,0,0,v
2014-06-18 21:06,6.756,0.145,0,0,0,0,v
2014-06-18 21:12,6.757,0.147,0,0,0,0,v
2014-06-18 21:18,6.748,0.168,0,0,0,0,v
2014-06-18 21:24,6.750,0.172,0,0,0,0,v
2014-06-18 21:30,6.765,0.155,0,0,0,0,v
2014-06-18 21:36,6.776,0.146,0,0,0,0,v
2014-06-18 21:42,6.775,0.158,0,0,0,0,v
2014-06-18 21:48,6.760,0.152,0,0,0,0,v
2014-06-18 21:54,6.770,0.163,0,0,0,0,v
2014-06-18 22:00,6.762,0.139,0,0,0,0,v
2014-06-18 22:06,6.753,0.138,0,0,0,0,v
2014-06-18 22:12,6.750,0.167,0,0,0,0,v
2014-06-18 22:18,6.769,0.168,0,0,0,0,v
2014-06-18 22:24,6.778,0.151,0,0,0,0,v
2014-06-18 22:30,6.753,0.192,0,0,0,0,v
2014-06-18 22:36,6.774,0.138,0,0,0,0,v
2014-06-18 22:42,6.758,0.164,0,0,0,0,v
2014-06-18 22:48,6.747,0.147,0,0,0,0,v
2014-06-18 22:54,6.749,0.154,0,0,0,0,v
2014-06-18 23:00,6.735,0.145,0,0,0,0,v
2014-06-18 23:06,6.746,0.145,0,0,0,0,v
2014-06-18 23:12,6.758,0.157,0,0,0,0,v
2014-06-18 23:18,6.751,0.146,0,0,0,0,v
2014-06-18 23:24,6.756,0.140,0,0,0,0,v
2014-06-18 23:30,6.765,0.169,0,0,0,0,v
2014-06-18 23:36,6.764,0.156,0,0,0,0,v
2014-06-18 23:42,6.785,0.123,0,0,0,0,v
2014-06-18 23:48,6.783,0.160,0,0,0,0,v
2014-06-18 23:54,6.795,0.142,0,0,0,0,v
2014-06-19 00:00,6.795,0.140,0,0,0,0,v
2014-06-19 00:06,6.801,0.155,0,0,0,0,v
2014-06-19 00:12,6.801,0.141,0,0,0,0,v
2014-06-19 00:18,6.814,0.134,0,0,0,0,v
2014-06-19 00:24,6.801,0.151,0,0,0,0,v
2014-06-19 00:30,6.808,0.141,0,0,0,0,v
2014-06-19 00:36,6.825,0.141,0,0,0,0,v
2014-06-19 00:42,6.827,0.145,0,0,0,0,v
2014-06-19 00:48,6.813,0.158,0,0,0,0,v
2014-06-19 00:54,6.824,0.136,0,0,0,0,v
2014-06-19 01:00,6.799,0.166,0,0,0,0,v
2014-06-19 01:06,6.795,0.145,0,0,0,0,v
2014-06-19 01:12,6.782,0.153,0,0,0,0,v
2014-06-19 01:18,6.782,0.139,0,0,0,0,v
2014-06-19 01:24,6.801,0.141,0,0,0,0,v
2014-06-19 01:30,6.775,0.166,0,0,0,0,v
2014-06-19 01:36,6.802,0.158,0,0,0,0,v
2014-06-19 01:42,6.828,0.171,0,0,0,0,v
2014-06-19 01:48,6.800,0.196,0,0,0,0,v
2014-06-19 01:54,6.778,0.165,0,0,0,0,v
2014-06-19 02:00,6.800,0.147,0,0,0,0,v
2014-06-19 02:06,6.804,0.160,0,0,0,0,v
2014-06-19 02:12,6.805,0.126,0,0,0,0,v
2014-06-19 02:18,6.803,0.157,0,0,0,0,v
2014-06-19 02:24,6.803,0.150,0,0,0,0,v
2014-06-19 02:30,6.807,0.139,0,0,0,0,v
2014-06-19 02:36,6.801,0.140,0,0,0,0,v
2014-06-19 02:42,6.785,0.156,0,0,0,0,v
2014-06-19 02:48,6.755,0.164,0,0,0,0,v
2014-06-19 02:54,6.746,0.166,0,0,0,0,v
2014-06-19 03:00,6.750,0.151,0,0,0,0,v
2014-06-19 03:06,6.758,0.182,0,0,0,0,v
2014-06-19 03:12,6.768,0.155,0,0,0,0,v
2014-06-19 03:18,6.756,0.153,0,0,0,0,v
2014-06-19 03:24,6.776,0.161,0,0,0,0,v
2014-06-19 03:30,6.775,0.183,0,0,0,0,v
2014-06-19 03:36,6.774,0.165,0,0,0,0,v
2014-06-19 03:42,6.770,0.147,0,0,0,0,v
2014-06-19 03:48,6.751,0.166,0,0,0,0,v
2014-06-19 03:54,6.732,0.168,0,0,0,0,v
2014-06-19 04:00,6.737,0.175,0,0,0,0,v
2014-06-19 04:06,6.744,0.176,0,0,0,0,v
2014-06-19 04:12,6.749,0.169,0,0,0,0,v
2014-06-19 04:18,6.732,0.168,0,0,0,0,v
2014-06-19 04:24,6.741,0.168,0,0,0,0,v
2014-06-19 04:30,6.729,0.180,0,0,0,0,v
2014-06-19 04:36,6.706,0.182,0,0,0,0,v
2014-06-19 04:42,6.697,0.177,0,0,0,0,v
2014-06-19 04:48,6.725,0.167,0,0,0,0,v
2014-06-19 04:54,6.716,0.158,0,0,0,0,v
2014-06-19 05:00,6.713,0.152,0,0,0,0,v
2014-06-19 05:06,6.715,0.177,0,0,0,0,v
2014-06-19 05:12,6.712,0.162,0,0,0,0,v
2014-06-19 05:18,6.721,0.183,0,0,0,0,v
2014-06-19 05:24,6.704,0.174,0,0,0,0,v
2014-06-19 05:30,6.674,0.173,0,0,0,0,v
2014-06-19 05:36,6.672,0.182,0,0,0,0,v
2014-06-19 05:42,6.684,0.157,0,0,0,0,v
2014-06-19 05:48,6.681,0.172,0,0,0,0,v
2014-06-19 05:54,6.643,0.201,0,0,0,0,v
2014-06-19 06:00,6.651,0.175,0,0,0,0,v
2014-06-19 06:06,6.645,0.161,0,0,0,0,v
2014-06-19 06:12,6.645,0.168,0,0,0,0,v
2014-06-19 06:18,6.638,0.180,0,0,0,0,v
2014-06-19 06:24,6.629,0.138,0,0,0,0,v
2014-06-19 06:30,6.611,0.162,0,0,0,0,v
2014-06-19 06:36,6.587,0.181,0,0,0,0,v
2014-06-19 06:42,6.606,0.155,0,0,0,0,v
2014-06-19 06:48,6.587,0.147,0,0,0,0,v
2014-06-19 06:54,6.592,0.158,0,0,0,0,v
2014-06-19 07:00,6.589,0.154,0,0,0,0,v
2014-06-19 07:06,6.605,0.153,0,0,0,0,v
2014-06-19 07:12,6.583,0.157,0,0,0,0,v
2014-06-19 07:18,6.571,0.174,0,0,0,0,v
2014-06-19 07:24,6.585,0.169,0,0,0,0,v
2014-06-19 07:30,6.602,0.184,0,0,0,0,v
2014-06-19 07:36,6.612,0.169,0,0,0,0,v
2014-06-19 07:42,6.606,0.193,0,0,0,0,v
2014-06-19 07:48,6.606,0.182,0,0,0,0,v
2014-06-19 07:54,6.607,0.157,0,0,0,0,v
2014-06-19 08:00,6.607,0.172,0,0,0,0,v
2014-06-19 08:06,6.615,0.173,0,0,0,0,v
2014-06-19 08:12,6.606,0.173,0,0,0,0,v
2014-06-19 08:18,6.627,0.157,0,0,0,0,v
2014-06-19 08:24,6.619,0.174,0,0,0,0,v
2014-06-19 08:30,6.647,0.160,0,0,0,0,v
2014-06-19 08:36,6.653,0.180,0,0,0,0,v
2014-06-19 08:42,6.642,0.145,0,0,0,0,v
2014-06-19 08:48,6.644,0.192,0,0,0,0,v
2014-06-19 08:54,6.665,0.169,0,0,0,0,v
2014-06-19 09:00,6.685,0.138,0,0,0,0,v
2014-06-19 09:06,6.679,0.154,0,0,0,0,v
2014-06-19 09:12,6.675,0.168,0,0,0,0,v
2014-06-19 09:18,6.706,0.159,0,0,0,0,v
2014-06-19 09:24,6.709,0.181,0,0,0,0,v
2014-06-19 09:30,6.704,0.176,0,0,0,0,v
2014-06-19 09:36,6.707,0.174,0,0,0,0,v
2014-06-19 09:42,6.686,0.172,0,0,0,0,v
2014-06-19 09:48,6.682,0.171,0,0,0,0,v
2014-06-19 09:54,6.698,0.157,0,0,0,0,v
2014-06-19 10:00,6.695,0.174,0,0,0,0,v
2014-06-19 10:06,6.690,0.163,0,0,0,0,v
2014-06-19 10:12,6.690,0.170,0,0,0,0,v
2014-06-19 10:18,6.714,0.166,0,0,0,0,v
2014-06-19 10:24,6.716,0.169,0,0,0,0,v
2014-06-19 10:30,6.725,0.175,0,0,0,0,v
2014-06-19 10:36,6.738,0.181,0,0,0,0,v
2014-06-19 10:42,6.731,0.132,0,0,0,0,v
2014-06-19 10:48,6.708,0.147,0,0,0,0,v
2014-06-19 10:54,6.698,0.173,0,0,0,0,v
2014-06-19 11:00,6.710,0.178,0,0,0,0,v
2014-06-19 11:06,6.712,0.168,0,0,0,0,v
2014-06-19 11:12,6.722,0.137,0,0,0,0,v
2014-06-19 11:18,6.699,0.186,0,0,0,0,v
2014-06-19 11:24,6.701,0.164,0,0,0,0,v
2014-06-19 11:30,6.716,0.144,0,0,0,0,v
2014-06-19 11:36,6.741,0.162,0,0,0,0,v
2014-06-19 11:42,6.732,0.160,0,0,0,0,v
2014-06-19 11:48,6.744,0.150,0,0,0,0,v
2014-06-19 11:54,6.755,0.145,0,0,0,0,v
2014-06-19 12:00,6.763,0.166,0,0,0,0,v
2014-06-19 12:06,6.776,0.156,0,0,0,0,v
2014-06-19 12:12,6.779,0.169,0,0,0,0,v
2014-06-19 12:18,6.795,0.154,0,0,0,0,v
2014-06-19 12:24,6.801,0.159,0,0,0,0,v
2014-06-19 12:30,6.808,0.157,0,0,0,0,v
2014-06-19 12:36,6.801,0.180,0,0,0,0,v
2014-06-19 12:42,6.796,0.191,0,0,0,0,v
2014-06-19 12:48,6.813,0.158,0,0,0,0,v
2014-06-19 12:54,6.829,0.146,0,0,0,0,v
2014-06-19 13:00,6.810,0.165,0,0,0,0,v
2014-06-19 13:06,6.826,0.152,0,0,0,0,v
2014-06-19 13:12,6.835,0.190,0,0,0,0,v
2014-06-19 13:18,6.838,0.156,0,0,0,0,v
2014-06-19 13:24,6.850,0.141,0,0,0,0,v
2014-06-19 13:30,6.828,0.140,0,0,0,0,v
2014-06-19 13:36,6.824,0.169,0,0,0,0,v
2014-06-19 13:42,6.831,0.159,0,0,0,0,v
2014-06-19 13:48,6.821,0.166,0,0,0,0,v
2014-06-19 13:54,6.818,0.127,0,0,0,0,v
2014-06-19 14:00,6.834,0.164,0,0,0,0,v
2014-06-19 14:06,6.835,0.164,0,0,0,0,v
2014-06-19 14:12,6.838,0.151,0,0,0,0,v
2014-06-19 14:18,6.825,0.146,0,0,0,0,v
2014-06-19 14:24,6.825,0.138,0,0,0,0,v
2014-06-19 14:30,6.813,0.170,0,0,0,0,v
2014-06-19 14:36,6.811,0.159,0,0,0,0,v
2014-06-19 14:42,6.818,0.179,0,0,0,0,v
2014-06-19 14:48,6.820,0.183,0,0,0,0,v
2014-06-19 14:54,6.814,0.146,0,0,0,0,v
2014-06-19 15:00,6.805,0.137,0,0,0,0,v
2014-06-19 15:06,6.804,0.165,0,0,0,0,v
2014-06-19 15:12,6.810,0.149,0,0,0,0,v
2014-06-19 15:18,6.804,0.167,0,0,0,0,v
2014-06-19 15:24,6.821,0.170,0,0,0,0,v
2014-06-19 15:30,6.797,0.139,0,0,0,0,v
2014-06-19 15:36,6.803,0.160,0,0,0,0,v
2014-06-19 15:42,6.802,0.130,0,0,0,0,v
2014-06-19 15:48,6.801,0.149,0,0,0,0,v
2014-06-19 15:54,6.823,0.147,0,0,0,0,v
2014-06-19 16:00,6.809,0.157,0,0,0,0,v
2014-06-19 16:06,6.798,0.154,0,0,0,0,v
2014-06-19 16:12,6.802,0.179,0,0,0,0,v
2014-06-19 16:18,6.786,0.123,0,0,0,0,v
2014-06-19 16:24,6.775,0.167,0,0,0,0,v
2014-06-19 16:30,6.757,0.125,0,0,0,0,v
2014-06-19 16:36,6.753,0.166,0,0,0,0,v
2014-06-19 16:42,6.763,0.159,0,0,0,0,v
2014-06-19 16:48,6.766,0.135,0,0,0,0,v
2014-06-19 16:54,6.755,0.147,0,0,0,0,v
2014-06-19 17:00,6.759,0.142,0,0,0,0,v
2014-06-19 17:06,6.770,0.169,0,0,0,0,v
2014-06-19 17:12,6.772,0.139,0,0,0,0,v
2014-06-19 17:18,6.764,0.143,0,0,0,0,v
2014-06-19 17:24,6.752,0.108,0,0,0,0,v
2014-06-19 17:30,6.739,0.156,0,0,0,0,v
2014-06-19 17:36,6.709,0.160,0,0,0,0,v
2014-06-19 17:42,6.712,0.131,0,0,0,0,v
2014-06-19 17:48,6.716,0.164,0,0,0,0,v
2014-06-19 17:54,6.710,0.146,0,0,0,0,v
2014-06-19 18:00,6.704,0.130,0,0,0,0,v
2014-06-19 18:06,6.681,0.161,0,0,0,0,v
2014-06-19 18:12,6.683,0.139,0,0,0,0,v
2014-06-19 18:18,6.679,0.124,0,0,0,0,v
2014-06-19 18:24,6.690,0.165,0,0,0,0,v
2014-06-19 18:30,6.656,0.116,0,0,0,0,v
2014-06-19 18:36,6.650,0.136,0,0,0,0,v
2014-06-19 18:42,6.649,0.146,0,0,0,0,v
2014-06-19 18:48,6.656,0.159,0,0,0,0,v
2014-06-19 18:54,6.659,0.162,0,0,0,0,v
2014-06-19 19:00,6.648,0.156,0,0,0,0,v
2014-06-19 19:06,6.646,0.132,0,0,0,0,v
2014-06-19 19:12,6.645,0.131,0,0,0,0,v
2014-06-19 19:18,6.652,0.141,0,0,0,0,v
2014-06-19 19:24,6.632,0.143,0,0,0,0,v
2014-06-19 19:30,6.624,0.129,0,0,0,0,v
2014-06-19 19:36,6.633,0.136,0,0,0,0,v
2014-06-19 19:42,6.622,0.146,0,0,0,0,v
2014-06-19 19:48,6.638,0.121,0,0,0,0,v
2014-06-19 19:54,6.629,0.139,0,0,0,0,v
2014-06-19 20:00,6.633,0.157,0,0,0,0,v
2014-06-19 20:06,6.599,0.151,0,0,0,0,v
2014-06-19 20:12,6.622,0.151,0,0,0,0,v
2014-06-19 20:18,6.625,0.143,0,0,0,0,v
2014-06-19 20:24,6.628,0.148,0,0,0,0,v
2014-06-19 20:30,6.636,0.143,0,0,0,0,v
2014-06-19 20:36,6.644,0.146,0,0,0,0,v
2014-06-19 20:42,6.662,0.153,0,0,0,0,v
2014-06-19 20:48,6.664,0.120,0,0,0,0,v
2014-06-19 20:54,6.656,0.125,0,0,0,0,v
2014-06-19 21:00,6.636,0.134,0,0,0,0,v
2014-06-19 21:06,6.628,0.138,0,0,0,0,v
2014-06-19 21:12,6.615,0.149,0,0,0,0,v
2014-06-19 21:18,6.624,0.128,0,0,0,0,v
2014-06-19 21:24,6.631,0.111,0,0,0,0,v
2014-06-19 21:30,6.616,0.144,0,0,0,0,v
2014-06-19 21:36,6.627,0.125,0,0,0,0,v
2014-06-19 21:42,6.639,0.120,0,0,0,0,v
2014-06-19 21:48,6.620,0.124,0,0,0,0,v
2014-06-19 21:54,6.617,0.145,0,0,0,0,v
2014-06-19 22:00,6.617,0.141,0,0,0,0,v
2014-06-19 22:06,6.611,0.129,0,0,0,0,v
2014-06-19 22:12,6.630,0.149,0,0,0,0,v
2014-06-19 22:18,6.628,0.130,0,0,0,0,v
2014-06-19 22:24,6.624,0.131,0,0,0,0,v
2014-06-19 22:30,6.616,0.137,0,0,0,0,v
2014-06-19 22:36,6.627,0.135,0,0,0,0,v
2014-06-19 22:42,6.623,0.121,0,0,0,0,v
2014-06-19 22:48,6.608,0.138,0,0,0,0,v
2014-06-19 22:54,6.625,0.145,0,0,0,0,v
2014-06-19 23:00,6.636,0.121,0,0,0,0,v
2014-06-19 23:06,6.640,0.121,0,0,0,0,v
2014-06-19 23:12,6.647,0.135,0,0,0,0,v
2014-06-19 23:18,6.642,0.135,0,0,0,0,v
2014-06-19 23:24,6.655,0.119,0,0,0,0,v
2014-06-19 23:30,6.639,0.123,0,0,0,0,v
2014-06-19 23:36,6.653,0.135,0,0,0,0,v
2014-06-19 23:42,6.673,0.140,0,0,0,0,v
2014-06-19 23:48,6.691,0.111,0,0,0,0,v
2014-06-19 23:54,6.676,0.122,0,0,0,0,v
2014-06-20 00:00,6.693,0.141,0,0,0,0,v
2014-06-20 00:06,6.689,0.140,0,0,0,0,v
2014-06-20 00:12,6.718,0.102,0,0,0,0,v
2014-06-20 00:18,6.705,0.117,0,0,0,0,v
2014-06-20 00:24,6.717,0.114,0,0,0,0,v
2014-06-20 00:30,6.712,0.122,0,0,0,0,v
2014-06-20 00:36,6.729,0.128,0,0,0,0,v
2014-06-20 00:42,6.704,0.119,0,0,0,0,v
2014-06-20 00:48,6.722,0.130,0,0,0,0,v
2014-06-20 00:54,6.718,0.135,0,0,0,0,v
2014-06-20 01:00,6.728,0.111,0,0,0,0,v
2014-06-20 01:06,6.736,0.122,0,0,0,0,v
2014-06-20 01:12,6.734,0.130,0,0,0,0,v
2014-06-20 01:18,6.746,0.110,0,0,0,0,v
2014-06-20 01:24,6.751,0.103,0,0,0,0,v
2014-06-20 01:30,6.750,0.128,0,0,0,0,v
2014-06-20 01:36,6.753,0.121,0,0,0,0,v
2014-06-20 01:42,6.744,0.129,0,0,0,0,v
2014-06-20 01:48,6.742,0.146,0,0,0,0,v
2014-06-20 01:54,6.761,0.132,0,0,0,0,v
2014-06-20 02:00,6.749,0.128,0,0,0,0,v
2014-06-20 02:06,6.748,0.129,0,0,0,0,v
2014-06-20 02:12,6.746,0.104,0,0,0,0,v
2014-06-20 02:18,6.750,0.128,0,0,0,0,v
2014-06-20 02:24,6.784,0.116,0,0,0,0,v
2014-06-20 02:30,6.784,0.124,0,0,0,0,v
2014-06-20 02:36,6.778,0.094,0,0,0,0,v
2014-06-20 02:42,6.782,0.098,0,0,0,0,v
2014-06-20 02:48,6.767,0.134,0,0,0,0,v
2014-06-20 02:54,6.774,0.144,0,0,0,0,v
2014-06-20 03:00,6.800,0.118,0,0,0,0,v
2014-06-20 03:06,6.789,0.134,0,0,0,0,v
2014-06-20 03:12,6.783,0.126,0,0,0,0,v
2014-06-20 03:18,6.779,0.113,0,0,0,0,v
2014-06-20 03:24,6.764,0.119,0,0,0,0,v
2014-06-20 03:30,6.768,0.117,0,0,0,0,v
2014-06-20 03:36,6.774,0.120,0,0,0,0,v
2014-06-20 03:42,6.776,0.123,0,0,0,0,v
2014-06-20 03:48,6.787,0.109,0,0,0,0,v
2014-06-20 03:54,6.791,0.125,0,0,0,0,v
2014-06-20 04:00,6.786,0.120,0,0,0,0,v
2014-06-20 04:06,6.757,0.104,0,0,0,0,v
2014-06-20 04:12,6.760,0.126,0,0,0,0,v
2014-06-20 04:18,6.744,0.131,0,0,0,0,v
2014-06-20 04:24,6.758,0.101,0,0,0,0,v
2014-06-20 04:30,6.746,0.113,0,0,0,0,v
2014-06-20 04:36,6.759,0.123,0,0,0,0,v
2014-06-20 04:42,6.746,0.118,0,0,0,0,v
2014-06-20 04:48,6.732,0.120,0,0,0,0,v
2014-06-20 04:54,6.736,0.119,0,0,0,0,v
2014-06-20 05:00,6.743,0.124,0,0,0,0,v
2014-06-20 05:06,6.739,0.117,0,0,0,0,v
2014-06-20 05:12,6.733,0.109,0,0,0,0,v
2014-06-20 05:18,6.727,0.108,0,0,0,0,v
2014-06-20 05:24,6.741,0.123,0,0,0,0,v
2014-06-20 05:30,6.719,0.109,0,0,0,0,v
2014-06-20 05:36,6.731,0.107,0,0,0,0,v
2014-06-20 05:42,6.730,0.119,0,0,0,0,v
2014-06-20 05:48,6.727,0.105,0,0,0,0,v
2014-06-20 05:54,6.714,0.122,0,0,0,0,v
2014-06-20 06:00,6.716,0.137,0,0,0,0,v
2014-06-20 06:06,6.720,0.112,0,0,0,0,v
2014-06-20 06:12,6.725,0.107,0,0,0,0,v
2014-06-20 06:18,6.739,0.119,0,0,0,0,v
2014-06-20 06:24,6.739,0.108,0,0,0,0,v
2014-06-20 06:30,6.724,0.104,0,0,0,0,v
2014-06-20 06:36,6.726,0.105,0,0,0,0,v
2014-06-20 06:42,6.738,0.095,0,0,0,0,v
2014-06-20 06:48,6.751,0.118,0,0,0,0,v
2014-06-20 06:54,6.737,0.112,0,0,0,0,v
2014-06-20 07:00,6.727,0.111,0,0,0,0,v
2014-06-20 07:06,6.729,0.099,0,0,0,0,v
2014-06-20 07:12,6.728,0.096,0,0,0,0,v
2014-06-20 07:18,6.726,0.116,0,0,0,0,v
2014-06-20 07:24,6.733,0.108,0,0,0,0,v
2014-06-20 07:30,6.717,0.112,0,0,0,0,v
2014-06-20 07:36,6.722,0.108,0,0,0,0,v
2014-06-20 07:42,6.714,0.109,0,0,0,0,v
2014-06-20 07:48,6.725,0.125,0,0,0,0,v
2014-06-20 07:54,6.743,0.121,0,0,0,0,v
2014-06-20 08:00,6.751,0.113,0,0,0,0,v
2014-06-20 08:06,6.725,0.118,0,0,0,0,v
2014-06-20 08:12,6.701,0.113,0,0,0,0,v
2014-06-20 08:18,6.702,0.105,0,0,0,0,v
2014-06-20 08:24,6.691,0.113,0,0,0,0,v
2014-06-20 08:30,6.700,0.117,0,0,0,0,v
2014-06-20 08:36,6.713,0.106,0,0,0,0,v
2014-06-20 08:42,6.717,0.117,0,0,0,0,v
2014-06-20 08:48,6.726,0.097,0,0,0,0,v
2014-06-20 08:54,6.699,0.107,0,0,0,0,v
2014-06-20 09:00,6.706,0.116,0,0,0,0,v
2014-06-20 09:06,6.697,0.113,0,0,0,0,v
2014-06-20 09:12,6.697,0.122,0,0,0,0,v
2014-06-20 09:18,6.687,0.113,0,0,0,0,v
2014-06-20 09:24,6.695,0.105,0,0,0,0,v
2014-06-20 09:30,6.680,0.114,0,0,0,0,v
2014-06-20 09:36,6.703,0.106,0,0,0,0,v
2014-06-20 09:42,6.691,0.116,0,0,0,0,v
2014-06-20 09:48,6.704,0.108,0,0,0,0,v
2014-06-20 09:54,6.692,0.107,0,0,0,0,v
2014-06-20 10:00,6.706,0.116,0,0,0,0,v
2014-06-20 10:06,6.709,0.095,0,0,0,0,v
2014-06-20 10:12,6.686,0.123,0,0,0,0,v
2014-06-20 10:18,6.696,0.115,0,0,0,0,v
2014-06-20 10:24,6.691,0.109,0,0,0,0,v
2014-06-20 10:30,6.689,0.121,0,0,0,0,v
2014-06-20 10:36,6.696,0.093,0,0,0,0,v
2014-06-20 10:42,6.700,0.094,0,0,0,0,v
2014-06-20 10:48,6.705,0.104,0,0,0,0,v
2014-06-20 10:54,6.710,0.125,0,0,0,0,v
2014-06-20 11:00,6.694,0.108,0,0,0,0,v
2014-06-20 11:06,6.685,0.111,0,0,0,0,v
2014-06-20 11:12,6.700,0.109,0,0,0,0,v
2014-06-20 11:18,6.694,0.097,0,0,0,0,v
2014-06-20 11:24,6.703,0.106,0,0,0,0,v
2014-06-20 11:30,6.696,0.110,0,0,0,0,v
2014-06-20 11:36,6.710,0.111,0,0,0,0,v
2014-06-20 11:42,6.727,0.115,0,0,0,0,v
2014-06-20 11:48,6.744,0.106,0,0,0,0,v
2014-06-20 11:54,6.753,0.104,0,0,0,0,v
2014-06-20 12:00,6.744,0.117,0,0,0,0,v
2014-06-20 12:06,6.769,0.104,0,0,0,0,v
2014-06-20 12:12,6.759,0.104,0,0,0,0,v
2014-06-20 12:18,6.761,0.106,0,0,0,0,v
2014-06-20 12:24,6.752,0.098,0,0,0,0,v
2014-06-20 12:30,6.779,0.119,0,0,0,0,v
2014-06-20 12:36,6.785,0.097,0,0,0,0,v
2014-06-20 12:42,6.781,0.099,0,0,0,0,v
2014-06-20 12:48,6.798,0.097,0,0,0,0,v
2014-06-20 12:54,6.772,0.093,0,0,0,0,v
2014-06-20 13:00,6.773,0.115,0,0,0,0,v
2014-06-20 13:06,6.773,0.096,0,0,0,0,v
2014-06-20 13:12,6.781,0.084,0,0,0,0,v
2014-06-20 13:18,6.801,0.109,0,0,0,0,v
2014-06-20 13:24,6.793,0.098,0,0,0,0,v
2014-06-20 13:30,6.806,0.095,0,0,0,0,v
2014-06-20 13:36,6.789,0.105,0,0,0,0,v
2014-06-20 13:42,6.819,0.087,0,0,0,0,v
2014-06-20 13:48,6.813,0.103,0,0,0,0,v
2014-06-20 13:54,6.807,0.090,0,0,0,0,v
2014-06-20 14:00,6.798,0.108,0,0,0,0,v
2014-06-20 14:06,6.797,0.111,0,0,0,0,v
2014-06-20 14:12,6.799,0.097,0,0,0,0,v
2014-06-20 14:18,6.801,0.103,0,0,0,0,v
2014-06-20 14:24,6.813,0.100,0,0,0,0,v
2014-06-20 14:30,6.806,0.111,0,0,0,0,v
2014-06-20 14:36,6.813,0.114,0,0,0,0,v
2014-06-20 14:42,6.812,0.091,0,0,0,0,v
2014-06-20 14:48,6.794,0.095,0,0,0,0,v
2014-06-20 14:54,6.799,0.095,0,0,0,0,v
2014-06-20 15:00,6.803,0.094,0,0,0,0,v
2014-06-20 15:06,6.784,0.087,0,0,0,0,v
2014-06-20 15:12,6.799,0.075,0,0,0,0,v
2014-06-20 15:18,6.823,0.097,0,0,0,0,v
2014-06-20 15:24,6.795,0.109,0,0,0,0,v
2014-06-20 15:30,6.806,0.090,0,0,0,0,v
2014-06-20 15:36,6.804,0.092,0,0,0,0,v
2014-06-20 15:42,6.811,0.096,0,0,0,0,v
2014-06-20 15:48,6.812,0.080,0,0,0,0,v
2014-06-20 15:54,6.801,0.076,0,0,0,0,v
2014-06-20 16:00,6.778,0.101,0,0,0,0,v
2014-06-20 16:06,6.765,0.110,0,0,0,0,v
2014-06-20 16:12,6.771,0.099,0,0,0,0,v
2014-06-20 16:18,6.760,0.102,0,0,0,0,v
2014-06-20 16:24,6.750,0.097,0,0,0,0,v
2014-06-20 16:30,6.764,0.095,0,0,0,0,v
2014-06-20 16:36,6.746,0.091,0,0,0,0,v
2014-06-20 16:42,6.736,0.092,0,0,0,0,v
2014-06-20 16:48,6.733,0.099,0,0,0,0,v
2014-06-20 16:54,6.738,0.097,0,0,0,0,v
2014-06-20 17:00,6.736,0.110,0,0,0,0,v
2014-06-20 17:06,6.717,0.093,0,0,0,0,v
2014-06-20 17:12,6.724,0.093,0,0,0,0,v
2014-06-20 17:18,6.723,0.108,0,0,0,0,v
2014-06-20 17:24,6.724,0.101,0,0,0,0,v
2014-06-20 17:30,6.697,0.101,0,0,0,0,v
2014-06-20 17:36,6.721,0.093,0,0,0,0,v
2014-06-20 17:42,6.731,0.104,0,0,0,0,v
2014-06-20 17:48,6.715,0.116,0,0,0,0,v
2014-06-20 17:54,6.693,0.095,0,0,0,0,v
2014-06-20 18:00,6.692,0.094,0,0,0,0,v
2014-06-20 18:06,6.683,0.103,0,0,0,0,v
2014-06-20 18:12,6.671,0.102,0,0,0,0,v
2014-06-20 18:18,6.663,0.086,0,0,0,0,v
2014-06-20 18:24,6.665,0.096,0,0,0,0,v
2014-06-20 18:30,6.675,0.106,0,0,0,0,v
2014-06-20 18:36,6.675,0.107,0,0,0,0,v
2014-06-20 18:42,6.662,0.099,0,0,0,0,v
2014-06-20 18:48,6.659,0.087,0,0,0,0,v
2014-06-20 18:54,6.659,0.105,0,0,0,0,v
2014-06-20 19:00,6.633,0.102,0,0,0,0,v
2014-06-20 19:06,6.640,0.092,0,0,0,0,v
2014-06-20 19:12,6.632,0.099,0,0,0,0,v
2014-06-20 19:18,6.601,0.104,0,0,0,0,v
2014-06-20 19:24,6.607,0.097,0,0,0,0,v
2014-06-20 19:30,6.589,0.118,0,0,0,0,v
2014-06-20 19:36,6.586,0.107,0,0,0,0,v
2014-06-20 19:42,6.587,0.075,0,0,0,0,v
2014-06-20 19:48,6.582,0.114,0,0,0,0,v
2014-06-20 19:54,6.593,0.089,0,0,0,0,v
2014-06-20 20:00,6.578,0.088,0,0,0,0,v
2014-06-20 20:06,6.572,0.104,0,0,0,0,v
2014-06-20 20:12,6.582,0.092,0,0,0,0,v
2014-06-20 20:18,6.573,0.087,0,0,0,0,v
2014-06-20 20:24,6.559,0.086,0,0,0,0,v
2014-06-20 20:30,6.557,0.103,0,0,0,0,v
2014-06-20 20:36,6.551,0.096,0,0,0,0,v
2014-06-20 20:42,6.537,0.099,0,0,0,0,v
2014-06-20 20:48,6.545,0.090,0,0,0,0,v
2014-06-20 20:54,6.530,0.096,0,0,0,0,v
2014-06-20 21:00,6.516,0.097,0,0,0,0,v
2014-06-20 21:06,6.512,0.103,0,0,0,0,v
2014-06-20 21:12,6.534,0.079,0,0,0,0,v
2014-06-20 21:18,6.533,0.099,0,0,0,0,v
2014-06-20 21:24,6.533,0.119,0,0,0,0,v
2014-06-20 21:30,6.549,0.090,0,0,0,0,v
2014-06-20 21:36,6.542,0.094,0,0,0,0,v
2014-06-20 21:42,6.544,0.089,0,0,0,0,v
2014-06-20 21:48,6.538,0.084,0,0,0,0,v
2014-06-20 21:54,6.532,0.105,0,0,0,0,v
2014-06-20 22:00,6.538,0.121,0,0,0,0,v
2014-06-20 22:06,6.539,0.099,0,0,0,0,v
2014-06-20 22:12,6.548,0.089,0,0,0,0,v
2014-06-20 22:18,6.554,0.105,0,0,0,0,v
2014-06-20 22:24,6.551,0.104,0,0,0,0,v
2014-06-20 22:30,6.528,0.084,0,0,0,0,v
2014-06-20 22:36,6.526,0.104,0,0,0,0,v
2014-06-20 22:42,6.536,0.089,0,0,0,0,v
2014-06-20 22:48,6.541,0.087,0,0,0,0,v
2014-06-20 22:54,6.534,0.078,0,0,0,0,v
2014-06-20 23:00,6.538,0.080,0,0,0,0,v
2014-06-20 23:06,6.528,0.096,0,0,0,0,v
2014-06-20 23:12,6.532,0.106,0,0,0,0,v
2014-06-20 23:18,6.549,0.085,0,0,0,0,v
2014-06-20 23:24,6.527,0.084,0,0,0,0,v
2014-06-20 23:30,6.534,0.091,0,0,0,0,v
2014-06-20 23:36,6.541,0.085,0,0,0,0,v
2014-06-20 23:42,6.551,0.094,0,0,0,0,v
2014-06-20 23:48,6.562,0.111,0,0,0,0,v
2014-06-20 23:54,6.562,0.102,0,0,0,0,v
2014-06-21 00:00,6.578,0.083,0,0,0,0,v
2014-06-21 00:06,6.576,0.092,0,0,0,0,v
2014-06-21 00:12,6.586,0.082,0,0,0,0,v
2014-06-21 00:18,6.583,0.089,0,0,0,0,v
2014-06-21 00:24,6.589,0.098,0,0,0,0,v
2014-06-21 00:30,6.603,0.082,0,0,0,0,v
2014-06-21 00:36,6.616,0.100,0,0,0,0,v
2014-06-21 00:42,6.610,0.095,0,0,0,0,v
2014-06-21 00:48,6.615,0.098,0,0,0,0,v
2014-06-21 00:54,6.620,0.104,0,0,0,0,v
2014-06-21 01:00,6.644,0.084,0,0,0,0,v
2014-06-21 01:06,6.665,0.089,0,0,0,0,v
2014-06-21 01:12,6.651,0.076,0,0,0,0,v
2014-06-21 01:18,6.656,0.109,0,0,0,0,v
2014-06-21 01:24,6.675,0.090,0,0,0,0,v
2014-06-21 01:30,6.665,0.092,0,0,0,0,v
2014-06-21 01:36,6.696,0.101,0,0,0,0,v
2014-06-21 01:42,6.698,0.097,0,0,0,0,v
2014-06-21 01:48,6.703,0.115,0,0,0,0,v
2014-06-21 01:54,6.702,0.081,0,0,0,0,v
2014-06-21 02:00,6.725,0.105,0,0,0,0,v
2014-06-21 02:06,6.715,0.091,0,0,0,0,v
2014-06-21 02:12,6.711,0.096,0,0,0,0,v
2014-06-21 02:18,6.706,0.096,0,0,0,0,v
2014-06-21 02:24,6.686,0.089,0,0,0,0,v
2014-06-21 02:30,6.705,0.100,0,0,0,0,v
2014-06-21 02:36,6.722,0.104,0,0,0,0,v
2014-06-21 02:42,6.714,0.078,0,0,0,0,v
2014-06-21 02:48,6.740,0.095,0,0,0,0,v
2014-06-21 02:54,6.756,0.100,0,0,0,0,v
2014-06-21 03:00,6.747,0.095,0,0,0,0,v
2014-06-21 03:06,6.769,0.086,0,0,0,0,v
2014-06-21 03:12,6.759,0.106,0,0,0,0,v
2014-06-21 03:18,6.772,0.091,0,0,0,0,v
2014-06-21 03:24,6.778,0.096,0,0,0,0,v
2014-06-21 03:30,6.772,0.091,0,0,0,0,v
2014-06-21 03:36,6.770,0.093,0,0,0,0,v
2014-06-21 03:42,6.772,0.109,0,0,0,0,v
2014-06-21 03:48,6.786,0.084,0,0,0,0,v
2014-06-21 03:54,6.789,0.091,0,0,0,0,v
2014-06-21 04:00,6.796,0.089,0,0,0,0,v
2014-06-21 04:06,6.804,0.079,0,0,0,0,v
2014-06-21 04:12,6.816,0.095,0,0,0,0,v
2014-06-21 04:18,6.814,0.093,0,0,0,0,v
2014-06-21 04:24,6.825,0.093,0,0,0,0,v
2014-06-21 04:30,6.814,0.078,0,0,0,0,v
2014-06-21 04:36,6.812,0.097,0,0,0,0,v
2014-06-21 04:42,6.817,0.091,0,0,0,0,v
2014-06-21 04:48,6.808,0.088,0,0,0,0,v
2014-06-21 04:54,6.808,0.094,0,0,0,0,v
2014-06-21 05:00,6.835,0.085,0,0,0,0,v
2014-06-21 05:06,6.817,0.097,0,0,0,0,v
2014-06-21 05:12,6.819,0.093,0,0,0,0,v
2014-06-21 05:18,6.819,0.095,0,0,0,0,v
2014-06-21 05:24,6.810,0.085,0,0,0,0,v
2014-06-21 05:30,6.814,0.118,0,0,0,0,v
2014-06-21 05:36,6.825,0.097,0,0,0,0,v
2014-06-21 05:42,6.813,0.094,0,0,0,0,v
2014-06-21 05:48,6.801,0.093,0,0,0,0,v
2014-06-21 05:54,6.799,0.101,0,0,0,0,v
2014-06-21 06:00,6.787,0.109,0,0,0,0,v
2014-06-21 06:06,6.797,0.088,0,0,0,0,v
2014-06-21 06:12,6.788,0.100,0,0,0,0,v
2014-06-21 06:18,6.792,0.088,0,0,0,0,v
2014-06-21 06:24,6.773,0.084,0,0,0,0,v
2014-06-21 06:30,6.782,0.095,0,0,0,0,v
2014-06-21 06:36,6.778,0.094,0,0,0,0,v
2014-06-21 06:42,6.768,0.093,0,0,0,0,v
2014-06-21 06:48,6.774,0.102,0,0,0,0,v
2014-06-21 06:54,6.790,0.087,0,0,0,0,v
2014-06-21 07:00,6.790,0.089,0,0,0,0,v
2014-06-21 07:06,6.798,0.096,0,0,0,0,v
2014-06-21 07:12,6.804,0.086,0,0,0,0,v
2014-06-21 07:18,6.805,0.096,0,0,0,0,v
2014-06-21 07:24,6.813,0.103,0,0,0,0,v
2014-06-21 07:30,6.814,0.086,0,0,0,0,v
2014-06-21 07:36,6.814,0.093,0,0,0,0,v
2014-06-21 07:42,6.798,0.092,0,0,0,0,v
2014-06-21 07:48,6.807,0.094,0,0,0,0,v
2014-06-21 07:54,6.820,0.091,0,0,0,0,v
2014-06-21 08:00,6.816,0.094,0,0,0,0,v
2014-06-21 08:06,6.816,0.092,0,0,0,0,v
2014-06-21 08:12,6.793,0.106,0,0,0,0,v
2014-06-21 08:18,6.811,0.079,0,0,0,0,v
2014-06-21 08:24,6.818,0.100,0,0,0,0,v
2014-06-21 08:30,6.819,0.097,0,0,0,0,v
2014-06-21 08:36,6.809,0.085,0,0,0,0,v
2014-06-21 08:42,6.804,0.096,0,0,0,0,v
2014-06-21 08:48,6.783,0.099,0,0,0,0,v
2014-06-21 08:54,6.798,0.105,0,0,0,0,v
2014-06-21 09:00,6.787,0.085,0,0,0,0,v
2014-06-21 09:06,6.779,0.089,0,0,0,0,v
2014-06-21 09:12,6.783,0.095,0,0,0,0,v
2014-06-21 09:18,6.773,0.091,0,0,0,0,v
2014-06-21 09:24,6.774,0.101,0,0,0,0,v
2014-06-21 09:30,6.768,0.074,0,0,0,0,v
2014-06-21 09:36,6.772,0.088,0,0,0,0,v
2014-06-21 09:42,6.771,0.091,0,0,0,0,v
2014-06-21 09:48,6.780,0.100,0,0,0,0,v
2014-06-21 09:54,6.757,0.076,0,0,0,0,v
2014-06-21 10:00,6.754,0.100,0,0,0,0,v
2014-06-21 10:06,6.750,0.082,0,0,0,0,v
2014-06-21 10:12,6.759,0.092,0,0,0,0,v
2014-06-21 10:18,6.740,0.099,0,0,0,0,v
2014-06-21 10:24,6.763,0.075,0,0,0,0,v
2014-06-21 10:30,6.742,0.085,0,0,0,0,v
2014-06-21 10:36,6.745,0.089,0,0,0,0,v
2014-06-21 10:42,6.760,0.087,0,0,0,0,v
2014-06-21 10:48,6.771,0.094,0,0,0,0,v
2014-06-21 10:54,6.761,0.082,0,0,0,0,v
2014-06-21 11:00,6.753,0.091,0,0,0,0,v
2014-06-21 11:06,6.768,0.103,0,0,0,0,v
2014-06-21 11:12,6.757,0.078,0,0,0,0,v
2014-06-21 11:18,6.755,0.088,0,0,0,0,v
2014-06-21 11:24,6.760,0.091,0,0,0,0,v
2014-06-21 11:30,6.784,0.105,0,0,0,0,v
2014-06-21 11:36,6.786,0.079,0,0,0,0,v
2014-06-21 11:42,6.770,0.075,0,0,0,0,v
2014-06-21 11:48,6.775,0.078,0,0,0,0,v
2014-06-21 11:54,6.778,0.088,0,0,0,0,v
2014-06-21 12:00,6.785,0.086,0,0,0,0,v
2014-06-21 12:06,6.804,0.099,0,0,0,0,v
2014-06-21 12:12,6.781,0.089,0,0,0,0,v
2014-06-21 12:18,6.794,0.086,0,0,0,0,v
2014-06-21 12:24,6.807,0.099,0,0,0,0,v
2014-06-21 12:30,6.804,0.079,0,0,0,0,v
2014-06-21 12:36,6.789,0.090,0,0,0,0,v
2014-06-21 12:42,6.773,0.085,0,0,0,0,v
2014-06-21 12:48,6.777,0.082,0,0,0,0,v
2014-06-21 12:54,6.768,0.087,0,0,0,0,v
2014-06-21 13:00,6.754,0.085,0,0,0,0,v
2014-06-21 13:06,6.768,0.094,0,0,0,0,v
2014-06-21 13:12,6.770,0.084,0,0,0,0,v
2014-06-21 13:18,6.770,0.081,0,0,0,0,v
2014-06-21 13:24,6.762,0.079,0,0,0,0,v
2014-06-21 13:30,6.782,0.089,0,0,0,0,v
2014-06-21 13:36,6.800,0.081,0,0,0,0,v
2014-06-21 13:42,6.790,0.078,0,0,0,0,v
2014-06-21 13:48,6.798,0.095,0,0,0,0,v
2014-06-21 13:54,6.806,0.085,0,0,0,0,v
2014-06-21 14:00,6.798,0.080,0,0,0,0,v
2014-06-21 14:06,6.788,0.091,0,0,0,0,v
2014-06-21 14:12,6.789,0.078,0,0,0,0,v
2014-06-21 14:18,6.790,0.080,0,0,0,0,v
2014-06-21 14:24,6.788,0.083,0,0,0,0,v
2014-06-21 14:30,6.769,0.074,0,0,0,0,v
2014-06-21 14:36,6.769,0.066,0,0,0,0,v
2014-06-21 14:42,6.778,0.084,0,0,0,0,v
2014-06-21 14:48,6.769,0.096,0,0,0,0,v
2014-06-21 14:54,6.781,0.084,0,0,0,0,v
2014-06-21 15:00,6.787,0.078,0,0,0,0,v
2014-06-21 15:06,6.786,0.074,0,0,0,0,v
2014-06-21 15:12,6.807,0.095,0,0,0,0,v
2014-06-21 15:18,6.803,0.080,0,0,0,0,v
2014-06-21 15:24,6.804,0.087,0,0,0,0,v
2014-06-21 15:30,6.806,0.073,0,0,0,0,v
2014-06-21 15:36,6.810,0.080,0,0,0,0,v
2014-06-21 15:42,6.803,0.079,0,0,0,0,v
2014-06-21 15:48,6.798,0.067,0,0,0,0,v
2014-06-21 15:54,6.755,0.091,0,0,0,0,v
2014-06-21 16:00,6.781,0.082,0,0,0,0,v
2014-06-21 16:06,6.766,0.076,0,0,0,0,v
2014-06-21 16:12,6.770,0.083,0,0,0,0,v
2014-06-21 16:18,6.774,0.082,0,0,0,0,v
2014-06-21 16:24,6.778,0.063,0,0,0,0,v
2014-06-21 16:30,6.770,0.073,0,0,0,0,v
2014-06-21 16:36,6.760,0.083,0,0,0,0,v
2014-06-21 16:42,6.762,0.082,0,0,0,0,v
2014-06-21 16:48,6.756,0.089,0,0,0,0,v
2014-06-21 16:54,6.759,0.082,0,0,0,0,v
2014-06-21 17:00,6.753,0.084,0,0,0,0,v
2014-06-21 17:06,6.749,0.083,0,0,0,0,v
2014-06-21 17:12,6.735,0.078,0,0,0,0,v
2014-06-21 17:18,6.737,0.069,0,0,0,0,v
2014-06-21 17:24,6.734,0.081,0,0,0,0,v
2014-06-21 17:30,6.727,0.073,0,0,0,0,v
2014-06-21 17:36,6.719,0.080,0,0,0,0,v
2014-06-21 17:42,6.740,0.079,0,0,0,0,v
2014-06-21 17:48,6.718,0.079,0,0,0,0,v
2014-06-21 17:54,6.698,0.083,0,0,0,0,v
2014-06-21 18:00,6.706,0.085,0,0,0,0,v
2014-06-21 18:06,6.695,0.070,0,0,0,0,v
2014-06-21 18:12,6.669,0.072,0,0,0,0,v
2014-06-21 18:18,6.678,0.080,0,0,0,0,v
2014-06-21 18:24,6.685,0.075,0,0,0,0,v
2014-06-21 18:30,6.687,0.073,0,0,0,0,v
2014-06-21 18:36,6.690,0.075,0,0,0,0,v
2014-06-21 18:42,6.689,0.077,0,0,0,0,v
2014-06-21 18:48,6.670,0.071,0,0,0,0,v
2014-06-21 18:54,6.659,0.083,0,0,0,0,v
2014-06-21 19:00,6.645,0.072,0,0,0,0,v
2014-06-21 19:06,6.644,0.082,0,0,0,0,v
2014-06-21 19:12,6.640,0.068,0,0,0,0,v
2014-06-21 19:18,6.649,0.069,0,0,0,0,v
2014-06-21 19:24,6.631,0.078,0,0,0,0,v
2014-06-21 19:30,6.618,0.082,0,0,0,0,v
2014-06-21 19:36,6.610,0.090,0,0,0,0,v
2014-06-21 19:42,6.609,0.071,0,0,0,0,v
2014-06-21 19:48,6.605,0.074,0,0,0,0,v
2014-06-21 19:54,6.584,0.079,0,0,0,0,v
2014-06-21 20:00,6.570,0.073,0,0,0,0,v
2014-06-21 20:06,6.565,0.074,0,0,0,0,v
2014-06-21 20:12,6.560,0.092,0,0,0,0,v
2014-06-21 20:18,6.562,0.083,0,0,0,0,v
2014-06-21 20:24,6.535,0.082,0,0,0,0,v
2014-06-21 20:30,6.521,0.071,0,0,0,0,v
2014-06-21 20:36,6.532,0.073,0,0,0,0,v
2014-06-21 20:42,6.525,0.075,0,0,0,0,v
2014-06-21 20:48,6.533,0.078,0,0,0,0,v
2014-06-21 20:54,6.535,0.084,0,0,0,0,v
2014-06-21 21:00,6.522,0.089,0,0,0,0,v
2014-06-21 21:06,6.530,0.073,0,0,0,0,v
2014-06-21 21:12,6.520,0.086,0,0,0,0,v
2014-06-21 21:18,6.514,0.076,0,0,0,0,v
2014-06-21 21:24,6.504,0.091,0,0,0,0,v
2014-06-21 21:30,6.510,0.078,0,0,0,0,v
2014-06-21 21:36,6.523,0.075,0,0,0,0,v
2014-06-21 21:42,6.516,0.098,0,0,0,0,v
2014-06-21 21:48,6.535,0.073,0,0,0,0,v
2014-06-21 21:54,6.542,0.089,0,0,0,0,v
2014-06-21 22:00,6.523,0.088,0,0,0,0,v
2014-06-21 22:06,6.519,0.097,0,0,0,0,v
2014-06-21 22:12,6.523,0.083,0,0,0,0,v
2014-06-21 22:18,6.516,0.085,0,0,0,0,v
2014-06-21 22:24,6.522,0.081,0,0,0,0,v
2014-06-21 22:30,6.517,0.082,0,0,0,0,v
2014-06-21 22:36,6.500,0.079,0,0,0,0,v
2014-06-21 22:42,6.502,0.077,0,0,0,0,v
2014-06-21 22:48,6.496,0.085,0,0,0,0,v
2014-06-21 22:54,6.501,0.076,0,0,0,0,v
2014-06-21 23:00,6.496,0.089,0,0,0,0,v
2014-06-21 23:06,6.504,0.090,0,0,0,0,v
2014-06-21 23:12,6.495,0.086,0,0,0,0,v
2014-06-21 23:18,6.502,0.094,0,0,0,0,v
2014-06-21 23:24,6.490,0.081,0,0,0,0,v
2014-06-21 23:30,6.509,0.083,0,0,0,0,v
2014-06-21 23:36,6.500,0.078,0,0,0,0,v
2014-06-21 23:42,6.495,0.078,0,0,0,0,v
2014-06-21 23:48,6.502,0.082,0,0,0,0,v
2014-06-21 23:54,6.512,0.074,0,0,0,0,v
2014-06-22 00:00,6.500,0.083,0,0,0,0,v
2014-06-22 00:06,6.503,0.075,0,0,0,0,v
2014-06-22 00:12,6.518,0.073,0,0,0,0,v
2014-06-22 00:18,6.524,0.082,0,0,0,0,v
2014-06-22 00:24,6.510,0.080,0,0,0,0,v
2014-06-22 00:30,6.514,0.074,0,0,0,0,v
2014-06-22 00:36,6.522,0.078,0,0,0,0,v
2014-06-22 00:42,6.523,0.084,0,0,0,0,v
2014-06-22 00:48,6.532,0.089,0,0,0,0,v
2014-06-22 00:54,6.521,0.083,0,0,0,0,v
2014-06-22 01:00,6.536,0.094,0,0,0,0,v
2014-06-22 01:06,6.556,0.086,0,0,0,0,v
2014-06-22 01:12,6.565,0.079,0,0,0,0,v
2014-06-22 01:18,6.599,0.096,0,0,0,0,v
2014-06-22 01:24,6.602,0.084,0,0,0,0,v
2014-06-22 01:30,6.596,0.085,0,0,0,0,v
2014-06-22 01:36,6.600,0.083,0,0,0,0,v
2014-06-22 01:42,6.609,0.090,0,0,0,0,v
2014-06-22 01:48,6.599,0.079,0,0,0,0,v
2014-06-22 01:54,6.612,0.099,0,0,0,0,v
2014-06-22 02:00,6.629,0.095,0,0,0,0,v
2014-06-22 02:06,6.646,0.082,0,0,0,0,v
2014-06-22 02:12,6.649,0.097,0,0,0,0,v
2014-06-22 02:18,6.664,0.074,0,0,0,0,v
2014-06-22 02:24,6.670,0.085,0,0,0,0,v
2014-06-22 02:30,6.682,0.091,0,0,0,0,v
2014-06-22 02:36,6.675,0.085,0,0,0,0,v
2014-06-22 02:42,6.691,0.081,0,0,0,0,v
2014-06-22 02:48,6.700,0.093,0,0,0,0,v
2014-06-22 02:54,6.708,0.085,0,0,0,0,v
2014-06-22 03:00,6.710,0.088,0,0,0,0,v
2014-06-22 03:06,6.727,0.086,0,0,0,0,v
2014-06-22 03:12,6.742,0.090,0,0,0,0,v
2014-06-22 03:18,6.730,0.080,0,0,0,0,v
2014-06-22 03:24,6.736,0.082,0,0,0,0,v
2014-06-22 03:30,6.730,0.084,0,0,0,0,v
2014-06-22 03:36,6.731,0.099,0,0,0,0,v
2014-06-22 03:42,6.741,0.077,0,0,0,0,v
2014-06-22 03:48,6.760,0.082,0,0,0,0,v
2014-06-22 03:54,6.774,0.075,0,0,0,0,v
2014-06-22 04:00,6.796,0.094,0,0,0,0,v
2014-06-22 04:06,6.810,0.082,0,0,0,0,v
2014-06-22 04:12,6.816,0.086,0,0,0,0,v
2014-06-22 04:18,6.800,0.079,0,0,0,0,v
2014-06-22 04:24,6.791,0.090,0,0,0,0,v
2014-06-22 04:30,6.818,0.085,0,0,0,0,v
2014-06-22 04:36,6.818,0.089,0,0,0,0,v
2014-06-22 04:42,6.830,0.093,0,0,0,0,v
2014-06-22 04:48,6.829,0.086,0,0,0,0,v
2014-06-22 04:54,6.825,0.097,0,0,0,0,v
2014-06-22 05:00,6.823,0.091,0,0,0,0,v
2014-06-22 05:06,6.830,0.070,0,0,0,0,v
2014-06-22 05:12,6.835,0.102,0,0,0,0,v
2014-06-22 05:18,6.839,0.081,0,0,0,0,v
2014-06-22 05:24,6.851,0.089,0,0,0,0,v
2014-06-22 05:30,6.844,0.083,0,0,0,0,v
2014-06-22 05:36,6.848,0.083,0,0,0,0,v
2014-06-22 05:42,6.853,0.091,0,0,0,0,v
2014-06-22 05:48,6.849,0.088,0,0,0,0,v
2014-06-22 05:54,6.850,0.089,0,0,0,0,v
2014-06-22 06:00,6.851,0.078,0,0,0,0,v
2014-06-22 06:06,6.836,0.082,0,0,0,0,v
2014-06-22 06:12,6.838,0.091,0,0,0,0,v
2014-06-22 06:18,6.835,0.093,0,0,0,0,v
2014-06-22 06:24,6.849,0.089,0,0,0,0,v
2014-06-22 06:30,6.852,0.087,0,0,0,0,v
2014-06-22 06:36,6.854,0.099,0,0,0,0,v
2014-06-22 06:42,6.852,0.097,0,0,0,0,v
2014-06-22 06:48,6.857,0.086,0,0,0,0,v
2014-06-22 06:54,6.866,0.081,0,0,0,0,v
2014-06-22 07:00,6.859,0.088,0,0,0,0,v
2014-06-22 07:06,6.850,0.097,0,0,0,0,v
2014-06-22 07:12,6.837,0.098,0,0,0,0,v
2014-06-22 07:18,6.838,0.083,0,0,0,0,v
2014-06-22 07:24,6.844,0.100,0,0,0,0,v
2014-06-22 07:30,6.846,0.099,0,0,0,0,v
2014-06-22 07:36,6.845,0.097,0,0,0,0,v
2014-06-22 07:42,6.842,0.103,0,0,0,0,v
2014-06-22 07:48,6.828,0.089,0,0,0,0,v
2014-06-22 07:54,6.826,0.106,0,0,0,0,v
2014-06-22 08:00,6.837,0.114,0,0,0,0,v
2014-06-22 08:06,6.855,0.114,0,0,0,0,v
2014-06-22 08:12,6.865,0.078,0,0,0,0,v
2014-06-22 08:18,6.851,0.088,0,0,0,0,v
2014-06-22 08:24,6.836,0.106,0,0,0,0,v
2014-06-22 08:30,6.836,0.096,0,0,0,0,v
2014-06-22 08:36,6.846,0.107,0,0,0,0,v
2014-06-22 08:42,6.859,0.105,0,0,0,0,v
2014-06-22 08:48,6.867,0.097,0,0,0,0,v
2014-06-22 08:54,6.862,0.111,0,0,0,0,v
2014-06-22 09:00,6.871,0.103,0,0,0,0,v
2014-06-22 09:06,6.871,0.086,0,0,0,0,v
2014-06-22 09:12,6.900,0.110,0,0,0,0,v
2014-06-22 09:18,6.888,0.104,0,0,0,0,v
2014-06-22 09:24,6.867,0.100,0,0,0,0,v
2014-06-22 09:30,6.862,0.108,0,0,0,0,v
2014-06-22 09:36,6.852,0.102,0,0,0,0,v
2014-06-22 09:42,6.853,0.101,0,0,0,0,v
2014-06-22 09:48,6.856,0.094,0,0,0,0,v
2014-06-22 09:54,6.858,0.110,0,0,0,0,v
2014-06-22 10:00,6.840,0.089,0,0,0,0,v
2014-06-22 10:06,6.832,0.100,0,0,0,0,v
2014-06-22 10:12,6.819,0.085,0,0,0,0,v
2014-06-22 10:18,6.831,0.106,0,0,0,0,v
2014-06-22 10:24,6.804,0.116,0,0,0,0,v
2014-06-22 10:30,6.789,0.095,0,0,0,0,v
2014-06-22 10:36,6.781,0.109,0,0,0,0,v
2014-06-22 10:42,6.787,0.123,0,0,0,0,v
2014-06-22 10:48,6.758,0.100,0,0,0,0,v
2014-06-22 10:54,6.753,0.119,0,0,0,0,v
2014-06-22 11:00,6.759,0.110,0,0,0,0,v
2014-06-22 11:06,6.768,0.100,0,0,0,0,v
2014-06-22 11:12,6.749,0.108,0,0,0,0,v
2014-06-22 11:18,6.741,0.108,0,0,0,0,v
2014-06-22 11:24,6.749,0.107,0,0,0,0,v
2014-06-22 11:30,6.733,0.098,0,0,0,0,v
2014-06-22 11:36,6.749,0.103,0,0,0,0,v
2014-06-22 11:42,6.748,0.117,0,0,0,0,v
2014-06-22 11:48,6.740,0.114,0,0,0,0,v
2014-06-22 11:54,6.744,0.109,0,0,0,0,v
2014-06-22 12:00,6.756,0.108,0,0,0,0,v
2014-06-22 12:06,6.739,0.108,0,0,0,0,v
2014-06-22 12:12,6.755,0.112,0,0,0,0,v
2014-06-22 12:18,6.740,0.108,0,0,0,0,v
2014-06-22 12:24,6.740,0.121,0,0,0,0,v
2014-06-22 12:30,6.764,0.106,0,0,0,0,v
2014-06-22 12:36,6.758,0.115,0,0,0,0,v
2014-06-22 12:42,6.744,0.096,0,0,0,0,v
2014-06-22 12:48,6.748,0.123,0,0,0,0,v
2014-06-22 12:54,6.759,0.092,0,0,0,0,v
2014-06-22 13:00,6.754,0.118,0,0,0,0,v
2014-06-22 13:06,6.751,0.108,0,0,0,0,v
2014-06-22 13:12,6.738,0.114,0,0,0,0,v
2014-06-22 13:18,6.738,0.125,0,0,0,0,v
2014-06-22 13:24,6.741,0.108,0,0,0,0,v
2014-06-22 13:30,6.752,0.105,0,0,0,0,v
2014-06-22 13:36,6.740,0.122,0,0,0,0,v
2014-06-22 13:42,6.729,0.122,0,0,0,0,v
2014-06-22 13:48,6.745,0.103,0,0,0,0,v
2014-06-22 13:54,6.740,0.102,0,0,0,0,v
2014-06-22 14:00,6.767,0.099,0,0,0,0,v
2014-06-22 14:06,6.763,0.103,0,0,0,0,v
2014-06-22 14:12,6.758,0.100,0,0,0,0,v
2014-06-22 14:18,6.739,0.103,0,0,0,0,v
2014-06-22 14:24,6.733,0.106,0,0,0,0,v
2014-06-22 14:30,6.736,0.088,0,0,0,0,v
2014-06-22 14:36,6.745,0.090,0,0,0,0,v
2014-06-22 14:42,6.738,0.112,0,0,0,0,v
2014-06-22 14:48,6.734,0.108,0,0,0,0,v
2014-06-22 14:54,6.746,0.114,0,0,0,0,v
2014-06-22 15:00,6.736,0.095,0,0,0,0,v
2014-06-22 15:06,6.746,0.118,0,0,0,0,v
2014-06-22 15:12,6.749,0.116,0,0,0,0,v
2014-06-22 15:18,6.759,0.116,0,0,0,0,v
2014-06-22 15:24,6.747,0.112,0,0,0,0,v
2014-06-22 15:30,6.753,0.098,0,0,0,0,v
2014-06-22 15:36,6.747,0.106,0,0,0,0,v
2014-06-22 15:42,6.748,0.110,0,0,0,0,v
2014-06-22 15:48,6.734,0.111,0,0,0,0,v
2014-06-22 15:54,6.743,0.100,0,0,0,0,v
2014-06-22 16:00,6.740,0.112,0,0,0,0,v
2014-06-22 16:06,6.729,0.112,0,0,0,0,v
2014-06-22 16:12,6.733,0.098,0,0,0,0,v
2014-06-22 16:18,6.744,0.105,0,0,0,0,v
2014-06-22 16:24,6.715,0.097,0,0,0,0,v
2014-06-22 16:30,6.730,0.088,0,0,0,0,v
2014-06-22 16:36,6.733,0.117,0,0,0,0,v
2014-06-22 16:42,6.711,0.107,0,0,0,0,v
2014-06-22 16:48,6.728,0.106,0,0,0,0,v
2014-06-22 16:54,6.729,0.101,0,0,0,0,v
2014-06-22 17:00,6.727,0.113,0,0,0,0,v
2014-06-22 17:06,6.716,0.098,0,0,0,0,v
2014-06-22 17:12,6.717,0.107,0,0,0,0,v
2014-06-22 17:18,6.711,0.111,0,0,0,0,v
2014-06-22 17:24,6.709,0.109,0,0,0,0,v
2014-06-22 17:30,6.706,0.083,0,0,0,0,v
2014-06-22 17:36,6.693,0.105,0,0,0,0,v
2014-06-22 17:42,6.697,0.088,0,0,0,0,v
2014-06-22 17:48,6.683,0.108,0,0,0,0,v
2014-06-22 17:54,6.669,0.092,0,0,0,0,v
2014-06-22 18:00,6.672,0.101,0,0,0,0,v
2014-06-22 18:06,6.666,0.114,0,0,0,0,v
2014-06-22 18:12,6.659,0.108,0,0,0,0,v
2014-06-22 18:18,6.642,0.097,0,0,0,0,v
2014-06-22 18:24,6.627,0.107,0,0,0,0,v
2014-06-22 18:30,6.656,0.104,0,0,0,0,v
2014-06-22 18:36,6.638,0.113,0,0,0,0,v
2014-06-22 18:42,6.635,0.104,0,0,0,0,v
2014-06-22 18:48,6.609,0.100,0,0,0,0,v
2014-06-22 18:54,6.618,0.098,0,0,0,0,v
2014-06-22 19:00,6.602,0.114,0,0,0,0,v
2014-06-22 19:06,6.592,0.123,0,0,0,0,v
2014-06-22 19:12,6.605,0.107,0,0,0,0,v
2014-06-22 19:18,6.599,0.099,0,0,0,0,v
2014-06-22 19:24,6.563,0.110,0,0,0,0,v
2014-06-22 19:30,6.543,0.113,0,0,0,0,v
2014-06-22 19:36,6.551,0.106,0,0,0,0,v
2014-06-22 19:42,6.540,0.100,0,0,0,0,v
2014-06-22 19:48,6.535,0.099,0,0,0,0,v
2014-06-22 19:54,6.538,0.104,0,0,0,0,v
2014-06-22 20:00,6.530,0.098,0,0,0,0,v
2014-06-22 20:06,6.518,0.103,0,0,0,0,v
2014-06-22 20:12,6.508,0.099,0,0,0,0,v
2014-06-22 20:18,6.497,0.106,0,0,0,0,v
2014-06-22 20:24,6.503,0.114,0,0,0,0,v
2014-06-22 20:30,6.492,0.094,0,0,0,0,v
2014-06-22 20:36,6.495,0.096,0,0,0,0,v
2014-06-22 20:42,6.486,0.091,0,0,0,0,v
2014-06-22 20:48,6.481,0.108,0,0,0,0,v
2014-06-22 20:54,6.472,0.104,0,0,0,0,v
2014-06-22 21:00,6.474,0.114,0,0,0,0,v
2014-06-22 21:06,6.472,0.110,0,0,0,0,v
2014-06-22 21:12,6.450,0.114,0,0,0,0,v
2014-06-22 21:18,6.448,0.120,0,0,0,0,v
2014-06-22 21:24,6.413,0.116,0,0,0,0,v
2014-06-22 21:30,6.426,0.113,0,0,0,0,v
2014-06-22 21:36,6.429,0.105,0,0,0,0,v
2014-06-22 21:42,6.428,0.110,0,0,0,0,v
2014-06-22 21:48,6.423,0.092,0,0,0,0,v
2014-06-22 21:54,6.409,0.096,0,0,0,0,v
2014-06-22 22:00,6.399,0.100,0,0,0,0,v
2014-06-22 22:06,6.417,0.116,0,0,0,0,v
2014-06-22 22:12,6.399,0.104,0,0,0,0,v
2014-06-22 22:18,6.398,0.113,0,0,0,0,v
2014-06-22 22:24,6.398,0.092,0,0,0,0,v
2014-06-22 22:30,6.384,0.106,0,0,0,0,v
2014-06-22 22:36,6.383,0.105,0,0,0,0,v
2014-06-22 22:42,6.381,0.106,0,0,0,0,v
2014-06-22 22:48,6.364,0.127,0,0,0,0,v
2014-06-22 22:54,6.359,0.125,0,0,0,0,v
2014-06-22 23:00,6.366,0.112,0,0,0,0,v
2014-06-22 23:06,6.387,0.119,0,0,0,0,v
2014-06-22 23:12,6.379,0.107,0,0,0,0,v
2014-06-22 23:18,6.373,0.109,0,0,0,0,v
2014-06-22 23:24,6.356,0.098,0,0,0,0,v
2014-06-22 23:30,6.356,0.118,0,0,0,0,v
2014-06-22 23:36,6.348,0.118,0,0,0,0,v
2014-06-22 23:42,6.345,0.117,0,0,0,0,v
2014-06-22 23:48,6.362,0.093,0,0,0,0,v
2014-06-22 23:54,6.358,0.109,0,0,0,0,v
2014-06-23 00:00,6.363,0.112,0,0,0,0,v
2014-06-23 00:06,6.368,0.101,0,0,0,0,v
2014-06-23 00:12,6.363,0.123,0,0,0,0,v
2014-06-23 00:18,6.380,0.100,0,0,0,0,v
2014-06-23 00:24,6.396,0.099,0,0,0,0,v
2014-06-23 00:30,6.385,0.110,0,0,0,0,v
2014-06-23 00:36,6.398,0.108,0,0,0,0,v
2014-06-23 00:42,6.396,0.099,0,0,0,0,v
2014-06-23 00:48,6.402,0.092,0,0,0,0,v
2014-06-23 00:54,6.394,0.110,0,0,0,0,v
2014-06-23 01:00,6.393,0.114,0,0,0,0,v
2014-06-23 01:06,6.409,0.111,0,0,0,0,v
2014-06-23 01:12,6.412,0.106,0,0,0,0,v
2014-06-23 01:18,6.412,0.093,0,0,0,0,v
2014-06-23 01:24,6.425,0.097,0,0,0,0,v
2014-06-23 01:30,6.427,0.101,0,0,0,0,v
2014-06-23 01:36,6.430,0.097,0,0,0,0,v
2014-06-23 01:42,6.450,0.084,0,0,0,0,v
2014-06-23 01:48,6.474,0.117,0,0,0,0,v
2014-06-23 01:54,6.490,0.120,0,0,0,0,v
2014-06-23 02:00,6.496,0.089,0,0,0,0,v
2014-06-23 02:06,6.491,0.081,0,0,0,0,v
2014-06-23 02:12,6.499,0.090,0,0,0,0,v
2014-06-23 02:18,6.519,0.090,0,0,0,0,v
2014-06-23 02:24,6.531,0.096,0,0,0,0,v
2014-06-23 02:30,6.529,0.101,0,0,0,0,v
2014-06-23 02:36,6.547,0.106,0,0,0,0,v
2014-06-23 02:42,6.542,0.101,0,0,0,0,v
2014-06-23 02:48,6.558,0.098,0,0,0,0,v
2014-06-23 02:54,6.562,0.097,0,0,0,0,v
2014-06-23 03:00,6.551,0.094,0,0,0,0,v
2014-06-23 03:06,6.572,0.086,0,0,0,0,v
2014-06-23 03:12,6.588,0.085,0,0,0,0,v
2014-06-23 03:18,6.597,0.099,0,0,0,0,v
2014-06-23 03:24,6.623,0.102,0,0,0,0,v
2014-06-23 03:30,6.650,0.104,0,0,0,0,v
2014-06-23 03:36,6.648,0.094,0,0,0,0,v
2014-06-23 03:42,6.665,0.088,0,0,0,0,v
2014-06-23 03:48,6.676,0.099,0,0,0,0,v
2014-06-23 03:54,6.669,0.087,0,0,0,0,v
2014-06-23 04:00,6.700,0.090,0,0,0,0,v
2014-06-23 04:06,6.713,0.097,0,0,0,0,v
2014-06-23 04:12,6.715,0.092,0,0,0,0,v
2014-06-23 04:18,6.733,0.081,0,0,0,0,v
2014-06-23 04:24,6.742,0.090,0,0,0,0,v
2014-06-23 04:30,6.752,0.094,0,0,0,0,v
2014-06-23 04:36,6.754,0.109,0,0,0,0,v
2014-06-23 04:42,6.760,0.104,0,0,0,0,v
2014-06-23 04:48,6.774,0.093,0,0,0,0,v
2014-06-23 04:54,6.774,0.084,0,0,0,0,v
2014-06-23 05:00,6.767,0.096,0,0,0,0,v
2014-06-23 05:06,6.783,0.077,0,0,0,0,v
2014-06-23 05:12,6.796,0.091,0,0,0,0,v
2014-06-23 05:18,6.778,0.099,0,0,0,0,v
2014-06-23 05:24,6.798,0.092,0,0,0,0,v
2014-06-23 05:30,6.817,0.091,0,0,0,0,v
2014-06-23 05:36,6.822,0.098,0,0,0,0,v
2014-06-23 05:42,6.821,0.099,0,0,0,0,v
2014-06-23 05:48,6.833,0.107,0,0,0,0,v
2014-06-23 05:54,6.838,0.094,0,0,0,0,v
2014-06-23 06:00,6.842,0.101,0,0,0,0,v
2014-06-23 06:06,6.866,0.079,0,0,0,0,v
2014-06-23 06:12,6.875,0.084,0,0,0,0,v
2014-06-23 06:18,6.875,0.091,0,0,0,0,v
2014-06-23 06:24,6.876,0.086,0,0,0,0,v
2014-06-23 06:30,6.896,0.096,0,0,0,0,v
2014-06-23 06:36,6.897,0.075,0,0,0,0,v
2014-06-23 06:42,6.898,0.090,0,0,0,0,v
2014-06-23 06:48,6.909,0.101,0,0,0,0,v
2014-06-23 06:54,6.894,0.091,0,0,0,0,v
2014-06-23 07:00,6.899,0.109,0,0,0,0,v
2014-06-23 07:06,6.881,0.096,0,0,0,0,v
2014-06-23 07:12,6.886,0.093,0,0,0,0,v
2014-06-23 07:18,6.900,0.101,0,0,0,0,v
2014-06-23 07:24,6.892,0.114,0,0,0,0,v
2014-06-23 07:30,6.879,0.104,0,0,0,0,v
2014-06-23 07:36,6.878,0.099,0,0,0,0,v
2014-06-23 07:42,6.874,0.103,0,0,0,0,v
2014-06-23 07:48,6.881,0.094,0,0,0,0,v
2014-06-23 07:54,6.890,0.112,0,0,0,0,v
2014-06-23 08:00,6.906,0.111,0,0,0,0,v
2014-06-23 08:06,6.908,0.116,0,0,0,0,v
2014-06-23 08:12,6.906,0.124,0,0,0,0,v
2014-06-23 08:18,6.896,0.118,0,0,0,0,v
2014-06-23 08:24,6.884,0.112,0,0,0,0,v
2014-06-23 08:30,6.886,0.116,0,0,0,0,v
2014-06-23 08:36,6.912,0.103,0,0,0,0,v
2014-06-23 08:42,6.911,0.105,0,0,0,0,v
2014-06-23 08:48,6.887,0.104,0,0,0,0,v
2014-06-23 08:54,6.888,0.111,0,0,0,0,v
2014-06-23 09:00,6.911,0.121,0,0,0,0,v
2014-06-23 09:06,6.885,0.116,0,0,0,0,v
2014-06-23 09:12,6.902,0.108,0,0,0,0,v
2014-06-23 09:18,6.921,0.123,0,0,0,0,v
2014-06-23 09:24,6.910,0.109,0,0,0,0,v
2014-06-23 09:30,6.901,0.107,0,0,0,0,v
2014-06-23 09:36,6.905,0.115,0,0,0,0,v
2014-06-23 09:42,6.895,0.096,0,0,0,0,v
2014-06-23 09:48,6.867,0.109,0,0,0,0,v
2014-06-23 09:54,6.894,0.111,0,0,0,0,v
2014-06-23 10:00,6.899,0.107,0,0,0,0,v
2014-06-23 10:06,6.893,0.112,0,0,0,0,v
2014-06-23 10:12,6.880,0.114,0,0,0,0,v
2014-06-23 10:18,6.858,0.111,0,0,0,0,v
2014-06-23 10:24,6.875,0.117,0,0,0,0,v
2014-06-23 10:30,6.861,0.098,0,0,0,0,v
2014-06-23 10:36,6.872,0.086,0,0,0,0,v
2014-06-23 10:42,6.868,0.110,0,0,0,0,v
2014-06-23 10:48,6.882,0.112,0,0,0,0,v
2014-06-23 10:54,6.888,0.100,0,0,0,0,v
2014-06-23 11:00,6.895,0.110,0,0,0,0,v
2014-06-23 11:06,6.874,0.112,0,0,0,0,v
2014-06-23 11:12,6.847,0.122,0,0,0,0,v
2014-06-23 11:18,6.857,0.112,0,0,0,0,v
2014-06-23 11:24,6.871,0.103,0,0,0,0,v
2014-06-23 11:30,6.859,0.108,0,0,0,0,v
2014-06-23 11:36,6.869,0.129,0,0,0,0,v
2014-06-23 11:42,6.856,0.128,0,0,0,0,v
2014-06-23 11:48,6.854,0.097,0,0,0,0,v
2014-06-23 11:54,6.849,0.101,0,0,0,0,v
2014-06-23 12:00,6.840,0.091,0,0,0,0,v
2014-06-23 12:06,6.833,0.091,0,0,0,0,v
2014-06-23 12:12,6.828,0.110,0,0,0,0,v
2014-06-23 12:18,6.833,0.108,0,0,0,0,v
2014-06-23 12:24,6.830,0.103,0,0,0,0,v
2014-06-23 12:30,6.834,0.111,0,0,0,0,v
2014-06-23 12:36,6.829,0.094,0,0,0,0,v
2014-06-23 12:42,6.829,0.091,0,0,0,0,v
2014-06-23 12:48,6.822,0.106,0,0,0,0,v
2014-06-23 12:54,6.833,0.112,0,0,0,0,v
2014-06-23 13:00,6.835,0.099,0,0,0,0,v
2014-06-23 13:06,6.835,0.084,0,0,0,0,v
2014-06-23 13:12,6.812,0.069,0,0,0,0,v
2014-06-23 13:18,6.783,0.085,0,0,0,0,v
2014-06-23 13:24,6.788,0.098,0,0,0,0,v
2014-06-23 13:30,6.796,0.097,0,0,0,0,v
2014-06-23 13:36,6.800,0.085,0,0,0,0,v
2014-06-23 13:42,6.800,0.101,0,0,0,0,v
2014-06-23 13:48,6.805,0.089,0,0,0,0,v
2014-06-23 13:54,6.812,0.090,0,0,0,0,v
2014-06-23 14:00,6.816,0.098,0,0,0,0,v
2014-06-23 14:06,6.823,0.098,0,0,0,0,v
2014-06-23 14:12,6.817,0.104,0,0,0,0,v
2014-06-23 14:18,6.807,0.082,0,0,0,0,v
2014-06-23 14:24,6.802,0.091,0,0,0,0,v
2014-06-23 14:30,6.818,0.096,0,0,0,0,v
2014-06-23 14:36,6.798,0.087,0,0,0,0,v
2014-06-23 14:42,6.773,0.092,0,0,0,0,v
2014-06-23 14:48,6.766,0.096,0,0,0,0,v
2014-06-23 14:54,6.757,0.089,0,0,0,0,v
2014-06-23 15:00,6.763,0.094,0,0,0,0,v
2014-06-23 15:06,6.773,0.110,0,0,0,0,v
2014-06-23 15:12,6.776,0.114,0,0,0,0,v
2014-06-23 15:18,6.762,0.085,0,0,0,0,v
2014-06-23 15:24,6.755,0.090,0,0,0,0,v
2014-06-23 15:30,6.764,0.095,0,0,0,0,v
2014-06-23 15:36,6.782,0.092,0,0,0,0,v
2014-06-23 15:42,6.781,0.086,0,0,0,0,v
2014-06-23 15:48,6.776,0.111,0,0,0,0,v
2014-06-23 15:54,6.794,0.099,0,0,0,0,v
2014-06-23 16:00,6.808,0.095,0,0,0,0,v
2014-06-23 16:06,6.822,0.092,0,0,0,0,v
2014-06-23 16:12,6.818,0.105,0,0,0,0,v
2014-06-23 16:18,6.810,0.085,0,0,0,0,v
2014-06-23 16:24,6.818,0.088,0,0,0,0,v
2014-06-23 16:30,6.804,0.103,0,0,0,0,v
2014-06-23 16:36,6.804,0.091,0,0,0,0,v
2014-06-23 16:42,6.797,0.079,0,0,0,0,v
2014-06-23 16:48,6.789,0.087,0,0,0,0,v
2014-06-23 16:54,6.795,0.092,0,0,0,0,v
2014-06-23 17:00,6.777,0.101,0,0,0,0,v
2014-06-23 17:06,6.790,0.083,0,0,0,0,v
2014-06-23 17:12,6.773,0.086,0,0,0,0,v
2014-06-23 17:18,6.757,0.098,0,0,0,0,v
2014-06-23 17:24,6.745,0.096,0,0,0,0,v
2014-06-23 17:30,6.742,0.101,0,0,0,0,v
2014-06-23 17:36,6.736,0.104,0,0,0,0,v
2014-06-23 17:42,6.723,0.086,0,0,0,0,v
2014-06-23 17:48,6.693,0.077,0,0,0,0,v
2014-06-23 17:54,6.691,0.101,0,0,0,0,v
2014-06-23 18:00,6.684,0.081,0,0,0,0,v
2014-06-23 18:06,6.677,0.083,0,0,0,0,v
2014-06-23 18:12,6.659,0.084,0,0,0,0,v
2014-06-23 18:18,6.674,0.107,0,0,0,0,v
2014-06-23 18:24,6.677,0.100,0,0,0,0,v
2014-06-23 18:30,6.689,0.091,0,0,0,0,v
2014-06-23 18:36,6.685,0.100,0,0,0,0,v
2014-06-23 18:42,6.697,0.099,0,0,0,0,v
2014-06-23 18:48,6.683,0.100,0,0,0,0,v
2014-06-23 18:54,6.662,0.102,0,0,0,0,v
2014-06-23 19:00,6.666,0.101,0,0,0,0,v
2014-06-23 19:06,6.636,0.109,0,0,0,0,v
2014-06-23 19:12,6.623,0.096,0,0,0,0,v
2014-06-23 19:18,6.623,0.087,0,0,0,0,v
2014-06-23 19:24,6.616,0.093,0,0,0,0,v
2014-06-23 19:30,6.606,0.115,0,0,0,0,v
2014-06-23 19:36,6.599,0.112,0,0,0,0,v
2014-06-23 19:42,6.585,0.108,0,0,0,0,v
2014-06-23 19:48,6.562,0.098,0,0,0,0,v
2014-06-23 19:54,6.569,0.108,0,0,0,0,v
2014-06-23 20:00,6.569,0.086,0,0,0,0,v
2014-06-23 20:06,6.562,0.081,0,0,0,0,v
2014-06-23 20:12,6.548,0.109,0,0,0,0,v
2014-06-23 20:18,6.554,0.097,0,0,0,0,v
2014-06-23 20:24,6.527,0.100,0,0,0,0,v
2014-06-23 20:30,6.525,0.102,0,0,0,0,v
2014-06-23 20:36,6.511,0.111,0,0,0,0,v
2014-06-23 20:42,6.506,0.113,0,0,0,0,v
2014-06-23 20:48,6.507,0.106,0,0,0,0,v
2014-06-23 20:54,6.501,0.101,0,0,0,0,v
2014-06-23 21:00,6.480,0.111,0,0,0,0,v
2014-06-23 21:06,6.468,0.088,0,0,0,0,v
2014-06-23 21:12,6.470,0.091,0,0,0,0,v
2014-06-23 21:18,6.464,0.100,0,0,0,0,v
2014-06-23 21:24,6.457,0.086,0,0,0,0,v
2014-06-23 21:30,6.467,0.089,0,0,0,0,v
2014-06-23 21:36,6.463,0.103,0,0,0,0,v
2014-06-23 21:42,6.447,0.121,0,0,0,0,v
2014-06-23 21:48,6.445,0.101,0,0,0,0,v
2014-06-23 21:54,6.435,0.090,0,0,0,0,v
2014-06-23 22:00,6.431,0.084,0,0,0,0,v
2014-06-23 22:06,6.414,0.104,0,0,0,0,v
2014-06-23 22:12,6.395,0.099,0,0,0,0,v
2014-06-23 22:18,6.370,0.125,0,0,0,0,v
2014-06-23 22:24,6.380,0.119,0,0,0,0,v
2014-06-23 22:30,6.373,0.101,0,0,0,0,v
2014-06-23 22:36,6.386,0.098,0,0,0,0,v
2014-06-23 22:42,6.369,0.093,0,0,0,0,v
2014-06-23 22:48,6.345,0.116,0,0,0,0,v
2014-06-23 22:54,6.354,0.094,0,0,0,0,v
2014-06-23 23:00,6.353,0.119,0,0,0,0,v
2014-06-23 23:06,6.354,0.099,0,0,0,0,v
2014-06-23 23:12,6.354,0.101,0,0,0,0,v
2014-06-23 23:18,6.341,0.102,0,0,0,0,v
2014-06-23 23:24,6.354,0.096,0,0,0,0,v
2014-06-23 23:30,6.343,0.091,0,0,0,0,v
2014-06-23 23:36,6.364,0.086,0,0,0,0,v
2014-06-23 23:42,6.361,0.104,0,0,0,0,v
2014-06-23 23:48,6.388,0.090,0,0,0,0,v
2014-06-23 23:54,6.393,0.099,0,0,0,0,v
2014-06-24 00:00,6.392,0.086,0,0,0,0,v
2014-06-24 00:06,6.382,0.094,0,0,0,0,v
2014-06-24 00:12,6.373,0.077,0,0,0,0,v
2014-06-24 00:18,6.369,0.091,0,0,0,0,v
2014-06-24 00:24,6.359,0.108,0,0,0,0,v
2014-06-24 00:30,6.379,0.093,0,0,0,0,v
2014-06-24 00:36,6.372,0.097,0,0,0,0,v
2014-06-24 00:42,6.353,0.114,0,0,0,0,v
2014-06-24 00:48,6.360,0.105,0,0,0,0,v
2014-06-24 00:54,6.352,0.106,0,0,0,0,v
2014-06-24 01:00,6.349,0.102,0,0,0,0,v
2014-06-24 01:06,6.350,0.087,0,0,0,0,v
2014-06-24 01:12,6.355,0.087,0,0,0,0,v
2014-06-24 01:18,6.346,0.097,0,0,0,0,v
2014-06-24 01:24,6.349,0.093,0,0,0,0,v
2014-06-24 01:30,6.340,0.094,0,0,0,0,v
2014-06-24 01:36,6.362,0.082,0,0,0,0,v
2014-06-24 01:42,6.368,0.109,0,0,0,0,v
2014-06-24 01:48,6.387,0.105,0,0,0,0,v
2014-06-24 01:54,6.387,0.080,0,0,0,0,v
2014-06-24 02:00,6.399,0.099,0,0,0,0,v
2014-06-24 02:06,6.410,0.074,0,0,0,0,v
2014-06-24 02:12,6.406,0.097,0,0,0,0,v
2014-06-24 02:18,6.394,0.108,0,0,0,0,v
2014-06-24 02:24,6.403,0.094,0,0,0,0,v
2014-06-24 02:30,6.401,0.100,0,0,0,0,v
2014-06-24 02:36,6.405,0.071,0,0,0,0,v
2014-06-24 02:42,6.408,0.099,0,0,0,0,v
2014-06-24 02:48,6.415,0.092,0,0,0,0,v
2014-06-24 02:54,6.422,0.089,0,0,0,0,v
2014-06-24 03:00,6.410,0.094,0,0,0,0,v
2014-06-24 03:06,6.422,0.104,0,0,0,0,v
2014-06-24 03:12,6.406,0.096,0,0,0,0,v
2014-06-24 03:18,6.420,0.095,0,0,0,0,v
2014-06-24 03:24,6.449,0.096,0,0,0,0,v
2014-06-24 03:30,6.444,0.103,0,0,0,0,v
2014-06-24 03:36,6.461,0.104,0,0,0,0,v
2014-06-24 03:42,6.488,0.071,0,0,0,0,v
2014-06-24 03:48,6.508,0.066,0,0,0,0,v
2014-06-24 03:54,6.523,0.096,0,0,0,0,v
2014-06-24 04:00,6.552,0.093,0,0,0,0,v
2014-06-24 04:06,6.586,0.092,0,0,0,0,v
2014-06-24 04:12,6.593,0.095,0,0,0,0,v
2014-06-24 04:18,6.612,0.105,0,0,0,0,v
2014-06-24 04:24,6.627,0.079,0,0,0,0,v
2014-06-24 04:30,6.632,0.093,0,0,0,0,v
2014-06-24 04:36,6.644,0.107,0,0,0,0,v
2014-06-24 04:42,6.652,0.089,0,0,0,0,v
2014-06-24 04:48,6.663,0.081,0,0,0,0,v
2014-06-24 04:54,6.678,0.086,0,0,0,0,v
2014-06-24 05:00,6.711,0.089,0,0,0,0,v
2014-06-24 05:06,6.712,0.112,0,0,0,0,v
2014-06-24 05:12,6.691,0.084,0,0,0,0,v
2014-06-24 05:18,6.701,0.097,0,0,0,0,v
2014-06-24 05:24,6.694,0.089,0,0,0,0,v
2014-06-24 05:30,6.696,0.100,0,0,0,0,v
2014-06-24 05:36,6.705,0.106,0,0,0,0,v
2014-06-24 05:42,6.705,0.086,0,0,0,0,v
2014-06-24 05:48,6.705,0.096,0,0,0,0,v
2014-06-24 05:54,6.715,0.091,0,0,0,0,v
2014-06-24 06:00,6.722,0.099,0,0,0,0,v
2014-06-24 06:06,6.755,0.100,0,0,0,0,v
2014-06-24 06:12,6.733,0.090,0,0,0,0,v
2014-06-24 06:18,6.731,0.089,0,0,0,0,v
2014-06-24 06:24,6.740,0.087,0,0,0,0,v
2014-06-24 06:30,6.735,0.090,0,0,0,0,v
2014-06-24 06:36,6.747,0.101,0,0,0,0,v
2014-06-24 06:42,6.736,0.090,0,0,0,0,v
2014-06-24 06:48,6.770,0.087,0,0,0,0,v
2014-06-24 06:54,6.791,0.086,0,0,0,0,v
2014-06-24 07:00,6.778,0.097,0,0,0,0,v
2014-06-24 07:06,6.781,0.087,0,0,0,0,v
2014-06-24 07:12,6.794,0.086,0,0,0,0,v
2014-06-24 07:18,6.795,0.082,0,0,0,0,v
2014-06-24 07:24,6.816,0.091,0,0,0,0,v
2014-06-24 07:30,6.838,0.090,0,0,0,0,v
2014-06-24 07:36,6.834,0.088,0,0,0,0,v
2014-06-24 07:42,6.830,0.090,0,0,0,0,v
2014-06-24 07:48,6.849,0.081,0,0,0,0,v
2014-06-24 07:54,6.858,0.112,0,0,0,0,v
2014-06-24 08:00,6.847,0.089,0,0,0,0,v
2014-06-24 08:06,6.848,0.103,0,0,0,0,v
2014-06-24 08:12,6.857,0.092,0,0,0,0,v
2014-06-24 08:18,6.867,0.072,0,0,0,0,v
2014-06-24 08:24,6.863,0.085,0,0,0,0,v
2014-06-24 08:30,6.866,0.069,0,0,0,0,v
2014-06-24 08:36,6.863,0.080,0,0,0,0,v
2014-06-24 08:42,6.849,0.083,0,0,0,0,v
2014-06-24 08:48,6.863,0.080,0,0,0,0,v
2014-06-24 08:54,6.857,0.076,0,0,0,0,v
2014-06-24 09:00,6.856,0.085,0,0,0,0,v
2014-06-24 09:06,6.853,0.080,0,0,0,0,v
2014-06-24 09:12,6.860,0.083,0,0,0,0,v
2014-06-24 09:18,6.854,0.092,0,0,0,0,v
2014-06-24 09:24,6.865,0.070,0,0,0,0,v
2014-06-24 09:30,6.879,0.087,0,0,0,0,v
2014-06-24 09:36,6.880,0.069,0,0,0,0,v
2014-06-24 09:42,6.877,0.100,0,0,0,0,v
2014-06-24 09:48,6.869,0.089,0,0,0,0,v
2014-06-24 09:54,6.873,0.102,0,0,0,0,v
2014-06-24 10:00,6.863,0.081,0,0,0,0,v
2014-06-24 10:06,6.857,0.078,0,0,0,0,v
2014-06-24 10:12,6.838,0.084,0,0,0,0,v
2014-06-24 10:18,6.847,0.087,0,0,0,0,v
2014-06-24 10:24,6.851,0.081,0,0,0,0,v
2014-06-24 10:30,6.838,0.086,0,0,0,0,v
2014-06-24 10:36,6.848,0.085,0,0,0,0,v
2014-06-24 10:42,6.847,0.075,0,0,0,0,v
2014-06-24 10:48,6.858,0.079,0,0,0,0,v
2014-06-24 10:54,6.851,0.090,0,0,0,0,v
2014-06-24 11:00,6.829,0.089,0,0,0,0,v
2014-06-24 11:06,6.839,0.086,0,0,0,0,v
2014-06-24 11:12,6.832,0.085,0,0,0,0,v
2014-06-24 11:18,6.800,0.072,0,0,0,0,v
2014-06-24 11:24,6.811,0.084,0,0,0,0,v
2014-06-24 11:30,6.805,0.082,0,0,0,0,v
2014-06-24 11:36,6.801,0.090,0,0,0,0,v
2014-06-24 11:42,6.807,0.082,0,0,0,0,v
2014-06-24 11:48,6.806,0.078,0,0,0,0,v
2014-06-24 11:54,6.788,0.079,0,0,0,0,v
2014-06-24 12:00,6.794,0.081,0,0,0,0,v
2014-06-24 12:06,6.771,0.078,0,0,0,0,v
2014-06-24 12:12,6.787,0.076,0,0,0,0,v
2014-06-24 12:18,6.804,0.086,0,0,0,0,v
2014-06-24 12:24,6.796,0.076,0,0,0,0,v
2014-06-24 12:30,6.787,0.088,0,0,0,0,v
2014-06-24 12:36,6.803,0.089,0,0,0,0,v
2014-06-24 12:42,6.803,0.083,0,0,0,0,v
2014-06-24 12:48,6.763,0.079,0,0,0,0,v
2014-06-24 12:54,6.779,0.073,0,0,0,0,v
2014-06-24 13:00,6.766,0.077,0,0,0,0,v
2014-06-24 13:06,6.749,0.076,0,0,0,0,v
2014-06-24 13:12,6.779,0.071,0,0,0,0,v
2014-06-24 13:18,6.795,0.085,0,0,0,0,v
2014-06-24 13:24,6.819,0.078,0,0,0,0,v
2014-06-24 13:30,6.840,0.078,0,0,0,0,v
2014-06-24 13:36,6.824,0.088,0,0,0,0,v
2014-06-24 13:42,6.797,0.087,0,0,0,0,v
2014-06-24 13:48,6.780,0.089,0,0,0,0,v
2014-06-24 13:54,6.774,0.080,0,0,0,0,v
2014-06-24 14:00,6.775,0.087,0,0,0,0,v
2014-06-24 14:06,6.781,0.081,0,0,0,0,v
2014-06-24 14:12,6.764,0.094,0,0,0,0,v
2014-06-24 14:18,6.767,0.074,0,0,0,0,v
2014-06-24 14:24,6.753,0.078,0,0,0,0,v
2014-06-24 14:30,6.772,0.072,0,0,0,0,v
2014-06-24 14:36,6.762,0.079,0,0,0,0,v
2014-06-24 14:42,6.747,0.062,0,0,0,0,v
2014-06-24 14:48,6.712,0.089,0,0,0,0,v
2014-06-24 14:54,6.726,0.090,0,0,0,0,v
2014-06-24 15:00,6.727,0.079,0,0,0,0,v
2014-06-24 15:06,6.744,0.074,0,0,0,0,v
2014-06-24 15:12,6.767,0.073,0,0,0,0,v
2014-06-24 15:18,6.751,0.081,0,0,0,0,v
2014-06-24 15:24,6.747,0.086,0,0,0,0,v
2014-06-24 15:30,6.743,0.087,0,0,0,0,v
2014-06-24 15:36,6.739,0.076,0,0,0,0,v
2014-06-24 15:42,6.745,0.079,0,0,0,0,v
2014-06-24 15:48,6.754,0.077,0,0,0,0,v
2014-06-24 15:54,6.762,0.071,0,0,0,0,v
2014-06-24 16:00,6.766,0.075,0,0,0,0,v
2014-06-24 16:06,6.763,0.083,0,0,0,0,v
2014-06-24 16:12,6.752,0.073,0,0,0,0,v
2014-06-24 16:18,6.747,0.072,0,0,0,0,v
2014-06-24 16:24,6.765,0.085,0,0,0,0,v
2014-06-24 16:30,6.755,0.072,0,0,0,0,v
2014-06-24 16:36,6.745,0.063,0,0,0,0,v
2014-06-24 16:42,6.734,0.073,0,0,0,0,v
2014-06-24 16:48,6.720,0.089,0,0,0,0,v
2014-06-24 16:54,6.723,0.089,0,0,0,0,v
2014-06-24 17:00,6.726,0.079,0,0,0,0,v
2014-06-24 17:06,6.738,0.070,0,0,0,0,v
2014-06-24 17:12,6.719,0.081,0,0,0,0,v
2014-06-24 17:18,6.721,0.095,0,0,0,0,v
2014-06-24 17:24,6.715,0.084,0,0,0,0,v
2014-06-24 17:30,6.719,0.086,0,0,0,0,v
2014-06-24 17:36,6.701,0.073,0,0,0,0,v
2014-06-24 17:42,6.714,0.071,0,0,0,0,v
2014-06-24 17:48,6.695,0.068,0,0,0,0,v
2014-06-24 17:54,6.719,0.076,0,0,0,0,v
2014-06-24 18:00,6.710,0.072,0,0,0,0,v
2014-06-24 18:06,6.715,0.078,0,0,0,0,v
2014-06-24 18:12,6.721,0.092,0,0,0,0,v
2014-06-24 18:18,6.701,0.075,0,0,0,0,v
2014-06-24 18:24,6.698,0.083,0,0,0,0,v
2014-06-24 18:30,6.703,0.083,0,0,0,0,v
2014-06-24 18:36,6.705,0.080,0,0,0,0,v
2014-06-24 18:42,6.708,0.075,0,0,0,0,v
2014-06-24 18:48,6.685,0.084,0,0,0,0,v
2014-06-24 18:54,6.687,0.080,0,0,0,0,v
2014-06-24 19:00,6.672,0.084,0,0,0,0,v
2014-06-24 19:06,6.679,0.067,0,0,0,0,v
2014-06-24 19:12,6.674,0.076,0,0,0,0,v
2014-06-24 19:18,6.671,0.085,0,0,0,0,v
2014-06-24 19:24,6.647,0.088,0,0,0,0,v
2014-06-24 19:30,6.643,0.080,0,0,0,0,v
2014-06-24 19:36,6.630,0.076,0,0,0,0,v
2014-06-24 19:42,6.616,0.085,0,0,0,0,v
2014-06-24 19:48,6.597,0.085,0,0,0,0,v
2014-06-24 19:54,6.587,0.090,0,0,0,0,v
2014-06-24 20:00,6.570,0.087,0,0,0,0,v
2014-06-24 20:06,6.578,0.079,0,0,0,0,v
2014-06-24 20:12,6.554,0.108,0,0,0,0,v
2014-06-24 20:18,6.561,0.100,0,0,0,0,v
2014-06-24 20:24,6.560,0.076,0,0,0,0,v
2014-06-24 20:30,6.547,0.093,0,0,0,0,v
2014-06-24 20:36,6.532,0.076,0,0,0,0,v
2014-06-24 20:42,6.535,0.081,0,0,0,0,v
2014-06-24 20:48,6.516,0.072,0,0,0,0,v
2014-06-24 20:54,6.520,0.076,0,0,0,0,v
2014-06-24 21:00,6.504,0.060,0,0,0,0,v
2014-06-24 21:06,6.492,0.078,0,0,0,0,v
2014-06-24 21:12,6.486,0.086,0,0,0,0,v
2014-06-24 21:18,6.488,0.076,0,0,0,0,v
2014-06-24 21:24,6.484,0.067,0,0,0,0,v
2014-06-24 21:30,6.463,0.083,0,0,0,0,v
2014-06-24 21:36,6.457,0.088,0,0,0,0,v
2014-06-24 21:42,6.448,0.068,0,0,0,0,v
2014-06-24 21:48,6.435,0.083,0,0,0,0,v
2014-06-24 21:54,6.411,0.084,0,0,0,0,v
2014-06-24 22:00,6.426,0.074,0,0,0,0,v
2014-06-24 22:06,6.450,0.075,0,0,0,0,v
2014-06-24 22:12,6.433,0.061,0,0,0,0,v
2014-06-24 22:18,6.431,0.085,0,0,0,0,v
2014-06-24 22:24,6.430,0.071,0,0,0,0,v
2014-06-24 22:30,6.423,0.087,0,0,0,0,v
2014-06-24 22:36,6.433,0.083,0,0,0,0,v
2014-06-24 22:42,6.413,0.064,0,0,0,0,v
2014-06-24 22:48,6.411,0.071,0,0,0,0,v
2014-06-24 22:54,6.424,0.075,0,0,0,0,v
2014-06-24 23:00,6.408,0.076,0,0,0,0,v
2014-06-24 23:06,6.401,0.088,0,0,0,0,v
2014-06-24 23:12,6.396,0.093,0,0,0,0,v
2014-06-24 23:18,6.389,0.077,0,0,0,0,v
2014-06-24 23:24,6.381,0.076,0,0,0,0,v
2014-06-24 23:30,6.380,0.066,0,0,0,0,v
2014-06-24 23:36,6.358,0.079,0,0,0,0,v
2014-06-24 23:42,6.357,0.073,0,0,0,0,v
2014-06-24 23:48,6.360,0.101,0,0,0,0,v
2014-06-24 23:54,6.380,0.091,0,0,0,0,v
2014-06-25 00:00,6.362,0.079,0,0,0,0,v
2014-06-25 00:06,6.345,0.083,0,0,0,0,v
2014-06-25 00:12,6.345,0.079,0,0,0,0,v
2014-06-25 00:18,6.331,0.105,0,0,0,0,v
2014-06-25 00:24,6.331,0.084,0,0,0,0,v
2014-06-25 00:30,6.331,0.068,0,0,0,0,v
2014-06-25 00:36,6.287,0.075,0,0,0,0,v
2014-06-25 00:42,6.292,0.097,0,0,0,0,v
2014-06-25 00:48,6.313,0.106,0,0,0,0,v
2014-06-25 00:54,6.314,0.094,0,0,0,0,v
2014-06-25 01:00,6.335,0.089,0,0,0,0,v
2014-06-25 01:06,6.342,0.077,0,0,0,0,v
2014-06-25 01:12,6.346,0.100,0,0,0,0,v
2014-06-25 01:18,6.350,0.079,0,0,0,0,v
2014-06-25 01:24,6.361,0.080,0,0,0,0,v
2014-06-25 01:30,6.330,0.071,0,0,0,0,v
2014-06-25 01:36,6.322,0.081,0,0,0,0,v
2014-06-25 01:42,6.327,0.076,0,0,0,0,v
2014-06-25 01:48,6.322,0.072,0,0,0,0,v
2014-06-25 01:54,6.344,0.077,0,0,0,0,v
2014-06-25 02:00,6.366,0.080,0,0,0,0,v
2014-06-25 02:06,6.338,0.073,0,0,0,0,v
2014-06-25 02:12,6.337,0.080,0,0,0,0,v
2014-06-25 02:18,6.358,0.076,0,0,0,0,v
2014-06-25 02:24,6.364,0.061,0,0,0,0,v
2014-06-25 02:30,6.394,0.089,0,0,0,0,v
2014-06-25 02:36,6.395,0.077,0,0,0,0,v
2014-06-25 02:42,6.396,0.080,0,0,0,0,v
2014-06-25 02:48,6.402,0.079,0,0,0,0,v
2014-06-25 02:54,6.418,0.065,0,0,0,0,v
2014-06-25 03:00,6.416,0.080,0,0,0,0,v
2014-06-25 03:06,6.433,0.073,0,0,0,0,v
2014-06-25 03:12,6.446,0.075,0,0,0,0,v
2014-06-25 03:18,6.456,0.078,0,0,0,0,v
2014-06-25 03:24,6.463,0.083,0,0,0,0,v
2014-06-25 03:30,6.485,0.084,0,0,0,0,v
2014-06-25 03:36,6.486,0.063,0,0,0,0,v
2014-06-25 03:42,6.460,0.086,0,0,0,0,v
2014-06-25 03:48,6.477,0.071,0,0,0,0,v
2014-06-25 03:54,6.482,0.067,0,0,0,0,v
2014-06-25 04:00,6.497,0.063,0,0,0,0,v
2014-06-25 04:06,6.510,0.061,0,0,0,0,v
2014-06-25 04:12,6.506,0.064,0,0,0,0,v
2014-06-25 04:18,6.528,0.063,0,0,0,0,v
2014-06-25 04:24,6.553,0.079,0,0,0,0,v
2014-06-25 04:30,6.548,0.070,0,0,0,0,v
2014-06-25 04:36,6.575,0.075,0,0,0,0,v
2014-06-25 04:42,6.573,0.066,0,0,0,0,v
2014-06-25 04:48,6.585,0.069,0,0,0,0,v
2014-06-25 04:54,6.583,0.075,0,0,0,0,v
2014-06-25 05:00,6.579,0.069,0,0,0,0,v
2014-06-25 05:06,6.587,0.073,0,0,0,0,v
2014-06-25 05:12,6.593,0.082,0,0,0,0,v
2014-06-25 05:18,6.613,0.087,0,0,0,0,v
2014-06-25 05:24,6.648,0.069,0,0,0,0,v
2014-06-25 05:30,6.676,0.075,0,0,0,0,v
2014-06-25 05:36,6.681,0.069,0,0,0,0,v
2014-06-25 05:42,6.644,0.063,0,0,0,0,v
2014-06-25 05:48,6.645,0.073,0,0,0,0,v
2014-06-25 05:54,6.672,0.087,0,0,0,0,v
2014-06-25 06:00,6.704,0.072,0,0,0,0,v
2014-06-25 06:06,6.715,0.085,0,0,0,0,v
2014-06-25 06:12,6.744,0.059,0,0,0,0,v
2014-06-25 06:18,6.761,0.086,0,0,0,0,v
2014-06-25 06:24,6.751,0.066,0,0,0,0,v
2014-06-25 06:30,6.765,0.079,0,0,0,0,v
2014-06-25 06:36,6.780,0.064,0,0,0,0,v
2014-06-25 06:42,6.794,0.074,0,0,0,0,v
2014-06-25 06:48,6.779,0.085,0,0,0,0,v
2014-06-25 06:54,6.815,0.067,0,0,0,0,v
2014-06-25 07:00,6.819,0.068,0,0,0,0,v
2014-06-25 07:06,6.799,0.062,0,0,0,0,v
2014-06-25 07:12,6.822,0.079,0,0,0,0,v
2014-06-25 07:18,6.835,0.066,0,0,0,0,v
2014-06-25 07:24,6.826,0.070,0,0,0,0,v
2014-06-25 07:30,6.820,0.068,0,0,0,0,v
2014-06-25 07:36,6.830,0.081,0,0,0,0,v
2014-06-25 07:42,6.830,0.078,0,0,0,0,v
2014-06-25 07:48,6.862,0.062,0,0,0,0,v
2014-06-25 07:54,6.861,0.070,0,0,0,0,v
2014-06-25 08:00,6.859,0.065,0,0,0,0,v
2014-06-25 08:06,6.872,0.061,0,0,0,0,v
2014-06-25 08:12,6.885,0.082,0,0,0,0,v
2014-06-25 08:18,6.872,0.077,0,0,0,0,v
2014-06-25 08:24,6.863,0.077,0,0,0,0,v
2014-06-25 08:30,6.902,0.071,0,0,0,0,v
2014-06-25 08:36,6.892,0.073,0,0,0,0,v
2014-06-25 08:42,6.901,0.070,0,0,0,0,v
2014-06-25 08:48,6.874,0.070,0,0,0,0,v
2014-06-25 08:54,6.881,0.074,0,0,0,0,v
2014-06-25 09:00,6.886,0.068,0,0,0,0,v
2014-06-25 09:06,6.882,0.081,0,0,0,0,v
2014-06-25 09:12,6.894,0.072,0,0,0,0,v
2014-06-25 09:18,6.899,0.072,0,0,0,0,v
2014-06-25 09:24,6.886,0.062,0,0,0,0,v
2014-06-25 09:30,6.909,0.073,0,0,0,0,v
2014-06-25 09:36,6.908,0.065,0,0,0,0,v
2014-06-25 09:42,6.914,0.067,0,0,0,0,v
2014-06-25 09:48,6.910,0.087,0,0,0,0,v
2014-06-25 09:54,6.914,0.057,0,0,0,0,v
2014-06-25 10:00,6.898,0.079,0,0,0,0,v
2014-06-25 10:06,6.907,0.068,0,0,0,0,v
2014-06-25 10:12,6.902,0.080,0,0,0,0,v
2014-06-25 10:18,6.892,0.089,0,0,0,0,v
2014-06-25 10:24,6.891,0.071,0,0,0,0,v
2014-06-25 10:30,6.883,0.071,0,0,0,0,v
2014-06-25 10:36,6.885,0.092,0,0,0,0,v
2014-06-25 10:42,6.884,0.073,0,0,0,0,v
2014-06-25 10:48,6.871,0.088,0,0,0,0,v
2014-06-25 10:54,6.891,0.079,0,0,0,0,v
2014-06-25 11:00,6.907,0.071,0,0,0,0,v
2014-06-25 11:06,6.891,0.077,0,0,0,0,v
2014-06-25 11:12,6.872,0.082,0,0,0,0,v
2014-06-25 11:18,6.865,0.072,0,0,0,0,v
2014-06-25 11:24,6.844,0.085,0,0,0,0,v
2014-06-25 11:30,6.879,0.072,0,0,0,0,v
2014-06-25 11:36,6.890,0.075,0,0,0,0,v
2014-06-25 11:42,6.872,0.076,0,0,0,0,v
2014-06-25 11:48,6.882,0.079,0,0,0,0,v
2014-06-25 11:54,6.890,0.097,0,0,0,0,v
2014-06-25 12:00,6.899,0.073,0,0,0,0,v
2014-06-25 12:06,6.892,0.082,0,0,0,0,v
2014-06-25 12:12,6.893,0.084,0,0,0,0,v
2014-06-25 12:18,6.901,0.090,0,0,0,0,v
2014-06-25 12:24,6.904,0.093,0,0,0,0,v
2014-06-25 12:30,6.894,0.095,0,0,0,0,v
2014-06-25 12:36,6.889,0.077,0,0,0,0,v
2014-06-25 12:42,6.871,0.092,0,0,0,0,v
2014-06-25 12:48,6.860,0.081,0,0,0,0,v
2014-06-25 12:54,6.842,0.086,0,0,0,0,v
2014-06-25 13:00,6.841,0.097,0,0,0,0,v
2014-06-25 13:06,6.850,0.084,0,0,0,0,v
2014-06-25 13:12,6.843,0.092,0,0,0,0,v
2014-06-25 13:18,6.821,0.076,0,0,0,0,v
2014-06-25 13:24,6.824,0.084,0,0,0,0,v
2014-06-25 13:30,6.847,0.086,0,0,0,0,v
2014-06-25 13:36,6.849,0.098,0,0,0,0,v
2014-06-25 13:42,6.842,0.095,0,0,0,0,v
2014-06-25 13:48,6.851,0.095,0,0,0,0,v
2014-06-25 13:54,6.839,0.085,0,0,0,0,v
2014-06-25 14:00,6.827,0.096,0,0,0,0,v
2014-06-25 14:06,6.828,0.080,0,0,0,0,v
2014-06-25 14:12,6.849,0.073,0,0,0,0,v
2014-06-25 14:18,6.843,0.101,0,0,0,0,v
2014-06-25 14:24,6.844,0.084,0,0,0,0,v
2014-06-25 14:30,6.851,0.083,0,0,0,0,v
2014-06-25 14:36,6.831,0.085,0,0,0,0,v
2014-06-25 14:42,6.817,0.120,0,0,0,0,v
2014-06-25 14:48,6.819,0.109,0,0,0,0,v
2014-06-25 14:54,6.809,0.088,0,0,0,0,v
2014-06-25 15:00,6.808,0.091,0,0,0,0,v
2014-06-25 15:06,6.795,0.102,0,0,0,0,v
2014-06-25 15:12,6.808,0.107,0,0,0,0,v
2014-06-25 15:18,6.801,0.076,0,0,0,0,v
2014-06-25 15:24,6.810,0.094,0,0,0,0,v
2014-06-25 15:30,6.790,0.094,0,0,0,0,v
2014-06-25 15:36,6.808,0.102,0,0,0,0,v
2014-06-25 15:42,6.782,0.091,0,0,0,0,v
2014-06-25 15:48,6.744,0.097,0,0,0,0,v
2014-06-25 15:54,6.755,0.100,0,0,0,0,v
2014-06-25 16:00,6.743,0.091,0,0,0,0,v
2014-06-25 16:06,6.789,0.098,0,0,0,0,v
2014-06-25 16:12,6.816,0.095,0,0,0,0,v
2014-06-25 16:18,6.789,0.106,0,0,0,0,v
2014-06-25 16:24,6.774,0.117,0,0,0,0,v
2014-06-25 16:30,6.759,0.127,0,0,0,0,v
2014-06-25 16:36,6.756,0.096,0,0,0,0,v
2014-06-25 16:42,6.779,0.116,0,0,0,0,v
2014-06-25 16:48,6.808,0.114,0,0,0,0,v
2014-06-25 16:54,6.781,0.113,0,0,0,0,v
2014-06-25 17:00,6.791,0.122,0,0,0,0,v
2014-06-25 17:06,6.773,0.109,0,0,0,0,v
2014-06-25 17:12,6.773,0.120,0,0,0,0,v
2014-06-25 17:18,6.756,0.116,0,0,0,0,v
2014-06-25 17:24,6.768,0.093,0,0,0,0,v
2014-06-25 17:30,6.740,0.097,0,0,0,0,v
2014-06-25 17:36,6.698,0.114,0,0,0,0,v
2014-06-25 17:42,6.690,0.099,0,0,0,0,v
2014-06-25 17:48,6.678,0.116,0,0,0,0,v
2014-06-25 17:54,6.694,0.115,0,0,0,0,v
2014-06-25 18:00,6.687,0.129,0,0,0,0,v
2014-06-25 18:06,6.699,0.104,0,0,0,0,v
2014-06-25 18:12,6.747,0.091,0,0,0,0,v
2014-06-25 18:18,6.733,0.112,0,0,0,0,v
2014-06-25 18:24,6.698,0.099,0,0,0,0,v
2014-06-25 18:30,6.737,0.104,0,0,0,0,v
2014-06-25 18:36,6.753,0.135,0,0,0,0,v
2014-06-25 18:42,6.734,0.113,0,0,0,0,v
2014-06-25 18:48,6.753,0.126,0,0,0,0,v
2014-06-25 18:54,6.760,0.119,0,0,0,0,v
2014-06-25 19:00,6.765,0.102,0,0,0,0,v
2014-06-25 19:06,6.790,0.099,0,0,0,0,v
2014-06-25 19:12,6.787,0.107,0,0,0,0,v
2014-06-25 19:18,6.802,0.107,0,0,0,0,v
2014-06-25 19:24,6.713,0.125,0,0,0,0,v
2014-06-25 19:30,6.725,0.102,0,0,0,0,v
2014-06-25 19:36,6.702,0.105,0,0,0,0,v
2014-06-25 19:42,6.715,0.115,0,0,0,0,v
2014-06-25 19:48,6.764,0.093,0,0,0,0,v
2014-06-25 19:54,6.732,0.098,0,0,0,0,v
2014-06-25 20:00,6.714,0.102,0,0,0,0,v
2014-06-25 20:06,6.719,0.108,0,0,0,0,v
2014-06-25 20:12,6.772,0.098,0,0,0,0,v
2014-06-25 20:18,6.797,0.093,0,0,0,0,v
2014-06-25 20:24,6.737,0.116,0,0,0,0,v
2014-06-25 20:30,6.693,0.093,0,0,0,0,v
2014-06-25 20:36,6.673,0.094,0,0,0,0,v
2014-06-25 20:42,6.688,0.094,0,0,0,0,v
2014-06-25 20:48,6.632,0.110,0,0,0,0,v
2014-06-25 20:54,6.605,0.101,0,0,0,0,v
2014-06-25 21:00,6.578,0.094,0,0,0,0,v
2014-06-25 21:06,6.560,0.098,0,0,0,0,v
2014-06-25 21:12,6.488,0.092,0,0,0,0,v
2014-06-25 21:18,6.474,0.111,0,0,0,0,v
2014-06-25 21:24,6.502,0.093,0,0,0,0,v
2014-06-25 21:30,6.483,0.113,0,0,0,0,v
2014-06-25 21:36,6.566,0.093,0,0,0,0,v
2014-06-25 21:42,6.607,0.097,0,0,0,0,v
2014-06-25 21:48,6.493,0.101,0,0,0,0,v
2014-06-25 21:54,6.518,0.109,0,0,1,0,v
2014-06-25 22:00,6.528,0.113,0,0,0,0,v
2014-06-25 22:06,6.452,0.101,0,0,0,0,v
2014-06-25 22:12,6.343,0.096,0,0,0,0,v
2014-06-25 22:18,6.356,0.089,0,0,0,0,v
2014-06-25 22:24,6.403,0.088,0,0,0,0,v
2014-06-25 22:30,6.424,0.088,0,0,0,0,v
2014-06-25 22:36,6.463,0.093,0,0,0,0,v
2014-06-25 22:42,6.424,0.093,0,0,0,0,v
2014-06-25 22:48,6.357,0.109,0,0,0,0,v
2014-06-25 22:54,6.425,0.093,0,0,0,0,v
2014-06-25 23:00,6.409,0.114,0,0,0,0,v
2014-06-25 23:06,6.395,0.108,0,0,0,0,v
2014-06-25 23:12,6.414,0.104,0,0,0,0,v
2014-06-25 23:18,6.431,0.104,0,0,0,0,v
2014-06-25 23:24,6.425,0.120,0,0,0,0,v
2014-06-25 23:30,6.394,0.088,0,0,0,0,v
2014-06-25 23:36,6.303,0.117,0,0,0,0,v
2014-06-25 23:42,6.319,0.104,0,0,0,0,v
2014-06-25 23:48,6.338,0.112,0,0,0,0,v
2014-06-25 23:54,6.369,0.094,0,0,0,0,v
2014-06-26 00:00,6.350,0.117,0,0,0,0,v
2014-06-26 00:06,6.351,0.120,0,0,0,0,v
2014-06-26 00:12,6.364,0.111,0,0,0,0,v
2014-06-26 00:18,6.326,0.104,0,0,0,0,v
2014-06-26 00:24,6.349,0.116,0,0,0,0,v
2014-06-26 00:30,6.354,0.102,0,0,0,0,v
2014-06-26 00:36,6.355,0.110,0,0,0,0,v
2014-06-26 00:42,6.359,0.098,0,0,0,0,v
2014-06-26 00:48,6.346,0.113,0,0,0,0,v
2014-06-26 00:54,6.361,0.104,0,0,0,0,v
2014-06-26 01:00,6.345,0.115,0,0,0,0,v
2014-06-26 01:06,6.333,0.124,0,0,0,0,v
2014-06-26 01:12,6.355,0.113,0,0,0,0,v
2014-06-26 01:18,6.378,0.104,0,0,0,0,v
2014-06-26 01:24,6.404,0.102,0,0,0,0,v
2014-06-26 01:30,6.381,0.130,0,0,0,0,v
2014-06-26 01:36,6.373,0.135,0,0,0,0,v
2014-06-26 01:42,6.337,0.099,0,0,0,0,v
2014-06-26 01:48,6.378,0.096,0,0,0,0,v
2014-06-26 01:54,6.383,0.097,0,0,0,0,v
2014-06-26 02:00,6.318,0.109,0,0,0,0,v
2014-06-26 02:06,6.316,0.105,0,0,0,0,v
2014-06-26 02:12,6.303,0.110,0,0,0,0,v
2014-06-26 02:18,6.277,0.099,0,0,0,0,v
2014-06-26 02:24,6.252,0.100,0,0,0,0,v
2014-06-26 02:30,6.273,0.088,0,0,0,0,v
2014-06-26 02:36,6.317,0.097,0,0,0,0,v
2014-06-26 02:42,6.336,0.097,0,0,0,0,v
2014-06-26 02:48,6.338,0.099,0,0,0,0,v
2014-06-26 02:54,6.316,0.119,0,0,0,0,v
2014-06-26 03:00,6.329,0.098,0,0,0,0,v
2014-06-26 03:06,6.367,0.097,0,0,0,0,v
2014-06-26 03:12,6.379,0.102,0,0,0,0,v
2014-06-26 03:18,6.368,0.106,0,0,0,0,v
2014-06-26 03:24,6.355,0.102,0,0,0,0,v
2014-06-26 03:30,6.338,0.076,0,0,0,0,v
2014-06-26 03:36,6.297,0.098,0,0,0,0,v
2014-06-26 03:42,6.292,0.102,0,0,0,0,v
2014-06-26 03:48,6.331,0.086,0,0,0,0,v
2014-06-26 03:54,6.341,0.084,0,0,0,0,v
2014-06-26 04:00,6.395,0.088,0,0,0,0,v
2014-06-26 04:06,6.424,0.096,0,0,0,0,v
2014-06-26 04:12,6.427,0.089,0,0,0,0,v
2014-06-26 04:18,6.444,0.092,0,0,0,0,v
2014-06-26 04:24,6.474,0.085,0,0,0,0,v
2014-06-26 04:30,6.533,0.092,0,0,0,0,v
2014-06-26 04:36,6.569,0.105,0,0,0,0,v
2014-06-26 04:42,6.585,0.097,0,0,0,0,v
2014-06-26 04:48,6.637,0.102,0,0,0,0,v
2014-06-26 04:54,6.621,0.091,0,0,0,0,v
2014-06-26 05:00,6.598,0.095,0,0,0,0,v
2014-06-26 05:06,6.589,0.081,0,0,0,0,v
2014-06-26 05:12,6.589,0.078,0,0,0,0,v
2014-06-26 05:18,6.615,0.092,0,0,0,0,v
2014-06-26 05:24,6.608,0.083,0,0,0,0,v
2014-06-26 05:30,6.605,0.099,0,0,0,0,v
2014-06-26 05:36,6.615,0.089,0,0,0,0,v
2014-06-26 05:42,6.644,0.085,0,0,0,0,v
2014-06-26 05:48,6.673,0.105,0,0,0,0,v
2014-06-26 05:54,6.700,0.088,0,0,0,0,v
2014-06-26 06:00,6.721,0.096,0,0,0,0,v
2014-06-26 06:06,6.757,0.112,0,0,0,0,v
2014-06-26 06:12,6.770,0.100,0,0,0,0,v
2014-06-26 06:18,6.809,0.099,0,0,0,0,v
2014-06-26 06:24,6.817,0.082,0,0,0,0,v
2014-06-26 06:30,6.802,0.102,0,0,0,0,v
2014-06-26 06:36,6.806,0.109,0,0,0,0,v
2014-06-26 06:42,6.810,0.122,0,0,0,0,v
2014-06-26 06:48,6.798,0.100,0,0,0,0,v
2014-06-26 06:54,6.815,0.095,0,0,0,0,v
2014-06-26 07:00,6.818,0.105,0,0,0,0,v
2014-06-26 07:06,6.812,0.106,0,0,0,0,v
2014-06-26 07:12,6.835,0.109,0,0,0,0,v
2014-06-26 07:18,6.834,0.099,0,0,0,0,v
2014-06-26 07:24,6.837,0.128,0,0,0,0,v
2014-06-26 07:30,6.863,0.111,0,0,0,0,v
2014-06-26 07:36,6.878,0.110,0,0,0,0,v
2014-06-26 07:42,6.890,0.130,0,0,0,0,v
2014-06-26 07:48,6.931,0.101,0,0,0,0,v
2014-06-26 07:54,6.938,0.093,0,0,0,0,v
2014-06-26 08:00,6.920,0.122,0,0,0,0,v
2014-06-26 08:06,6.882,0.116,0,0,0,0,v
2014-06-26 08:12,6.921,0.117,0,0,0,0,v
2014-06-26 08:18,6.906,0.126,0,0,0,0,v
2014-06-26 08:24,6.902,0.120,0,0,0,0,v
2014-06-26 08:30,6.905,0.135,0,0,0,0,v
2014-06-26 08:36,6.925,0.118,0,0,0,0,v
2014-06-26 08:42,6.954,0.132,0,0,0,0,v
2014-06-26 08:48,6.995,0.084,0,0,0,0,v
2014-06-26 08:54,6.992,0.149,0,0,0,0,v
2014-06-26 09:00,6.984,0.127,0,0,0,0,v
2014-06-26 09:06,6.979,0.117,0,0,0,0,v
2014-06-26 09:12,6.974,0.100,0,0,0,0,v
2014-06-26 09:18,6.960,0.112,0,0,0,0,v
2014-06-26 09:24,6.973,0.129,0,0,0,0,v
2014-06-26 09:30,6.998,0.129,0,0,0,0,v
2014-06-26 09:36,7.015,0.140,0,0,0,0,v
2014-06-26 09:42,6.984,0.127,0,0,0,0,v
2014-06-26 09:48,6.983,0.125,0,0,0,0,v
2014-06-26 09:54,6.989,0.149,0,0,0,0,v
2014-06-26 10:00,6.975,0.101,0,0,0,0,v
2014-06-26 10:06,6.949,0.108,0,0,0,0,v
2014-06-26 10:12,6.933,0.138,0,0,0,0,v
2014-06-26 10:18,6.946,0.144,0,0,0,0,v
2014-06-26 10:24,6.971,0.148,0,0,0,0,v
2014-06-26 10:30,6.978,0.123,0,0,0,0,v
2014-06-26 10:36,7.006,0.148,0,0,0,0,v
2014-06-26 10:42,7.030,0.133,0,0,0,0,v
2014-06-26 10:48,7.002,0.119,0,0,0,0,v
2014-06-26 10:54,7.029,0.126,0,0,0,0,v
2014-06-26 11:00,7.020,0.134,0,0,0,0,v
2014-06-26 11:06,7.009,0.135,0,0,0,0,v
2014-06-26 11:12,7.008,0.112,0,0,0,0,v
2014-06-26 11:18,6.949,0.131,0,0,0,0,v
2014-06-26 11:24,6.933,0.147,0,0,0,0,v
2014-06-26 11:30,6.926,0.105,0,0,0,0,v
2014-06-26 11:36,6.934,0.131,0,0,0,0,v
2014-06-26 11:42,6.953,0.134,0,0,0,0,v
2014-06-26 11:48,6.930,0.138,0,0,0,0,v
2014-06-26 11:54,6.871,0.161,0,0,0,0,v
2014-06-26 12:00,6.885,0.122,0,0,0,0,v
2014-06-26 12:06,6.955,0.148,0,0,0,0,v
2014-06-26 12:12,6.966,0.129,0,0,0,0,v
2014-06-26 12:18,7.005,0.133,0,0,0,0,v
2014-06-26 12:24,7.030,0.136,0,0,0,0,v
2014-06-26 12:30,7.023,0.141,0,0,0,0,v
2014-06-26 12:36,7.042,0.129,0,0,0,0,v
2014-06-26 12:42,6.994,0.155,0,0,0,0,v
2014-06-26 12:48,7.103,0.129,0,0,0,0,v
2014-06-26 12:54,7.059,0.130,0,0,1,0,v
2014-06-26 13:00,6.948,0.147,0,0,0,0,v
2014-06-26 13:06,6.937,0.161,0,0,0,0,v
2014-06-26 13:12,6.926,0.116,0,0,0,0,v
2014-06-26 13:18,6.885,0.152,0,0,0,0,v
2014-06-26 13:24,6.869,0.144,0,0,0,0,v
2014-06-26 13:30,6.913,0.144,0,0,0,0,v
2014-06-26 13:36,6.914,0.136,0,0,0,0,v
2014-06-26 13:42,6.908,0.122,0,0,0,0,v
2014-06-26 13:48,6.932,0.163,0,0,0,0,v
2014-06-26 13:54,6.938,0.138,0,0,0,0,v
2014-06-26 14:00,6.925,0.164,0,0,0,0,v
2014-06-26 14:06,6.965,0.132,0,0,0,0,v
2014-06-26 14:12,7.017,0.140,0,0,0,0,v
2014-06-26 14:18,7.007,0.153,0,0,0,0,v
2014-06-26 14:24,6.981,0.137,0,0,0,0,v
2014-06-26 14:30,7.009,0.165,0,0,0,0,v
2014-06-26 14:36,6.960,0.150,0,0,0,0,v
2014-06-26 14:42,6.939,0.138,0,0,0,0,v
2014-06-26 14:48,6.896,0.147,0,0,0,0,v
2014-06-26 14:54,6.918,0.166,0,0,0,0,v
2014-06-26 15:00,6.913,0.131,0,0,0,0,v
2014-06-26 15:06,6.907,0.152,0,0,0,0,v
2014-06-26 15:12,6.821,0.157,0,0,0,0,v
2014-06-26 15:18,6.760,0.136,0,0,0,0,v
2014-06-26 15:24,6.770,0.131,0,0,0,0,v
2014-06-26 15:30,6.765,0.134,0,0,0,0,v
2014-06-26 15:36,6.777,0.142,0,0,0,0,v
2014-06-26 15:42,6.764,0.166,0,0,0,0,v
2014-06-26 15:48,6.764,0.147,0,0,0,0,v
2014-06-26 15:54,6.792,0.161,0,0,0,0,v
2014-06-26 16:00,6.814,0.137,0,0,0,0,v
2014-06-26 16:06,6.796,0.151,0,0,0,0,v
2014-06-26 16:12,6.786,0.134,0,0,0,0,v
2014-06-26 16:18,6.840,0.128,0,0,0,0,v
2014-06-26 16:24,6.816,0.147,0,0,0,0,v
2014-06-26 16:30,6.809,0.161,0,0,0,0,v
2014-06-26 16:36,6.851,0.138,0,0,0,0,v
2014-06-26 16:42,6.815,0.154,0,0,0,0,v
2014-06-26 16:48,6.826,0.141,0,0,0,0,v
2014-06-26 16:54,6.811,0.172,0,0,0,0,v
2014-06-26 17:00,6.809,0.155,0,0,0,0,v
2014-06-26 17:06,6.782,0.145,0,0,0,0,v
2014-06-26 17:12,6.785,0.128,0,0,0,0,v
2014-06-26 17:18,6.794,0.164,0,0,0,0,v
2014-06-26 17:24,6.791,0.142,0,0,0,0,v
2014-06-26 17:30,6.811,0.146,0,0,0,0,v
2014-06-26 17:36,6.835,0.132,0,0,0,0,v
2014-06-26 17:42,6.844,0.133,0,0,0,0,v
2014-06-26 17:48,6.854,0.151,0,0,0,0,v
2014-06-26 17:54,6.884,0.140,0,0,0,0,v
2014-06-26 18:00,6.880,0.135,0,0,0,0,v
2014-06-26 18:06,6.901,0.165,0,0,0,0,v
2014-06-26 18:12,6.888,0.136,0,0,0,0,v
2014-06-26 18:18,6.827,0.154,0,0,0,0,v
2014-06-26 18:24,6.841,0.133,0,0,0,0,v
2014-06-26 18:30,6.804,0.139,0,0,0,0,v
2014-06-26 18:36,6.802,0.120,0,0,0,0,v
2014-06-26 18:42,6.720,0.138,0,0,0,0,v
2014-06-26 18:48,6.727,0.143,0,0,0,0,v
2014-06-26 18:54,6.789,0.155,0,0,0,0,v
2014-06-26 19:00,6.785,0.154,0,0,0,0,v
2014-06-26 19:06,6.778,0.160,0,0,0,0,v
2014-06-26 19:12,6.782,0.134,0,0,0,0,v
2014-06-26 19:18,6.816,0.148,0,0,0,0,v
2014-06-26 19:24,6.769,0.134,0,0,0,0,v
2014-06-26 19:30,6.738,0.146,0,0,0,0,v
2014-06-26 19:36,6.755,0.135,0,0,0,0,v
2014-06-26 19:42,6.750,0.171,0,0,0,0,v
2014-06-26 19:48,6.730,0.170,0,0,0,0,v
2014-06-26 19:54,6.771,0.173,0,0,0,0,v
2014-06-26 20:00,6.742,0.157,0,0,0,0,v
2014-06-26 20:06,6.791,0.111,0,0,0,0,v
2014-06-26 20:12,6.785,0.157,0,0,0,0,v
2014-06-26 20:18,6.759,0.179,0,0,0,0,v
2014-06-26 20:24,6.763,0.139,0,0,0,0,v
2014-06-26 20:30,6.727,0.170,0,0,0,0,v
2014-06-26 20:36,6.694,0.137,0,0,0,0,v
2014-06-26 20:42,6.720,0.110,0,0,0,0,v
2014-06-26 20:48,6.740,0.135,0,0,0,0,v
2014-06-26 20:54,6.735,0.148,0,0,0,0,v
2014-06-26 21:00,6.762,0.141,0,0,0,0,v
2014-06-26 21:06,6.736,0.133,0,0,0,0,v
2014-06-26 21:12,6.722,0.138,0,0,0,0,v
2014-06-26 21:18,6.729,0.141,0,0,0,0,v
2014-06-26 21:24,6.686,0.132,0,0,0,0,v
2014-06-26 21:30,6.646,0.132,0,0,0,0,v
2014-06-26 21:36,6.625,0.143,0,0,0,0,v
2014-06-26 21:42,6.611,0.131,0,0,0,0,v
2014-06-26 21:48,6.633,0.112,0,0,0,0,v
2014-06-26 21:54,6.626,0.128,0,0,0,0,v
2014-06-26 22:00,6.612,0.125,0,0,0,0,v
2014-06-26 22:06,6.622,0.147,0,0,0,0,v
2014-06-26 22:12,6.637,0.144,0,0,0,0,v
2014-06-26 22:18,6.693,0.110,0,0,0,0,v
2014-06-26 22:24,6.709,0.142,0,0,0,0,v
2014-06-26 22:30,6.690,0.144,0,0,0,0,v
2014-06-26 22:36,6.662,0.146,0,0,0,0,v
2014-06-26 22:42,6.640,0.148,0,0,0,0,v
2014-06-26 22:48,6.579,0.155,0,0,0,0,v
2014-06-26 22:54,6.580,0.130,0,0,0,0,v
2014-06-26 23:00,6.579,0.126,0,0,0,0,v
2014-06-26 23:06,6.575,0.127,0,0,0,0,v
2014-06-26 23:12,6.599,0.131,0,0,0,0,v
2014-06-26 23:18,6.554,0.118,0,0,0,0,v
2014-06-26 23:24,6.553,0.149,0,0,0,0,v
2014-06-26 23:30,6.555,0.142,0,0,0,0,v
2014-06-26 23:36,6.520,0.136,0,0,0,0,v
2014-06-26 23:42,6.445,0.135,0,0,0,0,v
2014-06-26 23:48,6.475,0.118,0,0,0,0,v
2014-06-26 23:54,6.524,0.138,0,0,0,0,v
2014-06-27 00:00,6.512,0.128,0,0,0,0,v
2014-06-27 00:06,6.554,0.130,0,0,0,0,v
2014-06-27 00:12,6.536,0.117,0,0,0,0,v
2014-06-27 00:18,6.487,0.137,0,0,0,0,v
2014-06-27 00:24,6.477,0.129,0,0,0,0,v
2014-06-27 00:30,6.454,0.134,0,0,0,0,v
2014-06-27 00:36,6.441,0.117,0,0,0,0,v
2014-06-27 00:42,6.414,0.136,0,0,0,0,v
2014-06-27 00:48,6.401,0.115,0,0,0,0,v
2014-06-27 00:54,6.415,0.114,0,0,0,0,v
2014-06-27 01:00,6.379,0.114,0,0,0,0,v
2014-06-27 01:06,6.370,0.129,0,0,0,0,v
2014-06-27 01:12,6.383,0.111,0,0,0,0,v
2014-06-27 01:18,6.387,0.114,0,0,0,0,v
2014-06-27 01:24,6.381,0.117,0,0,0,0,v
2014-06-27 01:30,6.382,0.129,0,0,0,0,v
2014-06-27 01:36,6.409,0.125,0,0,0,0,v
2014-06-27 01:42,6.435,0.130,0,0,0,0,v
2014-06-27 01:48,6.441,0.128,0,0,0,0,v
2014-06-27 01:54,6.428,0.127,0,0,0,0,v
2014-06-27 02:00,6.438,0.148,0,0,0,0,v
2014-06-27 02:06,6.443,0.144,0,0,0,0,v
2014-06-27 02:12,6.466,0.138,0,0,0,0,v
2014-06-27 02:18,6.491,0.129,0,0,0,0,v
2014-06-27 02:24,6.463,0.126,0,0,0,0,v
2014-06-27 02:30,6.414,0.134,0,0,0,0,v
2014-06-27 02:36,6.419,0.139,0,0,0,0,v
2014-06-27 02:42,6.445,0.141,0,0,0,0,v
2014-06-27 02:48,6.484,0.124,0,0,0,0,v
2014-06-27 02:54,6.447,0.149,0,0,0,0,v
2014-06-27 03:00,6.446,0.124,0,0,0,0,v
2014-06-27 03:06,6.496,0.114,0,0,0,0,v
2014-06-27 03:12,6.510,0.142,0,0,0,0,v
2014-06-27 03:18,6.519,0.136,0,0,0,0,v
2014-06-27 03:24,6.496,0.122,0,0,0,0,v
2014-06-27 03:30,6.507,0.120,0,0,0,0,v
2014-06-27 03:36,6.534,0.120,0,0,0,0,v
2014-06-27 03:42,6.507,0.134,0,0,0,0,v
2014-06-27 03:48,6.555,0.139,0,0,0,0,v
2014-06-27 03:54,6.574,0.148,0,0,0,0,v
2014-06-27 04:00,6.585,0.159,0,0,0,0,v
2014-06-27 04:06,6.586,0.154,0,0,0,0,v
2014-06-27 04:12,6.586,0.139,0,0,0,0,v
2014-06-27 04:18,6.580,0.134,0,0,0,0,v
2014-06-27 04:24,6.580,0.135,0,0,0,0,v
2014-06-27 04:30,6.599,0.160,0,0,0,0,v
2014-06-27 04:36,6.595,0.141,0,0,0,0,v
2014-06-27 04:42,6.608,0.145,0,0,0,0,v
2014-06-27 04:48,6.606,0.157,0,0,0,0,v
2014-06-27 04:54,6.604,0.165,0,0,0,0,v
2014-06-27 05:00,6.619,0.154,0,0,0,0,v
2014-06-27 05:06,6.633,0.153,0,0,0,0,v
2014-06-27 05:12,6.640,0.134,0,0,0,0,v
2014-06-27 05:18,6.648,0.158,0,0,0,0,v
2014-06-27 05:24,6.604,0.166,0,0,0,0,v
2014-06-27 05:30,6.587,0.141,0,0,0,0,v
2014-06-27 05:36,6.615,0.171,0,0,0,0,v
2014-06-27 05:42,6.604,0.151,0,0,0,0,v
2014-06-27 05:48,6.607,0.137,0,0,0,0,v
2014-06-27 05:54,6.648,0.161,0,0,0,0,v
2014-06-27 06:00,6.659,0.173,0,0,0,0,v
2014-06-27 06:06,6.620,0.157,0,0,0,0,v
2014-06-27 06:12,6.653,0.139,0,0,0,0,v
2014-06-27 06:18,6.660,0.167,0,0,0,0,v
2014-06-27 06:24,6.709,0.166,0,0,0,0,v
2014-06-27 06:30,6.729,0.150,0,0,0,0,v
2014-06-27 06:36,6.733,0.165,0,0,0,0,v
2014-06-27 06:42,6.733,0.151,0,0,0,0,v
2014-06-27 06:48,6.722,0.146,0,0,0,0,v
2014-06-27 06:54,6.774,0.158,0,0,0,0,v
2014-06-27 07:00,6.780,0.154,0,0,0,0,v
2014-06-27 07:06,6.797,0.163,0,0,0,0,v
2014-06-27 07:12,6.801,0.149,0,0,0,0,v
2014-06-27 07:18,6.848,0.147,0,0,0,0,v
2014-06-27 07:24,6.838,0.158,0,0,0,0,v
2014-06-27 07:30,6.872,0.151,0,0,0,0,v
2014-06-27 07:36,6.884,0.165,0,0,0,0,v
2014-06-27 07:42,6.884,0.153,0,0,0,0,v
2014-06-27 07:48,6.894,0.141,0,0,0,0,v
2014-06-27 07:54,6.912,0.150,0,0,0,0,v
2014-06-27 08:00,6.897,0.161,0,0,0,0,v
2014-06-27 08:06,6.904,0.132,0,0,0,0,v
2014-06-27 08:12,6.898,0.146,0,0,0,0,v
2014-06-27 08:18,6.921,0.170,0,0,0,0,v
2014-06-27 08:24,6.939,0.135,0,0,0,0,v
2014-06-27 08:30,6.971,0.159,0,0,0,0,v
2014-06-27 08:36,7.002,0.142,0,0,0,0,v
2014-06-27 08:42,7.012,0.174,0,0,0,0,v
2014-06-27 08:48,7.029,0.161,0,0,0,0,v
2014-06-27 08:54,7.017,0.160,0,0,0,0,v
2014-06-27 09:00,7.025,0.155,0,0,0,0,v
2014-06-27 09:06,7.039,0.165,0,0,0,0,v
2014-06-27 09:12,6.992,0.168,0,0,0,0,v
2014-06-27 09:18,6.986,0.187,0,0,0,0,v
2014-06-27 09:24,7.026,0.177,0,0,0,0,v
2014-06-27 09:30,7.006,0.138,0,0,0,0,v
2014-06-27 09:36,7.018,0.161,0,0,0,0,v
2014-06-27 09:42,7.025,0.145,0,0,0,0,v
2014-06-27 09:48,7.027,0.159,0,0,0,0,v
2014-06-27 09:54,7.062,0.149,0,0,0,0,v
2014-06-27 10:00,7.064,0.154,0,0,0,0,v
2014-06-27 10:06,7.056,0.144,0,0,0,0,v
2014-06-27 10:12,7.051,0.175,0,0,0,0,v
2014-06-27 10:18,7.037,0.138,0,0,0,0,v
2014-06-27 10:24,7.033,0.140,0,0,0,0,v
2014-06-27 10:30,7.050,0.140,0,0,0,0,v
2014-06-27 10:36,7.063,0.145,0,0,0,0,v
2014-06-27 10:42,7.056,0.135,0,0,0,0,v
2014-06-27 10:48,7.071,0.149,0,0,0,0,v
2014-06-27 10:54,7.063,0.122,0,0,0,0,v
2014-06-27 11:00,7.088,0.167,0,0,0,0,v
2014-06-27 11:06,7.086,0.159,0,0,0,0,v
2014-06-27 11:12,7.081,0.155,0,0,0,0,v
2014-06-27 11:18,7.079,0.151,0,0,0,0,v
2014-06-27 11:24,7.083,0.142,0,0,0,0,v
2014-06-27 11:30,7.105,0.161,0,0,0,0,v
2014-06-27 11:36,7.093,0.136,0,0,0,0,v
2014-06-27 11:42,7.074,0.136,0,0,0,0,v
2014-06-27 11:48,7.093,0.148,0,0,0,0,v
2014-06-27 11:54,7.072,0.129,0,0,0,0,v
2014-06-27 12:00,7.088,0.140,0,0,0,0,v
2014-06-27 12:06,7.101,0.146,0,0,0,0,v
2014-06-27 12:12,7.059,0.131,0,0,0,0,v
2014-06-27 12:18,7.049,0.118,0,0,0,0,v
2014-06-27 12:24,7.012,0.159,0,0,0,0,v
2014-06-27 12:30,6.999,0.132,0,0,0,0,v
2014-06-27 12:36,7.001,0.131,0,0,0,0,v
2014-06-27 12:42,6.998,0.128,0,0,0,0,v
2014-06-27 12:48,6.988,0.121,0,0,0,0,v
2014-06-27 12:54,6.966,0.123,0,0,0,0,v
2014-06-27 13:00,7.007,0.141,0,0,0,0,v
2014-06-27 13:06,7.010,0.113,0,0,0,0,v
2014-06-27 13:12,6.980,0.150,0,0,0,0,v
2014-06-27 13:18,6.998,0.128,0,0,0,0,v
2014-06-27 13:24,6.996,0.119,0,0,0,0,v
2014-06-27 13:30,7.003,0.130,0,0,0,0,v
2014-06-27 13:36,7.051,0.141,0,0,0,0,v
2014-06-27 13:42,7.043,0.116,0,0,0,0,v
2014-06-27 13:48,7.022,0.126,0,0,0,0,v
2014-06-27 13:54,6.998,0.129,0,0,0,0,v
2014-06-27 14:00,6.998,0.126,0,0,0,0,v
2014-06-27 14:06,6.996,0.126,0,0,0,0,v
2014-06-27 14:12,6.983,0.110,0,0,0,0,v
2014-06-27 14:18,7.027,0.143,0,0,0,0,v
2014-06-27 14:24,7.027,0.124,0,0,0,0,v
2014-06-27 14:30,7.020,0.147,0,0,0,0,v
2014-06-27 14:36,7.013,0.124,0,0,0,0,v
2014-06-27 14:42,7.025,0.136,0,0,0,0,v
2014-06-27 14:48,7.040,0.138,0,0,0,0,v
2014-06-27 14:54,7.023,0.134,0,0,0,0,v
2014-06-27 15:00,7.005,0.139,0,0,0,0,v
2014-06-27 15:06,7.029,0.143,0,0,0,0,v
2014-06-27 15:12,7.029,0.142,0,0,0,0,v
2014-06-27 15:18,7.036,0.168,0,0,0,0,v
2014-06-27 15:24,7.024,0.134,0,0,0,0,v
2014-06-27 15:30,7.020,0.158,0,0,0,0,v
2014-06-27 15:36,7.008,0.125,0,0,0,0,v
2014-06-27 15:42,7.011,0.139,0,0,0,0,v
2014-06-27 15:48,6.965,0.144,0,0,0,0,v
2014-06-27 15:54,6.946,0.160,0,0,0,0,v
2014-06-27 16:00,6.982,0.122,0,0,0,0,v
2014-06-27 16:06,6.981,0.142,0,0,0,0,v
2014-06-27 16:12,6.990,0.135,0,0,0,0,v
2014-06-27 16:18,6.985,0.133,0,0,0,0,v
2014-06-27 16:24,6.978,0.145,0,0,0,0,v
2014-06-27 16:30,6.998,0.138,0,0,0,0,v
2014-06-27 16:36,6.958,0.148,0,0,0,0,v
2014-06-27 16:42,6.943,0.142,0,0,0,0,v
2014-06-27 16:48,6.941,0.113,0,0,0,0,v
2014-06-27 16:54,6.927,0.137,0,0,0,0,v
2014-06-27 17:00,6.916,0.149,0,0,0,0,v
2014-06-27 17:06,6.909,0.140,0,0,0,0,v
2014-06-27 17:12,6.893,0.152,0,0,0,0,v
2014-06-27 17:18,6.883,0.131,0,0,0,0,v
2014-06-27 17:24,6.878,0.153,0,0,0,0,v
2014-06-27 17:30,6.885,0.115,0,0,0,0,v
2014-06-27 17:36,6.885,0.130,0,0,0,0,v
2014-06-27 17:42,6.873,0.147,0,0,0,0,v
2014-06-27 17:48,6.888,0.143,0,0,0,0,v
2014-06-27 17:54,6.906,0.142,0,0,0,0,v
2014-06-27 18:00,6.912,0.134,0,0,0,0,v
2014-06-27 18:06,6.918,0.127,0,0,0,0,v
2014-06-27 18:12,6.917,0.136,0,0,0,0,v
2014-06-27 18:18,6.949,0.159,0,0,0,0,v
2014-06-27 18:24,6.929,0.147,0,0,0,0,v
2014-06-27 18:30,6.933,0.124,0,0,0,0,v
2014-06-27 18:36,6.901,0.127,0,0,0,0,v
2014-06-27 18:42,6.910,0.157,0,0,0,0,v
2014-06-27 18:48,6.928,0.177,0,0,0,0,v
2014-06-27 18:54,6.957,0.143,0,0,0,0,v
2014-06-27 19:00,6.941,0.128,0,0,0,0,v
2014-06-27 19:06,6.923,0.159,0,0,0,0,v
2014-06-27 19:12,6.919,0.150,0,0,0,0,v
2014-06-27 19:18,6.938,0.126,0,0,0,0,v
2014-06-27 19:24,6.957,0.132,0,0,0,0,v
2014-06-27 19:30,6.951,0.141,0,0,0,0,v
2014-06-27 19:36,6.955,0.135,0,0,0,0,v
2014-06-27 19:42,6.918,0.133,0,0,0,0,v
2014-06-27 19:48,6.911,0.150,0,0,0,0,v
2014-06-27 19:54,6.935,0.124,0,0,0,0,v
2014-06-27 20:00,6.935,0.124,0,0,0,0,v
2014-06-27 20:06,6.935,0.144,0,0,0,0,v
2014-06-27 20:12,6.959,0.151,0,0,0,0,v
2014-06-27 20:18,6.928,0.140,0,0,0,0,v
2014-06-27 20:24,6.898,0.139,0,0,0,0,v
2014-06-27 20:30,6.910,0.135,0,0,0,0,v
2014-06-27 20:36,6.912,0.136,0,0,0,0,v
2014-06-27 20:42,6.890,0.145,0,0,0,0,v
2014-06-27 20:48,6.855,0.148,0,0,0,0,v
2014-06-27 20:54,6.861,0.116,0,0,0,0,v
2014-06-27 21:00,6.866,0.092,0,0,0,0,v
2014-06-27 21:06,6.822,0.121,0,0,0,0,v
2014-06-27 21:12,6.808,0.130,0,0,0,0,v
2014-06-27 21:18,6.816,0.137,0,0,0,0,v
2014-06-27 21:24,6.843,0.126,0,0,0,0,v
2014-06-27 21:30,6.805,0.127,0,0,0,0,v
2014-06-27 21:36,6.813,0.131,0,0,0,0,v
2014-06-27 21:42,6.793,0.112,0,0,0,0,v
2014-06-27 21:48,6.756,0.144,0,0,0,0,v
2014-06-27 21:54,6.735,0.128,0,0,0,0,v
2014-06-27 22:00,6.735,0.117,0,0,0,0,v
2014-06-27 22:06,6.766,0.148,0,0,0,0,v
2014-06-27 22:12,6.733,0.116,0,0,0,0,v
2014-06-27 22:18,6.695,0.152,0,0,0,0,v
2014-06-27 22:24,6.698,0.125,0,0,0,0,v
2014-06-27 22:30,6.695,0.116,0,0,0,0,v
2014-06-27 22:36,6.701,0.122,0,0,0,0,v
2014-06-27 22:42,6.714,0.129,0,0,0,0,v
2014-06-27 22:48,6.701,0.121,0,0,0,0,v
2014-06-27 22:54,6.667,0.127,0,0,0,0,v
2014-06-27 23:00,6.665,0.136,0,0,0,0,v
2014-06-27 23:06,6.661,0.115,0,0,0,0,v
2014-06-27 23:12,6.669,0.123,0,0,0,0,v
2014-06-27 23:18,6.656,0.103,0,0,0,0,v
2014-06-27 23:24,6.641,0.121,0,0,0,0,v
2014-06-27 23:30,6.648,0.128,0,0,0,0,v
2014-06-27 23:36,6.622,0.131,0,0,0,0,v
2014-06-27 23:42,6.591,0.126,0,0,0,0,v
2014-06-27 23:48,6.621,0.134,0,0,0,0,v
2014-06-27 23:54,6.647,0.113,0,0,0,0,v
2014-06-28 00:00,6.666,0.122,0,0,0,0,v
2014-06-28 00:06,6.653,0.137,0,0,0,0,v
2014-06-28 00:12,6.620,0.148,0,0,0,0,v
2014-06-28 00:18,6.630,0.141,0,0,0,0,v
2014-06-28 00:24,6.608,0.125,0,0,0,0,v
2014-06-28 00:30,6.602,0.124,0,0,0,0,v
2014-06-28 00:36,6.613,0.110,0,0,0,0,v
2014-06-28 00:42,6.595,0.119,0,0,0,0,v
2014-06-28 00:48,6.588,0.120,0,0,0,0,v
2014-06-28 00:54,6.585,0.116,0,0,0,0,v
2014-06-28 01:00,6.581,0.136,0,0,0,0,v
2014-06-28 01:06,6.597,0.126,0,0,0,0,v
2014-06-28 01:12,6.594,0.123,0,0,0,0,v
2014-06-28 01:18,6.551,0.130,0,0,0,0,v
2014-06-28 01:24,6.567,0.123,0,0,0,0,v
2014-06-28 01:30,6.583,0.111,0,0,0,0,v
2014-06-28 01:36,6.570,0.129,0,0,0,0,v
2014-06-28 01:42,6.574,0.124,0,0,0,0,v
2014-06-28 01:48,6.560,0.114,0,0,0,0,v
2014-06-28 01:54,6.538,0.128,0,0,0,0,v
2014-06-28 02:00,6.540,0.126,0,0,0,0,v
2014-06-28 02:06,6.521,0.127,0,0,0,0,v
2014-06-28 02:12,6.520,0.128,0,0,0,0,v
2014-06-28 02:18,6.497,0.124,0,0,0,0,v
2014-06-28 02:24,6.505,0.137,0,0,0,0,v
2014-06-28 02:30,6.545,0.136,0,0,0,0,v
2014-06-28 02:36,6.528,0.123,0,0,0,0,v
2014-06-28 02:42,6.530,0.124,0,0,0,0,v
2014-06-28 02:48,6.550,0.117,0,0,0,0,v
2014-06-28 02:54,6.549,0.121,0,0,0,0,v
2014-06-28 03:00,6.536,0.131,0,0,0,0,v
2014-06-28 03:06,6.548,0.125,0,0,0,0,v
2014-06-28 03:12,6.521,0.129,0,0,0,0,v
2014-06-28 03:18,6.474,0.126,0,0,0,0,v
2014-06-28 03:24,6.513,0.126,0,0,0,0,v
2014-06-28 03:30,6.551,0.102,0,0,0,0,v
2014-06-28 03:36,6.540,0.128,0,0,0,0,v
2014-06-28 03:42,6.550,0.118,0,0,0,0,v
2014-06-28 03:48,6.556,0.121,0,0,0,0,v
2014-06-28 03:54,6.530,0.115,0,0,0,0,v
2014-06-28 04:00,6.562,0.125,0,0,0,0,v
2014-06-28 04:06,6.560,0.150,0,0,0,0,v
2014-06-28 04:12,6.564,0.131,0,0,0,0,v
2014-06-28 04:18,6.576,0.133,0,0,0,0,v
2014-06-28 04:24,6.618,0.132,0,0,0,0,v
2014-06-28 04:30,6.632,0.120,0,0,0,0,v
2014-06-28 04:36,6.631,0.131,0,0,0,0,v
2014-06-28 04:42,6.652,0.144,0,0,0,0,v
2014-06-28 04:48,6.657,0.144,0,0,0,0,v
2014-06-28 04:54,6.649,0.148,0,0,0,0,v
2014-06-28 05:00,6.656,0.137,0,0,0,0,v
2014-06-28 05:06,6.622,0.136,0,0,0,0,v
2014-06-28 05:12,6.627,0.122,0,0,0,0,v
2014-06-28 05:18,6.591,0.127,0,0,0,0,v
2014-06-28 05:24,6.638,0.154,0,0,0,0,v
2014-06-28 05:30,6.711,0.119,0,0,0,0,v
2014-06-28 05:36,6.716,0.117,0,0,0,0,v
2014-06-28 05:42,6.704,0.126,0,0,0,0,v
2014-06-28 05:48,6.687,0.138,0,0,0,0,v
2014-06-28 05:54,6.711,0.130,0,0,0,0,v
2014-06-28 06:00,6.742,0.137,0,0,0,0,v
2014-06-28 06:06,6.751,0.127,0,0,0,0,v
2014-06-28 06:12,6.734,0.119,0,0,0,0,v
2014-06-28 06:18,6.737,0.148,0,0,0,0,v
2014-06-28 06:24,6.754,0.140,0,0,0,0,v
2014-06-28 06:30,6.747,0.139,0,0,0,0,v
2014-06-28 06:36,6.794,0.153,0,0,0,0,v
2014-06-28 06:42,6.816,0.150,0,0,0,0,v
2014-06-28 06:48,6.790,0.129,0,0,0,0,v
2014-06-28 06:54,6.816,0.156,0,0,0,0,v
2014-06-28 07:00,6.809,0.157,0,0,0,0,v
2014-06-28 07:06,6.823,0.149,0,0,0,0,v
2014-06-28 07:12,6.815,0.149,0,0,0,0,v
2014-06-28 07:18,6.843,0.138,0,0,0,0,v
2014-06-28 07:24,6.868,0.156,0,0,0,0,v
2014-06-28 07:30,6.849,0.163,0,0,0,0,v
2014-06-28 07:36,6.844,0.153,0,0,0,0,v
2014-06-28 07:42,6.859,0.141,0,0,0,0,v
2014-06-28 07:48,6.841,0.123,0,0,0,0,v
2014-06-28 07:54,6.831,0.156,0,0,0,0,v
2014-06-28 08:00,6.868,0.157,0,0,0,0,v
2014-06-28 08:06,6.919,0.155,0,0,0,0,v
2014-06-28 08:12,6.909,0.156,0,0,0,0,v
2014-06-28 08:18,6.939,0.166,0,0,0,0,v
2014-06-28 08:24,6.976,0.163,0,0,0,0,v
2014-06-28 08:30,6.976,0.177,0,0,0,0,v
2014-06-28 08:36,6.978,0.161,0,0,0,0,v
2014-06-28 08:42,6.980,0.171,0,0,0,0,v
2014-06-28 08:48,6.999,0.164,0,0,0,0,v
2014-06-28 08:54,6.991,0.147,0,0,0,0,v
2014-06-28 09:00,6.974,0.154,0,0,0,0,v
2014-06-28 09:06,6.964,0.172,0,0,0,0,v
2014-06-28 09:12,6.992,0.165,0,0,0,0,v
2014-06-28 09:18,6.994,0.152,0,0,0,0,v
2014-06-28 09:24,6.998,0.158,0,0,0,0,v
2014-06-28 09:30,7.001,0.152,0,0,0,0,v
2014-06-28 09:36,6.994,0.157,0,0,0,0,v
2014-06-28 09:42,7.012,0.150,0,0,0,0,v
2014-06-28 09:48,7.031,0.144,0,0,0,0,v
2014-06-28 09:54,7.029,0.158,0,0,0,0,v
2014-06-28 10:00,7.033,0.144,0,0,0,0,v
2014-06-28 10:06,7.014,0.163,0,0,0,0,v
2014-06-28 10:12,7.017,0.160,0,0,0,0,v
2014-06-28 10:18,7.050,0.191,0,0,0,0,v
2014-06-28 10:24,7.070,0.169,0,0,0,0,v
2014-06-28 10:30,7.047,0.148,0,0,0,0,v
2014-06-28 10:36,7.044,0.181,0,0,0,0,v
2014-06-28 10:42,7.068,0.157,0,0,0,0,v
2014-06-28 10:48,7.065,0.165,0,0,0,0,v
2014-06-28 10:54,7.054,0.183,0,0,0,0,v
2014-06-28 11:00,7.095,0.165,0,0,0,0,v
2014-06-28 11:06,7.098,0.168,0,0,0,0,v
2014-06-28 11:12,7.103,0.165,0,0,0,0,v
2014-06-28 11:18,7.138,0.170,0,0,0,0,v
2014-06-28 11:24,7.128,0.167,0,0,0,0,v
2014-06-28 11:30,7.128,0.157,0,0,0,0,v
2014-06-28 11:36,7.127,0.180,0,0,0,0,v
2014-06-28 11:42,7.132,0.174,0,0,0,0,v
2014-06-28 11:48,7.130,0.180,0,0,0,0,v
2014-06-28 11:54,7.126,0.177,0,0,0,0,v
2014-06-28 12:00,7.126,0.186,0,0,0,0,v
2014-06-28 12:06,7.126,0.157,0,0,0,0,v
2014-06-28 12:12,7.127,0.180,0,0,0,0,v
2014-06-28 12:18,7.108,0.202,0,0,0,0,v
2014-06-28 12:24,7.125,0.166,0,0,0,0,v
2014-06-28 12:30,7.121,0.150,0,0,0,0,v
2014-06-28 12:36,7.118,0.179,0,0,0,0,v
2014-06-28 12:42,7.104,0.179,0,0,0,0,v
2014-06-28 12:48,7.103,0.182,0,0,0,0,v
2014-06-28 12:54,7.079,0.145,0,0,0,0,v
2014-06-28 13:00,7.076,0.172,0,0,0,0,v
2014-06-28 13:06,7.058,0.167,0,0,0,0,v
2014-06-28 13:12,7.055,0.188,0,0,0,0,v
2014-06-28 13:18,7.037,0.164,0,0,0,0,v
2014-06-28 13:24,7.042,0.160,0,0,0,0,v
2014-06-28 13:30,7.045,0.167,0,0,0,0,v
2014-06-28 13:36,7.049,0.163,0,0,0,0,v
2014-06-28 13:42,7.037,0.212,0,0,0,0,v
2014-06-28 13:48,7.054,0.166,0,0,0,0,v
2014-06-28 13:54,7.044,0.159,0,0,0,0,v
2014-06-28 14:00,7.046,0.186,0,0,0,0,v
2014-06-28 14:06,7.061,0.200,0,0,0,0,v
2014-06-28 14:12,7.076,0.175,0,0,0,0,v
2014-06-28 14:18,7.062,0.173,0,0,0,0,v
2014-06-28 14:24,7.055,0.162,0,0,0,0,v
2014-06-28 14:30,7.067,0.158,0,0,0,0,v
2014-06-28 14:36,7.060,0.192,0,0,0,0,v
2014-06-28 14:42,7.054,0.163,0,0,0,0,v
2014-06-28 14:48,7.045,0.170,0,0,0,0,v
2014-06-28 14:54,7.037,0.146,0,0,0,0,v
2014-06-28 15:00,7.034,0.165,0,0,0,0,v
2014-06-28 15:06,7.062,0.167,0,0,0,0,v
2014-06-28 15:12,7.052,0.167,0,0,0,0,v
2014-06-28 15:18,7.074,0.138,0,0,0,0,v
2014-06-28 15:24,7.055,0.187,0,0,0,0,v
2014-06-28 15:30,7.035,0.165,0,0,0,0,v
2014-06-28 15:36,7.034,0.183,0,0,0,0,v
2014-06-28 15:42,7.048,0.180,0,0,0,0,v
2014-06-28 15:48,7.014,0.173,0,0,0,0,v
2014-06-28 15:54,7.007,0.155,0,0,0,0,v
2014-06-28 16:00,7.012,0.178,0,0,0,0,v
2014-06-28 16:06,6.982,0.162,0,0,0,0,v
2014-06-28 16:12,7.001,0.170,0,0,0,0,v
2014-06-28 16:18,6.997,0.165,0,0,0,0,v
2014-06-28 16:24,6.999,0.175,0,0,0,0,v
2014-06-28 16:30,6.993,0.145,0,0,0,0,v
2014-06-28 16:36,6.977,0.195,0,0,0,0,v
2014-06-28 16:42,6.968,0.190,0,0,0,0,v
2014-06-28 16:48,6.955,0.168,0,0,0,0,v
2014-06-28 16:54,6.951,0.186,0,0,0,0,v
2014-06-28 17:00,6.938,0.186,0,0,0,0,v
2014-06-28 17:06,6.942,0.178,0,0,0,0,v
2014-06-28 17:12,6.947,0.203,0,0,0,0,v
2014-06-28 17:18,6.960,0.162,0,0,0,0,v
2014-06-28 17:24,6.947,0.150,0,0,0,0,v
2014-06-28 17:30,6.946,0.176,0,0,0,0,v
2014-06-28 17:36,6.954,0.179,0,0,0,0,v
2014-06-28 17:42,6.971,0.170,0,0,0,0,v
2014-06-28 17:48,6.934,0.172,0,0,0,0,v
2014-06-28 17:54,6.951,0.177,0,0,0,0,v
2014-06-28 18:00,6.918,0.192,0,0,0,0,v
2014-06-28 18:06,6.937,0.161,0,0,0,0,v
2014-06-28 18:12,6.956,0.156,0,0,0,0,v
2014-06-28 18:18,6.947,0.149,0,0,0,0,v
2014-06-28 18:24,6.924,0.176,0,0,0,0,v
2014-06-28 18:30,6.947,0.150,0,0,0,0,v
2014-06-28 18:36,6.964,0.155,0,0,0,0,v
2014-06-28 18:42,6.961,0.157,0,0,0,0,v
2014-06-28 18:48,6.966,0.201,0,0,0,0,v
2014-06-28 18:54,6.963,0.157,0,0,0,0,v
2014-06-28 19:00,6.933,0.183,0,0,0,0,v
2014-06-28 19:06,6.947,0.159,0,0,0,0,v
2014-06-28 19:12,6.958,0.142,0,0,0,0,v
2014-06-28 19:18,6.958,0.146,0,0,0,0,v
2014-06-28 19:24,6.931,0.176,0,0,0,0,v
2014-06-28 19:30,6.927,0.176,0,0,0,0,v
2014-06-28 19:36,6.949,0.156,0,0,0,0,v
2014-06-28 19:42,6.910,0.165,0,0,0,0,v
2014-06-28 19:48,6.922,0.141,0,0,0,0,v
2014-06-28 19:54,6.927,0.179,0,0,0,0,v
2014-06-28 20:00,6.953,0.159,0,0,0,0,v
2014-06-28 20:06,6.938,0.155,0,0,0,0,v
2014-06-28 20:12,6.929,0.146,0,0,0,0,v
2014-06-28 20:18,6.905,0.145,0,0,0,0,v
2014-06-28 20:24,6.915,0.173,0,0,0,0,v
2014-06-28 20:30,6.917,0.161,0,0,0,0,v
2014-06-28 20:36,6.903,0.166,0,0,0,0,v
2014-06-28 20:42,6.909,0.138,0,0,0,0,v
2014-06-28 20:48,6.907,0.158,0,0,0,0,v
2014-06-28 20:54,6.913,0.165,0,0,0,0,v
2014-06-28 21:00,6.899,0.152,0,0,0,0,v
2014-06-28 21:06,6.908,0.185,0,0,0,0,v
2014-06-28 21:12,6.921,0.164,0,0,0,0,v
2014-06-28 21:18,6.899,0.178,0,0,0,0,v
2014-06-28 21:24,6.913,0.146,0,0,0,0,v
2014-06-28 21:30,6.920,0.189,0,0,0,0,v
2014-06-28 21:36,6.909,0.160,0,0,0,0,v
2014-06-28 21:42,6.912,0.172,0,0,0,0,v
2014-06-28 21:48,6.892,0.146,0,0,0,0,v
2014-06-28 21:54,6.885,0.126,0,0,0,0,v
2014-06-28 22:00,6.872,0.177,0,0,0,0,v
2014-06-28 22:06,6.846,0.162,0,0,0,0,v
2014-06-28 22:12,6.833,0.192,0,0,0,0,v
2014-06-28 22:18,6.832,0.137,0,0,0,0,v
2014-06-28 22:24,6.809,0.173,0,0,0,0,v
2014-06-28 22:30,6.796,0.151,0,0,0,0,v
2014-06-28 22:36,6.772,0.166,0,0,0,0,v
2014-06-28 22:42,6.747,0.134,0,0,0,0,v
2014-06-28 22:48,6.719,0.157,0,0,0,0,v
2014-06-28 22:54,6.703,0.177,0,0,0,0,v
2014-06-28 23:00,6.723,0.146,0,0,0,0,v
2014-06-28 23:06,6.741,0.159,0,0,0,0,v
2014-06-28 23:12,6.732,0.162,0,0,0,0,v
2014-06-28 23:18,6.724,0.147,0,0,0,0,v
2014-06-28 23:24,6.729,0.168,0,0,0,0,v
2014-06-28 23:30,6.706,0.156,0,0,0,0,v
2014-06-28 23:36,6.718,0.159,0,0,0,0,v
2014-06-28 23:42,6.717,0.163,0,0,0,0,v
2014-06-28 23:48,6.731,0.166,0,0,0,0,v
2014-06-28 23:54,6.726,0.145,0,0,0,0,v
2014-06-29 00:00,6.721,0.161,0,0,0,0,v
2014-06-29 00:06,6.686,0.166,0,0,0,0,v
2014-06-29 00:12,6.664,0.154,0,0,0,0,v
2014-06-29 00:18,6.686,0.161,0,0,0,0,v
2014-06-29 00:24,6.672,0.154,0,0,0,0,v
2014-06-29 00:30,6.641,0.173,0,0,0,0,v
2014-06-29 00:36,6.594,0.163,0,0,0,0,v
2014-06-29 00:42,6.563,0.168,0,0,0,0,v
2014-06-29 00:48,6.555,0.166,0,0,0,0,v
2014-06-29 00:54,6.555,0.161,0,0,0,0,v
2014-06-29 01:00,6.539,0.142,0,0,0,0,v
2014-06-29 01:06,6.562,0.170,0,0,0,0,v
2014-06-29 01:12,6.576,0.159,0,0,0,0,v
2014-06-29 01:18,6.556,0.151,0,0,0,0,v
2014-06-29 01:24,6.561,0.157,0,0,0,0,v
2014-06-29 01:30,6.573,0.141,0,0,0,0,v
2014-06-29 01:36,6.575,0.145,0,0,0,0,v
2014-06-29 01:42,6.546,0.161,0,0,0,0,v
2014-06-29 01:48,6.543,0.154,0,0,0,0,v
2014-06-29 01:54,6.516,0.167,0,0,0,0,v
2014-06-29 02:00,6.506,0.147,0,0,0,0,v
2014-06-29 02:06,6.533,0.157,0,0,0,0,v
2014-06-29 02:12,6.520,0.137,0,0,0,0,v
2014-06-29 02:18,6.486,0.169,0,0,0,0,v
2014-06-29 02:24,6.488,0.156,0,0,0,0,v
2014-06-29 02:30,6.488,0.148,0,0,0,0,v
2014-06-29 02:36,6.495,0.165,0,0,0,0,v
2014-06-29 02:42,6.496,0.144,0,0,0,0,v
2014-06-29 02:48,6.499,0.159,0,0,0,0,v
2014-06-29 02:54,6.521,0.159,0,0,0,0,v
2014-06-29 03:00,6.511,0.154,0,0,0,0,v
2014-06-29 03:06,6.525,0.146,0,0,0,0,v
2014-06-29 03:12,6.527,0.145,0,0,0,0,v
2014-06-29 03:18,6.498,0.163,0,0,0,0,v
2014-06-29 03:24,6.512,0.140,0,0,0,0,v
2014-06-29 03:30,6.502,0.164,0,0,0,0,v
2014-06-29 03:36,6.489,0.160,0,0,0,0,v
2014-06-29 03:42,6.489,0.156,0,0,0,0,v
2014-06-29 03:48,6.505,0.146,0,0,0,0,v
2014-06-29 03:54,6.509,0.160,0,0,0,0,v
2014-06-29 04:00,6.512,0.179,0,0,0,0,v
2014-06-29 04:06,6.514,0.136,0,0,0,0,v
2014-06-29 04:12,6.513,0.157,0,0,0,0,v
2014-06-29 04:18,6.511,0.145,0,0,0,0,v
2014-06-29 04:24,6.488,0.155,0,0,0,0,v
2014-06-29 04:30,6.493,0.150,0,0,0,0,v
2014-06-29 04:36,6.512,0.163,0,0,0,0,v
2014-06-29 04:42,6.508,0.168,0,0,0,0,v
2014-06-29 04:48,6.528,0.148,0,0,0,0,v
2014-06-29 04:54,6.519,0.140,0,0,0,0,v
2014-06-29 05:00,6.503,0.148,0,0,0,0,v
2014-06-29 05:06,6.498,0.168,0,0,0,0,v
2014-06-29 05:12,6.496,0.145,0,0,0,0,v
2014-06-29 05:18,6.512,0.166,0,0,0,0,v
2014-06-29 05:24,6.494,0.153,0,0,0,0,v
2014-06-29 05:30,6.501,0.160,0,0,0,0,v
2014-06-29 05:36,6.516,0.162,0,0,0,0,v
2014-06-29 05:42,6.516,0.174,0,0,0,0,v
2014-06-29 05:48,6.533,0.166,0,0,0,0,v
2014-06-29 05:54,6.554,0.152,0,0,0,0,v
2014-06-29 06:00,6.545,0.176,0,0,0,0,v
2014-06-29 06:06,6.565,0.172,0,0,0,0,v
2014-06-29 06:12,6.587,0.155,0,0,0,0,v
2014-06-29 06:18,6.595,0.164,0,0,0,0,v
2014-06-29 06:24,6.613,0.170,0,0,0,0,v
2014-06-29 06:30,6.637,0.139,0,0,0,0,v
2014-06-29 06:36,6.628,0.176,0,0,0,0,v
2014-06-29 06:42,6.632,0.185,0,0,0,0,v
2014-06-29 06:48,6.643,0.164,0,0,0,0,v
2014-06-29 06:54,6.639,0.164,0,0,0,0,v
2014-06-29 07:00,6.636,0.165,0,0,0,0,v
2014-06-29 07:06,6.663,0.137,0,0,0,0,v
2014-06-29 07:12,6.679,0.148,0,0,0,0,v
2014-06-29 07:18,6.683,0.156,0,0,0,0,v
2014-06-29 07:24,6.672,0.175,0,0,0,0,v
2014-06-29 07:30,6.680,0.155,0,0,0,0,v
2014-06-29 07:36,6.667,0.163,0,0,0,0,v
2014-06-29 07:42,6.667,0.179,0,0,0,0,v
2014-06-29 07:48,6.668,0.166,0,0,0,0,v
2014-06-29 07:54,6.691,0.180,0,0,0,0,v
2014-06-29 08:00,6.711,0.170,0,0,0,0,v
2014-06-29 08:06,6.744,0.181,0,0,0,0,v
2014-06-29 08:12,6.755,0.156,0,0,0,0,v
2014-06-29 08:18,6.804,0.153,0,0,0,0,v
2014-06-29 08:24,6.797,0.199,0,0,0,0,v
2014-06-29 08:30,6.779,0.172,0,0,0,0,v
2014-06-29 08:36,6.791,0.185,0,0,0,0,v
2014-06-29 08:42,6.814,0.164,0,0,0,0,v
2014-06-29 08:48,6.823,0.189,0,0,0,0,v
2014-06-29 08:54,6.837,0.149,0,0,0,0,v
2014-06-29 09:00,6.821,0.199,0,0,0,0,v
2014-06-29 09:06,6.839,0.169,0,0,0,0,v
2014-06-29 09:12,6.868,0.176,0,0,0,0,v
2014-06-29 09:18,6.872,0.154,0,0,0,0,v
2014-06-29 09:24,6.879,0.173,0,0,0,0,v
2014-06-29 09:30,6.870,0.158,0,0,0,0,v
2014-06-29 09:36,6.876,0.196,0,0,0,0,v
2014-06-29 09:42,6.880,0.177,0,0,0,0,v
2014-06-29 09:48,6.903,0.170,0,0,0,0,v
2014-06-29 09:54,6.912,0.175,0,0,0,0,v
2014-06-29 10:00,6.910,0.178,0,0,0,0,v
2014-06-29 10:06,6.901,0.173,0,0,0,0,v
2014-06-29 10:12,6.915,0.213,0,0,0,0,v
2014-06-29 10:18,6.904,0.189,0,0,0,0,v
2014-06-29 10:24,6.915,0.149,0,0,0,0,v
2014-06-29 10:30,6.882,0.188,0,0,0,0,v
2014-06-29 10:36,6.907,0.189,0,0,0,0,v
2014-06-29 10:42,6.921,0.152,0,0,0,0,v
2014-06-29 10:48,6.918,0.182,0,0,0,0,v
2014-06-29 10:54,6.912,0.170,0,0,0,0,v
2014-06-29 11:00,6.902,0.176,0,0,0,0,v
2014-06-29 11:06,6.922,0.178,0,0,0,0,v
2014-06-29 11:12,6.924,0.171,0,0,0,0,v
2014-06-29 11:18,6.929,0.181,0,0,0,0,v
2014-06-29 11:24,6.918,0.174,0,0,0,0,v
2014-06-29 11:30,6.929,0.172,0,0,0,0,v
2014-06-29 11:36,6.912,0.195,0,0,0,0,v
2014-06-29 11:42,6.933,0.168,0,0,0,0,v
2014-06-29 11:48,6.941,0.175,0,0,0,0,v
2014-06-29 11:54,6.959,0.180,0,0,0,0,v
2014-06-29 12:00,6.956,0.149,0,0,0,0,v
2014-06-29 12:06,6.959,0.181,0,0,0,0,v
2014-06-29 12:12,6.944,0.169,0,0,0,0,v
2014-06-29 12:18,6.933,0.177,0,0,0,0,v
2014-06-29 12:24,6.942,0.162,0,0,0,0,v
2014-06-29 12:30,6.952,0.158,0,0,0,0,v
2014-06-29 12:36,6.943,0.168,0,0,0,0,v
2014-06-29 12:42,6.933,0.170,0,0,0,0,v
2014-06-29 12:48,6.965,0.174,0,0,0,0,v
2014-06-29 12:54,6.969,0.192,0,0,0,0,v
2014-06-29 13:00,6.943,0.182,0,0,0,0,v
2014-06-29 13:06,6.938,0.174,0,0,0,0,v
2014-06-29 13:12,6.940,0.166,0,0,0,0,v
2014-06-29 13:18,6.921,0.199,0,0,0,0,v
2014-06-29 13:24,6.925,0.186,0,0,0,0,v
2014-06-29 13:30,6.953,0.163,0,0,0,0,v
2014-06-29 13:36,6.921,0.175,0,0,0,0,v
2014-06-29 13:42,6.906,0.174,0,0,0,0,v
2014-06-29 13:48,6.934,0.161,0,0,0,0,v
2014-06-29 13:54,6.950,0.216,0,0,0,0,v
2014-06-29 14:00,6.947,0.178,0,0,0,0,v
2014-06-29 14:06,6.937,0.186,0,0,0,0,v
2014-06-29 14:12,6.936,0.171,0,0,0,0,v
2014-06-29 14:18,6.921,0.188,0,0,0,0,v
2014-06-29 14:24,6.929,0.168,0,0,0,0,v
2014-06-29 14:30,6.922,0.167,0,0,0,0,v
2014-06-29 14:36,6.904,0.179,0,0,0,0,v
2014-06-29 14:42,6.901,0.151,0,0,0,0,v
2014-06-29 14:48,6.915,0.182,0,0,0,0,v
2014-06-29 14:54,6.906,0.170,0,0,0,0,v
2014-06-29 15:00,6.904,0.150,0,0,0,0,v
2014-06-29 15:06,6.908,0.169,0,0,0,0,v
2014-06-29 15:12,6.912,0.196,0,0,0,0,v
2014-06-29 15:18,6.913,0.174,0,0,0,0,v
2014-06-29 15:24,6.934,0.186,0,0,0,0,v
2014-06-29 15:30,6.920,0.169,0,0,0,0,v
2014-06-29 15:36,6.906,0.181,0,0,0,0,v
2014-06-29 15:42,6.882,0.175,0,0,0,0,v
2014-06-29 15:48,6.888,0.191,0,0,0,0,v
2014-06-29 15:54,6.891,0.168,0,0,0,0,v
2014-06-29 16:00,6.891,0.147,0,0,0,0,v
2014-06-29 16:06,6.867,0.170,0,0,0,0,v
2014-06-29 16:12,6.874,0.162,0,0,0,0,v
2014-06-29 16:18,6.867,0.168,0,0,0,0,v
2014-06-29 16:24,6.852,0.183,0,0,0,0,v
2014-06-29 16:30,6.875,0.159,0,0,0,0,v
2014-06-29 16:36,6.832,0.195,0,0,0,0,v
2014-06-29 16:42,6.847,0.194,0,0,0,0,v
2014-06-29 16:48,6.863,0.185,0,0,0,0,v
2014-06-29 16:54,6.839,0.184,0,0,0,0,v
2014-06-29 17:00,6.843,0.192,0,0,0,0,v
2014-06-29 17:06,6.846,0.183,0,0,0,0,v
2014-06-29 17:12,6.830,0.182,0,0,0,0,v
2014-06-29 17:18,6.840,0.174,0,0,0,0,v
2014-06-29 17:24,6.823,0.156,0,0,0,0,v
2014-06-29 17:30,6.826,0.170,0,0,0,0,v
2014-06-29 17:36,6.834,0.139,0,0,0,0,v
2014-06-29 17:42,6.794,0.186,0,0,0,0,v
2014-06-29 17:48,6.802,0.175,0,0,0,0,v
2014-06-29 17:54,6.818,0.167,0,0,0,0,v
2014-06-29 18:00,6.814,0.175,0,0,0,0,v
2014-06-29 18:06,6.801,0.181,0,0,0,0,v
2014-06-29 18:12,6.802,0.176,0,0,0,0,v
2014-06-29 18:18,6.812,0.161,0,0,0,0,v
2014-06-29 18:24,6.810,0.157,0,0,0,0,v
2014-06-29 18:30,6.823,0.171,0,0,0,0,v
2014-06-29 18:36,6.838,0.181,0,0,0,0,v
2014-06-29 18:42,6.845,0.162,0,0,0,0,v
2014-06-29 18:48,6.846,0.159,0,0,0,0,v
2014-06-29 18:54,6.851,0.152,0,0,0,0,v
2014-06-29 19:00,6.820,0.166,0,0,0,0,v
2014-06-29 19:06,6.818,0.173,0,0,0,0,v
2014-06-29 19:12,6.799,0.143,0,0,0,0,v
2014-06-29 19:18,6.813,0.167,0,0,0,0,v
2014-06-29 19:24,6.816,0.153,0,0,0,0,v
2014-06-29 19:30,6.816,0.164,0,0,0,0,v
2014-06-29 19:36,6.793,0.192,0,0,0,0,v
2014-06-29 19:42,6.806,0.177,0,0,0,0,v
2014-06-29 19:48,6.822,0.131,0,0,0,0,v
2014-06-29 19:54,6.821,0.164,0,0,0,0,v
2014-06-29 20:00,6.814,0.186,0,0,0,0,v
2014-06-29 20:06,6.799,0.142,0,0,0,0,v
2014-06-29 20:12,6.797,0.152,0,0,0,0,v
2014-06-29 20:18,6.795,0.151,0,0,0,0,v
2014-06-29 20:24,6.788,0.164,0,0,0,0,v
2014-06-29 20:30,6.805,0.173,0,0,0,0,v
2014-06-29 20:36,6.804,0.181,0,0,0,0,v
2014-06-29 20:42,6.785,0.174,0,0,0,0,v
2014-06-29 20:48,6.790,0.138,0,0,0,0,v
2014-06-29 20:54,6.790,0.157,0,0,0,0,v
2014-06-29 21:00,6.774,0.168,0,0,0,0,v
2014-06-29 21:06,6.769,0.142,0,0,0,0,v
2014-06-29 21:12,6.787,0.157,0,0,0,0,v
2014-06-29 21:18,6.808,0.173,0,0,0,0,v
2014-06-29 21:24,6.796,0.151,0,0,0,0,v
2014-06-29 21:30,6.792,0.183,0,0,0,0,v
2014-06-29 21:36,6.770,0.136,0,0,0,0,v
2014-06-29 21:42,6.769,0.134,0,0,0,0,v
2014-06-29 21:48,6.780,0.160,0,0,0,0,v
2014-06-29 21:54,6.801,0.146,0,0,0,0,v
2014-06-29 22:00,6.785,0.148,0,0,0,0,v
2014-06-29 22:06,6.764,0.150,0,0,0,0,v
2014-06-29 22:12,6.746,0.166,0,0,0,0,v
2014-06-29 22:18,6.745,0.152,0,0,0,0,v
2014-06-29 22:24,6.726,0.171,0,0,0,0,v
2014-06-29 22:30,6.717,0.141,0,0,0,0,v
2014-06-29 22:36,6.704,0.139,0,0,0,0,v
2014-06-29 22:42,6.694,0.140,0,0,0,0,v
2014-06-29 22:48,6.700,0.151,0,0,0,0,v
2014-06-29 22:54,6.684,0.136,0,0,0,0,v
2014-06-29 23:00,6.683,0.144,0,0,0,0,v
2014-06-29 23:06,6.667,0.156,0,0,0,0,v
2014-06-29 23:12,6.652,0.159,0,0,0,0,v
2014-06-29 23:18,6.638,0.172,0,0,0,0,v
2014-06-29 23:24,6.645,0.145,0,0,0,0,v
2014-06-29 23:30,6.631,0.146,0,0,0,0,v
2014-06-29 23:36,6.633,0.141,0,0,0,0,v
2014-06-29 23:42,6.643,0.155,0,0,0,0,v
2014-06-29 23:48,6.643,0.142,0,0,0,0,v
2014-06-29 23:54,6.617,0.131,0,0,0,0,v
2014-06-30 00:00,6.628,0.177,0,0,0,0,v
2014-06-30 00:06,6.603,0.156,0,0,0,0,v
2014-06-30 00:12,6.606,0.141,0,0,0,0,v
2014-06-30 00:18,6.597,0.141,0,0,0,0,v
2014-06-30 00:24,6.600,0.158,0,0,0,0,v
2014-06-30 00:30,6.598,0.161,0,0,0,0,v
2014-06-30 00:36,6.575,0.154,0,0,0,0,v
2014-06-30 00:42,6.558,0.132,0,0,0,0,v
2014-06-30 00:48,6.559,0.121,0,0,0,0,v
2014-06-30 00:54,6.558,0.133,0,0,0,0,v
2014-06-30 01:00,6.543,0.137,0,0,0,0,v
2014-06-30 01:06,6.549,0.163,0,0,0,0,v
2014-06-30 01:12,6.545,0.153,0,0,0,0,v
2014-06-30 01:18,6.534,0.131,0,0,0,0,v
2014-06-30 01:24,6.528,0.144,0,0,0,0,v
2014-06-30 01:30,6.518,0.170,0,0,0,0,v
2014-06-30 01:36,6.523,0.173,0,0,0,0,v
2014-06-30 01:42,6.532,0.136,0,0,0,0,v
2014-06-30 01:48,6.518,0.148,0,0,0,0,v
2014-06-30 01:54,6.500,0.152,0,0,0,0,v
2014-06-30 02:00,6.512,0.131,0,0,0,0,v
2014-06-30 02:06,6.505,0.146,0,0,0,0,v
2014-06-30 02:12,6.506,0.147,0,0,0,0,v
2014-06-30 02:18,6.517,0.138,0,0,0,0,v
2014-06-30 02:24,6.499,0.129,0,0,0,0,v
2014-06-30 02:30,6.500,0.145,0,0,0,0,v
2014-06-30 02:36,6.479,0.143,0,0,0,0,v
2014-06-30 02:42,6.497,0.127,0,0,0,0,v
2014-06-30 02:48,6.486,0.124,0,0,0,0,v
2014-06-30 02:54,6.479,0.146,0,0,0,0,v
2014-06-30 03:00,6.477,0.133,0,0,0,0,v
2014-06-30 03:06,6.474,0.162,0,0,0,0,v
2014-06-30 03:12,6.472,0.152,0,0,0,0,v
2014-06-30 03:18,6.464,0.147,0,0,0,0,v
2014-06-30 03:24,6.463,0.151,0,0,0,0,v
2014-06-30 03:30,6.464,0.130,0,0,0,0,v
2014-06-30 03:36,6.448,0.129,0,0,0,0,v
2014-06-30 03:42,6.449,0.136,0,0,0,0,v
2014-06-30 03:48,6.456,0.158,0,0,0,0,v
2014-06-30 03:54,6.456,0.144,0,0,0,0,v
2014-06-30 04:00,6.450,0.136,0,0,0,0,v
2014-06-30 04:06,6.438,0.152,0,0,0,0,v
2014-06-30 04:12,6.445,0.167,0,0,0,0,v
2014-06-30 04:18,6.460,0.136,0,0,0,0,v
2014-06-30 04:24,6.456,0.156,0,0,0,0,v
2014-06-30 04:30,6.463,0.152,0,0,0,0,v
2014-06-30 04:36,6.435,0.152,0,0,0,0,v
2014-06-30 04:42,6.446,0.152,0,0,0,0,v
2014-06-30 04:48,6.474,0.132,0,0,0,0,v
2014-06-30 04:54,6.450,0.139,0,0,0,0,v
2014-06-30 05:00,6.481,0.130,0,0,0,0,v
2014-06-30 05:06,6.483,0.129,0,0,0,0,v
2014-06-30 05:12,6.473,0.154,0,0,0,0,v
2014-06-30 05:18,6.495,0.124,0,0,0,0,v
2014-06-30 05:24,6.475,0.121,0,0,0,0,v
2014-06-30 05:30,6.476,0.148,0,0,0,0,v
2014-06-30 05:36,6.484,0.119,0,0,0,0,v
2014-06-30 05:42,6.475,0.147,0,0,0,0,v
2014-06-30 05:48,6.484,0.149,0,0,0,0,v
2014-06-30 05:54,6.489,0.150,0,0,0,0,v
2014-06-30 06:00,6.510,0.133,0,0,0,0,v
2014-06-30 06:06,6.530,0.148,0,0,0,0,v
2014-06-30 06:12,6.499,0.133,0,0,0,0,v
2014-06-30 06:18,6.519,0.134,0,0,0,0,v
2014-06-30 06:24,6.515,0.137,0,0,0,0,v
2014-06-30 06:30,6.528,0.160,0,0,0,0,v
2014-06-30 06:36,6.511,0.145,0,0,0,0,v
2014-06-30 06:42,6.544,0.151,0,0,0,0,v
2014-06-30 06:48,6.546,0.140,0,0,0,0,v
2014-06-30 06:54,6.545,0.132,0,0,0,0,v
2014-06-30 07:00,6.552,0.155,0,0,0,0,v
2014-06-30 07:06,6.565,0.159,0,0,0,0,v
2014-06-30 07:12,6.563,0.151,0,0,0,0,v
2014-06-30 07:18,6.599,0.135,0,0,0,0,v
2014-06-30 07:24,6.598,0.153,0,0,0,0,v
2014-06-30 07:30,6.593,0.154,0,0,0,0,v
2014-06-30 07:36,6.615,0.148,0,0,0,0,v
2014-06-30 07:42,6.619,0.125,0,0,0,0,v
2014-06-30 07:48,6.605,0.144,0,0,0,0,v
2014-06-30 07:54,6.625,0.136,0,0,0,0,v
2014-06-30 08:00,6.639,0.158,0,0,0,0,v
2014-06-30 08:06,6.635,0.143,0,0,0,0,v
2014-06-30 08:12,6.659,0.154,0,0,0,0,v
2014-06-30 08:18,6.663,0.131,0,0,0,0,v
2014-06-30 08:24,6.673,0.136,0,0,0,0,v
2014-06-30 08:30,6.671,0.149,0,0,0,0,v
2014-06-30 08:36,6.701,0.145,0,0,0,0,v
2014-06-30 08:42,6.693,0.160,0,0,0,0,v
2014-06-30 08:48,6.692,0.147,0,0,0,0,v
2014-06-30 08:54,6.693,0.159,0,0,0,0,v
2014-06-30 09:00,6.701,0.147,0,0,0,0,v
2014-06-30 09:06,6.705,0.145,0,0,0,0,v
2014-06-30 09:12,6.721,0.125,0,0,0,0,v
2014-06-30 09:18,6.717,0.160,0,0,0,0,v
2014-06-30 09:24,6.736,0.158,0,0,0,0,v
2014-06-30 09:30,6.740,0.130,0,0,0,0,v
2014-06-30 09:36,6.756,0.139,0,0,0,0,v
2014-06-30 09:42,6.768,0.147,0,0,0,0,v
2014-06-30 09:48,6.784,0.150,0,0,0,0,v
2014-06-30 09:54,6.771,0.155,0,0,0,0,v
2014-06-30 10:00,6.792,0.138,0,0,0,0,v
2014-06-30 10:06,6.803,0.137,0,0,0,0,v
2014-06-30 10:12,6.801,0.141,0,0,0,0,v
2014-06-30 10:18,6.800,0.159,0,0,0,0,v
2014-06-30 10:24,6.800,0.173,0,0,0,0,v
2014-06-30 10:30,6.801,0.152,0,0,0,0,v
2014-06-30 10:36,6.832,0.165,0,0,0,0,v
2014-06-30 10:42,6.807,0.145,0,0,0,0,v
2014-06-30 10:48,6.800,0.144,0,0,0,0,v
2014-06-30 10:54,6.822,0.159,0,0,0,0,v
2014-06-30 11:00,6.831,0.138,0,0,0,0,v
2014-06-30 11:06,6.821,0.173,0,0,0,0,v
2014-06-30 11:12,6.818,0.168,0,0,0,0,v
2014-06-30 11:18,6.829,0.141,0,0,0,0,v
2014-06-30 11:24,6.819,0.168,0,0,0,0,v
2014-06-30 11:30,6.846,0.141,0,0,0,0,v
2014-06-30 11:36,6.838,0.155,0,0,0,0,v
2014-06-30 11:42,6.829,0.147,0,0,0,0,v
2014-06-30 11:48,6.801,0.173,0,0,0,0,v
2014-06-30 11:54,6.834,0.132,0,0,0,0,v
2014-06-30 12:00,6.847,0.138,0,0,0,0,v
2014-06-30 12:06,6.820,0.165,0,0,0,0,v
2014-06-30 12:12,6.833,0.151,0,0,0,0,v
2014-06-30 12:18,6.823,0.145,0,0,0,0,v
2014-06-30 12:24,6.839,0.149,0,0,0,0,v
2014-06-30 12:30,6.850,0.147,0,0,0,0,v
2014-06-30 12:36,6.851,0.163,0,0,0,0,v
2014-06-30 12:42,6.851,0.154,0,0,0,0,v
2014-06-30 12:48,6.852,0.147,0,0,0,0,v
2014-06-30 12:54,6.849,0.159,0,0,0,0,v
2014-06-30 13:00,6.861,0.139,0,0,0,0,v
2014-06-30 13:06,6.861,0.153,0,0,0,0,v
2014-06-30 13:12,6.850,0.160,0,0,0,0,v
2014-06-30 13:18,6.872,0.148,0,0,0,0,v
2014-06-30 13:24,6.848,0.150,0,0,0,0,v
2014-06-30 13:30,6.845,0.157,0,0,0,0,v
2014-06-30 13:36,6.851,0.152,0,0,0,0,v
2014-06-30 13:42,6.862,0.150,0,0,0,0,v
2014-06-30 13:48,6.857,0.163,0,0,0,0,v
2014-06-30 13:54,6.859,0.142,0,0,0,0,v
2014-06-30 14:00,6.846,0.138,0,0,0,0,v
2014-06-30 14:06,6.853,0.141,0,0,0,0,v
2014-06-30 14:12,6.841,0.150,0,0,0,0,v
2014-06-30 14:18,6.836,0.140,0,0,0,0,v
2014-06-30 14:24,6.828,0.146,0,0,0,0,v
2014-06-30 14:30,6.833,0.157,0,0,0,0,v
2014-06-30 14:36,6.858,0.120,0,0,0,0,v
2014-06-30 14:42,6.814,0.141,0,0,0,0,v
2014-06-30 14:48,6.808,0.140,0,0,0,0,v
2014-06-30 14:54,6.826,0.130,0,0,0,0,v
2014-06-30 15:00,6.811,0.151,0,0,0,0,v
2014-06-30 15:06,6.831,0.148,0,0,0,0,v
2014-06-30 15:12,6.820,0.149,0,0,0,0,v
2014-06-30 15:18,6.821,0.158,0,0,0,0,v
2014-06-30 15:24,6.803,0.158,0,0,0,0,v
2014-06-30 15:30,6.824,0.146,0,0,0,0,v
2014-06-30 15:36,6.820,0.145,0,0,0,0,v
2014-06-30 15:42,6.807,0.140,0,0,0,0,v
2014-06-30 15:48,6.812,0.144,0,0,0,0,v
2014-06-30 15:54,6.810,0.159,0,0,0,0,v
2014-06-30 16:00,6.809,0.120,0,0,0,0,v
2014-06-30 16:06,6.788,0.147,0,0,0,0,v
2014-06-30 16:12,6.806,0.142,0,0,0,0,v
2014-06-30 16:18,6.781,0.124,0,0,0,0,v
2014-06-30 16:24,6.788,0.126,0,0,0,0,v
2014-06-30 16:30,6.785,0.141,0,0,0,0,v
2014-06-30 16:36,6.781,0.135,0,0,0,0,v
2014-06-30 16:42,6.772,0.135,0,0,0,0,v
2014-06-30 16:48,6.767,0.165,0,0,0,0,v
2014-06-30 16:54,6.770,0.118,0,0,0,0,v
2014-06-30 17:00,6.781,0.118,0,0,0,0,v
2014-06-30 17:06,6.796,0.118,0,0,0,0,v
2014-06-30 17:12,6.774,0.119,0,0,0,0,v
2014-06-30 17:18,6.770,0.132,0,0,0,0,v
2014-06-30 17:24,6.741,0.166,0,0,0,0,v
2014-06-30 17:30,6.755,0.111,0,0,0,0,v
2014-06-30 17:36,6.740,0.135,0,0,0,0,v
2014-06-30 17:42,6.724,0.151,0,0,0,0,v
2014-06-30 17:48,6.730,0.132,0,0,0,0,v
2014-06-30 17:54,6.724,0.153,0,0,0,0,v
2014-06-30 18:00,6.741,0.151,0,0,0,0,v
2014-06-30 18:06,6.741,0.121,0,0,0,0,v
2014-06-30 18:12,6.757,0.147,0,0,0,0,v
2014-06-30 18:18,6.745,0.159,0,0,0,0,v
2014-06-30 18:24,6.737,0.151,0,0,0,0,v
2014-06-30 18:30,6.741,0.138,0,0,0,0,v
2014-06-30 18:36,6.745,0.149,0,0,0,0,v
2014-06-30 18:42,6.742,0.164,0,0,0,0,v
2014-06-30 18:48,6.745,0.146,0,0,0,0,v
2014-06-30 18:54,6.753,0.116,0,0,0,0,v
2014-06-30 19:00,6.741,0.135,0,0,0,0,v
2014-06-30 19:06,6.746,0.150,0,0,0,0,v
2014-06-30 19:12,6.749,0.138,0,0,0,0,v
2014-06-30 19:18,6.752,0.110,0,0,0,0,v
2014-06-30 19:24,6.747,0.119,0,0,0,0,v
2014-06-30 19:30,6.732,0.135,0,0,0,0,v
2014-06-30 19:36,6.736,0.116,0,0,0,0,v
2014-06-30 19:42,6.726,0.126,0,0,0,0,v
2014-06-30 19:48,6.731,0.145,0,0,0,0,v
2014-06-30 19:54,6.742,0.126,0,0,0,0,v
2014-06-30 20:00,6.765,0.126,0,0,0,0,v
2014-06-30 20:06,6.757,0.143,0,0,0,0,v
2014-06-30 20:12,6.743,0.138,0,0,0,0,v
2014-06-30 20:18,6.736,0.146,0,0,0,0,v
2014-06-30 20:24,6.751,0.137,0,0,0,0,v
2014-06-30 20:30,6.768,0.134,0,0,0,0,v
2014-06-30 20:36,6.753,0.148,0,0,0,0,v
2014-06-30 20:42,6.743,0.139,0,0,0,0,v
2014-06-30 20:48,6.738,0.143,0,0,0,0,v
2014-06-30 20:54,6.746,0.133,0,0,0,0,v
2014-06-30 21:00,6.738,0.139,0,0,0,0,v
2014-06-30 21:06,6.738,0.131,0,0,0,0,v
2014-06-30 21:12,6.741,0.147,0,0,0,0,v
2014-06-30 21:18,6.747,0.121,0,0,0,0,v
2014-06-30 21:24,6.749,0.130,0,0,0,0,v
2014-06-30 21:30,6.752,0.160,0,0,0,0,v
2014-06-30 21:36,6.739,0.133,0,0,0,0,v
2014-06-30 21:42,6.742,0.144,0,0,0,0,v
2014-06-30 21:48,6.738,0.141,0,0,0,0,v
2014-06-30 21:54,6.742,0.138,0,0,0,0,v
2014-06-30 22:00,6.751,0.137,0,0,0,0,v
2014-06-30 22:06,6.747,0.139,0,0,0,0,v
2014-06-30 22:12,6.724,0.159,0,0,0,0,v
2014-06-30 22:18,6.711,0.128,0,0,0,0,v
2014-06-30 22:24,6.707,0.134,0,0,0,0,v
2014-06-30 22:30,6.686,0.152,0,0,0,0,v
2014-06-30 22:36,6.681,0.166,0,0,0,0,v
2014-06-30 22:42,6.677,0.163,0,0,0,0,v
2014-06-30 22:48,6.678,0.133,0,0,0,0,v
2014-06-30 22:54,6.644,0.148,0,0,0,0,v
2014-06-30 23:00,6.653,0.131,0,0,0,0,v
2014-06-30 23:06,6.654,0.153,0,0,0,0,v
2014-06-30 23:12,6.645,0.148,0,0,0,0,v
2014-06-30 23:18,6.648,0.109,0,0,0,0,v
2014-06-30 23:24,6.638,0.134,0,0,0,0,v
2014-06-30 23:30,6.642,0.157,0,0,0,0,v
2014-06-30 23:36,6.639,0.140,0,0,0,0,v
2014-06-30 23:42,6.636,0.139,0,0,0,0,v
2014-06-30 23:48,6.616,0.146,0,0,0,0,v
2014-06-30 23:54,6.633,0.119,0,0,0,0,v
2014-07-01 00:00,6.619,0.133,0,0,0,0,v
2014-07-01 00:06,6.625,0.130,0,0,0,0,v
2014-07-01 00:12,6.612,0.147,0,0,0,0,v
2014-07-01 00:18,6.595,0.120,0,0,0,0,v
2014-07-01 00:24,6.582,0.145,0,0,0,0,v
2014-07-01 00:30,6.609,0.152,0,0,0,0,v
2014-07-01 00:36,6.588,0.142,0,0,0,0,v
2014-07-01 00:42,6.583,0.133,0,0,0,0,v
2014-07-01 00:48,6.576,0.130,0,0,0,0,v
2014-07-01 00:54,6.563,0.119,0,0,0,0,v
2014-07-01 01:00,6.570,0.156,0,0,0,0,v
2014-07-01 01:06,6.567,0.144,0,0,0,0,v
2014-07-01 01:12,6.552,0.133,0,0,0,0,v
2014-07-01 01:18,6.559,0.134,0,0,0,0,v
2014-07-01 01:24,6.561,0.145,0,0,0,0,v
2014-07-01 01:30,6.551,0.135,0,0,0,0,v
2014-07-01 01:36,6.544,0.126,0,0,0,0,v
2014-07-01 01:42,6.571,0.134,0,0,0,0,v
2014-07-01 01:48,6.536,0.148,0,0,0,0,v
2014-07-01 01:54,6.535,0.128,0,0,0,0,v
2014-07-01 02:00,6.519,0.131,0,0,0,0,v
2014-07-01 02:06,6.504,0.144,0,0,0,0,v
2014-07-01 02:12,6.509,0.118,0,0,0,0,v
2014-07-01 02:18,6.496,0.130,0,0,0,0,v
2014-07-01 02:24,6.504,0.131,0,0,0,0,v
2014-07-01 02:30,6.503,0.126,0,0,0,0,v
2014-07-01 02:36,6.513,0.132,0,0,0,0,v
2014-07-01 02:42,6.501,0.132,0,0,0,0,v
2014-07-01 02:48,6.498,0.128,0,0,0,0,v
2014-07-01 02:54,6.475,0.142,0,0,0,0,v
2014-07-01 03:00,6.486,0.148,0,0,0,0,v
2014-07-01 03:06,6.493,0.121,0,0,0,0,v
2014-07-01 03:12,6.469,0.144,0,0,0,0,v
2014-07-01 03:18,6.460,0.124,0,0,0,0,v
2014-07-01 03:24,6.448,0.126,0,0,0,0,v
2014-07-01 03:30,6.449,0.111,0,0,0,0,v
2014-07-01 03:36,6.441,0.148,0,0,0,0,v
2014-07-01 03:42,6.458,0.126,0,0,0,0,v
2014-07-01 03:48,6.454,0.143,0,0,0,0,v
2014-07-01 03:54,6.441,0.143,0,0,0,0,v
2014-07-01 04:00,6.457,0.136,0,0,0,0,v
2014-07-01 04:06,6.454,0.149,0,0,0,0,v
2014-07-01 04:12,6.453,0.140,0,0,0,0,v
2014-07-01 04:18,6.462,0.136,0,0,0,0,v
2014-07-01 04:24,6.456,0.136,0,0,0,0,v
2014-07-01 04:30,6.475,0.140,0,0,0,0,v
2014-07-01 04:36,6.456,0.133,0,0,0,0,v
2014-07-01 04:42,6.456,0.118,0,0,0,0,v
2014-07-01 04:48,6.472,0.123,0,0,0,0,v
2014-07-01 04:54,6.468,0.130,0,0,0,0,v
2014-07-01 05:00,6.467,0.130,0,0,0,0,v
2014-07-01 05:06,6.460,0.121,0,0,0,0,v
2014-07-01 05:12,6.462,0.130,0,0,0,0,v
2014-07-01 05:18,6.460,0.141,0,0,0,0,v
2014-07-01 05:24,6.464,0.144,0,0,0,0,v
2014-07-01 05:30,6.474,0.127,0,0,0,0,v
2014-07-01 05:36,6.480,0.134,0,0,0,0,v
2014-07-01 05:42,6.473,0.121,0,0,0,0,v
2014-07-01 05:48,6.476,0.138,0,0,0,0,v
2014-07-01 05:54,6.495,0.101,0,0,0,0,v
2014-07-01 06:00,6.487,0.119,0,0,0,0,v
2014-07-01 06:06,6.502,0.132,0,0,0,0,v
2014-07-01 06:12,6.498,0.132,0,0,0,0,v
2014-07-01 06:18,6.502,0.140,0,0,0,0,v
2014-07-01 06:24,6.517,0.123,0,0,0,0,v
2014-07-01 06:30,6.523,0.125,0,0,0,0,v
2014-07-01 06:36,6.514,0.130,0,0,0,0,v
2014-07-01 06:42,6.491,0.116,0,0,0,0,v
2014-07-01 06:48,6.489,0.133,0,0,0,0,v
2014-07-01 06:54,6.501,0.129,0,0,0,0,v
2014-07-01 07:00,6.522,0.123,0,0,0,0,v
2014-07-01 07:06,6.535,0.120,0,0,0,0,v
2014-07-01 07:12,6.548,0.121,0,0,0,0,v
2014-07-01 07:18,6.556,0.119,0,0,0,0,v
2014-07-01 07:24,6.574,0.119,0,0,0,0,v
2014-07-01 07:30,6.584,0.116,0,0,0,0,v
2014-07-01 07:36,6.590,0.127,0,0,0,0,v
2014-07-01 07:42,6.573,0.116,0,0,0,0,v
2014-07-01 07:48,6.566,0.127,0,0,0,0,v
2014-07-01 07:54,6.537,0.125,0,0,0,0,v
2014-07-01 08:00,6.550,0.129,0,0,0,0,v
2014-07-01 08:06,6.585,0.124,0,0,0,0,v
2014-07-01 08:12,6.587,0.145,0,0,0,0,v
2014-07-01 08:18,6.592,0.136,0,0,0,0,v
2014-07-01 08:24,6.588,0.106,0,0,0,0,v
2014-07-01 08:30,6.615,0.113,0,0,0,0,v
2014-07-01 08:36,6.610,0.135,0,0,0,0,v
2014-07-01 08:42,6.618,0.119,0,0,0,0,v
2014-07-01 08:48,6.623,0.112,0,0,0,0,v
2014-07-01 08:54,6.623,0.125,0,0,0,0,v
2014-07-01 09:00,6.630,0.120,0,0,0,0,v
2014-07-01 09:06,6.667,0.097,0,0,0,0,v
2014-07-01 09:12,6.678,0.126,0,0,0,0,v
2014-07-01 09:18,6.688,0.105,0,0,0,0,v
2014-07-01 09:24,6.710,0.121,0,0,0,0,v
2014-07-01 09:30,6.705,0.132,0,0,0,0,v
2014-07-01 09:36,6.731,0.133,0,0,0,0,v
2014-07-01 09:42,6.733,0.100,0,0,0,0,v
2014-07-01 09:48,6.739,0.124,0,0,0,0,v
2014-07-01 09:54,6.735,0.116,0,0,0,0,v
2014-07-01 10:00,6.736,0.105,0,0,0,0,v
2014-07-01 10:06,6.752,0.105,0,0,0,0,v
2014-07-01 10:12,6.754,0.127,0,0,0,0,v
2014-07-01 10:18,6.754,0.108,0,0,0,0,v
2014-07-01 10:24,6.773,0.126,0,0,0,0,v
2014-07-01 10:30,6.791,0.104,0,0,0,0,v
2014-07-01 10:36,6.804,0.112,0,0,0,0,v
2014-07-01 10:42,6.814,0.126,0,0,0,0,v
2014-07-01 10:48,6.818,0.109,0,0,0,0,v
2014-07-01 10:54,6.823,0.112,0,0,0,0,v
2014-07-01 11:00,6.806,0.116,0,0,0,0,v
2014-07-01 11:06,6.801,0.099,0,0,0,0,v
2014-07-01 11:12,6.811,0.095,0,0,0,0,v
2014-07-01 11:18,6.815,0.088,0,0,0,0,v
2014-07-01 11:24,6.813,0.114,0,0,0,0,v
2014-07-01 11:30,6.788,0.118,0,0,0,0,v
2014-07-01 11:36,6.797,0.097,0,0,0,0,v
2014-07-01 11:42,6.828,0.097,0,0,0,0,v
2014-07-01 11:48,6.812,0.121,0,0,0,0,v
2014-07-01 11:54,6.822,0.096,0,0,0,0,v
2014-07-01 12:00,6.839,0.101,0,0,0,0,v
2014-07-01 12:06,6.821,0.107,0,0,0,0,v
2014-07-01 12:12,6.816,0.120,0,0,0,0,v
2014-07-01 12:18,6.820,0.102,0,0,0,0,v
2014-07-01 12:24,6.810,0.104,0,0,0,0,v
2014-07-01 12:30,6.807,0.102,0,0,0,0,v
2014-07-01 12:36,6.814,0.094,0,0,0,0,v
2014-07-01 12:42,6.805,0.109,0,0,0,0,v
2014-07-01 12:48,6.812,0.113,0,0,0,0,v
2014-07-01 12:54,6.818,0.094,0,0,0,0,v
2014-07-01 13:00,6.801,0.102,0,0,0,0,v
2014-07-01 13:06,6.797,0.093,0,0,0,0,v
2014-07-01 13:12,6.804,0.103,0,0,0,0,v
2014-07-01 13:18,6.802,0.100,0,0,0,0,v
2014-07-01 13:24,6.806,0.105,0,0,0,0,v
2014-07-01 13:30,6.814,0.097,0,0,0,0,v
2014-07-01 13:36,6.798,0.107,0,0,0,0,v
2014-07-01 13:42,6.805,0.082,0,0,0,0,v
2014-07-01 13:48,6.808,0.096,0,0,0,0,v
2014-07-01 13:54,6.797,0.083,0,0,0,0,v
2014-07-01 14:00,6.812,0.090,0,0,0,0,v
2014-07-01 14:06,6.829,0.090,0,0,0,0,v
2014-07-01 14:12,6.828,0.081,0,0,0,0,v
2014-07-01 14:18,6.815,0.105,0,0,0,0,v
2014-07-01 14:24,6.822,0.113,0,0,0,0,v
2014-07-01 14:30,6.817,0.109,0,0,0,0,v
2014-07-01 14:36,6.828,0.109,0,0,0,0,v
2014-07-01 14:42,6.844,0.093,0,0,0,0,v
2014-07-01 14:48,6.836,0.104,0,0,0,0,v
2014-07-01 14:54,6.841,0.094,0,0,0,0,v
2014-07-01 15:00,6.817,0.108,0,0,0,0,v
2014-07-01 15:06,6.812,0.097,0,0,0,0,v
2014-07-01 15:12,6.799,0.098,0,0,0,0,v
2014-07-01 15:18,6.821,0.084,0,0,0,0,v
2014-07-01 15:24,6.834,0.098,0,0,0,0,v
2014-07-01 15:30,6.818,0.085,0,0,0,0,v
2014-07-01 15:36,6.821,0.078,0,0,0,0,v
2014-07-01 15:42,6.825,0.085,0,0,0,0,v
2014-07-01 15:48,6.805,0.080,0,0,0,0,v
2014-07-01 15:54,6.822,0.088,0,0,0,0,v
2014-07-01 16:00,6.821,0.081,0,0,0,0,v
2014-07-01 16:06,6.802,0.083,0,0,0,0,v
2014-07-01 16:12,6.779,0.082,0,0,0,0,v
2014-07-01 16:18,6.780,0.094,0,0,0,0,v
2014-07-01 16:24,6.793,0.084,0,0,0,0,v
2014-07-01 16:30,6.789,0.073,0,0,0,0,v
2014-07-01 16:36,6.792,0.074,0,0,0,0,v
2014-07-01 16:42,6.774,0.091,0,0,0,0,v
2014-07-01 16:48,6.781,0.088,0,0,0,0,v
2014-07-01 16:54,6.766,0.084,0,0,0,0,v
2014-07-01 17:00,6.762,0.085,0,0,0,0,v
2014-07-01 17:06,6.764,0.091,0,0,0,0,v
2014-07-01 17:12,6.762,0.081,0,0,0,0,v
2014-07-01 17:18,6.759,0.087,0,0,0,0,v
2014-07-01 17:24,6.759,0.087,0,0,0,0,v
2014-07-01 17:30,6.741,0.075,0,0,0,0,v
2014-07-01 17:36,6.743,0.098,0,0,0,0,v
2014-07-01 17:42,6.740,0.100,0,0,0,0,v
2014-07-01 17:48,6.729,0.076,0,0,0,0,v
2014-07-01 17:54,6.722,0.085,0,0,0,0,v
2014-07-01 18:00,6.726,0.081,0,0,0,0,v
2014-07-01 18:06,6.728,0.090,0,0,0,0,v
2014-07-01 18:12,6.736,0.087,0,0,0,0,v
2014-07-01 18:18,6.749,0.084,0,0,0,0,v
2014-07-01 18:24,6.745,0.088,0,0,0,0,v
2014-07-01 18:30,6.747,0.086,0,0,0,0,v
2014-07-01 18:36,6.717,0.094,0,0,0,0,v
2014-07-01 18:42,6.715,0.086,0,0,0,0,v
2014-07-01 18:48,6.734,0.084,0,0,0,0,v
2014-07-01 18:54,6.738,0.088,0,0,0,0,v
2014-07-01 19:00,6.733,0.082,0,0,0,0,v
2014-07-01 19:06,6.707,0.099,0,0,0,0,v
2014-07-01 19:12,6.689,0.085,0,0,0,0,v
2014-07-01 19:18,6.713,0.090,0,0,0,0,v
2014-07-01 19:24,6.711,0.089,0,0,0,0,v
2014-07-01 19:30,6.715,0.100,0,0,0,0,v
2014-07-01 19:36,6.713,0.086,0,0,0,0,v
2014-07-01 19:42,6.703,0.092,0,0,0,0,v
2014-07-01 19:48,6.702,0.092,0,0,0,0,v
2014-07-01 19:54,6.681,0.102,0,0,0,0,v
2014-07-01 20:00,6.697,0.091,0,0,0,0,v
2014-07-01 20:06,6.698,0.089,0,0,0,0,v
2014-07-01 20:12,6.711,0.105,0,0,0,0,v
2014-07-01 20:18,6.711,0.097,0,0,0,0,v
2014-07-01 20:24,6.701,0.094,0,0,0,0,v
2014-07-01 20:30,6.706,0.087,0,0,0,0,v
2014-07-01 20:36,6.688,0.097,0,0,0,0,v
2014-07-01 20:42,6.691,0.089,0,0,0,0,v
2014-07-01 20:48,6.690,0.101,0,0,0,0,v
2014-07-01 20:54,6.682,0.102,0,0,0,0,v
2014-07-01 21:00,6.704,0.076,0,0,0,0,v
2014-07-01 21:06,6.707,0.082,0,0,0,0,v
2014-07-01 21:12,6.705,0.087,0,0,0,0,v
2014-07-01 21:18,6.697,0.105,0,0,0,0,v
2014-07-01 21:24,6.704,0.093,0,0,0,0,v
2014-07-01 21:30,6.714,0.088,0,0,0,0,v
2014-07-01 21:36,6.699,0.101,0,0,0,0,v
2014-07-01 21:42,6.706,0.092,0,0,0,0,v
2014-07-01 21:48,6.704,0.095,0,0,0,0,v
2014-07-01 21:54,6.707,0.096,0,0,0,0,v
2014-07-01 22:00,6.698,0.103,0,0,0,0,v
2014-07-01 22:06,6.701,0.088,0,0,0,0,v
2014-07-01 22:12,6.707,0.095,0,0,0,0,v
2014-07-01 22:18,6.696,0.103,0,0,0,0,v
2014-07-01 22:24,6.694,0.089,0,0,0,0,v
2014-07-01 22:30,6.709,0.092,0,0,0,0,v
2014-07-01 22:36,6.701,0.109,0,0,0,0,v
2014-07-01 22:42,6.674,0.097,0,0,0,0,v
2014-07-01 22:48,6.677,0.084,0,0,0,0,v
2014-07-01 22:54,6.675,0.093,0,0,0,0,v
2014-07-01 23:00,6.663,0.092,0,0,0,0,v
2014-07-01 23:06,6.656,0.092,0,0,0,0,v
2014-07-01 23:12,6.685,0.105,0,0,0,0,v
2014-07-01 23:18,6.673,0.102,0,0,0,0,v
2014-07-01 23:24,6.661,0.109,0,0,0,0,v
2014-07-01 23:30,6.675,0.079,0,0,0,0,v
2014-07-01 23:36,6.677,0.101,0,0,0,0,v
2014-07-01 23:42,6.680,0.090,0,0,0,0,v
2014-07-01 23:48,6.672,0.090,0,0,0,0,v
2014-07-01 23:54,6.658,0.092,0,0,0,0,v
2014-07-02 00:00,6.644,0.094,0,0,0,0,v
2014-07-02 00:06,6.650,0.079,0,0,0,0,v
2014-07-02 00:12,6.643,0.078,0,0,0,0,v
2014-07-02 00:18,6.626,0.094,0,0,0,0,v
2014-07-02 00:24,6.619,0.100,0,0,0,0,v
2014-07-02 00:30,6.617,0.095,0,0,0,0,v
2014-07-02 00:36,6.647,0.084,0,0,0,0,v
2014-07-02 00:42,6.620,0.082,0,0,0,0,v
2014-07-02 00:48,6.613,0.082,0,0,0,0,v
2014-07-02 00:54,6.613,0.086,0,0,0,0,v
2014-07-02 01:00,6.589,0.087,0,0,0,0,v
2014-07-02 01:06,6.607,0.104,0,0,0,0,v
2014-07-02 01:12,6.599,0.089,0,0,0,0,v
2014-07-02 01:18,6.589,0.072,0,0,0,0,v
2014-07-02 01:24,6.559,0.086,0,0,0,0,v
2014-07-02 01:30,6.567,0.092,0,0,0,0,v
2014-07-02 01:36,6.575,0.094,0,0,0,0,v
2014-07-02 01:42,6.572,0.084,0,0,0,0,v
2014-07-02 01:48,6.571,0.077,0,0,0,0,v
2014-07-02 01:54,6.589,0.074,0,0,0,0,v
2014-07-02 02:00,6.552,0.089,0,0,0,0,v
2014-07-02 02:06,6.534,0.085,0,0,0,0,v
2014-07-02 02:12,6.525,0.093,0,0,0,0,v
2014-07-02 02:18,6.523,0.077,0,0,0,0,v
2014-07-02 02:24,6.553,0.080,0,0,0,0,v
2014-07-02 02:30,6.570,0.074,0,0,0,0,v
2014-07-02 02:36,6.573,0.080,0,0,0,0,v
2014-07-02 02:42,6.590,0.088,0,0,0,0,v
2014-07-02 02:48,6.596,0.087,0,0,0,0,v
2014-07-02 02:54,6.575,0.082,0,0,0,0,v
2014-07-02 03:00,6.572,0.081,0,0,0,0,v
2014-07-02 03:06,6.545,0.078,0,0,0,0,v
2014-07-02 03:12,6.513,0.073,0,0,0,0,v
2014-07-02 03:18,6.478,0.079,0,0,0,0,v
2014-07-02 03:24,6.451,0.085,0,0,0,0,v
2014-07-02 03:30,6.477,0.077,0,0,0,0,v
2014-07-02 03:36,6.517,0.070,0,0,0,0,v
2014-07-02 03:42,6.563,0.069,0,0,0,0,v
2014-07-02 03:48,6.581,0.077,0,0,0,0,v
2014-07-02 03:54,6.571,0.078,0,0,0,0,v
2014-07-02 04:00,6.529,0.073,0,0,0,0,v
2014-07-02 04:06,6.514,0.071,0,0,0,0,v
2014-07-02 04:12,6.507,0.071,0,0,0,0,v
2014-07-02 04:18,6.493,0.071,0,0,0,0,v
2014-07-02 04:24,6.482,0.089,0,0,0,0,v
2014-07-02 04:30,6.484,0.082,0,0,0,0,v
2014-07-02 04:36,6.490,0.077,0,0,0,0,v
2014-07-02 04:42,6.491,0.071,0,0,0,0,v
2014-07-02 04:48,6.482,0.072,0,0,0,0,v
2014-07-02 04:54,6.498,0.073,0,0,0,0,v
2014-07-02 05:00,6.491,0.062,0,0,0,0,v
2014-07-02 05:06,6.483,0.073,0,0,0,0,v
2014-07-02 05:12,6.481,0.074,0,0,0,0,v
2014-07-02 05:18,6.485,0.092,0,0,0,0,v
2014-07-02 05:24,6.497,0.064,0,0,0,0,v
2014-07-02 05:30,6.494,0.072,0,0,0,0,v
2014-07-02 05:36,6.499,0.079,0,0,0,0,v
2014-07-02 05:42,6.502,0.079,0,0,0,0,v
2014-07-02 05:48,6.482,0.070,0,0,0,0,v
2014-07-02 05:54,6.479,0.083,0,0,0,0,v
2014-07-02 06:00,6.504,0.072,0,0,0,0,v
2014-07-02 06:06,6.506,0.091,0,0,0,0,v
2014-07-02 06:12,6.507,0.086,0,0,0,0,v
2014-07-02 06:18,6.513,0.079,0,0,0,0,v
2014-07-02 06:24,6.499,0.075,0,0,0,0,v
2014-07-02 06:30,6.506,0.085,0,0,0,0,v
2014-07-02 06:36,6.490,0.081,0,0,0,0,v
2014-07-02 06:42,6.481,0.087,0,0,0,0,v
2014-07-02 06:48,6.489,0.069,0,0,0,0,v
2014-07-02 06:54,6.493,0.084,0,0,0,0,v
2014-07-02 07:00,6.490,0.084,0,0,0,0,v
2014-07-02 07:06,6.518,0.071,0,0,0,0,v
2014-07-02 07:12,6.523,0.067,0,0,0,0,v
2014-07-02 07:18,6.529,0.069,0,0,0,0,v
2014-07-02 07:24,6.555,0.080,0,0,0,0,v
2014-07-02 07:30,6.557,0.067,0,0,0,0,v
2014-07-02 07:36,6.579,0.067,0,0,0,0,v
2014-07-02 07:42,6.579,0.071,0,0,0,0,v
2014-07-02 07:48,6.583,0.090,0,0,0,0,v
2014-07-02 07:54,6.598,0.073,0,0,0,0,v
2014-07-02 08:00,6.610,0.065,0,0,0,0,v
2014-07-02 08:06,6.610,0.072,0,0,0,0,v
2014-07-02 08:12,6.627,0.071,0,0,0,0,v
2014-07-02 08:18,6.615,0.080,0,0,0,0,v
2014-07-02 08:24,6.624,0.071,0,0,0,0,v
2014-07-02 08:30,6.631,0.065,0,0,0,0,v
2014-07-02 08:36,6.625,0.072,0,0,0,0,v
2014-07-02 08:42,6.627,0.067,0,0,0,0,v
2014-07-02 08:48,6.639,0.080,0,0,0,0,v
2014-07-02 08:54,6.654,0.069,0,0,0,0,v
2014-07-02 09:00,6.670,0.077,0,0,0,0,v
2014-07-02 09:06,6.659,0.076,0,0,0,0,v
2014-07-02 09:12,6.663,0.080,0,0,0,0,v
2014-07-02 09:18,6.675,0.079,0,0,0,0,v
2014-07-02 09:24,6.690,0.076,0,0,0,0,v
2014-07-02 09:30,6.691,0.068,0,0,0,0,v
2014-07-02 09:36,6.672,0.078,0,0,0,0,v
2014-07-02 09:42,6.691,0.077,0,0,0,0,v
2014-07-02 09:48,6.682,0.069,0,0,0,0,v
2014-07-02 09:54,6.702,0.073,0,0,0,0,v
2014-07-02 10:00,6.731,0.067,0,0,0,0,v
2014-07-02 10:06,6.727,0.074,0,0,0,0,v
2014-07-02 10:12,6.739,0.073,0,0,0,0,v
2014-07-02 10:18,6.733,0.080,0,0,0,0,v
2014-07-02 10:24,6.727,0.071,0,0,0,0,v
2014-07-02 10:30,6.716,0.057,0,0,0,0,v
2014-07-02 10:36,6.734,0.073,0,0,0,0,v
2014-07-02 10:42,6.730,0.066,0,0,0,0,v
2014-07-02 10:48,6.727,0.060,0,0,0,0,v
2014-07-02 10:54,6.748,0.063,0,0,0,0,v
2014-07-02 11:00,6.771,0.060,0,0,0,0,v
2014-07-02 11:06,6.786,0.055,0,0,0,0,v
2014-07-02 11:12,6.778,0.066,0,0,0,0,v
2014-07-02 11:18,6.798,0.064,0,0,0,0,v
2014-07-02 11:24,6.779,0.058,0,0,0,0,v
2014-07-02 11:30,6.787,0.060,0,0,0,0,v
2014-07-02 11:36,6.795,0.062,0,0,0,0,v
2014-07-02 11:42,6.794,0.057,0,0,0,0,v
2014-07-02 11:48,6.788,0.062,0,0,0,0,v
2014-07-02 11:54,6.796,0.063,0,0,0,0,v
2014-07-02 12:00,6.800,0.062,0,0,0,0,v
2014-07-02 12:06,6.819,0.066,0,0,0,0,v
2014-07-02 12:12,6.800,0.065,0,0,0,0,v
2014-07-02 12:18,6.802,0.078,0,0,0,0,v
2014-07-02 12:24,6.804,0.066,0,0,0,0,v
2014-07-02 12:30,6.805,0.060,0,0,0,0,v
2014-07-02 12:36,6.821,0.060,0,0,0,0,v
2014-07-02 12:42,6.821,0.057,0,0,0,0,v
2014-07-02 12:48,6.813,0.065,0,0,0,0,v
2014-07-02 12:54,6.791,0.059,0,0,0,0,v
2014-07-02 13:00,6.807,0.061,0,0,0,0,v
2014-07-02 13:06,6.797,0.053,0,0,0,0,v
2014-07-02 13:12,6.799,0.072,0,0,0,0,v
2014-07-02 13:18,6.816,0.072,0,0,0,0,v
2014-07-02 13:24,6.824,0.061,0,0,0,0,v
2014-07-02 13:30,6.814,0.065,0,0,0,0,v
2014-07-02 13:36,6.819,0.060,0,0,0,0,v
2014-07-02 13:42,6.839,0.062,0,0,0,0,v
2014-07-02 13:48,6.832,0.070,0,0,0,0,v
2014-07-02 13:54,6.826,0.053,0,0,0,0,v
2014-07-02 14:00,6.811,0.061,0,0,0,0,v
2014-07-02 14:06,6.813,0.055,0,0,0,0,v
2014-07-02 14:12,6.806,0.055,0,0,0,0,v
2014-07-02 14:18,6.819,0.064,0,0,0,0,v
2014-07-02 14:24,6.816,0.056,0,0,0,0,v
2014-07-02 14:30,6.811,0.059,0,0,0,0,v
2014-07-02 14:36,6.816,0.051,0,0,0,0,v
2014-07-02 14:42,6.824,0.057,0,0,0,0,v
2014-07-02 14:48,6.805,0.048,0,0,0,0,v
2014-07-02 14:54,6.803,0.058,0,0,0,0,v
2014-07-02 15:00,6.793,0.059,0,0,0,0,v
2014-07-02 15:06,6.798,0.058,0,0,0,0,v
2014-07-02 15:12,6.800,0.065,0,0,0,0,v
2014-07-02 15:18,6.803,0.049,0,0,0,0,v
2014-07-02 15:24,6.789,0.052,0,0,0,0,v
2014-07-02 15:30,6.782,0.067,0,0,0,0,v
2014-07-02 15:36,6.751,0.062,0,0,0,0,v
2014-07-02 15:42,6.754,0.062,0,0,0,0,v
2014-07-02 15:48,6.755,0.052,0,0,0,0,v
2014-07-02 15:54,6.728,0.059,0,0,0,0,v
2014-07-02 16:00,6.758,0.053,0,0,0,0,v
2014-07-02 16:06,6.748,0.051,0,0,0,0,v
2014-07-02 16:12,6.750,0.062,0,0,0,0,v
2014-07-02 16:18,6.767,0.052,0,0,0,0,v
2014-07-02 16:24,6.766,0.053,0,0,0,0,v
2014-07-02 16:30,6.761,0.055,0,0,0,0,v
2014-07-02 16:36,6.748,0.054,0,0,0,0,v
2014-07-02 16:42,6.738,0.058,0,0,0,0,v
2014-07-02 16:48,6.726,0.061,0,0,0,0,v
2014-07-02 16:54,6.731,0.048,0,0,0,0,v
2014-07-02 17:00,6.711,0.065,0,0,0,0,v
2014-07-02 17:06,6.711,0.055,0,0,0,0,v
2014-07-02 17:12,6.705,0.057,0,0,0,0,v
2014-07-02 17:18,6.701,0.060,0,0,0,0,v
2014-07-02 17:24,6.702,0.059,0,0,0,0,v
2014-07-02 17:30,6.707,0.055,0,0,0,0,v
2014-07-02 17:36,6.704,0.063,0,0,0,0,v
2014-07-02 17:42,6.702,0.059,0,0,0,0,v
2014-07-02 17:48,6.709,0.058,0,0,0,0,v
2014-07-02 17:54,6.692,0.058,0,0,0,0,v
2014-07-02 18:00,6.705,0.062,0,0,0,0,v
2014-07-02 18:06,6.685,0.068,0,0,0,0,v
2014-07-02 18:12,6.659,0.049,0,0,0,0,v
2014-07-02 18:18,6.659,0.062,0,0,0,0,v
2014-07-02 18:24,6.653,0.056,0,0,0,0,v
2014-07-02 18:30,6.641,0.051,0,0,0,0,v
2014-07-02 18:36,6.660,0.055,0,0,0,0,v
2014-07-02 18:42,6.638,0.064,0,0,0,0,v
2014-07-02 18:48,6.632,0.063,0,0,0,0,v
2014-07-02 18:54,6.626,0.062,0,0,0,0,v
2014-07-02 19:00,6.624,0.064,0,0,0,0,v
2014-07-02 19:06,6.658,0.062,0,0,0,0,v
2014-07-02 19:12,6.671,0.059,0,0,0,0,v
2014-07-02 19:18,6.653,0.064,0,0,0,0,v
2014-07-02 19:24,6.640,0.058,0,0,0,0,v
2014-07-02 19:30,6.642,0.070,0,0,0,0,v
2014-07-02 19:36,6.638,0.066,0,0,0,0,v
2014-07-02 19:42,6.659,0.065,0,0,0,0,v
2014-07-02 19:48,6.686,0.063,0,0,0,0,v
2014-07-02 19:54,6.655,0.066,0,0,0,0,v
2014-07-02 20:00,6.635,0.067,0,0,0,0,v
2014-07-02 20:06,6.661,0.069,0,0,0,0,v
2014-07-02 20:12,6.669,0.061,0,0,0,0,v
2014-07-02 20:18,6.648,0.065,0,0,0,0,v
2014-07-02 20:24,6.664,0.070,0,0,0,0,v
2014-07-02 20:30,6.672,0.076,0,0,0,0,v
2014-07-02 20:36,6.705,0.059,0,0,0,0,v
2014-07-02 20:42,6.675,0.073,0,0,0,0,v
2014-07-02 20:48,6.686,0.064,0,0,0,0,v
2014-07-02 20:54,6.658,0.066,0,0,0,0,v
2014-07-02 21:00,6.664,0.071,0,0,0,0,v
2014-07-02 21:06,6.625,0.074,0,0,0,0,v
2014-07-02 21:12,6.595,0.073,0,0,0,0,v
2014-07-02 21:18,6.581,0.071,0,0,0,0,v
2014-07-02 21:24,6.601,0.074,0,0,0,0,v
2014-07-02 21:30,6.602,0.077,0,0,0,0,v
2014-07-02 21:36,6.616,0.075,0,0,0,0,v
2014-07-02 21:42,6.652,0.066,0,0,0,0,v
2014-07-02 21:48,6.670,0.061,0,0,0,0,v
2014-07-02 21:54,6.680,0.072,0,0,0,0,v
2014-07-02 22:00,6.691,0.073,0,0,0,0,v
2014-07-02 22:06,6.672,0.076,0,0,0,0,v
2014-07-02 22:12,6.672,0.077,0,0,0,0,v
2014-07-02 22:18,6.636,0.065,0,0,0,0,v
2014-07-02 22:24,6.638,0.065,0,0,0,0,v
2014-07-02 22:30,6.640,0.077,0,0,0,0,v
2014-07-02 22:36,6.631,0.067,0,0,0,0,v
2014-07-02 22:42,6.664,0.067,0,0,0,0,v
2014-07-02 22:48,6.680,0.069,0,0,0,0,v
2014-07-02 22:54,6.674,0.069,0,0,0,0,v
2014-07-02 23:00,6.665,0.064,0,0,0,0,v
2014-07-02 23:06,6.658,0.049,0,0,0,0,v
2014-07-02 23:12,6.679,0.067,0,0,0,0,v
2014-07-02 23:18,6.647,0.067,0,0,0,0,v
2014-07-02 23:24,6.639,0.073,0,0,0,0,v
2014-07-02 23:30,6.614,0.068,0,0,0,0,v
2014-07-02 23:36,6.627,0.070,0,0,0,0,v
2014-07-02 23:42,6.606,0.070,0,0,0,0,v
2014-07-02 23:48,6.601,0.078,0,0,0,0,v
2014-07-02 23:54,6.595,0.064,0,0,0,0,v
2014-07-03 00:00,6.597,0.053,0,0,0,0,v
2014-07-03 00:06,6.603,0.068,0,0,0,0,v
2014-07-03 00:12,6.594,0.077,0,0,0,0,v
2014-07-03 00:18,6.583,0.065,0,0,0,0,v
2014-07-03 00:24,6.588,0.071,0,0,0,0,v
2014-07-03 00:30,6.592,0.066,0,0,0,0,v
2014-07-03 00:36,6.612,0.074,0,0,0,0,v
2014-07-03 00:42,6.593,0.065,0,0,0,0,v
2014-07-03 00:48,6.595,0.059,0,0,0,0,v
2014-07-03 00:54,6.601,0.066,0,0,0,0,v
2014-07-03 01:00,6.610,0.070,0,0,0,0,v
2014-07-03 01:06,6.616,0.072,0,0,0,0,v
2014-07-03 01:12,6.603,0.070,0,0,0,0,v
2014-07-03 01:18,6.592,0.070,0,0,0,0,v
2014-07-03 01:24,6.605,0.069,0,0,0,0,v
2014-07-03 01:30,6.602,0.063,0,0,0,0,v
2014-07-03 01:36,6.593,0.077,0,0,0,0,v
2014-07-03 01:42,6.618,0.063,0,0,0,0,v
2014-07-03 01:48,6.607,0.070,0,0,0,0,v
2014-07-03 01:54,6.588,0.068,0,0,0,0,v
2014-07-03 02:00,6.575,0.072,0,0,0,0,v
2014-07-03 02:06,6.570,0.068,0,0,0,0,v
2014-07-03 02:12,6.555,0.062,0,0,0,0,v
2014-07-03 02:18,6.551,0.068,0,0,0,0,v
2014-07-03 02:24,6.552,0.065,0,0,0,0,v
2014-07-03 02:30,6.581,0.068,0,0,0,0,v
2014-07-03 02:36,6.587,0.060,0,0,0,0,v
2014-07-03 02:42,6.583,0.072,0,0,0,0,v
2014-07-03 02:48,6.560,0.062,0,0,0,0,v
2014-07-03 02:54,6.557,0.052,0,0,0,0,v
2014-07-03 03:00,6.549,0.058,0,0,0,0,v
2014-07-03 03:06,6.542,0.051,0,0,0,0,v
2014-07-03 03:12,6.546,0.061,0,0,0,0,v
2014-07-03 03:18,6.525,0.065,0,0,0,0,v
2014-07-03 03:24,6.545,0.059,0,0,0,0,v
2014-07-03 03:30,6.543,0.072,0,0,0,0,v
2014-07-03 03:36,6.530,0.060,0,0,0,0,v
2014-07-03 03:42,6.519,0.052,0,0,0,0,v
2014-07-03 03:48,6.510,0.063,0,0,0,0,v
2014-07-03 03:54,6.543,0.060,0,0,0,0,v
2014-07-03 04:00,6.508,0.056,0,0,0,0,v
2014-07-03 04:06,6.497,0.059,0,0,0,0,v
2014-07-03 04:12,6.479,0.061,0,0,0,0,v
2014-07-03 04:18,6.484,0.055,0,0,0,0,v
2014-07-03 04:24,6.494,0.059,0,0,0,0,v
2014-07-03 04:30,6.481,0.069,0,0,0,0,v
2014-07-03 04:36,6.486,0.067,0,0,0,0,v
2014-07-03 04:42,6.507,0.050,0,0,0,0,v
2014-07-03 04:48,6.504,0.054,0,0,0,0,v
2014-07-03 04:54,6.495,0.055,0,0,0,0,v
2014-07-03 05:00,6.490,0.047,0,0,0,0,v
2014-07-03 05:06,6.504,0.052,0,0,0,0,v
2014-07-03 05:12,6.484,0.063,0,0,0,0,v
2014-07-03 05:18,6.510,0.060,0,0,0,0,v
2014-07-03 05:24,6.515,0.062,0,0,0,0,v
2014-07-03 05:30,6.517,0.065,0,0,0,0,v
2014-07-03 05:36,6.513,0.056,0,0,0,0,v
2014-07-03 05:42,6.491,0.046,0,0,0,0,v
2014-07-03 05:48,6.493,0.059,0,0,0,0,v
2014-07-03 05:54,6.496,0.058,0,0,0,0,v
2014-07-03 06:00,6.495,0.065,0,0,0,0,v
2014-07-03 06:06,6.500,0.064,0,0,0,0,v
2014-07-03 06:12,6.520,0.066,0,0,0,0,v
2014-07-03 06:18,6.494,0.070,0,0,0,0,v
2014-07-03 06:24,6.517,0.055,0,0,0,0,v
2014-07-03 06:30,6.525,0.054,0,0,0,0,v
2014-07-03 06:36,6.526,0.064,0,0,0,0,v
2014-07-03 06:42,6.545,0.055,0,0,0,0,v
2014-07-03 06:48,6.546,0.060,0,0,0,0,v
2014-07-03 06:54,6.534,0.062,0,0,0,0,v
2014-07-03 07:00,6.523,0.064,0,0,0,0,v
2014-07-03 07:06,6.517,0.067,0,0,0,0,v
2014-07-03 07:12,6.513,0.061,0,0,0,0,v
2014-07-03 07:18,6.499,0.063,0,0,0,0,v
2014-07-03 07:24,6.490,0.058,0,0,0,0,v
2014-07-03 07:30,6.527,0.052,0,0,0,0,v
2014-07-03 07:36,6.501,0.059,0,0,0,0,v
2014-07-03 07:42,6.527,0.055,0,0,0,0,v
2014-07-03 07:48,6.526,0.052,0,0,0,0,v
2014-07-03 07:54,6.523,0.065,0,0,0,0,v
2014-07-03 08:00,6.523,0.050,0,0,0,0,v
2014-07-03 08:06,6.536,0.059,0,0,0,0,v
2014-07-03 08:12,6.549,0.057,0,0,0,0,v
2014-07-03 08:18,6.541,0.066,0,0,0,0,v
2014-07-03 08:24,6.527,0.060,0,0,0,0,v
2014-07-03 08:30,6.532,0.064,0,0,0,0,v
2014-07-03 08:36,6.545,0.064,0,0,0,0,v
2014-07-03 08:42,6.528,0.085,0,0,0,0,v
2014-07-03 08:48,6.558,0.061,0,0,0,0,v
2014-07-03 08:54,6.554,0.069,0,0,0,0,v
2014-07-03 09:00,6.568,0.058,0,0,0,0,v
2014-07-03 09:06,6.593,0.058,0,0,0,0,v
2014-07-03 09:12,6.568,0.059,0,0,0,0,v
2014-07-03 09:18,6.582,0.064,0,0,0,0,v
2014-07-03 09:24,6.594,0.049,0,0,0,0,v
2014-07-03 09:30,6.602,0.056,0,0,0,0,v
2014-07-03 09:36,6.589,0.058,0,0,0,0,v
2014-07-03 09:42,6.601,0.056,0,0,0,0,v
2014-07-03 09:48,6.626,0.052,0,0,0,0,v
2014-07-03 09:54,6.640,0.045,0,0,0,0,v
2014-07-03 10:00,6.655,0.060,0,0,0,0,v
2014-07-03 10:06,6.637,0.054,0,0,0,0,v
2014-07-03 10:12,6.641,0.058,0,0,0,0,v
2014-07-03 10:18,6.664,0.056,0,0,0,0,v
2014-07-03 10:24,6.669,0.062,0,0,0,0,v
2014-07-03 10:30,6.693,0.042,0,0,0,0,v
2014-07-03 10:36,6.694,0.055,0,0,0,0,v
2014-07-03 10:42,6.755,0.046,0,0,0,0,v
2014-07-03 10:48,6.757,0.058,0,0,0,0,v
2014-07-03 10:54,6.760,0.054,0,0,0,0,v
2014-07-03 11:00,6.744,0.058,0,0,0,0,v
2014-07-03 11:06,6.735,0.067,0,0,0,0,v
2014-07-03 11:12,6.726,0.060,0,0,0,0,v
2014-07-03 11:18,6.723,0.063,0,0,0,0,v
2014-07-03 11:24,6.740,0.057,0,0,0,0,v
2014-07-03 11:30,6.723,0.049,0,0,0,0,v
2014-07-03 11:36,6.743,0.059,0,0,0,0,v
2014-07-03 11:42,6.748,0.053,0,0,0,0,v
2014-07-03 11:48,6.762,0.050,0,0,0,0,v
2014-07-03 11:54,6.762,0.052,0,0,0,0,v
2014-07-03 12:00,6.738,0.056,0,0,0,0,v
2014-07-03 12:06,6.731,0.050,0,0,0,0,v
2014-07-03 12:12,6.751,0.058,0,0,0,0,v
2014-07-03 12:18,6.767,0.054,0,0,0,0,v
2014-07-03 12:24,6.763,0.051,0,0,0,0,v
2014-07-03 12:30,6.762,0.054,0,0,0,0,v
2014-07-03 12:36,6.765,0.054,0,0,0,0,v
2014-07-03 12:42,6.761,0.052,0,0,0,0,v
2014-07-03 12:48,6.749,0.056,0,0,0,0,v
2014-07-03 12:54,6.739,0.054,0,0,0,0,v
2014-07-03 13:00,6.758,0.056,0,0,0,0,v
2014-07-03 13:06,6.767,0.053,0,0,0,0,v
2014-07-03 13:12,6.755,0.055,0,0,0,0,v
2014-07-03 13:18,6.768,0.046,0,0,0,0,v
2014-07-03 13:24,6.776,0.060,0,0,0,0,v
2014-07-03 13:30,6.736,0.061,0,0,0,0,v
2014-07-03 13:36,6.751,0.054,0,0,0,0,v
2014-07-03 13:42,6.738,0.055,0,0,0,0,v
2014-07-03 13:48,6.737,0.052,0,0,0,0,v
2014-07-03 13:54,6.760,0.048,0,0,0,0,v
2014-07-03 14:00,6.764,0.050,0,0,0,0,v
2014-07-03 14:06,6.735,0.059,0,0,0,0,v
2014-07-03 14:12,6.712,0.049,0,0,0,0,v
2014-07-03 14:18,6.718,0.047,0,0,0,0,v
2014-07-03 14:24,6.726,0.051,0,0,0,0,v
2014-07-03 14:30,6.724,0.050,0,0,0,0,v
2014-07-03 14:36,6.732,0.064,0,0,0,0,v
2014-07-03 14:42,6.735,0.061,0,0,0,0,v
2014-07-03 14:48,6.697,0.046,0,0,0,0,v
2014-07-03 14:54,6.704,0.048,0,0,0,0,v
2014-07-03 15:00,6.722,0.056,0,0,0,0,v
2014-07-03 15:06,6.741,0.049,0,0,0,0,v
2014-07-03 15:12,6.719,0.052,0,0,0,0,v
2014-07-03 15:18,6.716,0.049,0,0,0,0,v
2014-07-03 15:24,6.728,0.054,0,0,0,0,v
2014-07-03 15:30,6.708,0.055,0,0,0,0,v
2014-07-03 15:36,6.713,0.049,0,0,0,0,v
2014-07-03 15:42,6.696,0.047,0,0,0,0,v
2014-07-03 15:48,6.701,0.055,0,0,0,0,v
2014-07-03 15:54,6.710,0.054,0,0,0,0,v
2014-07-03 16:00,6.736,0.048,0,0,0,0,v
2014-07-03 16:06,6.719,0.049,0,0,0,0,v
2014-07-03 16:12,6.713,0.048,0,0,0,0,v
2014-07-03 16:18,6.704,0.050,0,0,0,0,v
2014-07-03 16:24,6.709,0.044,0,0,0,0,v
2014-07-03 16:30,6.705,0.053,0,0,0,0,v
2014-07-03 16:36,6.690,0.055,0,0,0,0,v
2014-07-03 16:42,6.670,0.044,0,0,0,0,v
2014-07-03 16:48,6.667,0.039,0,0,0,0,v
2014-07-03 16:54,6.684,0.051,0,0,0,0,v
2014-07-03 17:00,6.679,0.042,0,0,0,0,v
2014-07-03 17:06,6.665,0.047,0,0,0,0,v
2014-07-03 17:12,6.678,0.050,0,0,0,0,v
2014-07-03 17:18,6.694,0.047,0,0,0,0,v
2014-07-03 17:24,6.683,0.047,0,0,0,0,v
2014-07-03 17:30,6.676,0.045,0,0,0,0,v
2014-07-03 17:36,6.685,0.043,0,0,0,0,v
2014-07-03 17:42,6.678,0.054,0,0,0,0,v
2014-07-03 17:48,6.691,0.043,0,0,0,0,v
2014-07-03 17:54,6.705,0.050,0,0,0,0,v
2014-07-03 18:00,6.672,0.043,0,0,0,0,v
2014-07-03 18:06,6.666,0.047,0,0,0,0,v
2014-07-03 18:12,6.671,0.053,0,0,0,0,v
2014-07-03 18:18,6.645,0.039,0,0,0,0,v
2014-07-03 18:24,6.645,0.061,0,0,0,0,v
2014-07-03 18:30,6.650,0.040,0,0,0,0,v
2014-07-03 18:36,6.639,0.036,0,0,0,0,v
2014-07-03 18:42,6.609,0.040,0,0,0,0,v
2014-07-03 18:48,6.604,0.043,0,0,0,0,v
2014-07-03 18:54,6.596,0.035,0,0,0,0,v
2014-07-03 19:00,6.605,0.038,0,0,0,0,v
2014-07-03 19:06,6.580,0.042,0,0,0,0,v
2014-07-03 19:12,6.568,0.039,0,0,0,0,v
2014-07-03 19:18,6.569,0.043,0,0,0,0,v
2014-07-03 19:24,6.560,0.039,0,0,0,0,v
2014-07-03 19:30,6.598,0.040,0,0,0,0,v
2014-07-03 19:36,6.581,0.039,0,0,0,0,v
2014-07-03 19:42,6.587,0.039,0,0,0,0,v
2014-07-03 19:48,6.579,0.042,0,0,0,0,v
2014-07-03 19:54,6.593,0.041,0,0,0,0,v
2014-07-03 20:00,6.601,0.036,0,0,0,0,v
2014-07-03 20:06,6.625,0.041,0,0,0,0,v
2014-07-03 20:12,6.611,0.036,0,0,0,0,v
2014-07-03 20:18,6.613,0.037,0,0,0,0,v
2014-07-03 20:24,6.583,0.037,0,0,0,0,v
2014-07-03 20:30,6.595,0.039,0,0,0,0,v
2014-07-03 20:36,6.585,0.037,0,0,0,0,v
2014-07-03 20:42,6.614,0.039,0,0,0,0,v
2014-07-03 20:48,6.638,0.028,0,0,0,0,v
2014-07-03 20:54,6.650,0.043,0,0,0,0,v
2014-07-03 21:00,6.646,0.037,0,0,0,0,v
2014-07-03 21:06,6.644,0.043,0,0,0,0,v
2014-07-03 21:12,6.609,0.037,0,0,0,0,v
2014-07-03 21:18,6.594,0.039,0,0,0,0,v
2014-07-03 21:24,6.588,0.038,0,0,0,0,v
2014-07-03 21:30,6.604,0.039,0,0,0,0,v
2014-07-03 21:36,6.587,0.043,0,0,0,0,v
2014-07-03 21:42,6.616,0.040,0,0,0,0,v
2014-07-03 21:48,6.617,0.036,0,0,0,0,v
2014-07-03 21:54,6.608,0.041,0,0,0,0,v
2014-07-03 22:00,6.614,0.042,0,0,0,0,v
2014-07-03 22:06,6.609,0.032,0,0,0,0,v
2014-07-03 22:12,6.607,0.036,0,0,0,0,v
2014-07-03 22:18,6.632,0.034,0,0,0,0,v
2014-07-03 22:24,6.638,0.044,0,0,0,0,v
2014-07-03 22:30,6.630,0.035,0,0,0,0,v
2014-07-03 22:36,6.642,0.041,0,0,0,0,v
2014-07-03 22:42,6.632,0.038,0,0,0,0,v
2014-07-03 22:48,6.620,0.037,0,0,0,0,v
2014-07-03 22:54,6.598,0.038,0,0,0,0,v
2014-07-03 23:00,6.612,0.036,0,0,0,0,v
2014-07-03 23:06,6.618,0.035,0,0,0,0,v
2014-07-03 23:12,6.626,0.034,0,0,0,0,v
2014-07-03 23:18,6.634,0.036,0,0,0,0,v
2014-07-03 23:24,6.623,0.040,0,0,0,0,v
2014-07-03 23:30,6.636,0.039,0,0,0,0,v
2014-07-03 23:36,6.629,0.032,0,0,0,0,v
2014-07-03 23:42,6.624,0.033,0,0,0,0,v
2014-07-03 23:48,6.618,0.036,0,0,0,0,v
2014-07-03 23:54,6.631,0.032,0,0,0,0,v
2014-07-04 00:00,6.639,0.034,0,0,0,0,v
2014-07-04 00:06,6.649,0.035,0,0,0,0,v
2014-07-04 00:12,6.647,0.035,0,0,0,0,v
2014-07-04 00:18,6.635,0.028,0,0,0,0,v
2014-07-04 00:24,6.636,0.040,0,0,0,0,v
2014-07-04 00:30,6.651,0.030,0,0,0,0,v
2014-07-04 00:36,6.662,0.031,0,0,0,0,v
2014-07-04 00:42,6.678,0.036,0,0,0,0,v
2014-07-04 00:48,6.693,0.035,0,0,0,0,v
2014-07-04 00:54,6.671,0.036,0,0,0,0,v
2014-07-04 01:00,6.671,0.034,0,0,0,0,v
2014-07-04 01:06,6.675,0.038,0,0,0,0,v
2014-07-04 01:12,6.661,0.034,0,0,0,0,v
2014-07-04 01:18,6.654,0.037,0,0,0,0,v
2014-07-04 01:24,6.654,0.038,0,0,0,0,v
2014-07-04 01:30,6.644,0.030,0,0,0,0,v
2014-07-04 01:36,6.645,0.038,0,0,0,0,v
2014-07-04 01:42,6.638,0.038,0,0,0,0,v
2014-07-04 01:48,6.641,0.033,0,0,0,0,v
2014-07-04 01:54,6.614,0.032,0,0,0,0,v
2014-07-04 02:00,6.627,0.040,0,0,0,0,v
2014-07-04 02:06,6.619,0.033,0,0,0,0,v
2014-07-04 02:12,6.613,0.031,0,0,0,0,v
2014-07-04 02:18,6.591,0.040,0,0,0,0,v
2014-07-04 02:24,6.591,0.038,0,0,0,0,v
2014-07-04 02:30,6.603,0.035,0,0,0,0,v
2014-07-04 02:36,6.623,0.038,0,0,0,0,v
2014-07-04 02:42,6.631,0.040,0,0,0,0,v
2014-07-04 02:48,6.635,0.033,0,0,0,0,v
2014-07-04 02:54,6.614,0.040,0,0,0,0,v
2014-07-04 03:00,6.592,0.040,0,0,0,0,v
2014-07-04 03:06,6.590,0.036,0,0,0,0,v
2014-07-04 03:12,6.614,0.033,0,0,0,0,v
2014-07-04 03:18,6.606,0.037,0,0,0,0,v
2014-07-04 03:24,6.613,0.041,0,0,0,0,v
2014-07-04 03:30,6.574,0.040,0,0,0,0,v
2014-07-04 03:36,6.558,0.039,0,0,0,0,v
2014-07-04 03:42,6.558,0.034,0,0,0,0,v
2014-07-04 03:48,6.588,0.036,0,0,0,0,v
2014-07-04 03:54,6.585,0.040,0,0,0,0,v
2014-07-04 04:00,6.601,0.036,0,0,0,0,v
2014-07-04 04:06,6.598,0.038,0,0,0,0,v
2014-07-04 04:12,6.595,0.040,0,0,0,0,v
2014-07-04 04:18,6.553,0.040,0,0,0,0,v
2014-07-04 04:24,6.549,0.035,0,0,0,0,v
2014-07-04 04:30,6.558,0.036,0,0,0,0,v
2014-07-04 04:36,6.588,0.045,0,0,0,0,v
2014-07-04 04:42,6.587,0.044,0,0,0,0,v
2014-07-04 04:48,6.583,0.042,0,0,0,0,v
2014-07-04 04:54,6.564,0.047,0,0,0,0,v
2014-07-04 05:00,6.564,0.043,0,0,0,0,v
2014-07-04 05:06,6.553,0.043,0,0,0,0,v
2014-07-04 05:12,6.567,0.048,0,0,0,0,v
2014-07-04 05:18,6.557,0.044,0,0,0,0,v
2014-07-04 05:24,6.590,0.042,0,0,0,0,v
2014-07-04 05:30,6.566,0.051,0,0,0,0,v
2014-07-04 05:36,6.579,0.044,0,0,0,0,v
2014-07-04 05:42,6.564,0.048,0,0,0,0,v
2014-07-04 05:48,6.550,0.048,0,0,0,0,v
2014-07-04 05:54,6.547,0.046,0,0,0,0,v
2014-07-04 06:00,6.558,0.044,0,0,0,0,v
2014-07-04 06:06,6.535,0.046,0,0,0,0,v
2014-07-04 06:12,6.528,0.046,0,0,0,0,v
2014-07-04 06:18,6.568,0.052,0,0,0,0,v
2014-07-04 06:24,6.555,0.053,0,0,0,0,v
2014-07-04 06:30,6.561,0.051,0,0,0,0,v
2014-07-04 06:36,6.619,0.056,0,0,0,0,v
2014-07-04 06:42,6.581,0.057,0,0,0,0,v
2014-07-04 06:48,6.591,0.046,0,0,0,0,v
2014-07-04 06:54,6.569,0.050,0,0,0,0,v
2014-07-04 07:00,6.576,0.052,0,0,0,0,v
2014-07-04 07:06,6.570,0.053,0,0,0,0,v
2014-07-04 07:12,6.578,0.049,0,0,0,0,v
2014-07-04 07:18,6.558,0.061,0,0,0,0,v
2014-07-04 07:24,6.578,0.051,0,0,0,0,v
2014-07-04 07:30,6.572,0.059,0,0,0,0,v
2014-07-04 07:36,6.544,0.048,0,0,0,0,v
2014-07-04 07:42,6.570,0.056,0,0,0,0,v
2014-07-04 07:48,6.603,0.053,0,0,0,0,v
2014-07-04 07:54,6.636,0.060,0,0,0,0,v
2014-07-04 08:00,6.622,0.054,0,0,0,0,v
2014-07-04 08:06,6.617,0.057,0,0,0,0,v
2014-07-04 08:12,6.630,0.052,0,0,0,0,v
2014-07-04 08:18,6.614,0.055,0,0,0,0,v
2014-07-04 08:24,6.578,0.055,0,0,0,0,v
2014-07-04 08:30,6.610,0.041,0,0,0,0,v
2014-07-04 08:36,6.596,0.053,0,0,0,0,v
2014-07-04 08:42,6.565,0.050,0,0,0,0,v
2014-07-04 08:48,6.554,0.051,0,0,0,0,v
2014-07-04 08:54,6.561,0.054,0,0,0,0,v
2014-07-04 09:00,6.540,0.060,0,0,0,0,v
2014-07-04 09:06,6.569,0.051,0,0,0,0,v
2014-07-04 09:12,6.595,0.046,0,0,0,0,v
2014-07-04 09:18,6.592,0.056,0,0,0,0,v
2014-07-04 09:24,6.586,0.049,0,0,0,0,v
2014-07-04 09:30,6.566,0.049,0,0,0,0,v
2014-07-04 09:36,6.574,0.054,0,0,0,0,v
2014-07-04 09:42,6.557,0.051,0,0,0,0,v
2014-07-04 09:48,6.592,0.049,0,0,0,0,v
2014-07-04 09:54,6.602,0.048,0,0,0,0,v
2014-07-04 10:00,6.590,0.057,0,0,0,0,v
2014-07-04 10:06,6.589,0.054,0,0,0,0,v
2014-07-04 10:12,6.591,0.055,0,0,0,0,v
2014-07-04 10:18,6.642,0.056,0,0,0,0,v
2014-07-04 10:24,6.635,0.050,0,0,0,0,v
2014-07-04 10:30,6.633,0.050,0,0,0,0,v
2014-07-04 10:36,6.619,0.050,0,0,0,0,v
2014-07-04 10:42,6.610,0.050,0,0,0,0,v
2014-07-04 10:48,6.608,0.047,0,0,0,0,v
2014-07-04 10:54,6.608,0.053,0,0,0,0,v
2014-07-04 11:00,6.667,0.054,0,0,0,0,v
2014-07-04 11:06,6.640,0.047,0,0,0,0,v
2014-07-04 11:12,6.646,0.052,0,0,0,0,v
2014-07-04 11:18,6.641,0.047,0,0,0,0,v
2014-07-04 11:24,6.649,0.042,0,0,0,0,v
2014-07-04 11:30,6.686,0.049,0,0,0,0,v
2014-07-04 11:36,6.665,0.053,0,0,0,0,v
2014-07-04 11:42,6.661,0.047,0,0,0,0,v
2014-07-04 11:48,6.657,0.051,0,0,0,0,v
2014-07-04 11:54,6.671,0.048,0,0,0,0,v
2014-07-04 12:00,6.689,0.047,0,0,0,0,v
2014-07-04 12:06,6.712,0.045,0,0,0,0,v
2014-07-04 12:12,6.720,0.047,0,0,0,0,v
2014-07-04 12:18,6.741,0.050,0,0,0,0,v
2014-07-04 12:24,6.743,0.046,0,0,0,0,v
2014-07-04 12:30,6.729,0.051,0,0,0,0,v
2014-07-04 12:36,6.733,0.049,0,0,0,0,v
2014-07-04 12:42,6.743,0.048,0,0,0,0,v
2014-07-04 12:48,6.744,0.052,0,0,0,0,v
2014-07-04 12:54,6.705,0.053,0,0,0,0,v
2014-07-04 13:00,6.725,0.049,0,0,0,0,v
2014-07-04 13:06,6.716,0.055,0,0,0,0,v
2014-07-04 13:12,6.706,0.057,0,0,0,0,v
2014-07-04 13:18,6.700,0.045,0,0,0,0,v
2014-07-04 13:24,6.688,0.047,0,0,0,0,v
2014-07-04 13:30,6.643,0.048,0,0,0,0,v
2014-07-04 13:36,6.667,0.055,0,0,0,0,v
2014-07-04 13:42,6.657,0.040,0,0,0,0,v
2014-07-04 13:48,6.642,0.049,0,0,0,0,v
2014-07-04 13:54,6.658,0.056,0,0,0,0,v
2014-07-04 14:00,6.700,0.047,0,0,0,0,v
2014-07-04 14:06,6.673,0.048,0,0,0,0,v
2014-07-04 14:12,6.669,0.057,0,0,0,0,v
2014-07-04 14:18,6.662,0.048,0,0,0,0,v
2014-07-04 14:24,6.666,0.050,0,0,0,0,v
2014-07-04 14:30,6.670,0.051,0,0,0,0,v
2014-07-04 14:36,6.666,0.050,0,0,0,0,v
2014-07-04 14:42,6.653,0.052,0,0,0,0,v
2014-07-04 14:48,6.652,0.049,0,0,0,0,v
2014-07-04 14:54,6.640,0.049,0,0,0,0,v
2014-07-04 15:00,6.649,0.048,0,0,0,0,v
2014-07-04 15:06,6.648,0.045,0,0,0,0,v
2014-07-04 15:12,6.639,0.051,0,0,0,0,v
2014-07-04 15:18,6.621,0.055,0,0,0,0,v
2014-07-04 15:24,6.623,0.052,0,0,0,0,v
2014-07-04 15:30,6.622,0.053,0,0,0,0,v
2014-07-04 15:36,6.611,0.058,0,0,0,0,v
2014-07-04 15:42,6.625,0.057,0,0,0,0,v
2014-07-04 15:48,6.645,0.059,0,0,0,0,v
2014-07-04 15:54,6.625,0.061,0,0,0,0,v
2014-07-04 16:00,6.640,0.052,0,0,0,0,v
2014-07-04 16:06,6.649,0.049,0,0,0,0,v
2014-07-04 16:12,6.638,0.053,0,0,0,0,v
2014-07-04 16:18,6.648,0.061,0,0,0,0,v
2014-07-04 16:24,6.635,0.051,0,0,0,0,v
2014-07-04 16:30,6.638,0.050,0,0,0,0,v
2014-07-04 16:36,6.642,0.049,0,0,0,0,v
2014-07-04 16:42,6.624,0.057,0,0,0,0,v
2014-07-04 16:48,6.624,0.057,0,0,0,0,v
2014-07-04 16:54,6.593,0.054,0,0,0,0,v
2014-07-04 17:00,6.613,0.054,0,0,0,0,v
2014-07-04 17:06,6.625,0.050,0,0,0,0,v
2014-07-04 17:12,6.628,0.051,0,0,0,0,v
2014-07-04 17:18,6.638,0.060,0,0,0,0,v
2014-07-04 17:24,6.657,0.049,0,0,0,0,v
2014-07-04 17:30,6.659,0.056,0,0,0,0,v
2014-07-04 17:36,6.633,0.066,0,0,0,0,v
2014-07-04 17:42,6.590,0.049,0,0,0,0,v
2014-07-04 17:48,6.570,0.051,0,0,0,0,v
2014-07-04 17:54,6.580,0.056,0,0,0,0,v
2014-07-04 18:00,6.579,0.053,0,0,0,0,v
2014-07-04 18:06,6.583,0.064,0,0,0,0,v
2014-07-04 18:12,6.570,0.059,0,0,0,0,v
2014-07-04 18:18,6.540,0.046,0,0,0,0,v
2014-07-04 18:24,6.544,0.048,0,0,0,0,v
2014-07-04 18:30,6.548,0.057,0,0,0,0,v
2014-07-04 18:36,6.534,0.052,0,0,0,0,v
2014-07-04 18:42,6.556,0.051,0,0,0,0,v
2014-07-04 18:48,6.554,0.058,0,0,0,0,v
2014-07-04 18:54,6.550,0.042,0,0,0,0,v
2014-07-04 19:00,6.562,0.046,0,0,0,0,v
2014-07-04 19:06,6.546,0.053,0,0,0,0,v
2014-07-04 19:12,6.524,0.046,0,0,0,0,v
2014-07-04 19:18,6.510,0.036,0,0,0,0,v
2014-07-04 19:24,6.512,0.051,0,0,0,0,v
2014-07-04 19:30,6.512,0.053,0,0,0,0,v
2014-07-04 19:36,6.501,0.047,0,0,0,0,v
2014-07-04 19:42,6.506,0.044,0,0,0,0,v
2014-07-04 19:48,6.530,0.052,0,0,0,0,v
2014-07-04 19:54,6.524,0.053,0,0,0,0,v
2014-07-04 20:00,6.532,0.044,0,0,0,0,v
2014-07-04 20:06,6.543,0.050,0,0,0,0,v
2014-07-04 20:12,6.546,0.044,0,0,0,0,v
2014-07-04 20:18,6.521,0.042,0,0,0,0,v
2014-07-04 20:24,6.528,0.039,0,0,0,0,v
2014-07-04 20:30,6.508,0.044,0,0,0,0,v
2014-07-04 20:36,6.508,0.039,0,0,0,0,v
2014-07-04 20:42,6.494,0.043,0,0,0,0,v
2014-07-04 20:48,6.484,0.040,0,0,0,0,v
2014-07-04 20:54,6.491,0.044,0,0,0,0,v
2014-07-04 21:00,6.482,0.043,0,0,0,0,v
2014-07-04 21:06,6.494,0.040,0,0,0,0,v
2014-07-04 21:12,6.491,0.044,0,0,0,0,v
2014-07-04 21:18,6.484,0.045,0,0,0,0,v
2014-07-04 21:24,6.483,0.043,0,0,0,0,v
2014-07-04 21:30,6.472,0.042,0,0,0,0,v
2014-07-04 21:36,6.480,0.044,0,0,0,0,v
2014-07-04 21:42,6.487,0.045,0,0,0,0,v
2014-07-04 21:48,6.492,0.044,0,0,0,0,v
2014-07-04 21:54,6.503,0.042,0,0,0,0,v
2014-07-04 22:00,6.501,0.047,0,0,0,0,v
2014-07-04 22:06,6.523,0.052,0,0,0,0,v
2014-07-04 22:12,6.533,0.051,0,0,0,0,v
2014-07-04 22:18,6.524,0.044,0,0,0,0,v
2014-07-04 22:24,6.510,0.045,0,0,0,0,v
2014-07-04 22:30,6.540,0.053,0,0,0,0,v
2014-07-04 22:36,6.539,0.043,0,0,0,0,v
2014-07-04 22:42,6.555,0.047,0,0,0,0,v
2014-07-04 22:48,6.564,0.051,0,0,0,0,v
2014-07-04 22:54,6.577,0.047,0,0,0,0,v
2014-07-04 23:00,6.571,0.049,0,0,0,0,v
2014-07-04 23:06,6.550,0.044,0,0,0,0,v
2014-07-04 23:12,6.543,0.043,0,0,0,0,v
2014-07-04 23:18,6.563,0.045,0,0,0,0,v
2014-07-04 23:24,6.560,0.046,0,0,0,0,v
2014-07-04 23:30,6.558,0.041,0,0,0,0,v
2014-07-04 23:36,6.549,0.053,0,0,0,0,v
2014-07-04 23:42,6.577,0.045,0,0,0,0,v
2014-07-04 23:48,6.575,0.049,0,0,0,0,v
2014-07-04 23:54,6.567,0.044,0,0,0,0,v
2014-07-05 00:00,6.561,0.051,0,0,0,0,v
2014-07-05 00:06,6.565,0.041,0,0,0,0,v
2014-07-05 00:12,6.563,0.043,0,0,0,0,v
2014-07-05 00:18,6.558,0.042,0,0,0,0,v
2014-07-05 00:24,6.550,0.052,0,0,0,0,v
2014-07-05 00:30,6.573,0.046,0,0,0,0,v
2014-07-05 00:36,6.578,0.054,0,0,0,0,v
2014-07-05 00:42,6.564,0.053,0,0,0,0,v
2014-07-05 00:48,6.561,0.047,0,0,0,0,v
2014-07-05 00:54,6.601,0.060,0,0,0,0,v
2014-07-05 01:00,6.625,0.043,0,0,0,0,v
2014-07-05 01:06,6.604,0.046,0,0,0,0,v
2014-07-05 01:12,6.592,0.042,0,0,0,0,v
2014-07-05 01:18,6.590,0.045,0,0,0,0,v
2014-07-05 01:24,6.584,0.042,0,0,0,0,v
2014-07-05 01:30,6.598,0.052,0,0,0,0,v
2014-07-05 01:36,6.617,0.056,0,0,0,0,v
2014-07-05 01:42,6.617,0.048,0,0,0,0,v
2014-07-05 01:48,6.597,0.051,0,0,0,0,v
2014-07-05 01:54,6.598,0.046,0,0,0,0,v
2014-07-05 02:00,6.611,0.050,0,0,0,0,v
2014-07-05 02:06,6.619,0.050,0,0,0,0,v
2014-07-05 02:12,6.610,0.046,0,0,0,0,v
2014-07-05 02:18,6.604,0.046,0,0,0,0,v
2014-07-05 02:24,6.614,0.052,0,0,0,0,v
2014-07-05 02:30,6.623,0.046,0,0,0,0,v
2014-07-05 02:36,6.628,0.053,0,0,0,0,v
2014-07-05 02:42,6.633,0.047,0,0,0,0,v
2014-07-05 02:48,6.603,0.055,0,0,0,0,v
2014-07-05 02:54,6.609,0.057,0,0,0,0,v
2014-07-05 03:00,6.633,0.047,0,0,0,0,v
2014-07-05 03:06,6.639,0.045,0,0,0,0,v
2014-07-05 03:12,6.649,0.050,0,0,0,0,v
2014-07-05 03:18,6.662,0.044,0,0,0,0,v
2014-07-05 03:24,6.633,0.046,0,0,0,0,v
2014-07-05 03:30,6.638,0.046,0,0,0,0,v
2014-07-05 03:36,6.644,0.049,0,0,0,0,v
2014-07-05 03:42,6.651,0.050,0,0,0,0,v
2014-07-05 03:48,6.660,0.045,0,0,0,0,v
2014-07-05 03:54,6.653,0.050,0,0,0,0,v
2014-07-05 04:00,6.686,0.055,0,0,0,0,v
2014-07-05 04:06,6.691,0.045,0,0,0,0,v
2014-07-05 04:12,6.670,0.048,0,0,0,0,v
2014-07-05 04:18,6.672,0.050,0,0,0,0,v
2014-07-05 04:24,6.659,0.054,0,0,0,0,v
2014-07-05 04:30,6.643,0.048,0,0,0,0,v
2014-07-05 04:36,6.653,0.051,0,0,0,0,v
2014-07-05 04:42,6.623,0.054,0,0,0,0,v
2014-07-05 04:48,6.597,0.052,0,0,0,0,v
2014-07-05 04:54,6.602,0.047,0,0,0,0,v
2014-07-05 05:00,6.630,0.057,0,0,0,0,v
2014-07-05 05:06,6.601,0.051,0,0,0,0,v
2014-07-05 05:12,6.596,0.050,0,0,0,0,v
2014-07-05 05:18,6.620,0.059,0,0,0,0,v
2014-07-05 05:24,6.609,0.049,0,0,0,0,v
2014-07-05 05:30,6.615,0.053,0,0,0,0,v
2014-07-05 05:36,6.611,0.055,0,0,0,0,v
2014-07-05 05:42,6.634,0.058,0,0,0,0,v
2014-07-05 05:48,6.638,0.045,0,0,0,0,v
2014-07-05 05:54,6.634,0.048,0,0,0,0,v
2014-07-05 06:00,6.629,0.059,0,0,0,0,v
2014-07-05 06:06,6.626,0.060,0,0,0,0,v
2014-07-05 06:12,6.642,0.055,0,0,0,0,v
2014-07-05 06:18,6.646,0.051,0,0,0,0,v
2014-07-05 06:24,6.635,0.049,0,0,0,0,v
2014-07-05 06:30,6.630,0.050,0,0,0,0,v
2014-07-05 06:36,6.627,0.045,0,0,0,0,v
2014-07-05 06:42,6.624,0.049,0,0,0,0,v
2014-07-05 06:48,6.625,0.054,0,0,0,0,v
2014-07-05 06:54,6.650,0.048,0,0,0,0,v
2014-07-05 07:00,6.650,0.044,0,0,0,0,v
2014-07-05 07:06,6.649,0.054,0,0,0,0,v
2014-07-05 07:12,6.645,0.036,0,0,0,0,v
2014-07-05 07:18,6.651,0.049,0,0,0,0,v
2014-07-05 07:24,6.639,0.047,0,0,0,0,v
2014-07-05 07:30,6.667,0.047,0,0,0,0,v
2014-07-05 07:36,6.650,0.053,0,0,0,0,v
2014-07-05 07:42,6.649,0.048,0,0,0,0,v
2014-07-05 07:48,6.654,0.044,0,0,0,0,v
2014-07-05 07:54,6.680,0.050,0,0,0,0,v
2014-07-05 08:00,6.691,0.052,0,0,0,0,v
2014-07-05 08:06,6.691,0.055,0,0,0,0,v
2014-07-05 08:12,6.699,0.051,0,0,0,0,v
2014-07-05 08:18,6.706,0.049,0,0,0,0,v
2014-07-05 08:24,6.709,0.051,0,0,0,0,v
2014-07-05 08:30,6.722,0.039,0,0,0,0,v
2014-07-05 08:36,6.693,0.056,0,0,0,0,v
2014-07-05 08:42,6.685,0.043,0,0,0,0,v
2014-07-05 08:48,6.660,0.047,0,0,0,0,v
2014-07-05 08:54,6.662,0.056,0,0,0,0,v
2014-07-05 09:00,6.638,0.052,0,0,0,0,v
2014-07-05 09:06,6.639,0.046,0,0,0,0,v
2014-07-05 09:12,6.652,0.044,0,0,0,0,v
2014-07-05 09:18,6.647,0.048,0,0,0,0,v
2014-07-05 09:24,6.655,0.047,0,0,0,0,v
2014-07-05 09:30,6.655,0.054,0,0,0,0,v
2014-07-05 09:36,6.671,0.053,0,0,0,0,v
2014-07-05 09:42,6.679,0.046,0,0,0,0,v
2014-07-05 09:48,6.697,0.048,0,0,0,0,v
2014-07-05 09:54,6.699,0.043,0,0,0,0,v
2014-07-05 10:00,6.682,0.047,0,0,0,0,v
2014-07-05 10:06,6.671,0.046,0,0,0,0,v
2014-07-05 10:12,6.655,0.053,0,0,0,0,v
2014-07-05 10:18,6.659,0.059,0,0,0,0,v
2014-07-05 10:24,6.671,0.041,0,0,0,0,v
2014-07-05 10:30,6.683,0.050,0,0,0,0,v
2014-07-05 10:36,6.687,0.040,0,0,0,0,v
2014-07-05 10:42,6.674,0.040,0,0,0,0,v
2014-07-05 10:48,6.673,0.048,0,0,0,0,v
2014-07-05 10:54,6.697,0.047,0,0,0,0,v
2014-07-05 11:00,6.716,0.045,0,0,0,0,v
2014-07-05 11:06,6.737,0.045,0,0,0,0,v
2014-07-05 11:12,6.724,0.045,0,0,0,0,v
2014-07-05 11:18,6.726,0.037,0,0,0,0,v
2014-07-05 11:24,6.724,0.035,0,0,0,0,v
2014-07-05 11:30,6.753,0.042,0,0,0,0,v
2014-07-05 11:36,6.745,0.043,0,0,0,0,v
2014-07-05 11:42,6.748,0.041,0,0,0,0,v
2014-07-05 11:48,6.759,0.040,0,0,0,0,v
2014-07-05 11:54,6.772,0.041,0,0,0,0,v
2014-07-05 12:00,6.750,0.046,0,0,0,0,v
2014-07-05 12:06,6.750,0.039,0,0,0,0,v
2014-07-05 12:12,6.761,0.050,0,0,0,0,v
2014-07-05 12:18,6.772,0.043,0,0,0,0,v
2014-07-05 12:24,6.759,0.046,0,0,0,0,v
2014-07-05 12:30,6.771,0.045,0,0,0,0,v
2014-07-05 12:36,6.789,0.038,0,0,0,0,v
2014-07-05 12:42,6.806,0.046,0,0,0,0,v
2014-07-05 12:48,6.798,0.036,0,0,0,0,v
2014-07-05 12:54,6.813,0.043,0,0,0,0,v
2014-07-05 13:00,6.779,0.044,0,0,0,0,v
2014-07-05 13:06,6.763,0.036,0,0,0,0,v
2014-07-05 13:12,6.766,0.046,0,0,0,0,v
2014-07-05 13:18,6.754,0.044,0,0,0,0,v
2014-07-05 13:24,6.777,0.038,0,0,0,0,v
2014-07-05 13:30,6.778,0.045,0,0,0,0,v
2014-07-05 13:36,6.784,0.044,0,0,0,0,v
2014-07-05 13:42,6.766,0.045,0,0,0,0,v
2014-07-05 13:48,6.748,0.046,0,0,0,0,v
2014-07-05 13:54,6.766,0.040,0,0,0,0,v
2014-07-05 14:00,6.765,0.038,0,0,0,0,v
2014-07-05 14:06,6.744,0.037,0,0,0,0,v
2014-07-05 14:12,6.738,0.041,0,0,0,0,v
2014-07-05 14:18,6.768,0.041,0,0,0,0,v
2014-07-05 14:24,6.721,0.036,0,0,0,0,v
2014-07-05 14:30,6.724,0.040,0,0,0,0,v
2014-07-05 14:36,6.741,0.042,0,0,0,0,v
2014-07-05 14:42,6.716,0.036,0,0,0,0,v
2014-07-05 14:48,6.724,0.039,0,0,0,0,v
2014-07-05 14:54,6.732,0.042,0,0,0,0,v
2014-07-05 15:00,6.738,0.037,0,0,0,0,v
2014-07-05 15:06,6.737,0.044,0,0,0,0,v
2014-07-05 15:12,6.754,0.038,0,0,0,0,v
2014-07-05 15:18,6.743,0.040,0,0,0,0,v
2014-07-05 15:24,6.739,0.033,0,0,0,0,v
2014-07-05 15:30,6.723,0.040,0,0,0,0,v
2014-07-05 15:36,6.747,0.042,0,0,0,0,v
2014-07-05 15:42,6.749,0.038,0,0,0,0,v
2014-07-05 15:48,6.738,0.032,0,0,0,0,v
2014-07-05 15:54,6.725,0.035,0,0,0,0,v
2014-07-05 16:00,6.730,0.036,0,0,0,0,v
2014-07-05 16:06,6.718,0.035,0,0,0,0,v
2014-07-05 16:12,6.710,0.035,0,0,0,0,v
2014-07-05 16:18,6.726,0.035,0,0,0,0,v
2014-07-05 16:24,6.710,0.036,0,0,0,0,v
2014-07-05 16:30,6.715,0.034,0,0,0,0,v
2014-07-05 16:36,6.715,0.035,0,0,0,0,v
2014-07-05 16:42,6.709,0.038,0,0,0,0,v
2014-07-05 16:48,6.711,0.034,0,0,0,0,v
2014-07-05 16:54,6.708,0.034,0,0,0,0,v
2014-07-05 17:00,6.693,0.033,0,0,0,0,v
2014-07-05 17:06,6.687,0.036,0,0,0,0,v
2014-07-05 17:12,6.669,0.035,0,0,0,0,v
2014-07-05 17:18,6.671,0.039,0,0,0,0,v
2014-07-05 17:24,6.671,0.038,0,0,0,0,v
2014-07-05 17:30,6.654,0.034,0,0,0,0,v
2014-07-05 17:36,6.643,0.036,0,0,0,0,v
2014-07-05 17:42,6.649,0.032,0,0,0,0,v
2014-07-05 17:48,6.655,0.031,0,0,0,0,v
2014-07-05 17:54,6.637,0.037,0,0,0,0,v
2014-07-05 18:00,6.643,0.035,0,0,0,0,v
2014-07-05 18:06,6.627,0.029,0,0,0,0,v
2014-07-05 18:12,6.621,0.034,0,0,0,0,v
2014-07-05 18:18,6.590,0.039,0,0,0,0,v
2014-07-05 18:24,6.615,0.033,0,0,0,0,v
2014-07-05 18:30,6.613,0.035,0,0,0,0,v
2014-07-05 18:36,6.616,0.036,0,0,0,0,v
2014-07-05 18:42,6.608,0.038,0,0,0,0,v
2014-07-05 18:48,6.635,0.029,0,0,0,0,v
2014-07-05 18:54,6.634,0.033,0,0,0,0,v
2014-07-05 19:00,6.606,0.036,0,0,0,0,v
2014-07-05 19:06,6.622,0.037,0,0,0,0,v
2014-07-05 19:12,6.614,0.034,0,0,0,0,v
2014-07-05 19:18,6.600,0.032,0,0,0,0,v
2014-07-05 19:24,6.608,0.036,0,0,0,0,v
2014-07-05 19:30,6.611,0.029,0,0,0,0,v
2014-07-05 19:36,6.596,0.036,0,0,0,0,v
2014-07-05 19:42,6.567,0.034,0,0,0,0,v
2014-07-05 19:48,6.573,0.035,0,0,0,0,v
2014-07-05 19:54,6.552,0.035,0,0,0,0,v
2014-07-05 20:00,6.559,0.032,0,0,0,0,v
2014-07-05 20:06,6.569,0.033,0,0,0,0,v
2014-07-05 20:12,6.571,0.033,0,0,0,0,v
2014-07-05 20:18,6.559,0.035,0,0,0,0,v
2014-07-05 20:24,6.550,0.035,0,0,0,0,v
2014-07-05 20:30,6.553,0.029,0,0,0,0,v
2014-07-05 20:36,6.535,0.034,0,0,0,0,v
2014-07-05 20:42,6.526,0.027,0,0,0,0,v
2014-07-05 20:48,6.491,0.028,0,0,0,0,v
2014-07-05 20:54,6.503,0.030,0,0,0,0,v
2014-07-05 21:00,6.508,0.036,0,0,0,0,v
2014-07-05 21:06,6.490,0.031,0,0,0,0,v
2014-07-05 21:12,6.497,0.028,0,0,0,0,v
2014-07-05 21:18,6.514,0.033,0,0,0,0,v
2014-07-05 21:24,6.516,0.032,0,0,0,0,v
2014-07-05 21:30,6.524,0.035,0,0,0,0,v
2014-07-05 21:36,6.543,0.034,0,0,0,0,v
2014-07-05 21:42,6.570,0.029,0,0,0,0,v
2014-07-05 21:48,6.598,0.032,0,0,0,0,v
2014-07-05 21:54,6.591,0.032,0,0,0,0,v
2014-07-05 22:00,6.609,0.034,0,0,0,0,v
2014-07-05 22:06,6.623,0.034,0,0,0,0,v
2014-07-05 22:12,6.588,0.037,0,0,0,0,v
2014-07-05 22:18,6.533,0.035,0,0,0,0,v
2014-07-05 22:24,6.467,0.038,0,0,0,0,v
2014-07-05 22:30,6.422,0.037,0,0,0,0,v
2014-07-05 22:36,6.487,0.031,0,0,0,0,v
2014-07-05 22:42,6.549,0.033,0,0,0,0,v
2014-07-05 22:48,6.574,0.030,0,0,0,0,v
2014-07-05 22:54,6.572,0.032,0,0,0,0,v
2014-07-05 23:00,6.552,0.034,0,0,0,0,v
2014-07-05 23:06,6.532,0.036,0,0,0,0,v
2014-07-05 23:12,6.551,0.035,0,0,0,0,v
2014-07-05 23:18,6.556,0.031,0,0,0,0,v
2014-07-05 23:24,6.555,0.032,0,0,0,0,v
2014-07-05 23:30,6.541,0.034,0,0,0,0,v
2014-07-05 23:36,6.545,0.026,0,0,0,0,v
2014-07-05 23:42,6.557,0.034,0,0,0,0,v
2014-07-05 23:48,6.539,0.030,0,0,0,0,v
2014-07-05 23:54,6.548,0.030,0,0,0,0,v
2014-07-06 00:00,6.569,0.032,0,0,0,0,v
2014-07-06 00:06,6.576,0.031,0,0,0,0,v
2014-07-06 00:12,6.562,0.032,0,0,0,0,v
2014-07-06 00:18,6.548,0.031,0,0,0,0,v
2014-07-06 00:24,6.539,0.032,0,0,0,0,v
2014-07-06 00:30,6.561,0.029,0,0,0,0,v
2014-07-06 00:36,6.565,0.033,0,0,0,0,v
2014-07-06 00:42,6.546,0.036,0,0,0,0,v
2014-07-06 00:48,6.553,0.032,0,0,0,0,v
2014-07-06 00:54,6.587,0.035,0,0,0,0,v
2014-07-06 01:00,6.583,0.028,0,0,0,0,v
2014-07-06 01:06,6.572,0.030,0,0,0,0,v
2014-07-06 01:12,6.590,0.031,0,0,0,0,v
2014-07-06 01:18,6.602,0.033,0,0,0,0,v
2014-07-06 01:24,6.620,0.031,0,0,0,0,v
2014-07-06 01:30,6.624,0.028,0,0,0,0,v
2014-07-06 01:36,6.633,0.030,0,0,0,0,v
2014-07-06 01:42,6.638,0.031,0,0,0,0,v
2014-07-06 01:48,6.655,0.032,0,0,0,0,v
2014-07-06 01:54,6.661,0.029,0,0,0,0,v
2014-07-06 02:00,6.651,0.030,0,0,0,0,v
2014-07-06 02:06,6.652,0.030,0,0,0,0,v
2014-07-06 02:12,6.661,0.029,0,0,0,0,v
2014-07-06 02:18,6.662,0.033,0,0,0,0,v
2014-07-06 02:24,6.664,0.031,0,0,0,0,v
2014-07-06 02:30,6.663,0.029,0,0,0,0,v
2014-07-06 02:36,6.665,0.026,0,0,0,0,v
2014-07-06 02:42,6.661,0.030,0,0,0,0,v
2014-07-06 02:48,6.677,0.029,0,0,0,0,v
2014-07-06 02:54,6.706,0.031,0,0,0,0,v
2014-07-06 03:00,6.723,0.031,0,0,0,0,v
2014-07-06 03:06,6.712,0.032,0,0,0,0,v
2014-07-06 03:12,6.705,0.033,0,0,0,0,v
2014-07-06 03:18,6.705,0.033,0,0,0,0,v
2014-07-06 03:24,6.728,0.029,0,0,0,0,v
2014-07-06 03:30,6.731,0.032,0,0,0,0,v
2014-07-06 03:36,6.721,0.030,0,0,0,0,v
2014-07-06 03:42,6.718,0.033,0,0,0,0,v
2014-07-06 03:48,6.713,0.032,0,0,0,0,v
2014-07-06 03:54,6.702,0.030,0,0,0,0,v
2014-07-06 04:00,6.717,0.030,0,0,0,0,v
2014-07-06 04:06,6.717,0.030,0,0,0,0,v
2014-07-06 04:12,6.696,0.030,0,0,0,0,v
2014-07-06 04:18,6.708,0.033,0,0,0,0,v
2014-07-06 04:24,6.703,0.034,0,0,0,0,v
2014-07-06 04:30,6.703,0.031,0,0,0,0,v
2014-07-06 04:36,6.704,0.031,0,0,0,0,v
2014-07-06 04:42,6.719,0.036,0,0,0,0,v
2014-07-06 04:48,6.719,0.034,0,0,0,0,v
2014-07-06 04:54,6.717,0.033,0,0,0,0,v
2014-07-06 05:00,6.695,0.031,0,0,0,0,v
2014-07-06 05:06,6.699,0.031,0,0,0,0,v
2014-07-06 05:12,6.701,0.030,0,0,0,0,v
2014-07-06 05:18,6.703,0.031,0,0,0,0,v
2014-07-06 05:24,6.716,0.033,0,0,0,0,v
2014-07-06 05:30,6.717,0.027,0,0,0,0,v
2014-07-06 05:36,6.701,0.030,0,0,0,0,v
2014-07-06 05:42,6.720,0.028,0,0,0,0,v
2014-07-06 05:48,6.707,0.032,0,0,0,0,v
2014-07-06 05:54,6.712,0.031,0,0,0,0,v
2014-07-06 06:00,6.716,0.030,0,0,0,0,v
2014-07-06 06:06,6.710,0.032,0,0,0,0,v
2014-07-06 06:12,6.702,0.030,0,0,0,0,v
2014-07-06 06:18,6.694,0.038,0,0,0,0,v
2014-07-06 06:24,6.718,0.032,0,0,0,0,v
2014-07-06 06:30,6.718,0.029,0,0,0,0,v
2014-07-06 06:36,6.705,0.033,0,0,0,0,v
2014-07-06 06:42,6.688,0.030,0,0,0,0,v
2014-07-06 06:48,6.693,0.030,0,0,0,0,v
2014-07-06 06:54,6.700,0.033,0,0,0,0,v
2014-07-06 07:00,6.701,0.032,0,0,0,0,v
2014-07-06 07:06,6.685,0.032,0,0,0,0,v
2014-07-06 07:12,6.690,0.031,0,0,0,0,v
2014-07-06 07:18,6.692,0.031,0,0,0,0,v
2014-07-06 07:24,6.679,0.032,0,0,0,0,v
2014-07-06 07:30,6.679,0.031,0,0,0,0,v
2014-07-06 07:36,6.675,0.029,0,0,0,0,v
2014-07-06 07:42,6.683,0.029,0,0,0,0,v
2014-07-06 07:48,6.697,0.028,0,0,0,0,v
2014-07-06 07:54,6.683,0.033,0,0,0,0,v
2014-07-06 08:00,6.676,0.032,0,0,0,0,v
2014-07-06 08:06,6.666,0.029,0,0,0,0,v
2014-07-06 08:12,6.674,0.032,0,0,0,0,v
2014-07-06 08:18,6.663,0.028,0,0,0,0,v
2014-07-06 08:24,6.655,0.033,0,0,0,0,v
2014-07-06 08:30,6.666,0.036,0,0,0,0,v
2014-07-06 08:36,6.681,0.027,0,0,0,0,v
2014-07-06 08:42,6.698,0.031,0,0,0,0,v
2014-07-06 08:48,6.712,0.030,0,0,0,0,v
2014-07-06 08:54,6.695,0.030,0,0,0,0,v
2014-07-06 09:00,6.693,0.032,0,0,0,0,v
2014-07-06 09:06,6.715,0.030,0,0,0,0,v
2014-07-06 09:12,6.735,0.032,0,0,0,0,v
2014-07-06 09:18,6.747,0.034,0,0,0,0,v
2014-07-06 09:24,6.740,0.031,0,0,0,0,v
2014-07-06 09:30,6.754,0.030,0,0,0,0,v
2014-07-06 09:36,6.771,0.032,0,0,0,0,v
2014-07-06 09:42,6.762,0.031,0,0,0,0,v
2014-07-06 09:48,6.733,0.029,0,0,0,0,v
2014-07-06 09:54,6.746,0.033,0,0,0,0,v
2014-07-06 10:00,6.733,0.033,0,0,0,0,v
2014-07-06 10:06,6.718,0.033,0,0,0,0,v
2014-07-06 10:12,6.722,0.039,0,0,0,0,v
2014-07-06 10:18,6.752,0.035,0,0,0,0,v
2014-07-06 10:24,6.737,0.033,0,0,0,0,v
2014-07-06 10:30,6.720,0.038,0,0,0,0,v
2014-07-06 10:36,6.729,0.040,0,0,0,0,v
2014-07-06 10:42,6.742,0.036,0,0,0,0,v
2014-07-06 10:48,6.752,0.037,0,0,0,0,v
2014-07-06 10:54,6.728,0.037,0,0,0,0,v
2014-07-06 11:00,6.736,0.041,0,0,0,0,v
2014-07-06 11:06,6.733,0.034,0,0,0,0,v
2014-07-06 11:12,6.706,0.038,0,0,0,0,v
2014-07-06 11:18,6.706,0.037,0,0,0,0,v
2014-07-06 11:24,6.689,0.046,0,0,0,0,v
2014-07-06 11:30,6.711,0.042,0,0,0,0,v
2014-07-06 11:36,6.702,0.043,0,0,0,0,v
2014-07-06 11:42,6.707,0.044,0,0,0,0,v
2014-07-06 11:48,6.697,0.041,0,0,0,0,v
2014-07-06 11:54,6.696,0.040,0,0,0,0,v
2014-07-06 12:00,6.698,0.044,0,0,0,0,v
2014-07-06 12:06,6.706,0.041,0,0,0,0,v
2014-07-06 12:12,6.709,0.042,0,0,0,0,v
2014-07-06 12:18,6.733,0.040,0,0,0,0,v
2014-07-06 12:24,6.732,0.047,0,0,0,0,v
2014-07-06 12:30,6.745,0.038,0,0,0,0,v
2014-07-06 12:36,6.752,0.040,0,0,0,0,v
2014-07-06 12:42,6.759,0.048,0,0,0,0,v
2014-07-06 12:48,6.746,0.046,0,0,0,0,v
2014-07-06 12:54,6.750,0.043,0,0,0,0,v
2014-07-06 13:00,6.760,0.045,0,0,0,0,v
2014-07-06 13:06,6.770,0.045,0,0,0,0,v
2014-07-06 13:12,6.784,0.046,0,0,0,0,v
2014-07-06 13:18,6.784,0.048,0,0,0,0,v
2014-07-06 13:24,6.788,0.040,0,0,0,0,v
2014-07-06 13:30,6.775,0.053,0,0,0,0,v
2014-07-06 13:36,6.763,0.041,0,0,0,0,v
2014-07-06 13:42,6.766,0.044,0,0,0,0,v
2014-07-06 13:48,6.763,0.046,0,0,0,0,v
2014-07-06 13:54,6.770,0.043,0,0,0,0,v
2014-07-06 14:00,6.769,0.045,0,0,0,0,v
2014-07-06 14:06,6.757,0.044,0,0,0,0,v
2014-07-06 14:12,6.762,0.048,0,0,0,0,v
2014-07-06 14:18,6.760,0.045,0,0,0,0,v
2014-07-06 14:24,6.766,0.044,0,0,0,0,v
2014-07-06 14:30,6.763,0.041,0,0,0,0,v
2014-07-06 14:36,6.765,0.047,0,0,0,0,v
2014-07-06 14:42,6.750,0.037,0,0,0,0,v
2014-07-06 14:48,6.702,0.048,0,0,0,0,v
2014-07-06 14:54,6.702,0.043,0,0,0,0,v
2014-07-06 15:00,6.725,0.047,0,0,0,0,v
2014-07-06 15:06,6.705,0.037,0,0,0,0,v
2014-07-06 15:12,6.691,0.040,0,0,0,0,v
2014-07-06 15:18,6.690,0.043,0,0,0,0,v
2014-07-06 15:24,6.671,0.044,0,0,0,0,v
2014-07-06 15:30,6.678,0.044,0,0,0,0,v
2014-07-06 15:36,6.696,0.040,0,0,0,0,v
2014-07-06 15:42,6.697,0.040,0,0,0,0,v
2014-07-06 15:48,6.697,0.044,0,0,0,0,v
2014-07-06 15:54,6.727,0.046,0,0,0,0,v
2014-07-06 16:00,6.718,0.044,0,0,0,0,v
2014-07-06 16:06,6.726,0.042,0,0,0,0,v
2014-07-06 16:12,6.713,0.044,0,0,0,0,v
2014-07-06 16:18,6.701,0.038,0,0,0,0,v
2014-07-06 16:24,6.689,0.042,0,0,0,0,v
2014-07-06 16:30,6.683,0.042,0,0,0,0,v
2014-07-06 16:36,6.686,0.036,0,0,0,0,v
2014-07-06 16:42,6.692,0.041,0,0,0,0,v
2014-07-06 16:48,6.700,0.040,0,0,0,0,v
2014-07-06 16:54,6.698,0.038,0,0,0,0,v
2014-07-06 17:00,6.689,0.040,0,0,0,0,v
2014-07-06 17:06,6.681,0.039,0,0,0,0,v
2014-07-06 17:12,6.691,0.034,0,0,0,0,v
2014-07-06 17:18,6.664,0.042,0,0,0,0,v
2014-07-06 17:24,6.662,0.032,0,0,0,0,v
2014-07-06 17:30,6.666,0.039,0,0,0,0,v
2014-07-06 17:36,6.646,0.041,0,0,0,0,v
2014-07-06 17:42,6.647,0.037,0,0,0,0,v
2014-07-06 17:48,6.649,0.040,0,0,0,0,v
2014-07-06 17:54,6.632,0.034,0,0,0,0,v
2014-07-06 18:00,6.615,0.040,0,0,0,0,v
2014-07-06 18:06,6.602,0.034,0,0,0,0,v
2014-07-06 18:12,6.596,0.035,0,0,0,0,v
2014-07-06 18:18,6.601,0.039,0,0,0,0,v
2014-07-06 18:24,6.594,0.043,0,0,0,0,v
2014-07-06 18:30,6.580,0.041,0,0,0,0,v
2014-07-06 18:36,6.568,0.041,0,0,0,0,v
2014-07-06 18:42,6.568,0.040,0,0,0,0,v
2014-07-06 18:48,6.557,0.039,0,0,0,0,v
2014-07-06 18:54,6.549,0.037,0,0,0,0,v
2014-07-06 19:00,6.518,0.038,0,0,0,0,v
2014-07-06 19:06,6.536,0.039,0,0,0,0,v
2014-07-06 19:12,6.546,0.040,0,0,0,0,v
2014-07-06 19:18,6.530,0.042,0,0,0,0,v
2014-07-06 19:24,6.525,0.038,0,0,0,0,v
2014-07-06 19:30,6.536,0.037,0,0,0,0,v
2014-07-06 19:36,6.528,0.035,0,0,0,0,v
2014-07-06 19:42,6.493,0.037,0,0,0,0,v
2014-07-06 19:48,6.500,0.039,0,0,0,0,v
2014-07-06 19:54,6.495,0.043,0,0,0,0,v
2014-07-06 20:00,6.509,0.042,0,0,0,0,v
2014-07-06 20:06,6.501,0.041,0,0,0,0,v
2014-07-06 20:12,6.504,0.038,0,0,0,0,v
2014-07-06 20:18,6.510,0.041,0,0,0,0,v
2014-07-06 20:24,6.494,0.039,0,0,0,0,v
2014-07-06 20:30,6.521,0.044,0,0,0,0,v
2014-07-06 20:36,6.521,0.039,0,0,0,0,v
2014-07-06 20:42,6.519,0.042,0,0,0,0,v
2014-07-06 20:48,6.512,0.046,0,0,0,0,v
2014-07-06 20:54,6.525,0.047,0,0,0,0,v
2014-07-06 21:00,6.513,0.045,0,0,0,0,v
2014-07-06 21:06,6.509,0.045,0,0,0,0,v
2014-07-06 21:12,6.504,0.042,0,0,0,0,v
2014-07-06 21:18,6.486,0.047,0,0,0,0,v
2014-07-06 21:24,6.482,0.050,0,0,0,0,v
2014-07-06 21:30,6.465,0.048,0,0,0,0,v
2014-07-06 21:36,6.459,0.042,0,0,0,0,v
2014-07-06 21:42,6.467,0.044,0,0,0,0,v
2014-07-06 21:48,6.454,0.049,0,0,0,0,v
2014-07-06 21:54,6.453,0.048,0,0,0,0,v
2014-07-06 22:00,6.446,0.047,0,0,0,0,v
2014-07-06 22:06,6.453,0.047,0,0,0,0,v
2014-07-06 22:12,6.455,0.052,0,0,0,0,v
2014-07-06 22:18,6.447,0.048,0,0,0,0,v
2014-07-06 22:24,6.447,0.052,0,0,0,0,v
2014-07-06 22:30,6.448,0.058,0,0,0,0,v
2014-07-06 22:36,6.457,0.048,0,0,0,0,v
2014-07-06 22:42,6.459,0.055,0,0,0,0,v
2014-07-06 22:48,6.456,0.052,0,0,0,0,v
2014-07-06 22:54,6.461,0.048,0,0,0,0,v
2014-07-06 23:00,6.452,0.049,0,0,0,0,v
2014-07-06 23:06,6.464,0.055,0,0,0,0,v
2014-07-06 23:12,6.455,0.059,0,0,0,0,v
2014-07-06 23:18,6.473,0.059,0,0,0,0,v
2014-07-06 23:24,6.489,0.056,0,0,0,0,v
2014-07-06 23:30,6.490,0.059,0,0,0,0,v
2014-07-06 23:36,6.493,0.058,0,0,0,0,v
2014-07-06 23:42,6.490,0.059,0,0,0,0,v
2014-07-06 23:48,6.496,0.063,0,0,0,0,v
2014-07-06 23:54,6.495,0.061,0,0,0,0,v
2014-07-07 00:00,6.502,0.061,0,0,0,0,v
2014-07-07 00:06,6.496,0.070,0,0,0,0,v
2014-07-07 00:12,6.497,0.063,0,0,0,0,v
2014-07-07 00:18,6.520,0.065,0,0,0,0,v
2014-07-07 00:24,6.513,0.070,0,0,0,0,v
2014-07-07 00:30,6.537,0.067,0,0,0,0,v
2014-07-07 00:36,6.536,0.056,0,0,0,0,v
2014-07-07 00:42,6.552,0.065,0,0,0,0,v
2014-07-07 00:48,6.554,0.066,0,0,0,0,v
2014-07-07 00:54,6.566,0.064,0,0,0,0,v
2014-07-07 01:00,6.562,0.072,0,0,0,0,v
2014-07-07 01:06,6.559,0.077,0,0,0,0,v
2014-07-07 01:12,6.549,0.068,0,0,0,0,v
2014-07-07 01:18,6.560,0.066,0,0,0,0,v
2014-07-07 01:24,6.560,0.069,0,0,0,0,v
2014-07-07 01:30,6.558,0.072,0,0,0,0,v
2014-07-07 01:36,6.571,0.075,0,0,0,0,v
2014-07-07 01:42,6.572,0.067,0,0,0,0,v
2014-07-07 01:48,6.591,0.074,0,0,0,0,v
2014-07-07 01:54,6.601,0.060,0,0,0,0,v
2014-07-07 02:00,6.613,0.075,0,0,0,0,v
2014-07-07 02:06,6.607,0.076,0,0,0,0,v
2014-07-07 02:12,6.620,0.067,0,0,0,0,v
2014-07-07 02:18,6.609,0.070,0,0,0,0,v
2014-07-07 02:24,6.602,0.069,0,0,0,0,v
2014-07-07 02:30,6.590,0.068,0,0,0,0,v
2014-07-07 02:36,6.596,0.066,0,0,0,0,v
2014-07-07 02:42,6.606,0.068,0,0,0,0,v
2014-07-07 02:48,6.605,0.070,0,0,0,0,v
2014-07-07 02:54,6.625,0.060,0,0,0,0,v
2014-07-07 03:00,6.638,0.067,0,0,0,0,v
2014-07-07 03:06,6.650,0.052,0,0,0,0,v
2014-07-07 03:12,6.668,0.065,0,0,0,0,v
2014-07-07 03:18,6.683,0.060,0,0,0,0,v
2014-07-07 03:24,6.702,0.068,0,0,0,0,v
2014-07-07 03:30,6.717,0.057,0,0,0,0,v
2014-07-07 03:36,6.731,0.063,0,0,0,0,v
2014-07-07 03:42,6.735,0.058,0,0,0,0,v
2014-07-07 03:48,6.737,0.058,0,0,0,0,v
2014-07-07 03:54,6.742,0.067,0,0,0,0,v
2014-07-07 04:00,6.746,0.060,0,0,0,0,v
2014-07-07 04:06,6.749,0.063,0,0,0,0,v
2014-07-07 04:12,6.735,0.054,0,0,0,0,v
2014-07-07 04:18,6.732,0.056,0,0,0,0,v
2014-07-07 04:24,6.745,0.059,0,0,0,0,v
2014-07-07 04:30,6.740,0.054,0,0,0,0,v
2014-07-07 04:36,6.748,0.058,0,0,0,0,v
2014-07-07 04:42,6.749,0.058,0,0,0,0,v
2014-07-07 04:48,6.736,0.063,0,0,0,0,v
2014-07-07 04:54,6.726,0.064,0,0,0,0,v
2014-07-07 05:00,6.740,0.059,0,0,0,0,v
2014-07-07 05:06,6.735,0.055,0,0,0,0,v
2014-07-07 05:12,6.732,0.059,0,0,0,0,v
2014-07-07 05:18,6.735,0.054,0,0,0,0,v
2014-07-07 05:24,6.717,0.057,0,0,0,0,v
2014-07-07 05:30,6.726,0.060,0,0,0,0,v
2014-07-07 05:36,6.736,0.061,0,0,0,0,v
2014-07-07 05:42,6.739,0.055,0,0,0,0,v
2014-07-07 05:48,6.751,0.054,0,0,0,0,v
2014-07-07 05:54,6.751,0.061,0,0,0,0,v
2014-07-07 06:00,6.760,0.055,0,0,0,0,v
2014-07-07 06:06,6.759,0.052,0,0,0,0,v
2014-07-07 06:12,6.760,0.065,0,0,0,0,v
2014-07-07 06:18,6.747,0.070,0,0,0,0,v
2014-07-07 06:24,6.746,0.052,0,0,0,0,v
2014-07-07 06:30,6.725,0.069,0,0,0,0,v
2014-07-07 06:36,6.725,0.059,0,0,0,0,v
2014-07-07 06:42,6.727,0.052,0,0,0,0,v
2014-07-07 06:48,6.735,0.049,0,0,0,0,v
2014-07-07 06:54,6.759,0.051,0,0,0,0,v
2014-07-07 07:00,6.768,0.056,0,0,0,0,v
2014-07-07 07:06,6.759,0.056,0,0,0,0,v
2014-07-07 07:12,6.748,0.045,0,0,0,0,v
2014-07-07 07:18,6.771,0.054,0,0,0,0,v
2014-07-07 07:24,6.768,0.054,0,0,0,0,v
2014-07-07 07:30,6.768,0.048,0,0,0,0,v
2014-07-07 07:36,6.751,0.051,0,0,0,0,v
2014-07-07 07:42,6.731,0.052,0,0,0,0,v
2014-07-07 07:48,6.726,0.050,0,0,0,0,v
2014-07-07 07:54,6.747,0.046,0,0,0,0,v
2014-07-07 08:00,6.740,0.053,0,0,0,0,v
2014-07-07 08:06,6.717,0.048,0,0,0,0,v
2014-07-07 08:12,6.720,0.045,0,0,0,0,v
2014-07-07 08:18,6.735,0.052,0,0,0,0,v
2014-07-07 08:24,6.728,0.045,0,0,0,0,v
2014-07-07 08:30,6.727,0.051,0,0,0,0,v
2014-07-07 08:36,6.723,0.050,0,0,0,0,v
2014-07-07 08:42,6.720,0.047,0,0,0,0,v
2014-07-07 08:48,6.717,0.052,0,0,0,0,v
2014-07-07 08:54,6.742,0.057,0,0,0,0,v
2014-07-07 09:00,6.758,0.055,0,0,0,0,v
2014-07-07 09:06,6.761,0.055,0,0,0,0,v
2014-07-07 09:12,6.756,0.044,0,0,0,0,v
2014-07-07 09:18,6.754,0.052,0,0,0,0,v
2014-07-07 09:24,6.757,0.044,0,0,0,0,v
2014-07-07 09:30,6.754,0.046,0,0,0,0,v
2014-07-07 09:36,6.762,0.045,0,0,0,0,v
2014-07-07 09:42,6.747,0.046,0,0,0,0,v
2014-07-07 09:48,6.736,0.050,0,0,0,0,v
2014-07-07 09:54,6.733,0.048,0,0,0,0,v
2014-07-07 10:00,6.728,0.048,0,0,0,0,v
2014-07-07 10:06,6.732,0.043,0,0,0,0,v
2014-07-07 10:12,6.731,0.046,0,0,0,0,v
2014-07-07 10:18,6.736,0.047,0,0,0,0,v
2014-07-07 10:24,6.711,0.045,0,0,0,0,v
2014-07-07 10:30,6.702,0.044,0,0,0,0,v
2014-07-07 10:36,6.720,0.048,0,0,0,0,v
2014-07-07 10:42,6.712,0.051,0,0,0,0,v
2014-07-07 10:48,6.693,0.048,0,0,0,0,v
2014-07-07 10:54,6.715,0.049,0,0,0,0,v
2014-07-07 11:00,6.716,0.046,0,0,0,0,v
2014-07-07 11:06,6.728,0.042,0,0,0,0,v
2014-07-07 11:12,6.745,0.042,0,0,0,0,v
2014-07-07 11:18,6.724,0.045,0,0,0,0,v
2014-07-07 11:24,6.716,0.048,0,0,0,0,v
2014-07-07 11:30,6.739,0.040,0,0,0,0,v
2014-07-07 11:36,6.716,0.047,0,0,0,0,v
2014-07-07 11:42,6.720,0.045,0,0,0,0,v
2014-07-07 11:48,6.727,0.042,0,0,0,0,v
2014-07-07 11:54,6.708,0.049,0,0,0,0,v
2014-07-07 12:00,6.712,0.041,0,0,0,0,v
2014-07-07 12:06,6.711,0.050,0,0,0,0,v
2014-07-07 12:12,6.732,0.047,0,0,0,0,v
2014-07-07 12:18,6.737,0.040,0,0,0,0,v
2014-07-07 12:24,6.740,0.046,0,0,0,0,v
2014-07-07 12:30,6.722,0.049,0,0,0,0,v
2014-07-07 12:36,6.730,0.040,0,0,0,0,v
2014-07-07 12:42,6.730,0.034,0,0,0,0,v
2014-07-07 12:48,6.723,0.045,0,0,0,0,v
2014-07-07 12:54,6.727,0.040,0,0,0,0,v
2014-07-07 13:00,6.737,0.046,0,0,0,0,v
2014-07-07 13:06,6.732,0.045,0,0,0,0,v
2014-07-07 13:12,6.730,0.042,0,0,0,0,v
2014-07-07 13:18,6.734,0.040,0,0,0,0,v
2014-07-07 13:24,6.746,0.040,0,0,0,0,v
2014-07-07 13:30,6.736,0.039,0,0,0,0,v
2014-07-07 13:36,6.750,0.045,0,0,0,0,v
2014-07-07 13:42,6.748,0.043,0,0,0,0,v
2014-07-07 13:48,6.747,0.039,0,0,0,0,v
2014-07-07 13:54,6.736,0.043,0,0,0,0,v
2014-07-07 14:00,6.741,0.037,0,0,0,0,v
2014-07-07 14:06,6.740,0.040,0,0,0,0,v
2014-07-07 14:12,6.753,0.038,0,0,0,0,v
2014-07-07 14:18,6.742,0.039,0,0,0,0,v
2014-07-07 14:24,6.756,0.036,0,0,0,0,v
2014-07-07 14:30,6.739,0.039,0,0,0,0,v
2014-07-07 14:36,6.720,0.043,0,0,0,0,v
2014-07-07 14:42,6.716,0.044,0,0,0,0,v
2014-07-07 14:48,6.702,0.038,0,0,0,0,v
2014-07-07 14:54,6.703,0.040,0,0,0,0,v
2014-07-07 15:00,6.694,0.043,0,0,0,0,v
2014-07-07 15:06,6.700,0.039,0,0,0,0,v
2014-07-07 15:12,6.697,0.044,0,0,0,0,v
2014-07-07 15:18,6.707,0.045,0,0,0,0,v
2014-07-07 15:24,6.717,0.038,0,0,0,0,v
2014-07-07 15:30,6.709,0.039,0,0,0,0,v
2014-07-07 15:36,6.699,0.039,0,0,0,0,v
2014-07-07 15:42,6.691,0.042,0,0,0,0,v
2014-07-07 15:48,6.702,0.040,0,0,0,0,v
2014-07-07 15:54,6.705,0.039,0,0,0,0,v
2014-07-07 16:00,6.714,0.042,0,0,0,0,v
2014-07-07 16:06,6.700,0.033,0,0,0,0,v
2014-07-07 16:12,6.715,0.036,0,0,0,0,v
2014-07-07 16:18,6.702,0.036,0,0,0,0,v
2014-07-07 16:24,6.703,0.039,0,0,0,0,v
2014-07-07 16:30,6.710,0.036,0,0,0,0,v
2014-07-07 16:36,6.704,0.033,0,0,0,0,v
2014-07-07 16:42,6.696,0.039,0,0,0,0,v
2014-07-07 16:48,6.675,0.036,0,0,0,0,v
2014-07-07 16:54,6.668,0.030,0,0,0,0,v
2014-07-07 17:00,6.657,0.040,0,0,0,0,v
2014-07-07 17:06,6.666,0.035,0,0,0,0,v
2014-07-07 17:12,6.669,0.040,0,0,0,0,v
2014-07-07 17:18,6.667,0.032,0,0,0,0,v
2014-07-07 17:24,6.632,0.039,0,0,0,0,v
2014-07-07 17:30,6.612,0.036,0,0,0,0,v
2014-07-07 17:36,6.586,0.034,0,0,0,0,v
2014-07-07 17:42,6.595,0.033,0,0,0,0,v
2014-07-07 17:48,6.585,0.032,0,0,0,0,v
2014-07-07 17:54,6.581,0.034,0,0,0,0,v
2014-07-07 18:00,6.577,0.030,0,0,0,0,v
2014-07-07 18:06,6.575,0.029,0,0,0,0,v
2014-07-07 18:12,6.563,0.032,0,0,0,0,v
2014-07-07 18:18,6.554,0.032,0,0,0,0,v
2014-07-07 18:24,6.536,0.036,0,0,0,0,v
2014-07-07 18:30,6.533,0.033,0,0,0,0,v
2014-07-07 18:36,6.542,0.032,0,0,0,0,v
2014-07-07 18:42,6.535,0.032,0,0,0,0,v
2014-07-07 18:48,6.540,0.033,0,0,0,0,v
2014-07-07 18:54,6.545,0.037,0,0,0,0,v
2014-07-07 19:00,6.532,0.037,0,0,0,0,v
2014-07-07 19:06,6.539,0.037,0,0,0,0,v
2014-07-07 19:12,6.531,0.033,0,0,0,0,v
2014-07-07 19:18,6.515,0.034,0,0,0,0,v
2014-07-07 19:24,6.503,0.037,0,0,0,0,v
2014-07-07 19:30,6.499,0.036,0,0,0,0,v
2014-07-07 19:36,6.490,0.038,0,0,0,0,v
2014-07-07 19:42,6.482,0.035,0,0,0,0,v
2014-07-07 19:48,6.465,0.039,0,0,0,0,v
2014-07-07 19:54,6.455,0.033,0,0,0,0,v
2014-07-07 20:00,6.437,0.040,0,0,0,0,v
2014-07-07 20:06,6.435,0.035,0,0,0,0,v
2014-07-07 20:12,6.437,0.041,0,0,0,0,v
2014-07-07 20:18,6.440,0.032,0,0,0,0,v
2014-07-07 20:24,6.437,0.039,0,0,0,0,v
2014-07-07 20:30,6.433,0.035,0,0,0,0,v
2014-07-07 20:36,6.430,0.038,0,0,0,0,v
2014-07-07 20:42,6.421,0.040,0,0,0,0,v
2014-07-07 20:48,6.419,0.038,0,0,0,0,v
2014-07-07 20:54,6.409,0.038,0,0,0,0,v
2014-07-07 21:00,6.385,0.044,0,0,0,0,v
2014-07-07 21:06,6.378,0.035,0,0,0,0,v
2014-07-07 21:12,6.365,0.036,0,0,0,0,v
2014-07-07 21:18,6.389,0.044,0,0,0,0,v
2014-07-07 21:24,6.419,0.039,0,0,0,0,v
2014-07-07 21:30,6.419,0.038,0,0,0,0,v
2014-07-07 21:36,6.398,0.040,0,0,0,0,v
2014-07-07 21:42,6.398,0.045,0,0,0,0,v
2014-07-07 21:48,6.393,0.048,0,0,0,0,v
2014-07-07 21:54,6.384,0.040,0,0,0,0,v
2014-07-07 22:00,6.393,0.041,0,0,0,0,v
2014-07-07 22:06,6.373,0.039,0,0,0,0,v
2014-07-07 22:12,6.369,0.040,0,0,0,0,v
2014-07-07 22:18,6.360,0.042,0,0,0,0,v
2014-07-07 22:24,6.362,0.043,0,0,0,0,v
2014-07-07 22:30,6.365,0.039,0,0,0,0,v
2014-07-07 22:36,6.375,0.041,0,0,0,0,v
2014-07-07 22:42,6.375,0.050,0,0,0,0,v
2014-07-07 22:48,6.397,0.051,0,0,0,0,v
2014-07-07 22:54,6.398,0.041,0,0,0,0,v
2014-07-07 23:00,6.401,0.046,0,0,0,0,v
2014-07-07 23:06,6.399,0.042,0,0,0,0,v
2014-07-07 23:12,6.390,0.048,0,0,0,0,v
2014-07-07 23:18,6.396,0.040,0,0,0,0,v
2014-07-07 23:24,6.390,0.044,0,0,0,0,v
2014-07-07 23:30,6.387,0.042,0,0,0,0,v
2014-07-07 23:36,6.381,0.046,0,0,0,0,v
2014-07-07 23:42,6.382,0.050,0,0,0,0,v
2014-07-07 23:48,6.384,0.052,0,0,0,0,v
2014-07-07 23:54,6.378,0.050,0,0,0,0,v
2014-07-08 00:00,6.389,0.053,0,0,0,0,v
2014-07-08 00:06,6.385,0.048,0,0,0,0,v
2014-07-08 00:12,6.397,0.050,0,0,0,0,v
2014-07-08 00:18,6.381,0.060,0,0,0,0,v
2014-07-08 00:24,6.386,0.049,0,0,0,0,v
2014-07-08 00:30,6.395,0.059,0,0,0,0,v
2014-07-08 00:36,6.400,0.061,0,0,0,0,v
2014-07-08 00:42,6.406,0.049,0,0,0,0,v
2014-07-08 00:48,6.412,0.054,0,0,0,0,v
2014-07-08 00:54,6.424,0.053,0,0,0,0,v
2014-07-08 01:00,6.411,0.057,0,0,0,0,v
2014-07-08 01:06,6.436,0.048,0,0,0,0,v
2014-07-08 01:12,6.452,0.055,0,0,0,0,v
2014-07-08 01:18,6.459,0.057,0,0,0,0,v
2014-07-08 01:24,6.458,0.060,0,0,0,0,v
2014-07-08 01:30,6.458,0.060,0,0,0,0,v
2014-07-08 01:36,6.475,0.057,0,0,0,0,v
2014-07-08 01:42,6.479,0.053,0,0,0,0,v
2014-07-08 01:48,6.489,0.060,0,0,0,0,v
2014-07-08 01:54,6.504,0.052,0,0,0,0,v
2014-07-08 02:00,6.504,0.049,0,0,0,0,v
2014-07-08 02:06,6.499,0.054,0,0,0,0,v
2014-07-08 02:12,6.524,0.056,0,0,0,0,v
2014-07-08 02:18,6.545,0.049,0,0,0,0,v
2014-07-08 02:24,6.562,0.062,0,0,0,0,v
2014-07-08 02:30,6.576,0.044,0,0,0,0,v
2014-07-08 02:36,6.567,0.067,0,0,0,0,v
2014-07-08 02:42,6.582,0.056,0,0,0,0,v
2014-07-08 02:48,6.590,0.053,0,0,0,0,v
2014-07-08 02:54,6.594,0.057,0,0,0,0,v
2014-07-08 03:00,6.609,0.055,0,0,0,0,v
2014-07-08 03:06,6.635,0.061,0,0,0,0,v
2014-07-08 03:12,6.631,0.057,0,0,0,0,v
2014-07-08 03:18,6.629,0.060,0,0,0,0,v
2014-07-08 03:24,6.615,0.063,0,0,0,0,v
2014-07-08 03:30,6.630,0.056,0,0,0,0,v
2014-07-08 03:36,6.650,0.059,0,0,0,0,v
2014-07-08 03:42,6.670,0.056,0,0,0,0,v
2014-07-08 03:48,6.669,0.054,0,0,0,0,v
2014-07-08 03:54,6.693,0.054,0,0,0,0,v
2014-07-08 04:00,6.686,0.056,0,0,0,0,v
2014-07-08 04:06,6.690,0.062,0,0,0,0,v
2014-07-08 04:12,6.681,0.053,0,0,0,0,v
2014-07-08 04:18,6.705,0.059,0,0,0,0,v
2014-07-08 04:24,6.722,0.051,0,0,0,0,v
2014-07-08 04:30,6.713,0.059,0,0,0,0,v
2014-07-08 04:36,6.727,0.051,0,0,0,0,v
2014-07-08 04:42,6.733,0.046,0,0,0,0,v
2014-07-08 04:48,6.749,0.054,0,0,0,0,v
2014-07-08 04:54,6.745,0.053,0,0,0,0,v
2014-07-08 05:00,6.767,0.059,0,0,0,0,v
2014-07-08 05:06,6.754,0.064,0,0,0,0,v
2014-07-08 05:12,6.745,0.058,0,0,0,0,v
2014-07-08 05:18,6.740,0.060,0,0,0,0,v
2014-07-08 05:24,6.750,0.066,0,0,0,0,v
2014-07-08 05:30,6.752,0.050,0,0,0,0,v
2014-07-08 05:36,6.748,0.064,0,0,0,0,v
2014-07-08 05:42,6.753,0.064,0,0,0,0,v
2014-07-08 05:48,6.763,0.054,0,0,0,0,v
2014-07-08 05:54,6.778,0.079,0,0,0,0,v
2014-07-08 06:00,6.778,0.066,0,0,0,0,v
2014-07-08 06:06,6.779,0.056,0,0,0,0,v
2014-07-08 06:12,6.788,0.050,0,0,0,0,v
2014-07-08 06:18,6.788,0.062,0,0,0,0,v
2014-07-08 06:24,6.791,0.061,0,0,0,0,v
2014-07-08 06:30,6.787,0.065,0,0,0,0,v
2014-07-08 06:36,6.795,0.064,0,0,0,0,v
2014-07-08 06:42,6.796,0.058,0,0,0,0,v
2014-07-08 06:48,6.821,0.056,0,0,0,0,v
2014-07-08 06:54,6.824,0.066,0,0,0,0,v
2014-07-08 07:00,6.841,0.062,0,0,0,0,v
2014-07-08 07:06,6.828,0.063,0,0,0,0,v
2014-07-08 07:12,6.830,0.061,0,0,0,0,v
2014-07-08 07:18,6.842,0.054,0,0,0,0,v
2014-07-08 07:24,6.829,0.065,0,0,0,0,v
2014-07-08 07:30,6.818,0.063,0,0,0,0,v
2014-07-08 07:36,6.823,0.059,0,0,0,0,v
2014-07-08 07:42,6.817,0.067,0,0,0,0,v
2014-07-08 07:48,6.810,0.073,0,0,0,0,v
2014-07-08 07:54,6.830,0.058,0,0,0,0,v
2014-07-08 08:00,6.820,0.067,0,0,0,0,v
2014-07-08 08:06,6.826,0.059,0,0,0,0,v
2014-07-08 08:12,6.806,0.062,0,0,0,0,v
2014-07-08 08:18,6.808,0.061,0,0,0,0,v
2014-07-08 08:24,6.824,0.064,0,0,0,0,v
2014-07-08 08:30,6.827,0.073,0,0,0,0,v
2014-07-08 08:36,6.823,0.055,0,0,0,0,v
2014-07-08 08:42,6.807,0.064,0,0,0,0,v
2014-07-08 08:48,6.799,0.069,0,0,0,0,v
2014-07-08 08:54,6.808,0.060,0,0,0,0,v
2014-07-08 09:00,6.811,0.056,0,0,0,0,v
2014-07-08 09:06,6.812,0.069,0,0,0,0,v
2014-07-08 09:12,6.803,0.060,0,0,0,0,v
2014-07-08 09:18,6.800,0.069,0,0,0,0,v
2014-07-08 09:24,6.786,0.055,0,0,0,0,v
2014-07-08 09:30,6.792,0.070,0,0,0,0,v
2014-07-08 09:36,6.788,0.066,0,0,0,0,v
2014-07-08 09:42,6.797,0.060,0,0,0,0,v
2014-07-08 09:48,6.808,0.061,0,0,0,0,v
2014-07-08 09:54,6.809,0.059,0,0,0,0,v
2014-07-08 10:00,6.802,0.053,0,0,0,0,v
2014-07-08 10:06,6.791,0.071,0,0,0,0,v
2014-07-08 10:12,6.805,0.061,0,0,0,0,v
2014-07-08 10:18,6.799,0.060,0,0,0,0,v
2014-07-08 10:24,6.819,0.070,0,0,0,0,v
2014-07-08 10:30,6.811,0.063,0,0,0,0,v
2014-07-08 10:36,6.822,0.072,0,0,0,0,v
2014-07-08 10:42,6.817,0.058,0,0,0,0,v
2014-07-08 10:48,6.818,0.065,0,0,0,0,v
2014-07-08 10:54,6.823,0.071,0,0,0,0,v
2014-07-08 11:00,6.815,0.063,0,0,0,0,v
2014-07-08 11:06,6.806,0.064,0,0,0,0,v
2014-07-08 11:12,6.797,0.068,0,0,0,0,v
2014-07-08 11:18,6.818,0.062,0,0,0,0,v
2014-07-08 11:24,6.808,0.056,0,0,0,0,v
2014-07-08 11:30,6.813,0.060,0,0,0,0,v
2014-07-08 11:36,6.797,0.071,0,0,0,0,v
2014-07-08 11:42,6.784,0.053,0,0,0,0,v
2014-07-08 11:48,6.775,0.063,0,0,0,0,v
2014-07-08 11:54,6.783,0.061,0,0,0,0,v
2014-07-08 12:00,6.800,0.049,0,0,0,0,v
2014-07-08 12:06,6.785,0.058,0,0,0,0,v
2014-07-08 12:12,6.778,0.056,0,0,0,0,v
2014-07-08 12:18,6.787,0.055,0,0,0,0,v
2014-07-08 12:24,6.810,0.067,0,0,0,0,v
2014-07-08 12:30,6.794,0.056,0,0,0,0,v
2014-07-08 12:36,6.804,0.047,0,0,0,0,v
2014-07-08 12:42,6.793,0.053,0,0,0,0,v
2014-07-08 12:48,6.772,0.050,0,0,0,0,v
2014-07-08 12:54,6.778,0.068,0,0,0,0,v
2014-07-08 13:00,6.767,0.052,0,0,0,0,v
2014-07-08 13:06,6.740,0.053,0,0,0,0,v
2014-07-08 13:12,6.746,0.046,0,0,0,0,v
2014-07-08 13:18,6.741,0.059,0,0,0,0,v
2014-07-08 13:24,6.741,0.056,0,0,0,0,v
2014-07-08 13:30,6.752,0.052,0,0,0,0,v
2014-07-08 13:36,6.750,0.053,0,0,0,0,v
2014-07-08 13:42,6.754,0.048,0,0,0,0,v
2014-07-08 13:48,6.748,0.052,0,0,0,0,v
2014-07-08 13:54,6.746,0.051,0,0,0,0,v
2014-07-08 14:00,6.761,0.050,0,0,0,0,v
2014-07-08 14:06,6.767,0.000,0,0,0,0,v
2014-07-08 14:12,6.755,0.052,0,0,0,0,v
2014-07-08 14:18,6.753,0.052,0,0,0,0,v
2014-07-08 14:24,6.756,0.051,0,0,0,0,v
2014-07-08 14:30,6.753,0.055,0,0,0,0,v
2014-07-08 14:36,6.755,0.053,0,0,0,0,v
2014-07-08 14:42,6.742,0.051,0,0,0,0,v
2014-07-08 14:48,6.752,0.055,0,0,0,0,v
2014-07-08 14:54,6.752,0.052,0,0,0,0,v
2014-07-08 15:00,6.762,0.053,0,0,0,0,v
2014-07-08 15:06,6.763,0.054,0,0,0,0,v
2014-07-08 15:12,6.761,0.050,0,0,0,0,v
2014-07-08 15:18,6.774,0.043,0,0,0,0,v
2014-07-08 15:24,6.776,0.057,0,0,0,0,v
2014-07-08 15:30,6.791,0.057,0,0,0,0,v
2014-07-08 15:36,6.797,0.051,0,0,0,0,v
2014-07-08 15:42,6.798,0.052,0,0,0,0,v
2014-07-08 15:48,6.786,0.051,0,0,0,0,v
2014-07-08 15:54,6.782,0.042,0,0,0,0,v
2014-07-08 16:00,6.767,0.055,0,0,0,0,v
2014-07-08 16:06,6.773,0.046,0,0,0,0,v
2014-07-08 16:12,6.738,0.049,0,0,0,0,v
2014-07-08 16:18,6.739,0.060,0,0,0,0,v
2014-07-08 16:24,6.737,0.050,0,0,0,0,v
2014-07-08 16:30,6.733,0.047,0,0,0,0,v
2014-07-08 16:36,6.709,0.050,0,0,0,0,v
2014-07-08 16:42,6.719,0.045,0,0,0,0,v
2014-07-08 16:48,6.715,0.051,0,0,0,0,v
2014-07-08 16:54,6.717,0.056,0,0,0,0,v
2014-07-08 17:00,6.715,0.042,0,0,0,0,v
2014-07-08 17:06,6.710,0.048,0,0,0,0,v
2014-07-08 17:12,6.710,0.051,0,0,0,0,v
2014-07-08 17:18,6.703,0.046,0,0,0,0,v
2014-07-08 17:24,6.683,0.052,0,0,0,0,v
2014-07-08 17:30,6.662,0.056,0,0,0,0,v
2014-07-08 17:36,6.655,0.045,0,0,0,0,v
2014-07-08 17:42,6.660,0.058,0,0,0,0,v
2014-07-08 17:48,6.658,0.053,0,0,0,0,v
2014-07-08 17:54,6.627,0.046,0,0,0,0,v
2014-07-08 18:00,6.629,0.045,0,0,0,0,v
2014-07-08 18:06,6.623,0.042,0,0,0,0,v
2014-07-08 18:12,6.614,0.042,0,0,0,0,v
2014-07-08 18:18,6.584,0.045,0,0,0,0,v
2014-07-08 18:24,6.582,0.052,0,0,0,0,v
2014-07-08 18:30,6.571,0.048,0,0,0,0,v
2014-07-08 18:36,6.569,0.052,0,0,0,0,v
2014-07-08 18:42,6.571,0.057,0,0,0,0,v
2014-07-08 18:48,6.556,0.047,0,0,0,0,v
2014-07-08 18:54,6.526,0.051,0,0,0,0,v
2014-07-08 19:00,6.518,0.046,0,0,0,0,v
2014-07-08 19:06,6.510,0.053,0,0,0,0,v
2014-07-08 19:12,6.487,0.049,0,0,0,0,v
2014-07-08 19:18,6.471,0.055,0,0,0,0,v
2014-07-08 19:24,6.479,0.045,0,0,0,0,v
2014-07-08 19:30,6.496,0.047,0,0,0,0,v
2014-07-08 19:36,6.474,0.051,0,0,0,0,v
2014-07-08 19:42,6.471,0.047,0,0,0,0,v
2014-07-08 19:48,6.479,0.049,0,0,0,0,v
2014-07-08 19:54,6.462,0.047,0,0,0,0,v
2014-07-08 20:00,6.447,0.047,0,0,0,0,v
2014-07-08 20:06,6.440,0.048,0,0,0,0,v
2014-07-08 20:12,6.438,0.045,0,0,0,0,v
2014-07-08 20:18,6.436,0.051,0,0,0,0,v
2014-07-08 20:24,6.441,0.056,0,0,0,0,v
2014-07-08 20:30,6.463,0.054,0,0,0,0,v
2014-07-08 20:36,6.443,0.052,0,0,0,0,v
2014-07-08 20:42,6.423,0.052,0,0,0,0,v
2014-07-08 20:48,6.431,0.059,0,0,0,0,v
2014-07-08 20:54,6.415,0.049,0,0,0,0,v
2014-07-08 21:00,6.411,0.056,0,0,0,0,v
2014-07-08 21:06,6.416,0.049,0,0,0,0,v
2014-07-08 21:12,6.412,0.058,0,0,0,0,v
2014-07-08 21:18,6.408,0.063,0,0,0,0,v
2014-07-08 21:24,6.398,0.065,0,0,0,0,v
2014-07-08 21:30,6.373,0.049,0,0,0,0,v
2014-07-08 21:36,6.389,0.060,0,0,0,0,v
2014-07-08 21:42,6.393,0.055,0,0,0,0,v
2014-07-08 21:48,6.389,0.056,0,0,0,0,v
2014-07-08 21:54,6.371,0.061,0,0,0,0,v
2014-07-08 22:00,6.368,0.062,0,0,0,0,v
2014-07-08 22:06,6.366,0.072,0,0,0,0,v
2014-07-08 22:12,6.367,0.065,0,0,0,0,v
2014-07-08 22:18,6.347,0.068,0,0,0,0,v
2014-07-08 22:24,6.325,0.063,0,0,0,0,v
2014-07-08 22:30,6.319,0.069,0,0,0,0,v
2014-07-08 22:36,6.326,0.061,0,0,0,0,v
2014-07-08 22:42,6.316,0.061,0,0,0,0,v
2014-07-08 22:48,6.286,0.059,0,0,0,0,v
2014-07-08 22:54,6.279,0.064,0,0,0,0,v
2014-07-08 23:00,6.287,0.065,0,0,0,0,v
2014-07-08 23:06,6.260,0.066,0,0,0,0,v
2014-07-08 23:12,6.256,0.071,0,0,0,0,v
2014-07-08 23:18,6.246,0.075,0,0,0,0,v
2014-07-08 23:24,6.243,0.075,0,0,0,0,v
2014-07-08 23:30,6.242,0.068,0,0,0,0,v
2014-07-08 23:36,6.254,0.069,0,0,0,0,v
2014-07-08 23:42,6.240,0.061,0,0,0,0,v
2014-07-08 23:48,6.246,0.068,0,0,0,0,v
2014-07-08 23:54,6.266,0.067,0,0,0,0,v
2014-07-09 00:00,6.245,0.065,0,0,0,0,v
2014-07-09 00:06,6.260,0.071,0,0,0,0,v
2014-07-09 00:12,6.268,0.065,0,0,0,0,v
2014-07-09 00:18,6.287,0.071,0,0,0,0,v
2014-07-09 00:24,6.282,0.059,0,0,0,0,v
2014-07-09 00:30,6.286,0.064,0,0,0,0,v
2014-07-09 00:36,6.278,0.068,0,0,0,0,v
2014-07-09 00:42,6.277,0.069,0,0,0,0,v
2014-07-09 00:48,6.273,0.072,0,0,0,0,v
2014-07-09 00:54,6.282,0.071,0,0,0,0,v
2014-07-09 01:00,6.282,0.080,0,0,0,0,v
2014-07-09 01:06,6.303,0.068,0,0,0,0,v
2014-07-09 01:12,6.310,0.078,0,0,0,0,v
2014-07-09 01:18,6.307,0.073,0,0,0,0,v
2014-07-09 01:24,6.305,0.071,0,0,0,0,v
2014-07-09 01:30,6.296,0.069,0,0,0,0,v
2014-07-09 01:36,6.313,0.065,0,0,0,0,v
2014-07-09 01:42,6.338,0.060,0,0,0,0,v
2014-07-09 01:48,6.368,0.064,0,0,0,0,v
2014-07-09 01:54,6.378,0.066,0,0,0,0,v
2014-07-09 02:00,6.376,0.074,0,0,0,0,v
2014-07-09 02:06,6.392,0.065,0,0,0,0,v
2014-07-09 02:12,6.412,0.063,0,0,0,0,v
2014-07-09 02:18,6.414,0.064,0,0,0,0,v
2014-07-09 02:24,6.429,0.071,0,0,0,0,v
2014-07-09 02:30,6.434,0.064,0,0,0,0,v
2014-07-09 02:36,6.404,0.068,0,0,0,0,v
2014-07-09 02:42,6.434,0.070,0,0,0,0,v
2014-07-09 02:48,6.454,0.082,0,0,0,0,v
2014-07-09 02:54,6.456,0.068,0,0,0,0,v
2014-07-09 03:00,6.443,0.067,0,0,0,0,v
2014-07-09 03:06,6.448,0.077,0,0,0,0,v
2014-07-09 03:12,6.471,0.069,0,0,0,0,v
2014-07-09 03:18,6.474,0.073,0,0,0,0,v
2014-07-09 03:24,6.499,0.061,0,0,0,0,v
2014-07-09 03:30,6.493,0.065,0,0,0,0,v
2014-07-09 03:36,6.497,0.076,0,0,0,0,v
2014-07-09 03:42,6.505,0.068,0,0,0,0,v
2014-07-09 03:48,6.516,0.072,0,0,0,0,v
2014-07-09 03:54,6.529,0.074,0,0,0,0,v
2014-07-09 04:00,6.538,0.075,0,0,0,0,v
2014-07-09 04:06,6.572,0.072,0,0,0,0,v
2014-07-09 04:12,6.580,0.066,0,0,0,0,v
2014-07-09 04:18,6.577,0.069,0,0,0,0,v
2014-07-09 04:24,6.583,0.079,0,0,0,0,v
2014-07-09 04:30,6.597,0.076,0,0,0,0,v
2014-07-09 04:36,6.610,0.078,0,0,0,0,v
2014-07-09 04:42,6.642,0.067,0,0,0,0,v
2014-07-09 04:48,6.644,0.072,0,0,0,0,v
2014-07-09 04:54,6.637,0.073,0,0,0,0,v
2014-07-09 05:00,6.660,0.077,0,0,0,0,v
2014-07-09 05:06,6.632,0.065,0,0,0,0,v
2014-07-09 05:12,6.641,0.082,0,0,0,0,v
2014-07-09 05:18,6.664,0.079,0,0,0,0,v
2014-07-09 05:24,6.660,0.069,0,0,0,0,v
2014-07-09 05:30,6.668,0.086,0,0,0,0,v
2014-07-09 05:36,6.709,0.074,0,0,0,0,v
2014-07-09 05:42,6.707,0.076,0,0,0,0,v
2014-07-09 05:48,6.738,0.064,0,0,0,0,v
2014-07-09 05:54,6.738,0.076,0,0,0,0,v
2014-07-09 06:00,6.753,0.082,0,0,0,0,v
2014-07-09 06:06,6.749,0.081,0,0,0,0,v
2014-07-09 06:12,6.755,0.074,0,0,0,0,v
2014-07-09 06:18,6.735,0.072,0,0,0,0,v
2014-07-09 06:24,6.731,0.077,0,0,0,0,v
2014-07-09 06:30,6.753,0.077,0,0,0,0,v
2014-07-09 06:36,6.746,0.077,0,0,0,0,v
2014-07-09 06:42,6.763,0.085,0,0,0,0,v
2014-07-09 06:48,6.778,0.084,0,0,0,0,v
2014-07-09 06:54,6.775,0.071,0,0,0,0,v
2014-07-09 07:00,6.752,0.079,0,0,0,0,v
2014-07-09 07:06,6.767,0.070,0,0,0,0,v
2014-07-09 07:12,6.759,0.076,0,0,0,0,v
2014-07-09 07:18,6.794,0.071,0,0,0,0,v
2014-07-09 07:24,6.829,0.077,0,0,0,0,v
2014-07-09 07:30,6.812,0.066,0,0,0,0,v
2014-07-09 07:36,6.785,0.079,0,0,0,0,v
2014-07-09 07:42,6.800,0.076,0,0,0,0,v
2014-07-09 07:48,6.786,0.074,0,0,0,0,v
2014-07-09 07:54,6.766,0.068,0,0,0,0,v
2014-07-09 08:00,6.780,0.072,0,0,0,0,v
2014-07-09 08:06,6.805,0.068,0,0,0,0,v
2014-07-09 08:12,6.813,0.071,0,0,0,0,v
2014-07-09 08:18,6.788,0.063,0,0,0,0,v
2014-07-09 08:24,6.774,0.078,0,0,0,0,v
2014-07-09 08:30,6.778,0.072,0,0,0,0,v
2014-07-09 08:36,6.804,0.077,0,0,0,0,v
2014-07-09 08:42,6.808,0.076,0,0,0,0,v
2014-07-09 08:48,6.801,0.072,0,0,0,0,v
2014-07-09 08:54,6.817,0.080,0,0,0,0,v
2014-07-09 09:00,6.812,0.073,0,0,0,0,v
2014-07-09 09:06,6.788,0.070,0,0,0,0,v
2014-07-09 09:12,6.771,0.077,0,0,0,0,v
2014-07-09 09:18,6.792,0.061,0,0,0,0,v
2014-07-09 09:24,6.795,0.066,0,0,0,0,v
2014-07-09 09:30,6.798,0.070,0,0,0,0,v
2014-07-09 09:36,6.781,0.070,0,0,0,0,v
2014-07-09 09:42,6.777,0.072,0,0,0,0,v
2014-07-09 09:48,6.792,0.070,0,0,0,0,v
2014-07-09 09:54,6.793,0.068,0,0,0,0,v
2014-07-09 10:00,6.783,0.072,0,0,0,0,v
2014-07-09 10:06,6.781,0.082,0,0,0,0,v
2014-07-09 10:12,6.778,0.081,0,0,0,0,v
2014-07-09 10:18,6.767,0.072,0,0,0,0,v
2014-07-09 10:24,6.800,0.069,0,0,0,0,v
2014-07-09 10:30,6.781,0.066,0,0,0,0,v
2014-07-09 10:36,6.787,0.081,0,0,0,0,v
2014-07-09 10:42,6.806,0.071,0,0,0,0,v
2014-07-09 10:48,6.821,0.084,0,0,0,0,v
2014-07-09 10:54,6.784,0.067,0,0,0,0,v
2014-07-09 11:00,6.803,0.074,0,0,0,0,v
2014-07-09 11:06,6.792,0.060,0,0,0,0,v
2014-07-09 11:12,6.783,0.074,0,0,0,0,v
2014-07-09 11:18,6.794,0.064,0,0,0,0,v
2014-07-09 11:24,6.820,0.069,0,0,0,0,v
2014-07-09 11:30,6.821,0.066,0,0,0,0,v
2014-07-09 11:36,6.830,0.075,0,0,0,0,v
2014-07-09 11:42,6.806,0.061,0,0,0,0,v
2014-07-09 11:48,6.800,0.060,0,0,0,0,v
2014-07-09 11:54,6.785,0.082,0,0,0,0,v
2014-07-09 12:00,6.780,0.060,0,0,0,0,v
2014-07-09 12:06,6.776,0.078,0,0,0,0,v
2014-07-09 12:12,6.793,0.070,0,0,0,0,v
2014-07-09 12:18,6.774,0.072,0,0,0,0,v
2014-07-09 12:24,6.770,0.072,0,0,0,0,v
2014-07-09 12:30,6.783,0.064,0,0,0,0,v
2014-07-09 12:36,6.785,0.071,0,0,0,0,v
2014-07-09 12:42,6.767,0.065,0,0,0,0,v
2014-07-09 12:48,6.746,0.063,0,0,0,0,v
2014-07-09 12:54,6.737,0.063,0,0,0,0,v
2014-07-09 13:00,6.752,0.060,0,0,0,0,v
2014-07-09 13:06,6.749,0.061,0,0,0,0,v
2014-07-09 13:12,6.752,0.056,0,0,0,0,v
2014-07-09 13:18,6.747,0.071,0,0,0,0,v
2014-07-09 13:24,6.749,0.054,0,0,0,0,v
2014-07-09 13:30,6.761,0.062,0,0,0,0,v
2014-07-09 13:36,6.758,0.060,0,0,0,0,v
2014-07-09 13:42,6.756,0.055,0,0,0,0,v
2014-07-09 13:48,6.758,0.052,0,0,0,0,v
2014-07-09 13:54,6.774,0.058,0,0,0,0,v
2014-07-09 14:00,6.782,0.062,0,0,0,0,v
2014-07-09 14:06,6.774,0.061,0,0,0,0,v
2014-07-09 14:12,6.752,0.055,0,0,0,0,v
2014-07-09 14:18,6.771,0.067,0,0,0,0,v
2014-07-09 14:24,6.752,0.052,0,0,0,0,v
2014-07-09 14:30,6.740,0.060,0,0,0,0,v
2014-07-09 14:36,6.735,0.061,0,0,0,0,v
2014-07-09 14:42,6.755,0.059,0,0,0,0,v
2014-07-09 14:48,6.753,0.059,0,0,0,0,v
2014-07-09 14:54,6.743,0.054,0,0,0,0,v
2014-07-09 15:00,6.747,0.063,0,0,0,0,v
2014-07-09 15:06,6.751,0.068,0,0,0,0,v
2014-07-09 15:12,6.761,0.062,0,0,0,0,v
2014-07-09 15:18,6.742,0.061,0,0,0,0,v
2014-07-09 15:24,6.737,0.056,0,0,0,0,v
2014-07-09 15:30,6.724,0.059,0,0,0,0,v
2014-07-09 15:36,6.741,0.063,0,0,0,0,v
2014-07-09 15:42,6.760,0.056,0,0,0,0,v
2014-07-09 15:48,6.731,0.058,0,0,0,0,v
2014-07-09 15:54,6.746,0.056,0,0,0,0,v
2014-07-09 16:00,6.754,0.062,0,0,0,0,v
2014-07-09 16:06,6.728,0.056,0,0,0,0,v
2014-07-09 16:12,6.735,0.056,0,0,0,0,v
2014-07-09 16:18,6.741,0.060,0,0,0,0,v
2014-07-09 16:24,6.732,0.059,0,0,0,0,v
2014-07-09 16:30,6.696,0.052,0,0,0,0,v
2014-07-09 16:36,6.714,0.057,0,0,0,0,v
2014-07-09 16:42,6.718,0.053,0,0,0,0,v
2014-07-09 16:48,6.715,0.057,0,0,0,0,v
2014-07-09 16:54,6.719,0.061,0,0,0,0,v
2014-07-09 17:00,6.702,0.053,0,0,0,0,v
2014-07-09 17:06,6.704,0.058,0,0,0,0,v
2014-07-09 17:12,6.686,0.057,0,0,0,0,v
2014-07-09 17:18,6.691,0.059,0,0,0,0,v
2014-07-09 17:24,6.676,0.052,0,0,0,0,v
2014-07-09 17:30,6.687,0.054,0,0,0,0,v
2014-07-09 17:36,6.682,0.059,0,0,0,0,v
2014-07-09 17:42,6.682,0.048,0,0,0,0,v
2014-07-09 17:48,6.663,0.057,0,0,0,0,v
2014-07-09 17:54,6.667,0.065,0,0,0,0,v
2014-07-09 18:00,6.655,0.054,0,0,0,0,v
2014-07-09 18:06,6.633,0.055,0,0,0,0,v
2014-07-09 18:12,6.614,0.058,0,0,0,0,v
2014-07-09 18:18,6.607,0.052,0,0,0,0,v
2014-07-09 18:24,6.596,0.052,0,0,0,0,v
2014-07-09 18:30,6.586,0.053,0,0,0,0,v
2014-07-09 18:36,6.593,0.056,0,0,0,0,v
2014-07-09 18:42,6.575,0.054,0,0,0,0,v
2014-07-09 18:48,6.574,0.056,0,0,0,0,v
2014-07-09 18:54,6.574,0.048,0,0,0,0,v
2014-07-09 19:00,6.570,0.044,0,0,0,0,v
2014-07-09 19:06,6.567,0.056,0,0,0,0,v
2014-07-09 19:12,6.540,0.048,0,0,0,0,v
2014-07-09 19:18,6.521,0.058,0,0,0,0,v
2014-07-09 19:24,6.546,0.053,0,0,0,0,v
2014-07-09 19:30,6.546,0.054,0,0,0,0,v
2014-07-09 19:36,6.537,0.061,0,0,0,0,v
2014-07-09 19:42,6.500,0.051,0,0,0,0,v
2014-07-09 19:48,6.500,0.047,0,0,0,0,v
2014-07-09 19:54,6.477,0.052,0,0,0,0,v
2014-07-09 20:00,6.476,0.054,0,0,0,0,v
2014-07-09 20:06,6.460,0.062,0,0,0,0,v
2014-07-09 20:12,6.446,0.052,0,0,0,0,v
2014-07-09 20:18,6.442,0.055,0,0,0,0,v
2014-07-09 20:24,6.435,0.054,0,0,0,0,v
2014-07-09 20:30,6.420,0.059,0,0,0,0,v
2014-07-09 20:36,6.424,0.057,0,0,0,0,v
2014-07-09 20:42,6.449,0.056,0,0,0,0,v
2014-07-09 20:48,6.439,0.051,0,0,0,0,v
2014-07-09 20:54,6.424,0.048,0,0,0,0,v
2014-07-09 21:00,6.424,0.049,0,0,0,0,v
2014-07-09 21:06,6.397,0.058,0,0,0,0,v
2014-07-09 21:12,6.374,0.048,0,0,0,0,v
2014-07-09 21:18,6.373,0.059,0,0,0,0,v
2014-07-09 21:24,6.374,0.049,0,0,0,0,v
2014-07-09 21:30,6.361,0.053,0,0,0,0,v
2014-07-09 21:36,6.356,0.051,0,0,0,0,v
2014-07-09 21:42,6.360,0.058,0,0,0,0,v
2014-07-09 21:48,6.365,0.059,0,0,0,0,v
2014-07-09 21:54,6.340,0.050,0,0,0,0,v
2014-07-09 22:00,6.325,0.053,0,0,0,0,v
2014-07-09 22:06,6.313,0.058,0,0,0,0,v
2014-07-09 22:12,6.306,0.048,0,0,0,0,v
2014-07-09 22:18,6.298,0.056,0,0,0,0,v
2014-07-09 22:24,6.290,0.059,0,0,0,0,v
2014-07-09 22:30,6.285,0.054,0,0,0,0,v
2014-07-09 22:36,6.280,0.055,0,0,0,0,v
2014-07-09 22:42,6.269,0.057,0,0,0,0,v
2014-07-09 22:48,6.256,0.060,0,0,0,0,v
2014-07-09 22:54,6.241,0.053,0,0,0,0,v
2014-07-09 23:00,6.253,0.058,0,0,0,0,v
2014-07-09 23:06,6.235,0.060,0,0,0,0,v
2014-07-09 23:12,6.229,0.053,0,0,0,0,v
2014-07-09 23:18,6.233,0.052,0,0,0,0,v
2014-07-09 23:24,6.228,0.047,0,0,0,0,v
2014-07-09 23:30,6.218,0.062,0,0,0,0,v
2014-07-09 23:36,6.216,0.049,0,0,0,0,v
2014-07-09 23:42,6.197,0.059,0,0,0,0,v
2014-07-09 23:48,6.214,0.053,0,0,0,0,v
2014-07-09 23:54,6.212,0.058,0,0,0,0,v
2014-07-10 00:00,6.204,0.057,0,0,0,0,v
2014-07-10 00:06,6.200,0.056,0,0,0,0,v
2014-07-10 00:12,6.219,0.052,0,0,0,0,v
2014-07-10 00:18,6.235,0.053,0,0,0,0,v
2014-07-10 00:24,6.246,0.049,0,0,0,0,v
2014-07-10 00:30,6.236,0.060,0,0,0,0,v
2014-07-10 00:36,6.242,0.055,0,0,0,0,v
2014-07-10 00:42,6.236,0.055,0,0,0,0,v
2014-07-10 00:48,6.227,0.053,0,0,0,0,v
2014-07-10 00:54,6.234,0.052,0,0,0,0,v
2014-07-10 01:00,6.250,0.053,0,0,0,0,v
2014-07-10 01:06,6.256,0.058,0,0,0,0,v
2014-07-10 01:12,6.250,0.055,0,0,0,0,v
2014-07-10 01:18,6.246,0.050,0,0,0,0,v
2014-07-10 01:24,6.253,0.054,0,0,0,0,v
2014-07-10 01:30,6.265,0.050,0,0,0,0,v
2014-07-10 01:36,6.274,0.047,0,0,0,0,v
2014-07-10 01:42,6.287,0.057,0,0,0,0,v
2014-07-10 01:48,6.278,0.052,0,0,0,0,v
2014-07-10 01:54,6.300,0.051,0,0,0,0,v
2014-07-10 02:00,6.326,0.054,0,0,0,0,v
2014-07-10 02:06,6.323,0.054,0,0,0,0,v
2014-07-10 02:12,6.323,0.048,0,0,0,0,v
2014-07-10 02:18,6.340,0.051,0,0,0,0,v
2014-07-10 02:24,6.346,0.052,0,0,0,0,v
2014-07-10 02:30,6.334,0.047,0,0,0,0,v
2014-07-10 02:36,6.352,0.052,0,0,0,0,v
2014-07-10 02:42,6.357,0.058,0,0,0,0,v
2014-07-10 02:48,6.370,0.053,0,0,0,0,v
2014-07-10 02:54,6.368,0.059,0,0,0,0,v
2014-07-10 03:00,6.390,0.057,0,0,0,0,v
2014-07-10 03:06,6.390,0.054,0,0,0,0,v
2014-07-10 03:12,6.391,0.049,0,0,0,0,v
2014-07-10 03:18,6.417,0.054,0,0,0,0,v
2014-07-10 03:24,6.433,0.057,0,0,0,0,v
2014-07-10 03:30,6.453,0.054,0,0,0,0,v
2014-07-10 03:36,6.477,0.054,0,0,0,0,v
2014-07-10 03:42,6.469,0.050,0,0,0,0,v
2014-07-10 03:48,6.479,0.057,0,0,0,0,v
2014-07-10 03:54,6.473,0.055,0,0,0,0,v
2014-07-10 04:00,6.483,0.059,0,0,0,0,v
2014-07-10 04:06,6.498,0.059,0,0,0,0,v
2014-07-10 04:12,6.503,0.055,0,0,0,0,v
2014-07-10 04:18,6.516,0.053,0,0,0,0,v
2014-07-10 04:24,6.544,0.055,0,0,0,0,v
2014-07-10 04:30,6.559,0.054,0,0,0,0,v
2014-07-10 04:36,6.574,0.052,0,0,0,0,v
2014-07-10 04:42,6.597,0.058,0,0,0,0,v
2014-07-10 04:48,6.597,0.054,0,0,0,0,v
2014-07-10 04:54,6.608,0.055,0,0,0,0,v
2014-07-10 05:00,6.622,0.058,0,0,0,0,v
2014-07-10 05:06,6.618,0.048,0,0,0,0,v
2014-07-10 05:12,6.644,0.058,0,0,0,0,v
2014-07-10 05:18,6.650,0.061,0,0,0,0,v
2014-07-10 05:24,6.651,0.058,0,0,0,0,v
2014-07-10 05:30,6.641,0.055,0,0,0,0,v
2014-07-10 05:36,6.664,0.061,0,0,0,0,v
2014-07-10 05:42,6.657,0.060,0,0,0,0,v
2014-07-10 05:48,6.703,0.054,0,0,0,0,v
2014-07-10 05:54,6.718,0.069,0,0,0,0,v
2014-07-10 06:00,6.752,0.051,0,0,0,0,v
2014-07-10 06:06,6.726,0.062,0,0,0,0,v
2014-07-10 06:12,6.759,0.048,0,0,0,0,v
2014-07-10 06:18,6.787,0.061,0,0,0,0,v
2014-07-10 06:24,6.797,0.067,0,0,0,0,v
2014-07-10 06:30,6.788,0.064,0,0,0,0,v
2014-07-10 06:36,6.814,0.064,0,0,0,0,v
2014-07-10 06:42,6.839,0.065,0,0,0,0,v
2014-07-10 06:48,6.846,0.052,0,0,0,0,v
2014-07-10 06:54,6.850,0.051,0,0,0,0,v
2014-07-10 07:00,6.830,0.070,0,0,0,0,v
2014-07-10 07:06,6.849,0.066,0,0,0,0,v
2014-07-10 07:12,6.837,0.052,0,0,0,0,v
2014-07-10 07:18,6.818,0.054,0,0,0,0,v
2014-07-10 07:24,6.787,0.055,0,0,0,0,v
2014-07-10 07:30,6.771,0.056,0,0,0,0,v
2014-07-10 07:36,6.774,0.060,0,0,0,0,v
2014-07-10 07:42,6.796,0.049,0,0,0,0,v
2014-07-10 07:48,6.844,0.053,0,0,0,0,v
2014-07-10 07:54,6.866,0.052,0,0,0,0,v
2014-07-10 08:00,6.853,0.055,0,0,0,0,v
2014-07-10 08:06,6.876,0.057,0,0,0,0,v
2014-07-10 08:12,6.904,0.057,0,0,0,0,v
2014-07-10 08:18,6.915,0.063,0,0,0,0,v
2014-07-10 08:24,6.916,0.054,0,0,0,0,v
2014-07-10 08:30,6.900,0.052,0,0,0,0,v
2014-07-10 08:36,6.896,0.062,0,0,0,0,v
2014-07-10 08:42,6.901,0.060,0,0,0,0,v
2014-07-10 08:48,6.892,0.048,0,0,0,0,v
2014-07-10 08:54,6.901,0.064,0,0,0,0,v
2014-07-10 09:00,6.892,0.053,0,0,0,0,v
2014-07-10 09:06,6.897,0.052,0,0,0,0,v
2014-07-10 09:12,6.886,0.058,0,0,0,0,v
2014-07-10 09:18,6.851,0.056,0,0,0,0,v
2014-07-10 09:24,6.823,0.052,0,0,0,0,v
2014-07-10 09:30,6.827,0.054,0,0,0,0,v
2014-07-10 09:36,6.830,0.053,0,0,0,0,v
2014-07-10 09:42,6.887,0.053,0,0,0,0,v
2014-07-10 09:48,6.886,0.051,0,0,0,0,v
2014-07-10 09:54,6.911,0.054,0,0,0,0,v
2014-07-10 10:00,6.925,0.059,0,0,0,0,v
2014-07-10 10:06,6.918,0.054,0,0,0,0,v
2014-07-10 10:12,6.894,0.050,0,0,0,0,v
2014-07-10 10:18,6.911,0.049,0,0,0,0,v
2014-07-10 10:24,6.901,0.057,0,0,0,0,v
2014-07-10 10:30,6.897,0.062,0,0,0,0,v
2014-07-10 10:36,6.937,0.053,0,0,0,0,v
2014-07-10 10:42,6.952,0.050,0,0,0,0,v
2014-07-10 10:48,6.899,0.046,0,0,0,0,v
2014-07-10 10:54,6.865,0.060,0,0,0,0,v
2014-07-10 11:00,6.855,0.060,0,0,0,0,v
2014-07-10 11:06,6.850,0.053,0,0,0,0,v
2014-07-10 11:12,6.818,0.059,0,0,0,0,v
2014-07-10 11:18,6.819,0.064,0,0,0,0,v
2014-07-10 11:24,6.828,0.075,0,0,0,0,v
2014-07-10 11:30,6.910,0.066,0,0,0,0,v
2014-07-10 11:36,6.939,0.084,0,0,0,0,v
2014-07-10 11:42,6.902,0.073,0,0,0,0,v
2014-07-10 11:48,6.842,0.084,0,0,0,0,v
2014-07-10 11:54,6.798,0.073,0,0,0,0,v
2014-07-10 12:00,6.774,0.061,0,0,0,0,v
2014-07-10 12:06,6.814,0.077,0,0,0,0,v
2014-07-10 12:12,6.836,0.063,0,0,0,0,v
2014-07-10 12:18,6.829,0.077,0,0,0,0,v
2014-07-10 12:24,6.842,0.082,0,0,0,0,v
2014-07-10 12:30,6.826,0.076,0,0,0,0,v
2014-07-10 12:36,6.806,0.086,0,0,0,0,v
2014-07-10 12:42,6.777,0.069,0,0,0,0,v
2014-07-10 12:48,6.799,0.071,0,0,0,0,v
2014-07-10 12:54,6.802,0.070,0,0,0,0,v
2014-07-10 13:00,6.821,0.067,0,0,0,0,v
2014-07-10 13:06,6.850,0.066,0,0,0,0,v
2014-07-10 13:12,6.859,0.067,0,0,0,0,v
2014-07-10 13:18,6.820,0.064,0,0,0,0,v
2014-07-10 13:24,6.839,0.062,0,0,0,0,v
2014-07-10 13:30,6.813,0.065,0,0,0,0,v
2014-07-10 13:36,6.816,0.068,0,0,0,0,v
2014-07-10 13:42,6.789,0.062,0,0,0,0,v
2014-07-10 13:48,6.769,0.067,0,0,0,0,v
2014-07-10 13:54,6.757,0.063,0,0,0,0,v
2014-07-10 14:00,6.783,0.069,0,0,0,0,v
2014-07-10 14:06,6.755,0.067,0,0,0,0,v
2014-07-10 14:12,6.785,0.060,0,0,0,0,v
2014-07-10 14:18,6.742,0.072,0,0,0,0,v
2014-07-10 14:24,6.722,0.060,0,0,0,0,v
2014-07-10 14:30,6.766,0.060,0,0,0,0,v
2014-07-10 14:36,6.759,0.068,0,0,0,0,v
2014-07-10 14:42,6.754,0.057,0,0,0,0,v
2014-07-10 14:48,6.733,0.061,0,0,0,0,v
2014-07-10 14:54,6.724,0.065,0,0,0,0,v
2014-07-10 15:00,6.724,0.059,0,0,0,0,v
2014-07-10 15:06,6.759,0.058,0,0,0,0,v
2014-07-10 15:12,6.780,0.059,0,0,0,0,v
2014-07-10 15:18,6.806,0.063,0,0,0,0,v
2014-07-10 15:24,6.823,0.064,0,0,0,0,v
2014-07-10 15:30,6.827,0.067,0,0,0,0,v
2014-07-10 15:36,6.806,0.063,0,0,0,0,v
2014-07-10 15:42,6.795,0.059,0,0,0,0,v
2014-07-10 15:48,6.807,0.058,0,0,0,0,v
2014-07-10 15:54,6.813,0.056,0,0,0,0,v
2014-07-10 16:00,6.801,0.062,0,0,0,0,v
2014-07-10 16:06,6.769,0.056,0,0,0,0,v
2014-07-10 16:12,6.766,0.062,0,0,0,0,v
2014-07-10 16:18,6.781,0.062,0,0,0,0,v
2014-07-10 16:24,6.755,0.064,0,0,0,0,v
2014-07-10 16:30,6.777,0.065,0,0,0,0,v
2014-07-10 16:36,6.774,0.054,0,0,0,0,v
2014-07-10 16:42,6.768,0.056,0,0,0,0,v
2014-07-10 16:48,6.783,0.057,0,0,0,0,v
2014-07-10 16:54,6.796,0.057,0,0,0,0,v
2014-07-10 17:00,6.778,0.054,0,0,0,0,v
2014-07-10 17:06,6.778,0.055,0,0,0,0,v
2014-07-10 17:12,6.772,0.064,0,0,0,0,v
2014-07-10 17:18,6.746,0.054,0,0,0,0,v
2014-07-10 17:24,6.733,0.047,0,0,0,0,v
2014-07-10 17:30,6.715,0.053,0,0,0,0,v
2014-07-10 17:36,6.725,0.053,0,0,0,0,v
2014-07-10 17:42,6.739,0.059,0,0,0,0,v
2014-07-10 17:48,6.725,0.055,0,0,0,0,v
2014-07-10 17:54,6.682,0.056,0,0,0,0,v
2014-07-10 18:00,6.659,0.044,0,0,0,0,v
2014-07-10 18:06,6.643,0.056,0,0,0,0,v
2014-07-10 18:12,6.637,0.056,0,0,0,0,v
2014-07-10 18:18,6.633,0.050,0,0,0,0,v
2014-07-10 18:24,6.619,0.053,0,0,0,0,v
2014-07-10 18:30,6.634,0.050,0,0,0,0,v
2014-07-10 18:36,6.640,0.054,0,0,0,0,v
2014-07-10 18:42,6.608,0.049,0,0,0,0,v
2014-07-10 18:48,6.584,0.047,0,0,0,0,v
2014-07-10 18:54,6.582,0.048,0,0,0,0,v
2014-07-10 19:00,6.598,0.046,0,0,0,0,v
2014-07-10 19:06,6.602,0.056,0,0,0,0,v
2014-07-10 19:12,6.613,0.049,0,0,0,0,v
2014-07-10 19:18,6.613,0.043,0,0,0,0,v
2014-07-10 19:24,6.611,0.046,0,0,0,0,v
2014-07-10 19:30,6.575,0.053,0,0,0,0,v
2014-07-10 19:36,6.551,0.045,0,0,0,0,v
2014-07-10 19:42,6.583,0.054,0,0,0,0,v
2014-07-10 19:48,6.602,0.049,0,0,0,0,v
2014-07-10 19:54,6.620,0.056,0,0,0,0,v
2014-07-10 20:00,6.629,0.050,0,0,0,0,v
2014-07-10 20:06,6.659,0.052,0,0,0,0,v
2014-07-10 20:12,6.643,0.056,0,0,0,0,v
2014-07-10 20:18,6.592,0.057,0,0,0,0,v
2014-07-10 20:24,6.551,0.055,0,0,0,0,v
2014-07-10 20:30,6.544,0.058,0,0,0,0,v
2014-07-10 20:36,6.687,0.064,0,0,0,0,v
2014-07-10 20:42,6.649,0.056,0,0,1,0,v
2014-07-10 20:48,6.669,0.064,0,0,0,0,v
2014-07-10 20:54,6.657,0.066,0,0,0,0,v
2014-07-10 21:00,6.570,0.070,0,0,0,0,v
2014-07-10 21:06,6.499,0.068,0,0,0,0,v
2014-07-10 21:12,6.451,0.077,0,0,0,0,v
2014-07-10 21:18,6.474,0.083,0,0,0,0,v
2014-07-10 21:24,6.387,0.078,0,0,0,0,v
2014-07-10 21:30,6.262,0.071,0,0,0,0,v
2014-07-10 21:36,6.202,0.086,0,0,0,0,v
2014-07-10 21:42,6.152,0.075,0,0,0,0,v
2014-07-10 21:48,6.168,0.079,0,0,0,0,v
2014-07-10 21:54,6.244,0.100,0,0,0,0,v
2014-07-10 22:00,6.321,0.088,0,0,0,0,v
2014-07-10 22:06,6.356,0.097,0,0,0,0,v
2014-07-10 22:12,6.326,0.083,0,0,0,0,v
2014-07-10 22:18,6.297,0.094,0,0,0,0,v
2014-07-10 22:24,6.243,0.092,0,0,0,0,v
2014-07-10 22:30,6.227,0.098,0,0,0,0,v
2014-07-10 22:36,6.205,0.103,0,0,0,0,v
2014-07-10 22:42,6.286,0.086,0,0,0,0,v
2014-07-10 22:48,6.320,0.094,0,0,0,0,v
2014-07-10 22:54,6.258,0.096,0,0,0,0,v
2014-07-10 23:00,6.273,0.103,0,0,0,0,v
2014-07-10 23:06,6.256,0.100,0,0,0,0,v
2014-07-10 23:12,6.274,0.091,0,0,0,0,v
2014-07-10 23:18,6.245,0.099,0,0,0,0,v
2014-07-10 23:24,6.237,0.111,0,0,0,0,v
2014-07-10 23:30,6.174,0.096,0,0,0,0,v
2014-07-10 23:36,6.205,0.094,0,0,0,0,v
2014-07-10 23:42,6.219,0.093,0,0,0,0,v
2014-07-10 23:48,6.184,0.104,0,0,0,0,v
2014-07-10 23:54,6.112,0.106,0,0,0,0,v
2014-07-11 00:00,6.089,0.119,0,0,0,0,v
2014-07-11 00:06,6.183,0.107,0,0,0,0,v
2014-07-11 00:12,6.138,0.118,0,0,1,0,v
2014-07-11 00:18,6.158,0.088,0,0,0,0,v
2014-07-11 00:24,6.170,0.098,0,0,0,0,v
2014-07-11 00:30,6.142,0.115,0,0,0,0,v
2014-07-11 00:36,6.098,0.092,0,0,0,0,v
2014-07-11 00:42,6.134,0.083,0,0,0,0,v
2014-07-11 00:48,6.149,0.081,0,0,0,0,v
2014-07-11 00:54,6.143,0.090,0,0,0,0,v
2014-07-11 01:00,6.095,0.113,0,0,0,0,v
2014-07-11 01:06,6.062,0.096,0,0,0,0,v
2014-07-11 01:12,6.092,0.113,0,0,0,0,v
2014-07-11 01:18,6.104,0.093,0,0,0,0,v
2014-07-11 01:24,6.136,0.105,0,0,0,0,v
2014-07-11 01:30,6.178,0.084,0,0,0,0,v
2014-07-11 01:36,6.188,0.064,0,0,0,0,v
2014-07-11 01:42,6.197,0.087,0,0,0,0,v
2014-07-11 01:48,6.223,0.089,0,0,0,0,v
2014-07-11 01:54,6.242,0.081,0,0,0,0,v
2014-07-11 02:00,6.242,0.085,0,0,0,0,v
2014-07-11 02:06,6.267,0.083,0,0,0,0,v
2014-07-11 02:12,6.281,0.078,0,0,0,0,v
2014-07-11 02:18,6.240,0.083,0,0,0,0,v
2014-07-11 02:24,6.185,0.091,0,0,0,0,v
2014-07-11 02:30,6.221,0.089,0,0,0,0,v
2014-07-11 02:36,6.235,0.078,0,0,0,0,v
2014-07-11 02:42,6.202,0.072,0,0,0,0,v
2014-07-11 02:48,6.214,0.080,0,0,0,0,v
2014-07-11 02:54,6.239,0.070,0,0,0,0,v
2014-07-11 03:00,6.244,0.072,0,0,0,0,v
2014-07-11 03:06,6.210,0.077,0,0,0,0,v
2014-07-11 03:12,6.208,0.078,0,0,0,0,v
2014-07-11 03:18,6.241,0.073,0,0,0,0,v
2014-07-11 03:24,6.273,0.077,0,0,0,0,v
2014-07-11 03:30,6.296,0.080,0,0,0,0,v
2014-07-11 03:36,6.340,0.060,0,0,0,0,v
2014-07-11 03:42,6.347,0.066,0,0,0,0,v
2014-07-11 03:48,6.309,0.059,0,0,0,0,v
2014-07-11 03:54,6.297,0.067,0,0,0,0,v
2014-07-11 04:00,6.350,0.066,0,0,0,0,v
2014-07-11 04:06,6.360,0.077,0,0,0,0,v
2014-07-11 04:12,6.403,0.079,0,0,0,0,v
2014-07-11 04:18,6.400,0.079,0,0,0,0,v
2014-07-11 04:24,6.417,0.060,0,0,0,0,v
2014-07-11 04:30,6.415,0.072,0,0,0,0,v
2014-07-11 04:36,6.425,0.067,0,0,0,0,v
2014-07-11 04:42,6.453,0.067,0,0,0,0,v
2014-07-11 04:48,6.458,0.067,0,0,0,0,v
2014-07-11 04:54,6.468,0.067,0,0,0,0,v
2014-07-11 05:00,6.478,0.066,0,0,0,0,v
2014-07-11 05:06,6.482,0.083,0,0,0,0,v
2014-07-11 05:12,6.493,0.078,0,0,0,0,v
2014-07-11 05:18,6.535,0.071,0,0,0,0,v
2014-07-11 05:24,6.533,0.068,0,0,0,0,v
2014-07-11 05:30,6.546,0.073,0,0,0,0,v
2014-07-11 05:36,6.578,0.079,0,0,0,0,v
2014-07-11 05:42,6.591,0.068,0,0,0,0,v
2014-07-11 05:48,6.590,0.081,0,0,0,0,v
2014-07-11 05:54,6.594,0.062,0,0,0,0,v
2014-07-11 06:00,6.607,0.076,0,0,0,0,v
2014-07-11 06:06,6.595,0.066,0,0,0,0,v
2014-07-11 06:12,6.606,0.072,0,0,0,0,v
2014-07-11 06:18,6.654,0.074,0,0,0,0,v
2014-07-11 06:24,6.665,0.082,0,0,0,0,v
2014-07-11 06:30,6.659,0.075,0,0,0,0,v
2014-07-11 06:36,6.684,0.083,0,0,0,0,v
2014-07-11 06:42,6.690,0.077,0,0,0,0,v
2014-07-11 06:48,6.698,0.076,0,0,0,0,v
2014-07-11 06:54,6.720,0.081,0,0,0,0,v
2014-07-11 07:00,6.734,0.099,0,0,0,0,v
2014-07-11 07:06,6.741,0.094,0,0,0,0,v
2014-07-11 07:12,6.773,0.077,0,0,0,0,v
2014-07-11 07:18,6.780,0.077,0,0,0,0,v
2014-07-11 07:24,6.779,0.078,0,0,0,0,v
2014-07-11 07:30,6.757,0.075,0,0,0,0,v
2014-07-11 07:36,6.785,0.089,0,0,0,0,v
2014-07-11 07:42,6.800,0.076,0,0,0,0,v
2014-07-11 07:48,6.794,0.082,0,0,0,0,v
2014-07-11 07:54,6.794,0.091,0,0,0,0,v
2014-07-11 08:00,6.773,0.084,0,0,0,0,v
2014-07-11 08:06,6.773,0.093,0,0,0,0,v
2014-07-11 08:12,6.778,0.091,0,0,0,0,v
2014-07-11 08:18,6.813,0.084,0,0,0,0,v
2014-07-11 08:24,6.826,0.094,0,0,0,0,v
2014-07-11 08:30,6.833,0.084,0,0,0,0,v
2014-07-11 08:36,6.836,0.084,0,0,0,0,v
2014-07-11 08:42,6.874,0.090,0,0,0,0,v
2014-07-11 08:48,6.857,0.098,0,0,0,0,v
2014-07-11 08:54,6.846,0.093,0,0,0,0,v
2014-07-11 09:00,6.863,0.092,0,0,0,0,v
2014-07-11 09:06,6.881,0.087,0,0,0,0,v
2014-07-11 09:12,6.888,0.084,0,0,0,0,v
2014-07-11 09:18,6.892,0.102,0,0,0,0,v
2014-07-11 09:24,6.904,0.080,0,0,0,0,v
2014-07-11 09:30,6.890,0.084,0,0,0,0,v
2014-07-11 09:36,6.883,0.094,0,0,0,0,v
2014-07-11 09:42,6.887,0.084,0,0,0,0,v
2014-07-11 09:48,6.873,0.100,0,0,0,0,v
2014-07-11 09:54,6.875,0.074,0,0,0,0,v
2014-07-11 10:00,6.893,0.089,0,0,0,0,v
2014-07-11 10:06,6.899,0.087,0,0,0,0,v
2014-07-11 10:12,6.898,0.092,0,0,0,0,v
2014-07-11 10:18,6.896,0.077,0,0,0,0,v
2014-07-11 10:24,6.888,0.076,0,0,0,0,v
2014-07-11 10:30,6.882,0.082,0,0,0,0,v
2014-07-11 10:36,6.869,0.075,0,0,0,0,v
2014-07-11 10:42,6.863,0.088,0,0,0,0,v
2014-07-11 10:48,6.848,0.080,0,0,0,0,v
2014-07-11 10:54,6.861,0.076,0,0,0,0,v
2014-07-11 11:00,6.874,0.095,0,0,0,0,v
2014-07-11 11:06,6.872,0.086,0,0,0,0,v
2014-07-11 11:12,6.872,0.091,0,0,0,0,v
2014-07-11 11:18,6.880,0.082,0,0,0,0,v
2014-07-11 11:24,6.890,0.078,0,0,0,0,v
2014-07-11 11:30,6.880,0.100,0,0,0,0,v
2014-07-11 11:36,6.905,0.090,0,0,0,0,v
2014-07-11 11:42,6.916,0.076,0,0,0,0,v
2014-07-11 11:48,6.908,0.072,0,0,0,0,v
2014-07-11 11:54,6.897,0.081,0,0,0,0,v
2014-07-11 12:00,6.901,0.083,0,0,0,0,v
2014-07-11 12:06,6.898,0.090,0,0,0,0,v
2014-07-11 12:12,6.908,0.079,0,0,0,0,v
2014-07-11 12:18,6.870,0.083,0,0,0,0,v
2014-07-11 12:24,6.882,0.088,0,0,0,0,v
2014-07-11 12:30,6.878,0.070,0,0,0,0,v
2014-07-11 12:36,6.876,0.080,0,0,0,0,v
2014-07-11 12:42,6.865,0.082,0,0,0,0,v
2014-07-11 12:48,6.854,0.085,0,0,0,0,v
2014-07-11 12:54,6.840,0.089,0,0,0,0,v
2014-07-11 13:00,6.823,0.081,0,0,0,0,v
2014-07-11 13:06,6.831,0.085,0,0,0,0,v
2014-07-11 13:12,6.834,0.087,0,0,0,0,v
2014-07-11 13:18,6.846,0.071,0,0,0,0,v
2014-07-11 13:24,6.823,0.108,0,0,0,0,v
2014-07-11 13:30,6.833,0.096,0,0,0,0,v
2014-07-11 13:36,6.837,0.074,0,0,0,0,v
2014-07-11 13:42,6.855,0.091,0,0,0,0,v
2014-07-11 13:48,6.862,0.081,0,0,0,0,v
2014-07-11 13:54,6.861,0.088,0,0,0,0,v
2014-07-11 14:00,6.850,0.088,0,0,0,0,v
2014-07-11 14:06,6.830,0.083,0,0,0,0,v
2014-07-11 14:12,6.836,0.093,0,0,0,0,v
2014-07-11 14:18,6.827,0.101,0,0,0,0,v
2014-07-11 14:24,6.826,0.077,0,0,0,0,v
2014-07-11 14:30,6.804,0.083,0,0,0,0,v
2014-07-11 14:36,6.785,0.080,0,0,0,0,v
2014-07-11 14:42,6.806,0.063,0,0,0,0,v
2014-07-11 14:48,6.821,0.097,0,0,0,0,v
2014-07-11 14:54,6.837,0.074,0,0,0,0,v
2014-07-11 15:00,6.829,0.090,0,0,0,0,v
2014-07-11 15:06,6.798,0.091,0,0,0,0,v
2014-07-11 15:12,6.812,0.086,0,0,0,0,v
2014-07-11 15:18,6.831,0.079,0,0,0,0,v
2014-07-11 15:24,6.812,0.088,0,0,0,0,v
2014-07-11 15:30,6.814,0.080,0,0,0,0,v
2014-07-11 15:36,6.842,0.096,0,0,0,0,v
2014-07-11 15:42,6.832,0.078,0,0,0,0,v
2014-07-11 15:48,6.810,0.076,0,0,0,0,v
2014-07-11 15:54,6.802,0.081,0,0,0,0,v
2014-07-11 16:00,6.820,0.093,0,0,0,0,v
2014-07-11 16:06,6.792,0.080,0,0,0,0,v
2014-07-11 16:12,6.784,0.085,0,0,0,0,v
2014-07-11 16:18,6.776,0.069,0,0,0,0,v
2014-07-11 16:24,6.785,0.094,0,0,0,0,v
2014-07-11 16:30,6.788,0.090,0,0,0,0,v
2014-07-11 16:36,6.761,0.111,0,0,0,0,v
2014-07-11 16:42,6.745,0.091,0,0,0,0,v
2014-07-11 16:48,6.779,0.088,0,0,0,0,v
2014-07-11 16:54,6.785,0.082,0,0,0,0,v
2014-07-11 17:00,6.779,0.098,0,0,0,0,v
2014-07-11 17:06,6.776,0.087,0,0,0,0,v
2014-07-11 17:12,6.780,0.107,0,0,0,0,v
2014-07-11 17:18,6.795,0.084,0,0,0,0,v
2014-07-11 17:24,6.775,0.090,0,0,0,0,v
2014-07-11 17:30,6.770,0.102,0,0,0,0,v
2014-07-11 17:36,6.770,0.108,0,0,0,0,v
2014-07-11 17:42,6.738,0.099,0,0,0,0,v
2014-07-11 17:48,6.729,0.083,0,0,0,0,v
2014-07-11 17:54,6.732,0.086,0,0,0,0,v
2014-07-11 18:00,6.732,0.090,0,0,0,0,v
2014-07-11 18:06,6.720,0.087,0,0,0,0,v
2014-07-11 18:12,6.714,0.106,0,0,0,0,v
2014-07-11 18:18,6.728,0.075,0,0,0,0,v
2014-07-11 18:24,6.749,0.087,0,0,0,0,v
2014-07-11 18:30,6.743,0.089,0,0,0,0,v
2014-07-11 18:36,6.700,0.098,0,0,0,0,v
2014-07-11 18:42,6.708,0.099,0,0,0,0,v
2014-07-11 18:48,6.739,0.096,0,0,0,0,v
2014-07-11 18:54,6.717,0.095,0,0,0,0,v
2014-07-11 19:00,6.692,0.104,0,0,0,0,v
2014-07-11 19:06,6.705,0.093,0,0,0,0,v
2014-07-11 19:12,6.690,0.099,0,0,0,0,v
2014-07-11 19:18,6.680,0.081,0,0,0,0,v
2014-07-11 19:24,6.649,0.094,0,0,0,0,v
2014-07-11 19:30,6.662,0.105,0,0,0,0,v
2014-07-11 19:36,6.647,0.089,0,0,0,0,v
2014-07-11 19:42,6.635,0.099,0,0,0,0,v
2014-07-11 19:48,6.630,0.084,0,0,0,0,v
2014-07-11 19:54,6.642,0.106,0,0,0,0,v
2014-07-11 20:00,6.633,0.079,0,0,0,0,v
2014-07-11 20:06,6.612,0.088,0,0,0,0,v
2014-07-11 20:12,6.618,0.099,0,0,0,0,v
2014-07-11 20:18,6.606,0.090,0,0,0,0,v
2014-07-11 20:24,6.612,0.086,0,0,0,0,v
2014-07-11 20:30,6.586,0.084,0,0,0,0,v
2014-07-11 20:36,6.539,0.077,0,0,0,0,v
2014-07-11 20:42,6.551,0.086,0,0,0,0,v
2014-07-11 20:48,6.554,0.085,0,0,0,0,v
2014-07-11 20:54,6.548,0.092,0,0,0,0,v
2014-07-11 21:00,6.535,0.089,0,0,0,0,v
2014-07-11 21:06,6.538,0.096,0,0,0,0,v
2014-07-11 21:12,6.520,0.087,0,0,0,0,v
2014-07-11 21:18,6.494,0.089,0,0,0,0,v
2014-07-11 21:24,6.508,0.087,0,0,0,0,v
2014-07-11 21:30,6.468,0.086,0,0,0,0,v
2014-07-11 21:36,6.445,0.081,0,0,0,0,v
2014-07-11 21:42,6.419,0.096,0,0,0,0,v
2014-07-11 21:48,6.421,0.083,0,0,0,0,v
2014-07-11 21:54,6.395,0.090,0,0,0,0,v
2014-07-11 22:00,6.391,0.088,0,0,0,0,v
2014-07-11 22:06,6.398,0.081,0,0,0,0,v
2014-07-11 22:12,6.386,0.090,0,0,0,0,v
2014-07-11 22:18,6.370,0.098,0,0,0,0,v
2014-07-11 22:24,6.362,0.084,0,0,0,0,v
2014-07-11 22:30,6.343,0.100,0,0,0,0,v
2014-07-11 22:36,6.337,0.102,0,0,0,0,v
2014-07-11 22:42,6.338,0.092,0,0,0,0,v
2014-07-11 22:48,6.345,0.103,0,0,0,0,v
2014-07-11 22:54,6.332,0.088,0,0,0,0,v
2014-07-11 23:00,6.302,0.096,0,0,0,0,v
2014-07-11 23:06,6.299,0.088,0,0,0,0,v
2014-07-11 23:12,6.296,0.082,0,0,0,0,v
2014-07-11 23:18,6.262,0.085,0,0,0,0,v
2014-07-11 23:24,6.266,0.094,0,0,0,0,v
2014-07-11 23:30,6.250,0.092,0,0,0,0,v
2014-07-11 23:36,6.245,0.089,0,0,0,0,v
2014-07-11 23:42,6.237,0.098,0,0,0,0,v
2014-07-11 23:48,6.219,0.089,0,0,0,0,v
2014-07-11 23:54,6.215,0.084,0,0,0,0,v
2014-07-12 00:00,6.195,0.087,0,0,0,0,v
2014-07-12 00:06,6.201,0.089,0,0,0,0,v
2014-07-12 00:12,6.195,0.087,0,0,0,0,v
2014-07-12 00:18,6.182,0.079,0,0,0,0,v
2014-07-12 00:24,6.181,0.087,0,0,0,0,v
2014-07-12 00:30,6.201,0.103,0,0,0,0,v
2014-07-12 00:36,6.206,0.094,0,0,0,0,v
2014-07-12 00:42,6.179,0.088,0,0,0,0,v
2014-07-12 00:48,6.172,0.082,0,0,0,0,v
2014-07-12 00:54,6.174,0.084,0,0,0,0,v
2014-07-12 01:00,6.162,0.093,0,0,0,0,v
2014-07-12 01:06,6.177,0.089,0,0,0,0,v
2014-07-12 01:12,6.180,0.081,0,0,0,0,v
2014-07-12 01:18,6.183,0.087,0,0,0,0,v
2014-07-12 01:24,6.178,0.090,0,0,0,0,v
2014-07-12 01:30,6.155,0.081,0,0,0,0,v
2014-07-12 01:36,6.165,0.074,0,0,0,0,v
2014-07-12 01:42,6.160,0.086,0,0,0,0,v
2014-07-12 01:48,6.139,0.090,0,0,0,0,v
2014-07-12 01:54,6.142,0.088,0,0,0,0,v
2014-07-12 02:00,6.157,0.082,0,0,0,0,v
2014-07-12 02:06,6.158,0.080,0,0,0,0,v
2014-07-12 02:12,6.146,0.101,0,0,0,0,v
2014-07-12 02:18,6.162,0.078,0,0,0,0,v
2014-07-12 02:24,6.167,0.089,0,0,0,0,v
2014-07-12 02:30,6.163,0.098,0,0,0,0,v
2014-07-12 02:36,6.179,0.098,0,0,0,0,v
2014-07-12 02:42,6.169,0.091,0,0,0,0,v
2014-07-12 02:48,6.149,0.086,0,0,0,0,v
2014-07-12 02:54,6.151,0.081,0,0,0,0,v
2014-07-12 03:00,6.139,0.096,0,0,0,0,v
2014-07-12 03:06,6.148,0.086,0,0,0,0,v
2014-07-12 03:12,6.149,0.092,0,0,0,0,v
2014-07-12 03:18,6.179,0.080,0,0,0,0,v
2014-07-12 03:24,6.194,0.083,0,0,0,0,v
2014-07-12 03:30,6.201,0.084,0,0,0,0,v
2014-07-12 03:36,6.209,0.084,0,0,0,0,v
2014-07-12 03:42,6.213,0.076,0,0,0,0,v
2014-07-12 03:48,6.221,0.086,0,0,0,0,v
2014-07-12 03:54,6.239,0.079,0,0,0,0,v
2014-07-12 04:00,6.252,0.088,0,0,0,0,v
2014-07-12 04:06,6.254,0.083,0,0,0,0,v
2014-07-12 04:12,6.254,0.077,0,0,0,0,v
2014-07-12 04:18,6.269,0.088,0,0,0,0,v
2014-07-12 04:24,6.261,0.092,0,0,0,0,v
2014-07-12 04:30,6.261,0.089,0,0,0,0,v
2014-07-12 04:36,6.287,0.088,0,0,0,0,v
2014-07-12 04:42,6.308,0.095,0,0,0,0,v
2014-07-12 04:48,6.321,0.076,0,0,0,0,v
2014-07-12 04:54,6.369,0.080,0,0,0,0,v
2014-07-12 05:00,6.376,0.089,0,0,0,0,v
2014-07-12 05:06,6.376,0.076,0,0,0,0,v
2014-07-12 05:12,6.351,0.076,0,0,0,0,v
2014-07-12 05:18,6.356,0.086,0,0,0,0,v
2014-07-12 05:24,6.397,0.084,0,0,0,0,v
2014-07-12 05:30,6.415,0.071,0,0,0,0,v
2014-07-12 05:36,6.417,0.072,0,0,0,0,v
2014-07-12 05:42,6.449,0.085,0,0,0,0,v
2014-07-12 05:48,6.434,0.079,0,0,0,0,v
2014-07-12 05:54,6.460,0.084,0,0,0,0,v
2014-07-12 06:00,6.460,0.079,0,0,0,0,v
2014-07-12 06:06,6.494,0.076,0,0,0,0,v
2014-07-12 06:12,6.506,0.078,0,0,0,0,v
2014-07-12 06:18,6.518,0.075,0,0,0,0,v
2014-07-12 06:24,6.556,0.089,0,0,0,0,v
2014-07-12 06:30,6.562,0.094,0,0,0,0,v
2014-07-12 06:36,6.573,0.091,0,0,0,0,v
2014-07-12 06:42,6.590,0.078,0,0,0,0,v
2014-07-12 06:48,6.587,0.080,0,0,0,0,v
2014-07-12 06:54,6.596,0.074,0,0,0,0,v
2014-07-12 07:00,6.616,0.083,0,0,0,0,v
2014-07-12 07:06,6.618,0.081,0,0,0,0,v
2014-07-12 07:12,6.647,0.087,0,0,0,0,v
2014-07-12 07:18,6.649,0.083,0,0,0,0,v
2014-07-12 07:24,6.646,0.087,0,0,0,0,v
2014-07-12 07:30,6.650,0.092,0,0,0,0,v
2014-07-12 07:36,6.668,0.077,0,0,0,0,v
2014-07-12 07:42,6.694,0.088,0,0,0,0,v
2014-07-12 07:48,6.708,0.076,0,0,0,0,v
2014-07-12 07:54,6.690,0.077,0,0,0,0,v
2014-07-12 08:00,6.700,0.077,0,0,0,0,v
2014-07-12 08:06,6.719,0.080,0,0,0,0,v
2014-07-12 08:12,6.702,0.079,0,0,0,0,v
2014-07-12 08:18,6.707,0.074,0,0,0,0,v
2014-07-12 08:24,6.747,0.081,0,0,0,0,v
2014-07-12 08:30,6.766,0.088,0,0,0,0,v
2014-07-12 08:36,6.809,0.080,0,0,0,0,v
2014-07-12 08:42,6.806,0.092,0,0,0,0,v
2014-07-12 08:48,6.803,0.093,0,0,0,0,v
2014-07-12 08:54,6.828,0.080,0,0,0,0,v
2014-07-12 09:00,6.834,0.087,0,0,0,0,v
2014-07-12 09:06,6.805,0.088,0,0,0,0,v
2014-07-12 09:12,6.813,0.099,0,0,0,0,v
2014-07-12 09:18,6.841,0.080,0,0,0,0,v
2014-07-12 09:24,6.838,0.076,0,0,0,0,v
2014-07-12 09:30,6.842,0.087,0,0,0,0,v
2014-07-12 09:36,6.862,0.081,0,0,0,0,v
2014-07-12 09:42,6.844,0.086,0,0,0,0,v
2014-07-12 09:48,6.853,0.078,0,0,0,0,v
2014-07-12 09:54,6.823,0.082,0,0,0,0,v
2014-07-12 10:00,6.821,0.070,0,0,0,0,v
2014-07-12 10:06,6.821,0.083,0,0,0,0,v
2014-07-12 10:12,6.831,0.080,0,0,0,0,v
2014-07-12 10:18,6.831,0.081,0,0,0,0,v
2014-07-12 10:24,6.827,0.084,0,0,0,0,v
2014-07-12 10:30,6.823,0.093,0,0,0,0,v
2014-07-12 10:36,6.815,0.082,0,0,0,0,v
2014-07-12 10:42,6.806,0.074,0,0,0,0,v
2014-07-12 10:48,6.838,0.079,0,0,0,0,v
2014-07-12 10:54,6.820,0.093,0,0,0,0,v
2014-07-12 11:00,6.802,0.078,0,0,0,0,v
2014-07-12 11:06,6.816,0.077,0,0,0,0,v
2014-07-12 11:12,6.807,0.082,0,0,0,0,v
2014-07-12 11:18,6.798,0.095,0,0,0,0,v
2014-07-12 11:24,6.798,0.090,0,0,0,0,v
2014-07-12 11:30,6.817,0.084,0,0,0,0,v
2014-07-12 11:36,6.849,0.070,0,0,0,0,v
2014-07-12 11:42,6.842,0.083,0,0,0,0,v
2014-07-12 11:48,6.812,0.082,0,0,0,0,v
2014-07-12 11:54,6.807,0.068,0,0,0,0,v
2014-07-12 12:00,6.825,0.093,0,0,0,0,v
2014-07-12 12:06,6.848,0.096,0,0,0,0,v
2014-07-12 12:12,6.834,0.073,0,0,0,0,v
2014-07-12 12:18,6.848,0.091,0,0,0,0,v
2014-07-12 12:24,6.837,0.082,0,0,0,0,v
2014-07-12 12:30,6.801,0.078,0,0,0,0,v
2014-07-12 12:36,6.799,0.087,0,0,0,0,v
2014-07-12 12:42,6.791,0.094,0,0,0,0,v
2014-07-12 12:48,6.816,0.086,0,0,0,0,v
2014-07-12 12:54,6.811,0.080,0,0,0,0,v
2014-07-12 13:00,6.821,0.077,0,0,0,0,v
2014-07-12 13:06,6.851,0.092,0,0,0,0,v
2014-07-12 13:12,6.850,0.104,0,0,0,0,v
2014-07-12 13:18,6.823,0.085,0,0,0,0,v
2014-07-12 13:24,6.800,0.090,0,0,0,0,v
2014-07-12 13:30,6.801,0.078,0,0,0,0,v
2014-07-12 13:36,6.803,0.082,0,0,0,0,v
2014-07-12 13:42,6.829,0.078,0,0,0,0,v
2014-07-12 13:48,6.775,0.080,0,0,0,0,v
2014-07-12 13:54,6.780,0.089,0,0,0,0,v
2014-07-12 14:00,6.770,0.088,0,0,0,0,v
2014-07-12 14:06,6.775,0.075,0,0,0,0,v
2014-07-12 14:12,6.737,0.077,0,0,0,0,v
2014-07-12 14:18,6.721,0.092,0,0,0,0,v
2014-07-12 14:24,6.713,0.077,0,0,0,0,v
2014-07-12 14:30,6.719,0.074,0,0,0,0,v
2014-07-12 14:36,6.730,0.085,0,0,0,0,v
2014-07-12 14:42,6.741,0.090,0,0,0,0,v
2014-07-12 14:48,6.732,0.093,0,0,0,0,v
2014-07-12 14:54,6.735,0.073,0,0,0,0,v
2014-07-12 15:00,6.740,0.071,0,0,0,0,v
2014-07-12 15:06,6.733,0.094,0,0,0,0,v
2014-07-12 15:12,6.726,0.091,0,0,0,0,v
2014-07-12 15:18,6.714,0.079,0,0,0,0,v
2014-07-12 15:24,6.692,0.092,0,0,0,0,v
2014-07-12 15:30,6.712,0.078,0,0,0,0,v
2014-07-12 15:36,6.734,0.075,0,0,0,0,v
2014-07-12 15:42,6.744,0.082,0,0,0,0,v
2014-07-12 15:48,6.770,0.093,0,0,0,0,v
2014-07-12 15:54,6.758,0.080,0,0,0,0,v
2014-07-12 16:00,6.772,0.082,0,0,0,0,v
2014-07-12 16:06,6.742,0.070,0,0,0,0,v
2014-07-12 16:12,6.730,0.076,0,0,0,0,v
2014-07-12 16:18,6.716,0.077,0,0,0,0,v
2014-07-12 16:24,6.728,0.077,0,0,0,0,v
2014-07-12 16:30,6.749,0.078,0,0,0,0,v
2014-07-12 16:36,6.767,0.066,0,0,0,0,v
2014-07-12 16:42,6.809,0.080,0,0,0,0,v
2014-07-12 16:48,6.821,0.067,0,0,0,0,v
2014-07-12 16:54,6.822,0.081,0,0,0,0,v
2014-07-12 17:00,6.821,0.086,0,0,0,0,v
2014-07-12 17:06,6.759,0.091,0,0,0,0,v
2014-07-12 17:12,6.753,0.070,0,0,0,0,v
2014-07-12 17:18,6.759,0.073,0,0,0,0,v
2014-07-12 17:24,6.725,0.083,0,0,0,0,v
2014-07-12 17:30,6.752,0.075,0,0,0,0,v
2014-07-12 17:36,6.768,0.083,0,0,0,0,v
2014-07-12 17:42,6.791,0.081,0,0,0,0,v
2014-07-12 17:48,6.810,0.074,0,0,0,0,v
2014-07-12 17:54,6.788,0.078,0,0,0,0,v
2014-07-12 18:00,6.796,0.084,0,0,0,0,v
2014-07-12 18:06,6.779,0.084,0,0,0,0,v
2014-07-12 18:12,6.761,0.067,0,0,0,0,v
2014-07-12 18:18,6.755,0.079,0,0,0,0,v
2014-07-12 18:24,6.731,0.064,0,0,0,0,v
2014-07-12 18:30,6.712,0.086,0,0,0,0,v
2014-07-12 18:36,6.711,0.083,0,0,0,0,v
2014-07-12 18:42,6.691,0.090,0,0,0,0,v
2014-07-12 18:48,6.684,0.080,0,0,0,0,v
2014-07-12 18:54,6.658,0.071,0,0,0,0,v
2014-07-12 19:00,6.671,0.083,0,0,0,0,v
2014-07-12 19:06,6.678,0.079,0,0,0,0,v
2014-07-12 19:12,6.674,0.084,0,0,0,0,v
2014-07-12 19:18,6.689,0.083,0,0,0,0,v
2014-07-12 19:24,6.677,0.069,0,0,0,0,v
2014-07-12 19:30,6.680,0.078,0,0,0,0,v
2014-07-12 19:36,6.681,0.068,0,0,0,0,v
2014-07-12 19:42,6.677,0.069,0,0,0,0,v
2014-07-12 19:48,6.675,0.064,0,0,0,0,v
2014-07-12 19:54,6.691,0.079,0,0,0,0,v
2014-07-12 20:00,6.695,0.074,0,0,0,0,v
2014-07-12 20:06,6.709,0.072,0,0,0,0,v
2014-07-12 20:12,6.694,0.076,0,0,0,0,v
2014-07-12 20:18,6.670,0.078,0,0,0,0,v
2014-07-12 20:24,6.671,0.079,0,0,0,0,v
2014-07-12 20:30,6.660,0.084,0,0,0,0,v
2014-07-12 20:36,6.669,0.069,0,0,0,0,v
2014-07-12 20:42,6.664,0.072,0,0,0,0,v
2014-07-12 20:48,6.649,0.064,0,0,0,0,v
2014-07-12 20:54,6.660,0.078,0,0,0,0,v
2014-07-12 21:00,6.632,0.071,0,0,0,0,v
2014-07-12 21:06,6.631,0.073,0,0,0,0,v
2014-07-12 21:12,6.630,0.081,0,0,0,0,v
2014-07-12 21:18,6.607,0.080,0,0,0,0,v
2014-07-12 21:24,6.607,0.066,0,0,0,0,v
2014-07-12 21:30,6.585,0.081,0,0,0,0,v
2014-07-12 21:36,6.550,0.069,0,0,0,0,v
2014-07-12 21:42,6.546,0.067,0,0,0,0,v
2014-07-12 21:48,6.552,0.077,0,0,0,0,v
2014-07-12 21:54,6.539,0.078,0,0,0,0,v
2014-07-12 22:00,6.538,0.072,0,0,0,0,v
2014-07-12 22:06,6.524,0.075,0,0,0,0,v
2014-07-12 22:12,6.514,0.067,0,0,0,0,v
2014-07-12 22:18,6.506,0.071,0,0,0,0,v
2014-07-12 22:24,6.479,0.082,0,0,0,0,v
2014-07-12 22:30,6.483,0.077,0,0,0,0,v
2014-07-12 22:36,6.481,0.066,0,0,0,0,v
2014-07-12 22:42,6.466,0.070,0,0,0,0,v
2014-07-12 22:48,6.445,0.070,0,0,0,0,v
2014-07-12 22:54,6.434,0.068,0,0,0,0,v
2014-07-12 23:00,6.434,0.067,0,0,0,0,v
2014-07-12 23:06,6.401,0.075,0,0,0,0,v
2014-07-12 23:12,6.397,0.071,0,0,0,0,v
2014-07-12 23:18,6.369,0.062,0,0,0,0,v
2014-07-12 23:24,6.353,0.065,0,0,0,0,v
2014-07-12 23:30,6.358,0.073,0,0,0,0,v
2014-07-12 23:36,6.349,0.066,0,0,0,0,v
2014-07-12 23:42,6.326,0.059,0,0,0,0,v
2014-07-12 23:48,6.336,0.072,0,0,0,0,v
2014-07-12 23:54,6.313,0.066,0,0,0,0,v
2014-07-13 00:00,6.312,0.074,0,0,0,0,v
2014-07-13 00:06,6.294,0.061,0,0,0,0,v
2014-07-13 00:12,6.305,0.058,0,0,0,0,v
2014-07-13 00:18,6.313,0.064,0,0,0,0,v
2014-07-13 00:24,6.308,0.073,0,0,0,0,v
2014-07-13 00:30,6.298,0.059,0,0,0,0,v
2014-07-13 00:36,6.285,0.058,0,0,0,0,v
2014-07-13 00:42,6.273,0.068,0,0,0,0,v
2014-07-13 00:48,6.276,0.062,0,0,0,0,v
2014-07-13 00:54,6.264,0.060,0,0,0,0,v
2014-07-13 01:00,6.267,0.057,0,0,0,0,v
2014-07-13 01:06,6.253,0.057,0,0,0,0,v
2014-07-13 01:12,6.231,0.054,0,0,0,0,v
2014-07-13 01:18,6.246,0.058,0,0,0,0,v
2014-07-13 01:24,6.214,0.064,0,0,0,0,v
2014-07-13 01:30,6.221,0.059,0,0,0,0,v
2014-07-13 01:36,6.221,0.073,0,0,0,0,v
2014-07-13 01:42,6.222,0.062,0,0,0,0,v
2014-07-13 01:48,6.216,0.067,0,0,0,0,v
2014-07-13 01:54,6.212,0.059,0,0,0,0,v
2014-07-13 02:00,6.227,0.062,0,0,0,0,v
2014-07-13 02:06,6.220,0.063,0,0,0,0,v
2014-07-13 02:12,6.218,0.066,0,0,0,0,v
2014-07-13 02:18,6.233,0.079,0,0,0,0,v
2014-07-13 02:24,6.206,0.064,0,0,0,0,v
2014-07-13 02:30,6.194,0.064,0,0,0,0,v
2014-07-13 02:36,6.166,0.072,0,0,0,0,v
2014-07-13 02:42,6.172,0.075,0,0,0,0,v
2014-07-13 02:48,6.188,0.060,0,0,0,0,v
2014-07-13 02:54,6.173,0.068,0,0,0,0,v
2014-07-13 03:00,6.186,0.060,0,0,0,0,v
2014-07-13 03:06,6.181,0.062,0,0,0,0,v
2014-07-13 03:12,6.184,0.070,0,0,0,0,v
2014-07-13 03:18,6.184,0.054,0,0,0,0,v
2014-07-13 03:24,6.166,0.060,0,0,0,0,v
2014-07-13 03:30,6.184,0.059,0,0,0,0,v
2014-07-13 03:36,6.201,0.062,0,0,0,0,v
2014-07-13 03:42,6.206,0.063,0,0,0,0,v
2014-07-13 03:48,6.238,0.053,0,0,0,0,v
2014-07-13 03:54,6.234,0.061,0,0,0,0,v
2014-07-13 04:00,6.228,0.055,0,0,0,0,v
2014-07-13 04:06,6.261,0.051,0,0,0,0,v
2014-07-13 04:12,6.259,0.057,0,0,0,0,v
2014-07-13 04:18,6.259,0.054,0,0,0,0,v
2014-07-13 04:24,6.284,0.061,0,0,0,0,v
2014-07-13 04:30,6.300,0.056,0,0,0,0,v
2014-07-13 04:36,6.300,0.053,0,0,0,0,v
2014-07-13 04:42,6.313,0.058,0,0,0,0,v
2014-07-13 04:48,6.324,0.051,0,0,0,0,v
2014-07-13 04:54,6.291,0.055,0,0,0,0,v
2014-07-13 05:00,6.310,0.058,0,0,0,0,v
2014-07-13 05:06,6.320,0.054,0,0,0,0,v
2014-07-13 05:12,6.327,0.058,0,0,0,0,v
2014-07-13 05:18,6.333,0.055,0,0,0,0,v
2014-07-13 05:24,6.358,0.051,0,0,0,0,v
2014-07-13 05:30,6.363,0.057,0,0,0,0,v
2014-07-13 05:36,6.387,0.058,0,0,0,0,v
2014-07-13 05:42,6.399,0.058,0,0,0,0,v
2014-07-13 05:48,6.405,0.061,0,0,0,0,v
2014-07-13 05:54,6.415,0.052,0,0,0,0,v
2014-07-13 06:00,6.421,0.051,0,0,0,0,v
2014-07-13 06:06,6.424,0.043,0,0,0,0,v
2014-07-13 06:12,6.441,0.052,0,0,0,0,v
2014-07-13 06:18,6.479,0.059,0,0,0,0,v
2014-07-13 06:24,6.512,0.056,0,0,0,0,v
2014-07-13 06:30,6.495,0.059,0,0,0,0,v
2014-07-13 06:36,6.506,0.057,0,0,0,0,v
2014-07-13 06:42,6.512,0.054,0,0,0,0,v
2014-07-13 06:48,6.539,0.056,0,0,0,0,v
2014-07-13 06:54,6.536,0.052,0,0,0,0,v
2014-07-13 07:00,6.553,0.047,0,0,0,0,v
2014-07-13 07:06,6.578,0.057,0,0,0,0,v
2014-07-13 07:12,6.576,0.054,0,0,0,0,v
2014-07-13 07:18,6.599,0.050,0,0,0,0,v
2014-07-13 07:24,6.635,0.055,0,0,0,0,v
2014-07-13 07:30,6.650,0.054,0,0,0,0,v
2014-07-13 07:36,6.663,0.050,0,0,0,0,v
2014-07-13 07:42,6.654,0.048,0,0,0,0,v
2014-07-13 07:48,6.647,0.046,0,0,0,0,v
2014-07-13 07:54,6.648,0.057,0,0,0,0,v
2014-07-13 08:00,6.657,0.048,0,0,0,0,v
2014-07-13 08:06,6.666,0.054,0,0,0,0,v
2014-07-13 08:12,6.692,0.052,0,0,0,0,v
2014-07-13 08:18,6.683,0.046,0,0,0,0,v
2014-07-13 08:24,6.680,0.053,0,0,0,0,v
2014-07-13 08:30,6.708,0.059,0,0,0,0,v
2014-07-13 08:36,6.719,0.042,0,0,0,0,v
2014-07-13 08:42,6.722,0.045,0,0,0,0,v
2014-07-13 08:48,6.757,0.042,0,0,0,0,v
2014-07-13 08:54,6.764,0.054,0,0,0,0,v
2014-07-13 09:00,6.785,0.054,0,0,0,0,v
2014-07-13 09:06,6.814,0.046,0,0,0,0,v
2014-07-13 09:12,6.831,0.046,0,0,0,0,v
2014-07-13 09:18,6.823,0.047,0,0,0,0,v
2014-07-13 09:24,6.843,0.052,0,0,0,0,v
2014-07-13 09:30,6.837,0.040,0,0,0,0,v
2014-07-13 09:36,6.852,0.054,0,0,0,0,v
2014-07-13 09:42,6.857,0.052,0,0,0,0,v
2014-07-13 09:48,6.836,0.048,0,0,0,0,v
2014-07-13 09:54,6.848,0.048,0,0,0,0,v
2014-07-13 10:00,6.861,0.049,0,0,0,0,v
2014-07-13 10:06,6.883,0.050,0,0,0,0,v
2014-07-13 10:12,6.858,0.049,0,0,0,0,v
2014-07-13 10:18,6.858,0.053,0,0,0,0,v
2014-07-13 10:24,6.870,0.054,0,0,0,0,v
2014-07-13 10:30,6.882,0.050,0,0,0,0,v
2014-07-13 10:36,6.872,0.060,0,0,0,0,v
2014-07-13 10:42,6.890,0.047,0,0,0,0,v
2014-07-13 10:48,6.890,0.048,0,0,0,0,v
2014-07-13 10:54,6.907,0.046,0,0,0,0,v
2014-07-13 11:00,6.891,0.052,0,0,0,0,v
2014-07-13 11:06,6.870,0.054,0,0,0,0,v
2014-07-13 11:12,6.872,0.046,0,0,0,0,v
2014-07-13 11:18,6.896,0.048,0,0,0,0,v
2014-07-13 11:24,6.908,0.049,0,0,0,0,v
2014-07-13 11:30,6.897,0.054,0,0,0,0,v
2014-07-13 11:36,6.917,0.048,0,0,0,0,v
2014-07-13 11:42,6.901,0.049,0,0,0,0,v
2014-07-13 11:48,6.868,0.047,0,0,0,0,v
2014-07-13 11:54,6.881,0.048,0,0,0,0,v
2014-07-13 12:00,6.857,0.051,0,0,0,0,v
2014-07-13 12:06,6.857,0.043,0,0,0,0,v
2014-07-13 12:12,6.859,0.053,0,0,0,0,v
2014-07-13 12:18,6.842,0.053,0,0,0,0,v
2014-07-13 12:24,6.849,0.050,0,0,0,0,v
2014-07-13 12:30,6.848,0.054,0,0,0,0,v
2014-07-13 12:36,6.830,0.044,0,0,0,0,v
2014-07-13 12:42,6.824,0.049,0,0,0,0,v
2014-07-13 12:48,6.847,0.049,0,0,0,0,v
2014-07-13 12:54,6.846,0.054,0,0,0,0,v
2014-07-13 13:00,6.840,0.049,0,0,0,0,v
2014-07-13 13:06,6.834,0.047,0,0,0,0,v
2014-07-13 13:12,6.836,0.042,0,0,0,0,v
2014-07-13 13:18,6.809,0.059,0,0,0,0,v
2014-07-13 13:24,6.809,0.046,0,0,0,0,v
2014-07-13 13:30,6.810,0.044,0,0,0,0,v
2014-07-13 13:36,6.829,0.051,0,0,0,0,v
2014-07-13 13:42,6.813,0.044,0,0,0,0,v
2014-07-13 13:48,6.809,0.045,0,0,0,0,v
2014-07-13 13:54,6.803,0.047,0,0,0,0,v
2014-07-13 14:00,6.808,0.043,0,0,0,0,v
2014-07-13 14:06,6.805,0.050,0,0,0,0,v
2014-07-13 14:12,6.842,0.043,0,0,0,0,v
2014-07-13 14:18,6.800,0.046,0,0,0,0,v
2014-07-13 14:24,6.813,0.054,0,0,0,0,v
2014-07-13 14:30,6.781,0.043,0,0,0,0,v
2014-07-13 14:36,6.802,0.052,0,0,0,0,v
2014-07-13 14:42,6.813,0.047,0,0,0,0,v
2014-07-13 14:48,6.812,0.046,0,0,0,0,v
2014-07-13 14:54,6.818,0.047,0,0,0,0,v
2014-07-13 15:00,6.795,0.053,0,0,0,0,v
2014-07-13 15:06,6.750,0.043,0,0,0,0,v
2014-07-13 15:12,6.747,0.049,0,0,0,0,v
2014-07-13 15:18,6.748,0.054,0,0,0,0,v
2014-07-13 15:24,6.765,0.044,0,0,0,0,v
2014-07-13 15:30,6.795,0.054,0,0,0,0,v
2014-07-13 15:36,6.766,0.052,0,0,0,0,v
2014-07-13 15:42,6.769,0.053,0,0,0,0,v
2014-07-13 15:48,6.787,0.043,0,0,0,0,v
2014-07-13 15:54,6.780,0.047,0,0,0,0,v
2014-07-13 16:00,6.777,0.045,0,0,0,0,v
2014-07-13 16:06,6.804,0.047,0,0,0,0,v
2014-07-13 16:12,6.792,0.046,0,0,0,0,v
2014-07-13 16:18,6.775,0.048,0,0,0,0,v
2014-07-13 16:24,6.788,0.048,0,0,0,0,v
2014-07-13 16:30,6.769,0.049,0,0,0,0,v
2014-07-13 16:36,6.763,0.049,0,0,0,0,v
2014-07-13 16:42,6.737,0.045,0,0,0,0,v
2014-07-13 16:48,6.725,0.048,0,0,0,0,v
2014-07-13 16:54,6.752,0.042,0,0,0,0,v
2014-07-13 17:00,6.768,0.049,0,0,0,0,v
2014-07-13 17:06,6.769,0.040,0,0,0,0,v
2014-07-13 17:12,6.765,0.047,0,0,0,0,v
2014-07-13 17:18,6.780,0.043,0,0,0,0,v
2014-07-13 17:24,6.779,0.052,0,0,0,0,v
2014-07-13 17:30,6.792,0.044,0,0,0,0,v
2014-07-13 17:36,6.802,0.043,0,0,0,0,v
2014-07-13 17:42,6.798,0.042,0,0,0,0,v
2014-07-13 17:48,6.753,0.047,0,0,0,0,v
2014-07-13 17:54,6.753,0.044,0,0,0,0,v
2014-07-13 18:00,6.744,0.049,0,0,0,0,v
2014-07-13 18:06,6.744,0.049,0,0,0,0,v
2014-07-13 18:12,6.747,0.050,0,0,0,0,v
2014-07-13 18:18,6.702,0.048,0,0,0,0,v
2014-07-13 18:24,6.726,0.039,0,0,0,0,v
2014-07-13 18:30,6.723,0.046,0,0,0,0,v
2014-07-13 18:36,6.747,0.039,0,0,0,0,v
2014-07-13 18:42,6.717,0.046,0,0,0,0,v
2014-07-13 18:48,6.729,0.040,0,0,0,0,v
2014-07-13 18:54,6.738,0.045,0,0,0,0,v
2014-07-13 19:00,6.745,0.042,0,0,0,0,v
2014-07-13 19:06,6.730,0.047,0,0,0,0,v
2014-07-13 19:12,6.727,0.050,0,0,0,0,v
2014-07-13 19:18,6.749,0.048,0,0,0,0,v
2014-07-13 19:24,6.735,0.049,0,0,0,0,v
2014-07-13 19:30,6.734,0.045,0,0,0,0,v
2014-07-13 19:36,6.739,0.043,0,0,0,0,v
2014-07-13 19:42,6.735,0.040,0,0,0,0,v
2014-07-13 19:48,6.769,0.043,0,0,0,0,v
2014-07-13 19:54,6.743,0.046,0,0,0,0,v
2014-07-13 20:00,6.740,0.045,0,0,0,0,v
2014-07-13 20:06,6.749,0.047,0,0,0,0,v
2014-07-13 20:12,6.725,0.045,0,0,0,0,v
2014-07-13 20:18,6.724,0.051,0,0,0,0,v
2014-07-13 20:24,6.762,0.048,0,0,0,0,v
2014-07-13 20:30,6.734,0.042,0,0,0,0,v
2014-07-13 20:36,6.755,0.047,0,0,0,0,v
2014-07-13 20:42,6.746,0.048,0,0,0,0,v
2014-07-13 20:48,6.733,0.042,0,0,0,0,v
2014-07-13 20:54,6.753,0.042,0,0,0,0,v
2014-07-13 21:00,6.724,0.042,0,0,0,0,v
2014-07-13 21:06,6.736,0.052,0,0,0,0,v
2014-07-13 21:12,6.716,0.047,0,0,0,0,v
2014-07-13 21:18,6.696,0.041,0,0,0,0,v
2014-07-13 21:24,6.686,0.043,0,0,0,0,v
2014-07-13 21:30,6.686,0.044,0,0,0,0,v
2014-07-13 21:36,6.701,0.044,0,0,0,0,v
2014-07-13 21:42,6.652,0.050,0,0,0,0,v
2014-07-13 21:48,6.660,0.046,0,0,0,0,v
2014-07-13 21:54,6.621,0.046,0,0,0,0,v
2014-07-13 22:00,6.601,0.035,0,0,0,0,v
2014-07-13 22:06,6.610,0.041,0,0,0,0,v
2014-07-13 22:12,6.614,0.040,0,0,0,0,v
2014-07-13 22:18,6.575,0.036,0,0,0,0,v
2014-07-13 22:24,6.595,0.042,0,0,0,0,v
2014-07-13 22:30,6.546,0.043,0,0,0,0,v
2014-07-13 22:36,6.571,0.048,0,0,0,0,v
2014-07-13 22:42,6.530,0.045,0,0,0,0,v
2014-07-13 22:48,6.500,0.043,0,0,0,0,v
2014-07-13 22:54,6.528,0.043,0,0,0,0,v
2014-07-13 23:00,6.516,0.049,0,0,0,0,v
2014-07-13 23:06,6.512,0.043,0,0,0,0,v
2014-07-13 23:12,6.490,0.044,0,0,0,0,v
2014-07-13 23:18,6.482,0.041,0,0,0,0,v
2014-07-13 23:24,6.490,0.050,0,0,0,0,v
2014-07-13 23:30,6.455,0.042,0,0,0,0,v
2014-07-13 23:36,6.464,0.042,0,0,0,0,v
2014-07-13 23:42,6.450,0.045,0,0,0,0,v
2014-07-13 23:48,6.446,0.042,0,0,0,0,v
2014-07-13 23:54,6.413,0.036,0,0,0,0,v
2014-07-14 00:00,6.401,0.049,0,0,0,0,v
2014-07-14 00:06,6.437,0.041,0,0,0,0,v
2014-07-14 00:12,6.422,0.040,0,0,0,0,v
2014-07-14 00:18,6.410,0.038,0,0,0,0,v
2014-07-14 00:24,6.436,0.046,0,0,0,0,v
2014-07-14 00:30,6.418,0.047,0,0,0,0,v
2014-07-14 00:36,6.394,0.043,0,0,0,0,v
2014-07-14 00:42,6.383,0.044,0,0,0,0,v
2014-07-14 00:48,6.358,0.039,0,0,0,0,v
2014-07-14 00:54,6.311,0.035,0,0,0,0,v
2014-07-14 01:00,6.303,0.035,0,0,0,0,v
2014-07-14 01:06,6.303,0.046,0,0,0,0,v
2014-07-14 01:12,6.315,0.046,0,0,0,0,v
2014-07-14 01:18,6.302,0.043,0,0,0,0,v
2014-07-14 01:24,6.281,0.046,0,0,0,0,v
2014-07-14 01:30,6.286,0.042,0,0,0,0,v
2014-07-14 01:36,6.276,0.041,0,0,0,0,v
2014-07-14 01:42,6.239,0.044,0,0,0,0,v
2014-07-14 01:48,6.280,0.044,0,0,0,0,v
2014-07-14 01:54,6.272,0.047,0,0,0,0,v
2014-07-14 02:00,6.259,0.047,0,0,0,0,v
2014-07-14 02:06,6.237,0.044,0,0,0,0,v
2014-07-14 02:12,6.244,0.048,0,0,0,0,v
2014-07-14 02:18,6.253,0.040,0,0,0,0,v
2014-07-14 02:24,6.248,0.043,0,0,0,0,v
2014-07-14 02:30,6.231,0.042,0,0,0,0,v
2014-07-14 02:36,6.221,0.048,0,0,0,0,v
2014-07-14 02:42,6.213,0.043,0,0,0,0,v
2014-07-14 02:48,6.226,0.040,0,0,0,0,v
2014-07-14 02:54,6.208,0.049,0,0,0,0,v
2014-07-14 03:00,6.194,0.038,0,0,0,0,v
2014-07-14 03:06,6.230,0.041,0,0,0,0,v
2014-07-14 03:12,6.197,0.048,0,0,0,0,v
2014-07-14 03:18,6.217,0.039,0,0,0,0,v
2014-07-14 03:24,6.221,0.048,0,0,0,0,v
2014-07-14 03:30,6.227,0.048,0,0,0,0,v
2014-07-14 03:36,6.225,0.049,0,0,0,0,v
2014-07-14 03:42,6.236,0.048,0,0,0,0,v
2014-07-14 03:48,6.251,0.044,0,0,0,0,v
2014-07-14 03:54,6.207,0.036,0,0,0,0,v
2014-07-14 04:00,6.218,0.040,0,0,0,0,v
2014-07-14 04:06,6.239,0.048,0,0,0,0,v
2014-07-14 04:12,6.221,0.041,0,0,0,0,v
2014-07-14 04:18,6.219,0.048,0,0,0,0,v
2014-07-14 04:24,6.226,0.042,0,0,0,0,v
2014-07-14 04:30,6.231,0.042,0,0,0,0,v
2014-07-14 04:36,6.213,0.044,0,0,0,0,v
2014-07-14 04:42,6.213,0.047,0,0,0,0,v
2014-07-14 04:48,6.234,0.048,0,0,0,0,v
2014-07-14 04:54,6.220,0.051,0,0,0,0,v
2014-07-14 05:00,6.236,0.048,0,0,0,0,v
2014-07-14 05:06,6.240,0.040,0,0,0,0,v
2014-07-14 05:12,6.240,0.045,0,0,0,0,v
2014-07-14 05:18,6.258,0.047,0,0,0,0,v
2014-07-14 05:24,6.278,0.045,0,0,0,0,v
2014-07-14 05:30,6.272,0.045,0,0,0,0,v
2014-07-14 05:36,6.282,0.048,0,0,0,0,v
2014-07-14 05:42,6.262,0.046,0,0,0,0,v
2014-07-14 05:48,6.275,0.043,0,0,0,0,v
2014-07-14 05:54,6.263,0.047,0,0,0,0,v
2014-07-14 06:00,6.292,0.047,0,0,0,0,v
2014-07-14 06:06,6.322,0.053,0,0,0,0,v
2014-07-14 06:12,6.339,0.048,0,0,0,0,v
2014-07-14 06:18,6.337,0.051,0,0,0,0,v
2014-07-14 06:24,6.370,0.052,0,0,0,0,v
2014-07-14 06:30,6.371,0.051,0,0,0,0,v
2014-07-14 06:36,6.363,0.048,0,0,0,0,v
2014-07-14 06:42,6.371,0.047,0,0,0,0,v
2014-07-14 06:48,6.362,0.052,0,0,0,0,v
2014-07-14 06:54,6.390,0.046,0,0,0,0,v
2014-07-14 07:00,6.405,0.045,0,0,0,0,v
2014-07-14 07:06,6.426,0.053,0,0,0,0,v
2014-07-14 07:12,6.473,0.048,0,0,0,0,v
2014-07-14 07:18,6.496,0.048,0,0,0,0,v
2014-07-14 07:24,6.474,0.049,0,0,0,0,v
2014-07-14 07:30,6.518,0.049,0,0,0,0,v
2014-07-14 07:36,6.554,0.048,0,0,0,0,v
2014-07-14 07:42,6.532,0.043,0,0,0,0,v
2014-07-14 07:48,6.551,0.054,0,0,0,0,v
2014-07-14 07:54,6.556,0.049,0,0,0,0,v
2014-07-14 08:00,6.592,0.051,0,0,0,0,v
2014-07-14 08:06,6.556,0.048,0,0,0,0,v
2014-07-14 08:12,6.555,0.046,0,0,0,0,v
2014-07-14 08:18,6.543,0.048,0,0,0,0,v
2014-07-14 08:24,6.556,0.049,0,0,0,0,v
2014-07-14 08:30,6.562,0.048,0,0,0,0,v
2014-07-14 08:36,6.569,0.062,0,0,0,0,v
2014-07-14 08:42,6.595,0.046,0,0,0,0,v
2014-07-14 08:48,6.635,0.047,0,0,0,0,v
2014-07-14 08:54,6.622,0.051,0,0,0,0,v
2014-07-14 09:00,6.660,0.054,0,0,0,0,v
2014-07-14 09:06,6.669,0.055,0,0,0,0,v
2014-07-14 09:12,6.673,0.051,0,0,0,0,v
2014-07-14 09:18,6.635,0.052,0,0,0,0,v
2014-07-14 09:24,6.646,0.046,0,0,0,0,v
2014-07-14 09:30,6.700,0.056,0,0,0,0,v
2014-07-14 09:36,6.726,0.049,0,0,0,0,v
2014-07-14 09:42,6.744,0.051,0,0,0,0,v
2014-07-14 09:48,6.753,0.060,0,0,0,0,v
2014-07-14 09:54,6.760,0.056,0,0,0,0,v
2014-07-14 10:00,6.771,0.052,0,0,0,0,v
2014-07-14 10:06,6.788,0.050,0,0,0,0,v
2014-07-14 10:12,6.769,0.053,0,0,0,0,v
2014-07-14 10:18,6.782,0.048,0,0,0,0,v
2014-07-14 10:24,6.777,0.047,0,0,0,0,v
2014-07-14 10:30,6.776,0.047,0,0,0,0,v
2014-07-14 10:36,6.789,0.047,0,0,0,0,v
2014-07-14 10:42,6.750,0.047,0,0,0,0,v
2014-07-14 10:48,6.756,0.045,0,0,0,0,v
2014-07-14 10:54,6.770,0.055,0,0,0,0,v
2014-07-14 11:00,6.757,0.052,0,0,0,0,v
2014-07-14 11:06,6.755,0.053,0,0,0,0,v
2014-07-14 11:12,6.787,0.048,0,0,0,0,v
2014-07-14 11:18,6.804,0.052,0,0,0,0,v
2014-07-14 11:24,6.792,0.050,0,0,0,0,v
2014-07-14 11:30,6.791,0.048,0,0,0,0,v
2014-07-14 11:36,6.790,0.046,0,0,0,0,v
2014-07-14 11:42,6.787,0.046,0,0,0,0,v
2014-07-14 11:48,6.794,0.047,0,0,0,0,v
2014-07-14 11:54,6.785,0.046,0,0,0,0,v
2014-07-14 12:00,6.769,0.048,0,0,0,0,v
2014-07-14 12:06,6.773,0.044,0,0,0,0,v
2014-07-14 12:12,6.784,0.043,0,0,0,0,v
2014-07-14 12:18,6.778,0.044,0,0,0,0,v
2014-07-14 12:24,6.784,0.048,0,0,0,0,v
2014-07-14 12:30,6.783,0.050,0,0,0,0,v
2014-07-14 12:36,6.771,0.047,0,0,0,0,v
2014-07-14 12:42,6.785,0.044,0,0,0,0,v
2014-07-14 12:48,6.775,0.051,0,0,0,0,v
2014-07-14 12:54,6.776,0.045,0,0,0,0,v
2014-07-14 13:00,6.774,0.046,0,0,0,0,v
2014-07-14 13:06,6.797,0.046,0,0,0,0,v
2014-07-14 13:12,6.769,0.055,0,0,0,0,v
2014-07-14 13:18,6.734,0.044,0,0,0,0,v
2014-07-14 13:24,6.740,0.042,0,0,0,0,v
2014-07-14 13:30,6.755,0.044,0,0,0,0,v
2014-07-14 13:36,6.750,0.044,0,0,0,0,v
2014-07-14 13:42,6.750,0.053,0,0,0,0,v
2014-07-14 13:48,6.752,0.046,0,0,0,0,v
2014-07-14 13:54,6.738,0.044,0,0,0,0,v
2014-07-14 14:00,6.726,0.048,0,0,0,0,v
2014-07-14 14:06,6.744,0.042,0,0,0,0,v
2014-07-14 14:12,6.758,0.047,0,0,0,0,v
2014-07-14 14:18,6.752,0.045,0,0,0,0,v
2014-07-14 14:24,6.751,0.040,0,0,0,0,v
2014-07-14 14:30,6.734,0.038,0,0,0,0,v
2014-07-14 14:36,6.748,0.041,0,0,0,0,v
2014-07-14 14:42,6.734,0.046,0,0,0,0,v
2014-07-14 14:48,6.727,0.037,0,0,0,0,v
2014-07-14 14:54,6.711,0.045,0,0,0,0,v
2014-07-14 15:00,6.732,0.043,0,0,0,0,v
2014-07-14 15:06,6.725,0.043,0,0,0,0,v
2014-07-14 15:12,6.733,0.051,0,0,0,0,v
2014-07-14 15:18,6.717,0.047,0,0,0,0,v
2014-07-14 15:24,6.702,0.047,0,0,0,0,v
2014-07-14 15:30,6.722,0.046,0,0,0,0,v
2014-07-14 15:36,6.727,0.045,0,0,0,0,v
2014-07-14 15:42,6.716,0.046,0,0,0,0,v
2014-07-14 15:48,6.723,0.044,0,0,0,0,v
2014-07-14 15:54,6.727,0.040,0,0,0,0,v
2014-07-14 16:00,6.737,0.036,0,0,0,0,v
2014-07-14 16:06,6.714,0.050,0,0,0,0,v
2014-07-14 16:12,6.721,0.045,0,0,0,0,v
2014-07-14 16:18,6.726,0.045,0,0,0,0,v
2014-07-14 16:24,6.719,0.041,0,0,0,0,v
2014-07-14 16:30,6.698,0.047,0,0,0,0,v
2014-07-14 16:36,6.683,0.048,0,0,0,0,v
2014-07-14 16:42,6.667,0.036,0,0,0,0,v
2014-07-14 16:48,6.669,0.049,0,0,0,0,v
2014-07-14 16:54,6.675,0.045,0,0,0,0,v
2014-07-14 17:00,6.657,0.043,0,0,0,0,v
2014-07-14 17:06,6.664,0.041,0,0,0,0,v
2014-07-14 17:12,6.686,0.043,0,0,0,0,v
2014-07-14 17:18,6.725,0.039,0,0,0,0,v
2014-07-14 17:24,6.710,0.040,0,0,0,0,v
2014-07-14 17:30,6.679,0.038,0,0,0,0,v
2014-07-14 17:36,6.676,0.049,0,0,0,0,v
2014-07-14 17:42,6.684,0.045,0,0,0,0,v
2014-07-14 17:48,6.697,0.044,0,0,0,0,v
2014-07-14 17:54,6.700,0.047,0,0,0,0,v
2014-07-14 18:00,6.716,0.042,0,0,0,0,v
2014-07-14 18:06,6.717,0.050,0,0,0,0,v
2014-07-14 18:12,6.721,0.044,0,0,0,0,v
2014-07-14 18:18,6.725,0.044,0,0,0,0,v
2014-07-14 18:24,6.710,0.039,0,0,0,0,v
2014-07-14 18:30,6.691,0.044,0,0,0,0,v
2014-07-14 18:36,6.715,0.046,0,0,0,0,v
2014-07-14 18:42,6.702,0.046,0,0,0,0,v
2014-07-14 18:48,6.695,0.048,0,0,0,0,v
2014-07-14 18:54,6.695,0.046,0,0,0,0,v
2014-07-14 19:00,6.680,0.041,0,0,0,0,v
2014-07-14 19:06,6.686,0.045,0,0,0,0,v
2014-07-14 19:12,6.702,0.047,0,0,0,0,v
2014-07-14 19:18,6.713,0.040,0,0,0,0,v
2014-07-14 19:24,6.717,0.041,0,0,0,0,v
2014-07-14 19:30,6.727,0.044,0,0,0,0,v
2014-07-14 19:36,6.721,0.038,0,0,0,0,v
2014-07-14 19:42,6.701,0.044,0,0,0,0,v
2014-07-14 19:48,6.680,0.044,0,0,0,0,v
2014-07-14 19:54,6.679,0.037,0,0,0,0,v
2014-07-14 20:00,6.694,0.044,0,0,0,0,v
2014-07-14 20:06,6.675,0.043,0,0,0,0,v
2014-07-14 20:12,6.703,0.040,0,0,0,0,v
2014-07-14 20:18,6.705,0.042,0,0,0,0,v
2014-07-14 20:24,6.709,0.042,0,0,0,0,v
2014-07-14 20:30,6.683,0.040,0,0,0,0,v
2014-07-14 20:36,6.716,0.045,0,0,0,0,v
2014-07-14 20:42,6.709,0.042,0,0,0,0,v
2014-07-14 20:48,6.719,0.036,0,0,0,0,v
2014-07-14 20:54,6.707,0.038,0,0,0,0,v
2014-07-14 21:00,6.727,0.041,0,0,0,0,v
2014-07-14 21:06,6.749,0.042,0,0,0,0,v
2014-07-14 21:12,6.762,0.041,0,0,0,0,v
2014-07-14 21:18,6.721,0.038,0,0,0,0,v
2014-07-14 21:24,6.715,0.040,0,0,0,0,v
2014-07-14 21:30,6.726,0.044,0,0,0,0,v
2014-07-14 21:36,6.715,0.045,0,0,0,0,v
2014-07-14 21:42,6.685,0.044,0,0,0,0,v
2014-07-14 21:48,6.701,0.038,0,0,0,0,v
2014-07-14 21:54,6.705,0.044,0,0,0,0,v
2014-07-14 22:00,6.708,0.047,0,0,0,0,v
2014-07-14 22:06,6.701,0.039,0,0,0,0,v
2014-07-14 22:12,6.697,0.041,0,0,0,0,v
2014-07-14 22:18,6.695,0.042,0,0,0,0,v
2014-07-14 22:24,6.690,0.036,0,0,0,0,v
2014-07-14 22:30,6.671,0.048,0,0,0,0,v
2014-07-14 22:36,6.665,0.046,0,0,0,0,v
2014-07-14 22:42,6.667,0.042,0,0,0,0,v
2014-07-14 22:48,6.673,0.041,0,0,0,0,v
2014-07-14 22:54,6.639,0.043,0,0,0,0,v
2014-07-14 23:00,6.613,0.044,0,0,0,0,v
2014-07-14 23:06,6.618,0.040,0,0,0,0,v
2014-07-14 23:12,6.606,0.044,0,0,0,0,v
2014-07-14 23:18,6.577,0.045,0,0,0,0,v
2014-07-14 23:24,6.564,0.044,0,0,0,0,v
2014-07-14 23:30,6.549,0.041,0,0,0,0,v
2014-07-14 23:36,6.552,0.042,0,0,0,0,v
2014-07-14 23:42,6.540,0.039,0,0,0,0,v
2014-07-14 23:48,6.544,0.045,0,0,0,0,v
2014-07-14 23:54,6.560,0.047,0,0,0,0,v
2014-07-15 00:00,6.535,0.044,0,0,0,0,v
2014-07-15 00:06,6.526,0.048,0,0,0,0,v
2014-07-15 00:12,6.533,0.043,0,0,0,0,v
2014-07-15 00:18,6.495,0.046,0,0,0,0,v
2014-07-15 00:24,6.509,0.042,0,0,0,0,v
2014-07-15 00:30,6.504,0.045,0,0,0,0,v
2014-07-15 00:36,6.490,0.050,0,0,0,0,v
2014-07-15 00:42,6.497,0.051,0,0,0,0,v
2014-07-15 00:48,6.474,0.045,0,0,0,0,v
2014-07-15 00:54,6.484,0.047,0,0,0,0,v
2014-07-15 01:00,6.467,0.046,0,0,0,0,v
2014-07-15 01:06,6.486,0.045,0,0,0,0,v
2014-07-15 01:12,6.485,0.051,0,0,0,0,v
2014-07-15 01:18,6.475,0.050,0,0,0,0,v
2014-07-15 01:24,6.445,0.058,0,0,0,0,v
2014-07-15 01:30,6.436,0.054,0,0,0,0,v
2014-07-15 01:36,6.419,0.058,0,0,0,0,v
2014-07-15 01:42,6.419,0.046,0,0,0,0,v
2014-07-15 01:48,6.408,0.062,0,0,0,0,v
2014-07-15 01:54,6.391,0.053,0,0,0,0,v
2014-07-15 02:00,6.379,0.056,0,0,0,0,v
2014-07-15 02:06,6.367,0.057,0,0,0,0,v
2014-07-15 02:12,6.363,0.054,0,0,0,0,v
2014-07-15 02:18,6.333,0.062,0,0,0,0,v
2014-07-15 02:24,6.329,0.056,0,0,0,0,v
2014-07-15 02:30,6.336,0.067,0,0,0,0,v
2014-07-15 02:36,6.323,0.067,0,0,0,0,v
2014-07-15 02:42,6.329,0.057,0,0,0,0,v
2014-07-15 02:48,6.326,0.062,0,0,0,0,v
2014-07-15 02:54,6.312,0.068,0,0,0,0,v
2014-07-15 03:00,6.290,0.064,0,0,0,0,v
2014-07-15 03:06,6.318,0.058,0,0,0,0,v
2014-07-15 03:12,6.298,0.060,0,0,0,0,v
2014-07-15 03:18,6.297,0.058,0,0,0,0,v
2014-07-15 03:24,6.300,0.066,0,0,0,0,v
2014-07-15 03:30,6.275,0.071,0,0,0,0,v
2014-07-15 03:36,6.274,0.068,0,0,0,0,v
2014-07-15 03:42,6.260,0.071,0,0,0,0,v
2014-07-15 03:48,6.272,0.067,0,0,0,0,v
2014-07-15 03:54,6.260,0.061,0,0,0,0,v
2014-07-15 04:00,6.269,0.074,0,0,0,0,v
2014-07-15 04:06,6.254,0.061,0,0,0,0,v
2014-07-15 04:12,6.266,0.065,0,0,0,0,v
2014-07-15 04:18,6.291,0.061,0,0,0,0,v
2014-07-15 04:24,6.279,0.060,0,0,0,0,v
2014-07-15 04:30,6.262,0.066,0,0,0,0,v
2014-07-15 04:36,6.271,0.068,0,0,0,0,v
2014-07-15 04:42,6.284,0.063,0,0,0,0,v
2014-07-15 04:48,6.273,0.073,0,0,0,0,v
2014-07-15 04:54,6.261,0.056,0,0,0,0,v
2014-07-15 05:00,6.263,0.060,0,0,0,0,v
2014-07-15 05:06,6.287,0.068,0,0,0,0,v
2014-07-15 05:12,6.252,0.072,0,0,0,0,v
2014-07-15 05:18,6.280,0.067,0,0,0,0,v
2014-07-15 05:24,6.251,0.062,0,0,0,0,v
2014-07-15 05:30,6.282,0.073,0,0,0,0,v
2014-07-15 05:36,6.269,0.060,0,0,0,0,v
2014-07-15 05:42,6.288,0.059,0,0,0,0,v
2014-07-15 05:48,6.276,0.069,0,0,0,0,v
2014-07-15 05:54,6.292,0.069,0,0,0,0,v
2014-07-15 06:00,6.281,0.065,0,0,0,0,v
2014-07-15 06:06,6.292,0.056,0,0,0,0,v
2014-07-15 06:12,6.290,0.063,0,0,0,0,v
2014-07-15 06:18,6.303,0.063,0,0,0,0,v
2014-07-15 06:24,6.322,0.051,0,0,0,0,v
2014-07-15 06:30,6.339,0.060,0,0,0,0,v
2014-07-15 06:36,6.330,0.055,0,0,0,0,v
2014-07-15 06:42,6.310,0.059,0,0,0,0,v
2014-07-15 06:48,6.337,0.060,0,0,0,0,v
2014-07-15 06:54,6.356,0.060,0,0,0,0,v
2014-07-15 07:00,6.366,0.061,0,0,0,0,v
2014-07-15 07:06,6.372,0.050,0,0,0,0,v
2014-07-15 07:12,6.390,0.055,0,0,0,0,v
2014-07-15 07:18,6.411,0.062,0,0,0,0,v
2014-07-15 07:24,6.407,0.060,0,0,0,0,v
2014-07-15 07:30,6.426,0.056,0,0,0,0,v
2014-07-15 07:36,6.433,0.055,0,0,0,0,v
2014-07-15 07:42,6.442,0.057,0,0,0,0,v
2014-07-15 07:48,6.468,0.047,0,0,0,0,v
2014-07-15 07:54,6.497,0.056,0,0,0,0,v
2014-07-15 08:00,6.480,0.057,0,0,0,0,v
2014-07-15 08:06,6.480,0.055,0,0,0,0,v
2014-07-15 08:12,6.494,0.060,0,0,0,0,v
2014-07-15 08:18,6.504,0.055,0,0,0,0,v
2014-07-15 08:24,6.517,0.052,0,0,0,0,v
2014-07-15 08:30,6.510,0.063,0,0,0,0,v
2014-07-15 08:36,6.528,0.054,0,0,0,0,v
2014-07-15 08:42,6.541,0.051,0,0,0,0,v
2014-07-15 08:48,6.551,0.062,0,0,0,0,v
2014-07-15 08:54,6.563,0.051,0,0,0,0,v
2014-07-15 09:00,6.567,0.058,0,0,0,0,v
2014-07-15 09:06,6.592,0.055,0,0,0,0,v
2014-07-15 09:12,6.602,0.057,0,0,0,0,v
2014-07-15 09:18,6.619,0.056,0,0,0,0,v
2014-07-15 09:24,6.626,0.054,0,0,0,0,v
2014-07-15 09:30,6.632,0.057,0,0,0,0,v
2014-07-15 09:36,6.640,0.058,0,0,0,0,v
2014-07-15 09:42,6.620,0.056,0,0,0,0,v
2014-07-15 09:48,6.643,0.050,0,0,0,0,v
2014-07-15 09:54,6.647,0.053,0,0,0,0,v
2014-07-15 10:00,6.649,0.060,0,0,0,0,v
2014-07-15 10:06,6.671,0.053,0,0,0,0,v
2014-07-15 10:12,6.664,0.054,0,0,0,0,v
2014-07-15 10:18,6.664,0.050,0,0,0,0,v
2014-07-15 10:24,6.655,0.056,0,0,0,0,v
2014-07-15 10:30,6.640,0.051,0,0,0,0,v
2014-07-15 10:36,6.634,0.054,0,0,0,0,v
2014-07-15 10:42,6.642,0.048,0,0,0,0,v
2014-07-15 10:48,6.654,0.044,0,0,0,0,v
2014-07-15 10:54,6.690,0.058,0,0,0,0,v
2014-07-15 11:00,6.696,0.044,0,0,0,0,v
2014-07-15 11:06,6.705,0.050,0,0,0,0,v
2014-07-15 11:12,6.725,0.050,0,0,0,0,v
2014-07-15 11:18,6.733,0.054,0,0,0,0,v
2014-07-15 11:24,6.753,0.054,0,0,0,0,v
2014-07-15 11:30,6.758,0.046,0,0,0,0,v
2014-07-15 11:36,6.779,0.053,0,0,0,0,v
2014-07-15 11:42,6.775,0.057,0,0,0,0,v
2014-07-15 11:48,6.759,0.051,0,0,0,0,v
2014-07-15 11:54,6.764,0.047,0,0,0,0,v
2014-07-15 12:00,6.770,0.056,0,0,0,0,v
2014-07-15 12:06,6.779,0.058,0,0,0,0,v
2014-07-15 12:12,6.763,0.052,0,0,0,0,v
2014-07-15 12:18,6.741,0.054,0,0,0,0,v
2014-07-15 12:24,6.756,0.051,0,0,0,0,v
2014-07-15 12:30,6.768,0.057,0,0,0,0,v
2014-07-15 12:36,6.746,0.046,0,0,0,0,v
2014-07-15 12:42,6.758,0.049,0,0,0,0,v
2014-07-15 12:48,6.756,0.056,0,0,0,0,v
2014-07-15 12:54,6.727,0.045,0,0,0,0,v
2014-07-15 13:00,6.747,0.054,0,0,0,0,v
2014-07-15 13:06,6.725,0.048,0,0,0,0,v
2014-07-15 13:12,6.731,0.052,0,0,0,0,v
2014-07-15 13:18,6.729,0.051,0,0,0,0,v
2014-07-15 13:24,6.727,0.049,0,0,0,0,v
2014-07-15 13:30,6.724,0.055,0,0,0,0,v
2014-07-15 13:36,6.715,0.050,0,0,0,0,v
2014-07-15 13:42,6.713,0.051,0,0,0,0,v
2014-07-15 13:48,6.700,0.050,0,0,0,0,v
2014-07-15 13:54,6.693,0.045,0,0,0,0,v
2014-07-15 14:00,6.680,0.049,0,0,0,0,v
2014-07-15 14:06,6.682,0.052,0,0,0,0,v
2014-07-15 14:12,6.691,0.045,0,0,0,0,v
2014-07-15 14:18,6.693,0.049,0,0,0,0,v
2014-07-15 14:24,6.699,0.059,0,0,0,0,v
2014-07-15 14:30,6.704,0.049,0,0,0,0,v
2014-07-15 14:36,6.686,0.055,0,0,0,0,v
2014-07-15 14:42,6.669,0.056,0,0,0,0,v
2014-07-15 14:48,6.654,0.051,0,0,0,0,v
2014-07-15 14:54,6.656,0.053,0,0,0,0,v
2014-07-15 15:00,6.650,0.053,0,0,0,0,v
2014-07-15 15:06,6.652,0.048,0,0,0,0,v
2014-07-15 15:12,6.652,0.048,0,0,0,0,v
2014-07-15 15:18,6.651,0.049,0,0,0,0,v
2014-07-15 15:24,6.662,0.058,0,0,0,0,v
2014-07-15 15:30,6.654,0.058,0,0,0,0,v
2014-07-15 15:36,6.649,0.054,0,0,0,0,v
2014-07-15 15:42,6.670,0.057,0,0,0,0,v
2014-07-15 15:48,6.679,0.054,0,0,0,0,v
2014-07-15 15:54,6.668,0.052,0,0,0,0,v
2014-07-15 16:00,6.663,0.062,0,0,0,0,v
2014-07-15 16:06,6.661,0.050,0,0,0,0,v
2014-07-15 16:12,6.650,0.057,0,0,0,0,v
2014-07-15 16:18,6.663,0.052,0,0,0,0,v
2014-07-15 16:24,6.644,0.057,0,0,0,0,v
2014-07-15 16:30,6.642,0.061,0,0,0,0,v
2014-07-15 16:36,6.629,0.060,0,0,0,0,v
2014-07-15 16:42,6.620,0.051,0,0,0,0,v
2014-07-15 16:48,6.618,0.059,0,0,0,0,v
2014-07-15 16:54,6.630,0.055,0,0,0,0,v
2014-07-15 17:00,6.618,0.051,0,0,0,0,v
2014-07-15 17:06,6.613,0.053,0,0,0,0,v
2014-07-15 17:12,6.611,0.053,0,0,0,0,v
2014-07-15 17:18,6.587,0.056,0,0,0,0,v
2014-07-15 17:24,6.586,0.053,0,0,0,0,v
2014-07-15 17:30,6.594,0.057,0,0,0,0,v
2014-07-15 17:36,6.594,0.052,0,0,0,0,v
2014-07-15 17:42,6.579,0.049,0,0,0,0,v
2014-07-15 17:48,6.573,0.052,0,0,0,0,v
2014-07-15 17:54,6.568,0.047,0,0,0,0,v
2014-07-15 18:00,6.568,0.053,0,0,0,0,v
2014-07-15 18:06,6.588,0.053,0,0,0,0,v
2014-07-15 18:12,6.586,0.049,0,0,0,0,v
2014-07-15 18:18,6.598,0.054,0,0,0,0,v
2014-07-15 18:24,6.590,0.050,0,0,0,0,v
2014-07-15 18:30,6.603,0.053,0,0,0,0,v
2014-07-15 18:36,6.609,0.050,0,0,0,0,v
2014-07-15 18:42,6.605,0.056,0,0,0,0,v
2014-07-15 18:48,6.617,0.049,0,0,0,0,v
2014-07-15 18:54,6.612,0.059,0,0,0,0,v
2014-07-15 19:00,6.601,0.056,0,0,0,0,v
2014-07-15 19:06,6.610,0.057,0,0,0,0,v
2014-07-15 19:12,6.598,0.051,0,0,0,0,v
2014-07-15 19:18,6.572,0.047,0,0,0,0,v
2014-07-15 19:24,6.592,0.061,0,0,0,0,v
2014-07-15 19:30,6.605,0.044,0,0,0,0,v
2014-07-15 19:36,6.598,0.054,0,0,0,0,v
2014-07-15 19:42,6.579,0.053,0,0,0,0,v
2014-07-15 19:48,6.572,0.057,0,0,0,0,v
2014-07-15 19:54,6.587,0.051,0,0,0,0,v
2014-07-15 20:00,6.595,0.053,0,0,0,0,v
2014-07-15 20:06,6.613,0.054,0,0,0,0,v
2014-07-15 20:12,6.615,0.055,0,0,0,0,v
2014-07-15 20:18,6.628,0.060,0,0,0,0,v
2014-07-15 20:24,6.627,0.048,0,0,0,0,v
2014-07-15 20:30,6.628,0.048,0,0,0,0,v
2014-07-15 20:36,6.624,0.049,0,0,0,0,v
2014-07-15 20:42,6.644,0.053,0,0,0,0,v
2014-07-15 20:48,6.654,0.052,0,0,0,0,v
2014-07-15 20:54,6.648,0.058,0,0,0,0,v
2014-07-15 21:00,6.639,0.057,0,0,0,0,v
2014-07-15 21:06,6.653,0.048,0,0,0,0,v
2014-07-15 21:12,6.657,0.053,0,0,0,0,v
2014-07-15 21:18,6.661,0.051,0,0,0,0,v
2014-07-15 21:24,6.649,0.059,0,0,0,0,v
2014-07-15 21:30,6.675,0.056,0,0,0,0,v
2014-07-15 21:36,6.665,0.050,0,0,0,0,v
2014-07-15 21:42,6.674,0.058,0,0,0,0,v
2014-07-15 21:48,6.672,0.060,0,0,0,0,v
2014-07-15 21:54,6.666,0.056,0,0,0,0,v
2014-07-15 22:00,6.658,0.057,0,0,0,0,v
2014-07-15 22:06,6.668,0.049,0,0,0,0,v
2014-07-15 22:12,6.671,0.061,0,0,0,0,v
2014-07-15 22:18,6.663,0.063,0,0,0,0,v
2014-07-15 22:24,6.680,0.053,0,0,0,0,v
2014-07-15 22:30,6.680,0.059,0,0,0,0,v
2014-07-15 22:36,6.672,0.056,0,0,0,0,v
2014-07-15 22:42,6.670,0.058,0,0,0,0,v
2014-07-15 22:48,6.665,0.058,0,0,0,0,v
2014-07-15 22:54,6.666,0.058,0,0,0,0,v
2014-07-15 23:00,6.663,0.056,0,0,0,0,v
2014-07-15 23:06,6.640,0.058,0,0,0,0,v
2014-07-15 23:12,6.652,0.053,0,0,0,0,v
2014-07-15 23:18,6.637,0.058,0,0,0,0,v
2014-07-15 23:24,6.640,0.053,0,0,0,0,v
2014-07-15 23:30,6.636,0.055,0,0,0,0,v
2014-07-15 23:36,6.645,0.059,0,0,0,0,v
2014-07-15 23:42,6.653,0.063,0,0,0,0,v
2014-07-15 23:48,6.635,0.053,0,0,0,0,v
2014-07-15 23:54,6.619,0.053,0,0,0,0,v
2014-07-16 00:00,6.614,0.056,0,0,0,0,v
2014-07-16 00:06,6.619,0.053,0,0,0,0,v
2014-07-16 00:12,6.617,0.055,0,0,0,0,v
2014-07-16 00:18,6.612,0.052,0,0,0,0,v
2014-07-16 00:24,6.594,0.056,0,0,0,0,v
2014-07-16 00:30,6.571,0.053,0,0,0,0,v
2014-07-16 00:36,6.573,0.060,0,0,0,0,v
2014-07-16 00:42,6.551,0.061,0,0,0,0,v
2014-07-16 00:48,6.523,0.054,0,0,0,0,v
2014-07-16 00:54,6.511,0.052,0,0,0,0,v
2014-07-16 01:00,6.521,0.055,0,0,0,0,v
2014-07-16 01:06,6.501,0.058,0,0,0,0,v
2014-07-16 01:12,6.500,0.056,0,0,0,0,v
2014-07-16 01:18,6.508,0.059,0,0,0,0,v
2014-07-16 01:24,6.509,0.060,0,0,0,0,v
2014-07-16 01:30,6.494,0.055,0,0,0,0,v
2014-07-16 01:36,6.471,0.058,0,0,0,0,v
2014-07-16 01:42,6.488,0.066,0,0,0,0,v
2014-07-16 01:48,6.474,0.059,0,0,0,0,v
2014-07-16 01:54,6.460,0.054,0,0,0,0,v
2014-07-16 02:00,6.461,0.057,0,0,0,0,v
2014-07-16 02:06,6.476,0.053,0,0,0,0,v
2014-07-16 02:12,6.467,0.064,0,0,0,0,v
2014-07-16 02:18,6.475,0.061,0,0,0,0,v
2014-07-16 02:24,6.472,0.062,0,0,0,0,v
2014-07-16 02:30,6.470,0.058,0,0,0,0,v
2014-07-16 02:36,6.460,0.059,0,0,0,0,v
2014-07-16 02:42,6.441,0.060,0,0,0,0,v
2014-07-16 02:48,6.419,0.061,0,0,0,0,v
2014-07-16 02:54,6.439,0.061,0,0,0,0,v
2014-07-16 03:00,6.422,0.062,0,0,0,0,v
2014-07-16 03:06,6.406,0.062,0,0,0,0,v
2014-07-16 03:12,6.416,0.065,0,0,0,0,v
2014-07-16 03:18,6.403,0.060,0,0,0,0,v
2014-07-16 03:24,6.425,0.056,0,0,0,0,v
2014-07-16 03:30,6.411,0.063,0,0,0,0,v
2014-07-16 03:36,6.407,0.053,0,0,0,0,v
2014-07-16 03:42,6.391,0.067,0,0,0,0,v
2014-07-16 03:48,6.372,0.067,0,0,0,0,v
2014-07-16 03:54,6.362,0.068,0,0,0,0,v
2014-07-16 04:00,6.362,0.061,0,0,0,0,v
2014-07-16 04:06,6.361,0.058,0,0,0,0,v
2014-07-16 04:12,6.349,0.064,0,0,0,0,v
2014-07-16 04:18,6.330,0.075,0,0,0,0,v
2014-07-16 04:24,6.317,0.062,0,0,0,0,v
2014-07-16 04:30,6.328,0.062,0,0,0,0,v
2014-07-16 04:36,6.326,0.061,0,0,0,0,v
2014-07-16 04:42,6.321,0.057,0,0,0,0,v
2014-07-16 04:48,6.328,0.069,0,0,0,0,v
2014-07-16 04:54,6.328,0.070,0,0,0,0,v
2014-07-16 05:00,6.340,0.061,0,0,0,0,v
2014-07-16 05:06,6.328,0.064,0,0,0,0,v
2014-07-16 05:12,6.328,0.062,0,0,0,0,v
2014-07-16 05:18,6.322,0.056,0,0,0,0,v
2014-07-16 05:24,6.340,0.057,0,0,0,0,v
2014-07-16 05:30,6.350,0.056,0,0,0,0,v
2014-07-16 05:36,6.340,0.055,0,0,0,0,v
2014-07-16 05:42,6.352,0.057,0,0,0,0,v
2014-07-16 05:48,6.361,0.065,0,0,0,0,v
2014-07-16 05:54,6.334,0.058,0,0,0,0,v
2014-07-16 06:00,6.345,0.065,0,0,0,0,v
2014-07-16 06:06,6.326,0.067,0,0,0,0,v
2014-07-16 06:12,6.337,0.066,0,0,0,0,v
2014-07-16 06:18,6.339,0.069,0,0,0,0,v
2014-07-16 06:24,6.361,0.058,0,0,0,0,v
2014-07-16 06:30,6.351,0.069,0,0,0,0,v
2014-07-16 06:36,6.372,0.063,0,0,0,0,v
2014-07-16 06:42,6.384,0.063,0,0,0,0,v
2014-07-16 06:48,6.377,0.071,0,0,0,0,v
2014-07-16 06:54,6.382,0.057,0,0,0,0,v
2014-07-16 07:00,6.410,0.061,0,0,0,0,v
2014-07-16 07:06,6.400,0.069,0,0,0,0,v
2014-07-16 07:12,6.392,0.062,0,0,0,0,v
2014-07-16 07:18,6.391,0.067,0,0,0,0,v
2014-07-16 07:24,6.427,0.061,0,0,0,0,v
2014-07-16 07:30,6.430,0.058,0,0,0,0,v
2014-07-16 07:36,6.426,0.070,0,0,0,0,v
2014-07-16 07:42,6.438,0.058,0,0,0,0,v
2014-07-16 07:48,6.452,0.071,0,0,0,0,v
2014-07-16 07:54,6.446,0.058,0,0,0,0,v
2014-07-16 08:00,6.441,0.069,0,0,0,0,v
2014-07-16 08:06,6.437,0.069,0,0,0,0,v
2014-07-16 08:12,6.445,0.071,0,0,0,0,v
2014-07-16 08:18,6.431,0.068,0,0,0,0,v
2014-07-16 08:24,6.456,0.063,0,0,0,0,v
2014-07-16 08:30,6.451,0.074,0,0,0,0,v
2014-07-16 08:36,6.477,0.074,0,0,0,0,v
2014-07-16 08:42,6.488,0.072,0,0,0,0,v
2014-07-16 08:48,6.489,0.061,0,0,0,0,v
2014-07-16 08:54,6.502,0.066,0,0,0,0,v
2014-07-16 09:00,6.518,0.062,0,0,0,0,v
2014-07-16 09:06,6.533,0.060,0,0,0,0,v
2014-07-16 09:12,6.562,0.068,0,0,0,0,v
2014-07-16 09:18,6.564,0.061,0,0,0,0,v
2014-07-16 09:24,6.569,0.064,0,0,0,0,v
2014-07-16 09:30,6.574,0.065,0,0,0,0,v
2014-07-16 09:36,6.586,0.068,0,0,0,0,v
2014-07-16 09:42,6.594,0.057,0,0,0,0,v
2014-07-16 09:48,6.568,0.068,0,0,0,0,v
2014-07-16 09:54,6.567,0.066,0,0,0,0,v
2014-07-16 10:00,6.588,0.056,0,0,0,0,v
2014-07-16 10:06,6.583,0.069,0,0,0,0,v
2014-07-16 10:12,6.599,0.058,0,0,0,0,v
2014-07-16 10:18,6.598,0.060,0,0,0,0,v
2014-07-16 10:24,6.607,0.070,0,0,0,0,v
2014-07-16 10:30,6.616,0.070,0,0,0,0,v
2014-07-16 10:36,6.616,0.069,0,0,0,0,v
2014-07-16 10:42,6.606,0.055,0,0,0,0,v
2014-07-16 10:48,6.633,0.059,0,0,0,0,v
2014-07-16 10:54,6.636,0.064,0,0,0,0,v
2014-07-16 11:00,6.646,0.063,0,0,0,0,v
2014-07-16 11:06,6.644,0.056,0,0,0,0,v
2014-07-16 11:12,6.645,0.051,0,0,0,0,v
2014-07-16 11:18,6.657,0.065,0,0,0,0,v
2014-07-16 11:24,6.679,0.064,0,0,0,0,v
2014-07-16 11:30,6.685,0.061,0,0,0,0,v
2014-07-16 11:36,6.704,0.065,0,0,0,0,v
2014-07-16 11:42,6.705,0.051,0,0,0,0,v
2014-07-16 11:48,6.717,0.056,0,0,0,0,v
2014-07-16 11:54,6.715,0.062,0,0,0,0,v
2014-07-16 12:00,6.715,0.058,0,0,0,0,v
2014-07-16 12:06,6.717,0.056,0,0,0,0,v
2014-07-16 12:12,6.701,0.059,0,0,0,0,v
2014-07-16 12:18,6.704,0.062,0,0,0,0,v
2014-07-16 12:24,6.715,0.060,0,0,0,0,v
2014-07-16 12:30,6.723,0.052,0,0,0,0,v
2014-07-16 12:36,6.693,0.065,0,0,0,0,v
2014-07-16 12:42,6.702,0.051,0,0,0,0,v
2014-07-16 12:48,6.703,0.056,0,0,0,0,v
2014-07-16 12:54,6.702,0.055,0,0,0,0,v
2014-07-16 13:00,6.693,0.050,0,0,0,0,v
2014-07-16 13:06,6.680,0.054,0,0,0,0,v
2014-07-16 13:12,6.669,0.051,0,0,0,0,v
2014-07-16 13:18,6.676,0.060,0,0,0,0,v
2014-07-16 13:24,6.676,0.060,0,0,0,0,v
2014-07-16 13:30,6.669,0.048,0,0,0,0,v
2014-07-16 13:36,6.656,0.054,0,0,0,0,v
2014-07-16 13:42,6.668,0.053,0,0,0,0,v
2014-07-16 13:48,6.670,0.049,0,0,0,0,v
2014-07-16 13:54,6.672,0.049,0,0,0,0,v
2014-07-16 14:00,6.662,0.058,0,0,0,0,v
2014-07-16 14:06,6.674,0.046,0,0,0,0,v
2014-07-16 14:12,6.663,0.051,0,0,0,0,v
2014-07-16 14:18,6.664,0.048,0,0,0,0,v
2014-07-16 14:24,6.648,0.050,0,0,0,0,v
2014-07-16 14:30,6.634,0.057,0,0,0,0,v
2014-07-16 14:36,6.619,0.045,0,0,0,0,v
2014-07-16 14:42,6.635,0.055,0,0,0,0,v
2014-07-16 14:48,6.650,0.055,0,0,0,0,v
2014-07-16 14:54,6.639,0.050,0,0,0,0,v
2014-07-16 15:00,6.637,0.051,0,0,0,0,v
2014-07-16 15:06,6.621,0.057,0,0,0,0,v
2014-07-16 15:12,6.603,0.055,0,0,0,0,v
2014-07-16 15:18,6.602,0.046,0,0,0,0,v
2014-07-16 15:24,6.583,0.047,0,0,0,0,v
2014-07-16 15:30,6.596,0.051,0,0,0,0,v
2014-07-16 15:36,6.601,0.054,0,0,0,0,v
2014-07-16 15:42,6.582,0.051,0,0,0,0,v
2014-07-16 15:48,6.594,0.047,0,0,0,0,v
2014-07-16 15:54,6.577,0.047,0,0,0,0,v
2014-07-16 16:00,6.585,0.054,0,0,0,0,v
2014-07-16 16:06,6.583,0.051,0,0,0,0,v
2014-07-16 16:12,6.557,0.052,0,0,0,0,v
2014-07-16 16:18,6.568,0.047,0,0,0,0,v
2014-07-16 16:24,6.566,0.038,0,0,0,0,v
2014-07-16 16:30,6.566,0.051,0,0,0,0,v
2014-07-16 16:36,6.563,0.042,0,0,0,0,v
2014-07-16 16:42,6.562,0.053,0,0,0,0,v
2014-07-16 16:48,6.573,0.043,0,0,0,0,v
2014-07-16 16:54,6.571,0.046,0,0,0,0,v
2014-07-16 17:00,6.553,0.041,0,0,0,0,v
2014-07-16 17:06,6.534,0.044,0,0,0,0,v
2014-07-16 17:12,6.521,0.051,0,0,0,0,v
2014-07-16 17:18,6.523,0.045,0,0,0,0,v
2014-07-16 17:24,6.524,0.049,0,0,0,0,v
2014-07-16 17:30,6.510,0.043,0,0,0,0,v
2014-07-16 17:36,6.520,0.045,0,0,0,0,v
2014-07-16 17:42,6.546,0.048,0,0,0,0,v
2014-07-16 17:48,6.536,0.049,0,0,0,0,v
2014-07-16 17:54,6.554,0.050,0,0,0,0,v
2014-07-16 18:00,6.548,0.042,0,0,0,0,v
2014-07-16 18:06,6.544,0.044,0,0,0,0,v
2014-07-16 18:12,6.534,0.043,0,0,0,0,v
2014-07-16 18:18,6.548,0.042,0,0,0,0,v
2014-07-16 18:24,6.560,0.042,0,0,0,0,v
2014-07-16 18:30,6.558,0.047,0,0,0,0,v
2014-07-16 18:36,6.531,0.047,0,0,0,0,v
2014-07-16 18:42,6.520,0.047,0,0,0,0,v
2014-07-16 18:48,6.529,0.045,0,0,0,0,v
2014-07-16 18:54,6.526,0.047,0,0,0,0,v
2014-07-16 19:00,6.535,0.044,0,0,0,0,v
2014-07-16 19:06,6.547,0.049,0,0,0,0,v
2014-07-16 19:12,6.562,0.045,0,0,0,0,v
2014-07-16 19:18,6.564,0.046,0,0,0,0,v
2014-07-16 19:24,6.558,0.051,0,0,0,0,v
2014-07-16 19:30,6.551,0.045,0,0,0,0,v
2014-07-16 19:36,6.546,0.044,0,0,0,0,v
2014-07-16 19:42,6.553,0.041,0,0,0,0,v
2014-07-16 19:48,6.551,0.046,0,0,0,0,v
2014-07-16 19:54,6.531,0.048,0,0,0,0,v
2014-07-16 20:00,6.552,0.050,0,0,0,0,v
2014-07-16 20:06,6.544,0.047,0,0,0,0,v
2014-07-16 20:12,6.567,0.048,0,0,0,0,v
2014-07-16 20:18,6.569,0.045,0,0,0,0,v
2014-07-16 20:24,6.540,0.059,0,0,0,0,v
2014-07-16 20:30,6.556,0.052,0,0,0,0,v
2014-07-16 20:36,6.552,0.050,0,0,0,0,v
2014-07-16 20:42,6.562,0.045,0,0,0,0,v
2014-07-16 20:48,6.570,0.055,0,0,0,0,v
2014-07-16 20:54,6.574,0.054,0,0,0,0,v
2014-07-16 21:00,6.574,0.049,0,0,0,0,v
2014-07-16 21:06,6.592,0.053,0,0,0,0,v
2014-07-16 21:12,6.605,0.053,0,0,0,0,v
2014-07-16 21:18,6.599,0.056,0,0,0,0,v
2014-07-16 21:24,6.610,0.054,0,0,0,0,v
2014-07-16 21:30,6.608,0.055,0,0,0,0,v
2014-07-16 21:36,6.596,0.052,0,0,0,0,v
2014-07-16 21:42,6.601,0.056,0,0,0,0,v
2014-07-16 21:48,6.620,0.052,0,0,0,0,v
2014-07-16 21:54,6.635,0.057,0,0,0,0,v
2014-07-16 22:00,6.640,0.053,0,0,0,0,v
2014-07-16 22:06,6.636,0.064,0,0,0,0,v
2014-07-16 22:12,6.636,0.054,0,0,0,0,v
2014-07-16 22:18,6.634,0.055,0,0,0,0,v
2014-07-16 22:24,6.623,0.061,0,0,0,0,v
2014-07-16 22:30,6.635,0.053,0,0,0,0,v
2014-07-16 22:36,6.649,0.062,0,0,0,0,v
2014-07-16 22:42,6.662,0.059,0,0,0,0,v
2014-07-16 22:48,6.658,0.059,0,0,0,0,v
2014-07-16 22:54,6.674,0.056,0,0,0,0,v
2014-07-16 23:00,6.676,0.053,0,0,0,0,v
2014-07-16 23:06,6.667,0.056,0,0,0,0,v
2014-07-16 23:12,6.693,0.055,0,0,0,0,v
2014-07-16 23:18,6.681,0.059,0,0,0,0,v
2014-07-16 23:24,6.691,0.066,0,0,0,0,v
2014-07-16 23:30,6.684,0.070,0,0,0,0,v
2014-07-16 23:36,6.688,0.063,0,0,0,0,v
2014-07-16 23:42,6.691,0.062,0,0,0,0,v
2014-07-16 23:48,6.691,0.073,0,0,0,0,v
2014-07-16 23:54,6.682,0.064,0,0,0,0,v
2014-07-17 00:00,6.691,0.076,0,0,0,0,v
2014-07-17 00:06,6.681,0.069,0,0,0,0,v
2014-07-17 00:12,6.682,0.068,0,0,0,0,v
2014-07-17 00:18,6.666,0.063,0,0,0,0,v
2014-07-17 00:24,6.653,0.074,0,0,0,0,v
2014-07-17 00:30,6.662,0.069,0,0,0,0,v
2014-07-17 00:36,6.660,0.069,0,0,0,0,v
2014-07-17 00:42,6.650,0.075,0,0,0,0,v
2014-07-17 00:48,6.663,0.070,0,0,0,0,v
2014-07-17 00:54,6.649,0.063,0,0,0,0,v
2014-07-17 01:00,6.631,0.064,0,0,0,0,v
2014-07-17 01:06,6.628,0.075,0,0,0,0,v
2014-07-17 01:12,6.628,0.077,0,0,0,0,v
2014-07-17 01:18,6.623,0.083,0,0,0,0,v
2014-07-17 01:24,6.617,0.073,0,0,0,0,v
2014-07-17 01:30,6.613,0.075,0,0,0,0,v
2014-07-17 01:36,6.603,0.082,0,0,0,0,v
2014-07-17 01:42,6.596,0.076,0,0,0,0,v
2014-07-17 01:48,6.601,0.063,0,0,0,0,v
2014-07-17 01:54,6.614,0.070,0,0,0,0,v
2014-07-17 02:00,6.617,0.075,0,0,0,0,v
2014-07-17 02:06,6.616,0.070,0,0,0,0,v
2014-07-17 02:12,6.600,0.071,0,0,0,0,v
2014-07-17 02:18,6.592,0.071,0,0,0,0,v
2014-07-17 02:24,6.591,0.069,0,0,0,0,v
2014-07-17 02:30,6.574,0.076,0,0,0,0,v
2014-07-17 02:36,6.575,0.070,0,0,0,0,v
2014-07-17 02:42,6.577,0.063,0,0,0,0,v
2014-07-17 02:48,6.549,0.074,0,0,0,0,v
2014-07-17 02:54,6.560,0.084,0,0,0,0,v
2014-07-17 03:00,6.558,0.063,0,0,0,0,v
2014-07-17 03:06,6.547,0.073,0,0,0,0,v
2014-07-17 03:12,6.554,0.065,0,0,0,0,v
2014-07-17 03:18,6.550,0.063,0,0,0,0,v
2014-07-17 03:24,6.529,0.070,0,0,0,0,v
2014-07-17 03:30,6.534,0.071,0,0,0,0,v
2014-07-17 03:36,6.543,0.071,0,0,0,0,v
2014-07-17 03:42,6.550,0.070,0,0,0,0,v
2014-07-17 03:48,6.527,0.079,0,0,0,0,v
2014-07-17 03:54,6.520,0.075,0,0,0,0,v
2014-07-17 04:00,6.517,0.075,0,0,0,0,v
2014-07-17 04:06,6.502,0.069,0,0,0,0,v
2014-07-17 04:12,6.517,0.070,0,0,0,0,v
2014-07-17 04:18,6.526,0.072,0,0,0,0,v
2014-07-17 04:24,6.545,0.061,0,0,0,0,v
2014-07-17 04:30,6.539,0.078,0,0,0,0,v
2014-07-17 04:36,6.536,0.066,0,0,0,0,v
2014-07-17 04:42,6.513,0.069,0,0,0,0,v
2014-07-17 04:48,6.513,0.073,0,0,0,0,v
2014-07-17 04:54,6.512,0.073,0,0,0,0,v
2014-07-17 05:00,6.506,0.064,0,0,0,0,v
2014-07-17 05:06,6.515,0.065,0,0,0,0,v
2014-07-17 05:12,6.509,0.073,0,0,0,0,v
2014-07-17 05:18,6.501,0.071,0,0,0,0,v
2014-07-17 05:24,6.509,0.070,0,0,0,0,v
2014-07-17 05:30,6.508,0.076,0,0,0,0,v
2014-07-17 05:36,6.514,0.065,0,0,0,0,v
2014-07-17 05:42,6.498,0.080,0,0,0,0,v
2014-07-17 05:48,6.481,0.073,0,0,0,0,v
2014-07-17 05:54,6.484,0.069,0,0,0,0,v
2014-07-17 06:00,6.487,0.082,0,0,0,0,v
2014-07-17 06:06,6.489,0.074,0,0,0,0,v
2014-07-17 06:12,6.472,0.067,0,0,0,0,v
2014-07-17 06:18,6.456,0.073,0,0,0,0,v
2014-07-17 06:24,6.459,0.064,0,0,0,0,v
2014-07-17 06:30,6.452,0.062,0,0,0,0,v
2014-07-17 06:36,6.457,0.081,0,0,0,0,v
2014-07-17 06:42,6.447,0.078,0,0,0,0,v
2014-07-17 06:48,6.455,0.072,0,0,0,0,v
2014-07-17 06:54,6.461,0.068,0,0,0,0,v
2014-07-17 07:00,6.459,0.067,0,0,0,0,v
2014-07-17 07:06,6.467,0.072,0,0,0,0,v
2014-07-17 07:12,6.472,0.072,0,0,0,0,v
2014-07-17 07:18,6.484,0.075,0,0,0,0,v
2014-07-17 07:24,6.479,0.075,0,0,0,0,v
2014-07-17 07:30,6.451,0.071,0,0,0,0,v
2014-07-17 07:36,6.454,0.058,0,0,0,0,v
2014-07-17 07:42,6.469,0.078,0,0,0,0,v
2014-07-17 07:48,6.461,0.073,0,0,0,0,v
2014-07-17 07:54,6.450,0.082,0,0,0,0,v
2014-07-17 08:00,6.469,0.070,0,0,0,0,v
2014-07-17 08:06,6.463,0.070,0,0,0,0,v
2014-07-17 08:12,6.453,0.071,0,0,0,0,v
2014-07-17 08:18,6.475,0.070,0,0,0,0,v
2014-07-17 08:24,6.490,0.076,0,0,0,0,v
2014-07-17 08:30,6.503,0.073,0,0,0,0,v
2014-07-17 08:36,6.513,0.079,0,0,0,0,v
2014-07-17 08:42,6.521,0.074,0,0,0,0,v
2014-07-17 08:48,6.513,0.067,0,0,0,0,v
2014-07-17 08:54,6.514,0.067,0,0,0,0,v
2014-07-17 09:00,6.519,0.071,0,0,0,0,v
2014-07-17 09:06,6.523,0.068,0,0,0,0,v
2014-07-17 09:12,6.539,0.074,0,0,0,0,v
2014-07-17 09:18,6.556,0.066,0,0,0,0,v
2014-07-17 09:24,6.558,0.067,0,0,0,0,v
2014-07-17 09:30,6.565,0.067,0,0,0,0,v
2014-07-17 09:36,6.574,0.076,0,0,0,0,v
2014-07-17 09:42,6.601,0.066,0,0,0,0,v
2014-07-17 09:48,6.619,0.070,0,0,0,0,v
2014-07-17 09:54,6.605,0.068,0,0,0,0,v
2014-07-17 10:00,6.608,0.071,0,0,0,0,v
2014-07-17 10:06,6.614,0.077,0,0,0,0,v
2014-07-17 10:12,6.588,0.063,0,0,0,0,v
2014-07-17 10:18,6.614,0.072,0,0,0,0,v
2014-07-17 10:24,6.599,0.081,0,0,0,0,v
2014-07-17 10:30,6.624,0.079,0,0,0,0,v
2014-07-17 10:36,6.619,0.083,0,0,0,0,v
2014-07-17 10:42,6.644,0.083,0,0,0,0,v
2014-07-17 10:48,6.665,0.065,0,0,0,0,v
2014-07-17 10:54,6.665,0.071,0,0,0,0,v
2014-07-17 11:00,6.675,0.071,0,0,0,0,v
2014-07-17 11:06,6.682,0.081,0,0,0,0,v
2014-07-17 11:12,6.691,0.065,0,0,0,0,v
2014-07-17 11:18,6.700,0.073,0,0,0,0,v
2014-07-17 11:24,6.699,0.077,0,0,0,0,v
2014-07-17 11:30,6.699,0.075,0,0,0,0,v
2014-07-17 11:36,6.730,0.068,0,0,0,0,v
2014-07-17 11:42,6.710,0.079,0,0,0,0,v
2014-07-17 11:48,6.709,0.076,0,0,0,0,v
2014-07-17 11:54,6.711,0.077,0,0,0,0,v
2014-07-17 12:00,6.707,0.077,0,0,0,0,v
2014-07-17 12:06,6.716,0.073,0,0,0,0,v
2014-07-17 12:12,6.721,0.085,0,0,0,0,v
2014-07-17 12:18,6.743,0.071,0,0,0,0,v
2014-07-17 12:24,6.738,0.081,0,0,0,0,v
2014-07-17 12:30,6.732,0.072,0,0,0,0,v
2014-07-17 12:36,6.720,0.068,0,0,0,0,v
2014-07-17 12:42,6.723,0.076,0,0,0,0,v
2014-07-17 12:48,6.718,0.080,0,0,0,0,v
2014-07-17 12:54,6.727,0.069,0,0,0,0,v
2014-07-17 13:00,6.713,0.093,0,0,0,0,v
2014-07-17 13:06,6.699,0.074,0,0,0,0,v
2014-07-17 13:12,6.713,0.070,0,0,0,0,v
2014-07-17 13:18,6.692,0.082,0,0,0,0,v
2014-07-17 13:24,6.686,0.078,0,0,0,0,v
2014-07-17 13:30,6.678,0.088,0,0,0,0,v
2014-07-17 13:36,6.678,0.073,0,0,0,0,v
2014-07-17 13:42,6.682,0.076,0,0,0,0,v
2014-07-17 13:48,6.678,0.080,0,0,0,0,v
2014-07-17 13:54,6.658,0.088,0,0,0,0,v
2014-07-17 14:00,6.674,0.075,0,0,0,0,v
2014-07-17 14:06,6.679,0.078,0,0,0,0,v
2014-07-17 14:12,6.671,0.081,0,0,0,0,v
2014-07-17 14:18,6.681,0.067,0,0,0,0,v
2014-07-17 14:24,6.684,0.073,0,0,0,0,v
2014-07-17 14:30,6.667,0.076,0,0,0,0,v
2014-07-17 14:36,6.668,0.082,0,0,0,0,v
2014-07-17 14:42,6.668,0.084,0,0,0,0,v
2014-07-17 14:48,6.658,0.074,0,0,0,0,v
2014-07-17 14:54,6.671,0.084,0,0,0,0,v
2014-07-17 15:00,6.656,0.074,0,0,0,0,v
2014-07-17 15:06,6.643,0.088,0,0,0,0,v
2014-07-17 15:12,6.643,0.079,0,0,0,0,v
2014-07-17 15:18,6.629,0.076,0,0,0,0,v
2014-07-17 15:24,6.631,0.084,0,0,0,0,v
2014-07-17 15:30,6.628,0.082,0,0,0,0,v
2014-07-17 15:36,6.639,0.068,0,0,0,0,v
2014-07-17 15:42,6.637,0.075,0,0,0,0,v
2014-07-17 15:48,6.628,0.091,0,0,0,0,v
2014-07-17 15:54,6.608,0.076,0,0,0,0,v
2014-07-17 16:00,6.617,0.078,0,0,0,0,v
2014-07-17 16:06,6.615,0.074,0,0,0,0,v
2014-07-17 16:12,6.613,0.080,0,0,0,0,v
2014-07-17 16:18,6.603,0.088,0,0,0,0,v
2014-07-17 16:24,6.602,0.079,0,0,0,0,v
2014-07-17 16:30,6.597,0.098,0,0,0,0,v
2014-07-17 16:36,6.567,0.074,0,0,0,0,v
2014-07-17 16:42,6.549,0.086,0,0,0,0,v
2014-07-17 16:48,6.561,0.077,0,0,0,0,v
2014-07-17 16:54,6.554,0.085,0,0,0,0,v
2014-07-17 17:00,6.543,0.084,0,0,0,0,v
2014-07-17 17:06,6.534,0.080,0,0,0,0,v
2014-07-17 17:12,6.523,0.088,0,0,0,0,v
2014-07-17 17:18,6.525,0.073,0,0,0,0,v
2014-07-17 17:24,6.511,0.084,0,0,0,0,v
2014-07-17 17:30,6.523,0.104,0,0,0,0,v
2014-07-17 17:36,6.503,0.087,0,0,0,0,v
2014-07-17 17:42,6.510,0.077,0,0,0,0,v
2014-07-17 17:48,6.517,0.071,0,0,0,0,v
2014-07-17 17:54,6.509,0.081,0,0,0,0,v
2014-07-17 18:00,6.509,0.097,0,0,0,0,v
2014-07-17 18:06,6.521,0.105,0,0,0,0,v
2014-07-17 18:12,6.529,0.086,0,0,0,0,v
2014-07-17 18:18,6.529,0.082,0,0,0,0,v
2014-07-17 18:24,6.522,0.093,0,0,0,0,v
2014-07-17 18:30,6.496,0.084,0,0,0,0,v
2014-07-17 18:36,6.500,0.095,0,0,0,0,v
2014-07-17 18:42,6.512,0.081,0,0,0,0,v
2014-07-17 18:48,6.508,0.088,0,0,0,0,v
2014-07-17 18:54,6.516,0.080,0,0,0,0,v
2014-07-17 19:00,6.509,0.080,0,0,0,0,v
2014-07-17 19:06,6.501,0.091,0,0,0,0,v
2014-07-17 19:12,6.504,0.082,0,0,0,0,v
2014-07-17 19:18,6.500,0.092,0,0,0,0,v
2014-07-17 19:24,6.516,0.077,0,0,0,0,v
2014-07-17 19:30,6.512,0.092,0,0,0,0,v
2014-07-17 19:36,6.510,0.083,0,0,0,0,v
2014-07-17 19:42,6.515,0.097,0,0,0,0,v
2014-07-17 19:48,6.527,0.102,0,0,0,0,v
2014-07-17 19:54,6.528,0.079,0,0,0,0,v
2014-07-17 20:00,6.524,0.088,0,0,0,0,v
2014-07-17 20:06,6.520,0.105,0,0,0,0,v
2014-07-17 20:12,6.502,0.107,0,0,0,0,v
2014-07-17 20:18,6.502,0.085,0,0,0,0,v
2014-07-17 20:24,6.527,0.089,0,0,0,0,v
2014-07-17 20:30,6.521,0.116,0,0,0,0,v
2014-07-17 20:36,6.504,0.095,0,0,0,0,v
2014-07-17 20:42,6.485,0.096,0,0,0,0,v
2014-07-17 20:48,6.490,0.086,0,0,0,0,v
2014-07-17 20:54,6.502,0.087,0,0,0,0,v
2014-07-17 21:00,6.502,0.100,0,0,0,0,v
2014-07-17 21:06,6.510,0.100,0,0,0,0,v
2014-07-17 21:12,6.508,0.109,0,0,0,0,v
2014-07-17 21:18,6.518,0.103,0,0,0,0,v
2014-07-17 21:24,6.529,0.103,0,0,0,0,v
2014-07-17 21:30,6.535,0.097,0,0,0,0,v
2014-07-17 21:36,6.551,0.106,0,0,0,0,v
2014-07-17 21:42,6.542,0.105,0,0,0,0,v
2014-07-17 21:48,6.566,0.111,0,0,0,0,v
2014-07-17 21:54,6.582,0.093,0,0,0,0,v
2014-07-17 22:00,6.569,0.108,0,0,0,0,v
2014-07-17 22:06,6.599,0.111,0,0,0,0,v
2014-07-17 22:12,6.624,0.102,0,0,0,0,v
2014-07-17 22:18,6.627,0.126,0,0,0,0,v
2014-07-17 22:24,6.612,0.133,0,0,0,0,v
2014-07-17 22:30,6.602,0.107,0,0,0,0,v
2014-07-17 22:36,6.618,0.132,0,0,0,0,v
2014-07-17 22:42,6.633,0.101,0,0,0,0,v
2014-07-17 22:48,6.639,0.112,0,0,0,0,v
2014-07-17 22:54,6.652,0.111,0,0,0,0,v
2014-07-17 23:00,6.656,0.120,0,0,0,0,v
2014-07-17 23:06,6.666,0.116,0,0,0,0,v
2014-07-17 23:12,6.669,0.136,0,0,0,0,v
2014-07-17 23:18,6.681,0.118,0,0,0,0,v
2014-07-17 23:24,6.692,0.098,0,0,0,0,v
2014-07-17 23:30,6.677,0.115,0,0,0,0,v
2014-07-17 23:36,6.659,0.124,0,0,0,0,v
2014-07-17 23:42,6.657,0.117,0,0,0,0,v
2014-07-17 23:48,6.663,0.123,0,0,0,0,v
2014-07-17 23:54,6.667,0.109,0,0,0,0,v
2014-07-18 00:00,6.674,0.118,0,0,0,0,v
2014-07-18 00:06,6.664,0.125,0,0,0,0,v
2014-07-18 00:12,6.672,0.113,0,0,0,0,v
2014-07-18 00:18,6.663,0.120,0,0,0,0,v
2014-07-18 00:24,6.674,0.105,0,0,0,0,v
2014-07-18 00:30,6.668,0.123,0,0,0,0,v
2014-07-18 00:36,6.660,0.121,0,0,0,0,v
2014-07-18 00:42,6.663,0.100,0,0,0,0,v
2014-07-18 00:48,6.645,0.109,0,0,0,0,v
2014-07-18 00:54,6.654,0.108,0,0,0,0,v
2014-07-18 01:00,6.661,0.109,0,0,0,0,v
2014-07-18 01:06,6.671,0.107,0,0,0,0,v
2014-07-18 01:12,6.637,0.101,0,0,0,0,v
2014-07-18 01:18,6.656,0.093,0,0,0,0,v
2014-07-18 01:24,6.643,0.102,0,0,0,0,v
2014-07-18 01:30,6.617,0.122,0,0,0,0,v
2014-07-18 01:36,6.639,0.103,0,0,0,0,v
2014-07-18 01:42,6.618,0.094,0,0,0,0,v
2014-07-18 01:48,6.626,0.096,0,0,0,0,v
2014-07-18 01:54,6.633,0.083,0,0,0,0,v
2014-07-18 02:00,6.657,0.106,0,0,0,0,v
2014-07-18 02:06,6.657,0.083,0,0,0,0,v
2014-07-18 02:12,6.663,0.098,0,0,0,0,v
2014-07-18 02:18,6.657,0.107,0,0,0,0,v
2014-07-18 02:24,6.657,0.084,0,0,0,0,v
2014-07-18 02:30,6.670,0.088,0,0,0,0,v
2014-07-18 02:36,6.672,0.097,0,0,0,0,v
2014-07-18 02:42,6.680,0.084,0,0,0,0,v
2014-07-18 02:48,6.671,0.108,0,0,0,0,v
2014-07-18 02:54,6.666,0.091,0,0,0,0,v
2014-07-18 03:00,6.669,0.107,0,0,0,0,v
2014-07-18 03:06,6.647,0.098,0,0,0,0,v
2014-07-18 03:12,6.649,0.104,0,0,0,0,v
2014-07-18 03:18,6.660,0.093,0,0,0,0,v
2014-07-18 03:24,6.656,0.086,0,0,0,0,v
2014-07-18 03:30,6.648,0.092,0,0,0,0,v
2014-07-18 03:36,6.624,0.107,0,0,0,0,v
2014-07-18 03:42,6.650,0.091,0,0,0,0,v
2014-07-18 03:48,6.646,0.095,0,0,0,0,v
2014-07-18 03:54,6.639,0.107,0,0,0,0,v
2014-07-18 04:00,6.634,0.098,0,0,0,0,v
2014-07-18 04:06,6.604,0.112,0,0,0,0,v
2014-07-18 04:12,6.623,0.101,0,0,0,0,v
2014-07-18 04:18,6.632,0.107,0,0,0,0,v
2014-07-18 04:24,6.637,0.090,0,0,0,0,v
2014-07-18 04:30,6.635,0.107,0,0,0,0,v
2014-07-18 04:36,6.637,0.115,0,0,0,0,v
2014-07-18 04:42,6.609,0.103,0,0,0,0,v
2014-07-18 04:48,6.611,0.121,0,0,0,0,v
2014-07-18 04:54,6.582,0.098,0,0,0,0,v
2014-07-18 05:00,6.607,0.094,0,0,0,0,v
2014-07-18 05:06,6.626,0.116,0,0,0,0,v
2014-07-18 05:12,6.636,0.103,0,0,0,0,v
2014-07-18 05:18,6.625,0.100,0,0,0,0,v
2014-07-18 05:24,6.585,0.111,0,0,0,0,v
2014-07-18 05:30,6.583,0.090,0,0,0,0,v
2014-07-18 05:36,6.595,0.113,0,0,0,0,v
2014-07-18 05:42,6.630,0.102,0,0,0,0,v
2014-07-18 05:48,6.606,0.117,0,0,0,0,v
2014-07-18 05:54,6.603,0.102,0,0,0,0,v
2014-07-18 06:00,6.616,0.109,0,0,0,0,v
2014-07-18 06:06,6.625,0.111,0,0,0,0,v
2014-07-18 06:12,6.621,0.104,0,0,0,0,v
2014-07-18 06:18,6.647,0.097,0,0,0,0,v
2014-07-18 06:24,6.652,0.110,0,0,0,0,v
2014-07-18 06:30,6.642,0.093,0,0,0,0,v
2014-07-18 06:36,6.623,0.107,0,0,0,0,v
2014-07-18 06:42,6.622,0.096,0,0,0,0,v
2014-07-18 06:48,6.622,0.094,0,0,0,0,v
2014-07-18 06:54,6.623,0.094,0,0,0,0,v
2014-07-18 07:00,6.627,0.107,0,0,0,0,v
2014-07-18 07:06,6.611,0.097,0,0,0,0,v
2014-07-18 07:12,6.608,0.099,0,0,0,0,v
2014-07-18 07:18,6.589,0.103,0,0,0,0,v
2014-07-18 07:24,6.589,0.094,0,0,0,0,v
2014-07-18 07:30,6.586,0.112,0,0,0,0,v
2014-07-18 07:36,6.573,0.101,0,0,0,0,v
2014-07-18 07:42,6.578,0.103,0,0,0,0,v
2014-07-18 07:48,6.584,0.114,0,0,0,0,v
2014-07-18 07:54,6.567,0.101,0,0,0,0,v
2014-07-18 08:00,6.572,0.082,0,0,0,0,v
2014-07-18 08:06,6.566,0.105,0,0,0,0,v
2014-07-18 08:12,6.556,0.103,0,0,0,0,v
2014-07-18 08:18,6.561,0.103,0,0,0,0,v
2014-07-18 08:24,6.574,0.102,0,0,0,0,v
2014-07-18 08:30,6.558,0.108,0,0,0,0,v
2014-07-18 08:36,6.544,0.097,0,0,0,0,v
2014-07-18 08:42,6.567,0.086,0,0,0,0,v
2014-07-18 08:48,6.581,0.098,0,0,0,0,v
2014-07-18 08:54,6.594,0.108,0,0,0,0,v
2014-07-18 09:00,6.596,0.099,0,0,0,0,v
2014-07-18 09:06,6.576,0.092,0,0,0,0,v
2014-07-18 09:12,6.560,0.109,0,0,0,0,v
2014-07-18 09:18,6.612,0.096,0,0,0,0,v
2014-07-18 09:24,6.685,0.105,0,0,0,0,v
2014-07-18 09:30,6.643,0.106,0,0,0,0,v
2014-07-18 09:36,6.636,0.114,0,0,0,0,v
2014-07-18 09:42,6.639,0.105,0,0,0,0,v
2014-07-18 09:48,6.648,0.095,0,0,0,0,v
2014-07-18 09:54,6.640,0.099,0,0,0,0,v
2014-07-18 10:00,6.691,0.098,0,0,0,0,v
2014-07-18 10:06,6.682,0.085,0,0,0,0,v
2014-07-18 10:12,6.658,0.098,0,0,0,0,v
2014-07-18 10:18,6.642,0.109,0,0,0,0,v
2014-07-18 10:24,6.647,0.095,0,0,0,0,v
2014-07-18 10:30,6.652,0.112,0,0,0,0,v
2014-07-18 10:36,6.667,0.082,0,0,0,0,v
2014-07-18 10:42,6.675,0.095,0,0,0,0,v
2014-07-18 10:48,6.683,0.112,0,0,0,0,v
2014-07-18 10:54,6.679,0.110,0,0,0,0,v
2014-07-18 11:00,6.671,0.114,0,0,0,0,v
2014-07-18 11:06,6.678,0.093,0,0,0,0,v
2014-07-18 11:12,6.702,0.089,0,0,0,0,v
2014-07-18 11:18,6.674,0.103,0,0,0,0,v
2014-07-18 11:24,6.672,0.093,0,0,0,0,v
2014-07-18 11:30,6.665,0.124,0,0,0,0,v
2014-07-18 11:36,6.675,0.103,0,0,0,0,v
2014-07-18 11:42,6.694,0.086,0,0,0,0,v
2014-07-18 11:48,6.690,0.117,0,0,0,0,v
2014-07-18 11:54,6.682,0.095,0,0,0,0,v
2014-07-18 12:00,6.679,0.102,0,0,0,0,v
2014-07-18 12:06,6.680,0.101,0,0,0,0,v
2014-07-18 12:12,6.688,0.105,0,0,0,0,v
2014-07-18 12:18,6.696,0.101,0,0,0,0,v
2014-07-18 12:24,6.700,0.104,0,0,0,0,v
2014-07-18 12:30,6.711,0.125,0,0,0,0,v
2014-07-18 12:36,6.706,0.116,0,0,0,0,v
2014-07-18 12:42,6.693,0.072,0,0,0,0,v
2014-07-18 12:48,6.693,0.103,0,0,0,0,v
2014-07-18 12:54,6.675,0.099,0,0,0,0,v
2014-07-18 13:00,6.681,0.099,0,0,0,0,v
2014-07-18 13:06,6.656,0.108,0,0,0,0,v
2014-07-18 13:12,6.670,0.090,0,0,0,0,v
2014-07-18 13:18,6.681,0.115,0,0,0,0,v
2014-07-18 13:24,6.674,0.117,0,0,0,0,v
2014-07-18 13:30,6.671,0.103,0,0,0,0,v
2014-07-18 13:36,6.676,0.106,0,0,0,0,v
2014-07-18 13:42,6.686,0.111,0,0,0,0,v
2014-07-18 13:48,6.687,0.111,0,0,0,0,v
2014-07-18 13:54,6.665,0.094,0,0,0,0,v
2014-07-18 14:00,6.659,0.108,0,0,0,0,v
2014-07-18 14:06,6.637,0.105,0,0,0,0,v
2014-07-18 14:12,6.656,0.101,0,0,0,0,v
2014-07-18 14:18,6.662,0.119,0,0,0,0,v
2014-07-18 14:24,6.666,0.126,0,0,0,0,v
2014-07-18 14:30,6.658,0.102,0,0,0,0,v
2014-07-18 14:36,6.657,0.107,0,0,0,0,v
2014-07-18 14:42,6.657,0.114,0,0,0,0,v
2014-07-18 14:48,6.663,0.128,0,0,0,0,v
2014-07-18 14:54,6.638,0.138,0,0,0,0,v
2014-07-18 15:00,6.628,0.109,0,0,0,0,v
2014-07-18 15:06,6.608,0.105,0,0,0,0,v
2014-07-18 15:12,6.605,0.111,0,0,0,0,v
2014-07-18 15:18,6.600,0.104,0,0,0,0,v
2014-07-18 15:24,6.633,0.113,0,0,0,0,v
2014-07-18 15:30,6.618,0.129,0,0,0,0,v
2014-07-18 15:36,6.607,0.114,0,0,0,0,v
2014-07-18 15:42,6.584,0.107,0,0,0,0,v
2014-07-18 15:48,6.548,0.131,0,0,0,0,v
2014-07-18 15:54,6.547,0.108,0,0,0,0,v
2014-07-18 16:00,6.540,0.120,0,0,0,0,v
2014-07-18 16:06,6.557,0.106,0,0,0,0,v
2014-07-18 16:12,6.527,0.135,0,0,0,0,v
2014-07-18 16:18,6.521,0.113,0,0,0,0,v
2014-07-18 16:24,6.528,0.120,0,0,0,0,v
2014-07-18 16:30,6.562,0.122,0,0,0,0,v
2014-07-18 16:36,6.566,0.117,0,0,0,0,v
2014-07-18 16:42,6.522,0.135,0,0,0,0,v
2014-07-18 16:48,6.499,0.140,0,0,0,0,v
2014-07-18 16:54,6.528,0.125,0,0,0,0,v
2014-07-18 17:00,6.521,0.117,0,0,0,0,v
2014-07-18 17:06,6.493,0.124,0,0,0,0,v
2014-07-18 17:12,6.486,0.133,0,0,0,0,v
2014-07-18 17:18,6.477,0.107,0,0,0,0,v
2014-07-18 17:24,6.493,0.103,0,0,0,0,v
2014-07-18 17:30,6.530,0.136,0,0,0,0,v
2014-07-18 17:36,6.507,0.139,0,0,0,0,v
2014-07-18 17:42,6.486,0.147,0,0,0,0,v
2014-07-18 17:48,6.482,0.124,0,0,0,0,v
2014-07-18 17:54,6.476,0.134,0,0,0,0,v
2014-07-18 18:00,6.485,0.167,0,0,0,0,v
2014-07-18 18:06,6.492,0.123,0,0,0,0,v
2014-07-18 18:12,6.451,0.159,0,0,0,0,v
2014-07-18 18:18,6.427,0.124,0,0,0,0,v
2014-07-18 18:24,6.422,0.141,0,0,0,0,v
2014-07-18 18:30,6.408,0.125,0,0,0,0,v
2014-07-18 18:36,6.431,0.105,0,0,0,0,v
2014-07-18 18:42,6.415,0.108,0,0,0,0,v
2014-07-18 18:48,6.447,0.101,0,0,0,0,v
2014-07-18 18:54,6.447,0.157,0,0,0,0,v
2014-07-18 19:00,6.400,0.139,0,0,0,0,v
2014-07-18 19:06,6.357,0.163,0,0,0,0,v
2014-07-18 19:12,6.368,0.149,0,0,0,0,v
2014-07-18 19:18,6.361,0.133,0,0,0,0,v
2014-07-18 19:24,6.358,0.157,0,0,0,0,v
2014-07-18 19:30,6.331,0.161,0,0,0,0,v
2014-07-18 19:36,6.377,0.150,0,0,0,0,v
2014-07-18 19:42,6.372,0.112,0,0,0,0,v
2014-07-18 19:48,6.368,0.168,0,0,0,0,v
2014-07-18 19:54,6.369,0.125,0,0,0,0,v
2014-07-18 20:00,6.353,0.151,0,0,0,0,v
2014-07-18 20:06,6.305,0.133,0,0,0,0,v
2014-07-18 20:12,6.326,0.142,0,0,0,0,v
2014-07-18 20:18,6.301,0.112,0,0,0,0,v
2014-07-18 20:24,6.265,0.113,0,0,0,0,v
2014-07-18 20:30,6.258,0.110,0,0,0,0,v
2014-07-18 20:36,6.236,0.115,0,0,0,0,v
2014-07-18 20:42,6.312,0.101,0,0,0,0,v
2014-07-18 20:48,6.277,0.123,0,0,0,0,v
2014-07-18 20:54,6.240,0.115,0,0,0,0,v
2014-07-18 21:00,6.227,0.117,0,0,0,0,v
2014-07-18 21:06,6.290,0.101,0,0,0,0,v
2014-07-18 21:12,6.321,0.109,0,0,0,0,v
2014-07-18 21:18,6.321,0.113,0,0,0,0,v
2014-07-18 21:24,6.380,0.095,0,0,0,0,v
2014-07-18 21:30,6.366,0.091,0,0,0,0,v
2014-07-18 21:36,6.350,0.108,0,0,0,0,v
2014-07-18 21:42,6.340,0.102,0,0,0,0,v
2014-07-18 21:48,6.328,0.107,0,0,0,0,v
2014-07-18 21:54,6.311,0.102,0,0,0,0,v
2014-07-18 22:00,6.316,0.113,0,0,0,0,v
2014-07-18 22:06,6.283,0.140,0,0,0,0,v
2014-07-18 22:12,6.311,0.108,0,0,0,0,v
2014-07-18 22:18,6.320,0.114,0,0,0,0,v
2014-07-18 22:24,6.349,0.102,0,0,0,0,v
2014-07-18 22:30,6.364,0.107,0,0,0,0,v
2014-07-18 22:36,6.408,0.091,0,0,0,0,v
2014-07-18 22:42,6.384,0.116,0,0,0,0,v
2014-07-18 22:48,6.441,0.102,0,0,0,0,v
2014-07-18 22:54,6.457,0.109,0,0,0,0,v
2014-07-18 23:00,6.454,0.095,0,0,0,0,v
2014-07-18 23:06,6.354,0.111,0,0,0,0,v
2014-07-18 23:12,6.306,0.110,0,0,0,0,v
2014-07-18 23:18,6.301,0.102,0,0,0,0,v
2014-07-18 23:24,6.356,0.118,0,0,0,0,v
2014-07-18 23:30,6.403,0.099,0,0,0,0,v
2014-07-18 23:36,6.407,0.097,0,0,0,0,v
2014-07-18 23:42,6.399,0.109,0,0,0,0,v
2014-07-18 23:48,6.395,0.108,0,0,0,0,v
2014-07-18 23:54,6.426,0.105,0,0,0,0,v
2014-07-19 00:00,6.436,0.101,0,0,0,0,v
2014-07-19 00:06,6.402,0.109,0,0,0,0,v
2014-07-19 00:12,6.424,0.109,0,0,0,0,v
2014-07-19 00:18,6.426,0.108,0,0,0,0,v
2014-07-19 00:24,6.404,0.113,0,0,0,0,v
2014-07-19 00:30,6.421,0.116,0,0,0,0,v
2014-07-19 00:36,6.426,0.115,0,0,0,0,v
2014-07-19 00:42,6.422,0.116,0,0,0,0,v
2014-07-19 00:48,6.429,0.111,0,0,0,0,v
2014-07-19 00:54,6.472,0.092,0,0,0,0,v
2014-07-19 01:00,6.468,0.111,0,0,0,0,v
2014-07-19 01:06,6.480,0.108,0,0,0,0,v
2014-07-19 01:12,6.534,0.101,0,0,0,0,v
2014-07-19 01:18,6.543,0.113,0,0,0,0,v
2014-07-19 01:24,6.541,0.107,0,0,0,0,v
2014-07-19 01:30,6.565,0.083,0,0,0,0,v
2014-07-19 01:36,6.510,0.114,0,0,0,0,v
2014-07-19 01:42,6.504,0.095,0,0,0,0,v
2014-07-19 01:48,6.496,0.110,0,0,0,0,v
2014-07-19 01:54,6.501,0.102,0,0,0,0,v
2014-07-19 02:00,6.534,0.092,0,0,0,0,v
2014-07-19 02:06,6.539,0.101,0,0,0,0,v
2014-07-19 02:12,6.565,0.089,0,0,0,0,v
2014-07-19 02:18,6.532,0.106,0,0,0,0,v
2014-07-19 02:24,6.559,0.090,0,0,0,0,v
2014-07-19 02:30,6.547,0.118,0,0,0,0,v
2014-07-19 02:36,6.559,0.105,0,0,0,0,v
2014-07-19 02:42,6.554,0.106,0,0,0,0,v
2014-07-19 02:48,6.581,0.100,0,0,0,0,v
2014-07-19 02:54,6.574,0.090,0,0,0,0,v
2014-07-19 03:00,6.597,0.089,0,0,0,0,v
2014-07-19 03:06,6.571,0.106,0,0,0,0,v
2014-07-19 03:12,6.560,0.097,0,0,0,0,v
2014-07-19 03:18,6.539,0.104,0,0,0,0,v
2014-07-19 03:24,6.525,0.110,0,0,0,0,v
2014-07-19 03:30,6.536,0.103,0,0,0,0,v
2014-07-19 03:36,6.538,0.097,0,0,0,0,v
2014-07-19 03:42,6.555,0.099,0,0,0,0,v
2014-07-19 03:48,6.526,0.123,0,0,0,0,v
2014-07-19 03:54,6.571,0.112,0,0,0,0,v
2014-07-19 04:00,6.558,0.109,0,0,0,0,v
2014-07-19 04:06,6.536,0.100,0,0,0,0,v
2014-07-19 04:12,6.540,0.108,0,0,0,0,v
2014-07-19 04:18,6.550,0.113,0,0,0,0,v
2014-07-19 04:24,6.559,0.104,0,0,0,0,v
2014-07-19 04:30,6.558,0.104,0,0,0,0,v
2014-07-19 04:36,6.539,0.107,0,0,0,0,v
2014-07-19 04:42,6.543,0.106,0,0,0,0,v
2014-07-19 04:48,6.563,0.082,0,0,0,0,v
2014-07-19 04:54,6.570,0.088,0,0,0,0,v
2014-07-19 05:00,6.534,0.102,0,0,0,0,v
2014-07-19 05:06,6.509,0.117,0,0,0,0,v
2014-07-19 05:12,6.556,0.097,0,0,0,0,v
2014-07-19 05:18,6.560,0.100,0,0,0,0,v
2014-07-19 05:24,6.607,0.072,0,0,0,0,v
2014-07-19 05:30,6.556,0.095,0,0,0,0,v
2014-07-19 05:36,6.533,0.110,0,0,0,0,v
2014-07-19 05:42,6.571,0.093,0,0,0,0,v
2014-07-19 05:48,6.575,0.088,0,0,0,0,v
2014-07-19 05:54,6.585,0.089,0,0,0,0,v
2014-07-19 06:00,6.548,0.114,0,0,0,0,v
2014-07-19 06:06,6.561,0.115,0,0,0,0,v
2014-07-19 06:12,6.584,0.103,0,0,0,0,v
2014-07-19 06:18,6.578,0.105,0,0,0,0,v
2014-07-19 06:24,6.597,0.084,0,0,0,0,v
2014-07-19 06:30,6.566,0.095,0,0,0,0,v
2014-07-19 06:36,6.519,0.105,0,0,0,0,v
2014-07-19 06:42,6.562,0.087,0,0,0,0,v
2014-07-19 06:48,6.552,0.111,0,0,0,0,v
2014-07-19 06:54,6.564,0.084,0,0,0,0,v
2014-07-19 07:00,6.573,0.089,0,0,0,0,v
2014-07-19 07:06,6.564,0.084,0,0,0,0,v
2014-07-19 07:12,6.526,0.079,0,0,0,0,v
2014-07-19 07:18,6.497,0.109,0,0,0,0,v
2014-07-19 07:24,6.499,0.097,0,0,0,0,v
2014-07-19 07:30,6.475,0.119,0,0,0,0,v
2014-07-19 07:36,6.548,0.097,0,0,0,0,v
2014-07-19 07:42,6.549,0.084,0,0,0,0,v
2014-07-19 07:48,6.548,0.100,0,0,0,0,v
2014-07-19 07:54,6.543,0.089,0,0,0,0,v
2014-07-19 08:00,6.563,0.082,0,0,0,0,v
2014-07-19 08:06,6.544,0.099,0,0,0,0,v
2014-07-19 08:12,6.538,0.087,0,0,0,0,v
2014-07-19 08:18,6.508,0.096,0,0,0,0,v
2014-07-19 08:24,6.451,0.103,0,0,0,0,v
2014-07-19 08:30,6.471,0.097,0,0,0,0,v
2014-07-19 08:36,6.497,0.090,0,0,0,0,v
2014-07-19 08:42,6.513,0.085,0,0,0,0,v
2014-07-19 08:48,6.527,0.078,0,0,0,0,v
2014-07-19 08:54,6.515,0.096,0,0,0,0,v
2014-07-19 09:00,6.499,0.078,0,0,0,0,v
2014-07-19 09:06,6.491,0.093,0,0,0,0,v
2014-07-19 09:12,6.505,0.079,0,0,0,0,v
2014-07-19 09:18,6.535,0.080,0,0,0,0,v
2014-07-19 09:24,6.562,0.090,0,0,0,0,v
2014-07-19 09:30,6.548,0.083,0,0,0,0,v
2014-07-19 09:36,6.547,0.078,0,0,0,0,v
2014-07-19 09:42,6.544,0.079,0,0,0,0,v
2014-07-19 09:48,6.540,0.079,0,0,0,0,v
2014-07-19 09:54,6.540,0.094,0,0,0,0,v
2014-07-19 10:00,6.528,0.085,0,0,0,0,v
2014-07-19 10:06,6.538,0.074,0,0,0,0,v
2014-07-19 10:12,6.543,0.077,0,0,0,0,v
2014-07-19 10:18,6.559,0.083,0,0,0,0,v
2014-07-19 10:24,6.553,0.083,0,0,0,0,v
2014-07-19 10:30,6.522,0.099,0,0,0,0,v
2014-07-19 10:36,6.533,0.091,0,0,0,0,v
2014-07-19 10:42,6.519,0.085,0,0,0,0,v
2014-07-19 10:48,6.500,0.095,0,0,0,0,v
2014-07-19 10:54,6.517,0.095,0,0,0,0,v
2014-07-19 11:00,6.539,0.074,0,0,0,0,v
2014-07-19 11:06,6.539,0.081,0,0,0,0,v
2014-07-19 11:12,6.528,0.084,0,0,0,0,v
2014-07-19 11:18,6.545,0.076,0,0,0,0,v
2014-07-19 11:24,6.535,0.075,0,0,0,0,v
2014-07-19 11:30,6.548,0.080,0,0,0,0,v
2014-07-19 11:36,6.558,0.083,0,0,0,0,v
2014-07-19 11:42,6.545,0.080,0,0,0,0,v
2014-07-19 11:48,6.542,0.079,0,0,0,0,v
2014-07-19 11:54,6.549,0.082,0,0,0,0,v
2014-07-19 12:00,6.556,0.084,0,0,0,0,v
2014-07-19 12:06,6.598,0.078,0,0,0,0,v
2014-07-19 12:12,6.569,0.082,0,0,0,0,v
2014-07-19 12:18,6.563,0.084,0,0,0,0,v
2014-07-19 12:24,6.566,0.064,0,0,0,0,v
2014-07-19 12:30,6.554,0.072,0,0,0,0,v
2014-07-19 12:36,6.557,0.083,0,0,0,0,v
2014-07-19 12:42,6.575,0.082,0,0,0,0,v
2014-07-19 12:48,6.525,0.080,0,0,0,0,v
2014-07-19 12:54,6.527,0.075,0,0,0,0,v
2014-07-19 13:00,6.578,0.083,0,0,0,0,v
2014-07-19 13:06,6.586,0.085,0,0,0,0,v
2014-07-19 13:12,6.567,0.077,0,0,0,0,v
2014-07-19 13:18,6.546,0.068,0,0,0,0,v
2014-07-19 13:24,6.547,0.078,0,0,0,0,v
2014-07-19 13:30,6.545,0.091,0,0,0,0,v
2014-07-19 13:36,6.562,0.088,0,0,0,0,v
2014-07-19 13:42,6.550,0.089,0,0,0,0,v
2014-07-19 13:48,6.568,0.074,0,0,0,0,v
2014-07-19 13:54,6.601,0.072,0,0,0,0,v
2014-07-19 14:00,6.559,0.094,0,0,0,0,v
2014-07-19 14:06,6.595,0.081,0,0,0,0,v
2014-07-19 14:12,6.622,0.079,0,0,0,0,v
2014-07-19 14:18,6.601,0.082,0,0,0,0,v
2014-07-19 14:24,6.586,0.075,0,0,0,0,v
2014-07-19 14:30,6.594,0.074,0,0,0,0,v
2014-07-19 14:36,6.551,0.079,0,0,0,0,v
2014-07-19 14:42,6.572,0.083,0,0,0,0,v
2014-07-19 14:48,6.572,0.081,0,0,0,0,v
2014-07-19 14:54,6.565,0.072,0,0,0,0,v
2014-07-19 15:00,6.549,0.091,0,0,0,0,v
2014-07-19 15:06,6.585,0.076,0,0,0,0,v
2014-07-19 15:12,6.544,0.083,0,0,0,0,v
2014-07-19 15:18,6.550,0.083,0,0,0,0,v
2014-07-19 15:24,6.542,0.071,0,0,0,0,v
2014-07-19 15:30,6.532,0.073,0,0,0,0,v
2014-07-19 15:36,6.546,0.087,0,0,0,0,v
2014-07-19 15:42,6.575,0.078,0,0,0,0,v
2014-07-19 15:48,6.554,0.087,0,0,0,0,v
2014-07-19 15:54,6.521,0.083,0,0,0,0,v
2014-07-19 16:00,6.523,0.080,0,0,0,0,v
2014-07-19 16:06,6.538,0.081,0,0,0,0,v
2014-07-19 16:12,6.506,0.094,0,0,0,0,v
2014-07-19 16:18,6.495,0.090,0,0,0,0,v
2014-07-19 16:24,6.454,0.084,0,0,0,0,v
2014-07-19 16:30,6.444,0.089,0,0,0,0,v
2014-07-19 16:36,6.443,0.088,0,0,0,0,v
2014-07-19 16:42,6.483,0.077,0,0,0,0,v
2014-07-19 16:48,6.454,0.091,0,0,0,0,v
2014-07-19 16:54,6.453,0.099,0,0,0,0,v
2014-07-19 17:00,6.487,0.083,0,0,0,0,v
2014-07-19 17:06,6.468,0.086,0,0,0,0,v
2014-07-19 17:12,6.449,0.082,0,0,0,0,v
2014-07-19 17:18,6.447,0.086,0,0,0,0,v
2014-07-19 17:24,6.454,0.088,0,0,0,0,v
2014-07-19 17:30,6.426,0.100,0,0,0,0,v
2014-07-19 17:36,6.442,0.077,0,0,0,0,v
2014-07-19 17:42,6.415,0.087,0,0,0,0,v
2014-07-19 17:48,6.385,0.085,0,0,0,0,v
2014-07-19 17:54,6.369,0.102,0,0,0,0,v
2014-07-19 18:00,6.339,0.093,0,0,0,0,v
2014-07-19 18:06,6.338,0.099,0,0,0,0,v
2014-07-19 18:12,6.375,0.088,0,0,0,0,v
2014-07-19 18:18,6.372,0.096,0,0,0,0,v
2014-07-19 18:24,6.394,0.094,0,0,0,0,v
2014-07-19 18:30,6.388,0.081,0,0,0,0,v
2014-07-19 18:36,6.346,0.103,0,0,0,0,v
2014-07-19 18:42,6.371,0.094,0,0,0,0,v
2014-07-19 18:48,6.382,0.084,0,0,0,0,v
2014-07-19 18:54,6.373,0.086,0,0,0,0,v
2014-07-19 19:00,6.370,0.086,0,0,0,0,v
2014-07-19 19:06,6.340,0.097,0,0,0,0,v
2014-07-19 19:12,6.316,0.090,0,0,0,0,v
2014-07-19 19:18,6.347,0.091,0,0,0,0,v
2014-07-19 19:24,6.370,0.085,0,0,0,0,v
2014-07-19 19:30,6.374,0.083,0,0,0,0,v
2014-07-19 19:36,6.389,0.075,0,0,0,0,v
2014-07-19 19:42,6.366,0.082,0,0,0,0,v
2014-07-19 19:48,6.312,0.086,0,0,0,0,v
2014-07-19 19:54,6.283,0.078,0,0,0,0,v
2014-07-19 20:00,6.265,0.102,0,0,0,0,v
2014-07-19 20:06,6.284,0.078,0,0,0,0,v
2014-07-19 20:12,6.240,0.111,0,0,0,0,v
2014-07-19 20:18,6.269,0.105,0,0,0,0,v
2014-07-19 20:24,6.297,0.088,0,0,0,0,v
2014-07-19 20:30,6.287,0.085,0,0,0,0,v
2014-07-19 20:36,6.260,0.094,0,0,0,0,v
2014-07-19 20:42,6.242,0.102,0,0,0,0,v
2014-07-19 20:48,6.251,0.104,0,0,0,0,v
2014-07-19 20:54,6.270,0.096,0,0,0,0,v
2014-07-19 21:00,6.266,0.089,0,0,0,0,v
2014-07-19 21:06,6.240,0.110,0,0,0,0,v
2014-07-19 21:12,6.257,0.080,0,0,0,0,v
2014-07-19 21:18,6.245,0.100,0,0,0,0,v
2014-07-19 21:24,6.255,0.094,0,0,0,0,v
2014-07-19 21:30,6.230,0.107,0,0,0,0,v
2014-07-19 21:36,6.256,0.094,0,0,0,0,v
2014-07-19 21:42,6.285,0.086,0,0,0,0,v
2014-07-19 21:48,6.281,0.098,0,0,0,0,v
2014-07-19 21:54,6.247,0.098,0,0,0,0,v
2014-07-19 22:00,6.305,0.100,0,0,0,0,v
2014-07-19 22:06,6.340,0.090,0,0,0,0,v
2014-07-19 22:12,6.370,0.085,0,0,0,0,v
2014-07-19 22:18,6.339,0.084,0,0,0,0,v
2014-07-19 22:24,6.311,0.102,0,0,0,0,v
2014-07-19 22:30,6.327,0.094,0,0,0,0,v
2014-07-19 22:36,6.312,0.107,0,0,0,0,v
2014-07-19 22:42,6.350,0.097,0,0,0,0,v
2014-07-19 22:48,6.357,0.098,0,0,0,0,v
2014-07-19 22:54,6.323,0.094,0,0,0,0,v
2014-07-19 23:00,6.314,0.096,0,0,0,0,v
2014-07-19 23:06,6.337,0.101,0,0,0,0,v
2014-07-19 23:12,6.323,0.095,0,0,0,0,v
2014-07-19 23:18,6.372,0.082,0,0,0,0,v
2014-07-19 23:24,6.328,0.105,0,0,0,0,v
2014-07-19 23:30,6.326,0.102,0,0,0,0,v
2014-07-19 23:36,6.349,0.099,0,0,0,0,v
2014-07-19 23:42,6.347,0.101,0,0,0,0,v
2014-07-19 23:48,6.359,0.091,0,0,0,0,v
2014-07-19 23:54,6.386,0.103,0,0,0,0,v
2014-07-20 00:00,6.418,0.097,0,0,0,0,v
2014-07-20 00:06,6.407,0.096,0,0,0,0,v
2014-07-20 00:12,6.437,0.097,0,0,0,0,v
2014-07-20 00:18,6.404,0.103,0,0,0,0,v
2014-07-20 00:24,6.394,0.095,0,0,0,0,v
2014-07-20 00:30,6.388,0.096,0,0,0,0,v
2014-07-20 00:36,6.451,0.090,0,0,0,0,v
2014-07-20 00:42,6.474,0.098,0,0,0,0,v
2014-07-20 00:48,6.449,0.100,0,0,0,0,v
2014-07-20 00:54,6.474,0.097,0,0,0,0,v
2014-07-20 01:00,6.474,0.100,0,0,0,0,v
2014-07-20 01:06,6.482,0.098,0,0,0,0,v
2014-07-20 01:12,6.483,0.105,0,0,0,0,v
2014-07-20 01:18,6.471,0.094,0,0,0,0,v
2014-07-20 01:24,6.463,0.101,0,0,0,0,v
2014-07-20 01:30,6.461,0.107,0,0,0,0,v
2014-07-20 01:36,6.504,0.097,0,0,0,0,v
2014-07-20 01:42,6.525,0.087,0,0,0,0,v
2014-07-20 01:48,6.536,0.094,0,0,0,0,v
2014-07-20 01:54,6.507,0.123,0,0,0,0,v
2014-07-20 02:00,6.549,0.086,0,0,0,0,v
2014-07-20 02:06,6.525,0.100,0,0,0,0,v
2014-07-20 02:12,6.517,0.090,0,0,0,0,v
2014-07-20 02:18,6.514,0.087,0,0,0,0,v
2014-07-20 02:24,6.551,0.086,0,0,0,0,v
2014-07-20 02:30,6.565,0.101,0,0,0,0,v
2014-07-20 02:36,6.591,0.099,0,0,0,0,v
2014-07-20 02:42,6.596,0.085,0,0,0,0,v
2014-07-20 02:48,6.569,0.103,0,0,0,0,v
2014-07-20 02:54,6.560,0.000,1,0,0,0,v
2014-07-20 03:00,6.552,0.106,0,0,0,0,v
2014-07-20 03:06,6.575,0.089,0,0,0,0,v
2014-07-20 03:12,6.591,0.086,0,0,0,0,v
2014-07-20 03:18,6.544,0.105,0,0,0,0,v
2014-07-20 03:24,6.567,0.109,0,0,0,0,v
2014-07-20 03:30,6.609,0.099,0,0,0,0,v
2014-07-20 03:36,6.611,0.112,0,0,0,0,v
2014-07-20 03:42,6.661,0.071,0,0,0,0,v
2014-07-20 03:48,6.665,0.093,0,0,0,0,v
2014-07-20 03:54,6.688,0.088,0,0,0,0,v
2014-07-20 04:00,6.674,0.094,0,0,0,0,v
2014-07-20 04:06,6.663,0.093,0,0,0,0,v
2014-07-20 04:12,6.661,0.093,0,0,0,0,v
2014-07-20 04:18,6.681,0.084,0,0,0,0,v
2014-07-20 04:24,6.694,0.080,0,0,0,0,v
2014-07-20 04:30,6.644,0.087,0,0,0,0,v
2014-07-20 04:36,6.675,0.078,0,0,0,0,v
2014-07-20 04:42,6.655,0.103,0,0,0,0,v
2014-07-20 04:48,6.671,0.085,0,0,0,0,v
2014-07-20 04:54,6.688,0.086,0,0,0,0,v
2014-07-20 05:00,6.672,0.093,0,0,0,0,v
2014-07-20 05:06,6.696,0.092,0,0,0,0,v
2014-07-20 05:12,6.681,0.085,0,0,0,0,v
2014-07-20 05:18,6.669,0.090,0,0,0,0,v
2014-07-20 05:24,6.717,0.091,0,0,0,0,v
2014-07-20 05:30,6.698,0.086,0,0,0,0,v
2014-07-20 05:36,6.677,0.090,0,0,0,0,v
2014-07-20 05:42,6.678,0.089,0,0,0,0,v
2014-07-20 05:48,6.692,0.084,0,0,0,0,v
2014-07-20 05:54,6.672,0.101,0,0,0,0,v
2014-07-20 06:00,6.694,0.096,0,0,0,0,v
2014-07-20 06:06,6.680,0.083,0,0,0,0,v
2014-07-20 06:12,6.680,0.082,0,0,0,0,v
2014-07-20 06:18,6.649,0.078,0,0,0,0,v
2014-07-20 06:24,6.631,0.082,0,0,0,0,v
2014-07-20 06:30,6.639,0.080,0,0,0,0,v
2014-07-20 06:36,6.640,0.092,0,0,0,0,v
2014-07-20 06:42,6.662,0.086,0,0,0,0,v
2014-07-20 06:48,6.673,0.076,0,0,0,0,v
2014-07-20 06:54,6.656,0.083,0,0,0,0,v
2014-07-20 07:00,6.679,0.079,0,0,0,0,v
2014-07-20 07:06,6.694,0.085,0,0,0,0,v
2014-07-20 07:12,6.686,0.102,0,0,0,0,v
2014-07-20 07:18,6.683,0.076,0,0,0,0,v
2014-07-20 07:24,6.657,0.107,0,0,0,0,v
2014-07-20 07:30,6.705,0.081,0,0,0,0,v
2014-07-20 07:36,6.718,0.082,0,0,0,0,v
2014-07-20 07:42,6.724,0.075,0,0,0,0,v
2014-07-20 07:48,6.725,0.081,0,0,0,0,v
2014-07-20 07:54,6.730,0.069,0,0,0,0,v
2014-07-20 08:00,6.721,0.077,0,0,0,0,v
2014-07-20 08:06,6.687,0.090,0,0,0,0,v
2014-07-20 08:12,6.704,0.088,0,0,0,0,v
2014-07-20 08:18,6.694,0.082,0,0,0,0,v
2014-07-20 08:24,6.699,0.080,0,0,0,0,v
2014-07-20 08:30,6.698,0.083,0,0,0,0,v
2014-07-20 08:36,6.695,0.079,0,0,0,0,v
2014-07-20 08:42,6.699,0.075,0,0,0,0,v
2014-07-20 08:48,6.716,0.082,0,0,0,0,v
2014-07-20 08:54,6.686,0.103,0,0,0,0,v
2014-07-20 09:00,6.700,0.086,0,0,0,0,v
2014-07-20 09:06,6.682,0.079,0,0,0,0,v
2014-07-20 09:12,6.622,0.105,0,0,0,0,v
2014-07-20 09:18,6.632,0.082,0,0,0,0,v
2014-07-20 09:24,6.635,0.095,0,0,0,0,v
2014-07-20 09:30,6.626,0.083,0,0,0,0,v
2014-07-20 09:36,6.629,0.081,0,0,0,0,v
2014-07-20 09:42,6.628,0.083,0,0,0,0,v
2014-07-20 09:48,6.628,0.085,0,0,0,0,v
2014-07-20 09:54,6.633,0.087,0,0,0,0,v
2014-07-20 10:00,6.615,0.094,0,0,0,0,v
2014-07-20 10:06,6.614,0.089,0,0,0,0,v
2014-07-20 10:12,6.646,0.087,0,0,0,0,v
2014-07-20 10:18,6.639,0.090,0,0,0,0,v
2014-07-20 10:24,6.648,0.073,0,0,0,0,v
2014-07-20 10:30,6.614,0.078,0,0,0,0,v
2014-07-20 10:36,6.605,0.090,0,0,0,0,v
2014-07-20 10:42,6.592,0.089,0,0,0,0,v
2014-07-20 10:48,6.599,0.083,0,0,0,0,v
2014-07-20 10:54,6.616,0.081,0,0,0,0,v
2014-07-20 11:00,6.597,0.093,0,0,0,0,v
2014-07-20 11:06,6.629,0.091,0,0,0,0,v
2014-07-20 11:12,6.631,0.085,0,0,0,0,v
2014-07-20 11:18,6.629,0.075,0,0,0,0,v
2014-07-20 11:24,6.630,0.072,0,0,0,0,v
2014-07-20 11:30,6.623,0.101,0,0,0,0,v
2014-07-20 11:36,6.642,0.074,0,0,0,0,v
2014-07-20 11:42,6.606,0.086,0,0,0,0,v
2014-07-20 11:48,6.630,0.076,0,0,0,0,v
2014-07-20 11:54,6.594,0.088,0,0,0,0,v
2014-07-20 12:00,6.600,0.090,0,0,0,0,v
2014-07-20 12:06,6.615,0.082,0,0,0,0,v
2014-07-20 12:12,6.606,0.094,0,0,0,0,v
2014-07-20 12:18,6.626,0.086,0,0,0,0,v
2014-07-20 12:24,6.596,0.096,0,0,0,0,v
2014-07-20 12:30,6.618,0.087,0,0,0,0,v
2014-07-20 12:36,6.623,0.071,0,0,0,0,v
2014-07-20 12:42,6.616,0.075,0,0,0,0,v
2014-07-20 12:48,6.571,0.097,0,0,0,0,v
2014-07-20 12:54,6.588,0.089,0,0,0,0,v
2014-07-20 13:00,6.617,0.088,0,0,0,0,v
2014-07-20 13:06,6.601,0.091,0,0,0,0,v
2014-07-20 13:12,6.637,0.079,0,0,0,0,v
2014-07-20 13:18,6.614,0.088,0,0,0,0,v
2014-07-20 13:24,6.614,0.089,0,0,0,0,v
2014-07-20 13:30,6.638,0.071,0,0,0,0,v
2014-07-20 13:36,6.615,0.077,0,0,0,0,v
2014-07-20 13:42,6.638,0.075,0,0,0,0,v
2014-07-20 13:48,6.609,0.094,0,0,0,0,v
2014-07-20 13:54,6.598,0.086,0,0,0,0,v
2014-07-20 14:00,6.583,0.081,0,0,0,0,v
2014-07-20 14:06,6.610,0.065,0,0,0,0,v
2014-07-20 14:12,6.610,0.076,0,0,0,0,v
2014-07-20 14:18,6.612,0.080,0,0,0,0,v
2014-07-20 14:24,6.613,0.082,0,0,0,0,v
2014-07-20 14:30,6.582,0.083,0,0,0,0,v
2014-07-20 14:36,6.547,0.085,0,0,0,0,v
2014-07-20 14:42,6.559,0.080,0,0,0,0,v
2014-07-20 14:48,6.601,0.074,0,0,0,0,v
2014-07-20 14:54,6.614,0.085,0,0,0,0,v
2014-07-20 15:00,6.590,0.082,0,0,0,0,v
2014-07-20 15:06,6.595,0.077,0,0,0,0,v
2014-07-20 15:12,6.603,0.067,0,0,0,0,v
2014-07-20 15:18,6.600,0.076,0,0,0,0,v
2014-07-20 15:24,6.589,0.079,0,0,0,0,v
2014-07-20 15:30,6.603,0.071,0,0,0,0,v
2014-07-20 15:36,6.628,0.073,0,0,0,0,v
2014-07-20 15:42,6.642,0.071,0,0,0,0,v
2014-07-20 15:48,6.596,0.074,0,0,0,0,v
2014-07-20 15:54,6.574,0.079,0,0,0,0,v
2014-07-20 16:00,6.531,0.075,0,0,0,0,v
2014-07-20 16:06,6.537,0.077,0,0,0,0,v
2014-07-20 16:12,6.549,0.078,0,0,0,0,v
2014-07-20 16:18,6.547,0.076,0,0,0,0,v
2014-07-20 16:24,6.529,0.085,0,0,0,0,v
2014-07-20 16:30,6.573,0.065,0,0,0,0,v
2014-07-20 16:36,6.520,0.074,0,0,0,0,v
2014-07-20 16:42,6.494,0.078,0,0,0,0,v
2014-07-20 16:48,6.510,0.069,0,0,0,0,v
2014-07-20 16:54,6.501,0.078,0,0,0,0,v
2014-07-20 17:00,6.489,0.068,0,0,0,0,v
2014-07-20 17:06,6.469,0.073,0,0,0,0,v
2014-07-20 17:12,6.447,0.076,0,0,0,0,v
2014-07-20 17:18,6.487,0.073,0,0,0,0,v
2014-07-20 17:24,6.464,0.081,0,0,0,0,v
2014-07-20 17:30,6.476,0.084,0,0,0,0,v
2014-07-20 17:36,6.475,0.075,0,0,0,0,v
2014-07-20 17:42,6.450,0.076,0,0,0,0,v
2014-07-20 17:48,6.428,0.075,0,0,0,0,v
2014-07-20 17:54,6.403,0.086,0,0,0,0,v
2014-07-20 18:00,6.425,0.075,0,0,0,0,v
2014-07-20 18:06,6.402,0.086,0,0,0,0,v
2014-07-20 18:12,6.424,0.078,0,0,0,0,v
2014-07-20 18:18,6.418,0.078,0,0,0,0,v
2014-07-20 18:24,6.426,0.072,0,0,0,0,v
2014-07-20 18:30,6.409,0.073,0,0,0,0,v
2014-07-20 18:36,6.388,0.074,0,0,0,0,v
2014-07-20 18:42,6.400,0.078,0,0,0,0,v
2014-07-20 18:48,6.414,0.066,0,0,0,0,v
2014-07-20 18:54,6.393,0.077,0,0,0,0,v
2014-07-20 19:00,6.315,0.086,0,0,0,0,v
2014-07-20 19:06,6.323,0.080,0,0,0,0,v
2014-07-20 19:12,6.330,0.074,0,0,0,0,v
2014-07-20 19:18,6.296,0.088,0,0,0,0,v
2014-07-20 19:24,6.317,0.078,0,0,0,0,v
2014-07-20 19:30,6.325,0.081,0,0,0,0,v
2014-07-20 19:36,6.316,0.076,0,0,0,0,v
2014-07-20 19:42,6.313,0.070,0,0,0,0,v
2014-07-20 19:48,6.310,0.080,0,0,0,0,v
2014-07-20 19:54,6.303,0.077,0,0,0,0,v
2014-07-20 20:00,6.281,0.067,0,0,0,0,v
2014-07-20 20:06,6.306,0.064,0,0,0,0,v
2014-07-20 20:12,6.281,0.081,0,0,0,0,v
2014-07-20 20:18,6.286,0.075,0,0,0,0,v
2014-07-20 20:24,6.273,0.085,0,0,0,0,v
2014-07-20 20:30,6.278,0.071,0,0,0,0,v
2014-07-20 20:36,6.259,0.073,0,0,0,0,v
2014-07-20 20:42,6.267,0.077,0,0,0,0,v
2014-07-20 20:48,6.215,0.085,0,0,0,0,v
2014-07-20 20:54,6.220,0.078,0,0,0,0,v
2014-07-20 21:00,6.191,0.091,0,0,0,0,v
2014-07-20 21:06,6.233,0.075,0,0,0,0,v
2014-07-20 21:12,6.222,0.089,0,0,0,0,v
2014-07-20 21:18,6.240,0.074,0,0,0,0,v
2014-07-20 21:24,6.251,0.065,0,0,0,0,v
2014-07-20 21:30,6.252,0.065,0,0,0,0,v
2014-07-20 21:36,6.241,0.068,0,0,0,0,v
2014-07-20 21:42,6.237,0.074,0,0,0,0,v
2014-07-20 21:48,6.240,0.097,0,0,0,0,v
2014-07-20 21:54,6.235,0.091,0,0,0,0,v
2014-07-20 22:00,6.238,0.090,0,0,0,0,v
2014-07-20 22:06,6.226,0.091,0,0,0,0,v
2014-07-20 22:12,6.242,0.084,0,0,0,0,v
2014-07-20 22:18,6.245,0.080,0,0,0,0,v
2014-07-20 22:24,6.270,0.085,0,0,0,0,v
2014-07-20 22:30,6.293,0.086,0,0,0,0,v
2014-07-20 22:36,6.288,0.070,0,0,0,0,v
2014-07-20 22:42,6.237,0.087,0,0,0,0,v
2014-07-20 22:48,6.255,0.074,0,0,0,0,v
2014-07-20 22:54,6.252,0.081,0,0,0,0,v
2014-07-20 23:00,6.263,0.091,0,0,0,0,v
2014-07-20 23:06,6.279,0.081,0,0,0,0,v
2014-07-20 23:12,6.249,0.084,0,0,0,0,v
2014-07-20 23:18,6.246,0.082,0,0,0,0,v
2014-07-20 23:24,6.277,0.080,0,0,0,0,v
2014-07-20 23:30,6.281,0.082,0,0,0,0,v
2014-07-20 23:36,6.270,0.070,0,0,0,0,v
2014-07-20 23:42,6.261,0.077,0,0,0,0,v
2014-07-20 23:48,6.227,0.084,0,0,0,0,v
2014-07-20 23:54,6.236,0.081,0,0,0,0,v
2014-07-21 00:00,6.262,0.084,0,0,0,0,v
2014-07-21 00:06,6.248,0.087,0,0,0,0,v
2014-07-21 00:12,6.254,0.092,0,0,0,0,v
2014-07-21 00:18,6.257,0.086,0,0,0,0,v
2014-07-21 00:24,6.267,0.076,0,0,0,0,v
2014-07-21 00:30,6.247,0.086,0,0,0,0,v
2014-07-21 00:36,6.296,0.074,0,0,0,0,v
2014-07-21 00:42,6.285,0.090,0,0,0,0,v
2014-07-21 00:48,6.295,0.090,0,0,0,0,v
2014-07-21 00:54,6.316,0.083,0,0,0,0,v
2014-07-21 01:00,6.320,0.082,0,0,0,0,v
2014-07-21 01:06,6.312,0.084,0,0,0,0,v
2014-07-21 01:12,6.301,0.081,0,0,0,0,v
2014-07-21 01:18,6.299,0.094,0,0,0,0,v
2014-07-21 01:24,6.350,0.078,0,0,0,0,v
2014-07-21 01:30,6.316,0.084,0,0,0,0,v
2014-07-21 01:36,6.355,0.084,0,0,0,0,v
2014-07-21 01:42,6.390,0.080,0,0,0,0,v
2014-07-21 01:48,6.379,0.092,0,0,0,0,v
2014-07-21 01:54,6.406,0.081,0,0,0,0,v
2014-07-21 02:00,6.405,0.099,0,0,0,0,v
2014-07-21 02:06,6.429,0.094,0,0,0,0,v
2014-07-21 02:12,6.430,0.086,0,0,0,0,v
2014-07-21 02:18,6.442,0.078,0,0,0,0,v
2014-07-21 02:24,6.461,0.073,0,0,0,0,v
2014-07-21 02:30,6.473,0.076,0,0,0,0,v
2014-07-21 02:36,6.443,0.093,0,0,0,0,v
2014-07-21 02:42,6.462,0.086,0,0,0,0,v
2014-07-21 02:48,6.466,0.087,0,0,0,0,v
2014-07-21 02:54,6.500,0.078,0,0,0,0,v
2014-07-21 03:00,6.523,0.092,0,0,0,0,v
2014-07-21 03:06,6.545,0.074,0,0,0,0,v
2014-07-21 03:12,6.531,0.094,0,0,0,0,v
2014-07-21 03:18,6.556,0.085,0,0,0,0,v
2014-07-21 03:24,6.528,0.092,0,0,0,0,v
2014-07-21 03:30,6.517,0.098,0,0,0,0,v
2014-07-21 03:36,6.551,0.087,0,0,0,0,v
2014-07-21 03:42,6.553,0.082,0,0,0,0,v
2014-07-21 03:48,6.554,0.082,0,0,0,0,v
2014-07-21 03:54,6.556,0.072,0,0,0,0,v
2014-07-21 04:00,6.564,0.076,0,0,0,0,v
2014-07-21 04:06,6.567,0.082,0,0,0,0,v
2014-07-21 04:12,6.587,0.080,0,0,0,0,v
2014-07-21 04:18,6.599,0.075,0,0,0,0,v
2014-07-21 04:24,6.597,0.087,0,0,0,0,v
2014-07-21 04:30,6.612,0.082,0,0,0,0,v
2014-07-21 04:36,6.597,0.092,0,0,0,0,v
2014-07-21 04:42,6.602,0.086,0,0,0,0,v
2014-07-21 04:48,6.611,0.069,0,0,0,0,v
2014-07-21 04:54,6.641,0.068,0,0,0,0,v
2014-07-21 05:00,6.615,0.092,0,0,0,0,v
2014-07-21 05:06,6.619,0.080,0,0,0,0,v
2014-07-21 05:12,6.607,0.081,0,0,0,0,v
2014-07-21 05:18,6.613,0.088,0,0,0,0,v
2014-07-21 05:24,6.608,0.101,0,0,0,0,v
2014-07-21 05:30,6.656,0.070,0,0,0,0,v
2014-07-21 05:36,6.662,0.077,0,0,0,0,v
2014-07-21 05:42,6.668,0.073,0,0,0,0,v
2014-07-21 05:48,6.646,0.077,0,0,0,0,v
2014-07-21 05:54,6.658,0.080,0,0,0,0,v
2014-07-21 06:00,6.648,0.090,0,0,0,0,v
2014-07-21 06:06,6.677,0.078,0,0,0,0,v
2014-07-21 06:12,6.674,0.081,0,0,0,0,v
2014-07-21 06:18,6.654,0.087,0,0,0,0,v
2014-07-21 06:24,6.687,0.066,0,0,0,0,v
2014-07-21 06:30,6.681,0.070,0,0,0,0,v
2014-07-21 06:36,6.662,0.093,0,0,0,0,v
2014-07-21 06:42,6.656,0.083,0,0,0,0,v
2014-07-21 06:48,6.639,0.077,0,0,0,0,v
2014-07-21 06:54,6.662,0.073,0,0,0,0,v
2014-07-21 07:00,6.652,0.082,0,0,0,0,v
2014-07-21 07:06,6.664,0.080,0,0,0,0,v
2014-07-21 07:12,6.669,0.078,0,0,0,0,v
2014-07-21 07:18,6.665,0.083,0,0,0,0,v
2014-07-21 07:24,6.660,0.080,0,0,0,0,v
2014-07-21 07:30,6.682,0.081,0,0,0,0,v
2014-07-21 07:36,6.711,0.080,0,0,0,0,v
2014-07-21 07:42,6.674,0.078,0,0,0,0,v
2014-07-21 07:48,6.671,0.083,0,0,0,0,v
2014-07-21 07:54,6.704,0.068,0,0,0,0,v
2014-07-21 08:00,6.675,0.073,0,0,0,0,v
2014-07-21 08:06,6.676,0.069,0,0,0,0,v
2014-07-21 08:12,6.665,0.078,0,0,0,0,v
2014-07-21 08:18,6.661,0.087,0,0,0,0,v
2014-07-21 08:24,6.665,0.089,0,0,0,0,v
2014-07-21 08:30,6.667,0.075,0,0,0,0,v
2014-07-21 08:36,6.656,0.075,0,0,0,0,v
2014-07-21 08:42,6.680,0.069,0,0,0,0,v
2014-07-21 08:48,6.691,0.076,0,0,0,0,v
2014-07-21 08:54,6.680,0.074,0,0,0,0,v
2014-07-21 09:00,6.652,0.087,0,0,0,0,v
2014-07-21 09:06,6.693,0.076,0,0,0,0,v
2014-07-21 09:12,6.685,0.079,0,0,0,0,v
2014-07-21 09:18,6.677,0.082,0,0,0,0,v
2014-07-21 09:24,6.666,0.080,0,0,0,0,v
2014-07-21 09:30,6.664,0.077,0,0,0,0,v
2014-07-21 09:36,6.677,0.074,0,0,0,0,v
2014-07-21 09:42,6.709,0.071,0,0,0,0,v
2014-07-21 09:48,6.676,0.079,0,0,0,0,v
2014-07-21 09:54,6.686,0.079,0,0,0,0,v
2014-07-21 10:00,6.700,0.068,0,0,0,0,v
2014-07-21 10:06,6.656,0.074,0,0,0,0,v
2014-07-21 10:12,6.663,0.067,0,0,0,0,v
2014-07-21 10:18,6.635,0.079,0,0,0,0,v
2014-07-21 10:24,6.641,0.085,0,0,0,0,v
2014-07-21 10:30,6.635,0.074,0,0,0,0,v
2014-07-21 10:36,6.643,0.087,0,0,0,0,v
2014-07-21 10:42,6.652,0.080,0,0,0,0,v
2014-07-21 10:48,6.655,0.079,0,0,0,0,v
2014-07-21 10:54,6.648,0.067,0,0,0,0,v
2014-07-21 11:00,6.651,0.062,0,0,0,0,v
2014-07-21 11:06,6.631,0.078,0,0,0,0,v
2014-07-21 11:12,6.644,0.073,0,0,0,0,v
2014-07-21 11:18,6.633,0.073,0,0,0,0,v
2014-07-21 11:24,6.612,0.074,0,0,0,0,v
2014-07-21 11:30,6.611,0.068,0,0,0,0,v
2014-07-21 11:36,6.639,0.074,0,0,0,0,v
2014-07-21 11:42,6.658,0.071,0,0,0,0,v
2014-07-21 11:48,6.662,0.080,0,0,0,0,v
2014-07-21 11:54,6.642,0.070,0,0,0,0,v
2014-07-21 12:00,6.655,0.068,0,0,0,0,v
2014-07-21 12:06,6.663,0.065,0,0,0,0,v
2014-07-21 12:12,6.650,0.072,0,0,0,0,v
2014-07-21 12:18,6.618,0.076,0,0,0,0,v
2014-07-21 12:24,6.624,0.073,0,0,0,0,v
2014-07-21 12:30,6.618,0.076,0,0,0,0,v
2014-07-21 12:36,6.615,0.074,0,0,0,0,v
2014-07-21 12:42,6.607,0.076,0,0,0,0,v
2014-07-21 12:48,6.630,0.080,0,0,0,0,v
2014-07-21 12:54,6.635,0.087,0,0,0,0,v
2014-07-21 13:00,6.623,0.076,0,0,0,0,v
2014-07-21 13:06,6.630,0.063,0,0,0,0,v
2014-07-21 13:12,6.631,0.077,0,0,0,0,v
2014-07-21 13:18,6.627,0.076,0,0,0,0,v
2014-07-21 13:24,6.655,0.070,0,0,0,0,v
2014-07-21 13:30,6.664,0.072,0,0,0,0,v
2014-07-21 13:36,6.648,0.071,0,0,0,0,v
2014-07-21 13:42,6.611,0.080,0,0,0,0,v
2014-07-21 13:48,6.628,0.072,0,0,0,0,v
2014-07-21 13:54,6.630,0.069,0,0,0,0,v
2014-07-21 14:00,6.620,0.072,0,0,0,0,v
2014-07-21 14:06,6.611,0.076,0,0,0,0,v
2014-07-21 14:12,6.623,0.080,0,0,0,0,v
2014-07-21 14:18,6.610,0.073,0,0,0,0,v
2014-07-21 14:24,6.603,0.083,0,0,0,0,v
2014-07-21 14:30,6.628,0.076,0,0,0,0,v
2014-07-21 14:36,6.622,0.082,0,0,0,0,v
2014-07-21 14:42,6.628,0.077,0,0,0,0,v
2014-07-21 14:48,6.621,0.070,0,0,0,0,v
2014-07-21 14:54,6.618,0.071,0,0,0,0,v
2014-07-21 15:00,6.618,0.081,0,0,0,0,v
2014-07-21 15:06,6.625,0.085,0,0,0,0,v
2014-07-21 15:12,6.637,0.071,0,0,0,0,v
2014-07-21 15:18,6.608,0.074,0,0,0,0,v
2014-07-21 15:24,6.606,0.080,0,0,0,0,v
2014-07-21 15:30,6.610,0.076,0,0,0,0,v
2014-07-21 15:36,6.608,0.076,0,0,0,0,v
2014-07-21 15:42,6.609,0.077,0,0,0,0,v
2014-07-21 15:48,6.602,0.080,0,0,0,0,v
2014-07-21 15:54,6.564,0.075,0,0,0,0,v
2014-07-21 16:00,6.577,0.073,0,0,0,0,v
2014-07-21 16:06,6.583,0.077,0,0,0,0,v
2014-07-21 16:12,6.578,0.068,0,0,0,0,v
2014-07-21 16:18,6.560,0.073,0,0,0,0,v
2014-07-21 16:24,6.525,0.080,0,0,0,0,v
2014-07-21 16:30,6.537,0.065,0,0,0,0,v
2014-07-21 16:36,6.542,0.080,0,0,0,0,v
2014-07-21 16:42,6.541,0.066,0,0,0,0,v
2014-07-21 16:48,6.559,0.077,0,0,0,0,v
2014-07-21 16:54,6.551,0.078,0,0,0,0,v
2014-07-21 17:00,6.583,0.066,0,0,0,0,v
2014-07-21 17:06,6.563,0.081,0,0,0,0,v
2014-07-21 17:12,6.534,0.074,0,0,0,0,v
2014-07-21 17:18,6.536,0.075,0,0,0,0,v
2014-07-21 17:24,6.545,0.075,0,0,0,0,v
2014-07-21 17:30,6.527,0.072,0,0,0,0,v
2014-07-21 17:36,6.531,0.076,0,0,0,0,v
2014-07-21 17:42,6.534,0.071,0,0,0,0,v
2014-07-21 17:48,6.514,0.074,0,0,0,0,v
2014-07-21 17:54,6.500,0.079,0,0,0,0,v
2014-07-21 18:00,6.508,0.066,0,0,0,0,v
2014-07-21 18:06,6.502,0.073,0,0,0,0,v
2014-07-21 18:12,6.490,0.068,0,0,0,0,v
2014-07-21 18:18,6.490,0.063,0,0,0,0,v
2014-07-21 18:24,6.478,0.080,0,0,0,0,v
2014-07-21 18:30,6.472,0.066,0,0,0,0,v
2014-07-21 18:36,6.451,0.069,0,0,0,0,v
2014-07-21 18:42,6.432,0.073,0,0,0,0,v
2014-07-21 18:48,6.429,0.070,0,0,0,0,v
2014-07-21 18:54,6.409,0.063,0,0,0,0,v
2014-07-21 19:00,6.440,0.065,0,0,0,0,v
2014-07-21 19:06,6.428,0.073,0,0,0,0,v
2014-07-21 19:12,6.436,0.066,0,0,0,0,v
2014-07-21 19:18,6.403,0.078,0,0,0,0,v
2014-07-21 19:24,6.381,0.067,0,0,0,0,v
2014-07-21 19:30,6.351,0.080,0,0,0,0,v
2014-07-21 19:36,6.356,0.075,0,0,0,0,v
2014-07-21 19:42,6.349,0.065,0,0,0,0,v
2014-07-21 19:48,6.337,0.083,0,0,0,0,v
2014-07-21 19:54,6.337,0.074,0,0,0,0,v
2014-07-21 20:00,6.312,0.076,0,0,0,0,v
2014-07-21 20:06,6.314,0.075,0,0,0,0,v
2014-07-21 20:12,6.309,0.076,0,0,0,0,v
2014-07-21 20:18,6.319,0.075,0,0,0,0,v
2014-07-21 20:24,6.326,0.068,0,0,0,0,v
2014-07-21 20:30,6.297,0.072,0,0,0,0,v
2014-07-21 20:36,6.279,0.072,0,0,0,0,v
2014-07-21 20:42,6.296,0.071,0,0,0,0,v
2014-07-21 20:48,6.281,0.075,0,0,0,0,v
2014-07-21 20:54,6.277,0.073,0,0,0,0,v
2014-07-21 21:00,6.290,0.065,0,0,0,0,v
2014-07-21 21:06,6.271,0.075,0,0,0,0,v
2014-07-21 21:12,6.267,0.071,0,0,0,0,v
2014-07-21 21:18,6.253,0.061,0,0,0,0,v
2014-07-21 21:24,6.226,0.070,0,0,0,0,v
2014-07-21 21:30,6.216,0.074,0,0,0,0,v
2014-07-21 21:36,6.233,0.066,0,0,0,0,v
2014-07-21 21:42,6.245,0.061,0,0,0,0,v
2014-07-21 21:48,6.225,0.076,0,0,0,0,v
2014-07-21 21:54,6.236,0.067,0,0,0,0,v
2014-07-21 22:00,6.253,0.057,0,0,0,0,v
2014-07-21 22:06,6.210,0.078,0,0,0,0,v
2014-07-21 22:12,6.207,0.073,0,0,0,0,v
2014-07-21 22:18,6.202,0.063,0,0,0,0,v
2014-07-21 22:24,6.193,0.086,0,0,0,0,v
2014-07-21 22:30,6.199,0.076,0,0,0,0,v
2014-07-21 22:36,6.219,0.072,0,0,0,0,v
2014-07-21 22:42,6.219,0.065,0,0,0,0,v
2014-07-21 22:48,6.204,0.071,0,0,0,0,v
2014-07-21 22:54,6.198,0.070,0,0,0,0,v
2014-07-21 23:00,6.198,0.066,0,0,0,0,v
2014-07-21 23:06,6.219,0.070,0,0,0,0,v
2014-07-21 23:12,6.236,0.065,0,0,0,0,v
2014-07-21 23:18,6.226,0.065,0,0,0,0,v
2014-07-21 23:24,6.215,0.075,0,0,0,0,v
2014-07-21 23:30,6.201,0.080,0,0,0,0,v
2014-07-21 23:36,6.217,0.077,0,0,0,0,v
2014-07-21 23:42,6.234,0.069,0,0,0,0,v
2014-07-21 23:48,6.209,0.075,0,0,0,0,v
2014-07-21 23:54,6.227,0.072,0,0,0,0,v
2014-07-22 00:00,6.227,0.066,0,0,0,0,v
2014-07-22 00:06,6.234,0.052,0,0,0,0,v
2014-07-22 00:12,6.230,0.065,0,0,0,0,v
2014-07-22 00:18,6.238,0.074,0,0,0,0,v
2014-07-22 00:24,6.215,0.065,0,0,0,0,v
2014-07-22 00:30,6.216,0.066,0,0,0,0,v
2014-07-22 00:36,6.240,0.072,0,0,0,0,v
2014-07-22 00:42,6.239,0.073,0,0,0,0,v
2014-07-22 00:48,6.264,0.073,0,0,0,0,v
2014-07-22 00:54,6.253,0.077,0,0,0,0,v
2014-07-22 01:00,6.274,0.066,0,0,0,0,v
2014-07-22 01:06,6.264,0.076,0,0,0,0,v
2014-07-22 01:12,6.273,0.090,0,0,0,0,v
2014-07-22 01:18,6.275,0.067,0,0,0,0,v
2014-07-22 01:24,6.265,0.065,0,0,0,0,v
2014-07-22 01:30,6.277,0.067,0,0,0,0,v
2014-07-22 01:36,6.280,0.075,0,0,0,0,v
2014-07-22 01:42,6.276,0.068,0,0,0,0,v
2014-07-22 01:48,6.258,0.079,0,0,0,0,v
2014-07-22 01:54,6.296,0.069,0,0,0,0,v
2014-07-22 02:00,6.306,0.066,0,0,0,0,v
2014-07-22 02:06,6.323,0.062,0,0,0,0,v
2014-07-22 02:12,6.338,0.075,0,0,0,0,v
2014-07-22 02:18,6.361,0.073,0,0,0,0,v
2014-07-22 02:24,6.339,0.075,0,0,0,0,v
2014-07-22 02:30,6.354,0.072,0,0,0,0,v
2014-07-22 02:36,6.375,0.074,0,0,0,0,v
2014-07-22 02:42,6.372,0.079,0,0,0,0,v
2014-07-22 02:48,6.399,0.073,0,0,0,0,v
2014-07-22 02:54,6.384,0.077,0,0,0,0,v
2014-07-22 03:00,6.385,0.075,0,0,0,0,v
2014-07-22 03:06,6.373,0.073,0,0,0,0,v
2014-07-22 03:12,6.381,0.069,0,0,0,0,v
2014-07-22 03:18,6.388,0.083,0,0,0,0,v
2014-07-22 03:24,6.404,0.077,0,0,0,0,v
2014-07-22 03:30,6.436,0.066,0,0,0,0,v
2014-07-22 03:36,6.441,0.078,0,0,0,0,v
2014-07-22 03:42,6.474,0.067,0,0,0,0,v
2014-07-22 03:48,6.476,0.070,0,0,0,0,v
2014-07-22 03:54,6.462,0.078,0,0,0,0,v
2014-07-22 04:00,6.474,0.077,0,0,0,0,v
2014-07-22 04:06,6.499,0.081,0,0,0,0,v
2014-07-22 04:12,6.502,0.069,0,0,0,0,v
2014-07-22 04:18,6.529,0.071,0,0,0,0,v
2014-07-22 04:24,6.540,0.071,0,0,0,0,v
2014-07-22 04:30,6.531,0.069,0,0,0,0,v
2014-07-22 04:36,6.519,0.080,0,0,0,0,v
2014-07-22 04:42,6.571,0.069,0,0,0,0,v
2014-07-22 04:48,6.570,0.070,0,0,0,0,v
2014-07-22 04:54,6.569,0.066,0,0,0,0,v
2014-07-22 05:00,6.562,0.076,0,0,0,0,v
2014-07-22 05:06,6.570,0.068,0,0,0,0,v
2014-07-22 05:12,6.586,0.072,0,0,0,0,v
2014-07-22 05:18,6.600,0.068,0,0,0,0,v
2014-07-22 05:24,6.602,0.065,0,0,0,0,v
2014-07-22 05:30,6.611,0.075,0,0,0,0,v
2014-07-22 05:36,6.620,0.068,0,0,0,0,v
2014-07-22 05:42,6.622,0.073,0,0,0,0,v
2014-07-22 05:48,6.625,0.077,0,0,0,0,v
2014-07-22 05:54,6.655,0.064,0,0,0,0,v
2014-07-22 06:00,6.673,0.073,0,0,0,0,v
2014-07-22 06:06,6.661,0.075,0,0,0,0,v
2014-07-22 06:12,6.670,0.076,0,0,0,0,v
2014-07-22 06:18,6.659,0.078,0,0,0,0,v
2014-07-22 06:24,6.700,0.057,0,0,0,0,v
2014-07-22 06:30,6.701,0.070,0,0,0,0,v
2014-07-22 06:36,6.690,0.073,0,0,0,0,v
2014-07-22 06:42,6.688,0.063,0,0,0,0,v
2014-07-22 06:48,6.677,0.069,0,0,0,0,v
2014-07-22 06:54,6.653,0.069,0,0,0,0,v
2014-07-22 07:00,6.657,0.073,0,0,0,0,v
2014-07-22 07:06,6.672,0.076,0,0,0,0,v
2014-07-22 07:12,6.671,0.078,0,0,0,0,v
2014-07-22 07:18,6.669,0.069,0,0,0,0,v
2014-07-22 07:24,6.675,0.070,0,0,0,0,v
2014-07-22 07:30,6.691,0.068,0,0,0,0,v
2014-07-22 07:36,6.708,0.066,0,0,0,0,v
2014-07-22 07:42,6.689,0.074,0,0,0,0,v
2014-07-22 07:48,6.715,0.065,0,0,0,0,v
2014-07-22 07:54,6.702,0.067,0,0,0,0,v
2014-07-22 08:00,6.702,0.071,0,0,0,0,v
2014-07-22 08:06,6.717,0.068,0,0,0,0,v
2014-07-22 08:12,6.720,0.055,0,0,0,0,v
2014-07-22 08:18,6.702,0.073,0,0,0,0,v
2014-07-22 08:24,6.684,0.064,0,0,0,0,v
2014-07-22 08:30,6.653,0.069,0,0,0,0,v
2014-07-22 08:36,6.649,0.070,0,0,0,0,v
2014-07-22 08:42,6.677,0.068,0,0,0,0,v
2014-07-22 08:48,6.662,0.068,0,0,0,0,v
2014-07-22 08:54,6.671,0.067,0,0,0,0,v
2014-07-22 09:00,6.669,0.070,0,0,0,0,v
2014-07-22 09:06,6.674,0.066,0,0,0,0,v
2014-07-22 09:12,6.666,0.065,0,0,0,0,v
2014-07-22 09:18,6.669,0.061,0,0,0,0,v
2014-07-22 09:24,6.674,0.058,0,0,0,0,v
2014-07-22 09:30,6.655,0.065,0,0,0,0,v
2014-07-22 09:36,6.652,0.067,0,0,0,0,v
2014-07-22 09:42,6.653,0.060,0,0,0,0,v
2014-07-22 09:48,6.658,0.063,0,0,0,0,v
2014-07-22 09:54,6.635,0.075,0,0,0,0,v
2014-07-22 10:00,6.639,0.070,0,0,0,0,v
2014-07-22 10:06,6.667,0.055,0,0,0,0,v
2014-07-22 10:12,6.673,0.059,0,0,0,0,v
2014-07-22 10:18,6.661,0.061,0,0,0,0,v
2014-07-22 10:24,6.662,0.072,0,0,0,0,v
2014-07-22 10:30,6.654,0.063,0,0,0,0,v
2014-07-22 10:36,6.644,0.067,0,0,0,0,v
2014-07-22 10:42,6.663,0.067,0,0,0,0,v
2014-07-22 10:48,6.681,0.062,0,0,0,0,v
2014-07-22 10:54,6.680,0.068,0,0,0,0,v
2014-07-22 11:00,6.685,0.063,0,0,0,0,v
2014-07-22 11:06,6.697,0.064,0,0,0,0,v
2014-07-22 11:12,6.699,0.061,0,0,0,0,v
2014-07-22 11:18,6.699,0.064,0,0,0,0,v
2014-07-22 11:24,6.715,0.061,0,0,0,0,v
2014-07-22 11:30,6.699,0.079,0,0,0,0,v
2014-07-22 11:36,6.709,0.074,0,0,0,0,v
2014-07-22 11:42,6.727,0.055,0,0,0,0,v
2014-07-22 11:48,6.707,0.062,0,0,0,0,v
2014-07-22 11:54,6.707,0.066,0,0,0,0,v
2014-07-22 12:00,6.696,0.072,0,0,0,0,v
2014-07-22 12:06,6.688,0.062,0,0,0,0,v
2014-07-22 12:12,6.700,0.063,0,0,0,0,v
2014-07-22 12:18,6.661,0.064,0,0,0,0,v
2014-07-22 12:24,6.655,0.057,0,0,0,0,v
2014-07-22 12:30,6.656,0.067,0,0,0,0,v
2014-07-22 12:36,6.682,0.067,0,0,0,0,v
2014-07-22 12:42,6.686,0.062,0,0,0,0,v
2014-07-22 12:48,6.672,0.064,0,0,0,0,v
2014-07-22 12:54,6.648,0.064,0,0,0,0,v
2014-07-22 13:00,6.620,0.066,0,0,0,0,v
2014-07-22 13:06,6.624,0.057,0,0,0,0,v
2014-07-22 13:12,6.613,0.060,0,0,0,0,v
2014-07-22 13:18,6.624,0.069,0,0,0,0,v
2014-07-22 13:24,6.643,0.059,0,0,0,0,v
2014-07-22 13:30,6.606,0.064,0,0,0,0,v
2014-07-22 13:36,6.613,0.067,0,0,0,0,v
2014-07-22 13:42,6.621,0.062,0,0,0,0,v
2014-07-22 13:48,6.618,0.058,0,0,0,0,v
2014-07-22 13:54,6.619,0.053,0,0,0,0,v
2014-07-22 14:00,6.597,0.063,0,0,0,0,v
2014-07-22 14:06,6.615,0.053,0,0,0,0,v
2014-07-22 14:12,6.612,0.054,0,0,0,0,v
2014-07-22 14:18,6.604,0.062,0,0,0,0,v
2014-07-22 14:24,6.602,0.056,0,0,0,0,v
2014-07-22 14:30,6.604,0.062,0,0,0,0,v
2014-07-22 14:36,6.590,0.061,0,0,0,0,v
2014-07-22 14:42,6.622,0.061,0,0,0,0,v
2014-07-22 14:48,6.601,0.058,0,0,0,0,v
2014-07-22 14:54,6.596,0.065,0,0,0,0,v
2014-07-22 15:00,6.610,0.058,0,0,0,0,v
2014-07-22 15:06,6.612,0.058,0,0,0,0,v
2014-07-22 15:12,6.637,0.061,0,0,0,0,v
2014-07-22 15:18,6.622,0.058,0,0,0,0,v
2014-07-22 15:24,6.631,0.060,0,0,0,0,v
2014-07-22 15:30,6.615,0.058,0,0,0,0,v
2014-07-22 15:36,6.616,0.064,0,0,0,0,v
2014-07-22 15:42,6.603,0.067,0,0,0,0,v
2014-07-22 15:48,6.636,0.058,0,0,0,0,v
2014-07-22 15:54,6.616,0.061,0,0,0,0,v
2014-07-22 16:00,6.619,0.058,0,0,0,0,v
2014-07-22 16:06,6.611,0.063,0,0,0,0,v
2014-07-22 16:12,6.586,0.054,0,0,0,0,v
2014-07-22 16:18,6.569,0.063,0,0,0,0,v
2014-07-22 16:24,6.593,0.062,0,0,0,0,v
2014-07-22 16:30,6.600,0.064,0,0,0,0,v
2014-07-22 16:36,6.581,0.064,0,0,0,0,v
2014-07-22 16:42,6.555,0.064,0,0,0,0,v
2014-07-22 16:48,6.557,0.057,0,0,0,0,v
2014-07-22 16:54,6.560,0.056,0,0,0,0,v
2014-07-22 17:00,6.549,0.066,0,0,0,0,v
2014-07-22 17:06,6.554,0.055,0,0,0,0,v
2014-07-22 17:12,6.561,0.056,0,0,0,0,v
2014-07-22 17:18,6.544,0.057,0,0,0,0,v
2014-07-22 17:24,6.545,0.052,0,0,0,0,v
2014-07-22 17:30,6.550,0.061,0,0,0,0,v
2014-07-22 17:36,6.561,0.053,0,0,0,0,v
2014-07-22 17:42,6.532,0.062,0,0,0,0,v
2014-07-22 17:48,6.561,0.052,0,0,0,0,v
2014-07-22 17:54,6.536,0.058,0,0,0,0,v
2014-07-22 18:00,6.544,0.058,0,0,0,0,v
2014-07-22 18:06,6.540,0.058,0,0,0,0,v
2014-07-22 18:12,6.542,0.055,0,0,0,0,v
2014-07-22 18:18,6.522,0.060,0,0,0,0,v
2014-07-22 18:24,6.517,0.057,0,0,0,0,v
2014-07-22 18:30,6.510,0.058,0,0,0,0,v
2014-07-22 18:36,6.475,0.055,0,0,0,0,v
2014-07-22 18:42,6.469,0.060,0,0,0,0,v
2014-07-22 18:48,6.490,0.056,0,0,0,0,v
2014-07-22 18:54,6.487,0.065,0,0,0,0,v
2014-07-22 19:00,6.476,0.059,0,0,0,0,v
2014-07-22 19:06,6.453,0.059,0,0,0,0,v
2014-07-22 19:12,6.460,0.058,0,0,0,0,v
2014-07-22 19:18,6.428,0.058,0,0,0,0,v
2014-07-22 19:24,6.410,0.060,0,0,0,0,v
2014-07-22 19:30,6.416,0.057,0,0,0,0,v
2014-07-22 19:36,6.409,0.053,0,0,0,0,v
2014-07-22 19:42,6.394,0.062,0,0,0,0,v
2014-07-22 19:48,6.363,0.059,0,0,0,0,v
2014-07-22 19:54,6.401,0.055,0,0,0,0,v
2014-07-22 20:00,6.385,0.051,0,0,0,0,v
2014-07-22 20:06,6.359,0.057,0,0,0,0,v
2014-07-22 20:12,6.355,0.060,0,0,0,0,v
2014-07-22 20:18,6.380,0.053,0,0,0,0,v
2014-07-22 20:24,6.364,0.057,0,0,0,0,v
2014-07-22 20:30,6.378,0.057,0,0,0,0,v
2014-07-22 20:36,6.357,0.061,0,0,0,0,v
2014-07-22 20:42,6.322,0.064,0,0,0,0,v
2014-07-22 20:48,6.343,0.056,0,0,0,0,v
2014-07-22 20:54,6.326,0.058,0,0,0,0,v
2014-07-22 21:00,6.322,0.062,0,0,0,0,v
2014-07-22 21:06,6.306,0.056,0,0,0,0,v
2014-07-22 21:12,6.299,0.065,0,0,0,0,v
2014-07-22 21:18,6.332,0.059,0,0,0,0,v
2014-07-22 21:24,6.304,0.067,0,0,0,0,v
2014-07-22 21:30,6.269,0.063,0,0,0,0,v
2014-07-22 21:36,6.287,0.058,0,0,0,0,v
2014-07-22 21:42,6.260,0.056,0,0,0,0,v
2014-07-22 21:48,6.260,0.053,0,0,0,0,v
2014-07-22 21:54,6.248,0.061,0,0,0,0,v
2014-07-22 22:00,6.269,0.051,0,0,0,0,v
2014-07-22 22:06,6.251,0.055,0,0,0,0,v
2014-07-22 22:12,6.242,0.061,0,0,0,0,v
2014-07-22 22:18,6.242,0.054,0,0,0,0,v
2014-07-22 22:24,6.228,0.066,0,0,0,0,v
2014-07-22 22:30,6.228,0.065,0,0,0,0,v
2014-07-22 22:36,6.217,0.066,0,0,0,0,v
2014-07-22 22:42,6.261,0.051,0,0,0,0,v
2014-07-22 22:48,6.236,0.056,0,0,0,0,v
2014-07-22 22:54,6.200,0.064,0,0,0,0,v
2014-07-22 23:00,6.231,0.056,0,0,0,0,v
2014-07-22 23:06,6.219,0.053,0,0,0,0,v
2014-07-22 23:12,6.216,0.063,0,0,0,0,v
2014-07-22 23:18,6.212,0.058,0,0,0,0,v
2014-07-22 23:24,6.210,0.058,0,0,0,0,v
2014-07-22 23:30,6.194,0.069,0,0,0,0,v
2014-07-22 23:36,6.208,0.054,0,0,0,0,v
2014-07-22 23:42,6.205,0.055,0,0,0,0,v
2014-07-22 23:48,6.173,0.054,0,0,0,0,v
2014-07-22 23:54,6.152,0.057,0,0,0,0,v
2014-07-23 00:00,6.177,0.052,0,0,0,0,v
2014-07-23 00:06,6.188,0.048,0,0,0,0,v
2014-07-23 00:12,6.179,0.063,0,0,0,0,v
2014-07-23 00:18,6.179,0.055,0,0,0,0,v
2014-07-23 00:24,6.175,0.057,0,0,0,0,v
2014-07-23 00:30,6.192,0.054,0,0,0,0,v
2014-07-23 00:36,6.203,0.061,0,0,0,0,v
2014-07-23 00:42,6.206,0.069,0,0,0,0,v
2014-07-23 00:48,6.213,0.070,0,0,0,0,v
2014-07-23 00:54,6.213,0.062,0,0,0,0,v
2014-07-23 01:00,6.238,0.052,0,0,0,0,v
2014-07-23 01:06,6.233,0.056,0,0,0,0,v
2014-07-23 01:12,6.229,0.061,0,0,0,0,v
2014-07-23 01:18,6.244,0.058,0,0,0,0,v
2014-07-23 01:24,6.256,0.055,0,0,0,0,v
2014-07-23 01:30,6.244,0.057,0,0,0,0,v
2014-07-23 01:36,6.237,0.063,0,0,0,0,v
2014-07-23 01:42,6.252,0.063,0,0,0,0,v
2014-07-23 01:48,6.270,0.056,0,0,0,0,v
2014-07-23 01:54,6.299,0.057,0,0,0,0,v
2014-07-23 02:00,6.299,0.055,0,0,0,0,v
2014-07-23 02:06,6.278,0.061,0,0,0,0,v
2014-07-23 02:12,6.286,0.056,0,0,0,0,v
2014-07-23 02:18,6.308,0.053,0,0,0,0,v
2014-07-23 02:24,6.305,0.057,0,0,0,0,v
2014-07-23 02:30,6.287,0.065,0,0,0,0,v
2014-07-23 02:36,6.297,0.062,0,0,0,0,v
2014-07-23 02:42,6.302,0.061,0,0,0,0,v
2014-07-23 02:48,6.331,0.061,0,0,0,0,v
2014-07-23 02:54,6.345,0.054,0,0,0,0,v
2014-07-23 03:00,6.360,0.054,0,0,0,0,v
2014-07-23 03:06,6.336,0.064,0,0,0,0,v
2014-07-23 03:12,6.370,0.058,0,0,0,0,v
2014-07-23 03:18,6.355,0.057,0,0,0,0,v
2014-07-23 03:24,6.348,0.064,0,0,0,0,v
2014-07-23 03:30,6.393,0.055,0,0,0,0,v
2014-07-23 03:36,6.389,0.060,0,0,0,0,v
2014-07-23 03:42,6.364,0.071,0,0,0,0,v
2014-07-23 03:48,6.415,0.055,0,0,0,0,v
2014-07-23 03:54,6.439,0.057,0,0,0,0,v
2014-07-23 04:00,6.423,0.055,0,0,0,0,v
2014-07-23 04:06,6.419,0.056,0,0,0,0,v
2014-07-23 04:12,6.431,0.057,0,0,0,0,v
2014-07-23 04:18,6.423,0.055,0,0,0,0,v
2014-07-23 04:24,6.438,0.062,0,0,0,0,v
2014-07-23 04:30,6.483,0.066,0,0,0,0,v
2014-07-23 04:36,6.475,0.063,0,0,0,0,v
2014-07-23 04:42,6.468,0.064,0,0,0,0,v
2014-07-23 04:48,6.477,0.067,0,0,0,0,v
2014-07-23 04:54,6.501,0.050,0,0,0,0,v
2014-07-23 05:00,6.541,0.057,0,0,0,0,v
2014-07-23 05:06,6.555,0.059,0,0,0,0,v
2014-07-23 05:12,6.556,0.054,0,0,0,0,v
2014-07-23 05:18,6.582,0.060,0,0,0,0,v
2014-07-23 05:24,6.607,0.056,0,0,0,0,v
2014-07-23 05:30,6.613,0.060,0,0,0,0,v
2014-07-23 05:36,6.631,0.066,0,0,0,0,v
2014-07-23 05:42,6.674,0.058,0,0,0,0,v
2014-07-23 05:48,6.642,0.062,0,0,0,0,v
2014-07-23 05:54,6.644,0.070,0,0,0,0,v
2014-07-23 06:00,6.646,0.058,0,0,0,0,v
2014-07-23 06:06,6.664,0.053,0,0,0,0,v
2014-07-23 06:12,6.677,0.059,0,0,0,0,v
2014-07-23 06:18,6.686,0.056,0,0,0,0,v
2014-07-23 06:24,6.680,0.059,0,0,0,0,v
2014-07-23 06:30,6.666,0.056,0,0,0,0,v
2014-07-23 06:36,6.647,0.060,0,0,0,0,v
2014-07-23 06:42,6.684,0.052,0,0,0,0,v
2014-07-23 06:48,6.664,0.064,0,0,0,0,v
2014-07-23 06:54,6.681,0.058,0,0,0,0,v
2014-07-23 07:00,6.668,0.064,0,0,0,0,v
2014-07-23 07:06,6.681,0.057,0,0,0,0,v
2014-07-23 07:12,6.673,0.060,0,0,0,0,v
2014-07-23 07:18,6.656,0.058,0,0,0,0,v
2014-07-23 07:24,6.671,0.060,0,0,0,0,v
2014-07-23 07:30,6.678,0.054,0,0,0,0,v
2014-07-23 07:36,6.664,0.059,0,0,0,0,v
2014-07-23 07:42,6.663,0.054,0,0,0,0,v
2014-07-23 07:48,6.656,0.060,0,0,0,0,v
2014-07-23 07:54,6.684,0.059,0,0,0,0,v
2014-07-23 08:00,6.679,0.061,0,0,0,0,v
2014-07-23 08:06,6.675,0.060,0,0,0,0,v
2014-07-23 08:12,6.685,0.056,0,0,0,0,v
2014-07-23 08:18,6.706,0.055,0,0,0,0,v
2014-07-23 08:24,6.697,0.058,0,0,0,0,v
2014-07-23 08:30,6.712,0.056,0,0,0,0,v
2014-07-23 08:36,6.719,0.054,0,0,0,0,v
2014-07-23 08:42,6.712,0.064,0,0,0,0,v
2014-07-23 08:48,6.685,0.057,0,0,0,0,v
2014-07-23 08:54,6.711,0.056,0,0,0,0,v
2014-07-23 09:00,6.705,0.047,0,0,0,0,v
2014-07-23 09:06,6.722,0.042,0,0,0,0,v
2014-07-23 09:12,6.703,0.056,0,0,0,0,v
2014-07-23 09:18,6.705,0.050,0,0,0,0,v
2014-07-23 09:24,6.704,0.052,0,0,0,0,v
2014-07-23 09:30,6.694,0.053,0,0,0,0,v
2014-07-23 09:36,6.696,0.055,0,0,0,0,v
2014-07-23 09:42,6.707,0.059,0,0,0,0,v
2014-07-23 09:48,6.700,0.057,0,0,0,0,v
2014-07-23 09:54,6.712,0.054,0,0,0,0,v
2014-07-23 10:00,6.704,0.054,0,0,0,0,v
2014-07-23 10:06,6.701,0.053,0,0,0,0,v
2014-07-23 10:12,6.704,0.060,0,0,0,0,v
2014-07-23 10:18,6.699,0.055,0,0,0,0,v
2014-07-23 10:24,6.718,0.049,0,0,0,0,v
2014-07-23 10:30,6.708,0.054,0,0,0,0,v
2014-07-23 10:36,6.690,0.050,0,0,0,0,v
2014-07-23 10:42,6.696,0.050,0,0,0,0,v
2014-07-23 10:48,6.689,0.052,0,0,0,0,v
2014-07-23 10:54,6.692,0.051,0,0,0,0,v
2014-07-23 11:00,6.664,0.054,0,0,0,0,v
2014-07-23 11:06,6.690,0.052,0,0,0,0,v
2014-07-23 11:12,6.701,0.051,0,0,0,0,v
2014-07-23 11:18,6.696,0.059,0,0,0,0,v
2014-07-23 11:24,6.712,0.050,0,0,0,0,v
2014-07-23 11:30,6.742,0.057,0,0,0,0,v
2014-07-23 11:36,6.723,0.053,0,0,0,0,v
2014-07-23 11:42,6.734,0.052,0,0,0,0,v
2014-07-23 11:48,6.753,0.049,0,0,0,0,v
2014-07-23 11:54,6.744,0.052,0,0,0,0,v
2014-07-23 12:00,6.759,0.046,0,0,0,0,v
2014-07-23 12:06,6.741,0.055,0,0,0,0,v
2014-07-23 12:12,6.728,0.050,0,0,0,0,v
2014-07-23 12:18,6.723,0.045,0,0,0,0,v
2014-07-23 12:24,6.722,0.055,0,0,0,0,v
2014-07-23 12:30,6.730,0.055,0,0,0,0,v
2014-07-23 12:36,6.719,0.056,0,0,0,0,v
2014-07-23 12:42,6.714,0.049,0,0,0,0,v
2014-07-23 12:48,6.701,0.055,0,0,0,0,v
2014-07-23 12:54,6.702,0.050,0,0,0,0,v
2014-07-23 13:00,6.689,0.056,0,0,0,0,v
2014-07-23 13:06,6.690,0.048,0,0,0,0,v
2014-07-23 13:12,6.680,0.057,0,0,0,0,v
2014-07-23 13:18,6.666,0.053,0,0,0,0,v
2014-07-23 13:24,6.681,0.049,0,0,0,0,v
2014-07-23 13:30,6.652,0.046,0,0,0,0,v
2014-07-23 13:36,6.645,0.049,0,0,0,0,v
2014-07-23 13:42,6.642,0.053,0,0,0,0,v
2014-07-23 13:48,6.638,0.057,0,0,0,0,v
2014-07-23 13:54,6.653,0.047,0,0,0,0,v
2014-07-23 14:00,6.634,0.047,0,0,0,0,v
2014-07-23 14:06,6.590,0.045,0,0,0,0,v
2014-07-23 14:12,6.590,0.047,0,0,0,0,v
2014-07-23 14:18,6.556,0.056,0,0,0,0,v
2014-07-23 14:24,6.564,0.048,0,0,0,0,v
2014-07-23 14:30,6.559,0.052,0,0,0,0,v
2014-07-23 14:36,6.576,0.061,0,0,0,0,v
2014-07-23 14:42,6.568,0.044,0,0,0,0,v
2014-07-23 14:48,6.601,0.051,0,0,0,0,v
2014-07-23 14:54,6.573,0.048,0,0,0,0,v
2014-07-23 15:00,6.610,0.047,0,0,0,0,v
2014-07-23 15:06,6.609,0.047,0,0,0,0,v
2014-07-23 15:12,6.616,0.046,0,0,0,0,v
2014-07-23 15:18,6.603,0.044,0,0,0,0,v
2014-07-23 15:24,6.610,0.043,0,0,0,0,v
2014-07-23 15:30,6.601,0.052,0,0,0,0,v
2014-07-23 15:36,6.629,0.051,0,0,0,0,v
2014-07-23 15:42,6.625,0.048,0,0,0,0,v
2014-07-23 15:48,6.632,0.060,0,0,0,0,v
2014-07-23 15:54,6.650,0.044,0,0,0,0,v
2014-07-23 16:00,6.664,0.044,0,0,0,0,v
2014-07-23 16:06,6.658,0.046,0,0,0,0,v
2014-07-23 16:12,6.672,0.048,0,0,0,0,v
2014-07-23 16:18,6.668,0.039,0,0,0,0,v
2014-07-23 16:24,6.673,0.046,0,0,0,0,v
2014-07-23 16:30,6.649,0.043,0,0,0,0,v
2014-07-23 16:36,6.646,0.047,0,0,0,0,v
2014-07-23 16:42,6.619,0.045,0,0,0,0,v
2014-07-23 16:48,6.622,0.044,0,0,0,0,v
2014-07-23 16:54,6.613,0.042,0,0,0,0,v
2014-07-23 17:00,6.618,0.048,0,0,0,0,v
2014-07-23 17:06,6.632,0.051,0,0,0,0,v
2014-07-23 17:12,6.620,0.043,0,0,0,0,v
2014-07-23 17:18,6.592,0.046,0,0,0,0,v
2014-07-23 17:24,6.595,0.042,0,0,0,0,v
2014-07-23 17:30,6.565,0.043,0,0,0,0,v
2014-07-23 17:36,6.569,0.049,0,0,0,0,v
2014-07-23 17:42,6.554,0.049,0,0,0,0,v
2014-07-23 17:48,6.598,0.039,0,0,0,0,v
2014-07-23 17:54,6.580,0.041,0,0,0,0,v
2014-07-23 18:00,6.578,0.053,0,0,0,0,v
2014-07-23 18:06,6.599,0.049,0,0,0,0,v
2014-07-23 18:12,6.582,0.038,0,0,0,0,v
2014-07-23 18:18,6.582,0.044,0,0,0,0,v
2014-07-23 18:24,6.585,0.042,0,0,0,0,v
2014-07-23 18:30,6.607,0.047,0,0,0,0,v
2014-07-23 18:36,6.569,0.042,0,0,0,0,v
2014-07-23 18:42,6.575,0.042,0,0,0,0,v
2014-07-23 18:48,6.575,0.055,0,0,0,0,v
2014-07-23 18:54,6.557,0.049,0,0,0,0,v
2014-07-23 19:00,6.530,0.046,0,0,0,0,v
2014-07-23 19:06,6.545,0.042,0,0,0,0,v
2014-07-23 19:12,6.529,0.048,0,0,0,0,v
2014-07-23 19:18,6.541,0.045,0,0,0,0,v
2014-07-23 19:24,6.539,0.044,0,0,0,0,v
2014-07-23 19:30,6.500,0.040,0,0,0,0,v
2014-07-23 19:36,6.515,0.043,0,0,0,0,v
2014-07-23 19:42,6.484,0.049,0,0,0,0,v
2014-07-23 19:48,6.492,0.045,0,0,0,0,v
2014-07-23 19:54,6.491,0.040,0,0,0,0,v
2014-07-23 20:00,6.438,0.050,0,0,0,0,v
2014-07-23 20:06,6.460,0.047,0,0,0,0,v
2014-07-23 20:12,6.457,0.038,0,0,0,0,v
2014-07-23 20:18,6.461,0.042,0,0,0,0,v
2014-07-23 20:24,6.422,0.046,0,0,0,0,v
2014-07-23 20:30,6.415,0.038,0,0,0,0,v
2014-07-23 20:36,6.410,0.046,0,0,0,0,v
2014-07-23 20:42,6.365,0.050,0,0,0,0,v
2014-07-23 20:48,6.341,0.045,0,0,0,0,v
2014-07-23 20:54,6.339,0.046,0,0,0,0,v
2014-07-23 21:00,6.359,0.049,0,0,0,0,v
2014-07-23 21:06,6.330,0.045,0,0,0,0,v
2014-07-23 21:12,6.340,0.043,0,0,0,0,v
2014-07-23 21:18,6.320,0.052,0,0,0,0,v
2014-07-23 21:24,6.341,0.042,0,0,0,0,v
2014-07-23 21:30,6.347,0.039,0,0,0,0,v
2014-07-23 21:36,6.348,0.040,0,0,0,0,v
2014-07-23 21:42,6.318,0.046,0,0,0,0,v
2014-07-23 21:48,6.302,0.042,0,0,0,0,v
2014-07-23 21:54,6.277,0.042,0,0,0,0,v
2014-07-23 22:00,6.297,0.044,0,0,0,0,v
2014-07-23 22:06,6.316,0.045,0,0,0,0,v
2014-07-23 22:12,6.319,0.042,0,0,0,0,v
2014-07-23 22:18,6.293,0.046,0,0,0,0,v
2014-07-23 22:24,6.300,0.042,0,0,0,0,v
2014-07-23 22:30,6.301,0.043,0,0,0,0,v
2014-07-23 22:36,6.292,0.047,0,0,0,0,v
2014-07-23 22:42,6.326,0.047,0,0,0,0,v
2014-07-23 22:48,6.342,0.040,0,0,0,0,v
2014-07-23 22:54,6.327,0.036,0,0,0,0,v
2014-07-23 23:00,6.318,0.049,0,0,0,0,v
2014-07-23 23:06,6.323,0.050,0,0,0,0,v
2014-07-23 23:12,6.311,0.037,0,0,0,0,v
2014-07-23 23:18,6.304,0.046,0,0,0,0,v
2014-07-23 23:24,6.304,0.047,0,0,0,0,v
2014-07-23 23:30,6.270,0.038,0,0,0,0,v
2014-07-23 23:36,6.258,0.044,0,0,0,0,v
2014-07-23 23:42,6.249,0.041,0,0,0,0,v
2014-07-23 23:48,6.244,0.042,0,0,0,0,v
2014-07-23 23:54,6.237,0.044,0,0,0,0,v
2014-07-24 00:00,6.273,0.044,0,0,0,0,v
2014-07-24 00:06,6.229,0.046,0,0,0,0,v
2014-07-24 00:12,6.203,0.039,0,0,0,0,v
2014-07-24 00:18,6.227,0.038,0,0,0,0,v
2014-07-24 00:24,6.198,0.039,0,0,0,0,v
2014-07-24 00:30,6.172,0.038,0,0,0,0,v
2014-07-24 00:36,6.193,0.043,0,0,0,0,v
2014-07-24 00:42,6.206,0.040,0,0,0,0,v
2014-07-24 00:48,6.222,0.045,0,0,0,0,v
2014-07-24 00:54,6.237,0.038,0,0,0,0,v
2014-07-24 01:00,6.233,0.041,0,0,0,0,v
2014-07-24 01:06,6.231,0.041,0,0,0,0,v
2014-07-24 01:12,6.232,0.042,0,0,0,0,v
2014-07-24 01:18,6.226,0.035,0,0,0,0,v
2014-07-24 01:24,6.213,0.044,0,0,0,0,v
2014-07-24 01:30,6.225,0.047,0,0,0,0,v
2014-07-24 01:36,6.235,0.043,0,0,0,0,v
2014-07-24 01:42,6.247,0.048,0,0,0,0,v
2014-07-24 01:48,6.264,0.039,0,0,0,0,v
2014-07-24 01:54,6.253,0.037,0,0,0,0,v
2014-07-24 02:00,6.254,0.035,0,0,0,0,v
2014-07-24 02:06,6.258,0.038,0,0,0,0,v
2014-07-24 02:12,6.265,0.042,0,0,0,0,v
2014-07-24 02:18,6.287,0.038,0,0,0,0,v
2014-07-24 02:24,6.304,0.039,0,0,0,0,v
2014-07-24 02:30,6.296,0.047,0,0,0,0,v
2014-07-24 02:36,6.305,0.047,0,0,0,0,v
2014-07-24 02:42,6.350,0.037,0,0,0,0,v
2014-07-24 02:48,6.319,0.041,0,0,0,0,v
2014-07-24 02:54,6.337,0.039,0,0,0,0,v
2014-07-24 03:00,6.342,0.038,0,0,0,0,v
2014-07-24 03:06,6.348,0.043,0,0,0,0,v
2014-07-24 03:12,6.351,0.040,0,0,0,0,v
2014-07-24 03:18,6.339,0.043,0,0,0,0,v
2014-07-24 03:24,6.359,0.033,0,0,0,0,v
2014-07-24 03:30,6.404,0.039,0,0,0,0,v
2014-07-24 03:36,6.393,0.041,0,0,0,0,v
2014-07-24 03:42,6.404,0.039,0,0,0,0,v
2014-07-24 03:48,6.389,0.038,0,0,0,0,v
2014-07-24 03:54,6.374,0.036,0,0,0,0,v
2014-07-24 04:00,6.380,0.037,0,0,0,0,v
2014-07-24 04:06,6.385,0.037,0,0,0,0,v
2014-07-24 04:12,6.399,0.045,0,0,0,0,v
2014-07-24 04:18,6.384,0.039,0,0,0,0,v
2014-07-24 04:24,6.395,0.040,0,0,0,0,v
2014-07-24 04:30,6.402,0.042,0,0,0,0,v
2014-07-24 04:36,6.427,0.039,0,0,0,0,v
2014-07-24 04:42,6.455,0.036,0,0,0,0,v
2014-07-24 04:48,6.456,0.041,0,0,0,0,v
2014-07-24 04:54,6.458,0.039,0,0,0,0,v
2014-07-24 05:00,6.456,0.042,0,0,0,0,v
2014-07-24 05:06,6.508,0.037,0,0,0,0,v
2014-07-24 05:12,6.506,0.038,0,0,0,0,v
2014-07-24 05:18,6.505,0.041,0,0,0,0,v
2014-07-24 05:24,6.527,0.036,0,0,0,0,v
2014-07-24 05:30,6.570,0.040,0,0,0,0,v
2014-07-24 05:36,6.584,0.037,0,0,0,0,v
2014-07-24 05:42,6.587,0.041,0,0,0,0,v
2014-07-24 05:48,6.616,0.034,0,0,0,0,v
2014-07-24 05:54,6.647,0.036,0,0,0,0,v
2014-07-24 06:00,6.652,0.039,0,0,0,0,v
2014-07-24 06:06,6.646,0.039,0,0,0,0,v
2014-07-24 06:12,6.653,0.040,0,0,0,0,v
2014-07-24 06:18,6.667,0.038,0,0,0,0,v
2014-07-24 06:24,6.659,0.037,0,0,0,0,v
2014-07-24 06:30,6.651,0.038,0,0,0,0,v
2014-07-24 06:36,6.656,0.043,0,0,0,0,v
2014-07-24 06:42,6.659,0.041,0,0,0,0,v
2014-07-24 06:48,6.679,0.043,0,0,0,0,v
2014-07-24 06:54,6.684,0.037,0,0,0,0,v
2014-07-24 07:00,6.689,0.039,0,0,0,0,v
2014-07-24 07:06,6.696,0.040,0,0,0,0,v
2014-07-24 07:12,6.674,0.043,0,0,0,0,v
2014-07-24 07:18,6.678,0.047,0,0,0,0,v
2014-07-24 07:24,6.696,0.042,0,0,0,0,v
2014-07-24 07:30,6.705,0.039,0,0,0,0,v
2014-07-24 07:36,6.712,0.044,0,0,0,0,v
2014-07-24 07:42,6.694,0.043,0,0,0,0,v
2014-07-24 07:48,6.716,0.043,0,0,0,0,v
2014-07-24 07:54,6.728,0.038,0,0,0,0,v
2014-07-24 08:00,6.702,0.044,0,0,0,0,v
2014-07-24 08:06,6.702,0.039,0,0,0,0,v
2014-07-24 08:12,6.688,0.043,0,0,0,0,v
2014-07-24 08:18,6.674,0.049,0,0,0,0,v
2014-07-24 08:24,6.682,0.045,0,0,0,0,v
2014-07-24 08:30,6.677,0.048,0,0,0,0,v
2014-07-24 08:36,6.682,0.043,0,0,0,0,v
2014-07-24 08:42,6.712,0.044,0,0,0,0,v
2014-07-24 08:48,6.709,0.043,0,0,0,0,v
2014-07-24 08:54,6.704,0.046,0,0,0,0,v
2014-07-24 09:00,6.693,0.044,0,0,0,0,v
2014-07-24 09:06,6.716,0.045,0,0,0,0,v
2014-07-24 09:12,6.692,0.040,0,0,0,0,v
2014-07-24 09:18,6.715,0.044,0,0,0,0,v
2014-07-24 09:24,6.705,0.042,0,0,0,0,v
2014-07-24 09:30,6.722,0.041,0,0,0,0,v
2014-07-24 09:36,6.778,0.047,0,0,0,0,v
2014-07-24 09:42,6.754,0.041,0,0,0,0,v
2014-07-24 09:48,6.749,0.048,0,0,0,0,v
2014-07-24 09:54,6.755,0.048,0,0,0,0,v
2014-07-24 10:00,6.774,0.045,0,0,0,0,v
2014-07-24 10:06,6.798,0.045,0,0,0,0,v
2014-07-24 10:12,6.753,0.050,0,0,0,0,v
2014-07-24 10:18,6.742,0.042,0,0,0,0,v
2014-07-24 10:24,6.732,0.044,0,0,0,0,v
2014-07-24 10:30,6.748,0.039,0,0,0,0,v
2014-07-24 10:36,6.770,0.042,0,0,0,0,v
2014-07-24 10:42,6.798,0.042,0,0,0,0,v
2014-07-24 10:48,6.783,0.038,0,0,0,0,v
2014-07-24 10:54,6.813,0.038,0,0,0,0,v
2014-07-24 11:00,6.804,0.044,0,0,0,0,v
2014-07-24 11:06,6.790,0.038,0,0,0,0,v
2014-07-24 11:12,6.778,0.038,0,0,0,0,v
2014-07-24 11:18,6.805,0.038,0,0,0,0,v
2014-07-24 11:24,6.755,0.041,0,0,0,0,v
2014-07-24 11:30,6.761,0.039,0,0,0,0,v
2014-07-24 11:36,6.762,0.037,0,0,0,0,v
2014-07-24 11:42,6.756,0.041,0,0,0,0,v
2014-07-24 11:48,6.734,0.046,0,0,0,0,v
2014-07-24 11:54,6.737,0.041,0,0,0,0,v
2014-07-24 12:00,6.759,0.045,0,0,0,0,v
2014-07-24 12:06,6.758,0.040,0,0,0,0,v
2014-07-24 12:12,6.713,0.042,0,0,0,0,v
2014-07-24 12:18,6.769,0.043,0,0,0,0,v
2014-07-24 12:24,6.658,0.041,0,0,1,0,v
2014-07-24 12:30,6.678,0.044,0,0,1,0,v
2014-07-24 12:36,6.682,0.040,0,0,0,0,v
2014-07-24 12:42,6.637,0.037,0,0,0,0,v
2014-07-24 12:48,6.677,0.040,0,0,0,0,v
2014-07-24 12:54,6.708,0.036,0,0,0,0,v
2014-07-24 13:00,6.680,0.037,0,0,0,0,v
2014-07-24 13:06,6.673,0.035,0,0,0,0,v
2014-07-24 13:12,6.615,0.033,0,0,0,0,v
2014-07-24 13:18,6.647,0.038,0,0,0,0,v
2014-07-24 13:24,6.583,0.034,0,0,0,0,v
2014-07-24 13:30,6.619,0.033,0,0,0,0,v
2014-07-24 13:36,6.652,0.041,0,0,0,0,v
2014-07-24 13:42,6.669,0.033,0,0,0,0,v
2014-07-24 13:48,6.754,0.039,0,0,0,0,v
2014-07-24 13:54,6.712,0.041,0,0,0,0,v
2014-07-24 14:00,6.772,0.036,0,0,0,0,v
2014-07-24 14:06,6.804,0.040,0,0,0,0,v
2014-07-24 14:12,6.776,0.043,0,0,0,0,v
2014-07-24 14:18,6.781,0.044,0,0,0,0,v
2014-07-24 14:24,6.774,0.044,0,0,0,0,v
2014-07-24 14:30,6.731,0.036,0,0,0,0,v
2014-07-24 14:36,6.687,0.042,0,0,0,0,v
2014-07-24 14:42,6.643,0.036,0,0,0,0,v
2014-07-24 14:48,6.640,0.042,0,0,0,0,v
2014-07-24 14:54,6.639,0.038,0,0,0,0,v
2014-07-24 15:00,6.576,0.040,0,0,0,0,v
2014-07-24 15:06,6.562,0.041,0,0,0,0,v
2014-07-24 15:12,6.652,0.040,0,0,0,0,v
2014-07-24 15:18,6.639,0.039,0,0,0,0,v
2014-07-24 15:24,6.637,0.032,0,0,0,0,v
2014-07-24 15:30,6.647,0.038,0,0,0,0,v
2014-07-24 15:36,6.630,0.038,0,0,0,0,v
2014-07-24 15:42,6.600,0.040,0,0,0,0,v
2014-07-24 15:48,6.598,0.036,0,0,0,0,v
2014-07-24 15:54,6.604,0.035,0,0,0,0,v
2014-07-24 16:00,6.574,0.039,0,0,0,0,v
2014-07-24 16:06,6.614,0.038,0,0,0,0,v
2014-07-24 16:12,6.621,0.030,0,0,0,0,v
2014-07-24 16:18,6.607,0.035,0,0,0,0,v
2014-07-24 16:24,6.639,0.036,0,0,0,0,v
2014-07-24 16:30,6.618,0.038,0,0,0,0,v
2014-07-24 16:36,6.653,0.038,0,0,0,0,v
2014-07-24 16:42,6.643,0.041,0,0,0,0,v
2014-07-24 16:48,6.638,0.035,0,0,0,0,v
2014-07-24 16:54,6.645,0.037,0,0,0,0,v
2014-07-24 17:00,6.636,0.033,0,0,0,0,v
2014-07-24 17:06,6.647,0.040,0,0,0,0,v
2014-07-24 17:12,6.651,0.035,0,0,0,0,v
2014-07-24 17:18,6.664,0.035,0,0,0,0,v
2014-07-24 17:24,6.671,0.036,0,0,0,0,v
2014-07-24 17:30,6.655,0.038,0,0,0,0,v
2014-07-24 17:36,6.648,0.037,0,0,0,0,v
2014-07-24 17:42,6.668,0.037,0,0,0,0,v
2014-07-24 17:48,6.677,0.042,0,0,0,0,v
2014-07-24 17:54,6.651,0.038,0,0,0,0,v
2014-07-24 18:00,6.670,0.040,0,0,0,0,v
2014-07-24 18:06,6.677,0.031,0,0,0,0,v
2014-07-24 18:12,6.669,0.035,0,0,0,0,v
2014-07-24 18:18,6.649,0.037,0,0,0,0,v
2014-07-24 18:24,6.618,0.039,0,0,0,0,v
2014-07-24 18:30,6.594,0.040,0,0,0,0,v
2014-07-24 18:36,6.595,0.035,0,0,0,0,v
2014-07-24 18:42,6.609,0.031,0,0,0,0,v
2014-07-24 18:48,6.611,0.034,0,0,0,0,v
2014-07-24 18:54,6.590,0.037,0,0,0,0,v
2014-07-24 19:00,6.584,0.038,0,0,0,0,v
2014-07-24 19:06,6.553,0.029,0,0,0,0,v
2014-07-24 19:12,6.532,0.036,0,0,0,0,v
2014-07-24 19:18,6.522,0.033,0,0,0,0,v
2014-07-24 19:24,6.532,0.039,0,0,0,0,v
2014-07-24 19:30,6.513,0.035,0,0,0,0,v
2014-07-24 19:36,6.489,0.035,0,0,0,0,v
2014-07-24 19:42,6.464,0.033,0,0,0,0,v
2014-07-24 19:48,6.490,0.036,0,0,0,0,v
2014-07-24 19:54,6.488,0.039,0,0,0,0,v
2014-07-24 20:00,6.491,0.029,0,0,0,0,v
2014-07-24 20:06,6.491,0.034,0,0,0,0,v
2014-07-24 20:12,6.530,0.035,0,0,0,0,v
2014-07-24 20:18,6.545,0.035,0,0,0,0,v
2014-07-24 20:24,6.551,0.035,0,0,0,0,v
2014-07-24 20:30,6.546,0.035,0,0,0,0,v
2014-07-24 20:36,6.524,0.037,0,0,0,0,v
2014-07-24 20:42,6.523,0.035,0,0,0,0,v
2014-07-24 20:48,6.524,0.036,0,0,0,0,v
2014-07-24 20:54,6.508,0.035,0,0,0,0,v
2014-07-24 21:00,6.475,0.034,0,0,0,0,v
2014-07-24 21:06,6.472,0.031,0,0,0,0,v
2014-07-24 21:12,6.439,0.031,0,0,0,0,v
2014-07-24 21:18,6.436,0.029,0,0,0,0,v
2014-07-24 21:24,6.406,0.034,0,0,0,0,v
2014-07-24 21:30,6.434,0.036,0,0,0,0,v
2014-07-24 21:36,6.451,0.033,0,0,0,0,v
2014-07-24 21:42,6.424,0.038,0,0,0,0,v
2014-07-24 21:48,6.420,0.033,0,0,0,0,v
2014-07-24 21:54,6.399,0.035,0,0,0,0,v
2014-07-24 22:00,6.357,0.032,0,0,0,0,v
2014-07-24 22:06,6.355,0.037,0,0,0,0,v
2014-07-24 22:12,6.327,0.035,0,0,0,0,v
2014-07-24 22:18,6.310,0.037,0,0,0,0,v
2014-07-24 22:24,6.306,0.037,0,0,0,0,v
2014-07-24 22:30,6.309,0.029,0,0,0,0,v
2014-07-24 22:36,6.263,0.031,0,0,0,0,v
2014-07-24 22:42,6.257,0.032,0,0,0,0,v
2014-07-24 22:48,6.255,0.032,0,0,0,0,v
2014-07-24 22:54,6.286,0.033,0,0,0,0,v
2014-07-24 23:00,6.327,0.030,0,0,0,0,v
2014-07-24 23:06,6.310,0.029,0,0,0,0,v
2014-07-24 23:12,6.271,0.035,0,0,0,0,v
2014-07-24 23:18,6.246,0.031,0,0,0,0,v
2014-07-24 23:24,6.260,0.028,0,0,0,0,v
2014-07-24 23:30,6.269,0.032,0,0,0,0,v
2014-07-24 23:36,6.259,0.031,0,0,0,0,v
2014-07-24 23:42,6.251,0.035,0,0,0,0,v
2014-07-24 23:48,6.260,0.035,0,0,0,0,v
2014-07-24 23:54,6.257,0.036,0,0,0,0,v
2014-07-25 00:00,6.239,0.033,0,0,0,0,v
2014-07-25 00:06,6.232,0.031,0,0,0,0,v
2014-07-25 00:12,6.267,0.035,0,0,0,0,v
2014-07-25 00:18,6.250,0.032,0,0,0,0,v
2014-07-25 00:24,6.263,0.033,0,0,0,0,v
2014-07-25 00:30,6.267,0.032,0,0,0,0,v
2014-07-25 00:36,6.238,0.028,0,0,0,0,v
2014-07-25 00:42,6.268,0.028,0,0,0,0,v
2014-07-25 00:48,6.266,0.035,0,0,0,0,v
2014-07-25 00:54,6.236,0.033,0,0,0,0,v
2014-07-25 01:00,6.232,0.034,0,0,0,0,v
2014-07-25 01:06,6.220,0.034,0,0,0,0,v
2014-07-25 01:12,6.238,0.029,0,0,0,0,v
2014-07-25 01:18,6.247,0.031,0,0,0,0,v
2014-07-25 01:24,6.238,0.028,0,0,0,0,v
2014-07-25 01:30,6.235,0.032,0,0,0,0,v
2014-07-25 01:36,6.267,0.032,0,0,0,0,v
2014-07-25 01:42,6.279,0.034,0,0,0,0,v
2014-07-25 01:48,6.243,0.037,0,0,0,0,v
2014-07-25 01:54,6.230,0.034,0,0,0,0,v
2014-07-25 02:00,6.216,0.029,0,0,0,0,v
2014-07-25 02:06,6.222,0.031,0,0,0,0,v
2014-07-25 02:12,6.195,0.032,0,0,0,0,v
2014-07-25 02:18,6.193,0.030,0,0,0,0,v
2014-07-25 02:24,6.177,0.031,0,0,0,0,v
2014-07-25 02:30,6.182,0.033,0,0,0,0,v
2014-07-25 02:36,6.190,0.033,0,0,0,0,v
2014-07-25 02:42,6.205,0.036,0,0,0,0,v
2014-07-25 02:48,6.237,0.032,0,0,0,0,v
2014-07-25 02:54,6.249,0.031,0,0,0,0,v
2014-07-25 03:00,6.253,0.030,0,0,0,0,v
2014-07-25 03:06,6.283,0.032,0,0,0,0,v
2014-07-25 03:12,6.264,0.032,0,0,0,0,v
2014-07-25 03:18,6.283,0.034,0,0,0,0,v
2014-07-25 03:24,6.311,0.031,0,0,0,0,v
2014-07-25 03:30,6.289,0.031,0,0,0,0,v
2014-07-25 03:36,6.302,0.035,0,0,0,0,v
2014-07-25 03:42,6.279,0.034,0,0,0,0,v
2014-07-25 03:48,6.301,0.034,0,0,0,0,v
2014-07-25 03:54,6.324,0.033,0,0,0,0,v
2014-07-25 04:00,6.313,0.033,0,0,0,0,v
2014-07-25 04:06,6.351,0.034,0,0,0,0,v
2014-07-25 04:12,6.369,0.037,0,0,0,0,v
2014-07-25 04:18,6.367,0.032,0,0,0,0,v
2014-07-25 04:24,6.394,0.035,0,0,0,0,v
2014-07-25 04:30,6.432,0.035,0,0,0,0,v
2014-07-25 04:36,6.436,0.031,0,0,0,0,v
2014-07-25 04:42,6.426,0.034,0,0,0,0,v
2014-07-25 04:48,6.424,0.029,0,0,0,0,v
2014-07-25 04:54,6.452,0.034,0,0,0,0,v
2014-07-25 05:00,6.445,0.035,0,0,0,0,v
2014-07-25 05:06,6.468,0.032,0,0,0,0,v
2014-07-25 05:12,6.455,0.033,0,0,0,0,v
2014-07-25 05:18,6.486,0.031,0,0,0,0,v
2014-07-25 05:24,6.489,0.034,0,0,0,0,v
2014-07-25 05:30,6.519,0.032,0,0,0,0,v
2014-07-25 05:36,6.506,0.036,0,0,0,0,v
2014-07-25 05:42,6.513,0.033,0,0,0,0,v
2014-07-25 05:48,6.508,0.037,0,0,0,0,v
2014-07-25 05:54,6.520,0.032,0,0,0,0,v
2014-07-25 06:00,6.543,0.034,0,0,0,0,v
2014-07-25 06:06,6.553,0.036,0,0,0,0,v
2014-07-25 06:12,6.534,0.033,0,0,0,0,v
2014-07-25 06:18,6.562,0.035,0,0,0,0,v
2014-07-25 06:24,6.576,0.035,0,0,0,0,v
2014-07-25 06:30,6.573,0.036,0,0,0,0,v
2014-07-25 06:36,6.572,0.031,0,0,0,0,v
2014-07-25 06:42,6.565,0.032,0,0,0,0,v
2014-07-25 06:48,6.572,0.033,0,0,0,0,v
2014-07-25 06:54,6.586,0.033,0,0,0,0,v
2014-07-25 07:00,6.601,0.033,0,0,0,0,v
2014-07-25 07:06,6.625,0.032,0,0,0,0,v
2014-07-25 07:12,6.628,0.030,0,0,0,0,v
2014-07-25 07:18,6.635,0.032,0,0,0,0,v
2014-07-25 07:24,6.651,0.034,0,0,0,0,v
2014-07-25 07:30,6.644,0.033,0,0,0,0,v
2014-07-25 07:36,6.631,0.031,0,0,0,0,v
2014-07-25 07:42,6.649,0.033,0,0,0,0,v
2014-07-25 07:48,6.642,0.039,0,0,0,0,v
2014-07-25 07:54,6.652,0.034,0,0,0,0,v
2014-07-25 08:00,6.675,0.035,0,0,0,0,v
2014-07-25 08:06,6.682,0.030,0,0,0,0,v
2014-07-25 08:12,6.672,0.037,0,0,0,0,v
2014-07-25 08:18,6.684,0.035,0,0,0,0,v
2014-07-25 08:24,6.680,0.034,0,0,0,0,v
2014-07-25 08:30,6.673,0.039,0,0,0,0,v
2014-07-25 08:36,6.715,0.036,0,0,0,0,v
2014-07-25 08:42,6.743,0.029,0,0,0,0,v
2014-07-25 08:48,6.742,0.036,0,0,0,0,v
2014-07-25 08:54,6.723,0.032,0,0,0,0,v
2014-07-25 09:00,6.731,0.033,0,0,0,0,v
2014-07-25 09:06,6.762,0.035,0,0,0,0,v
2014-07-25 09:12,6.767,0.034,0,0,0,0,v
2014-07-25 09:18,6.771,0.031,0,0,0,0,v
2014-07-25 09:24,6.771,0.032,0,0,0,0,v
2014-07-25 09:30,6.781,0.036,0,0,0,0,v
2014-07-25 09:36,6.757,0.037,0,0,0,0,v
2014-07-25 09:42,6.746,0.034,0,0,0,0,v
2014-07-25 09:48,6.737,0.034,0,0,0,0,v
2014-07-25 09:54,6.713,0.036,0,0,0,0,v
2014-07-25 10:00,6.724,0.034,0,0,0,0,v
2014-07-25 10:06,6.719,0.033,0,0,0,0,v
2014-07-25 10:12,6.702,0.036,0,0,0,0,v
2014-07-25 10:18,6.699,0.035,0,0,0,0,v
2014-07-25 10:24,6.695,0.035,0,0,0,0,v
2014-07-25 10:30,6.713,0.033,0,0,0,0,v
2014-07-25 10:36,6.716,0.037,0,0,0,0,v
2014-07-25 10:42,6.745,0.037,0,0,0,0,v
2014-07-25 10:48,6.746,0.032,0,0,0,0,v
2014-07-25 10:54,6.739,0.032,0,0,0,0,v
2014-07-25 11:00,6.746,0.032,0,0,0,0,v
2014-07-25 11:06,6.755,0.028,0,0,0,0,v
2014-07-25 11:12,6.755,0.033,0,0,0,0,v
2014-07-25 11:18,6.752,0.033,0,0,0,0,v
2014-07-25 11:24,6.748,0.033,0,0,0,0,v
2014-07-25 11:30,6.742,0.032,0,0,0,0,v
2014-07-25 11:36,6.733,0.032,0,0,0,0,v
2014-07-25 11:42,6.727,0.032,0,0,0,0,v
2014-07-25 11:48,6.739,0.032,0,0,0,0,v
2014-07-25 11:54,6.740,0.034,0,0,0,0,v
2014-07-25 12:00,6.733,0.036,0,0,0,0,v
2014-07-25 12:06,6.740,0.029,0,0,0,0,v
2014-07-25 12:12,6.757,0.033,0,0,0,0,v
2014-07-25 12:18,6.720,0.037,0,0,0,0,v
2014-07-25 12:24,6.705,0.032,0,0,0,0,v
2014-07-25 12:30,6.680,0.032,0,0,0,0,v
2014-07-25 12:36,6.684,0.032,0,0,0,0,v
2014-07-25 12:42,6.675,0.033,0,0,0,0,v
2014-07-25 12:48,6.677,0.032,0,0,0,0,v
2014-07-25 12:54,6.654,0.032,0,0,0,0,v
2014-07-25 13:00,6.664,0.034,0,0,0,0,v
2014-07-25 13:06,6.645,0.037,0,0,0,0,v
2014-07-25 13:12,6.661,0.036,0,0,0,0,v
2014-07-25 13:18,6.682,0.033,0,0,0,0,v
2014-07-25 13:24,6.669,0.036,0,0,0,0,v
2014-07-25 13:30,6.655,0.039,0,0,0,0,v
2014-07-25 13:36,6.653,0.030,0,0,0,0,v
2014-07-25 13:42,6.668,0.034,0,0,0,0,v
2014-07-25 13:48,6.686,0.031,0,0,0,0,v
2014-07-25 13:54,6.698,0.032,0,0,0,0,v
2014-07-25 14:00,6.700,0.041,0,0,0,0,v
2014-07-25 14:06,6.687,0.040,0,0,0,0,v
2014-07-25 14:12,6.696,0.037,0,0,0,0,v
2014-07-25 14:18,6.698,0.036,0,0,0,0,v
2014-07-25 14:24,6.721,0.034,0,0,0,0,v
2014-07-25 14:30,6.696,0.035,0,0,0,0,v
2014-07-25 14:36,6.691,0.037,0,0,0,0,v
2014-07-25 14:42,6.670,0.036,0,0,0,0,v
2014-07-25 14:48,6.679,0.037,0,0,0,0,v
2014-07-25 14:54,6.684,0.039,0,0,0,0,v
2014-07-25 15:00,6.659,0.031,0,0,0,0,v
2014-07-25 15:06,6.614,0.040,0,0,0,0,v
2014-07-25 15:12,6.615,0.036,0,0,0,0,v
2014-07-25 15:18,6.616,0.039,0,0,0,0,v
2014-07-25 15:24,6.620,0.034,0,0,0,0,v
2014-07-25 15:30,6.616,0.035,0,0,0,0,v
2014-07-25 15:36,6.624,0.031,0,0,0,0,v
2014-07-25 15:42,6.637,0.033,0,0,0,0,v
2014-07-25 15:48,6.650,0.039,0,0,0,0,v
2014-07-25 15:54,6.658,0.031,0,0,0,0,v
2014-07-25 16:00,6.649,0.041,0,0,0,0,v
2014-07-25 16:06,6.663,0.037,0,0,0,0,v
2014-07-25 16:12,6.657,0.031,0,0,0,0,v
2014-07-25 16:18,6.667,0.040,0,0,0,0,v
2014-07-25 16:24,6.685,0.038,0,0,0,0,v
2014-07-25 16:30,6.651,0.033,0,0,0,0,v
2014-07-25 16:36,6.651,0.035,0,0,0,0,v
2014-07-25 16:42,6.636,0.037,0,0,0,0,v
2014-07-25 16:48,6.622,0.038,0,0,0,0,v
2014-07-25 16:54,6.614,0.036,0,0,0,0,v
2014-07-25 17:00,6.609,0.036,0,0,0,0,v
2014-07-25 17:06,6.613,0.032,0,0,0,0,v
2014-07-25 17:12,6.616,0.037,0,0,0,0,v
2014-07-25 17:18,6.617,0.033,0,0,0,0,v
2014-07-25 17:24,6.613,0.038,0,0,0,0,v
2014-07-25 17:30,6.621,0.034,0,0,0,0,v
2014-07-25 17:36,6.608,0.037,0,0,0,0,v
2014-07-25 17:42,6.586,0.030,0,0,0,0,v
2014-07-25 17:48,6.598,0.034,0,0,0,0,v
2014-07-25 17:54,6.588,0.031,0,0,0,0,v
2014-07-25 18:00,6.591,0.036,0,0,0,0,v
2014-07-25 18:06,6.580,0.034,0,0,0,0,v
2014-07-25 18:12,6.593,0.035,0,0,0,0,v
2014-07-25 18:18,6.598,0.030,0,0,0,0,v
2014-07-25 18:24,6.596,0.036,0,0,0,0,v
2014-07-25 18:30,6.574,0.039,0,0,0,0,v
2014-07-25 18:36,6.599,0.038,0,0,0,0,v
2014-07-25 18:42,6.604,0.034,0,0,0,0,v
2014-07-25 18:48,6.614,0.039,0,0,0,0,v
2014-07-25 18:54,6.612,0.037,0,0,0,0,v
2014-07-25 19:00,6.627,0.044,0,0,0,0,v
2014-07-25 19:06,6.619,0.035,0,0,0,0,v
2014-07-25 19:12,6.604,0.035,0,0,0,0,v
2014-07-25 19:18,6.599,0.039,0,0,0,0,v
2014-07-25 19:24,6.604,0.037,0,0,0,0,v
2014-07-25 19:30,6.589,0.038,0,0,0,0,v
2014-07-25 19:36,6.588,0.038,0,0,0,0,v
2014-07-25 19:42,6.570,0.043,0,0,0,0,v
2014-07-25 19:48,6.550,0.036,0,0,0,0,v
2014-07-25 19:54,6.559,0.042,0,0,0,0,v
2014-07-25 20:00,6.562,0.046,0,0,0,0,v
2014-07-25 20:06,6.565,0.037,0,0,0,0,v
2014-07-25 20:12,6.560,0.039,0,0,0,0,v
2014-07-25 20:18,6.522,0.041,0,0,0,0,v
2014-07-25 20:24,6.535,0.040,0,0,0,0,v
2014-07-25 20:30,6.510,0.045,0,0,0,0,v
2014-07-25 20:36,6.474,0.039,0,0,0,0,v
2014-07-25 20:42,6.465,0.045,0,0,0,0,v
2014-07-25 20:48,6.472,0.042,0,0,0,0,v
2014-07-25 20:54,6.461,0.045,0,0,0,0,v
2014-07-25 21:00,6.457,0.045,0,0,0,0,v
2014-07-25 21:06,6.473,0.040,0,0,0,0,v
2014-07-25 21:12,6.450,0.047,0,0,0,0,v
2014-07-25 21:18,6.448,0.050,0,0,0,0,v
2014-07-25 21:24,6.477,0.043,0,0,0,0,v
2014-07-25 21:30,6.458,0.047,0,0,0,0,v
2014-07-25 21:36,6.419,0.048,0,0,0,0,v
2014-07-25 21:42,6.430,0.048,0,0,0,0,v
2014-07-25 21:48,6.408,0.053,0,0,0,0,v
2014-07-25 21:54,6.403,0.049,0,0,0,0,v
2014-07-25 22:00,6.384,0.049,0,0,0,0,v
2014-07-25 22:06,6.391,0.044,0,0,0,0,v
2014-07-25 22:12,6.378,0.048,0,0,0,0,v
2014-07-25 22:18,6.375,0.043,0,0,0,0,v
2014-07-25 22:24,6.350,0.046,0,0,0,0,v
2014-07-25 22:30,6.346,0.051,0,0,0,0,v
2014-07-25 22:36,6.324,0.046,0,0,0,0,v
2014-07-25 22:42,6.323,0.046,0,0,0,0,v
2014-07-25 22:48,6.304,0.045,0,0,0,0,v
2014-07-25 22:54,6.303,0.045,0,0,0,0,v
2014-07-25 23:00,6.291,0.047,0,0,0,0,v
2014-07-25 23:06,6.271,0.045,0,0,0,0,v
2014-07-25 23:12,6.274,0.053,0,0,0,0,v
2014-07-25 23:18,6.275,0.057,0,0,0,0,v
2014-07-25 23:24,6.278,0.044,0,0,0,0,v
2014-07-25 23:30,6.265,0.049,0,0,0,0,v
2014-07-25 23:36,6.270,0.044,0,0,0,0,v
2014-07-25 23:42,6.276,0.044,0,0,0,0,v
2014-07-25 23:48,6.274,0.055,0,0,0,0,v
2014-07-25 23:54,6.260,0.059,0,0,0,0,v
2014-07-26 00:00,6.265,0.049,0,0,0,0,v
2014-07-26 00:06,6.244,0.056,0,0,0,0,v
2014-07-26 00:12,6.239,0.055,0,0,0,0,v
2014-07-26 00:18,6.233,0.054,0,0,0,0,v
2014-07-26 00:24,6.207,0.052,0,0,0,0,v
2014-07-26 00:30,6.185,0.055,0,0,0,0,v
2014-07-26 00:36,6.203,0.049,0,0,0,0,v
2014-07-26 00:42,6.209,0.057,0,0,0,0,v
2014-07-26 00:48,6.170,0.066,0,0,0,0,v
2014-07-26 00:54,6.173,0.058,0,0,0,0,v
2014-07-26 01:00,6.168,0.056,0,0,0,0,v
2014-07-26 01:06,6.175,0.063,0,0,0,0,v
2014-07-26 01:12,6.154,0.068,0,0,0,0,v
2014-07-26 01:18,6.167,0.055,0,0,0,0,v
2014-07-26 01:24,6.150,0.070,0,0,0,0,v
2014-07-26 01:30,6.159,0.055,0,0,0,0,v
2014-07-26 01:36,6.167,0.061,0,0,0,0,v
2014-07-26 01:42,6.141,0.075,0,0,0,0,v
2014-07-26 01:48,6.167,0.062,0,0,0,0,v
2014-07-26 01:54,6.171,0.058,0,0,0,0,v
2014-07-26 02:00,6.180,0.051,0,0,0,0,v
2014-07-26 02:06,6.143,0.076,0,0,0,0,v
2014-07-26 02:12,6.184,0.058,0,0,0,0,v
2014-07-26 02:18,6.186,0.052,0,0,0,0,v
2014-07-26 02:24,6.195,0.058,0,0,0,0,v
2014-07-26 02:30,6.195,0.064,0,0,0,0,v
2014-07-26 02:36,6.205,0.054,0,0,0,0,v
2014-07-26 02:42,6.182,0.057,0,0,0,0,v
2014-07-26 02:48,6.188,0.054,0,0,0,0,v
2014-07-26 02:54,6.188,0.054,0,0,0,0,v
2014-07-26 03:00,6.177,0.070,0,0,0,0,v
2014-07-26 03:06,6.193,0.060,0,0,0,0,v
2014-07-26 03:12,6.179,0.059,0,0,0,0,v
2014-07-26 03:18,6.187,0.061,0,0,0,0,v
2014-07-26 03:24,6.198,0.062,0,0,0,0,v
2014-07-26 03:30,6.225,0.053,0,0,0,0,v
2014-07-26 03:36,6.243,0.051,0,0,0,0,v
2014-07-26 03:42,6.206,0.070,0,0,0,0,v
2014-07-26 03:48,6.213,0.063,0,0,0,0,v
2014-07-26 03:54,6.204,0.072,0,0,0,0,v
2014-07-26 04:00,6.228,0.058,0,0,0,0,v
2014-07-26 04:06,6.212,0.066,0,0,0,0,v
2014-07-26 04:12,6.233,0.066,0,0,0,0,v
2014-07-26 04:18,6.229,0.068,0,0,0,0,v
2014-07-26 04:24,6.246,0.054,0,0,0,0,v
2014-07-26 04:30,6.242,0.068,0,0,0,0,v
2014-07-26 04:36,6.252,0.055,0,0,0,0,v
2014-07-26 04:42,6.270,0.055,0,0,0,0,v
2014-07-26 04:48,6.284,0.061,0,0,0,0,v
2014-07-26 04:54,6.302,0.063,0,0,0,0,v
2014-07-26 05:00,6.297,0.077,0,0,0,0,v
2014-07-26 05:06,6.327,0.061,0,0,0,0,v
2014-07-26 05:12,6.330,0.056,0,0,0,0,v
2014-07-26 05:18,6.325,0.065,0,0,0,0,v
2014-07-26 05:24,6.343,0.054,0,0,0,0,v
2014-07-26 05:30,6.359,0.053,0,0,0,0,v
2014-07-26 05:36,6.365,0.061,0,0,0,0,v
2014-07-26 05:42,6.366,0.059,0,0,0,0,v
2014-07-26 05:48,6.371,0.061,0,0,0,0,v
2014-07-26 05:54,6.372,0.073,0,0,0,0,v
2014-07-26 06:00,6.399,0.066,0,0,0,0,v
2014-07-26 06:06,6.429,0.056,0,0,0,0,v
2014-07-26 06:12,6.433,0.053,0,0,0,0,v
2014-07-26 06:18,6.440,0.061,0,0,0,0,v
2014-07-26 06:24,6.445,0.062,0,0,0,0,v
2014-07-26 06:30,6.455,0.064,0,0,0,0,v
2014-07-26 06:36,6.454,0.060,0,0,0,0,v
2014-07-26 06:42,6.489,0.059,0,0,0,0,v
2014-07-26 06:48,6.496,0.063,0,0,0,0,v
2014-07-26 06:54,6.476,0.066,0,0,0,0,v
2014-07-26 07:00,6.493,0.069,0,0,0,0,v
2014-07-26 07:06,6.506,0.059,0,0,0,0,v
2014-07-26 07:12,6.504,0.075,0,0,0,0,v
2014-07-26 07:18,6.515,0.071,0,0,0,0,v
2014-07-26 07:24,6.533,0.067,0,0,0,0,v
2014-07-26 07:30,6.529,0.065,0,0,0,0,v
2014-07-26 07:36,6.543,0.079,0,0,0,0,v
2014-07-26 07:42,6.551,0.072,0,0,0,0,v
2014-07-26 07:48,6.537,0.067,0,0,0,0,v
2014-07-26 07:54,6.563,0.074,0,0,0,0,v
2014-07-26 08:00,6.573,0.069,0,0,0,0,v
2014-07-26 08:06,6.536,0.083,0,0,0,0,v
2014-07-26 08:12,6.536,0.071,0,0,0,0,v
2014-07-26 08:18,6.569,0.060,0,0,0,0,v
2014-07-26 08:24,6.618,0.067,0,0,0,0,v
2014-07-26 08:30,6.591,0.074,0,0,0,0,v
2014-07-26 08:36,6.598,0.070,0,0,0,0,v
2014-07-26 08:42,6.618,0.069,0,0,0,0,v
2014-07-26 08:48,6.613,0.074,0,0,0,0,v
2014-07-26 08:54,6.621,0.069,0,0,0,0,v
2014-07-26 09:00,6.608,0.069,0,0,0,0,v
2014-07-26 09:06,6.610,0.074,0,0,0,0,v
2014-07-26 09:12,6.604,0.081,0,0,0,0,v
2014-07-26 09:18,6.621,0.077,0,0,0,0,v
2014-07-26 09:24,6.625,0.081,0,0,0,0,v
2014-07-26 09:30,6.656,0.065,0,0,0,0,v
2014-07-26 09:36,6.643,0.068,0,0,0,0,v
2014-07-26 09:42,6.628,0.075,0,0,0,0,v
2014-07-26 09:48,6.655,0.059,0,0,0,0,v
2014-07-26 09:54,6.665,0.059,0,0,0,0,v
2014-07-26 10:00,6.663,0.063,0,0,0,0,v
2014-07-26 10:06,6.671,0.073,0,0,0,0,v
2014-07-26 10:12,6.664,0.076,0,0,0,0,v
2014-07-26 10:18,6.691,0.060,0,0,0,0,v
2014-07-26 10:24,6.681,0.063,0,0,0,0,v
2014-07-26 10:30,6.674,0.075,0,0,0,0,v
2014-07-26 10:36,6.648,0.074,0,0,0,0,v
2014-07-26 10:42,6.620,0.078,0,0,0,0,v
2014-07-26 10:48,6.648,0.068,0,0,0,0,v
2014-07-26 10:54,6.668,0.063,0,0,0,0,v
2014-07-26 11:00,6.677,0.073,0,0,0,0,v
2014-07-26 11:06,6.671,0.067,0,0,0,0,v
2014-07-26 11:12,6.626,0.083,0,0,0,0,v
2014-07-26 11:18,6.641,0.065,0,0,0,0,v
2014-07-26 11:24,6.633,0.071,0,0,0,0,v
2014-07-26 11:30,6.641,0.075,0,0,0,0,v
2014-07-26 11:36,6.625,0.077,0,0,0,0,v
2014-07-26 11:42,6.638,0.070,0,0,0,0,v
2014-07-26 11:48,6.648,0.066,0,0,0,0,v
2014-07-26 11:54,6.642,0.073,0,0,0,0,v
2014-07-26 12:00,6.639,0.070,0,0,0,0,v
2014-07-26 12:06,6.616,0.073,0,0,0,0,v
2014-07-26 12:12,6.626,0.076,0,0,0,0,v
2014-07-26 12:18,6.632,0.069,0,0,0,0,v
2014-07-26 12:24,6.652,0.072,0,0,0,0,v
2014-07-26 12:30,6.654,0.084,0,0,0,0,v
2014-07-26 12:36,6.660,0.070,0,0,0,0,v
2014-07-26 12:42,6.619,0.078,0,0,0,0,v
2014-07-26 12:48,6.637,0.073,0,0,0,0,v
2014-07-26 12:54,6.619,0.072,0,0,0,0,v
2014-07-26 13:00,6.638,0.070,0,0,0,0,v
2014-07-26 13:06,6.663,0.066,0,0,0,0,v
2014-07-26 13:12,6.663,0.057,0,0,0,0,v
2014-07-26 13:18,6.656,0.070,0,0,0,0,v
2014-07-26 13:24,6.647,0.068,0,0,0,0,v
2014-07-26 13:30,6.646,0.063,0,0,0,0,v
2014-07-26 13:36,6.657,0.068,0,0,0,0,v
2014-07-26 13:42,6.647,0.062,0,0,0,0,v
2014-07-26 13:48,6.657,0.063,0,0,0,0,v
2014-07-26 13:54,6.640,0.064,0,0,0,0,v
2014-07-26 14:00,6.617,0.068,0,0,0,0,v
2014-07-26 14:06,6.606,0.067,0,0,0,0,v
2014-07-26 14:12,6.597,0.064,0,0,0,0,v
2014-07-26 14:18,6.617,0.059,0,0,0,0,v
2014-07-26 14:24,6.608,0.062,0,0,0,0,v
2014-07-26 14:30,6.584,0.066,0,0,0,0,v
2014-07-26 14:36,6.588,0.060,0,0,0,0,v
2014-07-26 14:42,6.576,0.067,0,0,0,0,v
2014-07-26 14:48,6.568,0.065,0,0,0,0,v
2014-07-26 14:54,6.592,0.058,0,0,0,0,v
2014-07-26 15:00,6.598,0.067,0,0,0,0,v
2014-07-26 15:06,6.599,0.062,0,0,0,0,v
2014-07-26 15:12,6.617,0.062,0,0,0,0,v
2014-07-26 15:18,6.610,0.066,0,0,0,0,v
2014-07-26 15:24,6.605,0.056,0,0,0,0,v
2014-07-26 15:30,6.627,0.056,0,0,0,0,v
2014-07-26 15:36,6.615,0.063,0,0,0,0,v
2014-07-26 15:42,6.618,0.059,0,0,0,0,v
2014-07-26 15:48,6.602,0.058,0,0,0,0,v
2014-07-26 15:54,6.582,0.059,0,0,0,0,v
2014-07-26 16:00,6.593,0.056,0,0,0,0,v
2014-07-26 16:06,6.586,0.056,0,0,0,0,v
2014-07-26 16:12,6.585,0.060,0,0,0,0,v
2014-07-26 16:18,6.603,0.054,0,0,0,0,v
2014-07-26 16:24,6.592,0.056,0,0,0,0,v
2014-07-26 16:30,6.617,0.054,0,0,0,0,v
2014-07-26 16:36,6.585,0.057,0,0,0,0,v
2014-07-26 16:42,6.578,0.067,0,0,0,0,v
2014-07-26 16:48,6.580,0.056,0,0,0,0,v
2014-07-26 16:54,6.599,0.060,0,0,0,0,v
2014-07-26 17:00,6.619,0.064,0,0,0,0,v
2014-07-26 17:06,6.611,0.060,0,0,0,0,v
2014-07-26 17:12,6.615,0.066,0,0,0,0,v
2014-07-26 17:18,6.610,0.069,0,0,0,0,v
2014-07-26 17:24,6.620,0.049,0,0,0,0,v
2014-07-26 17:30,6.608,0.059,0,0,0,0,v
2014-07-26 17:36,6.596,0.058,0,0,0,0,v
2014-07-26 17:42,6.584,0.063,0,0,0,0,v
2014-07-26 17:48,6.590,0.056,0,0,0,0,v
2014-07-26 17:54,6.587,0.054,0,0,0,0,v
2014-07-26 18:00,6.602,0.058,0,0,0,0,v
2014-07-26 18:06,6.589,0.063,0,0,0,0,v
2014-07-26 18:12,6.585,0.057,0,0,0,0,v
2014-07-26 18:18,6.594,0.064,0,0,0,0,v
2014-07-26 18:24,6.590,0.063,0,0,0,0,v
2014-07-26 18:30,6.594,0.056,0,0,0,0,v
2014-07-26 18:36,6.609,0.063,0,0,0,0,v
2014-07-26 18:42,6.613,0.070,0,0,0,0,v
2014-07-26 18:48,6.606,0.063,0,0,0,0,v
2014-07-26 18:54,6.592,0.061,0,0,0,0,v
2014-07-26 19:00,6.592,0.059,0,0,0,0,v
2014-07-26 19:06,6.591,0.063,0,0,0,0,v
2014-07-26 19:12,6.591,0.066,0,0,0,0,v
2014-07-26 19:18,6.587,0.065,0,0,0,0,v
2014-07-26 19:24,6.600,0.063,0,0,0,0,v
2014-07-26 19:30,6.589,0.063,0,0,0,0,v
2014-07-26 19:36,6.588,0.053,0,0,0,0,v
2014-07-26 19:42,6.560,0.062,0,0,0,0,v
2014-07-26 19:48,6.570,0.060,0,0,0,0,v
2014-07-26 19:54,6.565,0.062,0,0,0,0,v
2014-07-26 20:00,6.549,0.061,0,0,0,0,v
2014-07-26 20:06,6.551,0.068,0,0,0,0,v
2014-07-26 20:12,6.560,0.060,0,0,0,0,v
2014-07-26 20:18,6.563,0.068,0,0,0,0,v
2014-07-26 20:24,6.549,0.061,0,0,0,0,v
2014-07-26 20:30,6.533,0.062,0,0,0,0,v
2014-07-26 20:36,6.530,0.067,0,0,0,0,v
2014-07-26 20:42,6.544,0.066,0,0,0,0,v
2014-07-26 20:48,6.533,0.063,0,0,0,0,v
2014-07-26 20:54,6.516,0.069,0,0,0,0,v
2014-07-26 21:00,6.526,0.059,0,0,0,0,v
2014-07-26 21:06,6.523,0.063,0,0,0,0,v
2014-07-26 21:12,6.519,0.060,0,0,0,0,v
2014-07-26 21:18,6.541,0.059,0,0,0,0,v
2014-07-26 21:24,6.542,0.062,0,0,0,0,v
2014-07-26 21:30,6.522,0.062,0,0,0,0,v
2014-07-26 21:36,6.476,0.064,0,0,0,0,v
2014-07-26 21:42,6.471,0.072,0,0,0,0,v
2014-07-26 21:48,6.476,0.064,0,0,0,0,v
2014-07-26 21:54,6.468,0.063,0,0,0,0,v
2014-07-26 22:00,6.472,0.060,0,0,0,0,v
2014-07-26 22:06,6.481,0.060,0,0,0,0,v
2014-07-26 22:12,6.469,0.066,0,0,0,0,v
2014-07-26 22:18,6.472,0.051,0,0,0,0,v
2014-07-26 22:24,6.457,0.059,0,0,0,0,v
2014-07-26 22:30,6.463,0.063,0,0,0,0,v
2014-07-26 22:36,6.449,0.064,0,0,0,0,v
2014-07-26 22:42,6.421,0.060,0,0,0,0,v
2014-07-26 22:48,6.405,0.066,0,0,0,0,v
2014-07-26 22:54,6.388,0.062,0,0,0,0,v
2014-07-26 23:00,6.395,0.070,0,0,0,0,v
2014-07-26 23:06,6.404,0.061,0,0,0,0,v
2014-07-26 23:12,6.395,0.062,0,0,0,0,v
2014-07-26 23:18,6.367,0.060,0,0,0,0,v
2014-07-26 23:24,6.354,0.066,0,0,0,0,v
2014-07-26 23:30,6.353,0.060,0,0,0,0,v
2014-07-26 23:36,6.338,0.060,0,0,0,0,v
2014-07-26 23:42,6.322,0.059,0,0,0,0,v
2014-07-26 23:48,6.327,0.063,0,0,0,0,v
2014-07-26 23:54,6.307,0.062,0,0,0,0,v
2014-07-27 00:00,6.301,0.070,0,0,0,0,v
2014-07-27 00:06,6.299,0.062,0,0,0,0,v
2014-07-27 00:12,6.308,0.056,0,0,0,0,v
2014-07-27 00:18,6.307,0.061,0,0,0,0,v
2014-07-27 00:24,6.291,0.058,0,0,0,0,v
2014-07-27 00:30,6.299,0.062,0,0,0,0,v
2014-07-27 00:36,6.280,0.065,0,0,0,0,v
2014-07-27 00:42,6.266,0.065,0,0,0,0,v
2014-07-27 00:48,6.247,0.068,0,0,0,0,v
2014-07-27 00:54,6.244,0.060,0,0,0,0,v
2014-07-27 01:00,6.240,0.066,0,0,0,0,v
2014-07-27 01:06,6.225,0.070,0,0,0,0,v
2014-07-27 01:12,6.220,0.064,0,0,0,0,v
2014-07-27 01:18,6.218,0.078,0,0,0,0,v
2014-07-27 01:24,6.204,0.067,0,0,0,0,v
2014-07-27 01:30,6.209,0.071,0,0,0,0,v
2014-07-27 01:36,6.218,0.061,0,0,0,0,v
2014-07-27 01:42,6.187,0.075,0,0,0,0,v
2014-07-27 01:48,6.201,0.075,0,0,0,0,v
2014-07-27 01:54,6.204,0.065,0,0,0,0,v
2014-07-27 02:00,6.206,0.070,0,0,0,0,v
2014-07-27 02:06,6.205,0.070,0,0,0,0,v
2014-07-27 02:12,6.236,0.066,0,0,0,0,v
2014-07-27 02:18,6.206,0.076,0,0,0,0,v
2014-07-27 02:24,6.218,0.066,0,0,0,0,v
2014-07-27 02:30,6.180,0.078,0,0,0,0,v
2014-07-27 02:36,6.200,0.066,0,0,0,0,v
2014-07-27 02:42,6.230,0.062,0,0,0,0,v
2014-07-27 02:48,6.213,0.083,0,0,0,0,v
2014-07-27 02:54,6.241,0.066,0,0,0,0,v
2014-07-27 03:00,6.216,0.068,0,0,0,0,v
2014-07-27 03:06,6.217,0.066,0,0,0,0,v
2014-07-27 03:12,6.220,0.079,0,0,0,0,v
2014-07-27 03:18,6.222,0.077,0,0,0,0,v
2014-07-27 03:24,6.227,0.066,0,0,0,0,v
2014-07-27 03:30,6.222,0.071,0,0,0,0,v
2014-07-27 03:36,6.199,0.076,0,0,0,0,v
2014-07-27 03:42,6.222,0.061,0,0,0,0,v
2014-07-27 03:48,6.236,0.052,0,0,0,0,v
2014-07-27 03:54,6.241,0.069,0,0,0,0,v
2014-07-27 04:00,6.252,0.075,0,0,0,0,v
2014-07-27 04:06,6.248,0.074,0,0,0,0,v
2014-07-27 04:12,6.277,0.063,0,0,0,0,v
2014-07-27 04:18,6.277,0.066,0,0,0,0,v
2014-07-27 04:24,6.267,0.071,0,0,0,0,v
2014-07-27 04:30,6.262,0.068,0,0,0,0,v
2014-07-27 04:36,6.302,0.059,0,0,0,0,v
2014-07-27 04:42,6.290,0.070,0,0,0,0,v
2014-07-27 04:48,6.293,0.056,0,0,0,0,v
2014-07-27 04:54,6.298,0.071,0,0,0,0,v
2014-07-27 05:00,6.320,0.071,0,0,0,0,v
2014-07-27 05:06,6.316,0.077,0,0,0,0,v
2014-07-27 05:12,6.329,0.072,0,0,0,0,v
2014-07-27 05:18,6.320,0.071,0,0,0,0,v
2014-07-27 05:24,6.327,0.076,0,0,0,0,v
2014-07-27 05:30,6.349,0.067,0,0,0,0,v
2014-07-27 05:36,6.377,0.067,0,0,0,0,v
2014-07-27 05:42,6.394,0.070,0,0,0,0,v
2014-07-27 05:48,6.402,0.073,0,0,0,0,v
2014-07-27 05:54,6.398,0.073,0,0,0,0,v
2014-07-27 06:00,6.385,0.075,0,0,0,0,v
2014-07-27 06:06,6.394,0.078,0,0,0,0,v
2014-07-27 06:12,6.414,0.062,0,0,0,0,v
2014-07-27 06:18,6.417,0.081,0,0,0,0,v
2014-07-27 06:24,6.428,0.080,0,0,0,0,v
2014-07-27 06:30,6.453,0.077,0,0,0,0,v
2014-07-27 06:36,6.487,0.071,0,0,0,0,v
2014-07-27 06:42,6.482,0.081,0,0,0,0,v
2014-07-27 06:48,6.510,0.071,0,0,0,0,v
2014-07-27 06:54,6.496,0.077,0,0,0,0,v
2014-07-27 07:00,6.509,0.063,0,0,0,0,v
2014-07-27 07:06,6.514,0.058,0,0,0,0,v
2014-07-27 07:12,6.494,0.072,0,0,0,0,v
2014-07-27 07:18,6.538,0.064,0,0,0,0,v
2014-07-27 07:24,6.549,0.060,0,0,0,0,v
2014-07-27 07:30,6.515,0.079,0,0,0,0,v
2014-07-27 07:36,6.536,0.076,0,0,0,0,v
2014-07-27 07:42,6.552,0.073,0,0,0,0,v
2014-07-27 07:48,6.562,0.070,0,0,0,0,v
2014-07-27 07:54,6.563,0.071,0,0,0,0,v
2014-07-27 08:00,6.563,0.079,0,0,0,0,v
2014-07-27 08:06,6.561,0.067,0,0,0,0,v
2014-07-27 08:12,6.561,0.083,0,0,0,0,v
2014-07-27 08:18,6.586,0.070,0,0,0,0,v
2014-07-27 08:24,6.575,0.077,0,0,0,0,v
2014-07-27 08:30,6.577,0.081,0,0,0,0,v
2014-07-27 08:36,6.585,0.077,0,0,0,0,v
2014-07-27 08:42,6.570,0.071,0,0,0,0,v
2014-07-27 08:48,6.578,0.071,0,0,0,0,v
2014-07-27 08:54,6.590,0.065,0,0,0,0,v
2014-07-27 09:00,6.603,0.080,0,0,0,0,v
2014-07-27 09:06,6.605,0.074,0,0,0,0,v
2014-07-27 09:12,6.636,0.069,0,0,0,0,v
2014-07-27 09:18,6.643,0.073,0,0,0,0,v
2014-07-27 09:24,6.661,0.065,0,0,0,0,v
2014-07-27 09:30,6.641,0.071,0,0,0,0,v
2014-07-27 09:36,6.654,0.070,0,0,0,0,v
2014-07-27 09:42,6.635,0.082,0,0,0,0,v
2014-07-27 09:48,6.648,0.068,0,0,0,0,v
2014-07-27 09:54,6.653,0.078,0,0,0,0,v
2014-07-27 10:00,6.657,0.072,0,0,0,0,v
2014-07-27 10:06,6.645,0.079,0,0,0,0,v
2014-07-27 10:12,6.646,0.075,0,0,0,0,v
2014-07-27 10:18,6.647,0.081,0,0,0,0,v
2014-07-27 10:24,6.659,0.066,0,0,0,0,v
2014-07-27 10:30,6.676,0.066,0,0,0,0,v
2014-07-27 10:36,6.660,0.071,0,0,0,0,v
2014-07-27 10:42,6.665,0.073,0,0,0,0,v
2014-07-27 10:48,6.669,0.069,0,0,0,0,v
2014-07-27 10:54,6.680,0.060,0,0,0,0,v
2014-07-27 11:00,6.677,0.076,0,0,0,0,v
2014-07-27 11:06,6.715,0.065,0,0,0,0,v
2014-07-27 11:12,6.713,0.066,0,0,0,0,v
2014-07-27 11:18,6.709,0.076,0,0,0,0,v
2014-07-27 11:24,6.705,0.076,0,0,0,0,v
2014-07-27 11:30,6.702,0.067,0,0,0,0,v
2014-07-27 11:36,6.692,0.067,0,0,0,0,v
2014-07-27 11:42,6.698,0.074,0,0,0,0,v
2014-07-27 11:48,6.711,0.077,0,0,0,0,v
2014-07-27 11:54,6.722,0.066,0,0,0,0,v
2014-07-27 12:00,6.709,0.076,0,0,0,0,v
2014-07-27 12:06,6.709,0.081,0,0,0,0,v
2014-07-27 12:12,6.706,0.080,0,0,0,0,v
2014-07-27 12:18,6.694,0.071,0,0,0,0,v
2014-07-27 12:24,6.704,0.061,0,0,0,0,v
2014-07-27 12:30,6.686,0.065,0,0,0,0,v
2014-07-27 12:36,6.673,0.077,0,0,0,0,v
2014-07-27 12:42,6.662,0.072,0,0,0,0,v
2014-07-27 12:48,6.678,0.061,0,0,0,0,v
2014-07-27 12:54,6.662,0.073,0,0,0,0,v
2014-07-27 13:00,6.668,0.079,0,0,0,0,v
2014-07-27 13:06,6.664,0.069,0,0,0,0,v
2014-07-27 13:12,6.662,0.076,0,0,0,0,v
2014-07-27 13:18,6.649,0.065,0,0,0,0,v
2014-07-27 13:24,6.637,0.071,0,0,0,0,v
2014-07-27 13:30,6.619,0.073,0,0,0,0,v
2014-07-27 13:36,6.582,0.073,0,0,0,0,v
2014-07-27 13:42,6.571,0.075,0,0,0,0,v
2014-07-27 13:48,6.579,0.073,0,0,0,0,v
2014-07-27 13:54,6.595,0.066,0,0,0,0,v
2014-07-27 14:00,6.584,0.077,0,0,0,0,v
2014-07-27 14:06,6.574,0.074,0,0,0,0,v
2014-07-27 14:12,6.575,0.064,0,0,0,0,v
2014-07-27 14:18,6.565,0.071,0,0,0,0,v
2014-07-27 14:24,6.578,0.074,0,0,0,0,v
2014-07-27 14:30,6.583,0.068,0,0,0,0,v
2014-07-27 14:36,6.590,0.075,0,0,0,0,v
2014-07-27 14:42,6.578,0.070,0,0,0,0,v
2014-07-27 14:48,6.591,0.062,0,0,0,0,v
2014-07-27 14:54,6.579,0.072,0,0,0,0,v
2014-07-27 15:00,6.584,0.070,0,0,0,0,v
2014-07-27 15:06,6.585,0.063,0,0,0,0,v
2014-07-27 15:12,6.591,0.075,0,0,0,0,v
2014-07-27 15:18,6.580,0.053,0,0,0,0,v
2014-07-27 15:24,6.568,0.065,0,0,0,0,v
2014-07-27 15:30,6.578,0.076,0,0,0,0,v
2014-07-27 15:36,6.591,0.066,0,0,0,0,v
2014-07-27 15:42,6.591,0.072,0,0,0,0,v
2014-07-27 15:48,6.605,0.064,0,0,0,0,v
2014-07-27 15:54,6.593,0.072,0,0,0,0,v
2014-07-27 16:00,6.604,0.072,0,0,0,0,v
2014-07-27 16:06,6.605,0.058,0,0,0,0,v
2014-07-27 16:12,6.600,0.066,0,0,0,0,v
2014-07-27 16:18,6.585,0.072,0,0,0,0,v
2014-07-27 16:24,6.604,0.067,0,0,0,0,v
2014-07-27 16:30,6.593,0.070,0,0,0,0,v
2014-07-27 16:36,6.595,0.066,0,0,0,0,v
2014-07-27 16:42,6.608,0.064,0,0,0,0,v
2014-07-27 16:48,6.605,0.067,0,0,0,0,v
2014-07-27 16:54,6.584,0.066,0,0,0,0,v
2014-07-27 17:00,6.601,0.066,0,0,0,0,v
2014-07-27 17:06,6.564,0.076,0,0,0,0,v
2014-07-27 17:12,6.578,0.066,0,0,0,0,v
2014-07-27 17:18,6.572,0.062,0,0,0,0,v
2014-07-27 17:24,6.600,0.068,0,0,0,0,v
2014-07-27 17:30,6.592,0.078,0,0,0,0,v
2014-07-27 17:36,6.593,0.069,0,0,0,0,v
2014-07-27 17:42,6.577,0.068,0,0,0,0,v
2014-07-27 17:48,6.560,0.074,0,0,0,0,v
2014-07-27 17:54,6.566,0.062,0,0,0,0,v
2014-07-27 18:00,6.571,0.067,0,0,0,0,v
2014-07-27 18:06,6.565,0.071,0,0,0,0,v
2014-07-27 18:12,6.567,0.068,0,0,0,0,v
2014-07-27 18:18,6.548,0.075,0,0,0,0,v
2014-07-27 18:24,6.568,0.068,0,0,0,0,v
2014-07-27 18:30,6.571,0.071,0,0,0,0,v
2014-07-27 18:36,6.573,0.073,0,0,0,0,v
2014-07-27 18:42,6.570,0.060,0,0,0,0,v
2014-07-27 18:48,6.565,0.063,0,0,0,0,v
2014-07-27 18:54,6.572,0.054,0,0,0,0,v
2014-07-27 19:00,6.564,0.068,0,0,0,0,v
2014-07-27 19:06,6.567,0.083,0,0,0,0,v
2014-07-27 19:12,6.578,0.067,0,0,0,0,v
2014-07-27 19:18,6.597,0.056,0,0,0,0,v
2014-07-27 19:24,6.572,0.068,0,0,0,0,v
2014-07-27 19:30,6.566,0.069,0,0,0,0,v
2014-07-27 19:36,6.580,0.058,0,0,0,0,v
2014-07-27 19:42,6.570,0.073,0,0,0,0,v
2014-07-27 19:48,6.571,0.075,0,0,0,0,v
2014-07-27 19:54,6.571,0.071,0,0,0,0,v
2014-07-27 20:00,6.561,0.062,0,0,0,0,v
2014-07-27 20:06,6.541,0.066,0,0,0,0,v
2014-07-27 20:12,6.541,0.065,0,0,0,0,v
2014-07-27 20:18,6.519,0.061,0,0,0,0,v
2014-07-27 20:24,6.522,0.058,0,0,0,0,v
2014-07-27 20:30,6.518,0.070,0,0,0,0,v
2014-07-27 20:36,6.540,0.064,0,0,0,0,v
2014-07-27 20:42,6.557,0.070,0,0,0,0,v
2014-07-27 20:48,6.549,0.067,0,0,0,0,v
2014-07-27 20:54,6.542,0.076,0,0,0,0,v
2014-07-27 21:00,6.556,0.069,0,0,0,0,v
2014-07-27 21:06,6.546,0.066,0,0,0,0,v
2014-07-27 21:12,6.542,0.057,0,0,0,0,v
2014-07-27 21:18,6.552,0.066,0,0,0,0,v
2014-07-27 21:24,6.542,0.066,0,0,0,0,v
2014-07-27 21:30,6.520,0.060,0,0,0,0,v
2014-07-27 21:36,6.532,0.072,0,0,0,0,v
2014-07-27 21:42,6.541,0.072,0,0,0,0,v
2014-07-27 21:48,6.541,0.067,0,0,0,0,v
2014-07-27 21:54,6.551,0.059,0,0,0,0,v
2014-07-27 22:00,6.535,0.064,0,0,0,0,v
2014-07-27 22:06,6.510,0.067,0,0,0,0,v
2014-07-27 22:12,6.522,0.069,0,0,0,0,v
2014-07-27 22:18,6.520,0.068,0,0,0,0,v
2014-07-27 22:24,6.508,0.072,0,0,0,0,v
2014-07-27 22:30,6.502,0.062,0,0,0,0,v
2014-07-27 22:36,6.495,0.067,0,0,0,0,v
2014-07-27 22:42,6.456,0.069,0,0,0,0,v
2014-07-27 22:48,6.446,0.067,0,0,0,0,v
2014-07-27 22:54,6.447,0.070,0,0,0,0,v
2014-07-27 23:00,6.431,0.071,0,0,0,0,v
2014-07-27 23:06,6.406,0.073,0,0,0,0,v
2014-07-27 23:12,6.379,0.071,0,0,0,0,v
2014-07-27 23:18,6.371,0.074,0,0,0,0,v
2014-07-27 23:24,6.362,0.075,0,0,0,0,v
2014-07-27 23:30,6.350,0.073,0,0,0,0,v
2014-07-27 23:36,6.354,0.077,0,0,0,0,v
2014-07-27 23:42,6.376,0.072,0,0,0,0,v
2014-07-27 23:48,6.359,0.075,0,0,0,0,v
2014-07-27 23:54,6.349,0.073,0,0,0,0,v
2014-07-28 00:00,6.332,0.070,0,0,0,0,v
2014-07-28 00:06,6.333,0.086,0,0,0,0,v
2014-07-28 00:12,6.339,0.066,0,0,0,0,v
2014-07-28 00:18,6.342,0.069,0,0,0,0,v
2014-07-28 00:24,6.317,0.076,0,0,0,0,v
2014-07-28 00:30,6.309,0.062,0,0,0,0,v
2014-07-28 00:36,6.309,0.076,0,0,0,0,v
2014-07-28 00:42,6.305,0.068,0,0,0,0,v
2014-07-28 00:48,6.310,0.072,0,0,0,0,v
2014-07-28 00:54,6.310,0.068,0,0,0,0,v
2014-07-28 01:00,6.307,0.073,0,0,0,0,v
2014-07-28 01:06,6.284,0.070,0,0,0,0,v
2014-07-28 01:12,6.286,0.067,0,0,0,0,v
2014-07-28 01:18,6.265,0.063,0,0,0,0,v
2014-07-28 01:24,6.255,0.073,0,0,0,0,v
2014-07-28 01:30,6.238,0.076,0,0,0,0,v
2014-07-28 01:36,6.247,0.076,0,0,0,0,v
2014-07-28 01:42,6.250,0.075,0,0,0,0,v
2014-07-28 01:48,6.244,0.070,0,0,0,0,v
2014-07-28 01:54,6.231,0.079,0,0,0,0,v
2014-07-28 02:00,6.246,0.060,0,0,0,0,v
2014-07-28 02:06,6.239,0.073,0,0,0,0,v
2014-07-28 02:12,6.241,0.075,0,0,0,0,v
2014-07-28 02:18,6.238,0.085,0,0,0,0,v
2014-07-28 02:24,6.237,0.076,0,0,0,0,v
2014-07-28 02:30,6.233,0.071,0,0,0,0,v
2014-07-28 02:36,6.241,0.064,0,0,0,0,v
2014-07-28 02:42,6.237,0.076,0,0,0,0,v
2014-07-28 02:48,6.235,0.073,0,0,0,0,v
2014-07-28 02:54,6.246,0.074,0,0,0,0,v
2014-07-28 03:00,6.240,0.074,0,0,0,0,v
2014-07-28 03:06,6.226,0.073,0,0,0,0,v
2014-07-28 03:12,6.246,0.074,0,0,0,0,v
2014-07-28 03:18,6.240,0.086,0,0,0,0,v
2014-07-28 03:24,6.223,0.079,0,0,0,0,v
2014-07-28 03:30,6.227,0.078,0,0,0,0,v
2014-07-28 03:36,6.231,0.072,0,0,0,0,v
2014-07-28 03:42,6.233,0.073,0,0,0,0,v
2014-07-28 03:48,6.239,0.076,0,0,0,0,v
2014-07-28 03:54,6.263,0.066,0,0,0,0,v
2014-07-28 04:00,6.250,0.074,0,0,0,0,v
2014-07-28 04:06,6.255,0.068,0,0,0,0,v
2014-07-28 04:12,6.261,0.066,0,0,0,0,v
2014-07-28 04:18,6.253,0.075,0,0,0,0,v
2014-07-28 04:24,6.253,0.068,0,0,0,0,v
2014-07-28 04:30,6.251,0.077,0,0,0,0,v
2014-07-28 04:36,6.245,0.072,0,0,0,0,v
2014-07-28 04:42,6.236,0.077,0,0,0,0,v
2014-07-28 04:48,6.249,0.067,0,0,0,0,v
2014-07-28 04:54,6.264,0.077,0,0,0,0,v
2014-07-28 05:00,6.274,0.076,0,0,0,0,v
2014-07-28 05:06,6.275,0.067,0,0,0,0,v
2014-07-28 05:12,6.260,0.069,0,0,0,0,v
2014-07-28 05:18,6.258,0.072,0,0,0,0,v
2014-07-28 05:24,6.257,0.086,0,0,0,0,v
2014-07-28 05:30,6.293,0.073,0,0,0,0,v
2014-07-28 05:36,6.314,0.075,0,0,0,0,v
2014-07-28 05:42,6.333,0.073,0,0,0,0,v
2014-07-28 05:48,6.343,0.077,0,0,0,0,v
2014-07-28 05:54,6.340,0.072,0,0,0,0,v
2014-07-28 06:00,6.362,0.077,0,0,0,0,v
2014-07-28 06:06,6.359,0.069,0,0,0,0,v
2014-07-28 06:12,6.356,0.067,0,0,0,0,v
2014-07-28 06:18,6.361,0.062,0,0,0,0,v
2014-07-28 06:24,6.381,0.072,0,0,0,0,v
2014-07-28 06:30,6.387,0.072,0,0,0,0,v
2014-07-28 06:36,6.393,0.075,0,0,0,0,v
2014-07-28 06:42,6.424,0.074,0,0,0,0,v
2014-07-28 06:48,6.449,0.068,0,0,0,0,v
2014-07-28 06:54,6.442,0.073,0,0,0,0,v
2014-07-28 07:00,6.437,0.076,0,0,0,0,v
2014-07-28 07:06,6.466,0.072,0,0,0,0,v
2014-07-28 07:12,6.470,0.073,0,0,0,0,v
2014-07-28 07:18,6.488,0.071,0,0,0,0,v
2014-07-28 07:24,6.503,0.073,0,0,0,0,v
2014-07-28 07:30,6.499,0.070,0,0,0,0,v
2014-07-28 07:36,6.499,0.080,0,0,0,0,v
2014-07-28 07:42,6.512,0.080,0,0,0,0,v
2014-07-28 07:48,6.529,0.063,0,0,0,0,v
2014-07-28 07:54,6.516,0.076,0,0,0,0,v
2014-07-28 08:00,6.530,0.074,0,0,0,0,v
2014-07-28 08:06,6.535,0.078,0,0,0,0,v
2014-07-28 08:12,6.528,0.071,0,0,0,0,v
2014-07-28 08:18,6.547,0.074,0,0,0,0,v
2014-07-28 08:24,6.561,0.057,0,0,0,0,v
2014-07-28 08:30,6.559,0.068,0,0,0,0,v
2014-07-28 08:36,6.571,0.079,0,0,0,0,v
2014-07-28 08:42,6.578,0.075,0,0,0,0,v
2014-07-28 08:48,6.570,0.074,0,0,0,0,v
2014-07-28 08:54,6.572,0.065,0,0,0,0,v
2014-07-28 09:00,6.571,0.070,0,0,0,0,v
2014-07-28 09:06,6.597,0.064,0,0,0,0,v
2014-07-28 09:12,6.595,0.072,0,0,0,0,v
2014-07-28 09:18,6.583,0.077,0,0,0,0,v
2014-07-28 09:24,6.602,0.075,0,0,0,0,v
2014-07-28 09:30,6.620,0.061,0,0,0,0,v
2014-07-28 09:36,6.604,0.067,0,0,0,0,v
2014-07-28 09:42,6.609,0.086,0,0,0,0,v
2014-07-28 09:48,6.616,0.069,0,0,0,0,v
2014-07-28 09:54,6.635,0.072,0,0,0,0,v
2014-07-28 10:00,6.662,0.067,0,0,0,0,v
2014-07-28 10:06,6.650,0.080,0,0,0,0,v
2014-07-28 10:12,6.639,0.076,0,0,0,0,v
2014-07-28 10:18,6.657,0.069,0,0,0,0,v
2014-07-28 10:24,6.649,0.067,0,0,0,0,v
2014-07-28 10:30,6.648,0.066,0,0,0,0,v
2014-07-28 10:36,6.660,0.063,0,0,0,0,v
2014-07-28 10:42,6.655,0.077,0,0,0,0,v
2014-07-28 10:48,6.665,0.067,0,0,0,0,v
2014-07-28 10:54,6.643,0.085,0,0,0,0,v
2014-07-28 11:00,6.650,0.066,0,0,0,0,v
2014-07-28 11:06,6.651,0.067,0,0,0,0,v
2014-07-28 11:12,6.656,0.069,0,0,0,0,v
2014-07-28 11:18,6.667,0.068,0,0,0,0,v
2014-07-28 11:24,6.673,0.064,0,0,0,0,v
2014-07-28 11:30,6.669,0.071,0,0,0,0,v
2014-07-28 11:36,6.669,0.073,0,0,0,0,v
2014-07-28 11:42,6.668,0.073,0,0,0,0,v
2014-07-28 11:48,6.660,0.065,0,0,0,0,v
2014-07-28 11:54,6.648,0.075,0,0,0,0,v
2014-07-28 12:00,6.662,0.067,0,0,0,0,v
2014-07-28 12:06,6.653,0.067,0,0,0,0,v
2014-07-28 12:12,6.661,0.067,0,0,0,0,v
2014-07-28 12:18,6.657,0.081,0,0,0,0,v
2014-07-28 12:24,6.642,0.082,0,0,0,0,v
2014-07-28 12:30,6.632,0.070,0,0,0,0,v
2014-07-28 12:36,6.619,0.072,0,0,0,0,v
2014-07-28 12:42,6.629,0.058,0,0,0,0,v
2014-07-28 12:48,6.619,0.074,0,0,0,0,v
2014-07-28 12:54,6.629,0.073,0,0,0,0,v
2014-07-28 13:00,6.645,0.075,0,0,0,0,v
2014-07-28 13:06,6.625,0.074,0,0,0,0,v
2014-07-28 13:12,6.626,0.073,0,0,0,0,v
2014-07-28 13:18,6.620,0.065,0,0,0,0,v
2014-07-28 13:24,6.631,0.063,0,0,0,0,v
2014-07-28 13:30,6.610,0.079,0,0,0,0,v
2014-07-28 13:36,6.597,0.073,0,0,0,0,v
2014-07-28 13:42,6.596,0.077,0,0,0,0,v
2014-07-28 13:48,6.595,0.077,0,0,0,0,v
2014-07-28 13:54,6.607,0.071,0,0,0,0,v
2014-07-28 14:00,6.615,0.062,0,0,0,0,v
2014-07-28 14:06,6.610,0.077,0,0,0,0,v
2014-07-28 14:12,6.598,0.058,0,0,0,0,v
2014-07-28 14:18,6.575,0.069,0,0,0,0,v
2014-07-28 14:24,6.585,0.061,0,0,0,0,v
2014-07-28 14:30,6.600,0.063,0,0,0,0,v
2014-07-28 14:36,6.608,0.071,0,0,0,0,v
2014-07-28 14:42,6.588,0.088,0,0,0,0,v
2014-07-28 14:48,6.598,0.067,0,0,0,0,v
2014-07-28 14:54,6.582,0.071,0,0,0,0,v
2014-07-28 15:00,6.579,0.061,0,0,0,0,v
2014-07-28 15:06,6.565,0.067,0,0,0,0,v
2014-07-28 15:12,6.578,0.067,0,0,0,0,v
2014-07-28 15:18,6.590,0.067,0,0,0,0,v
2014-07-28 15:24,6.588,0.067,0,0,0,0,v
2014-07-28 15:30,6.597,0.069,0,0,0,0,v
2014-07-28 15:36,6.593,0.074,0,0,0,0,v
2014-07-28 15:42,6.597,0.065,0,0,0,0,v
2014-07-28 15:48,6.573,0.059,0,0,0,0,v
2014-07-28 15:54,6.563,0.064,0,0,0,0,v
2014-07-28 16:00,6.573,0.067,0,0,0,0,v
2014-07-28 16:06,6.572,0.075,0,0,0,0,v
2014-07-28 16:12,6.590,0.067,0,0,0,0,v
2014-07-28 16:18,6.574,0.075,0,0,0,0,v
2014-07-28 16:24,6.565,0.064,0,0,0,0,v
2014-07-28 16:30,6.570,0.068,0,0,0,0,v
2014-07-28 16:36,6.566,0.075,0,0,0,0,v
2014-07-28 16:42,6.560,0.066,0,0,0,0,v
2014-07-28 16:48,6.559,0.068,0,0,0,0,v
2014-07-28 16:54,6.565,0.070,0,0,0,0,v
2014-07-28 17:00,6.560,0.065,0,0,0,0,v
2014-07-28 17:06,6.562,0.065,0,0,0,0,v
2014-07-28 17:12,6.564,0.068,0,0,0,0,v
2014-07-28 17:18,6.569,0.058,0,0,0,0,v
2014-07-28 17:24,6.586,0.063,0,0,0,0,v
2014-07-28 17:30,6.559,0.054,0,0,0,0,v
2014-07-28 17:36,6.550,0.072,0,0,0,0,v
2014-07-28 17:42,6.541,0.068,0,0,0,0,v
2014-07-28 17:48,6.539,0.057,0,0,0,0,v
2014-07-28 17:54,6.528,0.074,0,0,0,0,v
2014-07-28 18:00,6.517,0.062,0,0,0,0,v
2014-07-28 18:06,6.527,0.070,0,0,0,0,v
2014-07-28 18:12,6.544,0.061,0,0,0,0,v
2014-07-28 18:18,6.536,0.063,0,0,0,0,v
2014-07-28 18:24,6.531,0.070,0,0,0,0,v
2014-07-28 18:30,6.540,0.066,0,0,0,0,v
2014-07-28 18:36,6.540,0.074,0,0,0,0,v
2014-07-28 18:42,6.566,0.062,0,0,0,0,v
2014-07-28 18:48,6.572,0.058,0,0,0,0,v
2014-07-28 18:54,6.564,0.066,0,0,0,0,v
2014-07-28 19:00,6.557,0.065,0,0,0,0,v
2014-07-28 19:06,6.558,0.070,0,0,0,0,v
2014-07-28 19:12,6.563,0.066,0,0,0,0,v
2014-07-28 19:18,6.568,0.069,0,0,0,0,v
2014-07-28 19:24,6.559,0.070,0,0,0,0,v
2014-07-28 19:30,6.564,0.059,0,0,0,0,v
2014-07-28 19:36,6.558,0.062,0,0,0,0,v
2014-07-28 19:42,6.575,0.060,0,0,0,0,v
2014-07-28 19:48,6.582,0.060,0,0,0,0,v
2014-07-28 19:54,6.566,0.072,0,0,0,0,v
2014-07-28 20:00,6.563,0.064,0,0,0,0,v
2014-07-28 20:06,6.566,0.075,0,0,0,0,v
2014-07-28 20:12,6.576,0.068,0,0,0,0,v
2014-07-28 20:18,6.587,0.061,0,0,0,0,v
2014-07-28 20:24,6.585,0.062,0,0,0,0,v
2014-07-28 20:30,6.585,0.065,0,0,0,0,v
2014-07-28 20:36,6.569,0.057,0,0,0,0,v
2014-07-28 20:42,6.580,0.062,0,0,0,0,v
2014-07-28 20:48,6.579,0.071,0,0,0,0,v
2014-07-28 20:54,6.575,0.066,0,0,0,0,v
2014-07-28 21:00,6.580,0.069,0,0,0,0,v
2014-07-28 21:06,6.576,0.060,0,0,0,0,v
2014-07-28 21:12,6.582,0.074,0,0,0,0,v
2014-07-28 21:18,6.601,0.051,0,0,0,0,v
2014-07-28 21:24,6.614,0.062,0,0,0,0,v
2014-07-28 21:30,6.572,0.062,0,0,0,0,v
2014-07-28 21:36,6.584,0.066,0,0,0,0,v
2014-07-28 21:42,6.569,0.050,0,0,0,0,v
2014-07-28 21:48,6.557,0.061,0,0,0,0,v
2014-07-28 21:54,6.543,0.064,0,0,0,0,v
2014-07-28 22:00,6.563,0.057,0,0,0,0,v
2014-07-28 22:06,6.548,0.053,0,0,0,0,v
2014-07-28 22:12,6.554,0.062,0,0,0,0,v
2014-07-28 22:18,6.560,0.065,0,0,0,0,v
2014-07-28 22:24,6.551,0.066,0,0,0,0,v
2014-07-28 22:30,6.520,0.061,0,0,0,0,v
2014-07-28 22:36,6.539,0.054,0,0,0,0,v
2014-07-28 22:42,6.528,0.066,0,0,0,0,v
2014-07-28 22:48,6.508,0.065,0,0,0,0,v
2014-07-28 22:54,6.479,0.067,0,0,0,0,v
2014-07-28 23:00,6.476,0.062,0,0,0,0,v
2014-07-28 23:06,6.472,0.061,0,0,0,0,v
2014-07-28 23:12,6.476,0.062,0,0,0,0,v
2014-07-28 23:18,6.472,0.056,0,0,0,0,v
2014-07-28 23:24,6.442,0.063,0,0,0,0,v
2014-07-28 23:30,6.433,0.061,0,0,0,0,v
2014-07-28 23:36,6.435,0.058,0,0,0,0,v
2014-07-28 23:42,6.412,0.061,0,0,0,0,v
2014-07-28 23:48,6.428,0.056,0,0,0,0,v
2014-07-28 23:54,6.424,0.070,0,0,0,0,v
2014-07-29 00:00,6.418,0.063,0,0,0,0,v
2014-07-29 00:06,6.407,0.059,0,0,0,0,v
2014-07-29 00:12,6.391,0.062,0,0,0,0,v
2014-07-29 00:18,6.403,0.062,0,0,0,0,v
2014-07-29 00:24,6.391,0.054,0,0,0,0,v
2014-07-29 00:30,6.394,0.071,0,0,0,0,v
2014-07-29 00:36,6.377,0.058,0,0,0,0,v
2014-07-29 00:42,6.363,0.062,0,0,0,0,v
2014-07-29 00:48,6.352,0.069,0,0,0,0,v
2014-07-29 00:54,6.362,0.061,0,0,0,0,v
2014-07-29 01:00,6.346,0.063,0,0,0,0,v
2014-07-29 01:06,6.339,0.058,0,0,0,0,v
2014-07-29 01:12,6.338,0.055,0,0,0,0,v
2014-07-29 01:18,6.326,0.051,0,0,0,0,v
2014-07-29 01:24,6.327,0.054,0,0,0,0,v
2014-07-29 01:30,6.324,0.061,0,0,0,0,v
2014-07-29 01:36,6.324,0.068,0,0,0,0,v
2014-07-29 01:42,6.305,0.054,0,0,0,0,v
2014-07-29 01:48,6.299,0.060,0,0,0,0,v
2014-07-29 01:54,6.309,0.053,0,0,0,0,v
2014-07-29 02:00,6.291,0.058,0,0,0,0,v
2014-07-29 02:06,6.305,0.051,0,0,0,0,v
2014-07-29 02:12,6.303,0.053,0,0,0,0,v
2014-07-29 02:18,6.292,0.052,0,0,0,0,v
2014-07-29 02:24,6.303,0.052,0,0,0,0,v
2014-07-29 02:30,6.301,0.061,0,0,0,0,v
2014-07-29 02:36,6.306,0.056,0,0,0,0,v
2014-07-29 02:42,6.305,0.054,0,0,0,0,v
2014-07-29 02:48,6.292,0.066,0,0,0,0,v
2014-07-29 02:54,6.282,0.057,0,0,0,0,v
2014-07-29 03:00,6.277,0.058,0,0,0,0,v
2014-07-29 03:06,6.274,0.058,0,0,0,0,v
2014-07-29 03:12,6.265,0.068,0,0,0,0,v
2014-07-29 03:18,6.273,0.060,0,0,0,0,v
2014-07-29 03:24,6.252,0.060,0,0,0,0,v
2014-07-29 03:30,6.267,0.057,0,0,0,0,v
2014-07-29 03:36,6.282,0.051,0,0,0,0,v
2014-07-29 03:42,6.283,0.054,0,0,0,0,v
2014-07-29 03:48,6.269,0.060,0,0,0,0,v
2014-07-29 03:54,6.266,0.056,0,0,0,0,v
2014-07-29 04:00,6.281,0.052,0,0,0,0,v
2014-07-29 04:06,6.286,0.063,0,0,0,0,v
2014-07-29 04:12,6.303,0.057,0,0,0,0,v
2014-07-29 04:18,6.307,0.058,0,0,0,0,v
2014-07-29 04:24,6.310,0.061,0,0,0,0,v
2014-07-29 04:30,6.305,0.054,0,0,0,0,v
2014-07-29 04:36,6.293,0.057,0,0,0,0,v
2014-07-29 04:42,6.299,0.059,0,0,0,0,v
2014-07-29 04:48,6.305,0.059,0,0,0,0,v
2014-07-29 04:54,6.302,0.063,0,0,0,0,v
2014-07-29 05:00,6.308,0.058,0,0,0,0,v
2014-07-29 05:06,6.309,0.059,0,0,0,0,v
2014-07-29 05:12,6.323,0.053,0,0,0,0,v
2014-07-29 05:18,6.319,0.058,0,0,0,0,v
2014-07-29 05:24,6.327,0.060,0,0,0,0,v
2014-07-29 05:30,6.317,0.057,0,0,0,0,v
2014-07-29 05:36,6.321,0.058,0,0,0,0,v
2014-07-29 05:42,6.333,0.055,0,0,0,0,v
2014-07-29 05:48,6.340,0.060,0,0,0,0,v
2014-07-29 05:54,6.346,0.057,0,0,0,0,v
2014-07-29 06:00,6.342,0.054,0,0,0,0,v
2014-07-29 06:06,6.342,0.062,0,0,0,0,v
2014-07-29 06:12,6.345,0.060,0,0,0,0,v
2014-07-29 06:18,6.360,0.060,0,0,0,0,v
2014-07-29 06:24,6.367,0.063,0,0,0,0,v
2014-07-29 06:30,6.395,0.059,0,0,0,0,v
2014-07-29 06:36,6.410,0.060,0,0,0,0,v
2014-07-29 06:42,6.424,0.062,0,0,0,0,v
2014-07-29 06:48,6.430,0.068,0,0,0,0,v
2014-07-29 06:54,6.444,0.057,0,0,0,0,v
2014-07-29 07:00,6.450,0.058,0,0,0,0,v
2014-07-29 07:06,6.442,0.058,0,0,0,0,v
2014-07-29 07:12,6.464,0.055,0,0,0,0,v
2014-07-29 07:18,6.468,0.063,0,0,0,0,v
2014-07-29 07:24,6.481,0.051,0,0,0,0,v
2014-07-29 07:30,6.480,0.059,0,0,0,0,v
2014-07-29 07:36,6.483,0.055,0,0,0,0,v
2014-07-29 07:42,6.492,0.063,0,0,0,0,v
2014-07-29 07:48,6.510,0.063,0,0,0,0,v
2014-07-29 07:54,6.505,0.064,0,0,0,0,v
2014-07-29 08:00,6.526,0.064,0,0,0,0,v
2014-07-29 08:06,6.521,0.066,0,0,0,0,v
2014-07-29 08:12,6.524,0.060,0,0,0,0,v
2014-07-29 08:18,6.535,0.058,0,0,0,0,v
2014-07-29 08:24,6.538,0.057,0,0,0,0,v
2014-07-29 08:30,6.521,0.067,0,0,0,0,v
2014-07-29 08:36,6.532,0.059,0,0,0,0,v
2014-07-29 08:42,6.519,0.061,0,0,0,0,v
2014-07-29 08:48,6.531,0.060,0,0,0,0,v
2014-07-29 08:54,6.528,0.065,0,0,0,0,v
2014-07-29 09:00,6.538,0.057,0,0,0,0,v
2014-07-29 09:06,6.563,0.052,0,0,0,0,v
2014-07-29 09:12,6.556,0.053,0,0,0,0,v
2014-07-29 09:18,6.559,0.062,0,0,0,0,v
2014-07-29 09:24,6.567,0.052,0,0,0,0,v
2014-07-29 09:30,6.559,0.059,0,0,0,0,v
2014-07-29 09:36,6.554,0.058,0,0,0,0,v
2014-07-29 09:42,6.566,0.058,0,0,0,0,v
2014-07-29 09:48,6.571,0.061,0,0,0,0,v
2014-07-29 09:54,6.564,0.053,0,0,0,0,v
2014-07-29 10:00,6.572,0.060,0,0,0,0,v
2014-07-29 10:06,6.559,0.059,0,0,0,0,v
2014-07-29 10:12,6.599,0.057,0,0,0,0,v
2014-07-29 10:18,6.596,0.053,0,0,0,0,v
2014-07-29 10:24,6.591,0.055,0,0,0,0,v
2014-07-29 10:30,6.608,0.053,0,0,0,0,v
2014-07-29 10:36,6.592,0.051,0,0,0,0,v
2014-07-29 10:42,6.596,0.061,0,0,0,0,v
2014-07-29 10:48,6.599,0.059,0,0,0,0,v
2014-07-29 10:54,6.612,0.058,0,0,0,0,v
2014-07-29 11:00,6.616,0.061,0,0,0,0,v
2014-07-29 11:06,6.631,0.049,0,0,0,0,v
2014-07-29 11:12,6.625,0.059,0,0,0,0,v
2014-07-29 11:18,6.632,0.057,0,0,0,0,v
2014-07-29 11:24,6.620,0.057,0,0,0,0,v
2014-07-29 11:30,6.620,0.062,0,0,0,0,v
2014-07-29 11:36,6.630,0.052,0,0,0,0,v
2014-07-29 11:42,6.627,0.063,0,0,0,0,v
2014-07-29 11:48,6.635,0.061,0,0,0,0,v
2014-07-29 11:54,6.626,0.062,0,0,0,0,v
2014-07-29 12:00,6.624,0.062,0,0,0,0,v
2014-07-29 12:06,6.648,0.055,0,0,0,0,v
2014-07-29 12:12,6.643,0.051,0,0,0,0,v
2014-07-29 12:18,6.657,0.051,0,0,0,0,v
2014-07-29 12:24,6.666,0.055,0,0,0,0,v
2014-07-29 12:30,6.651,0.052,0,0,0,0,v
2014-07-29 12:36,6.643,0.056,0,0,0,0,v
2014-07-29 12:42,6.625,0.054,0,0,0,0,v
2014-07-29 12:48,6.628,0.056,0,0,0,0,v
2014-07-29 12:54,6.625,0.055,0,0,0,0,v
2014-07-29 13:00,6.629,0.053,0,0,0,0,v
2014-07-29 13:06,6.613,0.058,0,0,0,0,v
2014-07-29 13:12,6.587,0.061,0,0,0,0,v
2014-07-29 13:18,6.591,0.058,0,0,0,0,v
2014-07-29 13:24,6.572,0.055,0,0,0,0,v
2014-07-29 13:30,6.584,0.059,0,0,0,0,v
2014-07-29 13:36,6.582,0.046,0,0,0,0,v
2014-07-29 13:42,6.568,0.060,0,0,0,0,v
2014-07-29 13:48,6.561,0.046,0,0,0,0,v
2014-07-29 13:54,6.570,0.060,0,0,0,0,v
2014-07-29 14:00,6.558,0.056,0,0,0,0,v
2014-07-29 14:06,6.566,0.052,0,0,0,0,v
2014-07-29 14:12,6.590,0.043,0,0,0,0,v
2014-07-29 14:18,6.571,0.059,0,0,0,0,v
2014-07-29 14:24,6.527,0.050,0,0,0,0,v
2014-07-29 14:30,6.554,0.057,0,0,0,0,v
2014-07-29 14:36,6.535,0.056,0,0,0,0,v
2014-07-29 14:42,6.516,0.052,0,0,0,0,v
2014-07-29 14:48,6.474,0.048,0,0,0,0,v
2014-07-29 14:54,6.443,0.058,0,0,0,0,v
2014-07-29 15:00,6.443,0.055,0,0,0,0,v
2014-07-29 15:06,6.443,0.050,0,0,0,0,v
2014-07-29 15:12,6.463,0.052,0,0,0,0,v
2014-07-29 15:18,6.500,0.051,0,0,0,0,v
2014-07-29 15:24,6.520,0.051,0,0,0,0,v
2014-07-29 15:30,6.503,0.057,0,0,0,0,v
2014-07-29 15:36,6.505,0.063,0,0,0,0,v
2014-07-29 15:42,6.502,0.051,0,0,0,0,v
2014-07-29 15:48,6.522,0.055,0,0,0,0,v
2014-07-29 15:54,6.527,0.055,0,0,0,0,v
2014-07-29 16:00,6.509,0.048,0,0,0,0,v
2014-07-29 16:06,6.507,0.048,0,0,0,0,v
2014-07-29 16:12,6.533,0.052,0,0,0,0,v
2014-07-29 16:18,6.513,0.053,0,0,0,0,v
2014-07-29 16:24,6.531,0.049,0,0,0,0,v
2014-07-29 16:30,6.511,0.052,0,0,0,0,v
2014-07-29 16:36,6.516,0.049,0,0,0,0,v
2014-07-29 16:42,6.520,0.054,0,0,0,0,v
2014-07-29 16:48,6.494,0.046,0,0,0,0,v
2014-07-29 16:54,6.505,0.057,0,0,0,0,v
2014-07-29 17:00,6.524,0.053,0,0,0,0,v
2014-07-29 17:06,6.536,0.061,0,0,0,0,v
2014-07-29 17:12,6.530,0.051,0,0,0,0,v
2014-07-29 17:18,6.547,0.051,0,0,0,0,v
2014-07-29 17:24,6.550,0.058,0,0,0,0,v
2014-07-29 17:30,6.547,0.049,0,0,0,0,v
2014-07-29 17:36,6.545,0.056,0,0,0,0,v
2014-07-29 17:42,6.543,0.053,0,0,0,0,v
2014-07-29 17:48,6.527,0.051,0,0,0,0,v
2014-07-29 17:54,6.540,0.045,0,0,0,0,v
2014-07-29 18:00,6.533,0.039,0,0,0,0,v
2014-07-29 18:06,6.509,0.055,0,0,0,0,v
2014-07-29 18:12,6.503,0.046,0,0,0,0,v
2014-07-29 18:18,6.502,0.045,0,0,0,0,v
2014-07-29 18:24,6.505,0.057,0,0,0,0,v
2014-07-29 18:30,6.477,0.052,0,0,0,0,v
2014-07-29 18:36,6.475,0.047,0,0,0,0,v
2014-07-29 18:42,6.486,0.052,0,0,0,0,v
2014-07-29 18:48,6.481,0.041,0,0,0,0,v
2014-07-29 18:54,6.466,0.051,0,0,0,0,v
2014-07-29 19:00,6.474,0.051,0,0,0,0,v
2014-07-29 19:06,6.468,0.053,0,0,0,0,v
2014-07-29 19:12,6.494,0.046,0,0,0,0,v
2014-07-29 19:18,6.529,0.058,0,0,0,0,v
2014-07-29 19:24,6.522,0.054,0,0,0,0,v
2014-07-29 19:30,6.529,0.054,0,0,0,0,v
2014-07-29 19:36,6.515,0.051,0,0,0,0,v
2014-07-29 19:42,6.505,0.052,0,0,0,0,v
2014-07-29 19:48,6.479,0.050,0,0,0,0,v
2014-07-29 19:54,6.484,0.054,0,0,0,0,v
2014-07-29 20:00,6.504,0.054,0,0,0,0,v
2014-07-29 20:06,6.511,0.044,0,0,0,0,v
2014-07-29 20:12,6.510,0.049,0,0,0,0,v
2014-07-29 20:18,6.504,0.058,0,0,0,0,v
2014-07-29 20:24,6.510,0.045,0,0,0,0,v
2014-07-29 20:30,6.557,0.052,0,0,0,0,v
2014-07-29 20:36,6.546,0.050,0,0,0,0,v
2014-07-29 20:42,6.548,0.050,0,0,0,0,v
2014-07-29 20:48,6.570,0.044,0,0,0,0,v
2014-07-29 20:54,6.578,0.049,0,0,0,0,v
2014-07-29 21:00,6.593,0.056,0,0,0,0,v
2014-07-29 21:06,6.586,0.046,0,0,0,0,v
2014-07-29 21:12,6.603,0.048,0,0,0,0,v
2014-07-29 21:18,6.566,0.050,0,0,0,0,v
2014-07-29 21:24,6.568,0.052,0,0,0,0,v
2014-07-29 21:30,6.593,0.050,0,0,0,0,v
2014-07-29 21:36,6.580,0.052,0,0,0,0,v
2014-07-29 21:42,6.572,0.051,0,0,0,0,v
2014-07-29 21:48,6.582,0.050,0,0,0,0,v
2014-07-29 21:54,6.576,0.044,0,0,0,0,v
2014-07-29 22:00,6.581,0.045,0,0,0,0,v
2014-07-29 22:06,6.595,0.043,0,0,0,0,v
2014-07-29 22:12,6.574,0.054,0,0,0,0,v
2014-07-29 22:18,6.576,0.046,0,0,0,0,v
2014-07-29 22:24,6.562,0.045,0,0,0,0,v
2014-07-29 22:30,6.546,0.040,0,0,0,0,v
2014-07-29 22:36,6.527,0.047,0,0,0,0,v
2014-07-29 22:42,6.514,0.051,0,0,0,0,v
2014-07-29 22:48,6.537,0.048,0,0,0,0,v
2014-07-29 22:54,6.541,0.049,0,0,0,0,v
2014-07-29 23:00,6.533,0.044,0,0,0,0,v
2014-07-29 23:06,6.518,0.044,0,0,0,0,v
2014-07-29 23:12,6.530,0.041,0,0,0,0,v
2014-07-29 23:18,6.540,0.048,0,0,0,0,v
2014-07-29 23:24,6.537,0.045,0,0,0,0,v
2014-07-29 23:30,6.511,0.050,0,0,0,0,v
2014-07-29 23:36,6.518,0.047,0,0,0,0,v
2014-07-29 23:42,6.488,0.049,0,0,0,0,v
2014-07-29 23:48,6.462,0.055,0,0,0,0,v
2014-07-29 23:54,6.452,0.056,0,0,0,0,v
2014-07-30 00:00,6.440,0.051,0,0,0,0,v
2014-07-30 00:06,6.423,0.053,0,0,0,0,v
2014-07-30 00:12,6.430,0.043,0,0,0,0,v
2014-07-30 00:18,6.434,0.052,0,0,0,0,v
2014-07-30 00:24,6.421,0.047,0,0,0,0,v
2014-07-30 00:30,6.451,0.048,0,0,0,0,v
2014-07-30 00:36,6.418,0.049,0,0,0,0,v
2014-07-30 00:42,6.433,0.046,0,0,0,0,v
2014-07-30 00:48,6.421,0.051,0,0,0,0,v
2014-07-30 00:54,6.444,0.054,0,0,0,0,v
2014-07-30 01:00,6.436,0.051,0,0,0,0,v
2014-07-30 01:06,6.423,0.048,0,0,0,0,v
2014-07-30 01:12,6.424,0.048,0,0,0,0,v
2014-07-30 01:18,6.385,0.045,0,0,0,0,v
2014-07-30 01:24,6.351,0.050,0,0,0,0,v
2014-07-30 01:30,6.351,0.044,0,0,0,0,v
2014-07-30 01:36,6.355,0.052,0,0,0,0,v
2014-07-30 01:42,6.360,0.047,0,0,0,0,v
2014-07-30 01:48,6.319,0.047,0,0,0,0,v
2014-07-30 01:54,6.314,0.047,0,0,0,0,v
2014-07-30 02:00,6.315,0.051,0,0,0,0,v
2014-07-30 02:06,6.348,0.047,0,0,0,0,v
2014-07-30 02:12,6.364,0.050,0,0,0,0,v
2014-07-30 02:18,6.370,0.051,0,0,0,0,v
2014-07-30 02:24,6.354,0.049,0,0,0,0,v
2014-07-30 02:30,6.361,0.047,0,0,0,0,v
2014-07-30 02:36,6.388,0.048,0,0,0,0,v
2014-07-30 02:42,6.402,0.047,0,0,0,0,v
2014-07-30 02:48,6.381,0.048,0,0,0,0,v
2014-07-30 02:54,6.363,0.042,0,0,0,0,v
2014-07-30 03:00,6.337,0.046,0,0,0,0,v
2014-07-30 03:06,6.359,0.052,0,0,0,0,v
2014-07-30 03:12,6.352,0.048,0,0,0,0,v
2014-07-30 03:18,6.354,0.052,0,0,0,0,v
2014-07-30 03:24,6.370,0.048,0,0,0,0,v
2014-07-30 03:30,6.375,0.048,0,0,0,0,v
2014-07-30 03:36,6.375,0.048,0,0,0,0,v
2014-07-30 03:42,6.373,0.048,0,0,0,0,v
2014-07-30 03:48,6.361,0.054,0,0,0,0,v
2014-07-30 03:54,6.354,0.050,0,0,0,0,v
2014-07-30 04:00,6.396,0.051,0,0,0,0,v
2014-07-30 04:06,6.403,0.046,0,0,0,0,v
2014-07-30 04:12,6.400,0.049,0,0,0,0,v
2014-07-30 04:18,6.396,0.046,0,0,0,0,v
2014-07-30 04:24,6.379,0.051,0,0,0,0,v
2014-07-30 04:30,6.383,0.048,0,0,0,0,v
2014-07-30 04:36,6.393,0.044,0,0,0,0,v
2014-07-30 04:42,6.377,0.047,0,0,0,0,v
2014-07-30 04:48,6.382,0.045,0,0,0,0,v
2014-07-30 04:54,6.367,0.053,0,0,0,0,v
2014-07-30 05:00,6.365,0.044,0,0,0,0,v
2014-07-30 05:06,6.332,0.048,0,0,0,0,v
2014-07-30 05:12,6.354,0.046,0,0,0,0,v
2014-07-30 05:18,6.339,0.046,0,0,0,0,v
2014-07-30 05:24,6.325,0.047,0,0,0,0,v
2014-07-30 05:30,6.312,0.043,0,0,0,0,v
2014-07-30 05:36,6.349,0.048,0,0,0,0,v
2014-07-30 05:42,6.356,0.046,0,0,0,0,v
2014-07-30 05:48,6.357,0.050,0,0,0,0,v
2014-07-30 05:54,6.354,0.056,0,0,0,0,v
2014-07-30 06:00,6.353,0.047,0,0,0,0,v
2014-07-30 06:06,6.361,0.054,0,0,0,0,v
2014-07-30 06:12,6.362,0.047,0,0,0,0,v
2014-07-30 06:18,6.347,0.048,0,0,0,0,v
2014-07-30 06:24,6.343,0.048,0,0,0,0,v
2014-07-30 06:30,6.382,0.051,0,0,0,0,v
2014-07-30 06:36,6.376,0.051,0,0,0,0,v
2014-07-30 06:42,6.376,0.048,0,0,0,0,v
2014-07-30 06:48,6.381,0.050,0,0,0,0,v
2014-07-30 06:54,6.382,0.050,0,0,0,0,v
2014-07-30 07:00,6.385,0.054,0,0,0,0,v
2014-07-30 07:06,6.383,0.043,0,0,0,0,v
2014-07-30 07:12,6.416,0.046,0,0,0,0,v
2014-07-30 07:18,6.437,0.055,0,0,0,0,v
2014-07-30 07:24,6.451,0.046,0,0,0,0,v
2014-07-30 07:30,6.448,0.046,0,0,0,0,v
2014-07-30 07:36,6.473,0.054,0,0,0,0,v
2014-07-30 07:42,6.484,0.049,0,0,0,0,v
2014-07-30 07:48,6.483,0.052,0,0,0,0,v
2014-07-30 07:54,6.498,0.048,0,0,0,0,v
2014-07-30 08:00,6.510,0.056,0,0,0,0,v
2014-07-30 08:06,6.524,0.050,0,0,0,0,v
2014-07-30 08:12,6.515,0.058,0,0,0,0,v
2014-07-30 08:18,6.495,0.046,0,0,0,0,v
2014-07-30 08:24,6.535,0.049,0,0,0,0,v
2014-07-30 08:30,6.540,0.043,0,0,0,0,v
2014-07-30 08:36,6.534,0.056,0,0,0,0,v
2014-07-30 08:42,6.519,0.056,0,0,0,0,v
2014-07-30 08:48,6.521,0.053,0,0,0,0,v
2014-07-30 08:54,6.546,0.051,0,0,0,0,v
2014-07-30 09:00,6.548,0.051,0,0,0,0,v
2014-07-30 09:06,6.548,0.047,0,0,0,0,v
2014-07-30 09:12,6.564,0.057,0,0,0,0,v
2014-07-30 09:18,6.587,0.052,0,0,0,0,v
2014-07-30 09:24,6.582,0.055,0,0,0,0,v
2014-07-30 09:30,6.591,0.053,0,0,0,0,v
2014-07-30 09:36,6.591,0.056,0,0,0,0,v
2014-07-30 09:42,6.606,0.053,0,0,0,0,v
2014-07-30 09:48,6.604,0.053,0,0,0,0,v
2014-07-30 09:54,6.592,0.056,0,0,0,0,v
2014-07-30 10:00,6.599,0.054,0,0,0,0,v
2014-07-30 10:06,6.598,0.049,0,0,0,0,v
2014-07-30 10:12,6.609,0.051,0,0,0,0,v
2014-07-30 10:18,6.608,0.057,0,0,0,0,v
2014-07-30 10:24,6.614,0.046,0,0,0,0,v
2014-07-30 10:30,6.626,0.052,0,0,0,0,v
2014-07-30 10:36,6.618,0.045,0,0,0,0,v
2014-07-30 10:42,6.624,0.060,0,0,0,0,v
2014-07-30 10:48,6.653,0.050,0,0,0,0,v
2014-07-30 10:54,6.651,0.052,0,0,0,0,v
2014-07-30 11:00,6.635,0.053,0,0,0,0,v
2014-07-30 11:06,6.641,0.055,0,0,0,0,v
2014-07-30 11:12,6.654,0.043,0,0,0,0,v
2014-07-30 11:18,6.655,0.056,0,0,0,0,v
2014-07-30 11:24,6.652,0.047,0,0,0,0,v
2014-07-30 11:30,6.639,0.054,0,0,0,0,v
2014-07-30 11:36,6.627,0.051,0,0,0,0,v
2014-07-30 11:42,6.625,0.050,0,0,0,0,v
2014-07-30 11:48,6.615,0.055,0,0,0,0,v
2014-07-30 11:54,6.587,0.051,0,0,0,0,v
2014-07-30 12:00,6.594,0.058,0,0,0,0,v
2014-07-30 12:06,6.584,0.055,0,0,0,0,v
2014-07-30 12:12,6.574,0.051,0,0,0,0,v
2014-07-30 12:18,6.571,0.050,0,0,0,0,v
2014-07-30 12:24,6.597,0.054,0,0,0,0,v
2014-07-30 12:30,6.589,0.051,0,0,0,0,v
2014-07-30 12:36,6.592,0.052,0,0,0,0,v
2014-07-30 12:42,6.577,0.058,0,0,0,0,v
2014-07-30 12:48,6.584,0.058,0,0,0,0,v
2014-07-30 12:54,6.596,0.063,0,0,0,0,v
2014-07-30 13:00,6.601,0.050,0,0,0,0,v
2014-07-30 13:06,6.606,0.053,0,0,0,0,v
2014-07-30 13:12,6.581,0.050,0,0,0,0,v
2014-07-30 13:18,6.568,0.038,0,0,0,0,v
2014-07-30 13:24,6.584,0.053,0,0,0,0,v
2014-07-30 13:30,6.593,0.057,0,0,0,0,v
2014-07-30 13:36,6.592,0.052,0,0,0,0,v
2014-07-30 13:42,6.580,0.051,0,0,0,0,v
2014-07-30 13:48,6.601,0.055,0,0,0,0,v
2014-07-30 13:54,6.570,0.055,0,0,0,0,v
2014-07-30 14:00,6.600,0.060,0,0,0,0,v
2014-07-30 14:06,6.620,0.047,0,0,0,0,v
2014-07-30 14:12,6.590,0.053,0,0,0,0,v
2014-07-30 14:18,6.586,0.055,0,0,0,0,v
2014-07-30 14:24,6.596,0.047,0,0,0,0,v
2014-07-30 14:30,6.603,0.058,0,0,0,0,v
2014-07-30 14:36,6.597,0.054,0,0,0,0,v
2014-07-30 14:42,6.595,0.057,0,0,0,0,v
2014-07-30 14:48,6.590,0.054,0,0,0,0,v
2014-07-30 14:54,6.568,0.053,0,0,0,0,v
2014-07-30 15:00,6.558,0.054,0,0,0,0,v
2014-07-30 15:06,6.561,0.051,0,0,0,0,v
2014-07-30 15:12,6.537,0.049,0,0,0,0,v
2014-07-30 15:18,6.543,0.053,0,0,0,0,v
2014-07-30 15:24,6.531,0.053,0,0,0,0,v
2014-07-30 15:30,6.505,0.052,0,0,0,0,v
2014-07-30 15:36,6.509,0.053,0,0,0,0,v
2014-07-30 15:42,6.501,0.048,0,0,0,0,v
2014-07-30 15:48,6.526,0.047,0,0,0,0,v
2014-07-30 15:54,6.531,0.046,0,0,0,0,v
2014-07-30 16:00,6.516,0.054,0,0,0,0,v
2014-07-30 16:06,6.519,0.049,0,0,0,0,v
2014-07-30 16:12,6.522,0.045,0,0,0,0,v
2014-07-30 16:18,6.517,0.050,0,0,0,0,v
2014-07-30 16:24,6.506,0.050,0,0,0,0,v
2014-07-30 16:30,6.489,0.043,0,0,0,0,v
2014-07-30 16:36,6.482,0.054,0,0,0,0,v
2014-07-30 16:42,6.475,0.065,0,0,0,0,v
2014-07-30 16:48,6.477,0.052,0,0,0,0,v
2014-07-30 16:54,6.476,0.051,0,0,0,0,v
2014-07-30 17:00,6.483,0.053,0,0,0,0,v
2014-07-30 17:06,6.484,0.050,0,0,0,0,v
2014-07-30 17:12,6.482,0.048,0,0,0,0,v
2014-07-30 17:18,6.492,0.059,0,0,0,0,v
2014-07-30 17:24,6.517,0.039,0,0,0,0,v
2014-07-30 17:30,6.528,0.050,0,0,0,0,v
2014-07-30 17:36,6.539,0.051,0,0,0,0,v
2014-07-30 17:42,6.519,0.050,0,0,0,0,v
2014-07-30 17:48,6.532,0.049,0,0,0,0,v
2014-07-30 17:54,6.516,0.045,0,0,0,0,v
2014-07-30 18:00,6.522,0.055,0,0,0,0,v
2014-07-30 18:06,6.533,0.049,0,0,0,0,v
2014-07-30 18:12,6.530,0.057,0,0,0,0,v
2014-07-30 18:18,6.520,0.055,0,0,0,0,v
2014-07-30 18:24,6.516,0.051,0,0,0,0,v
2014-07-30 18:30,6.542,0.051,0,0,0,0,v
2014-07-30 18:36,6.536,0.048,0,0,0,0,v
2014-07-30 18:42,6.517,0.049,0,0,0,0,v
2014-07-30 18:48,6.499,0.043,0,0,0,0,v
2014-07-30 18:54,6.505,0.050,0,0,0,0,v
2014-07-30 19:00,6.508,0.055,0,0,0,0,v
2014-07-30 19:06,6.500,0.052,0,0,0,0,v
2014-07-30 19:12,6.502,0.049,0,0,0,0,v
2014-07-30 19:18,6.510,0.048,0,0,0,0,v
2014-07-30 19:24,6.527,0.046,0,0,0,0,v
2014-07-30 19:30,6.511,0.057,0,0,0,0,v
2014-07-30 19:36,6.519,0.053,0,0,0,0,v
2014-07-30 19:42,6.527,0.055,0,0,0,0,v
2014-07-30 19:48,6.548,0.049,0,0,0,0,v
2014-07-30 19:54,6.537,0.049,0,0,0,0,v
2014-07-30 20:00,6.556,0.054,0,0,0,0,v
2014-07-30 20:06,6.572,0.041,0,0,0,0,v
2014-07-30 20:12,6.560,0.049,0,0,0,0,v
2014-07-30 20:18,6.563,0.049,0,0,0,0,v
2014-07-30 20:24,6.544,0.051,0,0,0,0,v
2014-07-30 20:30,6.559,0.046,0,0,0,0,v
2014-07-30 20:36,6.582,0.044,0,0,0,0,v
2014-07-30 20:42,6.578,0.044,0,0,0,0,v
2014-07-30 20:48,6.591,0.048,0,0,0,0,v
2014-07-30 20:54,6.602,0.051,0,0,0,0,v
2014-07-30 21:00,6.607,0.049,0,0,0,0,v
2014-07-30 21:06,6.617,0.051,0,0,0,0,v
2014-07-30 21:12,6.604,0.045,0,0,0,0,v
2014-07-30 21:18,6.607,0.052,0,0,0,0,v
2014-07-30 21:24,6.609,0.048,0,0,0,0,v
2014-07-30 21:30,6.617,0.051,0,0,0,0,v
2014-07-30 21:36,6.612,0.041,0,0,0,0,v
2014-07-30 21:42,6.602,0.052,0,0,0,0,v
2014-07-30 21:48,6.594,0.048,0,0,0,0,v
2014-07-30 21:54,6.585,0.050,0,0,0,0,v
2014-07-30 22:00,6.591,0.054,0,0,0,0,v
2014-07-30 22:06,6.584,0.045,0,0,0,0,v
2014-07-30 22:12,6.589,0.050,0,0,0,0,v
2014-07-30 22:18,6.590,0.046,0,0,0,0,v
2014-07-30 22:24,6.610,0.054,0,0,0,0,v
2014-07-30 22:30,6.610,0.054,0,0,0,0,v
2014-07-30 22:36,6.613,0.053,0,0,0,0,v
2014-07-30 22:42,6.604,0.046,0,0,0,0,v
2014-07-30 22:48,6.587,0.052,0,0,0,0,v
2014-07-30 22:54,6.598,0.044,0,0,0,0,v
2014-07-30 23:00,6.610,0.048,0,0,0,0,v
2014-07-30 23:06,6.615,0.047,0,0,0,0,v
2014-07-30 23:12,6.612,0.040,0,0,0,0,v
2014-07-30 23:18,6.622,0.052,0,0,0,0,v
2014-07-30 23:24,6.593,0.053,0,0,0,0,v
2014-07-30 23:30,6.586,0.050,0,0,0,0,v
2014-07-30 23:36,6.590,0.053,0,0,0,0,v
2014-07-30 23:42,6.583,0.058,0,0,0,0,v
2014-07-30 23:48,6.600,0.053,0,0,0,0,v
2014-07-30 23:54,6.602,0.046,0,0,0,0,v
2014-07-31 00:00,6.603,0.057,0,0,0,0,v
2014-07-31 00:06,6.601,0.053,0,0,0,0,v
2014-07-31 00:12,6.590,0.063,0,0,0,0,v
2014-07-31 00:18,6.576,0.053,0,0,0,0,v
2014-07-31 00:24,6.580,0.056,0,0,0,0,v
2014-07-31 00:30,6.571,0.052,0,0,0,0,v
2014-07-31 00:36,6.583,0.059,0,0,0,0,v
2014-07-31 00:42,6.561,0.057,0,0,0,0,v
2014-07-31 00:48,6.582,0.064,0,0,0,0,v
2014-07-31 00:54,6.575,0.059,0,0,0,0,v
2014-07-31 01:00,6.578,0.072,0,0,0,0,v
2014-07-31 01:06,6.572,0.060,0,0,0,0,v
2014-07-31 01:12,6.571,0.058,0,0,0,0,v
2014-07-31 01:18,6.564,0.071,0,0,0,0,v
2014-07-31 01:24,6.559,0.063,0,0,0,0,v
2014-07-31 01:30,6.569,0.059,0,0,0,0,v
2014-07-31 01:36,6.569,0.063,0,0,0,0,v
2014-07-31 01:42,6.547,0.073,0,0,0,0,v
2014-07-31 01:48,6.528,0.080,0,0,0,0,v
2014-07-31 01:54,6.527,0.074,0,0,0,0,v
2014-07-31 02:00,6.514,0.077,0,0,0,0,v
2014-07-31 02:06,6.520,0.077,0,0,0,0,v
2014-07-31 02:12,6.523,0.067,0,0,0,0,v
2014-07-31 02:18,6.502,0.081,0,0,0,0,v
2014-07-31 02:24,6.507,0.076,0,0,0,0,v
2014-07-31 02:30,6.514,0.077,0,0,0,0,v
2014-07-31 02:36,6.516,0.072,0,0,0,0,v
2014-07-31 02:42,6.501,0.079,0,0,0,0,v
2014-07-31 02:48,6.488,0.073,0,0,0,0,v
2014-07-31 02:54,6.464,0.076,0,0,0,0,v
2014-07-31 03:00,6.472,0.075,0,0,0,0,v
2014-07-31 03:06,6.465,0.094,0,0,0,0,v
2014-07-31 03:12,6.468,0.061,0,0,0,0,v
2014-07-31 03:18,6.467,0.080,0,0,0,0,v
2014-07-31 03:24,6.475,0.082,0,0,0,0,v
2014-07-31 03:30,6.471,0.083,0,0,0,0,v
2014-07-31 03:36,6.493,0.086,0,0,0,0,v
2014-07-31 03:42,6.504,0.083,0,0,0,0,v
2014-07-31 03:48,6.512,0.072,0,0,0,0,v
2014-07-31 03:54,6.511,0.090,0,0,0,0,v
2014-07-31 04:00,6.503,0.078,0,0,0,0,v
2014-07-31 04:06,6.501,0.085,0,0,0,0,v
2014-07-31 04:12,6.505,0.087,0,0,0,0,v
2014-07-31 04:18,6.496,0.082,0,0,0,0,v
2014-07-31 04:24,6.494,0.091,0,0,0,0,v
2014-07-31 04:30,6.483,0.082,0,0,0,0,v
2014-07-31 04:36,6.480,0.093,0,0,0,0,v
2014-07-31 04:42,6.480,0.091,0,0,0,0,v
2014-07-31 04:48,6.483,0.092,0,0,0,0,v
2014-07-31 04:54,6.475,0.096,0,0,0,0,v
2014-07-31 05:00,6.473,0.083,0,0,0,0,v
2014-07-31 05:06,6.472,0.092,0,0,0,0,v
2014-07-31 05:12,6.486,0.085,0,0,0,0,v
2014-07-31 05:18,6.474,0.106,0,0,0,0,v
2014-07-31 05:24,6.491,0.088,0,0,0,0,v
2014-07-31 05:30,6.482,0.086,0,0,0,0,v
2014-07-31 05:36,6.465,0.100,0,0,0,0,v
2014-07-31 05:42,6.474,0.098,0,0,0,0,v
2014-07-31 05:48,6.468,0.097,0,0,0,0,v
2014-07-31 05:54,6.483,0.087,0,0,0,0,v
2014-07-31 06:00,6.475,0.090,0,0,0,0,v
2014-07-31 06:06,6.467,0.091,0,0,0,0,v
2014-07-31 06:12,6.472,0.112,0,0,0,0,v
2014-07-31 06:18,6.491,0.094,0,0,0,0,v
2014-07-31 06:24,6.492,0.087,0,0,0,0,v
2014-07-31 06:30,6.490,0.094,0,0,0,0,v
2014-07-31 06:36,6.498,0.083,0,0,0,0,v
2014-07-31 06:42,6.491,0.110,0,0,0,0,v
2014-07-31 06:48,6.511,0.091,0,0,0,0,v
2014-07-31 06:54,6.483,0.099,0,0,0,0,v
2014-07-31 07:00,6.477,0.111,0,0,0,0,v
2014-07-31 07:06,6.500,0.097,0,0,0,0,v
2014-07-31 07:12,6.498,0.095,0,0,0,0,v
2014-07-31 07:18,6.505,0.098,0,0,0,0,v
2014-07-31 07:24,6.505,0.101,0,0,0,0,v
2014-07-31 07:30,6.515,0.110,0,0,0,0,v
2014-07-31 07:36,6.534,0.093,0,0,0,0,v
2014-07-31 07:42,6.541,0.099,0,0,0,0,v
2014-07-31 07:48,6.538,0.097,0,0,0,0,v
2014-07-31 07:54,6.566,0.099,0,0,0,0,v
2014-07-31 08:00,6.554,0.095,0,0,0,0,v
2014-07-31 08:06,6.574,0.103,0,0,0,0,v
2014-07-31 08:12,6.584,0.077,0,0,0,0,v
2014-07-31 08:18,6.583,0.097,0,0,0,0,v
2014-07-31 08:24,6.582,0.108,0,0,0,0,v
2014-07-31 08:30,6.576,0.089,0,0,0,0,v
2014-07-31 08:36,6.575,0.088,0,0,0,0,v
2014-07-31 08:42,6.596,0.106,0,0,0,0,v
2014-07-31 08:48,6.588,0.096,0,0,0,0,v
2014-07-31 08:54,6.604,0.101,0,0,0,0,v
2014-07-31 09:00,6.635,0.100,0,0,0,0,v
2014-07-31 09:06,6.627,0.104,0,0,0,0,v
2014-07-31 09:12,6.640,0.091,0,0,0,0,v
2014-07-31 09:18,6.638,0.097,0,0,0,0,v
2014-07-31 09:24,6.646,0.102,0,0,0,0,v
2014-07-31 09:30,6.656,0.085,0,0,0,0,v
2014-07-31 09:36,6.665,0.094,0,0,0,0,v
2014-07-31 09:42,6.671,0.097,0,0,0,0,v
2014-07-31 09:48,6.686,0.102,0,0,0,0,v
2014-07-31 09:54,6.693,0.088,0,0,0,0,v
2014-07-31 10:00,6.697,0.087,0,0,0,0,v
2014-07-31 10:06,6.678,0.082,0,0,0,0,v
2014-07-31 10:12,6.668,0.101,0,0,0,0,v
2014-07-31 10:18,6.672,0.099,0,0,0,0,v
2014-07-31 10:24,6.669,0.105,0,0,0,0,v
2014-07-31 10:30,6.672,0.106,0,0,0,0,v
2014-07-31 10:36,6.683,0.102,0,0,0,0,v
2014-07-31 10:42,6.703,0.092,0,0,0,0,v
2014-07-31 10:48,6.696,0.094,0,0,0,0,v
2014-07-31 10:54,6.705,0.106,0,0,0,0,v
2014-07-31 11:00,6.695,0.097,0,0,0,0,v
2014-07-31 11:06,6.687,0.107,0,0,0,0,v
2014-07-31 11:12,6.706,0.097,0,0,0,0,v
2014-07-31 11:18,6.709,0.090,0,0,0,0,v
2014-07-31 11:24,6.707,0.090,0,0,0,0,v
2014-07-31 11:30,6.725,0.075,0,0,0,0,v
2014-07-31 11:36,6.718,0.104,0,0,0,0,v
2014-07-31 11:42,6.729,0.089,0,0,0,0,v
2014-07-31 11:48,6.743,0.083,0,0,0,0,v
2014-07-31 11:54,6.742,0.098,0,0,0,0,v
2014-07-31 12:00,6.711,0.110,0,0,0,0,v
2014-07-31 12:06,6.715,0.085,0,0,0,0,v
2014-07-31 12:12,6.707,0.105,0,0,0,0,v
2014-07-31 12:18,6.715,0.097,0,0,0,0,v
2014-07-31 12:24,6.701,0.102,0,0,0,0,v
2014-07-31 12:30,6.706,0.080,0,0,0,0,v
2014-07-31 12:36,6.697,0.099,0,0,0,0,v
2014-07-31 12:42,6.692,0.090,0,0,0,0,v
2014-07-31 12:48,6.689,0.074,0,0,0,0,v
2014-07-31 12:54,6.692,0.092,0,0,0,0,v
2014-07-31 13:00,6.680,0.095,0,0,0,0,v
2014-07-31 13:06,6.661,0.077,0,0,0,0,v
2014-07-31 13:12,6.660,0.102,0,0,0,0,v
2014-07-31 13:18,6.673,0.080,0,0,0,0,v
2014-07-31 13:24,6.672,0.086,0,0,0,0,v
2014-07-31 13:30,6.696,0.084,0,0,0,0,v
2014-07-31 13:36,6.683,0.087,0,0,0,0,v
2014-07-31 13:42,6.681,0.087,0,0,0,0,v
2014-07-31 13:48,6.675,0.096,0,0,0,0,v
2014-07-31 13:54,6.670,0.097,0,0,0,0,v
2014-07-31 14:00,6.692,0.089,0,0,0,0,v
2014-07-31 14:06,6.690,0.085,0,0,0,0,v
2014-07-31 14:12,6.679,0.080,0,0,0,0,v
2014-07-31 14:18,6.666,0.091,0,0,0,0,v
2014-07-31 14:24,6.643,0.091,0,0,0,0,v
2014-07-31 14:30,6.656,0.092,0,0,0,0,v
2014-07-31 14:36,6.666,0.089,0,0,0,0,v
2014-07-31 14:42,6.664,0.079,0,0,0,0,v
2014-07-31 14:48,6.669,0.081,0,0,0,0,v
2014-07-31 14:54,6.646,0.089,0,0,0,0,v
2014-07-31 15:00,6.627,0.071,0,0,0,0,v
2014-07-31 15:06,6.622,0.079,0,0,0,0,v
2014-07-31 15:12,6.620,0.088,0,0,0,0,v
2014-07-31 15:18,6.615,0.084,0,0,0,0,v
2014-07-31 15:24,6.606,0.082,0,0,0,0,v
2014-07-31 15:30,6.589,0.090,0,0,0,0,v
2014-07-31 15:36,6.585,0.072,0,0,0,0,v
2014-07-31 15:42,6.605,0.089,0,0,0,0,v
2014-07-31 15:48,6.588,0.078,0,0,0,0,v
2014-07-31 15:54,6.605,0.081,0,0,0,0,v
2014-07-31 16:00,6.579,0.093,0,0,0,0,v
2014-07-31 16:06,6.552,0.108,0,0,0,0,v
2014-07-31 16:12,6.589,0.078,0,0,0,0,v
2014-07-31 16:18,6.584,0.084,0,0,0,0,v
2014-07-31 16:24,6.568,0.065,0,0,0,0,v
2014-07-31 16:30,6.570,0.081,0,0,0,0,v
2014-07-31 16:36,6.581,0.095,0,0,0,0,v
2014-07-31 16:42,6.592,0.085,0,0,0,0,v
2014-07-31 16:48,6.596,0.090,0,0,0,0,v
2014-07-31 16:54,6.561,0.081,0,0,0,0,v
2014-07-31 17:00,6.558,0.081,0,0,0,0,v
2014-07-31 17:06,6.561,0.074,0,0,0,0,v
2014-07-31 17:12,6.551,0.076,0,0,0,0,v
2014-07-31 17:18,6.542,0.089,0,0,0,0,v
2014-07-31 17:24,6.558,0.085,0,0,0,0,v
2014-07-31 17:30,6.551,0.082,0,0,0,0,v
2014-07-31 17:36,6.557,0.089,0,0,0,0,v
2014-07-31 17:42,6.548,0.081,0,0,0,0,v
2014-07-31 17:48,6.541,0.081,0,0,0,0,v
2014-07-31 17:54,6.549,0.076,0,0,0,0,v
2014-07-31 18:00,6.538,0.074,0,0,0,0,v
2014-07-31 18:06,6.549,0.085,0,0,0,0,v
2014-07-31 18:12,6.541,0.077,0,0,0,0,v
2014-07-31 18:18,6.561,0.082,0,0,0,0,v
2014-07-31 18:24,6.543,0.077,0,0,0,0,v
2014-07-31 18:30,6.541,0.087,0,0,0,0,v
2014-07-31 18:36,6.538,0.077,0,0,0,0,v
2014-07-31 18:42,6.557,0.076,0,0,0,0,v
2014-07-31 18:48,6.560,0.077,0,0,0,0,v
2014-07-31 18:54,6.559,0.080,0,0,0,0,v
2014-07-31 19:00,6.559,0.065,0,0,0,0,v
2014-07-31 19:06,6.573,0.072,0,0,0,0,v
2014-07-31 19:12,6.559,0.074,0,0,0,0,v
2014-07-31 19:18,6.566,0.081,0,0,0,0,v
2014-07-31 19:24,6.555,0.069,0,0,0,0,v
2014-07-31 19:30,6.548,0.070,0,0,0,0,v
2014-07-31 19:36,6.546,0.071,0,0,0,0,v
2014-07-31 19:42,6.577,0.080,0,0,0,0,v
2014-07-31 19:48,6.563,0.074,0,0,0,0,v
2014-07-31 19:54,6.561,0.064,0,0,0,0,v
2014-07-31 20:00,6.539,0.079,0,0,0,0,v
2014-07-31 20:06,6.526,0.076,0,0,0,0,v
2014-07-31 20:12,6.544,0.064,0,0,0,0,v
2014-07-31 20:18,6.541,0.073,0,0,0,0,v
2014-07-31 20:24,6.550,0.088,0,0,0,0,v
2014-07-31 20:30,6.549,0.079,0,0,0,0,v
2014-07-31 20:36,6.566,0.078,0,0,0,0,v
2014-07-31 20:42,6.579,0.076,0,0,0,0,v
2014-07-31 20:48,6.587,0.077,0,0,0,0,v
2014-07-31 20:54,6.573,0.072,0,0,0,0,v
2014-07-31 21:00,6.577,0.081,0,0,0,0,v
2014-07-31 21:06,6.558,0.076,0,0,0,0,v
2014-07-31 21:12,6.561,0.081,0,0,0,0,v
2014-07-31 21:18,6.583,0.076,0,0,0,0,v
2014-07-31 21:24,6.603,0.072,0,0,0,0,v
2014-07-31 21:30,6.606,0.078,0,0,0,0,v
2014-07-31 21:36,6.619,0.064,0,0,0,0,v
2014-07-31 21:42,6.621,0.067,0,0,0,0,v
2014-07-31 21:48,6.616,0.082,0,0,0,0,v
2014-07-31 21:54,6.607,0.071,0,0,0,0,v
2014-07-31 22:00,6.600,0.074,0,0,0,0,v
2014-07-31 22:06,6.609,0.067,0,0,0,0,v
2014-07-31 22:12,6.615,0.079,0,0,0,0,v
2014-07-31 22:18,6.603,0.070,0,0,0,0,v
2014-07-31 22:24,6.622,0.076,0,0,0,0,v
2014-07-31 22:30,6.631,0.073,0,0,0,0,v
2014-07-31 22:36,6.634,0.068,0,0,0,0,v
2014-07-31 22:42,6.632,0.078,0,0,0,0,v
2014-07-31 22:48,6.615,0.081,0,0,0,0,v
2014-07-31 22:54,6.608,0.075,0,0,0,0,v
2014-07-31 23:00,6.619,0.071,0,0,0,0,v
2014-07-31 23:06,6.640,0.075,0,0,0,0,v
2014-07-31 23:12,6.629,0.087,0,0,0,0,v
2014-07-31 23:18,6.631,0.078,0,0,0,0,v
2014-07-31 23:24,6.619,0.068,0,0,0,0,v
2014-07-31 23:30,6.603,0.084,0,0,0,0,v
2014-07-31 23:36,6.633,0.083,0,0,0,0,v
2014-07-31 23:42,6.630,0.070,0,0,0,0,v
2014-07-31 23:48,6.632,0.078,0,0,0,0,v
2014-07-31 23:54,6.622,0.071,0,0,0,0,v
2014-08-01 00:00,6.617,0.077,0,0,0,0,v
2014-08-01 00:06,6.596,0.075,0,0,0,0,v
2014-08-01 00:12,6.592,0.071,0,0,0,0,v
2014-08-01 00:18,6.581,0.082,0,0,0,0,v
2014-08-01 00:24,6.577,0.076,0,0,0,0,v
2014-08-01 00:30,6.585,0.075,0,0,0,0,v
2014-08-01 00:36,6.578,0.075,0,0,0,0,v
2014-08-01 00:42,6.570,0.078,0,0,0,0,v
2014-08-01 00:48,6.572,0.070,0,0,0,0,v
2014-08-01 00:54,6.586,0.073,0,0,0,0,v
2014-08-01 01:00,6.568,0.076,0,0,0,0,v
2014-08-01 01:06,6.562,0.077,0,0,0,0,v
2014-08-01 01:12,6.576,0.077,0,0,0,0,v
2014-08-01 01:18,6.565,0.080,0,0,0,0,v
2014-08-01 01:24,6.546,0.087,0,0,0,0,v
2014-08-01 01:30,6.564,0.079,0,0,0,0,v
2014-08-01 01:36,6.566,0.077,0,0,0,0,v
2014-08-01 01:42,6.551,0.078,0,0,0,0,v
2014-08-01 01:48,6.554,0.066,0,0,0,0,v
2014-08-01 01:54,6.540,0.083,0,0,0,0,v
2014-08-01 02:00,6.543,0.082,0,0,0,0,v
2014-08-01 02:06,6.524,0.080,0,0,0,0,v
2014-08-01 02:12,6.553,0.070,0,0,0,0,v
2014-08-01 02:18,6.539,0.076,0,0,0,0,v
2014-08-01 02:24,6.557,0.080,0,0,0,0,v
2014-08-01 02:30,6.543,0.085,0,0,0,0,v
2014-08-01 02:36,6.540,0.076,0,0,0,0,v
2014-08-01 02:42,6.533,0.083,0,0,0,0,v
2014-08-01 02:48,6.532,0.086,0,0,0,0,v
2014-08-01 02:54,6.530,0.079,0,0,0,0,v
2014-08-01 03:00,6.537,0.081,0,0,0,0,v
2014-08-01 03:06,6.527,0.083,0,0,0,0,v
2014-08-01 03:12,6.511,0.082,0,0,0,0,v
2014-08-01 03:18,6.522,0.084,0,0,0,0,v
2014-08-01 03:24,6.526,0.080,0,0,0,0,v
2014-08-01 03:30,6.499,0.088,0,0,0,0,v
2014-08-01 03:36,6.516,0.085,0,0,0,0,v
2014-08-01 03:42,6.519,0.079,0,0,0,0,v
2014-08-01 03:48,6.526,0.069,0,0,0,0,v
2014-08-01 03:54,6.515,0.078,0,0,0,0,v
2014-08-01 04:00,6.512,0.073,0,0,0,0,v
2014-08-01 04:06,6.515,0.085,0,0,0,0,v
2014-08-01 04:12,6.525,0.076,0,0,0,0,v
2014-08-01 04:18,6.516,0.072,0,0,0,0,v
2014-08-01 04:24,6.523,0.077,0,0,0,0,v
2014-08-01 04:30,6.541,0.075,0,0,0,0,v
2014-08-01 04:36,6.550,0.080,0,0,0,0,v
2014-08-01 04:42,6.547,0.076,0,0,0,0,v
2014-08-01 04:48,6.542,0.080,0,0,0,0,v
2014-08-01 04:54,6.513,0.075,0,0,0,0,v
2014-08-01 05:00,6.494,0.083,0,0,0,0,v
2014-08-01 05:06,6.510,0.074,0,0,0,0,v
2014-08-01 05:12,6.509,0.070,0,0,0,0,v
2014-08-01 05:18,6.475,0.085,0,0,0,0,v
2014-08-01 05:24,6.486,0.083,0,0,0,0,v
2014-08-01 05:30,6.483,0.081,0,0,0,0,v
2014-08-01 05:36,6.468,0.077,0,0,0,0,v
2014-08-01 05:42,6.464,0.081,0,0,0,0,v
2014-08-01 05:48,6.459,0.064,0,0,0,0,v
2014-08-01 05:54,6.465,0.074,0,0,0,0,v
2014-08-01 06:00,6.470,0.081,0,0,0,0,v
2014-08-01 06:06,6.466,0.085,0,0,0,0,v
2014-08-01 06:12,6.475,0.079,0,0,0,0,v
2014-08-01 06:18,6.472,0.076,0,0,0,0,v
2014-08-01 06:24,6.464,0.071,0,0,0,0,v
2014-08-01 06:30,6.471,0.075,0,0,0,0,v
2014-08-01 06:36,6.480,0.081,0,0,0,0,v
2014-08-01 06:42,6.495,0.079,0,0,0,0,v
2014-08-01 06:48,6.495,0.073,0,0,0,0,v
2014-08-01 06:54,6.509,0.075,0,0,0,0,v
2014-08-01 07:00,6.496,0.068,0,0,0,0,v
2014-08-01 07:06,6.495,0.077,0,0,0,0,v
2014-08-01 07:12,6.483,0.079,0,0,0,0,v
2014-08-01 07:18,6.487,0.085,0,0,0,0,v
2014-08-01 07:24,6.504,0.082,0,0,0,0,v
2014-08-01 07:30,6.488,0.064,0,0,0,0,v
2014-08-01 07:36,6.513,0.071,0,0,0,0,v
2014-08-01 07:42,6.509,0.075,0,0,0,0,v
2014-08-01 07:48,6.510,0.088,0,0,0,0,v
2014-08-01 07:54,6.530,0.082,0,0,0,0,v
2014-08-01 08:00,6.532,0.079,0,0,0,0,v
2014-08-01 08:06,6.525,0.072,0,0,0,0,v
2014-08-01 08:12,6.533,0.080,0,0,0,0,v
2014-08-01 08:18,6.547,0.074,0,0,0,0,v
2014-08-01 08:24,6.564,0.088,0,0,0,0,v
2014-08-01 08:30,6.602,0.096,0,0,0,0,v
2014-08-01 08:36,6.612,0.078,0,0,0,0,v
2014-08-01 08:42,6.599,0.080,0,0,0,0,v
2014-08-01 08:48,6.596,0.080,0,0,0,0,v
2014-08-01 08:54,6.596,0.090,0,0,0,0,v
2014-08-01 09:00,6.576,0.084,0,0,0,0,v
2014-08-01 09:06,6.587,0.075,0,0,0,0,v
2014-08-01 09:12,6.598,0.084,0,0,0,0,v
2014-08-01 09:18,6.604,0.087,0,0,0,0,v
2014-08-01 09:24,6.611,0.073,0,0,0,0,v
2014-08-01 09:30,6.625,0.078,0,0,0,0,v
2014-08-01 09:36,6.648,0.082,0,0,0,0,v
2014-08-01 09:42,6.654,0.071,0,0,0,0,v
2014-08-01 09:48,6.642,0.068,0,0,0,0,v
2014-08-01 09:54,6.635,0.080,0,0,0,0,v
2014-08-01 10:00,6.658,0.074,0,0,0,0,v
2014-08-01 10:06,6.654,0.071,0,0,0,0,v
2014-08-01 10:12,6.646,0.069,0,0,0,0,v
2014-08-01 10:18,6.628,0.082,0,0,0,0,v
2014-08-01 10:24,6.640,0.077,0,0,0,0,v
2014-08-01 10:30,6.633,0.069,0,0,0,0,v
2014-08-01 10:36,6.634,0.064,0,0,0,0,v
2014-08-01 10:42,6.634,0.068,0,0,0,0,v
2014-08-01 10:48,6.631,0.074,0,0,0,0,v
2014-08-01 10:54,6.635,0.082,0,0,0,0,v
2014-08-01 11:00,6.637,0.067,0,0,0,0,v
2014-08-01 11:06,6.660,0.077,0,0,0,0,v
2014-08-01 11:12,6.655,0.077,0,0,0,0,v
2014-08-01 11:18,6.647,0.075,0,0,0,0,v
2014-08-01 11:24,6.665,0.082,0,0,0,0,v
2014-08-01 11:30,6.665,0.074,0,0,0,0,v
2014-08-01 11:36,6.643,0.072,0,0,0,0,v
2014-08-01 11:42,6.622,0.074,0,0,0,0,v
2014-08-01 11:48,6.641,0.074,0,0,0,0,v
2014-08-01 11:54,6.652,0.074,0,0,0,0,v
2014-08-01 12:00,6.664,0.079,0,0,0,0,v
2014-08-01 12:06,6.679,0.078,0,0,0,0,v
2014-08-01 12:12,6.670,0.080,0,0,0,0,v
2014-08-01 12:18,6.665,0.067,0,0,0,0,v
2014-08-01 12:24,6.645,0.070,0,0,0,0,v
2014-08-01 12:30,6.648,0.072,0,0,0,0,v
2014-08-01 12:36,6.655,0.072,0,0,0,0,v
2014-08-01 12:42,6.654,0.065,0,0,0,0,v
2014-08-01 12:48,6.649,0.081,0,0,0,0,v
2014-08-01 12:54,6.647,0.073,0,0,0,0,v
2014-08-01 13:00,6.648,0.070,0,0,0,0,v
2014-08-01 13:06,6.643,0.073,0,0,0,0,v
2014-08-01 13:12,6.647,0.073,0,0,0,0,v
2014-08-01 13:18,6.631,0.081,0,0,0,0,v
2014-08-01 13:24,6.622,0.066,0,0,0,0,v
2014-08-01 13:30,6.607,0.066,0,0,0,0,v
2014-08-01 13:36,6.631,0.083,0,0,0,0,v
2014-08-01 13:42,6.631,0.070,0,0,0,0,v
2014-08-01 13:48,6.621,0.068,0,0,0,0,v
2014-08-01 13:54,6.623,0.068,0,0,0,0,v
2014-08-01 14:00,6.614,0.071,0,0,0,0,v
2014-08-01 14:06,6.623,0.059,0,0,0,0,v
2014-08-01 14:12,6.602,0.061,0,0,0,0,v
2014-08-01 14:18,6.598,0.063,0,0,0,0,v
2014-08-01 14:24,6.600,0.072,0,0,0,0,v
2014-08-01 14:30,6.599,0.073,0,0,0,0,v
2014-08-01 14:36,6.593,0.079,0,0,0,0,v
2014-08-01 14:42,6.601,0.070,0,0,0,0,v
2014-08-01 14:48,6.592,0.067,0,0,0,0,v
2014-08-01 14:54,6.572,0.062,0,0,0,0,v
2014-08-01 15:00,6.539,0.072,0,0,0,0,v
2014-08-01 15:06,6.551,0.077,0,0,0,0,v
2014-08-01 15:12,6.558,0.067,0,0,0,0,v
2014-08-01 15:18,6.540,0.071,0,0,0,0,v
2014-08-01 15:24,6.553,0.067,0,0,0,0,v
2014-08-01 15:30,6.572,0.064,0,0,0,0,v
2014-08-01 15:36,6.560,0.071,0,0,0,0,v
2014-08-01 15:42,6.529,0.062,0,0,0,0,v
2014-08-01 15:48,6.520,0.068,0,0,0,0,v
2014-08-01 15:54,6.523,0.085,0,0,0,0,v
2014-08-01 16:00,6.507,0.075,0,0,0,0,v
2014-08-01 16:06,6.521,0.067,0,0,0,0,v
2014-08-01 16:12,6.535,0.070,0,0,0,0,v
2014-08-01 16:18,6.533,0.070,0,0,0,0,v
2014-08-01 16:24,6.512,0.070,0,0,0,0,v
2014-08-01 16:30,6.535,0.066,0,0,0,0,v
2014-08-01 16:36,6.540,0.073,0,0,0,0,v
2014-08-01 16:42,6.528,0.068,0,0,0,0,v
2014-08-01 16:48,6.516,0.064,0,0,0,0,v
2014-08-01 16:54,6.491,0.068,0,0,0,0,v
2014-08-01 17:00,6.491,0.063,0,0,0,0,v
2014-08-01 17:06,6.495,0.071,0,0,0,0,v
2014-08-01 17:12,6.502,0.054,0,0,0,0,v
2014-08-01 17:18,6.492,0.072,0,0,0,0,v
2014-08-01 17:24,6.478,0.064,0,0,0,0,v
2014-08-01 17:30,6.506,0.066,0,0,0,0,v
2014-08-01 17:36,6.489,0.073,0,0,0,0,v
2014-08-01 17:42,6.474,0.071,0,0,0,0,v
2014-08-01 17:48,6.453,0.067,0,0,0,0,v
2014-08-01 17:54,6.471,0.075,0,0,0,0,v
2014-08-01 18:00,6.482,0.057,0,0,0,0,v
2014-08-01 18:06,6.506,0.068,0,0,0,0,v
2014-08-01 18:12,6.489,0.074,0,0,0,0,v
2014-08-01 18:18,6.487,0.067,0,0,0,0,v
2014-08-01 18:24,6.501,0.064,0,0,0,0,v
2014-08-01 18:30,6.481,0.065,0,0,0,0,v
2014-08-01 18:36,6.468,0.068,0,0,0,0,v
2014-08-01 18:42,6.460,0.067,0,0,0,0,v
2014-08-01 18:48,6.456,0.061,0,0,0,0,v
2014-08-01 18:54,6.462,0.060,0,0,0,0,v
2014-08-01 19:00,6.454,0.064,0,0,0,0,v
2014-08-01 19:06,6.465,0.065,0,0,0,0,v
2014-08-01 19:12,6.459,0.059,0,0,0,0,v
2014-08-01 19:18,6.459,0.074,0,0,0,0,v
2014-08-01 19:24,6.448,0.070,0,0,0,0,v
2014-08-01 19:30,6.435,0.075,0,0,0,0,v
2014-08-01 19:36,6.431,0.064,0,0,0,0,v
2014-08-01 19:42,6.452,0.060,0,0,0,0,v
2014-08-01 19:48,6.460,0.061,0,0,0,0,v
2014-08-01 19:54,6.470,0.070,0,0,0,0,v
2014-08-01 20:00,6.487,0.068,0,0,0,0,v
2014-08-01 20:06,6.468,0.061,0,0,0,0,v
2014-08-01 20:12,6.468,0.069,0,0,0,0,v
2014-08-01 20:18,6.474,0.067,0,0,0,0,v
2014-08-01 20:24,6.481,0.063,0,0,0,0,v
2014-08-01 20:30,6.494,0.061,0,0,0,0,v
2014-08-01 20:36,6.501,0.065,0,0,0,0,v
2014-08-01 20:42,6.498,0.066,0,0,0,0,v
2014-08-01 20:48,6.510,0.054,0,0,0,0,v
2014-08-01 20:54,6.501,0.070,0,0,0,0,v
2014-08-01 21:00,6.504,0.057,0,0,0,0,v
2014-08-01 21:06,6.487,0.069,0,0,0,0,v
2014-08-01 21:12,6.514,0.065,0,0,0,0,v
2014-08-01 21:18,6.519,0.073,0,0,0,0,v
2014-08-01 21:24,6.522,0.067,0,0,0,0,v
2014-08-01 21:30,6.518,0.063,0,0,0,0,v
2014-08-01 21:36,6.520,0.069,0,0,0,0,v
2014-08-01 21:42,6.530,0.066,0,0,0,0,v
2014-08-01 21:48,6.526,0.069,0,0,0,0,v
2014-08-01 21:54,6.519,0.058,0,0,0,0,v
2014-08-01 22:00,6.542,0.075,0,0,0,0,v
2014-08-01 22:06,6.566,0.060,0,0,0,0,v
2014-08-01 22:12,6.584,0.069,0,0,0,0,v
2014-08-01 22:18,6.567,0.067,0,0,0,0,v
2014-08-01 22:24,6.551,0.075,0,0,0,0,v
2014-08-01 22:30,6.571,0.064,0,0,0,0,v
2014-08-01 22:36,6.567,0.074,0,0,0,0,v
2014-08-01 22:42,6.545,0.079,0,0,0,0,v
2014-08-01 22:48,6.536,0.073,0,0,0,0,v
2014-08-01 22:54,6.547,0.056,0,0,0,0,v
2014-08-01 23:00,6.561,0.075,0,0,0,0,v
2014-08-01 23:06,6.547,0.070,0,0,0,0,v
2014-08-01 23:12,6.568,0.071,0,0,0,0,v
2014-08-01 23:18,6.580,0.078,0,0,0,0,v
2014-08-01 23:24,6.599,0.075,0,0,0,0,v
2014-08-01 23:30,6.590,0.066,0,0,0,0,v
2014-08-01 23:36,6.609,0.068,0,0,0,0,v
2014-08-01 23:42,6.589,0.067,0,0,0,0,v
2014-08-01 23:48,6.575,0.063,0,0,0,0,v
2014-08-01 23:54,6.580,0.066,0,0,0,0,v
2014-08-02 00:00,6.587,0.065,0,0,0,0,v
2014-08-02 00:06,6.597,0.076,0,0,0,0,v
2014-08-02 00:12,6.605,0.075,0,0,0,0,v
2014-08-02 00:18,6.593,0.063,0,0,0,0,v
2014-08-02 00:24,6.599,0.065,0,0,0,0,v
2014-08-02 00:30,6.624,0.070,0,0,0,0,v
2014-08-02 00:36,6.601,0.057,0,0,0,0,v
2014-08-02 00:42,6.598,0.073,0,0,0,0,v
2014-08-02 00:48,6.607,0.062,0,0,0,0,v
2014-08-02 00:54,6.602,0.070,0,0,0,0,v
2014-08-02 01:00,6.599,0.058,0,0,0,0,v
2014-08-02 01:06,6.585,0.061,0,0,0,0,v
2014-08-02 01:12,6.589,0.062,0,0,0,0,v
2014-08-02 01:18,6.578,0.069,0,0,0,0,v
2014-08-02 01:24,6.579,0.060,0,0,0,0,v
2014-08-02 01:30,6.585,0.060,0,0,0,0,v
2014-08-02 01:36,6.569,0.070,0,0,0,0,v
2014-08-02 01:42,6.576,0.079,0,0,0,0,v
2014-08-02 01:48,6.586,0.075,0,0,0,0,v
2014-08-02 01:54,6.593,0.063,0,0,0,0,v
2014-08-02 02:00,6.592,0.075,0,0,0,0,v
2014-08-02 02:06,6.564,0.059,0,0,0,0,v
2014-08-02 02:12,6.571,0.064,0,0,0,0,v
2014-08-02 02:18,6.583,0.064,0,0,0,0,v
2014-08-02 02:24,6.590,0.060,0,0,0,0,v
2014-08-02 02:30,6.584,0.060,0,0,0,0,v
2014-08-02 02:36,6.607,0.056,0,0,0,0,v
2014-08-02 02:42,6.593,0.056,0,0,0,0,v
2014-08-02 02:48,6.604,0.063,0,0,0,0,v
2014-08-02 02:54,6.609,0.075,0,0,0,0,v
2014-08-02 03:00,6.614,0.071,0,0,0,0,v
2014-08-02 03:06,6.600,0.059,0,0,0,0,v
2014-08-02 03:12,6.581,0.075,0,0,0,0,v
2014-08-02 03:18,6.597,0.064,0,0,0,0,v
2014-08-02 03:24,6.563,0.057,0,0,0,0,v
2014-08-02 03:30,6.561,0.061,0,0,0,0,v
2014-08-02 03:36,6.563,0.057,0,0,0,0,v
2014-08-02 03:42,6.558,0.062,0,0,0,0,v
2014-08-02 03:48,6.565,0.059,0,0,0,0,v
2014-08-02 03:54,6.549,0.060,0,0,0,0,v
2014-08-02 04:00,6.544,0.069,0,0,0,0,v
2014-08-02 04:06,6.564,0.055,0,0,0,0,v
2014-08-02 04:12,6.549,0.060,0,0,0,0,v
2014-08-02 04:18,6.540,0.053,0,0,0,0,v
2014-08-02 04:24,6.535,0.055,0,0,0,0,v
2014-08-02 04:30,6.529,0.075,0,0,0,0,v
2014-08-02 04:36,6.534,0.064,0,0,0,0,v
2014-08-02 04:42,6.552,0.057,0,0,0,0,v
2014-08-02 04:48,6.565,0.057,0,0,0,0,v
2014-08-02 04:54,6.567,0.064,0,0,0,0,v
2014-08-02 05:00,6.578,0.056,0,0,0,0,v
2014-08-02 05:06,6.581,0.060,0,0,0,0,v
2014-08-02 05:12,6.557,0.074,0,0,0,0,v
2014-08-02 05:18,6.556,0.059,0,0,0,0,v
2014-08-02 05:24,6.572,0.062,0,0,0,0,v
2014-08-02 05:30,6.559,0.064,0,0,0,0,v
2014-08-02 05:36,6.583,0.064,0,0,0,0,v
2014-08-02 05:42,6.571,0.053,0,0,0,0,v
2014-08-02 05:48,6.549,0.063,0,0,0,0,v
2014-08-02 05:54,6.557,0.065,0,0,0,0,v
2014-08-02 06:00,6.546,0.060,0,0,0,0,v
2014-08-02 06:06,6.558,0.065,0,0,0,0,v
2014-08-02 06:12,6.565,0.067,0,0,0,0,v
2014-08-02 06:18,6.559,0.064,0,0,0,0,v
2014-08-02 06:24,6.547,0.060,0,0,0,0,v
2014-08-02 06:30,6.544,0.058,0,0,0,0,v
2014-08-02 06:36,6.519,0.049,0,0,0,0,v
2014-08-02 06:42,6.506,0.068,0,0,0,0,v
2014-08-02 06:48,6.509,0.066,0,0,0,0,v
2014-08-02 06:54,6.527,0.053,0,0,0,0,v
2014-08-02 07:00,6.516,0.066,0,0,0,0,v
2014-08-02 07:06,6.525,0.071,0,0,0,0,v
2014-08-02 07:12,6.531,0.060,0,0,0,0,v
2014-08-02 07:18,6.524,0.063,0,0,0,0,v
2014-08-02 07:24,6.547,0.061,0,0,0,0,v
2014-08-02 07:30,6.561,0.065,0,0,0,0,v
2014-08-02 07:36,6.561,0.056,0,0,0,0,v
2014-08-02 07:42,6.548,0.066,0,0,0,0,v
2014-08-02 07:48,6.550,0.065,0,0,0,0,v
2014-08-02 07:54,6.555,0.058,0,0,0,0,v
2014-08-02 08:00,6.561,0.062,0,0,0,0,v
2014-08-02 08:06,6.585,0.062,0,0,0,0,v
2014-08-02 08:12,6.576,0.062,0,0,0,0,v
2014-08-02 08:18,6.578,0.053,0,0,0,0,v
2014-08-02 08:24,6.585,0.059,0,0,0,0,v
2014-08-02 08:30,6.579,0.064,0,0,0,0,v
2014-08-02 08:36,6.597,0.051,0,0,0,0,v
2014-08-02 08:42,6.591,0.056,0,0,0,0,v
2014-08-02 08:48,6.595,0.064,0,0,0,0,v
2014-08-02 08:54,6.610,0.051,0,0,0,0,v
2014-08-02 09:00,6.629,0.061,0,0,0,0,v
2014-08-02 09:06,6.607,0.050,0,0,0,0,v
2014-08-02 09:12,6.625,0.069,0,0,0,0,v
2014-08-02 09:18,6.651,0.053,0,0,0,0,v
2014-08-02 09:24,6.639,0.061,0,0,0,0,v
2014-08-02 09:30,6.642,0.056,0,0,0,0,v
2014-08-02 09:36,6.625,0.058,0,0,0,0,v
2014-08-02 09:42,6.623,0.057,0,0,0,0,v
2014-08-02 09:48,6.591,0.064,0,0,0,0,v
2014-08-02 09:54,6.601,0.054,0,0,0,0,v
2014-08-02 10:00,6.646,0.052,0,0,0,0,v
2014-08-02 10:06,6.676,0.067,0,0,0,0,v
2014-08-02 10:12,6.675,0.061,0,0,0,0,v
2014-08-02 10:18,6.658,0.052,0,0,0,0,v
2014-08-02 10:24,6.660,0.056,0,0,0,0,v
2014-08-02 10:30,6.624,0.052,0,0,0,0,v
2014-08-02 10:36,6.654,0.060,0,0,0,0,v
2014-08-02 10:42,6.653,0.058,0,0,0,0,v
2014-08-02 10:48,6.650,0.058,0,0,0,0,v
2014-08-02 10:54,6.657,0.063,0,0,0,0,v
2014-08-02 11:00,6.681,0.061,0,0,0,0,v
2014-08-02 11:06,6.686,0.057,0,0,0,0,v
2014-08-02 11:12,6.667,0.065,0,0,0,0,v
2014-08-02 11:18,6.659,0.057,0,0,0,0,v
2014-08-02 11:24,6.652,0.051,0,0,0,0,v
2014-08-02 11:30,6.681,0.063,0,0,0,0,v
2014-08-02 11:36,6.683,0.060,0,0,0,0,v
2014-08-02 11:42,6.671,0.064,0,0,0,0,v
2014-08-02 11:48,6.663,0.060,0,0,0,0,v
2014-08-02 11:54,6.666,0.049,0,0,0,0,v
2014-08-02 12:00,6.680,0.062,0,0,0,0,v
2014-08-02 12:06,6.653,0.057,0,0,0,0,v
2014-08-02 12:12,6.657,0.053,0,0,0,0,v
2014-08-02 12:18,6.634,0.050,0,0,0,0,v
2014-08-02 12:24,6.665,0.062,0,0,0,0,v
2014-08-02 12:30,6.657,0.051,0,0,0,0,v
2014-08-02 12:36,6.609,0.048,0,0,0,0,v
2014-08-02 12:42,6.643,0.059,0,0,0,0,v
2014-08-02 12:48,6.645,0.053,0,0,0,0,v
2014-08-02 12:54,6.654,0.061,0,0,0,0,v
2014-08-02 13:00,6.654,0.059,0,0,0,0,v
2014-08-02 13:06,6.644,0.047,0,0,0,0,v
2014-08-02 13:12,6.671,0.066,0,0,0,0,v
2014-08-02 13:18,6.683,0.047,0,0,0,0,v
2014-08-02 13:24,6.670,0.052,0,0,0,0,v
2014-08-02 13:30,6.654,0.060,0,0,0,0,v
2014-08-02 13:36,6.653,0.052,0,0,0,0,v
2014-08-02 13:42,6.658,0.056,0,0,0,0,v
2014-08-02 13:48,6.669,0.052,0,0,0,0,v
2014-08-02 13:54,6.655,0.068,0,0,0,0,v
2014-08-02 14:00,6.636,0.055,0,0,0,0,v
2014-08-02 14:06,6.635,0.046,0,0,0,0,v
2014-08-02 14:12,6.627,0.055,0,0,0,0,v
2014-08-02 14:18,6.663,0.062,0,0,0,0,v
2014-08-02 14:24,6.691,0.060,0,0,0,0,v
2014-08-02 14:30,6.677,0.052,0,0,0,0,v
2014-08-02 14:36,6.645,0.056,0,0,0,0,v
2014-08-02 14:42,6.626,0.054,0,0,0,0,v
2014-08-02 14:48,6.638,0.054,0,0,0,0,v
2014-08-02 14:54,6.618,0.062,0,0,0,0,v
2014-08-02 15:00,6.607,0.060,0,0,0,0,v
2014-08-02 15:06,6.593,0.060,0,0,0,0,v
2014-08-02 15:12,6.594,0.060,0,0,0,0,v
2014-08-02 15:18,6.605,0.065,0,0,0,0,v
2014-08-02 15:24,6.608,0.058,0,0,0,0,v
2014-08-02 15:30,6.600,0.061,0,0,0,0,v
2014-08-02 15:36,6.572,0.073,0,0,0,0,v
2014-08-02 15:42,6.563,0.065,0,0,0,0,v
2014-08-02 15:48,6.549,0.069,0,0,0,0,v
2014-08-02 15:54,6.555,0.065,0,0,0,0,v
2014-08-02 16:00,6.538,0.061,0,0,0,0,v
2014-08-02 16:06,6.524,0.060,0,0,0,0,v
2014-08-02 16:12,6.548,0.061,0,0,0,0,v
2014-08-02 16:18,6.543,0.064,0,0,0,0,v
2014-08-02 16:24,6.526,0.060,0,0,0,0,v
2014-08-02 16:30,6.515,0.070,0,0,0,0,v
2014-08-02 16:36,6.491,0.058,0,0,0,0,v
2014-08-02 16:42,6.511,0.056,0,0,0,0,v
2014-08-02 16:48,6.499,0.058,0,0,0,0,v
2014-08-02 16:54,6.484,0.067,0,0,0,0,v
2014-08-02 17:00,6.500,0.063,0,0,0,0,v
2014-08-02 17:06,6.511,0.060,0,0,0,0,v
2014-08-02 17:12,6.505,0.080,0,0,0,0,v
2014-08-02 17:18,6.491,0.067,0,0,0,0,v
2014-08-02 17:24,6.486,0.068,0,0,0,0,v
2014-08-02 17:30,6.471,0.082,0,0,0,0,v
2014-08-02 17:36,6.489,0.073,0,0,0,0,v
2014-08-02 17:42,6.481,0.074,0,0,0,0,v
2014-08-02 17:48,6.485,0.069,0,0,0,0,v
2014-08-02 17:54,6.488,0.080,0,0,0,0,v
2014-08-02 18:00,6.487,0.068,0,0,0,0,v
2014-08-02 18:06,6.485,0.062,0,0,0,0,v
2014-08-02 18:12,6.493,0.066,0,0,0,0,v
2014-08-02 18:18,6.509,0.068,0,0,0,0,v
2014-08-02 18:24,6.513,0.071,0,0,0,0,v
2014-08-02 18:30,6.505,0.061,0,0,0,0,v
2014-08-02 18:36,6.504,0.075,0,0,0,0,v
2014-08-02 18:42,6.506,0.070,0,0,0,0,v
2014-08-02 18:48,6.498,0.066,0,0,0,0,v
2014-08-02 18:54,6.466,0.077,0,0,0,0,v
2014-08-02 19:00,6.475,0.075,0,0,0,0,v
2014-08-02 19:06,6.485,0.077,0,0,0,0,v
2014-08-02 19:12,6.503,0.072,0,0,0,0,v
2014-08-02 19:18,6.493,0.063,0,0,0,0,v
2014-08-02 19:24,6.499,0.064,0,0,0,0,v
2014-08-02 19:30,6.509,0.075,0,0,0,0,v
2014-08-02 19:36,6.475,0.070,0,0,0,0,v
2014-08-02 19:42,6.474,0.076,0,0,0,0,v
2014-08-02 19:48,6.483,0.072,0,0,0,0,v
2014-08-02 19:54,6.466,0.064,0,0,0,0,v
2014-08-02 20:00,6.453,0.073,0,0,0,0,v
2014-08-02 20:06,6.470,0.069,0,0,0,0,v
2014-08-02 20:12,6.463,0.065,0,0,0,0,v
2014-08-02 20:18,6.451,0.066,0,0,0,0,v
2014-08-02 20:24,6.457,0.072,0,0,0,0,v
2014-08-02 20:30,6.463,0.073,0,0,0,0,v
2014-08-02 20:36,6.466,0.067,0,0,0,0,v
2014-08-02 20:42,6.456,0.067,0,0,0,0,v
2014-08-02 20:48,6.449,0.067,0,0,0,0,v
2014-08-02 20:54,6.469,0.064,0,0,0,0,v
2014-08-02 21:00,6.473,0.065,0,0,0,0,v
2014-08-02 21:06,6.484,0.071,0,0,0,0,v
2014-08-02 21:12,6.494,0.066,0,0,0,0,v
2014-08-02 21:18,6.481,0.060,0,0,0,0,v
2014-08-02 21:24,6.485,0.066,0,0,0,0,v
2014-08-02 21:30,6.493,0.077,0,0,0,0,v
2014-08-02 21:36,6.482,0.074,0,0,0,0,v
2014-08-02 21:42,6.477,0.075,0,0,0,0,v
2014-08-02 21:48,6.475,0.072,0,0,0,0,v
2014-08-02 21:54,6.480,0.065,0,0,0,0,v
2014-08-02 22:00,6.490,0.060,0,0,0,0,v
2014-08-02 22:06,6.497,0.059,0,0,0,0,v
2014-08-02 22:12,6.488,0.066,0,0,0,0,v
2014-08-02 22:18,6.506,0.061,0,0,0,0,v
2014-08-02 22:24,6.520,0.063,0,0,0,0,v
2014-08-02 22:30,6.527,0.075,0,0,0,0,v
2014-08-02 22:36,6.556,0.056,0,0,0,0,v
2014-08-02 22:42,6.556,0.071,0,0,0,0,v
2014-08-02 22:48,6.549,0.064,0,0,0,0,v
2014-08-02 22:54,6.547,0.063,0,0,0,0,v
2014-08-02 23:00,6.555,0.067,0,0,0,0,v
2014-08-02 23:06,6.551,0.059,0,0,0,0,v
2014-08-02 23:12,6.575,0.068,0,0,0,0,v
2014-08-02 23:18,6.590,0.067,0,0,0,0,v
2014-08-02 23:24,6.596,0.067,0,0,0,0,v
2014-08-02 23:30,6.586,0.058,0,0,0,0,v
2014-08-02 23:36,6.597,0.066,0,0,0,0,v
2014-08-02 23:42,6.589,0.063,0,0,0,0,v
2014-08-02 23:48,6.599,0.069,0,0,0,0,v
2014-08-02 23:54,6.611,0.057,0,0,0,0,v
2014-08-03 00:00,6.617,0.066,0,0,0,0,v
2014-08-03 00:06,6.621,0.050,0,0,0,0,v
2014-08-03 00:12,6.631,0.059,0,0,0,0,v
2014-08-03 00:18,6.636,0.062,0,0,0,0,v
2014-08-03 00:24,6.637,0.060,0,0,0,0,v
2014-08-03 00:30,6.630,0.062,0,0,0,0,v
2014-08-03 00:36,6.641,0.056,0,0,0,0,v
2014-08-03 00:42,6.641,0.051,0,0,0,0,v
2014-08-03 00:48,6.657,0.054,0,0,0,0,v
2014-08-03 00:54,6.650,0.055,0,0,0,0,v
2014-08-03 01:00,6.648,0.059,0,0,0,0,v
2014-08-03 01:06,6.619,0.069,0,0,0,0,v
2014-08-03 01:12,6.621,0.060,0,0,0,0,v
2014-08-03 01:18,6.624,0.056,0,0,0,0,v
2014-08-03 01:24,6.644,0.053,0,0,0,0,v
2014-08-03 01:30,6.641,0.051,0,0,0,0,v
2014-08-03 01:36,6.653,0.056,0,0,0,0,v
2014-08-03 01:42,6.657,0.067,0,0,0,0,v
2014-08-03 01:48,6.650,0.060,0,0,0,0,v
2014-08-03 01:54,6.673,0.064,0,0,0,0,v
2014-08-03 02:00,6.681,0.056,0,0,0,0,v
2014-08-03 02:06,6.668,0.058,0,0,0,0,v
2014-08-03 02:12,6.657,0.056,0,0,0,0,v
2014-08-03 02:18,6.663,0.059,0,0,0,0,v
2014-08-03 02:24,6.659,0.050,0,0,0,0,v
2014-08-03 02:30,6.655,0.053,0,0,0,0,v
2014-08-03 02:36,6.655,0.052,0,0,0,0,v
2014-08-03 02:42,6.653,0.062,0,0,0,0,v
2014-08-03 02:48,6.649,0.066,0,0,0,0,v
2014-08-03 02:54,6.632,0.052,0,0,0,0,v
2014-08-03 03:00,6.625,0.056,0,0,0,0,v
2014-08-03 03:06,6.622,0.056,0,0,0,0,v
2014-08-03 03:12,6.624,0.059,0,0,0,0,v
2014-08-03 03:18,6.640,0.047,0,0,0,0,v
2014-08-03 03:24,6.634,0.054,0,0,0,0,v
2014-08-03 03:30,6.655,0.046,0,0,0,0,v
2014-08-03 03:36,6.640,0.056,0,0,0,0,v
2014-08-03 03:42,6.652,0.052,0,0,0,0,v
2014-08-03 03:48,6.659,0.056,0,0,0,0,v
2014-08-03 03:54,6.668,0.054,0,0,0,0,v
2014-08-03 04:00,6.669,0.067,0,0,0,0,v
2014-08-03 04:06,6.662,0.048,0,0,0,0,v
2014-08-03 04:12,6.652,0.048,0,0,0,0,v
2014-08-03 04:18,6.638,0.045,0,0,0,0,v
2014-08-03 04:24,6.657,0.053,0,0,0,0,v
2014-08-03 04:30,6.659,0.057,0,0,0,0,v
2014-08-03 04:36,6.678,0.047,0,0,0,0,v
2014-08-03 04:42,6.667,0.055,0,0,0,0,v
2014-08-03 04:48,6.638,0.052,0,0,0,0,v
2014-08-03 04:54,6.651,0.050,0,0,0,0,v
2014-08-03 05:00,6.653,0.050,0,0,0,0,v
2014-08-03 05:06,6.646,0.054,0,0,0,0,v
2014-08-03 05:12,6.641,0.053,0,0,0,0,v
2014-08-03 05:18,6.642,0.053,0,0,0,0,v
2014-08-03 05:24,6.659,0.049,0,0,0,0,v
2014-08-03 05:30,6.649,0.056,0,0,0,0,v
2014-08-03 05:36,6.646,0.048,0,0,0,0,v
2014-08-03 05:42,6.647,0.047,0,0,0,0,v
2014-08-03 05:48,6.647,0.044,0,0,0,0,v
2014-08-03 05:54,6.660,0.051,0,0,0,0,v
2014-08-03 06:00,6.664,0.050,0,0,0,0,v
2014-08-03 06:06,6.659,0.049,0,0,0,0,v
2014-08-03 06:12,6.639,0.043,0,0,0,0,v
2014-08-03 06:18,6.654,0.050,0,0,0,0,v
2014-08-03 06:24,6.658,0.040,0,0,0,0,v
2014-08-03 06:30,6.659,0.043,0,0,0,0,v
2014-08-03 06:36,6.649,0.047,0,0,0,0,v
2014-08-03 06:42,6.645,0.054,0,0,0,0,v
2014-08-03 06:48,6.638,0.048,0,0,0,0,v
2014-08-03 06:54,6.660,0.051,0,0,0,0,v
2014-08-03 07:00,6.652,0.056,0,0,0,0,v
2014-08-03 07:06,6.651,0.052,0,0,0,0,v
2014-08-03 07:12,6.652,0.047,0,0,0,0,v
2014-08-03 07:18,6.647,0.049,0,0,0,0,v
2014-08-03 07:24,6.620,0.044,0,0,0,0,v
2014-08-03 07:30,6.622,0.047,0,0,0,0,v
2014-08-03 07:36,6.648,0.049,0,0,0,0,v
2014-08-03 07:42,6.657,0.044,0,0,0,0,v
2014-08-03 07:48,6.661,0.049,0,0,0,0,v
2014-08-03 07:54,6.644,0.040,0,0,0,0,v
2014-08-03 08:00,6.643,0.044,0,0,0,0,v
2014-08-03 08:06,6.641,0.044,0,0,0,0,v
2014-08-03 08:12,6.641,0.046,0,0,0,0,v
2014-08-03 08:18,6.645,0.044,0,0,0,0,v
2014-08-03 08:24,6.647,0.050,0,0,0,0,v
2014-08-03 08:30,6.653,0.046,0,0,0,0,v
2014-08-03 08:36,6.657,0.045,0,0,0,0,v
2014-08-03 08:42,6.660,0.049,0,0,0,0,v
2014-08-03 08:48,6.645,0.059,0,0,0,0,v
2014-08-03 08:54,6.661,0.045,0,0,0,0,v
2014-08-03 09:00,6.655,0.048,0,0,0,0,v
2014-08-03 09:06,6.657,0.050,0,0,0,0,v
2014-08-03 09:12,6.668,0.049,0,0,0,0,v
2014-08-03 09:18,6.649,0.045,0,0,0,0,v
2014-08-03 09:24,6.629,0.051,0,0,0,0,v
2014-08-03 09:30,6.652,0.056,0,0,0,0,v
2014-08-03 09:36,6.653,0.051,0,0,0,0,v
2014-08-03 09:42,6.641,0.049,0,0,0,0,v
2014-08-03 09:48,6.652,0.049,0,0,0,0,v
2014-08-03 09:54,6.655,0.049,0,0,0,0,v
2014-08-03 10:00,6.657,0.049,0,0,0,0,v
2014-08-03 10:06,6.650,0.047,0,0,0,0,v
2014-08-03 10:12,6.663,0.051,0,0,0,0,v
2014-08-03 10:18,6.663,0.045,0,0,0,0,v
2014-08-03 10:24,6.662,0.048,0,0,0,0,v
2014-08-03 10:30,6.667,0.048,0,0,0,0,v
2014-08-03 10:36,6.687,0.047,0,0,0,0,v
2014-08-03 10:42,6.684,0.046,0,0,0,0,v
2014-08-03 10:48,6.686,0.049,0,0,0,0,v
2014-08-03 10:54,6.650,0.053,0,0,0,0,v
2014-08-03 11:00,6.647,0.045,0,0,0,0,v
2014-08-03 11:06,6.671,0.048,0,0,0,0,v
2014-08-03 11:12,6.681,0.048,0,0,0,0,v
2014-08-03 11:18,6.685,0.049,0,0,0,0,v
2014-08-03 11:24,6.677,0.036,0,0,0,0,v
2014-08-03 11:30,6.674,0.046,0,0,0,0,v
2014-08-03 11:36,6.663,0.045,0,0,0,0,v
2014-08-03 11:42,6.663,0.051,0,0,0,0,v
2014-08-03 11:48,6.678,0.043,0,0,0,0,v
2014-08-03 11:54,6.681,0.044,0,0,0,0,v
2014-08-03 12:00,6.689,0.043,0,0,0,0,v
2014-08-03 12:06,6.692,0.047,0,0,0,0,v
2014-08-03 12:12,6.683,0.044,0,0,0,0,v
2014-08-03 12:18,6.681,0.037,0,0,0,0,v
2014-08-03 12:24,6.674,0.044,0,0,0,0,v
2014-08-03 12:30,6.673,0.045,0,0,0,0,v
2014-08-03 12:36,6.672,0.042,0,0,0,0,v
2014-08-03 12:42,6.669,0.048,0,0,0,0,v
2014-08-03 12:48,6.685,0.048,0,0,0,0,v
2014-08-03 12:54,6.672,0.048,0,0,0,0,v
2014-08-03 13:00,6.686,0.041,0,0,0,0,v
2014-08-03 13:06,6.681,0.047,0,0,0,0,v
2014-08-03 13:12,6.677,0.051,0,0,0,0,v
2014-08-03 13:18,6.656,0.038,0,0,0,0,v
2014-08-03 13:24,6.639,0.043,0,0,0,0,v
2014-08-03 13:30,6.638,0.043,0,0,0,0,v
2014-08-03 13:36,6.631,0.039,0,0,0,0,v
2014-08-03 13:42,6.655,0.052,0,0,0,0,v
2014-08-03 13:48,6.647,0.046,0,0,0,0,v
2014-08-03 13:54,6.629,0.040,0,0,0,0,v
2014-08-03 14:00,6.637,0.041,0,0,0,0,v
2014-08-03 14:06,6.629,0.047,0,0,0,0,v
2014-08-03 14:12,6.605,0.049,0,0,0,0,v
2014-08-03 14:18,6.605,0.043,0,0,0,0,v
2014-08-03 14:24,6.616,0.048,0,0,0,0,v
2014-08-03 14:30,6.615,0.039,0,0,0,0,v
2014-08-03 14:36,6.606,0.037,0,0,0,0,v
2014-08-03 14:42,6.621,0.041,0,0,0,0,v
2014-08-03 14:48,6.616,0.051,0,0,0,0,v
2014-08-03 14:54,6.603,0.044,0,0,0,0,v
2014-08-03 15:00,6.595,0.040,0,0,0,0,v
2014-08-03 15:06,6.608,0.048,0,0,0,0,v
2014-08-03 15:12,6.597,0.040,0,0,0,0,v
2014-08-03 15:18,6.594,0.041,0,0,0,0,v
2014-08-03 15:24,6.596,0.036,0,0,0,0,v
2014-08-03 15:30,6.594,0.041,0,0,0,0,v
2014-08-03 15:36,6.590,0.042,0,0,0,0,v
2014-08-03 15:42,6.570,0.033,0,0,0,0,v
2014-08-03 15:48,6.560,0.036,0,0,0,0,v
2014-08-03 15:54,6.536,0.044,0,0,0,0,v
2014-08-03 16:00,6.539,0.040,0,0,0,0,v
2014-08-03 16:06,6.521,0.036,0,0,0,0,v
2014-08-03 16:12,6.530,0.041,0,0,0,0,v
2014-08-03 16:18,6.522,0.037,0,0,0,0,v
2014-08-03 16:24,6.518,0.035,0,0,0,0,v
2014-08-03 16:30,6.512,0.038,0,0,0,0,v
2014-08-03 16:36,6.506,0.033,0,0,0,0,v
2014-08-03 16:42,6.498,0.036,0,0,0,0,v
2014-08-03 16:48,6.515,0.037,0,0,0,0,v
2014-08-03 16:54,6.503,0.037,0,0,0,0,v
2014-08-03 17:00,6.505,0.035,0,0,0,0,v
2014-08-03 17:06,6.502,0.037,0,0,0,0,v
2014-08-03 17:12,6.487,0.035,0,0,0,0,v
2014-08-03 17:18,6.465,0.034,0,0,0,0,v
2014-08-03 17:24,6.479,0.038,0,0,0,0,v
2014-08-03 17:30,6.458,0.038,0,0,0,0,v
2014-08-03 17:36,6.474,0.032,0,0,0,0,v
2014-08-03 17:42,6.470,0.034,0,0,0,0,v
2014-08-03 17:48,6.460,0.035,0,0,0,0,v
2014-08-03 17:54,6.458,0.040,0,0,0,0,v
2014-08-03 18:00,6.469,0.037,0,0,0,0,v
2014-08-03 18:06,6.453,0.037,0,0,0,0,v
2014-08-03 18:12,6.455,0.031,0,0,0,0,v
2014-08-03 18:18,6.442,0.037,0,0,0,0,v
2014-08-03 18:24,6.433,0.031,0,0,0,0,v
2014-08-03 18:30,6.440,0.036,0,0,0,0,v
2014-08-03 18:36,6.417,0.036,0,0,0,0,v
2014-08-03 18:42,6.415,0.039,0,0,0,0,v
2014-08-03 18:48,6.414,0.033,0,0,0,0,v
2014-08-03 18:54,6.431,0.035,0,0,0,0,v
2014-08-03 19:00,6.409,0.035,0,0,0,0,v
2014-08-03 19:06,6.413,0.031,0,0,0,0,v
2014-08-03 19:12,6.411,0.036,0,0,0,0,v
2014-08-03 19:18,6.405,0.032,0,0,0,0,v
2014-08-03 19:24,6.397,0.032,0,0,0,0,v
2014-08-03 19:30,6.382,0.035,0,0,0,0,v
2014-08-03 19:36,6.391,0.031,0,0,0,0,v
2014-08-03 19:42,6.396,0.035,0,0,0,0,v
2014-08-03 19:48,6.377,0.036,0,0,0,0,v
2014-08-03 19:54,6.370,0.035,0,0,0,0,v
2014-08-03 20:00,6.370,0.041,0,0,0,0,v
2014-08-03 20:06,6.369,0.039,0,0,0,0,v
2014-08-03 20:12,6.368,0.039,0,0,0,0,v
2014-08-03 20:18,6.383,0.036,0,0,0,0,v
2014-08-03 20:24,6.395,0.037,0,0,0,0,v
2014-08-03 20:30,6.403,0.038,0,0,0,0,v
2014-08-03 20:36,6.434,0.038,0,0,0,0,v
2014-08-03 20:42,6.400,0.036,0,0,0,0,v
2014-08-03 20:48,6.412,0.039,0,0,0,0,v
2014-08-03 20:54,6.399,0.033,0,0,0,0,v
2014-08-03 21:00,6.410,0.028,0,0,0,0,v
2014-08-03 21:06,6.424,0.032,0,0,0,0,v
2014-08-03 21:12,6.420,0.034,0,0,0,0,v
2014-08-03 21:18,6.435,0.031,0,0,0,0,v
2014-08-03 21:24,6.432,0.033,0,0,0,0,v
2014-08-03 21:30,6.431,0.037,0,0,0,0,v
2014-08-03 21:36,6.412,0.040,0,0,0,0,v
2014-08-03 21:42,6.427,0.034,0,0,0,0,v
2014-08-03 21:48,6.433,0.034,0,0,0,0,v
2014-08-03 21:54,6.448,0.034,0,0,0,0,v
2014-08-03 22:00,6.424,0.035,0,0,0,0,v
2014-08-03 22:06,6.410,0.035,0,0,0,0,v
2014-08-03 22:12,6.439,0.034,0,0,0,0,v
2014-08-03 22:18,6.432,0.032,0,0,0,0,v
2014-08-03 22:24,6.430,0.031,0,0,0,0,v
2014-08-03 22:30,6.439,0.031,0,0,0,0,v
2014-08-03 22:36,6.447,0.037,0,0,0,0,v
2014-08-03 22:42,6.449,0.037,0,0,0,0,v
2014-08-03 22:48,6.445,0.037,0,0,0,0,v
2014-08-03 22:54,6.451,0.038,0,0,0,0,v
2014-08-03 23:00,6.469,0.034,0,0,0,0,v
2014-08-03 23:06,6.498,0.033,0,0,0,0,v
2014-08-03 23:12,6.492,0.034,0,0,0,0,v
2014-08-03 23:18,6.490,0.033,0,0,0,0,v
2014-08-03 23:24,6.472,0.032,0,0,0,0,v
2014-08-03 23:30,6.493,0.034,0,0,0,0,v
2014-08-03 23:36,6.495,0.030,0,0,0,0,v
2014-08-03 23:42,6.494,0.030,0,0,0,0,v
2014-08-03 23:48,6.504,0.029,0,0,0,0,v
2014-08-03 23:54,6.506,0.038,0,0,0,0,v
2014-08-04 00:00,6.511,0.030,0,0,0,0,v
2014-08-04 00:06,6.519,0.036,0,0,0,0,v
2014-08-04 00:12,6.505,0.037,0,0,0,0,v
2014-08-04 00:18,6.525,0.031,0,0,0,0,v
2014-08-04 00:24,6.527,0.030,0,0,0,0,v
2014-08-04 00:30,6.534,0.030,0,0,0,0,v
2014-08-04 00:36,6.546,0.036,0,0,0,0,v
2014-08-04 00:42,6.570,0.031,0,0,0,0,v
2014-08-04 00:48,6.540,0.029,0,0,0,0,v
2014-08-04 00:54,6.573,0.033,0,0,0,0,v
2014-08-04 01:00,6.582,0.034,0,0,0,0,v
2014-08-04 01:06,6.591,0.032,0,0,0,0,v
2014-08-04 01:12,6.594,0.029,0,0,0,0,v
2014-08-04 01:18,6.616,0.033,0,0,0,0,v
2014-08-04 01:24,6.609,0.028,0,0,0,0,v
2014-08-04 01:30,6.601,0.035,0,0,0,0,v
2014-08-04 01:36,6.612,0.033,0,0,0,0,v
2014-08-04 01:42,6.630,0.032,0,0,0,0,v
2014-08-04 01:48,6.627,0.027,0,0,0,0,v
2014-08-04 01:54,6.636,0.032,0,0,0,0,v
2014-08-04 02:00,6.646,0.031,0,0,0,0,v
2014-08-04 02:06,6.658,0.028,0,0,0,0,v
2014-08-04 02:12,6.642,0.035,0,0,0,0,v
2014-08-04 02:18,6.666,0.032,0,0,0,0,v
2014-08-04 02:24,6.672,0.030,0,0,0,0,v
2014-08-04 02:30,6.654,0.030,0,0,0,0,v
2014-08-04 02:36,6.652,0.031,0,0,0,0,v
2014-08-04 02:42,6.641,0.035,0,0,0,0,v
2014-08-04 02:48,6.651,0.026,0,0,0,0,v
2014-08-04 02:54,6.655,0.029,0,0,0,0,v
2014-08-04 03:00,6.639,0.034,0,0,0,0,v
2014-08-04 03:06,6.646,0.032,0,0,0,0,v
2014-08-04 03:12,6.656,0.018,0,0,0,0,v
2014-08-04 03:18,6.651,0.019,0,0,0,0,v
2014-08-04 03:24,6.665,0.015,0,0,0,0,v
2014-08-04 03:30,6.649,0.028,0,0,0,0,v
2014-08-04 03:36,6.648,0.027,0,0,0,0,v
2014-08-04 03:42,6.658,0.034,0,0,0,0,v
2014-08-04 03:48,6.683,0.021,0,0,0,0,v
2014-08-04 03:54,6.691,0.017,0,0,0,0,v
2014-08-04 04:00,6.696,0.013,0,0,0,0,v
2014-08-04 04:06,6.702,0.032,0,0,0,0,v
2014-08-04 04:12,6.703,0.032,0,0,0,0,v
2014-08-04 04:18,6.709,0.032,0,0,0,0,v
2014-08-04 04:24,6.693,0.028,0,0,0,0,v
2014-08-04 04:30,6.705,0.033,0,0,0,0,v
2014-08-04 04:36,6.695,0.027,0,0,0,0,v
2014-08-04 04:42,6.711,0.018,0,0,0,0,v
2014-08-04 04:48,6.714,0.019,0,0,0,0,v
2014-08-04 04:54,6.695,0.030,0,0,0,0,v
2014-08-04 05:00,6.674,0.032,0,0,0,0,v
2014-08-04 05:06,6.683,0.029,0,0,0,0,v
2014-08-04 05:12,6.676,0.029,0,0,0,0,v
2014-08-04 05:18,6.683,0.032,0,0,0,0,v
2014-08-04 05:24,6.679,0.029,0,0,0,0,v
2014-08-04 05:30,6.678,0.030,0,0,0,0,v
2014-08-04 05:36,6.678,0.034,0,0,0,0,v
2014-08-04 05:42,6.681,0.022,0,0,0,0,v
2014-08-04 05:48,6.666,0.030,0,0,0,0,v
2014-08-04 05:54,6.681,0.029,0,0,0,0,v
2014-08-04 06:00,6.679,0.028,0,0,0,0,v
2014-08-04 06:06,6.657,0.031,0,0,0,0,v
2014-08-04 06:12,6.662,0.029,0,0,0,0,v
2014-08-04 06:18,6.661,0.030,0,0,0,0,v
2014-08-04 06:24,6.675,0.030,0,0,0,0,v
2014-08-04 06:30,6.674,0.024,0,0,0,0,v
2014-08-04 06:36,6.663,0.011,0,0,0,0,v
2014-08-04 06:42,6.691,0.012,0,0,0,0,v
2014-08-04 06:48,6.699,0.011,0,0,0,0,v
2014-08-04 06:54,6.660,0.024,0,0,0,0,v
2014-08-04 07:00,6.676,0.031,0,0,0,0,v
2014-08-04 07:06,6.680,0.031,0,0,0,0,v
2014-08-04 07:12,6.669,0.030,0,0,0,0,v
2014-08-04 07:18,6.652,0.030,0,0,0,0,v
2014-08-04 07:24,6.657,0.030,0,0,0,0,v
2014-08-04 07:30,6.671,0.028,0,0,0,0,v
2014-08-04 07:36,6.704,0.030,0,0,0,0,v
2014-08-04 07:42,6.712,0.028,0,0,0,0,v
2014-08-04 07:48,6.713,0.028,0,0,0,0,v
2014-08-04 07:54,6.696,0.029,0,0,0,0,v
2014-08-04 08:00,6.693,0.027,0,0,0,0,v
2014-08-04 08:06,6.698,0.026,0,0,0,0,v
2014-08-04 08:12,6.701,0.026,0,0,0,0,v
2014-08-04 08:18,6.686,0.025,0,0,0,0,v
2014-08-04 08:24,6.674,0.024,0,0,0,0,v
2014-08-04 08:30,6.675,0.027,0,0,0,0,v
2014-08-04 08:36,6.672,0.027,0,0,0,0,v
2014-08-04 08:42,6.667,0.028,0,0,0,0,v
2014-08-04 08:48,6.680,0.028,0,0,0,0,v
2014-08-04 08:54,6.685,0.023,0,0,0,0,v
2014-08-04 09:00,6.695,0.026,0,0,0,0,v
2014-08-04 09:06,6.699,0.026,0,0,0,0,v
2014-08-04 09:12,6.717,0.016,0,0,0,0,v
2014-08-04 09:18,6.734,0.021,0,0,0,0,v
2014-08-04 09:24,6.732,0.014,0,0,0,0,v
2014-08-04 09:30,6.710,0.014,0,0,0,0,v
2014-08-04 09:36,6.700,0.021,0,0,0,0,v
2014-08-04 09:42,6.692,0.015,0,0,0,0,v
2014-08-04 09:48,6.690,0.014,0,0,0,0,v
2014-08-04 09:54,6.680,0.014,0,0,0,0,v
2014-08-04 10:00,6.670,0.023,0,0,0,0,v
2014-08-04 10:06,6.676,0.018,0,0,0,0,v
2014-08-04 10:12,6.679,0.022,0,0,0,0,v
2014-08-04 10:18,6.689,0.019,0,0,0,0,v
2014-08-04 10:24,6.691,0.018,0,0,0,0,v
2014-08-04 10:30,6.679,0.020,0,0,0,0,v
2014-08-04 10:36,6.671,0.018,0,0,0,0,v
2014-08-04 10:42,6.684,0.019,0,0,0,0,v
2014-08-04 10:48,6.668,0.017,0,0,0,0,v
2014-08-04 10:54,6.676,0.016,0,0,0,0,v
2014-08-04 11:00,6.662,0.017,0,0,0,0,v
2014-08-04 11:06,6.657,0.017,0,0,0,0,v
2014-08-04 11:12,6.691,0.024,0,0,0,0,v
2014-08-04 11:18,6.700,0.019,0,0,0,0,v
2014-08-04 11:24,6.685,0.020,0,0,0,0,v
2014-08-04 11:30,6.686,0.019,0,0,0,0,v
2014-08-04 11:36,6.677,0.020,0,0,0,0,v
2014-08-04 11:42,6.679,0.013,0,0,0,0,v
2014-08-04 11:48,6.682,0.016,0,0,0,0,v
2014-08-04 11:54,6.693,0.018,0,0,0,0,v
2014-08-04 12:00,6.738,0.018,0,0,0,0,v
2014-08-04 12:06,6.737,0.018,0,0,0,0,v
2014-08-04 12:12,6.734,0.015,0,0,0,0,v
2014-08-04 12:18,6.726,0.017,0,0,0,0,v
2014-08-04 12:24,6.705,0.016,0,0,0,0,v
2014-08-04 12:30,6.697,0.015,0,0,0,0,v
2014-08-04 12:36,6.694,0.021,0,0,0,0,v
2014-08-04 12:42,6.678,0.020,0,0,0,0,v
2014-08-04 12:48,6.708,0.023,0,0,0,0,v
2014-08-04 12:54,6.678,0.019,0,0,0,0,v
2014-08-04 13:00,6.707,0.018,0,0,0,0,v
2014-08-04 13:06,6.688,0.016,0,0,0,0,v
2014-08-04 13:12,6.694,0.020,0,0,0,0,v
2014-08-04 13:18,6.672,0.019,0,0,0,0,v
2014-08-04 13:24,6.664,0.017,0,0,0,0,v
2014-08-04 13:30,6.666,0.013,0,0,0,0,v
2014-08-04 13:36,6.664,0.019,0,0,0,0,v
2014-08-04 13:42,6.656,0.018,0,0,0,0,v
2014-08-04 13:48,6.649,0.018,0,0,0,0,v
2014-08-04 13:54,6.639,0.015,0,0,0,0,v
2014-08-04 14:00,6.635,0.020,0,0,0,0,v
2014-08-04 14:06,6.631,0.023,0,0,0,0,v
2014-08-04 14:12,6.626,0.022,0,0,0,0,v
2014-08-04 14:18,6.655,0.023,0,0,0,0,v
2014-08-04 14:24,6.644,0.016,0,0,0,0,v
2014-08-04 14:30,6.660,0.019,0,0,0,0,v
2014-08-04 14:36,6.658,0.017,0,0,0,0,v
2014-08-04 14:42,6.642,0.018,0,0,0,0,v
2014-08-04 14:48,6.644,0.016,0,0,0,0,v
2014-08-04 14:54,6.645,0.020,0,0,0,0,v
2014-08-04 15:00,6.643,0.019,0,0,0,0,v
2014-08-04 15:06,6.640,0.019,0,0,0,0,v
2014-08-04 15:12,6.621,0.019,0,0,0,0,v
2014-08-04 15:18,6.638,0.021,0,0,0,0,v
2014-08-04 15:24,6.631,0.022,0,0,0,0,v
2014-08-04 15:30,6.615,0.020,0,0,0,0,v
2014-08-04 15:36,6.606,0.020,0,0,0,0,v
2014-08-04 15:42,6.591,0.023,0,0,0,0,v
2014-08-04 15:48,6.593,0.017,0,0,0,0,v
2014-08-04 15:54,6.583,0.023,0,0,0,0,v
2014-08-04 16:00,6.605,0.022,0,0,0,0,v
2014-08-04 16:06,6.608,0.021,0,0,0,0,v
2014-08-04 16:12,6.578,0.019,0,0,0,0,v
2014-08-04 16:18,6.568,0.019,0,0,0,0,v
2014-08-04 16:24,6.573,0.021,0,0,0,0,v
2014-08-04 16:30,6.568,0.024,0,0,0,0,v
2014-08-04 16:36,6.577,0.019,0,0,0,0,v
2014-08-04 16:42,6.549,0.016,0,0,0,0,v
2014-08-04 16:48,6.548,0.018,0,0,0,0,v
2014-08-04 16:54,6.534,0.018,0,0,0,0,v
2014-08-04 17:00,6.517,0.021,0,0,0,0,v
2014-08-04 17:06,6.506,0.022,0,0,0,0,v
2014-08-04 17:12,6.518,0.018,0,0,0,0,v
2014-08-04 17:18,6.526,0.019,0,0,0,0,v
2014-08-04 17:24,6.525,0.018,0,0,0,0,v
2014-08-04 17:30,6.477,0.021,0,0,0,0,v
2014-08-04 17:36,6.476,0.018,0,0,0,0,v
2014-08-04 17:42,6.469,0.017,0,0,0,0,v
2014-08-04 17:48,6.482,0.019,0,0,0,0,v
2014-08-04 17:54,6.494,0.019,0,0,0,0,v
2014-08-04 18:00,6.458,0.018,0,0,0,0,v
2014-08-04 18:06,6.454,0.020,0,0,0,0,v
2014-08-04 18:12,6.461,0.018,0,0,0,0,v
2014-08-04 18:18,6.416,0.020,0,0,0,0,v
2014-08-04 18:24,6.426,0.020,0,0,0,0,v
2014-08-04 18:30,6.464,0.022,0,0,0,0,v
2014-08-04 18:36,6.437,0.011,0,0,0,0,v
2014-08-04 18:42,6.427,0.009,0,0,0,0,v
2014-08-04 18:48,6.410,0.013,0,0,0,0,v
2014-08-04 18:54,6.416,0.013,0,0,0,0,v
2014-08-04 19:00,6.414,0.015,0,0,0,0,v
2014-08-04 19:06,6.405,0.016,0,0,0,0,v
2014-08-04 19:12,6.401,0.015,0,0,0,0,v
2014-08-04 19:18,6.406,0.015,0,0,0,0,v
2014-08-04 19:24,6.386,0.017,0,0,0,0,v
2014-08-04 19:30,6.423,0.014,0,0,0,0,v
2014-08-04 19:36,6.399,0.022,0,0,0,0,v
2014-08-04 19:42,6.432,0.020,0,0,0,0,v
2014-08-04 19:48,6.407,0.025,0,0,0,0,v
2014-08-04 19:54,6.422,0.022,0,0,0,0,v
2014-08-04 20:00,6.417,0.025,0,0,0,0,v
2014-08-04 20:06,6.380,0.020,0,0,0,0,v
2014-08-04 20:12,6.394,0.016,0,0,0,0,v
2014-08-04 20:18,6.378,0.022,0,0,0,0,v
2014-08-04 20:24,6.390,0.020,0,0,0,0,v
2014-08-04 20:30,6.375,0.018,0,0,0,0,v
2014-08-04 20:36,6.392,0.013,0,0,0,0,v
2014-08-04 20:42,6.393,0.016,0,0,0,0,v
2014-08-04 20:48,6.385,0.019,0,0,0,0,v
2014-08-04 20:54,6.396,0.015,0,0,0,0,v
2014-08-04 21:00,6.405,0.019,0,0,0,0,v
2014-08-04 21:06,6.399,0.018,0,0,0,0,v
2014-08-04 21:12,6.398,0.017,0,0,0,0,v
2014-08-04 21:18,6.398,0.018,0,0,0,0,v
2014-08-04 21:24,6.374,0.013,0,0,0,0,v
2014-08-04 21:30,6.375,0.023,0,0,0,0,v
2014-08-04 21:36,6.346,0.022,0,0,0,0,v
2014-08-04 21:42,6.359,0.023,0,0,0,0,v
2014-08-04 21:48,6.363,0.026,0,0,0,0,v
2014-08-04 21:54,6.376,0.025,0,0,0,0,v
2014-08-04 22:00,6.373,0.024,0,0,0,0,v
2014-08-04 22:06,6.371,0.028,0,0,0,0,v
2014-08-04 22:12,6.384,0.029,0,0,0,0,v
2014-08-04 22:18,6.403,0.029,0,0,0,0,v
2014-08-04 22:24,6.393,0.031,0,0,0,0,v
2014-08-04 22:30,6.387,0.032,0,0,0,0,v
2014-08-04 22:36,6.412,0.034,0,0,0,0,v
2014-08-04 22:42,6.420,0.031,0,0,0,0,v
2014-08-04 22:48,6.425,0.033,0,0,0,0,v
2014-08-04 22:54,6.432,0.033,0,0,0,0,v
2014-08-04 23:00,6.437,0.034,0,0,0,0,v
2014-08-04 23:06,6.438,0.038,0,0,0,0,v
2014-08-04 23:12,6.448,0.040,0,0,0,0,v
2014-08-04 23:18,6.441,0.039,0,0,0,0,v
2014-08-04 23:24,6.481,0.035,0,0,0,0,v
2014-08-04 23:30,6.465,0.033,0,0,0,0,v
2014-08-04 23:36,6.473,0.035,0,0,0,0,v
2014-08-04 23:42,6.486,0.041,0,0,0,0,v
2014-08-04 23:48,6.488,0.041,0,0,0,0,v
2014-08-04 23:54,6.502,0.040,0,0,0,0,v
2014-08-05 00:00,6.511,0.042,0,0,0,0,v
2014-08-05 00:06,6.502,0.038,0,0,0,0,v
2014-08-05 00:12,6.518,0.044,0,0,0,0,v
2014-08-05 00:18,6.504,0.040,0,0,0,0,v
2014-08-05 00:24,6.538,0.038,0,0,0,0,v
2014-08-05 00:30,6.511,0.042,0,0,0,0,v
2014-08-05 00:36,6.516,0.039,0,0,0,0,v
2014-08-05 00:42,6.532,0.041,0,0,0,0,v
2014-08-05 00:48,6.535,0.044,0,0,0,0,v
2014-08-05 00:54,6.571,0.039,0,0,0,0,v
2014-08-05 01:00,6.572,0.043,0,0,0,0,v
2014-08-05 01:06,6.582,0.041,0,0,0,0,v
2014-08-05 01:12,6.592,0.040,0,0,0,0,v
2014-08-05 01:18,6.594,0.038,0,0,0,0,v
2014-08-05 01:24,6.598,0.043,0,0,0,0,v
2014-08-05 01:30,6.634,0.040,0,0,0,0,v
2014-08-05 01:36,6.645,0.042,0,0,0,0,v
2014-08-05 01:42,6.626,0.036,0,0,0,0,v
2014-08-05 01:48,6.647,0.042,0,0,0,0,v
2014-08-05 01:54,6.620,0.040,0,0,0,0,v
2014-08-05 02:00,6.624,0.042,0,0,0,0,v
2014-08-05 02:06,6.639,0.041,0,0,0,0,v
2014-08-05 02:12,6.649,0.041,0,0,0,0,v
2014-08-05 02:18,6.656,0.043,0,0,0,0,v
2014-08-05 02:24,6.684,0.036,0,0,0,0,v
2014-08-05 02:30,6.658,0.040,0,0,0,0,v
2014-08-05 02:36,6.650,0.037,0,0,0,0,v
2014-08-05 02:42,6.651,0.039,0,0,0,0,v
2014-08-05 02:48,6.670,0.039,0,0,0,0,v
2014-08-05 02:54,6.676,0.038,0,0,0,0,v
2014-08-05 03:00,6.667,0.040,0,0,0,0,v
2014-08-05 03:06,6.668,0.031,0,0,0,0,v
2014-08-05 03:12,6.672,0.035,0,0,0,0,v
2014-08-05 03:18,6.662,0.034,0,0,0,0,v
2014-08-05 03:24,6.656,0.036,0,0,0,0,v
2014-08-05 03:30,6.671,0.036,0,0,0,0,v
2014-08-05 03:36,6.704,0.033,0,0,0,0,v
2014-08-05 03:42,6.697,0.034,0,0,0,0,v
2014-08-05 03:48,6.686,0.031,0,0,0,0,v
2014-08-05 03:54,6.724,0.034,0,0,0,0,v
2014-08-05 04:00,6.721,0.026,0,0,0,0,v
2014-08-05 04:06,6.738,0.035,0,0,0,0,v
2014-08-05 04:12,6.726,0.033,0,0,0,0,v
2014-08-05 04:18,6.744,0.035,0,0,0,0,v
2014-08-05 04:24,6.731,0.033,0,0,0,0,v
2014-08-05 04:30,6.731,0.027,0,0,0,0,v
2014-08-05 04:36,6.733,0.035,0,0,0,0,v
2014-08-05 04:42,6.750,0.031,0,0,0,0,v
2014-08-05 04:48,6.754,0.031,0,0,0,0,v
2014-08-05 04:54,6.761,0.028,0,0,0,0,v
2014-08-05 05:00,6.776,0.032,0,0,0,0,v
2014-08-05 05:06,6.756,0.033,0,0,0,0,v
2014-08-05 05:12,6.760,0.031,0,0,0,0,v
2014-08-05 05:18,6.786,0.022,0,0,0,0,v
2014-08-05 05:24,6.787,0.034,0,0,0,0,v
2014-08-05 05:30,6.776,0.028,0,0,0,0,v
2014-08-05 05:36,6.776,0.030,0,0,0,0,v
2014-08-05 05:42,6.785,0.030,0,0,0,0,v
2014-08-05 05:48,6.792,0.029,0,0,0,0,v
2014-08-05 05:54,6.802,0.028,0,0,0,0,v
2014-08-05 06:00,6.806,0.032,0,0,0,0,v
2014-08-05 06:06,6.802,0.032,0,0,0,0,v
2014-08-05 06:12,6.798,0.024,0,0,0,0,v
2014-08-05 06:18,6.811,0.029,0,0,0,0,v
2014-08-05 06:24,6.825,0.030,0,0,0,0,v
2014-08-05 06:30,6.818,0.029,0,0,0,0,v
2014-08-05 06:36,6.828,0.025,0,0,0,0,v
2014-08-05 06:42,6.810,0.029,0,0,0,0,v
2014-08-05 06:48,6.827,0.028,0,0,0,0,v
2014-08-05 06:54,6.802,0.024,0,0,0,0,v
2014-08-05 07:00,6.807,0.027,0,0,0,0,v
2014-08-05 07:06,6.788,0.025,0,0,0,0,v
2014-08-05 07:12,6.795,0.026,0,0,0,0,v
2014-08-05 07:18,6.783,0.027,0,0,0,0,v
2014-08-05 07:24,6.804,0.028,0,0,0,0,v
2014-08-05 07:30,6.807,0.026,0,0,0,0,v
2014-08-05 07:36,6.778,0.027,0,0,0,0,v
2014-08-05 07:42,6.796,0.027,0,0,0,0,v
2014-08-05 07:48,6.781,0.029,0,0,0,0,v
2014-08-05 07:54,6.770,0.030,0,0,0,0,v
2014-08-05 08:00,6.758,0.027,0,0,0,0,v
2014-08-05 08:06,6.737,0.028,0,0,0,0,v
2014-08-05 08:12,6.749,0.024,0,0,0,0,v
2014-08-05 08:18,6.745,0.029,0,0,0,0,v
2014-08-05 08:24,6.766,0.028,0,0,0,0,v
2014-08-05 08:30,6.768,0.026,0,0,0,0,v
2014-08-05 08:36,6.729,0.028,0,0,0,0,v
2014-08-05 08:42,6.728,0.026,0,0,0,0,v
2014-08-05 08:48,6.706,0.028,0,0,0,0,v
2014-08-05 08:54,6.716,0.027,0,0,0,0,v
2014-08-05 09:00,6.742,0.027,0,0,0,0,v
2014-08-05 09:06,6.766,0.028,0,0,0,0,v
2014-08-05 09:12,6.772,0.024,0,0,0,0,v
2014-08-05 09:18,6.774,0.028,0,0,0,0,v
2014-08-05 09:24,6.765,0.023,0,0,0,0,v
2014-08-05 09:30,6.771,0.024,0,0,0,0,v
2014-08-05 09:36,6.785,0.029,0,0,0,0,v
2014-08-05 09:42,6.786,0.026,0,0,0,0,v
2014-08-05 09:48,6.776,0.024,0,0,0,0,v
2014-08-05 09:54,6.786,0.025,0,0,0,0,v
2014-08-05 10:00,6.796,0.027,0,0,0,0,v
2014-08-05 10:06,6.820,0.029,0,0,0,0,v
2014-08-05 10:12,6.821,0.029,0,0,0,0,v
2014-08-05 10:18,6.783,0.025,0,0,0,0,v
2014-08-05 10:24,6.782,0.027,0,0,0,0,v
2014-08-05 10:30,6.772,0.027,0,0,0,0,v
2014-08-05 10:36,6.799,0.025,0,0,0,0,v
2014-08-05 10:42,6.779,0.028,0,0,0,0,v
2014-08-05 10:48,6.775,0.025,0,0,0,0,v
2014-08-05 10:54,6.764,0.024,0,0,0,0,v
2014-08-05 11:00,6.775,0.028,0,0,0,0,v
2014-08-05 11:06,6.793,0.031,0,0,0,0,v
2014-08-05 11:12,6.776,0.025,0,0,0,0,v
2014-08-05 11:18,6.775,0.028,0,0,0,0,v
2014-08-05 11:24,6.772,0.026,0,0,0,0,v
2014-08-05 11:30,6.753,0.027,0,0,0,0,v
2014-08-05 11:36,6.776,0.025,0,0,0,0,v
2014-08-05 11:42,6.764,0.027,0,0,0,0,v
2014-08-05 11:48,6.756,0.026,0,0,0,0,v
2014-08-05 11:54,6.779,0.026,0,0,0,0,v
2014-08-05 12:00,6.762,0.029,0,0,0,0,v
2014-08-05 12:06,6.773,0.025,0,0,0,0,v
2014-08-05 12:12,6.773,0.025,0,0,0,0,v
2014-08-05 12:18,6.744,0.026,0,0,0,0,v
2014-08-05 12:24,6.747,0.027,0,0,0,0,v
2014-08-05 12:30,6.756,0.028,0,0,0,0,v
2014-08-05 12:36,6.740,0.030,0,0,0,0,v
2014-08-05 12:42,6.754,0.029,0,0,0,0,v
2014-08-05 12:48,6.776,0.027,0,0,0,0,v
2014-08-05 12:54,6.770,0.024,0,0,0,0,v
2014-08-05 13:00,6.801,0.026,0,0,0,0,v
2014-08-05 13:06,6.774,0.027,0,0,0,0,v
2014-08-05 13:12,6.797,0.029,0,0,0,0,v
2014-08-05 13:18,6.780,0.026,0,0,0,0,v
2014-08-05 13:24,6.776,0.024,0,0,0,0,v
2014-08-05 13:30,6.764,0.027,0,0,0,0,v
2014-08-05 13:36,6.760,0.025,0,0,0,0,v
2014-08-05 13:42,6.754,0.025,0,0,0,0,v
2014-08-05 13:48,6.732,0.024,0,0,0,0,v
2014-08-05 13:54,6.729,0.024,0,0,0,0,v
2014-08-05 14:00,6.724,0.026,0,0,0,0,v
2014-08-05 14:06,6.734,0.021,0,0,0,0,v
2014-08-05 14:12,6.723,0.023,0,0,0,0,v
2014-08-05 14:18,6.737,0.025,0,0,0,0,v
2014-08-05 14:24,6.732,0.026,0,0,0,0,v
2014-08-05 14:30,6.735,0.023,0,0,0,0,v
2014-08-05 14:36,6.742,0.025,0,0,0,0,v
2014-08-05 14:42,6.731,0.025,0,0,0,0,v
2014-08-05 14:48,6.719,0.026,0,0,0,0,v
2014-08-05 14:54,6.704,0.024,0,0,0,0,v
2014-08-05 15:00,6.710,0.027,0,0,0,0,v
2014-08-05 15:06,6.699,0.024,0,0,0,0,v
2014-08-05 15:12,6.711,0.024,0,0,0,0,v
2014-08-05 15:18,6.697,0.025,0,0,0,0,v
2014-08-05 15:24,6.688,0.023,0,0,0,0,v
2014-08-05 15:30,6.692,0.026,0,0,0,0,v
2014-08-05 15:36,6.677,0.026,0,0,0,0,v
2014-08-05 15:42,6.700,0.025,0,0,0,0,v
2014-08-05 15:48,6.697,0.023,0,0,0,0,v
2014-08-05 15:54,6.666,0.025,0,0,0,0,v
2014-08-05 16:00,6.657,0.027,0,0,0,0,v
2014-08-05 16:06,6.628,0.025,0,0,0,0,v
2014-08-05 16:12,6.668,0.028,0,0,0,0,v
2014-08-05 16:18,6.668,0.024,0,0,0,0,v
2014-08-05 16:24,6.662,0.027,0,0,0,0,v
2014-08-05 16:30,6.652,0.025,0,0,0,0,v
2014-08-05 16:36,6.642,0.023,0,0,0,0,v
2014-08-05 16:42,6.654,0.024,0,0,0,0,v
2014-08-05 16:48,6.622,0.025,0,0,0,0,v
2014-08-05 16:54,6.620,0.024,0,0,0,0,v
2014-08-05 17:00,6.622,0.023,0,0,0,0,v
2014-08-05 17:06,6.636,0.025,0,0,0,0,v
2014-08-05 17:12,6.626,0.021,0,0,0,0,v
2014-08-05 17:18,6.613,0.025,0,0,0,0,v
2014-08-05 17:24,6.572,0.025,0,0,0,0,v
2014-08-05 17:30,6.589,0.028,0,0,0,0,v
2014-08-05 17:36,6.554,0.023,0,0,0,0,v
2014-08-05 17:42,6.567,0.022,0,0,0,0,v
2014-08-05 17:48,6.545,0.023,0,0,0,0,v
2014-08-05 17:54,6.545,0.022,0,0,0,0,v
2014-08-05 18:00,6.527,0.021,0,0,0,0,v
2014-08-05 18:06,6.516,0.022,0,0,0,0,v
2014-08-05 18:12,6.523,0.025,0,0,0,0,v
2014-08-05 18:18,6.504,0.025,0,0,0,0,v
2014-08-05 18:24,6.491,0.024,0,0,0,0,v
2014-08-05 18:30,6.458,0.022,0,0,0,0,v
2014-08-05 18:36,6.464,0.024,0,0,0,0,v
2014-08-05 18:42,6.458,0.024,0,0,0,0,v
2014-08-05 18:48,6.450,0.023,0,0,0,0,v
2014-08-05 18:54,6.453,0.025,0,0,0,0,v
2014-08-05 19:00,6.426,0.026,0,0,0,0,v
2014-08-05 19:06,6.411,0.024,0,0,0,0,v
2014-08-05 19:12,6.411,0.026,0,0,0,0,v
2014-08-05 19:18,6.400,0.027,0,0,0,0,v
2014-08-05 19:24,6.409,0.024,0,0,0,0,v
2014-08-05 19:30,6.410,0.021,0,0,0,0,v
2014-08-05 19:36,6.375,0.022,0,0,0,0,v
2014-08-05 19:42,6.379,0.024,0,0,0,0,v
2014-08-05 19:48,6.381,0.023,0,0,0,0,v
2014-08-05 19:54,6.377,0.024,0,0,0,0,v
2014-08-05 20:00,6.410,0.024,0,0,0,0,v
2014-08-05 20:06,6.405,0.023,0,0,0,0,v
2014-08-05 20:12,6.398,0.022,0,0,0,0,v
2014-08-05 20:18,6.398,0.024,0,0,0,0,v
2014-08-05 20:24,6.393,0.025,0,0,0,0,v
2014-08-05 20:30,6.415,0.025,0,0,0,0,v
2014-08-05 20:36,6.419,0.025,0,0,0,0,v
2014-08-05 20:42,6.417,0.025,0,0,0,0,v
2014-08-05 20:48,6.406,0.024,0,0,0,0,v
2014-08-05 20:54,6.390,0.025,0,0,0,0,v
2014-08-05 21:00,6.403,0.024,0,0,0,0,v
2014-08-05 21:06,6.388,0.023,0,0,0,0,v
2014-08-05 21:12,6.350,0.027,0,0,0,0,v
2014-08-05 21:18,6.367,0.028,0,0,0,0,v
2014-08-05 21:24,6.368,0.027,0,0,0,0,v
2014-08-05 21:30,6.359,0.024,0,0,0,0,v
2014-08-05 21:36,6.353,0.022,0,0,0,0,v
2014-08-05 21:42,6.327,0.025,0,0,0,0,v
2014-08-05 21:48,6.313,0.025,0,0,0,0,v
2014-08-05 21:54,6.317,0.027,0,0,0,0,v
2014-08-05 22:00,6.321,0.022,0,0,0,0,v
2014-08-05 22:06,6.306,0.029,0,0,0,0,v
2014-08-05 22:12,6.320,0.025,0,0,0,0,v
2014-08-05 22:18,6.314,0.026,0,0,0,0,v
2014-08-05 22:24,6.320,0.028,0,0,0,0,v
2014-08-05 22:30,6.313,0.029,0,0,0,0,v
2014-08-05 22:36,6.331,0.030,0,0,0,0,v
2014-08-05 22:42,6.321,0.030,0,0,0,0,v
2014-08-05 22:48,6.322,0.028,0,0,0,0,v
2014-08-05 22:54,6.320,0.030,0,0,0,0,v
2014-08-05 23:00,6.319,0.031,0,0,0,0,v
2014-08-05 23:06,6.330,0.030,0,0,0,0,v
2014-08-05 23:12,6.337,0.031,0,0,0,0,v
2014-08-05 23:18,6.338,0.037,0,0,0,0,v
2014-08-05 23:24,6.342,0.033,0,0,0,0,v
2014-08-05 23:30,6.341,0.036,0,0,0,0,v
2014-08-05 23:36,6.366,0.036,0,0,0,0,v
2014-08-05 23:42,6.380,0.031,0,0,0,0,v
2014-08-05 23:48,6.397,0.031,0,0,0,0,v
2014-08-05 23:54,6.411,0.038,0,0,0,0,v
2014-08-06 00:00,6.423,0.035,0,0,0,0,v
2014-08-06 00:06,6.443,0.039,0,0,0,0,v
2014-08-06 00:12,6.458,0.039,0,0,0,0,v
2014-08-06 00:18,6.433,0.038,0,0,0,0,v
2014-08-06 00:24,6.438,0.037,0,0,0,0,v
2014-08-06 00:30,6.426,0.043,0,0,0,0,v
2014-08-06 00:36,6.433,0.034,0,0,0,0,v
2014-08-06 00:42,6.457,0.037,0,0,0,0,v
2014-08-06 00:48,6.456,0.038,0,0,0,0,v
2014-08-06 00:54,6.440,0.036,0,0,0,0,v
2014-08-06 01:00,6.456,0.030,0,0,0,0,v
2014-08-06 01:06,6.439,0.038,0,0,0,0,v
2014-08-06 01:12,6.470,0.035,0,0,0,0,v
2014-08-06 01:18,6.481,0.035,0,0,0,0,v
2014-08-06 01:24,6.475,0.038,0,0,0,0,v
2014-08-06 01:30,6.463,0.035,0,0,0,0,v
2014-08-06 01:36,6.500,0.032,0,0,0,0,v
2014-08-06 01:42,6.499,0.039,0,0,0,0,v
2014-08-06 01:48,6.511,0.041,0,0,0,0,v
2014-08-06 01:54,6.491,0.038,0,0,0,0,v
2014-08-06 02:00,6.525,0.041,0,0,0,0,v
2014-08-06 02:06,6.537,0.036,0,0,0,0,v
2014-08-06 02:12,6.549,0.038,0,0,0,0,v
2014-08-06 02:18,6.553,0.038,0,0,0,0,v
2014-08-06 02:24,6.540,0.040,0,0,0,0,v
2014-08-06 02:30,6.547,0.040,0,0,0,0,v
2014-08-06 02:36,6.560,0.040,0,0,0,0,v
2014-08-06 02:42,6.592,0.039,0,0,0,0,v
2014-08-06 02:48,6.606,0.040,0,0,0,0,v
2014-08-06 02:54,6.599,0.038,0,0,0,0,v
2014-08-06 03:00,6.635,0.039,0,0,0,0,v
2014-08-06 03:06,6.624,0.041,0,0,0,0,v
2014-08-06 03:12,6.639,0.036,0,0,0,0,v
2014-08-06 03:18,6.655,0.044,0,0,0,0,v
2014-08-06 03:24,6.665,0.041,0,0,0,0,v
2014-08-06 03:30,6.635,0.044,0,0,0,0,v
2014-08-06 03:36,6.665,0.042,0,0,0,0,v
2014-08-06 03:42,6.662,0.047,0,0,0,0,v
2014-08-06 03:48,6.661,0.042,0,0,0,0,v
2014-08-06 03:54,6.668,0.050,0,0,0,0,v
2014-08-06 04:00,6.687,0.043,0,0,0,0,v
2014-08-06 04:06,6.715,0.041,0,0,0,0,v
2014-08-06 04:12,6.717,0.044,0,0,0,0,v
2014-08-06 04:18,6.712,0.042,0,0,0,0,v
2014-08-06 04:24,6.727,0.039,0,0,0,0,v
2014-08-06 04:30,6.736,0.037,0,0,0,0,v
2014-08-06 04:36,6.741,0.046,0,0,0,0,v
2014-08-06 04:42,6.737,0.039,0,0,0,0,v
2014-08-06 04:48,6.749,0.047,0,0,0,0,v
2014-08-06 04:54,6.764,0.043,0,0,0,0,v
2014-08-06 05:00,6.761,0.040,0,0,0,0,v
2014-08-06 05:06,6.744,0.040,0,0,0,0,v
2014-08-06 05:12,6.746,0.055,0,0,0,0,v
2014-08-06 05:18,6.740,0.051,0,0,0,0,v
2014-08-06 05:24,6.767,0.043,0,0,0,0,v
2014-08-06 05:30,6.770,0.040,0,0,0,0,v
2014-08-06 05:36,6.767,0.047,0,0,0,0,v
2014-08-06 05:42,6.775,0.044,0,0,0,0,v
2014-08-06 05:48,6.773,0.043,0,0,0,0,v
2014-08-06 05:54,6.777,0.047,0,0,0,0,v
2014-08-06 06:00,6.777,0.047,0,0,0,0,v
2014-08-06 06:06,6.778,0.046,0,0,0,0,v
2014-08-06 06:12,6.800,0.050,0,0,0,0,v
2014-08-06 06:18,6.788,0.054,0,0,0,0,v
2014-08-06 06:24,6.798,0.047,0,0,0,0,v
2014-08-06 06:30,6.781,0.045,0,0,0,0,v
2014-08-06 06:36,6.800,0.042,0,0,0,0,v
2014-08-06 06:42,6.821,0.039,0,0,0,0,v
2014-08-06 06:48,6.809,0.046,0,0,0,0,v
2014-08-06 06:54,6.808,0.047,0,0,0,0,v
2014-08-06 07:00,6.799,0.045,0,0,0,0,v
2014-08-06 07:06,6.819,0.050,0,0,0,0,v
2014-08-06 07:12,6.821,0.048,0,0,0,0,v
2014-08-06 07:18,6.819,0.043,0,0,0,0,v
2014-08-06 07:24,6.815,0.045,0,0,0,0,v
2014-08-06 07:30,6.811,0.051,0,0,0,0,v
2014-08-06 07:36,6.811,0.049,0,0,0,0,v
2014-08-06 07:42,6.811,0.051,0,0,0,0,v
2014-08-06 07:48,6.781,0.049,0,0,0,0,v
2014-08-06 07:54,6.803,0.048,0,0,0,0,v
2014-08-06 08:00,6.833,0.047,0,0,0,0,v
2014-08-06 08:06,6.833,0.048,0,0,0,0,v
2014-08-06 08:12,6.827,0.053,0,0,0,0,v
2014-08-06 08:18,6.810,0.051,0,0,0,0,v
2014-08-06 08:24,6.794,0.051,0,0,0,0,v
2014-08-06 08:30,6.788,0.048,0,0,0,0,v
2014-08-06 08:36,6.793,0.044,0,0,0,0,v
2014-08-06 08:42,6.786,0.044,0,0,0,0,v
2014-08-06 08:48,6.776,0.049,0,0,0,0,v
2014-08-06 08:54,6.780,0.050,0,0,0,0,v
2014-08-06 09:00,6.785,0.047,0,0,0,0,v
2014-08-06 09:06,6.795,0.052,0,0,0,0,v
2014-08-06 09:12,6.807,0.047,0,0,0,0,v
2014-08-06 09:18,6.793,0.057,0,0,0,0,v
2014-08-06 09:24,6.788,0.048,0,0,0,0,v
2014-08-06 09:30,6.775,0.050,0,0,0,0,v
2014-08-06 09:36,6.779,0.044,0,0,0,0,v
2014-08-06 09:42,6.782,0.050,0,0,0,0,v
2014-08-06 09:48,6.774,0.053,0,0,0,0,v
2014-08-06 09:54,6.734,0.048,0,0,0,0,v
2014-08-06 10:00,6.766,0.050,0,0,0,0,v
2014-08-06 10:06,6.750,0.055,0,0,0,0,v
2014-08-06 10:12,6.775,0.050,0,0,0,0,v
2014-08-06 10:18,6.764,0.051,0,0,0,0,v
2014-08-06 10:24,6.785,0.050,0,0,0,0,v
2014-08-06 10:30,6.776,0.056,0,0,0,0,v
2014-08-06 10:36,6.778,0.048,0,0,0,0,v
2014-08-06 10:42,6.783,0.053,0,0,0,0,v
2014-08-06 10:48,6.803,0.051,0,0,0,0,v
2014-08-06 10:54,6.790,0.052,0,0,0,0,v
2014-08-06 11:00,6.784,0.045,0,0,0,0,v
2014-08-06 11:06,6.792,0.042,0,0,0,0,v
2014-08-06 11:12,6.779,0.046,0,0,0,0,v
2014-08-06 11:18,6.774,0.050,0,0,0,0,v
2014-08-06 11:24,6.789,0.050,0,0,0,0,v
2014-08-06 11:30,6.789,0.058,0,0,0,0,v
2014-08-06 11:36,6.753,0.052,0,0,0,0,v
2014-08-06 11:42,6.781,0.054,0,0,0,0,v
2014-08-06 11:48,6.788,0.046,0,0,0,0,v
2014-08-06 11:54,6.799,0.051,0,0,0,0,v
2014-08-06 12:00,6.766,0.049,0,0,0,0,v
2014-08-06 12:06,6.759,0.044,0,0,0,0,v
2014-08-06 12:12,6.771,0.043,0,0,0,0,v
2014-08-06 12:18,6.773,0.053,0,0,0,0,v
2014-08-06 12:24,6.766,0.058,0,0,0,0,v
2014-08-06 12:30,6.748,0.050,0,0,0,0,v
2014-08-06 12:36,6.726,0.055,0,0,0,0,v
2014-08-06 12:42,6.735,0.046,0,0,0,0,v
2014-08-06 12:48,6.723,0.050,0,0,0,0,v
2014-08-06 12:54,6.732,0.058,0,0,0,0,v
2014-08-06 13:00,6.735,0.043,0,0,0,0,v
2014-08-06 13:06,6.744,0.054,0,0,0,0,v
2014-08-06 13:12,6.760,0.048,0,0,0,0,v
2014-08-06 13:18,6.755,0.052,0,0,0,0,v
2014-08-06 13:24,6.753,0.049,0,0,0,0,v
2014-08-06 13:30,6.771,0.046,0,0,0,0,v
2014-08-06 13:36,6.738,0.047,0,0,0,0,v
2014-08-06 13:42,6.731,0.050,0,0,0,0,v
2014-08-06 13:48,6.743,0.056,0,0,0,0,v
2014-08-06 13:54,6.757,0.046,0,0,0,0,v
2014-08-06 14:00,6.763,0.050,0,0,0,0,v
2014-08-06 14:06,6.715,0.055,0,0,0,0,v
2014-08-06 14:12,6.746,0.060,0,0,0,0,v
2014-08-06 14:18,6.709,0.045,0,0,0,0,v
2014-08-06 14:24,6.722,0.058,0,0,0,0,v
2014-08-06 14:30,6.721,0.054,0,0,0,0,v
2014-08-06 14:36,6.716,0.050,0,0,0,0,v
2014-08-06 14:42,6.696,0.048,0,0,0,0,v
2014-08-06 14:48,6.694,0.055,0,0,0,0,v
2014-08-06 14:54,6.697,0.054,0,0,0,0,v
2014-08-06 15:00,6.697,0.045,0,0,0,0,v
2014-08-06 15:06,6.708,0.049,0,0,0,0,v
2014-08-06 15:12,6.745,0.040,0,0,0,0,v
2014-08-06 15:18,6.743,0.054,0,0,0,0,v
2014-08-06 15:24,6.757,0.057,0,0,0,0,v
2014-08-06 15:30,6.756,0.061,0,0,0,0,v
2014-08-06 15:36,6.720,0.041,0,0,0,0,v
2014-08-06 15:42,6.740,0.048,0,0,0,0,v
2014-08-06 15:48,6.757,0.057,0,0,0,0,v
2014-08-06 15:54,6.741,0.062,0,0,0,0,v
2014-08-06 16:00,6.742,0.060,0,0,0,0,v
2014-08-06 16:06,6.728,0.046,0,0,0,0,v
2014-08-06 16:12,6.712,0.050,0,0,0,0,v
2014-08-06 16:18,6.696,0.049,0,0,0,0,v
2014-08-06 16:24,6.683,0.055,0,0,0,0,v
2014-08-06 16:30,6.673,0.046,0,0,0,0,v
2014-08-06 16:36,6.666,0.055,0,0,0,0,v
2014-08-06 16:42,6.632,0.057,0,0,0,0,v
2014-08-06 16:48,6.636,0.058,0,0,0,0,v
2014-08-06 16:54,6.616,0.052,0,0,0,0,v
2014-08-06 17:00,6.621,0.046,0,0,0,0,v
2014-08-06 17:06,6.621,0.054,0,0,0,0,v
2014-08-06 17:12,6.628,0.047,0,0,0,0,v
2014-08-06 17:18,6.618,0.055,0,0,0,0,v
2014-08-06 17:24,6.606,0.049,0,0,0,0,v
2014-08-06 17:30,6.604,0.049,0,0,0,0,v
2014-08-06 17:36,6.597,0.050,0,0,0,0,v
2014-08-06 17:42,6.596,0.049,0,0,0,0,v
2014-08-06 17:48,6.579,0.047,0,0,0,0,v
2014-08-06 17:54,6.590,0.059,0,0,0,0,v
2014-08-06 18:00,6.574,0.049,0,0,0,0,v
2014-08-06 18:06,6.565,0.050,0,0,0,0,v
2014-08-06 18:12,6.536,0.052,0,0,0,0,v
2014-08-06 18:18,6.555,0.053,0,0,0,0,v
2014-08-06 18:24,6.533,0.055,0,0,0,0,v
2014-08-06 18:30,6.556,0.049,0,0,0,0,v
2014-08-06 18:36,6.550,0.057,0,0,0,0,v
2014-08-06 18:42,6.513,0.050,0,0,0,0,v
2014-08-06 18:48,6.501,0.052,0,0,0,0,v
2014-08-06 18:54,6.491,0.055,0,0,0,0,v
2014-08-06 19:00,6.484,0.052,0,0,0,0,v
2014-08-06 19:06,6.485,0.051,0,0,0,0,v
2014-08-06 19:12,6.478,0.056,0,0,0,0,v
2014-08-06 19:18,6.473,0.049,0,0,0,0,v
2014-08-06 19:24,6.428,0.051,0,0,0,0,v
2014-08-06 19:30,6.454,0.051,0,0,0,0,v
2014-08-06 19:36,6.414,0.053,0,0,0,0,v
2014-08-06 19:42,6.417,0.056,0,0,0,0,v
2014-08-06 19:48,6.432,0.058,0,0,0,0,v
2014-08-06 19:54,6.399,0.056,0,0,0,0,v
2014-08-06 20:00,6.444,0.062,0,0,0,0,v
2014-08-06 20:06,6.409,0.063,0,0,0,0,v
2014-08-06 20:12,6.414,0.047,0,0,0,0,v
2014-08-06 20:18,6.399,0.062,0,0,0,0,v
2014-08-06 20:24,6.390,0.045,0,0,0,0,v
2014-08-06 20:30,6.393,0.063,0,0,0,0,v
2014-08-06 20:36,6.400,0.053,0,0,0,0,v
2014-08-06 20:42,6.411,0.057,0,0,0,0,v
2014-08-06 20:48,6.376,0.049,0,0,0,0,v
2014-08-06 20:54,6.373,0.055,0,0,0,0,v
2014-08-06 21:00,6.360,0.060,0,0,0,0,v
2014-08-06 21:06,6.356,0.065,0,0,0,0,v
2014-08-06 21:12,6.343,0.055,0,0,0,0,v
2014-08-06 21:18,6.353,0.060,0,0,0,0,v
2014-08-06 21:24,6.373,0.063,0,0,0,0,v
2014-08-06 21:30,6.369,0.061,0,0,0,0,v
2014-08-06 21:36,6.348,0.050,0,0,0,0,v
2014-08-06 21:42,6.335,0.056,0,0,0,0,v
2014-08-06 21:48,6.316,0.058,0,0,0,0,v
2014-08-06 21:54,6.313,0.056,0,0,0,0,v
2014-08-06 22:00,6.297,0.051,0,0,0,0,v
2014-08-06 22:06,6.303,0.070,0,0,0,0,v
2014-08-06 22:12,6.322,0.062,0,0,0,0,v
2014-08-06 22:18,6.324,0.055,0,0,0,0,v
2014-08-06 22:24,6.321,0.060,0,0,0,0,v
2014-08-06 22:30,6.333,0.055,0,0,0,0,v
2014-08-06 22:36,6.341,0.055,0,0,0,0,v
2014-08-06 22:42,6.347,0.056,0,0,0,0,v
2014-08-06 22:48,6.330,0.058,0,0,0,0,v
2014-08-06 22:54,6.322,0.055,0,0,0,0,v
2014-08-06 23:00,6.340,0.063,0,0,0,0,v
2014-08-06 23:06,6.339,0.067,0,0,0,0,v
2014-08-06 23:12,6.330,0.066,0,0,0,0,v
2014-08-06 23:18,6.323,0.066,0,0,0,0,v
2014-08-06 23:24,6.324,0.069,0,0,0,0,v
2014-08-06 23:30,6.312,0.065,0,0,0,0,v
2014-08-06 23:36,6.301,0.076,0,0,0,0,v
2014-08-06 23:42,6.308,0.060,0,0,0,0,v
2014-08-06 23:48,6.322,0.064,0,0,0,0,v
2014-08-06 23:54,6.309,0.058,0,0,0,0,v
2014-08-07 00:00,6.336,0.068,0,0,0,0,v
2014-08-07 00:06,6.312,0.081,0,0,0,0,v
2014-08-07 00:12,6.321,0.071,0,0,0,0,v
2014-08-07 00:18,6.302,0.076,0,0,0,0,v
2014-08-07 00:24,6.297,0.064,0,0,0,0,v
2014-08-07 00:30,6.325,0.065,0,0,0,0,v
2014-08-07 00:36,6.334,0.066,0,0,0,0,v
2014-08-07 00:42,6.322,0.075,0,0,0,0,v
2014-08-07 00:48,6.341,0.073,0,0,0,0,v
2014-08-07 00:54,6.365,0.080,0,0,0,0,v
2014-08-07 01:00,6.385,0.078,0,0,0,0,v
2014-08-07 01:06,6.377,0.077,0,0,0,0,v
2014-08-07 01:12,6.400,0.075,0,0,0,0,v
2014-08-07 01:18,6.396,0.067,0,0,0,0,v
2014-08-07 01:24,6.410,0.083,0,0,0,0,v
2014-08-07 01:30,6.417,0.079,0,0,0,0,v
2014-08-07 01:36,6.434,0.070,0,0,0,0,v
2014-08-07 01:42,6.437,0.080,0,0,0,0,v
2014-08-07 01:48,6.435,0.088,0,0,0,0,v
2014-08-07 01:54,6.435,0.093,0,0,0,0,v
2014-08-07 02:00,6.431,0.082,0,0,0,0,v
2014-08-07 02:06,6.429,0.075,0,0,0,0,v
2014-08-07 02:12,6.442,0.081,0,0,0,0,v
2014-08-07 02:18,6.445,0.092,0,0,0,0,v
2014-08-07 02:24,6.461,0.097,0,0,0,0,v
2014-08-07 02:30,6.459,0.087,0,0,0,0,v
2014-08-07 02:36,6.487,0.105,0,0,0,0,v
2014-08-07 02:42,6.527,0.076,0,0,0,0,v
2014-08-07 02:48,6.531,0.094,0,0,0,0,v
2014-08-07 02:54,6.550,0.077,0,0,0,0,v
2014-08-07 03:00,6.566,0.098,0,0,0,0,v
2014-08-07 03:06,6.577,0.091,0,0,0,0,v
2014-08-07 03:12,6.575,0.103,0,0,0,0,v
2014-08-07 03:18,6.595,0.095,0,0,0,0,v
2014-08-07 03:24,6.594,0.105,0,0,0,0,v
2014-08-07 03:30,6.628,0.079,0,0,0,0,v
2014-08-07 03:36,6.628,0.100,0,0,0,0,v
2014-08-07 03:42,6.624,0.094,0,0,0,0,v
2014-08-07 03:48,6.637,0.090,0,0,0,0,v
2014-08-07 03:54,6.654,0.099,0,0,0,0,v
2014-08-07 04:00,6.663,0.091,0,0,0,0,v
2014-08-07 04:06,6.679,0.109,0,0,0,0,v
2014-08-07 04:12,6.678,0.090,0,0,0,0,v
2014-08-07 04:18,6.684,0.084,0,0,0,0,v
2014-08-07 04:24,6.698,0.114,0,0,0,0,v
2014-08-07 04:30,6.686,0.096,0,0,0,0,v
2014-08-07 04:36,6.708,0.080,0,0,0,0,v
2014-08-07 04:42,6.715,0.089,0,0,0,0,v
2014-08-07 04:48,6.728,0.093,0,0,0,0,v
2014-08-07 04:54,6.742,0.091,0,0,0,0,v
2014-08-07 05:00,6.745,0.094,0,0,0,0,v
2014-08-07 05:06,6.744,0.088,0,0,0,0,v
2014-08-07 05:12,6.737,0.110,0,0,0,0,v
2014-08-07 05:18,6.744,0.071,0,0,0,0,v
2014-08-07 05:24,6.765,0.089,0,0,0,0,v
2014-08-07 05:30,6.762,0.088,0,0,0,0,v
2014-08-07 05:36,6.783,0.085,0,0,0,0,v
2014-08-07 05:42,6.786,0.105,0,0,0,0,v
2014-08-07 05:48,6.808,0.104,0,0,0,0,v
2014-08-07 05:54,6.802,0.093,0,0,0,0,v
2014-08-07 06:00,6.809,0.098,0,0,0,0,v
2014-08-07 06:06,6.829,0.104,0,0,0,0,v
2014-08-07 06:12,6.805,0.087,0,0,0,0,v
2014-08-07 06:18,6.833,0.080,0,0,0,0,v
2014-08-07 06:24,6.862,0.092,0,0,0,0,v
2014-08-07 06:30,6.845,0.101,0,0,0,0,v
2014-08-07 06:36,6.862,0.090,0,0,0,0,v
2014-08-07 06:42,6.860,0.116,0,0,0,0,v
2014-08-07 06:48,6.864,0.096,0,0,0,0,v
2014-08-07 06:54,6.869,0.108,0,0,0,0,v
2014-08-07 07:00,6.866,0.101,0,0,0,0,v
2014-08-07 07:06,6.841,0.086,0,0,0,0,v
2014-08-07 07:12,6.842,0.088,0,0,0,0,v
2014-08-07 07:18,6.840,0.095,0,0,0,0,v
2014-08-07 07:24,6.841,0.098,0,0,0,0,v
2014-08-07 07:30,6.847,0.088,0,0,0,0,v
2014-08-07 07:36,6.818,0.097,0,0,0,0,v
2014-08-07 07:42,6.816,0.084,0,0,0,0,v
2014-08-07 07:48,6.828,0.074,0,0,0,0,v
2014-08-07 07:54,6.832,0.086,0,0,0,0,v
2014-08-07 08:00,6.846,0.096,0,0,0,0,v
2014-08-07 08:06,6.854,0.094,0,0,0,0,v
2014-08-07 08:12,6.846,0.102,0,0,0,0,v
2014-08-07 08:18,6.836,0.076,0,0,0,0,v
2014-08-07 08:24,6.832,0.083,0,0,0,0,v
2014-08-07 08:30,6.854,0.082,0,0,0,0,v
2014-08-07 08:36,6.844,0.096,0,0,0,0,v
2014-08-07 08:42,6.839,0.077,0,0,0,0,v
2014-08-07 08:48,6.825,0.096,0,0,0,0,v
2014-08-07 08:54,6.819,0.098,0,0,0,0,v
2014-08-07 09:00,6.810,0.066,0,0,0,0,v
2014-08-07 09:06,6.837,0.092,0,0,0,0,v
2014-08-07 09:12,6.862,0.093,0,0,0,0,v
2014-08-07 09:18,6.857,0.096,0,0,0,0,v
2014-08-07 09:24,6.866,0.094,0,0,0,0,v
2014-08-07 09:30,6.860,0.087,0,0,0,0,v
2014-08-07 09:36,6.867,0.080,0,0,0,0,v
2014-08-07 09:42,6.870,0.088,0,0,0,0,v
2014-08-07 09:48,6.854,0.095,0,0,0,0,v
2014-08-07 09:54,6.861,0.085,0,0,0,0,v
2014-08-07 10:00,6.870,0.094,0,0,0,0,v
2014-08-07 10:06,6.859,0.083,0,0,0,0,v
2014-08-07 10:12,6.868,0.000,0,0,0,0,v
2014-08-07 10:18,6.858,0.094,0,0,0,0,v
2014-08-07 10:24,6.853,0.092,0,0,0,0,v
2014-08-07 10:30,6.849,0.085,0,0,0,0,v
2014-08-07 10:36,6.835,0.086,0,0,0,0,v
2014-08-07 10:42,6.833,0.091,0,0,0,0,v
2014-08-07 10:48,6.848,0.079,0,0,0,0,v
2014-08-07 10:54,6.863,0.084,0,0,0,0,v
2014-08-07 11:00,6.845,0.067,0,0,0,0,v
2014-08-07 11:06,6.810,0.070,0,0,0,0,v
2014-08-07 11:12,6.801,0.092,0,0,0,0,v
2014-08-07 11:18,6.796,0.065,0,0,0,0,v
2014-08-07 11:24,6.828,0.104,0,0,0,0,v
2014-08-07 11:30,6.820,0.078,0,0,0,0,v
2014-08-07 11:36,6.788,0.062,0,0,0,0,v
2014-08-07 11:42,6.798,0.066,0,0,0,0,v
2014-08-07 11:48,6.783,0.076,0,0,0,0,v
2014-08-07 11:54,6.785,0.072,0,0,0,0,v
2014-08-07 12:00,6.778,0.070,0,0,0,0,v
2014-08-07 12:06,6.775,0.068,0,0,0,0,v
2014-08-07 12:12,6.777,0.074,0,0,0,0,v
2014-08-07 12:18,6.795,0.072,0,0,0,0,v
2014-08-07 12:24,6.780,0.086,0,0,0,0,v
2014-08-07 12:30,6.771,0.074,0,0,0,0,v
2014-08-07 12:36,6.769,0.062,0,0,0,0,v
2014-08-07 12:42,6.785,0.090,0,0,0,0,v
2014-08-07 12:48,6.781,0.087,0,0,0,0,v
2014-08-07 12:54,6.786,0.083,0,0,0,0,v
2014-08-07 13:00,6.785,0.060,0,0,0,0,v
2014-08-07 13:06,6.761,0.071,0,0,0,0,v
2014-08-07 13:12,6.749,0.067,0,0,0,0,v
2014-08-07 13:18,6.744,0.077,0,0,0,0,v
2014-08-07 13:24,6.745,0.069,0,0,0,0,v
2014-08-07 13:30,6.752,0.094,0,0,0,0,v
2014-08-07 13:36,6.733,0.069,0,0,0,0,v
2014-08-07 13:42,6.721,0.061,0,0,0,0,v
2014-08-07 13:48,6.747,0.077,0,0,0,0,v
2014-08-07 13:54,6.750,0.085,0,0,0,0,v
2014-08-07 14:00,6.760,0.069,0,0,0,0,v
2014-08-07 14:06,6.737,0.056,0,0,0,0,v
2014-08-07 14:12,6.726,0.068,0,0,0,0,v
2014-08-07 14:18,6.718,0.064,0,0,0,0,v
2014-08-07 14:24,6.737,0.086,0,0,0,0,v
2014-08-07 14:30,6.747,0.071,0,0,0,0,v
2014-08-07 14:36,6.740,0.071,0,0,0,0,v
2014-08-07 14:42,6.767,0.092,0,0,0,0,v
2014-08-07 14:48,6.746,0.061,0,0,0,0,v
2014-08-07 14:54,6.721,0.073,0,0,0,0,v
2014-08-07 15:00,6.716,0.067,0,0,0,0,v
2014-08-07 15:06,6.716,0.050,0,0,0,0,v
2014-08-07 15:12,6.714,0.058,0,0,0,0,v
2014-08-07 15:18,6.716,0.068,0,0,0,0,v
2014-08-07 15:24,6.718,0.058,0,0,0,0,v
2014-08-07 15:30,6.705,0.058,0,0,0,0,v
2014-08-07 15:36,6.709,0.056,0,0,0,0,v
2014-08-07 15:42,6.714,0.075,0,0,0,0,v
2014-08-07 15:48,6.700,0.054,0,0,0,0,v
2014-08-07 15:54,6.697,0.056,0,0,0,0,v
2014-08-07 16:00,6.698,0.064,0,0,0,0,v
2014-08-07 16:06,6.700,0.061,0,0,0,0,v
2014-08-07 16:12,6.702,0.059,0,0,0,0,v
2014-08-07 16:18,6.720,0.086,0,0,0,0,v
2014-08-07 16:24,6.710,0.066,0,0,0,0,v
2014-08-07 16:30,6.670,0.065,0,0,0,0,v
2014-08-07 16:36,6.710,0.052,0,0,0,0,v
2014-08-07 16:42,6.699,0.069,0,0,0,0,v
2014-08-07 16:48,6.700,0.072,0,0,0,0,v
2014-08-07 16:54,6.696,0.061,0,0,0,0,v
2014-08-07 17:00,6.694,0.057,0,0,0,0,v
2014-08-07 17:06,6.696,0.062,0,0,0,0,v
2014-08-07 17:12,6.685,0.070,0,0,0,0,v
2014-08-07 17:18,6.673,0.057,0,0,0,0,v
2014-08-07 17:24,6.671,0.078,0,0,0,0,v
2014-08-07 17:30,6.639,0.078,0,0,0,0,v
2014-08-07 17:36,6.630,0.058,0,0,0,0,v
2014-08-07 17:42,6.638,0.061,0,0,0,0,v
2014-08-07 17:48,6.600,0.061,0,0,0,0,v
2014-08-07 17:54,6.599,0.060,0,0,0,0,v
2014-08-07 18:00,6.603,0.053,0,0,0,0,v
2014-08-07 18:06,6.582,0.056,0,0,0,0,v
2014-08-07 18:12,6.592,0.063,0,0,0,0,v
2014-08-07 18:18,6.571,0.059,0,0,0,0,v
2014-08-07 18:24,6.558,0.058,0,0,0,0,v
2014-08-07 18:30,6.549,0.066,0,0,0,0,v
2014-08-07 18:36,6.539,0.069,0,0,0,0,v
2014-08-07 18:42,6.539,0.057,0,0,0,0,v
2014-08-07 18:48,6.523,0.066,0,0,0,0,v
2014-08-07 18:54,6.543,0.049,0,0,0,0,v
2014-08-07 19:00,6.556,0.073,0,0,0,0,v
2014-08-07 19:06,6.543,0.076,0,0,0,0,v
2014-08-07 19:12,6.535,0.081,0,0,0,0,v
2014-08-07 19:18,6.517,0.073,0,0,0,0,v
2014-08-07 19:24,6.526,0.073,0,0,0,0,v
2014-08-07 19:30,6.497,0.075,0,0,0,0,v
2014-08-07 19:36,6.491,0.061,0,0,0,0,v
2014-08-07 19:42,6.494,0.068,0,0,0,0,v
2014-08-07 19:48,6.473,0.079,0,0,0,0,v
2014-08-07 19:54,6.462,0.073,0,0,0,0,v
2014-08-07 20:00,6.461,0.076,0,0,0,0,v
2014-08-07 20:06,6.444,0.069,0,0,0,0,v
2014-08-07 20:12,6.417,0.073,0,0,0,0,v
2014-08-07 20:18,6.427,0.079,0,0,0,0,v
2014-08-07 20:24,6.407,0.067,0,0,0,0,v
2014-08-07 20:30,6.392,0.077,0,0,0,0,v
2014-08-07 20:36,6.385,0.083,0,0,0,0,v
2014-08-07 20:42,6.388,0.074,0,0,0,0,v
2014-08-07 20:48,6.359,0.090,0,0,0,0,v
2014-08-07 20:54,6.373,0.076,0,0,0,0,v
2014-08-07 21:00,6.361,0.095,0,0,0,0,v
2014-08-07 21:06,6.360,0.082,0,0,0,0,v
2014-08-07 21:12,6.355,0.088,0,0,0,0,v
2014-08-07 21:18,6.337,0.088,0,0,0,0,v
2014-08-07 21:24,6.363,0.088,0,0,0,0,v
2014-08-07 21:30,6.358,0.093,0,0,0,0,v
2014-08-07 21:36,6.357,0.085,0,0,0,0,v
2014-08-07 21:42,6.347,0.072,0,0,0,0,v
2014-08-07 21:48,6.337,0.097,0,0,0,0,v
2014-08-07 21:54,6.325,0.094,0,0,0,0,v
2014-08-07 22:00,6.328,0.085,0,0,0,0,v
2014-08-07 22:06,6.311,0.104,0,0,0,0,v
2014-08-07 22:12,6.301,0.099,0,0,0,0,v
2014-08-07 22:18,6.302,0.099,0,0,0,0,v
2014-08-07 22:24,6.296,0.095,0,0,0,0,v
2014-08-07 22:30,6.279,0.102,0,0,0,0,v
2014-08-07 22:36,6.256,0.090,0,0,0,0,v
2014-08-07 22:42,6.250,0.085,0,0,0,0,v
2014-08-07 22:48,6.263,0.108,0,0,0,0,v
2014-08-07 22:54,6.260,0.092,0,0,0,0,v
2014-08-07 23:00,6.245,0.090,0,0,0,0,v
2014-08-07 23:06,6.233,0.084,0,0,0,0,v
2014-08-07 23:12,6.238,0.104,0,0,0,0,v
2014-08-07 23:18,6.214,0.106,0,0,0,0,v
2014-08-07 23:24,6.227,0.091,0,0,0,0,v
2014-08-07 23:30,6.243,0.092,0,0,0,0,v
2014-08-07 23:36,6.265,0.106,0,0,0,0,v
2014-08-07 23:42,6.231,0.076,0,0,0,0,v
2014-08-07 23:48,6.241,0.110,0,0,0,0,v
2014-08-07 23:54,6.251,0.112,0,0,0,0,v
2014-08-08 00:00,6.237,0.093,0,0,0,0,v
2014-08-08 00:06,6.255,0.078,0,0,0,0,v
2014-08-08 00:12,6.241,0.109,0,0,0,0,v
2014-08-08 00:18,6.233,0.089,0,0,0,0,v
2014-08-08 00:24,6.252,0.102,0,0,0,0,v
2014-08-08 00:30,6.253,0.093,0,0,0,0,v
2014-08-08 00:36,6.242,0.108,0,0,0,0,v
2014-08-08 00:42,6.226,0.113,0,0,0,0,v
2014-08-08 00:48,6.222,0.087,0,0,0,0,v
2014-08-08 00:54,6.250,0.101,0,0,0,0,v
2014-08-08 01:00,6.242,0.096,0,0,0,0,v
2014-08-08 01:06,6.243,0.101,0,0,0,0,v
2014-08-08 01:12,6.257,0.098,0,0,0,0,v
2014-08-08 01:18,6.266,0.095,0,0,0,0,v
2014-08-08 01:24,6.271,0.095,0,0,0,0,v
2014-08-08 01:30,6.285,0.109,0,0,0,0,v
2014-08-08 01:36,6.278,0.102,0,0,0,0,v
2014-08-08 01:42,6.288,0.098,0,0,0,0,v
2014-08-08 01:48,6.302,0.096,0,0,0,0,v
2014-08-08 01:54,6.311,0.099,0,0,0,0,v
2014-08-08 02:00,6.303,0.107,0,0,0,0,v
2014-08-08 02:06,6.333,0.098,0,0,0,0,v
2014-08-08 02:12,6.337,0.097,0,0,0,0,v
2014-08-08 02:18,6.363,0.095,0,0,0,0,v
2014-08-08 02:24,6.352,0.098,0,0,0,0,v
2014-08-08 02:30,6.374,0.107,0,0,0,0,v
2014-08-08 02:36,6.397,0.098,0,0,0,0,v
2014-08-08 02:42,6.395,0.104,0,0,0,0,v
2014-08-08 02:48,6.417,0.107,0,0,0,0,v
2014-08-08 02:54,6.452,0.089,0,0,0,0,v
2014-08-08 03:00,6.444,0.089,0,0,0,0,v
2014-08-08 03:06,6.434,0.104,0,0,0,0,v
2014-08-08 03:12,6.439,0.115,0,0,0,0,v
2014-08-08 03:18,6.452,0.097,0,0,0,0,v
2014-08-08 03:24,6.478,0.125,0,0,0,0,v
2014-08-08 03:30,6.484,0.119,0,0,0,0,v
2014-08-08 03:36,6.500,0.108,0,0,0,0,v
2014-08-08 03:42,6.507,0.109,0,0,0,0,v
2014-08-08 03:48,6.514,0.115,0,0,0,0,v
2014-08-08 03:54,6.547,0.112,0,0,0,0,v
2014-08-08 04:00,6.556,0.109,0,0,0,0,v
2014-08-08 04:06,6.562,0.114,0,0,0,0,v
2014-08-08 04:12,6.571,0.095,0,0,0,0,v
2014-08-08 04:18,6.570,0.106,0,0,0,0,v
2014-08-08 04:24,6.612,0.088,0,0,0,0,v
2014-08-08 04:30,6.622,0.099,0,0,0,0,v
2014-08-08 04:36,6.621,0.104,0,0,0,0,v
2014-08-08 04:42,6.637,0.093,0,0,0,0,v
2014-08-08 04:48,6.654,0.100,0,0,0,0,v
2014-08-08 04:54,6.653,0.092,0,0,0,0,v
2014-08-08 05:00,6.679,0.099,0,0,0,0,v
2014-08-08 05:06,6.689,0.098,0,0,0,0,v
2014-08-08 05:12,6.704,0.089,0,0,0,0,v
2014-08-08 05:18,6.727,0.106,0,0,0,0,v
2014-08-08 05:24,6.721,0.101,0,0,0,0,v
2014-08-08 05:30,6.715,0.106,0,0,0,0,v
2014-08-08 05:36,6.726,0.096,0,0,0,0,v
2014-08-08 05:42,6.731,0.096,0,0,0,0,v
2014-08-08 05:48,6.724,0.118,0,0,0,0,v
2014-08-08 05:54,6.723,0.109,0,0,0,0,v
2014-08-08 06:00,6.735,0.099,0,0,0,0,v
2014-08-08 06:06,6.747,0.100,0,0,0,0,v
2014-08-08 06:12,6.763,0.093,0,0,0,0,v
2014-08-08 06:18,6.765,0.099,0,0,0,0,v
2014-08-08 06:24,6.768,0.101,0,0,0,0,v
2014-08-08 06:30,6.793,0.103,0,0,0,0,v
2014-08-08 06:36,6.791,0.096,0,0,0,0,v
2014-08-08 06:42,6.797,0.106,0,0,0,0,v
2014-08-08 06:48,6.796,0.095,0,0,0,0,v
2014-08-08 06:54,6.791,0.113,0,0,0,0,v
2014-08-08 07:00,6.808,0.092,0,0,0,0,v
2014-08-08 07:06,6.814,0.100,0,0,0,0,v
2014-08-08 07:12,6.797,0.109,0,0,0,0,v
2014-08-08 07:18,6.801,0.097,0,0,0,0,v
2014-08-08 07:24,6.795,0.102,0,0,0,0,v
2014-08-08 07:30,6.817,0.095,0,0,0,0,v
2014-08-08 07:36,6.813,0.083,0,0,0,0,v
2014-08-08 07:42,6.813,0.086,0,0,0,0,v
2014-08-08 07:48,6.818,0.074,0,0,0,0,v
2014-08-08 07:54,6.863,0.090,0,0,0,0,v
2014-08-08 08:00,6.857,0.081,0,0,0,0,v
2014-08-08 08:06,6.855,0.087,0,0,0,0,v
2014-08-08 08:12,6.862,0.078,0,0,0,0,v
2014-08-08 08:18,6.854,0.096,0,0,0,0,v
2014-08-08 08:24,6.880,0.092,0,0,0,0,v
2014-08-08 08:30,6.882,0.095,0,0,0,0,v
2014-08-08 08:36,6.894,0.102,0,0,0,0,v
2014-08-08 08:42,6.890,0.094,0,0,0,0,v
2014-08-08 08:48,6.876,0.091,0,0,0,0,v
2014-08-08 08:54,6.884,0.080,0,0,0,0,v
2014-08-08 09:00,6.903,0.093,0,0,0,0,v
2014-08-08 09:06,6.913,0.087,0,0,0,0,v
2014-08-08 09:12,6.902,0.091,0,0,0,0,v
2014-08-08 09:18,6.895,0.084,0,0,0,0,v
2014-08-08 09:24,6.902,0.092,0,0,0,0,v
2014-08-08 09:30,6.908,0.076,0,0,0,0,v
2014-08-08 09:36,6.892,0.088,0,0,0,0,v
2014-08-08 09:42,6.898,0.086,0,0,0,0,v
2014-08-08 09:48,6.923,0.078,0,0,0,0,v
2014-08-08 09:54,6.915,0.079,0,0,0,0,v
2014-08-08 10:00,6.912,0.093,0,0,0,0,v
2014-08-08 10:06,6.912,0.079,0,0,0,0,v
2014-08-08 10:12,6.930,0.089,0,0,0,0,v
2014-08-08 10:18,6.929,0.085,0,0,0,0,v
2014-08-08 10:24,6.917,0.083,0,0,0,0,v
2014-08-08 10:30,6.929,0.088,0,0,0,0,v
2014-08-08 10:36,6.922,0.096,0,0,0,0,v
2014-08-08 10:42,6.911,0.086,0,0,0,0,v
2014-08-08 10:48,6.909,0.080,0,0,0,0,v
2014-08-08 10:54,6.876,0.086,0,0,0,0,v
2014-08-08 11:00,6.890,0.079,0,0,0,0,v
2014-08-08 11:06,6.887,0.087,0,0,0,0,v
2014-08-08 11:12,6.876,0.090,0,0,0,0,v
2014-08-08 11:18,6.869,0.077,0,0,0,0,v
2014-08-08 11:24,6.883,0.082,0,0,0,0,v
2014-08-08 11:30,6.865,0.078,0,0,0,0,v
2014-08-08 11:36,6.859,0.086,0,0,0,0,v
2014-08-08 11:42,6.852,0.076,0,0,0,0,v
2014-08-08 11:48,6.854,0.091,0,0,0,0,v
2014-08-08 11:54,6.853,0.072,0,0,0,0,v
2014-08-08 12:00,6.860,0.076,0,0,0,0,v
2014-08-08 12:06,6.843,0.077,0,0,0,0,v
2014-08-08 12:12,6.834,0.093,0,0,0,0,v
2014-08-08 12:18,6.834,0.079,0,0,0,0,v
2014-08-08 12:24,6.812,0.081,0,0,0,0,v
2014-08-08 12:30,6.792,0.082,0,0,0,0,v
2014-08-08 12:36,6.800,0.076,0,0,0,0,v
2014-08-08 12:42,6.798,0.082,0,0,0,0,v
2014-08-08 12:48,6.791,0.081,0,0,0,0,v
2014-08-08 12:54,6.803,0.077,0,0,0,0,v
2014-08-08 13:00,6.826,0.088,0,0,0,0,v
2014-08-08 13:06,6.818,0.076,0,0,0,0,v
2014-08-08 13:12,6.804,0.084,0,0,0,0,v
2014-08-08 13:18,6.813,0.072,0,0,0,0,v
2014-08-08 13:24,6.799,0.083,0,0,0,0,v
2014-08-08 13:30,6.807,0.084,0,0,0,0,v
2014-08-08 13:36,6.802,0.084,0,0,0,0,v
2014-08-08 13:42,6.829,0.083,0,0,0,0,v
2014-08-08 13:48,6.809,0.079,0,0,0,0,v
2014-08-08 13:54,6.803,0.081,0,0,0,0,v
2014-08-08 14:00,6.779,0.079,0,0,0,0,v
2014-08-08 14:06,6.794,0.080,0,0,0,0,v
2014-08-08 14:12,6.802,0.088,0,0,0,0,v
2014-08-08 14:18,6.810,0.071,0,0,0,0,v
2014-08-08 14:24,6.795,0.072,0,0,0,0,v
2014-08-08 14:30,6.796,0.077,0,0,0,0,v
2014-08-08 14:36,6.795,0.072,0,0,0,0,v
2014-08-08 14:42,6.803,0.092,0,0,0,0,v
2014-08-08 14:48,6.786,0.084,0,0,0,0,v
2014-08-08 14:54,6.805,0.082,0,0,0,0,v
2014-08-08 15:00,6.831,0.083,0,0,0,0,v
2014-08-08 15:06,6.829,0.081,0,0,0,0,v
2014-08-08 15:12,6.794,0.073,0,0,0,0,v
2014-08-08 15:18,6.833,0.080,0,0,0,0,v
2014-08-08 15:24,6.827,0.085,0,0,0,0,v
2014-08-08 15:30,6.809,0.071,0,0,0,0,v
2014-08-08 15:36,6.797,0.084,0,0,0,0,v
2014-08-08 15:42,6.804,0.075,0,0,0,0,v
2014-08-08 15:48,6.780,0.083,0,0,0,0,v
2014-08-08 15:54,6.760,0.081,0,0,0,0,v
2014-08-08 16:00,6.766,0.071,0,0,0,0,v
2014-08-08 16:06,6.786,0.076,0,0,0,0,v
2014-08-08 16:12,6.791,0.000,1,0,0,0,v
2014-08-08 16:18,6.796,0.091,0,0,0,0,v
2014-08-08 16:24,6.768,0.079,0,0,0,0,v
2014-08-08 16:30,6.741,0.071,0,0,0,0,v
2014-08-08 16:36,6.773,0.071,0,0,0,0,v
2014-08-08 16:42,6.740,0.074,0,0,0,0,v
2014-08-08 16:48,6.752,0.080,0,0,0,0,v
2014-08-08 16:54,6.749,0.081,0,0,0,0,v
2014-08-08 17:00,6.745,0.088,0,0,0,0,v
2014-08-08 17:06,6.733,0.076,0,0,0,0,v
2014-08-08 17:12,6.730,0.093,0,0,0,0,v
2014-08-08 17:18,6.736,0.078,0,0,0,0,v
2014-08-08 17:24,6.737,0.060,0,0,0,0,v
2014-08-08 17:30,6.718,0.069,0,0,0,0,v
2014-08-08 17:36,6.697,0.072,0,0,0,0,v
2014-08-08 17:42,6.711,0.081,0,0,0,0,v
2014-08-08 17:48,6.662,0.082,0,0,0,0,v
2014-08-08 17:54,6.686,0.078,0,0,0,0,v
2014-08-08 18:00,6.678,0.073,0,0,0,0,v
2014-08-08 18:06,6.672,0.081,0,0,0,0,v
2014-08-08 18:12,6.677,0.076,0,0,0,0,v
2014-08-08 18:18,6.660,0.080,0,0,0,0,v
2014-08-08 18:24,6.639,0.071,0,0,0,0,v
2014-08-08 18:30,6.651,0.078,0,0,0,0,v
2014-08-08 18:36,6.636,0.077,0,0,0,0,v
2014-08-08 18:42,6.648,0.070,0,0,0,0,v
2014-08-08 18:48,6.621,0.077,0,0,0,0,v
2014-08-08 18:54,6.625,0.081,0,0,0,0,v
2014-08-08 19:00,6.627,0.081,0,0,0,0,v
2014-08-08 19:06,6.615,0.076,0,0,0,0,v
2014-08-08 19:12,6.608,0.078,0,0,0,0,v
2014-08-08 19:18,6.603,0.069,0,0,0,0,v
2014-08-08 19:24,6.599,0.079,0,0,0,0,v
2014-08-08 19:30,6.588,0.087,0,0,0,0,v
2014-08-08 19:36,6.593,0.075,0,0,0,0,v
2014-08-08 19:42,6.581,0.081,0,0,0,0,v
2014-08-08 19:48,6.569,0.093,0,0,0,0,v
2014-08-08 19:54,6.571,0.073,0,0,0,0,v
2014-08-08 20:00,6.547,0.081,0,0,0,0,v
2014-08-08 20:06,6.541,0.074,0,0,0,0,v
2014-08-08 20:12,6.530,0.087,0,0,0,0,v
2014-08-08 20:18,6.504,0.089,0,0,0,0,v
2014-08-08 20:24,6.502,0.082,0,0,0,0,v
2014-08-08 20:30,6.497,0.069,0,0,0,0,v
2014-08-08 20:36,6.475,0.065,0,0,0,0,v
2014-08-08 20:42,6.467,0.073,0,0,0,0,v
2014-08-08 20:48,6.469,0.079,0,0,0,0,v
2014-08-08 20:54,6.460,0.077,0,0,0,0,v
2014-08-08 21:00,6.466,0.080,0,0,0,0,v
2014-08-08 21:06,6.426,0.090,0,0,0,0,v
2014-08-08 21:12,6.412,0.081,0,0,0,0,v
2014-08-08 21:18,6.392,0.064,0,0,0,0,v
2014-08-08 21:24,6.371,0.088,0,0,0,0,v
2014-08-08 21:30,6.370,0.072,0,0,0,0,v
2014-08-08 21:36,6.375,0.080,0,0,0,0,v
2014-08-08 21:42,6.353,0.071,0,0,0,0,v
2014-08-08 21:48,6.369,0.081,0,0,0,0,v
2014-08-08 21:54,6.346,0.092,0,0,0,0,v
2014-08-08 22:00,6.337,0.080,0,0,0,0,v
2014-08-08 22:06,6.325,0.077,0,0,0,0,v
2014-08-08 22:12,6.317,0.073,0,0,0,0,v
2014-08-08 22:18,6.327,0.075,0,0,0,0,v
2014-08-08 22:24,6.352,0.080,0,0,0,0,v
2014-08-08 22:30,6.312,0.066,0,0,0,0,v
2014-08-08 22:36,6.292,0.079,0,0,0,0,v
2014-08-08 22:42,6.273,0.077,0,0,0,0,v
2014-08-08 22:48,6.249,0.074,0,0,0,0,v
2014-08-08 22:54,6.229,0.087,0,0,0,0,v
2014-08-08 23:00,6.236,0.070,0,0,0,0,v
2014-08-08 23:06,6.231,0.084,0,0,0,0,v
2014-08-08 23:12,6.217,0.071,0,0,0,0,v
2014-08-08 23:18,6.197,0.073,0,0,0,0,v
2014-08-08 23:24,6.210,0.077,0,0,0,0,v
2014-08-08 23:30,6.202,0.082,0,0,0,0,v
2014-08-08 23:36,6.178,0.078,0,0,0,0,v
2014-08-08 23:42,6.172,0.067,0,0,0,0,v
2014-08-08 23:48,6.189,0.079,0,0,0,0,v
2014-08-08 23:54,6.146,0.076,0,0,0,0,v
2014-08-09 00:00,6.193,0.069,0,0,0,0,v
2014-08-09 00:06,6.137,0.088,0,0,0,0,v
2014-08-09 00:12,6.156,0.080,0,0,0,0,v
2014-08-09 00:18,6.155,0.083,0,0,0,0,v
2014-08-09 00:24,6.181,0.078,0,0,0,0,v
2014-08-09 00:30,6.187,0.075,0,0,0,0,v
2014-08-09 00:36,6.198,0.082,0,0,0,0,v
2014-08-09 00:42,6.194,0.081,0,0,0,0,v
2014-08-09 00:48,6.165,0.084,0,0,0,0,v
2014-08-09 00:54,6.152,0.074,0,0,0,0,v
2014-08-09 01:00,6.147,0.078,0,0,0,0,v
2014-08-09 01:06,6.141,0.084,0,0,0,0,v
2014-08-09 01:12,6.126,0.082,0,0,0,0,v
2014-08-09 01:18,6.133,0.075,0,0,0,0,v
2014-08-09 01:24,6.125,0.083,0,0,0,0,v
2014-08-09 01:30,6.142,0.073,0,0,0,0,v
2014-08-09 01:36,6.175,0.075,0,0,0,0,v
2014-08-09 01:42,6.190,0.065,0,0,0,0,v
2014-08-09 01:48,6.204,0.084,0,0,0,0,v
2014-08-09 01:54,6.226,0.079,0,0,0,0,v
2014-08-09 02:00,6.239,0.087,0,0,0,0,v
2014-08-09 02:06,6.251,0.083,0,0,0,0,v
2014-08-09 02:12,6.245,0.073,0,0,0,0,v
2014-08-09 02:18,6.223,0.078,0,0,0,0,v
2014-08-09 02:24,6.241,0.075,0,0,0,0,v
2014-08-09 02:30,6.255,0.071,0,0,0,0,v
2014-08-09 02:36,6.247,0.082,0,0,0,0,v
2014-08-09 02:42,6.267,0.085,0,0,0,0,v
2014-08-09 02:48,6.279,0.083,0,0,0,0,v
2014-08-09 02:54,6.293,0.081,0,0,0,0,v
2014-08-09 03:00,6.282,0.095,0,0,0,0,v
2014-08-09 03:06,6.303,0.078,0,0,0,0,v
2014-08-09 03:12,6.287,0.089,0,0,0,0,v
2014-08-09 03:18,6.320,0.082,0,0,0,0,v
2014-08-09 03:24,6.319,0.090,0,0,0,0,v
2014-08-09 03:30,6.332,0.076,0,0,0,0,v
2014-08-09 03:36,6.310,0.090,0,0,0,0,v
2014-08-09 03:42,6.302,0.090,0,0,0,0,v
2014-08-09 03:48,6.331,0.088,0,0,0,0,v
2014-08-09 03:54,6.363,0.081,0,0,0,0,v
2014-08-09 04:00,6.365,0.079,0,0,0,0,v
2014-08-09 04:06,6.396,0.090,0,0,0,0,v
2014-08-09 04:12,6.399,0.076,0,0,0,0,v
2014-08-09 04:18,6.428,0.077,0,0,0,0,v
2014-08-09 04:24,6.426,0.093,0,0,0,0,v
2014-08-09 04:30,6.415,0.072,0,0,0,0,v
2014-08-09 04:36,6.424,0.077,0,0,0,0,v
2014-08-09 04:42,6.456,0.078,0,0,0,0,v
2014-08-09 04:48,6.463,0.086,0,0,0,0,v
2014-08-09 04:54,6.487,0.072,0,0,0,0,v
2014-08-09 05:00,6.548,0.075,0,0,0,0,v
2014-08-09 05:06,6.544,0.078,0,0,0,0,v
2014-08-09 05:12,6.564,0.080,0,0,0,0,v
2014-08-09 05:18,6.567,0.072,0,0,0,0,v
2014-08-09 05:24,6.587,0.079,0,0,0,0,v
2014-08-09 05:30,6.604,0.085,0,0,0,0,v
2014-08-09 05:36,6.617,0.086,0,0,0,0,v
2014-08-09 05:42,6.605,0.070,0,0,0,0,v
2014-08-09 05:48,6.623,0.066,0,0,0,0,v
2014-08-09 05:54,6.613,0.073,0,0,0,0,v
2014-08-09 06:00,6.617,0.075,0,0,0,0,v
2014-08-09 06:06,6.619,0.076,0,0,0,0,v
2014-08-09 06:12,6.650,0.072,0,0,0,0,v
2014-08-09 06:18,6.647,0.077,0,0,0,0,v
2014-08-09 06:24,6.653,0.072,0,0,0,0,v
2014-08-09 06:30,6.645,0.081,0,0,0,0,v
2014-08-09 06:36,6.651,0.089,0,0,0,0,v
2014-08-09 06:42,6.656,0.074,0,0,0,0,v
2014-08-09 06:48,6.690,0.070,0,0,0,0,v
2014-08-09 06:54,6.700,0.069,0,0,0,0,v
2014-08-09 07:00,6.704,0.075,0,0,0,0,v
2014-08-09 07:06,6.729,0.081,0,0,0,0,v
2014-08-09 07:12,6.735,0.067,0,0,0,0,v
2014-08-09 07:18,6.739,0.072,0,0,0,0,v
2014-08-09 07:24,6.759,0.076,0,0,0,0,v
2014-08-09 07:30,6.778,0.083,0,0,0,0,v
2014-08-09 07:36,6.769,0.075,0,0,0,0,v
2014-08-09 07:42,6.812,0.074,0,0,0,0,v
2014-08-09 07:48,6.799,0.068,0,0,0,0,v
2014-08-09 07:54,6.810,0.077,0,0,0,0,v
2014-08-09 08:00,6.830,0.087,0,0,0,0,v
2014-08-09 08:06,6.821,0.070,0,0,0,0,v
2014-08-09 08:12,6.806,0.079,0,0,0,0,v
2014-08-09 08:18,6.810,0.076,0,0,0,0,v
2014-08-09 08:24,6.793,0.068,0,0,0,0,v
2014-08-09 08:30,6.802,0.071,0,0,0,0,v
2014-08-09 08:36,6.808,0.082,0,0,0,0,v
2014-08-09 08:42,6.801,0.086,0,0,0,0,v
2014-08-09 08:48,6.793,0.077,0,0,0,0,v
2014-08-09 08:54,6.811,0.072,0,0,0,0,v
2014-08-09 09:00,6.790,0.084,0,0,0,0,v
2014-08-09 09:06,6.800,0.072,0,0,0,0,v
2014-08-09 09:12,6.819,0.075,0,0,0,0,v
2014-08-09 09:18,6.810,0.080,0,0,0,0,v
2014-08-09 09:24,6.795,0.084,0,0,0,0,v
2014-08-09 09:30,6.792,0.072,0,0,0,0,v
2014-08-09 09:36,6.801,0.077,0,0,0,0,v
2014-08-09 09:42,6.794,0.091,0,0,0,0,v
2014-08-09 09:48,6.815,0.086,0,0,0,0,v
2014-08-09 09:54,6.821,0.066,0,0,0,0,v
2014-08-09 10:00,6.796,0.070,0,0,0,0,v
2014-08-09 10:06,6.794,0.065,0,0,0,0,v
2014-08-09 10:12,6.790,0.076,0,0,0,0,v
2014-08-09 10:18,6.772,0.061,0,0,0,0,v
2014-08-09 10:24,6.795,0.063,0,0,0,0,v
2014-08-09 10:30,6.799,0.074,0,0,0,0,v
2014-08-09 10:36,6.806,0.078,0,0,0,0,v
2014-08-09 10:42,6.787,0.087,0,0,0,0,v
2014-08-09 10:48,6.773,0.080,0,0,0,0,v
2014-08-09 10:54,6.804,0.069,0,0,0,0,v
2014-08-09 11:00,6.788,0.080,0,0,0,0,v
2014-08-09 11:06,6.802,0.075,0,0,0,0,v
2014-08-09 11:12,6.830,0.068,0,0,0,0,v
2014-08-09 11:18,6.819,0.085,0,0,0,0,v
2014-08-09 11:24,6.832,0.076,0,0,0,0,v
2014-08-09 11:30,6.846,0.097,0,0,0,0,v
2014-08-09 11:36,6.827,0.077,0,0,0,0,v
2014-08-09 11:42,6.815,0.081,0,0,0,0,v
2014-08-09 11:48,6.806,0.077,0,0,0,0,v
2014-08-09 11:54,6.813,0.090,0,0,0,0,v
2014-08-09 12:00,6.818,0.085,0,0,0,0,v
2014-08-09 12:06,6.804,0.077,0,0,0,0,v
2014-08-09 12:12,6.824,0.089,0,0,0,0,v
2014-08-09 12:18,6.804,0.083,0,0,0,0,v
2014-08-09 12:24,6.816,0.079,0,0,0,0,v
2014-08-09 12:30,6.807,0.083,0,0,0,0,v
2014-08-09 12:36,6.812,0.078,0,0,0,0,v
2014-08-09 12:42,6.802,0.082,0,0,0,0,v
2014-08-09 12:48,6.777,0.082,0,0,0,0,v
2014-08-09 12:54,6.782,0.079,0,0,0,0,v
2014-08-09 13:00,6.766,0.091,0,0,0,0,v
2014-08-09 13:06,6.772,0.086,0,0,0,0,v
2014-08-09 13:12,6.756,0.079,0,0,0,0,v
2014-08-09 13:18,6.759,0.082,0,0,0,0,v
2014-08-09 13:24,6.749,0.087,0,0,0,0,v
2014-08-09 13:30,6.743,0.074,0,0,0,0,v
2014-08-09 13:36,6.741,0.094,0,0,0,0,v
2014-08-09 13:42,6.731,0.091,0,0,0,0,v
2014-08-09 13:48,6.738,0.089,0,0,0,0,v
2014-08-09 13:54,6.707,0.089,0,0,0,0,v
2014-08-09 14:00,6.712,0.079,0,0,0,0,v
2014-08-09 14:06,6.731,0.085,0,0,0,0,v
2014-08-09 14:12,6.740,0.075,0,0,0,0,v
2014-08-09 14:18,6.705,0.091,0,0,0,0,v
2014-08-09 14:24,6.715,0.073,0,0,0,0,v
2014-08-09 14:30,6.700,0.078,0,0,0,0,v
2014-08-09 14:36,6.709,0.085,0,0,0,0,v
2014-08-09 14:42,6.712,0.081,0,0,0,0,v
2014-08-09 14:48,6.721,0.076,0,0,0,0,v
2014-08-09 14:54,6.734,0.083,0,0,0,0,v
2014-08-09 15:00,6.751,0.066,0,0,0,0,v
2014-08-09 15:06,6.730,0.070,0,0,0,0,v
2014-08-09 15:12,6.711,0.077,0,0,0,0,v
2014-08-09 15:18,6.710,0.073,0,0,0,0,v
2014-08-09 15:24,6.719,0.066,0,0,0,0,v
2014-08-09 15:30,6.715,0.067,0,0,0,0,v
2014-08-09 15:36,6.716,0.074,0,0,0,0,v
2014-08-09 15:42,6.718,0.085,0,0,0,0,v
2014-08-09 15:48,6.705,0.076,0,0,0,0,v
2014-08-09 15:54,6.681,0.076,0,0,0,0,v
2014-08-09 16:00,6.707,0.061,0,0,0,0,v
2014-08-09 16:06,6.687,0.067,0,0,0,0,v
2014-08-09 16:12,6.676,0.069,0,0,0,0,v
2014-08-09 16:18,6.701,0.075,0,0,0,0,v
2014-08-09 16:24,6.707,0.079,0,0,0,0,v
2014-08-09 16:30,6.698,0.075,0,0,0,0,v
2014-08-09 16:36,6.707,0.078,0,0,0,0,v
2014-08-09 16:42,6.739,0.071,0,0,0,0,v
2014-08-09 16:48,6.730,0.076,0,0,0,0,v
2014-08-09 16:54,6.739,0.073,0,0,0,0,v
2014-08-09 17:00,6.712,0.073,0,0,0,0,v
2014-08-09 17:06,6.740,0.081,0,0,0,0,v
2014-08-09 17:12,6.736,0.071,0,0,0,0,v
2014-08-09 17:18,6.705,0.067,0,0,0,0,v
2014-08-09 17:24,6.721,0.067,0,0,0,0,v
2014-08-09 17:30,6.731,0.066,0,0,0,0,v
2014-08-09 17:36,6.712,0.072,0,0,0,0,v
2014-08-09 17:42,6.701,0.065,0,0,0,0,v
2014-08-09 17:48,6.706,0.081,0,0,0,0,v
2014-08-09 17:54,6.709,0.067,0,0,0,0,v
2014-08-09 18:00,6.708,0.075,0,0,0,0,v
2014-08-09 18:06,6.706,0.068,0,0,0,0,v
2014-08-09 18:12,6.694,0.074,0,0,0,0,v
2014-08-09 18:18,6.680,0.067,0,0,0,0,v
2014-08-09 18:24,6.700,0.059,0,0,0,0,v
2014-08-09 18:30,6.694,0.080,0,0,0,0,v
2014-08-09 18:36,6.704,0.066,0,0,0,0,v
2014-08-09 18:42,6.700,0.075,0,0,0,0,v
2014-08-09 18:48,6.713,0.062,0,0,0,0,v
2014-08-09 18:54,6.675,0.060,0,0,0,0,v
2014-08-09 19:00,6.693,0.083,0,0,0,0,v
2014-08-09 19:06,6.667,0.076,0,0,0,0,v
2014-08-09 19:12,6.644,0.071,0,0,0,0,v
2014-08-09 19:18,6.673,0.072,0,0,0,0,v
2014-08-09 19:24,6.658,0.073,0,0,0,0,v
2014-08-09 19:30,6.657,0.072,0,0,0,0,v
2014-08-09 19:36,6.646,0.066,0,0,0,0,v
2014-08-09 19:42,6.625,0.064,0,0,0,0,v
2014-08-09 19:48,6.645,0.062,0,0,0,0,v
2014-08-09 19:54,6.652,0.069,0,0,0,0,v
2014-08-09 20:00,6.638,0.067,0,0,0,0,v
2014-08-09 20:06,6.640,0.079,0,0,0,0,v
2014-08-09 20:12,6.636,0.066,0,0,0,0,v
2014-08-09 20:18,6.620,0.074,0,0,0,0,v
2014-08-09 20:24,6.585,0.062,0,0,0,0,v
2014-08-09 20:30,6.574,0.073,0,0,0,0,v
2014-08-09 20:36,6.541,0.079,0,0,0,0,v
2014-08-09 20:42,6.511,0.062,0,0,0,0,v
2014-08-09 20:48,6.483,0.068,0,0,0,0,v
2014-08-09 20:54,6.501,0.070,0,0,0,0,v
2014-08-09 21:00,6.503,0.062,0,0,0,0,v
2014-08-09 21:06,6.486,0.067,0,0,0,0,v
2014-08-09 21:12,6.486,0.052,0,0,0,0,v
2014-08-09 21:18,6.468,0.066,0,0,0,0,v
2014-08-09 21:24,6.436,0.059,0,0,0,0,v
2014-08-09 21:30,6.434,0.070,0,0,0,0,v
2014-08-09 21:36,6.416,0.059,0,0,0,0,v
2014-08-09 21:42,6.427,0.068,0,0,0,0,v
2014-08-09 21:48,6.438,0.071,0,0,0,0,v
2014-08-09 21:54,6.448,0.057,0,0,0,0,v
2014-08-09 22:00,6.419,0.064,0,0,0,0,v
2014-08-09 22:06,6.412,0.067,0,0,0,0,v
2014-08-09 22:12,6.390,0.056,0,0,0,0,v
2014-08-09 22:18,6.367,0.062,0,0,0,0,v
2014-08-09 22:24,6.358,0.073,0,0,0,0,v
2014-08-09 22:30,6.377,0.065,0,0,0,0,v
2014-08-09 22:36,6.388,0.062,0,0,0,0,v
2014-08-09 22:42,6.380,0.058,0,0,0,0,v
2014-08-09 22:48,6.378,0.053,0,0,0,0,v
2014-08-09 22:54,6.321,0.068,0,0,0,0,v
2014-08-09 23:00,6.321,0.055,0,0,0,0,v
2014-08-09 23:06,6.334,0.058,0,0,0,0,v
2014-08-09 23:12,6.350,0.058,0,0,0,0,v
2014-08-09 23:18,6.325,0.065,0,0,0,0,v
2014-08-09 23:24,6.284,0.076,0,0,0,0,v
2014-08-09 23:30,6.271,0.065,0,0,0,0,v
2014-08-09 23:36,6.262,0.066,0,0,0,0,v
2014-08-09 23:42,6.262,0.067,0,0,0,0,v
2014-08-09 23:48,6.223,0.071,0,0,0,0,v
2014-08-09 23:54,6.219,0.068,0,0,0,0,v
2014-08-10 00:00,6.220,0.070,0,0,0,0,v
2014-08-10 00:06,6.246,0.076,0,0,0,0,v
2014-08-10 00:12,6.216,0.071,0,0,0,0,v
2014-08-10 00:18,6.174,0.061,0,0,0,0,v
2014-08-10 00:24,6.213,0.056,0,0,0,0,v
2014-08-10 00:30,6.245,0.069,0,0,0,0,v
2014-08-10 00:36,6.231,0.056,0,0,0,0,v
2014-08-10 00:42,6.212,0.060,0,0,0,0,v
2014-08-10 00:48,6.226,0.066,0,0,0,0,v
2014-08-10 00:54,6.213,0.061,0,0,0,0,v
2014-08-10 01:00,6.190,0.069,0,0,0,0,v
2014-08-10 01:06,6.183,0.066,0,0,0,0,v
2014-08-10 01:12,6.184,0.076,0,0,0,0,v
2014-08-10 01:18,6.184,0.066,0,0,0,0,v
2014-08-10 01:24,6.185,0.075,0,0,0,0,v
2014-08-10 01:30,6.185,0.067,0,0,0,0,v
2014-08-10 01:36,6.208,0.068,0,0,0,0,v
2014-08-10 01:42,6.188,0.064,0,0,0,0,v
2014-08-10 01:48,6.170,0.063,0,0,0,0,v
2014-08-10 01:54,6.171,0.074,0,0,0,0,v
2014-08-10 02:00,6.179,0.064,0,0,0,0,v
2014-08-10 02:06,6.199,0.068,0,0,0,0,v
2014-08-10 02:12,6.187,0.069,0,0,0,0,v
2014-08-10 02:18,6.202,0.060,0,0,0,0,v
2014-08-10 02:24,6.181,0.084,0,0,0,0,v
2014-08-10 02:30,6.208,0.065,0,0,0,0,v
2014-08-10 02:36,6.217,0.072,0,0,0,0,v
2014-08-10 02:42,6.191,0.068,0,0,0,0,v
2014-08-10 02:48,6.213,0.063,0,0,0,0,v
2014-08-10 02:54,6.224,0.082,0,0,0,0,v
2014-08-10 03:00,6.234,0.069,0,0,0,0,v
2014-08-10 03:06,6.266,0.068,0,0,0,0,v
2014-08-10 03:12,6.255,0.074,0,0,0,0,v
2014-08-10 03:18,6.275,0.059,0,0,0,0,v
2014-08-10 03:24,6.276,0.075,0,0,0,0,v
2014-08-10 03:30,6.267,0.062,0,0,0,0,v
2014-08-10 03:36,6.267,0.067,0,0,0,0,v
2014-08-10 03:42,6.264,0.071,0,0,0,0,v
2014-08-10 03:48,6.294,0.068,0,0,0,0,v
2014-08-10 03:54,6.306,0.067,0,0,0,0,v
2014-08-10 04:00,6.318,0.061,0,0,0,0,v
2014-08-10 04:06,6.304,0.079,0,0,0,0,v
2014-08-10 04:12,6.311,0.054,0,0,0,0,v
2014-08-10 04:18,6.305,0.070,0,0,0,0,v
2014-08-10 04:24,6.333,0.071,0,0,0,0,v
2014-08-10 04:30,6.357,0.071,0,0,0,0,v
2014-08-10 04:36,6.345,0.065,0,0,0,0,v
2014-08-10 04:42,6.348,0.068,0,0,0,0,v
2014-08-10 04:48,6.362,0.069,0,0,0,0,v
2014-08-10 04:54,6.367,0.071,0,0,0,0,v
2014-08-10 05:00,6.398,0.069,0,0,0,0,v
2014-08-10 05:06,6.416,0.074,0,0,0,0,v
2014-08-10 05:12,6.430,0.064,0,0,0,0,v
2014-08-10 05:18,6.447,0.071,0,0,0,0,v
2014-08-10 05:24,6.446,0.062,0,0,0,0,v
2014-08-10 05:30,6.447,0.064,0,0,0,0,v
2014-08-10 05:36,6.447,0.068,0,0,0,0,v
2014-08-10 05:42,6.457,0.073,0,0,0,0,v
2014-08-10 05:48,6.477,0.062,0,0,0,0,v
2014-08-10 05:54,6.505,0.072,0,0,0,0,v
2014-08-10 06:00,6.517,0.063,0,0,0,0,v
2014-08-10 06:06,6.508,0.065,0,0,0,0,v
2014-08-10 06:12,6.539,0.079,0,0,0,0,v
2014-08-10 06:18,6.552,0.069,0,0,0,0,v
2014-08-10 06:24,6.582,0.073,0,0,0,0,v
2014-08-10 06:30,6.587,0.076,0,0,0,0,v
2014-08-10 06:36,6.574,0.064,0,0,0,0,v
2014-08-10 06:42,6.613,0.061,0,0,0,0,v
2014-08-10 06:48,6.618,0.064,0,0,0,0,v
2014-08-10 06:54,6.616,0.064,0,0,0,0,v
2014-08-10 07:00,6.628,0.078,0,0,0,0,v
2014-08-10 07:06,6.637,0.065,0,0,0,0,v
2014-08-10 07:12,6.671,0.066,0,0,0,0,v
2014-08-10 07:18,6.660,0.076,0,0,0,0,v
2014-08-10 07:24,6.672,0.081,0,0,0,0,v
2014-08-10 07:30,6.693,0.071,0,0,0,0,v
2014-08-10 07:36,6.733,0.061,0,0,0,0,v
2014-08-10 07:42,6.726,0.080,0,0,0,0,v
2014-08-10 07:48,6.717,0.057,0,0,0,0,v
2014-08-10 07:54,6.742,0.081,0,0,0,0,v
2014-08-10 08:00,6.754,0.064,0,0,0,0,v
2014-08-10 08:06,6.763,0.059,0,0,0,0,v
2014-08-10 08:12,6.772,0.066,0,0,0,0,v
2014-08-10 08:18,6.787,0.064,0,0,0,0,v
2014-08-10 08:24,6.796,0.078,0,0,0,0,v
2014-08-10 08:30,6.817,0.071,0,0,0,0,v
2014-08-10 08:36,6.827,0.079,0,0,0,0,v
2014-08-10 08:42,6.817,0.080,0,0,0,0,v
2014-08-10 08:48,6.823,0.068,0,0,0,0,v
2014-08-10 08:54,6.822,0.068,0,0,0,0,v
2014-08-10 09:00,6.842,0.067,0,0,0,0,v
2014-08-10 09:06,6.823,0.060,0,0,0,0,v
2014-08-10 09:12,6.809,0.068,0,0,0,0,v
2014-08-10 09:18,6.806,0.074,0,0,0,0,v
2014-08-10 09:24,6.776,0.063,0,0,0,0,v
2014-08-10 09:30,6.792,0.059,0,0,0,0,v
2014-08-10 09:36,6.804,0.063,0,0,0,0,v
2014-08-10 09:42,6.819,0.068,0,0,0,0,v
2014-08-10 09:48,6.832,0.067,0,0,0,0,v
2014-08-10 09:54,6.830,0.064,0,0,0,0,v
2014-08-10 10:00,6.829,0.065,0,0,0,0,v
2014-08-10 10:06,6.824,0.058,0,0,0,0,v
2014-08-10 10:12,6.826,0.074,0,0,0,0,v
2014-08-10 10:18,6.833,0.063,0,0,0,0,v
2014-08-10 10:24,6.841,0.059,0,0,0,0,v
2014-08-10 10:30,6.849,0.073,0,0,0,0,v
2014-08-10 10:36,6.836,0.071,0,0,0,0,v
2014-08-10 10:42,6.838,0.069,0,0,0,0,v
2014-08-10 10:48,6.801,0.062,0,0,0,0,v
2014-08-10 10:54,6.800,0.069,0,0,0,0,v
2014-08-10 11:00,6.784,0.076,0,0,0,0,v
2014-08-10 11:06,6.794,0.062,0,0,0,0,v
2014-08-10 11:12,6.795,0.069,0,0,0,0,v
2014-08-10 11:18,6.790,0.076,0,0,0,0,v
2014-08-10 11:24,6.806,0.064,0,0,0,0,v
2014-08-10 11:30,6.795,0.069,0,0,0,0,v
2014-08-10 11:36,6.788,0.070,0,0,0,0,v
2014-08-10 11:42,6.817,0.077,0,0,0,0,v
2014-08-10 11:48,6.809,0.067,0,0,0,0,v
2014-08-10 11:54,6.838,0.064,0,0,0,0,v
2014-08-10 12:00,6.829,0.073,0,0,0,0,v
2014-08-10 12:06,6.807,0.067,0,0,0,0,v
2014-08-10 12:12,6.779,0.065,0,0,0,0,v
2014-08-10 12:18,6.778,0.069,0,0,0,0,v
2014-08-10 12:24,6.778,0.061,0,0,0,0,v
2014-08-10 12:30,6.780,0.064,0,0,0,0,v
2014-08-10 12:36,6.788,0.062,0,0,0,0,v
2014-08-10 12:42,6.780,0.060,0,0,0,0,v
2014-08-10 12:48,6.764,0.064,0,0,0,0,v
2014-08-10 12:54,6.753,0.064,0,0,0,0,v
2014-08-10 13:00,6.766,0.066,0,0,0,0,v
2014-08-10 13:06,6.774,0.063,0,0,0,0,v
2014-08-10 13:12,6.802,0.068,0,0,0,0,v
2014-08-10 13:18,6.801,0.067,0,0,0,0,v
2014-08-10 13:24,6.770,0.057,0,0,0,0,v
2014-08-10 13:30,6.773,0.062,0,0,0,0,v
2014-08-10 13:36,6.745,0.060,0,0,0,0,v
2014-08-10 13:42,6.732,0.069,0,0,0,0,v
2014-08-10 13:48,6.733,0.069,0,0,0,0,v
2014-08-10 13:54,6.720,0.066,0,0,0,0,v
2014-08-10 14:00,6.720,0.066,0,0,0,0,v
2014-08-10 14:06,6.726,0.065,0,0,0,0,v
2014-08-10 14:12,6.715,0.069,0,0,0,0,v
2014-08-10 14:18,6.695,0.062,0,0,0,0,v
2014-08-10 14:24,6.708,0.064,0,0,0,0,v
2014-08-10 14:30,6.707,0.064,0,0,0,0,v
2014-08-10 14:36,6.710,0.067,0,0,0,0,v
2014-08-10 14:42,6.727,0.062,0,0,0,0,v
2014-08-10 14:48,6.722,0.064,0,0,0,0,v
2014-08-10 14:54,6.743,0.063,0,0,0,0,v
2014-08-10 15:00,6.767,0.072,0,0,0,0,v
2014-08-10 15:06,6.766,0.071,0,0,0,0,v
2014-08-10 15:12,6.796,0.055,0,0,0,0,v
2014-08-10 15:18,6.784,0.057,0,0,0,0,v
2014-08-10 15:24,6.776,0.057,0,0,0,0,v
2014-08-10 15:30,6.770,0.063,0,0,0,0,v
2014-08-10 15:36,6.758,0.066,0,0,0,0,v
2014-08-10 15:42,6.756,0.067,0,0,0,0,v
2014-08-10 15:48,6.745,0.057,0,0,0,0,v
2014-08-10 15:54,6.733,0.066,0,0,0,0,v
2014-08-10 16:00,6.741,0.069,0,0,0,0,v
2014-08-10 16:06,6.762,0.068,0,0,0,0,v
2014-08-10 16:12,6.744,0.066,0,0,0,0,v
2014-08-10 16:18,6.730,0.066,0,0,0,0,v
2014-08-10 16:24,6.722,0.065,0,0,0,0,v
2014-08-10 16:30,6.741,0.057,0,0,0,0,v
2014-08-10 16:36,6.732,0.067,0,0,0,0,v
2014-08-10 16:42,6.758,0.063,0,0,0,0,v
2014-08-10 16:48,6.759,0.057,0,0,0,0,v
2014-08-10 16:54,6.758,0.060,0,0,0,0,v
2014-08-10 17:00,6.780,0.062,0,0,0,0,v
2014-08-10 17:06,6.779,0.061,0,0,0,0,v
2014-08-10 17:12,6.783,0.065,0,0,0,0,v
2014-08-10 17:18,6.770,0.066,0,0,0,0,v
2014-08-10 17:24,6.755,0.061,0,0,0,0,v
2014-08-10 17:30,6.775,0.056,0,0,0,0,v
2014-08-10 17:36,6.753,0.066,0,0,0,0,v
2014-08-10 17:42,6.747,0.056,0,0,0,0,v
2014-08-10 17:48,6.712,0.067,0,0,0,0,v
2014-08-10 17:54,6.732,0.063,0,0,0,0,v
2014-08-10 18:00,6.719,0.057,0,0,0,0,v
2014-08-10 18:06,6.730,0.064,0,0,0,0,v
2014-08-10 18:12,6.706,0.067,0,0,0,0,v
2014-08-10 18:18,6.719,0.058,0,0,0,0,v
2014-08-10 18:24,6.720,0.064,0,0,0,0,v
2014-08-10 18:30,6.756,0.057,0,0,0,0,v
2014-08-10 18:36,6.746,0.054,0,0,0,0,v
2014-08-10 18:42,6.753,0.061,0,0,0,0,v
2014-08-10 18:48,6.759,0.055,0,0,0,0,v
2014-08-10 18:54,6.767,0.063,0,0,0,0,v
2014-08-10 19:00,6.763,0.062,0,0,0,0,v
2014-08-10 19:06,6.733,0.052,0,0,0,0,v
2014-08-10 19:12,6.739,0.063,0,0,0,0,v
2014-08-10 19:18,6.764,0.059,0,0,0,0,v
2014-08-10 19:24,6.735,0.061,0,0,0,0,v
2014-08-10 19:30,6.746,0.064,0,0,0,0,v
2014-08-10 19:36,6.729,0.061,0,0,0,0,v
2014-08-10 19:42,6.761,0.064,0,0,0,0,v
2014-08-10 19:48,6.752,0.067,0,0,0,0,v
2014-08-10 19:54,6.754,0.060,0,0,0,0,v
2014-08-10 20:00,6.731,0.056,0,0,0,0,v
2014-08-10 20:06,6.725,0.058,0,0,0,0,v
2014-08-10 20:12,6.687,0.060,0,0,0,0,v
2014-08-10 20:18,6.685,0.069,0,0,0,0,v
2014-08-10 20:24,6.677,0.058,0,0,0,0,v
2014-08-10 20:30,6.654,0.066,0,0,0,0,v
2014-08-10 20:36,6.637,0.049,0,0,0,0,v
2014-08-10 20:42,6.638,0.060,0,0,0,0,v
2014-08-10 20:48,6.640,0.065,0,0,0,0,v
2014-08-10 20:54,6.658,0.057,0,0,0,0,v
2014-08-10 21:00,6.633,0.057,0,0,0,0,v
2014-08-10 21:06,6.658,0.054,0,0,0,0,v
2014-08-10 21:12,6.652,0.059,0,0,0,0,v
2014-08-10 21:18,6.645,0.054,0,0,0,0,v
2014-08-10 21:24,6.616,0.056,0,0,0,0,v
2014-08-10 21:30,6.595,0.057,0,0,0,0,v
2014-08-10 21:36,6.598,0.053,0,0,0,0,v
2014-08-10 21:42,6.599,0.058,0,0,0,0,v
2014-08-10 21:48,6.608,0.056,0,0,0,0,v
2014-08-10 21:54,6.598,0.061,0,0,0,0,v
2014-08-10 22:00,6.587,0.064,0,0,0,0,v
2014-08-10 22:06,6.576,0.056,0,0,0,0,v
2014-08-10 22:12,6.553,0.053,0,0,0,0,v
2014-08-10 22:18,6.553,0.058,0,0,0,0,v
2014-08-10 22:24,6.544,0.053,0,0,0,0,v
2014-08-10 22:30,6.542,0.055,0,0,0,0,v
2014-08-10 22:36,6.518,0.053,0,0,0,0,v
2014-08-10 22:42,6.516,0.065,0,0,0,0,v
2014-08-10 22:48,6.501,0.054,0,0,0,0,v
2014-08-10 22:54,6.478,0.066,0,0,0,0,v
2014-08-10 23:00,6.459,0.063,0,0,0,0,v
2014-08-10 23:06,6.458,0.060,0,0,0,0,v
2014-08-10 23:12,6.417,0.059,0,0,0,0,v
2014-08-10 23:18,6.413,0.064,0,0,0,0,v
2014-08-10 23:24,6.372,0.054,0,0,0,0,v
2014-08-10 23:30,6.385,0.057,0,0,0,0,v
2014-08-10 23:36,6.377,0.062,0,0,0,0,v
2014-08-10 23:42,6.379,0.063,0,0,0,0,v
2014-08-10 23:48,6.399,0.057,0,0,0,0,v
2014-08-10 23:54,6.379,0.055,0,0,0,0,v
2014-08-11 00:00,6.375,0.071,0,0,0,0,v
2014-08-11 00:06,6.377,0.059,0,0,0,0,v
2014-08-11 00:12,6.372,0.060,0,0,0,0,v
2014-08-11 00:18,6.348,0.062,0,0,0,0,v
2014-08-11 00:24,6.348,0.064,0,0,0,0,v
2014-08-11 00:30,6.320,0.060,0,0,0,0,v
2014-08-11 00:36,6.343,0.070,0,0,0,0,v
2014-08-11 00:42,6.313,0.065,0,0,0,0,v
2014-08-11 00:48,6.325,0.062,0,0,0,0,v
2014-08-11 00:54,6.302,0.068,0,0,0,0,v
2014-08-11 01:00,6.311,0.059,0,0,0,0,v
2014-08-11 01:06,6.306,0.062,0,0,0,0,v
2014-08-11 01:12,6.287,0.064,0,0,0,0,v
2014-08-11 01:18,6.283,0.069,0,0,0,0,v
2014-08-11 01:24,6.282,0.063,0,0,0,0,v
2014-08-11 01:30,6.273,0.057,0,0,0,0,v
2014-08-11 01:36,6.265,0.053,0,0,0,0,v
2014-08-11 01:42,6.242,0.062,0,0,0,0,v
2014-08-11 01:48,6.257,0.060,0,0,0,0,v
2014-08-11 01:54,6.255,0.068,0,0,0,0,v
2014-08-11 02:00,6.278,0.061,0,0,0,0,v
2014-08-11 02:06,6.263,0.067,0,0,0,0,v
2014-08-11 02:12,6.262,0.063,0,0,0,0,v
2014-08-11 02:18,6.269,0.066,0,0,0,0,v
2014-08-11 02:24,6.277,0.063,0,0,0,0,v
2014-08-11 02:30,6.273,0.061,0,0,0,0,v
2014-08-11 02:36,6.231,0.062,0,0,0,0,v
2014-08-11 02:42,6.229,0.057,0,0,0,0,v
2014-08-11 02:48,6.245,0.065,0,0,0,0,v
2014-08-11 02:54,6.237,0.061,0,0,0,0,v
2014-08-11 03:00,6.244,0.059,0,0,0,0,v
2014-08-11 03:06,6.227,0.061,0,0,0,0,v
2014-08-11 03:12,6.236,0.059,0,0,0,0,v
2014-08-11 03:18,6.259,0.062,0,0,0,0,v
2014-08-11 03:24,6.251,0.065,0,0,0,0,v
2014-08-11 03:30,6.254,0.068,0,0,0,0,v
2014-08-11 03:36,6.259,0.059,0,0,0,0,v
2014-08-11 03:42,6.250,0.064,0,0,0,0,v
2014-08-11 03:48,6.244,0.064,0,0,0,0,v
2014-08-11 03:54,6.248,0.071,0,0,0,0,v
2014-08-11 04:00,6.250,0.067,0,0,0,0,v
2014-08-11 04:06,6.271,0.057,0,0,0,0,v
2014-08-11 04:12,6.262,0.063,0,0,0,0,v
2014-08-11 04:18,6.278,0.063,0,0,0,0,v
2014-08-11 04:24,6.308,0.067,0,0,0,0,v
2014-08-11 04:30,6.307,0.064,0,0,0,0,v
2014-08-11 04:36,6.308,0.064,0,0,0,0,v
2014-08-11 04:42,6.304,0.065,0,0,0,0,v
2014-08-11 04:48,6.289,0.075,0,0,0,0,v
2014-08-11 04:54,6.301,0.065,0,0,0,0,v
2014-08-11 05:00,6.317,0.059,0,0,0,0,v
2014-08-11 05:06,6.318,0.057,0,0,0,0,v
2014-08-11 05:12,6.328,0.066,0,0,0,0,v
2014-08-11 05:18,6.390,0.058,0,0,0,0,v
2014-08-11 05:24,6.388,0.073,0,0,0,0,v
2014-08-11 05:30,6.395,0.057,0,0,0,0,v
2014-08-11 05:36,6.398,0.076,0,0,0,0,v
2014-08-11 05:42,6.412,0.067,0,0,0,0,v
2014-08-11 05:48,6.423,0.068,0,0,0,0,v
2014-08-11 05:54,6.433,0.060,0,0,0,0,v
2014-08-11 06:00,6.448,0.068,0,0,0,0,v
2014-08-11 06:06,6.465,0.064,0,0,0,0,v
2014-08-11 06:12,6.486,0.058,0,0,0,0,v
2014-08-11 06:18,6.500,0.074,0,0,0,0,v
2014-08-11 06:24,6.518,0.062,0,0,0,0,v
2014-08-11 06:30,6.526,0.064,0,0,0,0,v
2014-08-11 06:36,6.524,0.062,0,0,0,0,v
2014-08-11 06:42,6.534,0.063,0,0,0,0,v
2014-08-11 06:48,6.536,0.067,0,0,0,0,v
2014-08-11 06:54,6.568,0.061,0,0,0,0,v
2014-08-11 07:00,6.590,0.060,0,0,0,0,v
2014-08-11 07:06,6.603,0.062,0,0,0,0,v
2014-08-11 07:12,6.637,0.064,0,0,0,0,v
2014-08-11 07:18,6.665,0.061,0,0,0,0,v
2014-08-11 07:24,6.666,0.062,0,0,0,0,v
2014-08-11 07:30,6.672,0.064,0,0,0,0,v
2014-08-11 07:36,6.694,0.066,0,0,0,0,v
2014-08-11 07:42,6.688,0.059,0,0,0,0,v
2014-08-11 07:48,6.672,0.063,0,0,0,0,v
2014-08-11 07:54,6.673,0.055,0,0,0,0,v
2014-08-11 08:00,6.685,0.054,0,0,0,0,v
2014-08-11 08:06,6.679,0.072,0,0,0,0,v
2014-08-11 08:12,6.693,0.067,0,0,0,0,v
2014-08-11 08:18,6.704,0.067,0,0,0,0,v
2014-08-11 08:24,6.718,0.070,0,0,0,0,v
2014-08-11 08:30,6.722,0.070,0,0,0,0,v
2014-08-11 08:36,6.734,0.059,0,0,0,0,v
2014-08-11 08:42,6.751,0.061,0,0,0,0,v
2014-08-11 08:48,6.736,0.060,0,0,0,0,v
2014-08-11 08:54,6.738,0.054,0,0,0,0,v
2014-08-11 09:00,6.719,0.063,0,0,0,0,v
2014-08-11 09:06,6.734,0.058,0,0,0,0,v
2014-08-11 09:12,6.763,0.048,0,0,0,0,v
2014-08-11 09:18,6.742,0.051,0,0,0,0,v
2014-08-11 09:24,6.745,0.057,0,0,0,0,v
2014-08-11 09:30,6.760,0.067,0,0,0,0,v
2014-08-11 09:36,6.761,0.058,0,0,0,0,v
2014-08-11 09:42,6.767,0.058,0,0,0,0,v
2014-08-11 09:48,6.782,0.059,0,0,0,0,v
2014-08-11 09:54,6.774,0.056,0,0,0,0,v
2014-08-11 10:00,6.789,0.057,0,0,0,0,v
2014-08-11 10:06,6.779,0.060,0,0,0,0,v
2014-08-11 10:12,6.780,0.059,0,0,0,0,v
2014-08-11 10:18,6.800,0.057,0,0,0,0,v
2014-08-11 10:24,6.803,0.060,0,0,0,0,v
2014-08-11 10:30,6.804,0.072,0,0,0,0,v
2014-08-11 10:36,6.817,0.054,0,0,0,0,v
2014-08-11 10:42,6.816,0.064,0,0,0,0,v
2014-08-11 10:48,6.810,0.055,0,0,0,0,v
2014-08-11 10:54,6.799,0.056,0,0,0,0,v
2014-08-11 11:00,6.782,0.053,0,0,0,0,v
2014-08-11 11:06,6.779,0.053,0,0,0,0,v
2014-08-11 11:12,6.791,0.059,0,0,0,0,v
2014-08-11 11:18,6.792,0.060,0,0,0,0,v
2014-08-11 11:24,6.766,0.057,0,0,0,0,v
2014-08-11 11:30,6.774,0.053,0,0,0,0,v
2014-08-11 11:36,6.792,0.057,0,0,0,0,v
2014-08-11 11:42,6.785,0.049,0,0,0,0,v
2014-08-11 11:48,6.764,0.057,0,0,0,0,v
2014-08-11 11:54,6.747,0.056,0,0,0,0,v
2014-08-11 12:00,6.735,0.064,0,0,0,0,v
2014-08-11 12:06,6.718,0.054,0,0,0,0,v
2014-08-11 12:12,6.728,0.051,0,0,0,0,v
2014-08-11 12:18,6.729,0.054,0,0,0,0,v
2014-08-11 12:24,6.723,0.056,0,0,0,0,v
2014-08-11 12:30,6.714,0.050,0,0,0,0,v
2014-08-11 12:36,6.718,0.057,0,0,0,0,v
2014-08-11 12:42,6.719,0.059,0,0,0,0,v
2014-08-11 12:48,6.726,0.064,0,0,0,0,v
2014-08-11 12:54,6.734,0.057,0,0,0,0,v
2014-08-11 13:00,6.740,0.059,0,0,0,0,v
2014-08-11 13:06,6.755,0.060,0,0,0,0,v
2014-08-11 13:12,6.746,0.053,0,0,0,0,v
2014-08-11 13:18,6.707,0.062,0,0,0,0,v
2014-08-11 13:24,6.711,0.056,0,0,0,0,v
2014-08-11 13:30,6.699,0.055,0,0,0,0,v
2014-08-11 13:36,6.691,0.058,0,0,0,0,v
2014-08-11 13:42,6.701,0.051,0,0,0,0,v
2014-08-11 13:48,6.705,0.059,0,0,0,0,v
2014-08-11 13:54,6.694,0.057,0,0,0,0,v
2014-08-11 14:00,6.689,0.057,0,0,0,0,v
2014-08-11 14:06,6.694,0.054,0,0,0,0,v
2014-08-11 14:12,6.702,0.048,0,0,0,0,v
2014-08-11 14:18,6.722,0.049,0,0,0,0,v
2014-08-11 14:24,6.717,0.054,0,0,0,0,v
2014-08-11 14:30,6.701,0.053,0,0,0,0,v
2014-08-11 14:36,6.686,0.057,0,0,0,0,v
2014-08-11 14:42,6.663,0.057,0,0,0,0,v
2014-08-11 14:48,6.665,0.056,0,0,0,0,v
2014-08-11 14:54,6.673,0.054,0,0,0,0,v
2014-08-11 15:00,6.673,0.053,0,0,0,0,v
2014-08-11 15:06,6.674,0.048,0,0,0,0,v
2014-08-11 15:12,6.674,0.050,0,0,0,0,v
2014-08-11 15:18,6.668,0.053,0,0,0,0,v
2014-08-11 15:24,6.648,0.059,0,0,0,0,v
2014-08-11 15:30,6.642,0.055,0,0,0,0,v
2014-08-11 15:36,6.669,0.050,0,0,0,0,v
2014-08-11 15:42,6.682,0.052,0,0,0,0,v
2014-08-11 15:48,6.687,0.057,0,0,0,0,v
2014-08-11 15:54,6.659,0.055,0,0,0,0,v
2014-08-11 16:00,6.677,0.048,0,0,0,0,v
2014-08-11 16:06,6.669,0.059,0,0,0,0,v
2014-08-11 16:12,6.666,0.060,0,0,0,0,v
2014-08-11 16:18,6.661,0.058,0,0,0,0,v
2014-08-11 16:24,6.654,0.052,0,0,0,0,v
2014-08-11 16:30,6.653,0.054,0,0,0,0,v
2014-08-11 16:36,6.652,0.055,0,0,0,0,v
2014-08-11 16:42,6.665,0.058,0,0,0,0,v
2014-08-11 16:48,6.670,0.058,0,0,0,0,v
2014-08-11 16:54,6.675,0.054,0,0,0,0,v
2014-08-11 17:00,6.665,0.060,0,0,0,0,v
2014-08-11 17:06,6.684,0.052,0,0,0,0,v
2014-08-11 17:12,6.687,0.054,0,0,0,0,v
2014-08-11 17:18,6.705,0.055,0,0,0,0,v
2014-08-11 17:24,6.677,0.056,0,0,0,0,v
2014-08-11 17:30,6.685,0.056,0,0,0,0,v
2014-08-11 17:36,6.681,0.057,0,0,0,0,v
2014-08-11 17:42,6.707,0.050,0,0,0,0,v
2014-08-11 17:48,6.697,0.048,0,0,0,0,v
2014-08-11 17:54,6.697,0.050,0,0,0,0,v
2014-08-11 18:00,6.697,0.054,0,0,0,0,v
2014-08-11 18:06,6.717,0.056,0,0,0,0,v
2014-08-11 18:12,6.726,0.057,0,0,0,0,v
2014-08-11 18:18,6.732,0.052,0,0,0,0,v
2014-08-11 18:24,6.741,0.048,0,0,0,0,v
2014-08-11 18:30,6.747,0.049,0,0,0,0,v
2014-08-11 18:36,6.748,0.056,0,0,0,0,v
2014-08-11 18:42,6.751,0.050,0,0,0,0,v
2014-08-11 18:48,6.759,0.049,0,0,0,0,v
2014-08-11 18:54,6.756,0.055,0,0,0,0,v
2014-08-11 19:00,6.742,0.048,0,0,0,0,v
2014-08-11 19:06,6.749,0.055,0,0,0,0,v
2014-08-11 19:12,6.744,0.066,0,0,0,0,v
2014-08-11 19:18,6.760,0.047,0,0,0,0,v
2014-08-11 19:24,6.761,0.060,0,0,0,0,v
2014-08-11 19:30,6.749,0.045,0,0,0,0,v
2014-08-11 19:36,6.768,0.055,0,0,0,0,v
2014-08-11 19:42,6.726,0.054,0,0,0,0,v
2014-08-11 19:48,6.746,0.050,0,0,0,0,v
2014-08-11 19:54,6.778,0.052,0,0,0,0,v
2014-08-11 20:00,6.771,0.042,0,0,0,0,v
2014-08-11 20:06,6.769,0.049,0,0,0,0,v
2014-08-11 20:12,6.746,0.054,0,0,0,0,v
2014-08-11 20:18,6.732,0.045,0,0,0,0,v
2014-08-11 20:24,6.735,0.056,0,0,0,0,v
2014-08-11 20:30,6.736,0.045,0,0,0,0,v
2014-08-11 20:36,6.748,0.045,0,0,0,0,v
2014-08-11 20:42,6.737,0.055,0,0,0,0,v
2014-08-11 20:48,6.724,0.059,0,0,0,0,v
2014-08-11 20:54,6.740,0.051,0,0,0,0,v
2014-08-11 21:00,6.717,0.049,0,0,0,0,v
2014-08-11 21:06,6.696,0.050,0,0,0,0,v
2014-08-11 21:12,6.712,0.052,0,0,0,0,v
2014-08-11 21:18,6.705,0.047,0,0,0,0,v
2014-08-11 21:24,6.704,0.049,0,0,0,0,v
2014-08-11 21:30,6.712,0.057,0,0,0,0,v
2014-08-11 21:36,6.721,0.051,0,0,0,0,v
2014-08-11 21:42,6.713,0.055,0,0,0,0,v
2014-08-11 21:48,6.683,0.053,0,0,0,0,v
2014-08-11 21:54,6.709,0.052,0,0,0,0,v
2014-08-11 22:00,6.696,0.052,0,0,0,0,v
2014-08-11 22:06,6.680,0.059,0,0,0,0,v
2014-08-11 22:12,6.656,0.049,0,0,0,0,v
2014-08-11 22:18,6.656,0.047,0,0,0,0,v
2014-08-11 22:24,6.661,0.046,0,0,0,0,v
2014-08-11 22:30,6.651,0.044,0,0,0,0,v
2014-08-11 22:36,6.629,0.051,0,0,0,0,v
2014-08-11 22:42,6.628,0.046,0,0,0,0,v
2014-08-11 22:48,6.607,0.047,0,0,0,0,v
2014-08-11 22:54,6.629,0.050,0,0,0,0,v
2014-08-11 23:00,6.592,0.042,0,0,0,0,v
2014-08-11 23:06,6.581,0.045,0,0,0,0,v
2014-08-11 23:12,6.583,0.046,0,0,0,0,v
2014-08-11 23:18,6.587,0.051,0,0,0,0,v
2014-08-11 23:24,6.552,0.045,0,0,0,0,v
2014-08-11 23:30,6.554,0.047,0,0,0,0,v
2014-08-11 23:36,6.546,0.054,0,0,0,0,v
2014-08-11 23:42,6.548,0.042,0,0,0,0,v
2014-08-11 23:48,6.526,0.057,0,0,0,0,v
2014-08-11 23:54,6.523,0.049,0,0,0,0,v
2014-08-12 00:00,6.512,0.046,0,0,0,0,v
2014-08-12 00:06,6.512,0.046,0,0,0,0,v
2014-08-12 00:12,6.510,0.049,0,0,0,0,v
2014-08-12 00:18,6.482,0.045,0,0,0,0,v
2014-08-12 00:24,6.481,0.044,0,0,0,0,v
2014-08-12 00:30,6.499,0.048,0,0,0,0,v
2014-08-12 00:36,6.472,0.042,0,0,0,0,v
2014-08-12 00:42,6.491,0.048,0,0,0,0,v
2014-08-12 00:48,6.479,0.040,0,0,0,0,v
2014-08-12 00:54,6.444,0.047,0,0,0,0,v
2014-08-12 01:00,6.435,0.043,0,0,0,0,v
2014-08-12 01:06,6.431,0.052,0,0,0,0,v
2014-08-12 01:12,6.420,0.046,0,0,0,0,v
2014-08-12 01:18,6.433,0.055,0,0,0,0,v
2014-08-12 01:24,6.417,0.048,0,0,0,0,v
2014-08-12 01:30,6.423,0.045,0,0,0,0,v
2014-08-12 01:36,6.419,0.048,0,0,0,0,v
2014-08-12 01:42,6.437,0.049,0,0,0,0,v
2014-08-12 01:48,6.388,0.049,0,0,0,0,v
2014-08-12 01:54,6.377,0.053,0,0,0,0,v
2014-08-12 02:00,6.377,0.048,0,0,0,0,v
2014-08-12 02:06,6.374,0.052,0,0,0,0,v
2014-08-12 02:12,6.375,0.043,0,0,0,0,v
2014-08-12 02:18,6.375,0.044,0,0,0,0,v
2014-08-12 02:24,6.345,0.043,0,0,0,0,v
2014-08-12 02:30,6.342,0.040,0,0,0,0,v
2014-08-12 02:36,6.367,0.052,0,0,0,0,v
2014-08-12 02:42,6.358,0.040,0,0,0,0,v
2014-08-12 02:48,6.338,0.045,0,0,0,0,v
2014-08-12 02:54,6.324,0.046,0,0,0,0,v
2014-08-12 03:00,6.328,0.043,0,0,0,0,v
2014-08-12 03:06,6.319,0.047,0,0,0,0,v
2014-08-12 03:12,6.309,0.044,0,0,0,0,v
2014-08-12 03:18,6.311,0.047,0,0,0,0,v
2014-08-12 03:24,6.301,0.045,0,0,0,0,v
2014-08-12 03:30,6.308,0.046,0,0,0,0,v
2014-08-12 03:36,6.319,0.045,0,0,0,0,v
2014-08-12 03:42,6.313,0.044,0,0,0,0,v
2014-08-12 03:48,6.312,0.048,0,0,0,0,v
2014-08-12 03:54,6.308,0.046,0,0,0,0,v
2014-08-12 04:00,6.292,0.044,0,0,0,0,v
2014-08-12 04:06,6.320,0.049,0,0,0,0,v
2014-08-12 04:12,6.325,0.040,0,0,0,0,v
2014-08-12 04:18,6.315,0.047,0,0,0,0,v
2014-08-12 04:24,6.355,0.042,0,0,0,0,v
2014-08-12 04:30,6.358,0.042,0,0,0,0,v
2014-08-12 04:36,6.372,0.041,0,0,0,0,v
2014-08-12 04:42,6.353,0.054,0,0,0,0,v
2014-08-12 04:48,6.354,0.041,0,0,0,0,v
2014-08-12 04:54,6.350,0.044,0,0,0,0,v
2014-08-12 05:00,6.347,0.047,0,0,0,0,v
2014-08-12 05:06,6.371,0.042,0,0,0,0,v
2014-08-12 05:12,6.343,0.045,0,0,0,0,v
2014-08-12 05:18,6.364,0.042,0,0,0,0,v
2014-08-12 05:24,6.332,0.038,0,0,0,0,v
2014-08-12 05:30,6.352,0.046,0,0,0,0,v
2014-08-12 05:36,6.360,0.048,0,0,0,0,v
2014-08-12 05:42,6.327,0.045,0,0,0,0,v
2014-08-12 05:48,6.307,0.045,0,0,0,0,v
2014-08-12 05:54,6.343,0.044,0,0,0,0,v
2014-08-12 06:00,6.347,0.039,0,0,0,0,v
2014-08-12 06:06,6.411,0.046,0,0,0,0,v
2014-08-12 06:12,6.423,0.051,0,0,0,0,v
2014-08-12 06:18,6.470,0.041,0,0,0,0,v
2014-08-12 06:24,6.441,0.052,0,0,0,0,v
2014-08-12 06:30,6.470,0.051,0,0,0,0,v
2014-08-12 06:36,6.493,0.046,0,0,0,0,v
2014-08-12 06:42,6.495,0.041,0,0,0,0,v
2014-08-12 06:48,6.482,0.047,0,0,0,0,v
2014-08-12 06:54,6.489,0.044,0,0,0,0,v
2014-08-12 07:00,6.524,0.051,0,0,0,0,v
2014-08-12 07:06,6.594,0.042,0,0,0,0,v
2014-08-12 07:12,6.569,0.047,0,0,0,0,v
2014-08-12 07:18,6.596,0.048,0,0,0,0,v
2014-08-12 07:24,6.630,0.049,0,0,0,0,v
2014-08-12 07:30,6.633,0.050,0,0,0,0,v
2014-08-12 07:36,6.658,0.047,0,0,0,0,v
2014-08-12 07:42,6.646,0.043,0,0,0,0,v
2014-08-12 07:48,6.665,0.049,0,0,0,0,v
2014-08-12 07:54,6.657,0.045,0,0,0,0,v
2014-08-12 08:00,6.652,0.044,0,0,0,0,v
2014-08-12 08:06,6.658,0.045,0,0,0,0,v
2014-08-12 08:12,6.640,0.052,0,0,0,0,v
2014-08-12 08:18,6.660,0.049,0,0,0,0,v
2014-08-12 08:24,6.636,0.055,0,0,0,0,v
2014-08-12 08:30,6.644,0.046,0,0,0,0,v
2014-08-12 08:36,6.666,0.050,0,0,0,0,v
2014-08-12 08:42,6.668,0.044,0,0,0,0,v
2014-08-12 08:48,6.670,0.052,0,0,0,0,v
2014-08-12 08:54,6.688,0.044,0,0,0,0,v
2014-08-12 09:00,6.664,0.043,0,0,0,0,v
2014-08-12 09:06,6.680,0.045,0,0,0,0,v
2014-08-12 09:12,6.692,0.047,0,0,0,0,v
2014-08-12 09:18,6.698,0.056,0,0,0,0,v
2014-08-12 09:24,6.700,0.050,0,0,0,0,v
2014-08-12 09:30,6.709,0.052,0,0,0,0,v
2014-08-12 09:36,6.694,0.049,0,0,0,0,v
2014-08-12 09:42,6.670,0.046,0,0,0,0,v
2014-08-12 09:48,6.699,0.039,0,0,0,0,v
2014-08-12 09:54,6.685,0.058,0,0,0,0,v
2014-08-12 10:00,6.701,0.053,0,0,0,0,v
2014-08-12 10:06,6.664,0.050,0,0,0,0,v
2014-08-12 10:12,6.707,0.051,0,0,0,0,v
2014-08-12 10:18,6.686,0.052,0,0,0,0,v
2014-08-12 10:24,6.733,0.052,0,0,0,0,v
2014-08-12 10:30,6.740,0.051,0,0,0,0,v
2014-08-12 10:36,6.772,0.047,0,0,0,0,v
2014-08-12 10:42,6.743,0.053,0,0,0,0,v
2014-08-12 10:48,6.752,0.048,0,0,0,0,v
2014-08-12 10:54,6.767,0.060,0,0,0,0,v
2014-08-12 11:00,6.745,0.057,0,0,0,0,v
2014-08-12 11:06,6.742,0.051,0,0,0,0,v
2014-08-12 11:12,6.765,0.054,0,0,0,0,v
2014-08-12 11:18,6.784,0.049,0,0,0,0,v
2014-08-12 11:24,6.774,0.051,0,0,0,0,v
2014-08-12 11:30,6.732,0.056,0,0,0,0,v
2014-08-12 11:36,6.732,0.064,0,0,0,0,v
2014-08-12 11:42,6.726,0.053,0,0,0,0,v
2014-08-12 11:48,6.730,0.048,0,0,0,0,v
2014-08-12 11:54,6.718,0.051,0,0,0,0,v
2014-08-12 12:00,6.688,0.048,0,0,0,0,v
2014-08-12 12:06,6.636,0.047,0,0,0,0,v
2014-08-12 12:12,6.669,0.058,0,0,0,0,v
2014-08-12 12:18,6.688,0.057,0,0,0,0,v
2014-08-12 12:24,6.713,0.055,0,0,0,0,v
2014-08-12 12:30,6.716,0.061,0,0,0,0,v
2014-08-12 12:36,6.727,0.055,0,0,0,0,v
2014-08-12 12:42,6.724,0.056,0,0,0,0,v
2014-08-12 12:48,6.706,0.053,0,0,0,0,v
2014-08-12 12:54,6.716,0.053,0,0,0,0,v
2014-08-12 13:00,6.709,0.052,0,0,0,0,v
2014-08-12 13:06,6.709,0.057,0,0,0,0,v
2014-08-12 13:12,6.704,0.055,0,0,0,0,v
2014-08-12 13:18,6.711,0.052,0,0,0,0,v
2014-08-12 13:24,6.695,0.052,0,0,0,0,v
2014-08-12 13:30,6.680,0.052,0,0,0,0,v
2014-08-12 13:36,6.677,0.059,0,0,0,0,v
2014-08-12 13:42,6.654,0.060,0,0,0,0,v
2014-08-12 13:48,6.642,0.050,0,0,0,0,v
2014-08-12 13:54,6.628,0.059,0,0,0,0,v
2014-08-12 14:00,6.638,0.054,0,0,0,0,v
2014-08-12 14:06,6.631,0.053,0,0,0,0,v
2014-08-12 14:12,6.654,0.052,0,0,0,0,v
2014-08-12 14:18,6.642,0.062,0,0,0,0,v
2014-08-12 14:24,6.596,0.045,0,0,0,0,v
2014-08-12 14:30,6.610,0.055,0,0,0,0,v
2014-08-12 14:36,6.579,0.059,0,0,0,0,v
2014-08-12 14:42,6.593,0.056,0,0,0,0,v
2014-08-12 14:48,6.589,0.052,0,0,0,0,v
2014-08-12 14:54,6.572,0.051,0,0,0,0,v
2014-08-12 15:00,6.574,0.058,0,0,0,0,v
2014-08-12 15:06,6.570,0.051,0,0,0,0,v
2014-08-12 15:12,6.572,0.052,0,0,0,0,v
2014-08-12 15:18,6.586,0.050,0,0,0,0,v
2014-08-12 15:24,6.593,0.060,0,0,0,0,v
2014-08-12 15:30,6.622,0.056,0,0,0,0,v
2014-08-12 15:36,6.623,0.050,0,0,0,0,v
2014-08-12 15:42,6.635,0.062,0,0,0,0,v
2014-08-12 15:48,6.642,0.053,0,0,0,0,v
2014-08-12 15:54,6.633,0.054,0,0,0,0,v
2014-08-12 16:00,6.624,0.046,0,0,0,0,v
2014-08-12 16:06,6.622,0.051,0,0,0,0,v
2014-08-12 16:12,6.624,0.050,0,0,0,0,v
2014-08-12 16:18,6.643,0.050,0,0,0,0,v
2014-08-12 16:24,6.624,0.050,0,0,0,0,v
2014-08-12 16:30,6.612,0.055,0,0,0,0,v
2014-08-12 16:36,6.604,0.052,0,0,0,0,v
2014-08-12 16:42,6.605,0.054,0,0,0,0,v
2014-08-12 16:48,6.621,0.059,0,0,0,0,v
2014-08-12 16:54,6.620,0.061,0,0,0,0,v
2014-08-12 17:00,6.616,0.053,0,0,0,0,v
2014-08-12 17:06,6.616,0.046,0,0,0,0,v
2014-08-12 17:12,6.630,0.066,0,0,0,0,v
2014-08-12 17:18,6.631,0.053,0,0,0,0,v
2014-08-12 17:24,6.615,0.057,0,0,0,0,v
2014-08-12 17:30,6.607,0.053,0,0,0,0,v
2014-08-12 17:36,6.614,0.058,0,0,0,0,v
2014-08-12 17:42,6.624,0.049,0,0,0,0,v
2014-08-12 17:48,6.612,0.056,0,0,0,0,v
2014-08-12 17:54,6.639,0.056,0,0,0,0,v
2014-08-12 18:00,6.641,0.044,0,0,0,0,v
2014-08-12 18:06,6.673,0.057,0,0,0,0,v
2014-08-12 18:12,6.667,0.049,0,0,0,0,v
2014-08-12 18:18,6.649,0.050,0,0,0,0,v
2014-08-12 18:24,6.678,0.053,0,0,0,0,v
2014-08-12 18:30,6.685,0.049,0,0,0,0,v
2014-08-12 18:36,6.666,0.052,0,0,0,0,v
2014-08-12 18:42,6.688,0.061,0,0,0,0,v
2014-08-12 18:48,6.693,0.061,0,0,0,0,v
2014-08-12 18:54,6.710,0.048,0,0,0,0,v
2014-08-12 19:00,6.725,0.055,0,0,0,0,v
2014-08-12 19:06,6.707,0.047,0,0,0,0,v
2014-08-12 19:12,6.688,0.055,0,0,0,0,v
2014-08-12 19:18,6.671,0.042,0,0,0,0,v
2014-08-12 19:24,6.650,0.056,0,0,0,0,v
2014-08-12 19:30,6.657,0.050,0,0,0,0,v
2014-08-12 19:36,6.660,0.047,0,0,0,0,v
2014-08-12 19:42,6.695,0.059,0,0,0,0,v
2014-08-12 19:48,6.675,0.052,0,0,0,0,v
2014-08-12 19:54,6.665,0.051,0,0,0,0,v
2014-08-12 20:00,6.672,0.056,0,0,0,0,v
2014-08-12 20:06,6.681,0.043,0,0,0,0,v
2014-08-12 20:12,6.697,0.054,0,0,0,0,v
2014-08-12 20:18,6.710,0.060,0,0,0,0,v
2014-08-12 20:24,6.739,0.062,0,0,0,0,v
2014-08-12 20:30,6.742,0.043,0,0,0,0,v
2014-08-12 20:36,6.734,0.050,0,0,0,0,v
2014-08-12 20:42,6.739,0.048,0,0,0,0,v
2014-08-12 20:48,6.750,0.046,0,0,0,0,v
2014-08-12 20:54,6.762,0.061,0,0,0,0,v
2014-08-12 21:00,6.755,0.040,0,0,0,0,v
2014-08-12 21:06,6.757,0.047,0,0,0,0,v
2014-08-12 21:12,6.779,0.053,0,0,0,0,v
2014-08-12 21:18,6.765,0.055,0,0,0,0,v
2014-08-12 21:24,6.760,0.048,0,0,0,0,v
2014-08-12 21:30,6.756,0.047,0,0,0,0,v
2014-08-12 21:36,6.730,0.043,0,0,0,0,v
2014-08-12 21:42,6.745,0.048,0,0,0,0,v
2014-08-12 21:48,6.767,0.044,0,0,0,0,v
2014-08-12 21:54,6.749,0.053,0,0,0,0,v
2014-08-12 22:00,6.755,0.047,0,0,0,0,v
2014-08-12 22:06,6.762,0.049,0,0,0,0,v
2014-08-12 22:12,6.750,0.047,0,0,0,0,v
2014-08-12 22:18,6.783,0.050,0,0,0,0,v
2014-08-12 22:24,6.780,0.043,0,0,0,0,v
2014-08-12 22:30,6.786,0.042,0,0,0,0,v
2014-08-12 22:36,6.772,0.048,0,0,0,0,v
2014-08-12 22:42,6.775,0.055,0,0,0,0,v
2014-08-12 22:48,6.758,0.045,0,0,0,0,v
2014-08-12 22:54,6.757,0.049,0,0,0,0,v
2014-08-12 23:00,6.736,0.054,0,0,0,0,v
2014-08-12 23:06,6.711,0.054,0,0,0,0,v
2014-08-12 23:12,6.684,0.051,0,0,0,0,v
2014-08-12 23:18,6.679,0.043,0,0,0,0,v
2014-08-12 23:24,6.653,0.043,0,0,0,0,v
2014-08-12 23:30,6.614,0.047,0,0,0,0,v
2014-08-12 23:36,6.637,0.053,0,0,0,0,v
2014-08-12 23:42,6.640,0.050,0,0,0,0,v
2014-08-12 23:48,6.649,0.040,0,0,0,0,v
2014-08-12 23:54,6.652,0.052,0,0,0,0,v
2014-08-13 00:00,6.642,0.053,0,0,0,0,v
2014-08-13 00:06,6.598,0.050,0,0,0,0,v
2014-08-13 00:12,6.594,0.050,0,0,0,0,v
2014-08-13 00:18,6.544,0.048,0,0,0,0,v
2014-08-13 00:24,6.552,0.046,0,0,0,0,v
2014-08-13 00:30,6.536,0.046,0,0,0,0,v
2014-08-13 00:36,6.536,0.041,0,0,0,0,v
2014-08-13 00:42,6.515,0.048,0,0,0,0,v
2014-08-13 00:48,6.513,0.050,0,0,0,0,v
2014-08-13 00:54,6.501,0.047,0,0,0,0,v
2014-08-13 01:00,6.503,0.052,0,0,0,0,v
2014-08-13 01:06,6.473,0.050,0,0,0,0,v
2014-08-13 01:12,6.483,0.051,0,0,0,0,v
2014-08-13 01:18,6.473,0.048,0,0,0,0,v
2014-08-13 01:24,6.501,0.045,0,0,0,0,v
2014-08-13 01:30,6.515,0.051,0,0,0,0,v
2014-08-13 01:36,6.500,0.045,0,0,0,0,v
2014-08-13 01:42,6.486,0.044,0,0,0,0,v
2014-08-13 01:48,6.481,0.053,0,0,0,0,v
2014-08-13 01:54,6.495,0.047,0,0,0,0,v
2014-08-13 02:00,6.490,0.052,0,0,0,0,v
2014-08-13 02:06,6.497,0.049,0,0,0,0,v
2014-08-13 02:12,6.502,0.050,0,0,0,0,v
2014-08-13 02:18,6.508,0.045,0,0,0,0,v
2014-08-13 02:24,6.495,0.042,0,0,0,0,v
2014-08-13 02:30,6.496,0.052,0,0,0,0,v
2014-08-13 02:36,6.493,0.048,0,0,0,0,v
2014-08-13 02:42,6.474,0.053,0,0,0,0,v
2014-08-13 02:48,6.487,0.054,0,0,0,0,v
2014-08-13 02:54,6.497,0.042,0,0,0,0,v
2014-08-13 03:00,6.508,0.045,0,0,0,0,v
2014-08-13 03:06,6.460,0.052,0,0,0,0,v
2014-08-13 03:12,6.443,0.040,0,0,0,0,v
2014-08-13 03:18,6.429,0.053,0,0,0,0,v
2014-08-13 03:24,6.462,0.048,0,0,0,0,v
2014-08-13 03:30,6.449,0.055,0,0,0,0,v
2014-08-13 03:36,6.458,0.043,0,0,0,0,v
2014-08-13 03:42,6.426,0.048,0,0,0,0,v
2014-08-13 03:48,6.436,0.047,0,0,0,0,v
2014-08-13 03:54,6.453,0.049,0,0,0,0,v
2014-08-13 04:00,6.432,0.049,0,0,0,0,v
2014-08-13 04:06,6.429,0.046,0,0,0,0,v
2014-08-13 04:12,6.416,0.052,0,0,0,0,v
2014-08-13 04:18,6.433,0.048,0,0,0,0,v
2014-08-13 04:24,6.415,0.040,0,0,0,0,v
2014-08-13 04:30,6.400,0.044,0,0,0,0,v
2014-08-13 04:36,6.388,0.053,0,0,0,0,v
2014-08-13 04:42,6.376,0.049,0,0,0,0,v
2014-08-13 04:48,6.368,0.046,0,0,0,0,v
2014-08-13 04:54,6.359,0.047,0,0,0,0,v
2014-08-13 05:00,6.382,0.047,0,0,0,0,v
2014-08-13 05:06,6.358,0.040,0,0,0,0,v
2014-08-13 05:12,6.355,0.050,0,0,0,0,v
2014-08-13 05:18,6.353,0.045,0,0,0,0,v
2014-08-13 05:24,6.347,0.047,0,0,0,0,v
2014-08-13 05:30,6.364,0.054,0,0,0,0,v
2014-08-13 05:36,6.375,0.050,0,0,0,0,v
2014-08-13 05:42,6.381,0.046,0,0,0,0,v
2014-08-13 05:48,6.382,0.048,0,0,0,0,v
2014-08-13 05:54,6.368,0.043,0,0,0,0,v
2014-08-13 06:00,6.391,0.044,0,0,0,0,v
2014-08-13 06:06,6.395,0.052,0,0,0,0,v
2014-08-13 06:12,6.410,0.045,0,0,0,0,v
2014-08-13 06:18,6.406,0.047,0,0,0,0,v
2014-08-13 06:24,6.394,0.047,0,0,0,0,v
2014-08-13 06:30,6.394,0.043,0,0,0,0,v
2014-08-13 06:36,6.391,0.053,0,0,0,0,v
2014-08-13 06:42,6.411,0.049,0,0,0,0,v
2014-08-13 06:48,6.429,0.046,0,0,0,0,v
2014-08-13 06:54,6.447,0.046,0,0,0,0,v
2014-08-13 07:00,6.441,0.053,0,0,0,0,v
2014-08-13 07:06,6.450,0.054,0,0,0,0,v
2014-08-13 07:12,6.456,0.052,0,0,0,0,v
2014-08-13 07:18,6.480,0.054,0,0,0,0,v
2014-08-13 07:24,6.489,0.047,0,0,0,0,v
2014-08-13 07:30,6.504,0.060,0,0,0,0,v
2014-08-13 07:36,6.538,0.063,0,0,0,0,v
2014-08-13 07:42,6.539,0.048,0,0,0,0,v
2014-08-13 07:48,6.577,0.041,0,0,0,0,v
2014-08-13 07:54,6.622,0.048,0,0,0,0,v
2014-08-13 08:00,6.612,0.057,0,0,0,0,v
2014-08-13 08:06,6.620,0.055,0,0,0,0,v
2014-08-13 08:12,6.620,0.056,0,0,0,0,v
2014-08-13 08:18,6.616,0.054,0,0,0,0,v
2014-08-13 08:24,6.589,0.055,0,0,0,0,v
2014-08-13 08:30,6.640,0.056,0,0,0,0,v
2014-08-13 08:36,6.678,0.064,0,0,0,0,v
2014-08-13 08:42,6.672,0.054,0,0,0,0,v
2014-08-13 08:48,6.666,0.058,0,0,0,0,v
2014-08-13 08:54,6.696,0.056,0,0,0,0,v
2014-08-13 09:00,6.676,0.069,0,0,0,0,v
2014-08-13 09:06,6.691,0.057,0,0,0,0,v
2014-08-13 09:12,6.689,0.049,0,0,0,0,v
2014-08-13 09:18,6.688,0.065,0,0,0,0,v
2014-08-13 09:24,6.686,0.052,0,0,0,0,v
2014-08-13 09:30,6.700,0.061,0,0,0,0,v
2014-08-13 09:36,6.689,0.062,0,0,0,0,v
2014-08-13 09:42,6.701,0.062,0,0,0,0,v
2014-08-13 09:48,6.705,0.057,0,0,0,0,v
2014-08-13 09:54,6.733,0.055,0,0,0,0,v
2014-08-13 10:00,6.721,0.055,0,0,0,0,v
2014-08-13 10:06,6.690,0.053,0,0,0,0,v
2014-08-13 10:12,6.705,0.068,0,0,0,0,v
2014-08-13 10:18,6.686,0.052,0,0,0,0,v
2014-08-13 10:24,6.651,0.059,0,0,0,0,v
2014-08-13 10:30,6.655,0.038,0,0,0,0,v
2014-08-13 10:36,6.661,0.055,0,0,0,0,v
2014-08-13 10:42,6.653,0.050,0,0,0,0,v
2014-08-13 10:48,6.656,0.060,0,0,0,0,v
2014-08-13 10:54,6.670,0.061,0,0,0,0,v
2014-08-13 11:00,6.685,0.057,0,0,0,0,v
2014-08-13 11:06,6.705,0.068,0,0,0,0,v
2014-08-13 11:12,6.717,0.068,0,0,0,0,v
2014-08-13 11:18,6.725,0.064,0,0,0,0,v
2014-08-13 11:24,6.733,0.064,0,0,0,0,v
2014-08-13 11:30,6.729,0.054,0,0,0,0,v
2014-08-13 11:36,6.720,0.062,0,0,0,0,v
2014-08-13 11:42,6.713,0.057,0,0,0,0,v
2014-08-13 11:48,6.714,0.066,0,0,0,0,v
2014-08-13 11:54,6.733,0.049,0,0,0,0,v
2014-08-13 12:00,6.724,0.055,0,0,0,0,v
2014-08-13 12:06,6.708,0.055,0,0,0,0,v
2014-08-13 12:12,6.697,0.048,0,0,0,0,v
2014-08-13 12:18,6.703,0.050,0,0,0,0,v
2014-08-13 12:24,6.704,0.052,0,0,0,0,v
2014-08-13 12:30,6.695,0.060,0,0,0,0,v
2014-08-13 12:36,6.691,0.050,0,0,0,0,v
2014-08-13 12:42,6.687,0.049,0,0,0,0,v
2014-08-13 12:48,6.691,0.060,0,0,0,0,v
2014-08-13 12:54,6.709,0.052,0,0,0,0,v
2014-08-13 13:00,6.712,0.050,0,0,0,0,v
2014-08-13 13:06,6.694,0.050,0,0,0,0,v
2014-08-13 13:12,6.689,0.057,0,0,0,0,v
2014-08-13 13:18,6.676,0.047,0,0,0,0,v
2014-08-13 13:24,6.672,0.047,0,0,0,0,v
2014-08-13 13:30,6.692,0.060,0,0,0,0,v
2014-08-13 13:36,6.683,0.056,0,0,0,0,v
2014-08-13 13:42,6.641,0.052,0,0,0,0,v
2014-08-13 13:48,6.624,0.045,0,0,0,0,v
2014-08-13 13:54,6.603,0.048,0,0,0,0,v
2014-08-13 14:00,6.584,0.042,0,0,0,0,v
2014-08-13 14:06,6.575,0.053,0,0,0,0,v
2014-08-13 14:12,6.551,0.044,0,0,0,0,v
2014-08-13 14:18,6.547,0.047,0,0,0,0,v
2014-08-13 14:24,6.546,0.047,0,0,0,0,v
2014-08-13 14:30,6.518,0.041,0,0,0,0,v
2014-08-13 14:36,6.507,0.050,0,0,0,0,v
2014-08-13 14:42,6.503,0.051,0,0,0,0,v
2014-08-13 14:48,6.524,0.053,0,0,0,0,v
2014-08-13 14:54,6.547,0.045,0,0,0,0,v
2014-08-13 15:00,6.532,0.042,0,0,0,0,v
2014-08-13 15:06,6.536,0.054,0,0,0,0,v
2014-08-13 15:12,6.525,0.054,0,0,0,0,v
2014-08-13 15:18,6.512,0.040,0,0,0,0,v
2014-08-13 15:24,6.524,0.059,0,0,0,0,v
2014-08-13 15:30,6.511,0.038,0,0,0,0,v
2014-08-13 15:36,6.531,0.052,0,0,0,0,v
2014-08-13 15:42,6.514,0.049,0,0,0,0,v
2014-08-13 15:48,6.524,0.040,0,0,0,0,v
2014-08-13 15:54,6.504,0.037,0,0,0,0,v
2014-08-13 16:00,6.521,0.044,0,0,0,0,v
2014-08-13 16:06,6.526,0.047,0,0,0,0,v
2014-08-13 16:12,6.523,0.035,0,0,0,0,v
2014-08-13 16:18,6.522,0.042,0,0,0,0,v
2014-08-13 16:24,6.501,0.056,0,0,0,0,v
2014-08-13 16:30,6.493,0.044,0,0,0,0,v
2014-08-13 16:36,6.495,0.042,0,0,0,0,v
2014-08-13 16:42,6.531,0.055,0,0,0,0,v
2014-08-13 16:48,6.522,0.047,0,0,0,0,v
2014-08-13 16:54,6.503,0.044,0,0,0,0,v
2014-08-13 17:00,6.534,0.044,0,0,0,0,v
2014-08-13 17:06,6.539,0.038,0,0,0,0,v
2014-08-13 17:12,6.542,0.037,0,0,0,0,v
2014-08-13 17:18,6.546,0.043,0,0,0,0,v
2014-08-13 17:24,6.543,0.042,0,0,0,0,v
2014-08-13 17:30,6.516,0.037,0,0,0,0,v
2014-08-13 17:36,6.523,0.038,0,0,0,0,v
2014-08-13 17:42,6.544,0.041,0,0,0,0,v
2014-08-13 17:48,6.537,0.046,0,0,0,0,v
2014-08-13 17:54,6.535,0.039,0,0,0,0,v
2014-08-13 18:00,6.540,0.047,0,0,0,0,v
2014-08-13 18:06,6.537,0.048,0,0,0,0,v
2014-08-13 18:12,6.554,0.045,0,0,0,0,v
2014-08-13 18:18,6.568,0.036,0,0,0,0,v
2014-08-13 18:24,6.566,0.044,0,0,0,0,v
2014-08-13 18:30,6.554,0.040,0,0,0,0,v
2014-08-13 18:36,6.553,0.047,0,0,0,0,v
2014-08-13 18:42,6.535,0.049,0,0,0,0,v
2014-08-13 18:48,6.581,0.050,0,0,0,0,v
2014-08-13 18:54,6.555,0.054,0,0,0,0,v
2014-08-13 19:00,6.528,0.039,0,0,0,0,v
2014-08-13 19:06,6.528,0.042,0,0,0,0,v
2014-08-13 19:12,6.555,0.042,0,0,0,0,v
2014-08-13 19:18,6.556,0.043,0,0,0,0,v
2014-08-13 19:24,6.577,0.048,0,0,0,0,v
2014-08-13 19:30,6.611,0.044,0,0,0,0,v
2014-08-13 19:36,6.608,0.041,0,0,0,0,v
2014-08-13 19:42,6.592,0.039,0,0,0,0,v
2014-08-13 19:48,6.590,0.045,0,0,0,0,v
2014-08-13 19:54,6.625,0.046,0,0,0,0,v
2014-08-13 20:00,6.665,0.044,0,0,0,0,v
2014-08-13 20:06,6.650,0.041,0,0,0,0,v
2014-08-13 20:12,6.648,0.047,0,0,0,0,v
2014-08-13 20:18,6.650,0.038,0,0,0,0,v
2014-08-13 20:24,6.645,0.040,0,0,0,0,v
2014-08-13 20:30,6.635,0.041,0,0,0,0,v
2014-08-13 20:36,6.658,0.046,0,0,0,0,v
2014-08-13 20:42,6.662,0.045,0,0,0,0,v
2014-08-13 20:48,6.691,0.040,0,0,0,0,v
2014-08-13 20:54,6.710,0.043,0,0,0,0,v
2014-08-13 21:00,6.725,0.040,0,0,0,0,v
2014-08-13 21:06,6.702,0.045,0,0,0,0,v
2014-08-13 21:12,6.706,0.043,0,0,0,0,v
2014-08-13 21:18,6.703,0.043,0,0,0,0,v
2014-08-13 21:24,6.698,0.043,0,0,0,0,v
2014-08-13 21:30,6.710,0.046,0,0,0,0,v
2014-08-13 21:36,6.714,0.032,0,0,0,0,v
2014-08-13 21:42,6.710,0.046,0,0,0,0,v
2014-08-13 21:48,6.707,0.046,0,0,0,0,v
2014-08-13 21:54,6.715,0.045,0,0,0,0,v
2014-08-13 22:00,6.719,0.045,0,0,0,0,v
2014-08-13 22:06,6.731,0.040,0,0,0,0,v
2014-08-13 22:12,6.734,0.037,0,0,0,0,v
2014-08-13 22:18,6.733,0.041,0,0,0,0,v
2014-08-13 22:24,6.744,0.043,0,0,0,0,v
2014-08-13 22:30,6.722,0.038,0,0,0,0,v
2014-08-13 22:36,6.708,0.040,0,0,0,0,v
2014-08-13 22:42,6.716,0.041,0,0,0,0,v
2014-08-13 22:48,6.722,0.044,0,0,0,0,v
2014-08-13 22:54,6.733,0.042,0,0,0,0,v
2014-08-13 23:00,6.748,0.040,0,0,0,0,v
2014-08-13 23:06,6.752,0.037,0,0,0,0,v
2014-08-13 23:12,6.721,0.042,0,0,0,0,v
2014-08-13 23:18,6.713,0.044,0,0,0,0,v
2014-08-13 23:24,6.707,0.042,0,0,0,0,v
2014-08-13 23:30,6.703,0.036,0,0,0,0,v
2014-08-13 23:36,6.666,0.044,0,0,0,0,v
2014-08-13 23:42,6.677,0.039,0,0,0,0,v
2014-08-13 23:48,6.676,0.042,0,0,0,0,v
2014-08-13 23:54,6.671,0.047,0,0,0,0,v
2014-08-14 00:00,6.659,0.038,0,0,0,0,v
2014-08-14 00:06,6.634,0.034,0,0,0,0,v
2014-08-14 00:12,6.626,0.038,0,0,0,0,v
2014-08-14 00:18,6.653,0.038,0,0,0,0,v
2014-08-14 00:24,6.664,0.046,0,0,0,0,v
2014-08-14 00:30,6.684,0.041,0,0,0,0,v
2014-08-14 00:36,6.677,0.042,0,0,0,0,v
2014-08-14 00:42,6.680,0.039,0,0,0,0,v
2014-08-14 00:48,6.681,0.040,0,0,0,0,v
2014-08-14 00:54,6.676,0.041,0,0,0,0,v
2014-08-14 01:00,6.657,0.036,0,0,0,0,v
2014-08-14 01:06,6.636,0.037,0,0,0,0,v
2014-08-14 01:12,6.630,0.039,0,0,0,0,v
2014-08-14 01:18,6.641,0.039,0,0,0,0,v
2014-08-14 01:24,6.611,0.040,0,0,0,0,v
2014-08-14 01:30,6.596,0.036,0,0,0,0,v
2014-08-14 01:36,6.625,0.042,0,0,0,0,v
2014-08-14 01:42,6.605,0.041,0,0,0,0,v
2014-08-14 01:48,6.593,0.041,0,0,0,0,v
2014-08-14 01:54,6.576,0.037,0,0,0,0,v
2014-08-14 02:00,6.566,0.040,0,0,0,0,v
2014-08-14 02:06,6.558,0.045,0,0,0,0,v
2014-08-14 02:12,6.555,0.038,0,0,0,0,v
2014-08-14 02:18,6.548,0.039,0,0,0,0,v
2014-08-14 02:24,6.553,0.045,0,0,0,0,v
2014-08-14 02:30,6.559,0.041,0,0,0,0,v
2014-08-14 02:36,6.569,0.042,0,0,0,0,v
2014-08-14 02:42,6.563,0.041,0,0,0,0,v
2014-08-14 02:48,6.553,0.049,0,0,0,0,v
2014-08-14 02:54,6.547,0.046,0,0,0,0,v
2014-08-14 03:00,6.548,0.043,0,0,0,0,v
2014-08-14 03:06,6.544,0.049,0,0,0,0,v
2014-08-14 03:12,6.549,0.043,0,0,0,0,v
2014-08-14 03:18,6.522,0.048,0,0,0,0,v
2014-08-14 03:24,6.524,0.056,0,0,0,0,v
2014-08-14 03:30,6.518,0.050,0,0,0,0,v
2014-08-14 03:36,6.495,0.046,0,0,0,0,v
2014-08-14 03:42,6.499,0.049,0,0,0,0,v
2014-08-14 03:48,6.475,0.042,0,0,0,0,v
2014-08-14 03:54,6.471,0.042,0,0,0,0,v
2014-08-14 04:00,6.483,0.051,0,0,0,0,v
2014-08-14 04:06,6.486,0.047,0,0,0,0,v
2014-08-14 04:12,6.479,0.043,0,0,0,0,v
2014-08-14 04:18,6.481,0.046,0,0,0,0,v
2014-08-14 04:24,6.453,0.042,0,0,0,0,v
2014-08-14 04:30,6.484,0.044,0,0,0,0,v
2014-08-14 04:36,6.472,0.048,0,0,0,0,v
2014-08-14 04:42,6.484,0.049,0,0,0,0,v
2014-08-14 04:48,6.453,0.050,0,0,0,0,v
2014-08-14 04:54,6.460,0.044,0,0,0,0,v
2014-08-14 05:00,6.446,0.047,0,0,0,0,v
2014-08-14 05:06,6.449,0.045,0,0,0,0,v
2014-08-14 05:12,6.439,0.050,0,0,0,0,v
2014-08-14 05:18,6.454,0.049,0,0,0,0,v
2014-08-14 05:24,6.464,0.045,0,0,0,0,v
2014-08-14 05:30,6.449,0.053,0,0,0,0,v
2014-08-14 05:36,6.475,0.047,0,0,0,0,v
2014-08-14 05:42,6.466,0.046,0,0,0,0,v
2014-08-14 05:48,6.477,0.043,0,0,0,0,v
2014-08-14 05:54,6.461,0.046,0,0,0,0,v
2014-08-14 06:00,6.448,0.051,0,0,0,0,v
2014-08-14 06:06,6.466,0.054,0,0,0,0,v
2014-08-14 06:12,6.473,0.050,0,0,0,0,v
2014-08-14 06:18,6.468,0.051,0,0,0,0,v
2014-08-14 06:24,6.466,0.047,0,0,0,0,v
2014-08-14 06:30,6.506,0.044,0,0,0,0,v
2014-08-14 06:36,6.504,0.047,0,0,0,0,v
2014-08-14 06:42,6.485,0.049,0,0,0,0,v
2014-08-14 06:48,6.462,0.050,0,0,0,0,v
2014-08-14 06:54,6.467,0.043,0,0,0,0,v
2014-08-14 07:00,6.474,0.043,0,0,0,0,v
2014-08-14 07:06,6.462,0.043,0,0,0,0,v
2014-08-14 07:12,6.466,0.047,0,0,0,0,v
2014-08-14 07:18,6.485,0.044,0,0,0,0,v
2014-08-14 07:24,6.497,0.039,0,0,0,0,v
2014-08-14 07:30,6.511,0.044,0,0,0,0,v
2014-08-14 07:36,6.521,0.043,0,0,0,0,v
2014-08-14 07:42,6.507,0.041,0,0,0,0,v
2014-08-14 07:48,6.529,0.039,0,0,0,0,v
2014-08-14 07:54,6.527,0.045,0,0,0,0,v
2014-08-14 08:00,6.536,0.040,0,0,0,0,v
2014-08-14 08:06,6.546,0.046,0,0,0,0,v
2014-08-14 08:12,6.525,0.046,0,0,0,0,v
2014-08-14 08:18,6.533,0.041,0,0,0,0,v
2014-08-14 08:24,6.541,0.048,0,0,0,0,v
2014-08-14 08:30,6.561,0.046,0,0,0,0,v
2014-08-14 08:36,6.579,0.050,0,0,0,0,v
2014-08-14 08:42,6.568,0.043,0,0,0,0,v
2014-08-14 08:48,6.578,0.049,0,0,0,0,v
2014-08-14 08:54,6.581,0.040,0,0,0,0,v
2014-08-14 09:00,6.609,0.042,0,0,0,0,v
2014-08-14 09:06,6.623,0.044,0,0,0,0,v
2014-08-14 09:12,6.629,0.045,0,0,0,0,v
2014-08-14 09:18,6.653,0.048,0,0,0,0,v
2014-08-14 09:24,6.666,0.044,0,0,0,0,v
2014-08-14 09:30,6.671,0.043,0,0,0,0,v
2014-08-14 09:36,6.631,0.047,0,0,0,0,v
2014-08-14 09:42,6.645,0.044,0,0,0,0,v
2014-08-14 09:48,6.671,0.044,0,0,0,0,v
2014-08-14 09:54,6.675,0.045,0,0,0,0,v
2014-08-14 10:00,6.659,0.041,0,0,0,0,v
2014-08-14 10:06,6.664,0.045,0,0,0,0,v
2014-08-14 10:12,6.660,0.045,0,0,0,0,v
2014-08-14 10:18,6.652,0.044,0,0,0,0,v
2014-08-14 10:24,6.677,0.043,0,0,0,0,v
2014-08-14 10:30,6.700,0.042,0,0,0,0,v
2014-08-14 10:36,6.653,0.040,0,0,0,0,v
2014-08-14 10:42,6.661,0.044,0,0,0,0,v
2014-08-14 10:48,6.677,0.040,0,0,0,0,v
2014-08-14 10:54,6.638,0.045,0,0,0,0,v
2014-08-14 11:00,6.695,0.043,0,0,0,0,v
2014-08-14 11:06,6.694,0.045,0,0,0,0,v
2014-08-14 11:12,6.677,0.041,0,0,0,0,v
2014-08-14 11:18,6.688,0.048,0,0,0,0,v
2014-08-14 11:24,6.684,0.036,0,0,0,0,v
2014-08-14 11:30,6.675,0.045,0,0,0,0,v
2014-08-14 11:36,6.701,0.048,0,0,0,0,v
2014-08-14 11:42,6.671,0.047,0,0,0,0,v
2014-08-14 11:48,6.650,0.043,0,0,0,0,v
2014-08-14 11:54,6.674,0.045,0,0,0,0,v
2014-08-14 12:00,6.663,0.043,0,0,0,0,v
2014-08-14 12:06,6.651,0.045,0,0,0,0,v
2014-08-14 12:12,6.652,0.040,0,0,0,0,v
2014-08-14 12:18,6.676,0.041,0,0,0,0,v
2014-08-14 12:24,6.645,0.040,0,0,0,0,v
2014-08-14 12:30,6.637,0.040,0,0,0,0,v
2014-08-14 12:36,6.634,0.042,0,0,0,0,v
2014-08-14 12:42,6.646,0.040,0,0,0,0,v
2014-08-14 12:48,6.639,0.035,0,0,0,0,v
2014-08-14 12:54,6.661,0.045,0,0,0,0,v
2014-08-14 13:00,6.670,0.042,0,0,0,0,v
2014-08-14 13:06,6.629,0.040,0,0,0,0,v
2014-08-14 13:12,6.671,0.040,0,0,0,0,v
2014-08-14 13:18,6.656,0.040,0,0,0,0,v
2014-08-14 13:24,6.629,0.037,0,0,0,0,v
2014-08-14 13:30,6.593,0.042,0,0,0,0,v
2014-08-14 13:36,6.612,0.037,0,0,0,0,v
2014-08-14 13:42,6.595,0.039,0,0,0,0,v
2014-08-14 13:48,6.587,0.039,0,0,0,0,v
2014-08-14 13:54,6.596,0.035,0,0,0,0,v
2014-08-14 14:00,6.585,0.043,0,0,0,0,v
2014-08-14 14:06,6.545,0.036,0,0,0,0,v
2014-08-14 14:12,6.527,0.042,0,0,0,0,v
2014-08-14 14:18,6.532,0.037,0,0,0,0,v
2014-08-14 14:24,6.548,0.042,0,0,0,0,v
2014-08-14 14:30,6.546,0.037,0,0,0,0,v
2014-08-14 14:36,6.531,0.041,0,0,0,0,v
2014-08-14 14:42,6.509,0.038,0,0,0,0,v
2014-08-14 14:48,6.515,0.040,0,0,0,0,v
2014-08-14 14:54,6.502,0.040,0,0,0,0,v
2014-08-14 15:00,6.484,0.038,0,0,0,0,v
2014-08-14 15:06,6.464,0.038,0,0,0,0,v
2014-08-14 15:12,6.508,0.044,0,0,0,0,v
2014-08-14 15:18,6.487,0.040,0,0,0,0,v
2014-08-14 15:24,6.500,0.038,0,0,0,0,v
2014-08-14 15:30,6.506,0.041,0,0,0,0,v
2014-08-14 15:36,6.475,0.040,0,0,0,0,v
2014-08-14 15:42,6.498,0.041,0,0,0,0,v
2014-08-14 15:48,6.502,0.036,0,0,0,0,v
2014-08-14 15:54,6.518,0.040,0,0,0,0,v
2014-08-14 16:00,6.522,0.041,0,0,0,0,v
2014-08-14 16:06,6.535,0.042,0,0,0,0,v
2014-08-14 16:12,6.509,0.041,0,0,0,0,v
2014-08-14 16:18,6.503,0.035,0,0,0,0,v
2014-08-14 16:24,6.495,0.039,0,0,0,0,v
2014-08-14 16:30,6.491,0.039,0,0,0,0,v
2014-08-14 16:36,6.512,0.040,0,0,0,0,v
2014-08-14 16:42,6.525,0.037,0,0,0,0,v
2014-08-14 16:48,6.513,0.040,0,0,0,0,v
2014-08-14 16:54,6.497,0.039,0,0,0,0,v
2014-08-14 17:00,6.489,0.041,0,0,0,0,v
2014-08-14 17:06,6.499,0.040,0,0,0,0,v
2014-08-14 17:12,6.470,0.036,0,0,0,0,v
2014-08-14 17:18,6.439,0.036,0,0,0,0,v
2014-08-14 17:24,6.492,0.037,0,0,0,0,v
2014-08-14 17:30,6.468,0.040,0,0,0,0,v
2014-08-14 17:36,6.467,0.035,0,0,0,0,v
2014-08-14 17:42,6.457,0.036,0,0,0,0,v
2014-08-14 17:48,6.465,0.037,0,0,0,0,v
2014-08-14 17:54,6.475,0.036,0,0,0,0,v
2014-08-14 18:00,6.466,0.038,0,0,0,0,v
2014-08-14 18:06,6.489,0.037,0,0,0,0,v
2014-08-14 18:12,6.504,0.040,0,0,0,0,v
2014-08-14 18:18,6.477,0.038,0,0,0,0,v
2014-08-14 18:24,6.473,0.039,0,0,0,0,v
2014-08-14 18:30,6.476,0.037,0,0,0,0,v
2014-08-14 18:36,6.476,0.038,0,0,0,0,v
2014-08-14 18:42,6.469,0.039,0,0,0,0,v
2014-08-14 18:48,6.477,0.036,0,0,0,0,v
2014-08-14 18:54,6.470,0.037,0,0,0,0,v
2014-08-14 19:00,6.494,0.039,0,0,0,0,v
2014-08-14 19:06,6.500,0.037,0,0,0,0,v
2014-08-14 19:12,6.505,0.036,0,0,0,0,v
2014-08-14 19:18,6.498,0.034,0,0,0,0,v
2014-08-14 19:24,6.492,0.038,0,0,0,0,v
2014-08-14 19:30,6.500,0.037,0,0,0,0,v
2014-08-14 19:36,6.509,0.033,0,0,0,0,v
2014-08-14 19:42,6.531,0.031,0,0,0,0,v
2014-08-14 19:48,6.506,0.040,0,0,0,0,v
2014-08-14 19:54,6.539,0.039,0,0,0,0,v
2014-08-14 20:00,6.560,0.039,0,0,0,0,v
2014-08-14 20:06,6.549,0.035,0,0,0,0,v
2014-08-14 20:12,6.581,0.035,0,0,0,0,v
2014-08-14 20:18,6.560,0.034,0,0,0,0,v
2014-08-14 20:24,6.595,0.038,0,0,0,0,v
2014-08-14 20:30,6.579,0.035,0,0,0,0,v
2014-08-14 20:36,6.610,0.029,0,0,0,0,v
2014-08-14 20:42,6.627,0.032,0,0,0,0,v
2014-08-14 20:48,6.628,0.037,0,0,0,0,v
2014-08-14 20:54,6.668,0.038,0,0,0,0,v
2014-08-14 21:00,6.649,0.040,0,0,0,0,v
2014-08-14 21:06,6.672,0.039,0,0,0,0,v
2014-08-14 21:12,6.641,0.035,0,0,0,0,v
2014-08-14 21:18,6.636,0.033,0,0,0,0,v
2014-08-14 21:24,6.654,0.035,0,0,0,0,v
2014-08-14 21:30,6.651,0.037,0,0,0,0,v
2014-08-14 21:36,6.667,0.038,0,0,0,0,v
2014-08-14 21:42,6.667,0.033,0,0,0,0,v
2014-08-14 21:48,6.665,0.036,0,0,0,0,v
2014-08-14 21:54,6.679,0.038,0,0,0,0,v
2014-08-14 22:00,6.688,0.038,0,0,0,0,v
2014-08-14 22:06,6.683,0.041,0,0,0,0,v
2014-08-14 22:12,6.694,0.036,0,0,0,0,v
2014-08-14 22:18,6.698,0.037,0,0,0,0,v
2014-08-14 22:24,6.704,0.042,0,0,0,0,v
2014-08-14 22:30,6.697,0.037,0,0,0,0,v
2014-08-14 22:36,6.726,0.034,0,0,0,0,v
2014-08-14 22:42,6.745,0.037,0,0,0,0,v
2014-08-14 22:48,6.751,0.040,0,0,0,0,v
2014-08-14 22:54,6.751,0.039,0,0,0,0,v
2014-08-14 23:00,6.737,0.044,0,0,0,0,v
2014-08-14 23:06,6.774,0.040,0,0,0,0,v
2014-08-14 23:12,6.739,0.045,0,0,0,0,v
2014-08-14 23:18,6.779,0.047,0,0,0,0,v
2014-08-14 23:24,6.778,0.046,0,0,0,0,v
2014-08-14 23:30,6.773,0.046,0,0,0,0,v
2014-08-14 23:36,6.785,0.044,0,0,0,0,v
2014-08-14 23:42,6.771,0.044,0,0,0,0,v
2014-08-14 23:48,6.783,0.042,0,0,0,0,v
2014-08-14 23:54,6.768,0.048,0,0,0,0,v
2014-08-15 00:00,6.794,0.052,0,0,0,0,v
2014-08-15 00:06,6.763,0.050,0,0,0,0,v
2014-08-15 00:12,6.740,0.062,0,0,0,0,v
2014-08-15 00:18,6.758,0.056,0,0,0,0,v
2014-08-15 00:24,6.777,0.059,0,0,0,0,v
2014-08-15 00:30,6.764,0.045,0,0,0,0,v
2014-08-15 00:36,6.794,0.055,0,0,0,0,v
2014-08-15 00:42,6.790,0.056,0,0,0,0,v
2014-08-15 00:48,6.772,0.071,0,0,0,0,v
2014-08-15 00:54,6.775,0.061,0,0,0,0,v
2014-08-15 01:00,6.789,0.056,0,0,0,0,v
2014-08-15 01:06,6.775,0.052,0,0,0,0,v
2014-08-15 01:12,6.750,0.066,0,0,0,0,v
2014-08-15 01:18,6.755,0.058,0,0,0,0,v
2014-08-15 01:24,6.739,0.068,0,0,0,0,v
2014-08-15 01:30,6.745,0.054,0,0,0,0,v
2014-08-15 01:36,6.751,0.069,0,0,0,0,v
2014-08-15 01:42,6.764,0.055,0,0,0,0,v
2014-08-15 01:48,6.747,0.063,0,0,0,0,v
2014-08-15 01:54,6.757,0.064,0,0,0,0,v
2014-08-15 02:00,6.756,0.063,0,0,0,0,v
2014-08-15 02:06,6.721,0.062,0,0,0,0,v
2014-08-15 02:12,6.744,0.065,0,0,0,0,v
2014-08-15 02:18,6.724,0.072,0,0,0,0,v
2014-08-15 02:24,6.706,0.065,0,0,0,0,v
2014-08-15 02:30,6.679,0.073,0,0,0,0,v
2014-08-15 02:36,6.700,0.067,0,0,0,0,v
2014-08-15 02:42,6.701,0.068,0,0,0,0,v
2014-08-15 02:48,6.709,0.060,0,0,0,0,v
2014-08-15 02:54,6.726,0.057,0,0,0,0,v
2014-08-15 03:00,6.710,0.066,0,0,0,0,v
2014-08-15 03:06,6.703,0.062,0,0,0,0,v
2014-08-15 03:12,6.744,0.053,0,0,0,0,v
2014-08-15 03:18,6.729,0.059,0,0,0,0,v
2014-08-15 03:24,6.739,0.057,0,0,0,0,v
2014-08-15 03:30,6.737,0.057,0,0,0,0,v
2014-08-15 03:36,6.739,0.057,0,0,0,0,v
2014-08-15 03:42,6.721,0.054,0,0,0,0,v
2014-08-15 03:48,6.690,0.054,0,0,0,0,v
2014-08-15 03:54,6.700,0.059,0,0,0,0,v
2014-08-15 04:00,6.699,0.063,0,0,0,0,v
2014-08-15 04:06,6.712,0.066,0,0,0,0,v
2014-08-15 04:12,6.719,0.054,0,0,0,0,v
2014-08-15 04:18,6.724,0.054,0,0,0,0,v
2014-08-15 04:24,6.713,0.055,0,0,0,0,v
2014-08-15 04:30,6.704,0.051,0,0,0,0,v
2014-08-15 04:36,6.724,0.052,0,0,0,0,v
2014-08-15 04:42,6.690,0.055,0,0,0,0,v
2014-08-15 04:48,6.686,0.053,0,0,0,0,v
2014-08-15 04:54,6.673,0.051,0,0,0,0,v
2014-08-15 05:00,6.696,0.048,0,0,0,0,v
2014-08-15 05:06,6.695,0.059,0,0,0,0,v
2014-08-15 05:12,6.684,0.052,0,0,0,0,v
2014-08-15 05:18,6.669,0.056,0,0,0,0,v
2014-08-15 05:24,6.666,0.056,0,0,0,0,v
2014-08-15 05:30,6.680,0.043,0,0,0,0,v
2014-08-15 05:36,6.662,0.047,0,0,0,0,v
2014-08-15 05:42,6.663,0.047,0,0,0,0,v
2014-08-15 05:48,6.641,0.050,0,0,0,0,v
2014-08-15 05:54,6.624,0.046,0,0,0,0,v
2014-08-15 06:00,6.636,0.049,0,0,0,0,v
2014-08-15 06:06,6.652,0.046,0,0,0,0,v
2014-08-15 06:12,6.641,0.051,0,0,0,0,v
2014-08-15 06:18,6.652,0.047,0,0,0,0,v
2014-08-15 06:24,6.642,0.045,0,0,0,0,v
2014-08-15 06:30,6.629,0.045,0,0,0,0,v
2014-08-15 06:36,6.638,0.049,0,0,0,0,v
2014-08-15 06:42,6.654,0.045,0,0,0,0,v
2014-08-15 06:48,6.633,0.047,0,0,0,0,v
2014-08-15 06:54,6.625,0.048,0,0,0,0,v
2014-08-15 07:00,6.648,0.043,0,0,0,0,v
2014-08-15 07:06,6.644,0.047,0,0,0,0,v
2014-08-15 07:12,6.646,0.043,0,0,0,0,v
2014-08-15 07:18,6.650,0.040,0,0,0,0,v
2014-08-15 07:24,6.658,0.048,0,0,0,0,v
2014-08-15 07:30,6.660,0.038,0,0,0,0,v
2014-08-15 07:36,6.639,0.046,0,0,0,0,v
2014-08-15 07:42,6.650,0.045,0,0,0,0,v
2014-08-15 07:48,6.653,0.043,0,0,0,0,v
2014-08-15 07:54,6.652,0.042,0,0,0,0,v
2014-08-15 08:00,6.665,0.043,0,0,0,0,v
2014-08-15 08:06,6.677,0.043,0,0,0,0,v
2014-08-15 08:12,6.672,0.042,0,0,0,0,v
2014-08-15 08:18,6.657,0.047,0,0,0,0,v
2014-08-15 08:24,6.671,0.040,0,0,0,0,v
2014-08-15 08:30,6.694,0.042,0,0,0,0,v
2014-08-15 08:36,6.689,0.048,0,0,0,0,v
2014-08-15 08:42,6.697,0.048,0,0,0,0,v
2014-08-15 08:48,6.719,0.043,0,0,0,0,v
2014-08-15 08:54,6.708,0.043,0,0,0,0,v
2014-08-15 09:00,6.717,0.050,0,0,0,0,v
2014-08-15 09:06,6.718,0.044,0,0,0,0,v
2014-08-15 09:12,6.706,0.052,0,0,0,0,v
2014-08-15 09:18,6.696,0.047,0,0,0,0,v
2014-08-15 09:24,6.701,0.048,0,0,0,0,v
2014-08-15 09:30,6.729,0.046,0,0,0,0,v
2014-08-15 09:36,6.719,0.042,0,0,0,0,v
2014-08-15 09:42,6.737,0.054,0,0,0,0,v
2014-08-15 09:48,6.758,0.042,0,0,0,0,v
2014-08-15 09:54,6.772,0.042,0,0,0,0,v
2014-08-15 10:00,6.806,0.048,0,0,0,0,v
2014-08-15 10:06,6.774,0.046,0,0,0,0,v
2014-08-15 10:12,6.778,0.041,0,0,0,0,v
2014-08-15 10:18,6.790,0.044,0,0,0,0,v
2014-08-15 10:24,6.783,0.049,0,0,0,0,v
2014-08-15 10:30,6.744,0.040,0,0,0,0,v
2014-08-15 10:36,6.761,0.044,0,0,0,0,v
2014-08-15 10:42,6.755,0.045,0,0,0,0,v
2014-08-15 10:48,6.744,0.045,0,0,0,0,v
2014-08-15 10:54,6.742,0.053,0,0,0,0,v
2014-08-15 11:00,6.727,0.046,0,0,0,0,v
2014-08-15 11:06,6.760,0.045,0,0,0,0,v
2014-08-15 11:12,6.765,0.048,0,0,0,0,v
2014-08-15 11:18,6.774,0.050,0,0,0,0,v
2014-08-15 11:24,6.753,0.045,0,0,0,0,v
2014-08-15 11:30,6.768,0.047,0,0,0,0,v
2014-08-15 11:36,6.734,0.046,0,0,0,0,v
2014-08-15 11:42,6.727,0.046,0,0,0,0,v
2014-08-15 11:48,6.714,0.044,0,0,0,0,v
2014-08-15 11:54,6.738,0.045,0,0,0,0,v
2014-08-15 12:00,6.720,0.046,0,0,0,0,v
2014-08-15 12:06,6.725,0.041,0,0,0,0,v
2014-08-15 12:12,6.738,0.052,0,0,0,0,v
2014-08-15 12:18,6.732,0.048,0,0,0,0,v
2014-08-15 12:24,6.738,0.041,0,0,0,0,v
2014-08-15 12:30,6.741,0.046,0,0,0,0,v
2014-08-15 12:36,6.755,0.051,0,0,0,0,v
2014-08-15 12:42,6.753,0.050,0,0,0,0,v
2014-08-15 12:48,6.747,0.041,0,0,0,0,v
2014-08-15 12:54,6.716,0.050,0,0,0,0,v
2014-08-15 13:00,6.701,0.048,0,0,0,0,v
2014-08-15 13:06,6.692,0.046,0,0,0,0,v
2014-08-15 13:12,6.676,0.047,0,0,0,0,v
2014-08-15 13:18,6.707,0.050,0,0,0,0,v
2014-08-15 13:24,6.702,0.046,0,0,0,0,v
2014-08-15 13:30,6.705,0.047,0,0,0,0,v
2014-08-15 13:36,6.711,0.043,0,0,0,0,v
2014-08-15 13:42,6.707,0.050,0,0,0,0,v
2014-08-15 13:48,6.686,0.049,0,0,0,0,v
2014-08-15 13:54,6.694,0.044,0,0,0,0,v
2014-08-15 14:00,6.689,0.049,0,0,0,0,v
2014-08-15 14:06,6.689,0.043,0,0,0,0,v
2014-08-15 14:12,6.663,0.048,0,0,0,0,v
2014-08-15 14:18,6.668,0.054,0,0,0,0,v
2014-08-15 14:24,6.666,0.050,0,0,0,0,v
2014-08-15 14:30,6.634,0.039,0,0,0,0,v
2014-08-15 14:36,6.628,0.046,0,0,0,0,v
2014-08-15 14:42,6.618,0.046,0,0,0,0,v
2014-08-15 14:48,6.615,0.041,0,0,0,0,v
2014-08-15 14:54,6.613,0.049,0,0,0,0,v
2014-08-15 15:00,6.607,0.044,0,0,0,0,v
2014-08-15 15:06,6.585,0.044,0,0,0,0,v
2014-08-15 15:12,6.602,0.049,0,0,0,0,v
2014-08-15 15:18,6.560,0.040,0,0,0,0,v
2014-08-15 15:24,6.565,0.045,0,0,0,0,v
2014-08-15 15:30,6.577,0.041,0,0,0,0,v
2014-08-15 15:36,6.577,0.043,0,0,0,0,v
2014-08-15 15:42,6.565,0.045,0,0,0,0,v
2014-08-15 15:48,6.558,0.048,0,0,0,0,v
2014-08-15 15:54,6.517,0.042,0,0,0,0,v
2014-08-15 16:00,6.526,0.046,0,0,0,0,v
2014-08-15 16:06,6.512,0.047,0,0,0,0,v
2014-08-15 16:12,6.503,0.051,0,0,0,0,v
2014-08-15 16:18,6.521,0.043,0,0,0,0,v
2014-08-15 16:24,6.506,0.044,0,0,0,0,v
2014-08-15 16:30,6.497,0.050,0,0,0,0,v
2014-08-15 16:36,6.513,0.047,0,0,0,0,v
2014-08-15 16:42,6.512,0.050,0,0,0,0,v
2014-08-15 16:48,6.495,0.045,0,0,0,0,v
2014-08-15 16:54,6.500,0.045,0,0,0,0,v
2014-08-15 17:00,6.499,0.054,0,0,0,0,v
2014-08-15 17:06,6.502,0.051,0,0,0,0,v
2014-08-15 17:12,6.491,0.051,0,0,0,0,v
2014-08-15 17:18,6.493,0.045,0,0,0,0,v
2014-08-15 17:24,6.508,0.048,0,0,0,0,v
2014-08-15 17:30,6.485,0.049,0,0,0,0,v
2014-08-15 17:36,6.473,0.045,0,0,0,0,v
2014-08-15 17:42,6.474,0.054,0,0,0,0,v
2014-08-15 17:48,6.477,0.050,0,0,0,0,v
2014-08-15 17:54,6.483,0.045,0,0,0,0,v
2014-08-15 18:00,6.469,0.051,0,0,0,0,v
2014-08-15 18:06,6.468,0.042,0,0,0,0,v
2014-08-15 18:12,6.474,0.047,0,0,0,0,v
2014-08-15 18:18,6.463,0.054,0,0,0,0,v
2014-08-15 18:24,6.466,0.049,0,0,0,0,v
2014-08-15 18:30,6.437,0.045,0,0,0,0,v
2014-08-15 18:36,6.447,0.055,0,0,0,0,v
2014-08-15 18:42,6.431,0.046,0,0,0,0,v
2014-08-15 18:48,6.458,0.062,0,0,0,0,v
2014-08-15 18:54,6.427,0.049,0,0,0,0,v
2014-08-15 19:00,6.460,0.053,0,0,0,0,v
2014-08-15 19:06,6.459,0.045,0,0,0,0,v
2014-08-15 19:12,6.454,0.050,0,0,0,0,v
2014-08-15 19:18,6.451,0.051,0,0,0,0,v
2014-08-15 19:24,6.471,0.048,0,0,0,0,v
2014-08-15 19:30,6.456,0.056,0,0,0,0,v
2014-08-15 19:36,6.468,0.054,0,0,0,0,v
2014-08-15 19:42,6.479,0.057,0,0,0,0,v
2014-08-15 19:48,6.496,0.061,0,0,0,0,v
2014-08-15 19:54,6.513,0.057,0,0,0,0,v
2014-08-15 20:00,6.510,0.053,0,0,0,0,v
2014-08-15 20:06,6.483,0.054,0,0,0,0,v
2014-08-15 20:12,6.523,0.058,0,0,0,0,v
2014-08-15 20:18,6.508,0.064,0,0,0,0,v
2014-08-15 20:24,6.527,0.072,0,0,0,0,v
2014-08-15 20:30,6.555,0.066,0,0,0,0,v
2014-08-15 20:36,6.574,0.057,0,0,0,0,v
2014-08-15 20:42,6.559,0.069,0,0,0,0,v
2014-08-15 20:48,6.568,0.076,0,0,0,0,v
2014-08-15 20:54,6.565,0.053,0,0,0,0,v
2014-08-15 21:00,6.590,0.063,0,0,0,0,v
2014-08-15 21:06,6.558,0.067,0,0,0,0,v
2014-08-15 21:12,6.563,0.060,0,0,0,0,v
2014-08-15 21:18,6.553,0.063,0,0,0,0,v
2014-08-15 21:24,6.575,0.066,0,0,0,0,v
2014-08-15 21:30,6.566,0.075,0,0,0,0,v
2014-08-15 21:36,6.561,0.074,0,0,0,0,v
2014-08-15 21:42,6.565,0.078,0,0,0,0,v
2014-08-15 21:48,6.603,0.070,0,0,0,0,v
2014-08-15 21:54,6.609,0.073,0,0,0,0,v
2014-08-15 22:00,6.587,0.075,0,0,0,0,v
2014-08-15 22:06,6.585,0.078,0,0,0,0,v
2014-08-15 22:12,6.615,0.073,0,0,0,0,v
2014-08-15 22:18,6.646,0.074,0,0,0,0,v
2014-08-15 22:24,6.694,0.070,0,0,0,0,v
2014-08-15 22:30,6.680,0.075,0,0,0,0,v
2014-08-15 22:36,6.676,0.077,0,0,0,0,v
2014-08-15 22:42,6.701,0.069,0,0,0,0,v
2014-08-15 22:48,6.680,0.089,0,0,0,0,v
2014-08-15 22:54,6.683,0.084,0,0,0,0,v
2014-08-15 23:00,6.673,0.067,0,0,0,0,v
2014-08-15 23:06,6.679,0.078,0,0,0,0,v
2014-08-15 23:12,6.682,0.078,0,0,0,0,v
2014-08-15 23:18,6.686,0.091,0,0,0,0,v
2014-08-15 23:24,6.685,0.080,0,0,0,0,v
2014-08-15 23:30,6.699,0.071,0,0,0,0,v
2014-08-15 23:36,6.712,0.078,0,0,0,0,v
2014-08-15 23:42,6.723,0.084,0,0,0,0,v
2014-08-15 23:48,6.737,0.075,0,0,0,0,v
2014-08-15 23:54,6.757,0.079,0,0,0,0,v
2014-08-16 00:00,6.749,0.081,0,0,0,0,v
2014-08-16 00:06,6.757,0.094,0,0,0,0,v
2014-08-16 00:12,6.763,0.082,0,0,0,0,v
2014-08-16 00:18,6.781,0.083,0,0,0,0,v
2014-08-16 00:24,6.780,0.081,0,0,0,0,v
2014-08-16 00:30,6.747,0.088,0,0,0,0,v
2014-08-16 00:36,6.773,0.092,0,0,0,0,v
2014-08-16 00:42,6.772,0.090,0,0,0,0,v
2014-08-16 00:48,6.764,0.096,0,0,0,0,v
2014-08-16 00:54,6.755,0.092,0,0,0,0,v
2014-08-16 01:00,6.772,0.085,0,0,0,0,v
2014-08-16 01:06,6.800,0.092,0,0,0,0,v
2014-08-16 01:12,6.768,0.102,0,0,0,0,v
2014-08-16 01:18,6.783,0.103,0,0,0,0,v
2014-08-16 01:24,6.780,0.093,0,0,0,0,v
2014-08-16 01:30,6.800,0.098,0,0,0,0,v
2014-08-16 01:36,6.783,0.079,0,0,0,0,v
2014-08-16 01:42,6.771,0.095,0,0,0,0,v
2014-08-16 01:48,6.783,0.095,0,0,0,0,v
2014-08-16 01:54,6.797,0.099,0,0,0,0,v
2014-08-16 02:00,6.780,0.108,0,0,0,0,v
2014-08-16 02:06,6.767,0.086,0,0,0,0,v
2014-08-16 02:12,6.775,0.097,0,0,0,0,v
2014-08-16 02:18,6.774,0.096,0,0,0,0,v
2014-08-16 02:24,6.764,0.095,0,0,0,0,v
2014-08-16 02:30,6.765,0.094,0,0,0,0,v
2014-08-16 02:36,6.787,0.108,0,0,0,0,v
2014-08-16 02:42,6.771,0.093,0,0,0,0,v
2014-08-16 02:48,6.780,0.102,0,0,0,0,v
2014-08-16 02:54,6.789,0.096,0,0,0,0,v
2014-08-16 03:00,6.781,0.085,0,0,0,0,v
2014-08-16 03:06,6.806,0.100,0,0,0,0,v
2014-08-16 03:12,6.809,0.111,0,0,0,0,v
2014-08-16 03:18,6.797,0.111,0,0,0,0,v
2014-08-16 03:24,6.802,0.102,0,0,0,0,v
2014-08-16 03:30,6.792,0.130,0,0,0,0,v
2014-08-16 03:36,6.775,0.114,0,0,0,0,v
2014-08-16 03:42,6.774,0.114,0,0,0,0,v
2014-08-16 03:48,6.776,0.110,0,0,0,0,v
2014-08-16 03:54,6.776,0.107,0,0,0,0,v
2014-08-16 04:00,6.773,0.118,0,0,0,0,v
2014-08-16 04:06,6.780,0.118,0,0,0,0,v
2014-08-16 04:12,6.776,0.111,0,0,0,0,v
2014-08-16 04:18,6.784,0.124,0,0,0,0,v
2014-08-16 04:24,6.774,0.120,0,0,0,0,v
2014-08-16 04:30,6.781,0.121,0,0,0,0,v
2014-08-16 04:36,6.780,0.134,0,0,0,0,v
2014-08-16 04:42,6.802,0.114,0,0,0,0,v
2014-08-16 04:48,6.802,0.126,0,0,0,0,v
2014-08-16 04:54,6.781,0.119,0,0,0,0,v
2014-08-16 05:00,6.763,0.100,0,0,0,0,v
2014-08-16 05:06,6.775,0.127,0,0,0,0,v
2014-08-16 05:12,6.777,0.122,0,0,0,0,v
2014-08-16 05:18,6.742,0.118,0,0,0,0,v
2014-08-16 05:24,6.758,0.131,0,0,0,0,v
2014-08-16 05:30,6.757,0.120,0,0,0,0,v
2014-08-16 05:36,6.742,0.125,0,0,0,0,v
2014-08-16 05:42,6.738,0.142,0,0,0,0,v
2014-08-16 05:48,6.732,0.103,0,0,0,0,v
2014-08-16 05:54,6.731,0.122,0,0,0,0,v
2014-08-16 06:00,6.716,0.128,0,0,0,0,v
2014-08-16 06:06,6.727,0.099,0,0,0,0,v
2014-08-16 06:12,6.715,0.136,0,0,0,0,v
2014-08-16 06:18,6.703,0.115,0,0,0,0,v
2014-08-16 06:24,6.706,0.106,0,0,0,0,v
2014-08-16 06:30,6.695,0.134,0,0,0,0,v
2014-08-16 06:36,6.688,0.106,0,0,0,0,v
2014-08-16 06:42,6.706,0.116,0,0,0,0,v
2014-08-16 06:48,6.727,0.129,0,0,0,0,v
2014-08-16 06:54,6.717,0.124,0,0,0,0,v
2014-08-16 07:00,6.701,0.131,0,0,0,0,v
2014-08-16 07:06,6.700,0.117,0,0,0,0,v
2014-08-16 07:12,6.686,0.116,0,0,0,0,v
2014-08-16 07:18,6.678,0.115,0,0,0,0,v
2014-08-16 07:24,6.683,0.120,0,0,0,0,v
2014-08-16 07:30,6.707,0.114,0,0,0,0,v
2014-08-16 07:36,6.703,0.109,0,0,0,0,v
2014-08-16 07:42,6.705,0.128,0,0,0,0,v
2014-08-16 07:48,6.707,0.120,0,0,0,0,v
2014-08-16 07:54,6.716,0.117,0,0,0,0,v
2014-08-16 08:00,6.726,0.140,0,0,0,0,v
2014-08-16 08:06,6.715,0.112,0,0,0,0,v
2014-08-16 08:12,6.721,0.110,0,0,0,0,v
2014-08-16 08:18,6.693,0.117,0,0,0,0,v
2014-08-16 08:24,6.694,0.110,0,0,0,0,v
2014-08-16 08:30,6.694,0.111,0,0,0,0,v
2014-08-16 08:36,6.684,0.112,0,0,0,0,v
2014-08-16 08:42,6.697,0.124,0,0,0,0,v
2014-08-16 08:48,6.694,0.100,0,0,0,0,v
2014-08-16 08:54,6.700,0.111,0,0,0,0,v
2014-08-16 09:00,6.730,0.094,0,0,0,0,v
2014-08-16 09:06,6.721,0.114,0,0,0,0,v
2014-08-16 09:12,6.731,0.125,0,0,0,0,v
2014-08-16 09:18,6.723,0.111,0,0,0,0,v
2014-08-16 09:24,6.730,0.118,0,0,0,0,v
2014-08-16 09:30,6.745,0.124,0,0,0,0,v
2014-08-16 09:36,6.742,0.084,0,0,0,0,v
2014-08-16 09:42,6.748,0.108,0,0,0,0,v
2014-08-16 09:48,6.722,0.122,0,0,0,0,v
2014-08-16 09:54,6.739,0.118,0,0,0,0,v
2014-08-16 10:00,6.739,0.123,0,0,0,0,v
2014-08-16 10:06,6.744,0.096,0,0,0,0,v
2014-08-16 10:12,6.767,0.104,0,0,0,0,v
2014-08-16 10:18,6.752,0.111,0,0,0,0,v
2014-08-16 10:24,6.726,0.120,0,0,0,0,v
2014-08-16 10:30,6.718,0.102,0,0,0,0,v
2014-08-16 10:36,6.723,0.103,0,0,0,0,v
2014-08-16 10:42,6.729,0.105,0,0,0,0,v
2014-08-16 10:48,6.742,0.090,0,0,0,0,v
2014-08-16 10:54,6.720,0.094,0,0,0,0,v
2014-08-16 11:00,6.709,0.098,0,0,0,0,v
2014-08-16 11:06,6.704,0.094,0,0,0,0,v
2014-08-16 11:12,6.708,0.102,0,0,0,0,v
2014-08-16 11:18,6.733,0.087,0,0,0,0,v
2014-08-16 11:24,6.723,0.093,0,0,0,0,v
2014-08-16 11:30,6.721,0.084,0,0,0,0,v
2014-08-16 11:36,6.729,0.084,0,0,0,0,v
2014-08-16 11:42,6.732,0.081,0,0,0,0,v
2014-08-16 11:48,6.718,0.084,0,0,0,0,v
2014-08-16 11:54,6.710,0.091,0,0,0,0,v
2014-08-16 12:00,6.697,0.089,0,0,0,0,v
2014-08-16 12:06,6.679,0.100,0,0,0,0,v
2014-08-16 12:12,6.680,0.096,0,0,0,0,v
2014-08-16 12:18,6.674,0.090,0,0,0,0,v
2014-08-16 12:24,6.691,0.086,0,0,0,0,v
2014-08-16 12:30,6.684,0.099,0,0,0,0,v
2014-08-16 12:36,6.689,0.081,0,0,0,0,v
2014-08-16 12:42,6.656,0.097,0,0,0,0,v
2014-08-16 12:48,6.666,0.100,0,0,0,0,v
2014-08-16 12:54,6.663,0.089,0,0,0,0,v
2014-08-16 13:00,6.653,0.086,0,0,0,0,v
2014-08-16 13:06,6.667,0.096,0,0,0,0,v
2014-08-16 13:12,6.662,0.085,0,0,0,0,v
2014-08-16 13:18,6.657,0.089,0,0,0,0,v
2014-08-16 13:24,6.658,0.093,0,0,0,0,v
2014-08-16 13:30,6.628,0.099,0,0,0,0,v
2014-08-16 13:36,6.617,0.106,0,0,0,0,v
2014-08-16 13:42,6.638,0.085,0,0,0,0,v
2014-08-16 13:48,6.608,0.090,0,0,0,0,v
2014-08-16 13:54,6.620,0.080,0,0,0,0,v
2014-08-16 14:00,6.611,0.080,0,0,0,0,v
2014-08-16 14:06,6.589,0.083,0,0,0,0,v
2014-08-16 14:12,6.608,0.089,0,0,0,0,v
2014-08-16 14:18,6.607,0.090,0,0,0,0,v
2014-08-16 14:24,6.583,0.089,0,0,0,0,v
2014-08-16 14:30,6.579,0.094,0,0,0,0,v
2014-08-16 14:36,6.591,0.080,0,0,0,0,v
2014-08-16 14:42,6.582,0.071,0,0,0,0,v
2014-08-16 14:48,6.543,0.092,0,0,0,0,v
2014-08-16 14:54,6.564,0.094,0,0,0,0,v
2014-08-16 15:00,6.597,0.078,0,0,0,0,v
2014-08-16 15:06,6.555,0.093,0,0,0,0,v
2014-08-16 15:12,6.571,0.079,0,0,0,0,v
2014-08-16 15:18,6.548,0.082,0,0,0,0,v
2014-08-16 15:24,6.553,0.076,0,0,0,0,v
2014-08-16 15:30,6.544,0.088,0,0,0,0,v
2014-08-16 15:36,6.555,0.091,0,0,0,0,v
2014-08-16 15:42,6.529,0.080,0,0,0,0,v
2014-08-16 15:48,6.536,0.075,0,0,0,0,v
2014-08-16 15:54,6.521,0.071,0,0,0,0,v
2014-08-16 16:00,6.517,0.084,0,0,0,0,v
2014-08-16 16:06,6.495,0.087,0,0,0,0,v
2014-08-16 16:12,6.476,0.078,0,0,0,0,v
2014-08-16 16:18,6.490,0.071,0,0,0,0,v
2014-08-16 16:24,6.519,0.081,0,0,0,0,v
2014-08-16 16:30,6.523,0.083,0,0,0,0,v
2014-08-16 16:36,6.486,0.087,0,0,0,0,v
2014-08-16 16:42,6.490,0.075,0,0,0,0,v
2014-08-16 16:48,6.482,0.080,0,0,0,0,v
2014-08-16 16:54,6.454,0.085,0,0,0,0,v
2014-08-16 17:00,6.450,0.083,0,0,0,0,v
2014-08-16 17:06,6.448,0.080,0,0,0,0,v
2014-08-16 17:12,6.457,0.072,0,0,0,0,v
2014-08-16 17:18,6.438,0.079,0,0,0,0,v
2014-08-16 17:24,6.426,0.075,0,0,0,0,v
2014-08-16 17:30,6.414,0.078,0,0,0,0,v
2014-08-16 17:36,6.410,0.082,0,0,0,0,v
2014-08-16 17:42,6.415,0.083,0,0,0,0,v
2014-08-16 17:48,6.417,0.071,0,0,0,0,v
2014-08-16 17:54,6.410,0.082,0,0,0,0,v
2014-08-16 18:00,6.417,0.084,0,0,0,0,v
2014-08-16 18:06,6.408,0.071,0,0,0,0,v
2014-08-16 18:12,6.405,0.078,0,0,0,0,v
2014-08-16 18:18,6.392,0.084,0,0,0,0,v
2014-08-16 18:24,6.380,0.071,0,0,0,0,v
2014-08-16 18:30,6.371,0.067,0,0,0,0,v
2014-08-16 18:36,6.359,0.073,0,0,0,0,v
2014-08-16 18:42,6.382,0.069,0,0,0,0,v
2014-08-16 18:48,6.365,0.068,0,0,0,0,v
2014-08-16 18:54,6.364,0.071,0,0,0,0,v
2014-08-16 19:00,6.355,0.079,0,0,0,0,v
2014-08-16 19:06,6.366,0.071,0,0,0,0,v
2014-08-16 19:12,6.362,0.072,0,0,0,0,v
2014-08-16 19:18,6.359,0.077,0,0,0,0,v
2014-08-16 19:24,6.352,0.072,0,0,0,0,v
2014-08-16 19:30,6.352,0.073,0,0,0,0,v
2014-08-16 19:36,6.363,0.081,0,0,0,0,v
2014-08-16 19:42,6.375,0.080,0,0,0,0,v
2014-08-16 19:48,6.396,0.068,0,0,0,0,v
2014-08-16 19:54,6.376,0.075,0,0,0,0,v
2014-08-16 20:00,6.397,0.069,0,0,0,0,v
2014-08-16 20:06,6.386,0.078,0,0,0,0,v
2014-08-16 20:12,6.375,0.071,0,0,0,0,v
2014-08-16 20:18,6.377,0.074,0,0,0,0,v
2014-08-16 20:24,6.361,0.075,0,0,0,0,v
2014-08-16 20:30,6.358,0.084,0,0,0,0,v
2014-08-16 20:36,6.395,0.079,0,0,0,0,v
2014-08-16 20:42,6.393,0.081,0,0,0,0,v
2014-08-16 20:48,6.441,0.081,0,0,0,0,v
2014-08-16 20:54,6.410,0.088,0,0,0,0,v
2014-08-16 21:00,6.416,0.081,0,0,0,0,v
2014-08-16 21:06,6.395,0.082,0,0,0,0,v
2014-08-16 21:12,6.379,0.081,0,0,0,0,v
2014-08-16 21:18,6.389,0.082,0,0,0,0,v
2014-08-16 21:24,6.386,0.084,0,0,0,0,v
2014-08-16 21:30,6.383,0.088,0,0,0,0,v
2014-08-16 21:36,6.412,0.084,0,0,0,0,v
2014-08-16 21:42,6.409,0.097,0,0,0,0,v
2014-08-16 21:48,6.416,0.090,0,0,0,0,v
2014-08-16 21:54,6.410,0.092,0,0,0,0,v
2014-08-16 22:00,6.447,0.092,0,0,0,0,v
2014-08-16 22:06,6.467,0.091,0,0,0,0,v
2014-08-16 22:12,6.456,0.097,0,0,0,0,v
2014-08-16 22:18,6.444,0.098,0,0,0,0,v
2014-08-16 22:24,6.464,0.096,0,0,0,0,v
2014-08-16 22:30,6.477,0.100,0,0,0,0,v
2014-08-16 22:36,6.530,0.081,0,0,0,0,v
2014-08-16 22:42,6.486,0.101,0,0,0,0,v
2014-08-16 22:48,6.505,0.089,0,0,0,0,v
2014-08-16 22:54,6.542,0.086,0,0,0,0,v
2014-08-16 23:00,6.515,0.096,0,0,0,0,v
2014-08-16 23:06,6.525,0.102,0,0,0,0,v
2014-08-16 23:12,6.532,0.098,0,0,0,0,v
2014-08-16 23:18,6.539,0.103,0,0,0,0,v
2014-08-16 23:24,6.543,0.109,0,0,0,0,v
2014-08-16 23:30,6.542,0.094,0,0,0,0,v
2014-08-16 23:36,6.546,0.106,0,0,0,0,v
2014-08-16 23:42,6.592,0.096,0,0,0,0,v
2014-08-16 23:48,6.588,0.100,0,0,0,0,v
2014-08-16 23:54,6.597,0.100,0,0,0,0,v
2014-08-17 00:00,6.560,0.113,0,0,0,0,v
2014-08-17 00:06,6.591,0.113,0,0,0,0,v
2014-08-17 00:12,6.589,0.112,0,0,0,0,v
2014-08-17 00:18,6.634,0.117,0,0,0,0,v
2014-08-17 00:24,6.579,0.108,0,0,0,0,v
2014-08-17 00:30,6.624,0.101,0,0,0,0,v
2014-08-17 00:36,6.664,0.116,0,0,0,0,v
2014-08-17 00:42,6.700,0.119,0,0,0,0,v
2014-08-17 00:48,6.631,0.131,0,0,0,0,v
2014-08-17 00:54,6.663,0.119,0,0,0,0,v
2014-08-17 01:00,6.667,0.103,0,0,0,0,v
2014-08-17 01:06,6.711,0.121,0,0,0,0,v
2014-08-17 01:12,6.703,0.115,0,0,0,0,v
2014-08-17 01:18,6.716,0.122,0,0,0,0,v
2014-08-17 01:24,6.711,0.125,0,0,0,0,v
2014-08-17 01:30,6.709,0.127,0,0,0,0,v
2014-08-17 01:36,6.687,0.106,0,0,0,0,v
2014-08-17 01:42,6.676,0.120,0,0,0,0,v
2014-08-17 01:48,6.693,0.104,0,0,0,0,v
2014-08-17 01:54,6.712,0.105,0,0,0,0,v
2014-08-17 02:00,6.739,0.119,0,0,0,0,v
2014-08-17 02:06,6.718,0.101,0,0,0,0,v
2014-08-17 02:12,6.730,0.136,0,0,0,0,v
2014-08-17 02:18,6.744,0.153,0,0,0,0,v
2014-08-17 02:24,6.762,0.146,0,0,0,0,v
2014-08-17 02:30,6.747,0.140,0,0,0,0,v
2014-08-17 02:36,6.759,0.108,0,0,0,0,v
2014-08-17 02:42,6.752,0.138,0,0,0,0,v
2014-08-17 02:48,6.762,0.129,0,0,0,0,v
2014-08-17 02:54,6.761,0.118,0,0,0,0,v
2014-08-17 03:00,6.752,0.120,0,0,0,0,v
2014-08-17 03:06,6.768,0.118,0,0,0,0,v
2014-08-17 03:12,6.779,0.122,0,0,0,0,v
2014-08-17 03:18,6.788,0.105,0,0,0,0,v
2014-08-17 03:24,6.777,0.117,0,0,0,0,v
2014-08-17 03:30,6.782,0.141,0,0,0,0,v
2014-08-17 03:36,6.771,0.121,0,0,0,0,v
2014-08-17 03:42,6.781,0.111,0,0,0,0,v
2014-08-17 03:48,6.775,0.124,0,0,0,0,v
2014-08-17 03:54,6.770,0.110,0,0,0,0,v
2014-08-17 04:00,6.769,0.087,0,0,0,0,v
2014-08-17 04:06,6.743,0.113,0,0,0,0,v
2014-08-17 04:12,6.768,0.108,0,0,0,0,v
2014-08-17 04:18,6.756,0.148,0,0,0,0,v
2014-08-17 04:24,6.783,0.136,0,0,0,0,v
2014-08-17 04:30,6.714,0.104,0,0,0,0,v
2014-08-17 04:36,6.774,0.122,0,0,0,0,v
2014-08-17 04:42,6.785,0.148,0,0,0,0,v
2014-08-17 04:48,6.765,0.141,0,0,0,0,v
2014-08-17 04:54,6.794,0.151,0,0,0,0,v
2014-08-17 05:00,6.791,0.156,0,0,0,0,v
2014-08-17 05:06,6.781,0.122,0,0,0,0,v
2014-08-17 05:12,6.771,0.141,0,0,0,0,v
2014-08-17 05:18,6.797,0.102,0,0,0,0,v
2014-08-17 05:24,6.809,0.140,0,0,0,0,v
2014-08-17 05:30,6.761,0.157,0,0,0,0,v
2014-08-17 05:36,6.764,0.151,0,0,0,0,v
2014-08-17 05:42,6.751,0.126,0,0,0,0,v
2014-08-17 05:48,6.758,0.118,0,0,0,0,v
2014-08-17 05:54,6.772,0.124,0,0,0,0,v
2014-08-17 06:00,6.763,0.119,0,0,0,0,v
2014-08-17 06:06,6.756,0.133,0,0,0,0,v
2014-08-17 06:12,6.762,0.140,0,0,0,0,v
2014-08-17 06:18,6.749,0.124,0,0,0,0,v
2014-08-17 06:24,6.739,0.142,0,0,0,0,v
2014-08-17 06:30,6.744,0.146,0,0,0,0,v
2014-08-17 06:36,6.748,0.156,0,0,0,0,v
2014-08-17 06:42,6.713,0.141,0,0,0,0,v
2014-08-17 06:48,6.734,0.122,0,0,0,0,v
2014-08-17 06:54,6.712,0.140,0,0,0,0,v
2014-08-17 07:00,6.712,0.119,0,0,0,0,v
2014-08-17 07:06,6.748,0.127,0,0,0,0,v
2014-08-17 07:12,6.743,0.138,0,0,0,0,v
2014-08-17 07:18,6.752,0.122,0,0,0,0,v
2014-08-17 07:24,6.747,0.126,0,0,0,0,v
2014-08-17 07:30,6.724,0.165,0,0,0,0,v
2014-08-17 07:36,6.726,0.131,0,0,0,0,v
2014-08-17 07:42,6.713,0.134,0,0,0,0,v
2014-08-17 07:48,6.714,0.145,0,0,0,0,v
2014-08-17 07:54,6.710,0.139,0,0,0,0,v
2014-08-17 08:00,6.722,0.133,0,0,0,0,v
2014-08-17 08:06,6.738,0.141,0,0,0,0,v
2014-08-17 08:12,6.710,0.159,0,0,0,0,v
2014-08-17 08:18,6.730,0.127,0,0,0,0,v
2014-08-17 08:24,6.711,0.124,0,0,0,0,v
2014-08-17 08:30,6.706,0.140,0,0,0,0,v
2014-08-17 08:36,6.702,0.127,0,0,0,0,v
2014-08-17 08:42,6.665,0.152,0,0,0,0,v
2014-08-17 08:48,6.687,0.152,0,0,0,0,v
2014-08-17 08:54,6.696,0.167,0,0,0,0,v
2014-08-17 09:00,6.671,0.139,0,0,0,0,v
2014-08-17 09:06,6.653,0.133,0,0,0,0,v
2014-08-17 09:12,6.693,0.113,0,0,0,0,v
2014-08-17 09:18,6.705,0.122,0,0,0,0,v
2014-08-17 09:24,6.721,0.155,0,0,0,0,v
2014-08-17 09:30,6.712,0.152,0,0,0,0,v
2014-08-17 09:36,6.703,0.133,0,0,0,0,v
2014-08-17 09:42,6.717,0.145,0,0,0,0,v
2014-08-17 09:48,6.710,0.138,0,0,0,0,v
2014-08-17 09:54,6.705,0.137,0,0,0,0,v
2014-08-17 10:00,6.696,0.146,0,0,0,0,v
2014-08-17 10:06,6.701,0.111,0,0,0,0,v
2014-08-17 10:12,6.686,0.140,0,0,0,0,v
2014-08-17 10:18,6.683,0.131,0,0,0,0,v
2014-08-17 10:24,6.682,0.131,0,0,0,0,v
2014-08-17 10:30,6.691,0.130,0,0,0,0,v
2014-08-17 10:36,6.682,0.108,0,0,0,0,v
2014-08-17 10:42,6.675,0.174,0,0,0,0,v
2014-08-17 10:48,6.684,0.130,0,0,0,0,v
2014-08-17 10:54,6.688,0.154,0,0,0,0,v
2014-08-17 11:00,6.707,0.128,0,0,0,0,v
2014-08-17 11:06,6.714,0.160,0,0,0,0,v
2014-08-17 11:12,6.675,0.136,0,0,0,0,v
2014-08-17 11:18,6.648,0.153,0,0,0,0,v
2014-08-17 11:24,6.675,0.122,0,0,0,0,v
2014-08-17 11:30,6.679,0.149,0,0,0,0,v
2014-08-17 11:36,6.692,0.123,0,0,0,0,v
2014-08-17 11:42,6.687,0.169,0,0,0,0,v
2014-08-17 11:48,6.672,0.133,0,0,0,0,v
2014-08-17 11:54,6.669,0.154,0,0,0,0,v
2014-08-17 12:00,6.681,0.132,0,0,0,0,v
2014-08-17 12:06,6.673,0.157,0,0,0,0,v
2014-08-17 12:12,6.654,0.140,0,0,0,0,v
2014-08-17 12:18,6.683,0.142,0,0,0,0,v
2014-08-17 12:24,6.680,0.139,0,0,0,0,v
2014-08-17 12:30,6.654,0.127,0,0,0,0,v
2014-08-17 12:36,6.658,0.160,0,0,0,0,v
2014-08-17 12:42,6.643,0.154,0,0,0,0,v
2014-08-17 12:48,6.646,0.160,0,0,0,0,v
2014-08-17 12:54,6.649,0.132,0,0,0,0,v
2014-08-17 13:00,6.641,0.143,0,0,0,0,v
2014-08-17 13:06,6.690,0.143,0,0,0,0,v
2014-08-17 13:12,6.656,0.117,0,0,0,0,v
2014-08-17 13:18,6.677,0.122,0,0,0,0,v
2014-08-17 13:24,6.662,0.128,0,0,0,0,v
2014-08-17 13:30,6.658,0.134,0,0,0,0,v
2014-08-17 13:36,6.664,0.121,0,0,0,0,v
2014-08-17 13:42,6.660,0.144,0,0,0,0,v
2014-08-17 13:48,6.674,0.134,0,0,0,0,v
2014-08-17 13:54,6.644,0.142,0,0,0,0,v
2014-08-17 14:00,6.641,0.133,0,0,0,0,v
2014-08-17 14:06,6.639,0.148,0,0,0,0,v
2014-08-17 14:12,6.662,0.119,0,0,0,0,v
2014-08-17 14:18,6.642,0.139,0,0,0,0,v
2014-08-17 14:24,6.640,0.129,0,0,0,0,v
2014-08-17 14:30,6.630,0.115,0,0,0,0,v
2014-08-17 14:36,6.628,0.112,0,0,0,0,v
2014-08-17 14:42,6.619,0.107,0,0,0,0,v
2014-08-17 14:48,6.588,0.111,0,0,0,0,v
2014-08-17 14:54,6.581,0.131,0,0,0,0,v
2014-08-17 15:00,6.588,0.106,0,0,0,0,v
2014-08-17 15:06,6.594,0.114,0,0,0,0,v
2014-08-17 15:12,6.591,0.111,0,0,0,0,v
2014-08-17 15:18,6.566,0.104,0,0,0,0,v
2014-08-17 15:24,6.550,0.114,0,0,0,0,v
2014-08-17 15:30,6.550,0.114,0,0,0,0,v
2014-08-17 15:36,6.529,0.114,0,0,0,0,v
2014-08-17 15:42,6.556,0.100,0,0,0,0,v
2014-08-17 15:48,6.553,0.107,0,0,0,0,v
2014-08-17 15:54,6.563,0.111,0,0,0,0,v
2014-08-17 16:00,6.539,0.111,0,0,0,0,v
2014-08-17 16:06,6.530,0.100,0,0,0,0,v
2014-08-17 16:12,6.546,0.086,0,0,0,0,v
2014-08-17 16:18,6.524,0.107,0,0,0,0,v
2014-08-17 16:24,6.511,0.084,0,0,0,0,v
2014-08-17 16:30,6.473,0.086,0,0,0,0,v
2014-08-17 16:36,6.436,0.080,0,0,0,0,v
2014-08-17 16:42,6.427,0.086,0,0,0,0,v
2014-08-17 16:48,6.420,0.085,0,0,0,0,v
2014-08-17 16:54,6.431,0.116,0,0,0,0,v
2014-08-17 17:00,6.470,0.123,0,0,0,0,v
2014-08-17 17:06,6.442,0.111,0,0,0,0,v
2014-08-17 17:12,6.441,0.109,0,0,0,0,v
2014-08-17 17:18,6.471,0.116,0,0,0,0,v
2014-08-17 17:24,6.487,0.115,0,0,0,0,v
2014-08-17 17:30,6.472,0.133,0,0,0,0,v
2014-08-17 17:36,6.442,0.146,0,0,0,0,v
2014-08-17 17:42,6.455,0.120,0,0,0,0,v
2014-08-17 17:48,6.443,0.122,0,0,0,0,v
2014-08-17 17:54,6.437,0.139,0,0,0,0,v
2014-08-17 18:00,6.430,0.130,0,0,0,0,v
2014-08-17 18:06,6.425,0.122,0,0,0,0,v
2014-08-17 18:12,6.409,0.113,0,0,0,0,v
2014-08-17 18:18,6.398,0.115,0,0,0,0,v
2014-08-17 18:24,6.388,0.127,0,0,0,0,v
2014-08-17 18:30,6.403,0.130,0,0,0,0,v
2014-08-17 18:36,6.408,0.116,0,0,0,0,v
2014-08-17 18:42,6.374,0.102,0,0,0,0,v
2014-08-17 18:48,6.375,0.109,0,0,0,0,v
2014-08-17 18:54,6.349,0.126,0,0,0,0,v
2014-08-17 19:00,6.340,0.125,0,0,0,0,v
2014-08-17 19:06,6.349,0.104,0,0,0,0,v
2014-08-17 19:12,6.357,0.123,0,0,0,0,v
2014-08-17 19:18,6.336,0.116,0,0,0,0,v
2014-08-17 19:24,6.338,0.122,0,0,0,0,v
2014-08-17 19:30,6.323,0.144,0,0,0,0,v
2014-08-17 19:36,6.316,0.111,0,0,0,0,v
2014-08-17 19:42,6.326,0.135,0,0,0,0,v
2014-08-17 19:48,6.333,0.136,0,0,0,0,v
2014-08-17 19:54,6.328,0.126,0,0,0,0,v
2014-08-17 20:00,6.349,0.121,0,0,0,0,v
2014-08-17 20:06,6.347,0.123,0,0,0,0,v
2014-08-17 20:12,6.356,0.123,0,0,0,0,v
2014-08-17 20:18,6.360,0.134,0,0,0,0,v
2014-08-17 20:24,6.349,0.135,0,0,0,0,v
2014-08-17 20:30,6.355,0.140,0,0,0,0,v
2014-08-17 20:36,6.378,0.119,0,0,0,0,v
2014-08-17 20:42,6.364,0.116,0,0,0,0,v
2014-08-17 20:48,6.368,0.139,0,0,0,0,v
2014-08-17 20:54,6.382,0.142,0,0,0,0,v
2014-08-17 21:00,6.372,0.117,0,0,0,0,v
2014-08-17 21:06,6.377,0.119,0,0,0,0,v
2014-08-17 21:12,6.366,0.108,0,0,0,0,v
2014-08-17 21:18,6.371,0.132,0,0,0,0,v
2014-08-17 21:24,6.371,0.123,0,0,0,0,v
2014-08-17 21:30,6.364,0.135,0,0,0,0,v
2014-08-17 21:36,6.369,0.146,0,0,0,0,v
2014-08-17 21:42,6.378,0.112,0,0,0,0,v
2014-08-17 21:48,6.371,0.114,0,0,0,0,v
2014-08-17 21:54,6.361,0.135,0,0,0,0,v
2014-08-17 22:00,6.352,0.116,0,0,0,0,v
2014-08-17 22:06,6.354,0.114,0,0,0,0,v
2014-08-17 22:12,6.370,0.119,0,0,0,0,v
2014-08-17 22:18,6.374,0.127,0,0,0,0,v
2014-08-17 22:24,6.386,0.115,0,0,0,0,v
2014-08-17 22:30,6.415,0.112,0,0,0,0,v
2014-08-17 22:36,6.410,0.121,0,0,0,0,v
2014-08-17 22:42,6.437,0.121,0,0,0,0,v
2014-08-17 22:48,6.445,0.132,0,0,0,0,v
2014-08-17 22:54,6.444,0.117,0,0,0,0,v
2014-08-17 23:00,6.448,0.141,0,0,0,0,v
2014-08-17 23:06,6.432,0.124,0,0,0,0,v
2014-08-17 23:12,6.435,0.128,0,0,0,0,v
2014-08-17 23:18,6.444,0.127,0,0,0,0,v
2014-08-17 23:24,6.442,0.136,0,0,0,0,v
2014-08-17 23:30,6.456,0.107,0,0,0,0,v
2014-08-17 23:36,6.457,0.135,0,0,0,0,v
2014-08-17 23:42,6.470,0.140,0,0,0,0,v
2014-08-17 23:48,6.470,0.107,0,0,0,0,v
2014-08-17 23:54,6.471,0.115,0,0,0,0,v
2014-08-18 00:00,6.502,0.125,0,0,0,0,v
2014-08-18 00:06,6.502,0.140,0,0,0,0,v
2014-08-18 00:12,6.531,0.094,0,0,0,0,v
2014-08-18 00:18,6.537,0.115,0,0,0,0,v
2014-08-18 00:24,6.520,0.132,0,0,0,0,v
2014-08-18 00:30,6.524,0.120,0,0,0,0,v
2014-08-18 00:36,6.540,0.111,0,0,0,0,v
2014-08-18 00:42,6.549,0.132,0,0,0,0,v
2014-08-18 00:48,6.542,0.118,0,0,0,0,v
2014-08-18 00:54,6.568,0.112,0,0,0,0,v
2014-08-18 01:00,6.573,0.112,0,0,0,0,v
2014-08-18 01:06,6.586,0.118,0,0,0,0,v
2014-08-18 01:12,6.615,0.152,0,0,0,0,v
2014-08-18 01:18,6.636,0.118,0,0,0,0,v
2014-08-18 01:24,6.643,0.121,0,0,0,0,v
2014-08-18 01:30,6.630,0.106,0,0,0,0,v
2014-08-18 01:36,6.634,0.123,0,0,0,0,v
2014-08-18 01:42,6.638,0.126,0,0,0,0,v
2014-08-18 01:48,6.619,0.128,0,0,0,0,v
2014-08-18 01:54,6.626,0.113,0,0,0,0,v
2014-08-18 02:00,6.625,0.110,0,0,0,0,v
2014-08-18 02:06,6.636,0.117,0,0,0,0,v
2014-08-18 02:12,6.617,0.135,0,0,0,0,v
2014-08-18 02:18,6.633,0.120,0,0,0,0,v
2014-08-18 02:24,6.647,0.136,0,0,0,0,v
2014-08-18 02:30,6.659,0.116,0,0,0,0,v
2014-08-18 02:36,6.638,0.126,0,0,0,0,v
2014-08-18 02:42,6.648,0.103,0,0,0,0,v
2014-08-18 02:48,6.665,0.104,0,0,0,0,v
2014-08-18 02:54,6.642,0.113,0,0,0,0,v
2014-08-18 03:00,6.672,0.135,0,0,0,0,v
2014-08-18 03:06,6.681,0.117,0,0,0,0,v
2014-08-18 03:12,6.697,0.106,0,0,0,0,v
2014-08-18 03:18,6.701,0.101,0,0,0,0,v
2014-08-18 03:24,6.699,0.114,0,0,0,0,v
2014-08-18 03:30,6.709,0.109,0,0,0,0,v
2014-08-18 03:36,6.706,0.088,0,0,0,0,v
2014-08-18 03:42,6.692,0.107,0,0,0,0,v
2014-08-18 03:48,6.717,0.100,0,0,0,0,v
2014-08-18 03:54,6.727,0.135,0,0,0,0,v
2014-08-18 04:00,6.721,0.115,0,0,0,0,v
2014-08-18 04:06,6.748,0.105,0,0,0,0,v
2014-08-18 04:12,6.750,0.121,0,0,0,0,v
2014-08-18 04:18,6.731,0.112,0,0,0,0,v
2014-08-18 04:24,6.743,0.120,0,0,0,0,v
2014-08-18 04:30,6.731,0.124,0,0,0,0,v
2014-08-18 04:36,6.745,0.114,0,0,0,0,v
2014-08-18 04:42,6.749,0.136,0,0,0,0,v
2014-08-18 04:48,6.746,0.117,0,0,0,0,v
2014-08-18 04:54,6.734,0.120,0,0,0,0,v
2014-08-18 05:00,6.760,0.115,0,0,0,0,v
2014-08-18 05:06,6.783,0.114,0,0,0,0,v
2014-08-18 05:12,6.765,0.108,0,0,0,0,v
2014-08-18 05:18,6.767,0.134,0,0,0,0,v
2014-08-18 05:24,6.773,0.104,0,0,0,0,v
2014-08-18 05:30,6.761,0.098,0,0,0,0,v
2014-08-18 05:36,6.755,0.124,0,0,0,0,v
2014-08-18 05:42,6.776,0.111,0,0,0,0,v
2014-08-18 05:48,6.789,0.123,0,0,0,0,v
2014-08-18 05:54,6.780,0.115,0,0,0,0,v
2014-08-18 06:00,6.783,0.115,0,0,0,0,v
2014-08-18 06:06,6.770,0.126,0,0,0,0,v
2014-08-18 06:12,6.775,0.140,0,0,0,0,v
2014-08-18 06:18,6.768,0.110,0,0,0,0,v
2014-08-18 06:24,6.783,0.127,0,0,0,0,v
2014-08-18 06:30,6.779,0.128,0,0,0,0,v
2014-08-18 06:36,6.788,0.110,0,0,0,0,v
2014-08-18 06:42,6.789,0.122,0,0,0,0,v
2014-08-18 06:48,6.766,0.120,0,0,0,0,v
2014-08-18 06:54,6.741,0.128,0,0,0,0,v
2014-08-18 07:00,6.752,0.119,0,0,0,0,v
2014-08-18 07:06,6.754,0.133,0,0,0,0,v
2014-08-18 07:12,6.755,0.115,0,0,0,0,v
2014-08-18 07:18,6.774,0.126,0,0,0,0,v
2014-08-18 07:24,6.746,0.116,0,0,0,0,v
2014-08-18 07:30,6.757,0.123,0,0,0,0,v
2014-08-18 07:36,6.759,0.116,0,0,0,0,v
2014-08-18 07:42,6.757,0.126,0,0,0,0,v
2014-08-18 07:48,6.759,0.104,0,0,0,0,v
2014-08-18 07:54,6.768,0.127,0,0,0,0,v
2014-08-18 08:00,6.791,0.113,0,0,0,0,v
2014-08-18 08:06,6.772,0.125,0,0,0,0,v
2014-08-18 08:12,6.759,0.119,0,0,0,0,v
2014-08-18 08:18,6.757,0.124,0,0,0,0,v
2014-08-18 08:24,6.768,0.125,0,0,0,0,v
2014-08-18 08:30,6.766,0.119,0,0,0,0,v
2014-08-18 08:36,6.773,0.122,0,0,0,0,v
2014-08-18 08:42,6.771,0.124,0,0,0,0,v
2014-08-18 08:48,6.761,0.137,0,0,0,0,v
2014-08-18 08:54,6.737,0.128,0,0,0,0,v
2014-08-18 09:00,6.761,0.138,0,0,0,0,v
2014-08-18 09:06,6.744,0.125,0,0,0,0,v
2014-08-18 09:12,6.743,0.132,0,0,0,0,v
2014-08-18 09:18,6.741,0.133,0,0,0,0,v
2014-08-18 09:24,6.750,0.127,0,0,0,0,v
2014-08-18 09:30,6.747,0.128,0,0,0,0,v
2014-08-18 09:36,6.748,0.171,0,0,0,0,v
2014-08-18 09:42,6.731,0.124,0,0,0,0,v
2014-08-18 09:48,6.738,0.128,0,0,0,0,v
2014-08-18 09:54,6.745,0.117,0,0,0,0,v
2014-08-18 10:00,6.768,0.148,0,0,0,0,v
2014-08-18 10:06,6.759,0.116,0,0,0,0,v
2014-08-18 10:12,6.747,0.114,0,0,0,0,v
2014-08-18 10:18,6.745,0.125,0,0,0,0,v
2014-08-18 10:24,6.740,0.123,0,0,0,0,v
2014-08-18 10:30,6.748,0.131,0,0,0,0,v
2014-08-18 10:36,6.725,0.124,0,0,0,0,v
2014-08-18 10:42,6.737,0.132,0,0,0,0,v
2014-08-18 10:48,6.719,0.140,0,0,0,0,v
2014-08-18 10:54,6.723,0.113,0,0,0,0,v
2014-08-18 11:00,6.718,0.120,0,0,0,0,v
2014-08-18 11:06,6.710,0.122,0,0,0,0,v
2014-08-18 11:12,6.713,0.115,0,0,0,0,v
2014-08-18 11:18,6.715,0.123,0,0,0,0,v
2014-08-18 11:24,6.728,0.107,0,0,0,0,v
2014-08-18 11:30,6.724,0.116,0,0,0,0,v
2014-08-18 11:36,6.714,0.119,0,0,0,0,v
2014-08-18 11:42,6.728,0.120,0,0,0,0,v
2014-08-18 11:48,6.746,0.111,0,0,0,0,v
2014-08-18 11:54,6.744,0.116,0,0,0,0,v
2014-08-18 12:00,6.753,0.119,0,0,0,0,v
2014-08-18 12:06,6.730,0.122,0,0,0,0,v
2014-08-18 12:12,6.720,0.120,0,0,0,0,v
2014-08-18 12:18,6.715,0.111,0,0,0,0,v
2014-08-18 12:24,6.715,0.135,0,0,0,0,v
2014-08-18 12:30,6.725,0.103,0,0,0,0,v
2014-08-18 12:36,6.737,0.113,0,0,0,0,v
2014-08-18 12:42,6.735,0.113,0,0,0,0,v
2014-08-18 12:48,6.745,0.106,0,0,0,0,v
2014-08-18 12:54,6.735,0.103,0,0,0,0,v
2014-08-18 13:00,6.733,0.136,0,0,0,0,v
2014-08-18 13:06,6.716,0.125,0,0,0,0,v
2014-08-18 13:12,6.714,0.109,0,0,0,0,v
2014-08-18 13:18,6.707,0.130,0,0,0,0,v
2014-08-18 13:24,6.714,0.136,0,0,0,0,v
2014-08-18 13:30,6.704,0.111,0,0,0,0,v
2014-08-18 13:36,6.698,0.127,0,0,0,0,v
2014-08-18 13:42,6.696,0.094,0,0,0,0,v
2014-08-18 13:48,6.685,0.138,0,0,0,0,v
2014-08-18 13:54,6.682,0.121,0,0,0,0,v
2014-08-18 14:00,6.675,0.111,0,0,0,0,v
2014-08-18 14:06,6.697,0.113,0,0,0,0,v
2014-08-18 14:12,6.688,0.111,0,0,0,0,v
2014-08-18 14:18,6.676,0.118,0,0,0,0,v
2014-08-18 14:24,6.693,0.120,0,0,0,0,v
2014-08-18 14:30,6.681,0.112,0,0,0,0,v
2014-08-18 14:36,6.687,0.122,0,0,0,0,v
2014-08-18 14:42,6.684,0.121,0,0,0,0,v
2014-08-18 14:48,6.678,0.146,0,0,0,0,v
2014-08-18 14:54,6.673,0.126,0,0,0,0,v
2014-08-18 15:00,6.664,0.121,0,0,0,0,v
2014-08-18 15:06,6.668,0.119,0,0,0,0,v
2014-08-18 15:12,6.676,0.119,0,0,0,0,v
2014-08-18 15:18,6.660,0.134,0,0,0,0,v
2014-08-18 15:24,6.663,0.092,0,0,0,0,v
2014-08-18 15:30,6.649,0.112,0,0,0,0,v
2014-08-18 15:36,6.643,0.114,0,0,0,0,v
2014-08-18 15:42,6.648,0.121,0,0,0,0,v
2014-08-18 15:48,6.654,0.104,0,0,0,0,v
2014-08-18 15:54,6.626,0.099,0,0,0,0,v
2014-08-18 16:00,6.628,0.108,0,0,0,0,v
2014-08-18 16:06,6.623,0.090,0,0,0,0,v
2014-08-18 16:12,6.620,0.097,0,0,0,0,v
2014-08-18 16:18,6.587,0.119,0,0,0,0,v
2014-08-18 16:24,6.582,0.127,0,0,0,0,v
2014-08-18 16:30,6.593,0.115,0,0,0,0,v
2014-08-18 16:36,6.595,0.128,0,0,0,0,v
2014-08-18 16:42,6.579,0.115,0,0,0,0,v
2014-08-18 16:48,6.580,0.095,0,0,0,0,v
2014-08-18 16:54,6.582,0.126,0,0,0,0,v
2014-08-18 17:00,6.582,0.125,0,0,0,0,v
2014-08-18 17:06,6.575,0.099,0,0,0,0,v
2014-08-18 17:12,6.559,0.117,0,0,0,0,v
2014-08-18 17:18,6.555,0.116,0,0,0,0,v
2014-08-18 17:24,6.550,0.108,0,0,0,0,v
2014-08-18 17:30,6.554,0.106,0,0,0,0,v
2014-08-18 17:36,6.516,0.102,0,0,0,0,v
2014-08-18 17:42,6.508,0.122,0,0,0,0,v
2014-08-18 17:48,6.524,0.102,0,0,0,0,v
2014-08-18 17:54,6.504,0.088,0,0,0,0,v
2014-08-18 18:00,6.493,0.090,0,0,0,0,v
2014-08-18 18:06,6.482,0.114,0,0,0,0,v
2014-08-18 18:12,6.476,0.104,0,0,0,0,v
2014-08-18 18:18,6.481,0.106,0,0,0,0,v
2014-08-18 18:24,6.463,0.091,0,0,0,0,v
2014-08-18 18:30,6.451,0.099,0,0,0,0,v
2014-08-18 18:36,6.453,0.087,0,0,0,0,v
2014-08-18 18:42,6.438,0.108,0,0,0,0,v
2014-08-18 18:48,6.446,0.104,0,0,0,0,v
2014-08-18 18:54,6.424,0.086,0,0,0,0,v
2014-08-18 19:00,6.432,0.097,0,0,0,0,v
2014-08-18 19:06,6.431,0.130,0,0,0,0,v
2014-08-18 19:12,6.441,0.099,0,0,0,0,v
2014-08-18 19:18,6.451,0.094,0,0,0,0,v
2014-08-18 19:24,6.430,0.086,0,0,0,0,v
2014-08-18 19:30,6.402,0.123,0,0,0,0,v
2014-08-18 19:36,6.409,0.113,0,0,0,0,v
2014-08-18 19:42,6.421,0.099,0,0,0,0,v
2014-08-18 19:48,6.391,0.103,0,0,0,0,v
2014-08-18 19:54,6.425,0.121,0,0,0,0,v
2014-08-18 20:00,6.397,0.104,0,0,0,0,v
2014-08-18 20:06,6.400,0.081,0,0,0,0,v
2014-08-18 20:12,6.403,0.119,0,0,0,0,v
2014-08-18 20:18,6.392,0.095,0,0,0,0,v
2014-08-18 20:24,6.386,0.105,0,0,0,0,v
2014-08-18 20:30,6.377,0.102,0,0,0,0,v
2014-08-18 20:36,6.371,0.091,0,0,0,0,v
2014-08-18 20:42,6.376,0.108,0,0,0,0,v
2014-08-18 20:48,6.365,0.106,0,0,0,0,v
2014-08-18 20:54,6.379,0.094,0,0,0,0,v
2014-08-18 21:00,6.377,0.101,0,0,0,0,v
2014-08-18 21:06,6.384,0.108,0,0,0,0,v
2014-08-18 21:12,6.374,0.104,0,0,0,0,v
2014-08-18 21:18,6.369,0.101,0,0,0,0,v
2014-08-18 21:24,6.363,0.102,0,0,0,0,v
2014-08-18 21:30,6.359,0.107,0,0,0,0,v
2014-08-18 21:36,6.348,0.115,0,0,0,0,v
2014-08-18 21:42,6.354,0.132,0,0,0,0,v
2014-08-18 21:48,6.354,0.131,0,0,0,0,v
2014-08-18 21:54,6.357,0.118,0,0,0,0,v
2014-08-18 22:00,6.395,0.113,0,0,0,0,v
2014-08-18 22:06,6.364,0.126,0,0,0,0,v
2014-08-18 22:12,6.321,0.117,0,0,0,0,v
2014-08-18 22:18,6.367,0.109,0,0,0,0,v
2014-08-18 22:24,6.351,0.141,0,0,0,0,v
2014-08-18 22:30,6.392,0.118,0,0,0,0,v
2014-08-18 22:36,6.368,0.116,0,0,0,0,v
2014-08-18 22:42,6.365,0.117,0,0,0,0,v
2014-08-18 22:48,6.346,0.126,0,0,0,0,v
2014-08-18 22:54,6.348,0.114,0,0,0,0,v
2014-08-18 23:00,6.396,0.117,0,0,0,0,v
2014-08-18 23:06,6.439,0.138,0,0,0,0,v
2014-08-18 23:12,6.416,0.127,0,0,0,0,v
2014-08-18 23:18,6.398,0.138,0,0,0,0,v
2014-08-18 23:24,6.461,0.123,0,0,0,0,v
2014-08-18 23:30,6.431,0.142,0,0,0,0,v
2014-08-18 23:36,6.483,0.114,0,0,0,0,v
2014-08-18 23:42,6.550,0.138,0,0,0,0,v
2014-08-18 23:48,6.560,0.126,0,0,0,0,v
2014-08-18 23:54,6.609,0.126,0,0,0,0,v
2014-08-19 00:00,6.543,0.144,0,0,0,0,v
2014-08-19 00:06,6.520,0.125,0,0,0,0,v
2014-08-19 00:12,6.471,0.133,0,0,0,0,v
2014-08-19 00:18,6.414,0.143,0,0,0,0,v
2014-08-19 00:24,6.392,0.139,0,0,0,0,v
2014-08-19 00:30,6.410,0.123,0,0,0,0,v
2014-08-19 00:36,6.376,0.152,0,0,0,0,v
2014-08-19 00:42,6.357,0.148,0,0,0,0,v
2014-08-19 00:48,6.357,0.148,0,0,0,0,v
2014-08-19 00:54,6.444,0.135,0,0,0,0,v
2014-08-19 01:00,6.474,0.146,0,0,0,0,v
2014-08-19 01:06,6.491,0.130,0,0,0,0,v
2014-08-19 01:12,6.487,0.149,0,0,0,0,v
2014-08-19 01:18,6.514,0.136,0,0,0,0,v
2014-08-19 01:24,6.557,0.156,0,0,0,0,v
2014-08-19 01:30,6.602,0.150,0,0,0,0,v
2014-08-19 01:36,6.608,0.167,0,0,0,0,v
2014-08-19 01:42,6.630,0.148,0,0,0,0,v
2014-08-19 01:48,6.589,0.158,0,0,0,0,v
2014-08-19 01:54,6.570,0.162,0,0,0,0,v
2014-08-19 02:00,6.594,0.138,0,0,0,0,v
2014-08-19 02:06,6.560,0.139,0,0,0,0,v
2014-08-19 02:12,6.561,0.135,0,0,0,0,v
2014-08-19 02:18,6.519,0.168,0,0,0,0,v
2014-08-19 02:24,6.546,0.134,0,0,0,0,v
2014-08-19 02:30,6.583,0.142,0,0,0,0,v
2014-08-19 02:36,6.632,0.147,0,0,0,0,v
2014-08-19 02:42,6.646,0.138,0,0,0,0,v
2014-08-19 02:48,6.656,0.154,0,0,0,0,v
2014-08-19 02:54,6.643,0.158,0,0,0,0,v
2014-08-19 03:00,6.631,0.157,0,0,0,0,v
2014-08-19 03:06,6.610,0.138,0,0,0,0,v
2014-08-19 03:12,6.600,0.162,0,0,0,0,v
2014-08-19 03:18,6.594,0.140,0,0,0,0,v
2014-08-19 03:24,6.655,0.147,0,0,0,0,v
2014-08-19 03:30,6.668,0.143,0,0,0,0,v
2014-08-19 03:36,6.714,0.115,0,0,0,0,v
2014-08-19 03:42,6.748,0.138,0,0,0,0,v
2014-08-19 03:48,6.721,0.137,0,0,0,0,v
2014-08-19 03:54,6.706,0.131,0,0,0,0,v
2014-08-19 04:00,6.674,0.134,0,0,0,0,v
2014-08-19 04:06,6.667,0.141,0,0,0,0,v
2014-08-19 04:12,6.637,0.134,0,0,0,0,v
2014-08-19 04:18,6.624,0.149,0,0,0,0,v
2014-08-19 04:24,6.668,0.133,0,0,0,0,v
2014-08-19 04:30,6.749,0.163,0,0,0,0,v
2014-08-19 04:36,6.768,0.137,0,0,0,0,v
2014-08-19 04:42,6.795,0.143,0,0,0,0,v
2014-08-19 04:48,6.798,0.127,0,0,0,0,v
2014-08-19 04:54,6.768,0.138,0,0,0,0,v
2014-08-19 05:00,6.760,0.136,0,0,0,0,v
2014-08-19 05:06,6.764,0.132,0,0,0,0,v
2014-08-19 05:12,6.764,0.132,0,0,0,0,v
2014-08-19 05:18,6.748,0.122,0,0,0,0,v
2014-08-19 05:24,6.755,0.130,0,0,0,0,v
2014-08-19 05:30,6.751,0.141,0,0,0,0,v
2014-08-19 05:36,6.733,0.124,0,0,0,0,v
2014-08-19 05:42,6.733,0.108,0,0,0,0,v
2014-08-19 05:48,6.732,0.122,0,0,0,0,v
2014-08-19 05:54,6.735,0.130,0,0,0,0,v
2014-08-19 06:00,6.781,0.142,0,0,0,0,v
2014-08-19 06:06,6.796,0.126,0,0,0,0,v
2014-08-19 06:12,6.816,0.121,0,0,0,0,v
2014-08-19 06:18,6.819,0.112,0,0,0,0,v
2014-08-19 06:24,6.798,0.139,0,0,0,0,v
2014-08-19 06:30,6.817,0.136,0,0,0,0,v
2014-08-19 06:36,6.827,0.145,0,0,0,0,v
2014-08-19 06:42,6.830,0.114,0,0,0,0,v
2014-08-19 06:48,6.839,0.142,0,0,0,0,v
2014-08-19 06:54,6.845,0.138,0,0,0,0,v
2014-08-19 07:00,6.827,0.125,0,0,0,0,v
2014-08-19 07:06,6.813,0.118,0,0,0,0,v
2014-08-19 07:12,6.782,0.124,0,0,0,0,v
2014-08-19 07:18,6.782,0.135,0,0,0,0,v
2014-08-19 07:24,6.761,0.131,0,0,0,0,v
2014-08-19 07:30,6.748,0.138,0,0,0,0,v
2014-08-19 07:36,6.758,0.159,0,0,0,0,v
2014-08-19 07:42,6.758,0.127,0,0,0,0,v
2014-08-19 07:48,6.756,0.135,0,0,0,0,v
2014-08-19 07:54,6.748,0.130,0,0,0,0,v
2014-08-19 08:00,6.761,0.128,0,0,0,0,v
2014-08-19 08:06,6.772,0.133,0,0,0,0,v
2014-08-19 08:12,6.754,0.152,0,0,0,0,v
2014-08-19 08:18,6.734,0.116,0,0,0,0,v
2014-08-19 08:24,6.752,0.141,0,0,0,0,v
2014-08-19 08:30,6.780,0.111,0,0,0,0,v
2014-08-19 08:36,6.792,0.139,0,0,0,0,v
2014-08-19 08:42,6.784,0.149,0,0,0,0,v
2014-08-19 08:48,6.798,0.120,0,0,0,0,v
2014-08-19 08:54,6.801,0.135,0,0,0,0,v
2014-08-19 09:00,6.785,0.154,0,0,0,0,v
2014-08-19 09:06,6.807,0.113,0,0,0,0,v
2014-08-19 09:12,6.789,0.152,0,0,0,0,v
2014-08-19 09:18,6.777,0.148,0,0,0,0,v
2014-08-19 09:24,6.775,0.121,0,0,0,0,v
2014-08-19 09:30,6.766,0.154,0,0,0,0,v
2014-08-19 09:36,6.785,0.122,0,0,0,0,v
2014-08-19 09:42,6.786,0.129,0,0,0,0,v
2014-08-19 09:48,6.794,0.135,0,0,0,0,v
2014-08-19 09:54,6.804,0.131,0,0,0,0,v
2014-08-19 10:00,6.790,0.144,0,0,0,0,v
2014-08-19 10:06,6.796,0.122,0,0,0,0,v
2014-08-19 10:12,6.784,0.125,0,0,0,0,v
2014-08-19 10:18,6.775,0.143,0,0,0,0,v
2014-08-19 10:24,6.755,0.144,0,0,0,0,v
2014-08-19 10:30,6.763,0.138,0,0,0,0,v
2014-08-19 10:36,6.773,0.130,0,0,0,0,v
2014-08-19 10:42,6.767,0.115,0,0,0,0,v
2014-08-19 10:48,6.755,0.143,0,0,0,0,v
2014-08-19 10:54,6.761,0.145,0,0,0,0,v
2014-08-19 11:00,6.746,0.142,0,0,0,0,v
2014-08-19 11:06,6.745,0.130,0,0,0,0,v
2014-08-19 11:12,6.738,0.131,0,0,0,0,v
2014-08-19 11:18,6.719,0.129,0,0,0,0,v
2014-08-19 11:24,6.709,0.137,0,0,0,0,v
2014-08-19 11:30,6.725,0.124,0,0,0,0,v
2014-08-19 11:36,6.751,0.114,0,0,0,0,v
2014-08-19 11:42,6.730,0.131,0,0,0,0,v
2014-08-19 11:48,6.733,0.133,0,0,0,0,v
2014-08-19 11:54,6.728,0.140,0,0,0,0,v
2014-08-19 12:00,6.729,0.129,0,0,0,0,v
2014-08-19 12:06,6.725,0.125,0,0,0,0,v
2014-08-19 12:12,6.694,0.117,0,0,0,0,v
2014-08-19 12:18,6.697,0.139,0,0,0,0,v
2014-08-19 12:24,6.693,0.121,0,0,0,0,v
2014-08-19 12:30,6.662,0.132,0,0,0,0,v
2014-08-19 12:36,6.677,0.122,0,0,0,0,v
2014-08-19 12:42,6.669,0.118,0,0,0,0,v
2014-08-19 12:48,6.684,0.133,0,0,0,0,v
2014-08-19 12:54,6.677,0.141,0,0,0,0,v
2014-08-19 13:00,6.676,0.122,0,0,0,0,v
2014-08-19 13:06,6.661,0.114,0,0,0,0,v
2014-08-19 13:12,6.661,0.126,0,0,0,0,v
2014-08-19 13:18,6.655,0.123,0,0,0,0,v
2014-08-19 13:24,6.667,0.125,0,0,0,0,v
2014-08-19 13:30,6.660,0.140,0,0,0,0,v
2014-08-19 13:36,6.671,0.138,0,0,0,0,v
2014-08-19 13:42,6.679,0.109,0,0,0,0,v
2014-08-19 13:48,6.690,0.110,0,0,0,0,v
2014-08-19 13:54,6.678,0.118,0,0,0,0,v
2014-08-19 14:00,6.650,0.136,0,0,0,0,v
2014-08-19 14:06,6.649,0.129,0,0,0,0,v
2014-08-19 14:12,6.657,0.114,0,0,0,0,v
2014-08-19 14:18,6.681,0.109,0,0,0,0,v
2014-08-19 14:24,6.695,0.128,0,0,0,0,v
2014-08-19 14:30,6.694,0.105,0,0,0,0,v
2014-08-19 14:36,6.700,0.120,0,0,0,0,v
2014-08-19 14:42,6.693,0.132,0,0,0,0,v
2014-08-19 14:48,6.689,0.111,0,0,0,0,v
2014-08-19 14:54,6.681,0.108,0,0,0,0,v
2014-08-19 15:00,6.667,0.105,0,0,0,0,v
2014-08-19 15:06,6.646,0.123,0,0,0,0,v
2014-08-19 15:12,6.633,0.131,0,0,0,0,v
2014-08-19 15:18,6.635,0.122,0,0,0,0,v
2014-08-19 15:24,6.646,0.101,0,0,0,0,v
2014-08-19 15:30,6.678,0.106,0,0,0,0,v
2014-08-19 15:36,6.666,0.115,0,0,0,0,v
2014-08-19 15:42,6.647,0.114,0,0,0,0,v
2014-08-19 15:48,6.628,0.121,0,0,0,0,v
2014-08-19 15:54,6.621,0.101,0,0,0,0,v
2014-08-19 16:00,6.621,0.125,0,0,0,0,v
2014-08-19 16:06,6.628,0.124,0,0,0,0,v
2014-08-19 16:12,6.638,0.130,0,0,0,0,v
2014-08-19 16:18,6.649,0.106,0,0,0,0,v
2014-08-19 16:24,6.643,0.108,0,0,0,0,v
2014-08-19 16:30,6.669,0.120,0,0,0,0,v
2014-08-19 16:36,6.648,0.101,0,0,0,0,v
2014-08-19 16:42,6.638,0.111,0,0,0,0,v
2014-08-19 16:48,6.636,0.122,0,0,0,0,v
2014-08-19 16:54,6.629,0.123,0,0,0,0,v
2014-08-19 17:00,6.608,0.117,0,0,0,0,v
2014-08-19 17:06,6.604,0.109,0,0,0,0,v
2014-08-19 17:12,6.566,0.111,0,0,0,0,v
2014-08-19 17:18,6.550,0.094,0,0,0,0,v
2014-08-19 17:24,6.549,0.112,0,0,0,0,v
2014-08-19 17:30,6.521,0.117,0,0,0,0,v
2014-08-19 17:36,6.502,0.114,0,0,0,0,v
2014-08-19 17:42,6.509,0.123,0,0,0,0,v
2014-08-19 17:48,6.523,0.109,0,0,0,0,v
2014-08-19 17:54,6.527,0.121,0,0,0,0,v
2014-08-19 18:00,6.513,0.121,0,0,0,0,v
2014-08-19 18:06,6.518,0.105,0,0,0,0,v
2014-08-19 18:12,6.519,0.092,0,0,0,0,v
2014-08-19 18:18,6.495,0.116,0,0,0,0,v
2014-08-19 18:24,6.498,0.103,0,0,0,0,v
2014-08-19 18:30,6.484,0.110,0,0,0,0,v
2014-08-19 18:36,6.487,0.105,0,0,0,0,v
2014-08-19 18:42,6.480,0.111,0,0,0,0,v
2014-08-19 18:48,6.481,0.112,0,0,0,0,v
2014-08-19 18:54,6.450,0.115,0,0,0,0,v
2014-08-19 19:00,6.442,0.099,0,0,0,0,v
2014-08-19 19:06,6.438,0.097,0,0,0,0,v
2014-08-19 19:12,6.441,0.092,0,0,0,0,v
2014-08-19 19:18,6.439,0.100,0,0,0,0,v
2014-08-19 19:24,6.428,0.095,0,0,0,0,v
2014-08-19 19:30,6.437,0.113,0,0,0,0,v
2014-08-19 19:36,6.459,0.100,0,0,0,0,v
2014-08-19 19:42,6.422,0.106,0,0,0,0,v
2014-08-19 19:48,6.416,0.082,0,0,0,0,v
2014-08-19 19:54,6.412,0.097,0,0,0,0,v
2014-08-19 20:00,6.411,0.099,0,0,0,0,v
2014-08-19 20:06,6.396,0.091,0,0,0,0,v
2014-08-19 20:12,6.347,0.112,0,0,0,0,v
2014-08-19 20:18,6.344,0.111,0,0,0,0,v
2014-08-19 20:24,6.349,0.120,0,0,0,0,v
2014-08-19 20:30,6.345,0.095,0,0,0,0,v
2014-08-19 20:36,6.354,0.100,0,0,0,0,v
2014-08-19 20:42,6.367,0.104,0,0,0,0,v
2014-08-19 20:48,6.387,0.099,0,0,0,0,v
2014-08-19 20:54,6.384,0.105,0,0,0,0,v
2014-08-19 21:00,6.361,0.093,0,0,0,0,v
2014-08-19 21:06,6.362,0.103,0,0,0,0,v
2014-08-19 21:12,6.356,0.102,0,0,0,0,v
2014-08-19 21:18,6.350,0.110,0,0,0,0,v
2014-08-19 21:24,6.343,0.104,0,0,0,0,v
2014-08-19 21:30,6.342,0.114,0,0,0,0,v
2014-08-19 21:36,6.330,0.092,0,0,0,0,v
2014-08-19 21:42,6.342,0.107,0,0,0,0,v
2014-08-19 21:48,6.330,0.100,0,0,0,0,v
2014-08-19 21:54,6.338,0.096,0,0,0,0,v
2014-08-19 22:00,6.336,0.100,0,0,0,0,v
2014-08-19 22:06,6.334,0.127,0,0,0,0,v
2014-08-19 22:12,6.333,0.112,0,0,0,0,v
2014-08-19 22:18,6.344,0.101,0,0,0,0,v
2014-08-19 22:24,6.324,0.089,0,0,0,0,v
2014-08-19 22:30,6.330,0.097,0,0,0,0,v
2014-08-19 22:36,6.331,0.126,0,0,0,0,v
2014-08-19 22:42,6.313,0.121,0,0,0,0,v
2014-08-19 22:48,6.315,0.088,0,0,0,0,v
2014-08-19 22:54,6.318,0.111,0,0,0,0,v
2014-08-19 23:00,6.322,0.128,0,0,0,0,v
2014-08-19 23:06,6.332,0.111,0,0,0,0,v
2014-08-19 23:12,6.328,0.111,0,0,0,0,v
2014-08-19 23:18,6.323,0.114,0,0,0,0,v
2014-08-19 23:24,6.325,0.125,0,0,0,0,v
2014-08-19 23:30,6.335,0.109,0,0,0,0,v
2014-08-19 23:36,6.330,0.115,0,0,0,0,v
2014-08-19 23:42,6.351,0.112,0,0,0,0,v
2014-08-19 23:48,6.356,0.107,0,0,0,0,v
2014-08-19 23:54,6.364,0.099,0,0,0,0,v
2014-08-20 00:00,6.354,0.121,0,0,0,0,v
2014-08-20 00:06,6.348,0.126,0,0,0,0,v
2014-08-20 00:12,6.363,0.124,0,0,0,0,v
2014-08-20 00:18,6.369,0.117,0,0,0,0,v
2014-08-20 00:24,6.370,0.128,0,0,0,0,v
2014-08-20 00:30,6.373,0.108,0,0,0,0,v
2014-08-20 00:36,6.373,0.130,0,0,0,0,v
2014-08-20 00:42,6.389,0.101,0,0,0,0,v
2014-08-20 00:48,6.387,0.113,0,0,0,0,v
2014-08-20 00:54,6.380,0.120,0,0,0,0,v
2014-08-20 01:00,6.363,0.113,0,0,0,0,v
2014-08-20 01:06,6.395,0.112,0,0,0,0,v
2014-08-20 01:12,6.400,0.104,0,0,0,0,v
2014-08-20 01:18,6.420,0.113,0,0,0,0,v
2014-08-20 01:24,6.444,0.108,0,0,0,0,v
2014-08-20 01:30,6.465,0.129,0,0,0,0,v
2014-08-20 01:36,6.462,0.119,0,0,0,0,v
2014-08-20 01:42,6.463,0.123,0,0,0,0,v
2014-08-20 01:48,6.484,0.116,0,0,0,0,v
2014-08-20 01:54,6.497,0.100,0,0,0,0,v
2014-08-20 02:00,6.484,0.106,0,0,0,0,v
2014-08-20 02:06,6.509,0.112,0,0,0,0,v
2014-08-20 02:12,6.516,0.119,0,0,0,0,v
2014-08-20 02:18,6.538,0.113,0,0,0,0,v
2014-08-20 02:24,6.539,0.119,0,0,0,0,v
2014-08-20 02:30,6.547,0.122,0,0,0,0,v
2014-08-20 02:36,6.550,0.099,0,0,0,0,v
2014-08-20 02:42,6.534,0.097,0,0,0,0,v
2014-08-20 02:48,6.536,0.105,0,0,0,0,v
2014-08-20 02:54,6.547,0.104,0,0,0,0,v
2014-08-20 03:00,6.566,0.093,0,0,0,0,v
2014-08-20 03:06,6.561,0.111,0,0,0,0,v
2014-08-20 03:12,6.572,0.104,0,0,0,0,v
2014-08-20 03:18,6.583,0.087,0,0,0,0,v
2014-08-20 03:24,6.597,0.104,0,0,0,0,v
2014-08-20 03:30,6.603,0.115,0,0,0,0,v
2014-08-20 03:36,6.621,0.096,0,0,0,0,v
2014-08-20 03:42,6.643,0.107,0,0,0,0,v
2014-08-20 03:48,6.634,0.104,0,0,0,0,v
2014-08-20 03:54,6.643,0.115,0,0,0,0,v
2014-08-20 04:00,6.652,0.098,0,0,0,0,v
2014-08-20 04:06,6.664,0.130,0,0,0,0,v
2014-08-20 04:12,6.654,0.120,0,0,0,0,v
2014-08-20 04:18,6.671,0.119,0,0,0,0,v
2014-08-20 04:24,6.674,0.104,0,0,0,0,v
2014-08-20 04:30,6.691,0.092,0,0,0,0,v
2014-08-20 04:36,6.683,0.105,0,0,0,0,v
2014-08-20 04:42,6.676,0.109,0,0,0,0,v
2014-08-20 04:48,6.688,0.096,0,0,0,0,v
2014-08-20 04:54,6.712,0.104,0,0,0,0,v
2014-08-20 05:00,6.722,0.106,0,0,0,0,v
2014-08-20 05:06,6.701,0.110,0,0,0,0,v
2014-08-20 05:12,6.711,0.111,0,0,0,0,v
2014-08-20 05:18,6.726,0.086,0,0,0,0,v
2014-08-20 05:24,6.751,0.115,0,0,0,0,v
2014-08-20 05:30,6.765,0.104,0,0,0,0,v
2014-08-20 05:36,6.796,0.110,0,0,0,0,v
2014-08-20 05:42,6.790,0.106,0,0,0,0,v
2014-08-20 05:48,6.787,0.117,0,0,0,0,v
2014-08-20 05:54,6.789,0.102,0,0,0,0,v
2014-08-20 06:00,6.793,0.106,0,0,0,0,v
2014-08-20 06:06,6.810,0.079,0,0,0,0,v
2014-08-20 06:12,6.794,0.091,0,0,0,0,v
2014-08-20 06:18,6.799,0.099,0,0,0,0,v
2014-08-20 06:24,6.791,0.085,0,0,0,0,v
2014-08-20 06:30,6.779,0.109,0,0,0,0,v
2014-08-20 06:36,6.795,0.094,0,0,0,0,v
2014-08-20 06:42,6.804,0.091,0,0,0,0,v
2014-08-20 06:48,6.820,0.094,0,0,0,0,v
2014-08-20 06:54,6.830,0.086,0,0,0,0,v
2014-08-20 07:00,6.832,0.085,0,0,0,0,v
2014-08-20 07:06,6.833,0.099,0,0,0,0,v
2014-08-20 07:12,6.829,0.106,0,0,0,0,v
2014-08-20 07:18,6.840,0.111,0,0,0,0,v
2014-08-20 07:24,6.832,0.121,0,0,0,0,v
2014-08-20 07:30,6.833,0.096,0,0,0,0,v
2014-08-20 07:36,6.841,0.097,0,0,0,0,v
2014-08-20 07:42,6.841,0.096,0,0,0,0,v
2014-08-20 07:48,6.834,0.096,0,0,0,0,v
2014-08-20 07:54,6.859,0.105,0,0,0,0,v
2014-08-20 08:00,6.849,0.104,0,0,0,0,v
2014-08-20 08:06,6.832,0.106,0,0,0,0,v
2014-08-20 08:12,6.841,0.098,0,0,0,0,v
2014-08-20 08:18,6.849,0.088,0,0,0,0,v
2014-08-20 08:24,6.863,0.081,0,0,0,0,v
2014-08-20 08:30,6.853,0.103,0,0,0,0,v
2014-08-20 08:36,6.861,0.100,0,0,0,0,v
2014-08-20 08:42,6.858,0.116,0,0,0,0,v
2014-08-20 08:48,6.872,0.103,0,0,0,0,v
2014-08-20 08:54,6.890,0.099,0,0,0,0,v
2014-08-20 09:00,6.889,0.096,0,0,0,0,v
2014-08-20 09:06,6.887,0.096,0,0,0,0,v
2014-08-20 09:12,6.874,0.119,0,0,0,0,v
2014-08-20 09:18,6.864,0.106,0,0,0,0,v
2014-08-20 09:24,6.845,0.091,0,0,0,0,v
2014-08-20 09:30,6.826,0.104,0,0,0,0,v
2014-08-20 09:36,6.831,0.087,0,0,0,0,v
2014-08-20 09:42,6.843,0.107,0,0,0,0,v
2014-08-20 09:48,6.848,0.101,0,0,0,0,v
2014-08-20 09:54,6.860,0.084,0,0,0,0,v
2014-08-20 10:00,6.843,0.122,0,0,0,0,v
2014-08-20 10:06,6.835,0.081,0,0,0,0,v
2014-08-20 10:12,6.861,0.087,0,0,0,0,v
2014-08-20 10:18,6.831,0.112,0,0,0,0,v
2014-08-20 10:24,6.832,0.095,0,0,0,0,v
2014-08-20 10:30,6.806,0.098,0,0,0,0,v
2014-08-20 10:36,6.800,0.105,0,0,0,0,v
2014-08-20 10:42,6.794,0.085,0,0,0,0,v
2014-08-20 10:48,6.808,0.084,0,0,0,0,v
2014-08-20 10:54,6.791,0.097,0,0,0,0,v
2014-08-20 11:00,6.801,0.106,0,0,0,0,v
2014-08-20 11:06,6.813,0.091,0,0,0,0,v
2014-08-20 11:12,6.834,0.097,0,0,0,0,v
2014-08-20 11:18,6.838,0.091,0,0,0,0,v
2014-08-20 11:24,6.831,0.108,0,0,0,0,v
2014-08-20 11:30,6.836,0.094,0,0,0,0,v
2014-08-20 11:36,6.831,0.108,0,0,0,0,v
2014-08-20 11:42,6.825,0.117,0,0,0,0,v
2014-08-20 11:48,6.822,0.101,0,0,0,0,v
2014-08-20 11:54,6.842,0.109,0,0,0,0,v
2014-08-20 12:00,6.827,0.099,0,0,0,0,v
2014-08-20 12:06,6.853,0.100,0,0,0,0,v
2014-08-20 12:12,6.840,0.090,0,0,0,0,v
2014-08-20 12:18,6.817,0.102,0,0,0,0,v
2014-08-20 12:24,6.848,0.099,0,0,0,0,v
2014-08-20 12:30,6.869,0.092,0,0,0,0,v
2014-08-20 12:36,6.875,0.108,0,0,0,0,v
2014-08-20 12:42,6.839,0.106,0,0,0,0,v
2014-08-20 12:48,6.811,0.100,0,0,0,0,v
2014-08-20 12:54,6.794,0.119,0,0,0,0,v
2014-08-20 13:00,6.784,0.113,0,0,0,0,v
2014-08-20 13:06,6.779,0.095,0,0,0,0,v
2014-08-20 13:12,6.763,0.115,0,0,0,0,v
2014-08-20 13:18,6.769,0.086,0,0,0,0,v
2014-08-20 13:24,6.790,0.093,0,0,0,0,v
2014-08-20 13:30,6.783,0.087,0,0,0,0,v
2014-08-20 13:36,6.779,0.090,0,0,0,0,v
2014-08-20 13:42,6.763,0.097,0,0,0,0,v
2014-08-20 13:48,6.765,0.086,0,0,0,0,v
2014-08-20 13:54,6.761,0.089,0,0,0,0,v
2014-08-20 14:00,6.754,0.091,0,0,0,0,v
2014-08-20 14:06,6.756,0.091,0,0,0,0,v
2014-08-20 14:12,6.755,0.103,0,0,0,0,v
2014-08-20 14:18,6.732,0.100,0,0,0,0,v
2014-08-20 14:24,6.732,0.118,0,0,0,0,v
2014-08-20 14:30,6.738,0.092,0,0,0,0,v
2014-08-20 14:36,6.738,0.095,0,0,0,0,v
2014-08-20 14:42,6.737,0.108,0,0,0,0,v
2014-08-20 14:48,6.742,0.103,0,0,0,0,v
2014-08-20 14:54,6.724,0.117,0,0,0,0,v
2014-08-20 15:00,6.738,0.094,0,0,0,0,v
2014-08-20 15:06,6.744,0.100,0,0,0,0,v
2014-08-20 15:12,6.744,0.084,0,0,0,0,v
2014-08-20 15:18,6.740,0.083,0,0,0,0,v
2014-08-20 15:24,6.745,0.110,0,0,0,0,v
2014-08-20 15:30,6.753,0.093,0,0,0,0,v
2014-08-20 15:36,6.734,0.108,0,0,0,0,v
2014-08-20 15:42,6.716,0.087,0,0,0,0,v
2014-08-20 15:48,6.723,0.090,0,0,0,0,v
2014-08-20 15:54,6.732,0.110,0,0,0,0,v
2014-08-20 16:00,6.739,0.098,0,0,0,0,v
2014-08-20 16:06,6.733,0.098,0,0,0,0,v
2014-08-20 16:12,6.750,0.098,0,0,0,0,v
2014-08-20 16:18,6.762,0.092,0,0,0,0,v
2014-08-20 16:24,6.769,0.089,0,0,0,0,v
2014-08-20 16:30,6.754,0.000,1,0,0,0,v
2014-08-20 16:36,6.738,0.070,0,0,0,0,v
2014-08-20 16:42,6.716,0.091,0,0,0,0,v
2014-08-20 16:48,6.735,0.095,0,0,0,0,v
2014-08-20 16:54,6.728,0.096,0,0,0,0,v
2014-08-20 17:00,6.728,0.000,1,0,0,0,v
2014-08-20 17:06,6.727,0.112,0,0,0,0,v
2014-08-20 17:12,6.715,0.090,0,0,0,0,v
2014-08-20 17:18,6.709,0.088,0,0,0,0,v
2014-08-20 17:24,6.692,0.074,0,0,0,0,v
2014-08-20 17:30,6.695,0.109,0,0,0,0,v
2014-08-20 17:36,6.692,0.095,0,0,0,0,v
2014-08-20 17:42,6.689,0.097,0,0,0,0,v
2014-08-20 17:48,6.695,0.113,0,0,0,0,v
2014-08-20 17:54,6.684,0.090,0,0,0,0,v
2014-08-20 18:00,6.691,0.094,0,0,0,0,v
2014-08-20 18:06,6.689,0.085,0,0,0,0,v
2014-08-20 18:12,6.679,0.080,0,0,0,0,v
2014-08-20 18:18,6.664,0.094,0,0,0,0,v
2014-08-20 18:24,6.666,0.084,0,0,0,0,v
2014-08-20 18:30,6.665,0.104,0,0,0,0,v
2014-08-20 18:36,6.641,0.083,0,0,0,0,v
2014-08-20 18:42,6.657,0.078,0,0,0,0,v
2014-08-20 18:48,6.635,0.093,0,0,0,0,v
2014-08-20 18:54,6.611,0.095,0,0,0,0,v
2014-08-20 19:00,6.623,0.089,0,0,0,0,v
2014-08-20 19:06,6.591,0.080,0,0,0,0,v
2014-08-20 19:12,6.587,0.093,0,0,0,0,v
2014-08-20 19:18,6.567,0.107,0,0,0,0,v
2014-08-20 19:24,6.558,0.095,0,0,0,0,v
2014-08-20 19:30,6.569,0.082,0,0,0,0,v
2014-08-20 19:36,6.534,0.114,0,0,0,0,v
2014-08-20 19:42,6.536,0.093,0,0,0,0,v
2014-08-20 19:48,6.554,0.085,0,0,0,0,v
2014-08-20 19:54,6.545,0.084,0,0,0,0,v
2014-08-20 20:00,6.543,0.094,0,0,0,0,v
2014-08-20 20:06,6.534,0.101,0,0,0,0,v
2014-08-20 20:12,6.491,0.097,0,0,0,0,v
2014-08-20 20:18,6.517,0.097,0,0,0,0,v
2014-08-20 20:24,6.500,0.095,0,0,0,0,v
2014-08-20 20:30,6.504,0.081,0,0,0,0,v
2014-08-20 20:36,6.508,0.105,0,0,0,0,v
2014-08-20 20:42,6.486,0.137,0,0,0,0,v
2014-08-20 20:48,6.475,0.108,0,0,0,0,v
2014-08-20 20:54,6.463,0.088,0,0,0,0,v
2014-08-20 21:00,6.458,0.098,0,0,0,0,v
2014-08-20 21:06,6.459,0.086,0,0,0,0,v
2014-08-20 21:12,6.473,0.106,0,0,0,0,v
2014-08-20 21:18,6.458,0.096,0,0,0,0,v
2014-08-20 21:24,6.441,0.107,0,0,0,0,v
2014-08-20 21:30,6.441,0.099,0,0,0,0,v
2014-08-20 21:36,6.435,0.117,0,0,0,0,v
2014-08-20 21:42,6.440,0.093,0,0,0,0,v
2014-08-20 21:48,6.440,0.101,0,0,0,0,v
2014-08-20 21:54,6.453,0.123,0,0,0,0,v
2014-08-20 22:00,6.437,0.110,0,0,0,0,v
2014-08-20 22:06,6.415,0.108,0,0,0,0,v
2014-08-20 22:12,6.402,0.102,0,0,0,0,v
2014-08-20 22:18,6.382,0.109,0,0,0,0,v
2014-08-20 22:24,6.390,0.121,0,0,0,0,v
2014-08-20 22:30,6.381,0.112,0,0,0,0,v
2014-08-20 22:36,6.393,0.104,0,0,0,0,v
2014-08-20 22:42,6.415,0.117,0,0,0,0,v
2014-08-20 22:48,6.407,0.121,0,0,0,0,v
2014-08-20 22:54,6.441,0.118,0,0,0,0,v
2014-08-20 23:00,6.434,0.115,0,0,0,0,v
2014-08-20 23:06,6.417,0.108,0,0,0,0,v
2014-08-20 23:12,6.408,0.139,0,0,0,0,v
2014-08-20 23:18,6.398,0.131,0,0,0,0,v
2014-08-20 23:24,6.419,0.138,0,0,0,0,v
2014-08-20 23:30,6.400,0.125,0,0,0,0,v
2014-08-20 23:36,6.398,0.132,0,0,0,0,v
2014-08-20 23:42,6.402,0.131,0,0,0,0,v
2014-08-20 23:48,6.406,0.128,0,0,0,0,v
2014-08-20 23:54,6.389,0.131,0,0,0,0,v
2014-08-21 00:00,6.404,0.128,0,0,0,0,v
2014-08-21 00:06,6.380,0.131,0,0,0,0,v
2014-08-21 00:12,6.393,0.131,0,0,0,0,v
2014-08-21 00:18,6.381,0.127,0,0,0,0,v
2014-08-21 00:24,6.350,0.134,0,0,0,0,v
2014-08-21 00:30,6.368,0.121,0,0,0,0,v
2014-08-21 00:36,6.367,0.114,0,0,0,0,v
2014-08-21 00:42,6.345,0.132,0,0,0,0,v
2014-08-21 00:48,6.351,0.140,0,0,0,0,v
2014-08-21 00:54,6.388,0.121,0,0,0,0,v
2014-08-21 01:00,6.373,0.140,0,0,0,0,v
2014-08-21 01:06,6.357,0.161,0,0,0,0,v
2014-08-21 01:12,6.401,0.129,0,0,0,0,v
2014-08-21 01:18,6.386,0.126,0,0,0,0,v
2014-08-21 01:24,6.407,0.123,0,0,0,0,v
2014-08-21 01:30,6.400,0.125,0,0,0,0,v
2014-08-21 01:36,6.402,0.120,0,0,0,0,v
2014-08-21 01:42,6.437,0.134,0,0,0,0,v
2014-08-21 01:48,6.414,0.147,0,0,0,0,v
2014-08-21 01:54,6.434,0.137,0,0,0,0,v
2014-08-21 02:00,6.447,0.114,0,0,0,0,v
2014-08-21 02:06,6.443,0.115,0,0,0,0,v
2014-08-21 02:12,6.443,0.145,0,0,0,0,v
2014-08-21 02:18,6.470,0.113,0,0,0,0,v
2014-08-21 02:24,6.455,0.104,0,0,0,0,v
2014-08-21 02:30,6.478,0.125,0,0,0,0,v
2014-08-21 02:36,6.479,0.123,0,0,0,0,v
2014-08-21 02:42,6.489,0.119,0,0,0,0,v
2014-08-21 02:48,6.500,0.127,0,0,0,0,v
2014-08-21 02:54,6.511,0.133,0,0,0,0,v
2014-08-21 03:00,6.521,0.125,0,0,0,0,v
2014-08-21 03:06,6.524,0.111,0,0,0,0,v
2014-08-21 03:12,6.536,0.118,0,0,0,0,v
2014-08-21 03:18,6.552,0.126,0,0,0,0,v
2014-08-21 03:24,6.554,0.131,0,0,0,0,v
2014-08-21 03:30,6.578,0.105,0,0,0,0,v
2014-08-21 03:36,6.571,0.127,0,0,0,0,v
2014-08-21 03:42,6.608,0.154,0,0,0,0,v
2014-08-21 03:48,6.628,0.129,0,0,0,0,v
2014-08-21 03:54,6.635,0.137,0,0,0,0,v
2014-08-21 04:00,6.649,0.138,0,0,0,0,v
2014-08-21 04:06,6.635,0.146,0,0,0,0,v
2014-08-21 04:12,6.649,0.133,0,0,0,0,v
2014-08-21 04:18,6.666,0.131,0,0,0,0,v
2014-08-21 04:24,6.673,0.135,0,0,0,0,v
2014-08-21 04:30,6.656,0.134,0,0,0,0,v
2014-08-21 04:36,6.678,0.131,0,0,0,0,v
2014-08-21 04:42,6.680,0.152,0,0,0,0,v
2014-08-21 04:48,6.668,0.120,0,0,0,0,v
2014-08-21 04:54,6.682,0.142,0,0,0,0,v
2014-08-21 05:00,6.673,0.126,0,0,0,0,v
2014-08-21 05:06,6.648,0.146,0,0,0,0,v
2014-08-21 05:12,6.668,0.136,0,0,0,0,v
2014-08-21 05:18,6.699,0.146,0,0,0,0,v
2014-08-21 05:24,6.716,0.133,0,0,0,0,v
2014-08-21 05:30,6.726,0.157,0,0,0,0,v
2014-08-21 05:36,6.729,0.124,0,0,0,0,v
2014-08-21 05:42,6.738,0.137,0,0,0,0,v
2014-08-21 05:48,6.749,0.133,0,0,0,0,v
2014-08-21 05:54,6.742,0.120,0,0,0,0,v
2014-08-21 06:00,6.724,0.166,0,0,0,0,v
2014-08-21 06:06,6.736,0.117,0,0,0,0,v
2014-08-21 06:12,6.721,0.138,0,0,0,0,v
2014-08-21 06:18,6.740,0.125,0,0,0,0,v
2014-08-21 06:24,6.766,0.145,0,0,0,0,v
2014-08-21 06:30,6.754,0.142,0,0,0,0,v
2014-08-21 06:36,6.774,0.159,0,0,0,0,v
2014-08-21 06:42,6.787,0.151,0,0,0,0,v
2014-08-21 06:48,6.787,0.146,0,0,0,0,v
2014-08-21 06:54,6.791,0.159,0,0,0,0,v
2014-08-21 07:00,6.796,0.167,0,0,0,0,v
2014-08-21 07:06,6.821,0.167,0,0,0,0,v
2014-08-21 07:12,6.791,0.153,0,0,0,0,v
2014-08-21 07:18,6.796,0.155,0,0,0,0,v
2014-08-21 07:24,6.827,0.151,0,0,0,0,v
2014-08-21 07:30,6.828,0.165,0,0,0,0,v
2014-08-21 07:36,6.835,0.138,0,0,0,0,v
2014-08-21 07:42,6.845,0.151,0,0,0,0,v
2014-08-21 07:48,6.821,0.163,0,0,0,0,v
2014-08-21 07:54,6.815,0.114,0,0,0,0,v
2014-08-21 08:00,6.808,0.151,0,0,0,0,v
2014-08-21 08:06,6.793,0.164,0,0,0,0,v
2014-08-21 08:12,6.788,0.136,0,0,0,0,v
2014-08-21 08:18,6.792,0.183,0,0,0,0,v
2014-08-21 08:24,6.796,0.151,0,0,0,0,v
2014-08-21 08:30,6.817,0.125,0,0,0,0,v
2014-08-21 08:36,6.798,0.128,0,0,0,0,v
2014-08-21 08:42,6.761,0.148,0,0,0,0,v
2014-08-21 08:48,6.784,0.168,0,0,0,0,v
2014-08-21 08:54,6.789,0.158,0,0,0,0,v
2014-08-21 09:00,6.779,0.182,0,0,0,0,v
2014-08-21 09:06,6.797,0.136,0,0,0,0,v
2014-08-21 09:12,6.785,0.159,0,0,0,0,v
2014-08-21 09:18,6.795,0.156,0,0,0,0,v
2014-08-21 09:24,6.785,0.183,0,0,0,0,v
2014-08-21 09:30,6.786,0.169,0,0,0,0,v
2014-08-21 09:36,6.804,0.150,0,0,0,0,v
2014-08-21 09:42,6.772,0.146,0,0,0,0,v
2014-08-21 09:48,6.792,0.156,0,0,0,0,v
2014-08-21 09:54,6.765,0.181,0,0,0,0,v
2014-08-21 10:00,6.722,0.172,0,0,0,0,v
2014-08-21 10:06,6.740,0.163,0,0,0,0,v
2014-08-21 10:12,6.748,0.162,0,0,0,0,v
2014-08-21 10:18,6.762,0.178,0,0,0,0,v
2014-08-21 10:24,6.766,0.137,0,0,0,0,v
2014-08-21 10:30,6.791,0.152,0,0,0,0,v
2014-08-21 10:36,6.766,0.144,0,0,0,0,v
2014-08-21 10:42,6.768,0.167,0,0,0,0,v
2014-08-21 10:48,6.798,0.163,0,0,0,0,v
2014-08-21 10:54,6.761,0.174,0,0,0,0,v
2014-08-21 11:00,6.774,0.165,0,0,0,0,v
2014-08-21 11:06,6.772,0.149,0,0,0,0,v
2014-08-21 11:12,6.803,0.163,0,0,0,0,v
2014-08-21 11:18,6.799,0.173,0,0,0,0,v
2014-08-21 11:24,6.812,0.148,0,0,0,0,v
2014-08-21 11:30,6.793,0.186,0,0,0,0,v
2014-08-21 11:36,6.771,0.152,0,0,0,0,v
2014-08-21 11:42,6.757,0.172,0,0,0,0,v
2014-08-21 11:48,6.778,0.152,0,0,0,0,v
2014-08-21 11:54,6.775,0.185,0,0,0,0,v
2014-08-21 12:00,6.771,0.151,0,0,0,0,v
2014-08-21 12:06,6.748,0.178,0,0,0,0,v
2014-08-21 12:12,6.764,0.156,0,0,0,0,v
2014-08-21 12:18,6.751,0.163,0,0,0,0,v
2014-08-21 12:24,6.728,0.142,0,0,0,0,v
2014-08-21 12:30,6.721,0.140,0,0,0,0,v
2014-08-21 12:36,6.707,0.182,0,0,0,0,v
2014-08-21 12:42,6.738,0.139,0,0,0,0,v
2014-08-21 12:48,6.739,0.147,0,0,0,0,v
2014-08-21 12:54,6.727,0.167,0,0,0,0,v
2014-08-21 13:00,6.729,0.145,0,0,0,0,v
2014-08-21 13:06,6.718,0.151,0,0,0,0,v
2014-08-21 13:12,6.726,0.163,0,0,0,0,v
2014-08-21 13:18,6.693,0.177,0,0,0,0,v
2014-08-21 13:24,6.706,0.143,0,0,0,0,v
2014-08-21 13:30,6.673,0.140,0,0,0,0,v
2014-08-21 13:36,6.681,0.162,0,0,0,0,v
2014-08-21 13:42,6.680,0.156,0,0,0,0,v
2014-08-21 13:48,6.660,0.172,0,0,0,0,v
2014-08-21 13:54,6.664,0.130,0,0,0,0,v
2014-08-21 14:00,6.669,0.147,0,0,0,0,v
2014-08-21 14:06,6.680,0.149,0,0,0,0,v
2014-08-21 14:12,6.685,0.132,0,0,0,0,v
2014-08-21 14:18,6.698,0.139,0,0,0,0,v
2014-08-21 14:24,6.682,0.151,0,0,0,0,v
2014-08-21 14:30,6.683,0.140,0,0,0,0,v
2014-08-21 14:36,6.688,0.148,0,0,0,0,v
2014-08-21 14:42,6.691,0.135,0,0,0,0,v
2014-08-21 14:48,6.672,0.155,0,0,0,0,v
2014-08-21 14:54,6.677,0.156,0,0,0,0,v
2014-08-21 15:00,6.667,0.141,0,0,0,0,v
2014-08-21 15:06,6.649,0.156,0,0,0,0,v
2014-08-21 15:12,6.635,0.136,0,0,0,0,v
2014-08-21 15:18,6.636,0.182,0,0,0,0,v
2014-08-21 15:24,6.652,0.130,0,0,0,0,v
2014-08-21 15:30,6.640,0.150,0,0,0,0,v
2014-08-21 15:36,6.652,0.147,0,0,0,0,v
2014-08-21 15:42,6.655,0.167,0,0,0,0,v
2014-08-21 15:48,6.669,0.138,0,0,0,0,v
2014-08-21 15:54,6.676,0.136,0,0,0,0,v
2014-08-21 16:00,6.679,0.147,0,0,0,0,v
2014-08-21 16:06,6.702,0.147,0,0,0,0,v
2014-08-21 16:12,6.691,0.134,0,0,0,0,v
2014-08-21 16:18,6.671,0.145,0,0,0,0,v
2014-08-21 16:24,6.670,0.158,0,0,0,0,v
2014-08-21 16:30,6.674,0.154,0,0,0,0,v
2014-08-21 16:36,6.681,0.145,0,0,0,0,v
2014-08-21 16:42,6.663,0.131,0,0,0,0,v
2014-08-21 16:48,6.680,0.131,0,0,0,0,v
2014-08-21 16:54,6.679,0.157,0,0,0,0,v
2014-08-21 17:00,6.678,0.148,0,0,0,0,v
2014-08-21 17:06,6.687,0.158,0,0,0,0,v
2014-08-21 17:12,6.683,0.132,0,0,0,0,v
2014-08-21 17:18,6.679,0.149,0,0,0,0,v
2014-08-21 17:24,6.675,0.162,0,0,0,0,v
2014-08-21 17:30,6.676,0.154,0,0,0,0,v
2014-08-21 17:36,6.644,0.147,0,0,0,0,v
2014-08-21 17:42,6.641,0.165,0,0,0,0,v
2014-08-21 17:48,6.647,0.138,0,0,0,0,v
2014-08-21 17:54,6.645,0.174,0,0,0,0,v
2014-08-21 18:00,6.637,0.163,0,0,0,0,v
2014-08-21 18:06,6.626,0.135,0,0,0,0,v
2014-08-21 18:12,6.635,0.126,0,0,0,0,v
2014-08-21 18:18,6.609,0.143,0,0,0,0,v
2014-08-21 18:24,6.602,0.137,0,0,0,0,v
2014-08-21 18:30,6.589,0.130,0,0,0,0,v
2014-08-21 18:36,6.591,0.130,0,0,0,0,v
2014-08-21 18:42,6.601,0.122,0,0,0,0,v
2014-08-21 18:48,6.617,0.134,0,0,0,0,v
2014-08-21 18:54,6.610,0.134,0,0,0,0,v
2014-08-21 19:00,6.589,0.155,0,0,0,0,v
2014-08-21 19:06,6.567,0.127,0,0,0,0,v
2014-08-21 19:12,6.551,0.140,0,0,0,0,v
2014-08-21 19:18,6.567,0.157,0,0,0,0,v
2014-08-21 19:24,6.552,0.139,0,0,0,0,v
2014-08-21 19:30,6.543,0.166,0,0,0,0,v
2014-08-21 19:36,6.503,0.149,0,0,0,0,v
2014-08-21 19:42,6.483,0.170,0,0,0,0,v
2014-08-21 19:48,6.497,0.133,0,0,0,0,v
2014-08-21 19:54,6.493,0.120,0,0,0,0,v
2014-08-21 20:00,6.512,0.147,0,0,0,0,v
2014-08-21 20:06,6.502,0.150,0,0,0,0,v
2014-08-21 20:12,6.480,0.141,0,0,0,0,v
2014-08-21 20:18,6.492,0.134,0,0,0,0,v
2014-08-21 20:24,6.486,0.144,0,0,0,0,v
2014-08-21 20:30,6.467,0.131,0,0,0,0,v
2014-08-21 20:36,6.446,0.125,0,0,0,0,v
2014-08-21 20:42,6.448,0.124,0,0,0,0,v
2014-08-21 20:48,6.453,0.142,0,0,0,0,v
2014-08-21 20:54,6.463,0.143,0,0,0,0,v
2014-08-21 21:00,6.458,0.140,0,0,0,0,v
2014-08-21 21:06,6.465,0.142,0,0,0,0,v
2014-08-21 21:12,6.476,0.136,0,0,0,0,v
2014-08-21 21:18,6.445,0.129,0,0,0,0,v
2014-08-21 21:24,6.452,0.118,0,0,0,0,v
2014-08-21 21:30,6.451,0.139,0,0,0,0,v
2014-08-21 21:36,6.454,0.136,0,0,0,0,v
2014-08-21 21:42,6.415,0.129,0,0,0,0,v
2014-08-21 21:48,6.391,0.133,0,0,0,0,v
2014-08-21 21:54,6.406,0.138,0,0,0,0,v
2014-08-21 22:00,6.410,0.117,0,0,0,0,v
2014-08-21 22:06,6.385,0.118,0,0,0,0,v
2014-08-21 22:12,6.410,0.119,0,0,0,0,v
2014-08-21 22:18,6.402,0.130,0,0,0,0,v
2014-08-21 22:24,6.416,0.123,0,0,0,0,v
2014-08-21 22:30,6.427,0.134,0,0,0,0,v
2014-08-21 22:36,6.419,0.126,0,0,0,0,v
2014-08-21 22:42,6.408,0.119,0,0,0,0,v
2014-08-21 22:48,6.398,0.117,0,0,0,0,v
2014-08-21 22:54,6.386,0.095,0,0,0,0,v
2014-08-21 23:00,6.365,0.145,0,0,0,0,v
2014-08-21 23:06,6.349,0.133,0,0,0,0,v
2014-08-21 23:12,6.342,0.120,0,0,0,0,v
2014-08-21 23:18,6.327,0.146,0,0,0,0,v
2014-08-21 23:24,6.360,0.127,0,0,0,0,v
2014-08-21 23:30,6.362,0.123,0,0,0,0,v
2014-08-21 23:36,6.339,0.131,0,0,0,0,v
2014-08-21 23:42,6.329,0.137,0,0,0,0,v
2014-08-21 23:48,6.316,0.121,0,0,0,0,v
2014-08-21 23:54,6.315,0.114,0,0,0,0,v
2014-08-22 00:00,6.303,0.130,0,0,0,0,v
2014-08-22 00:06,6.291,0.131,0,0,0,0,v
2014-08-22 00:12,6.283,0.151,0,0,0,0,v
2014-08-22 00:18,6.311,0.145,0,0,0,0,v
2014-08-22 00:24,6.292,0.115,0,0,0,0,v
2014-08-22 00:30,6.291,0.119,0,0,0,0,v
2014-08-22 00:36,6.328,0.119,0,0,0,0,v
2014-08-22 00:42,6.317,0.128,0,0,0,0,v
2014-08-22 00:48,6.309,0.120,0,0,0,0,v
2014-08-22 00:54,6.322,0.129,0,0,0,0,v
2014-08-22 01:00,6.336,0.123,0,0,0,0,v
2014-08-22 01:06,6.318,0.103,0,0,0,0,v
2014-08-22 01:12,6.312,0.127,0,0,0,0,v
2014-08-22 01:18,6.306,0.125,0,0,0,0,v
2014-08-22 01:24,6.315,0.121,0,0,0,0,v
2014-08-22 01:30,6.290,0.106,0,0,0,0,v
2014-08-22 01:36,6.333,0.117,0,0,0,0,v
2014-08-22 01:42,6.351,0.128,0,0,0,0,v
2014-08-22 01:48,6.327,0.109,0,0,0,0,v
2014-08-22 01:54,6.333,0.110,0,0,0,0,v
2014-08-22 02:00,6.324,0.117,0,0,0,0,v
2014-08-22 02:06,6.331,0.112,0,0,0,0,v
2014-08-22 02:12,6.366,0.103,0,0,0,0,v
2014-08-22 02:18,6.379,0.121,0,0,0,0,v
2014-08-22 02:24,6.372,0.122,0,0,0,0,v
2014-08-22 02:30,6.392,0.114,0,0,0,0,v
2014-08-22 02:36,6.404,0.122,0,0,0,0,v
2014-08-22 02:42,6.389,0.121,0,0,0,0,v
2014-08-22 02:48,6.420,0.107,0,0,0,0,v
2014-08-22 02:54,6.422,0.111,0,0,0,0,v
2014-08-22 03:00,6.430,0.113,0,0,0,0,v
2014-08-22 03:06,6.447,0.109,0,0,0,0,v
2014-08-22 03:12,6.448,0.122,0,0,0,0,v
2014-08-22 03:18,6.427,0.092,0,0,0,0,v
2014-08-22 03:24,6.432,0.109,0,0,0,0,v
2014-08-22 03:30,6.493,0.098,0,0,0,0,v
2014-08-22 03:36,6.467,0.112,0,0,0,0,v
2014-08-22 03:42,6.478,0.114,0,0,0,0,v
2014-08-22 03:48,6.493,0.127,0,0,0,0,v
2014-08-22 03:54,6.494,0.120,0,0,0,0,v
2014-08-22 04:00,6.469,0.108,0,0,0,0,v
2014-08-22 04:06,6.502,0.120,0,0,0,0,v
2014-08-22 04:12,6.478,0.126,0,0,0,0,v
2014-08-22 04:18,6.498,0.117,0,0,0,0,v
2014-08-22 04:24,6.524,0.104,0,0,0,0,v
2014-08-22 04:30,6.560,0.097,0,0,0,0,v
2014-08-22 04:36,6.566,0.115,0,0,0,0,v
2014-08-22 04:42,6.560,0.118,0,0,0,0,v
2014-08-22 04:48,6.576,0.108,0,0,0,0,v
2014-08-22 04:54,6.590,0.122,0,0,0,0,v
2014-08-22 05:00,6.598,0.124,0,0,0,0,v
2014-08-22 05:06,6.577,0.104,0,0,0,0,v
2014-08-22 05:12,6.561,0.112,0,0,0,0,v
2014-08-22 05:18,6.553,0.108,0,0,0,0,v
2014-08-22 05:24,6.566,0.101,0,0,0,0,v
2014-08-22 05:30,6.578,0.105,0,0,0,0,v
2014-08-22 05:36,6.609,0.126,0,0,0,0,v
2014-08-22 05:42,6.672,0.123,0,0,0,0,v
2014-08-22 05:48,6.665,0.133,0,0,0,0,v
2014-08-22 05:54,6.671,0.123,0,0,0,0,v
2014-08-22 06:00,6.641,0.097,0,0,0,0,v
2014-08-22 06:06,6.634,0.125,0,0,0,0,v
2014-08-22 06:12,6.648,0.120,0,0,0,0,v
2014-08-22 06:18,6.659,0.106,0,0,0,0,v
2014-08-22 06:24,6.649,0.126,0,0,0,0,v
2014-08-22 06:30,6.691,0.121,0,0,0,0,v
2014-08-22 06:36,6.702,0.111,0,0,0,0,v
2014-08-22 06:42,6.704,0.125,0,0,0,0,v
2014-08-22 06:48,6.707,0.113,0,0,0,0,v
2014-08-22 06:54,6.746,0.123,0,0,0,0,v
2014-08-22 07:00,6.725,0.111,0,0,0,0,v
2014-08-22 07:06,6.731,0.114,0,0,0,0,v
2014-08-22 07:12,6.715,0.121,0,0,0,0,v
2014-08-22 07:18,6.692,0.119,0,0,0,0,v
2014-08-22 07:24,6.676,0.128,0,0,0,0,v
2014-08-22 07:30,6.714,0.107,0,0,0,0,v
2014-08-22 07:36,6.738,0.109,0,0,0,0,v
2014-08-22 07:42,6.733,0.112,0,0,0,0,v
2014-08-22 07:48,6.733,0.121,0,0,0,0,v
2014-08-22 07:54,6.709,0.114,0,0,0,0,v
2014-08-22 08:00,6.737,0.120,0,0,0,0,v
2014-08-22 08:06,6.745,0.107,0,0,0,0,v
2014-08-22 08:12,6.730,0.117,0,0,0,0,v
2014-08-22 08:18,6.730,0.122,0,0,0,0,v
2014-08-22 08:24,6.740,0.119,0,0,0,0,v
2014-08-22 08:30,6.754,0.111,0,0,0,0,v
2014-08-22 08:36,6.767,0.106,0,0,0,0,v
2014-08-22 08:42,6.748,0.110,0,0,0,0,v
2014-08-22 08:48,6.744,0.119,0,0,0,0,v
2014-08-22 08:54,6.729,0.120,0,0,0,0,v
2014-08-22 09:00,6.741,0.101,0,0,0,0,v
2014-08-22 09:06,6.762,0.123,0,0,0,0,v
2014-08-22 09:12,6.732,0.133,0,0,0,0,v
2014-08-22 09:18,6.752,0.113,0,0,0,0,v
2014-08-22 09:24,6.734,0.114,0,0,0,0,v
2014-08-22 09:30,6.721,0.144,0,0,0,0,v
2014-08-22 09:36,6.730,0.123,0,0,0,0,v
2014-08-22 09:42,6.759,0.122,0,0,0,0,v
2014-08-22 09:48,6.765,0.118,0,0,0,0,v
2014-08-22 09:54,6.779,0.115,0,0,0,0,v
2014-08-22 10:00,6.788,0.129,0,0,0,0,v
2014-08-22 10:06,6.784,0.112,0,0,0,0,v
2014-08-22 10:12,6.775,0.125,0,0,0,0,v
2014-08-22 10:18,6.771,0.124,0,0,0,0,v
2014-08-22 10:24,6.773,0.115,0,0,0,0,v
2014-08-22 10:30,6.743,0.114,0,0,0,0,v
2014-08-22 10:36,6.727,0.149,0,0,0,0,v
2014-08-22 10:42,6.755,0.129,0,0,0,0,v
2014-08-22 10:48,6.739,0.113,0,0,0,0,v
2014-08-22 10:54,6.722,0.111,0,0,0,0,v
2014-08-22 11:00,6.732,0.130,0,0,0,0,v
2014-08-22 11:06,6.733,0.119,0,0,0,0,v
2014-08-22 11:12,6.727,0.135,0,0,0,0,v
2014-08-22 11:18,6.730,0.126,0,0,0,0,v
2014-08-22 11:24,6.739,0.114,0,0,0,0,v
2014-08-22 11:30,6.715,0.129,0,0,0,0,v
2014-08-22 11:36,6.683,0.122,0,0,0,0,v
2014-08-22 11:42,6.694,0.122,0,0,0,0,v
2014-08-22 11:48,6.728,0.111,0,0,0,0,v
2014-08-22 11:54,6.707,0.138,0,0,0,0,v
2014-08-22 12:00,6.714,0.133,0,0,0,0,v
2014-08-22 12:06,6.709,0.135,0,0,0,0,v
2014-08-22 12:12,6.679,0.135,0,0,0,0,v
2014-08-22 12:18,6.676,0.143,0,0,0,0,v
2014-08-22 12:24,6.687,0.125,0,0,0,0,v
2014-08-22 12:30,6.692,0.136,0,0,0,0,v
2014-08-22 12:36,6.693,0.132,0,0,0,0,v
2014-08-22 12:42,6.692,0.132,0,0,0,0,v
2014-08-22 12:48,6.718,0.116,0,0,0,0,v
2014-08-22 12:54,6.709,0.109,0,0,0,0,v
2014-08-22 13:00,6.726,0.122,0,0,0,0,v
2014-08-22 13:06,6.713,0.126,0,0,0,0,v
2014-08-22 13:12,6.694,0.150,0,0,0,0,v
2014-08-22 13:18,6.687,0.109,0,0,0,0,v
2014-08-22 13:24,6.695,0.112,0,0,0,0,v
2014-08-22 13:30,6.719,0.121,0,0,0,0,v
2014-08-22 13:36,6.708,0.129,0,0,0,0,v
2014-08-22 13:42,6.715,0.113,0,0,0,0,v
2014-08-22 13:48,6.689,0.118,0,0,0,0,v
2014-08-22 13:54,6.688,0.123,0,0,0,0,v
2014-08-22 14:00,6.667,0.150,0,0,0,0,v
2014-08-22 14:06,6.652,0.128,0,0,0,0,v
2014-08-22 14:12,6.638,0.116,0,0,0,0,v
2014-08-22 14:18,6.654,0.130,0,0,0,0,v
2014-08-22 14:24,6.652,0.115,0,0,0,0,v
2014-08-22 14:30,6.672,0.112,0,0,0,0,v
2014-08-22 14:36,6.671,0.125,0,0,0,0,v
2014-08-22 14:42,6.660,0.117,0,0,0,0,v
2014-08-22 14:48,6.644,0.122,0,0,0,0,v
2014-08-22 14:54,6.628,0.111,0,0,0,0,v
2014-08-22 15:00,6.641,0.135,0,0,0,0,v
2014-08-22 15:06,6.651,0.131,0,0,0,0,v
2014-08-22 15:12,6.656,0.124,0,0,0,0,v
2014-08-22 15:18,6.646,0.155,0,0,0,0,v
2014-08-22 15:24,6.637,0.117,0,0,0,0,v
2014-08-22 15:30,6.633,0.110,0,0,0,0,v
2014-08-22 15:36,6.609,0.106,0,0,0,0,v
2014-08-22 15:42,6.594,0.121,0,0,0,0,v
2014-08-22 15:48,6.616,0.118,0,0,0,0,v
2014-08-22 15:54,6.629,0.128,0,0,0,0,v
2014-08-22 16:00,6.674,0.123,0,0,0,0,v
2014-08-22 16:06,6.682,0.119,0,0,0,0,v
2014-08-22 16:12,6.661,0.118,0,0,0,0,v
2014-08-22 16:18,6.669,0.103,0,0,0,0,v
2014-08-22 16:24,6.670,0.120,0,0,0,0,v
2014-08-22 16:30,6.672,0.127,0,0,0,0,v
2014-08-22 16:36,6.676,0.135,0,0,0,0,v
2014-08-22 16:42,6.696,0.114,0,0,0,0,v
2014-08-22 16:48,6.708,0.111,0,0,0,0,v
2014-08-22 16:54,6.676,0.123,0,0,0,0,v
2014-08-22 17:00,6.648,0.130,0,0,0,0,v
2014-08-22 17:06,6.648,0.134,0,0,0,0,v
2014-08-22 17:12,6.637,0.100,0,0,0,0,v
2014-08-22 17:18,6.633,0.110,0,0,0,0,v
2014-08-22 17:24,6.657,0.120,0,0,0,0,v
2014-08-22 17:30,6.666,0.122,0,0,0,0,v
2014-08-22 17:36,6.670,0.127,0,0,0,0,v
2014-08-22 17:42,6.650,0.120,0,0,0,0,v
2014-08-22 17:48,6.629,0.130,0,0,0,0,v
2014-08-22 17:54,6.621,0.114,0,0,0,0,v
2014-08-22 18:00,6.629,0.121,0,0,0,0,v
2014-08-22 18:06,6.636,0.101,0,0,0,0,v
2014-08-22 18:12,6.641,0.115,0,0,0,0,v
2014-08-22 18:18,6.667,0.110,0,0,0,0,v
2014-08-22 18:24,6.645,0.081,0,0,0,0,v
2014-08-22 18:30,6.645,0.121,0,0,0,0,v
2014-08-22 18:36,6.612,0.094,0,0,0,0,v
2014-08-22 18:42,6.593,0.134,0,0,0,0,v
2014-08-22 18:48,6.601,0.101,0,0,0,0,v
2014-08-22 18:54,6.603,0.107,0,0,0,0,v
2014-08-22 19:00,6.594,0.127,0,0,0,0,v
2014-08-22 19:06,6.576,0.113,0,0,0,0,v
2014-08-22 19:12,6.569,0.125,0,0,0,0,v
2014-08-22 19:18,6.569,0.116,0,0,0,0,v
2014-08-22 19:24,6.578,0.110,0,0,0,0,v
2014-08-22 19:30,6.553,0.105,0,0,0,0,v
2014-08-22 19:36,6.581,0.126,0,0,0,0,v
2014-08-22 19:42,6.585,0.098,0,0,0,0,v
2014-08-22 19:48,6.587,0.118,0,0,0,0,v
2014-08-22 19:54,6.550,0.120,0,0,0,0,v
2014-08-22 20:00,6.540,0.117,0,0,0,0,v
2014-08-22 20:06,6.546,0.131,0,0,0,0,v
2014-08-22 20:12,6.538,0.119,0,0,0,0,v
2014-08-22 20:18,6.560,0.101,0,0,0,0,v
2014-08-22 20:24,6.545,0.105,0,0,0,0,v
2014-08-22 20:30,6.508,0.100,0,0,0,0,v
2014-08-22 20:36,6.480,0.096,0,0,0,0,v
2014-08-22 20:42,6.470,0.123,0,0,0,0,v
2014-08-22 20:48,6.488,0.119,0,0,0,0,v
2014-08-22 20:54,6.504,0.107,0,0,0,0,v
2014-08-22 21:00,6.489,0.093,0,0,0,0,v
2014-08-22 21:06,6.467,0.114,0,0,0,0,v
2014-08-22 21:12,6.481,0.092,0,0,0,0,v
2014-08-22 21:18,6.481,0.088,0,0,0,0,v
2014-08-22 21:24,6.504,0.115,0,0,0,0,v
2014-08-22 21:30,6.489,0.111,0,0,0,0,v
2014-08-22 21:36,6.476,0.102,0,0,0,0,v
2014-08-22 21:42,6.518,0.104,0,0,0,0,v
2014-08-22 21:48,6.485,0.098,0,0,0,0,v
2014-08-22 21:54,6.464,0.102,0,0,0,0,v
2014-08-22 22:00,6.429,0.121,0,0,0,0,v
2014-08-22 22:06,6.430,0.127,0,0,0,0,v
2014-08-22 22:12,6.401,0.112,0,0,0,0,v
2014-08-22 22:18,6.399,0.105,0,0,0,0,v
2014-08-22 22:24,6.394,0.107,0,0,0,0,v
2014-08-22 22:30,6.378,0.099,0,0,0,0,v
2014-08-22 22:36,6.372,0.097,0,0,0,0,v
2014-08-22 22:42,6.393,0.093,0,0,0,0,v
2014-08-22 22:48,6.379,0.096,0,0,0,0,v
2014-08-22 22:54,6.395,0.090,0,0,0,0,v
2014-08-22 23:00,6.426,0.089,0,0,0,0,v
2014-08-22 23:06,6.405,0.088,0,0,0,0,v
2014-08-22 23:12,6.391,0.083,0,0,0,0,v
2014-08-22 23:18,6.374,0.081,0,0,0,0,v
2014-08-22 23:24,6.381,0.098,0,0,0,0,v
2014-08-22 23:30,6.378,0.101,0,0,0,0,v
2014-08-22 23:36,6.393,0.091,0,0,0,0,v
2014-08-22 23:42,6.362,0.077,0,0,0,0,v
2014-08-22 23:48,6.377,0.094,0,0,0,0,v
2014-08-22 23:54,6.359,0.110,0,0,0,0,v
2014-08-23 00:00,6.365,0.094,0,0,0,0,v
2014-08-23 00:06,6.359,0.089,0,0,0,0,v
2014-08-23 00:12,6.317,0.099,0,0,0,0,v
2014-08-23 00:18,6.307,0.090,0,0,0,0,v
2014-08-23 00:24,6.340,0.089,0,0,0,0,v
2014-08-23 00:30,6.326,0.070,0,0,0,0,v
2014-08-23 00:36,6.329,0.096,0,0,0,0,v
2014-08-23 00:42,6.334,0.094,0,0,0,0,v
2014-08-23 00:48,6.322,0.083,0,0,0,0,v
2014-08-23 00:54,6.339,0.085,0,0,0,0,v
2014-08-23 01:00,6.333,0.065,0,0,0,0,v
2014-08-23 01:06,6.343,0.084,0,0,0,0,v
2014-08-23 01:12,6.351,0.091,0,0,0,0,v
2014-08-23 01:18,6.345,0.091,0,0,0,0,v
2014-08-23 01:24,6.337,0.072,0,0,0,0,v
2014-08-23 01:30,6.336,0.078,0,0,0,0,v
2014-08-23 01:36,6.331,0.100,0,0,0,0,v
2014-08-23 01:42,6.327,0.070,0,0,0,0,v
2014-08-23 01:48,6.315,0.091,0,0,0,0,v
2014-08-23 01:54,6.351,0.069,0,0,0,0,v
2014-08-23 02:00,6.350,0.073,0,0,0,0,v
2014-08-23 02:06,6.345,0.072,0,0,0,0,v
2014-08-23 02:12,6.360,0.069,0,0,0,0,v
2014-08-23 02:18,6.360,0.070,0,0,0,0,v
2014-08-23 02:24,6.387,0.072,0,0,0,0,v
2014-08-23 02:30,6.395,0.073,0,0,0,0,v
2014-08-23 02:36,6.351,0.077,0,0,0,0,v
2014-08-23 02:42,6.349,0.079,0,0,0,0,v
2014-08-23 02:48,6.346,0.070,0,0,0,0,v
2014-08-23 02:54,6.361,0.070,0,0,0,0,v
2014-08-23 03:00,6.376,0.085,0,0,0,0,v
2014-08-23 03:06,6.388,0.076,0,0,0,0,v
2014-08-23 03:12,6.398,0.069,0,0,0,0,v
2014-08-23 03:18,6.412,0.060,0,0,0,0,v
2014-08-23 03:24,6.418,0.076,0,0,0,0,v
2014-08-23 03:30,6.404,0.080,0,0,0,0,v
2014-08-23 03:36,6.424,0.070,0,0,0,0,v
2014-08-23 03:42,6.439,0.074,0,0,0,0,v
2014-08-23 03:48,6.459,0.083,0,0,0,0,v
2014-08-23 03:54,6.465,0.083,0,0,0,0,v
2014-08-23 04:00,6.453,0.074,0,0,0,0,v
2014-08-23 04:06,6.486,0.077,0,0,0,0,v
2014-08-23 04:12,6.510,0.076,0,0,0,0,v
2014-08-23 04:18,6.533,0.085,0,0,0,0,v
2014-08-23 04:24,6.548,0.071,0,0,0,0,v
2014-08-23 04:30,6.545,0.077,0,0,0,0,v
2014-08-23 04:36,6.541,0.073,0,0,0,0,v
2014-08-23 04:42,6.561,0.083,0,0,0,0,v
2014-08-23 04:48,6.552,0.082,0,0,0,0,v
2014-08-23 04:54,6.540,0.079,0,0,0,0,v
2014-08-23 05:00,6.544,0.077,0,0,0,0,v
2014-08-23 05:06,6.563,0.075,0,0,0,0,v
2014-08-23 05:12,6.595,0.081,0,0,0,0,v
2014-08-23 05:18,6.592,0.079,0,0,0,0,v
2014-08-23 05:24,6.604,0.089,0,0,0,0,v
2014-08-23 05:30,6.613,0.077,0,0,0,0,v
2014-08-23 05:36,6.576,0.087,0,0,0,0,v
2014-08-23 05:42,6.582,0.083,0,0,0,0,v
2014-08-23 05:48,6.596,0.081,0,0,0,0,v
2014-08-23 05:54,6.603,0.082,0,0,0,0,v
2014-08-23 06:00,6.617,0.082,0,0,0,0,v
2014-08-23 06:06,6.661,0.084,0,0,0,0,v
2014-08-23 06:12,6.673,0.083,0,0,0,0,v
2014-08-23 06:18,6.665,0.081,0,0,0,0,v
2014-08-23 06:24,6.690,0.075,0,0,0,0,v
2014-08-23 06:30,6.706,0.082,0,0,0,0,v
2014-08-23 06:36,6.682,0.096,0,0,0,0,v
2014-08-23 06:42,6.702,0.075,0,0,0,0,v
2014-08-23 06:48,6.700,0.087,0,0,0,0,v
2014-08-23 06:54,6.711,0.079,0,0,0,0,v
2014-08-23 07:00,6.716,0.092,0,0,0,0,v
2014-08-23 07:06,6.735,0.087,0,0,0,0,v
2014-08-23 07:12,6.750,0.087,0,0,0,0,v
2014-08-23 07:18,6.769,0.078,0,0,0,0,v
2014-08-23 07:24,6.782,0.090,0,0,0,0,v
2014-08-23 07:30,6.769,0.086,0,0,0,0,v
2014-08-23 07:36,6.757,0.087,0,0,0,0,v
2014-08-23 07:42,6.757,0.097,0,0,0,0,v
2014-08-23 07:48,6.754,0.084,0,0,0,0,v
2014-08-23 07:54,6.764,0.084,0,0,0,0,v
2014-08-23 08:00,6.756,0.081,0,0,0,0,v
2014-08-23 08:06,6.753,0.080,0,0,0,0,v
2014-08-23 08:12,6.751,0.062,0,0,0,0,v
2014-08-23 08:18,6.748,0.076,0,0,0,0,v
2014-08-23 08:24,6.748,0.070,0,0,0,0,v
2014-08-23 08:30,6.737,0.090,0,0,0,0,v
2014-08-23 08:36,6.766,0.078,0,0,0,0,v
2014-08-23 08:42,6.741,0.074,0,0,0,0,v
2014-08-23 08:48,6.747,0.084,0,0,0,0,v
2014-08-23 08:54,6.767,0.079,0,0,0,0,v
2014-08-23 09:00,6.760,0.083,0,0,0,0,v
2014-08-23 09:06,6.764,0.081,0,0,0,0,v
2014-08-23 09:12,6.781,0.077,0,0,0,0,v
2014-08-23 09:18,6.771,0.075,0,0,0,0,v
2014-08-23 09:24,6.789,0.069,0,0,0,0,v
2014-08-23 09:30,6.809,0.085,0,0,0,0,v
2014-08-23 09:36,6.810,0.076,0,0,0,0,v
2014-08-23 09:42,6.812,0.091,0,0,0,0,v
2014-08-23 09:48,6.796,0.085,0,0,0,0,v
2014-08-23 09:54,6.798,0.074,0,0,0,0,v
2014-08-23 10:00,6.795,0.081,0,0,0,0,v
2014-08-23 10:06,6.800,0.076,0,0,0,0,v
2014-08-23 10:12,6.807,0.082,0,0,0,0,v
2014-08-23 10:18,6.791,0.079,0,0,0,0,v
2014-08-23 10:24,6.760,0.081,0,0,0,0,v
2014-08-23 10:30,6.792,0.075,0,0,0,0,v
2014-08-23 10:36,6.793,0.074,0,0,0,0,v
2014-08-23 10:42,6.798,0.071,0,0,0,0,v
2014-08-23 10:48,6.803,0.073,0,0,0,0,v
2014-08-23 10:54,6.787,0.071,0,0,0,0,v
2014-08-23 11:00,6.799,0.076,0,0,0,0,v
2014-08-23 11:06,6.798,0.082,0,0,0,0,v
2014-08-23 11:12,6.810,0.080,0,0,0,0,v
2014-08-23 11:18,6.790,0.069,0,0,0,0,v
2014-08-23 11:24,6.794,0.083,0,0,0,0,v
2014-08-23 11:30,6.770,0.072,0,0,0,0,v
2014-08-23 11:36,6.759,0.083,0,0,0,0,v
2014-08-23 11:42,6.759,0.070,0,0,0,0,v
2014-08-23 11:48,6.775,0.080,0,0,0,0,v
2014-08-23 11:54,6.770,0.076,0,0,0,0,v
2014-08-23 12:00,6.731,0.087,0,0,0,0,v
2014-08-23 12:06,6.716,0.085,0,0,0,0,v
2014-08-23 12:12,6.712,0.077,0,0,0,0,v
2014-08-23 12:18,6.737,0.074,0,0,0,0,v
2014-08-23 12:24,6.739,0.093,0,0,0,0,v
2014-08-23 12:30,6.756,0.093,0,0,0,0,v
2014-08-23 12:36,6.752,0.079,0,0,0,0,v
2014-08-23 12:42,6.769,0.084,0,0,0,0,v
2014-08-23 12:48,6.733,0.077,0,0,0,0,v
2014-08-23 12:54,6.727,0.065,0,0,0,0,v
2014-08-23 13:00,6.721,0.093,0,0,0,0,v
2014-08-23 13:06,6.732,0.079,0,0,0,0,v
2014-08-23 13:12,6.747,0.075,0,0,0,0,v
2014-08-23 13:18,6.739,0.083,0,0,0,0,v
2014-08-23 13:24,6.715,0.078,0,0,0,0,v
2014-08-23 13:30,6.743,0.092,0,0,0,0,v
2014-08-23 13:36,6.724,0.079,0,0,0,0,v
2014-08-23 13:42,6.716,0.080,0,0,0,0,v
2014-08-23 13:48,6.713,0.075,0,0,0,0,v
2014-08-23 13:54,6.687,0.082,0,0,0,0,v
2014-08-23 14:00,6.700,0.071,0,0,0,0,v
2014-08-23 14:06,6.667,0.076,0,0,0,0,v
2014-08-23 14:12,6.669,0.076,0,0,0,0,v
2014-08-23 14:18,6.690,0.085,0,0,0,0,v
2014-08-23 14:24,6.712,0.081,0,0,0,0,v
2014-08-23 14:30,6.707,0.075,0,0,0,0,v
2014-08-23 14:36,6.705,0.076,0,0,0,0,v
2014-08-23 14:42,6.696,0.090,0,0,0,0,v
2014-08-23 14:48,6.703,0.086,0,0,0,0,v
2014-08-23 14:54,6.693,0.073,0,0,0,0,v
2014-08-23 15:00,6.689,0.067,0,0,0,0,v
2014-08-23 15:06,6.678,0.081,0,0,0,0,v
2014-08-23 15:12,6.676,0.075,0,0,0,0,v
2014-08-23 15:18,6.674,0.080,0,0,0,0,v
2014-08-23 15:24,6.658,0.076,0,0,0,0,v
2014-08-23 15:30,6.664,0.074,0,0,0,0,v
2014-08-23 15:36,6.685,0.076,0,0,0,0,v
2014-08-23 15:42,6.667,0.071,0,0,0,0,v
2014-08-23 15:48,6.664,0.073,0,0,0,0,v
2014-08-23 15:54,6.663,0.073,0,0,0,0,v
2014-08-23 16:00,6.682,0.073,0,0,0,0,v
2014-08-23 16:06,6.676,0.081,0,0,0,0,v
2014-08-23 16:12,6.696,0.074,0,0,0,0,v
2014-08-23 16:18,6.710,0.068,0,0,0,0,v
2014-08-23 16:24,6.696,0.072,0,0,0,0,v
2014-08-23 16:30,6.717,0.075,0,0,0,0,v
2014-08-23 16:36,6.713,0.073,0,0,0,0,v
2014-08-23 16:42,6.698,0.073,0,0,0,0,v
2014-08-23 16:48,6.688,0.070,0,0,0,0,v
2014-08-23 16:54,6.702,0.075,0,0,0,0,v
2014-08-23 17:00,6.680,0.071,0,0,0,0,v
2014-08-23 17:06,6.671,0.075,0,0,0,0,v
2014-08-23 17:12,6.681,0.077,0,0,0,0,v
2014-08-23 17:18,6.672,0.079,0,0,0,0,v
2014-08-23 17:24,6.673,0.073,0,0,0,0,v
2014-08-23 17:30,6.684,0.067,0,0,0,0,v
2014-08-23 17:36,6.698,0.070,0,0,0,0,v
2014-08-23 17:42,6.693,0.069,0,0,0,0,v
2014-08-23 17:48,6.688,0.069,0,0,0,0,v
2014-08-23 17:54,6.709,0.069,0,0,0,0,v
2014-08-23 18:00,6.705,0.058,0,0,0,0,v
2014-08-23 18:06,6.707,0.073,0,0,0,0,v
2014-08-23 18:12,6.707,0.074,0,0,0,0,v
2014-08-23 18:18,6.690,0.065,0,0,0,0,v
2014-08-23 18:24,6.707,0.072,0,0,0,0,v
2014-08-23 18:30,6.691,0.074,0,0,0,0,v
2014-08-23 18:36,6.693,0.081,0,0,0,0,v
2014-08-23 18:42,6.677,0.059,0,0,0,0,v
2014-08-23 18:48,6.676,0.082,0,0,0,0,v
2014-08-23 18:54,6.671,0.074,0,0,0,0,v
2014-08-23 19:00,6.697,0.076,0,0,0,0,v
2014-08-23 19:06,6.701,0.066,0,0,0,0,v
2014-08-23 19:12,6.697,0.073,0,0,0,0,v
2014-08-23 19:18,6.689,0.055,0,0,0,0,v
2014-08-23 19:24,6.681,0.067,0,0,0,0,v
2014-08-23 19:30,6.683,0.059,0,0,0,0,v
2014-08-23 19:36,6.670,0.071,0,0,0,0,v
2014-08-23 19:42,6.644,0.063,0,0,0,0,v
2014-08-23 19:48,6.642,0.073,0,0,0,0,v
2014-08-23 19:54,6.651,0.059,0,0,0,0,v
2014-08-23 20:00,6.635,0.068,0,0,0,0,v
2014-08-23 20:06,6.592,0.080,0,0,0,0,v
2014-08-23 20:12,6.594,0.070,0,0,0,0,v
2014-08-23 20:18,6.602,0.071,0,0,0,0,v
2014-08-23 20:24,6.602,0.070,0,0,0,0,v
2014-08-23 20:30,6.615,0.072,0,0,0,0,v
2014-08-23 20:36,6.599,0.066,0,0,0,0,v
2014-08-23 20:42,6.608,0.068,0,0,0,0,v
2014-08-23 20:48,6.602,0.066,0,0,0,0,v
2014-08-23 20:54,6.610,0.056,0,0,0,0,v
2014-08-23 21:00,6.603,0.067,0,0,0,0,v
2014-08-23 21:06,6.588,0.068,0,0,0,0,v
2014-08-23 21:12,6.597,0.059,0,0,0,0,v
2014-08-23 21:18,6.593,0.060,0,0,0,0,v
2014-08-23 21:24,6.587,0.074,0,0,0,0,v
2014-08-23 21:30,6.587,0.056,0,0,0,0,v
2014-08-23 21:36,6.599,0.056,0,0,0,0,v
2014-08-23 21:42,6.584,0.070,0,0,0,0,v
2014-08-23 21:48,6.595,0.062,0,0,0,0,v
2014-08-23 21:54,6.599,0.073,0,0,0,0,v
2014-08-23 22:00,6.567,0.071,0,0,0,0,v
2014-08-23 22:06,6.565,0.057,0,0,0,0,v
2014-08-23 22:12,6.556,0.059,0,0,0,0,v
2014-08-23 22:18,6.545,0.062,0,0,0,0,v
2014-08-23 22:24,6.499,0.068,0,0,0,0,v
2014-08-23 22:30,6.508,0.068,0,0,0,0,v
2014-08-23 22:36,6.520,0.069,0,0,0,0,v
2014-08-23 22:42,6.514,0.059,0,0,0,0,v
2014-08-23 22:48,6.508,0.066,0,0,0,0,v
2014-08-23 22:54,6.499,0.065,0,0,0,0,v
2014-08-23 23:00,6.487,0.067,0,0,0,0,v
2014-08-23 23:06,6.485,0.072,0,0,0,0,v
2014-08-23 23:12,6.462,0.065,0,0,0,0,v
2014-08-23 23:18,6.468,0.077,0,0,0,0,v
2014-08-23 23:24,6.463,0.071,0,0,0,0,v
2014-08-23 23:30,6.471,0.069,0,0,0,0,v
2014-08-23 23:36,6.461,0.061,0,0,0,0,v
2014-08-23 23:42,6.438,0.072,0,0,0,0,v
2014-08-23 23:48,6.424,0.068,0,0,0,0,v
2014-08-23 23:54,6.428,0.063,0,0,0,0,v
2014-08-24 00:00,6.429,0.069,0,0,0,0,v
2014-08-24 00:06,6.414,0.079,0,0,0,0,v
2014-08-24 00:12,6.400,0.082,0,0,0,0,v
2014-08-24 00:18,6.399,0.067,0,0,0,0,v
2014-08-24 00:24,6.401,0.062,0,0,0,0,v
2014-08-24 00:30,6.404,0.062,0,0,0,0,v
2014-08-24 00:36,6.401,0.065,0,0,0,0,v
2014-08-24 00:42,6.421,0.066,0,0,0,0,v
2014-08-24 00:48,6.422,0.071,0,0,0,0,v
2014-08-24 00:54,6.413,0.073,0,0,0,0,v
2014-08-24 01:00,6.370,0.068,0,0,0,0,v
2014-08-24 01:06,6.356,0.057,0,0,0,0,v
2014-08-24 01:12,6.345,0.061,0,0,0,0,v
2014-08-24 01:18,6.352,0.073,0,0,0,0,v
2014-08-24 01:24,6.381,0.078,0,0,0,0,v
2014-08-24 01:30,6.385,0.056,0,0,0,0,v
2014-08-24 01:36,6.409,0.083,0,0,0,0,v
2014-08-24 01:42,6.396,0.079,0,0,0,0,v
2014-08-24 01:48,6.387,0.080,0,0,0,0,v
2014-08-24 01:54,6.395,0.087,0,0,0,0,v
2014-08-24 02:00,6.399,0.065,0,0,0,0,v
2014-08-24 02:06,6.404,0.074,0,0,0,0,v
2014-08-24 02:12,6.408,0.064,0,0,0,0,v
2014-08-24 02:18,6.409,0.077,0,0,0,0,v
2014-08-24 02:24,6.399,0.074,0,0,0,0,v
2014-08-24 02:30,6.419,0.069,0,0,0,0,v
2014-08-24 02:36,6.386,0.072,0,0,0,0,v
2014-08-24 02:42,6.382,0.093,0,0,0,0,v
2014-08-24 02:48,6.389,0.080,0,0,0,0,v
2014-08-24 02:54,6.397,0.082,0,0,0,0,v
2014-08-24 03:00,6.405,0.066,0,0,0,0,v
2014-08-24 03:06,6.420,0.081,0,0,0,0,v
2014-08-24 03:12,6.409,0.074,0,0,0,0,v
2014-08-24 03:18,6.405,0.081,0,0,0,0,v
2014-08-24 03:24,6.440,0.080,0,0,0,0,v
2014-08-24 03:30,6.428,0.083,0,0,0,0,v
2014-08-24 03:36,6.446,0.081,0,0,0,0,v
2014-08-24 03:42,6.452,0.090,0,0,0,0,v
2014-08-24 03:48,6.472,0.094,0,0,0,0,v
2014-08-24 03:54,6.455,0.084,0,0,0,0,v
2014-08-24 04:00,6.449,0.095,0,0,0,0,v
2014-08-24 04:06,6.460,0.082,0,0,0,0,v
2014-08-24 04:12,6.469,0.085,0,0,0,0,v
2014-08-24 04:18,6.487,0.078,0,0,0,0,v
2014-08-24 04:24,6.495,0.093,0,0,0,0,v
2014-08-24 04:30,6.522,0.087,0,0,0,0,v
2014-08-24 04:36,6.528,0.096,0,0,0,0,v
2014-08-24 04:42,6.528,0.076,0,0,0,0,v
2014-08-24 04:48,6.527,0.087,0,0,0,0,v
2014-08-24 04:54,6.537,0.084,0,0,0,0,v
2014-08-24 05:00,6.533,0.087,0,0,0,0,v
2014-08-24 05:06,6.580,0.088,0,0,0,0,v
2014-08-24 05:12,6.570,0.095,0,0,0,0,v
2014-08-24 05:18,6.557,0.098,0,0,0,0,v
2014-08-24 05:24,6.544,0.076,0,0,0,0,v
2014-08-24 05:30,6.570,0.085,0,0,0,0,v
2014-08-24 05:36,6.575,0.081,0,0,0,0,v
2014-08-24 05:42,6.598,0.096,0,0,0,0,v
2014-08-24 05:48,6.576,0.094,0,0,0,0,v
2014-08-24 05:54,6.607,0.089,0,0,0,0,v
2014-08-24 06:00,6.608,0.099,0,0,0,0,v
2014-08-24 06:06,6.644,0.080,0,0,0,0,v
2014-08-24 06:12,6.643,0.101,0,0,0,0,v
2014-08-24 06:18,6.644,0.086,0,0,0,0,v
2014-08-24 06:24,6.659,0.081,0,0,0,0,v
2014-08-24 06:30,6.665,0.096,0,0,0,0,v
2014-08-24 06:36,6.687,0.094,0,0,0,0,v
2014-08-24 06:42,6.668,0.082,0,0,0,0,v
2014-08-24 06:48,6.680,0.087,0,0,0,0,v
2014-08-24 06:54,6.694,0.097,0,0,0,0,v
2014-08-24 07:00,6.706,0.085,0,0,0,0,v
2014-08-24 07:06,6.694,0.102,0,0,0,0,v
2014-08-24 07:12,6.701,0.090,0,0,0,0,v
2014-08-24 07:18,6.704,0.103,0,0,0,0,v
2014-08-24 07:24,6.707,0.088,0,0,0,0,v
2014-08-24 07:30,6.714,0.098,0,0,0,0,v
2014-08-24 07:36,6.727,0.092,0,0,0,0,v
2014-08-24 07:42,6.727,0.090,0,0,0,0,v
2014-08-24 07:48,6.723,0.086,0,0,0,0,v
2014-08-24 07:54,6.728,0.072,0,0,0,0,v
2014-08-24 08:00,6.731,0.075,0,0,0,0,v
2014-08-24 08:06,6.737,0.081,0,0,0,0,v
2014-08-24 08:12,6.762,0.078,0,0,0,0,v
2014-08-24 08:18,6.760,0.092,0,0,0,0,v
2014-08-24 08:24,6.751,0.090,0,0,0,0,v
2014-08-24 08:30,6.753,0.087,0,0,0,0,v
2014-08-24 08:36,6.752,0.076,0,0,0,0,v
2014-08-24 08:42,6.774,0.081,0,0,0,0,v
2014-08-24 08:48,6.782,0.110,0,0,0,0,v
2014-08-24 08:54,6.784,0.093,0,0,0,0,v
2014-08-24 09:00,6.778,0.090,0,0,0,0,v
2014-08-24 09:06,6.783,0.100,0,0,0,0,v
2014-08-24 09:12,6.770,0.080,0,0,0,0,v
2014-08-24 09:18,6.759,0.109,0,0,0,0,v
2014-08-24 09:24,6.782,0.082,0,0,0,0,v
2014-08-24 09:30,6.747,0.100,0,0,0,0,v
2014-08-24 09:36,6.747,0.086,0,0,0,0,v
2014-08-24 09:42,6.738,0.084,0,0,0,0,v
2014-08-24 09:48,6.758,0.079,0,0,0,0,v
2014-08-24 09:54,6.761,0.079,0,0,0,0,v
2014-08-24 10:00,6.783,0.091,0,0,0,0,v
2014-08-24 10:06,6.788,0.084,0,0,0,0,v
2014-08-24 10:12,6.790,0.088,0,0,0,0,v
2014-08-24 10:18,6.811,0.079,0,0,0,0,v
2014-08-24 10:24,6.811,0.099,0,0,0,0,v
2014-08-24 10:30,6.819,0.090,0,0,0,0,v
2014-08-24 10:36,6.792,0.082,0,0,0,0,v
2014-08-24 10:42,6.781,0.079,0,0,0,0,v
2014-08-24 10:48,6.767,0.077,0,0,0,0,v
2014-08-24 10:54,6.745,0.080,0,0,0,0,v
2014-08-24 11:00,6.753,0.077,0,0,0,0,v
2014-08-24 11:06,6.776,0.091,0,0,0,0,v
2014-08-24 11:12,6.760,0.092,0,0,0,0,v
2014-08-24 11:18,6.759,0.093,0,0,0,0,v
2014-08-24 11:24,6.766,0.091,0,0,0,0,v
2014-08-24 11:30,6.766,0.082,0,0,0,0,v
2014-08-24 11:36,6.770,0.083,0,0,0,0,v
2014-08-24 11:42,6.766,0.076,0,0,0,0,v
2014-08-24 11:48,6.769,0.085,0,0,0,0,v
2014-08-24 11:54,6.773,0.080,0,0,0,0,v
2014-08-24 12:00,6.785,0.089,0,0,0,0,v
2014-08-24 12:06,6.765,0.067,0,0,0,0,v
2014-08-24 12:12,6.754,0.063,0,0,0,0,v
2014-08-24 12:18,6.744,0.073,0,0,0,0,v
2014-08-24 12:24,6.733,0.090,0,0,0,0,v
2014-08-24 12:30,6.720,0.075,0,0,0,0,v
2014-08-24 12:36,6.737,0.070,0,0,0,0,v
2014-08-24 12:42,6.729,0.081,0,0,0,0,v
2014-08-24 12:48,6.737,0.073,0,0,0,0,v
2014-08-24 12:54,6.719,0.085,0,0,0,0,v
2014-08-24 13:00,6.735,0.084,0,0,0,0,v
2014-08-24 13:06,6.725,0.077,0,0,0,0,v
2014-08-24 13:12,6.699,0.078,0,0,0,0,v
2014-08-24 13:18,6.704,0.086,0,0,0,0,v
2014-08-24 13:24,6.693,0.082,0,0,0,0,v
2014-08-24 13:30,6.689,0.077,0,0,0,0,v
2014-08-24 13:36,6.696,0.080,0,0,0,0,v
2014-08-24 13:42,6.691,0.066,0,0,0,0,v
2014-08-24 13:48,6.714,0.090,0,0,0,0,v
2014-08-24 13:54,6.703,0.076,0,0,0,0,v
2014-08-24 14:00,6.693,0.075,0,0,0,0,v
2014-08-24 14:06,6.689,0.075,0,0,0,0,v
2014-08-24 14:12,6.697,0.080,0,0,0,0,v
2014-08-24 14:18,6.699,0.071,0,0,0,0,v
2014-08-24 14:24,6.686,0.085,0,0,0,0,v
2014-08-24 14:30,6.669,0.080,0,0,0,0,v
2014-08-24 14:36,6.681,0.067,0,0,0,0,v
2014-08-24 14:42,6.683,0.076,0,0,0,0,v
2014-08-24 14:48,6.681,0.093,0,0,0,0,v
2014-08-24 14:54,6.687,0.087,0,0,0,0,v
2014-08-24 15:00,6.666,0.074,0,0,0,0,v
2014-08-24 15:06,6.647,0.074,0,0,0,0,v
2014-08-24 15:12,6.650,0.077,0,0,0,0,v
2014-08-24 15:18,6.677,0.080,0,0,0,0,v
2014-08-24 15:24,6.655,0.071,0,0,0,0,v
2014-08-24 15:30,6.658,0.080,0,0,0,0,v
2014-08-24 15:36,6.660,0.077,0,0,0,0,v
2014-08-24 15:42,6.671,0.074,0,0,0,0,v
2014-08-24 15:48,6.651,0.069,0,0,0,0,v
2014-08-24 15:54,6.662,0.068,0,0,0,0,v
2014-08-24 16:00,6.672,0.071,0,0,0,0,v
2014-08-24 16:06,6.674,0.075,0,0,0,0,v
2014-08-24 16:12,6.666,0.082,0,0,0,0,v
2014-08-24 16:18,6.671,0.080,0,0,0,0,v
2014-08-24 16:24,6.679,0.071,0,0,0,0,v
2014-08-24 16:30,6.670,0.066,0,0,0,0,v
2014-08-24 16:36,6.646,0.067,0,0,0,0,v
2014-08-24 16:42,6.662,0.069,0,0,0,0,v
2014-08-24 16:48,6.666,0.072,0,0,0,0,v
2014-08-24 16:54,6.678,0.081,0,0,0,0,v
2014-08-24 17:00,6.693,0.073,0,0,0,0,v
2014-08-24 17:06,6.708,0.075,0,0,0,0,v
2014-08-24 17:12,6.702,0.077,0,0,0,0,v
2014-08-24 17:18,6.714,0.071,0,0,0,0,v
2014-08-24 17:24,6.705,0.072,0,0,0,0,v
2014-08-24 17:30,6.682,0.068,0,0,0,0,v
2014-08-24 17:36,6.667,0.069,0,0,0,0,v
2014-08-24 17:42,6.679,0.078,0,0,0,0,v
2014-08-24 17:48,6.676,0.063,0,0,0,0,v
2014-08-24 17:54,6.690,0.072,0,0,0,0,v
2014-08-24 18:00,6.695,0.067,0,0,0,0,v
2014-08-24 18:06,6.680,0.064,0,0,0,0,v
2014-08-24 18:12,6.668,0.059,0,0,0,0,v
2014-08-24 18:18,6.667,0.066,0,0,0,0,v
2014-08-24 18:24,6.663,0.057,0,0,0,0,v
2014-08-24 18:30,6.673,0.063,0,0,0,0,v
2014-08-24 18:36,6.686,0.067,0,0,0,0,v
2014-08-24 18:42,6.700,0.067,0,0,0,0,v
2014-08-24 18:48,6.709,0.058,0,0,0,0,v
2014-08-24 18:54,6.691,0.068,0,0,0,0,v
2014-08-24 19:00,6.698,0.058,0,0,0,0,v
2014-08-24 19:06,6.705,0.074,0,0,0,0,v
2014-08-24 19:12,6.707,0.066,0,0,0,0,v
2014-08-24 19:18,6.720,0.075,0,0,0,0,v
2014-08-24 19:24,6.718,0.068,0,0,0,0,v
2014-08-24 19:30,6.709,0.067,0,0,0,0,v
2014-08-24 19:36,6.709,0.059,0,0,0,0,v
2014-08-24 19:42,6.691,0.077,0,0,0,0,v
2014-08-24 19:48,6.699,0.061,0,0,0,0,v
2014-08-24 19:54,6.683,0.066,0,0,0,0,v
2014-08-24 20:00,6.679,0.057,0,0,0,0,v
2014-08-24 20:06,6.686,0.074,0,0,0,0,v
2014-08-24 20:12,6.662,0.062,0,0,0,0,v
2014-08-24 20:18,6.665,0.061,0,0,0,0,v
2014-08-24 20:24,6.650,0.060,0,0,0,0,v
2014-08-24 20:30,6.652,0.065,0,0,0,0,v
2014-08-24 20:36,6.637,0.066,0,0,0,0,v
2014-08-24 20:42,6.638,0.066,0,0,0,0,v
2014-08-24 20:48,6.641,0.056,0,0,0,0,v
2014-08-24 20:54,6.651,0.057,0,0,0,0,v
2014-08-24 21:00,6.651,0.077,0,0,0,0,v
2014-08-24 21:06,6.639,0.060,0,0,0,0,v
2014-08-24 21:12,6.640,0.070,0,0,0,0,v
2014-08-24 21:18,6.664,0.063,0,0,0,0,v
2014-08-24 21:24,6.659,0.057,0,0,0,0,v
2014-08-24 21:30,6.652,0.063,0,0,0,0,v
2014-08-24 21:36,6.641,0.063,0,0,0,0,v
2014-08-24 21:42,6.615,0.051,0,0,0,0,v
2014-08-24 21:48,6.635,0.057,0,0,0,0,v
2014-08-24 21:54,6.606,0.058,0,0,0,0,v
2014-08-24 22:00,6.607,0.065,0,0,0,0,v
2014-08-24 22:06,6.607,0.060,0,0,0,0,v
2014-08-24 22:12,6.577,0.063,0,0,0,0,v
2014-08-24 22:18,6.586,0.054,0,0,0,0,v
2014-08-24 22:24,6.583,0.059,0,0,0,0,v
2014-08-24 22:30,6.572,0.058,0,0,0,0,v
2014-08-24 22:36,6.555,0.058,0,0,0,0,v
2014-08-24 22:42,6.546,0.059,0,0,0,0,v
2014-08-24 22:48,6.528,0.060,0,0,0,0,v
2014-08-24 22:54,6.531,0.060,0,0,0,0,v
2014-08-24 23:00,6.540,0.057,0,0,0,0,v
2014-08-24 23:06,6.513,0.059,0,0,0,0,v
2014-08-24 23:12,6.534,0.068,0,0,0,0,v
2014-08-24 23:18,6.511,0.062,0,0,0,0,v
2014-08-24 23:24,6.535,0.048,0,0,0,0,v
2014-08-24 23:30,6.506,0.057,0,0,0,0,v
2014-08-24 23:36,6.504,0.061,0,0,0,0,v
2014-08-24 23:42,6.530,0.057,0,0,0,0,v
2014-08-24 23:48,6.515,0.059,0,0,0,0,v
2014-08-24 23:54,6.518,0.057,0,0,0,0,v
2014-08-25 00:00,6.518,0.062,0,0,0,0,v
2014-08-25 00:06,6.484,0.061,0,0,0,0,v
2014-08-25 00:12,6.478,0.057,0,0,0,0,v
2014-08-25 00:18,6.458,0.066,0,0,0,0,v
2014-08-25 00:24,6.453,0.057,0,0,0,0,v
2014-08-25 00:30,6.461,0.056,0,0,0,0,v
2014-08-25 00:36,6.452,0.055,0,0,0,0,v
2014-08-25 00:42,6.447,0.050,0,0,0,0,v
2014-08-25 00:48,6.453,0.055,0,0,0,0,v
2014-08-25 00:54,6.457,0.061,0,0,0,0,v
2014-08-25 01:00,6.454,0.056,0,0,0,0,v
2014-08-25 01:06,6.427,0.058,0,0,0,0,v
2014-08-25 01:12,6.432,0.054,0,0,0,0,v
2014-08-25 01:18,6.398,0.054,0,0,0,0,v
2014-08-25 01:24,6.396,0.055,0,0,0,0,v
2014-08-25 01:30,6.398,0.055,0,0,0,0,v
2014-08-25 01:36,6.417,0.053,0,0,0,0,v
2014-08-25 01:42,6.415,0.059,0,0,0,0,v
2014-08-25 01:48,6.425,0.059,0,0,0,0,v
2014-08-25 01:54,6.443,0.050,0,0,0,0,v
2014-08-25 02:00,6.435,0.054,0,0,0,0,v
2014-08-25 02:06,6.456,0.062,0,0,0,0,v
2014-08-25 02:12,6.453,0.054,0,0,0,0,v
2014-08-25 02:18,6.434,0.057,0,0,0,0,v
2014-08-25 02:24,6.439,0.060,0,0,0,0,v
2014-08-25 02:30,6.450,0.057,0,0,0,0,v
2014-08-25 02:36,6.432,0.061,0,0,0,0,v
2014-08-25 02:42,6.400,0.054,0,0,0,0,v
2014-08-25 02:48,6.386,0.060,0,0,0,0,v
2014-08-25 02:54,6.408,0.057,0,0,0,0,v
2014-08-25 03:00,6.412,0.056,0,0,0,0,v
2014-08-25 03:06,6.425,0.046,0,0,0,0,v
2014-08-25 03:12,6.429,0.054,0,0,0,0,v
2014-08-25 03:18,6.428,0.046,0,0,0,0,v
2014-08-25 03:24,6.431,0.053,0,0,0,0,v
2014-08-25 03:30,6.426,0.059,0,0,0,0,v
2014-08-25 03:36,6.438,0.059,0,0,0,0,v
2014-08-25 03:42,6.458,0.056,0,0,0,0,v
2014-08-25 03:48,6.450,0.053,0,0,0,0,v
2014-08-25 03:54,6.442,0.051,0,0,0,0,v
2014-08-25 04:00,6.443,0.057,0,0,0,0,v
2014-08-25 04:06,6.451,0.057,0,0,0,0,v
2014-08-25 04:12,6.456,0.062,0,0,0,0,v
2014-08-25 04:18,6.460,0.053,0,0,0,0,v
2014-08-25 04:24,6.490,0.064,0,0,0,0,v
2014-08-25 04:30,6.481,0.061,0,0,0,0,v
2014-08-25 04:36,6.490,0.055,0,0,0,0,v
2014-08-25 04:42,6.494,0.059,0,0,0,0,v
2014-08-25 04:48,6.500,0.058,0,0,0,0,v
2014-08-25 04:54,6.515,0.060,0,0,0,0,v
2014-08-25 05:00,6.536,0.052,0,0,0,0,v
2014-08-25 05:06,6.533,0.060,0,0,0,0,v
2014-08-25 05:12,6.554,0.057,0,0,0,0,v
2014-08-25 05:18,6.535,0.063,0,0,0,0,v
2014-08-25 05:24,6.543,0.060,0,0,0,0,v
2014-08-25 05:30,6.558,0.069,0,0,0,0,v
2014-08-25 05:36,6.551,0.052,0,0,0,0,v
2014-08-25 05:42,6.563,0.056,0,0,0,0,v
2014-08-25 05:48,6.578,0.058,0,0,0,0,v
2014-08-25 05:54,6.572,0.054,0,0,0,0,v
2014-08-25 06:00,6.586,0.060,0,0,0,0,v
2014-08-25 06:06,6.582,0.058,0,0,0,0,v
2014-08-25 06:12,6.582,0.051,0,0,0,0,v
2014-08-25 06:18,6.619,0.056,0,0,0,0,v
2014-08-25 06:24,6.626,0.066,0,0,0,0,v
2014-08-25 06:30,6.637,0.055,0,0,0,0,v
2014-08-25 06:36,6.646,0.061,0,0,0,0,v
2014-08-25 06:42,6.637,0.059,0,0,0,0,v
2014-08-25 06:48,6.648,0.069,0,0,0,0,v
2014-08-25 06:54,6.674,0.057,0,0,0,0,v
2014-08-25 07:00,6.673,0.063,0,0,0,0,v
2014-08-25 07:06,6.678,0.063,0,0,0,0,v
2014-08-25 07:12,6.651,0.062,0,0,0,0,v
2014-08-25 07:18,6.644,0.058,0,0,0,0,v
2014-08-25 07:24,6.664,0.066,0,0,0,0,v
2014-08-25 07:30,6.671,0.058,0,0,0,0,v
2014-08-25 07:36,6.690,0.068,0,0,0,0,v
2014-08-25 07:42,6.659,0.058,0,0,0,0,v
2014-08-25 07:48,6.663,0.060,0,0,0,0,v
2014-08-25 07:54,6.655,0.066,0,0,0,0,v
2014-08-25 08:00,6.672,0.061,0,0,0,0,v
2014-08-25 08:06,6.683,0.063,0,0,0,0,v
2014-08-25 08:12,6.671,0.067,0,0,0,0,v
2014-08-25 08:18,6.703,0.058,0,0,0,0,v
2014-08-25 08:24,6.715,0.068,0,0,0,0,v
2014-08-25 08:30,6.718,0.067,0,0,0,0,v
2014-08-25 08:36,6.727,0.063,0,0,0,0,v
2014-08-25 08:42,6.726,0.062,0,0,0,0,v
2014-08-25 08:48,6.743,0.067,0,0,0,0,v
2014-08-25 08:54,6.736,0.057,0,0,0,0,v
2014-08-25 09:00,6.724,0.070,0,0,0,0,v
2014-08-25 09:06,6.747,0.065,0,0,0,0,v
2014-08-25 09:12,6.747,0.068,0,0,0,0,v
2014-08-25 09:18,6.773,0.060,0,0,0,0,v
2014-08-25 09:24,6.751,0.061,0,0,0,0,v
2014-08-25 09:30,6.737,0.067,0,0,0,0,v
2014-08-25 09:36,6.729,0.061,0,0,0,0,v
2014-08-25 09:42,6.722,0.065,0,0,0,0,v
2014-08-25 09:48,6.736,0.066,0,0,0,0,v
2014-08-25 09:54,6.745,0.063,0,0,0,0,v
2014-08-25 10:00,6.746,0.057,0,0,0,0,v
2014-08-25 10:06,6.727,0.060,0,0,0,0,v
2014-08-25 10:12,6.730,0.075,0,0,0,0,v
2014-08-25 10:18,6.722,0.062,0,0,0,0,v
2014-08-25 10:24,6.748,0.059,0,0,0,0,v
2014-08-25 10:30,6.747,0.054,0,0,0,0,v
2014-08-25 10:36,6.762,0.068,0,0,0,0,v
2014-08-25 10:42,6.752,0.067,0,0,0,0,v
2014-08-25 10:48,6.726,0.061,0,0,0,0,v
2014-08-25 10:54,6.726,0.056,0,0,0,0,v
2014-08-25 11:00,6.703,0.063,0,0,0,0,v
2014-08-25 11:06,6.729,0.054,0,0,0,0,v
2014-08-25 11:12,6.742,0.060,0,0,0,0,v
2014-08-25 11:18,6.722,0.054,0,0,0,0,v
2014-08-25 11:24,6.700,0.056,0,0,0,0,v
2014-08-25 11:30,6.703,0.050,0,0,0,0,v
2014-08-25 11:36,6.700,0.053,0,0,0,0,v
2014-08-25 11:42,6.705,0.054,0,0,0,0,v
2014-08-25 11:48,6.711,0.062,0,0,0,0,v
2014-08-25 11:54,6.720,0.062,0,0,0,0,v
2014-08-25 12:00,6.702,0.056,0,0,0,0,v
2014-08-25 12:06,6.730,0.059,0,0,0,0,v
2014-08-25 12:12,6.713,0.056,0,0,0,0,v
2014-08-25 12:18,6.689,0.068,0,0,0,0,v
2014-08-25 12:24,6.675,0.056,0,0,0,0,v
2014-08-25 12:30,6.668,0.053,0,0,0,0,v
2014-08-25 12:36,6.689,0.054,0,0,0,0,v
2014-08-25 12:42,6.655,0.060,0,0,0,0,v
2014-08-25 12:48,6.663,0.059,0,0,0,0,v
2014-08-25 12:54,6.690,0.064,0,0,0,0,v
2014-08-25 13:00,6.674,0.060,0,0,0,0,v
2014-08-25 13:06,6.661,0.049,0,0,0,0,v
2014-08-25 13:12,6.640,0.056,0,0,0,0,v
2014-08-25 13:18,6.619,0.054,0,0,0,0,v
2014-08-25 13:24,6.622,0.051,0,0,0,0,v
2014-08-25 13:30,6.642,0.046,0,0,0,0,v
2014-08-25 13:36,6.650,0.062,0,0,0,0,v
2014-08-25 13:42,6.639,0.058,0,0,0,0,v
2014-08-25 13:48,6.638,0.054,0,0,0,0,v
2014-08-25 13:54,6.627,0.059,0,0,0,0,v
2014-08-25 14:00,6.629,0.046,0,0,0,0,v
2014-08-25 14:06,6.607,0.061,0,0,0,0,v
2014-08-25 14:12,6.592,0.052,0,0,0,0,v
2014-08-25 14:18,6.610,0.059,0,0,0,0,v
2014-08-25 14:24,6.622,0.059,0,0,0,0,v
2014-08-25 14:30,6.617,0.058,0,0,0,0,v
2014-08-25 14:36,6.624,0.050,0,0,0,0,v
2014-08-25 14:42,6.648,0.050,0,0,0,0,v
2014-08-25 14:48,6.631,0.053,0,0,0,0,v
2014-08-25 14:54,6.608,0.061,0,0,0,0,v
2014-08-25 15:00,6.599,0.057,0,0,0,0,v
2014-08-25 15:06,6.601,0.049,0,0,0,0,v
2014-08-25 15:12,6.628,0.066,0,0,0,0,v
2014-08-25 15:18,6.634,0.044,0,0,0,0,v
2014-08-25 15:24,6.649,0.054,0,0,0,0,v
2014-08-25 15:30,6.669,0.048,0,0,0,0,v
2014-08-25 15:36,6.661,0.047,0,0,0,0,v
2014-08-25 15:42,6.646,0.048,0,0,0,0,v
2014-08-25 15:48,6.665,0.051,0,0,0,0,v
2014-08-25 15:54,6.671,0.054,0,0,0,0,v
2014-08-25 16:00,6.661,0.050,0,0,0,0,v
2014-08-25 16:06,6.663,0.052,0,0,0,0,v
2014-08-25 16:12,6.634,0.050,0,0,0,0,v
2014-08-25 16:18,6.648,0.047,0,0,0,0,v
2014-08-25 16:24,6.656,0.049,0,0,0,0,v
2014-08-25 16:30,6.640,0.047,0,0,0,0,v
2014-08-25 16:36,6.646,0.045,0,0,0,0,v
2014-08-25 16:42,6.665,0.040,0,0,0,0,v
2014-08-25 16:48,6.679,0.053,0,0,0,0,v
2014-08-25 16:54,6.686,0.050,0,0,0,0,v
2014-08-25 17:00,6.724,0.046,0,0,0,0,v
2014-08-25 17:06,6.696,0.050,0,0,0,0,v
2014-08-25 17:12,6.666,0.050,0,0,0,0,v
2014-08-25 17:18,6.655,0.042,0,0,0,0,v
2014-08-25 17:24,6.643,0.052,0,0,0,0,v
2014-08-25 17:30,6.637,0.045,0,0,0,0,v
2014-08-25 17:36,6.630,0.048,0,0,0,0,v
2014-08-25 17:42,6.643,0.044,0,0,0,0,v
2014-08-25 17:48,6.642,0.049,0,0,0,0,v
2014-08-25 17:54,6.650,0.050,0,0,0,0,v
2014-08-25 18:00,6.643,0.048,0,0,0,0,v
2014-08-25 18:06,6.645,0.047,0,0,0,0,v
2014-08-25 18:12,6.659,0.047,0,0,0,0,v
2014-08-25 18:18,6.640,0.046,0,0,0,0,v
2014-08-25 18:24,6.650,0.049,0,0,0,0,v
2014-08-25 18:30,6.643,0.046,0,0,0,0,v
2014-08-25 18:36,6.631,0.049,0,0,0,0,v
2014-08-25 18:42,6.641,0.046,0,0,0,0,v
2014-08-25 18:48,6.649,0.041,0,0,0,0,v
2014-08-25 18:54,6.654,0.052,0,0,0,0,v
2014-08-25 19:00,6.687,0.044,0,0,0,0,v
2014-08-25 19:06,6.694,0.044,0,0,0,0,v
2014-08-25 19:12,6.687,0.044,0,0,0,0,v
2014-08-25 19:18,6.702,0.045,0,0,0,0,v
2014-08-25 19:24,6.700,0.051,0,0,0,0,v
2014-08-25 19:30,6.706,0.046,0,0,0,0,v
2014-08-25 19:36,6.717,0.046,0,0,0,0,v
2014-08-25 19:42,6.696,0.046,0,0,0,0,v
2014-08-25 19:48,6.735,0.044,0,0,0,0,v
2014-08-25 19:54,6.739,0.044,0,0,0,0,v
2014-08-25 20:00,6.732,0.045,0,0,0,0,v
2014-08-25 20:06,6.713,0.044,0,0,0,0,v
2014-08-25 20:12,6.708,0.043,0,0,0,0,v
2014-08-25 20:18,6.686,0.039,0,0,0,0,v
2014-08-25 20:24,6.686,0.046,0,0,0,0,v
2014-08-25 20:30,6.699,0.049,0,0,0,0,v
2014-08-25 20:36,6.707,0.049,0,0,0,0,v
2014-08-25 20:42,6.717,0.049,0,0,0,0,v
2014-08-25 20:48,6.710,0.040,0,0,0,0,v
2014-08-25 20:54,6.720,0.042,0,0,0,0,v
2014-08-25 21:00,6.686,0.048,0,0,0,0,v
2014-08-25 21:06,6.694,0.046,0,0,0,0,v
2014-08-25 21:12,6.698,0.039,0,0,0,0,v
2014-08-25 21:18,6.677,0.042,0,0,0,0,v
2014-08-25 21:24,6.695,0.039,0,0,0,0,v
2014-08-25 21:30,6.695,0.043,0,0,0,0,v
2014-08-25 21:36,6.692,0.047,0,0,0,0,v
2014-08-25 21:42,6.704,0.036,0,0,0,0,v
2014-08-25 21:48,6.688,0.037,0,0,0,0,v
2014-08-25 21:54,6.700,0.041,0,0,0,0,v
2014-08-25 22:00,6.683,0.040,0,0,0,0,v
2014-08-25 22:06,6.674,0.039,0,0,0,0,v
2014-08-25 22:12,6.688,0.045,0,0,0,0,v
2014-08-25 22:18,6.674,0.043,0,0,0,0,v
2014-08-25 22:24,6.676,0.040,0,0,0,0,v
2014-08-25 22:30,6.664,0.038,0,0,0,0,v
2014-08-25 22:36,6.627,0.039,0,0,0,0,v
2014-08-25 22:42,6.622,0.045,0,0,0,0,v
2014-08-25 22:48,6.607,0.033,0,0,0,0,v
2014-08-25 22:54,6.610,0.038,0,0,0,0,v
2014-08-25 23:00,6.599,0.045,0,0,0,0,v
2014-08-25 23:06,6.594,0.039,0,0,0,0,v
2014-08-25 23:12,6.573,0.048,0,0,0,0,v
2014-08-25 23:18,6.583,0.037,0,0,0,0,v
2014-08-25 23:24,6.579,0.041,0,0,0,0,v
2014-08-25 23:30,6.562,0.039,0,0,0,0,v
2014-08-25 23:36,6.597,0.036,0,0,0,0,v
2014-08-25 23:42,6.571,0.042,0,0,0,0,v
2014-08-25 23:48,6.587,0.040,0,0,0,0,v
2014-08-25 23:54,6.574,0.043,0,0,0,0,v
2014-08-26 00:00,6.561,0.042,0,0,0,0,v
2014-08-26 00:06,6.552,0.041,0,0,0,0,v
2014-08-26 00:12,6.540,0.039,0,0,0,0,v
2014-08-26 00:18,6.524,0.039,0,0,0,0,v
2014-08-26 00:24,6.503,0.036,0,0,0,0,v
2014-08-26 00:30,6.540,0.042,0,0,0,0,v
2014-08-26 00:36,6.547,0.035,0,0,0,0,v
2014-08-26 00:42,6.537,0.035,0,0,0,0,v
2014-08-26 00:48,6.531,0.040,0,0,0,0,v
2014-08-26 00:54,6.509,0.038,0,0,0,0,v
2014-08-26 01:00,6.531,0.037,0,0,0,0,v
2014-08-26 01:06,6.521,0.033,0,0,0,0,v
2014-08-26 01:12,6.507,0.039,0,0,0,0,v
2014-08-26 01:18,6.522,0.032,0,0,0,0,v
2014-08-26 01:24,6.510,0.037,0,0,0,0,v
2014-08-26 01:30,6.486,0.038,0,0,0,0,v
2014-08-26 01:36,6.498,0.035,0,0,0,0,v
2014-08-26 01:42,6.484,0.032,0,0,0,0,v
2014-08-26 01:48,6.479,0.037,0,0,0,0,v
2014-08-26 01:54,6.487,0.036,0,0,0,0,v
2014-08-26 02:00,6.493,0.032,0,0,0,0,v
2014-08-26 02:06,6.514,0.036,0,0,0,0,v
2014-08-26 02:12,6.513,0.037,0,0,0,0,v
2014-08-26 02:18,6.505,0.035,0,0,0,0,v
2014-08-26 02:24,6.528,0.032,0,0,0,0,v
2014-08-26 02:30,6.526,0.039,0,0,0,0,v
2014-08-26 02:36,6.516,0.034,0,0,0,0,v
2014-08-26 02:42,6.515,0.035,0,0,0,0,v
2014-08-26 02:48,6.507,0.031,0,0,0,0,v
2014-08-26 02:54,6.487,0.033,0,0,0,0,v
2014-08-26 03:00,6.473,0.034,0,0,0,0,v
2014-08-26 03:06,6.465,0.028,0,0,0,0,v
2014-08-26 03:12,6.481,0.039,0,0,0,0,v
2014-08-26 03:18,6.475,0.037,0,0,0,0,v
2014-08-26 03:24,6.478,0.036,0,0,0,0,v
2014-08-26 03:30,6.466,0.042,0,0,0,0,v
2014-08-26 03:36,6.473,0.034,0,0,0,0,v
2014-08-26 03:42,6.509,0.039,0,0,0,0,v
2014-08-26 03:48,6.534,0.040,0,0,0,0,v
2014-08-26 03:54,6.509,0.034,0,0,0,0,v
2014-08-26 04:00,6.508,0.036,0,0,0,0,v
2014-08-26 04:06,6.518,0.041,0,0,0,0,v
2014-08-26 04:12,6.512,0.037,0,0,0,0,v
2014-08-26 04:18,6.529,0.029,0,0,0,0,v
2014-08-26 04:24,6.527,0.033,0,0,0,0,v
2014-08-26 04:30,6.507,0.037,0,0,0,0,v
2014-08-26 04:36,6.528,0.043,0,0,0,0,v
2014-08-26 04:42,6.550,0.041,0,0,0,0,v
2014-08-26 04:48,6.539,0.035,0,0,0,0,v
2014-08-26 04:54,6.553,0.041,0,0,0,0,v
2014-08-26 05:00,6.547,0.038,0,0,0,0,v
2014-08-26 05:06,6.570,0.041,0,0,0,0,v
2014-08-26 05:12,6.622,0.036,0,0,0,0,v
2014-08-26 05:18,6.617,0.042,0,0,0,0,v
2014-08-26 05:24,6.604,0.042,0,0,0,0,v
2014-08-26 05:30,6.578,0.046,0,0,0,0,v
2014-08-26 05:36,6.596,0.037,0,0,0,0,v
2014-08-26 05:42,6.584,0.035,0,0,0,0,v
2014-08-26 05:48,6.591,0.039,0,0,0,0,v
2014-08-26 05:54,6.598,0.040,0,0,0,0,v
2014-08-26 06:00,6.616,0.037,0,0,0,0,v
2014-08-26 06:06,6.602,0.046,0,0,0,0,v
2014-08-26 06:12,6.622,0.042,0,0,0,0,v
2014-08-26 06:18,6.607,0.048,0,0,0,0,v
2014-08-26 06:24,6.654,0.039,0,0,0,0,v
2014-08-26 06:30,6.692,0.040,0,0,0,0,v
2014-08-26 06:36,6.707,0.037,0,0,0,0,v
2014-08-26 06:42,6.689,0.037,0,0,0,0,v
2014-08-26 06:48,6.661,0.047,0,0,0,0,v
2014-08-26 06:54,6.634,0.041,0,0,0,0,v
2014-08-26 07:00,6.619,0.037,0,0,0,0,v
2014-08-26 07:06,6.660,0.037,0,0,0,0,v
2014-08-26 07:12,6.688,0.043,0,0,0,0,v
2014-08-26 07:18,6.726,0.044,0,0,0,0,v
2014-08-26 07:24,6.786,0.050,0,0,0,0,v
2014-08-26 07:30,6.798,0.042,0,0,0,0,v
2014-08-26 07:36,6.870,0.048,0,0,0,0,v
2014-08-26 07:42,6.734,0.049,0,0,1,0,v
2014-08-26 07:48,6.825,0.046,0,0,1,0,v
2014-08-26 07:54,6.800,0.054,0,0,1,0,v
2014-08-26 08:00,6.704,0.044,0,0,0,0,v
2014-08-26 08:06,6.701,0.041,0,0,0,0,v
2014-08-26 08:12,6.580,0.048,0,0,0,0,v
2014-08-26 08:18,6.649,0.044,0,0,1,0,v
2014-08-26 08:24,6.628,0.050,0,0,1,0,v
2014-08-26 08:30,6.696,0.056,0,0,0,0,v
2014-08-26 08:36,6.711,0.047,0,0,0,0,v
2014-08-26 08:42,6.681,0.049,0,0,0,0,v
2014-08-26 08:48,6.651,0.050,0,0,0,0,v
2014-08-26 08:54,6.637,0.048,0,0,0,0,v
2014-08-26 09:00,6.593,0.051,0,0,0,0,v
2014-08-26 09:06,6.616,0.041,0,0,0,0,v
2014-08-26 09:12,6.592,0.049,0,0,0,0,v
2014-08-26 09:18,6.610,0.045,0,0,0,0,v
2014-08-26 09:24,6.658,0.038,0,0,0,0,v
2014-08-26 09:30,6.729,0.049,0,0,0,0,v
2014-08-26 09:36,6.724,0.044,0,0,0,0,v
2014-08-26 09:42,6.700,0.041,0,0,0,0,v
2014-08-26 09:48,6.759,0.044,0,0,0,0,v
2014-08-26 09:54,6.858,0.044,0,0,0,0,v
2014-08-26 10:00,6.935,0.043,0,0,0,0,v
2014-08-26 10:06,6.982,0.045,0,0,0,0,v
2014-08-26 10:12,6.981,0.041,0,0,0,0,v
2014-08-26 10:18,6.953,0.050,0,0,0,0,v
2014-08-26 10:24,6.953,0.044,0,0,0,0,v
2014-08-26 10:30,6.939,0.054,0,0,0,0,v
2014-08-26 10:36,6.886,0.045,0,0,0,0,v
2014-08-26 10:42,6.890,0.042,0,0,0,0,v
2014-08-26 10:48,6.870,0.045,0,0,0,0,v
2014-08-26 10:54,6.883,0.041,0,0,0,0,v
2014-08-26 11:00,6.905,0.039,0,0,0,0,v
2014-08-26 11:06,6.875,0.046,0,0,0,0,v
2014-08-26 11:12,6.824,0.052,0,0,0,0,v
2014-08-26 11:18,6.765,0.042,0,0,0,0,v
2014-08-26 11:24,6.739,0.040,0,0,0,0,v
2014-08-26 11:30,6.738,0.047,0,0,0,0,v
2014-08-26 11:36,6.749,0.042,0,0,0,0,v
2014-08-26 11:42,6.767,0.039,0,0,0,0,v
2014-08-26 11:48,6.789,0.039,0,0,0,0,v
2014-08-26 11:54,6.755,0.044,0,0,0,0,v
2014-08-26 12:00,6.751,0.035,0,0,0,0,v
2014-08-26 12:06,6.747,0.042,0,0,0,0,v
2014-08-26 12:12,6.746,0.039,0,0,0,0,v
2014-08-26 12:18,6.716,0.040,0,0,0,0,v
2014-08-26 12:24,6.655,0.043,0,0,0,0,v
2014-08-26 12:30,6.686,0.041,0,0,0,0,v
2014-08-26 12:36,6.692,0.044,0,0,0,0,v
2014-08-26 12:42,6.692,0.038,0,0,0,0,v
2014-08-26 12:48,6.728,0.044,0,0,0,0,v
2014-08-26 12:54,6.708,0.041,0,0,0,0,v
2014-08-26 13:00,6.683,0.045,0,0,0,0,v
2014-08-26 13:06,6.650,0.044,0,0,0,0,v
2014-08-26 13:12,6.645,0.043,0,0,0,0,v
2014-08-26 13:18,6.640,0.043,0,0,0,0,v
2014-08-26 13:24,6.579,0.035,0,0,0,0,v
2014-08-26 13:30,6.556,0.040,0,0,0,0,v
2014-08-26 13:36,6.565,0.040,0,0,0,0,v
2014-08-26 13:42,6.609,0.037,0,0,0,0,v
2014-08-26 13:48,6.633,0.045,0,0,0,0,v
2014-08-26 13:54,6.669,0.037,0,0,0,0,v
2014-08-26 14:00,6.701,0.031,0,0,0,0,v
2014-08-26 14:06,6.719,0.036,0,0,0,0,v
2014-08-26 14:12,6.755,0.037,0,0,0,0,v
2014-08-26 14:18,6.765,0.038,0,0,0,0,v
2014-08-26 14:24,6.727,0.043,0,0,0,0,v
2014-08-26 14:30,6.696,0.042,0,0,0,0,v
2014-08-26 14:36,6.698,0.036,0,0,0,0,v
2014-08-26 14:42,6.701,0.037,0,0,0,0,v
2014-08-26 14:48,6.690,0.034,0,0,0,0,v
2014-08-26 14:54,6.672,0.038,0,0,0,0,v
2014-08-26 15:00,6.662,0.039,0,0,0,0,v
2014-08-26 15:06,6.654,0.035,0,0,0,0,v
2014-08-26 15:12,6.696,0.039,0,0,0,0,v
2014-08-26 15:18,6.690,0.032,0,0,0,0,v
2014-08-26 15:24,6.695,0.031,0,0,0,0,v
2014-08-26 15:30,6.672,0.035,0,0,0,0,v
2014-08-26 15:36,6.645,0.033,0,0,0,0,v
2014-08-26 15:42,6.691,0.039,0,0,0,0,v
2014-08-26 15:48,6.699,0.035,0,0,0,0,v
2014-08-26 15:54,6.713,0.030,0,0,0,0,v
2014-08-26 16:00,6.693,0.036,0,0,0,0,v
2014-08-26 16:06,6.715,0.035,0,0,0,0,v
2014-08-26 16:12,6.729,0.034,0,0,0,0,v
2014-08-26 16:18,6.768,0.030,0,0,0,0,v
2014-08-26 16:24,6.782,0.031,0,0,0,0,v
2014-08-26 16:30,6.775,0.032,0,0,0,0,v
2014-08-26 16:36,6.750,0.035,0,0,0,0,v
2014-08-26 16:42,6.784,0.029,0,0,0,0,v
2014-08-26 16:48,6.737,0.034,0,0,0,0,v
2014-08-26 16:54,6.735,0.033,0,0,0,0,v
2014-08-26 17:00,6.743,0.032,0,0,0,0,v
2014-08-26 17:06,6.714,0.032,0,0,0,0,v
2014-08-26 17:12,6.688,0.035,0,0,0,0,v
2014-08-26 17:18,6.632,0.029,0,0,0,0,v
2014-08-26 17:24,6.617,0.031,0,0,0,0,v
2014-08-26 17:30,6.594,0.030,0,0,0,0,v
2014-08-26 17:36,6.599,0.033,0,0,0,0,v
2014-08-26 17:42,6.607,0.032,0,0,0,0,v
2014-08-26 17:48,6.599,0.032,0,0,0,0,v
2014-08-26 17:54,6.622,0.029,0,0,0,0,v
2014-08-26 18:00,6.616,0.029,0,0,0,0,v
2014-08-26 18:06,6.626,0.032,0,0,0,0,v
2014-08-26 18:12,6.629,0.026,0,0,0,0,v
2014-08-26 18:18,6.621,0.030,0,0,0,0,v
2014-08-26 18:24,6.663,0.031,0,0,0,0,v
2014-08-26 18:30,6.668,0.032,0,0,0,0,v
2014-08-26 18:36,6.689,0.031,0,0,0,0,v
2014-08-26 18:42,6.663,0.032,0,0,0,0,v
2014-08-26 18:48,6.660,0.035,0,0,0,0,v
2014-08-26 18:54,6.688,0.035,0,0,0,0,v
2014-08-26 19:00,6.715,0.034,0,0,0,0,v
2014-08-26 19:06,6.708,0.032,0,0,0,0,v
2014-08-26 19:12,6.735,0.036,0,0,0,0,v
2014-08-26 19:18,6.747,0.034,0,0,0,0,v
2014-08-26 19:24,6.794,0.035,0,0,0,0,v
2014-08-26 19:30,6.830,0.033,0,0,0,0,v
2014-08-26 19:36,6.829,0.037,0,0,0,0,v
2014-08-26 19:42,6.851,0.037,0,0,0,0,v
2014-08-26 19:48,6.884,0.042,0,0,0,0,v
2014-08-26 19:54,6.882,0.057,0,0,0,0,v
2014-08-26 20:00,6.852,0.043,0,0,0,0,v
2014-08-26 20:06,6.834,0.046,0,0,0,0,v
2014-08-26 20:12,6.802,0.054,0,0,0,0,v
2014-08-26 20:18,6.813,0.055,0,0,0,0,v
2014-08-26 20:24,6.841,0.053,0,0,0,0,v
2014-08-26 20:30,6.837,0.056,0,0,0,0,v
2014-08-26 20:36,6.851,0.045,0,0,0,0,v
2014-08-26 20:42,6.856,0.061,0,0,0,0,v
2014-08-26 20:48,6.835,0.058,0,0,0,0,v
2014-08-26 20:54,6.875,0.081,0,0,0,0,v
2014-08-26 21:00,6.855,0.067,0,0,0,0,v
2014-08-26 21:06,6.859,0.056,0,0,0,0,v
2014-08-26 21:12,6.853,0.068,0,0,0,0,v
2014-08-26 21:18,6.806,0.068,0,0,0,0,v
2014-08-26 21:24,6.823,0.078,0,0,0,0,v
2014-08-26 21:30,6.787,0.066,0,0,0,0,v
2014-08-26 21:36,6.755,0.052,0,0,0,0,v
2014-08-26 21:42,6.728,0.067,0,0,0,0,v
2014-08-26 21:48,6.734,0.061,0,0,0,0,v
2014-08-26 21:54,6.778,0.070,0,0,0,0,v
2014-08-26 22:00,6.755,0.067,0,0,0,0,v
2014-08-26 22:06,6.754,0.082,0,0,0,0,v
2014-08-26 22:12,6.745,0.077,0,0,0,0,v
2014-08-26 22:18,6.725,0.074,0,0,0,0,v
2014-08-26 22:24,6.756,0.077,0,0,0,0,v
2014-08-26 22:30,6.739,0.080,0,0,0,0,v
2014-08-26 22:36,6.728,0.071,0,0,0,0,v
2014-08-26 22:42,6.727,0.080,0,0,0,0,v
2014-08-26 22:48,6.696,0.072,0,0,0,0,v
2014-08-26 22:54,6.701,0.063,0,0,0,0,v
2014-08-26 23:00,6.703,0.068,0,0,0,0,v
2014-08-26 23:06,6.756,0.073,0,0,0,0,v
2014-08-26 23:12,6.737,0.065,0,0,0,0,v
2014-08-26 23:18,6.721,0.078,0,0,0,0,v
2014-08-26 23:24,6.693,0.057,0,0,0,0,v
2014-08-26 23:30,6.718,0.075,0,0,0,0,v
2014-08-26 23:36,6.727,0.070,0,0,0,0,v
2014-08-26 23:42,6.685,0.068,0,0,0,0,v
2014-08-26 23:48,6.711,0.067,0,0,0,0,v
2014-08-26 23:54,6.701,0.069,0,0,0,0,v
2014-08-27 00:00,6.670,0.064,0,0,0,0,v
2014-08-27 00:06,6.680,0.064,0,0,0,0,v
2014-08-27 00:12,6.669,0.070,0,0,0,0,v
2014-08-27 00:18,6.679,0.065,0,0,0,0,v
2014-08-27 00:24,6.688,0.070,0,0,0,0,v
2014-08-27 00:30,6.706,0.058,0,0,0,0,v
2014-08-27 00:36,6.706,0.061,0,0,0,0,v
2014-08-27 00:42,6.699,0.068,0,0,0,0,v
2014-08-27 00:48,6.719,0.051,0,0,0,0,v
2014-08-27 00:54,6.712,0.060,0,0,0,0,v
2014-08-27 01:00,6.722,0.055,0,0,0,0,v
2014-08-27 01:06,6.731,0.060,0,0,0,0,v
2014-08-27 01:12,6.721,0.054,0,0,0,0,v
2014-08-27 01:18,6.678,0.055,0,0,0,0,v
2014-08-27 01:24,6.622,0.062,0,0,0,0,v
2014-08-27 01:30,6.594,0.065,0,0,0,0,v
2014-08-27 01:36,6.567,0.054,0,0,0,0,v
2014-08-27 01:42,6.589,0.050,0,0,0,0,v
2014-08-27 01:48,6.594,0.043,0,0,0,0,v
2014-08-27 01:54,6.596,0.052,0,0,0,0,v
2014-08-27 02:00,6.591,0.056,0,0,0,0,v
2014-08-27 02:06,6.618,0.053,0,0,0,0,v
2014-08-27 02:12,6.630,0.053,0,0,0,0,v
2014-08-27 02:18,6.632,0.052,0,0,0,0,v
2014-08-27 02:24,6.625,0.048,0,0,0,0,v
2014-08-27 02:30,6.614,0.052,0,0,0,0,v
2014-08-27 02:36,6.622,0.050,0,0,0,0,v
2014-08-27 02:42,6.593,0.048,0,0,0,0,v
2014-08-27 02:48,6.577,0.052,0,0,0,0,v
2014-08-27 02:54,6.551,0.051,0,0,0,0,v
2014-08-27 03:00,6.544,0.050,0,0,0,0,v
2014-08-27 03:06,6.549,0.064,0,0,0,0,v
2014-08-27 03:12,6.555,0.052,0,0,0,0,v
2014-08-27 03:18,6.565,0.054,0,0,0,0,v
2014-08-27 03:24,6.591,0.060,0,0,0,0,v
2014-08-27 03:30,6.580,0.053,0,0,0,0,v
2014-08-27 03:36,6.551,0.054,0,0,0,0,v
2014-08-27 03:42,6.567,0.052,0,0,0,0,v
2014-08-27 03:48,6.547,0.053,0,0,0,0,v
2014-08-27 03:54,6.570,0.052,0,0,0,0,v
2014-08-27 04:00,6.585,0.051,0,0,0,0,v
2014-08-27 04:06,6.628,0.057,0,0,0,0,v
2014-08-27 04:12,6.621,0.056,0,0,0,0,v
2014-08-27 04:18,6.641,0.045,0,0,0,0,v
2014-08-27 04:24,6.658,0.055,0,0,0,0,v
2014-08-27 04:30,6.670,0.062,0,0,0,0,v
2014-08-27 04:36,6.656,0.053,0,0,0,0,v
2014-08-27 04:42,6.650,0.064,0,0,0,0,v
2014-08-27 04:48,6.668,0.055,0,0,0,0,v
2014-08-27 04:54,6.693,0.056,0,0,0,0,v
2014-08-27 05:00,6.691,0.062,0,0,0,0,v
2014-08-27 05:06,6.683,0.058,0,0,0,0,v
2014-08-27 05:12,6.675,0.065,0,0,0,0,v
2014-08-27 05:18,6.681,0.066,0,0,0,0,v
2014-08-27 05:24,6.682,0.057,0,0,0,0,v
2014-08-27 05:30,6.706,0.060,0,0,0,0,v
2014-08-27 05:36,6.674,0.055,0,0,0,0,v
2014-08-27 05:42,6.667,0.057,0,0,0,0,v
2014-08-27 05:48,6.681,0.058,0,0,0,0,v
2014-08-27 05:54,6.684,0.055,0,0,0,0,v
2014-08-27 06:00,6.700,0.062,0,0,0,0,v
2014-08-27 06:06,6.701,0.053,0,0,0,0,v
2014-08-27 06:12,6.699,0.056,0,0,0,0,v
2014-08-27 06:18,6.704,0.060,0,0,0,0,v
2014-08-27 06:24,6.691,0.057,0,0,0,0,v
2014-08-27 06:30,6.678,0.059,0,0,0,0,v
2014-08-27 06:36,6.680,0.064,0,0,0,0,v
2014-08-27 06:42,6.676,0.065,0,0,0,0,v
2014-08-27 06:48,6.681,0.070,0,0,0,0,v
2014-08-27 06:54,6.702,0.068,0,0,0,0,v
2014-08-27 07:00,6.730,0.066,0,0,0,0,v
2014-08-27 07:06,6.746,0.073,0,0,0,0,v
2014-08-27 07:12,6.775,0.069,0,0,0,0,v
2014-08-27 07:18,6.801,0.071,0,0,0,0,v
2014-08-27 07:24,6.803,0.073,0,0,0,0,v
2014-08-27 07:30,6.848,0.068,0,0,0,0,v
2014-08-27 07:36,6.829,0.075,0,0,0,0,v
2014-08-27 07:42,6.838,0.075,0,0,0,0,v
2014-08-27 07:48,6.825,0.086,0,0,0,0,v
2014-08-27 07:54,6.845,0.079,0,0,0,0,v
2014-08-27 08:00,6.851,0.073,0,0,0,0,v
2014-08-27 08:06,6.861,0.090,0,0,0,0,v
2014-08-27 08:12,6.883,0.079,0,0,0,0,v
2014-08-27 08:18,6.849,0.079,0,0,0,0,v
2014-08-27 08:24,6.845,0.075,0,0,0,0,v
2014-08-27 08:30,6.846,0.078,0,0,0,0,v
2014-08-27 08:36,6.828,0.096,0,0,0,0,v
2014-08-27 08:42,6.829,0.099,0,0,0,0,v
2014-08-27 08:48,6.821,0.085,0,0,0,0,v
2014-08-27 08:54,6.827,0.091,0,0,0,0,v
2014-08-27 09:00,6.830,0.089,0,0,0,0,v
2014-08-27 09:06,6.813,0.105,0,0,0,0,v
2014-08-27 09:12,6.835,0.082,0,0,0,0,v
2014-08-27 09:18,6.836,0.086,0,0,0,0,v
2014-08-27 09:24,6.840,0.097,0,0,0,0,v
2014-08-27 09:30,6.832,0.097,0,0,0,0,v
2014-08-27 09:36,6.844,0.089,0,0,0,0,v
2014-08-27 09:42,6.837,0.083,0,0,0,0,v
2014-08-27 09:48,6.876,0.087,0,0,0,0,v
2014-08-27 09:54,6.881,0.086,0,0,0,0,v
2014-08-27 10:00,6.873,0.101,0,0,0,0,v
2014-08-27 10:06,6.880,0.107,0,0,0,0,v
2014-08-27 10:12,6.905,0.083,0,0,0,0,v
2014-08-27 10:18,6.927,0.082,0,0,0,0,v
2014-08-27 10:24,6.929,0.096,0,0,0,0,v
2014-08-27 10:30,6.929,0.084,0,0,0,0,v
2014-08-27 10:36,6.906,0.079,0,0,0,0,v
2014-08-27 10:42,6.909,0.086,0,0,0,0,v
2014-08-27 10:48,6.898,0.099,0,0,0,0,v
2014-08-27 10:54,6.883,0.089,0,0,0,0,v
2014-08-27 11:00,6.886,0.086,0,0,0,0,v
2014-08-27 11:06,6.862,0.077,0,0,0,0,v
2014-08-27 11:12,6.848,0.104,0,0,0,0,v
2014-08-27 11:18,6.837,0.088,0,0,0,0,v
2014-08-27 11:24,6.871,0.083,0,0,0,0,v
2014-08-27 11:30,6.888,0.091,0,0,0,0,v
2014-08-27 11:36,6.915,0.084,0,0,0,0,v
2014-08-27 11:42,6.911,0.079,0,0,0,0,v
2014-08-27 11:48,6.911,0.077,0,0,0,0,v
2014-08-27 11:54,6.913,0.097,0,0,0,0,v
2014-08-27 12:00,6.894,0.096,0,0,0,0,v
2014-08-27 12:06,6.882,0.091,0,0,0,0,v
2014-08-27 12:12,6.870,0.108,0,0,0,0,v
2014-08-27 12:18,6.852,0.079,0,0,0,0,v
2014-08-27 12:24,6.828,0.098,0,0,0,0,v
2014-08-27 12:30,6.811,0.104,0,0,0,0,v
2014-08-27 12:36,6.806,0.110,0,0,0,0,v
2014-08-27 12:42,6.815,0.093,0,0,0,0,v
2014-08-27 12:48,6.795,0.107,0,0,0,0,v
2014-08-27 12:54,6.791,0.114,0,0,0,0,v
2014-08-27 13:00,6.794,0.099,0,0,0,0,v
2014-08-27 13:06,6.783,0.104,0,0,0,0,v
2014-08-27 13:12,6.810,0.097,0,0,0,0,v
2014-08-27 13:18,6.808,0.095,0,0,0,0,v
2014-08-27 13:24,6.824,0.115,0,0,0,0,v
2014-08-27 13:30,6.828,0.104,0,0,0,0,v
2014-08-27 13:36,6.823,0.095,0,0,0,0,v
2014-08-27 13:42,6.820,0.097,0,0,0,0,v
2014-08-27 13:48,6.832,0.100,0,0,0,0,v
2014-08-27 13:54,6.815,0.103,0,0,0,0,v
2014-08-27 14:00,6.806,0.114,0,0,0,0,v
2014-08-27 14:06,6.812,0.113,0,0,0,0,v
2014-08-27 14:12,6.823,0.130,0,0,0,0,v
2014-08-27 14:18,6.829,0.131,0,0,0,0,v
2014-08-27 14:24,6.826,0.138,0,0,0,0,v
2014-08-27 14:30,6.832,0.130,0,0,0,0,v
2014-08-27 14:36,6.824,0.149,0,0,0,0,v
2014-08-27 14:42,6.826,0.126,0,0,0,0,v
2014-08-27 14:48,6.834,0.138,0,0,0,0,v
2014-08-27 14:54,6.807,0.172,0,0,0,0,v
2014-08-27 15:00,6.790,0.191,0,0,0,0,v
2014-08-27 15:06,6.807,0.141,0,0,0,0,v
2014-08-27 15:12,6.793,0.179,0,0,0,0,v
2014-08-27 15:18,6.795,0.167,0,0,0,0,v
2014-08-27 15:24,6.805,0.165,0,0,0,0,v
2014-08-27 15:30,6.797,0.181,0,0,0,0,v
2014-08-27 15:36,6.778,0.152,0,0,0,0,v
2014-08-27 15:42,6.811,0.182,0,0,0,0,v
2014-08-27 15:48,6.836,0.180,0,0,0,0,v
2014-08-27 15:54,6.844,0.146,0,0,0,0,v
2014-08-27 16:00,6.875,0.166,0,0,0,0,v
2014-08-27 16:06,6.879,0.190,0,0,0,0,v
2014-08-27 16:12,6.865,0.168,0,0,0,0,v
2014-08-27 16:18,6.808,0.152,0,0,0,0,v
2014-08-27 16:24,6.786,0.139,0,0,0,0,v
2014-08-27 16:30,6.783,0.176,0,0,0,0,v
2014-08-27 16:36,6.819,0.160,0,0,0,0,v
2014-08-27 16:42,6.794,0.206,0,0,0,0,v
2014-08-27 16:48,6.803,0.163,0,0,0,0,v
2014-08-27 16:54,6.818,0.182,0,0,0,0,v
2014-08-27 17:00,6.842,0.169,0,0,0,0,v
2014-08-27 17:06,6.817,0.193,0,0,0,0,v
2014-08-27 17:12,6.848,0.177,0,0,0,0,v
2014-08-27 17:18,6.853,0.163,0,0,0,0,v
2014-08-27 17:24,6.861,0.139,0,0,0,0,v
2014-08-27 17:30,6.843,0.185,0,0,0,0,v
2014-08-27 17:36,6.852,0.133,0,0,0,0,v
2014-08-27 17:42,6.868,0.146,0,0,0,0,v
2014-08-27 17:48,6.879,0.172,0,0,0,0,v
2014-08-27 17:54,6.911,0.162,0,0,0,0,v
2014-08-27 18:00,6.931,0.175,0,0,0,0,v
2014-08-27 18:06,6.913,0.137,0,0,0,0,v
2014-08-27 18:12,6.854,0.160,0,0,0,0,v
2014-08-27 18:18,6.840,0.185,0,0,0,0,v
2014-08-27 18:24,6.879,0.160,0,0,0,0,v
2014-08-27 18:30,6.880,0.170,0,0,0,0,v
2014-08-27 18:36,6.883,0.148,0,0,0,0,v
2014-08-27 18:42,6.908,0.151,0,0,0,0,v
2014-08-27 18:48,6.902,0.163,0,0,0,0,v
2014-08-27 18:54,6.959,0.187,0,0,0,0,v
2014-08-27 19:00,6.930,0.153,0,0,0,0,v
2014-08-27 19:06,6.857,0.160,0,0,0,0,v
2014-08-27 19:12,6.893,0.181,0,0,0,0,v
2014-08-27 19:18,6.884,0.161,0,0,0,0,v
2014-08-27 19:24,6.916,0.173,0,0,0,0,v
2014-08-27 19:30,6.909,0.165,0,0,0,0,v
2014-08-27 19:36,6.915,0.153,0,0,0,0,v
2014-08-27 19:42,6.955,0.165,0,0,0,0,v
2014-08-27 19:48,6.956,0.152,0,0,0,0,v
2014-08-27 19:54,6.934,0.156,0,0,0,0,v
2014-08-27 20:00,6.961,0.162,0,0,0,0,v
2014-08-27 20:06,6.995,0.169,0,0,0,0,v
2014-08-27 20:12,7.012,0.201,0,0,0,0,v
2014-08-27 20:18,7.044,0.138,0,0,0,0,v
2014-08-27 20:24,7.044,0.164,0,0,0,0,v
2014-08-27 20:30,7.025,0.155,0,0,0,0,v
2014-08-27 20:36,7.019,0.165,0,0,0,0,v
2014-08-27 20:42,7.023,0.169,0,0,0,0,v
2014-08-27 20:48,7.009,0.182,0,0,0,0,v
2014-08-27 20:54,6.993,0.176,0,0,0,0,v
2014-08-27 21:00,7.009,0.183,0,0,0,0,v
2014-08-27 21:06,7.015,0.192,0,0,0,0,v
2014-08-27 21:12,7.030,0.167,0,0,0,0,v
2014-08-27 21:18,7.043,0.163,0,0,0,0,v
2014-08-27 21:24,7.062,0.169,0,0,0,0,v
2014-08-27 21:30,7.053,0.176,0,0,0,0,v
2014-08-27 21:36,7.051,0.155,0,0,0,0,v
2014-08-27 21:42,7.038,0.156,0,0,0,0,v
2014-08-27 21:48,7.069,0.188,0,0,0,0,v
2014-08-27 21:54,7.049,0.179,0,0,0,0,v
2014-08-27 22:00,7.047,0.190,0,0,0,0,v
2014-08-27 22:06,7.043,0.183,0,0,0,0,v
2014-08-27 22:12,7.042,0.165,0,0,0,0,v
2014-08-27 22:18,7.052,0.170,0,0,0,0,v
2014-08-27 22:24,7.056,0.141,0,0,0,0,v
2014-08-27 22:30,7.066,0.191,0,0,0,0,v
2014-08-27 22:36,7.047,0.154,0,0,0,0,v
2014-08-27 22:42,7.040,0.151,0,0,0,0,v
2014-08-27 22:48,7.030,0.173,0,0,0,0,v
2014-08-27 22:54,7.041,0.184,0,0,0,0,v
2014-08-27 23:00,7.012,0.166,0,0,0,0,v
2014-08-27 23:06,7.037,0.172,0,0,0,0,v
2014-08-27 23:12,7.034,0.164,0,0,0,0,v
2014-08-27 23:18,7.021,0.200,0,0,0,0,v
2014-08-27 23:24,7.041,0.169,0,0,0,0,v
2014-08-27 23:30,7.039,0.178,0,0,0,0,v
2014-08-27 23:36,7.018,0.193,0,0,0,0,v
2014-08-27 23:42,7.030,0.194,0,0,0,0,v
2014-08-27 23:48,7.029,0.172,0,0,0,0,v
2014-08-27 23:54,7.009,0.185,0,0,0,0,v
2014-08-28 00:00,6.995,0.183,0,0,0,0,v
2014-08-28 00:06,6.997,0.191,0,0,0,0,v
2014-08-28 00:12,6.988,0.163,0,0,0,0,v
2014-08-28 00:18,6.966,0.191,0,0,0,0,v
2014-08-28 00:24,6.938,0.194,0,0,0,0,v
2014-08-28 00:30,6.939,0.181,0,0,0,0,v
2014-08-28 00:36,6.947,0.175,0,0,0,0,v
2014-08-28 00:42,6.950,0.169,0,0,0,0,v
2014-08-28 00:48,6.960,0.168,0,0,0,0,v
2014-08-28 00:54,6.978,0.176,0,0,0,0,v
2014-08-28 01:00,6.984,0.212,0,0,0,0,v
2014-08-28 01:06,6.985,0.173,0,0,0,0,v
2014-08-28 01:12,6.975,0.202,0,0,0,0,v
2014-08-28 01:18,6.975,0.190,0,0,0,0,v
2014-08-28 01:24,6.978,0.188,0,0,0,0,v
2014-08-28 01:30,6.975,0.194,0,0,0,0,v
2014-08-28 01:36,6.981,0.177,0,0,0,0,v
2014-08-28 01:42,6.967,0.197,0,0,0,0,v
2014-08-28 01:48,6.939,0.190,0,0,0,0,v
2014-08-28 01:54,6.917,0.208,0,0,0,0,v
2014-08-28 02:00,6.922,0.198,0,0,0,0,v
2014-08-28 02:06,6.946,0.198,0,0,0,0,v
2014-08-28 02:12,6.952,0.191,0,0,0,0,v
2014-08-28 02:18,6.943,0.185,0,0,0,0,v
2014-08-28 02:24,6.937,0.193,0,0,0,0,v
2014-08-28 02:30,6.940,0.205,0,0,0,0,v
2014-08-28 02:36,6.916,0.164,0,0,0,0,v
2014-08-28 02:42,6.922,0.205,0,0,0,0,v
2014-08-28 02:48,6.921,0.193,0,0,0,0,v
2014-08-28 02:54,6.957,0.195,0,0,0,0,v
2014-08-28 03:00,6.954,0.198,0,0,0,0,v
2014-08-28 03:06,6.940,0.198,0,0,0,0,v
2014-08-28 03:12,6.922,0.173,0,0,0,0,v
2014-08-28 03:18,6.914,0.214,0,0,0,0,v
2014-08-28 03:24,6.937,0.200,0,0,0,0,v
2014-08-28 03:30,6.955,0.162,0,0,0,0,v
2014-08-28 03:36,6.956,0.170,0,0,0,0,v
2014-08-28 03:42,6.908,0.176,0,0,0,0,v
2014-08-28 03:48,6.905,0.194,0,0,0,0,v
2014-08-28 03:54,6.903,0.208,0,0,0,0,v
2014-08-28 04:00,6.892,0.204,0,0,0,0,v
2014-08-28 04:06,6.866,0.197,0,0,0,0,v
2014-08-28 04:12,6.849,0.207,0,0,0,0,v
2014-08-28 04:18,6.870,0.186,0,0,0,0,v
2014-08-28 04:24,6.873,0.217,0,0,0,0,v
2014-08-28 04:30,6.890,0.190,0,0,0,0,v
2014-08-28 04:36,6.910,0.173,0,0,0,0,v
2014-08-28 04:42,6.926,0.192,0,0,0,0,v
2014-08-28 04:48,6.921,0.195,0,0,0,0,v
2014-08-28 04:54,6.926,0.210,0,0,0,0,v
2014-08-28 05:00,6.932,0.166,0,0,0,0,v
2014-08-28 05:06,6.928,0.202,0,0,0,0,v
2014-08-28 05:12,6.937,0.176,0,0,0,0,v
2014-08-28 05:18,6.935,0.193,0,0,0,0,v
2014-08-28 05:24,6.919,0.198,0,0,0,0,v
2014-08-28 05:30,6.896,0.179,0,0,0,0,v
2014-08-28 05:36,6.898,0.186,0,0,0,0,v
2014-08-28 05:42,6.944,0.181,0,0,0,0,v
2014-08-28 05:48,6.946,0.193,0,0,0,0,v
2014-08-28 05:54,6.932,0.216,0,0,0,0,v
2014-08-28 06:00,6.927,0.178,0,0,0,0,v
2014-08-28 06:06,6.938,0.183,0,0,0,0,v
2014-08-28 06:12,6.950,0.206,0,0,0,0,v
2014-08-28 06:18,6.947,0.196,0,0,0,0,v
2014-08-28 06:24,6.954,0.205,0,0,0,0,v
2014-08-28 06:30,6.949,0.175,0,0,0,0,v
2014-08-28 06:36,6.955,0.176,0,0,0,0,v
2014-08-28 06:42,6.981,0.183,0,0,0,0,v
2014-08-28 06:48,7.005,0.161,0,0,0,0,v
2014-08-28 06:54,6.987,0.163,0,0,0,0,v
2014-08-28 07:00,6.983,0.182,0,0,0,0,v
2014-08-28 07:06,6.985,0.165,0,0,0,0,v
2014-08-28 07:12,6.987,0.159,0,0,0,0,v
2014-08-28 07:18,6.989,0.195,0,0,0,0,v
2014-08-28 07:24,7.003,0.187,0,0,0,0,v
2014-08-28 07:30,7.005,0.174,0,0,0,0,v
2014-08-28 07:36,7.030,0.149,0,0,0,0,v
2014-08-28 07:42,7.017,0.175,0,0,0,0,v
2014-08-28 07:48,7.016,0.178,0,0,0,0,v
2014-08-28 07:54,7.003,0.162,0,0,0,0,v
2014-08-28 08:00,7.014,0.184,0,0,0,0,v
2014-08-28 08:06,7.018,0.159,0,0,0,0,v
2014-08-28 08:12,7.005,0.201,0,0,0,0,v
2014-08-28 08:18,7.014,0.172,0,0,0,0,v
2014-08-28 08:24,7.009,0.159,0,0,0,0,v
2014-08-28 08:30,7.010,0.161,0,0,0,0,v
2014-08-28 08:36,6.995,0.153,0,0,0,0,v
2014-08-28 08:42,6.996,0.137,0,0,0,0,v
2014-08-28 08:48,7.021,0.171,0,0,0,0,v
2014-08-28 08:54,7.024,0.155,0,0,0,0,v
2014-08-28 09:00,7.048,0.160,0,0,0,0,v
2014-08-28 09:06,7.067,0.183,0,0,0,0,v
2014-08-28 09:12,7.059,0.158,0,0,0,0,v
2014-08-28 09:18,7.045,0.132,0,0,0,0,v
2014-08-28 09:24,7.015,0.158,0,0,0,0,v
2014-08-28 09:30,7.005,0.186,0,0,0,0,v
2014-08-28 09:36,7.007,0.146,0,0,0,0,v
2014-08-28 09:42,7.027,0.161,0,0,0,0,v
2014-08-28 09:48,7.000,0.159,0,0,0,0,v
2014-08-28 09:54,7.011,0.141,0,0,0,0,v
2014-08-28 10:00,7.006,0.158,0,0,0,0,v
2014-08-28 10:06,7.015,0.146,0,0,0,0,v
2014-08-28 10:12,7.013,0.149,0,0,0,0,v
2014-08-28 10:18,7.011,0.163,0,0,0,0,v
2014-08-28 10:24,7.019,0.133,0,0,0,0,v
2014-08-28 10:30,7.023,0.159,0,0,0,0,v
2014-08-28 10:36,7.029,0.139,0,0,0,0,v
2014-08-28 10:42,7.020,0.158,0,0,0,0,v
2014-08-28 10:48,7.011,0.143,0,0,0,0,v
2014-08-28 10:54,7.010,0.159,0,0,0,0,v
2014-08-28 11:00,7.000,0.173,0,0,0,0,v
2014-08-28 11:06,7.009,0.142,0,0,0,0,v
2014-08-28 11:12,6.980,0.152,0,0,0,0,v
2014-08-28 11:18,6.994,0.175,0,0,0,0,v
2014-08-28 11:24,7.012,0.136,0,0,0,0,v
2014-08-28 11:30,7.009,0.145,0,0,0,0,v
2014-08-28 11:36,7.020,0.154,0,0,0,0,v
2014-08-28 11:42,7.043,0.156,0,0,0,0,v
2014-08-28 11:48,7.025,0.145,0,0,0,0,v
2014-08-28 11:54,7.005,0.143,0,0,0,0,v
2014-08-28 12:00,7.003,0.133,0,0,0,0,v
2014-08-28 12:06,6.968,0.129,0,0,0,0,v
2014-08-28 12:12,6.961,0.115,0,0,0,0,v
2014-08-28 12:18,6.962,0.157,0,0,0,0,v
2014-08-28 12:24,6.935,0.137,0,0,0,0,v
2014-08-28 12:30,6.940,0.110,0,0,0,0,v
2014-08-28 12:36,6.950,0.120,0,0,0,0,v
2014-08-28 12:42,6.947,0.156,0,0,0,0,v
2014-08-28 12:48,6.938,0.160,0,0,0,0,v
2014-08-28 12:54,6.913,0.130,0,0,0,0,v
2014-08-28 13:00,6.915,0.138,0,0,0,0,v
2014-08-28 13:06,6.891,0.151,0,0,0,0,v
2014-08-28 13:12,6.878,0.148,0,0,0,0,v
2014-08-28 13:18,6.878,0.145,0,0,0,0,v
2014-08-28 13:24,6.909,0.144,0,0,0,0,v
2014-08-28 13:30,6.897,0.116,0,0,0,0,v
2014-08-28 13:36,6.879,0.154,0,0,0,0,v
2014-08-28 13:42,6.877,0.138,0,0,0,0,v
2014-08-28 13:48,6.864,0.126,0,0,0,0,v
2014-08-28 13:54,6.841,0.113,0,0,0,0,v
2014-08-28 14:00,6.818,0.139,0,0,0,0,v
2014-08-28 14:06,6.840,0.109,0,0,0,0,v
2014-08-28 14:12,6.809,0.152,0,0,0,0,v
2014-08-28 14:18,6.823,0.114,0,0,0,0,v
2014-08-28 14:24,6.798,0.160,0,0,0,0,v
2014-08-28 14:30,6.806,0.131,0,0,0,0,v
2014-08-28 14:36,6.811,0.132,0,0,0,0,v
2014-08-28 14:42,6.797,0.131,0,0,0,0,v
2014-08-28 14:48,6.797,0.117,0,0,0,0,v
2014-08-28 14:54,6.797,0.139,0,0,0,0,v
2014-08-28 15:00,6.821,0.128,0,0,0,0,v
2014-08-28 15:06,6.844,0.138,0,0,0,0,v
2014-08-28 15:12,6.840,0.124,0,0,0,0,v
2014-08-28 15:18,6.848,0.124,0,0,0,0,v
2014-08-28 15:24,6.818,0.141,0,0,0,0,v
2014-08-28 15:30,6.800,0.108,0,0,0,0,v
2014-08-28 15:36,6.793,0.141,0,0,0,0,v
2014-08-28 15:42,6.791,0.138,0,0,0,0,v
2014-08-28 15:48,6.774,0.118,0,0,0,0,v
2014-08-28 15:54,6.780,0.133,0,0,0,0,v
2014-08-28 16:00,6.794,0.129,0,0,0,0,v
2014-08-28 16:06,6.776,0.118,0,0,0,0,v
2014-08-28 16:12,6.809,0.118,0,0,0,0,v
2014-08-28 16:18,6.811,0.104,0,0,0,0,v
2014-08-28 16:24,6.782,0.134,0,0,0,0,v
2014-08-28 16:30,6.808,0.122,0,0,0,0,v
2014-08-28 16:36,6.815,0.135,0,0,0,0,v
2014-08-28 16:42,6.789,0.118,0,0,0,0,v
2014-08-28 16:48,6.796,0.123,0,0,0,0,v
2014-08-28 16:54,6.783,0.108,0,0,0,0,v
2014-08-28 17:00,6.797,0.135,0,0,0,0,v
2014-08-28 17:06,6.790,0.153,0,0,0,0,v
2014-08-28 17:12,6.819,0.145,0,0,0,0,v
2014-08-28 17:18,6.818,0.140,0,0,0,0,v
2014-08-28 17:24,6.827,0.112,0,0,0,0,v
2014-08-28 17:30,6.813,0.111,0,0,0,0,v
2014-08-28 17:36,6.793,0.143,0,0,0,0,v
2014-08-28 17:42,6.802,0.148,0,0,0,0,v
2014-08-28 17:48,6.796,0.118,0,0,0,0,v
2014-08-28 17:54,6.812,0.116,0,0,0,0,v
2014-08-28 18:00,6.801,0.141,0,0,0,0,v
2014-08-28 18:06,6.818,0.126,0,0,0,0,v
2014-08-28 18:12,6.823,0.148,0,0,0,0,v
2014-08-28 18:18,6.805,0.131,0,0,0,0,v
2014-08-28 18:24,6.787,0.125,0,0,0,0,v
2014-08-28 18:30,6.804,0.124,0,0,0,0,v
2014-08-28 18:36,6.804,0.130,0,0,0,0,v
2014-08-28 18:42,6.823,0.144,0,0,0,0,v
2014-08-28 18:48,6.799,0.153,0,0,0,0,v
2014-08-28 18:54,6.795,0.152,0,0,0,0,v
2014-08-28 19:00,6.817,0.135,0,0,0,0,v
2014-08-28 19:06,6.781,0.167,0,0,0,0,v
2014-08-28 19:12,6.792,0.113,0,0,0,0,v
2014-08-28 19:18,6.793,0.157,0,0,0,0,v
2014-08-28 19:24,6.791,0.133,0,0,0,0,v
2014-08-28 19:30,6.835,0.121,0,0,0,0,v
2014-08-28 19:36,6.844,0.132,0,0,0,0,v
2014-08-28 19:42,6.809,0.119,0,0,0,0,v
2014-08-28 19:48,6.826,0.153,0,0,0,0,v
2014-08-28 19:54,6.804,0.140,0,0,0,0,v
2014-08-28 20:00,6.803,0.146,0,0,0,0,v
2014-08-28 20:06,6.852,0.143,0,0,0,0,v
2014-08-28 20:12,6.860,0.142,0,0,0,0,v
2014-08-28 20:18,6.863,0.115,0,0,0,0,v
2014-08-28 20:24,6.863,0.146,0,0,0,0,v
2014-08-28 20:30,6.893,0.119,0,0,0,0,v
2014-08-28 20:36,6.924,0.162,0,0,0,0,v
2014-08-28 20:42,6.969,0.155,0,0,0,0,v
2014-08-28 20:48,6.965,0.146,0,0,0,0,v
2014-08-28 20:54,6.939,0.136,0,0,0,0,v
2014-08-28 21:00,6.950,0.113,0,0,0,0,v
2014-08-28 21:06,6.937,0.164,0,0,0,0,v
2014-08-28 21:12,6.953,0.134,0,0,0,0,v
2014-08-28 21:18,6.938,0.141,0,0,0,0,v
2014-08-28 21:24,6.933,0.163,0,0,0,0,v
2014-08-28 21:30,6.939,0.131,0,0,0,0,v
2014-08-28 21:36,6.929,0.131,0,0,0,0,v
2014-08-28 21:42,6.930,0.129,0,0,0,0,v
2014-08-28 21:48,6.948,0.144,0,0,0,0,v
2014-08-28 21:54,6.960,0.149,0,0,0,0,v
2014-08-28 22:00,6.957,0.136,0,0,0,0,v
2014-08-28 22:06,6.935,0.128,0,0,0,0,v
2014-08-28 22:12,6.941,0.129,0,0,0,0,v
2014-08-28 22:18,6.955,0.128,0,0,0,0,v
2014-08-28 22:24,6.964,0.148,0,0,0,0,v
2014-08-28 22:30,6.955,0.133,0,0,0,0,v
2014-08-28 22:36,6.947,0.119,0,0,0,0,v
2014-08-28 22:42,6.937,0.156,0,0,0,0,v
2014-08-28 22:48,6.905,0.125,0,0,0,0,v
2014-08-28 22:54,6.881,0.156,0,0,0,0,v
2014-08-28 23:00,6.879,0.134,0,0,0,0,v
2014-08-28 23:06,6.892,0.128,0,0,0,0,v
2014-08-28 23:12,6.907,0.134,0,0,0,0,v
2014-08-28 23:18,6.907,0.115,0,0,0,0,v
2014-08-28 23:24,6.864,0.129,0,0,0,0,v
2014-08-28 23:30,6.870,0.130,0,0,0,0,v
2014-08-28 23:36,6.885,0.139,0,0,0,0,v
2014-08-28 23:42,6.872,0.154,0,0,0,0,v
2014-08-28 23:48,6.881,0.137,0,0,0,0,v
2014-08-28 23:54,6.871,0.143,0,0,0,0,v
2014-08-29 00:00,6.884,0.134,0,0,0,0,v
2014-08-29 00:06,6.909,0.118,0,0,0,0,v
2014-08-29 00:12,6.924,0.113,0,0,0,0,v
2014-08-29 00:18,6.920,0.124,0,0,0,0,v
2014-08-29 00:24,6.912,0.145,0,0,0,0,v
2014-08-29 00:30,6.902,0.134,0,0,0,0,v
2014-08-29 00:36,6.897,0.138,0,0,0,0,v
2014-08-29 00:42,6.882,0.131,0,0,0,0,v
2014-08-29 00:48,6.878,0.137,0,0,0,0,v
2014-08-29 00:54,6.843,0.150,0,0,0,0,v
2014-08-29 01:00,6.849,0.118,0,0,0,0,v
2014-08-29 01:06,6.865,0.151,0,0,0,0,v
2014-08-29 01:12,6.869,0.151,0,0,0,0,v
2014-08-29 01:18,6.869,0.117,0,0,0,0,v
2014-08-29 01:24,6.858,0.141,0,0,0,0,v
2014-08-29 01:30,6.861,0.127,0,0,0,0,v
2014-08-29 01:36,6.887,0.156,0,0,0,0,v
2014-08-29 01:42,6.913,0.147,0,0,0,0,v
2014-08-29 01:48,6.910,0.132,0,0,0,0,v
2014-08-29 01:54,6.881,0.125,0,0,0,0,v
2014-08-29 02:00,6.908,0.132,0,0,0,0,v
2014-08-29 02:06,6.901,0.126,0,0,0,0,v
2014-08-29 02:12,6.919,0.151,0,0,0,0,v
2014-08-29 02:18,6.916,0.134,0,0,0,0,v
2014-08-29 02:24,6.913,0.139,0,0,0,0,v
2014-08-29 02:30,6.895,0.124,0,0,0,0,v
2014-08-29 02:36,6.892,0.125,0,0,0,0,v
2014-08-29 02:42,6.884,0.138,0,0,0,0,v
2014-08-29 02:48,6.886,0.125,0,0,0,0,v
2014-08-29 02:54,6.843,0.126,0,0,0,0,v
2014-08-29 03:00,6.826,0.148,0,0,0,0,v
2014-08-29 03:06,6.833,0.145,0,0,0,0,v
2014-08-29 03:12,6.858,0.135,0,0,0,0,v
2014-08-29 03:18,6.863,0.140,0,0,0,0,v
2014-08-29 03:24,6.862,0.117,0,0,0,0,v
2014-08-29 03:30,6.852,0.128,0,0,0,0,v
2014-08-29 03:36,6.874,0.123,0,0,0,0,v
2014-08-29 03:42,6.863,0.138,0,0,0,0,v
2014-08-29 03:48,6.864,0.120,0,0,0,0,v
2014-08-29 03:54,6.852,0.127,0,0,0,0,v
2014-08-29 04:00,6.814,0.121,0,0,0,0,v
2014-08-29 04:06,6.813,0.131,0,0,0,0,v
2014-08-29 04:12,6.801,0.139,0,0,0,0,v
2014-08-29 04:18,6.809,0.140,0,0,0,0,v
2014-08-29 04:24,6.803,0.107,0,0,0,0,v
2014-08-29 04:30,6.826,0.131,0,0,0,0,v
2014-08-29 04:36,6.857,0.133,0,0,0,0,v
2014-08-29 04:42,6.822,0.137,0,0,0,0,v
2014-08-29 04:48,6.826,0.124,0,0,0,0,v
2014-08-29 04:54,6.807,0.123,0,0,0,0,v
2014-08-29 05:00,6.796,0.123,0,0,0,0,v
2014-08-29 05:06,6.812,0.114,0,0,0,0,v
2014-08-29 05:12,6.833,0.124,0,0,0,0,v
2014-08-29 05:18,6.828,0.125,0,0,0,0,v
2014-08-29 05:24,6.835,0.129,0,0,0,0,v
2014-08-29 05:30,6.839,0.118,0,0,0,0,v
2014-08-29 05:36,6.863,0.121,0,0,0,0,v
2014-08-29 05:42,6.859,0.126,0,0,0,0,v
2014-08-29 05:48,6.875,0.146,0,0,0,0,v
2014-08-29 05:54,6.877,0.115,0,0,0,0,v
2014-08-29 06:00,6.890,0.125,0,0,0,0,v
2014-08-29 06:06,6.902,0.133,0,0,0,0,v
2014-08-29 06:12,6.867,0.137,0,0,0,0,v
2014-08-29 06:18,6.875,0.129,0,0,0,0,v
2014-08-29 06:24,6.875,0.123,0,0,0,0,v
2014-08-29 06:30,6.912,0.118,0,0,0,0,v
2014-08-29 06:36,6.891,0.115,0,0,0,0,v
2014-08-29 06:42,6.918,0.131,0,0,0,0,v
2014-08-29 06:48,6.923,0.136,0,0,0,0,v
2014-08-29 06:54,6.913,0.116,0,0,0,0,v
2014-08-29 07:00,6.900,0.123,0,0,0,0,v
2014-08-29 07:06,6.914,0.127,0,0,0,0,v
2014-08-29 07:12,6.930,0.115,0,0,0,0,v
2014-08-29 07:18,6.940,0.138,0,0,0,0,v
2014-08-29 07:24,6.913,0.129,0,0,0,0,v
2014-08-29 07:30,6.900,0.108,0,0,0,0,v
2014-08-29 07:36,6.913,0.125,0,0,0,0,v
2014-08-29 07:42,6.913,0.118,0,0,0,0,v
2014-08-29 07:48,6.920,0.119,0,0,0,0,v
2014-08-29 07:54,6.927,0.114,0,0,0,0,v
2014-08-29 08:00,6.944,0.121,0,0,0,0,v
2014-08-29 08:06,6.955,0.115,0,0,0,0,v
2014-08-29 08:12,6.964,0.137,0,0,0,0,v
2014-08-29 08:18,6.956,0.139,0,0,0,0,v
2014-08-29 08:24,6.946,0.131,0,0,0,0,v
2014-08-29 08:30,6.954,0.112,0,0,0,0,v
2014-08-29 08:36,6.948,0.120,0,0,0,0,v
2014-08-29 08:42,6.964,0.136,0,0,0,0,v
2014-08-29 08:48,6.963,0.125,0,0,0,0,v
2014-08-29 08:54,6.965,0.131,0,0,0,0,v
2014-08-29 09:00,6.986,0.129,0,0,0,0,v
2014-08-29 09:06,6.992,0.130,0,0,0,0,v
2014-08-29 09:12,6.996,0.123,0,0,0,0,v
2014-08-29 09:18,6.994,0.127,0,0,0,0,v
2014-08-29 09:24,6.992,0.125,0,0,0,0,v
2014-08-29 09:30,6.985,0.136,0,0,0,0,v
2014-08-29 09:36,6.998,0.149,0,0,0,0,v
2014-08-29 09:42,7.014,0.113,0,0,0,0,v
2014-08-29 09:48,7.033,0.131,0,0,0,0,v
2014-08-29 09:54,7.041,0.147,0,0,0,0,v
2014-08-29 10:00,7.013,0.143,0,0,0,0,v
2014-08-29 10:06,7.062,0.129,0,0,0,0,v
2014-08-29 10:12,7.062,0.141,0,0,0,0,v
2014-08-29 10:18,7.026,0.137,0,0,0,0,v
2014-08-29 10:24,7.032,0.147,0,0,0,0,v
2014-08-29 10:30,7.020,0.159,0,0,0,0,v
2014-08-29 10:36,7.051,0.164,0,0,0,0,v
2014-08-29 10:42,7.050,0.161,0,0,0,0,v
2014-08-29 10:48,7.069,0.177,0,0,0,0,v
2014-08-29 10:54,7.023,0.133,0,0,0,0,v
2014-08-29 11:00,6.999,0.151,0,0,0,0,v
2014-08-29 11:06,7.028,0.129,0,0,0,0,v
2014-08-29 11:12,7.015,0.161,0,0,0,0,v
2014-08-29 11:18,6.990,0.143,0,0,0,0,v
2014-08-29 11:24,7.000,0.142,0,0,0,0,v
2014-08-29 11:30,7.034,0.136,0,0,0,0,v
2014-08-29 11:36,7.054,0.139,0,0,0,0,v
2014-08-29 11:42,7.051,0.140,0,0,0,0,v
2014-08-29 11:48,7.077,0.154,0,0,0,0,v
2014-08-29 11:54,7.083,0.137,0,0,0,0,v
2014-08-29 12:00,7.008,0.139,0,0,0,0,v
2014-08-29 12:06,7.021,0.132,0,0,0,0,v
2014-08-29 12:12,6.951,0.134,0,0,0,0,v
2014-08-29 12:18,6.940,0.125,0,0,0,0,v
2014-08-29 12:24,6.943,0.153,0,0,0,0,v
2014-08-29 12:30,6.933,0.141,0,0,0,0,v
2014-08-29 12:36,6.935,0.119,0,0,0,0,v
2014-08-29 12:42,6.915,0.129,0,0,0,0,v
2014-08-29 12:48,6.904,0.134,0,0,0,0,v
2014-08-29 12:54,6.905,0.127,0,0,0,0,v
2014-08-29 13:00,6.914,0.147,0,0,0,0,v
2014-08-29 13:06,6.914,0.127,0,0,0,0,v
2014-08-29 13:12,6.892,0.140,0,0,0,0,v
2014-08-29 13:18,6.865,0.135,0,0,0,0,v
2014-08-29 13:24,6.846,0.101,0,0,0,0,v
2014-08-29 13:30,6.861,0.127,0,0,0,0,v
2014-08-29 13:36,6.867,0.130,0,0,0,0,v
2014-08-29 13:42,6.909,0.110,0,0,0,0,v
2014-08-29 13:48,6.927,0.120,0,0,0,0,v
2014-08-29 13:54,6.917,0.132,0,0,0,0,v
2014-08-29 14:00,6.851,0.111,0,0,0,0,v
2014-08-29 14:06,6.850,0.116,0,0,0,0,v
2014-08-29 14:12,6.876,0.121,0,0,0,0,v
2014-08-29 14:18,6.931,0.128,0,0,0,0,v
2014-08-29 14:24,6.915,0.140,0,0,0,0,v
2014-08-29 14:30,6.882,0.133,0,0,0,0,v
2014-08-29 14:36,6.854,0.127,0,0,0,0,v
2014-08-29 14:42,6.856,0.122,0,0,0,0,v
2014-08-29 14:48,6.886,0.121,0,0,0,0,v
2014-08-29 14:54,6.904,0.125,0,0,0,0,v
2014-08-29 15:00,6.898,0.100,0,0,0,0,v
2014-08-29 15:06,6.873,0.132,0,0,0,0,v
2014-08-29 15:12,6.864,0.123,0,0,0,0,v
2014-08-29 15:18,6.865,0.127,0,0,0,0,v
2014-08-29 15:24,6.870,0.127,0,0,0,0,v
2014-08-29 15:30,6.866,0.121,0,0,0,0,v
2014-08-29 15:36,6.875,0.113,0,0,0,0,v
2014-08-29 15:42,6.866,0.138,0,0,0,0,v
2014-08-29 15:48,6.850,0.120,0,0,0,0,v
2014-08-29 15:54,6.835,0.132,0,0,0,0,v
2014-08-29 16:00,6.830,0.115,0,0,0,0,v
2014-08-29 16:06,6.867,0.131,0,0,0,0,v
2014-08-29 16:12,6.944,0.131,0,0,0,0,v
2014-08-29 16:18,6.869,0.109,0,0,0,0,v
2014-08-29 16:24,6.812,0.123,0,0,0,0,v
2014-08-29 16:30,6.775,0.127,0,0,0,0,v
2014-08-29 16:36,6.715,0.128,0,0,0,0,v
2014-08-29 16:42,6.718,0.114,0,0,0,0,v
2014-08-29 16:48,6.711,0.112,0,0,0,0,v
2014-08-29 16:54,6.672,0.123,0,0,0,0,v
2014-08-29 17:00,6.708,0.149,0,0,0,0,v
2014-08-29 17:06,6.680,0.116,0,0,0,0,v
2014-08-29 17:12,6.681,0.094,0,0,0,0,v
2014-08-29 17:18,6.698,0.121,0,0,0,0,v
2014-08-29 17:24,6.726,0.108,0,0,0,0,v
2014-08-29 17:30,6.752,0.114,0,0,0,0,v
2014-08-29 17:36,6.764,0.099,0,0,0,0,v
2014-08-29 17:42,6.771,0.107,0,0,0,0,v
2014-08-29 17:48,6.828,0.121,0,0,0,0,v
2014-08-29 17:54,6.819,0.125,0,0,0,0,v
2014-08-29 18:00,6.826,0.116,0,0,0,0,v
2014-08-29 18:06,6.873,0.130,0,0,0,0,v
2014-08-29 18:12,6.880,0.124,0,0,0,0,v
2014-08-29 18:18,6.877,0.125,0,0,0,0,v
2014-08-29 18:24,6.875,0.106,0,0,0,0,v
2014-08-29 18:30,6.863,0.143,0,0,0,0,v
2014-08-29 18:36,6.827,0.117,0,0,0,0,v
2014-08-29 18:42,6.848,0.132,0,0,0,0,v
2014-08-29 18:48,6.845,0.119,0,0,0,0,v
2014-08-29 18:54,6.812,0.111,0,0,0,0,v
2014-08-29 19:00,6.850,0.114,0,0,0,0,v
2014-08-29 19:06,6.857,0.128,0,0,0,0,v
2014-08-29 19:12,6.877,0.127,0,0,0,0,v
2014-08-29 19:18,6.885,0.120,0,0,0,0,v
2014-08-29 19:24,6.850,0.113,0,0,0,0,v
2014-08-29 19:30,6.844,0.100,0,0,0,0,v
2014-08-29 19:36,6.870,0.116,0,0,0,0,v
2014-08-29 19:42,6.867,0.105,0,0,0,0,v
2014-08-29 19:48,6.862,0.123,0,0,0,0,v
2014-08-29 19:54,6.866,0.116,0,0,0,0,v
2014-08-29 20:00,6.846,0.116,0,0,0,0,v
2014-08-29 20:06,6.843,0.122,0,0,0,0,v
2014-08-29 20:12,6.872,0.121,0,0,0,0,v
2014-08-29 20:18,6.856,0.112,0,0,0,0,v
2014-08-29 20:24,6.845,0.117,0,0,0,0,v
2014-08-29 20:30,6.835,0.123,0,0,0,0,v
2014-08-29 20:36,6.843,0.091,0,0,0,0,v
2014-08-29 20:42,6.852,0.119,0,0,0,0,v
2014-08-29 20:48,6.871,0.128,0,0,0,0,v
2014-08-29 20:54,6.889,0.126,0,0,0,0,v
2014-08-29 21:00,6.892,0.115,0,0,0,0,v
2014-08-29 21:06,6.896,0.126,0,0,0,0,v
2014-08-29 21:12,6.925,0.134,0,0,0,0,v
2014-08-29 21:18,6.933,0.123,0,0,0,0,v
2014-08-29 21:24,6.929,0.132,0,0,0,0,v
2014-08-29 21:30,6.947,0.119,0,0,0,0,v
2014-08-29 21:36,6.957,0.115,0,0,0,0,v
2014-08-29 21:42,6.957,0.129,0,0,0,0,v
2014-08-29 21:48,6.955,0.124,0,0,0,0,v
2014-08-29 21:54,6.965,0.117,0,0,0,0,v
2014-08-29 22:00,6.963,0.137,0,0,0,0,v
2014-08-29 22:06,6.921,0.128,0,0,0,0,v
2014-08-29 22:12,6.965,0.108,0,0,0,0,v
2014-08-29 22:18,6.968,0.142,0,0,0,0,v
2014-08-29 22:24,6.952,0.121,0,0,0,0,v
2014-08-29 22:30,6.961,0.138,0,0,0,0,v
2014-08-29 22:36,6.950,0.122,0,0,0,0,v
2014-08-29 22:42,6.984,0.141,0,0,0,0,v
2014-08-29 22:48,6.997,0.132,0,0,0,0,v
2014-08-29 22:54,6.980,0.119,0,0,0,0,v
2014-08-29 23:00,6.960,0.123,0,0,0,0,v
2014-08-29 23:06,6.976,0.119,0,0,0,0,v
2014-08-29 23:12,6.991,0.156,0,0,0,0,v
2014-08-29 23:18,6.993,0.146,0,0,0,0,v
2014-08-29 23:24,6.970,0.121,0,0,0,0,v
2014-08-29 23:30,6.950,0.130,0,0,0,0,v
2014-08-29 23:36,6.927,0.134,0,0,0,0,v
2014-08-29 23:42,6.928,0.138,0,0,0,0,v
2014-08-29 23:48,6.944,0.160,0,0,0,0,v
2014-08-29 23:54,6.976,0.124,0,0,0,0,v
2014-08-30 00:00,6.990,0.135,0,0,0,0,v
2014-08-30 00:06,7.023,0.115,0,0,0,0,v
2014-08-30 00:12,7.038,0.137,0,0,0,0,v
2014-08-30 00:18,7.043,0.124,0,0,0,0,v
2014-08-30 00:24,7.012,0.131,0,0,0,0,v
2014-08-30 00:30,7.006,0.140,0,0,0,0,v
2014-08-30 00:36,6.988,0.166,0,0,0,0,v
2014-08-30 00:42,6.978,0.117,0,0,0,0,v
2014-08-30 00:48,6.994,0.145,0,0,0,0,v
2014-08-30 00:54,7.028,0.157,0,0,0,0,v
2014-08-30 01:00,7.020,0.139,0,0,0,0,v
2014-08-30 01:06,7.035,0.131,0,0,0,0,v
2014-08-30 01:12,7.015,0.137,0,0,0,0,v
2014-08-30 01:18,7.029,0.154,0,0,0,0,v
2014-08-30 01:24,7.020,0.136,0,0,0,0,v
2014-08-30 01:30,7.038,0.138,0,0,0,0,v
2014-08-30 01:36,7.002,0.138,0,0,0,0,v
2014-08-30 01:42,7.000,0.141,0,0,0,0,v
2014-08-30 01:48,7.007,0.165,0,0,0,0,v
2014-08-30 01:54,7.005,0.115,0,0,0,0,v
2014-08-30 02:00,6.972,0.166,0,0,0,0,v
2014-08-30 02:06,6.962,0.127,0,0,0,0,v
2014-08-30 02:12,6.928,0.129,0,0,0,0,v
2014-08-30 02:18,6.930,0.168,0,0,0,0,v
2014-08-30 02:24,6.939,0.133,0,0,0,0,v
2014-08-30 02:30,6.925,0.130,0,0,0,0,v
2014-08-30 02:36,6.878,0.146,0,0,0,0,v
2014-08-30 02:42,6.897,0.150,0,0,0,0,v
2014-08-30 02:48,6.866,0.165,0,0,0,0,v
2014-08-30 02:54,6.872,0.137,0,0,0,0,v
2014-08-30 03:00,6.887,0.129,0,0,0,0,v
2014-08-30 03:06,6.881,0.162,0,0,0,0,v
2014-08-30 03:12,6.911,0.165,0,0,0,0,v
2014-08-30 03:18,6.925,0.147,0,0,0,0,v
2014-08-30 03:24,6.927,0.161,0,0,0,0,v
2014-08-30 03:30,6.897,0.132,0,0,0,0,v
2014-08-30 03:36,6.905,0.174,0,0,0,0,v
2014-08-30 03:42,6.918,0.151,0,0,0,0,v
2014-08-30 03:48,6.916,0.150,0,0,0,0,v
2014-08-30 03:54,6.906,0.160,0,0,0,0,v
2014-08-30 04:00,6.941,0.156,0,0,0,0,v
2014-08-30 04:06,6.961,0.143,0,0,0,0,v
2014-08-30 04:12,6.962,0.171,0,0,0,0,v
2014-08-30 04:18,6.967,0.148,0,0,0,0,v
2014-08-30 04:24,6.946,0.161,0,0,0,0,v
2014-08-30 04:30,6.941,0.144,0,0,0,0,v
2014-08-30 04:36,6.936,0.173,0,0,0,0,v
2014-08-30 04:42,6.931,0.144,0,0,0,0,v
2014-08-30 04:48,6.895,0.151,0,0,0,0,v
2014-08-30 04:54,6.849,0.138,0,0,0,0,v
2014-08-30 05:00,6.858,0.185,0,0,0,0,v
2014-08-30 05:06,6.865,0.144,0,0,0,0,v
2014-08-30 05:12,6.869,0.166,0,0,0,0,v
2014-08-30 05:18,6.892,0.152,0,0,0,0,v
2014-08-30 05:24,6.873,0.170,0,0,0,0,v
2014-08-30 05:30,6.892,0.173,0,0,0,0,v
2014-08-30 05:36,6.912,0.182,0,0,0,0,v
2014-08-30 05:42,6.907,0.190,0,0,0,0,v
2014-08-30 05:48,6.889,0.195,0,0,0,0,v
2014-08-30 05:54,6.881,0.153,0,0,0,0,v
2014-08-30 06:00,6.852,0.141,0,0,0,0,v
2014-08-30 06:06,6.872,0.167,0,0,0,0,v
2014-08-30 06:12,6.853,0.163,0,0,0,0,v
2014-08-30 06:18,6.875,0.130,0,0,0,0,v
2014-08-30 06:24,6.871,0.160,0,0,0,0,v
2014-08-30 06:30,6.845,0.157,0,0,0,0,v
2014-08-30 06:36,6.869,0.175,0,0,0,0,v
2014-08-30 06:42,6.853,0.138,0,0,0,0,v
2014-08-30 06:48,6.894,0.149,0,0,0,0,v
2014-08-30 06:54,6.914,0.172,0,0,0,0,v
2014-08-30 07:00,6.978,0.133,0,0,0,0,v
2014-08-30 07:06,6.995,0.132,0,0,0,0,v
2014-08-30 07:12,7.009,0.176,0,0,0,0,v
2014-08-30 07:18,7.035,0.163,0,0,0,0,v
2014-08-30 07:24,7.028,0.160,0,0,0,0,v
2014-08-30 07:30,6.975,0.144,0,0,0,0,v
2014-08-30 07:36,6.973,0.150,0,0,0,0,v
2014-08-30 07:42,6.965,0.180,0,0,0,0,v
2014-08-30 07:48,6.947,0.164,0,0,0,0,v
2014-08-30 07:54,6.927,0.123,0,0,0,0,v
2014-08-30 08:00,6.959,0.164,0,0,0,0,v
2014-08-30 08:06,6.946,0.124,0,0,0,0,v
2014-08-30 08:12,6.947,0.147,0,0,0,0,v
2014-08-30 08:18,6.931,0.135,0,0,0,0,v
2014-08-30 08:24,6.905,0.170,0,0,0,0,v
2014-08-30 08:30,6.898,0.137,0,0,0,0,v
2014-08-30 08:36,6.903,0.143,0,0,0,0,v
2014-08-30 08:42,6.914,0.168,0,0,0,0,v
2014-08-30 08:48,6.917,0.139,0,0,0,0,v
2014-08-30 08:54,6.922,0.131,0,0,0,0,v
2014-08-30 09:00,6.918,0.152,0,0,0,0,v
2014-08-30 09:06,6.882,0.133,0,0,0,0,v
2014-08-30 09:12,6.908,0.169,0,0,0,0,v
2014-08-30 09:18,6.914,0.150,0,0,0,0,v
2014-08-30 09:24,6.938,0.127,0,0,0,0,v
2014-08-30 09:30,6.935,0.142,0,0,0,0,v
2014-08-30 09:36,6.982,0.143,0,0,0,0,v
2014-08-30 09:42,7.005,0.156,0,0,0,0,v
2014-08-30 09:48,7.006,0.122,0,0,0,0,v
2014-08-30 09:54,7.008,0.124,0,0,0,0,v
2014-08-30 10:00,7.003,0.147,0,0,0,0,v
2014-08-30 10:06,6.975,0.153,0,0,0,0,v
2014-08-30 10:12,6.971,0.142,0,0,0,0,v
2014-08-30 10:18,6.972,0.153,0,0,0,0,v
2014-08-30 10:24,6.964,0.134,0,0,0,0,v
2014-08-30 10:30,6.973,0.125,0,0,0,0,v
2014-08-30 10:36,6.981,0.127,0,0,0,0,v
2014-08-30 10:42,6.999,0.137,0,0,0,0,v
2014-08-30 10:48,7.005,0.149,0,0,0,0,v
2014-08-30 10:54,7.031,0.121,0,0,0,0,v
2014-08-30 11:00,6.996,0.121,0,0,0,0,v
2014-08-30 11:06,7.019,0.133,0,0,0,0,v
2014-08-30 11:12,7.043,0.124,0,0,0,0,v
2014-08-30 11:18,7.026,0.130,0,0,0,0,v
2014-08-30 11:24,7.018,0.125,0,0,0,0,v
2014-08-30 11:30,6.979,0.117,0,0,0,0,v
2014-08-30 11:36,6.991,0.135,0,0,0,0,v
2014-08-30 11:42,6.990,0.118,0,0,0,0,v
2014-08-30 11:48,6.969,0.136,0,0,0,0,v
2014-08-30 11:54,6.926,0.127,0,0,0,0,v
2014-08-30 12:00,6.885,0.135,0,0,0,0,v
2014-08-30 12:06,6.879,0.118,0,0,0,0,v
2014-08-30 12:12,6.896,0.128,0,0,0,0,v
2014-08-30 12:18,6.882,0.129,0,0,0,0,v
2014-08-30 12:24,6.872,0.131,0,0,0,0,v
2014-08-30 12:30,6.897,0.123,0,0,0,0,v
2014-08-30 12:36,6.911,0.132,0,0,0,0,v
2014-08-30 12:42,6.885,0.109,0,0,0,0,v
2014-08-30 12:48,6.860,0.124,0,0,0,0,v
2014-08-30 12:54,6.861,0.113,0,0,0,0,v
2014-08-30 13:00,6.855,0.117,0,0,0,0,v
2014-08-30 13:06,6.885,0.100,0,0,0,0,v
2014-08-30 13:12,6.910,0.111,0,0,0,0,v
2014-08-30 13:18,6.902,0.105,0,0,0,0,v
2014-08-30 13:24,6.883,0.110,0,0,0,0,v
2014-08-30 13:30,6.825,0.112,0,0,0,0,v
2014-08-30 13:36,6.849,0.126,0,0,0,0,v
2014-08-30 13:42,6.826,0.101,0,0,0,0,v
2014-08-30 13:48,6.845,0.108,0,0,0,0,v
2014-08-30 13:54,6.850,0.106,0,0,0,0,v
2014-08-30 14:00,6.834,0.116,0,0,0,0,v
2014-08-30 14:06,6.822,0.102,0,0,0,0,v
2014-08-30 14:12,6.787,0.125,0,0,0,0,v
2014-08-30 14:18,6.774,0.110,0,0,0,0,v
2014-08-30 14:24,6.727,0.110,0,0,0,0,v
2014-08-30 14:30,6.666,0.109,0,0,0,0,v
2014-08-30 14:36,6.651,0.088,0,0,0,0,v
2014-08-30 14:42,6.653,0.101,0,0,0,0,v
2014-08-30 14:48,6.631,0.105,0,0,0,0,v
2014-08-30 14:54,6.663,0.098,0,0,0,0,v
2014-08-30 15:00,6.670,0.101,0,0,0,0,v
2014-08-30 15:06,6.692,0.113,0,0,0,0,v
2014-08-30 15:12,6.715,0.102,0,0,0,0,v
2014-08-30 15:18,6.752,0.104,0,0,0,0,v
2014-08-30 15:24,6.768,0.098,0,0,0,0,v
2014-08-30 15:30,6.742,0.095,0,0,0,0,v
2014-08-30 15:36,6.715,0.092,0,0,0,0,v
2014-08-30 15:42,6.747,0.083,0,0,0,0,v
2014-08-30 15:48,6.855,0.098,0,0,0,0,v
2014-08-30 15:54,6.915,0.096,0,0,0,0,v
2014-08-30 16:00,6.896,0.079,0,0,0,0,v
2014-08-30 16:06,6.826,0.091,0,0,0,0,v
2014-08-30 16:12,6.767,0.080,0,0,0,0,v
2014-08-30 16:18,6.766,0.093,0,0,0,0,v
2014-08-30 16:24,6.754,0.109,0,0,0,0,v
2014-08-30 16:30,6.737,0.097,0,0,0,0,v
2014-08-30 16:36,6.759,0.110,0,0,0,0,v
2014-08-30 16:42,6.764,0.102,0,0,0,0,v
2014-08-30 16:48,6.797,0.092,0,0,0,0,v
2014-08-30 16:54,6.772,0.098,0,0,0,0,v
2014-08-30 17:00,6.803,0.075,0,0,0,0,v
2014-08-30 17:06,6.832,0.089,0,0,0,0,v
2014-08-30 17:12,6.806,0.076,0,0,0,0,v
2014-08-30 17:18,6.698,0.086,0,0,0,0,v
2014-08-30 17:24,6.717,0.107,0,0,0,0,v
2014-08-30 17:30,6.715,0.083,0,0,0,0,v
2014-08-30 17:36,6.718,0.077,0,0,0,0,v
2014-08-30 17:42,6.704,0.081,0,0,0,0,v
2014-08-30 17:48,6.720,0.085,0,0,0,0,v
2014-08-30 17:54,6.755,0.089,0,0,0,0,v
2014-08-30 18:00,6.707,0.102,0,0,0,0,v
2014-08-30 18:06,6.665,0.079,0,0,0,0,v
2014-08-30 18:12,6.672,0.091,0,0,0,0,v
2014-08-30 18:18,6.639,0.078,0,0,0,0,v
2014-08-30 18:24,6.651,0.096,0,0,0,0,v
2014-08-30 18:30,6.651,0.085,0,0,0,0,v
2014-08-30 18:36,6.648,0.090,0,0,0,0,v
2014-08-30 18:42,6.687,0.089,0,0,0,0,v
2014-08-30 18:48,6.659,0.092,0,0,0,0,v
2014-08-30 18:54,6.661,0.094,0,0,0,0,v
2014-08-30 19:00,6.698,0.096,0,0,0,0,v
2014-08-30 19:06,6.681,0.090,0,0,0,0,v
2014-08-30 19:12,6.701,0.085,0,0,0,0,v
2014-08-30 19:18,6.725,0.086,0,0,0,0,v
2014-08-30 19:24,6.743,0.093,0,0,0,0,v
2014-08-30 19:30,6.776,0.092,0,0,0,0,v
2014-08-30 19:36,6.790,0.099,0,0,0,0,v
2014-08-30 19:42,6.795,0.091,0,0,0,0,v
2014-08-30 19:48,6.752,0.096,0,0,0,0,v
2014-08-30 19:54,6.773,0.103,0,0,0,0,v
2014-08-30 20:00,6.765,0.103,0,0,0,0,v
2014-08-30 20:06,6.757,0.111,0,0,0,0,v
2014-08-30 20:12,6.762,0.105,0,0,0,0,v
2014-08-30 20:18,6.749,0.103,0,0,0,0,v
2014-08-30 20:24,6.766,0.107,0,0,0,0,v
2014-08-30 20:30,6.785,0.093,0,0,0,0,v
2014-08-30 20:36,6.807,0.091,0,0,0,0,v
2014-08-30 20:42,6.812,0.128,0,0,0,0,v
2014-08-30 20:48,6.789,0.105,0,0,0,0,v
2014-08-30 20:54,6.781,0.102,0,0,0,0,v
2014-08-30 21:00,6.756,0.115,0,0,0,0,v
2014-08-30 21:06,6.816,0.127,0,0,0,0,v
2014-08-30 21:12,6.800,0.113,0,0,0,0,v
2014-08-30 21:18,6.814,0.109,0,0,0,0,v
2014-08-30 21:24,6.828,0.115,0,0,0,0,v
2014-08-30 21:30,6.827,0.107,0,0,0,0,v
2014-08-30 21:36,6.841,0.109,0,0,0,0,v
2014-08-30 21:42,6.884,0.111,0,0,0,0,v
2014-08-30 21:48,6.904,0.121,0,0,0,0,v
2014-08-30 21:54,6.921,0.119,0,0,0,0,v
2014-08-30 22:00,6.888,0.112,0,0,0,0,v
2014-08-30 22:06,6.913,0.127,0,0,0,0,v
2014-08-30 22:12,6.903,0.116,0,0,0,0,v
2014-08-30 22:18,6.928,0.122,0,0,0,0,v
2014-08-30 22:24,6.919,0.113,0,0,0,0,v
2014-08-30 22:30,6.885,0.110,0,0,0,0,v
2014-08-30 22:36,6.852,0.130,0,0,0,0,v
2014-08-30 22:42,6.900,0.110,0,0,0,0,v
2014-08-30 22:48,6.874,0.130,0,0,0,0,v
2014-08-30 22:54,6.908,0.121,0,0,0,0,v
2014-08-30 23:00,6.919,0.123,0,0,0,0,v
2014-08-30 23:06,6.941,0.125,0,0,0,0,v
2014-08-30 23:12,6.938,0.117,0,0,0,0,v
2014-08-30 23:18,6.913,0.132,0,0,0,0,v
2014-08-30 23:24,6.939,0.115,0,0,0,0,v
2014-08-30 23:30,6.968,0.137,0,0,0,0,v
2014-08-30 23:36,6.925,0.107,0,0,0,0,v
2014-08-30 23:42,6.927,0.130,0,0,0,0,v
2014-08-30 23:48,6.967,0.132,0,0,0,0,v
2014-08-30 23:54,6.935,0.139,0,0,0,0,v
2014-08-31 00:00,6.953,0.116,0,0,0,0,v
2014-08-31 00:06,6.976,0.131,0,0,0,0,v
2014-08-31 00:12,6.973,0.150,0,0,0,0,v
2014-08-31 00:18,6.967,0.136,0,0,0,0,v
2014-08-31 00:24,6.927,0.140,0,0,0,0,v
2014-08-31 00:30,6.913,0.133,0,0,0,0,v
2014-08-31 00:36,6.923,0.136,0,0,0,0,v
2014-08-31 00:42,6.929,0.122,0,0,0,0,v
2014-08-31 00:48,6.951,0.137,0,0,0,0,v
2014-08-31 00:54,6.947,0.134,0,0,0,0,v
2014-08-31 01:00,6.916,0.131,0,0,0,0,v
2014-08-31 01:06,6.932,0.140,0,0,0,0,v
2014-08-31 01:12,6.981,0.139,0,0,0,0,v
2014-08-31 01:18,7.030,0.138,0,0,0,0,v
2014-08-31 01:24,6.992,0.159,0,0,0,0,v
2014-08-31 01:30,6.997,0.163,0,0,0,0,v
2014-08-31 01:36,7.025,0.131,0,0,0,0,v
2014-08-31 01:42,7.021,0.111,0,0,0,0,v
2014-08-31 01:48,6.975,0.133,0,0,0,0,v
2014-08-31 01:54,6.964,0.149,0,0,0,0,v
2014-08-31 02:00,6.953,0.157,0,0,0,0,v
2014-08-31 02:06,6.924,0.135,0,0,0,0,v
2014-08-31 02:12,6.923,0.121,0,0,0,0,v
2014-08-31 02:18,6.936,0.116,0,0,0,0,v
2014-08-31 02:24,6.943,0.124,0,0,0,0,v
2014-08-31 02:30,6.932,0.144,0,0,0,0,v
2014-08-31 02:36,6.883,0.129,0,0,0,0,v
2014-08-31 02:42,6.918,0.153,0,0,0,0,v
2014-08-31 02:48,6.982,0.140,0,0,0,0,v
2014-08-31 02:54,6.999,0.140,0,0,0,0,v
2014-08-31 03:00,6.995,0.136,0,0,0,0,v
2014-08-31 03:06,6.988,0.145,0,0,0,0,v
2014-08-31 03:12,6.986,0.132,0,0,0,0,v
2014-08-31 03:18,6.996,0.134,0,0,0,0,v
2014-08-31 03:24,6.976,0.131,0,0,0,0,v
2014-08-31 03:30,6.955,0.131,0,0,0,0,v
2014-08-31 03:36,6.966,0.160,0,0,0,0,v
2014-08-31 03:42,6.943,0.155,0,0,0,0,v
2014-08-31 03:48,6.932,0.136,0,0,0,0,v
2014-08-31 03:54,6.883,0.134,0,0,0,0,v
2014-08-31 04:00,6.875,0.159,0,0,0,0,v
2014-08-31 04:06,6.877,0.152,0,0,0,0,v
2014-08-31 04:12,6.937,0.140,0,0,0,0,v
2014-08-31 04:18,6.955,0.123,0,0,0,0,v
2014-08-31 04:24,6.974,0.137,0,0,0,0,v
2014-08-31 04:30,6.972,0.155,0,0,0,0,v
2014-08-31 04:36,6.960,0.140,0,0,0,0,v
2014-08-31 04:42,6.967,0.146,0,0,0,0,v
2014-08-31 04:48,6.968,0.138,0,0,0,0,v
2014-08-31 04:54,6.960,0.145,0,0,0,0,v
2014-08-31 05:00,6.938,0.144,0,0,0,0,v
2014-08-31 05:06,6.900,0.165,0,0,0,0,v
2014-08-31 05:12,6.875,0.146,0,0,0,0,v
2014-08-31 05:18,6.867,0.154,0,0,0,0,v
2014-08-31 05:24,6.837,0.138,0,0,0,0,v
2014-08-31 05:30,6.825,0.134,0,0,0,0,v
2014-08-31 05:36,6.840,0.144,0,0,0,0,v
2014-08-31 05:42,6.831,0.123,0,0,0,0,v
2014-08-31 05:48,6.830,0.158,0,0,0,0,v
2014-08-31 05:54,6.832,0.161,0,0,0,0,v
2014-08-31 06:00,6.824,0.155,0,0,0,0,v
2014-08-31 06:06,6.845,0.163,0,0,0,0,v
2014-08-31 06:12,6.835,0.147,0,0,0,0,v
2014-08-31 06:18,6.844,0.140,0,0,0,0,v
2014-08-31 06:24,6.853,0.160,0,0,0,0,v
2014-08-31 06:30,6.898,0.156,0,0,0,0,v
2014-08-31 06:36,6.879,0.165,0,0,0,0,v
2014-08-31 06:42,6.851,0.150,0,0,0,0,v
2014-08-31 06:48,6.843,0.141,0,0,0,0,v
2014-08-31 06:54,6.876,0.146,0,0,0,0,v
2014-08-31 07:00,6.839,0.172,0,0,0,0,v
2014-08-31 07:06,6.802,0.151,0,0,0,0,v
2014-08-31 07:12,6.838,0.148,0,0,0,0,v
2014-08-31 07:18,6.858,0.147,0,0,0,0,v
2014-08-31 07:24,6.900,0.151,0,0,0,0,v
2014-08-31 07:30,6.909,0.138,0,0,0,0,v
2014-08-31 07:36,6.889,0.151,0,0,0,0,v
2014-08-31 07:42,6.880,0.184,0,0,0,0,v
2014-08-31 07:48,6.898,0.153,0,0,0,0,v
2014-08-31 07:54,6.919,0.152,0,0,0,0,v
2014-08-31 08:00,6.914,0.166,0,0,0,0,v
2014-08-31 08:06,6.885,0.151,0,0,0,0,v
2014-08-31 08:12,6.872,0.172,0,0,0,0,v
2014-08-31 08:18,6.861,0.178,0,0,0,0,v
2014-08-31 08:24,6.850,0.158,0,0,0,0,v
2014-08-31 08:30,6.879,0.133,0,0,0,0,v
2014-08-31 08:36,6.886,0.144,0,0,0,0,v
2014-08-31 08:42,6.923,0.145,0,0,0,0,v
2014-08-31 08:48,6.915,0.166,0,0,0,0,v
2014-08-31 08:54,6.925,0.161,0,0,0,0,v
2014-08-31 09:00,6.902,0.146,0,0,0,0,v
2014-08-31 09:06,6.910,0.165,0,0,0,0,v
2014-08-31 09:12,6.919,0.167,0,0,0,0,v
2014-08-31 09:18,6.932,0.173,0,0,0,0,v
2014-08-31 09:24,6.924,0.175,0,0,0,0,v
2014-08-31 09:30,6.913,0.181,0,0,0,0,v
2014-08-31 09:36,6.886,0.169,0,0,0,0,v
2014-08-31 09:42,6.906,0.134,0,0,0,0,v
2014-08-31 09:48,6.948,0.179,0,0,0,0,v
2014-08-31 09:54,6.937,0.173,0,0,0,0,v
2014-08-31 10:00,6.938,0.176,0,0,0,0,v
2014-08-31 10:06,6.927,0.184,0,0,0,0,v
2014-08-31 10:12,6.904,0.143,0,0,0,0,v
2014-08-31 10:18,6.888,0.151,0,0,0,0,v
2014-08-31 10:24,6.921,0.168,0,0,0,0,v
2014-08-31 10:30,6.910,0.153,0,0,0,0,v
2014-08-31 10:36,6.877,0.170,0,0,0,0,v
2014-08-31 10:42,6.874,0.151,0,0,0,0,v
2014-08-31 10:48,6.886,0.143,0,0,0,0,v
2014-08-31 10:54,6.905,0.167,0,0,0,0,v
2014-08-31 11:00,6.906,0.140,0,0,0,0,v
2014-08-31 11:06,6.894,0.179,0,0,0,0,v
2014-08-31 11:12,6.875,0.198,0,0,0,0,v
2014-08-31 11:18,6.892,0.165,0,0,0,0,v
2014-08-31 11:24,6.918,0.152,0,0,0,0,v
2014-08-31 11:30,6.883,0.153,0,0,0,0,v
2014-08-31 11:36,6.872,0.160,0,0,0,0,v
2014-08-31 11:42,6.888,0.190,0,0,0,0,v
2014-08-31 11:48,6.867,0.153,0,0,0,0,v
2014-08-31 11:54,6.824,0.183,0,0,0,0,v
2014-08-31 12:00,6.785,0.154,0,0,0,0,v
2014-08-31 12:06,6.771,0.160,0,0,0,0,v
2014-08-31 12:12,6.804,0.141,0,0,0,0,v
2014-08-31 12:18,6.811,0.183,0,0,0,0,v
2014-08-31 12:24,6.822,0.157,0,0,0,0,v
2014-08-31 12:30,6.814,0.158,0,0,0,0,v
2014-08-31 12:36,6.827,0.159,0,0,0,0,v
2014-08-31 12:42,6.796,0.149,0,0,0,0,v
2014-08-31 12:48,6.820,0.127,0,0,0,0,v
2014-08-31 12:54,6.746,0.134,0,0,0,0,v
2014-08-31 13:00,6.718,0.144,0,0,0,0,v
2014-08-31 13:06,6.764,0.162,0,0,0,0,v
2014-08-31 13:12,6.784,0.155,0,0,0,0,v
2014-08-31 13:18,6.758,0.142,0,0,0,0,v
2014-08-31 13:24,6.797,0.149,0,0,0,0,v
2014-08-31 13:30,6.811,0.147,0,0,0,0,v
2014-08-31 13:36,6.798,0.165,0,0,0,0,v
2014-08-31 13:42,6.812,0.142,0,0,0,0,v
2014-08-31 13:48,6.832,0.168,0,0,0,0,v
2014-08-31 13:54,6.782,0.154,0,0,0,0,v
2014-08-31 14:00,6.816,0.152,0,0,0,0,v
2014-08-31 14:06,6.787,0.153,0,0,0,0,v
2014-08-31 14:12,6.777,0.170,0,0,0,0,v
2014-08-31 14:18,6.787,0.168,0,0,0,0,v
2014-08-31 14:24,6.783,0.142,0,0,0,0,v
2014-08-31 14:30,6.746,0.167,0,0,0,0,v
2014-08-31 14:36,6.755,0.151,0,0,0,0,v
2014-08-31 14:42,6.783,0.171,0,0,0,0,v
2014-08-31 14:48,6.815,0.156,0,0,0,0,v
2014-08-31 14:54,6.816,0.167,0,0,0,0,v
2014-08-31 15:00,6.766,0.156,0,0,0,0,v
2014-08-31 15:06,6.792,0.139,0,0,0,0,v
2014-08-31 15:12,6.759,0.153,0,0,0,0,v
2014-08-31 15:18,6.767,0.153,0,0,0,0,v
2014-08-31 15:24,6.753,0.145,0,0,0,0,v
2014-08-31 15:30,6.747,0.177,0,0,0,0,v
2014-08-31 15:36,6.677,0.176,0,0,0,0,v
2014-08-31 15:42,6.645,0.180,0,0,0,0,v
2014-08-31 15:48,6.631,0.161,0,0,0,0,v
2014-08-31 15:54,6.659,0.155,0,0,0,0,v
2014-08-31 16:00,6.631,0.185,0,0,0,0,v
2014-08-31 16:06,6.639,0.174,0,0,0,0,v
2014-08-31 16:12,6.634,0.149,0,0,0,0,v
2014-08-31 16:18,6.582,0.169,0,0,0,0,v
2014-08-31 16:24,6.555,0.168,0,0,0,0,v
2014-08-31 16:30,6.525,0.160,0,0,0,0,v
2014-08-31 16:36,6.521,0.162,0,0,0,0,v
2014-08-31 16:42,6.544,0.160,0,0,0,0,v
2014-08-31 16:48,6.567,0.163,0,0,0,0,v
2014-08-31 16:54,6.581,0.145,0,0,0,0,v
2014-08-31 17:00,6.592,0.173,0,0,0,0,v
2014-08-31 17:06,6.572,0.178,0,0,0,0,v
2014-08-31 17:12,6.577,0.177,0,0,0,0,v
2014-08-31 17:18,6.594,0.164,0,0,0,0,v
2014-08-31 17:24,6.590,0.195,0,0,0,0,v
2014-08-31 17:30,6.588,0.133,0,0,0,0,v
2014-08-31 17:36,6.572,0.157,0,0,0,0,v
2014-08-31 17:42,6.623,0.159,0,0,0,0,v
2014-08-31 17:48,6.642,0.151,0,0,0,0,v
2014-08-31 17:54,6.644,0.146,0,0,0,0,v
2014-08-31 18:00,6.640,0.165,0,0,0,0,v
2014-08-31 18:06,6.606,0.159,0,0,0,0,v
2014-08-31 18:12,6.614,0.146,0,0,0,0,v
2014-08-31 18:18,6.639,0.182,0,0,0,0,v
2014-08-31 18:24,6.647,0.188,0,0,0,0,v
2014-08-31 18:30,6.646,0.188,0,0,0,0,v
2014-08-31 18:36,6.681,0.197,0,0,0,0,v
2014-08-31 18:42,6.667,0.159,0,0,0,0,v
2014-08-31 18:48,6.657,0.146,0,0,0,0,v
2014-08-31 18:54,6.651,0.175,0,0,0,0,v
2014-08-31 19:00,6.675,0.178,0,0,0,0,v
2014-08-31 19:06,6.642,0.162,0,0,0,0,v
2014-08-31 19:12,6.639,0.142,0,0,0,0,v
2014-08-31 19:18,6.626,0.185,0,0,0,0,v
2014-08-31 19:24,6.648,0.156,0,0,0,0,v
2014-08-31 19:30,6.681,0.156,0,0,0,0,v
2014-08-31 19:36,6.657,0.168,0,0,0,0,v
2014-08-31 19:42,6.629,0.155,0,0,0,0,v
2014-08-31 19:48,6.633,0.151,0,0,0,0,v
2014-08-31 19:54,6.646,0.158,0,0,0,0,v
2014-08-31 20:00,6.627,0.160,0,0,0,0,v
2014-08-31 20:06,6.609,0.163,0,0,0,0,v
2014-08-31 20:12,6.596,0.131,0,0,0,0,v
2014-08-31 20:18,6.573,0.172,0,0,0,0,v
2014-08-31 20:24,6.593,0.133,0,0,0,0,v
2014-08-31 20:30,6.594,0.155,0,0,0,0,v
2014-08-31 20:36,6.589,0.117,0,0,0,0,v
2014-08-31 20:42,6.624,0.148,0,0,0,0,v
2014-08-31 20:48,6.663,0.141,0,0,0,0,v
2014-08-31 20:54,6.686,0.150,0,0,0,0,v
2014-08-31 21:00,6.694,0.151,0,0,0,0,v
2014-08-31 21:06,6.698,0.135,0,0,0,0,v
2014-08-31 21:12,6.656,0.168,0,0,0,0,v
2014-08-31 21:18,6.666,0.133,0,0,0,0,v
2014-08-31 21:24,6.659,0.137,0,0,0,0,v
2014-08-31 21:30,6.645,0.152,0,0,0,0,v
2014-08-31 21:36,6.669,0.132,0,0,0,0,v
2014-08-31 21:42,6.703,0.154,0,0,0,0,v
2014-08-31 21:48,6.695,0.144,0,0,0,0,v
2014-08-31 21:54,6.678,0.148,0,0,0,0,v
2014-08-31 22:00,6.678,0.161,0,0,0,0,v
2014-08-31 22:06,6.697,0.163,0,0,0,0,v
2014-08-31 22:12,6.754,0.128,0,0,0,0,v
2014-08-31 22:18,6.775,0.135,0,0,0,0,v
2014-08-31 22:24,6.753,0.126,0,0,0,0,v
2014-08-31 22:30,6.761,0.150,0,0,0,0,v
2014-08-31 22:36,6.785,0.150,0,0,0,0,v
2014-08-31 22:42,6.802,0.136,0,0,0,0,v
2014-08-31 22:48,6.805,0.192,0,0,0,0,v
2014-08-31 22:54,6.834,0.138,0,0,0,0,v
2014-08-31 23:00,6.846,0.170,0,0,0,0,v
2014-08-31 23:06,6.821,0.159,0,0,0,0,v
2014-08-31 23:12,6.831,0.153,0,0,0,0,v
2014-08-31 23:18,6.814,0.123,0,0,0,0,v
2014-08-31 23:24,6.831,0.117,0,0,0,0,v
2014-08-31 23:30,6.857,0.168,0,0,0,0,v
2014-08-31 23:36,6.849,0.157,0,0,0,0,v
2014-08-31 23:42,6.869,0.140,0,0,0,0,v
2014-08-31 23:48,6.870,0.147,0,0,0,0,v
2014-08-31 23:54,6.857,0.141,0,0,0,0,v
2014-09-01 00:00,6.867,0.144,0,0,0,0,v
2014-09-01 00:06,6.878,0.133,0,0,0,0,v
2014-09-01 00:12,6.874,0.119,0,0,0,0,v
2014-09-01 00:18,6.850,0.136,0,0,0,0,v
2014-09-01 00:24,6.865,0.127,0,0,0,0,v
2014-09-01 00:30,6.865,0.127,0,0,0,0,v
2014-09-01 00:36,6.882,0.125,0,0,0,0,v
2014-09-01 00:42,6.903,0.116,0,0,0,0,v
2014-09-01 00:48,6.909,0.134,0,0,0,0,v
2014-09-01 00:54,6.872,0.126,0,0,0,0,v
2014-09-01 01:00,6.871,0.140,0,0,0,0,v
2014-09-01 01:06,6.881,0.151,0,0,0,0,v
2014-09-01 01:12,6.902,0.145,0,0,0,0,v
2014-09-01 01:18,6.902,0.121,0,0,0,0,v
2014-09-01 01:24,6.858,0.130,0,0,0,0,v
2014-09-01 01:30,6.877,0.150,0,0,0,0,v
2014-09-01 01:36,6.880,0.148,0,0,0,0,v
2014-09-01 01:42,6.914,0.161,0,0,0,0,v
2014-09-01 01:48,6.948,0.134,0,0,0,0,v
2014-09-01 01:54,6.985,0.117,0,0,0,0,v
2014-09-01 02:00,6.985,0.134,0,0,0,0,v
2014-09-01 02:06,6.971,0.162,0,0,0,0,v
2014-09-01 02:12,6.941,0.140,0,0,0,0,v
2014-09-01 02:18,6.921,0.139,0,0,0,0,v
2014-09-01 02:24,6.907,0.137,0,0,0,0,v
2014-09-01 02:30,6.916,0.128,0,0,0,0,v
2014-09-01 02:36,6.922,0.114,0,0,0,0,v
2014-09-01 02:42,6.925,0.140,0,0,0,0,v
2014-09-01 02:48,6.901,0.129,0,0,0,0,v
2014-09-01 02:54,6.899,0.106,0,0,0,0,v
2014-09-01 03:00,6.882,0.122,0,0,0,0,v
2014-09-01 03:06,6.905,0.131,0,0,0,0,v
2014-09-01 03:12,6.921,0.112,0,0,0,0,v
2014-09-01 03:18,6.948,0.146,0,0,0,0,v
2014-09-01 03:24,6.969,0.128,0,0,0,0,v
2014-09-01 03:30,6.961,0.116,0,0,0,0,v
2014-09-01 03:36,6.954,0.131,0,0,0,0,v
2014-09-01 03:42,6.941,0.125,0,0,0,0,v
2014-09-01 03:48,6.943,0.139,0,0,0,0,v
2014-09-01 03:54,6.949,0.145,0,0,0,0,v
2014-09-01 04:00,6.922,0.131,0,0,0,0,v
2014-09-01 04:06,6.949,0.109,0,0,0,0,v
2014-09-01 04:12,6.977,0.130,0,0,0,0,v
2014-09-01 04:18,6.999,0.128,0,0,0,0,v
2014-09-01 04:24,7.003,0.107,0,0,0,0,v
2014-09-01 04:30,7.005,0.123,0,0,0,0,v
2014-09-01 04:36,6.980,0.127,0,0,0,0,v
2014-09-01 04:42,6.982,0.132,0,0,0,0,v
2014-09-01 04:48,6.953,0.142,0,0,0,0,v
2014-09-01 04:54,6.946,0.140,0,0,0,0,v
2014-09-01 05:00,6.951,0.135,0,0,0,0,v
2014-09-01 05:06,6.936,0.133,0,0,0,0,v
2014-09-01 05:12,6.912,0.127,0,0,0,0,v
2014-09-01 05:18,6.892,0.138,0,0,0,0,v
2014-09-01 05:24,6.893,0.116,0,0,0,0,v
2014-09-01 05:30,6.916,0.144,0,0,0,0,v
2014-09-01 05:36,6.923,0.114,0,0,0,0,v
2014-09-01 05:42,6.929,0.147,0,0,0,0,v
2014-09-01 05:48,6.915,0.124,0,0,0,0,v
2014-09-01 05:54,6.899,0.121,0,0,0,0,v
2014-09-01 06:00,6.901,0.129,0,0,0,0,v
2014-09-01 06:06,6.937,0.150,0,0,0,0,v
2014-09-01 06:12,6.928,0.116,0,0,0,0,v
2014-09-01 06:18,6.922,0.110,0,0,0,0,v
2014-09-01 06:24,6.957,0.117,0,0,0,0,v
2014-09-01 06:30,6.920,0.107,0,0,0,0,v
2014-09-01 06:36,6.900,0.134,0,0,0,0,v
2014-09-01 06:42,6.902,0.122,0,0,0,0,v
2014-09-01 06:48,6.902,0.132,0,0,0,0,v
2014-09-01 06:54,6.907,0.131,0,0,0,0,v
2014-09-01 07:00,6.909,0.121,0,0,0,0,v
2014-09-01 07:06,6.908,0.148,0,0,0,0,v
2014-09-01 07:12,6.907,0.126,0,0,0,0,v
2014-09-01 07:18,6.898,0.137,0,0,0,0,v
2014-09-01 07:24,6.905,0.126,0,0,0,0,v
2014-09-01 07:30,6.906,0.127,0,0,0,0,v
2014-09-01 07:36,6.896,0.101,0,0,0,0,v
2014-09-01 07:42,6.903,0.123,0,0,0,0,v
2014-09-01 07:48,6.892,0.138,0,0,0,0,v
2014-09-01 07:54,6.899,0.140,0,0,0,0,v
2014-09-01 08:00,6.901,0.118,0,0,0,0,v
2014-09-01 08:06,6.915,0.118,0,0,0,0,v
2014-09-01 08:12,6.915,0.139,0,0,0,0,v
2014-09-01 08:18,6.931,0.133,0,0,0,0,v
2014-09-01 08:24,6.940,0.128,0,0,0,0,v
2014-09-01 08:30,6.940,0.135,0,0,0,0,v
2014-09-01 08:36,6.971,0.136,0,0,0,0,v
2014-09-01 08:42,6.981,0.133,0,0,0,0,v
2014-09-01 08:48,6.975,0.124,0,0,0,0,v
2014-09-01 08:54,6.961,0.132,0,0,0,0,v
2014-09-01 09:00,6.956,0.123,0,0,0,0,v
2014-09-01 09:06,6.962,0.123,0,0,0,0,v
2014-09-01 09:12,6.962,0.127,0,0,0,0,v
2014-09-01 09:18,6.964,0.127,0,0,0,0,v
2014-09-01 09:24,6.954,0.129,0,0,0,0,v
2014-09-01 09:30,6.980,0.129,0,0,0,0,v
2014-09-01 09:36,6.971,0.133,0,0,0,0,v
2014-09-01 09:42,6.953,0.114,0,0,0,0,v
2014-09-01 09:48,6.943,0.148,0,0,0,0,v
2014-09-01 09:54,6.956,0.125,0,0,0,0,v
2014-09-01 10:00,6.947,0.117,0,0,0,0,v
2014-09-01 10:06,6.953,0.126,0,0,0,0,v
2014-09-01 10:12,6.957,0.127,0,0,0,0,v
2014-09-01 10:18,6.936,0.107,0,0,0,0,v
2014-09-01 10:24,6.954,0.133,0,0,0,0,v
2014-09-01 10:30,6.939,0.136,0,0,0,0,v
2014-09-01 10:36,6.922,0.121,0,0,0,0,v
2014-09-01 10:42,6.896,0.122,0,0,0,0,v
2014-09-01 10:48,6.889,0.138,0,0,0,0,v
2014-09-01 10:54,6.900,0.143,0,0,0,0,v
2014-09-01 11:00,6.919,0.129,0,0,0,0,v
2014-09-01 11:06,6.925,0.124,0,0,0,0,v
2014-09-01 11:12,6.910,0.122,0,0,0,0,v
2014-09-01 11:18,6.916,0.118,0,0,0,0,v
2014-09-01 11:24,6.904,0.135,0,0,0,0,v
2014-09-01 11:30,6.933,0.126,0,0,0,0,v
2014-09-01 11:36,6.957,0.115,0,0,0,0,v
2014-09-01 11:42,6.956,0.137,0,0,0,0,v
2014-09-01 11:48,6.929,0.112,0,0,0,0,v
2014-09-01 11:54,6.935,0.119,0,0,0,0,v
2014-09-01 12:00,6.937,0.119,0,0,0,0,v
2014-09-01 12:06,6.952,0.117,0,0,0,0,v
2014-09-01 12:12,6.955,0.130,0,0,0,0,v
2014-09-01 12:18,6.954,0.117,0,0,0,0,v
2014-09-01 12:24,6.961,0.117,0,0,0,0,v
2014-09-01 12:30,6.959,0.131,0,0,0,0,v
2014-09-01 12:36,6.948,0.115,0,0,0,0,v
2014-09-01 12:42,6.952,0.130,0,0,0,0,v
2014-09-01 12:48,6.943,0.136,0,0,0,0,v
2014-09-01 12:54,6.925,0.141,0,0,0,0,v
2014-09-01 13:00,6.911,0.114,0,0,0,0,v
2014-09-01 13:06,6.930,0.120,0,0,0,0,v
2014-09-01 13:12,6.912,0.133,0,0,0,0,v
2014-09-01 13:18,6.900,0.133,0,0,0,0,v
2014-09-01 13:24,6.905,0.115,0,0,0,0,v
2014-09-01 13:30,6.894,0.118,0,0,0,0,v
2014-09-01 13:36,6.903,0.119,0,0,0,0,v
2014-09-01 13:42,6.878,0.129,0,0,0,0,v
2014-09-01 13:48,6.890,0.126,0,0,0,0,v
2014-09-01 13:54,6.874,0.116,0,0,0,0,v
2014-09-01 14:00,6.882,0.124,0,0,0,0,v
2014-09-01 14:06,6.877,0.114,0,0,0,0,v
2014-09-01 14:12,6.850,0.119,0,0,0,0,v
2014-09-01 14:18,6.840,0.123,0,0,0,0,v
2014-09-01 14:24,6.839,0.136,0,0,0,0,v
2014-09-01 14:30,6.838,0.151,0,0,0,0,v
2014-09-01 14:36,6.843,0.134,0,0,0,0,v
2014-09-01 14:42,6.820,0.115,0,0,0,0,v
2014-09-01 14:48,6.828,0.123,0,0,0,0,v
2014-09-01 14:54,6.836,0.129,0,0,0,0,v
2014-09-01 15:00,6.830,0.143,0,0,0,0,v
2014-09-01 15:06,6.831,0.136,0,0,0,0,v
2014-09-01 15:12,6.829,0.134,0,0,0,0,v
2014-09-01 15:18,6.802,0.137,0,0,0,0,v
2014-09-01 15:24,6.775,0.135,0,0,0,0,v
2014-09-01 15:30,6.763,0.122,0,0,0,0,v
2014-09-01 15:36,6.760,0.130,0,0,0,0,v
2014-09-01 15:42,6.734,0.123,0,0,0,0,v
2014-09-01 15:48,6.747,0.163,0,0,0,0,v
2014-09-01 15:54,6.740,0.134,0,0,0,0,v
2014-09-01 16:00,6.766,0.123,0,0,0,0,v
2014-09-01 16:06,6.795,0.131,0,0,0,0,v
2014-09-01 16:12,6.767,0.122,0,0,0,0,v
2014-09-01 16:18,6.777,0.134,0,0,0,0,v
2014-09-01 16:24,6.764,0.136,0,0,0,0,v
2014-09-01 16:30,6.741,0.149,0,0,0,0,v
2014-09-01 16:36,6.722,0.140,0,0,0,0,v
2014-09-01 16:42,6.720,0.143,0,0,0,0,v
2014-09-01 16:48,6.725,0.148,0,0,0,0,v
2014-09-01 16:54,6.733,0.162,0,0,0,0,v
2014-09-01 17:00,6.754,0.124,0,0,0,0,v
2014-09-01 17:06,6.737,0.134,0,0,0,0,v
2014-09-01 17:12,6.730,0.158,0,0,0,0,v
2014-09-01 17:18,6.723,0.146,0,0,0,0,v
2014-09-01 17:24,6.728,0.153,0,0,0,0,v
2014-09-01 17:30,6.712,0.156,0,0,0,0,v
2014-09-01 17:36,6.711,0.129,0,0,0,0,v
2014-09-01 17:42,6.688,0.128,0,0,0,0,v
2014-09-01 17:48,6.685,0.115,0,0,0,0,v
2014-09-01 17:54,6.675,0.140,0,0,0,0,v
2014-09-01 18:00,6.684,0.130,0,0,0,0,v
2014-09-01 18:06,6.674,0.155,0,0,0,0,v
2014-09-01 18:12,6.658,0.146,0,0,0,0,v
2014-09-01 18:18,6.665,0.141,0,0,0,0,v
2014-09-01 18:24,6.666,0.167,0,0,0,0,v
2014-09-01 18:30,6.654,0.143,0,0,0,0,v
2014-09-01 18:36,6.663,0.129,0,0,0,0,v
2014-09-01 18:42,6.657,0.120,0,0,0,0,v
2014-09-01 18:48,6.634,0.124,0,0,0,0,v
2014-09-01 18:54,6.645,0.136,0,0,0,0,v
2014-09-01 19:00,6.649,0.132,0,0,0,0,v
2014-09-01 19:06,6.648,0.134,0,0,0,0,v
2014-09-01 19:12,6.640,0.132,0,0,0,0,v
2014-09-01 19:18,6.649,0.122,0,0,0,0,v
2014-09-01 19:24,6.627,0.152,0,0,0,0,v
2014-09-01 19:30,6.639,0.120,0,0,0,0,v
2014-09-01 19:36,6.654,0.150,0,0,0,0,v
2014-09-01 19:42,6.653,0.143,0,0,0,0,v
2014-09-01 19:48,6.675,0.135,0,0,0,0,v
2014-09-01 19:54,6.667,0.141,0,0,0,0,v
2014-09-01 20:00,6.666,0.139,0,0,0,0,v
2014-09-01 20:06,6.660,0.138,0,0,0,0,v
2014-09-01 20:12,6.653,0.142,0,0,0,0,v
2014-09-01 20:18,6.647,0.126,0,0,0,0,v
2014-09-01 20:24,6.650,0.140,0,0,0,0,v
2014-09-01 20:30,6.639,0.131,0,0,0,0,v
2014-09-01 20:36,6.659,0.142,0,0,0,0,v
2014-09-01 20:42,6.668,0.126,0,0,0,0,v
2014-09-01 20:48,6.651,0.164,0,0,0,0,v
2014-09-01 20:54,6.648,0.124,0,0,0,0,v
2014-09-01 21:00,6.683,0.109,0,0,0,0,v
2014-09-01 21:06,6.676,0.125,0,0,0,0,v
2014-09-01 21:12,6.692,0.113,0,0,0,0,v
2014-09-01 21:18,6.707,0.123,0,0,0,0,v
2014-09-01 21:24,6.726,0.115,0,0,0,0,v
2014-09-01 21:30,6.728,0.115,0,0,0,0,v
2014-09-01 21:36,6.722,0.119,0,0,0,0,v
2014-09-01 21:42,6.731,0.156,0,0,0,0,v
2014-09-01 21:48,6.740,0.135,0,0,0,0,v
2014-09-01 21:54,6.757,0.138,0,0,0,0,v
2014-09-01 22:00,6.763,0.101,0,0,0,0,v
2014-09-01 22:06,6.729,0.109,0,0,0,0,v
2014-09-01 22:12,6.730,0.115,0,0,0,0,v
2014-09-01 22:18,6.741,0.130,0,0,0,0,v
2014-09-01 22:24,6.738,0.140,0,0,0,0,v
2014-09-01 22:30,6.735,0.120,0,0,0,0,v
2014-09-01 22:36,6.763,0.137,0,0,0,0,v
2014-09-01 22:42,6.758,0.100,0,0,0,0,v
2014-09-01 22:48,6.754,0.124,0,0,0,0,v
2014-09-01 22:54,6.765,0.141,0,0,0,0,v
2014-09-01 23:00,6.770,0.128,0,0,0,0,v
2014-09-01 23:06,6.804,0.121,0,0,0,0,v
2014-09-01 23:12,6.815,0.123,0,0,0,0,v
2014-09-01 23:18,6.822,0.137,0,0,0,0,v
2014-09-01 23:24,6.830,0.120,0,0,0,0,v
2014-09-01 23:30,6.824,0.118,0,0,0,0,v
2014-09-01 23:36,6.817,0.103,0,0,0,0,v
2014-09-01 23:42,6.831,0.132,0,0,0,0,v
2014-09-01 23:48,6.858,0.149,0,0,0,0,v
2014-09-01 23:54,6.869,0.111,0,0,0,0,v
2014-09-02 00:00,6.865,0.120,0,0,0,0,v
2014-09-02 00:06,6.868,0.109,0,0,0,0,v
2014-09-02 00:12,6.867,0.110,0,0,0,0,v
2014-09-02 00:18,6.860,0.107,0,0,0,0,v
2014-09-02 00:24,6.867,0.126,0,0,0,0,v
2014-09-02 00:30,6.876,0.113,0,0,0,0,v
2014-09-02 00:36,6.882,0.116,0,0,0,0,v
2014-09-02 00:42,6.890,0.127,0,0,0,0,v
2014-09-02 00:48,6.890,0.125,0,0,0,0,v
2014-09-02 00:54,6.911,0.111,0,0,0,0,v
2014-09-02 01:00,6.910,0.135,0,0,0,0,v
2014-09-02 01:06,6.926,0.123,0,0,0,0,v
2014-09-02 01:12,6.920,0.118,0,0,0,0,v
2014-09-02 01:18,6.928,0.119,0,0,0,0,v
2014-09-02 01:24,6.939,0.125,0,0,0,0,v
2014-09-02 01:30,6.947,0.099,0,0,0,0,v
2014-09-02 01:36,6.933,0.123,0,0,0,0,v
2014-09-02 01:42,6.922,0.100,0,0,0,0,v
2014-09-02 01:48,6.949,0.120,0,0,0,0,v
2014-09-02 01:54,6.958,0.110,0,0,0,0,v
2014-09-02 02:00,6.959,0.112,0,0,0,0,v
2014-09-02 02:06,6.950,0.129,0,0,0,0,v
2014-09-02 02:12,6.984,0.126,0,0,0,0,v
2014-09-02 02:18,6.998,0.119,0,0,0,0,v
2014-09-02 02:24,7.003,0.094,0,0,0,0,v
2014-09-02 02:30,7.002,0.128,0,0,0,0,v
2014-09-02 02:36,6.992,0.103,0,0,0,0,v
2014-09-02 02:42,7.022,0.104,0,0,0,0,v
2014-09-02 02:48,7.029,0.120,0,0,0,0,v
2014-09-02 02:54,7.031,0.109,0,0,0,0,v
2014-09-02 03:00,7.033,0.128,0,0,0,0,v
2014-09-02 03:06,7.001,0.116,0,0,0,0,v
2014-09-02 03:12,7.011,0.115,0,0,0,0,v
2014-09-02 03:18,7.005,0.100,0,0,0,0,v
2014-09-02 03:24,7.015,0.106,0,0,0,0,v
2014-09-02 03:30,7.024,0.108,0,0,0,0,v
2014-09-02 03:36,7.056,0.131,0,0,0,0,v
2014-09-02 03:42,7.045,0.123,0,0,0,0,v
2014-09-02 03:48,7.017,0.111,0,0,0,0,v
2014-09-02 03:54,7.028,0.096,0,0,0,0,v
2014-09-02 04:00,7.028,0.130,0,0,0,0,v
2014-09-02 04:06,7.017,0.120,0,0,0,0,v
2014-09-02 04:12,7.027,0.121,0,0,0,0,v
2014-09-02 04:18,7.050,0.119,0,0,0,0,v
2014-09-02 04:24,7.033,0.098,0,0,0,0,v
2014-09-02 04:30,7.023,0.120,0,0,0,0,v
2014-09-02 04:36,7.027,0.113,0,0,0,0,v
2014-09-02 04:42,7.022,0.117,0,0,0,0,v
2014-09-02 04:48,7.035,0.107,0,0,0,0,v
2014-09-02 04:54,7.056,0.115,0,0,0,0,v
2014-09-02 05:00,7.047,0.103,0,0,0,0,v
2014-09-02 05:06,7.051,0.124,0,0,0,0,v
2014-09-02 05:12,7.062,0.113,0,0,0,0,v
2014-09-02 05:18,7.049,0.112,0,0,0,0,v
2014-09-02 05:24,7.042,0.119,0,0,0,0,v
2014-09-02 05:30,7.049,0.109,0,0,0,0,v
2014-09-02 05:36,7.065,0.141,0,0,0,0,v
2014-09-02 05:42,7.063,0.123,0,0,0,0,v
2014-09-02 05:48,7.063,0.112,0,0,0,0,v
2014-09-02 05:54,7.043,0.110,0,0,0,0,v
2014-09-02 06:00,7.050,0.125,0,0,0,0,v
2014-09-02 06:06,7.077,0.117,0,0,0,0,v
2014-09-02 06:12,7.069,0.131,0,0,0,0,v
2014-09-02 06:18,7.064,0.116,0,0,0,0,v
2014-09-02 06:24,7.085,0.095,0,0,0,0,v
2014-09-02 06:30,7.069,0.126,0,0,0,0,v
2014-09-02 06:36,7.043,0.129,0,0,0,0,v
2014-09-02 06:42,7.048,0.122,0,0,0,0,v
2014-09-02 06:48,7.054,0.123,0,0,0,0,v
2014-09-02 06:54,7.057,0.097,0,0,0,0,v
2014-09-02 07:00,7.054,0.109,0,0,0,0,v
2014-09-02 07:06,7.029,0.133,0,0,0,0,v
2014-09-02 07:12,7.022,0.131,0,0,0,0,v
2014-09-02 07:18,7.028,0.127,0,0,0,0,v
2014-09-02 07:24,7.024,0.130,0,0,0,0,v
2014-09-02 07:30,7.051,0.120,0,0,0,0,v
2014-09-02 07:36,7.051,0.110,0,0,0,0,v
2014-09-02 07:42,7.039,0.138,0,0,0,0,v
2014-09-02 07:48,7.048,0.122,0,0,0,0,v
2014-09-02 07:54,7.018,0.136,0,0,0,0,v
2014-09-02 08:00,7.015,0.140,0,0,0,0,v
2014-09-02 08:06,7.002,0.116,0,0,0,0,v
2014-09-02 08:12,6.994,0.132,0,0,0,0,v
2014-09-02 08:18,7.006,0.138,0,0,0,0,v
2014-09-02 08:24,6.974,0.141,0,0,0,0,v
2014-09-02 08:30,6.971,0.146,0,0,0,0,v
2014-09-02 08:36,6.993,0.122,0,0,0,0,v
2014-09-02 08:42,6.978,0.122,0,0,0,0,v
2014-09-02 08:48,6.995,0.126,0,0,0,0,v
2014-09-02 08:54,7.002,0.124,0,0,0,0,v
2014-09-02 09:00,7.009,0.137,0,0,0,0,v
2014-09-02 09:06,7.018,0.123,0,0,0,0,v
2014-09-02 09:12,7.024,0.119,0,0,0,0,v
2014-09-02 09:18,7.007,0.138,0,0,0,0,v
2014-09-02 09:24,7.023,0.130,0,0,0,0,v
2014-09-02 09:30,7.013,0.131,0,0,0,0,v
2014-09-02 09:36,7.010,0.149,0,0,0,0,v
2014-09-02 09:42,6.991,0.152,0,0,0,0,v
2014-09-02 09:48,7.008,0.152,0,0,0,0,v
2014-09-02 09:54,7.011,0.137,0,0,0,0,v
2014-09-02 10:00,7.004,0.126,0,0,0,0,v
2014-09-02 10:06,7.021,0.127,0,0,0,0,v
2014-09-02 10:12,7.015,0.129,0,0,0,0,v
2014-09-02 10:18,7.005,0.132,0,0,0,0,v
2014-09-02 10:24,7.009,0.143,0,0,0,0,v
2014-09-02 10:30,7.005,0.146,0,0,0,0,v
2014-09-02 10:36,7.020,0.143,0,0,0,0,v
2014-09-02 10:42,7.006,0.141,0,0,0,0,v
2014-09-02 10:48,6.968,0.133,0,0,0,0,v
2014-09-02 10:54,6.974,0.141,0,0,0,0,v
2014-09-02 11:00,6.973,0.144,0,0,0,0,v
2014-09-02 11:06,6.972,0.139,0,0,0,0,v
2014-09-02 11:12,6.961,0.132,0,0,0,0,v
2014-09-02 11:18,6.982,0.143,0,0,0,0,v
2014-09-02 11:24,6.988,0.125,0,0,0,0,v
2014-09-02 11:30,6.946,0.143,0,0,0,0,v
2014-09-02 11:36,6.943,0.135,0,0,0,0,v
2014-09-02 11:42,6.935,0.157,0,0,0,0,v
2014-09-02 11:48,6.927,0.147,0,0,0,0,v
2014-09-02 11:54,6.935,0.143,0,0,0,0,v
2014-09-02 12:00,6.947,0.137,0,0,0,0,v
2014-09-02 12:06,6.949,0.149,0,0,0,0,v
2014-09-02 12:12,6.940,0.147,0,0,0,0,v
2014-09-02 12:18,6.969,0.130,0,0,0,0,v
2014-09-02 12:24,6.964,0.154,0,0,0,0,v
2014-09-02 12:30,6.972,0.149,0,0,0,0,v
2014-09-02 12:36,6.973,0.146,0,0,0,0,v
2014-09-02 12:42,6.968,0.146,0,0,0,0,v
2014-09-02 12:48,6.968,0.130,0,0,0,0,v
2014-09-02 12:54,6.989,0.161,0,0,0,0,v
2014-09-02 13:00,6.984,0.146,0,0,0,0,v
2014-09-02 13:06,6.952,0.154,0,0,0,0,v
2014-09-02 13:12,6.994,0.146,0,0,0,0,v
2014-09-02 13:18,6.971,0.151,0,0,0,0,v
2014-09-02 13:24,6.955,0.172,0,0,0,0,v
2014-09-02 13:30,6.961,0.158,0,0,0,0,v
2014-09-02 13:36,6.957,0.155,0,0,0,0,v
2014-09-02 13:42,6.964,0.150,0,0,0,0,v
2014-09-02 13:48,6.948,0.157,0,0,0,0,v
2014-09-02 13:54,6.937,0.147,0,0,0,0,v
2014-09-02 14:00,6.913,0.141,0,0,0,0,v
2014-09-02 14:06,6.895,0.156,0,0,0,0,v
2014-09-02 14:12,6.929,0.152,0,0,0,0,v
2014-09-02 14:18,6.935,0.164,0,0,0,0,v
2014-09-02 14:24,6.929,0.174,0,0,0,0,v
2014-09-02 14:30,6.900,0.162,0,0,0,0,v
2014-09-02 14:36,6.903,0.158,0,0,0,0,v
2014-09-02 14:42,6.898,0.187,0,0,0,0,v
2014-09-02 14:48,6.876,0.162,0,0,0,0,v
2014-09-02 14:54,6.857,0.175,0,0,0,0,v
2014-09-02 15:00,6.869,0.199,0,0,0,0,v
2014-09-02 15:06,6.862,0.170,0,0,0,0,v
2014-09-02 15:12,6.857,0.147,0,0,0,0,v
2014-09-02 15:18,6.851,0.154,0,0,0,0,v
2014-09-02 15:24,6.832,0.169,0,0,0,0,v
2014-09-02 15:30,6.832,0.146,0,0,0,0,v
2014-09-02 15:36,6.828,0.170,0,0,0,0,v
2014-09-02 15:42,6.851,0.161,0,0,0,0,v
2014-09-02 15:48,6.822,0.176,0,0,0,0,v
2014-09-02 15:54,6.796,0.182,0,0,0,0,v
2014-09-02 16:00,6.800,0.160,0,0,0,0,v
2014-09-02 16:06,6.764,0.163,0,0,0,0,v
2014-09-02 16:12,6.764,0.164,0,0,0,0,v
2014-09-02 16:18,6.772,0.178,0,0,0,0,v
2014-09-02 16:24,6.779,0.176,0,0,0,0,v
2014-09-02 16:30,6.767,0.173,0,0,0,0,v
2014-09-02 16:36,6.772,0.160,0,0,0,0,v
2014-09-02 16:42,6.748,0.170,0,0,0,0,v
2014-09-02 16:48,6.740,0.162,0,0,0,0,v
2014-09-02 16:54,6.739,0.176,0,0,0,0,v
2014-09-02 17:00,6.743,0.167,0,0,0,0,v
2014-09-02 17:06,6.751,0.175,0,0,0,0,v
2014-09-02 17:12,6.732,0.182,0,0,0,0,v
2014-09-02 17:18,6.710,0.177,0,0,0,0,v
2014-09-02 17:24,6.733,0.155,0,0,0,0,v
2014-09-02 17:30,6.723,0.165,0,0,0,0,v
2014-09-02 17:36,6.715,0.162,0,0,0,0,v
2014-09-02 17:42,6.701,0.168,0,0,0,0,v
2014-09-02 17:48,6.681,0.164,0,0,0,0,v
2014-09-02 17:54,6.651,0.178,0,0,0,0,v
2014-09-02 18:00,6.660,0.176,0,0,0,0,v
2014-09-02 18:06,6.656,0.177,0,0,0,0,v
2014-09-02 18:12,6.647,0.178,0,0,0,0,v
2014-09-02 18:18,6.675,0.185,0,0,0,0,v
2014-09-02 18:24,6.655,0.186,0,0,0,0,v
2014-09-02 18:30,6.639,0.228,0,0,0,0,v
2014-09-02 18:36,6.649,0.177,0,0,0,0,v
2014-09-02 18:42,6.657,0.175,0,0,0,0,v
2014-09-02 18:48,6.654,0.190,0,0,0,0,v
2014-09-02 18:54,6.660,0.179,0,0,0,0,v
2014-09-02 19:00,6.662,0.205,0,0,0,0,v
2014-09-02 19:06,6.656,0.199,0,0,0,0,v
2014-09-02 19:12,6.666,0.194,0,0,0,0,v
2014-09-02 19:18,6.669,0.199,0,0,0,0,v
2014-09-02 19:24,6.661,0.209,0,0,0,0,v
2014-09-02 19:30,6.676,0.163,0,0,0,0,v
2014-09-02 19:36,6.665,0.203,0,0,0,0,v
2014-09-02 19:42,6.675,0.198,0,0,0,0,v
2014-09-02 19:48,6.648,0.210,0,0,0,0,v
2014-09-02 19:54,6.640,0.219,0,0,0,0,v
2014-09-02 20:00,6.624,0.209,0,0,0,0,v
2014-09-02 20:06,6.663,0.188,0,0,0,0,v
2014-09-02 20:12,6.618,0.196,0,0,0,0,v
2014-09-02 20:18,6.625,0.193,0,0,0,0,v
2014-09-02 20:24,6.657,0.229,0,0,0,0,v
2014-09-02 20:30,6.658,0.196,0,0,0,0,v
2014-09-02 20:36,6.664,0.216,0,0,0,0,v
2014-09-02 20:42,6.639,0.209,0,0,0,0,v
2014-09-02 20:48,6.642,0.211,0,0,0,0,v
2014-09-02 20:54,6.685,0.210,0,0,0,0,v
2014-09-02 21:00,6.686,0.208,0,0,0,0,v
2014-09-02 21:06,6.660,0.216,0,0,0,0,v
2014-09-02 21:12,6.637,0.206,0,0,0,0,v
2014-09-02 21:18,6.640,0.232,0,0,0,0,v
2014-09-02 21:24,6.629,0.205,0,0,0,0,v
2014-09-02 21:30,6.629,0.222,0,0,0,0,v
2014-09-02 21:36,6.628,0.211,0,0,0,0,v
2014-09-02 21:42,6.651,0.217,0,0,0,0,v
2014-09-02 21:48,6.659,0.208,0,0,0,0,v
2014-09-02 21:54,6.636,0.218,0,0,0,0,v
2014-09-02 22:00,6.629,0.221,0,0,0,0,v
2014-09-02 22:06,6.683,0.230,0,0,0,0,v
2014-09-02 22:12,6.704,0.238,0,0,0,0,v
2014-09-02 22:18,6.659,0.197,0,0,0,0,v
2014-09-02 22:24,6.666,0.233,0,0,0,0,v
2014-09-02 22:30,6.671,0.213,0,0,0,0,v
2014-09-02 22:36,6.662,0.230,0,0,0,0,v
2014-09-02 22:42,6.668,0.235,0,0,0,0,v
2014-09-02 22:48,6.675,0.223,0,0,0,0,v
2014-09-02 22:54,6.686,0.227,0,0,0,0,v
2014-09-02 23:00,6.722,0.244,0,0,0,0,v
2014-09-02 23:06,6.688,0.227,0,0,0,0,v
2014-09-02 23:12,6.683,0.213,0,0,0,0,v
2014-09-02 23:18,6.747,0.229,0,0,0,0,v
2014-09-02 23:24,6.760,0.220,0,0,0,0,v
2014-09-02 23:30,6.754,0.218,0,0,0,0,v
2014-09-02 23:36,6.741,0.254,0,0,0,0,v
2014-09-02 23:42,6.780,0.000,0,0,0,0,v
2014-09-02 23:48,6.810,0.248,0,0,0,0,v
2014-09-02 23:54,6.773,0.226,0,0,0,0,v
2014-09-03 00:00,6.769,0.241,0,0,0,0,v
2014-09-03 00:06,6.763,0.228,0,0,0,0,v
2014-09-03 00:12,6.809,0.229,0,0,0,0,v
2014-09-03 00:18,6.810,0.208,0,0,0,0,v
2014-09-03 00:24,6.801,0.235,0,0,0,0,v
2014-09-03 00:30,6.825,0.243,0,0,0,0,v
2014-09-03 00:36,6.843,0.214,0,0,0,0,v
2014-09-03 00:42,6.893,0.242,0,0,0,0,v
2014-09-03 00:48,6.879,0.230,0,0,0,0,v
2014-09-03 00:54,6.866,0.224,0,0,0,0,v
2014-09-03 01:00,6.876,0.263,0,0,0,0,v
2014-09-03 01:06,6.902,0.241,0,0,0,0,v
2014-09-03 01:12,6.855,0.235,0,0,0,0,v
2014-09-03 01:18,6.878,0.218,0,0,0,0,v
2014-09-03 01:24,6.898,0.230,0,0,0,0,v
2014-09-03 01:30,6.886,0.210,0,0,0,0,v
2014-09-03 01:36,6.890,0.220,0,0,0,0,v
2014-09-03 01:42,6.937,0.243,0,0,0,0,v
2014-09-03 01:48,6.917,0.247,0,0,0,0,v
2014-09-03 01:54,6.926,0.214,0,0,0,0,v
2014-09-03 02:00,6.901,0.225,0,0,0,0,v
2014-09-03 02:06,6.880,0.234,0,0,0,0,v
2014-09-03 02:12,6.927,0.259,0,0,0,0,v
2014-09-03 02:18,6.933,0.230,0,0,0,0,v
2014-09-03 02:24,6.948,0.224,0,0,0,0,v
2014-09-03 02:30,6.950,0.258,0,0,0,0,v
2014-09-03 02:36,6.939,0.223,0,0,0,0,v
2014-09-03 02:42,6.946,0.234,0,0,0,0,v
2014-09-03 02:48,6.964,0.244,0,0,0,0,v
2014-09-03 02:54,6.969,0.244,0,0,0,0,v
2014-09-03 03:00,6.964,0.226,0,0,0,0,v
2014-09-03 03:06,6.980,0.244,0,0,0,0,v
2014-09-03 03:12,6.977,0.219,0,0,0,0,v
2014-09-03 03:18,6.994,0.230,0,0,0,0,v
2014-09-03 03:24,7.024,0.255,0,0,0,0,v
2014-09-03 03:30,7.021,0.236,0,0,0,0,v
2014-09-03 03:36,7.003,0.245,0,0,0,0,v
2014-09-03 03:42,7.047,0.256,0,0,0,0,v
2014-09-03 03:48,7.020,0.237,0,0,0,0,v
2014-09-03 03:54,7.020,0.245,0,0,0,0,v
2014-09-03 04:00,7.076,0.247,0,0,0,0,v
2014-09-03 04:06,7.019,0.238,0,0,0,0,v
2014-09-03 04:12,6.963,0.248,0,0,0,0,v
2014-09-03 04:18,7.037,0.262,0,0,0,0,v
2014-09-03 04:24,7.036,0.250,0,0,0,0,v
2014-09-03 04:30,7.050,0.237,0,0,0,0,v
2014-09-03 04:36,7.072,0.244,0,0,0,0,v
2014-09-03 04:42,7.104,0.255,0,0,0,0,v
2014-09-03 04:48,7.094,0.255,0,0,0,0,v
2014-09-03 04:54,7.091,0.252,0,0,0,0,v
2014-09-03 05:00,7.092,0.226,0,0,0,0,v
2014-09-03 05:06,7.095,0.255,0,0,0,0,v
2014-09-03 05:12,7.139,0.230,0,0,0,0,v
2014-09-03 05:18,7.147,0.250,0,0,0,0,v
2014-09-03 05:24,7.113,0.240,0,0,0,0,v
2014-09-03 05:30,7.064,0.235,0,0,0,0,v
2014-09-03 05:36,7.089,0.230,0,0,0,0,v
2014-09-03 05:42,7.101,0.253,0,0,0,0,v
2014-09-03 05:48,7.077,0.241,0,0,0,0,v
2014-09-03 05:54,7.089,0.260,0,0,0,0,v
2014-09-03 06:00,7.067,0.236,0,0,0,0,v
2014-09-03 06:06,7.041,0.233,0,0,0,0,v
2014-09-03 06:12,6.959,0.234,0,0,0,0,v
2014-09-03 06:18,6.930,0.240,0,0,0,0,v
2014-09-03 06:24,6.960,0.215,0,0,0,0,v
2014-09-03 06:30,6.939,0.216,0,0,0,0,v
2014-09-03 06:36,6.965,0.247,0,0,0,0,v
2014-09-03 06:42,7.121,0.231,0,0,0,0,v
2014-09-03 06:48,7.150,0.214,0,0,1,0,v
2014-09-03 06:54,7.226,0.255,0,0,0,0,v
2014-09-03 07:00,7.201,0.223,0,0,0,0,v
2014-09-03 07:06,7.149,0.263,0,0,0,0,v
2014-09-03 07:12,7.131,0.253,0,0,0,0,v
2014-09-03 07:18,7.129,0.229,0,0,0,0,v
2014-09-03 07:24,7.096,0.245,0,0,0,0,v
2014-09-03 07:30,7.063,0.217,0,0,0,0,v
2014-09-03 07:36,7.100,0.236,0,0,0,0,v
2014-09-03 07:42,7.049,0.219,0,0,0,0,v
2014-09-03 07:48,7.039,0.240,0,0,0,0,v
2014-09-03 07:54,7.030,0.217,0,0,0,0,v
2014-09-03 08:00,7.043,0.224,0,0,0,0,v
2014-09-03 08:06,7.081,0.239,0,0,0,0,v
2014-09-03 08:12,7.036,0.226,0,0,0,0,v
2014-09-03 08:18,7.053,0.247,0,0,0,0,v
2014-09-03 08:24,7.038,0.242,0,0,0,0,v
2014-09-03 08:30,7.068,0.242,0,0,0,0,v
2014-09-03 08:36,7.074,0.231,0,0,0,0,v
2014-09-03 08:42,7.110,0.237,0,0,0,0,v
2014-09-03 08:48,7.056,0.224,0,0,0,0,v
2014-09-03 08:54,7.054,0.246,0,0,0,0,v
2014-09-03 09:00,7.025,0.228,0,0,0,0,v
2014-09-03 09:06,7.027,0.257,0,0,0,0,v
2014-09-03 09:12,7.006,0.232,0,0,0,0,v
2014-09-03 09:18,6.975,0.211,0,0,0,0,v
2014-09-03 09:24,6.969,0.237,0,0,0,0,v
2014-09-03 09:30,6.998,0.224,0,0,0,0,v
2014-09-03 09:36,6.984,0.215,0,0,0,0,v
2014-09-03 09:42,7.034,0.226,0,0,0,0,v
2014-09-03 09:48,7.100,0.245,0,0,0,0,v
2014-09-03 09:54,7.056,0.237,0,0,0,0,v
2014-09-03 10:00,6.892,0.237,0,0,0,0,v
2014-09-03 10:06,6.898,0.213,0,0,1,0,v
2014-09-03 10:12,6.921,0.231,0,0,0,0,v
2014-09-03 10:18,6.964,0.241,0,0,0,0,v
2014-09-03 10:24,6.981,0.229,0,0,0,0,v
2014-09-03 10:30,7.021,0.205,0,0,0,0,v
2014-09-03 10:36,7.032,0.219,0,0,0,0,v
2014-09-03 10:42,7.047,0.248,0,0,0,0,v
2014-09-03 10:48,7.055,0.214,0,0,0,0,v
2014-09-03 10:54,7.078,0.229,0,0,0,0,v
2014-09-03 11:00,7.056,0.220,0,0,0,0,v
2014-09-03 11:06,7.031,0.234,0,0,0,0,v
2014-09-03 11:12,7.014,0.240,0,0,0,0,v
2014-09-03 11:18,7.010,0.237,0,0,0,0,v
2014-09-03 11:24,7.021,0.245,0,0,0,0,v
2014-09-03 11:30,7.063,0.244,0,0,0,0,v
2014-09-03 11:36,7.022,0.232,0,0,0,0,v
2014-09-03 11:42,6.987,0.233,0,0,0,0,v
2014-09-03 11:48,7.009,0.238,0,0,0,0,v
2014-09-03 11:54,7.042,0.214,0,0,0,0,v
2014-09-03 12:00,7.027,0.238,0,0,0,0,v
2014-09-03 12:06,7.028,0.239,0,0,0,0,v
2014-09-03 12:12,7.044,0.218,0,0,0,0,v
2014-09-03 12:18,7.021,0.233,0,0,0,0,v
2014-09-03 12:24,7.088,0.243,0,0,0,0,v
2014-09-03 12:30,7.053,0.238,0,0,0,0,v
2014-09-03 12:36,7.028,0.237,0,0,0,0,v
2014-09-03 12:42,7.023,0.261,0,0,0,0,v
2014-09-03 12:48,6.995,0.244,0,0,0,0,v
2014-09-03 12:54,6.973,0.234,0,0,0,0,v
2014-09-03 13:00,7.023,0.231,0,0,0,0,v
2014-09-03 13:06,7.014,0.238,0,0,0,0,v
2014-09-03 13:12,6.995,0.226,0,0,0,0,v
2014-09-03 13:18,6.977,0.248,0,0,0,0,v
2014-09-03 13:24,6.986,0.219,0,0,0,0,v
2014-09-03 13:30,6.956,0.240,0,0,0,0,v
2014-09-03 13:36,6.982,0.216,0,0,0,0,v
2014-09-03 13:42,7.005,0.241,0,0,0,0,v
2014-09-03 13:48,7.014,0.242,0,0,0,0,v
2014-09-03 13:54,7.044,0.234,0,0,0,0,v
2014-09-03 14:00,7.018,0.223,0,0,0,0,v
2014-09-03 14:06,7.000,0.234,0,0,0,0,v
2014-09-03 14:12,6.996,0.235,0,0,0,0,v
2014-09-03 14:18,6.948,0.248,0,0,0,0,v
2014-09-03 14:24,7.022,0.222,0,0,0,0,v
2014-09-03 14:30,6.969,0.235,0,0,0,0,v
2014-09-03 14:36,6.946,0.233,0,0,0,0,v
2014-09-03 14:42,6.981,0.224,0,0,0,0,v
2014-09-03 14:48,6.949,0.215,0,0,0,0,v
2014-09-03 14:54,6.968,0.214,0,0,0,0,v
2014-09-03 15:00,6.940,0.231,0,0,0,0,v
2014-09-03 15:06,6.894,0.231,0,0,0,0,v
2014-09-03 15:12,6.972,0.215,0,0,0,0,v
2014-09-03 15:18,6.877,0.226,0,0,1,0,v
2014-09-03 15:24,6.890,0.205,0,0,1,0,v
2014-09-03 15:30,6.946,0.213,0,0,0,0,v
2014-09-03 15:36,6.926,0.224,0,0,0,0,v
2014-09-03 15:42,6.995,0.229,0,0,0,0,v
2014-09-03 15:48,6.951,0.233,0,0,0,0,v
2014-09-03 15:54,6.974,0.226,0,0,0,0,v
2014-09-03 16:00,6.949,0.226,0,0,0,0,v
2014-09-03 16:06,6.939,0.238,0,0,0,0,v
2014-09-03 16:12,6.894,0.223,0,0,0,0,v
2014-09-03 16:18,6.832,0.217,0,0,0,0,v
2014-09-03 16:24,6.785,0.222,0,0,0,0,v
2014-09-03 16:30,6.889,0.208,0,0,0,0,v
2014-09-03 16:36,6.887,0.224,0,0,1,0,v
2014-09-03 16:42,6.905,0.212,0,0,0,0,v
2014-09-03 16:48,6.877,0.225,0,0,0,0,v
2014-09-03 16:54,6.895,0.210,0,0,0,0,v
2014-09-03 17:00,6.897,0.239,0,0,0,0,v
2014-09-03 17:06,6.817,0.220,0,0,0,0,v
2014-09-03 17:12,6.794,0.201,0,0,0,0,v
2014-09-03 17:18,6.783,0.206,0,0,0,0,v
2014-09-03 17:24,6.758,0.196,0,0,0,0,v
2014-09-03 17:30,6.686,0.206,0,0,0,0,v
2014-09-03 17:36,6.763,0.213,0,0,0,0,v
2014-09-03 17:42,6.750,0.204,0,0,0,0,v
2014-09-03 17:48,6.708,0.195,0,0,0,0,v
2014-09-03 17:54,6.767,0.209,0,0,0,0,v
2014-09-03 18:00,6.791,0.206,0,0,0,0,v
2014-09-03 18:06,6.806,0.202,0,0,0,0,v
2014-09-03 18:12,6.868,0.214,0,0,0,0,v
2014-09-03 18:18,6.777,0.186,0,0,0,0,v
2014-09-03 18:24,6.736,0.233,0,0,0,0,v
2014-09-03 18:30,6.704,0.200,0,0,0,0,v
2014-09-03 18:36,6.649,0.225,0,0,0,0,v
2014-09-03 18:42,6.619,0.219,0,0,0,0,v
2014-09-03 18:48,6.648,0.196,0,0,0,0,v
2014-09-03 18:54,6.700,0.185,0,0,0,0,v
2014-09-03 19:00,6.758,0.195,0,0,0,0,v
2014-09-03 19:06,6.770,0.205,0,0,0,0,v
2014-09-03 19:12,6.765,0.213,0,0,0,0,v
2014-09-03 19:18,6.732,0.215,0,0,0,0,v
2014-09-03 19:24,6.793,0.202,0,0,0,0,v
2014-09-03 19:30,6.665,0.195,0,0,1,0,v
2014-09-03 19:36,6.515,0.187,0,0,0,0,v
2014-09-03 19:42,6.571,0.218,0,0,0,0,v
2014-09-03 19:48,6.547,0.179,0,0,1,0,v
2014-09-03 19:54,6.605,0.194,0,0,0,0,v
2014-09-03 20:00,6.636,0.204,0,0,0,0,v
2014-09-03 20:06,6.666,0.183,0,0,0,0,v
2014-09-03 20:12,6.679,0.207,0,0,0,0,v
2014-09-03 20:18,6.695,0.198,0,0,0,0,v
2014-09-03 20:24,6.685,0.203,0,0,0,0,v
2014-09-03 20:30,6.661,0.197,0,0,0,0,v
2014-09-03 20:36,6.664,0.203,0,0,0,0,v
2014-09-03 20:42,6.582,0.193,0,0,0,0,v
2014-09-03 20:48,6.617,0.189,0,0,0,0,v
2014-09-03 20:54,6.673,0.194,0,0,0,0,v
2014-09-03 21:00,6.634,0.197,0,0,0,0,v
2014-09-03 21:06,6.678,0.184,0,0,0,0,v
2014-09-03 21:12,6.636,0.206,0,0,0,0,v
2014-09-03 21:18,6.618,0.175,0,0,0,0,v
2014-09-03 21:24,6.637,0.208,0,0,0,0,v
2014-09-03 21:30,6.593,0.194,0,0,0,0,v
2014-09-03 21:36,6.576,0.201,0,0,0,0,v
2014-09-03 21:42,6.589,0.199,0,0,0,0,v
2014-09-03 21:48,6.638,0.177,0,0,0,0,v
2014-09-03 21:54,6.647,0.178,0,0,0,0,v
2014-09-03 22:00,6.626,0.216,0,0,0,0,v
2014-09-03 22:06,6.651,0.202,0,0,0,0,v
2014-09-03 22:12,6.661,0.207,0,0,0,0,v
2014-09-03 22:18,6.631,0.212,0,0,0,0,v
2014-09-03 22:24,6.713,0.214,0,0,0,0,v
2014-09-03 22:30,6.683,0.200,0,0,0,0,v
2014-09-03 22:36,6.679,0.204,0,0,0,0,v
2014-09-03 22:42,6.692,0.217,0,0,0,0,v
2014-09-03 22:48,6.639,0.221,0,0,0,0,v
2014-09-03 22:54,6.682,0.207,0,0,0,0,v
2014-09-03 23:00,6.654,0.183,0,0,0,0,v
2014-09-03 23:06,6.644,0.190,0,0,0,0,v
2014-09-03 23:12,6.644,0.193,0,0,0,0,v
2014-09-03 23:18,6.609,0.208,0,0,0,0,v
2014-09-03 23:24,6.584,0.181,0,0,0,0,v
2014-09-03 23:30,6.671,0.218,0,0,0,0,v
2014-09-03 23:36,6.608,0.197,0,0,1,0,v
2014-09-03 23:42,6.612,0.221,0,0,0,0,v
2014-09-03 23:48,6.659,0.223,0,0,0,0,v
2014-09-03 23:54,6.675,0.204,0,0,0,0,v
2014-09-04 00:00,6.684,0.202,0,0,0,0,v
2014-09-04 00:06,6.672,0.202,0,0,0,0,v
2014-09-04 00:12,6.679,0.209,0,0,0,0,v
2014-09-04 00:18,6.691,0.219,0,0,0,0,v
2014-09-04 00:24,6.717,0.217,0,0,0,0,v
2014-09-04 00:30,6.747,0.197,0,0,0,0,v
2014-09-04 00:36,6.749,0.183,0,0,0,0,v
2014-09-04 00:42,6.717,0.201,0,0,0,0,v
2014-09-04 00:48,6.705,0.211,0,0,0,0,v
2014-09-04 00:54,6.737,0.201,0,0,0,0,v
2014-09-04 01:00,6.739,0.212,0,0,0,0,v
2014-09-04 01:06,6.743,0.219,0,0,0,0,v
2014-09-04 01:12,6.745,0.230,0,0,0,0,v
2014-09-04 01:18,6.753,0.220,0,0,0,0,v
2014-09-04 01:24,6.801,0.201,0,0,0,0,v
2014-09-04 01:30,6.866,0.226,0,0,0,0,v
2014-09-04 01:36,6.882,0.235,0,0,0,0,v
2014-09-04 01:42,6.870,0.205,0,0,0,0,v
2014-09-04 01:48,6.886,0.211,0,0,0,0,v
2014-09-04 01:54,6.867,0.221,0,0,0,0,v
2014-09-04 02:00,6.835,0.214,0,0,0,0,v
2014-09-04 02:06,6.842,0.250,0,0,0,0,v
2014-09-04 02:12,6.879,0.205,0,0,0,0,v
2014-09-04 02:18,6.899,0.219,0,0,0,0,v
2014-09-04 02:24,6.937,0.217,0,0,0,0,v
2014-09-04 02:30,6.987,0.222,0,0,0,0,v
2014-09-04 02:36,7.012,0.207,0,0,0,0,v
2014-09-04 02:42,6.985,0.204,0,0,0,0,v
2014-09-04 02:48,6.988,0.208,0,0,0,0,v
2014-09-04 02:54,6.931,0.196,0,0,0,0,v
2014-09-04 03:00,6.962,0.204,0,0,0,0,v
2014-09-04 03:06,6.951,0.221,0,0,0,0,v
2014-09-04 03:12,7.009,0.199,0,0,0,0,v
2014-09-04 03:18,6.998,0.192,0,0,0,0,v
2014-09-04 03:24,6.973,0.191,0,0,0,0,v
2014-09-04 03:30,6.906,0.205,0,0,0,0,v
2014-09-04 03:36,6.902,0.231,0,0,0,0,v
2014-09-04 03:42,6.964,0.187,0,0,0,0,v
2014-09-04 03:48,7.009,0.186,0,0,0,0,v
2014-09-04 03:54,7.038,0.200,0,0,0,0,v
2014-09-04 04:00,7.062,0.263,0,0,0,0,v
2014-09-04 04:06,7.080,0.181,0,0,0,0,v
2014-09-04 04:12,7.060,0.211,0,0,0,0,v
2014-09-04 04:18,7.013,0.222,0,0,0,0,v
2014-09-04 04:24,7.017,0.209,0,0,0,0,v
2014-09-04 04:30,7.066,0.227,0,0,0,0,v
2014-09-04 04:36,7.105,0.213,0,0,0,0,v
2014-09-04 04:42,7.103,0.215,0,0,0,0,v
2014-09-04 04:48,7.107,0.207,0,0,0,0,v
2014-09-04 04:54,7.081,0.227,0,0,0,0,v
2014-09-04 05:00,7.089,0.214,0,0,0,0,v
2014-09-04 05:06,7.091,0.202,0,0,0,0,v
2014-09-04 05:12,7.067,0.234,0,0,0,0,v
2014-09-04 05:18,7.038,0.231,0,0,0,0,v
2014-09-04 05:24,6.984,0.170,0,0,0,0,v
2014-09-04 05:30,6.997,0.187,0,0,0,0,v
2014-09-04 05:36,7.063,0.195,0,0,0,0,v
2014-09-04 05:42,7.033,0.204,0,0,0,0,v
2014-09-04 05:48,7.082,0.200,0,0,0,0,v
2014-09-04 05:54,7.084,0.182,0,0,0,0,v
2014-09-04 06:00,7.097,0.207,0,0,0,0,v
2014-09-04 06:06,7.121,0.217,0,0,0,0,v
2014-09-04 06:12,7.148,0.187,0,0,0,0,v
2014-09-04 06:18,7.160,0.195,0,0,0,0,v
2014-09-04 06:24,7.114,0.213,0,0,0,0,v
2014-09-04 06:30,7.154,0.205,0,0,0,0,v
2014-09-04 06:36,7.140,0.209,0,0,0,0,v
2014-09-04 06:42,7.184,0.210,0,0,0,0,v
2014-09-04 06:48,7.127,0.240,0,0,0,0,v
2014-09-04 06:54,7.104,0.164,0,0,0,0,v
2014-09-04 07:00,7.207,0.192,0,0,0,0,v
2014-09-04 07:06,7.157,0.200,0,0,1,0,v
2014-09-04 07:12,7.179,0.188,0,0,0,0,v
2014-09-04 07:18,7.223,0.189,0,0,0,0,v
2014-09-04 07:24,7.198,0.192,0,0,0,0,v
2014-09-04 07:30,7.195,0.171,0,0,0,0,v
2014-09-04 07:36,7.105,0.204,0,0,0,0,v
2014-09-04 07:42,7.034,0.192,0,0,0,0,v
2014-09-04 07:48,7.060,0.198,0,0,0,0,v
2014-09-04 07:54,7.099,0.184,0,0,0,0,v
2014-09-04 08:00,7.087,0.184,0,0,0,0,v
2014-09-04 08:06,7.165,0.178,0,0,0,0,v
2014-09-04 08:12,7.186,0.177,0,0,0,0,v
2014-09-04 08:18,7.195,0.221,0,0,0,0,v
2014-09-04 08:24,7.109,0.188,0,0,0,0,v
2014-09-04 08:30,7.055,0.195,0,0,0,0,v
2014-09-04 08:36,7.018,0.195,0,0,0,0,v
2014-09-04 08:42,7.058,0.176,0,0,0,0,v
2014-09-04 08:48,7.100,0.205,0,0,0,0,v
2014-09-04 08:54,7.083,0.193,0,0,0,0,v
2014-09-04 09:00,7.115,0.198,0,0,0,0,v
2014-09-04 09:06,7.129,0.150,0,0,0,0,v
2014-09-04 09:12,7.137,0.157,0,0,0,0,v
2014-09-04 09:18,7.156,0.183,0,0,0,0,v
2014-09-04 09:24,7.117,0.209,0,0,0,0,v
2014-09-04 09:30,7.084,0.187,0,0,0,0,v
2014-09-04 09:36,7.104,0.168,0,0,0,0,v
2014-09-04 09:42,7.114,0.215,0,0,0,0,v
2014-09-04 09:48,7.094,0.178,0,0,0,0,v
2014-09-04 09:54,7.070,0.179,0,0,0,0,v
2014-09-04 10:00,7.020,0.184,0,0,0,0,v
2014-09-04 10:06,7.051,0.162,0,0,0,0,v
2014-09-04 10:12,7.104,0.152,0,0,0,0,v
2014-09-04 10:18,7.072,0.165,0,0,0,0,v
2014-09-04 10:24,7.073,0.193,0,0,0,0,v
2014-09-04 10:30,7.131,0.185,0,0,0,0,v
2014-09-04 10:36,7.101,0.202,0,0,0,0,v
2014-09-04 10:42,7.068,0.165,0,0,0,0,v
2014-09-04 10:48,7.053,0.168,0,0,0,0,v
2014-09-04 10:54,7.063,0.187,0,0,0,0,v
2014-09-04 11:00,7.079,0.161,0,0,0,0,v
2014-09-04 11:06,7.078,0.172,0,0,0,0,v
2014-09-04 11:12,7.050,0.152,0,0,0,0,v
2014-09-04 11:18,7.052,0.197,0,0,0,0,v
2014-09-04 11:24,7.111,0.175,0,0,0,0,v
2014-09-04 11:30,7.051,0.188,0,0,0,0,v
2014-09-04 11:36,7.066,0.173,0,0,0,0,v
2014-09-04 11:42,7.043,0.178,0,0,0,0,v
2014-09-04 11:48,7.070,0.186,0,0,0,0,v
2014-09-04 11:54,7.094,0.155,0,0,0,0,v
2014-09-04 12:00,7.060,0.190,0,0,0,0,v
2014-09-04 12:06,7.070,0.155,0,0,0,0,v
2014-09-04 12:12,7.094,0.186,0,0,0,0,v
2014-09-04 12:18,7.035,0.147,0,0,0,0,v
2014-09-04 12:24,7.025,0.168,0,0,0,0,v
2014-09-04 12:30,7.013,0.184,0,0,0,0,v
2014-09-04 12:36,6.993,0.164,0,0,0,0,v
2014-09-04 12:42,7.010,0.180,0,0,0,0,v
2014-09-04 12:48,7.051,0.145,0,0,0,0,v
2014-09-04 12:54,7.035,0.188,0,0,0,0,v
2014-09-04 13:00,6.993,0.169,0,0,0,0,v
2014-09-04 13:06,6.978,0.149,0,0,0,0,v
2014-09-04 13:12,7.018,0.179,0,0,0,0,v
2014-09-04 13:18,7.032,0.183,0,0,0,0,v
2014-09-04 13:24,7.020,0.136,0,0,0,0,v
2014-09-04 13:30,7.020,0.179,0,0,0,0,v
2014-09-04 13:36,6.982,0.153,0,0,0,0,v
2014-09-04 13:42,7.031,0.153,0,0,0,0,v
2014-09-04 13:48,7.047,0.157,0,0,0,0,v
2014-09-04 13:54,7.046,0.184,0,0,0,0,v
2014-09-04 14:00,7.020,0.185,0,0,0,0,v
2014-09-04 14:06,7.030,0.148,0,0,0,0,v
2014-09-04 14:12,7.004,0.166,0,0,0,0,v
2014-09-04 14:18,6.988,0.161,0,0,0,0,v
2014-09-04 14:24,6.998,0.157,0,0,0,0,v
2014-09-04 14:30,7.010,0.158,0,0,0,0,v
2014-09-04 14:36,6.990,0.166,0,0,0,0,v
2014-09-04 14:42,6.995,0.146,0,0,0,0,v
2014-09-04 14:48,6.980,0.146,0,0,0,0,v
2014-09-04 14:54,6.967,0.166,0,0,0,0,v
2014-09-04 15:00,6.938,0.155,0,0,0,0,v
2014-09-04 15:06,6.907,0.170,0,0,0,0,v
2014-09-04 15:12,6.923,0.184,0,0,0,0,v
2014-09-04 15:18,6.922,0.181,0,0,0,0,v
2014-09-04 15:24,6.929,0.152,0,0,0,0,v
2014-09-04 15:30,6.942,0.167,0,0,0,0,v
2014-09-04 15:36,6.941,0.164,0,0,0,0,v
2014-09-04 15:42,6.946,0.162,0,0,0,0,v
2014-09-04 15:48,6.929,0.166,0,0,0,0,v
2014-09-04 15:54,6.964,0.163,0,0,0,0,v
2014-09-04 16:00,6.955,0.180,0,0,0,0,v
2014-09-04 16:06,6.934,0.173,0,0,0,0,v
2014-09-04 16:12,6.920,0.161,0,0,0,0,v
2014-09-04 16:18,6.910,0.161,0,0,0,0,v
2014-09-04 16:24,6.888,0.166,0,0,0,0,v
2014-09-04 16:30,6.888,0.161,0,0,0,0,v
2014-09-04 16:36,6.909,0.149,0,0,0,0,v
2014-09-04 16:42,6.877,0.146,0,0,0,0,v
2014-09-04 16:48,6.874,0.176,0,0,0,0,v
2014-09-04 16:54,6.846,0.154,0,0,0,0,v
2014-09-04 17:00,6.843,0.162,0,0,0,0,v
2014-09-04 17:06,6.835,0.151,0,0,0,0,v
2014-09-04 17:12,6.823,0.168,0,0,0,0,v
2014-09-04 17:18,6.834,0.186,0,0,0,0,v
2014-09-04 17:24,6.844,0.156,0,0,0,0,v
2014-09-04 17:30,6.853,0.127,0,0,0,0,v
2014-09-04 17:36,6.843,0.170,0,0,0,0,v
2014-09-04 17:42,6.833,0.167,0,0,0,0,v
2014-09-04 17:48,6.828,0.194,0,0,0,0,v
2014-09-04 17:54,6.819,0.139,0,0,0,0,v
2014-09-04 18:00,6.838,0.148,0,0,0,0,v
2014-09-04 18:06,6.816,0.143,0,0,0,0,v
2014-09-04 18:12,6.783,0.143,0,0,0,0,v
2014-09-04 18:18,6.782,0.147,0,0,0,0,v
2014-09-04 18:24,6.765,0.154,0,0,0,0,v
2014-09-04 18:30,6.730,0.143,0,0,0,0,v
2014-09-04 18:36,6.749,0.137,0,0,0,0,v
2014-09-04 18:42,6.731,0.159,0,0,0,0,v
2014-09-04 18:48,6.705,0.153,0,0,0,0,v
2014-09-04 18:54,6.674,0.157,0,0,0,0,v
2014-09-04 19:00,6.672,0.168,0,0,0,0,v
2014-09-04 19:06,6.643,0.128,0,0,0,0,v
2014-09-04 19:12,6.661,0.176,0,0,0,0,v
2014-09-04 19:18,6.685,0.173,0,0,0,0,v
2014-09-04 19:24,6.706,0.169,0,0,0,0,v
2014-09-04 19:30,6.683,0.150,0,0,0,0,v
2014-09-04 19:36,6.695,0.167,0,0,0,0,v
2014-09-04 19:42,6.709,0.131,0,0,0,0,v
2014-09-04 19:48,6.675,0.136,0,0,0,0,v
2014-09-04 19:54,6.643,0.163,0,0,0,0,v
2014-09-04 20:00,6.658,0.163,0,0,0,0,v
2014-09-04 20:06,6.647,0.161,0,0,0,0,v
2014-09-04 20:12,6.597,0.150,0,0,0,0,v
2014-09-04 20:18,6.614,0.142,0,0,0,0,v
2014-09-04 20:24,6.606,0.128,0,0,0,0,v
2014-09-04 20:30,6.571,0.157,0,0,0,0,v
2014-09-04 20:36,6.580,0.166,0,0,0,0,v
2014-09-04 20:42,6.588,0.119,0,0,0,0,v
2014-09-04 20:48,6.584,0.151,0,0,0,0,v
2014-09-04 20:54,6.579,0.163,0,0,0,0,v
2014-09-04 21:00,6.577,0.166,0,0,0,0,v
2014-09-04 21:06,6.577,0.137,0,0,0,0,v
2014-09-04 21:12,6.582,0.145,0,0,0,0,v
2014-09-04 21:18,6.588,0.138,0,0,0,0,v
2014-09-04 21:24,6.571,0.151,0,0,0,0,v
2014-09-04 21:30,6.602,0.154,0,0,0,0,v
2014-09-04 21:36,6.568,0.133,0,0,0,0,v
2014-09-04 21:42,6.533,0.155,0,0,0,0,v
2014-09-04 21:48,6.573,0.111,0,0,0,0,v
2014-09-04 21:54,6.554,0.146,0,0,0,0,v
2014-09-04 22:00,6.534,0.168,0,0,0,0,v
2014-09-04 22:06,6.536,0.133,0,0,0,0,v
2014-09-04 22:12,6.487,0.161,0,0,0,0,v
2014-09-04 22:18,6.491,0.170,0,0,0,0,v
2014-09-04 22:24,6.456,0.144,0,0,0,0,v
2014-09-04 22:30,6.485,0.167,0,0,0,0,v
2014-09-04 22:36,6.475,0.159,0,0,0,0,v
2014-09-04 22:42,6.509,0.173,0,0,0,0,v
2014-09-04 22:48,6.548,0.125,0,0,0,0,v
2014-09-04 22:54,6.562,0.150,0,0,0,0,v
2014-09-04 23:00,6.532,0.124,0,0,0,0,v
2014-09-04 23:06,6.559,0.163,0,0,0,0,v
2014-09-04 23:12,6.566,0.149,0,0,0,0,v
2014-09-04 23:18,6.565,0.157,0,0,0,0,v
2014-09-04 23:24,6.548,0.127,0,0,0,0,v
2014-09-04 23:30,6.543,0.163,0,0,0,0,v
2014-09-04 23:36,6.560,0.152,0,0,0,0,v
2014-09-04 23:42,6.570,0.140,0,0,0,0,v
2014-09-04 23:48,6.556,0.130,0,0,0,0,v
2014-09-04 23:54,6.551,0.131,0,0,0,0,v
2014-09-05 00:00,6.559,0.169,0,0,0,0,v
2014-09-05 00:06,6.589,0.166,0,0,0,0,v
2014-09-05 00:12,6.587,0.126,0,0,0,0,v
2014-09-05 00:18,6.576,0.152,0,0,0,0,v
2014-09-05 00:24,6.590,0.139,0,0,0,0,v
2014-09-05 00:30,6.613,0.168,0,0,0,0,v
2014-09-05 00:36,6.600,0.141,0,0,0,0,v
2014-09-05 00:42,6.616,0.134,0,0,0,0,v
2014-09-05 00:48,6.628,0.154,0,0,0,0,v
2014-09-05 00:54,6.628,0.143,0,0,0,0,v
2014-09-05 01:00,6.653,0.150,0,0,0,0,v
2014-09-05 01:06,6.630,0.149,0,0,0,0,v
2014-09-05 01:12,6.633,0.153,0,0,0,0,v
2014-09-05 01:18,6.674,0.144,0,0,0,0,v
2014-09-05 01:24,6.682,0.160,0,0,0,0,v
2014-09-05 01:30,6.703,0.137,0,0,0,0,v
2014-09-05 01:36,6.663,0.145,0,0,0,0,v
2014-09-05 01:42,6.653,0.138,0,0,0,0,v
2014-09-05 01:48,6.662,0.158,0,0,0,0,v
2014-09-05 01:54,6.686,0.160,0,0,0,0,v
2014-09-05 02:00,6.695,0.152,0,0,0,0,v
2014-09-05 02:06,6.716,0.157,0,0,0,0,v
2014-09-05 02:12,6.773,0.113,0,0,0,0,v
2014-09-05 02:18,6.759,0.144,0,0,0,0,v
2014-09-05 02:24,6.771,0.148,0,0,0,0,v
2014-09-05 02:30,6.799,0.180,0,0,0,0,v
2014-09-05 02:36,6.784,0.146,0,0,0,0,v
2014-09-05 02:42,6.816,0.145,0,0,0,0,v
2014-09-05 02:48,6.834,0.136,0,0,0,0,v
2014-09-05 02:54,6.826,0.136,0,0,0,0,v
2014-09-05 03:00,6.838,0.134,0,0,0,0,v
2014-09-05 03:06,6.803,0.139,0,0,0,0,v
2014-09-05 03:12,6.839,0.121,0,0,0,0,v
2014-09-05 03:18,6.838,0.141,0,0,0,0,v
2014-09-05 03:24,6.860,0.156,0,0,0,0,v
2014-09-05 03:30,6.883,0.133,0,0,0,0,v
2014-09-05 03:36,6.882,0.150,0,0,0,0,v
2014-09-05 03:42,6.865,0.133,0,0,0,0,v
2014-09-05 03:48,6.903,0.156,0,0,0,0,v
2014-09-05 03:54,6.876,0.136,0,0,0,0,v
2014-09-05 04:00,6.913,0.112,0,0,0,0,v
2014-09-05 04:06,6.954,0.144,0,0,0,0,v
2014-09-05 04:12,6.972,0.153,0,0,0,0,v
2014-09-05 04:18,6.957,0.147,0,0,0,0,v
2014-09-05 04:24,6.977,0.125,0,0,0,0,v
2014-09-05 04:30,6.985,0.148,0,0,0,0,v
2014-09-05 04:36,6.993,0.130,0,0,0,0,v
2014-09-05 04:42,6.991,0.143,0,0,0,0,v
2014-09-05 04:48,6.956,0.144,0,0,0,0,v
2014-09-05 04:54,6.976,0.179,0,0,0,0,v
2014-09-05 05:00,6.982,0.143,0,0,0,0,v
2014-09-05 05:06,6.967,0.149,0,0,0,0,v
2014-09-05 05:12,6.980,0.148,0,0,0,0,v
2014-09-05 05:18,6.997,0.156,0,0,0,0,v
2014-09-05 05:24,7.008,0.153,0,0,0,0,v
2014-09-05 05:30,7.011,0.132,0,0,0,0,v
2014-09-05 05:36,7.032,0.148,0,0,0,0,v
2014-09-05 05:42,7.030,0.150,0,0,0,0,v
2014-09-05 05:48,7.014,0.159,0,0,0,0,v
2014-09-05 05:54,7.033,0.149,0,0,0,0,v
2014-09-05 06:00,7.043,0.166,0,0,0,0,v
2014-09-05 06:06,7.062,0.153,0,0,0,0,v
2014-09-05 06:12,7.085,0.155,0,0,0,0,v
2014-09-05 06:18,7.080,0.143,0,0,0,0,v
2014-09-05 06:24,7.068,0.159,0,0,0,0,v
2014-09-05 06:30,7.090,0.178,0,0,0,0,v
2014-09-05 06:36,7.090,0.139,0,0,0,0,v
2014-09-05 06:42,7.081,0.149,0,0,0,0,v
2014-09-05 06:48,7.086,0.146,0,0,0,0,v
2014-09-05 06:54,7.088,0.151,0,0,0,0,v
2014-09-05 07:00,7.092,0.141,0,0,0,0,v
2014-09-05 07:06,7.094,0.147,0,0,0,0,v
2014-09-05 07:12,7.080,0.150,0,0,0,0,v
2014-09-05 07:18,7.094,0.141,0,0,0,0,v
2014-09-05 07:24,7.094,0.121,0,0,0,0,v
2014-09-05 07:30,7.062,0.148,0,0,0,0,v
2014-09-05 07:36,7.080,0.137,0,0,0,0,v
2014-09-05 07:42,7.091,0.157,0,0,0,0,v
2014-09-05 07:48,7.085,0.157,0,0,0,0,v
2014-09-05 07:54,7.070,0.151,0,0,0,0,v
2014-09-05 08:00,7.058,0.168,0,0,0,0,v
2014-09-05 08:06,7.070,0.144,0,0,0,0,v
2014-09-05 08:12,7.070,0.145,0,0,0,0,v
2014-09-05 08:18,7.045,0.149,0,0,0,0,v
2014-09-05 08:24,7.033,0.128,0,0,0,0,v
2014-09-05 08:30,7.039,0.127,0,0,0,0,v
2014-09-05 08:36,7.033,0.138,0,0,0,0,v
2014-09-05 08:42,7.018,0.147,0,0,0,0,v
2014-09-05 08:48,7.026,0.149,0,0,0,0,v
2014-09-05 08:54,7.039,0.137,0,0,0,0,v
2014-09-05 09:00,7.011,0.154,0,0,0,0,v
2014-09-05 09:06,7.056,0.132,0,0,0,0,v
2014-09-05 09:12,7.042,0.132,0,0,0,0,v
2014-09-05 09:18,7.044,0.170,0,0,0,0,v
2014-09-05 09:24,7.014,0.143,0,0,0,0,v
2014-09-05 09:30,7.017,0.156,0,0,0,0,v
2014-09-05 09:36,7.017,0.134,0,0,0,0,v
2014-09-05 09:42,7.007,0.146,0,0,0,0,v
2014-09-05 09:48,7.029,0.128,0,0,0,0,v
2014-09-05 09:54,7.016,0.137,0,0,0,0,v
2014-09-05 10:00,7.020,0.138,0,0,0,0,v
2014-09-05 10:06,7.028,0.156,0,0,0,0,v
2014-09-05 10:12,7.025,0.152,0,0,0,0,v
2014-09-05 10:18,7.022,0.149,0,0,0,0,v
2014-09-05 10:24,7.009,0.144,0,0,0,0,v
2014-09-05 10:30,7.001,0.134,0,0,0,0,v
2014-09-05 10:36,6.999,0.142,0,0,0,0,v
2014-09-05 10:42,7.001,0.127,0,0,0,0,v
2014-09-05 10:48,6.985,0.145,0,0,0,0,v
2014-09-05 10:54,7.005,0.141,0,0,0,0,v
2014-09-05 11:00,6.984,0.138,0,0,0,0,v
2014-09-05 11:06,6.995,0.154,0,0,0,0,v
2014-09-05 11:12,7.006,0.136,0,0,0,0,v
2014-09-05 11:18,6.995,0.132,0,0,0,0,v
2014-09-05 11:24,7.003,0.157,0,0,0,0,v
2014-09-05 11:30,6.985,0.148,0,0,0,0,v
2014-09-05 11:36,6.945,0.157,0,0,0,0,v
2014-09-05 11:42,6.958,0.124,0,0,0,0,v
2014-09-05 11:48,6.946,0.158,0,0,0,0,v
2014-09-05 11:54,6.952,0.126,0,0,0,0,v
2014-09-05 12:00,6.963,0.151,0,0,0,0,v
2014-09-05 12:06,6.944,0.127,0,0,0,0,v
2014-09-05 12:12,6.951,0.129,0,0,0,0,v
2014-09-05 12:18,6.940,0.127,0,0,0,0,v
2014-09-05 12:24,6.946,0.141,0,0,0,0,v
2014-09-05 12:30,6.943,0.139,0,0,0,0,v
2014-09-05 12:36,6.976,0.140,0,0,0,0,v
2014-09-05 12:42,6.964,0.129,0,0,0,0,v
2014-09-05 12:48,6.976,0.138,0,0,0,0,v
2014-09-05 12:54,6.948,0.138,0,0,0,0,v
2014-09-05 13:00,6.958,0.148,0,0,0,0,v
2014-09-05 13:06,6.949,0.119,0,0,0,0,v
2014-09-05 13:12,6.964,0.155,0,0,0,0,v
2014-09-05 13:18,6.945,0.131,0,0,0,0,v
2014-09-05 13:24,6.952,0.111,0,0,0,0,v
2014-09-05 13:30,6.927,0.140,0,0,0,0,v
2014-09-05 13:36,6.934,0.130,0,0,0,0,v
2014-09-05 13:42,6.925,0.134,0,0,0,0,v
2014-09-05 13:48,6.928,0.112,0,0,0,0,v
2014-09-05 13:54,6.929,0.135,0,0,0,0,v
2014-09-05 14:00,6.957,0.107,0,0,0,0,v
2014-09-05 14:06,6.935,0.156,0,0,0,0,v
2014-09-05 14:12,6.933,0.127,0,0,0,0,v
2014-09-05 14:18,6.972,0.136,0,0,0,0,v
2014-09-05 14:24,6.950,0.148,0,0,0,0,v
2014-09-05 14:30,6.933,0.122,0,0,0,0,v
2014-09-05 14:36,6.957,0.125,0,0,0,0,v
2014-09-05 14:42,6.941,0.148,0,0,0,0,v
2014-09-05 14:48,6.951,0.129,0,0,0,0,v
2014-09-05 14:54,6.948,0.152,0,0,0,0,v
2014-09-05 15:00,6.929,0.110,0,0,0,0,v
2014-09-05 15:06,6.914,0.112,0,0,0,0,v
2014-09-05 15:12,6.902,0.138,0,0,0,0,v
2014-09-05 15:18,6.907,0.138,0,0,0,0,v
2014-09-05 15:24,6.913,0.117,0,0,0,0,v
2014-09-05 15:30,6.947,0.141,0,0,0,0,v
2014-09-05 15:36,6.922,0.131,0,0,0,0,v
2014-09-05 15:42,6.913,0.138,0,0,0,0,v
2014-09-05 15:48,6.894,0.137,0,0,0,0,v
2014-09-05 15:54,6.893,0.128,0,0,0,0,v
2014-09-05 16:00,6.882,0.115,0,0,0,0,v
2014-09-05 16:06,6.879,0.145,0,0,0,0,v
2014-09-05 16:12,6.908,0.109,0,0,0,0,v
2014-09-05 16:18,6.909,0.114,0,0,0,0,v
2014-09-05 16:24,6.904,0.106,0,0,0,0,v
2014-09-05 16:30,6.899,0.138,0,0,0,0,v
2014-09-05 16:36,6.889,0.122,0,0,0,0,v
2014-09-05 16:42,6.899,0.125,0,0,0,0,v
2014-09-05 16:48,6.903,0.108,0,0,0,0,v
2014-09-05 16:54,6.896,0.114,0,0,0,0,v
2014-09-05 17:00,6.882,0.118,0,0,0,0,v
2014-09-05 17:06,6.880,0.141,0,0,0,0,v
2014-09-05 17:12,6.892,0.127,0,0,0,0,v
2014-09-05 17:18,6.862,0.107,0,0,0,0,v
2014-09-05 17:24,6.853,0.136,0,0,0,0,v
2014-09-05 17:30,6.881,0.133,0,0,0,0,v
2014-09-05 17:36,6.869,0.129,0,0,0,0,v
2014-09-05 17:42,6.845,0.113,0,0,0,0,v
2014-09-05 17:48,6.803,0.106,0,0,0,0,v
2014-09-05 17:54,6.809,0.131,0,0,0,0,v
2014-09-05 18:00,6.784,0.103,0,0,0,0,v
2014-09-05 18:06,6.792,0.130,0,0,0,0,v
2014-09-05 18:12,6.790,0.112,0,0,0,0,v
2014-09-05 18:18,6.749,0.105,0,0,0,0,v
2014-09-05 18:24,6.751,0.089,0,0,0,0,v
2014-09-05 18:30,6.731,0.135,0,0,0,0,v
2014-09-05 18:36,6.774,0.140,0,0,0,0,v
2014-09-05 18:42,6.775,0.125,0,0,0,0,v
2014-09-05 18:48,6.745,0.127,0,0,0,0,v
2014-09-05 18:54,6.707,0.096,0,0,0,0,v
2014-09-05 19:00,6.697,0.095,0,0,0,0,v
2014-09-05 19:06,6.691,0.116,0,0,0,0,v
2014-09-05 19:12,6.689,0.122,0,0,0,0,v
2014-09-05 19:18,6.655,0.112,0,0,0,0,v
2014-09-05 19:24,6.663,0.112,0,0,0,0,v
2014-09-05 19:30,6.655,0.117,0,0,0,0,v
2014-09-05 19:36,6.677,0.106,0,0,0,0,v
2014-09-05 19:42,6.672,0.107,0,0,0,0,v
2014-09-05 19:48,6.670,0.128,0,0,0,0,v
2014-09-05 19:54,6.637,0.125,0,0,0,0,v
2014-09-05 20:00,6.645,0.108,0,0,0,0,v
2014-09-05 20:06,6.634,0.128,0,0,0,0,v
2014-09-05 20:12,6.582,0.110,0,0,0,0,v
2014-09-05 20:18,6.599,0.128,0,0,0,0,v
2014-09-05 20:24,6.566,0.107,0,0,0,0,v
2014-09-05 20:30,6.572,0.109,0,0,0,0,v
2014-09-05 20:36,6.593,0.116,0,0,0,0,v
2014-09-05 20:42,6.582,0.117,0,0,0,0,v
2014-09-05 20:48,6.568,0.104,0,0,0,0,v
2014-09-05 20:54,6.561,0.104,0,0,0,0,v
2014-09-05 21:00,6.571,0.106,0,0,0,0,v
2014-09-05 21:06,6.564,0.096,0,0,0,0,v
2014-09-05 21:12,6.549,0.117,0,0,0,0,v
2014-09-05 21:18,6.553,0.099,0,0,0,0,v
2014-09-05 21:24,6.554,0.098,0,0,0,0,v
2014-09-05 21:30,6.535,0.089,0,0,0,0,v
2014-09-05 21:36,6.548,0.114,0,0,0,0,v
2014-09-05 21:42,6.534,0.111,0,0,0,0,v
2014-09-05 21:48,6.508,0.099,0,0,0,0,v
2014-09-05 21:54,6.500,0.100,0,0,0,0,v
2014-09-05 22:00,6.469,0.104,0,0,0,0,v
2014-09-05 22:06,6.490,0.094,0,0,0,0,v
2014-09-05 22:12,6.502,0.112,0,0,0,0,v
2014-09-05 22:18,6.478,0.123,0,0,0,0,v
2014-09-05 22:24,6.467,0.097,0,0,0,0,v
2014-09-05 22:30,6.467,0.116,0,0,0,0,v
2014-09-05 22:36,6.471,0.100,0,0,0,0,v
2014-09-05 22:42,6.473,0.102,0,0,0,0,v
2014-09-05 22:48,6.480,0.094,0,0,0,0,v
2014-09-05 22:54,6.472,0.095,0,0,0,0,v
2014-09-05 23:00,6.459,0.095,0,0,0,0,v
2014-09-05 23:06,6.439,0.114,0,0,0,0,v
2014-09-05 23:12,6.459,0.103,0,0,0,0,v
2014-09-05 23:18,6.463,0.113,0,0,0,0,v
2014-09-05 23:24,6.432,0.111,0,0,0,0,v
2014-09-05 23:30,6.428,0.106,0,0,0,0,v
2014-09-05 23:36,6.432,0.110,0,0,0,0,v
2014-09-05 23:42,6.450,0.080,0,0,0,0,v
2014-09-05 23:48,6.442,0.099,0,0,0,0,v
2014-09-05 23:54,6.448,0.115,0,0,0,0,v
2014-09-06 00:00,6.424,0.082,0,0,0,0,v
2014-09-06 00:06,6.407,0.085,0,0,0,0,v
2014-09-06 00:12,6.446,0.107,0,0,0,0,v
2014-09-06 00:18,6.460,0.107,0,0,0,0,v
2014-09-06 00:24,6.460,0.106,0,0,0,0,v
2014-09-06 00:30,6.464,0.110,0,0,0,0,v
2014-09-06 00:36,6.453,0.111,0,0,0,0,v
2014-09-06 00:42,6.462,0.109,0,0,0,0,v
2014-09-06 00:48,6.463,0.119,0,0,0,0,v
2014-09-06 00:54,6.446,0.114,0,0,0,0,v
2014-09-06 01:00,6.449,0.105,0,0,0,0,v
2014-09-06 01:06,6.474,0.119,0,0,0,0,v
2014-09-06 01:12,6.491,0.098,0,0,0,0,v
2014-09-06 01:18,6.512,0.098,0,0,0,0,v
2014-09-06 01:24,6.512,0.100,0,0,0,0,v
2014-09-06 01:30,6.520,0.095,0,0,0,0,v
2014-09-06 01:36,6.511,0.111,0,0,0,0,v
2014-09-06 01:42,6.529,0.096,0,0,0,0,v
2014-09-06 01:48,6.524,0.095,0,0,0,0,v
2014-09-06 01:54,6.543,0.100,0,0,0,0,v
2014-09-06 02:00,6.550,0.108,0,0,0,0,v
2014-09-06 02:06,6.558,0.079,0,0,0,0,v
2014-09-06 02:12,6.555,0.101,0,0,0,0,v
2014-09-06 02:18,6.548,0.094,0,0,0,0,v
2014-09-06 02:24,6.555,0.096,0,0,0,0,v
2014-09-06 02:30,6.597,0.080,0,0,0,0,v
2014-09-06 02:36,6.564,0.091,0,0,0,0,v
2014-09-06 02:42,6.605,0.091,0,0,0,0,v
2014-09-06 02:48,6.625,0.107,0,0,0,0,v
2014-09-06 02:54,6.627,0.079,0,0,0,0,v
2014-09-06 03:00,6.650,0.083,0,0,0,0,v
2014-09-06 03:06,6.641,0.110,0,0,0,0,v
2014-09-06 03:12,6.660,0.091,0,0,0,0,v
2014-09-06 03:18,6.703,0.101,0,0,0,0,v
2014-09-06 03:24,6.701,0.115,0,0,0,0,v
2014-09-06 03:30,6.724,0.096,0,0,0,0,v
2014-09-06 03:36,6.719,0.104,0,0,0,0,v
2014-09-06 03:42,6.734,0.102,0,0,0,0,v
2014-09-06 03:48,6.743,0.108,0,0,0,0,v
2014-09-06 03:54,6.761,0.086,0,0,0,0,v
2014-09-06 04:00,6.766,0.107,0,0,0,0,v
2014-09-06 04:06,6.750,0.107,0,0,0,0,v
2014-09-06 04:12,6.767,0.116,0,0,0,0,v
2014-09-06 04:18,6.797,0.109,0,0,0,0,v
2014-09-06 04:24,6.820,0.109,0,0,0,0,v
2014-09-06 04:30,6.810,0.083,0,0,0,0,v
2014-09-06 04:36,6.837,0.088,0,0,0,0,v
2014-09-06 04:42,6.834,0.095,0,0,0,0,v
2014-09-06 04:48,6.846,0.100,0,0,0,0,v
2014-09-06 04:54,6.827,0.101,0,0,0,0,v
2014-09-06 05:00,6.852,0.091,0,0,0,0,v
2014-09-06 05:06,6.850,0.096,0,0,0,0,v
2014-09-06 05:12,6.861,0.080,0,0,0,0,v
2014-09-06 05:18,6.878,0.091,0,0,0,0,v
2014-09-06 05:24,6.898,0.106,0,0,0,0,v
2014-09-06 05:30,6.923,0.106,0,0,0,0,v
2014-09-06 05:36,6.922,0.106,0,0,0,0,v
2014-09-06 05:42,6.923,0.090,0,0,0,0,v
2014-09-06 05:48,6.909,0.098,0,0,0,0,v
2014-09-06 05:54,6.880,0.100,0,0,0,0,v
2014-09-06 06:00,6.897,0.093,0,0,0,0,v
2014-09-06 06:06,6.917,0.106,0,0,0,0,v
2014-09-06 06:12,6.904,0.089,0,0,0,0,v
2014-09-06 06:18,6.898,0.105,0,0,0,0,v
2014-09-06 06:24,6.901,0.097,0,0,0,0,v
2014-09-06 06:30,6.908,0.095,0,0,0,0,v
2014-09-06 06:36,6.927,0.082,0,0,0,0,v
2014-09-06 06:42,6.952,0.101,0,0,0,0,v
2014-09-06 06:48,6.940,0.094,0,0,0,0,v
2014-09-06 06:54,6.928,0.085,0,0,0,0,v
2014-09-06 07:00,6.899,0.102,0,0,0,0,v
2014-09-06 07:06,6.923,0.076,0,0,0,0,v
2014-09-06 07:12,6.914,0.095,0,0,0,0,v
2014-09-06 07:18,6.913,0.089,0,0,0,0,v
2014-09-06 07:24,6.904,0.118,0,0,0,0,v
2014-09-06 07:30,6.925,0.102,0,0,0,0,v
2014-09-06 07:36,6.942,0.094,0,0,0,0,v
2014-09-06 07:42,6.930,0.103,0,0,0,0,v
2014-09-06 07:48,6.926,0.112,0,0,0,0,v
2014-09-06 07:54,6.933,0.081,0,0,0,0,v
2014-09-06 08:00,6.936,0.096,0,0,0,0,v
2014-09-06 08:06,6.942,0.113,0,0,0,0,v
2014-09-06 08:12,6.939,0.098,0,0,0,0,v
2014-09-06 08:18,6.926,0.109,0,0,0,0,v
2014-09-06 08:24,6.932,0.098,0,0,0,0,v
2014-09-06 08:30,6.951,0.096,0,0,0,0,v
2014-09-06 08:36,6.952,0.081,0,0,0,0,v
2014-09-06 08:42,6.971,0.101,0,0,0,0,v
2014-09-06 08:48,6.978,0.086,0,0,0,0,v
2014-09-06 08:54,6.987,0.089,0,0,0,0,v
2014-09-06 09:00,6.959,0.084,0,0,0,0,v
2014-09-06 09:06,6.964,0.088,0,0,0,0,v
2014-09-06 09:12,6.975,0.101,0,0,0,0,v
2014-09-06 09:18,6.954,0.091,0,0,0,0,v
2014-09-06 09:24,6.960,0.091,0,0,0,0,v
2014-09-06 09:30,6.932,0.104,0,0,0,0,v
2014-09-06 09:36,6.942,0.095,0,0,0,0,v
2014-09-06 09:42,6.905,0.101,0,0,0,0,v
2014-09-06 09:48,6.920,0.094,0,0,0,0,v
2014-09-06 09:54,6.915,0.089,0,0,0,0,v
2014-09-06 10:00,6.936,0.095,0,0,0,0,v
2014-09-06 10:06,6.919,0.089,0,0,0,0,v
2014-09-06 10:12,6.915,0.090,0,0,0,0,v
2014-09-06 10:18,6.911,0.089,0,0,0,0,v
2014-09-06 10:24,6.918,0.098,0,0,0,0,v
2014-09-06 10:30,6.915,0.071,0,0,0,0,v
2014-09-06 10:36,6.896,0.100,0,0,0,0,v
2014-09-06 10:42,6.856,0.085,0,0,0,0,v
2014-09-06 10:48,6.870,0.081,0,0,0,0,v
2014-09-06 10:54,6.862,0.080,0,0,0,0,v
2014-09-06 11:00,6.860,0.080,0,0,0,0,v
2014-09-06 11:06,6.864,0.077,0,0,0,0,v
2014-09-06 11:12,6.862,0.093,0,0,0,0,v
2014-09-06 11:18,6.839,0.100,0,0,0,0,v
2014-09-06 11:24,6.844,0.073,0,0,0,0,v
2014-09-06 11:30,6.851,0.093,0,0,0,0,v
2014-09-06 11:36,6.834,0.085,0,0,0,0,v
2014-09-06 11:42,6.880,0.095,0,0,0,0,v
2014-09-06 11:48,6.869,0.087,0,0,0,0,v
2014-09-06 11:54,6.862,0.082,0,0,0,0,v
2014-09-06 12:00,6.860,0.095,0,0,0,0,v
2014-09-06 12:06,6.849,0.099,0,0,0,0,v
2014-09-06 12:12,6.882,0.097,0,0,0,0,v
2014-09-06 12:18,6.867,0.090,0,0,0,0,v
2014-09-06 12:24,6.873,0.094,0,0,0,0,v
2014-09-06 12:30,6.877,0.094,0,0,0,0,v
2014-09-06 12:36,6.885,0.069,0,0,0,0,v
2014-09-06 12:42,6.864,0.095,0,0,0,0,v
2014-09-06 12:48,6.874,0.089,0,0,0,0,v
2014-09-06 12:54,6.865,0.094,0,0,0,0,v
2014-09-06 13:00,6.834,0.090,0,0,0,0,v
2014-09-06 13:06,6.853,0.092,0,0,0,0,v
2014-09-06 13:12,6.847,0.092,0,0,0,0,v
2014-09-06 13:18,6.813,0.083,0,0,0,0,v
2014-09-06 13:24,6.854,0.073,0,0,0,0,v
2014-09-06 13:30,6.833,0.103,0,0,0,0,v
2014-09-06 13:36,6.812,0.089,0,0,0,0,v
2014-09-06 13:42,6.817,0.099,0,0,0,0,v
2014-09-06 13:48,6.838,0.091,0,0,0,0,v
2014-09-06 13:54,6.818,0.100,0,0,0,0,v
2014-09-06 14:00,6.790,0.085,0,0,0,0,v
2014-09-06 14:06,6.812,0.081,0,0,0,0,v
2014-09-06 14:12,6.845,0.091,0,0,0,0,v
2014-09-06 14:18,6.862,0.076,0,0,0,0,v
2014-09-06 14:24,6.837,0.091,0,0,0,0,v
2014-09-06 14:30,6.850,0.073,0,0,0,0,v
2014-09-06 14:36,6.830,0.088,0,0,0,0,v
2014-09-06 14:42,6.842,0.088,0,0,0,0,v
2014-09-06 14:48,6.839,0.080,0,0,0,0,v
2014-09-06 14:54,6.828,0.089,0,0,0,0,v
2014-09-06 15:00,6.805,0.086,0,0,0,0,v
2014-09-06 15:06,6.821,0.101,0,0,0,0,v
2014-09-06 15:12,6.844,0.090,0,0,0,0,v
2014-09-06 15:18,6.836,0.092,0,0,0,0,v
2014-09-06 15:24,6.862,0.094,0,0,0,0,v
2014-09-06 15:30,6.845,0.090,0,0,0,0,v
2014-09-06 15:36,6.872,0.093,0,0,0,0,v
2014-09-06 15:42,6.874,0.091,0,0,0,0,v
2014-09-06 15:48,6.854,0.084,0,0,0,0,v
2014-09-06 15:54,6.839,0.087,0,0,0,0,v
2014-09-06 16:00,6.848,0.088,0,0,0,0,v
2014-09-06 16:06,6.840,0.072,0,0,0,0,v
2014-09-06 16:12,6.843,0.090,0,0,0,0,v
2014-09-06 16:18,6.834,0.088,0,0,0,0,v
2014-09-06 16:24,6.853,0.081,0,0,0,0,v
2014-09-06 16:30,6.812,0.085,0,0,0,0,v
2014-09-06 16:36,6.847,0.094,0,0,0,0,v
2014-09-06 16:42,6.856,0.078,0,0,0,0,v
2014-09-06 16:48,6.859,0.095,0,0,0,0,v
2014-09-06 16:54,6.826,0.081,0,0,0,0,v
2014-09-06 17:00,6.849,0.101,0,0,0,0,v
2014-09-06 17:06,6.815,0.075,0,0,0,0,v
2014-09-06 17:12,6.835,0.086,0,0,0,0,v
2014-09-06 17:18,6.848,0.085,0,0,0,0,v
2014-09-06 17:24,6.793,0.085,0,0,0,0,v
2014-09-06 17:30,6.794,0.076,0,0,0,0,v
2014-09-06 17:36,6.797,0.081,0,0,0,0,v
2014-09-06 17:42,6.773,0.077,0,0,0,0,v
2014-09-06 17:48,6.821,0.079,0,0,0,0,v
2014-09-06 17:54,6.794,0.080,0,0,0,0,v
2014-09-06 18:00,6.788,0.073,0,0,0,0,v
2014-09-06 18:06,6.765,0.098,0,0,0,0,v
2014-09-06 18:12,6.756,0.080,0,0,0,0,v
2014-09-06 18:18,6.780,0.078,0,0,0,0,v
2014-09-06 18:24,6.774,0.080,0,0,0,0,v
2014-09-06 18:30,6.782,0.077,0,0,0,0,v
2014-09-06 18:36,6.764,0.086,0,0,0,0,v
2014-09-06 18:42,6.730,0.093,0,0,0,0,v
2014-09-06 18:48,6.714,0.095,0,0,0,0,v
2014-09-06 18:54,6.699,0.098,0,0,0,0,v
2014-09-06 19:00,6.750,0.104,0,0,0,0,v
2014-09-06 19:06,6.726,0.079,0,0,0,0,v
2014-09-06 19:12,6.721,0.081,0,0,0,0,v
2014-09-06 19:18,6.709,0.088,0,0,0,0,v
2014-09-06 19:24,6.722,0.091,0,0,0,0,v
2014-09-06 19:30,6.722,0.095,0,0,0,0,v
2014-09-06 19:36,6.719,0.102,0,0,0,0,v
2014-09-06 19:42,6.711,0.091,0,0,0,0,v
2014-09-06 19:48,6.708,0.099,0,0,0,0,v
2014-09-06 19:54,6.688,0.095,0,0,0,0,v
2014-09-06 20:00,6.666,0.095,0,0,0,0,v
2014-09-06 20:06,6.682,0.098,0,0,0,0,v
2014-09-06 20:12,6.689,0.090,0,0,0,0,v
2014-09-06 20:18,6.675,0.095,0,0,0,0,v
2014-09-06 20:24,6.646,0.099,0,0,0,0,v
2014-09-06 20:30,6.647,0.112,0,0,0,0,v
2014-09-06 20:36,6.660,0.099,0,0,0,0,v
2014-09-06 20:42,6.636,0.087,0,0,0,0,v
2014-09-06 20:48,6.643,0.091,0,0,0,0,v
2014-09-06 20:54,6.628,0.087,0,0,0,0,v
2014-09-06 21:00,6.606,0.101,0,0,0,0,v
2014-09-06 21:06,6.610,0.097,0,0,0,0,v
2014-09-06 21:12,6.581,0.079,0,0,0,0,v
2014-09-06 21:18,6.567,0.095,0,0,0,0,v
2014-09-06 21:24,6.554,0.086,0,0,0,0,v
2014-09-06 21:30,6.549,0.100,0,0,0,0,v
2014-09-06 21:36,6.556,0.103,0,0,0,0,v
2014-09-06 21:42,6.547,0.110,0,0,0,0,v
2014-09-06 21:48,6.528,0.096,0,0,0,0,v
2014-09-06 21:54,6.538,0.095,0,0,0,0,v
2014-09-06 22:00,6.538,0.082,0,0,0,0,v
2014-09-06 22:06,6.532,0.108,0,0,0,0,v
2014-09-06 22:12,6.524,0.095,0,0,0,0,v
2014-09-06 22:18,6.515,0.106,0,0,0,0,v
2014-09-06 22:24,6.494,0.102,0,0,0,0,v
2014-09-06 22:30,6.491,0.100,0,0,0,0,v
2014-09-06 22:36,6.461,0.084,0,0,0,0,v
2014-09-06 22:42,6.436,0.099,0,0,0,0,v
2014-09-06 22:48,6.448,0.093,0,0,0,0,v
2014-09-06 22:54,6.447,0.091,0,0,0,0,v
2014-09-06 23:00,6.452,0.089,0,0,0,0,v
2014-09-06 23:06,6.466,0.103,0,0,0,0,v
2014-09-06 23:12,6.439,0.114,0,0,0,0,v
2014-09-06 23:18,6.438,0.122,0,0,0,0,v
2014-09-06 23:24,6.433,0.086,0,0,0,0,v
2014-09-06 23:30,6.438,0.094,0,0,0,0,v
2014-09-06 23:36,6.416,0.098,0,0,0,0,v
2014-09-06 23:42,6.392,0.095,0,0,0,0,v
2014-09-06 23:48,6.414,0.106,0,0,0,0,v
2014-09-06 23:54,6.413,0.085,0,0,0,0,v
2014-09-07 00:00,6.391,0.110,0,0,0,0,v
2014-09-07 00:06,6.390,0.079,0,0,0,0,v
2014-09-07 00:12,6.380,0.093,0,0,0,0,v
2014-09-07 00:18,6.414,0.107,0,0,0,0,v
2014-09-07 00:24,6.394,0.097,0,0,0,0,v
2014-09-07 00:30,6.387,0.097,0,0,0,0,v
2014-09-07 00:36,6.372,0.093,0,0,0,0,v
2014-09-07 00:42,6.419,0.115,0,0,0,0,v
2014-09-07 00:48,6.404,0.101,0,0,0,0,v
2014-09-07 00:54,6.404,0.098,0,0,0,0,v
2014-09-07 01:00,6.398,0.114,0,0,0,0,v
2014-09-07 01:06,6.390,0.085,0,0,0,0,v
2014-09-07 01:12,6.386,0.094,0,0,0,0,v
2014-09-07 01:18,6.394,0.106,0,0,0,0,v
2014-09-07 01:24,6.369,0.115,0,0,0,0,v
2014-09-07 01:30,6.390,0.102,0,0,0,0,v
2014-09-07 01:36,6.389,0.084,0,0,0,0,v
2014-09-07 01:42,6.384,0.099,0,0,0,0,v
2014-09-07 01:48,6.418,0.072,0,0,0,0,v
2014-09-07 01:54,6.445,0.090,0,0,0,0,v
2014-09-07 02:00,6.423,0.083,0,0,0,0,v
2014-09-07 02:06,6.420,0.079,0,0,0,0,v
2014-09-07 02:12,6.438,0.098,0,0,0,0,v
2014-09-07 02:18,6.469,0.103,0,0,0,0,v
2014-09-07 02:24,6.470,0.103,0,0,0,0,v
2014-09-07 02:30,6.455,0.086,0,0,0,0,v
2014-09-07 02:36,6.455,0.102,0,0,0,0,v
2014-09-07 02:42,6.474,0.097,0,0,0,0,v
2014-09-07 02:48,6.485,0.088,0,0,0,0,v
2014-09-07 02:54,6.476,0.076,0,0,0,0,v
2014-09-07 03:00,6.487,0.096,0,0,0,0,v
2014-09-07 03:06,6.526,0.091,0,0,0,0,v
2014-09-07 03:12,6.530,0.088,0,0,0,0,v
2014-09-07 03:18,6.513,0.093,0,0,0,0,v
2014-09-07 03:24,6.573,0.074,0,0,0,0,v
2014-09-07 03:30,6.564,0.094,0,0,0,0,v
2014-09-07 03:36,6.544,0.097,0,0,0,0,v
2014-09-07 03:42,6.570,0.093,0,0,0,0,v
2014-09-07 03:48,6.576,0.116,0,0,0,0,v
2014-09-07 03:54,6.593,0.088,0,0,0,0,v
2014-09-07 04:00,6.600,0.094,0,0,0,0,v
2014-09-07 04:06,6.602,0.098,0,0,0,0,v
2014-09-07 04:12,6.609,0.084,0,0,0,0,v
2014-09-07 04:18,6.619,0.103,0,0,0,0,v
2014-09-07 04:24,6.616,0.099,0,0,0,0,v
2014-09-07 04:30,6.636,0.087,0,0,0,0,v
2014-09-07 04:36,6.661,0.087,0,0,0,0,v
2014-09-07 04:42,6.659,0.081,0,0,0,0,v
2014-09-07 04:48,6.683,0.086,0,0,0,0,v
2014-09-07 04:54,6.694,0.091,0,0,0,0,v
2014-09-07 05:00,6.694,0.085,0,0,0,0,v
2014-09-07 05:06,6.699,0.079,0,0,0,0,v
2014-09-07 05:12,6.691,0.069,0,0,0,0,v
2014-09-07 05:18,6.688,0.082,0,0,0,0,v
2014-09-07 05:24,6.716,0.096,0,0,0,0,v
2014-09-07 05:30,6.731,0.090,0,0,0,0,v
2014-09-07 05:36,6.722,0.083,0,0,0,0,v
2014-09-07 05:42,6.752,0.084,0,0,0,0,v
2014-09-07 05:48,6.761,0.086,0,0,0,0,v
2014-09-07 05:54,6.742,0.084,0,0,0,0,v
2014-09-07 06:00,6.791,0.084,0,0,0,0,v
2014-09-07 06:06,6.789,0.094,0,0,0,0,v
2014-09-07 06:12,6.806,0.102,0,0,0,0,v
2014-09-07 06:18,6.806,0.089,0,0,0,0,v
2014-09-07 06:24,6.859,0.072,0,0,0,0,v
2014-09-07 06:30,6.814,0.092,0,0,0,0,v
2014-09-07 06:36,6.833,0.104,0,0,0,0,v
2014-09-07 06:42,6.815,0.087,0,0,0,0,v
2014-09-07 06:48,6.822,0.101,0,0,0,0,v
2014-09-07 06:54,6.832,0.100,0,0,0,0,v
2014-09-07 07:00,6.846,0.087,0,0,0,0,v
2014-09-07 07:06,6.866,0.082,0,0,0,0,v
2014-09-07 07:12,6.882,0.096,0,0,0,0,v
2014-09-07 07:18,6.869,0.077,0,0,0,0,v
2014-09-07 07:24,6.893,0.083,0,0,0,0,v
2014-09-07 07:30,6.901,0.083,0,0,0,0,v
2014-09-07 07:36,6.906,0.108,0,0,0,0,v
2014-09-07 07:42,6.913,0.098,0,0,0,0,v
2014-09-07 07:48,6.917,0.087,0,0,0,0,v
2014-09-07 07:54,6.889,0.086,0,0,0,0,v
2014-09-07 08:00,6.924,0.084,0,0,0,0,v
2014-09-07 08:06,6.920,0.084,0,0,0,0,v
2014-09-07 08:12,6.898,0.087,0,0,0,0,v
2014-09-07 08:18,6.880,0.074,0,0,0,0,v
2014-09-07 08:24,6.871,0.088,0,0,0,0,v
2014-09-07 08:30,6.874,0.076,0,0,0,0,v
2014-09-07 08:36,6.896,0.091,0,0,0,0,v
2014-09-07 08:42,6.932,0.098,0,0,0,0,v
2014-09-07 08:48,6.902,0.095,0,0,0,0,v
2014-09-07 08:54,6.907,0.085,0,0,0,0,v
2014-09-07 09:00,6.887,0.072,0,0,0,0,v
2014-09-07 09:06,6.887,0.070,0,0,0,0,v
2014-09-07 09:12,6.888,0.082,0,0,0,0,v
2014-09-07 09:18,6.892,0.071,0,0,0,0,v
2014-09-07 09:24,6.894,0.085,0,0,0,0,v
2014-09-07 09:30,6.880,0.077,0,0,0,0,v
2014-09-07 09:36,6.885,0.090,0,0,0,0,v
2014-09-07 09:42,6.843,0.073,0,0,0,0,v
2014-09-07 09:48,6.846,0.076,0,0,0,0,v
2014-09-07 09:54,6.852,0.077,0,0,0,0,v
2014-09-07 10:00,6.852,0.095,0,0,0,0,v
2014-09-07 10:06,6.855,0.089,0,0,0,0,v
2014-09-07 10:12,6.865,0.070,0,0,0,0,v
2014-09-07 10:18,6.861,0.079,0,0,0,0,v
2014-09-07 10:24,6.856,0.064,0,0,0,0,v
2014-09-07 10:30,6.855,0.082,0,0,0,0,v
2014-09-07 10:36,6.840,0.089,0,0,0,0,v
2014-09-07 10:42,6.834,0.080,0,0,0,0,v
2014-09-07 10:48,6.827,0.092,0,0,0,0,v
2014-09-07 10:54,6.811,0.088,0,0,0,0,v
2014-09-07 11:00,6.836,0.067,0,0,0,0,v
2014-09-07 11:06,6.870,0.065,0,0,0,0,v
2014-09-07 11:12,6.848,0.085,0,0,0,0,v
2014-09-07 11:18,6.846,0.077,0,0,0,0,v
2014-09-07 11:24,6.821,0.062,0,0,0,0,v
2014-09-07 11:30,6.816,0.081,0,0,0,0,v
2014-09-07 11:36,6.825,0.075,0,0,0,0,v
2014-09-07 11:42,6.829,0.070,0,0,0,0,v
2014-09-07 11:48,6.847,0.088,0,0,0,0,v
2014-09-07 11:54,6.850,0.078,0,0,0,0,v
2014-09-07 12:00,6.843,0.080,0,0,0,0,v
2014-09-07 12:06,6.854,0.069,0,0,0,0,v
2014-09-07 12:12,6.837,0.084,0,0,0,0,v
2014-09-07 12:18,6.826,0.092,0,0,0,0,v
2014-09-07 12:24,6.795,0.070,0,0,0,0,v
2014-09-07 12:30,6.819,0.073,0,0,0,0,v
2014-09-07 12:36,6.815,0.079,0,0,0,0,v
2014-09-07 12:42,6.824,0.076,0,0,0,0,v
2014-09-07 12:48,6.821,0.077,0,0,0,0,v
2014-09-07 12:54,6.825,0.072,0,0,0,0,v
2014-09-07 13:00,6.814,0.087,0,0,0,0,v
2014-09-07 13:06,6.822,0.071,0,0,0,0,v
2014-09-07 13:12,6.811,0.083,0,0,0,0,v
2014-09-07 13:18,6.800,0.083,0,0,0,0,v
2014-09-07 13:24,6.814,0.080,0,0,0,0,v
2014-09-07 13:30,6.831,0.075,0,0,0,0,v
2014-09-07 13:36,6.840,0.086,0,0,0,0,v
2014-09-07 13:42,6.836,0.067,0,0,0,0,v
2014-09-07 13:48,6.839,0.073,0,0,0,0,v
2014-09-07 13:54,6.840,0.081,0,0,0,0,v
2014-09-07 14:00,6.838,0.085,0,0,0,0,v
2014-09-07 14:06,6.817,0.074,0,0,0,0,v
2014-09-07 14:12,6.813,0.081,0,0,0,0,v
2014-09-07 14:18,6.811,0.086,0,0,0,0,v
2014-09-07 14:24,6.799,0.069,0,0,0,0,v
2014-09-07 14:30,6.798,0.070,0,0,0,0,v
2014-09-07 14:36,6.804,0.081,0,0,0,0,v
2014-09-07 14:42,6.794,0.081,0,0,0,0,v
2014-09-07 14:48,6.799,0.075,0,0,0,0,v
2014-09-07 14:54,6.809,0.071,0,0,0,0,v
2014-09-07 15:00,6.789,0.074,0,0,0,0,v
2014-09-07 15:06,6.838,0.075,0,0,0,0,v
2014-09-07 15:12,6.827,0.074,0,0,0,0,v
2014-09-07 15:18,6.818,0.079,0,0,0,0,v
2014-09-07 15:24,6.818,0.076,0,0,0,0,v
2014-09-07 15:30,6.815,0.086,0,0,0,0,v
2014-09-07 15:36,6.807,0.072,0,0,0,0,v
2014-09-07 15:42,6.854,0.063,0,0,0,0,v
2014-09-07 15:48,6.835,0.070,0,0,0,0,v
2014-09-07 15:54,6.833,0.091,0,0,0,0,v
2014-09-07 16:00,6.833,0.075,0,0,0,0,v
2014-09-07 16:06,6.828,0.070,0,0,0,0,v
2014-09-07 16:12,6.842,0.081,0,0,0,0,v
2014-09-07 16:18,6.807,0.070,0,0,0,0,v
2014-09-07 16:24,6.824,0.083,0,0,0,0,v
2014-09-07 16:30,6.784,0.072,0,0,0,0,v
2014-09-07 16:36,6.821,0.083,0,0,0,0,v
2014-09-07 16:42,6.851,0.078,0,0,0,0,v
2014-09-07 16:48,6.861,0.066,0,0,0,0,v
2014-09-07 16:54,6.875,0.080,0,0,0,0,v
2014-09-07 17:00,6.855,0.066,0,0,0,0,v
2014-09-07 17:06,6.858,0.069,0,0,0,0,v
2014-09-07 17:12,6.865,0.056,0,0,0,0,v
2014-09-07 17:18,6.880,0.069,0,0,0,0,v
2014-09-07 17:24,6.852,0.065,0,0,0,0,v
2014-09-07 17:30,6.875,0.072,0,0,0,0,v
2014-09-07 17:36,6.846,0.066,0,0,0,0,v
2014-09-07 17:42,6.853,0.076,0,0,0,0,v
2014-09-07 17:48,6.839,0.088,0,0,0,0,v
2014-09-07 17:54,6.826,0.086,0,0,0,0,v
2014-09-07 18:00,6.843,0.065,0,0,0,0,v
2014-09-07 18:06,6.854,0.074,0,0,0,0,v
2014-09-07 18:12,6.859,0.076,0,0,0,0,v
2014-09-07 18:18,6.873,0.069,0,0,0,0,v
2014-09-07 18:24,6.910,0.071,0,0,0,0,v
2014-09-07 18:30,6.871,0.054,0,0,0,0,v
2014-09-07 18:36,6.882,0.082,0,0,0,0,v
2014-09-07 18:42,6.862,0.073,0,0,0,0,v
2014-09-07 18:48,6.850,0.072,0,0,0,0,v
2014-09-07 18:54,6.853,0.072,0,0,0,0,v
2014-09-07 19:00,6.847,0.069,0,0,0,0,v
2014-09-07 19:06,6.862,0.071,0,0,0,0,v
2014-09-07 19:12,6.844,0.055,0,0,0,0,v
2014-09-07 19:18,6.848,0.061,0,0,0,0,v
2014-09-07 19:24,6.823,0.059,0,0,0,0,v
2014-09-07 19:30,6.843,0.077,0,0,0,0,v
2014-09-07 19:36,6.806,0.071,0,0,0,0,v
2014-09-07 19:42,6.805,0.073,0,0,0,0,v
2014-09-07 19:48,6.818,0.067,0,0,0,0,v
2014-09-07 19:54,6.808,0.066,0,0,0,0,v
2014-09-07 20:00,6.813,0.070,0,0,0,0,v
2014-09-07 20:06,6.793,0.073,0,0,0,0,v
2014-09-07 20:12,6.776,0.075,0,0,0,0,v
2014-09-07 20:18,6.764,0.055,0,0,0,0,v
2014-09-07 20:24,6.762,0.073,0,0,0,0,v
2014-09-07 20:30,6.760,0.063,0,0,0,0,v
2014-09-07 20:36,6.734,0.072,0,0,0,0,v
2014-09-07 20:42,6.722,0.061,0,0,0,0,v
2014-09-07 20:48,6.723,0.068,0,0,0,0,v
2014-09-07 20:54,6.693,0.070,0,0,0,0,v
2014-09-07 21:00,6.703,0.062,0,0,0,0,v
2014-09-07 21:06,6.712,0.075,0,0,0,0,v
2014-09-07 21:12,6.712,0.076,0,0,0,0,v
2014-09-07 21:18,6.692,0.066,0,0,0,0,v
2014-09-07 21:24,6.689,0.072,0,0,0,0,v
2014-09-07 21:30,6.651,0.060,0,0,0,0,v
2014-09-07 21:36,6.634,0.071,0,0,0,0,v
2014-09-07 21:42,6.620,0.064,0,0,0,0,v
2014-09-07 21:48,6.627,0.065,0,0,0,0,v
2014-09-07 21:54,6.630,0.049,0,0,0,0,v
2014-09-07 22:00,6.632,0.065,0,0,0,0,v
2014-09-07 22:06,6.607,0.070,0,0,0,0,v
2014-09-07 22:12,6.612,0.065,0,0,0,0,v
2014-09-07 22:18,6.625,0.072,0,0,0,0,v
2014-09-07 22:24,6.638,0.076,0,0,0,0,v
2014-09-07 22:30,6.626,0.051,0,0,0,0,v
2014-09-07 22:36,6.584,0.079,0,0,0,0,v
2014-09-07 22:42,6.583,0.067,0,0,0,0,v
2014-09-07 22:48,6.574,0.064,0,0,0,0,v
2014-09-07 22:54,6.577,0.076,0,0,0,0,v
2014-09-07 23:00,6.574,0.062,0,0,0,0,v
2014-09-07 23:06,6.560,0.063,0,0,0,0,v
2014-09-07 23:12,6.521,0.057,0,0,0,0,v
2014-09-07 23:18,6.516,0.066,0,0,0,0,v
2014-09-07 23:24,6.506,0.053,0,0,0,0,v
2014-09-07 23:30,6.506,0.053,0,0,0,0,v
2014-09-07 23:36,6.513,0.083,0,0,0,0,v
2014-09-07 23:42,6.505,0.054,0,0,0,0,v
2014-09-07 23:48,6.498,0.063,0,0,0,0,v
2014-09-07 23:54,6.487,0.056,0,0,0,0,v
2014-09-08 00:00,6.479,0.065,0,0,0,0,v
2014-09-08 00:06,6.465,0.063,0,0,0,0,v
2014-09-08 00:12,6.478,0.065,0,0,0,0,v
2014-09-08 00:18,6.453,0.062,0,0,0,0,v
2014-09-08 00:24,6.449,0.066,0,0,0,0,v
2014-09-08 00:30,6.445,0.057,0,0,0,0,v
2014-09-08 00:36,6.449,0.058,0,0,0,0,v
2014-09-08 00:42,6.454,0.073,0,0,0,0,v
2014-09-08 00:48,6.439,0.065,0,0,0,0,v
2014-09-08 00:54,6.435,0.074,0,0,0,0,v
2014-09-08 01:00,6.431,0.068,0,0,0,0,v
2014-09-08 01:06,6.442,0.065,0,0,0,0,v
2014-09-08 01:12,6.427,0.060,0,0,0,0,v
2014-09-08 01:18,6.415,0.053,0,0,0,0,v
2014-09-08 01:24,6.403,0.051,0,0,0,0,v
2014-09-08 01:30,6.414,0.056,0,0,0,0,v
2014-09-08 01:36,6.406,0.070,0,0,0,0,v
2014-09-08 01:42,6.392,0.069,0,0,0,0,v
2014-09-08 01:48,6.388,0.059,0,0,0,0,v
2014-09-08 01:54,6.393,0.057,0,0,0,0,v
2014-09-08 02:00,6.383,0.057,0,0,0,0,v
2014-09-08 02:06,6.392,0.056,0,0,0,0,v
2014-09-08 02:12,6.395,0.048,0,0,0,0,v
2014-09-08 02:18,6.387,0.059,0,0,0,0,v
2014-09-08 02:24,6.408,0.056,0,0,0,0,v
2014-09-08 02:30,6.415,0.065,0,0,0,0,v
2014-09-08 02:36,6.411,0.059,0,0,0,0,v
2014-09-08 02:42,6.444,0.065,0,0,0,0,v
2014-09-08 02:48,6.473,0.064,0,0,0,0,v
2014-09-08 02:54,6.456,0.062,0,0,0,0,v
2014-09-08 03:00,6.464,0.055,0,0,0,0,v
2014-09-08 03:06,6.472,0.063,0,0,0,0,v
2014-09-08 03:12,6.466,0.071,0,0,0,0,v
2014-09-08 03:18,6.469,0.059,0,0,0,0,v
2014-09-08 03:24,6.479,0.060,0,0,0,0,v
2014-09-08 03:30,6.488,0.055,0,0,0,0,v
2014-09-08 03:36,6.495,0.065,0,0,0,0,v
2014-09-08 03:42,6.536,0.061,0,0,0,0,v
2014-09-08 03:48,6.542,0.056,0,0,0,0,v
2014-09-08 03:54,6.526,0.060,0,0,0,0,v
2014-09-08 04:00,6.532,0.062,0,0,0,0,v
2014-09-08 04:06,6.539,0.054,0,0,0,0,v
2014-09-08 04:12,6.557,0.063,0,0,0,0,v
2014-09-08 04:18,6.546,0.057,0,0,0,0,v
2014-09-08 04:24,6.586,0.053,0,0,0,0,v
2014-09-08 04:30,6.608,0.057,0,0,0,0,v
2014-09-08 04:36,6.602,0.061,0,0,0,0,v
2014-09-08 04:42,6.623,0.058,0,0,0,0,v
2014-09-08 04:48,6.641,0.055,0,0,0,0,v
2014-09-08 04:54,6.641,0.047,0,0,0,0,v
2014-09-08 05:00,6.613,0.054,0,0,0,0,v
2014-09-08 05:06,6.633,0.047,0,0,0,0,v
2014-09-08 05:12,6.645,0.053,0,0,0,0,v
2014-09-08 05:18,6.654,0.057,0,0,0,0,v
2014-09-08 05:24,6.673,0.057,0,0,0,0,v
2014-09-08 05:30,6.698,0.047,0,0,0,0,v
2014-09-08 05:36,6.669,0.048,0,0,0,0,v
2014-09-08 05:42,6.697,0.058,0,0,0,0,v
2014-09-08 05:48,6.679,0.062,0,0,0,0,v
2014-09-08 05:54,6.702,0.059,0,0,0,0,v
2014-09-08 06:00,6.725,0.059,0,0,0,0,v
2014-09-08 06:06,6.728,0.056,0,0,0,0,v
2014-09-08 06:12,6.729,0.060,0,0,0,0,v
2014-09-08 06:18,6.757,0.052,0,0,0,0,v
2014-09-08 06:24,6.754,0.058,0,0,0,0,v
2014-09-08 06:30,6.752,0.061,0,0,0,0,v
2014-09-08 06:36,6.781,0.054,0,0,0,0,v
2014-09-08 06:42,6.792,0.054,0,0,0,0,v
2014-09-08 06:48,6.776,0.056,0,0,0,0,v
2014-09-08 06:54,6.762,0.061,0,0,0,0,v
2014-09-08 07:00,6.779,0.056,0,0,0,0,v
2014-09-08 07:06,6.813,0.044,0,0,0,0,v
2014-09-08 07:12,6.818,0.054,0,0,0,0,v
2014-09-08 07:18,6.825,0.054,0,0,0,0,v
2014-09-08 07:24,6.835,0.052,0,0,0,0,v
2014-09-08 07:30,6.857,0.060,0,0,0,0,v
2014-09-08 07:36,6.869,0.040,0,0,0,0,v
2014-09-08 07:42,6.860,0.052,0,0,0,0,v
2014-09-08 07:48,6.856,0.053,0,0,0,0,v
2014-09-08 07:54,6.865,0.057,0,0,0,0,v
2014-09-08 08:00,6.845,0.055,0,0,0,0,v
2014-09-08 08:06,6.842,0.046,0,0,0,0,v
2014-09-08 08:12,6.820,0.050,0,0,0,0,v
2014-09-08 08:18,6.847,0.048,0,0,0,0,v
2014-09-08 08:24,6.841,0.057,0,0,0,0,v
2014-09-08 08:30,6.815,0.051,0,0,0,0,v
2014-09-08 08:36,6.818,0.057,0,0,0,0,v
2014-09-08 08:42,6.805,0.055,0,0,0,0,v
2014-09-08 08:48,6.794,0.055,0,0,0,0,v
2014-09-08 08:54,6.818,0.058,0,0,0,0,v
2014-09-08 09:00,6.830,0.061,0,0,0,0,v
2014-09-08 09:06,6.831,0.060,0,0,0,0,v
2014-09-08 09:12,6.867,0.053,0,0,0,0,v
2014-09-08 09:18,6.836,0.054,0,0,0,0,v
2014-09-08 09:24,6.834,0.052,0,0,0,0,v
2014-09-08 09:30,6.840,0.055,0,0,0,0,v
2014-09-08 09:36,6.844,0.043,0,0,0,0,v
2014-09-08 09:42,6.834,0.064,0,0,0,0,v
2014-09-08 09:48,6.821,0.047,0,0,0,0,v
2014-09-08 09:54,6.857,0.054,0,0,0,0,v
2014-09-08 10:00,6.880,0.053,0,0,0,0,v
2014-09-08 10:06,6.883,0.051,0,0,0,0,v
2014-09-08 10:12,6.896,0.059,0,0,0,0,v
2014-09-08 10:18,6.864,0.056,0,0,0,0,v
2014-09-08 10:24,6.870,0.050,0,0,0,0,v
2014-09-08 10:30,6.856,0.056,0,0,0,0,v
2014-09-08 10:36,6.863,0.049,0,0,0,0,v
2014-09-08 10:42,6.861,0.046,0,0,0,0,v
2014-09-08 10:48,6.860,0.060,0,0,0,0,v
2014-09-08 10:54,6.841,0.053,0,0,0,0,v
2014-09-08 11:00,6.842,0.049,0,0,0,0,v
2014-09-08 11:06,6.830,0.051,0,0,0,0,v
2014-09-08 11:12,6.836,0.054,0,0,0,0,v
2014-09-08 11:18,6.811,0.054,0,0,0,0,v
2014-09-08 11:24,6.794,0.044,0,0,0,0,v
2014-09-08 11:30,6.812,0.046,0,0,0,0,v
2014-09-08 11:36,6.803,0.052,0,0,0,0,v
2014-09-08 11:42,6.794,0.047,0,0,0,0,v
2014-09-08 11:48,6.797,0.050,0,0,0,0,v
2014-09-08 11:54,6.777,0.053,0,0,0,0,v
2014-09-08 12:00,6.800,0.043,0,0,0,0,v
2014-09-08 12:06,6.789,0.048,0,0,0,0,v
2014-09-08 12:12,6.783,0.054,0,0,0,0,v
2014-09-08 12:18,6.757,0.044,0,0,0,0,v
2014-09-08 12:24,6.758,0.055,0,0,0,0,v
2014-09-08 12:30,6.739,0.056,0,0,0,0,v
2014-09-08 12:36,6.749,0.054,0,0,0,0,v
2014-09-08 12:42,6.767,0.050,0,0,0,0,v
2014-09-08 12:48,6.763,0.050,0,0,0,0,v
2014-09-08 12:54,6.748,0.047,0,0,0,0,v
2014-09-08 13:00,6.741,0.057,0,0,0,0,v
2014-09-08 13:06,6.746,0.047,0,0,0,0,v
2014-09-08 13:12,6.727,0.049,0,0,0,0,v
2014-09-08 13:18,6.738,0.056,0,0,0,0,v
2014-09-08 13:24,6.758,0.049,0,0,0,0,v
2014-09-08 13:30,6.772,0.042,0,0,0,0,v
2014-09-08 13:36,6.766,0.052,0,0,0,0,v
2014-09-08 13:42,6.733,0.048,0,0,0,0,v
2014-09-08 13:48,6.739,0.050,0,0,0,0,v
2014-09-08 13:54,6.757,0.056,0,0,0,0,v
2014-09-08 14:00,6.752,0.045,0,0,0,0,v
2014-09-08 14:06,6.754,0.049,0,0,0,0,v
2014-09-08 14:12,6.779,0.055,0,0,0,0,v
2014-09-08 14:18,6.762,0.049,0,0,0,0,v
2014-09-08 14:24,6.771,0.048,0,0,0,0,v
2014-09-08 14:30,6.770,0.046,0,0,0,0,v
2014-09-08 14:36,6.752,0.049,0,0,0,0,v
2014-09-08 14:42,6.760,0.054,0,0,0,0,v
2014-09-08 14:48,6.745,0.058,0,0,0,0,v
2014-09-08 14:54,6.736,0.044,0,0,0,0,v
2014-09-08 15:00,6.766,0.049,0,0,0,0,v
2014-09-08 15:06,6.782,0.049,0,0,0,0,v
2014-09-08 15:12,6.788,0.058,0,0,0,0,v
2014-09-08 15:18,6.777,0.050,0,0,0,0,v
2014-09-08 15:24,6.765,0.053,0,0,0,0,v
2014-09-08 15:30,6.747,0.048,0,0,0,0,v
2014-09-08 15:36,6.736,0.045,0,0,0,0,v
2014-09-08 15:42,6.724,0.054,0,0,0,0,v
2014-09-08 15:48,6.739,0.051,0,0,0,0,v
2014-09-08 15:54,6.740,0.044,0,0,0,0,v
2014-09-08 16:00,6.759,0.052,0,0,0,0,v
2014-09-08 16:06,6.762,0.055,0,0,0,0,v
2014-09-08 16:12,6.771,0.051,0,0,0,0,v
2014-09-08 16:18,6.795,0.052,0,0,0,0,v
2014-09-08 16:24,6.784,0.050,0,0,0,0,v
2014-09-08 16:30,6.778,0.048,0,0,0,0,v
2014-09-08 16:36,6.774,0.055,0,0,0,0,v
2014-09-08 16:42,6.781,0.049,0,0,0,0,v
2014-09-08 16:48,6.803,0.051,0,0,0,0,v
2014-09-08 16:54,6.799,0.052,0,0,0,0,v
2014-09-08 17:00,6.824,0.044,0,0,0,0,v
2014-09-08 17:06,6.848,0.047,0,0,0,0,v
2014-09-08 17:12,6.870,0.049,0,0,0,0,v
2014-09-08 17:18,6.847,0.043,0,0,0,0,v
2014-09-08 17:24,6.836,0.042,0,0,0,0,v
2014-09-08 17:30,6.857,0.055,0,0,0,0,v
2014-09-08 17:36,6.857,0.046,0,0,0,0,v
2014-09-08 17:42,6.861,0.056,0,0,0,0,v
2014-09-08 17:48,6.868,0.050,0,0,0,0,v
2014-09-08 17:54,6.845,0.042,0,0,0,0,v
2014-09-08 18:00,6.850,0.047,0,0,0,0,v
2014-09-08 18:06,6.873,0.045,0,0,0,0,v
2014-09-08 18:12,6.895,0.051,0,0,0,0,v
2014-09-08 18:18,6.885,0.046,0,0,0,0,v
2014-09-08 18:24,6.872,0.048,0,0,0,0,v
2014-09-08 18:30,6.862,0.049,0,0,0,0,v
2014-09-08 18:36,6.868,0.048,0,0,0,0,v
2014-09-08 18:42,6.892,0.045,0,0,0,0,v
2014-09-08 18:48,6.869,0.048,0,0,0,0,v
2014-09-08 18:54,6.877,0.046,0,0,0,0,v
2014-09-08 19:00,6.874,0.056,0,0,0,0,v
2014-09-08 19:06,6.865,0.038,0,0,0,0,v
2014-09-08 19:12,6.869,0.041,0,0,0,0,v
2014-09-08 19:18,6.852,0.042,0,0,0,0,v
2014-09-08 19:24,6.860,0.043,0,0,0,0,v
2014-09-08 19:30,6.868,0.043,0,0,0,0,v
2014-09-08 19:36,6.878,0.042,0,0,0,0,v
2014-09-08 19:42,6.867,0.042,0,0,0,0,v
2014-09-08 19:48,6.856,0.048,0,0,0,0,v
2014-09-08 19:54,6.862,0.040,0,0,0,0,v
2014-09-08 20:00,6.864,0.044,0,0,0,0,v
2014-09-08 20:06,6.877,0.053,0,0,0,0,v
2014-09-08 20:12,6.888,0.046,0,0,0,0,v
2014-09-08 20:18,6.904,0.043,0,0,0,0,v
2014-09-08 20:24,6.898,0.038,0,0,0,0,v
2014-09-08 20:30,6.907,0.041,0,0,0,0,v
2014-09-08 20:36,6.896,0.038,0,0,0,0,v
2014-09-08 20:42,6.899,0.051,0,0,0,0,v
2014-09-08 20:48,6.901,0.050,0,0,0,0,v
2014-09-08 20:54,6.891,0.044,0,0,0,0,v
2014-09-08 21:00,6.869,0.043,0,0,0,0,v
2014-09-08 21:06,6.880,0.040,0,0,0,0,v
2014-09-08 21:12,6.874,0.042,0,0,0,0,v
2014-09-08 21:18,6.880,0.048,0,0,0,0,v
2014-09-08 21:24,6.875,0.043,0,0,0,0,v
2014-09-08 21:30,6.836,0.049,0,0,0,0,v
2014-09-08 21:36,6.823,0.040,0,0,0,0,v
2014-09-08 21:42,6.802,0.034,0,0,0,0,v
2014-09-08 21:48,6.794,0.038,0,0,0,0,v
2014-09-08 21:54,6.802,0.038,0,0,0,0,v
2014-09-08 22:00,6.778,0.043,0,0,0,0,v
2014-09-08 22:06,6.758,0.046,0,0,0,0,v
2014-09-08 22:12,6.732,0.046,0,0,0,0,v
2014-09-08 22:18,6.721,0.050,0,0,0,0,v
2014-09-08 22:24,6.703,0.047,0,0,0,0,v
2014-09-08 22:30,6.680,0.038,0,0,0,0,v
2014-09-08 22:36,6.695,0.038,0,0,0,0,v
2014-09-08 22:42,6.697,0.041,0,0,0,0,v
2014-09-08 22:48,6.677,0.043,0,0,0,0,v
2014-09-08 22:54,6.655,0.046,0,0,0,0,v
2014-09-08 23:00,6.638,0.044,0,0,0,0,v
2014-09-08 23:06,6.644,0.040,0,0,0,0,v
2014-09-08 23:12,6.676,0.042,0,0,0,0,v
2014-09-08 23:18,6.649,0.041,0,0,0,0,v
2014-09-08 23:24,6.647,0.045,0,0,0,0,v
2014-09-08 23:30,6.652,0.044,0,0,0,0,v
2014-09-08 23:36,6.631,0.043,0,0,0,0,v
2014-09-08 23:42,6.623,0.035,0,0,0,0,v
2014-09-08 23:48,6.617,0.040,0,0,0,0,v
2014-09-08 23:54,6.618,0.041,0,0,0,0,v
2014-09-09 00:00,6.629,0.036,0,0,0,0,v
2014-09-09 00:06,6.625,0.045,0,0,0,0,v
2014-09-09 00:12,6.628,0.036,0,0,0,0,v
2014-09-09 00:18,6.620,0.037,0,0,0,0,v
2014-09-09 00:24,6.628,0.039,0,0,0,0,v
2014-09-09 00:30,6.627,0.046,0,0,0,0,v
2014-09-09 00:36,6.599,0.041,0,0,0,0,v
2014-09-09 00:42,6.595,0.040,0,0,0,0,v
2014-09-09 00:48,6.543,0.039,0,0,0,0,v
2014-09-09 00:54,6.559,0.046,0,0,0,0,v
2014-09-09 01:00,6.572,0.046,0,0,0,0,v
2014-09-09 01:06,6.563,0.040,0,0,0,0,v
2014-09-09 01:12,6.575,0.039,0,0,0,0,v
2014-09-09 01:18,6.559,0.039,0,0,0,0,v
2014-09-09 01:24,6.530,0.046,0,0,0,0,v
2014-09-09 01:30,6.537,0.042,0,0,0,0,v
2014-09-09 01:36,6.524,0.042,0,0,0,0,v
2014-09-09 01:42,6.522,0.043,0,0,0,0,v
2014-09-09 01:48,6.533,0.039,0,0,0,0,v
2014-09-09 01:54,6.540,0.042,0,0,0,0,v
2014-09-09 02:00,6.519,0.039,0,0,0,0,v
2014-09-09 02:06,6.527,0.040,0,0,0,0,v
2014-09-09 02:12,6.542,0.042,0,0,0,0,v
2014-09-09 02:18,6.528,0.042,0,0,0,0,v
2014-09-09 02:24,6.527,0.040,0,0,0,0,v
2014-09-09 02:30,6.516,0.043,0,0,0,0,v
2014-09-09 02:36,6.519,0.047,0,0,0,0,v
2014-09-09 02:42,6.516,0.039,0,0,0,0,v
2014-09-09 02:48,6.509,0.044,0,0,0,0,v
2014-09-09 02:54,6.510,0.039,0,0,0,0,v
2014-09-09 03:00,6.503,0.037,0,0,0,0,v
2014-09-09 03:06,6.507,0.038,0,0,0,0,v
2014-09-09 03:12,6.488,0.045,0,0,0,0,v
2014-09-09 03:18,6.501,0.046,0,0,0,0,v
2014-09-09 03:24,6.509,0.045,0,0,0,0,v
2014-09-09 03:30,6.506,0.048,0,0,0,0,v
2014-09-09 03:36,6.497,0.039,0,0,0,0,v
2014-09-09 03:42,6.529,0.045,0,0,0,0,v
2014-09-09 03:48,6.551,0.042,0,0,0,0,v
2014-09-09 03:54,6.552,0.042,0,0,0,0,v
2014-09-09 04:00,6.555,0.046,0,0,0,0,v
2014-09-09 04:06,6.552,0.044,0,0,0,0,v
2014-09-09 04:12,6.557,0.040,0,0,0,0,v
2014-09-09 04:18,6.561,0.036,0,0,0,0,v
2014-09-09 04:24,6.552,0.044,0,0,0,0,v
2014-09-09 04:30,6.598,0.041,0,0,0,0,v
2014-09-09 04:36,6.602,0.047,0,0,0,0,v
2014-09-09 04:42,6.627,0.040,0,0,0,0,v
2014-09-09 04:48,6.652,0.047,0,0,0,0,v
2014-09-09 04:54,6.651,0.044,0,0,0,0,v
2014-09-09 05:00,6.651,0.042,0,0,0,0,v
2014-09-09 05:06,6.640,0.045,0,0,0,0,v
2014-09-09 05:12,6.617,0.044,0,0,0,0,v
2014-09-09 05:18,6.624,0.040,0,0,0,0,v
2014-09-09 05:24,6.621,0.044,0,0,0,0,v
2014-09-09 05:30,6.622,0.044,0,0,0,0,v
2014-09-09 05:36,6.634,0.045,0,0,0,0,v
2014-09-09 05:42,6.657,0.042,0,0,0,0,v
2014-09-09 05:48,6.672,0.046,0,0,0,0,v
2014-09-09 05:54,6.667,0.043,0,0,0,0,v
2014-09-09 06:00,6.673,0.045,0,0,0,0,v
2014-09-09 06:06,6.687,0.049,0,0,0,0,v
2014-09-09 06:12,6.673,0.046,0,0,0,0,v
2014-09-09 06:18,6.679,0.045,0,0,0,0,v
2014-09-09 06:24,6.690,0.046,0,0,0,0,v
2014-09-09 06:30,6.702,0.050,0,0,0,0,v
2014-09-09 06:36,6.709,0.046,0,0,0,0,v
2014-09-09 06:42,6.740,0.044,0,0,0,0,v
2014-09-09 06:48,6.737,0.051,0,0,0,0,v
2014-09-09 06:54,6.747,0.044,0,0,0,0,v
2014-09-09 07:00,6.752,0.048,0,0,0,0,v
2014-09-09 07:06,6.767,0.047,0,0,0,0,v
2014-09-09 07:12,6.784,0.052,0,0,0,0,v
2014-09-09 07:18,6.772,0.052,0,0,0,0,v
2014-09-09 07:24,6.785,0.047,0,0,0,0,v
2014-09-09 07:30,6.801,0.053,0,0,0,0,v
2014-09-09 07:36,6.799,0.047,0,0,0,0,v
2014-09-09 07:42,6.831,0.044,0,0,0,0,v
2014-09-09 07:48,6.838,0.056,0,0,0,0,v
2014-09-09 07:54,6.831,0.055,0,0,0,0,v
2014-09-09 08:00,6.831,0.053,0,0,0,0,v
2014-09-09 08:06,6.818,0.050,0,0,0,0,v
2014-09-09 08:12,6.831,0.046,0,0,0,0,v
2014-09-09 08:18,6.830,0.051,0,0,0,0,v
2014-09-09 08:24,6.822,0.052,0,0,0,0,v
2014-09-09 08:30,6.845,0.050,0,0,0,0,v
2014-09-09 08:36,6.852,0.059,0,0,0,0,v
2014-09-09 08:42,6.851,0.058,0,0,0,0,v
2014-09-09 08:48,6.842,0.055,0,0,0,0,v
2014-09-09 08:54,6.835,0.048,0,0,0,0,v
2014-09-09 09:00,6.856,0.055,0,0,0,0,v
2014-09-09 09:06,6.857,0.059,0,0,0,0,v
2014-09-09 09:12,6.841,0.052,0,0,0,0,v
2014-09-09 09:18,6.852,0.051,0,0,0,0,v
2014-09-09 09:24,6.856,0.055,0,0,0,0,v
2014-09-09 09:30,6.840,0.045,0,0,0,0,v
2014-09-09 09:36,6.843,0.059,0,0,0,0,v
2014-09-09 09:42,6.849,0.060,0,0,0,0,v
2014-09-09 09:48,6.860,0.059,0,0,0,0,v
2014-09-09 09:54,6.842,0.055,0,0,0,0,v
2014-09-09 10:00,6.843,0.062,0,0,0,0,v
2014-09-09 10:06,6.849,0.055,0,0,0,0,v
2014-09-09 10:12,6.828,0.055,0,0,0,0,v
2014-09-09 10:18,6.814,0.057,0,0,0,0,v
2014-09-09 10:24,6.811,0.061,0,0,0,0,v
2014-09-09 10:30,6.820,0.057,0,0,0,0,v
2014-09-09 10:36,6.808,0.057,0,0,0,0,v
2014-09-09 10:42,6.788,0.060,0,0,0,0,v
2014-09-09 10:48,6.790,0.060,0,0,0,0,v
2014-09-09 10:54,6.773,0.053,0,0,0,0,v
2014-09-09 11:00,6.760,0.057,0,0,0,0,v
2014-09-09 11:06,6.757,0.068,0,0,0,0,v
2014-09-09 11:12,6.743,0.064,0,0,0,0,v
2014-09-09 11:18,6.733,0.053,0,0,0,0,v
2014-09-09 11:24,6.751,0.061,0,0,0,0,v
2014-09-09 11:30,6.733,0.061,0,0,0,0,v
2014-09-09 11:36,6.752,0.064,0,0,0,0,v
2014-09-09 11:42,6.769,0.059,0,0,0,0,v
2014-09-09 11:48,6.750,0.052,0,0,0,0,v
2014-09-09 11:54,6.743,0.065,0,0,0,0,v
2014-09-09 12:00,6.748,0.064,0,0,0,0,v
2014-09-09 12:06,6.725,0.059,0,0,0,0,v
2014-09-09 12:12,6.719,0.060,0,0,0,0,v
2014-09-09 12:18,6.696,0.065,0,0,0,0,v
2014-09-09 12:24,6.677,0.065,0,0,0,0,v
2014-09-09 12:30,6.667,0.063,0,0,0,0,v
2014-09-09 12:36,6.675,0.059,0,0,0,0,v
2014-09-09 12:42,6.676,0.061,0,0,0,0,v
2014-09-09 12:48,6.693,0.059,0,0,0,0,v
2014-09-09 12:54,6.697,0.057,0,0,0,0,v
2014-09-09 13:00,6.698,0.059,0,0,0,0,v
2014-09-09 13:06,6.692,0.073,0,0,0,0,v
2014-09-09 13:12,6.690,0.069,0,0,0,0,v
2014-09-09 13:18,6.684,0.048,0,0,0,0,v
2014-09-09 13:24,6.666,0.056,0,0,0,0,v
2014-09-09 13:30,6.687,0.063,0,0,0,0,v
2014-09-09 13:36,6.678,0.056,0,0,0,0,v
2014-09-09 13:42,6.677,0.060,0,0,0,0,v
2014-09-09 13:48,6.666,0.058,0,0,0,0,v
2014-09-09 13:54,6.658,0.050,0,0,0,0,v
2014-09-09 14:00,6.645,0.068,0,0,0,0,v
2014-09-09 14:06,6.658,0.056,0,0,0,0,v
2014-09-09 14:12,6.670,0.058,0,0,0,0,v
2014-09-09 14:18,6.679,0.055,0,0,0,0,v
2014-09-09 14:24,6.655,0.059,0,0,0,0,v
2014-09-09 14:30,6.661,0.054,0,0,0,0,v
2014-09-09 14:36,6.659,0.065,0,0,0,0,v
2014-09-09 14:42,6.658,0.070,0,0,0,0,v
2014-09-09 14:48,6.667,0.061,0,0,0,0,v
2014-09-09 14:54,6.650,0.058,0,0,0,0,v
2014-09-09 15:00,6.637,0.049,0,0,0,0,v
2014-09-09 15:06,6.648,0.060,0,0,0,0,v
2014-09-09 15:12,6.658,0.059,0,0,0,0,v
2014-09-09 15:18,6.662,0.054,0,0,0,0,v
2014-09-09 15:24,6.662,0.054,0,0,0,0,v
2014-09-09 15:30,6.656,0.063,0,0,0,0,v
2014-09-09 15:36,6.643,0.058,0,0,0,0,v
2014-09-09 15:42,6.653,0.062,0,0,0,0,v
2014-09-09 15:48,6.659,0.053,0,0,0,0,v
2014-09-09 15:54,6.680,0.056,0,0,0,0,v
2014-09-09 16:00,6.668,0.049,0,0,0,0,v
2014-09-09 16:06,6.663,0.051,0,0,0,0,v
2014-09-09 16:12,6.670,0.058,0,0,0,0,v
2014-09-09 16:18,6.672,0.051,0,0,0,0,v
2014-09-09 16:24,6.666,0.064,0,0,0,0,v
2014-09-09 16:30,6.678,0.051,0,0,0,0,v
2014-09-09 16:36,6.699,0.052,0,0,0,0,v
2014-09-09 16:42,6.719,0.044,0,0,0,0,v
2014-09-09 16:48,6.744,0.061,0,0,0,0,v
2014-09-09 16:54,6.747,0.057,0,0,0,0,v
2014-09-09 17:00,6.754,0.060,0,0,0,0,v
2014-09-09 17:06,6.746,0.056,0,0,0,0,v
2014-09-09 17:12,6.732,0.056,0,0,0,0,v
2014-09-09 17:18,6.727,0.056,0,0,0,0,v
2014-09-09 17:24,6.724,0.055,0,0,0,0,v
2014-09-09 17:30,6.752,0.064,0,0,0,0,v
2014-09-09 17:36,6.737,0.060,0,0,0,0,v
2014-09-09 17:42,6.757,0.057,0,0,0,0,v
2014-09-09 17:48,6.746,0.049,0,0,0,0,v
2014-09-09 17:54,6.744,0.054,0,0,0,0,v
2014-09-09 18:00,6.743,0.058,0,0,0,0,v
2014-09-09 18:06,6.743,0.057,0,0,0,0,v
2014-09-09 18:12,6.751,0.050,0,0,0,0,v
2014-09-09 18:18,6.759,0.054,0,0,0,0,v
2014-09-09 18:24,6.772,0.060,0,0,0,0,v
2014-09-09 18:30,6.791,0.058,0,0,0,0,v
2014-09-09 18:36,6.793,0.053,0,0,0,0,v
2014-09-09 18:42,6.814,0.051,0,0,0,0,v
2014-09-09 18:48,6.805,0.057,0,0,0,0,v
2014-09-09 18:54,6.829,0.054,0,0,0,0,v
2014-09-09 19:00,6.824,0.055,0,0,0,0,v
2014-09-09 19:06,6.807,0.053,0,0,0,0,v
2014-09-09 19:12,6.827,0.052,0,0,0,0,v
2014-09-09 19:18,6.851,0.058,0,0,0,0,v
2014-09-09 19:24,6.850,0.058,0,0,0,0,v
2014-09-09 19:30,6.884,0.056,0,0,0,0,v
2014-09-09 19:36,6.881,0.057,0,0,0,0,v
2014-09-09 19:42,6.895,0.053,0,0,0,0,v
2014-09-09 19:48,6.882,0.055,0,0,0,0,v
2014-09-09 19:54,6.908,0.059,0,0,0,0,v
2014-09-09 20:00,6.904,0.057,0,0,0,0,v
2014-09-09 20:06,6.908,0.053,0,0,0,0,v
2014-09-09 20:12,6.917,0.056,0,0,0,0,v
2014-09-09 20:18,6.917,0.051,0,0,0,0,v
2014-09-09 20:24,6.905,0.054,0,0,0,0,v
2014-09-09 20:30,6.898,0.052,0,0,0,0,v
2014-09-09 20:36,6.900,0.061,0,0,0,0,v
2014-09-09 20:42,6.881,0.053,0,0,0,0,v
2014-09-09 20:48,6.887,0.055,0,0,0,0,v
2014-09-09 20:54,6.895,0.053,0,0,0,0,v
2014-09-09 21:00,6.905,0.059,0,0,0,0,v
2014-09-09 21:06,6.876,0.062,0,0,0,0,v
2014-09-09 21:12,6.881,0.048,0,0,0,0,v
2014-09-09 21:18,6.841,0.053,0,0,0,0,v
2014-09-09 21:24,6.850,0.052,0,0,0,0,v
2014-09-09 21:30,6.850,0.054,0,0,0,0,v
2014-09-09 21:36,6.841,0.052,0,0,0,0,v
2014-09-09 21:42,6.820,0.052,0,0,0,0,v
2014-09-09 21:48,6.831,0.052,0,0,0,0,v
2014-09-09 21:54,6.828,0.047,0,0,0,0,v
2014-09-09 22:00,6.818,0.054,0,0,0,0,v
2014-09-09 22:06,6.829,0.054,0,0,0,0,v
2014-09-09 22:12,6.823,0.053,0,0,0,0,v
2014-09-09 22:18,6.835,0.057,0,0,0,0,v
2014-09-09 22:24,6.821,0.054,0,0,0,0,v
2014-09-09 22:30,6.804,0.050,0,0,0,0,v
2014-09-09 22:36,6.797,0.051,0,0,0,0,v
2014-09-09 22:42,6.787,0.059,0,0,0,0,v
2014-09-09 22:48,6.781,0.058,0,0,0,0,v
2014-09-09 22:54,6.791,0.055,0,0,0,0,v
2014-09-09 23:00,6.772,0.055,0,0,0,0,v
2014-09-09 23:06,6.758,0.061,0,0,0,0,v
2014-09-09 23:12,6.746,0.057,0,0,0,0,v
2014-09-09 23:18,6.773,0.051,0,0,0,0,v
2014-09-09 23:24,6.749,0.058,0,0,0,0,v
2014-09-09 23:30,6.742,0.060,0,0,0,0,v
2014-09-09 23:36,6.741,0.057,0,0,0,0,v
2014-09-09 23:42,6.742,0.058,0,0,0,0,v
2014-09-09 23:48,6.715,0.061,0,0,0,0,v
2014-09-09 23:54,6.701,0.063,0,0,0,0,v
2014-09-10 00:00,6.714,0.063,0,0,0,0,v
2014-09-10 00:06,6.718,0.063,0,0,0,0,v
2014-09-10 00:12,6.699,0.058,0,0,0,0,v
2014-09-10 00:18,6.690,0.053,0,0,0,0,v
2014-09-10 00:24,6.675,0.067,0,0,0,0,v
2014-09-10 00:30,6.673,0.055,0,0,0,0,v
2014-09-10 00:36,6.677,0.065,0,0,0,0,v
2014-09-10 00:42,6.672,0.056,0,0,0,0,v
2014-09-10 00:48,6.681,0.061,0,0,0,0,v
2014-09-10 00:54,6.666,0.058,0,0,0,0,v
2014-09-10 01:00,6.653,0.064,0,0,0,0,v
2014-09-10 01:06,6.643,0.059,0,0,0,0,v
2014-09-10 01:12,6.623,0.061,0,0,0,0,v
2014-09-10 01:18,6.612,0.063,0,0,0,0,v
2014-09-10 01:24,6.603,0.069,0,0,0,0,v
2014-09-10 01:30,6.578,0.063,0,0,0,0,v
2014-09-10 01:36,6.587,0.054,0,0,0,0,v
2014-09-10 01:42,6.596,0.054,0,0,0,0,v
2014-09-10 01:48,6.593,0.063,0,0,0,0,v
2014-09-10 01:54,6.600,0.071,0,0,0,0,v
2014-09-10 02:00,6.595,0.072,0,0,0,0,v
2014-09-10 02:06,6.600,0.065,0,0,0,0,v
2014-09-10 02:12,6.584,0.068,0,0,0,0,v
2014-09-10 02:18,6.583,0.076,0,0,0,0,v
2014-09-10 02:24,6.590,0.064,0,0,0,0,v
2014-09-10 02:30,6.592,0.070,0,0,0,0,v
2014-09-10 02:36,6.582,0.078,0,0,0,0,v
2014-09-10 02:42,6.572,0.077,0,0,0,0,v
2014-09-10 02:48,6.577,0.067,0,0,0,0,v
2014-09-10 02:54,6.586,0.076,0,0,0,0,v
2014-09-10 03:00,6.573,0.086,0,0,0,0,v
2014-09-10 03:06,6.563,0.000,0,0,0,0,v
2014-09-10 03:12,6.545,0.078,0,0,0,0,v
2014-09-10 03:18,6.568,0.080,0,0,0,0,v
2014-09-10 03:24,6.576,0.072,0,0,0,0,v
2014-09-10 03:30,6.566,0.076,0,0,0,0,v
2014-09-10 03:36,6.568,0.078,0,0,0,0,v
2014-09-10 03:42,6.580,0.083,0,0,0,0,v
2014-09-10 03:48,6.569,0.066,0,0,0,0,v
2014-09-10 03:54,6.562,0.085,0,0,0,0,v
2014-09-10 04:00,6.552,0.079,0,0,0,0,v
2014-09-10 04:06,6.559,0.088,0,0,0,0,v
2014-09-10 04:12,6.565,0.078,0,0,0,0,v
2014-09-10 04:18,6.574,0.080,0,0,0,0,v
2014-09-10 04:24,6.564,0.088,0,0,0,0,v
2014-09-10 04:30,6.569,0.093,0,0,0,0,v
2014-09-10 04:36,6.571,0.086,0,0,0,0,v
2014-09-10 04:42,6.574,0.093,0,0,0,0,v
2014-09-10 04:48,6.587,0.081,0,0,0,0,v
2014-09-10 04:54,6.586,0.089,0,0,0,0,v
2014-09-10 05:00,6.585,0.086,0,0,0,0,v
2014-09-10 05:06,6.578,0.081,0,0,0,0,v
2014-09-10 05:12,6.564,0.077,0,0,0,0,v
2014-09-10 05:18,6.583,0.089,0,0,0,0,v
2014-09-10 05:24,6.589,0.093,0,0,0,0,v
2014-09-10 05:30,6.603,0.079,0,0,0,0,v
2014-09-10 05:36,6.613,0.086,0,0,0,0,v
2014-09-10 05:42,6.587,0.080,0,0,0,0,v
2014-09-10 05:48,6.585,0.095,0,0,0,0,v
2014-09-10 05:54,6.599,0.094,0,0,0,0,v
2014-09-10 06:00,6.629,0.095,0,0,0,0,v
2014-09-10 06:06,6.647,0.098,0,0,0,0,v
2014-09-10 06:12,6.650,0.085,0,0,0,0,v
2014-09-10 06:18,6.648,0.093,0,0,0,0,v
2014-09-10 06:24,6.652,0.090,0,0,0,0,v
2014-09-10 06:30,6.654,0.093,0,0,0,0,v
2014-09-10 06:36,6.672,0.087,0,0,0,0,v
2014-09-10 06:42,6.668,0.084,0,0,0,0,v
2014-09-10 06:48,6.675,0.097,0,0,0,0,v
2014-09-10 06:54,6.683,0.106,0,0,0,0,v
2014-09-10 07:00,6.685,0.100,0,0,0,0,v
2014-09-10 07:06,6.701,0.079,0,0,0,0,v
2014-09-10 07:12,6.712,0.099,0,0,0,0,v
2014-09-10 07:18,6.716,0.099,0,0,0,0,v
2014-09-10 07:24,6.728,0.100,0,0,0,0,v
2014-09-10 07:30,6.735,0.097,0,0,0,0,v
2014-09-10 07:36,6.729,0.098,0,0,0,0,v
2014-09-10 07:42,6.733,0.090,0,0,0,0,v
2014-09-10 07:48,6.741,0.093,0,0,0,0,v
2014-09-10 07:54,6.763,0.095,0,0,0,0,v
2014-09-10 08:00,6.759,0.089,0,0,0,0,v
2014-09-10 08:06,6.764,0.084,0,0,0,0,v
2014-09-10 08:12,6.755,0.106,0,0,0,0,v
2014-09-10 08:18,6.760,0.105,0,0,0,0,v
2014-09-10 08:24,6.773,0.083,0,0,0,0,v
2014-09-10 08:30,6.774,0.090,0,0,0,0,v
2014-09-10 08:36,6.772,0.101,0,0,0,0,v
2014-09-10 08:42,6.752,0.103,0,0,0,0,v
2014-09-10 08:48,6.761,0.091,0,0,0,0,v
2014-09-10 08:54,6.774,0.092,0,0,0,0,v
2014-09-10 09:00,6.793,0.097,0,0,0,0,v
2014-09-10 09:06,6.796,0.082,0,0,0,0,v
2014-09-10 09:12,6.802,0.106,0,0,0,0,v
2014-09-10 09:18,6.817,0.092,0,0,0,0,v
2014-09-10 09:24,6.816,0.104,0,0,0,0,v
2014-09-10 09:30,6.808,0.102,0,0,0,0,v
2014-09-10 09:36,6.813,0.109,0,0,0,0,v
2014-09-10 09:42,6.795,0.115,0,0,0,0,v
2014-09-10 09:48,6.796,0.108,0,0,0,0,v
2014-09-10 09:54,6.792,0.098,0,0,0,0,v
2014-09-10 10:00,6.799,0.098,0,0,0,0,v
2014-09-10 10:06,6.797,0.099,0,0,0,0,v
2014-09-10 10:12,6.801,0.099,0,0,0,0,v
2014-09-10 10:18,6.812,0.094,0,0,0,0,v
2014-09-10 10:24,6.793,0.102,0,0,0,0,v
2014-09-10 10:30,6.784,0.094,0,0,0,0,v
2014-09-10 10:36,6.776,0.076,0,0,0,0,v
2014-09-10 10:42,6.784,0.093,0,0,0,0,v
2014-09-10 10:48,6.778,0.119,0,0,0,0,v
2014-09-10 10:54,6.776,0.091,0,0,0,0,v
2014-09-10 11:00,6.760,0.093,0,0,0,0,v
2014-09-10 11:06,6.755,0.089,0,0,0,0,v
2014-09-10 11:12,6.727,0.103,0,0,0,0,v
2014-09-10 11:18,6.729,0.100,0,0,0,0,v
2014-09-10 11:24,6.724,0.089,0,0,0,0,v
2014-09-10 11:30,6.705,0.089,0,0,0,0,v
2014-09-10 11:36,6.700,0.087,0,0,0,0,v
2014-09-10 11:42,6.681,0.086,0,0,0,0,v
2014-09-10 11:48,6.674,0.090,0,0,0,0,v
2014-09-10 11:54,6.666,0.085,0,0,0,0,v
2014-09-10 12:00,6.646,0.092,0,0,0,0,v
2014-09-10 12:06,6.635,0.095,0,0,0,0,v
2014-09-10 12:12,6.644,0.079,0,0,0,0,v
2014-09-10 12:18,6.644,0.087,0,0,0,0,v
2014-09-10 12:24,6.625,0.098,0,0,0,0,v
2014-09-10 12:30,6.627,0.086,0,0,0,0,v
2014-09-10 12:36,6.619,0.095,0,0,0,0,v
2014-09-10 12:42,6.627,0.081,0,0,0,0,v
2014-09-10 12:48,6.631,0.104,0,0,0,0,v
2014-09-10 12:54,6.622,0.095,0,0,0,0,v
2014-09-10 13:00,6.628,0.087,0,0,0,0,v
2014-09-10 13:06,6.641,0.088,0,0,0,0,v
2014-09-10 13:12,6.653,0.102,0,0,0,0,v
2014-09-10 13:18,6.632,0.102,0,0,0,0,v
2014-09-10 13:24,6.642,0.082,0,0,0,0,v
2014-09-10 13:30,6.643,0.087,0,0,0,0,v
2014-09-10 13:36,6.633,0.100,0,0,0,0,v
2014-09-10 13:42,6.616,0.087,0,0,0,0,v
2014-09-10 13:48,6.623,0.101,0,0,0,0,v
2014-09-10 13:54,6.624,0.079,0,0,0,0,v
2014-09-10 14:00,6.621,0.100,0,0,0,0,v
2014-09-10 14:06,6.613,0.085,0,0,0,0,v
2014-09-10 14:12,6.619,0.075,0,0,0,0,v
2014-09-10 14:18,6.621,0.087,0,0,0,0,v
2014-09-10 14:24,6.609,0.077,0,0,0,0,v
2014-09-10 14:30,6.608,0.093,0,0,0,0,v
2014-09-10 14:36,6.602,0.096,0,0,0,0,v
2014-09-10 14:42,6.602,0.086,0,0,0,0,v
2014-09-10 14:48,6.614,0.092,0,0,0,0,v
2014-09-10 14:54,6.600,0.099,0,0,0,0,v
2014-09-10 15:00,6.594,0.080,0,0,0,0,v
2014-09-10 15:06,6.592,0.076,0,0,0,0,v
2014-09-10 15:12,6.583,0.084,0,0,0,0,v
2014-09-10 15:18,6.582,0.082,0,0,0,0,v
2014-09-10 15:24,6.579,0.086,0,0,0,0,v
2014-09-10 15:30,6.576,0.082,0,0,0,0,v
2014-09-10 15:36,6.573,0.091,0,0,0,0,v
2014-09-10 15:42,6.560,0.084,0,0,0,0,v
2014-09-10 15:48,6.566,0.095,0,0,0,0,v
2014-09-10 15:54,6.564,0.077,0,0,0,0,v
2014-09-10 16:00,6.578,0.094,0,0,0,0,v
2014-09-10 16:06,6.582,0.075,0,0,0,0,v
2014-09-10 16:12,6.582,0.078,0,0,0,0,v
2014-09-10 16:18,6.584,0.082,0,0,0,0,v
2014-09-10 16:24,6.610,0.078,0,0,0,0,v
2014-09-10 16:30,6.613,0.090,0,0,0,0,v
2014-09-10 16:36,6.608,0.082,0,0,0,0,v
2014-09-10 16:42,6.621,0.097,0,0,0,0,v
2014-09-10 16:48,6.628,0.077,0,0,0,0,v
2014-09-10 16:54,6.634,0.082,0,0,0,0,v
2014-09-10 17:00,6.645,0.087,0,0,0,0,v
2014-09-10 17:06,6.622,0.083,0,0,0,0,v
2014-09-10 17:12,6.625,0.082,0,0,0,0,v
2014-09-10 17:18,6.633,0.080,0,0,0,0,v
2014-09-10 17:24,6.655,0.076,0,0,0,0,v
2014-09-10 17:30,6.673,0.078,0,0,0,0,v
2014-09-10 17:36,6.709,0.077,0,0,0,0,v
2014-09-10 17:42,6.696,0.079,0,0,0,0,v
2014-09-10 17:48,6.688,0.092,0,0,0,0,v
2014-09-10 17:54,6.705,0.074,0,0,0,0,v
2014-09-10 18:00,6.700,0.079,0,0,0,0,v
2014-09-10 18:06,6.715,0.085,0,0,0,0,v
2014-09-10 18:12,6.712,0.076,0,0,0,0,v
2014-09-10 18:18,6.718,0.081,0,0,0,0,v
2014-09-10 18:24,6.714,0.079,0,0,0,0,v
2014-09-10 18:30,6.728,0.077,0,0,0,0,v
2014-09-10 18:36,6.733,0.085,0,0,0,0,v
2014-09-10 18:42,6.743,0.093,0,0,0,0,v
2014-09-10 18:48,6.747,0.084,0,0,0,0,v
2014-09-10 18:54,6.757,0.072,0,0,0,0,v
2014-09-10 19:00,6.772,0.075,0,0,0,0,v
2014-09-10 19:06,6.785,0.083,0,0,0,0,v
2014-09-10 19:12,6.798,0.074,0,0,0,0,v
2014-09-10 19:18,6.816,0.078,0,0,0,0,v
2014-09-10 19:24,6.810,0.086,0,0,0,0,v
2014-09-10 19:30,6.804,0.079,0,0,0,0,v
2014-09-10 19:36,6.830,0.062,0,0,0,0,v
2014-09-10 19:42,6.849,0.071,0,0,0,0,v
2014-09-10 19:48,6.845,0.075,0,0,0,0,v
2014-09-10 19:54,6.855,0.080,0,0,0,0,v
2014-09-10 20:00,6.858,0.077,0,0,0,0,v
2014-09-10 20:06,6.851,0.086,0,0,0,0,v
2014-09-10 20:12,6.883,0.077,0,0,0,0,v
2014-09-10 20:18,6.895,0.080,0,0,0,0,v
2014-09-10 20:24,6.895,0.081,0,0,0,0,v
2014-09-10 20:30,6.885,0.083,0,0,0,0,v
2014-09-10 20:36,6.907,0.093,0,0,0,0,v
2014-09-10 20:42,6.927,0.082,0,0,0,0,v
2014-09-10 20:48,6.918,0.094,0,0,0,0,v
2014-09-10 20:54,6.933,0.077,0,0,0,0,v
2014-09-10 21:00,6.928,0.097,0,0,0,0,v
2014-09-10 21:06,6.938,0.073,0,0,0,0,v
2014-09-10 21:12,6.949,0.066,0,0,0,0,v
2014-09-10 21:18,6.947,0.078,0,0,0,0,v
2014-09-10 21:24,6.949,0.091,0,0,0,0,v
2014-09-10 21:30,6.935,0.089,0,0,0,0,v
2014-09-10 21:36,6.942,0.079,0,0,0,0,v
2014-09-10 21:42,6.934,0.081,0,0,0,0,v
2014-09-10 21:48,6.936,0.076,0,0,0,0,v
2014-09-10 21:54,6.932,0.080,0,0,0,0,v
2014-09-10 22:00,6.930,0.089,0,0,0,0,v
2014-09-10 22:06,6.924,0.079,0,0,0,0,v
2014-09-10 22:12,6.903,0.061,0,0,0,0,v
2014-09-10 22:18,6.909,0.089,0,0,0,0,v
2014-09-10 22:24,6.899,0.083,0,0,0,0,v
2014-09-10 22:30,6.907,0.079,0,0,0,0,v
2014-09-10 22:36,6.895,0.073,0,0,0,0,v
2014-09-10 22:42,6.896,0.075,0,0,0,0,v
2014-09-10 22:48,6.896,0.102,0,0,0,0,v
2014-09-10 22:54,6.879,0.076,0,0,0,0,v
2014-09-10 23:00,6.878,0.077,0,0,0,0,v
2014-09-10 23:06,6.881,0.096,0,0,0,0,v
2014-09-10 23:12,6.889,0.088,0,0,0,0,v
2014-09-10 23:18,6.883,0.081,0,0,0,0,v
2014-09-10 23:24,6.881,0.079,0,0,0,0,v
2014-09-10 23:30,6.871,0.080,0,0,0,0,v
2014-09-10 23:36,6.847,0.098,0,0,0,0,v
2014-09-10 23:42,6.847,0.095,0,0,0,0,v
2014-09-10 23:48,6.854,0.081,0,0,0,0,v
2014-09-10 23:54,6.855,0.095,0,0,0,0,v
2014-09-11 00:00,6.874,0.100,0,0,0,0,v
2014-09-11 00:06,6.859,0.097,0,0,0,0,v
2014-09-11 00:12,6.853,0.089,0,0,0,0,v
2014-09-11 00:18,6.861,0.089,0,0,0,0,v
2014-09-11 00:24,6.845,0.085,0,0,0,0,v
2014-09-11 00:30,6.839,0.100,0,0,0,0,v
2014-09-11 00:36,6.836,0.093,0,0,0,0,v
2014-09-11 00:42,6.825,0.098,0,0,0,0,v
2014-09-11 00:48,6.804,0.087,0,0,0,0,v
2014-09-11 00:54,6.813,0.099,0,0,0,0,v
2014-09-11 01:00,6.800,0.091,0,0,0,0,v
2014-09-11 01:06,6.809,0.093,0,0,0,0,v
2014-09-11 01:12,6.798,0.089,0,0,0,0,v
2014-09-11 01:18,6.780,0.103,0,0,0,0,v
2014-09-11 01:24,6.763,0.102,0,0,0,0,v
2014-09-11 01:30,6.769,0.106,0,0,0,0,v
2014-09-11 01:36,6.756,0.102,0,0,0,0,v
2014-09-11 01:42,6.739,0.089,0,0,0,0,v
2014-09-11 01:48,6.753,0.096,0,0,0,0,v
2014-09-11 01:54,6.760,0.100,0,0,0,0,v
2014-09-11 02:00,6.746,0.101,0,0,0,0,v
2014-09-11 02:06,6.747,0.088,0,0,0,0,v
2014-09-11 02:12,6.744,0.084,0,0,0,0,v
2014-09-11 02:18,6.734,0.101,0,0,0,0,v
2014-09-11 02:24,6.731,0.083,0,0,0,0,v
2014-09-11 02:30,6.743,0.093,0,0,0,0,v
2014-09-11 02:36,6.728,0.092,0,0,0,0,v
2014-09-11 02:42,6.727,0.097,0,0,0,0,v
2014-09-11 02:48,6.707,0.095,0,0,0,0,v
2014-09-11 02:54,6.720,0.086,0,0,0,0,v
2014-09-11 03:00,6.703,0.093,0,0,0,0,v
2014-09-11 03:06,6.713,0.114,0,0,0,0,v
2014-09-11 03:12,6.703,0.090,0,0,0,0,v
2014-09-11 03:18,6.704,0.098,0,0,0,0,v
2014-09-11 03:24,6.689,0.096,0,0,0,0,v
2014-09-11 03:30,6.689,0.100,0,0,0,0,v
2014-09-11 03:36,6.693,0.080,0,0,0,0,v
2014-09-11 03:42,6.679,0.102,0,0,0,0,v
2014-09-11 03:48,6.687,0.089,0,0,0,0,v
2014-09-11 03:54,6.695,0.098,0,0,0,0,v
2014-09-11 04:00,6.692,0.092,0,0,0,0,v
2014-09-11 04:06,6.671,0.095,0,0,0,0,v
2014-09-11 04:12,6.691,0.099,0,0,0,0,v
2014-09-11 04:18,6.700,0.092,0,0,0,0,v
2014-09-11 04:24,6.693,0.089,0,0,0,0,v
2014-09-11 04:30,6.688,0.096,0,0,0,0,v
2014-09-11 04:36,6.691,0.090,0,0,0,0,v
2014-09-11 04:42,6.696,0.092,0,0,0,0,v
2014-09-11 04:48,6.681,0.086,0,0,0,0,v
2014-09-11 04:54,6.671,0.095,0,0,0,0,v
2014-09-11 05:00,6.669,0.090,0,0,0,0,v
2014-09-11 05:06,6.663,0.096,0,0,0,0,v
2014-09-11 05:12,6.652,0.098,0,0,0,0,v
2014-09-11 05:18,6.677,0.089,0,0,0,0,v
2014-09-11 05:24,6.670,0.096,0,0,0,0,v
2014-09-11 05:30,6.683,0.129,0,0,0,0,v
2014-09-11 05:36,6.673,0.115,0,0,0,0,v
2014-09-11 05:42,6.685,0.082,0,0,0,0,v
2014-09-11 05:48,6.675,0.092,0,0,0,0,v
2014-09-11 05:54,6.674,0.090,0,0,0,0,v
2014-09-11 06:00,6.673,0.100,0,0,0,0,v
2014-09-11 06:06,6.678,0.090,0,0,0,0,v
2014-09-11 06:12,6.651,0.098,0,0,0,0,v
2014-09-11 06:18,6.657,0.116,0,0,0,0,v
2014-09-11 06:24,6.667,0.097,0,0,0,0,v
2014-09-11 06:30,6.651,0.091,0,0,0,0,v
2014-09-11 06:36,6.651,0.101,0,0,0,0,v
2014-09-11 06:42,6.654,0.092,0,0,0,0,v
2014-09-11 06:48,6.654,0.104,0,0,0,0,v
2014-09-11 06:54,6.667,0.091,0,0,0,0,v
2014-09-11 07:00,6.676,0.105,0,0,0,0,v
2014-09-11 07:06,6.696,0.093,0,0,0,0,v
2014-09-11 07:12,6.684,0.090,0,0,0,0,v
2014-09-11 07:18,6.696,0.102,0,0,0,0,v
2014-09-11 07:24,6.692,0.098,0,0,0,0,v
2014-09-11 07:30,6.696,0.104,0,0,0,0,v
2014-09-11 07:36,6.723,0.099,0,0,0,0,v
2014-09-11 07:42,6.743,0.097,0,0,0,0,v
2014-09-11 07:48,6.745,0.097,0,0,0,0,v
2014-09-11 07:54,6.733,0.084,0,0,0,0,v
2014-09-11 08:00,6.746,0.096,0,0,0,0,v
2014-09-11 08:06,6.721,0.106,0,0,0,0,v
2014-09-11 08:12,6.727,0.095,0,0,0,0,v
2014-09-11 08:18,6.731,0.085,0,0,0,0,v
2014-09-11 08:24,6.751,0.111,0,0,0,0,v
2014-09-11 08:30,6.785,0.103,0,0,0,0,v
2014-09-11 08:36,6.792,0.094,0,0,0,0,v
2014-09-11 08:42,6.809,0.089,0,0,0,0,v
2014-09-11 08:48,6.791,0.102,0,0,0,0,v
2014-09-11 08:54,6.794,0.074,0,0,0,0,v
2014-09-11 09:00,6.804,0.092,0,0,0,0,v
2014-09-11 09:06,6.827,0.104,0,0,0,0,v
2014-09-11 09:12,6.812,0.117,0,0,0,0,v
2014-09-11 09:18,6.826,0.087,0,0,0,0,v
2014-09-11 09:24,6.830,0.090,0,0,0,0,v
2014-09-11 09:30,6.821,0.099,0,0,0,0,v
2014-09-11 09:36,6.818,0.106,0,0,0,0,v
2014-09-11 09:42,6.803,0.109,0,0,0,0,v
2014-09-11 09:48,6.807,0.092,0,0,0,0,v
2014-09-11 09:54,6.810,0.099,0,0,0,0,v
2014-09-11 10:00,6.793,0.114,0,0,0,0,v
2014-09-11 10:06,6.803,0.095,0,0,0,0,v
2014-09-11 10:12,6.788,0.106,0,0,0,0,v
2014-09-11 10:18,6.765,0.114,0,0,0,0,v
2014-09-11 10:24,6.780,0.089,0,0,0,0,v
2014-09-11 10:30,6.780,0.110,0,0,0,0,v
2014-09-11 10:36,6.786,0.102,0,0,0,0,v
2014-09-11 10:42,6.773,0.087,0,0,0,0,v
2014-09-11 10:48,6.760,0.104,0,0,0,0,v
2014-09-11 10:54,6.764,0.094,0,0,0,0,v
2014-09-11 11:00,6.756,0.102,0,0,0,0,v
2014-09-11 11:06,6.735,0.093,0,0,0,0,v
2014-09-11 11:12,6.749,0.095,0,0,0,0,v
2014-09-11 11:18,6.729,0.115,0,0,0,0,v
2014-09-11 11:24,6.727,0.092,0,0,0,0,v
2014-09-11 11:30,6.719,0.077,0,0,0,0,v
2014-09-11 11:36,6.733,0.105,0,0,0,0,v
2014-09-11 11:42,6.701,0.093,0,0,0,0,v
2014-09-11 11:48,6.695,0.088,0,0,0,0,v
2014-09-11 11:54,6.704,0.083,0,0,0,0,v
2014-09-11 12:00,6.696,0.116,0,0,0,0,v
2014-09-11 12:06,6.714,0.093,0,0,0,0,v
2014-09-11 12:12,6.698,0.099,0,0,0,0,v
2014-09-11 12:18,6.675,0.080,0,0,0,0,v
2014-09-11 12:24,6.679,0.089,0,0,0,0,v
2014-09-11 12:30,6.649,0.101,0,0,0,0,v
2014-09-11 12:36,6.648,0.080,0,0,0,0,v
2014-09-11 12:42,6.651,0.080,0,0,0,0,v
2014-09-11 12:48,6.653,0.093,0,0,0,0,v
2014-09-11 12:54,6.663,0.090,0,0,0,0,v
2014-09-11 13:00,6.663,0.082,0,0,0,0,v
2014-09-11 13:06,6.635,0.064,0,0,0,0,v
2014-09-11 13:12,6.627,0.089,0,0,0,0,v
2014-09-11 13:18,6.616,0.081,0,0,0,0,v
2014-09-11 13:24,6.595,0.082,0,0,0,0,v
2014-09-11 13:30,6.601,0.095,0,0,0,0,v
2014-09-11 13:36,6.595,0.092,0,0,0,0,v
2014-09-11 13:42,6.598,0.094,0,0,0,0,v
2014-09-11 13:48,6.588,0.083,0,0,0,0,v
2014-09-11 13:54,6.572,0.087,0,0,0,0,v
2014-09-11 14:00,6.578,0.067,0,0,0,0,v
2014-09-11 14:06,6.554,0.095,0,0,0,0,v
2014-09-11 14:12,6.549,0.081,0,0,0,0,v
2014-09-11 14:18,6.553,0.085,0,0,0,0,v
2014-09-11 14:24,6.537,0.085,0,0,0,0,v
2014-09-11 14:30,6.525,0.088,0,0,0,0,v
2014-09-11 14:36,6.523,0.078,0,0,0,0,v
2014-09-11 14:42,6.534,0.074,0,0,0,0,v
2014-09-11 14:48,6.540,0.082,0,0,0,0,v
2014-09-11 14:54,6.540,0.080,0,0,0,0,v
2014-09-11 15:00,6.538,0.074,0,0,0,0,v
2014-09-11 15:06,6.507,0.080,0,0,0,0,v
2014-09-11 15:12,6.519,0.076,0,0,0,0,v
2014-09-11 15:18,6.498,0.074,0,0,0,0,v
2014-09-11 15:24,6.497,0.083,0,0,0,0,v
2014-09-11 15:30,6.509,0.069,0,0,0,0,v
2014-09-11 15:36,6.520,0.088,0,0,0,0,v
2014-09-11 15:42,6.518,0.083,0,0,0,0,v
2014-09-11 15:48,6.525,0.073,0,0,0,0,v
2014-09-11 15:54,6.531,0.085,0,0,0,0,v
2014-09-11 16:00,6.541,0.072,0,0,0,0,v
2014-09-11 16:06,6.560,0.075,0,0,0,0,v
2014-09-11 16:12,6.562,0.073,0,0,0,0,v
2014-09-11 16:18,6.545,0.075,0,0,0,0,v
2014-09-11 16:24,6.546,0.080,0,0,0,0,v
2014-09-11 16:30,6.519,0.085,0,0,0,0,v
2014-09-11 16:36,6.520,0.071,0,0,0,0,v
2014-09-11 16:42,6.532,0.078,0,0,0,0,v
2014-09-11 16:48,6.527,0.080,0,0,0,0,v
2014-09-11 16:54,6.552,0.073,0,0,0,0,v
2014-09-11 17:00,6.543,0.066,0,0,0,0,v
2014-09-11 17:06,6.545,0.075,0,0,0,0,v
2014-09-11 17:12,6.562,0.073,0,0,0,0,v
2014-09-11 17:18,6.547,0.091,0,0,0,0,v
2014-09-11 17:24,6.570,0.095,0,0,0,0,v
2014-09-11 17:30,6.565,0.071,0,0,0,0,v
2014-09-11 17:36,6.561,0.067,0,0,0,0,v
2014-09-11 17:42,6.579,0.073,0,0,0,0,v
2014-09-11 17:48,6.554,0.082,0,0,0,0,v
2014-09-11 17:54,6.559,0.065,0,0,0,0,v
2014-09-11 18:00,6.581,0.067,0,0,0,0,v
2014-09-11 18:06,6.593,0.083,0,0,0,0,v
2014-09-11 18:12,6.607,0.077,0,0,0,0,v
2014-09-11 18:18,6.622,0.070,0,0,0,0,v
2014-09-11 18:24,6.616,0.076,0,0,0,0,v
2014-09-11 18:30,6.626,0.070,0,0,0,0,v
2014-09-11 18:36,6.628,0.072,0,0,0,0,v
2014-09-11 18:42,6.652,0.080,0,0,0,0,v
2014-09-11 18:48,6.655,0.063,0,0,0,0,v
2014-09-11 18:54,6.666,0.088,0,0,0,0,v
2014-09-11 19:00,6.662,0.061,0,0,0,0,v
2014-09-11 19:06,6.656,0.072,0,0,0,0,v
2014-09-11 19:12,6.672,0.076,0,0,0,0,v
2014-09-11 19:18,6.687,0.080,0,0,0,0,v
2014-09-11 19:24,6.696,0.066,0,0,0,0,v
2014-09-11 19:30,6.696,0.065,0,0,0,0,v
2014-09-11 19:36,6.700,0.073,0,0,0,0,v
2014-09-11 19:42,6.708,0.077,0,0,0,0,v
2014-09-11 19:48,6.726,0.061,0,0,0,0,v
2014-09-11 19:54,6.737,0.064,0,0,0,0,v
2014-09-11 20:00,6.773,0.065,0,0,0,0,v
2014-09-11 20:06,6.806,0.076,0,0,0,0,v
2014-09-11 20:12,6.806,0.078,0,0,0,0,v
2014-09-11 20:18,6.820,0.070,0,0,0,0,v
2014-09-11 20:24,6.829,0.066,0,0,0,0,v
2014-09-11 20:30,6.836,0.071,0,0,0,0,v
2014-09-11 20:36,6.848,0.068,0,0,0,0,v
2014-09-11 20:42,6.839,0.059,0,0,0,0,v
2014-09-11 20:48,6.849,0.064,0,0,0,0,v
2014-09-11 20:54,6.886,0.065,0,0,0,0,v
2014-09-11 21:00,6.868,0.063,0,0,0,0,v
2014-09-11 21:06,6.878,0.069,0,0,0,0,v
2014-09-11 21:12,6.907,0.067,0,0,0,0,v
2014-09-11 21:18,6.908,0.062,0,0,0,0,v
2014-09-11 21:24,6.899,0.063,0,0,0,0,v
2014-09-11 21:30,6.903,0.054,0,0,0,0,v
2014-09-11 21:36,6.909,0.066,0,0,0,0,v
2014-09-11 21:42,6.892,0.055,0,0,0,0,v
2014-09-11 21:48,6.899,0.065,0,0,0,0,v
2014-09-11 21:54,6.912,0.061,0,0,0,0,v
2014-09-11 22:00,6.932,0.069,0,0,0,0,v
2014-09-11 22:06,6.913,0.062,0,0,0,0,v
2014-09-11 22:12,6.898,0.059,0,0,0,0,v
2014-09-11 22:18,6.926,0.064,0,0,0,0,v
2014-09-11 22:24,6.945,0.067,0,0,0,0,v
2014-09-11 22:30,6.957,0.068,0,0,0,0,v
2014-09-11 22:36,6.964,0.068,0,0,0,0,v
2014-09-11 22:42,6.969,0.064,0,0,0,0,v
2014-09-11 22:48,6.977,0.071,0,0,0,0,v
2014-09-11 22:54,6.971,0.064,0,0,0,0,v
2014-09-11 23:00,6.985,0.059,0,0,0,0,v
2014-09-11 23:06,6.974,0.069,0,0,0,0,v
2014-09-11 23:12,6.985,0.060,0,0,0,0,v
2014-09-11 23:18,7.002,0.062,0,0,0,0,v
2014-09-11 23:24,6.995,0.065,0,0,0,0,v
2014-09-11 23:30,6.988,0.069,0,0,0,0,v
2014-09-11 23:36,6.975,0.064,0,0,0,0,v
2014-09-11 23:42,6.986,0.069,0,0,0,0,v
2014-09-11 23:48,6.974,0.056,0,0,0,0,v
2014-09-11 23:54,6.964,0.054,0,0,0,0,v
2014-09-12 00:00,6.957,0.060,0,0,0,0,v
2014-09-12 00:06,6.950,0.069,0,0,0,0,v
2014-09-12 00:12,6.927,0.065,0,0,0,0,v
2014-09-12 00:18,6.909,0.067,0,0,0,0,v
2014-09-12 00:24,6.932,0.065,0,0,0,0,v
2014-09-12 00:30,6.925,0.065,0,0,0,0,v
2014-09-12 00:36,6.913,0.070,0,0,0,0,v
2014-09-12 00:42,6.939,0.060,0,0,0,0,v
2014-09-12 00:48,6.946,0.072,0,0,0,0,v
2014-09-12 00:54,6.952,0.071,0,0,0,0,v
2014-09-12 01:00,6.933,0.062,0,0,0,0,v
2014-09-12 01:06,6.926,0.060,0,0,0,0,v
2014-09-12 01:12,6.922,0.062,0,0,0,0,v
2014-09-12 01:18,6.898,0.056,0,0,0,0,v
2014-09-12 01:24,6.890,0.066,0,0,0,0,v
2014-09-12 01:30,6.886,0.067,0,0,0,0,v
2014-09-12 01:36,6.896,0.064,0,0,0,0,v
2014-09-12 01:42,6.898,0.059,0,0,0,0,v
2014-09-12 01:48,6.894,0.067,0,0,0,0,v
2014-09-12 01:54,6.887,0.062,0,0,0,0,v
2014-09-12 02:00,6.892,0.059,0,0,0,0,v
2014-09-12 02:06,6.875,0.069,0,0,0,0,v
2014-09-12 02:12,6.878,0.062,0,0,0,0,v
2014-09-12 02:18,6.870,0.058,0,0,0,0,v
2014-09-12 02:24,6.855,0.068,0,0,0,0,v
2014-09-12 02:30,6.856,0.058,0,0,0,0,v
2014-09-12 02:36,6.882,0.059,0,0,0,0,v
2014-09-12 02:42,6.872,0.067,0,0,0,0,v
2014-09-12 02:48,6.862,0.064,0,0,0,0,v
2014-09-12 02:54,6.854,0.072,0,0,0,0,v
2014-09-12 03:00,6.854,0.069,0,0,0,0,v
2014-09-12 03:06,6.868,0.061,0,0,0,0,v
2014-09-12 03:12,6.852,0.060,0,0,0,0,v
2014-09-12 03:18,6.846,0.061,0,0,0,0,v
2014-09-12 03:24,6.839,0.071,0,0,0,0,v
2014-09-12 03:30,6.838,0.068,0,0,0,0,v
2014-09-12 03:36,6.829,0.072,0,0,0,0,v
2014-09-12 03:42,6.836,0.065,0,0,0,0,v
2014-09-12 03:48,6.831,0.070,0,0,0,0,v
2014-09-12 03:54,6.807,0.063,0,0,0,0,v
2014-09-12 04:00,6.826,0.069,0,0,0,0,v
2014-09-12 04:06,6.837,0.071,0,0,0,0,v
2014-09-12 04:12,6.821,0.068,0,0,0,0,v
2014-09-12 04:18,6.818,0.069,0,0,0,0,v
2014-09-12 04:24,6.813,0.072,0,0,0,0,v
2014-09-12 04:30,6.798,0.075,0,0,0,0,v
2014-09-12 04:36,6.788,0.055,0,0,0,0,v
2014-09-12 04:42,6.783,0.065,0,0,0,0,v
2014-09-12 04:48,6.787,0.066,0,0,0,0,v
2014-09-12 04:54,6.772,0.065,0,0,0,0,v
2014-09-12 05:00,6.773,0.070,0,0,0,0,v
2014-09-12 05:06,6.776,0.078,0,0,0,0,v
2014-09-12 05:12,6.784,0.065,0,0,0,0,v
2014-09-12 05:18,6.758,0.075,0,0,0,0,v
2014-09-12 05:24,6.781,0.065,0,0,0,0,v
2014-09-12 05:30,6.783,0.070,0,0,0,0,v
2014-09-12 05:36,6.781,0.065,0,0,0,0,v
2014-09-12 05:42,6.760,0.069,0,0,0,0,v
2014-09-12 05:48,6.782,0.069,0,0,0,0,v
2014-09-12 05:54,6.785,0.061,0,0,0,0,v
2014-09-12 06:00,6.776,0.075,0,0,0,0,v
2014-09-12 06:06,6.769,0.068,0,0,0,0,v
2014-09-12 06:12,6.734,0.072,0,0,0,0,v
2014-09-12 06:18,6.770,0.069,0,0,0,0,v
2014-09-12 06:24,6.775,0.063,0,0,0,0,v
2014-09-12 06:30,6.780,0.062,0,0,0,0,v
2014-09-12 06:36,6.770,0.069,0,0,0,0,v
2014-09-12 06:42,6.803,0.063,0,0,0,0,v
2014-09-12 06:48,6.794,0.063,0,0,0,0,v
2014-09-12 06:54,6.805,0.062,0,0,0,0,v
2014-09-12 07:00,6.788,0.068,0,0,0,0,v
2014-09-12 07:06,6.766,0.062,0,0,0,0,v
2014-09-12 07:12,6.777,0.066,0,0,0,0,v
2014-09-12 07:18,6.787,0.067,0,0,0,0,v
2014-09-12 07:24,6.761,0.057,0,0,0,0,v
2014-09-12 07:30,6.782,0.061,0,0,0,0,v
2014-09-12 07:36,6.784,0.059,0,0,0,0,v
2014-09-12 07:42,6.777,0.059,0,0,0,0,v
2014-09-12 07:48,6.793,0.063,0,0,0,0,v
2014-09-12 07:54,6.823,0.069,0,0,0,0,v
2014-09-12 08:00,6.805,0.067,0,0,0,0,v
2014-09-12 08:06,6.803,0.069,0,0,0,0,v
2014-09-12 08:12,6.831,0.070,0,0,0,0,v
2014-09-12 08:18,6.794,0.056,0,0,0,0,v
2014-09-12 08:24,6.822,0.067,0,0,0,0,v
2014-09-12 08:30,6.820,0.053,0,0,0,0,v
2014-09-12 08:36,6.811,0.057,0,0,0,0,v
2014-09-12 08:42,6.816,0.059,0,0,0,0,v
2014-09-12 08:48,6.806,0.067,0,0,0,0,v
2014-09-12 08:54,6.798,0.055,0,0,0,0,v
2014-09-12 09:00,6.817,0.072,0,0,0,0,v
2014-09-12 09:06,6.820,0.064,0,0,0,0,v
2014-09-12 09:12,6.834,0.061,0,0,0,0,v
2014-09-12 09:18,6.829,0.066,0,0,0,0,v
2014-09-12 09:24,6.843,0.065,0,0,0,0,v
2014-09-12 09:30,6.824,0.051,0,0,0,0,v
2014-09-12 09:36,6.835,0.066,0,0,0,0,v
2014-09-12 09:42,6.845,0.059,0,0,0,0,v
2014-09-12 09:48,6.849,0.061,0,0,0,0,v
2014-09-12 09:54,6.874,0.057,0,0,0,0,v
2014-09-12 10:00,6.861,0.061,0,0,0,0,v
2014-09-12 10:06,6.873,0.064,0,0,0,0,v
2014-09-12 10:12,6.883,0.058,0,0,0,0,v
2014-09-12 10:18,6.875,0.055,0,0,0,0,v
2014-09-12 10:24,6.848,0.063,0,0,0,0,v
2014-09-12 10:30,6.860,0.058,0,0,0,0,v
2014-09-12 10:36,6.839,0.054,0,0,0,0,v
2014-09-12 10:42,6.821,0.054,0,0,0,0,v
2014-09-12 10:48,6.820,0.046,0,0,0,0,v
2014-09-12 10:54,6.816,0.058,0,0,0,0,v
2014-09-12 11:00,6.812,0.050,0,0,0,0,v
2014-09-12 11:06,6.802,0.062,0,0,0,0,v
2014-09-12 11:12,6.791,0.054,0,0,0,0,v
2014-09-12 11:18,6.776,0.057,0,0,0,0,v
2014-09-12 11:24,6.781,0.066,0,0,0,0,v
2014-09-12 11:30,6.784,0.054,0,0,0,0,v
2014-09-12 11:36,6.792,0.056,0,0,0,0,v
2014-09-12 11:42,6.779,0.050,0,0,0,0,v
2014-09-12 11:48,6.804,0.057,0,0,0,0,v
2014-09-12 11:54,6.792,0.050,0,0,0,0,v
2014-09-12 12:00,6.769,0.053,0,0,0,0,v
2014-09-12 12:06,6.753,0.055,0,0,0,0,v
2014-09-12 12:12,6.751,0.056,0,0,0,0,v
2014-09-12 12:18,6.734,0.058,0,0,0,0,v
2014-09-12 12:24,6.746,0.063,0,0,0,0,v
2014-09-12 12:30,6.741,0.054,0,0,0,0,v
2014-09-12 12:36,6.730,0.051,0,0,0,0,v
2014-09-12 12:42,6.728,0.050,0,0,0,0,v
2014-09-12 12:48,6.727,0.056,0,0,0,0,v
2014-09-12 12:54,6.701,0.062,0,0,0,0,v
2014-09-12 13:00,6.664,0.064,0,0,0,0,v
2014-09-12 13:06,6.653,0.060,0,0,0,0,v
2014-09-12 13:12,6.697,0.065,0,0,0,0,v
2014-09-12 13:18,6.697,0.060,0,0,0,0,v
2014-09-12 13:24,6.676,0.059,0,0,0,0,v
2014-09-12 13:30,6.683,0.064,0,0,0,0,v
2014-09-12 13:36,6.660,0.053,0,0,0,0,v
2014-09-12 13:42,6.649,0.063,0,0,0,0,v
2014-09-12 13:48,6.618,0.062,0,0,0,0,v
2014-09-12 13:54,6.673,0.062,0,0,0,0,v
2014-09-12 14:00,6.640,0.072,0,0,0,0,v
2014-09-12 14:06,6.639,0.056,0,0,0,0,v
2014-09-12 14:12,6.613,0.058,0,0,0,0,v
2014-09-12 14:18,6.609,0.059,0,0,0,0,v
2014-09-12 14:24,6.624,0.046,0,0,0,0,v
2014-09-12 14:30,6.566,0.054,0,0,0,0,v
2014-09-12 14:36,6.587,0.055,0,0,0,0,v
2014-09-12 14:42,6.580,0.065,0,0,0,0,v
2014-09-12 14:48,6.573,0.064,0,0,0,0,v
2014-09-12 14:54,6.587,0.052,0,0,0,0,v
2014-09-12 15:00,6.572,0.070,0,0,0,0,v
2014-09-12 15:06,6.550,0.061,0,0,0,0,v
2014-09-12 15:12,6.545,0.065,0,0,0,0,v
2014-09-12 15:18,6.534,0.054,0,0,0,0,v
2014-09-12 15:24,6.537,0.060,0,0,0,0,v
2014-09-12 15:30,6.546,0.057,0,0,0,0,v
2014-09-12 15:36,6.549,0.055,0,0,0,0,v
2014-09-12 15:42,6.555,0.051,0,0,0,0,v
2014-09-12 15:48,6.573,0.054,0,0,0,0,v
2014-09-12 15:54,6.521,0.062,0,0,0,0,v
2014-09-12 16:00,6.514,0.056,0,0,0,0,v
2014-09-12 16:06,6.511,0.058,0,0,0,0,v
2014-09-12 16:12,6.492,0.052,0,0,0,0,v
2014-09-12 16:18,6.508,0.058,0,0,0,0,v
2014-09-12 16:24,6.513,0.049,0,0,0,0,v
2014-09-12 16:30,6.517,0.065,0,0,0,0,v
2014-09-12 16:36,6.501,0.052,0,0,0,0,v
2014-09-12 16:42,6.514,0.056,0,0,0,0,v
2014-09-12 16:48,6.505,0.060,0,0,0,0,v
2014-09-12 16:54,6.482,0.064,0,0,0,0,v
2014-09-12 17:00,6.456,0.058,0,0,0,0,v
2014-09-12 17:06,6.463,0.066,0,0,0,0,v
2014-09-12 17:12,6.504,0.061,0,0,0,0,v
2014-09-12 17:18,6.525,0.056,0,0,0,0,v
2014-09-12 17:24,6.492,0.052,0,0,0,0,v
2014-09-12 17:30,6.540,0.059,0,0,0,0,v
2014-09-12 17:36,6.510,0.057,0,0,0,0,v
2014-09-12 17:42,6.498,0.058,0,0,0,0,v
2014-09-12 17:48,6.523,0.065,0,0,0,0,v
2014-09-12 17:54,6.549,0.055,0,0,0,0,v
2014-09-12 18:00,6.538,0.055,0,0,0,0,v
2014-09-12 18:06,6.522,0.053,0,0,0,0,v
2014-09-12 18:12,6.523,0.056,0,0,0,0,v
2014-09-12 18:18,6.562,0.057,0,0,0,0,v
2014-09-12 18:24,6.564,0.054,0,0,0,0,v
2014-09-12 18:30,6.561,0.053,0,0,0,0,v
2014-09-12 18:36,6.582,0.045,0,0,0,0,v
2014-09-12 18:42,6.581,0.060,0,0,0,0,v
2014-09-12 18:48,6.572,0.059,0,0,0,0,v
2014-09-12 18:54,6.561,0.060,0,0,0,0,v
2014-09-12 19:00,6.582,0.061,0,0,0,0,v
2014-09-12 19:06,6.569,0.060,0,0,0,0,v
2014-09-12 19:12,6.574,0.050,0,0,0,0,v
2014-09-12 19:18,6.573,0.052,0,0,0,0,v
2014-09-12 19:24,6.605,0.046,0,0,0,0,v
2014-09-12 19:30,6.629,0.050,0,0,0,0,v
2014-09-12 19:36,6.637,0.062,0,0,0,0,v
2014-09-12 19:42,6.664,0.061,0,0,0,0,v
2014-09-12 19:48,6.664,0.056,0,0,0,0,v
2014-09-12 19:54,6.669,0.055,0,0,0,0,v
2014-09-12 20:00,6.694,0.055,0,0,0,0,v
2014-09-12 20:06,6.718,0.058,0,0,0,0,v
2014-09-12 20:12,6.694,0.057,0,0,0,0,v
2014-09-12 20:18,6.711,0.059,0,0,0,0,v
2014-09-12 20:24,6.701,0.053,0,0,0,0,v
2014-09-12 20:30,6.758,0.054,0,0,0,0,v
2014-09-12 20:36,6.731,0.064,0,0,0,0,v
2014-09-12 20:42,6.734,0.061,0,0,0,0,v
2014-09-12 20:48,6.723,0.061,0,0,0,0,v
2014-09-12 20:54,6.728,0.054,0,0,0,0,v
2014-09-12 21:00,6.734,0.052,0,0,0,0,v
2014-09-12 21:06,6.774,0.049,0,0,0,0,v
2014-09-12 21:12,6.756,0.062,0,0,0,0,v
2014-09-12 21:18,6.771,0.061,0,0,0,0,v
2014-09-12 21:24,6.774,0.059,0,0,0,0,v
2014-09-12 21:30,6.780,0.062,0,0,0,0,v
2014-09-12 21:36,6.776,0.048,0,0,0,0,v
2014-09-12 21:42,6.806,0.059,0,0,0,0,v
2014-09-12 21:48,6.800,0.060,0,0,0,0,v
2014-09-12 21:54,6.803,0.058,0,0,0,0,v
2014-09-12 22:00,6.848,0.061,0,0,0,0,v
2014-09-12 22:06,6.859,0.057,0,0,0,0,v
2014-09-12 22:12,6.826,0.053,0,0,0,0,v
2014-09-12 22:18,6.864,0.056,0,0,0,0,v
2014-09-12 22:24,6.839,0.055,0,0,0,0,v
2014-09-12 22:30,6.845,0.050,0,0,0,0,v
2014-09-12 22:36,6.855,0.061,0,0,0,0,v
2014-09-12 22:42,6.885,0.061,0,0,0,0,v
2014-09-12 22:48,6.895,0.063,0,0,0,0,v
2014-09-12 22:54,6.925,0.058,0,0,0,0,v
2014-09-12 23:00,6.911,0.045,0,0,0,0,v
2014-09-12 23:06,6.899,0.049,0,0,0,0,v
2014-09-12 23:12,6.907,0.058,0,0,0,0,v
2014-09-12 23:18,6.896,0.049,0,0,0,0,v
2014-09-12 23:24,6.948,0.054,0,0,0,0,v
2014-09-12 23:30,6.937,0.050,0,0,0,0,v
2014-09-12 23:36,6.956,0.056,0,0,0,0,v
2014-09-12 23:42,6.951,0.052,0,0,0,0,v
2014-09-12 23:48,6.935,0.053,0,0,0,0,v
2014-09-12 23:54,6.953,0.066,0,0,0,0,v
2014-09-13 00:00,6.943,0.054,0,0,0,0,v
2014-09-13 00:06,6.915,0.066,0,0,0,0,v
2014-09-13 00:12,6.931,0.060,0,0,0,0,v
2014-09-13 00:18,6.927,0.062,0,0,0,0,v
2014-09-13 00:24,6.872,0.064,0,0,0,0,v
2014-09-13 00:30,6.903,0.060,0,0,0,0,v
2014-09-13 00:36,6.906,0.059,0,0,0,0,v
2014-09-13 00:42,6.925,0.060,0,0,0,0,v
2014-09-13 00:48,6.892,0.063,0,0,0,0,v
2014-09-13 00:54,6.921,0.066,0,0,0,0,v
2014-09-13 01:00,6.931,0.064,0,0,0,0,v
2014-09-13 01:06,6.904,0.062,0,0,0,0,v
2014-09-13 01:12,6.887,0.071,0,0,0,0,v
2014-09-13 01:18,6.965,0.052,0,0,0,0,v
2014-09-13 01:24,6.964,0.066,0,0,0,0,v
2014-09-13 01:30,6.962,0.064,0,0,0,0,v
2014-09-13 01:36,6.946,0.071,0,0,0,0,v
2014-09-13 01:42,6.964,0.074,0,0,0,0,v
2014-09-13 01:48,6.959,0.062,0,0,0,0,v
2014-09-13 01:54,6.964,0.067,0,0,0,0,v
2014-09-13 02:00,6.935,0.078,0,0,0,0,v
2014-09-13 02:06,6.968,0.079,0,0,0,0,v
2014-09-13 02:12,6.981,0.059,0,0,0,0,v
2014-09-13 02:18,6.968,0.072,0,0,0,0,v
2014-09-13 02:24,6.970,0.068,0,0,0,0,v
2014-09-13 02:30,6.922,0.072,0,0,0,0,v
2014-09-13 02:36,6.901,0.075,0,0,0,0,v
2014-09-13 02:42,6.912,0.069,0,0,0,0,v
2014-09-13 02:48,6.895,0.054,0,0,0,0,v
2014-09-13 02:54,6.916,0.069,0,0,0,0,v
2014-09-13 03:00,6.924,0.067,0,0,0,0,v
2014-09-13 03:06,6.938,0.073,0,0,0,0,v
2014-09-13 03:12,6.937,0.066,0,0,0,0,v
2014-09-13 03:18,6.933,0.073,0,0,0,0,v
2014-09-13 03:24,6.906,0.061,0,0,0,0,v
2014-09-13 03:30,6.917,0.062,0,0,0,0,v
2014-09-13 03:36,6.932,0.071,0,0,0,0,v
2014-09-13 03:42,6.903,0.068,0,0,0,0,v
2014-09-13 03:48,6.897,0.080,0,0,0,0,v
2014-09-13 03:54,6.913,0.065,0,0,0,0,v
2014-09-13 04:00,6.923,0.070,0,0,0,0,v
2014-09-13 04:06,6.916,0.061,0,0,0,0,v
2014-09-13 04:12,6.900,0.071,0,0,0,0,v
2014-09-13 04:18,6.870,0.071,0,0,0,0,v
2014-09-13 04:24,6.781,0.073,0,0,0,0,v
2014-09-13 04:30,6.761,0.065,0,0,0,0,v
2014-09-13 04:36,6.747,0.080,0,0,0,0,v
2014-09-13 04:42,6.787,0.075,0,0,0,0,v
2014-09-13 04:48,6.868,0.066,0,0,0,0,v
2014-09-13 04:54,6.919,0.072,0,0,0,0,v
2014-09-13 05:00,6.886,0.069,0,0,0,0,v
2014-09-13 05:06,6.871,0.073,0,0,0,0,v
2014-09-13 05:12,6.792,0.076,0,0,0,0,v
2014-09-13 05:18,6.849,0.070,0,0,0,0,v
2014-09-13 05:24,6.877,0.063,0,0,0,0,v
2014-09-13 05:30,6.841,0.074,0,0,0,0,v
2014-09-13 05:36,6.858,0.069,0,0,0,0,v
2014-09-13 05:42,6.855,0.066,0,0,0,0,v
2014-09-13 05:48,6.863,0.065,0,0,0,0,v
2014-09-13 05:54,6.845,0.069,0,0,0,0,v
2014-09-13 06:00,6.884,0.072,0,0,0,0,v
2014-09-13 06:06,6.873,0.068,0,0,0,0,v
2014-09-13 06:12,6.888,0.070,0,0,0,0,v
2014-09-13 06:18,6.867,0.057,0,0,0,0,v
2014-09-13 06:24,6.852,0.072,0,0,0,0,v
2014-09-13 06:30,6.863,0.067,0,0,0,0,v
2014-09-13 06:36,6.844,0.078,0,0,0,0,v
2014-09-13 06:42,6.830,0.075,0,0,0,0,v
2014-09-13 06:48,6.830,0.072,0,0,0,0,v
2014-09-13 06:54,6.845,0.066,0,0,0,0,v
2014-09-13 07:00,6.845,0.068,0,0,0,0,v
2014-09-13 07:06,6.860,0.077,0,0,0,0,v
2014-09-13 07:12,6.869,0.069,0,0,0,0,v
2014-09-13 07:18,6.889,0.071,0,0,0,0,v
2014-09-13 07:24,6.864,0.073,0,0,0,0,v
2014-09-13 07:30,6.823,0.081,0,0,0,0,v
2014-09-13 07:36,6.811,0.060,0,0,0,0,v
2014-09-13 07:42,6.808,0.068,0,0,0,0,v
2014-09-13 07:48,6.826,0.068,0,0,0,0,v
2014-09-13 07:54,6.857,0.074,0,0,0,0,v
2014-09-13 08:00,6.875,0.066,0,0,0,0,v
2014-09-13 08:06,6.856,0.075,0,0,0,0,v
2014-09-13 08:12,6.858,0.078,0,0,0,0,v
2014-09-13 08:18,6.889,0.081,0,0,0,0,v
2014-09-13 08:24,6.900,0.079,0,0,0,0,v
2014-09-13 08:30,6.886,0.080,0,0,0,0,v
2014-09-13 08:36,6.872,0.082,0,0,0,0,v
2014-09-13 08:42,6.913,0.073,0,0,0,0,v
2014-09-13 08:48,6.878,0.095,0,0,0,0,v
2014-09-13 08:54,6.897,0.095,0,0,0,0,v
2014-09-13 09:00,6.874,0.092,0,0,0,0,v
2014-09-13 09:06,6.855,0.085,0,0,0,0,v
2014-09-13 09:12,6.858,0.095,0,0,0,0,v
2014-09-13 09:18,6.864,0.082,0,0,0,0,v
2014-09-13 09:24,6.867,0.083,0,0,0,0,v
2014-09-13 09:30,6.852,0.088,0,0,0,0,v
2014-09-13 09:36,6.833,0.096,0,0,0,0,v
2014-09-13 09:42,6.839,0.104,0,0,0,0,v
2014-09-13 09:48,6.867,0.079,0,0,0,0,v
2014-09-13 09:54,6.868,0.109,0,0,0,0,v
2014-09-13 10:00,6.879,0.091,0,0,0,0,v
2014-09-13 10:06,6.875,0.098,0,0,0,0,v
2014-09-13 10:12,6.902,0.090,0,0,0,0,v
2014-09-13 10:18,6.880,0.086,0,0,0,0,v
2014-09-13 10:24,6.901,0.085,0,0,0,0,v
2014-09-13 10:30,6.884,0.105,0,0,0,0,v
2014-09-13 10:36,6.900,0.095,0,0,0,0,v
2014-09-13 10:42,6.904,0.098,0,0,0,0,v
2014-09-13 10:48,6.915,0.092,0,0,0,0,v
2014-09-13 10:54,6.913,0.101,0,0,0,0,v
2014-09-13 11:00,6.929,0.092,0,0,0,0,v
2014-09-13 11:06,6.934,0.098,0,0,0,0,v
2014-09-13 11:12,6.931,0.101,0,0,0,0,v
2014-09-13 11:18,6.943,0.091,0,0,0,0,v
2014-09-13 11:24,6.941,0.102,0,0,0,0,v
2014-09-13 11:30,6.939,0.096,0,0,0,0,v
2014-09-13 11:36,6.944,0.101,0,0,0,0,v
2014-09-13 11:42,6.906,0.095,0,0,0,0,v
2014-09-13 11:48,6.844,0.090,0,0,0,0,v
2014-09-13 11:54,6.851,0.102,0,0,0,0,v
2014-09-13 12:00,6.895,0.091,0,0,0,0,v
2014-09-13 12:06,6.890,0.094,0,0,0,0,v
2014-09-13 12:12,6.905,0.100,0,0,0,0,v
2014-09-13 12:18,6.894,0.105,0,0,0,0,v
2014-09-13 12:24,6.880,0.113,0,0,0,0,v
2014-09-13 12:30,6.869,0.101,0,0,0,0,v
2014-09-13 12:36,6.857,0.094,0,0,0,0,v
2014-09-13 12:42,6.831,0.100,0,0,0,0,v
2014-09-13 12:48,6.822,0.101,0,0,0,0,v
2014-09-13 12:54,6.782,0.099,0,0,0,0,v
2014-09-13 13:00,6.808,0.118,0,0,0,0,v
2014-09-13 13:06,6.731,0.119,0,0,0,0,v
2014-09-13 13:12,6.733,0.120,0,0,0,0,v
2014-09-13 13:18,6.781,0.110,0,0,0,0,v
2014-09-13 13:24,6.710,0.118,0,0,0,0,v
2014-09-13 13:30,6.708,0.133,0,0,0,0,v
2014-09-13 13:36,6.767,0.117,0,0,0,0,v
2014-09-13 13:42,6.696,0.121,0,0,0,0,v
2014-09-13 13:48,6.745,0.130,0,0,0,0,v
2014-09-13 13:54,6.799,0.123,0,0,0,0,v
2014-09-13 14:00,6.863,0.134,0,0,0,0,v
2014-09-13 14:06,6.845,0.127,0,0,0,0,v
2014-09-13 14:12,6.789,0.106,0,0,0,0,v
2014-09-13 14:18,6.745,0.121,0,0,0,0,v
2014-09-13 14:24,6.778,0.117,0,0,0,0,v
2014-09-13 14:30,6.761,0.113,0,0,0,0,v
2014-09-13 14:36,6.603,0.146,0,0,0,0,v
2014-09-13 14:42,6.623,0.141,0,0,1,0,v
2014-09-13 14:48,6.667,0.126,0,0,0,0,v
2014-09-13 14:54,6.706,0.136,0,0,0,0,v
2014-09-13 15:00,6.724,0.133,0,0,0,0,v
2014-09-13 15:06,6.723,0.143,0,0,0,0,v
2014-09-13 15:12,6.743,0.154,0,0,0,0,v
2014-09-13 15:18,6.723,0.160,0,0,0,0,v
2014-09-13 15:24,6.660,0.135,0,0,0,0,v
2014-09-13 15:30,6.688,0.141,0,0,0,0,v
2014-09-13 15:36,6.669,0.155,0,0,0,0,v
2014-09-13 15:42,6.607,0.155,0,0,0,0,v
2014-09-13 15:48,6.590,0.146,0,0,0,0,v
2014-09-13 15:54,6.617,0.148,0,0,0,0,v
2014-09-13 16:00,6.630,0.154,0,0,0,0,v
2014-09-13 16:06,6.614,0.152,0,0,0,0,v
2014-09-13 16:12,6.594,0.160,0,0,0,0,v
2014-09-13 16:18,6.551,0.175,0,0,0,0,v
2014-09-13 16:24,6.555,0.177,0,0,0,0,v
2014-09-13 16:30,6.536,0.160,0,0,0,0,v
2014-09-13 16:36,6.512,0.177,0,0,0,0,v
2014-09-13 16:42,6.519,0.183,0,0,0,0,v
2014-09-13 16:48,6.521,0.201,0,0,0,0,v
2014-09-13 16:54,6.508,0.167,0,0,0,0,v
2014-09-13 17:00,6.491,0.183,0,0,0,0,v
2014-09-13 17:06,6.491,0.176,0,0,0,0,v
2014-09-13 17:12,6.512,0.152,0,0,0,0,v
2014-09-13 17:18,6.502,0.170,0,0,0,0,v
2014-09-13 17:24,6.500,0.182,0,0,0,0,v
2014-09-13 17:30,6.495,0.165,0,0,0,0,v
2014-09-13 17:36,6.501,0.185,0,0,0,0,v
2014-09-13 17:42,6.513,0.162,0,0,0,0,v
2014-09-13 17:48,6.522,0.181,0,0,0,0,v
2014-09-13 17:54,6.529,0.198,0,0,0,0,v
2014-09-13 18:00,6.487,0.183,0,0,0,0,v
2014-09-13 18:06,6.520,0.184,0,0,0,0,v
2014-09-13 18:12,6.556,0.162,0,0,0,0,v
2014-09-13 18:18,6.558,0.169,0,0,0,0,v
2014-09-13 18:24,6.575,0.173,0,0,0,0,v
2014-09-13 18:30,6.576,0.162,0,0,0,0,v
2014-09-13 18:36,6.590,0.159,0,0,0,0,v
2014-09-13 18:42,6.624,0.169,0,0,0,0,v
2014-09-13 18:48,6.615,0.196,0,0,0,0,v
2014-09-13 18:54,6.631,0.156,0,0,0,0,v
2014-09-13 19:00,6.647,0.183,0,0,0,0,v
2014-09-13 19:06,6.624,0.177,0,0,0,0,v
2014-09-13 19:12,6.661,0.174,0,0,0,0,v
2014-09-13 19:18,6.655,0.135,0,0,0,0,v
2014-09-13 19:24,6.621,0.149,0,0,0,0,v
2014-09-13 19:30,6.578,0.186,0,0,0,0,v
2014-09-13 19:36,6.593,0.180,0,0,0,0,v
2014-09-13 19:42,6.637,0.165,0,0,0,0,v
2014-09-13 19:48,6.637,0.160,0,0,0,0,v
2014-09-13 19:54,6.626,0.184,0,0,0,0,v
2014-09-13 20:00,6.702,0.135,0,0,0,0,v
2014-09-13 20:06,6.727,0.128,0,0,0,0,v
2014-09-13 20:12,6.719,0.137,0,0,0,0,v
2014-09-13 20:18,6.741,0.166,0,0,0,0,v
2014-09-13 20:24,6.712,0.157,0,0,0,0,v
2014-09-13 20:30,6.751,0.177,0,0,0,0,v
2014-09-13 20:36,6.771,0.135,0,0,0,0,v
2014-09-13 20:42,6.777,0.149,0,0,0,0,v
2014-09-13 20:48,6.808,0.168,0,0,0,0,v
2014-09-13 20:54,6.777,0.136,0,0,0,0,v
2014-09-13 21:00,6.761,0.165,0,0,0,0,v
2014-09-13 21:06,6.779,0.147,0,0,0,0,v
2014-09-13 21:12,6.766,0.165,0,0,0,0,v
2014-09-13 21:18,6.776,0.148,0,0,0,0,v
2014-09-13 21:24,6.772,0.175,0,0,0,0,v
2014-09-13 21:30,6.807,0.153,0,0,0,0,v
2014-09-13 21:36,6.788,0.146,0,0,0,0,v
2014-09-13 21:42,6.861,0.171,0,0,0,0,v
2014-09-13 21:48,6.845,0.167,0,0,0,0,v
2014-09-13 21:54,6.848,0.166,0,0,0,0,v
2014-09-13 22:00,6.888,0.177,0,0,0,0,v
2014-09-13 22:06,6.904,0.161,0,0,0,0,v
2014-09-13 22:12,6.843,0.142,0,0,0,0,v
2014-09-13 22:18,6.875,0.138,0,0,0,0,v
2014-09-13 22:24,6.900,0.175,0,0,0,0,v
2014-09-13 22:30,6.894,0.171,0,0,0,0,v
2014-09-13 22:36,6.884,0.167,0,0,0,0,v
2014-09-13 22:42,6.920,0.152,0,0,0,0,v
2014-09-13 22:48,6.936,0.158,0,0,0,0,v
2014-09-13 22:54,6.962,0.157,0,0,0,0,v
2014-09-13 23:00,6.869,0.177,0,0,0,0,v
2014-09-13 23:06,6.878,0.159,0,0,0,0,v
2014-09-13 23:12,6.883,0.180,0,0,0,0,v
2014-09-13 23:18,6.930,0.136,0,0,0,0,v
2014-09-13 23:24,6.903,0.156,0,0,0,0,v
2014-09-13 23:30,6.885,0.132,0,0,0,0,v
2014-09-13 23:36,6.840,0.189,0,0,0,0,v
2014-09-13 23:42,6.793,0.178,0,0,0,0,v
2014-09-13 23:48,6.941,0.185,0,0,0,0,v
2014-09-13 23:54,6.846,0.168,0,0,1,0,v
2014-09-14 00:00,6.938,0.178,0,0,1,0,v
2014-09-14 00:06,6.996,0.169,0,0,0,0,v
2014-09-14 00:12,7.007,0.189,0,0,0,0,v
2014-09-14 00:18,7.096,0.176,0,0,0,0,v
2014-09-14 00:24,7.146,0.197,0,0,0,0,v
2014-09-14 00:30,7.003,0.168,0,0,0,0,v
2014-09-14 00:36,7.000,0.168,0,0,1,0,v
2014-09-14 00:42,7.079,0.150,0,0,0,0,v
2014-09-14 00:48,6.953,0.159,0,0,1,0,v
2014-09-14 00:54,7.026,0.193,0,0,1,0,v
2014-09-14 01:00,7.001,0.196,0,0,1,0,v
2014-09-14 01:06,7.030,0.174,0,0,0,0,v
2014-09-14 01:12,7.003,0.169,0,0,0,0,v
2014-09-14 01:18,6.992,0.187,0,0,0,0,v
2014-09-14 01:24,7.027,0.168,0,0,0,0,v
2014-09-14 01:30,7.009,0.190,0,0,0,0,v
2014-09-14 01:36,7.033,0.190,0,0,0,0,v
2014-09-14 01:42,6.986,0.179,0,0,0,0,v
2014-09-14 01:48,7.008,0.000,1,0,0,0,v
2014-09-14 01:54,7.031,0.000,0,0,0,0,v
2014-09-14 02:00,7.077,0.218,0,0,0,0,v
2014-09-14 02:06,7.078,0.193,0,0,0,0,v
2014-09-14 02:12,7.052,0.000,1,0,0,0,v
2014-09-14 02:18,7.028,0.000,1,0,0,0,v
2014-09-14 02:24,7.015,0.000,0,0,0,0,v
2014-09-14 02:30,7.003,0.183,0,0,0,0,v
2014-09-14 02:36,7.008,0.211,0,0,0,0,v
2014-09-14 02:42,7.000,0.000,1,0,0,0,v
2014-09-14 02:48,6.990,0.000,1,0,0,0,v
2014-09-14 02:54,6.981,0.000,0,0,0,0,v
2014-09-14 03:00,6.999,0.172,0,0,0,0,v
2014-09-14 03:06,7.019,0.186,0,0,0,0,v
2014-09-14 03:12,7.009,0.219,0,0,0,0,v
2014-09-14 03:18,7.034,0.204,0,0,0,0,v
2014-09-14 03:24,6.979,0.146,0,0,0,0,v
2014-09-14 03:30,6.967,0.203,0,0,0,0,v
2014-09-14 03:36,6.974,0.211,0,0,0,0,v
2014-09-14 03:42,7.022,0.000,1,0,0,0,v
2014-09-14 03:48,7.009,0.000,1,0,0,0,v
2014-09-14 03:54,6.967,0.000,0,0,0,0,v
2014-09-14 04:00,6.915,0.204,0,0,0,0,v
2014-09-14 04:06,6.985,0.159,0,0,0,0,v
2014-09-14 04:12,6.985,0.192,0,0,0,0,v
2014-09-14 04:18,7.007,0.189,0,0,0,0,v
2014-09-14 04:24,7.003,0.163,0,0,0,0,v
2014-09-14 04:30,6.992,0.176,0,0,0,0,v
2014-09-14 04:36,6.986,0.195,0,0,0,0,v
2014-09-14 04:42,6.978,0.205,0,0,0,0,v
2014-09-14 04:48,6.966,0.190,0,0,0,0,v
2014-09-14 04:54,6.990,0.182,0,0,0,0,v
2014-09-14 05:00,6.996,0.203,0,0,0,0,v
2014-09-14 05:06,6.990,0.195,0,0,0,0,v
2014-09-14 05:12,6.979,0.190,0,0,0,0,v
2014-09-14 05:18,7.004,0.187,0,0,0,0,v
2014-09-14 05:24,7.046,0.194,0,0,0,0,v
2014-09-14 05:30,7.036,0.187,0,0,0,0,v
2014-09-14 05:36,7.033,0.191,0,0,0,0,v
2014-09-14 05:42,7.026,0.186,0,0,0,0,v
2014-09-14 05:48,7.040,0.165,0,0,0,0,v
2014-09-14 05:54,7.027,0.150,0,0,0,0,v
2014-09-14 06:00,6.990,0.188,0,0,0,0,v
2014-09-14 06:06,6.999,0.000,1,0,0,0,v
2014-09-14 06:12,7.008,0.000,0,0,0,0,v
2014-09-14 06:18,7.003,0.186,0,0,0,0,v
2014-09-14 06:24,6.994,0.000,1,0,0,0,v
2014-09-14 06:30,6.985,0.000,0,0,0,0,v
2014-09-14 06:36,6.962,0.149,0,0,0,0,v
2014-09-14 06:42,6.966,0.196,0,0,0,0,v
2014-09-14 06:48,6.983,0.171,0,0,0,0,v
2014-09-14 06:54,6.947,0.218,0,0,0,0,v
2014-09-14 07:00,6.980,0.187,0,0,0,0,v
2014-09-14 07:06,6.975,0.161,0,0,0,0,v
2014-09-14 07:12,6.983,0.179,0,0,0,0,v
2014-09-14 07:18,6.975,0.190,0,0,0,0,v
2014-09-14 07:24,6.959,0.196,0,0,0,0,v
2014-09-14 07:30,6.971,0.177,0,0,0,0,v
2014-09-14 07:36,6.961,0.160,0,0,0,0,v
2014-09-14 07:42,6.964,0.166,0,0,0,0,v
2014-09-14 07:48,7.005,0.170,0,0,0,0,v
2014-09-14 07:54,6.985,0.204,0,0,0,0,v
2014-09-14 08:00,6.988,0.164,0,0,0,0,v
2014-09-14 08:06,6.991,0.193,0,0,0,0,v
2014-09-14 08:12,6.997,0.188,0,0,0,0,v
2014-09-14 08:18,7.022,0.160,0,0,0,0,v
2014-09-14 08:24,6.992,0.184,0,0,0,0,v
2014-09-14 08:30,6.959,0.172,0,0,0,0,v
2014-09-14 08:36,6.932,0.204,0,0,0,0,v
2014-09-14 08:42,6.956,0.186,0,0,0,0,v
2014-09-14 08:48,6.955,0.143,0,0,0,0,v
2014-09-14 08:54,6.945,0.211,0,0,0,0,v
2014-09-14 09:00,6.952,0.184,0,0,0,0,v
2014-09-14 09:06,6.981,0.176,0,0,0,0,v
2014-09-14 09:12,6.969,0.174,0,0,0,0,v
2014-09-14 09:18,6.978,0.193,0,0,0,0,v
2014-09-14 09:24,6.974,0.171,0,0,0,0,v
2014-09-14 09:30,6.974,0.174,0,0,0,0,v
2014-09-14 09:36,6.955,0.145,0,0,0,0,v
2014-09-14 09:42,6.961,0.169,0,0,0,0,v
2014-09-14 09:48,6.934,0.178,0,0,0,0,v
2014-09-14 09:54,6.937,0.149,0,0,0,0,v
2014-09-14 10:00,6.984,0.161,0,0,0,0,v
2014-09-14 10:06,6.950,0.130,0,0,0,0,v
2014-09-14 10:12,6.953,0.184,0,0,0,0,v
2014-09-14 10:18,6.929,0.135,0,0,0,0,v
2014-09-14 10:24,6.931,0.162,0,0,0,0,v
2014-09-14 10:30,6.938,0.182,0,0,0,0,v
2014-09-14 10:36,6.921,0.210,0,0,0,0,v
2014-09-14 10:42,6.961,0.184,0,0,0,0,v
2014-09-14 10:48,6.943,0.171,0,0,0,0,v
2014-09-14 10:54,6.956,0.164,0,0,0,0,v
2014-09-14 11:00,6.945,0.187,0,0,0,0,v
2014-09-14 11:06,6.947,0.160,0,0,0,0,v
2014-09-14 11:12,6.953,0.168,0,0,0,0,v
2014-09-14 11:18,6.936,0.170,0,0,0,0,v
2014-09-14 11:24,6.933,0.142,0,0,0,0,v
2014-09-14 11:30,6.907,0.170,0,0,0,0,v
2014-09-14 11:36,6.904,0.166,0,0,0,0,v
2014-09-14 11:42,6.916,0.161,0,0,0,0,v
2014-09-14 11:48,6.905,0.180,0,0,0,0,v
2014-09-14 11:54,6.940,0.169,0,0,0,0,v
2014-09-14 12:00,6.915,0.152,0,0,0,0,v
2014-09-14 12:06,6.901,0.169,0,0,0,0,v
2014-09-14 12:12,6.940,0.182,0,0,0,0,v
2014-09-14 12:18,6.914,0.174,0,0,0,0,v
2014-09-14 12:24,6.915,0.140,0,0,0,0,v
2014-09-14 12:30,6.909,0.182,0,0,0,0,v
2014-09-14 12:36,6.892,0.188,0,0,0,0,v
2014-09-14 12:42,6.894,0.159,0,0,0,0,v
2014-09-14 12:48,6.895,0.168,0,0,0,0,v
2014-09-14 12:54,6.882,0.187,0,0,0,0,v
2014-09-14 13:00,6.890,0.149,0,0,0,0,v
2014-09-14 13:06,6.883,0.198,0,0,0,0,v
2014-09-14 13:12,6.904,0.174,0,0,0,0,v
2014-09-14 13:18,6.897,0.163,0,0,0,0,v
2014-09-14 13:24,6.886,0.172,0,0,0,0,v
2014-09-14 13:30,6.871,0.170,0,0,0,0,v
2014-09-14 13:36,6.864,0.194,0,0,0,0,v
2014-09-14 13:42,6.851,0.184,0,0,0,0,v
2014-09-14 13:48,6.877,0.125,0,0,0,0,v
2014-09-14 13:54,6.855,0.157,0,0,0,0,v
2014-09-14 14:00,6.851,0.143,0,0,0,0,v
2014-09-14 14:06,6.859,0.174,0,0,0,0,v
2014-09-14 14:12,6.843,0.186,0,0,0,0,v
2014-09-14 14:18,6.788,0.166,0,0,0,0,v
2014-09-14 14:24,6.770,0.146,0,0,0,0,v
2014-09-14 14:30,6.749,0.164,0,0,0,0,v
2014-09-14 14:36,6.778,0.177,0,0,0,0,v
2014-09-14 14:42,6.775,0.177,0,0,0,0,v
2014-09-14 14:48,6.771,0.134,0,0,0,0,v
2014-09-14 14:54,6.813,0.168,0,0,0,0,v
2014-09-14 15:00,6.788,0.162,0,0,0,0,v
2014-09-14 15:06,6.787,0.145,0,0,0,0,v
2014-09-14 15:12,6.786,0.161,0,0,0,0,v
2014-09-14 15:18,6.750,0.160,0,0,0,0,v
2014-09-14 15:24,6.739,0.149,0,0,0,0,v
2014-09-14 15:30,6.740,0.138,0,0,0,0,v
2014-09-14 15:36,6.735,0.160,0,0,0,0,v
2014-09-14 15:42,6.709,0.167,0,0,0,0,v
2014-09-14 15:48,6.730,0.186,0,0,0,0,v
2014-09-14 15:54,6.725,0.148,0,0,0,0,v
2014-09-14 16:00,6.735,0.159,0,0,0,0,v
2014-09-14 16:06,6.723,0.168,0,0,0,0,v
2014-09-14 16:12,6.735,0.158,0,0,0,0,v
2014-09-14 16:18,6.700,0.183,0,0,0,0,v
2014-09-14 16:24,6.681,0.164,0,0,0,0,v
2014-09-14 16:30,6.681,0.154,0,0,0,0,v
2014-09-14 16:36,6.661,0.142,0,0,0,0,v
2014-09-14 16:42,6.649,0.131,0,0,0,0,v
2014-09-14 16:48,6.649,0.143,0,0,0,0,v
2014-09-14 16:54,6.611,0.159,0,0,0,0,v
2014-09-14 17:00,6.615,0.162,0,0,0,0,v
2014-09-14 17:06,6.631,0.156,0,0,0,0,v
2014-09-14 17:12,6.600,0.170,0,0,0,0,v
2014-09-14 17:18,6.629,0.186,0,0,0,0,v
2014-09-14 17:24,6.633,0.164,0,0,0,0,v
2014-09-14 17:30,6.647,0.144,0,0,0,0,v
2014-09-14 17:36,6.609,0.137,0,0,0,0,v
2014-09-14 17:42,6.577,0.156,0,0,0,0,v
2014-09-14 17:48,6.559,0.166,0,0,0,0,v
2014-09-14 17:54,6.570,0.171,0,0,0,0,v
2014-09-14 18:00,6.579,0.153,0,0,0,0,v
2014-09-14 18:06,6.600,0.143,0,0,0,0,v
2014-09-14 18:12,6.600,0.189,0,0,0,0,v
2014-09-14 18:18,6.598,0.151,0,0,0,0,v
2014-09-14 18:24,6.583,0.163,0,0,0,0,v
2014-09-14 18:30,6.562,0.155,0,0,0,0,v
2014-09-14 18:36,6.601,0.155,0,0,0,0,v
2014-09-14 18:42,6.603,0.158,0,0,0,0,v
2014-09-14 18:48,6.607,0.158,0,0,0,0,v
2014-09-14 18:54,6.628,0.180,0,0,0,0,v
2014-09-14 19:00,6.634,0.180,0,0,0,0,v
2014-09-14 19:06,6.595,0.176,0,0,0,0,v
2014-09-14 19:12,6.610,0.159,0,0,0,0,v
2014-09-14 19:18,6.610,0.134,0,0,0,0,v
2014-09-14 19:24,6.578,0.161,0,0,0,0,v
2014-09-14 19:30,6.577,0.169,0,0,0,0,v
2014-09-14 19:36,6.588,0.139,0,0,0,0,v
2014-09-14 19:42,6.634,0.160,0,0,0,0,v
2014-09-14 19:48,6.623,0.154,0,0,0,0,v
2014-09-14 19:54,6.620,0.164,0,0,0,0,v
2014-09-14 20:00,6.614,0.171,0,0,0,0,v
2014-09-14 20:06,6.621,0.185,0,0,0,0,v
2014-09-14 20:12,6.627,0.126,0,0,0,0,v
2014-09-14 20:18,6.632,0.140,0,0,0,0,v
2014-09-14 20:24,6.643,0.153,0,0,0,0,v
2014-09-14 20:30,6.654,0.151,0,0,0,0,v
2014-09-14 20:36,6.676,0.130,0,0,0,0,v
2014-09-14 20:42,6.666,0.139,0,0,0,0,v
2014-09-14 20:48,6.642,0.130,0,0,0,0,v
2014-09-14 20:54,6.654,0.165,0,0,0,0,v
2014-09-14 21:00,6.649,0.158,0,0,0,0,v
2014-09-14 21:06,6.656,0.137,0,0,0,0,v
2014-09-14 21:12,6.662,0.139,0,0,0,0,v
2014-09-14 21:18,6.668,0.125,0,0,0,0,v
2014-09-14 21:24,6.685,0.136,0,0,0,0,v
2014-09-14 21:30,6.714,0.156,0,0,0,0,v
2014-09-14 21:36,6.703,0.136,0,0,0,0,v
2014-09-14 21:42,6.701,0.158,0,0,0,0,v
2014-09-14 21:48,6.698,0.142,0,0,0,0,v
2014-09-14 21:54,6.695,0.148,0,0,0,0,v
2014-09-14 22:00,6.705,0.117,0,0,0,0,v
2014-09-14 22:06,6.713,0.145,0,0,0,0,v
2014-09-14 22:12,6.722,0.159,0,0,0,0,v
2014-09-14 22:18,6.722,0.122,0,0,0,0,v
2014-09-14 22:24,6.701,0.121,0,0,0,0,v
2014-09-14 22:30,6.727,0.136,0,0,0,0,v
2014-09-14 22:36,6.778,0.146,0,0,0,0,v
2014-09-14 22:42,6.778,0.140,0,0,0,0,v
2014-09-14 22:48,6.763,0.145,0,0,0,0,v
2014-09-14 22:54,6.779,0.138,0,0,0,0,v
2014-09-14 23:00,6.801,0.113,0,0,0,0,v
2014-09-14 23:06,6.819,0.131,0,0,0,0,v
2014-09-14 23:12,6.814,0.142,0,0,0,0,v
2014-09-14 23:18,6.806,0.110,0,0,0,0,v
2014-09-14 23:24,6.803,0.142,0,0,0,0,v
2014-09-14 23:30,6.818,0.121,0,0,0,0,v
2014-09-14 23:36,6.831,0.119,0,0,0,0,v
2014-09-14 23:42,6.836,0.118,0,0,0,0,v
2014-09-14 23:48,6.847,0.137,0,0,0,0,v
2014-09-14 23:54,6.841,0.124,0,0,0,0,v
2014-09-15 00:00,6.831,0.095,0,0,0,0,v
2014-09-15 00:06,6.844,0.114,0,0,0,0,v
2014-09-15 00:12,6.844,0.128,0,0,0,0,v
2014-09-15 00:18,6.872,0.112,0,0,0,0,v
2014-09-15 00:24,6.882,0.101,0,0,0,0,v
2014-09-15 00:30,6.882,0.114,0,0,0,0,v
2014-09-15 00:36,6.867,0.108,0,0,0,0,v
2014-09-15 00:42,6.890,0.109,0,0,0,0,v
2014-09-15 00:48,6.895,0.129,0,0,0,0,v
2014-09-15 00:54,6.909,0.107,0,0,0,0,v
2014-09-15 01:00,6.924,0.117,0,0,0,0,v
2014-09-15 01:06,6.939,0.100,0,0,0,0,v
2014-09-15 01:12,6.916,0.107,0,0,0,0,v
2014-09-15 01:18,6.924,0.103,0,0,0,0,v
2014-09-15 01:24,6.896,0.120,0,0,0,0,v
2014-09-15 01:30,6.919,0.126,0,0,0,0,v
2014-09-15 01:36,6.936,0.115,0,0,0,0,v
2014-09-15 01:42,6.948,0.109,0,0,0,0,v
2014-09-15 01:48,6.959,0.112,0,0,0,0,v
2014-09-15 01:54,6.935,0.119,0,0,0,0,v
2014-09-15 02:00,6.972,0.112,0,0,0,0,v
2014-09-15 02:06,6.970,0.092,0,0,0,0,v
2014-09-15 02:12,6.982,0.095,0,0,0,0,v
2014-09-15 02:18,6.977,0.097,0,0,0,0,v
2014-09-15 02:24,6.953,0.114,0,0,0,0,v
2014-09-15 02:30,6.952,0.121,0,0,0,0,v
2014-09-15 02:36,6.952,0.107,0,0,0,0,v
2014-09-15 02:42,6.948,0.114,0,0,0,0,v
2014-09-15 02:48,6.945,0.084,0,0,0,0,v
2014-09-15 02:54,6.964,0.109,0,0,0,0,v
2014-09-15 03:00,6.965,0.121,0,0,0,0,v
2014-09-15 03:06,6.977,0.115,0,0,0,0,v
2014-09-15 03:12,6.975,0.097,0,0,0,0,v
2014-09-15 03:18,6.967,0.110,0,0,0,0,v
2014-09-15 03:24,6.984,0.103,0,0,0,0,v
2014-09-15 03:30,6.970,0.120,0,0,0,0,v
2014-09-15 03:36,6.979,0.096,0,0,0,0,v
2014-09-15 03:42,6.951,0.104,0,0,0,0,v
2014-09-15 03:48,6.947,0.096,0,0,0,0,v
2014-09-15 03:54,6.981,0.111,0,0,0,0,v
2014-09-15 04:00,6.992,0.123,0,0,0,0,v
2014-09-15 04:06,6.980,0.108,0,0,0,0,v
2014-09-15 04:12,6.980,0.104,0,0,0,0,v
2014-09-15 04:18,6.973,0.097,0,0,0,0,v
2014-09-15 04:24,6.982,0.107,0,0,0,0,v
2014-09-15 04:30,7.002,0.117,0,0,0,0,v
2014-09-15 04:36,6.982,0.093,0,0,0,0,v
2014-09-15 04:42,6.984,0.109,0,0,0,0,v
2014-09-15 04:48,6.976,0.108,0,0,0,0,v
2014-09-15 04:54,6.970,0.098,0,0,0,0,v
2014-09-15 05:00,6.954,0.124,0,0,0,0,v
2014-09-15 05:06,6.944,0.104,0,0,0,0,v
2014-09-15 05:12,6.935,0.099,0,0,0,0,v
2014-09-15 05:18,6.954,0.107,0,0,0,0,v
2014-09-15 05:24,6.958,0.105,0,0,0,0,v
2014-09-15 05:30,6.961,0.128,0,0,0,0,v
2014-09-15 05:36,6.968,0.094,0,0,0,0,v
2014-09-15 05:42,6.983,0.113,0,0,0,0,v
2014-09-15 05:48,6.974,0.098,0,0,0,0,v
2014-09-15 05:54,6.974,0.096,0,0,0,0,v
2014-09-15 06:00,6.983,0.100,0,0,0,0,v
2014-09-15 06:06,6.965,0.094,0,0,0,0,v
2014-09-15 06:12,6.985,0.110,0,0,0,0,v
2014-09-15 06:18,6.980,0.109,0,0,0,0,v
2014-09-15 06:24,6.965,0.118,0,0,0,0,v
2014-09-15 06:30,6.980,0.092,0,0,0,0,v
2014-09-15 06:36,6.971,0.136,0,0,0,0,v
2014-09-15 06:42,6.984,0.116,0,0,0,0,v
2014-09-15 06:48,6.974,0.108,0,0,0,0,v
2014-09-15 06:54,6.958,0.100,0,0,0,0,v
2014-09-15 07:00,6.954,0.107,0,0,0,0,v
2014-09-15 07:06,6.957,0.104,0,0,0,0,v
2014-09-15 07:12,6.959,0.130,0,0,0,0,v
2014-09-15 07:18,6.951,0.123,0,0,0,0,v
2014-09-15 07:24,6.973,0.118,0,0,0,0,v
2014-09-15 07:30,6.958,0.118,0,0,0,0,v
2014-09-15 07:36,6.960,0.112,0,0,0,0,v
2014-09-15 07:42,6.983,0.141,0,0,0,0,v
2014-09-15 07:48,6.946,0.102,0,0,0,0,v
2014-09-15 07:54,6.929,0.135,0,0,0,0,v
2014-09-15 08:00,6.924,0.105,0,0,0,0,v
2014-09-15 08:06,6.954,0.112,0,0,0,0,v
2014-09-15 08:12,6.945,0.117,0,0,0,0,v
2014-09-15 08:18,6.936,0.095,0,0,0,0,v
2014-09-15 08:24,6.947,0.143,0,0,0,0,v
2014-09-15 08:30,6.937,0.097,0,0,0,0,v
2014-09-15 08:36,6.945,0.131,0,0,0,0,v
2014-09-15 08:42,6.950,0.128,0,0,0,0,v
2014-09-15 08:48,6.963,0.138,0,0,0,0,v
2014-09-15 08:54,6.962,0.121,0,0,0,0,v
2014-09-15 09:00,6.961,0.109,0,0,0,0,v
2014-09-15 09:06,6.955,0.135,0,0,0,0,v
2014-09-15 09:12,6.955,0.124,0,0,0,0,v
2014-09-15 09:18,6.968,0.147,0,0,0,0,v
2014-09-15 09:24,6.959,0.135,0,0,0,0,v
2014-09-15 09:30,6.969,0.125,0,0,0,0,v
2014-09-15 09:36,6.953,0.115,0,0,0,0,v
2014-09-15 09:42,6.959,0.114,0,0,0,0,v
2014-09-15 09:48,6.943,0.112,0,0,0,0,v
2014-09-15 09:54,6.950,0.125,0,0,0,0,v
2014-09-15 10:00,6.961,0.116,0,0,0,0,v
2014-09-15 10:06,6.936,0.118,0,0,0,0,v
2014-09-15 10:12,6.936,0.125,0,0,0,0,v
2014-09-15 10:18,6.943,0.120,0,0,0,0,v
2014-09-15 10:24,6.911,0.144,0,0,0,0,v
2014-09-15 10:30,6.894,0.102,0,0,0,0,v
2014-09-15 10:36,6.902,0.119,0,0,0,0,v
2014-09-15 10:42,6.910,0.126,0,0,0,0,v
2014-09-15 10:48,6.934,0.125,0,0,0,0,v
2014-09-15 10:54,6.950,0.099,0,0,0,0,v
2014-09-15 11:00,6.956,0.120,0,0,0,0,v
2014-09-15 11:06,6.948,0.113,0,0,0,0,v
2014-09-15 11:12,6.948,0.101,0,0,0,0,v
2014-09-15 11:18,6.947,0.119,0,0,0,0,v
2014-09-15 11:24,6.939,0.123,0,0,0,0,v
2014-09-15 11:30,6.910,0.134,0,0,0,0,v
2014-09-15 11:36,6.916,0.098,0,0,0,0,v
2014-09-15 11:42,6.918,0.102,0,0,0,0,v
2014-09-15 11:48,6.918,0.127,0,0,0,0,v
2014-09-15 11:54,6.932,0.095,0,0,0,0,v
2014-09-15 12:00,6.927,0.126,0,0,0,0,v
2014-09-15 12:06,6.932,0.115,0,0,0,0,v
2014-09-15 12:12,6.914,0.093,0,0,0,0,v
2014-09-15 12:18,6.911,0.116,0,0,0,0,v
2014-09-15 12:24,6.924,0.101,0,0,0,0,v
2014-09-15 12:30,6.901,0.114,0,0,0,0,v
2014-09-15 12:36,6.913,0.116,0,0,0,0,v
2014-09-15 12:42,6.917,0.120,0,0,0,0,v
2014-09-15 12:48,6.926,0.093,0,0,0,0,v
2014-09-15 12:54,6.919,0.122,0,0,0,0,v
2014-09-15 13:00,6.934,0.121,0,0,0,0,v
2014-09-15 13:06,6.907,0.128,0,0,0,0,v
2014-09-15 13:12,6.899,0.104,0,0,0,0,v
2014-09-15 13:18,6.907,0.136,0,0,0,0,v
2014-09-15 13:24,6.899,0.111,0,0,0,0,v
2014-09-15 13:30,6.923,0.115,0,0,0,0,v
2014-09-15 13:36,6.913,0.117,0,0,0,0,v
2014-09-15 13:42,6.895,0.104,0,0,0,0,v
2014-09-15 13:48,6.889,0.125,0,0,0,0,v
2014-09-15 13:54,6.874,0.097,0,0,0,0,v
2014-09-15 14:00,6.891,0.118,0,0,0,0,v
2014-09-15 14:06,6.889,0.119,0,0,0,0,v
2014-09-15 14:12,6.889,0.114,0,0,0,0,v
2014-09-15 14:18,6.894,0.117,0,0,0,0,v
2014-09-15 14:24,6.868,0.101,0,0,0,0,v
2014-09-15 14:30,6.842,0.146,0,0,0,0,v
2014-09-15 14:36,6.843,0.108,0,0,0,0,v
2014-09-15 14:42,6.856,0.096,0,0,0,0,v
2014-09-15 14:48,6.878,0.102,0,0,0,0,v
2014-09-15 14:54,6.862,0.096,0,0,0,0,v
2014-09-15 15:00,6.849,0.138,0,0,0,0,v
2014-09-15 15:06,6.828,0.093,0,0,0,0,v
2014-09-15 15:12,6.825,0.111,0,0,0,0,v
2014-09-15 15:18,6.808,0.120,0,0,0,0,v
2014-09-15 15:24,6.787,0.111,0,0,0,0,v
2014-09-15 15:30,6.768,0.098,0,0,0,0,v
2014-09-15 15:36,6.777,0.118,0,0,0,0,v
2014-09-15 15:42,6.776,0.105,0,0,0,0,v
2014-09-15 15:48,6.765,0.098,0,0,0,0,v
2014-09-15 15:54,6.744,0.120,0,0,0,0,v
2014-09-15 16:00,6.745,0.110,0,0,0,0,v
2014-09-15 16:06,6.764,0.124,0,0,0,0,v
2014-09-15 16:12,6.775,0.122,0,0,0,0,v
2014-09-15 16:18,6.764,0.100,0,0,0,0,v
2014-09-15 16:24,6.756,0.109,0,0,0,0,v
2014-09-15 16:30,6.772,0.095,0,0,0,0,v
2014-09-15 16:36,6.777,0.116,0,0,0,0,v
2014-09-15 16:42,6.780,0.092,0,0,0,0,v
2014-09-15 16:48,6.770,0.112,0,0,0,0,v
2014-09-15 16:54,6.744,0.105,0,0,0,0,v
2014-09-15 17:00,6.740,0.099,0,0,0,0,v
2014-09-15 17:06,6.702,0.103,0,0,0,0,v
2014-09-15 17:12,6.719,0.107,0,0,0,0,v
2014-09-15 17:18,6.717,0.111,0,0,0,0,v
2014-09-15 17:24,6.712,0.101,0,0,0,0,v
2014-09-15 17:30,6.709,0.101,0,0,0,0,v
2014-09-15 17:36,6.715,0.102,0,0,0,0,v
2014-09-15 17:42,6.700,0.122,0,0,0,0,v
2014-09-15 17:48,6.700,0.100,0,0,0,0,v
2014-09-15 17:54,6.707,0.112,0,0,0,0,v
2014-09-15 18:00,6.684,0.108,0,0,0,0,v
2014-09-15 18:06,6.694,0.114,0,0,0,0,v
2014-09-15 18:12,6.716,0.094,0,0,0,0,v
2014-09-15 18:18,6.705,0.090,0,0,0,0,v
2014-09-15 18:24,6.677,0.090,0,0,0,0,v
2014-09-15 18:30,6.656,0.103,0,0,0,0,v
2014-09-15 18:36,6.663,0.107,0,0,0,0,v
2014-09-15 18:42,6.651,0.108,0,0,0,0,v
2014-09-15 18:48,6.653,0.111,0,0,0,0,v
2014-09-15 18:54,6.665,0.120,0,0,0,0,v
2014-09-15 19:00,6.653,0.104,0,0,0,0,v
2014-09-15 19:06,6.647,0.099,0,0,0,0,v
2014-09-15 19:12,6.650,0.103,0,0,0,0,v
2014-09-15 19:18,6.675,0.110,0,0,0,0,v
2014-09-15 19:24,6.665,0.101,0,0,0,0,v
2014-09-15 19:30,6.672,0.098,0,0,0,0,v
2014-09-15 19:36,6.679,0.114,0,0,0,0,v
2014-09-15 19:42,6.685,0.095,0,0,0,0,v
2014-09-15 19:48,6.687,0.104,0,0,0,0,v
2014-09-15 19:54,6.687,0.103,0,0,0,0,v
2014-09-15 20:00,6.697,0.103,0,0,0,0,v
2014-09-15 20:06,6.677,0.109,0,0,0,0,v
2014-09-15 20:12,6.678,0.098,0,0,0,0,v
2014-09-15 20:18,6.658,0.099,0,0,0,0,v
2014-09-15 20:24,6.660,0.111,0,0,0,0,v
2014-09-15 20:30,6.673,0.090,0,0,0,0,v
2014-09-15 20:36,6.699,0.125,0,0,0,0,v
2014-09-15 20:42,6.672,0.098,0,0,0,0,v
2014-09-15 20:48,6.703,0.108,0,0,0,0,v
2014-09-15 20:54,6.687,0.130,0,0,0,0,v
2014-09-15 21:00,6.666,0.113,0,0,0,0,v
2014-09-15 21:06,6.709,0.119,0,0,0,0,v
2014-09-15 21:12,6.718,0.117,0,0,0,0,v
2014-09-15 21:18,6.712,0.109,0,0,0,0,v
2014-09-15 21:24,6.707,0.099,0,0,0,0,v
2014-09-15 21:30,6.710,0.106,0,0,0,0,v
2014-09-15 21:36,6.735,0.097,0,0,0,0,v
2014-09-15 21:42,6.749,0.106,0,0,0,0,v
2014-09-15 21:48,6.771,0.109,0,0,0,0,v
2014-09-15 21:54,6.779,0.103,0,0,0,0,v
2014-09-15 22:00,6.782,0.111,0,0,0,0,v
2014-09-15 22:06,6.768,0.115,0,0,0,0,v
2014-09-15 22:12,6.789,0.113,0,0,0,0,v
2014-09-15 22:18,6.766,0.116,0,0,0,0,v
2014-09-15 22:24,6.803,0.092,0,0,0,0,v
2014-09-15 22:30,6.798,0.117,0,0,0,0,v
2014-09-15 22:36,6.810,0.100,0,0,0,0,v
2014-09-15 22:42,6.816,0.098,0,0,0,0,v
2014-09-15 22:48,6.813,0.102,0,0,0,0,v
2014-09-15 22:54,6.825,0.118,0,0,0,0,v
2014-09-15 23:00,6.846,0.110,0,0,0,0,v
2014-09-15 23:06,6.876,0.115,0,0,0,0,v
2014-09-15 23:12,6.868,0.093,0,0,0,0,v
2014-09-15 23:18,6.866,0.108,0,0,0,0,v
2014-09-15 23:24,6.849,0.123,0,0,0,0,v
2014-09-15 23:30,6.839,0.103,0,0,0,0,v
2014-09-15 23:36,6.866,0.103,0,0,0,0,v
2014-09-15 23:42,6.870,0.132,0,0,0,0,v
2014-09-15 23:48,6.862,0.097,0,0,0,0,v
2014-09-15 23:54,6.905,0.123,0,0,0,0,v
2014-09-16 00:00,6.909,0.108,0,0,0,0,v
2014-09-16 00:06,6.912,0.124,0,0,0,0,v
2014-09-16 00:12,6.897,0.116,0,0,0,0,v
2014-09-16 00:18,6.950,0.116,0,0,0,0,v
2014-09-16 00:24,6.978,0.087,0,0,0,0,v
2014-09-16 00:30,6.986,0.091,0,0,0,0,v
2014-09-16 00:36,7.001,0.107,0,0,0,0,v
2014-09-16 00:42,6.981,0.131,0,0,0,0,v
2014-09-16 00:48,6.957,0.096,0,0,0,0,v
2014-09-16 00:54,6.963,0.120,0,0,0,0,v
2014-09-16 01:00,6.990,0.108,0,0,0,0,v
2014-09-16 01:06,6.969,0.104,0,0,0,0,v
2014-09-16 01:12,6.988,0.107,0,0,0,0,v
2014-09-16 01:18,7.008,0.093,0,0,0,0,v
2014-09-16 01:24,7.021,0.091,0,0,0,0,v
2014-09-16 01:30,7.006,0.098,0,0,0,0,v
2014-09-16 01:36,7.050,0.099,0,0,0,0,v
2014-09-16 01:42,7.032,0.100,0,0,0,0,v
2014-09-16 01:48,7.035,0.093,0,0,0,0,v
2014-09-16 01:54,7.033,0.098,0,0,0,0,v
2014-09-16 02:00,7.035,0.085,0,0,0,0,v
2014-09-16 02:06,7.036,0.097,0,0,0,0,v
2014-09-16 02:12,7.044,0.105,0,0,0,0,v
2014-09-16 02:18,7.066,0.109,0,0,0,0,v
2014-09-16 02:24,7.074,0.113,0,0,0,0,v
2014-09-16 02:30,7.068,0.089,0,0,0,0,v
2014-09-16 02:36,7.052,0.103,0,0,0,0,v
2014-09-16 02:42,7.062,0.089,0,0,0,0,v
2014-09-16 02:48,7.097,0.111,0,0,0,0,v
2014-09-16 02:54,7.089,0.099,0,0,0,0,v
2014-09-16 03:00,7.110,0.095,0,0,0,0,v
2014-09-16 03:06,7.104,0.105,0,0,0,0,v
2014-09-16 03:12,7.093,0.106,0,0,0,0,v
2014-09-16 03:18,7.120,0.106,0,0,0,0,v
2014-09-16 03:24,7.099,0.112,0,0,0,0,v
2014-09-16 03:30,7.112,0.121,0,0,0,0,v
2014-09-16 03:36,7.132,0.092,0,0,0,0,v
2014-09-16 03:42,7.144,0.112,0,0,0,0,v
2014-09-16 03:48,7.154,0.118,0,0,0,0,v
2014-09-16 03:54,7.146,0.108,0,0,0,0,v
2014-09-16 04:00,7.158,0.110,0,0,0,0,v
2014-09-16 04:06,7.156,0.111,0,0,0,0,v
2014-09-16 04:12,7.129,0.121,0,0,0,0,v
2014-09-16 04:18,7.153,0.117,0,0,0,0,v
2014-09-16 04:24,7.130,0.111,0,0,0,0,v
2014-09-16 04:30,7.134,0.110,0,0,0,0,v
2014-09-16 04:36,7.126,0.116,0,0,0,0,v
2014-09-16 04:42,7.116,0.129,0,0,0,0,v
2014-09-16 04:48,7.118,0.110,0,0,0,0,v
2014-09-16 04:54,7.118,0.145,0,0,0,0,v
2014-09-16 05:00,7.122,0.115,0,0,0,0,v
2014-09-16 05:06,7.129,0.118,0,0,0,0,v
2014-09-16 05:12,7.128,0.132,0,0,0,0,v
2014-09-16 05:18,7.144,0.116,0,0,0,0,v
2014-09-16 05:24,7.140,0.115,0,0,0,0,v
2014-09-16 05:30,7.145,0.133,0,0,0,0,v
2014-09-16 05:36,7.125,0.122,0,0,0,0,v
2014-09-16 05:42,7.124,0.107,0,0,0,0,v
2014-09-16 05:48,7.133,0.133,0,0,0,0,v
2014-09-16 05:54,7.140,0.123,0,0,0,0,v
2014-09-16 06:00,7.139,0.132,0,0,0,0,v
2014-09-16 06:06,7.142,0.123,0,0,0,0,v
2014-09-16 06:12,7.124,0.125,0,0,0,0,v
2014-09-16 06:18,7.136,0.112,0,0,0,0,v
2014-09-16 06:24,7.125,0.131,0,0,0,0,v
2014-09-16 06:30,7.124,0.136,0,0,0,0,v
2014-09-16 06:36,7.124,0.113,0,0,0,0,v
2014-09-16 06:42,7.127,0.125,0,0,0,0,v
2014-09-16 06:48,7.111,0.131,0,0,0,0,v
2014-09-16 06:54,7.113,0.117,0,0,0,0,v
2014-09-16 07:00,7.116,0.118,0,0,0,0,v
2014-09-16 07:06,7.113,0.138,0,0,0,0,v
2014-09-16 07:12,7.119,0.134,0,0,0,0,v
2014-09-16 07:18,7.122,0.132,0,0,0,0,v
2014-09-16 07:24,7.122,0.125,0,0,0,0,v
2014-09-16 07:30,7.124,0.124,0,0,0,0,v
2014-09-16 07:36,7.116,0.132,0,0,0,0,v
2014-09-16 07:42,7.100,0.146,0,0,0,0,v
2014-09-16 07:48,7.115,0.119,0,0,0,0,v
2014-09-16 07:54,7.108,0.117,0,0,0,0,v
2014-09-16 08:00,7.091,0.123,0,0,0,0,v
2014-09-16 08:06,7.075,0.127,0,0,0,0,v
2014-09-16 08:12,7.087,0.130,0,0,0,0,v
2014-09-16 08:18,7.074,0.122,0,0,0,0,v
2014-09-16 08:24,7.080,0.131,0,0,0,0,v
2014-09-16 08:30,7.045,0.105,0,0,0,0,v
2014-09-16 08:36,7.065,0.133,0,0,0,0,v
2014-09-16 08:42,7.048,0.128,0,0,0,0,v
2014-09-16 08:48,7.066,0.136,0,0,0,0,v
2014-09-16 08:54,7.080,0.113,0,0,0,0,v
2014-09-16 09:00,7.068,0.136,0,0,0,0,v
2014-09-16 09:06,7.055,0.103,0,0,0,0,v
2014-09-16 09:12,7.026,0.139,0,0,0,0,v
2014-09-16 09:18,7.018,0.126,0,0,0,0,v
2014-09-16 09:24,7.037,0.107,0,0,0,0,v
2014-09-16 09:30,7.033,0.133,0,0,0,0,v
2014-09-16 09:36,7.018,0.112,0,0,0,0,v
2014-09-16 09:42,7.022,0.131,0,0,0,0,v
2014-09-16 09:48,7.005,0.136,0,0,0,0,v
2014-09-16 09:54,7.001,0.102,0,0,0,0,v
2014-09-16 10:00,7.009,0.115,0,0,0,0,v
2014-09-16 10:06,7.014,0.120,0,0,0,0,v
2014-09-16 10:12,7.015,0.107,0,0,0,0,v
2014-09-16 10:18,7.019,0.121,0,0,0,0,v
2014-09-16 10:24,7.008,0.084,0,0,0,0,v
2014-09-16 10:30,6.999,0.111,0,0,0,0,v
2014-09-16 10:36,6.997,0.120,0,0,0,0,v
2014-09-16 10:42,7.006,0.103,0,0,0,0,v
2014-09-16 10:48,7.017,0.124,0,0,0,0,v
2014-09-16 10:54,7.016,0.120,0,0,0,0,v
2014-09-16 11:00,7.000,0.122,0,0,0,0,v
2014-09-16 11:06,6.993,0.102,0,0,0,0,v
2014-09-16 11:12,6.993,0.098,0,0,0,0,v
2014-09-16 11:18,7.002,0.106,0,0,0,0,v
2014-09-16 11:24,7.020,0.106,0,0,0,0,v
2014-09-16 11:30,7.020,0.099,0,0,0,0,v
2014-09-16 11:36,6.997,0.102,0,0,0,0,v
2014-09-16 11:42,6.990,0.093,0,0,0,0,v
2014-09-16 11:48,6.971,0.114,0,0,0,0,v
2014-09-16 11:54,6.973,0.084,0,0,0,0,v
2014-09-16 12:00,6.968,0.097,0,0,0,0,v
2014-09-16 12:06,6.950,0.083,0,0,0,0,v
2014-09-16 12:12,6.945,0.088,0,0,0,0,v
2014-09-16 12:18,6.945,0.091,0,0,0,0,v
2014-09-16 12:24,6.974,0.110,0,0,0,0,v
2014-09-16 12:30,6.970,0.101,0,0,0,0,v
2014-09-16 12:36,6.954,0.102,0,0,0,0,v
2014-09-16 12:42,6.949,0.109,0,0,0,0,v
2014-09-16 12:48,6.939,0.100,0,0,0,0,v
2014-09-16 12:54,6.913,0.084,0,0,0,0,v
2014-09-16 13:00,6.920,0.078,0,0,0,0,v
2014-09-16 13:06,6.910,0.107,0,0,0,0,v
2014-09-16 13:12,6.914,0.100,0,0,0,0,v
2014-09-16 13:18,6.904,0.099,0,0,0,0,v
2014-09-16 13:24,6.901,0.092,0,0,0,0,v
2014-09-16 13:30,6.894,0.094,0,0,0,0,v
2014-09-16 13:36,6.893,0.109,0,0,0,0,v
2014-09-16 13:42,6.885,0.089,0,0,0,0,v
2014-09-16 13:48,6.880,0.106,0,0,0,0,v
2014-09-16 13:54,6.872,0.088,0,0,0,0,v
2014-09-16 14:00,6.882,0.000,0,0,0,0,v
2014-09-16 14:06,6.851,0.104,0,0,0,0,v
2014-09-16 14:12,6.855,0.093,0,0,0,0,v
2014-09-16 14:18,6.846,0.000,1,0,0,0,v
2014-09-16 14:24,6.837,0.000,1,0,0,0,v
2014-09-16 14:30,6.829,0.000,1,0,0,0,v
2014-09-16 14:36,6.826,0.000,0,0,0,0,v
2014-09-16 14:42,6.813,0.113,0,0,0,0,v
2014-09-16 14:48,6.811,0.100,0,0,0,0,v
2014-09-16 14:54,6.818,0.104,0,0,0,0,v
2014-09-16 15:00,6.817,0.093,0,0,0,0,v
2014-09-16 15:06,6.811,0.096,0,0,0,0,v
2014-09-16 15:12,6.817,0.089,0,0,0,0,v
2014-09-16 15:18,6.814,0.106,0,0,0,0,v
2014-09-16 15:24,6.816,0.083,0,0,0,0,v
2014-09-16 15:30,6.812,0.104,0,0,0,0,v
2014-09-16 15:36,6.807,0.094,0,0,0,0,v
2014-09-16 15:42,6.788,0.107,0,0,0,0,v
2014-09-16 15:48,6.805,0.087,0,0,0,0,v
2014-09-16 15:54,6.794,0.110,0,0,0,0,v
2014-09-16 16:00,6.816,0.112,0,0,0,0,v
2014-09-16 16:06,6.808,0.090,0,0,0,0,v
2014-09-16 16:12,6.793,0.104,0,0,0,0,v
2014-09-16 16:18,6.784,0.101,0,0,0,0,v
2014-09-16 16:24,6.767,0.101,0,0,0,0,v
2014-09-16 16:30,6.753,0.110,0,0,0,0,v
2014-09-16 16:36,6.731,0.105,0,0,0,0,v
2014-09-16 16:42,6.742,0.097,0,0,0,0,v
2014-09-16 16:48,6.721,0.101,0,0,0,0,v
2014-09-16 16:54,6.736,0.104,0,0,0,0,v
2014-09-16 17:00,6.695,0.098,0,0,0,0,v
2014-09-16 17:06,6.664,0.102,0,0,0,0,v
2014-09-16 17:12,6.669,0.096,0,0,0,0,v
2014-09-16 17:18,6.670,0.111,0,0,0,0,v
2014-09-16 17:24,6.671,0.104,0,0,0,0,v
2014-09-16 17:30,6.652,0.086,0,0,0,0,v
2014-09-16 17:36,6.660,0.090,0,0,0,0,v
2014-09-16 17:42,6.649,0.099,0,0,0,0,v
2014-09-16 17:48,6.631,0.102,0,0,0,0,v
2014-09-16 17:54,6.604,0.108,0,0,0,0,v
2014-09-16 18:00,6.618,0.099,0,0,0,0,v
2014-09-16 18:06,6.614,0.098,0,0,0,0,v
2014-09-16 18:12,6.600,0.113,0,0,0,0,v
2014-09-16 18:18,6.628,0.107,0,0,0,0,v
2014-09-16 18:24,6.631,0.105,0,0,0,0,v
2014-09-16 18:30,6.613,0.100,0,0,0,0,v
2014-09-16 18:36,6.616,0.108,0,0,0,0,v
2014-09-16 18:42,6.620,0.101,0,0,0,0,v
2014-09-16 18:48,6.632,0.092,0,0,0,0,v
2014-09-16 18:54,6.610,0.086,0,0,0,0,v
2014-09-16 19:00,6.611,0.081,0,0,0,0,v
2014-09-16 19:06,6.592,0.095,0,0,0,0,v
2014-09-16 19:12,6.574,0.091,0,0,0,0,v
2014-09-16 19:18,6.565,0.106,0,0,0,0,v
2014-09-16 19:24,6.565,0.089,0,0,0,0,v
2014-09-16 19:30,6.551,0.093,0,0,0,0,v
2014-09-16 19:36,6.540,0.086,0,0,0,0,v
2014-09-16 19:42,6.530,0.091,0,0,0,0,v
2014-09-16 19:48,6.541,0.095,0,0,0,0,v
2014-09-16 19:54,6.554,0.085,0,0,0,0,v
2014-09-16 20:00,6.554,0.087,0,0,0,0,v
2014-09-16 20:06,6.532,0.116,0,0,0,0,v
2014-09-16 20:12,6.522,0.087,0,0,0,0,v
2014-09-16 20:18,6.520,0.087,0,0,0,0,v
2014-09-16 20:24,6.523,0.104,0,0,0,0,v
2014-09-16 20:30,6.525,0.084,0,0,0,0,v
2014-09-16 20:36,6.521,0.095,0,0,0,0,v
2014-09-16 20:42,6.538,0.104,0,0,0,0,v
2014-09-16 20:48,6.532,0.079,0,0,0,0,v
2014-09-16 20:54,6.535,0.107,0,0,0,0,v
2014-09-16 21:00,6.535,0.085,0,0,0,0,v
2014-09-16 21:06,6.552,0.085,0,0,0,0,v
2014-09-16 21:12,6.543,0.098,0,0,0,0,v
2014-09-16 21:18,6.543,0.098,0,0,0,0,v
2014-09-16 21:24,6.537,0.114,0,0,0,0,v
2014-09-16 21:30,6.522,0.096,0,0,0,0,v
2014-09-16 21:36,6.560,0.097,0,0,0,0,v
2014-09-16 21:42,6.552,0.079,0,0,0,0,v
2014-09-16 21:48,6.572,0.085,0,0,0,0,v
2014-09-16 21:54,6.577,0.086,0,0,0,0,v
2014-09-16 22:00,6.587,0.088,0,0,0,0,v
2014-09-16 22:06,6.571,0.094,0,0,0,0,v
2014-09-16 22:12,6.560,0.085,0,0,0,0,v
2014-09-16 22:18,6.567,0.092,0,0,0,0,v
2014-09-16 22:24,6.565,0.098,0,0,0,0,v
2014-09-16 22:30,6.567,0.094,0,0,0,0,v
2014-09-16 22:36,6.573,0.095,0,0,0,0,v
2014-09-16 22:42,6.579,0.093,0,0,0,0,v
2014-09-16 22:48,6.582,0.103,0,0,0,0,v
2014-09-16 22:54,6.566,0.086,0,0,0,0,v
2014-09-16 23:00,6.553,0.089,0,0,0,0,v
2014-09-16 23:06,6.583,0.089,0,0,0,0,v
2014-09-16 23:12,6.599,0.083,0,0,0,0,v
2014-09-16 23:18,6.607,0.082,0,0,0,0,v
2014-09-16 23:24,6.608,0.079,0,0,0,0,v
2014-09-16 23:30,6.620,0.076,0,0,0,0,v
2014-09-16 23:36,6.622,0.087,0,0,0,0,v
2014-09-16 23:42,6.649,0.087,0,0,0,0,v
2014-09-16 23:48,6.637,0.088,0,0,0,0,v
2014-09-16 23:54,6.632,0.082,0,0,0,0,v
2014-09-17 00:00,6.633,0.090,0,0,0,0,v
2014-09-17 00:06,6.636,0.093,0,0,0,0,v
2014-09-17 00:12,6.647,0.074,0,0,0,0,v
2014-09-17 00:18,6.647,0.094,0,0,0,0,v
2014-09-17 00:24,6.651,0.080,0,0,0,0,v
2014-09-17 00:30,6.662,0.089,0,0,0,0,v
2014-09-17 00:36,6.656,0.078,0,0,0,0,v
2014-09-17 00:42,6.665,0.096,0,0,0,0,v
2014-09-17 00:48,6.705,0.082,0,0,0,0,v
2014-09-17 00:54,6.701,0.090,0,0,0,0,v
2014-09-17 01:00,6.701,0.095,0,0,0,0,v
2014-09-17 01:06,6.718,0.090,0,0,0,0,v
2014-09-17 01:12,6.739,0.091,0,0,0,0,v
2014-09-17 01:18,6.746,0.091,0,0,0,0,v
2014-09-17 01:24,6.737,0.075,0,0,0,0,v
2014-09-17 01:30,6.747,0.086,0,0,0,0,v
2014-09-17 01:36,6.771,0.105,0,0,0,0,v
2014-09-17 01:42,6.793,0.089,0,0,0,0,v
2014-09-17 01:48,6.816,0.093,0,0,0,0,v
2014-09-17 01:54,6.795,0.099,0,0,0,0,v
2014-09-17 02:00,6.805,0.092,0,0,0,0,v
2014-09-17 02:06,6.835,0.088,0,0,0,0,v
2014-09-17 02:12,6.827,0.095,0,0,0,0,v
2014-09-17 02:18,6.838,0.090,0,0,0,0,v
2014-09-17 02:24,6.847,0.094,0,0,0,0,v
2014-09-17 02:30,6.836,0.103,0,0,0,0,v
2014-09-17 02:36,6.823,0.100,0,0,0,0,v
2014-09-17 02:42,6.800,0.100,0,0,0,0,v
2014-09-17 02:48,6.796,0.096,0,0,0,0,v
2014-09-17 02:54,6.816,0.100,0,0,0,0,v
2014-09-17 03:00,6.830,0.094,0,0,0,0,v
2014-09-17 03:06,6.837,0.101,0,0,0,0,v
2014-09-17 03:12,6.852,0.108,0,0,0,0,v
2014-09-17 03:18,6.864,0.105,0,0,0,0,v
2014-09-17 03:24,6.877,0.106,0,0,0,0,v
2014-09-17 03:30,6.866,0.111,0,0,0,0,v
2014-09-17 03:36,6.865,0.092,0,0,0,0,v
2014-09-17 03:42,6.863,0.100,0,0,0,0,v
2014-09-17 03:48,6.867,0.115,0,0,0,0,v
2014-09-17 03:54,6.889,0.111,0,0,0,0,v
2014-09-17 04:00,6.882,0.112,0,0,0,0,v
2014-09-17 04:06,6.904,0.090,0,0,0,0,v
2014-09-17 04:12,6.902,0.104,0,0,0,0,v
2014-09-17 04:18,6.894,0.089,0,0,0,0,v
2014-09-17 04:24,6.893,0.097,0,0,0,0,v
2014-09-17 04:30,6.922,0.097,0,0,0,0,v
2014-09-17 04:36,6.918,0.103,0,0,0,0,v
2014-09-17 04:42,6.944,0.123,0,0,0,0,v
2014-09-17 04:48,6.947,0.103,0,0,0,0,v
2014-09-17 04:54,6.943,0.092,0,0,0,0,v
2014-09-17 05:00,6.914,0.111,0,0,0,0,v
2014-09-17 05:06,6.935,0.116,0,0,0,0,v
2014-09-17 05:12,6.942,0.113,0,0,0,0,v
2014-09-17 05:18,6.954,0.090,0,0,0,0,v
2014-09-17 05:24,6.946,0.117,0,0,0,0,v
2014-09-17 05:30,6.953,0.106,0,0,0,0,v
2014-09-17 05:36,6.936,0.102,0,0,0,0,v
2014-09-17 05:42,6.925,0.114,0,0,0,0,v
2014-09-17 05:48,6.952,0.099,0,0,0,0,v
2014-09-17 05:54,6.966,0.129,0,0,0,0,v
2014-09-17 06:00,6.956,0.104,0,0,0,0,v
2014-09-17 06:06,6.951,0.093,0,0,0,0,v
2014-09-17 06:12,6.960,0.087,0,0,0,0,v
2014-09-17 06:18,6.967,0.114,0,0,0,0,v
2014-09-17 06:24,6.952,0.105,0,0,0,0,v
2014-09-17 06:30,6.974,0.113,0,0,0,0,v
2014-09-17 06:36,6.990,0.126,0,0,0,0,v
2014-09-17 06:42,6.966,0.088,0,0,0,0,v
2014-09-17 06:48,6.966,0.110,0,0,0,0,v
2014-09-17 06:54,6.959,0.115,0,0,0,0,v
2014-09-17 07:00,6.932,0.116,0,0,0,0,v
2014-09-17 07:06,6.937,0.095,0,0,0,0,v
2014-09-17 07:12,6.933,0.101,0,0,0,0,v
2014-09-17 07:18,6.927,0.092,0,0,0,0,v
2014-09-17 07:24,6.921,0.131,0,0,0,0,v
2014-09-17 07:30,6.919,0.088,0,0,0,0,v
2014-09-17 07:36,6.914,0.098,0,0,0,0,v
2014-09-17 07:42,6.886,0.119,0,0,0,0,v
2014-09-17 07:48,6.869,0.110,0,0,0,0,v
2014-09-17 07:54,6.886,0.112,0,0,0,0,v
2014-09-17 08:00,6.908,0.107,0,0,0,0,v
2014-09-17 08:06,6.925,0.104,0,0,0,0,v
2014-09-17 08:12,6.928,0.114,0,0,0,0,v
2014-09-17 08:18,6.915,0.095,0,0,0,0,v
2014-09-17 08:24,6.920,0.106,0,0,0,0,v
2014-09-17 08:30,6.937,0.090,0,0,0,0,v
2014-09-17 08:36,6.940,0.094,0,0,0,0,v
2014-09-17 08:42,6.953,0.112,0,0,0,0,v
2014-09-17 08:48,6.948,0.094,0,0,0,0,v
2014-09-17 08:54,6.943,0.106,0,0,0,0,v
2014-09-17 09:00,6.935,0.110,0,0,0,0,v
2014-09-17 09:06,6.949,0.105,0,0,0,0,v
2014-09-17 09:12,6.966,0.105,0,0,0,0,v
2014-09-17 09:18,6.951,0.097,0,0,0,0,v
2014-09-17 09:24,6.964,0.092,0,0,0,0,v
2014-09-17 09:30,6.968,0.092,0,0,0,0,v
2014-09-17 09:36,6.945,0.101,0,0,0,0,v
2014-09-17 09:42,6.929,0.105,0,0,0,0,v
2014-09-17 09:48,6.912,0.106,0,0,0,0,v
2014-09-17 09:54,6.933,0.098,0,0,0,0,v
2014-09-17 10:00,6.935,0.120,0,0,0,0,v
2014-09-17 10:06,6.935,0.104,0,0,0,0,v
2014-09-17 10:12,6.918,0.107,0,0,0,0,v
2014-09-17 10:18,6.930,0.115,0,0,0,0,v
2014-09-17 10:24,6.938,0.090,0,0,0,0,v
2014-09-17 10:30,6.926,0.107,0,0,0,0,v
2014-09-17 10:36,6.921,0.104,0,0,0,0,v
2014-09-17 10:42,6.915,0.091,0,0,0,0,v
2014-09-17 10:48,6.913,0.094,0,0,0,0,v
2014-09-17 10:54,6.884,0.094,0,0,0,0,v
2014-09-17 11:00,6.858,0.092,0,0,0,0,v
2014-09-17 11:06,6.857,0.098,0,0,0,0,v
2014-09-17 11:12,6.845,0.091,0,0,0,0,v
2014-09-17 11:18,6.871,0.089,0,0,0,0,v
2014-09-17 11:24,6.891,0.094,0,0,0,0,v
2014-09-17 11:30,6.882,0.099,0,0,0,0,v
2014-09-17 11:36,6.895,0.098,0,0,0,0,v
2014-09-17 11:42,6.909,0.089,0,0,0,0,v
2014-09-17 11:48,6.889,0.087,0,0,0,0,v
2014-09-17 11:54,6.882,0.088,0,0,0,0,v
2014-09-17 12:00,6.869,0.100,0,0,0,0,v
2014-09-17 12:06,6.863,0.095,0,0,0,0,v
2014-09-17 12:12,6.877,0.086,0,0,0,0,v
2014-09-17 12:18,6.881,0.104,0,0,0,0,v
2014-09-17 12:24,6.886,0.101,0,0,0,0,v
2014-09-17 12:30,6.888,0.098,0,0,0,0,v
2014-09-17 12:36,6.887,0.096,0,0,0,0,v
2014-09-17 12:42,6.876,0.089,0,0,0,0,v
2014-09-17 12:48,6.864,0.094,0,0,0,0,v
2014-09-17 12:54,6.852,0.093,0,0,0,0,v
2014-09-17 13:00,6.848,0.098,0,0,0,0,v
2014-09-17 13:06,6.862,0.097,0,0,0,0,v
2014-09-17 13:12,6.852,0.094,0,0,0,0,v
2014-09-17 13:18,6.870,0.091,0,0,0,0,v
2014-09-17 13:24,6.857,0.099,0,0,0,0,v
2014-09-17 13:30,6.859,0.081,0,0,0,0,v
2014-09-17 13:36,6.857,0.091,0,0,0,0,v
2014-09-17 13:42,6.857,0.099,0,0,0,0,v
2014-09-17 13:48,6.898,0.098,0,0,0,0,v
2014-09-17 13:54,6.923,0.100,0,0,0,0,v
2014-09-17 14:00,6.914,0.093,0,0,0,0,v
2014-09-17 14:06,6.913,0.102,0,0,0,0,v
2014-09-17 14:12,6.903,0.076,0,0,0,0,v
2014-09-17 14:18,6.895,0.096,0,0,0,0,v
2014-09-17 14:24,6.906,0.081,0,0,0,0,v
2014-09-17 14:30,6.873,0.088,0,0,0,0,v
2014-09-17 14:36,6.888,0.084,0,0,0,0,v
2014-09-17 14:42,6.884,0.095,0,0,0,0,v
2014-09-17 14:48,6.861,0.091,0,0,0,0,v
2014-09-17 14:54,6.862,0.088,0,0,0,0,v
2014-09-17 15:00,6.850,0.072,0,0,0,0,v
2014-09-17 15:06,6.848,0.088,0,0,0,0,v
2014-09-17 15:12,6.852,0.093,0,0,0,0,v
2014-09-17 15:18,6.865,0.092,0,0,0,0,v
2014-09-17 15:24,6.872,0.078,0,0,0,0,v
2014-09-17 15:30,6.858,0.088,0,0,0,0,v
2014-09-17 15:36,6.824,0.089,0,0,0,0,v
2014-09-17 15:42,6.849,0.073,0,0,0,0,v
2014-09-17 15:48,6.851,0.086,0,0,0,0,v
2014-09-17 15:54,6.859,0.086,0,0,0,0,v
2014-09-17 16:00,6.843,0.088,0,0,0,0,v
2014-09-17 16:06,6.858,0.090,0,0,0,0,v
2014-09-17 16:12,6.867,0.076,0,0,0,0,v
2014-09-17 16:18,6.846,0.081,0,0,0,0,v
2014-09-17 16:24,6.841,0.082,0,0,0,0,v
2014-09-17 16:30,6.831,0.082,0,0,0,0,v
2014-09-17 16:36,6.818,0.084,0,0,0,0,v
2014-09-17 16:42,6.810,0.084,0,0,0,0,v
2014-09-17 16:48,6.790,0.079,0,0,0,0,v
2014-09-17 16:54,6.791,0.091,0,0,0,0,v
2014-09-17 17:00,6.776,0.083,0,0,0,0,v
2014-09-17 17:06,6.763,0.075,0,0,0,0,v
2014-09-17 17:12,6.761,0.075,0,0,0,0,v
2014-09-17 17:18,6.757,0.066,0,0,0,0,v
2014-09-17 17:24,6.740,0.087,0,0,0,0,v
2014-09-17 17:30,6.733,0.082,0,0,0,0,v
2014-09-17 17:36,6.754,0.076,0,0,0,0,v
2014-09-17 17:42,6.746,0.072,0,0,0,0,v
2014-09-17 17:48,6.752,0.064,0,0,0,0,v
2014-09-17 17:54,6.743,0.071,0,0,0,0,v
2014-09-17 18:00,6.728,0.082,0,0,0,0,v
2014-09-17 18:06,6.716,0.082,0,0,0,0,v
2014-09-17 18:12,6.710,0.065,0,0,0,0,v
2014-09-17 18:18,6.717,0.072,0,0,0,0,v
2014-09-17 18:24,6.695,0.064,0,0,0,0,v
2014-09-17 18:30,6.694,0.075,0,0,0,0,v
2014-09-17 18:36,6.687,0.075,0,0,0,0,v
2014-09-17 18:42,6.692,0.079,0,0,0,0,v
2014-09-17 18:48,6.707,0.074,0,0,0,0,v
2014-09-17 18:54,6.692,0.070,0,0,0,0,v
2014-09-17 19:00,6.710,0.064,0,0,0,0,v
2014-09-17 19:06,6.701,0.073,0,0,0,0,v
2014-09-17 19:12,6.685,0.072,0,0,0,0,v
2014-09-17 19:18,6.656,0.083,0,0,0,0,v
2014-09-17 19:24,6.656,0.068,0,0,0,0,v
2014-09-17 19:30,6.669,0.072,0,0,0,0,v
2014-09-17 19:36,6.654,0.076,0,0,0,0,v
2014-09-17 19:42,6.646,0.078,0,0,0,0,v
2014-09-17 19:48,6.661,0.070,0,0,0,0,v
2014-09-17 19:54,6.644,0.093,0,0,0,0,v
2014-09-17 20:00,6.638,0.072,0,0,0,0,v
2014-09-17 20:06,6.629,0.069,0,0,0,0,v
2014-09-17 20:12,6.616,0.069,0,0,0,0,v
2014-09-17 20:18,6.622,0.074,0,0,0,0,v
2014-09-17 20:24,6.652,0.077,0,0,0,0,v
2014-09-17 20:30,6.621,0.072,0,0,0,0,v
2014-09-17 20:36,6.610,0.076,0,0,0,0,v
2014-09-17 20:42,6.627,0.082,0,0,0,0,v
2014-09-17 20:48,6.619,0.071,0,0,0,0,v
2014-09-17 20:54,6.635,0.068,0,0,0,0,v
2014-09-17 21:00,6.611,0.069,0,0,0,0,v
2014-09-17 21:06,6.617,0.071,0,0,0,0,v
2014-09-17 21:12,6.642,0.071,0,0,0,0,v
2014-09-17 21:18,6.633,0.069,0,0,0,0,v
2014-09-17 21:24,6.625,0.069,0,0,0,0,v
2014-09-17 21:30,6.620,0.068,0,0,0,0,v
2014-09-17 21:36,6.615,0.065,0,0,0,0,v
2014-09-17 21:42,6.595,0.075,0,0,0,0,v
2014-09-17 21:48,6.581,0.076,0,0,0,0,v
2014-09-17 21:54,6.613,0.066,0,0,0,0,v
2014-09-17 22:00,6.607,0.073,0,0,0,0,v
2014-09-17 22:06,6.618,0.075,0,0,0,0,v
2014-09-17 22:12,6.618,0.077,0,0,0,0,v
2014-09-17 22:18,6.595,0.072,0,0,0,0,v
2014-09-17 22:24,6.595,0.079,0,0,0,0,v
2014-09-17 22:30,6.592,0.067,0,0,0,0,v
2014-09-17 22:36,6.582,0.087,0,0,0,0,v
2014-09-17 22:42,6.572,0.073,0,0,0,0,v
2014-09-17 22:48,6.590,0.070,0,0,0,0,v
2014-09-17 22:54,6.613,0.078,0,0,0,0,v
2014-09-17 23:00,6.626,0.076,0,0,0,0,v
2014-09-17 23:06,6.623,0.064,0,0,0,0,v
2014-09-17 23:12,6.627,0.075,0,0,0,0,v
2014-09-17 23:18,6.605,0.077,0,0,0,0,v
2014-09-17 23:24,6.610,0.070,0,0,0,0,v
2014-09-17 23:30,6.620,0.071,0,0,0,0,v
2014-09-17 23:36,6.609,0.072,0,0,0,0,v
2014-09-17 23:42,6.635,0.069,0,0,0,0,v
2014-09-17 23:48,6.639,0.085,0,0,0,0,v
2014-09-17 23:54,6.655,0.079,0,0,0,0,v
2014-09-18 00:00,6.639,0.080,0,0,0,0,v
2014-09-18 00:06,6.652,0.078,0,0,0,0,v
2014-09-18 00:12,6.658,0.068,0,0,0,0,v
2014-09-18 00:18,6.643,0.069,0,0,0,0,v
2014-09-18 00:24,6.632,0.080,0,0,0,0,v
2014-09-18 00:30,6.664,0.088,0,0,0,0,v
2014-09-18 00:36,6.674,0.059,0,0,0,0,v
2014-09-18 00:42,6.683,0.067,0,0,0,0,v
2014-09-18 00:48,6.676,0.091,0,0,0,0,v
2014-09-18 00:54,6.684,0.083,0,0,0,0,v
2014-09-18 01:00,6.698,0.083,0,0,0,0,v
2014-09-18 01:06,6.710,0.080,0,0,0,0,v
2014-09-18 01:12,6.732,0.080,0,0,0,0,v
2014-09-18 01:18,6.747,0.081,0,0,0,0,v
2014-09-18 01:24,6.745,0.078,0,0,0,0,v
2014-09-18 01:30,6.746,0.081,0,0,0,0,v
2014-09-18 01:36,6.753,0.078,0,0,0,0,v
2014-09-18 01:42,6.754,0.083,0,0,0,0,v
2014-09-18 01:48,6.746,0.079,0,0,0,0,v
2014-09-18 01:54,6.758,0.092,0,0,0,0,v
2014-09-18 02:00,6.741,0.085,0,0,0,0,v
2014-09-18 02:06,6.765,0.089,0,0,0,0,v
2014-09-18 02:12,6.773,0.084,0,0,0,0,v
2014-09-18 02:18,6.802,0.082,0,0,0,0,v
2014-09-18 02:24,6.810,0.087,0,0,0,0,v
2014-09-18 02:30,6.813,0.079,0,0,0,0,v
2014-09-18 02:36,6.795,0.088,0,0,0,0,v
2014-09-18 02:42,6.806,0.089,0,0,0,0,v
2014-09-18 02:48,6.807,0.094,0,0,0,0,v
2014-09-18 02:54,6.814,0.100,0,0,0,0,v
2014-09-18 03:00,6.813,0.083,0,0,0,0,v
2014-09-18 03:06,6.828,0.078,0,0,0,0,v
2014-09-18 03:12,6.826,0.090,0,0,0,0,v
2014-09-18 03:18,6.828,0.089,0,0,0,0,v
2014-09-18 03:24,6.831,0.082,0,0,0,0,v
2014-09-18 03:30,6.846,0.081,0,0,0,0,v
2014-09-18 03:36,6.835,0.081,0,0,0,0,v
2014-09-18 03:42,6.860,0.100,0,0,0,0,v
2014-09-18 03:48,6.860,0.081,0,0,0,0,v
2014-09-18 03:54,6.857,0.090,0,0,0,0,v
2014-09-18 04:00,6.874,0.090,0,0,0,0,v
2014-09-18 04:06,6.876,0.091,0,0,0,0,v
2014-09-18 04:12,6.914,0.088,0,0,0,0,v
2014-09-18 04:18,6.908,0.094,0,0,0,0,v
2014-09-18 04:24,6.914,0.093,0,0,0,0,v
2014-09-18 04:30,6.927,0.081,0,0,0,0,v
2014-09-18 04:36,6.926,0.091,0,0,0,0,v
2014-09-18 04:42,6.933,0.087,0,0,0,0,v
2014-09-18 04:48,6.909,0.086,0,0,0,0,v
2014-09-18 04:54,6.886,0.104,0,0,0,0,v
2014-09-18 05:00,6.898,0.096,0,0,0,0,v
2014-09-18 05:06,6.903,0.096,0,0,0,0,v
2014-09-18 05:12,6.907,0.088,0,0,0,0,v
2014-09-18 05:18,6.917,0.094,0,0,0,0,v
2014-09-18 05:24,6.933,0.094,0,0,0,0,v
2014-09-18 05:30,6.947,0.093,0,0,0,0,v
2014-09-18 05:36,6.948,0.086,0,0,0,0,v
2014-09-18 05:42,6.946,0.086,0,0,0,0,v
2014-09-18 05:48,6.937,0.087,0,0,0,0,v
2014-09-18 05:54,6.940,0.097,0,0,0,0,v
2014-09-18 06:00,6.950,0.102,0,0,0,0,v
2014-09-18 06:06,6.946,0.082,0,0,0,0,v
2014-09-18 06:12,6.952,0.093,0,0,0,0,v
2014-09-18 06:18,6.963,0.098,0,0,0,0,v
2014-09-18 06:24,6.956,0.098,0,0,0,0,v
2014-09-18 06:30,6.959,0.092,0,0,0,0,v
2014-09-18 06:36,6.943,0.092,0,0,0,0,v
2014-09-18 06:42,6.946,0.097,0,0,0,0,v
2014-09-18 06:48,6.926,0.099,0,0,0,0,v
2014-09-18 06:54,6.951,0.107,0,0,0,0,v
2014-09-18 07:00,6.951,0.076,0,0,0,0,v
2014-09-18 07:06,6.950,0.096,0,0,0,0,v
2014-09-18 07:12,6.959,0.092,0,0,0,0,v
2014-09-18 07:18,6.965,0.103,0,0,0,0,v
2014-09-18 07:24,6.953,0.091,0,0,0,0,v
2014-09-18 07:30,6.955,0.098,0,0,0,0,v
2014-09-18 07:36,6.952,0.090,0,0,0,0,v
2014-09-18 07:42,6.932,0.093,0,0,0,0,v
2014-09-18 07:48,6.942,0.098,0,0,0,0,v
2014-09-18 07:54,6.939,0.104,0,0,0,0,v
2014-09-18 08:00,6.937,0.087,0,0,0,0,v
2014-09-18 08:06,6.947,0.093,0,0,0,0,v
2014-09-18 08:12,6.952,0.086,0,0,0,0,v
2014-09-18 08:18,6.944,0.098,0,0,0,0,v
2014-09-18 08:24,6.935,0.089,0,0,0,0,v
2014-09-18 08:30,6.931,0.099,0,0,0,0,v
2014-09-18 08:36,6.926,0.100,0,0,0,0,v
2014-09-18 08:42,6.934,0.101,0,0,0,0,v
2014-09-18 08:48,6.939,0.097,0,0,0,0,v
2014-09-18 08:54,6.935,0.085,0,0,0,0,v
2014-09-18 09:00,6.933,0.091,0,0,0,0,v
2014-09-18 09:06,6.949,0.101,0,0,0,0,v
2014-09-18 09:12,6.930,0.088,0,0,0,0,v
2014-09-18 09:18,6.920,0.091,0,0,0,0,v
2014-09-18 09:24,6.907,0.097,0,0,0,0,v
2014-09-18 09:30,6.927,0.094,0,0,0,0,v
2014-09-18 09:36,6.930,0.087,0,0,0,0,v
2014-09-18 09:42,6.918,0.096,0,0,0,0,v
2014-09-18 09:48,6.912,0.089,0,0,0,0,v
2014-09-18 09:54,6.907,0.077,0,0,0,0,v
2014-09-18 10:00,6.910,0.097,0,0,0,0,v
2014-09-18 10:06,6.886,0.094,0,0,0,0,v
2014-09-18 10:12,6.882,0.096,0,0,0,0,v
2014-09-18 10:18,6.882,0.104,0,0,0,0,v
2014-09-18 10:24,6.872,0.082,0,0,0,0,v
2014-09-18 10:30,6.872,0.088,0,0,0,0,v
2014-09-18 10:36,6.875,0.088,0,0,0,0,v
2014-09-18 10:42,6.875,0.098,0,0,0,0,v
2014-09-18 10:48,6.873,0.083,0,0,0,0,v
2014-09-18 10:54,6.864,0.092,0,0,0,0,v
2014-09-18 11:00,6.868,0.096,0,0,0,0,v
2014-09-18 11:06,6.851,0.096,0,0,0,0,v
2014-09-18 11:12,6.867,0.093,0,0,0,0,v
2014-09-18 11:18,6.861,0.100,0,0,0,0,v
2014-09-18 11:24,6.860,0.079,0,0,0,0,v
2014-09-18 11:30,6.880,0.096,0,0,0,0,v
2014-09-18 11:36,6.876,0.084,0,0,0,0,v
2014-09-18 11:42,6.863,0.082,0,0,0,0,v
2014-09-18 11:48,6.867,0.094,0,0,0,0,v
2014-09-18 11:54,6.853,0.086,0,0,0,0,v
2014-09-18 12:00,6.845,0.081,0,0,0,0,v
2014-09-18 12:06,6.862,0.084,0,0,0,0,v
2014-09-18 12:12,6.851,0.109,0,0,0,0,v
2014-09-18 12:18,6.837,0.085,0,0,0,0,v
2014-09-18 12:24,6.850,0.094,0,0,0,0,v
2014-09-18 12:30,6.860,0.097,0,0,0,0,v
2014-09-18 12:36,6.840,0.087,0,0,0,0,v
2014-09-18 12:42,6.853,0.086,0,0,0,0,v
2014-09-18 12:48,6.838,0.112,0,0,0,0,v
2014-09-18 12:54,6.853,0.083,0,0,0,0,v
2014-09-18 13:00,6.842,0.091,0,0,0,0,v
2014-09-18 13:06,6.839,0.077,0,0,0,0,v
2014-09-18 13:12,6.845,0.083,0,0,0,0,v
2014-09-18 13:18,6.837,0.081,0,0,0,0,v
2014-09-18 13:24,6.836,0.093,0,0,0,0,v
2014-09-18 13:30,6.841,0.087,0,0,0,0,v
2014-09-18 13:36,6.856,0.076,0,0,0,0,v
2014-09-18 13:42,6.868,0.092,0,0,0,0,v
2014-09-18 13:48,6.887,0.079,0,0,0,0,v
2014-09-18 13:54,6.867,0.091,0,0,0,0,v
2014-09-18 14:00,6.848,0.072,0,0,0,0,v
2014-09-18 14:06,6.854,0.087,0,0,0,0,v
2014-09-18 14:12,6.852,0.088,0,0,0,0,v
2014-09-18 14:18,6.840,0.091,0,0,0,0,v
2014-09-18 14:24,6.842,0.084,0,0,0,0,v
2014-09-18 14:30,6.841,0.090,0,0,0,0,v
2014-09-18 14:36,6.852,0.079,0,0,0,0,v
2014-09-18 14:42,6.833,0.090,0,0,0,0,v
2014-09-18 14:48,6.834,0.081,0,0,0,0,v
2014-09-18 14:54,6.837,0.096,0,0,0,0,v
2014-09-18 15:00,6.835,0.088,0,0,0,0,v
2014-09-18 15:06,6.845,0.069,0,0,0,0,v
2014-09-18 15:12,6.857,0.082,0,0,0,0,v
2014-09-18 15:18,6.868,0.082,0,0,0,0,v
2014-09-18 15:24,6.861,0.074,0,0,0,0,v
2014-09-18 15:30,6.853,0.070,0,0,0,0,v
2014-09-18 15:36,6.844,0.082,0,0,0,0,v
2014-09-18 15:42,6.852,0.096,0,0,0,0,v
2014-09-18 15:48,6.822,0.091,0,0,0,0,v
2014-09-18 15:54,6.810,0.086,0,0,0,0,v
2014-09-18 16:00,6.812,0.096,0,0,0,0,v
2014-09-18 16:06,6.827,0.069,0,0,0,0,v
2014-09-18 16:12,6.810,0.089,0,0,0,0,v
2014-09-18 16:18,6.804,0.072,0,0,0,0,v
2014-09-18 16:24,6.806,0.094,0,0,0,0,v
2014-09-18 16:30,6.797,0.089,0,0,0,0,v
2014-09-18 16:36,6.801,0.090,0,0,0,0,v
2014-09-18 16:42,6.795,0.075,0,0,0,0,v
2014-09-18 16:48,6.809,0.092,0,0,0,0,v
2014-09-18 16:54,6.824,0.083,0,0,0,0,v
2014-09-18 17:00,6.813,0.085,0,0,0,0,v
2014-09-18 17:06,6.790,0.072,0,0,0,0,v
2014-09-18 17:12,6.794,0.080,0,0,0,0,v
2014-09-18 17:18,6.790,0.090,0,0,0,0,v
2014-09-18 17:24,6.794,0.084,0,0,0,0,v
2014-09-18 17:30,6.789,0.078,0,0,0,0,v
2014-09-18 17:36,6.785,0.079,0,0,0,0,v
2014-09-18 17:42,6.775,0.088,0,0,0,0,v
2014-09-18 17:48,6.772,0.089,0,0,0,0,v
2014-09-18 17:54,6.759,0.082,0,0,0,0,v
2014-09-18 18:00,6.753,0.096,0,0,0,0,v
2014-09-18 18:06,6.753,0.075,0,0,0,0,v
2014-09-18 18:12,6.747,0.083,0,0,0,0,v
2014-09-18 18:18,6.758,0.082,0,0,0,0,v
2014-09-18 18:24,6.757,0.085,0,0,0,0,v
2014-09-18 18:30,6.759,0.085,0,0,0,0,v
2014-09-18 18:36,6.764,0.091,0,0,0,0,v
2014-09-18 18:42,6.764,0.084,0,0,0,0,v
2014-09-18 18:48,6.757,0.077,0,0,0,0,v
2014-09-18 18:54,6.744,0.092,0,0,0,0,v
2014-09-18 19:00,6.739,0.096,0,0,0,0,v
2014-09-18 19:06,6.716,0.078,0,0,0,0,v
2014-09-18 19:12,6.716,0.077,0,0,0,0,v
2014-09-18 19:18,6.720,0.081,0,0,0,0,v
2014-09-18 19:24,6.728,0.087,0,0,0,0,v
2014-09-18 19:30,6.718,0.080,0,0,0,0,v
2014-09-18 19:36,6.706,0.082,0,0,0,0,v
2014-09-18 19:42,6.690,0.085,0,0,0,0,v
2014-09-18 19:48,6.679,0.078,0,0,0,0,v
2014-09-18 19:54,6.681,0.081,0,0,0,0,v
2014-09-18 20:00,6.673,0.077,0,0,0,0,v
2014-09-18 20:06,6.653,0.085,0,0,0,0,v
2014-09-18 20:12,6.646,0.089,0,0,0,0,v
2014-09-18 20:18,6.624,0.073,0,0,0,0,v
2014-09-18 20:24,6.614,0.079,0,0,0,0,v
2014-09-18 20:30,6.614,0.086,0,0,0,0,v
2014-09-18 20:36,6.605,0.079,0,0,0,0,v
2014-09-18 20:42,6.596,0.077,0,0,0,0,v
2014-09-18 20:48,6.590,0.083,0,0,0,0,v
2014-09-18 20:54,6.583,0.084,0,0,0,0,v
2014-09-18 21:00,6.588,0.084,0,0,0,0,v
2014-09-18 21:06,6.601,0.081,0,0,0,0,v
2014-09-18 21:12,6.596,0.087,0,0,0,0,v
2014-09-18 21:18,6.578,0.080,0,0,0,0,v
2014-09-18 21:24,6.584,0.072,0,0,0,0,v
2014-09-18 21:30,6.577,0.076,0,0,0,0,v
2014-09-18 21:36,6.598,0.087,0,0,0,0,v
2014-09-18 21:42,6.596,0.086,0,0,0,0,v
2014-09-18 21:48,6.589,0.080,0,0,0,0,v
2014-09-18 21:54,6.603,0.087,0,0,0,0,v
2014-09-18 22:00,6.587,0.097,0,0,0,0,v
2014-09-18 22:06,6.594,0.085,0,0,0,0,v
2014-09-18 22:12,6.600,0.078,0,0,0,0,v
2014-09-18 22:18,6.602,0.093,0,0,0,0,v
2014-09-18 22:24,6.590,0.088,0,0,0,0,v
2014-09-18 22:30,6.607,0.088,0,0,0,0,v
2014-09-18 22:36,6.589,0.085,0,0,0,0,v
2014-09-18 22:42,6.594,0.083,0,0,0,0,v
2014-09-18 22:48,6.605,0.085,0,0,0,0,v
2014-09-18 22:54,6.612,0.083,0,0,0,0,v
2014-09-18 23:00,6.616,0.080,0,0,0,0,v
2014-09-18 23:06,6.592,0.084,0,0,0,0,v
2014-09-18 23:12,6.611,0.084,0,0,0,0,v
2014-09-18 23:18,6.611,0.087,0,0,0,0,v
2014-09-18 23:24,6.619,0.087,0,0,0,0,v
2014-09-18 23:30,6.614,0.079,0,0,0,0,v
2014-09-18 23:36,6.616,0.095,0,0,0,0,v
2014-09-18 23:42,6.608,0.074,0,0,0,0,v
2014-09-18 23:48,6.596,0.093,0,0,0,0,v
2014-09-18 23:54,6.600,0.094,0,0,0,0,v
2014-09-19 00:00,6.612,0.095,0,0,0,0,v
2014-09-19 00:06,6.610,0.086,0,0,0,0,v
2014-09-19 00:12,6.605,0.085,0,0,0,0,v
2014-09-19 00:18,6.583,0.090,0,0,0,0,v
2014-09-19 00:24,6.590,0.091,0,0,0,0,v
2014-09-19 00:30,6.608,0.087,0,0,0,0,v
2014-09-19 00:36,6.600,0.095,0,0,0,0,v
2014-09-19 00:42,6.603,0.083,0,0,0,0,v
2014-09-19 00:48,6.604,0.088,0,0,0,0,v
2014-09-19 00:54,6.605,0.093,0,0,0,0,v
2014-09-19 01:00,6.623,0.087,0,0,0,0,v
2014-09-19 01:06,6.625,0.081,0,0,0,0,v
2014-09-19 01:12,6.621,0.085,0,0,0,0,v
2014-09-19 01:18,6.622,0.105,0,0,0,0,v
2014-09-19 01:24,6.632,0.076,0,0,0,0,v
2014-09-19 01:30,6.625,0.083,0,0,0,0,v
2014-09-19 01:36,6.650,0.079,0,0,0,0,v
2014-09-19 01:42,6.672,0.098,0,0,0,0,v
2014-09-19 01:48,6.660,0.095,0,0,0,0,v
2014-09-19 01:54,6.657,0.089,0,0,0,0,v
2014-09-19 02:00,6.652,0.093,0,0,0,0,v
2014-09-19 02:06,6.666,0.085,0,0,0,0,v
2014-09-19 02:12,6.679,0.094,0,0,0,0,v
2014-09-19 02:18,6.694,0.090,0,0,0,0,v
2014-09-19 02:24,6.705,0.088,0,0,0,0,v
2014-09-19 02:30,6.711,0.087,0,0,0,0,v
2014-09-19 02:36,6.724,0.073,0,0,0,0,v
2014-09-19 02:42,6.738,0.086,0,0,0,0,v
2014-09-19 02:48,6.750,0.095,0,0,0,0,v
2014-09-19 02:54,6.743,0.104,0,0,0,0,v
2014-09-19 03:00,6.733,0.093,0,0,0,0,v
2014-09-19 03:06,6.753,0.088,0,0,0,0,v
2014-09-19 03:12,6.771,0.089,0,0,0,0,v
2014-09-19 03:18,6.777,0.076,0,0,0,0,v
2014-09-19 03:24,6.778,0.086,0,0,0,0,v
2014-09-19 03:30,6.785,0.088,0,0,0,0,v
2014-09-19 03:36,6.801,0.094,0,0,0,0,v
2014-09-19 03:42,6.811,0.086,0,0,0,0,v
2014-09-19 03:48,6.810,0.078,0,0,0,0,v
2014-09-19 03:54,6.821,0.095,0,0,0,0,v
2014-09-19 04:00,6.840,0.097,0,0,0,0,v
2014-09-19 04:06,6.864,0.108,0,0,0,0,v
2014-09-19 04:12,6.883,0.073,0,0,0,0,v
2014-09-19 04:18,6.881,0.084,0,0,0,0,v
2014-09-19 04:24,6.881,0.078,0,0,0,0,v
2014-09-19 04:30,6.879,0.094,0,0,0,0,v
2014-09-19 04:36,6.885,0.089,0,0,0,0,v
2014-09-19 04:42,6.895,0.085,0,0,0,0,v
2014-09-19 04:48,6.922,0.102,0,0,0,0,v
2014-09-19 04:54,6.922,0.085,0,0,0,0,v
2014-09-19 05:00,6.935,0.094,0,0,0,0,v
2014-09-19 05:06,6.950,0.079,0,0,0,0,v
2014-09-19 05:12,6.914,0.087,0,0,0,0,v
2014-09-19 05:18,6.930,0.096,0,0,0,0,v
2014-09-19 05:24,6.928,0.081,0,0,0,0,v
2014-09-19 05:30,6.926,0.095,0,0,0,0,v
2014-09-19 05:36,6.932,0.094,0,0,0,0,v
2014-09-19 05:42,6.927,0.094,0,0,0,0,v
2014-09-19 05:48,6.917,0.089,0,0,0,0,v
2014-09-19 05:54,6.910,0.088,0,0,0,0,v
2014-09-19 06:00,6.914,0.075,0,0,0,0,v
2014-09-19 06:06,6.930,0.095,0,0,0,0,v
2014-09-19 06:12,6.931,0.091,0,0,0,0,v
2014-09-19 06:18,6.922,0.076,0,0,0,0,v
2014-09-19 06:24,6.923,0.083,0,0,0,0,v
2014-09-19 06:30,6.936,0.097,0,0,0,0,v
2014-09-19 06:36,6.935,0.089,0,0,0,0,v
2014-09-19 06:42,6.946,0.076,0,0,0,0,v
2014-09-19 06:48,6.946,0.092,0,0,0,0,v
2014-09-19 06:54,6.943,0.079,0,0,0,0,v
2014-09-19 07:00,6.958,0.085,0,0,0,0,v
2014-09-19 07:06,6.950,0.079,0,0,0,0,v
2014-09-19 07:12,6.956,0.094,0,0,0,0,v
2014-09-19 07:18,6.963,0.099,0,0,0,0,v
2014-09-19 07:24,6.945,0.091,0,0,0,0,v
2014-09-19 07:30,6.934,0.087,0,0,0,0,v
2014-09-19 07:36,6.944,0.087,0,0,0,0,v
2014-09-19 07:42,6.924,0.101,0,0,0,0,v
2014-09-19 07:48,6.940,0.085,0,0,0,0,v
2014-09-19 07:54,6.952,0.093,0,0,0,0,v
2014-09-19 08:00,6.948,0.092,0,0,0,0,v
2014-09-19 08:06,6.958,0.081,0,0,0,0,v
2014-09-19 08:12,6.947,0.087,0,0,0,0,v
2014-09-19 08:18,6.960,0.086,0,0,0,0,v
2014-09-19 08:24,6.973,0.093,0,0,0,0,v
2014-09-19 08:30,6.985,0.080,0,0,0,0,v
2014-09-19 08:36,6.979,0.088,0,0,0,0,v
2014-09-19 08:42,6.972,0.097,0,0,0,0,v
2014-09-19 08:48,6.969,0.092,0,0,0,0,v
2014-09-19 08:54,6.965,0.089,0,0,0,0,v
2014-09-19 09:00,6.959,0.096,0,0,0,0,v
2014-09-19 09:06,6.970,0.094,0,0,0,0,v
2014-09-19 09:12,6.971,0.085,0,0,0,0,v
2014-09-19 09:18,6.959,0.091,0,0,0,0,v
2014-09-19 09:24,6.967,0.080,0,0,0,0,v
2014-09-19 09:30,6.955,0.096,0,0,0,0,v
2014-09-19 09:36,6.961,0.095,0,0,0,0,v
2014-09-19 09:42,6.945,0.088,0,0,0,0,v
2014-09-19 09:48,6.947,0.091,0,0,0,0,v
2014-09-19 09:54,6.940,0.088,0,0,0,0,v
2014-09-19 10:00,6.934,0.095,0,0,0,0,v
2014-09-19 10:06,6.945,0.096,0,0,0,0,v
2014-09-19 10:12,6.934,0.091,0,0,0,0,v
2014-09-19 10:18,6.930,0.084,0,0,0,0,v
2014-09-19 10:24,6.929,0.093,0,0,0,0,v
2014-09-19 10:30,6.925,0.074,0,0,0,0,v
2014-09-19 10:36,6.915,0.096,0,0,0,0,v
2014-09-19 10:42,6.909,0.069,0,0,0,0,v
2014-09-19 10:48,6.896,0.088,0,0,0,0,v
2014-09-19 10:54,6.899,0.106,0,0,0,0,v
2014-09-19 11:00,6.888,0.089,0,0,0,0,v
2014-09-19 11:06,6.886,0.083,0,0,0,0,v
2014-09-19 11:12,6.875,0.081,0,0,0,0,v
2014-09-19 11:18,6.877,0.097,0,0,0,0,v
2014-09-19 11:24,6.865,0.083,0,0,0,0,v
2014-09-19 11:30,6.848,0.074,0,0,0,0,v
2014-09-19 11:36,6.860,0.085,0,0,0,0,v
2014-09-19 11:42,6.872,0.090,0,0,0,0,v
2014-09-19 11:48,6.869,0.080,0,0,0,0,v
2014-09-19 11:54,6.851,0.094,0,0,0,0,v
2014-09-19 12:00,6.840,0.081,0,0,0,0,v
2014-09-19 12:06,6.836,0.086,0,0,0,0,v
2014-09-19 12:12,6.866,0.080,0,0,0,0,v
2014-09-19 12:18,6.870,0.088,0,0,0,0,v
2014-09-19 12:24,6.859,0.086,0,0,0,0,v
2014-09-19 12:30,6.875,0.082,0,0,0,0,v
2014-09-19 12:36,6.880,0.077,0,0,0,0,v
2014-09-19 12:42,6.877,0.085,0,0,0,0,v
2014-09-19 12:48,6.882,0.088,0,0,0,0,v
2014-09-19 12:54,6.888,0.086,0,0,0,0,v
2014-09-19 13:00,6.892,0.082,0,0,0,0,v
2014-09-19 13:06,6.876,0.085,0,0,0,0,v
2014-09-19 13:12,6.879,0.076,0,0,0,0,v
2014-09-19 13:18,6.878,0.076,0,0,0,0,v
2014-09-19 13:24,6.865,0.077,0,0,0,0,v
2014-09-19 13:30,6.878,0.078,0,0,0,0,v
2014-09-19 13:36,6.876,0.067,0,0,0,0,v
2014-09-19 13:42,6.850,0.090,0,0,0,0,v
2014-09-19 13:48,6.843,0.089,0,0,0,0,v
2014-09-19 13:54,6.854,0.091,0,0,0,0,v
2014-09-19 14:00,6.837,0.079,0,0,0,0,v
2014-09-19 14:06,6.867,0.083,0,0,0,0,v
2014-09-19 14:12,6.849,0.077,0,0,0,0,v
2014-09-19 14:18,6.865,0.076,0,0,0,0,v
2014-09-19 14:24,6.866,0.083,0,0,0,0,v
2014-09-19 14:30,6.872,0.075,0,0,0,0,v
2014-09-19 14:36,6.862,0.083,0,0,0,0,v
2014-09-19 14:42,6.857,0.076,0,0,0,0,v
2014-09-19 14:48,6.873,0.082,0,0,0,0,v
2014-09-19 14:54,6.860,0.085,0,0,0,0,v
2014-09-19 15:00,6.858,0.093,0,0,0,0,v
2014-09-19 15:06,6.852,0.063,0,0,0,0,v
2014-09-19 15:12,6.826,0.080,0,0,0,0,v
2014-09-19 15:18,6.825,0.077,0,0,0,0,v
2014-09-19 15:24,6.839,0.068,0,0,0,0,v
2014-09-19 15:30,6.851,0.077,0,0,0,0,v
2014-09-19 15:36,6.841,0.073,0,0,0,0,v
2014-09-19 15:42,6.839,0.073,0,0,0,0,v
2014-09-19 15:48,6.843,0.076,0,0,0,0,v
2014-09-19 15:54,6.850,0.084,0,0,0,0,v
2014-09-19 16:00,6.858,0.089,0,0,0,0,v
2014-09-19 16:06,6.842,0.081,0,0,0,0,v
2014-09-19 16:12,6.833,0.090,0,0,0,0,v
2014-09-19 16:18,6.850,0.076,0,0,0,0,v
2014-09-19 16:24,6.808,0.068,0,0,0,0,v
2014-09-19 16:30,6.818,0.077,0,0,0,0,v
2014-09-19 16:36,6.820,0.082,0,0,0,0,v
2014-09-19 16:42,6.858,0.073,0,0,0,0,v
2014-09-19 16:48,6.847,0.071,0,0,0,0,v
2014-09-19 16:54,6.810,0.071,0,0,0,0,v
2014-09-19 17:00,6.812,0.070,0,0,0,0,v
2014-09-19 17:06,6.792,0.073,0,0,0,0,v
2014-09-19 17:12,6.804,0.066,0,0,0,0,v
2014-09-19 17:18,6.805,0.074,0,0,0,0,v
2014-09-19 17:24,6.799,0.083,0,0,0,0,v
2014-09-19 17:30,6.825,0.091,0,0,0,0,v
2014-09-19 17:36,6.836,0.092,0,0,0,0,v
2014-09-19 17:42,6.851,0.081,0,0,0,0,v
2014-09-19 17:48,6.857,0.088,0,0,0,0,v
2014-09-19 17:54,6.860,0.094,0,0,0,0,v
2014-09-19 18:00,6.830,0.070,0,0,0,0,v
2014-09-19 18:06,6.858,0.070,0,0,0,0,v
2014-09-19 18:12,6.871,0.072,0,0,0,0,v
2014-09-19 18:18,6.861,0.068,0,0,0,0,v
2014-09-19 18:24,6.846,0.077,0,0,0,0,v
2014-09-19 18:30,6.842,0.083,0,0,0,0,v
2014-09-19 18:36,6.858,0.071,0,0,0,0,v
2014-09-19 18:42,6.838,0.075,0,0,0,0,v
2014-09-19 18:48,6.840,0.082,0,0,0,0,v
2014-09-19 18:54,6.826,0.067,0,0,0,0,v
2014-09-19 19:00,6.817,0.060,0,0,0,0,v
2014-09-19 19:06,6.819,0.072,0,0,0,0,v
2014-09-19 19:12,6.820,0.077,0,0,0,0,v
2014-09-19 19:18,6.806,0.076,0,0,0,0,v
2014-09-19 19:24,6.793,0.072,0,0,0,0,v
2014-09-19 19:30,6.805,0.068,0,0,0,0,v
2014-09-19 19:36,6.797,0.074,0,0,0,0,v
2014-09-19 19:42,6.786,0.076,0,0,0,0,v
2014-09-19 19:48,6.799,0.085,0,0,0,0,v
2014-09-19 19:54,6.779,0.084,0,0,0,0,v
2014-09-19 20:00,6.772,0.084,0,0,0,0,v
2014-09-19 20:06,6.761,0.066,0,0,0,0,v
2014-09-19 20:12,6.760,0.070,0,0,0,0,v
2014-09-19 20:18,6.765,0.074,0,0,0,0,v
2014-09-19 20:24,6.748,0.072,0,0,0,0,v
2014-09-19 20:30,6.739,0.085,0,0,0,0,v
2014-09-19 20:36,6.756,0.065,0,0,0,0,v
2014-09-19 20:42,6.747,0.084,0,0,0,0,v
2014-09-19 20:48,6.752,0.078,0,0,0,0,v
2014-09-19 20:54,6.729,0.081,0,0,0,0,v
2014-09-19 21:00,6.686,0.077,0,0,0,0,v
2014-09-19 21:06,6.686,0.076,0,0,0,0,v
2014-09-19 21:12,6.735,0.067,0,0,0,0,v
2014-09-19 21:18,6.713,0.080,0,0,0,0,v
2014-09-19 21:24,6.704,0.078,0,0,0,0,v
2014-09-19 21:30,6.683,0.077,0,0,0,0,v
2014-09-19 21:36,6.674,0.075,0,0,0,0,v
2014-09-19 21:42,6.672,0.077,0,0,0,0,v
2014-09-19 21:48,6.688,0.089,0,0,0,0,v
2014-09-19 21:54,6.698,0.088,0,0,0,0,v
2014-09-19 22:00,6.705,0.095,0,0,0,0,v
2014-09-19 22:06,6.705,0.079,0,0,0,0,v
2014-09-19 22:12,6.687,0.095,0,0,0,0,v
2014-09-19 22:18,6.694,0.089,0,0,0,0,v
2014-09-19 22:24,6.708,0.097,0,0,0,0,v
2014-09-19 22:30,6.698,0.090,0,0,0,0,v
2014-09-19 22:36,6.697,0.089,0,0,0,0,v
2014-09-19 22:42,6.691,0.096,0,0,0,0,v
2014-09-19 22:48,6.711,0.088,0,0,0,0,v
2014-09-19 22:54,6.732,0.098,0,0,0,0,v
2014-09-19 23:00,6.721,0.095,0,0,0,0,v
2014-09-19 23:06,6.717,0.087,0,0,0,0,v
2014-09-19 23:12,6.706,0.080,0,0,0,0,v
2014-09-19 23:18,6.691,0.086,0,0,0,0,v
2014-09-19 23:24,6.696,0.095,0,0,0,0,v
2014-09-19 23:30,6.671,0.093,0,0,0,0,v
2014-09-19 23:36,6.671,0.086,0,0,0,0,v
2014-09-19 23:42,6.668,0.097,0,0,0,0,v
2014-09-19 23:48,6.674,0.091,0,0,0,0,v
2014-09-19 23:54,6.670,0.094,0,0,0,0,v
2014-09-20 00:00,6.672,0.093,0,0,0,0,v
2014-09-20 00:06,6.671,0.098,0,0,0,0,v
2014-09-20 00:12,6.672,0.093,0,0,0,0,v
2014-09-20 00:18,6.675,0.109,0,0,0,0,v
2014-09-20 00:24,6.666,0.095,0,0,0,0,v
2014-09-20 00:30,6.675,0.096,0,0,0,0,v
2014-09-20 00:36,6.680,0.097,0,0,0,0,v
2014-09-20 00:42,6.691,0.110,0,0,0,0,v
2014-09-20 00:48,6.684,0.102,0,0,0,0,v
2014-09-20 00:54,6.684,0.102,0,0,0,0,v
2014-09-20 01:00,6.671,0.098,0,0,0,0,v
2014-09-20 01:06,6.674,0.105,0,0,0,0,v
2014-09-20 01:12,6.683,0.102,0,0,0,0,v
2014-09-20 01:18,6.676,0.101,0,0,0,0,v
2014-09-20 01:24,6.688,0.101,0,0,0,0,v
2014-09-20 01:30,6.720,0.131,0,0,0,0,v
2014-09-20 01:36,6.719,0.098,0,0,0,0,v
2014-09-20 01:42,6.699,0.109,0,0,0,0,v
2014-09-20 01:48,6.691,0.105,0,0,0,0,v
2014-09-20 01:54,6.685,0.116,0,0,0,0,v
2014-09-20 02:00,6.704,0.096,0,0,0,0,v
2014-09-20 02:06,6.689,0.110,0,0,0,0,v
2014-09-20 02:12,6.685,0.092,0,0,0,0,v
2014-09-20 02:18,6.685,0.099,0,0,0,0,v
2014-09-20 02:24,6.718,0.107,0,0,0,0,v
2014-09-20 02:30,6.726,0.096,0,0,0,0,v
2014-09-20 02:36,6.722,0.109,0,0,0,0,v
2014-09-20 02:42,6.719,0.111,0,0,0,0,v
2014-09-20 02:48,6.751,0.098,0,0,0,0,v
2014-09-20 02:54,6.766,0.102,0,0,0,0,v
2014-09-20 03:00,6.767,0.100,0,0,0,0,v
2014-09-20 03:06,6.784,0.100,0,0,0,0,v
2014-09-20 03:12,6.767,0.102,0,0,0,0,v
2014-09-20 03:18,6.805,0.103,0,0,0,0,v
2014-09-20 03:24,6.808,0.099,0,0,0,0,v
2014-09-20 03:30,6.822,0.112,0,0,0,0,v
2014-09-20 03:36,6.825,0.113,0,0,0,0,v
2014-09-20 03:42,6.826,0.127,0,0,0,0,v
2014-09-20 03:48,6.840,0.110,0,0,0,0,v
2014-09-20 03:54,6.878,0.099,0,0,0,0,v
2014-09-20 04:00,6.892,0.111,0,0,0,0,v
2014-09-20 04:06,6.885,0.112,0,0,0,0,v
2014-09-20 04:12,6.904,0.117,0,0,0,0,v
2014-09-20 04:18,6.912,0.104,0,0,0,0,v
2014-09-20 04:24,6.920,0.090,0,0,0,0,v
2014-09-20 04:30,6.922,0.111,0,0,0,0,v
2014-09-20 04:36,6.896,0.102,0,0,0,0,v
2014-09-20 04:42,6.890,0.117,0,0,0,0,v
2014-09-20 04:48,6.906,0.091,0,0,0,0,v
2014-09-20 04:54,6.909,0.117,0,0,0,0,v
2014-09-20 05:00,6.905,0.121,0,0,0,0,v
2014-09-20 05:06,6.927,0.110,0,0,0,0,v
2014-09-20 05:12,6.919,0.120,0,0,0,0,v
2014-09-20 05:18,6.919,0.110,0,0,0,0,v
2014-09-20 05:24,6.907,0.111,0,0,0,0,v
2014-09-20 05:30,6.909,0.102,0,0,0,0,v
2014-09-20 05:36,6.929,0.115,0,0,0,0,v
2014-09-20 05:42,6.931,0.109,0,0,0,0,v
2014-09-20 05:48,6.942,0.093,0,0,0,0,v
2014-09-20 05:54,6.927,0.102,0,0,0,0,v
2014-09-20 06:00,6.941,0.112,0,0,0,0,v
2014-09-20 06:06,6.927,0.106,0,0,0,0,v
2014-09-20 06:12,6.934,0.113,0,0,0,0,v
2014-09-20 06:18,6.964,0.091,0,0,0,0,v
2014-09-20 06:24,6.982,0.097,0,0,0,0,v
2014-09-20 06:30,6.983,0.110,0,0,0,0,v
2014-09-20 06:36,7.004,0.091,0,0,0,0,v
2014-09-20 06:42,6.992,0.088,0,0,0,0,v
2014-09-20 06:48,7.009,0.102,0,0,0,0,v
2014-09-20 06:54,7.011,0.089,0,0,0,0,v
2014-09-20 07:00,6.993,0.099,0,0,0,0,v
2014-09-20 07:06,7.020,0.109,0,0,0,0,v
2014-09-20 07:12,7.006,0.101,0,0,0,0,v
2014-09-20 07:18,7.002,0.098,0,0,0,0,v
2014-09-20 07:24,6.994,0.110,0,0,0,0,v
2014-09-20 07:30,7.002,0.099,0,0,0,0,v
2014-09-20 07:36,6.997,0.093,0,0,0,0,v
2014-09-20 07:42,6.983,0.111,0,0,0,0,v
2014-09-20 07:48,6.979,0.101,0,0,0,0,v
2014-09-20 07:54,6.986,0.115,0,0,0,0,v
2014-09-20 08:00,6.985,0.100,0,0,0,0,v
2014-09-20 08:06,6.985,0.107,0,0,0,0,v
2014-09-20 08:12,6.986,0.107,0,0,0,0,v
2014-09-20 08:18,6.985,0.099,0,0,0,0,v
2014-09-20 08:24,6.983,0.117,0,0,0,0,v
2014-09-20 08:30,7.002,0.119,0,0,0,0,v
2014-09-20 08:36,6.993,0.087,0,0,0,0,v
2014-09-20 08:42,6.993,0.113,0,0,0,0,v
2014-09-20 08:48,6.998,0.098,0,0,0,0,v
2014-09-20 08:54,6.984,0.109,0,0,0,0,v
2014-09-20 09:00,6.971,0.079,0,0,0,0,v
2014-09-20 09:06,6.949,0.091,0,0,0,0,v
2014-09-20 09:12,6.961,0.097,0,0,0,0,v
2014-09-20 09:18,6.964,0.093,0,0,0,0,v
2014-09-20 09:24,6.954,0.112,0,0,0,0,v
2014-09-20 09:30,6.934,0.093,0,0,0,0,v
2014-09-20 09:36,6.927,0.081,0,0,0,0,v
2014-09-20 09:42,6.950,0.090,0,0,0,0,v
2014-09-20 09:48,6.968,0.092,0,0,0,0,v
2014-09-20 09:54,6.939,0.087,0,0,0,0,v
2014-09-20 10:00,6.959,0.087,0,0,0,0,v
2014-09-20 10:06,6.935,0.085,0,0,0,0,v
2014-09-20 10:12,6.927,0.077,0,0,0,0,v
2014-09-20 10:18,6.923,0.102,0,0,0,0,v
2014-09-20 10:24,6.949,0.093,0,0,0,0,v
2014-09-20 10:30,6.946,0.084,0,0,0,0,v
2014-09-20 10:36,6.948,0.091,0,0,0,0,v
2014-09-20 10:42,6.951,0.077,0,0,0,0,v
2014-09-20 10:48,6.948,0.093,0,0,0,0,v
2014-09-20 10:54,6.958,0.087,0,0,0,0,v
2014-09-20 11:00,6.942,0.089,0,0,0,0,v
2014-09-20 11:06,6.936,0.089,0,0,0,0,v
2014-09-20 11:12,6.942,0.091,0,0,0,0,v
2014-09-20 11:18,6.932,0.081,0,0,0,0,v
2014-09-20 11:24,6.948,0.085,0,0,0,0,v
2014-09-20 11:30,6.953,0.082,0,0,0,0,v
2014-09-20 11:36,6.952,0.091,0,0,0,0,v
2014-09-20 11:42,6.954,0.089,0,0,0,0,v
2014-09-20 11:48,6.937,0.085,0,0,0,0,v
2014-09-20 11:54,6.930,0.076,0,0,0,0,v
2014-09-20 12:00,6.933,0.099,0,0,0,0,v
2014-09-20 12:06,6.905,0.070,0,0,0,0,v
2014-09-20 12:12,6.928,0.082,0,0,0,0,v
2014-09-20 12:18,6.949,0.088,0,0,0,0,v
2014-09-20 12:24,6.931,0.087,0,0,0,0,v
2014-09-20 12:30,6.893,0.070,0,0,0,0,v
2014-09-20 12:36,6.924,0.086,0,0,0,0,v
2014-09-20 12:42,6.945,0.083,0,0,0,0,v
2014-09-20 12:48,6.955,0.081,0,0,0,0,v
2014-09-20 12:54,6.924,0.083,0,0,0,0,v
2014-09-20 13:00,6.925,0.074,0,0,0,0,v
2014-09-20 13:06,6.911,0.097,0,0,0,0,v
2014-09-20 13:12,6.902,0.082,0,0,0,0,v
2014-09-20 13:18,6.917,0.063,0,0,0,0,v
2014-09-20 13:24,6.894,0.078,0,0,0,0,v
2014-09-20 13:30,6.906,0.076,0,0,0,0,v
2014-09-20 13:36,6.904,0.079,0,0,0,0,v
2014-09-20 13:42,6.906,0.075,0,0,0,0,v
2014-09-20 13:48,6.881,0.080,0,0,0,0,v
2014-09-20 13:54,6.883,0.093,0,0,0,0,v
2014-09-20 14:00,6.879,0.082,0,0,0,0,v
2014-09-20 14:06,6.885,0.068,0,0,0,0,v
2014-09-20 14:12,6.889,0.086,0,0,0,0,v
2014-09-20 14:18,6.871,0.086,0,0,0,0,v
2014-09-20 14:24,6.857,0.088,0,0,0,0,v
2014-09-20 14:30,6.861,0.075,0,0,0,0,v
2014-09-20 14:36,6.874,0.092,0,0,0,0,v
2014-09-20 14:42,6.879,0.076,0,0,0,0,v
2014-09-20 14:48,6.881,0.085,0,0,0,0,v
2014-09-20 14:54,6.879,0.078,0,0,0,0,v
2014-09-20 15:00,6.885,0.086,0,0,0,0,v
2014-09-20 15:06,6.895,0.092,0,0,0,0,v
2014-09-20 15:12,6.893,0.074,0,0,0,0,v
2014-09-20 15:18,6.904,0.081,0,0,0,0,v
2014-09-20 15:24,6.903,0.097,0,0,0,0,v
2014-09-20 15:30,6.912,0.073,0,0,0,0,v
2014-09-20 15:36,6.932,0.065,0,0,0,0,v
2014-09-20 15:42,6.948,0.086,0,0,0,0,v
2014-09-20 15:48,6.968,0.094,0,0,0,0,v
2014-09-20 15:54,6.965,0.081,0,0,0,0,v
2014-09-20 16:00,6.972,0.085,0,0,0,0,v
2014-09-20 16:06,6.975,0.070,0,0,0,0,v
2014-09-20 16:12,6.952,0.091,0,0,0,0,v
2014-09-20 16:18,6.932,0.091,0,0,0,0,v
2014-09-20 16:24,6.903,0.091,0,0,0,0,v
2014-09-20 16:30,6.918,0.084,0,0,0,0,v
2014-09-20 16:36,6.911,0.091,0,0,0,0,v
2014-09-20 16:42,6.914,0.088,0,0,0,0,v
2014-09-20 16:48,6.936,0.082,0,0,0,0,v
2014-09-20 16:54,6.929,0.082,0,0,0,0,v
2014-09-20 17:00,6.940,0.076,0,0,0,0,v
2014-09-20 17:06,6.909,0.062,0,0,0,0,v
2014-09-20 17:12,6.919,0.082,0,0,0,0,v
2014-09-20 17:18,6.934,0.098,0,0,0,0,v
2014-09-20 17:24,6.926,0.085,0,0,0,0,v
2014-09-20 17:30,6.919,0.095,0,0,0,0,v
2014-09-20 17:36,6.941,0.087,0,0,0,0,v
2014-09-20 17:42,6.940,0.095,0,0,0,0,v
2014-09-20 17:48,6.964,0.104,0,0,0,0,v
2014-09-20 17:54,6.955,0.103,0,0,0,0,v
2014-09-20 18:00,6.956,0.094,0,0,0,0,v
2014-09-20 18:06,6.936,0.092,0,0,0,0,v
2014-09-20 18:12,6.936,0.075,0,0,0,0,v
2014-09-20 18:18,6.925,0.087,0,0,0,0,v
2014-09-20 18:24,6.912,0.089,0,0,0,0,v
2014-09-20 18:30,6.928,0.085,0,0,0,0,v
2014-09-20 18:36,6.939,0.087,0,0,0,0,v
2014-09-20 18:42,6.940,0.075,0,0,0,0,v
2014-09-20 18:48,6.921,0.090,0,0,0,0,v
2014-09-20 18:54,6.908,0.092,0,0,0,0,v
2014-09-20 19:00,6.909,0.077,0,0,0,0,v
2014-09-20 19:06,6.922,0.081,0,0,0,0,v
2014-09-20 19:12,6.912,0.081,0,0,0,0,v
2014-09-20 19:18,6.902,0.083,0,0,0,0,v
2014-09-20 19:24,6.912,0.089,0,0,0,0,v
2014-09-20 19:30,6.898,0.078,0,0,0,0,v
2014-09-20 19:36,6.899,0.090,0,0,0,0,v
2014-09-20 19:42,6.875,0.087,0,0,0,0,v
2014-09-20 19:48,6.898,0.096,0,0,0,0,v
2014-09-20 19:54,6.879,0.087,0,0,0,0,v
2014-09-20 20:00,6.874,0.090,0,0,0,0,v
2014-09-20 20:06,6.859,0.079,0,0,0,0,v
2014-09-20 20:12,6.859,0.083,0,0,0,0,v
2014-09-20 20:18,6.837,0.076,0,0,0,0,v
2014-09-20 20:24,6.792,0.086,0,0,0,0,v
2014-09-20 20:30,6.793,0.096,0,0,0,0,v
2014-09-20 20:36,6.810,0.075,0,0,0,0,v
2014-09-20 20:42,6.802,0.087,0,0,0,0,v
2014-09-20 20:48,6.808,0.088,0,0,0,0,v
2014-09-20 20:54,6.829,0.064,0,0,0,0,v
2014-09-20 21:00,6.853,0.081,0,0,0,0,v
2014-09-20 21:06,6.850,0.087,0,0,0,0,v
2014-09-20 21:12,6.852,0.077,0,0,0,0,v
2014-09-20 21:18,6.839,0.074,0,0,0,0,v
2014-09-20 21:24,6.830,0.065,0,0,0,0,v
2014-09-20 21:30,6.816,0.079,0,0,0,0,v
2014-09-20 21:36,6.798,0.074,0,0,0,0,v
2014-09-20 21:42,6.791,0.085,0,0,0,0,v
2014-09-20 21:48,6.796,0.060,0,0,0,0,v
2014-09-20 21:54,6.789,0.071,0,0,0,0,v
2014-09-20 22:00,6.790,0.074,0,0,0,0,v
2014-09-20 22:06,6.792,0.069,0,0,0,0,v
2014-09-20 22:12,6.791,0.068,0,0,0,0,v
2014-09-20 22:18,6.789,0.073,0,0,0,0,v
2014-09-20 22:24,6.797,0.093,0,0,0,0,v
2014-09-20 22:30,6.789,0.068,0,0,0,0,v
2014-09-20 22:36,6.796,0.079,0,0,0,0,v
2014-09-20 22:42,6.790,0.071,0,0,0,0,v
2014-09-20 22:48,6.789,0.078,0,0,0,0,v
2014-09-20 22:54,6.793,0.069,0,0,0,0,v
2014-09-20 23:00,6.793,0.067,0,0,0,0,v
2014-09-20 23:06,6.758,0.075,0,0,0,0,v
2014-09-20 23:12,6.764,0.067,0,0,0,0,v
2014-09-20 23:18,6.748,0.072,0,0,0,0,v
2014-09-20 23:24,6.732,0.065,0,0,0,0,v
2014-09-20 23:30,6.735,0.066,0,0,0,0,v
2014-09-20 23:36,6.742,0.073,0,0,0,0,v
2014-09-20 23:42,6.756,0.078,0,0,0,0,v
2014-09-20 23:48,6.751,0.065,0,0,0,0,v
2014-09-20 23:54,6.735,0.067,0,0,0,0,v
2014-09-21 00:00,6.724,0.070,0,0,0,0,v
2014-09-21 00:06,6.741,0.067,0,0,0,0,v
2014-09-21 00:12,6.756,0.082,0,0,0,0,v
2014-09-21 00:18,6.750,0.081,0,0,0,0,v
2014-09-21 00:24,6.768,0.077,0,0,0,0,v
2014-09-21 00:30,6.762,0.072,0,0,0,0,v
2014-09-21 00:36,6.750,0.079,0,0,0,0,v
2014-09-21 00:42,6.746,0.074,0,0,0,0,v
2014-09-21 00:48,6.732,0.074,0,0,0,0,v
2014-09-21 00:54,6.721,0.062,0,0,0,0,v
2014-09-21 01:00,6.715,0.075,0,0,0,0,v
2014-09-21 01:06,6.708,0.073,0,0,0,0,v
2014-09-21 01:12,6.708,0.069,0,0,0,0,v
2014-09-21 01:18,6.714,0.068,0,0,0,0,v
2014-09-21 01:24,6.718,0.064,0,0,0,0,v
2014-09-21 01:30,6.715,0.075,0,0,0,0,v
2014-09-21 01:36,6.734,0.076,0,0,0,0,v
2014-09-21 01:42,6.740,0.077,0,0,0,0,v
2014-09-21 01:48,6.751,0.077,0,0,0,0,v
2014-09-21 01:54,6.773,0.080,0,0,0,0,v
2014-09-21 02:00,6.757,0.069,0,0,0,0,v
2014-09-21 02:06,6.752,0.075,0,0,0,0,v
2014-09-21 02:12,6.759,0.073,0,0,0,0,v
2014-09-21 02:18,6.772,0.059,0,0,0,0,v
2014-09-21 02:24,6.768,0.074,0,0,0,0,v
2014-09-21 02:30,6.770,0.079,0,0,0,0,v
2014-09-21 02:36,6.773,0.079,0,0,0,0,v
2014-09-21 02:42,6.772,0.067,0,0,0,0,v
2014-09-21 02:48,6.796,0.076,0,0,0,0,v
2014-09-21 02:54,6.807,0.075,0,0,0,0,v
2014-09-21 03:00,6.812,0.084,0,0,0,0,v
2014-09-21 03:06,6.797,0.085,0,0,0,0,v
2014-09-21 03:12,6.790,0.085,0,0,0,0,v
2014-09-21 03:18,6.833,0.095,0,0,0,0,v
2014-09-21 03:24,6.869,0.080,0,0,0,0,v
2014-09-21 03:30,6.871,0.075,0,0,0,0,v
2014-09-21 03:36,6.872,0.085,0,0,0,0,v
2014-09-21 03:42,6.883,0.088,0,0,0,0,v
2014-09-21 03:48,6.894,0.089,0,0,0,0,v
2014-09-21 03:54,6.905,0.094,0,0,0,0,v
2014-09-21 04:00,6.918,0.083,0,0,0,0,v
2014-09-21 04:06,6.907,0.089,0,0,0,0,v
2014-09-21 04:12,6.915,0.088,0,0,0,0,v
2014-09-21 04:18,6.917,0.094,0,0,0,0,v
2014-09-21 04:24,6.946,0.086,0,0,0,0,v
2014-09-21 04:30,6.955,0.092,0,0,0,0,v
2014-09-21 04:36,6.962,0.082,0,0,0,0,v
2014-09-21 04:42,6.952,0.103,0,0,0,0,v
2014-09-21 04:48,6.960,0.088,0,0,0,0,v
2014-09-21 04:54,6.979,0.092,0,0,0,0,v
2014-09-21 05:00,6.985,0.097,0,0,0,0,v
2014-09-21 05:06,6.970,0.110,0,0,0,0,v
2014-09-21 05:12,6.980,0.104,0,0,0,0,v
2014-09-21 05:18,6.995,0.090,0,0,0,0,v
2014-09-21 05:24,6.977,0.088,0,0,0,0,v
2014-09-21 05:30,6.975,0.093,0,0,0,0,v
2014-09-21 05:36,6.986,0.096,0,0,0,0,v
2014-09-21 05:42,7.020,0.091,0,0,0,0,v
2014-09-21 05:48,7.031,0.090,0,0,0,0,v
2014-09-21 05:54,7.028,0.087,0,0,0,0,v
2014-09-21 06:00,7.037,0.094,0,0,0,0,v
2014-09-21 06:06,7.027,0.092,0,0,0,0,v
2014-09-21 06:12,7.034,0.093,0,0,0,0,v
2014-09-21 06:18,7.038,0.091,0,0,0,0,v
2014-09-21 06:24,7.061,0.089,0,0,0,0,v
2014-09-21 06:30,7.053,0.084,0,0,0,0,v
2014-09-21 06:36,7.056,0.084,0,0,0,0,v
2014-09-21 06:42,7.073,0.092,0,0,0,0,v
2014-09-21 06:48,7.075,0.085,0,0,0,0,v
2014-09-21 06:54,7.082,0.105,0,0,0,0,v
2014-09-21 07:00,7.074,0.092,0,0,0,0,v
2014-09-21 07:06,7.072,0.105,0,0,0,0,v
2014-09-21 07:12,7.087,0.086,0,0,0,0,v
2014-09-21 07:18,7.077,0.104,0,0,0,0,v
2014-09-21 07:24,7.084,0.108,0,0,0,0,v
2014-09-21 07:30,7.086,0.095,0,0,0,0,v
2014-09-21 07:36,7.086,0.092,0,0,0,0,v
2014-09-21 07:42,7.083,0.078,0,0,0,0,v
2014-09-21 07:48,7.088,0.085,0,0,0,0,v
2014-09-21 07:54,7.081,0.092,0,0,0,0,v
2014-09-21 08:00,7.063,0.091,0,0,0,0,v
2014-09-21 08:06,7.067,0.098,0,0,0,0,v
2014-09-21 08:12,7.064,0.088,0,0,0,0,v
2014-09-21 08:18,7.089,0.093,0,0,0,0,v
2014-09-21 08:24,7.087,0.103,0,0,0,0,v
2014-09-21 08:30,7.072,0.098,0,0,0,0,v
2014-09-21 08:36,7.076,0.099,0,0,0,0,v
2014-09-21 08:42,7.069,0.096,0,0,0,0,v
2014-09-21 08:48,7.085,0.106,0,0,0,0,v
2014-09-21 08:54,7.082,0.086,0,0,0,0,v
2014-09-21 09:00,7.073,0.104,0,0,0,0,v
2014-09-21 09:06,7.078,0.110,0,0,0,0,v
2014-09-21 09:12,7.085,0.100,0,0,0,0,v
2014-09-21 09:18,7.085,0.095,0,0,0,0,v
2014-09-21 09:24,7.086,0.095,0,0,0,0,v
2014-09-21 09:30,7.091,0.101,0,0,0,0,v
2014-09-21 09:36,7.095,0.098,0,0,0,0,v
2014-09-21 09:42,7.095,0.095,0,0,0,0,v
2014-09-21 09:48,7.090,0.100,0,0,0,0,v
2014-09-21 09:54,7.099,0.106,0,0,0,0,v
2014-09-21 10:00,7.104,0.095,0,0,0,0,v
2014-09-21 10:06,7.105,0.091,0,0,0,0,v
2014-09-21 10:12,7.084,0.080,0,0,0,0,v
2014-09-21 10:18,7.083,0.101,0,0,0,0,v
2014-09-21 10:24,7.078,0.093,0,0,0,0,v
2014-09-21 10:30,7.093,0.087,0,0,0,0,v
2014-09-21 10:36,7.099,0.090,0,0,0,0,v
2014-09-21 10:42,7.096,0.102,0,0,0,0,v
2014-09-21 10:48,7.104,0.106,0,0,0,0,v
2014-09-21 10:54,7.073,0.091,0,0,0,0,v
2014-09-21 11:00,7.048,0.107,0,0,0,0,v
2014-09-21 11:06,7.060,0.082,0,0,0,0,v
2014-09-21 11:12,7.040,0.099,0,0,0,0,v
2014-09-21 11:18,7.059,0.102,0,0,0,0,v
2014-09-21 11:24,7.068,0.102,0,0,0,0,v
2014-09-21 11:30,7.053,0.114,0,0,0,0,v
2014-09-21 11:36,7.042,0.111,0,0,0,0,v
2014-09-21 11:42,7.012,0.089,0,0,0,0,v
2014-09-21 11:48,7.011,0.097,0,0,0,0,v
2014-09-21 11:54,7.007,0.107,0,0,0,0,v
2014-09-21 12:00,7.022,0.102,0,0,0,0,v
2014-09-21 12:06,7.036,0.112,0,0,0,0,v
2014-09-21 12:12,7.038,0.105,0,0,0,0,v
2014-09-21 12:18,7.014,0.096,0,0,0,0,v
2014-09-21 12:24,7.025,0.099,0,0,0,0,v
2014-09-21 12:30,7.028,0.096,0,0,0,0,v
2014-09-21 12:36,7.022,0.104,0,0,0,0,v
2014-09-21 12:42,7.013,0.113,0,0,0,0,v
2014-09-21 12:48,7.021,0.118,0,0,0,0,v
2014-09-21 12:54,7.021,0.112,0,0,0,0,v
2014-09-21 13:00,6.976,0.116,0,0,0,0,v
2014-09-21 13:06,6.971,0.105,0,0,0,0,v
2014-09-21 13:12,6.982,0.113,0,0,0,0,v
2014-09-21 13:18,6.999,0.105,0,0,0,0,v
2014-09-21 13:24,7.009,0.107,0,0,0,0,v
2014-09-21 13:30,7.021,0.115,0,0,0,0,v
2014-09-21 13:36,7.017,0.129,0,0,0,0,v
2014-09-21 13:42,6.998,0.114,0,0,0,0,v
2014-09-21 13:48,7.002,0.092,0,0,0,0,v
2014-09-21 13:54,7.015,0.128,0,0,0,0,v
2014-09-21 14:00,7.002,0.113,0,0,0,0,v
2014-09-21 14:06,6.989,0.100,0,0,0,0,v
2014-09-21 14:12,7.014,0.112,0,0,0,0,v
2014-09-21 14:18,7.000,0.118,0,0,0,0,v
2014-09-21 14:24,6.990,0.103,0,0,0,0,v
2014-09-21 14:30,7.024,0.120,0,0,0,0,v
2014-09-21 14:36,7.019,0.111,0,0,0,0,v
2014-09-21 14:42,7.026,0.115,0,0,0,0,v
2014-09-21 14:48,7.036,0.102,0,0,0,0,v
2014-09-21 14:54,7.059,0.115,0,0,0,0,v
2014-09-21 15:00,7.077,0.112,0,0,0,0,v
2014-09-21 15:06,7.056,0.130,0,0,0,0,v
2014-09-21 15:12,7.046,0.118,0,0,0,0,v
2014-09-21 15:18,7.026,0.111,0,0,0,0,v
2014-09-21 15:24,7.032,0.138,0,0,0,0,v
2014-09-21 15:30,7.061,0.121,0,0,0,0,v
2014-09-21 15:36,7.091,0.114,0,0,0,0,v
2014-09-21 15:42,7.057,0.122,0,0,0,0,v
2014-09-21 15:48,7.063,0.104,0,0,0,0,v
2014-09-21 15:54,7.043,0.143,0,0,0,0,v
2014-09-21 16:00,7.021,0.130,0,0,0,0,v
2014-09-21 16:06,7.028,0.134,0,0,0,0,v
2014-09-21 16:12,7.014,0.109,0,0,0,0,v
2014-09-21 16:18,7.001,0.129,0,0,0,0,v
2014-09-21 16:24,7.015,0.151,0,0,0,0,v
2014-09-21 16:30,7.014,0.126,0,0,0,0,v
2014-09-21 16:36,7.031,0.140,0,0,0,0,v
2014-09-21 16:42,7.030,0.132,0,0,0,0,v
2014-09-21 16:48,7.044,0.149,0,0,0,0,v
2014-09-21 16:54,7.057,0.140,0,0,0,0,v
2014-09-21 17:00,7.070,0.124,0,0,0,0,v
2014-09-21 17:06,7.063,0.151,0,0,0,0,v
2014-09-21 17:12,7.063,0.135,0,0,0,0,v
2014-09-21 17:18,7.077,0.149,0,0,0,0,v
2014-09-21 17:24,7.090,0.134,0,0,0,0,v
2014-09-21 17:30,7.092,0.131,0,0,0,0,v
2014-09-21 17:36,7.088,0.147,0,0,0,0,v
2014-09-21 17:42,7.091,0.141,0,0,0,0,v
2014-09-21 17:48,7.095,0.143,0,0,0,0,v
2014-09-21 17:54,7.092,0.142,0,0,0,0,v
2014-09-21 18:00,7.069,0.138,0,0,0,0,v
2014-09-21 18:06,7.083,0.148,0,0,0,0,v
2014-09-21 18:12,7.073,0.156,0,0,0,0,v
2014-09-21 18:18,7.069,0.145,0,0,0,0,v
2014-09-21 18:24,7.085,0.137,0,0,0,0,v
2014-09-21 18:30,7.077,0.137,0,0,0,0,v
2014-09-21 18:36,7.089,0.141,0,0,0,0,v
2014-09-21 18:42,7.078,0.144,0,0,0,0,v
2014-09-21 18:48,7.100,0.151,0,0,0,0,v
2014-09-21 18:54,7.094,0.158,0,0,0,0,v
2014-09-21 19:00,7.096,0.151,0,0,0,0,v
2014-09-21 19:06,7.093,0.147,0,0,0,0,v
2014-09-21 19:12,7.066,0.152,0,0,0,0,v
2014-09-21 19:18,7.076,0.163,0,0,0,0,v
2014-09-21 19:24,7.082,0.139,0,0,0,0,v
2014-09-21 19:30,7.101,0.131,0,0,0,0,v
2014-09-21 19:36,7.094,0.147,0,0,0,0,v
2014-09-21 19:42,7.093,0.143,0,0,0,0,v
2014-09-21 19:48,7.083,0.137,0,0,0,0,v
2014-09-21 19:54,7.076,0.124,0,0,0,0,v
2014-09-21 20:00,7.064,0.125,0,0,0,0,v
2014-09-21 20:06,7.042,0.121,0,0,0,0,v
2014-09-21 20:12,7.056,0.138,0,0,0,0,v
2014-09-21 20:18,7.074,0.124,0,0,0,0,v
2014-09-21 20:24,7.066,0.151,0,0,0,0,v
2014-09-21 20:30,7.055,0.165,0,0,0,0,v
2014-09-21 20:36,7.044,0.151,0,0,0,0,v
2014-09-21 20:42,7.055,0.118,0,0,0,0,v
2014-09-21 20:48,7.051,0.144,0,0,0,0,v
2014-09-21 20:54,7.039,0.152,0,0,0,0,v
2014-09-21 21:00,7.023,0.146,0,0,0,0,v
2014-09-21 21:06,7.007,0.135,0,0,0,0,v
2014-09-21 21:12,6.996,0.131,0,0,0,0,v
2014-09-21 21:18,7.009,0.146,0,0,0,0,v
2014-09-21 21:24,6.996,0.134,0,0,0,0,v
2014-09-21 21:30,6.988,0.156,0,0,0,0,v
2014-09-21 21:36,6.969,0.159,0,0,0,0,v
2014-09-21 21:42,6.972,0.167,0,0,0,0,v
2014-09-21 21:48,6.983,0.149,0,0,0,0,v
2014-09-21 21:54,6.970,0.162,0,0,0,0,v
2014-09-21 22:00,6.971,0.136,0,0,0,0,v
2014-09-21 22:06,6.968,0.124,0,0,0,0,v
2014-09-21 22:12,6.956,0.163,0,0,0,0,v
2014-09-21 22:18,6.953,0.159,0,0,0,0,v
2014-09-21 22:24,6.961,0.155,0,0,0,0,v
2014-09-21 22:30,6.949,0.132,0,0,0,0,v
2014-09-21 22:36,6.945,0.160,0,0,0,0,v
2014-09-21 22:42,6.936,0.133,0,0,0,0,v
2014-09-21 22:48,6.933,0.170,0,0,0,0,v
2014-09-21 22:54,6.920,0.162,0,0,0,0,v
2014-09-21 23:00,6.916,0.152,0,0,0,0,v
2014-09-21 23:06,6.920,0.160,0,0,0,0,v
2014-09-21 23:12,6.926,0.163,0,0,0,0,v
2014-09-21 23:18,6.916,0.155,0,0,0,0,v
2014-09-21 23:24,6.900,0.146,0,0,0,0,v
2014-09-21 23:30,6.909,0.163,0,0,0,0,v
2014-09-21 23:36,6.902,0.171,0,0,0,0,v
2014-09-21 23:42,6.897,0.141,0,0,0,0,v
2014-09-21 23:48,6.916,0.141,0,0,0,0,v
2014-09-21 23:54,6.914,0.145,0,0,0,0,v
2014-09-22 00:00,6.913,0.154,0,0,0,0,v
2014-09-22 00:06,6.908,0.154,0,0,0,0,v
2014-09-22 00:12,6.876,0.134,0,0,0,0,v
2014-09-22 00:18,6.876,0.137,0,0,0,0,v
2014-09-22 00:24,6.890,0.175,0,0,0,0,v
2014-09-22 00:30,6.900,0.143,0,0,0,0,v
2014-09-22 00:36,6.918,0.152,0,0,0,0,v
2014-09-22 00:42,6.905,0.154,0,0,0,0,v
2014-09-22 00:48,6.884,0.163,0,0,0,0,v
2014-09-22 00:54,6.876,0.166,0,0,0,0,v
2014-09-22 01:00,6.885,0.140,0,0,0,0,v
2014-09-22 01:06,6.897,0.164,0,0,0,0,v
2014-09-22 01:12,6.896,0.146,0,0,0,0,v
2014-09-22 01:18,6.882,0.147,0,0,0,0,v
2014-09-22 01:24,6.877,0.149,0,0,0,0,v
2014-09-22 01:30,6.887,0.153,0,0,0,0,v
2014-09-22 01:36,6.878,0.153,0,0,0,0,v
2014-09-22 01:42,6.868,0.156,0,0,0,0,v
2014-09-22 01:48,6.871,0.161,0,0,0,0,v
2014-09-22 01:54,6.863,0.148,0,0,0,0,v
2014-09-22 02:00,6.871,0.151,0,0,0,0,v
2014-09-22 02:06,6.896,0.143,0,0,0,0,v
2014-09-22 02:12,6.877,0.161,0,0,0,0,v
2014-09-22 02:18,6.892,0.160,0,0,0,0,v
2014-09-22 02:24,6.887,0.158,0,0,0,0,v
2014-09-22 02:30,6.893,0.171,0,0,0,0,v
2014-09-22 02:36,6.893,0.145,0,0,0,0,v
2014-09-22 02:42,6.899,0.165,0,0,0,0,v
2014-09-22 02:48,6.891,0.171,0,0,0,0,v
2014-09-22 02:54,6.897,0.167,0,0,0,0,v
2014-09-22 03:00,6.914,0.158,0,0,0,0,v
2014-09-22 03:06,6.911,0.154,0,0,0,0,v
2014-09-22 03:12,6.909,0.176,0,0,0,0,v
2014-09-22 03:18,6.918,0.154,0,0,0,0,v
2014-09-22 03:24,6.927,0.157,0,0,0,0,v
2014-09-22 03:30,6.948,0.148,0,0,0,0,v
2014-09-22 03:36,6.937,0.168,0,0,0,0,v
2014-09-22 03:42,6.965,0.172,0,0,0,0,v
2014-09-22 03:48,6.977,0.174,0,0,0,0,v
2014-09-22 03:54,6.977,0.164,0,0,0,0,v
2014-09-22 04:00,6.973,0.175,0,0,0,0,v
2014-09-22 04:06,6.976,0.174,0,0,0,0,v
2014-09-22 04:12,6.981,0.151,0,0,0,0,v
2014-09-22 04:18,6.993,0.183,0,0,0,0,v
2014-09-22 04:24,7.001,0.175,0,0,0,0,v
2014-09-22 04:30,7.004,0.152,0,0,0,0,v
2014-09-22 04:36,7.006,0.161,0,0,0,0,v
2014-09-22 04:42,7.006,0.162,0,0,0,0,v
2014-09-22 04:48,7.008,0.168,0,0,0,0,v
2014-09-22 04:54,7.028,0.165,0,0,0,0,v
2014-09-22 05:00,7.017,0.180,0,0,0,0,v
2014-09-22 05:06,7.042,0.151,0,0,0,0,v
2014-09-22 05:12,7.026,0.164,0,0,0,0,v
2014-09-22 05:18,7.043,0.177,0,0,0,0,v
2014-09-22 05:24,7.039,0.161,0,0,0,0,v
2014-09-22 05:30,7.068,0.158,0,0,0,0,v
2014-09-22 05:36,7.059,0.148,0,0,0,0,v
2014-09-22 05:42,7.077,0.183,0,0,0,0,v
2014-09-22 05:48,7.076,0.156,0,0,0,0,v
2014-09-22 05:54,7.075,0.171,0,0,0,0,v
2014-09-22 06:00,7.062,0.165,0,0,0,0,v
2014-09-22 06:06,7.064,0.166,0,0,0,0,v
2014-09-22 06:12,7.094,0.168,0,0,0,0,v
2014-09-22 06:18,7.105,0.168,0,0,0,0,v
2014-09-22 06:24,7.108,0.170,0,0,0,0,v
2014-09-22 06:30,7.104,0.187,0,0,0,0,v
2014-09-22 06:36,7.073,0.182,0,0,0,0,v
2014-09-22 06:42,7.099,0.178,0,0,0,0,v
2014-09-22 06:48,7.090,0.172,0,0,0,0,v
2014-09-22 06:54,7.095,0.174,0,0,0,0,v
2014-09-22 07:00,7.108,0.176,0,0,0,0,v
2014-09-22 07:06,7.098,0.172,0,0,0,0,v
2014-09-22 07:12,7.101,0.171,0,0,0,0,v
2014-09-22 07:18,7.096,0.194,0,0,0,0,v
2014-09-22 07:24,7.091,0.185,0,0,0,0,v
2014-09-22 07:30,7.109,0.201,0,0,0,0,v
2014-09-22 07:36,7.110,0.174,0,0,0,0,v
2014-09-22 07:42,7.115,0.158,0,0,0,0,v
2014-09-22 07:48,7.113,0.165,0,0,0,0,v
2014-09-22 07:54,7.100,0.178,0,0,0,0,v
2014-09-22 08:00,7.107,0.171,0,0,0,0,v
2014-09-22 08:06,7.119,0.180,0,0,0,0,v
2014-09-22 08:12,7.106,0.172,0,0,0,0,v
2014-09-22 08:18,7.100,0.175,0,0,0,0,v
2014-09-22 08:24,7.095,0.176,0,0,0,0,v
2014-09-22 08:30,7.088,0.165,0,0,0,0,v
2014-09-22 08:36,7.087,0.155,0,0,0,0,v
2014-09-22 08:42,7.107,0.195,0,0,0,0,v
2014-09-22 08:48,7.134,0.190,0,0,0,0,v
2014-09-22 08:54,7.136,0.177,0,0,0,0,v
2014-09-22 09:00,7.134,0.182,0,0,0,0,v
2014-09-22 09:06,7.117,0.187,0,0,0,0,v
2014-09-22 09:12,7.139,0.166,0,0,0,0,v
2014-09-22 09:18,7.137,0.175,0,0,0,0,v
2014-09-22 09:24,7.147,0.172,0,0,0,0,v
2014-09-22 09:30,7.145,0.159,0,0,0,0,v
2014-09-22 09:36,7.124,0.172,0,0,0,0,v
2014-09-22 09:42,7.107,0.194,0,0,0,0,v
2014-09-22 09:48,7.119,0.180,0,0,0,0,v
2014-09-22 09:54,7.130,0.188,0,0,0,0,v
2014-09-22 10:00,7.124,0.170,0,0,0,0,v
2014-09-22 10:06,7.124,0.174,0,0,0,0,v
2014-09-22 10:12,7.101,0.188,0,0,0,0,v
2014-09-22 10:18,7.083,0.181,0,0,0,0,v
2014-09-22 10:24,7.081,0.170,0,0,0,0,v
2014-09-22 10:30,7.077,0.180,0,0,0,0,v
2014-09-22 10:36,7.077,0.184,0,0,0,0,v
2014-09-22 10:42,7.077,0.165,0,0,0,0,v
2014-09-22 10:48,7.077,0.172,0,0,0,0,v
2014-09-22 10:54,7.072,0.159,0,0,0,0,v
2014-09-22 11:00,7.079,0.181,0,0,0,0,v
2014-09-22 11:06,7.067,0.165,0,0,0,0,v
2014-09-22 11:12,7.074,0.156,0,0,0,0,v
2014-09-22 11:18,7.062,0.174,0,0,0,0,v
2014-09-22 11:24,7.041,0.189,0,0,0,0,v
2014-09-22 11:30,7.038,0.196,0,0,0,0,v
2014-09-22 11:36,7.022,0.166,0,0,0,0,v
2014-09-22 11:42,7.005,0.167,0,0,0,0,v
2014-09-22 11:48,7.020,0.161,0,0,0,0,v
2014-09-22 11:54,7.008,0.170,0,0,0,0,v
2014-09-22 12:00,7.011,0.178,0,0,0,0,v
2014-09-22 12:06,7.007,0.156,0,0,0,0,v
2014-09-22 12:12,7.016,0.167,0,0,0,0,v
2014-09-22 12:18,7.012,0.161,0,0,0,0,v
2014-09-22 12:24,7.007,0.147,0,0,0,0,v
2014-09-22 12:30,7.012,0.164,0,0,0,0,v
2014-09-22 12:36,6.983,0.158,0,0,0,0,v
2014-09-22 12:42,7.009,0.156,0,0,0,0,v
2014-09-22 12:48,6.992,0.164,0,0,0,0,v
2014-09-22 12:54,6.998,0.168,0,0,0,0,v
2014-09-22 13:00,6.999,0.144,0,0,0,0,v
2014-09-22 13:06,6.994,0.172,0,0,0,0,v
2014-09-22 13:12,7.008,0.165,0,0,0,0,v
2014-09-22 13:18,6.994,0.153,0,0,0,0,v
2014-09-22 13:24,6.982,0.151,0,0,0,0,v
2014-09-22 13:30,6.981,0.168,0,0,0,0,v
2014-09-22 13:36,7.007,0.164,0,0,0,0,v
2014-09-22 13:42,6.994,0.135,0,0,0,0,v
2014-09-22 13:48,6.997,0.162,0,0,0,0,v
2014-09-22 13:54,6.996,0.143,0,0,0,0,v
2014-09-22 14:00,6.976,0.137,0,0,0,0,v
2014-09-22 14:06,6.972,0.158,0,0,0,0,v
2014-09-22 14:12,6.973,0.131,0,0,0,0,v
2014-09-22 14:18,6.981,0.143,0,0,0,0,v
2014-09-22 14:24,6.970,0.153,0,0,0,0,v
2014-09-22 14:30,6.981,0.154,0,0,0,0,v
2014-09-22 14:36,6.973,0.166,0,0,0,0,v
2014-09-22 14:42,6.971,0.147,0,0,0,0,v
2014-09-22 14:48,6.967,0.150,0,0,0,0,v
2014-09-22 14:54,6.966,0.166,0,0,0,0,v
2014-09-22 15:00,6.971,0.162,0,0,0,0,v
2014-09-22 15:06,6.976,0.153,0,0,0,0,v
2014-09-22 15:12,6.961,0.140,0,0,0,0,v
2014-09-22 15:18,6.967,0.152,0,0,0,0,v
2014-09-22 15:24,6.985,0.147,0,0,0,0,v
2014-09-22 15:30,6.977,0.149,0,0,0,0,v
2014-09-22 15:36,6.970,0.156,0,0,0,0,v
2014-09-22 15:42,6.972,0.160,0,0,0,0,v
2014-09-22 15:48,6.956,0.142,0,0,0,0,v
2014-09-22 15:54,6.963,0.159,0,0,0,0,v
2014-09-22 16:00,6.957,0.158,0,0,0,0,v
2014-09-22 16:06,6.958,0.135,0,0,0,0,v
2014-09-22 16:12,6.961,0.129,0,0,0,0,v
2014-09-22 16:18,6.955,0.127,0,0,0,0,v
2014-09-22 16:24,6.954,0.112,0,0,0,0,v
2014-09-22 16:30,6.949,0.134,0,0,0,0,v
2014-09-22 16:36,6.972,0.125,0,0,0,0,v
2014-09-22 16:42,6.991,0.138,0,0,0,0,v
2014-09-22 16:48,6.999,0.124,0,0,0,0,v
2014-09-22 16:54,7.007,0.133,0,0,0,0,v
2014-09-22 17:00,6.994,0.106,0,0,0,0,v
2014-09-22 17:06,6.995,0.128,0,0,0,0,v
2014-09-22 17:12,7.001,0.130,0,0,0,0,v
2014-09-22 17:18,7.026,0.143,0,0,0,0,v
2014-09-22 17:24,7.011,0.146,0,0,0,0,v
2014-09-22 17:30,7.004,0.117,0,0,0,0,v
2014-09-22 17:36,7.012,0.114,0,0,0,0,v
2014-09-22 17:42,7.021,0.133,0,0,0,0,v
2014-09-22 17:48,7.031,0.109,0,0,0,0,v
2014-09-22 17:54,7.044,0.121,0,0,0,0,v
2014-09-22 18:00,7.042,0.118,0,0,0,0,v
2014-09-22 18:06,7.049,0.113,0,0,0,0,v
2014-09-22 18:12,7.061,0.119,0,0,0,0,v
2014-09-22 18:18,7.054,0.122,0,0,0,0,v
2014-09-22 18:24,7.051,0.125,0,0,0,0,v
2014-09-22 18:30,7.066,0.114,0,0,0,0,v
2014-09-22 18:36,7.068,0.131,0,0,0,0,v
2014-09-22 18:42,7.067,0.113,0,0,0,0,v
2014-09-22 18:48,7.045,0.120,0,0,0,0,v
2014-09-22 18:54,7.060,0.124,0,0,0,0,v
2014-09-22 19:00,7.047,0.132,0,0,0,0,v
2014-09-22 19:06,7.041,0.126,0,0,0,0,v
2014-09-22 19:12,7.037,0.140,0,0,0,0,v
2014-09-22 19:18,7.024,0.115,0,0,0,0,v
2014-09-22 19:24,7.028,0.121,0,0,0,0,v
2014-09-22 19:30,7.007,0.106,0,0,0,0,v
2014-09-22 19:36,7.011,0.099,0,0,0,0,v
2014-09-22 19:42,7.024,0.124,0,0,0,0,v
2014-09-22 19:48,7.023,0.111,0,0,0,0,v
2014-09-22 19:54,7.025,0.114,0,0,0,0,v
2014-09-22 20:00,7.009,0.112,0,0,0,0,v
2014-09-22 20:06,7.004,0.124,0,0,0,0,v
2014-09-22 20:12,7.007,0.122,0,0,0,0,v
2014-09-22 20:18,7.019,0.127,0,0,0,0,v
2014-09-22 20:24,7.016,0.118,0,0,0,0,v
2014-09-22 20:30,7.018,0.117,0,0,0,0,v
2014-09-22 20:36,7.018,0.105,0,0,0,0,v
2014-09-22 20:42,7.020,0.121,0,0,0,0,v
2014-09-22 20:48,7.025,0.115,0,0,0,0,v
2014-09-22 20:54,7.004,0.106,0,0,0,0,v
2014-09-22 21:00,6.983,0.119,0,0,0,0,v
2014-09-22 21:06,7.000,0.111,0,0,0,0,v
2014-09-22 21:12,6.993,0.094,0,0,0,0,v
2014-09-22 21:18,6.982,0.105,0,0,0,0,v
2014-09-22 21:24,6.959,0.103,0,0,0,0,v
2014-09-22 21:30,6.968,0.111,0,0,0,0,v
2014-09-22 21:36,6.973,0.113,0,0,0,0,v
2014-09-22 21:42,6.948,0.127,0,0,0,0,v
2014-09-22 21:48,6.936,0.113,0,0,0,0,v
2014-09-22 21:54,6.936,0.111,0,0,0,0,v
2014-09-22 22:00,6.936,0.105,0,0,0,0,v
2014-09-22 22:06,6.927,0.113,0,0,0,0,v
2014-09-22 22:12,6.922,0.094,0,0,0,0,v
2014-09-22 22:18,6.917,0.119,0,0,0,0,v
2014-09-22 22:24,6.917,0.090,0,0,0,0,v
2014-09-22 22:30,6.899,0.102,0,0,0,0,v
2014-09-22 22:36,6.901,0.120,0,0,0,0,v
2014-09-22 22:42,6.912,0.108,0,0,0,0,v
2014-09-22 22:48,6.911,0.108,0,0,0,0,v
2014-09-22 22:54,6.895,0.119,0,0,0,0,v
2014-09-22 23:00,6.866,0.101,0,0,0,0,v
2014-09-22 23:06,6.855,0.107,0,0,0,0,v
2014-09-22 23:12,6.845,0.102,0,0,0,0,v
2014-09-22 23:18,6.852,0.133,0,0,0,0,v
2014-09-22 23:24,6.854,0.126,0,0,0,0,v
2014-09-22 23:30,6.844,0.096,0,0,0,0,v
2014-09-22 23:36,6.838,0.112,0,0,0,0,v
2014-09-22 23:42,6.835,0.104,0,0,0,0,v
2014-09-22 23:48,6.837,0.110,0,0,0,0,v
2014-09-22 23:54,6.841,0.118,0,0,0,0,v
2014-09-23 00:00,6.836,0.121,0,0,0,0,v
2014-09-23 00:06,6.835,0.114,0,0,0,0,v
2014-09-23 00:12,6.823,0.120,0,0,0,0,v
2014-09-23 00:18,6.816,0.132,0,0,0,0,v
2014-09-23 00:24,6.829,0.106,0,0,0,0,v
2014-09-23 00:30,6.840,0.121,0,0,0,0,v
2014-09-23 00:36,6.834,0.118,0,0,0,0,v
2014-09-23 00:42,6.829,0.132,0,0,0,0,v
2014-09-23 00:48,6.838,0.108,0,0,0,0,v
2014-09-23 00:54,6.827,0.134,0,0,0,0,v
2014-09-23 01:00,6.811,0.117,0,0,0,0,v
2014-09-23 01:06,6.829,0.104,0,0,0,0,v
2014-09-23 01:12,6.831,0.100,0,0,0,0,v
2014-09-23 01:18,6.829,0.111,0,0,0,0,v
2014-09-23 01:24,6.827,0.115,0,0,0,0,v
2014-09-23 01:30,6.827,0.115,0,0,0,0,v
2014-09-23 01:36,6.816,0.106,0,0,0,0,v
2014-09-23 01:42,6.798,0.126,0,0,0,0,v
2014-09-23 01:48,6.793,0.148,0,0,0,0,v
2014-09-23 01:54,6.805,0.102,0,0,0,0,v
2014-09-23 02:00,6.799,0.113,0,0,0,0,v
2014-09-23 02:06,6.796,0.113,0,0,0,0,v
2014-09-23 02:12,6.800,0.121,0,0,0,0,v
2014-09-23 02:18,6.812,0.112,0,0,0,0,v
2014-09-23 02:24,6.815,0.095,0,0,0,0,v
2014-09-23 02:30,6.794,0.126,0,0,0,0,v
2014-09-23 02:36,6.807,0.127,0,0,0,0,v
2014-09-23 02:42,6.818,0.115,0,0,0,0,v
2014-09-23 02:48,6.802,0.120,0,0,0,0,v
2014-09-23 02:54,6.786,0.107,0,0,0,0,v
2014-09-23 03:00,6.792,0.103,0,0,0,0,v
2014-09-23 03:06,6.783,0.109,0,0,0,0,v
2014-09-23 03:12,6.791,0.101,0,0,0,0,v
2014-09-23 03:18,6.782,0.125,0,0,0,0,v
2014-09-23 03:24,6.772,0.132,0,0,0,0,v
2014-09-23 03:30,6.805,0.123,0,0,0,0,v
2014-09-23 03:36,6.812,0.133,0,0,0,0,v
2014-09-23 03:42,6.801,0.129,0,0,0,0,v
2014-09-23 03:48,6.824,0.110,0,0,0,0,v
2014-09-23 03:54,6.818,0.117,0,0,0,0,v
2014-09-23 04:00,6.828,0.118,0,0,0,0,v
2014-09-23 04:06,6.821,0.128,0,0,0,0,v
2014-09-23 04:12,6.850,0.136,0,0,0,0,v
2014-09-23 04:18,6.844,0.111,0,0,0,0,v
2014-09-23 04:24,6.850,0.122,0,0,0,0,v
2014-09-23 04:30,6.850,0.118,0,0,0,0,v
2014-09-23 04:36,6.819,0.122,0,0,0,0,v
2014-09-23 04:42,6.829,0.125,0,0,0,0,v
2014-09-23 04:48,6.827,0.122,0,0,0,0,v
2014-09-23 04:54,6.817,0.119,0,0,0,0,v
2014-09-23 05:00,6.848,0.118,0,0,0,0,v
2014-09-23 05:06,6.868,0.109,0,0,0,0,v
2014-09-23 05:12,6.880,0.120,0,0,0,0,v
2014-09-23 05:18,6.877,0.122,0,0,0,0,v
2014-09-23 05:24,6.875,0.130,0,0,0,0,v
2014-09-23 05:30,6.888,0.122,0,0,0,0,v
2014-09-23 05:36,6.893,0.126,0,0,0,0,v
2014-09-23 05:42,6.909,0.124,0,0,0,0,v
2014-09-23 05:48,6.917,0.113,0,0,0,0,v
2014-09-23 05:54,6.914,0.120,0,0,0,0,v
2014-09-23 06:00,6.911,0.130,0,0,0,0,v
2014-09-23 06:06,6.925,0.111,0,0,0,0,v
2014-09-23 06:12,6.935,0.113,0,0,0,0,v
2014-09-23 06:18,6.961,0.095,0,0,0,0,v
2014-09-23 06:24,6.965,0.109,0,0,0,0,v
2014-09-23 06:30,6.945,0.105,0,0,0,0,v
2014-09-23 06:36,6.947,0.092,0,0,0,0,v
2014-09-23 06:42,6.933,0.094,0,0,0,0,v
2014-09-23 06:48,6.937,0.109,0,0,0,0,v
2014-09-23 06:54,6.954,0.111,0,0,0,0,v
2014-09-23 07:00,6.965,0.100,0,0,0,0,v
2014-09-23 07:06,6.988,0.101,0,0,0,0,v
2014-09-23 07:12,6.984,0.128,0,0,0,0,v
2014-09-23 07:18,6.996,0.093,0,0,0,0,v
2014-09-23 07:24,6.998,0.108,0,0,0,0,v
2014-09-23 07:30,6.996,0.101,0,0,0,0,v
2014-09-23 07:36,7.014,0.104,0,0,0,0,v
2014-09-23 07:42,7.028,0.088,0,0,0,0,v
2014-09-23 07:48,7.006,0.092,0,0,0,0,v
2014-09-23 07:54,7.004,0.112,0,0,0,0,v
2014-09-23 08:00,6.996,0.111,0,0,0,0,v
2014-09-23 08:06,6.972,0.095,0,0,0,0,v
2014-09-23 08:12,6.981,0.104,0,0,0,0,v
2014-09-23 08:18,6.976,0.093,0,0,0,0,v
2014-09-23 08:24,6.988,0.117,0,0,0,0,v
2014-09-23 08:30,6.976,0.097,0,0,0,0,v
2014-09-23 08:36,6.968,0.087,0,0,0,0,v
2014-09-23 08:42,6.968,0.120,0,0,0,0,v
2014-09-23 08:48,6.998,0.118,0,0,0,0,v
2014-09-23 08:54,7.004,0.112,0,0,0,0,v
2014-09-23 09:00,6.990,0.098,0,0,0,0,v
2014-09-23 09:06,6.972,0.101,0,0,0,0,v
2014-09-23 09:12,6.961,0.098,0,0,0,0,v
2014-09-23 09:18,6.965,0.089,0,0,0,0,v
2014-09-23 09:24,6.933,0.096,0,0,0,0,v
2014-09-23 09:30,6.899,0.097,0,0,0,0,v
2014-09-23 09:36,6.916,0.095,0,0,0,0,v
2014-09-23 09:42,6.968,0.100,0,0,0,0,v
2014-09-23 09:48,6.959,0.103,0,0,0,0,v
2014-09-23 09:54,6.949,0.109,0,0,0,0,v
2014-09-23 10:00,6.946,0.106,0,0,0,0,v
2014-09-23 10:06,6.940,0.106,0,0,0,0,v
2014-09-23 10:12,6.942,0.099,0,0,0,0,v
2014-09-23 10:18,6.946,0.099,0,0,0,0,v
2014-09-23 10:24,6.953,0.090,0,0,0,0,v
2014-09-23 10:30,6.921,0.108,0,0,0,0,v
2014-09-23 10:36,6.941,0.117,0,0,0,0,v
2014-09-23 10:42,6.965,0.084,0,0,0,0,v
2014-09-23 10:48,6.948,0.089,0,0,0,0,v
2014-09-23 10:54,6.974,0.104,0,0,0,0,v
2014-09-23 11:00,6.939,0.100,0,0,0,0,v
2014-09-23 11:06,6.946,0.089,0,0,0,0,v
2014-09-23 11:12,6.933,0.091,0,0,0,0,v
2014-09-23 11:18,6.919,0.097,0,0,0,0,v
2014-09-23 11:24,6.918,0.075,0,0,0,0,v
2014-09-23 11:30,6.908,0.108,0,0,0,0,v
2014-09-23 11:36,6.926,0.099,0,0,0,0,v
2014-09-23 11:42,6.958,0.080,0,0,0,0,v
2014-09-23 11:48,6.950,0.097,0,0,0,0,v
2014-09-23 11:54,6.956,0.084,0,0,0,0,v
2014-09-23 12:00,6.941,0.092,0,0,0,0,v
2014-09-23 12:06,6.935,0.094,0,0,0,0,v
2014-09-23 12:12,6.923,0.086,0,0,0,0,v
2014-09-23 12:18,6.902,0.092,0,0,0,0,v
2014-09-23 12:24,6.916,0.099,0,0,0,0,v
2014-09-23 12:30,6.908,0.113,0,0,0,0,v
2014-09-23 12:36,6.917,0.101,0,0,0,0,v
2014-09-23 12:42,6.903,0.099,0,0,0,0,v
2014-09-23 12:48,6.910,0.100,0,0,0,0,v
2014-09-23 12:54,6.912,0.106,0,0,0,0,v
2014-09-23 13:00,6.901,0.110,0,0,0,0,v
2014-09-23 13:06,6.910,0.098,0,0,0,0,v
2014-09-23 13:12,6.903,0.093,0,0,0,0,v
2014-09-23 13:18,6.916,0.092,0,0,0,0,v
2014-09-23 13:24,6.912,0.108,0,0,0,0,v
2014-09-23 13:30,6.922,0.110,0,0,0,0,v
2014-09-23 13:36,6.918,0.101,0,0,0,0,v
2014-09-23 13:42,6.901,0.088,0,0,0,0,v
2014-09-23 13:48,6.911,0.102,0,0,0,0,v
2014-09-23 13:54,6.902,0.104,0,0,0,0,v
2014-09-23 14:00,6.922,0.097,0,0,0,0,v
2014-09-23 14:06,6.930,0.000,1,0,0,0,v
2014-09-23 14:12,6.932,0.000,1,0,0,0,v
2014-09-23 14:18,6.922,0.000,0,0,0,0,v
2014-09-23 14:24,6.930,0.121,0,0,0,0,v
2014-09-23 14:30,6.935,0.000,1,0,0,0,v
2014-09-23 14:36,6.941,0.000,0,0,0,0,v
2014-09-23 14:42,6.917,0.108,0,0,0,0,v
2014-09-23 14:48,6.915,0.102,0,0,0,0,v
2014-09-23 14:54,6.900,0.133,0,0,0,0,v
2014-09-23 15:00,6.904,0.124,0,0,0,0,v
2014-09-23 15:06,6.896,0.115,0,0,0,0,v
2014-09-23 15:12,6.893,0.119,0,0,0,0,v
2014-09-23 15:18,6.896,0.116,0,0,0,0,v
2014-09-23 15:24,6.914,0.119,0,0,0,0,v
2014-09-23 15:30,6.924,0.110,0,0,0,0,v
2014-09-23 15:36,6.917,0.117,0,0,0,0,v
2014-09-23 15:42,6.930,0.105,0,0,0,0,v
2014-09-23 15:48,6.898,0.111,0,0,0,0,v
2014-09-23 15:54,6.901,0.107,0,0,0,0,v
2014-09-23 16:00,6.900,0.116,0,0,0,0,v
2014-09-23 16:06,6.910,0.111,0,0,0,0,v
2014-09-23 16:12,6.900,0.142,0,0,0,0,v
2014-09-23 16:18,6.919,0.117,0,0,0,0,v
2014-09-23 16:24,6.949,0.120,0,0,0,0,v
2014-09-23 16:30,6.934,0.120,0,0,0,0,v
2014-09-23 16:36,6.938,0.133,0,0,0,0,v
2014-09-23 16:42,6.956,0.104,0,0,0,0,v
2014-09-23 16:48,6.952,0.131,0,0,0,0,v
2014-09-23 16:54,6.954,0.128,0,0,0,0,v
2014-09-23 17:00,6.949,0.115,0,0,0,0,v
2014-09-23 17:06,6.977,0.120,0,0,0,0,v
2014-09-23 17:12,6.969,0.110,0,0,0,0,v
2014-09-23 17:18,6.982,0.118,0,0,0,0,v
2014-09-23 17:24,6.984,0.133,0,0,0,0,v
2014-09-23 17:30,6.976,0.124,0,0,0,0,v
2014-09-23 17:36,6.953,0.119,0,0,0,0,v
2014-09-23 17:42,6.958,0.000,1,0,0,0,v
2014-09-23 17:48,6.972,0.000,1,0,0,0,v
2014-09-23 17:54,6.992,0.000,0,0,0,0,v
2014-09-23 18:00,6.990,0.122,0,0,0,0,v
2014-09-23 18:06,7.002,0.125,0,0,0,0,v
2014-09-23 18:12,7.041,0.122,0,0,0,0,v
2014-09-23 18:18,7.033,0.124,0,0,0,0,v
2014-09-23 18:24,7.035,0.113,0,0,0,0,v
2014-09-23 18:30,7.047,0.129,0,0,0,0,v
2014-09-23 18:36,7.025,0.141,0,0,0,0,v
2014-09-23 18:42,7.055,0.109,0,0,0,0,v
2014-09-23 18:48,7.044,0.122,0,0,0,0,v
2014-09-23 18:54,7.051,0.137,0,0,0,0,v
2014-09-23 19:00,7.057,0.121,0,0,0,0,v
2014-09-23 19:06,7.066,0.108,0,0,0,0,v
2014-09-23 19:12,7.067,0.000,1,0,0,0,v
2014-09-23 19:18,7.065,0.000,1,0,0,0,v
2014-09-23 19:24,7.064,0.000,0,0,0,0,v
2014-09-23 19:30,7.073,0.142,0,0,0,0,v
2014-09-23 19:36,7.083,0.117,0,0,0,0,v
2014-09-23 19:42,7.088,0.143,0,0,0,0,v
2014-09-23 19:48,7.104,0.120,0,0,0,0,v
2014-09-23 19:54,7.110,0.101,0,0,0,0,v
2014-09-23 20:00,7.122,0.126,0,0,0,0,v
2014-09-23 20:06,7.126,0.143,0,0,0,0,v
2014-09-23 20:12,7.105,0.136,0,0,0,0,v
2014-09-23 20:18,7.101,0.163,0,0,0,0,v
2014-09-23 20:24,7.082,0.118,0,0,0,0,v
2014-09-23 20:30,7.084,0.123,0,0,0,0,v
2014-09-23 20:36,7.089,0.129,0,0,0,0,v
2014-09-23 20:42,7.075,0.151,0,0,0,0,v
2014-09-23 20:48,7.080,0.141,0,0,0,0,v
2014-09-23 20:54,7.072,0.139,0,0,0,0,v
2014-09-23 21:00,7.067,0.122,0,0,0,0,v
2014-09-23 21:06,7.052,0.127,0,0,0,0,v
2014-09-23 21:12,7.052,0.130,0,0,0,0,v
2014-09-23 21:18,7.019,0.130,0,0,0,0,v
2014-09-23 21:24,7.021,0.143,0,0,0,0,v
2014-09-23 21:30,7.027,0.119,0,0,0,0,v
2014-09-23 21:36,7.013,0.143,0,0,0,0,v
2014-09-23 21:42,7.000,0.000,1,0,0,0,v
2014-09-23 21:48,6.993,0.000,1,0,0,0,v
2014-09-23 21:54,6.996,0.000,0,0,0,0,v
2014-09-23 22:00,6.998,0.108,0,0,0,0,v
2014-09-23 22:06,7.006,0.113,0,0,0,0,v
2014-09-23 22:12,7.022,0.114,0,0,0,0,v
2014-09-23 22:18,7.001,0.132,0,0,0,0,v
2014-09-23 22:24,6.996,0.123,0,0,0,0,v
2014-09-23 22:30,6.999,0.123,0,0,0,0,v
2014-09-23 22:36,7.012,0.107,0,0,0,0,v
2014-09-23 22:42,6.977,0.127,0,0,0,0,v
2014-09-23 22:48,6.970,0.121,0,0,0,0,v
2014-09-23 22:54,6.964,0.119,0,0,0,0,v
2014-09-23 23:00,6.985,0.132,0,0,0,0,v
2014-09-23 23:06,6.968,0.120,0,0,0,0,v
2014-09-23 23:12,6.987,0.132,0,0,0,0,v
2014-09-23 23:18,6.984,0.109,0,0,0,0,v
2014-09-23 23:24,6.982,0.103,0,0,0,0,v
2014-09-23 23:30,7.000,0.124,0,0,0,0,v
2014-09-23 23:36,6.987,0.123,0,0,0,0,v
2014-09-23 23:42,6.972,0.114,0,0,0,0,v
2014-09-23 23:48,6.963,0.117,0,0,0,0,v
2014-09-23 23:54,6.961,0.114,0,0,0,0,v
2014-09-24 00:00,6.924,0.123,0,0,0,0,v
2014-09-24 00:06,6.946,0.111,0,0,0,0,v
2014-09-24 00:12,6.930,0.122,0,0,0,0,v
2014-09-24 00:18,6.945,0.114,0,0,0,0,v
2014-09-24 00:24,6.918,0.106,0,0,0,0,v
2014-09-24 00:30,6.934,0.127,0,0,0,0,v
2014-09-24 00:36,6.913,0.104,0,0,0,0,v
2014-09-24 00:42,6.897,0.131,0,0,0,0,v
2014-09-24 00:48,6.898,0.118,0,0,0,0,v
2014-09-24 00:54,6.895,0.106,0,0,0,0,v
2014-09-24 01:00,6.905,0.108,0,0,0,0,v
2014-09-24 01:06,6.901,0.116,0,0,0,0,v
2014-09-24 01:12,6.907,0.092,0,0,0,0,v
2014-09-24 01:18,6.902,0.117,0,0,0,0,v
2014-09-24 01:24,6.906,0.113,0,0,0,0,v
2014-09-24 01:30,6.888,0.110,0,0,0,0,v
2014-09-24 01:36,6.888,0.098,0,0,0,0,v
2014-09-24 01:42,6.858,0.120,0,0,0,0,v
2014-09-24 01:48,6.873,0.098,0,0,0,0,v
2014-09-24 01:54,6.880,0.122,0,0,0,0,v
2014-09-24 02:00,6.893,0.098,0,0,0,0,v
2014-09-24 02:06,6.911,0.110,0,0,0,0,v
2014-09-24 02:12,6.899,0.110,0,0,0,0,v
2014-09-24 02:18,6.911,0.122,0,0,0,0,v
2014-09-24 02:24,6.907,0.099,0,0,0,0,v
2014-09-24 02:30,6.903,0.121,0,0,0,0,v
2014-09-24 02:36,6.898,0.127,0,0,0,0,v
2014-09-24 02:42,6.897,0.114,0,0,0,0,v
2014-09-24 02:48,6.899,0.106,0,0,0,0,v
2014-09-24 02:54,6.921,0.114,0,0,0,0,v
2014-09-24 03:00,6.896,0.097,0,0,0,0,v
2014-09-24 03:06,6.898,0.125,0,0,0,0,v
2014-09-24 03:12,6.882,0.115,0,0,0,0,v
2014-09-24 03:18,6.894,0.118,0,0,0,0,v
2014-09-24 03:24,6.898,0.101,0,0,0,0,v
2014-09-24 03:30,6.906,0.111,0,0,0,0,v
2014-09-24 03:36,6.901,0.121,0,0,0,0,v
2014-09-24 03:42,6.912,0.123,0,0,0,0,v
2014-09-24 03:48,6.924,0.110,0,0,0,0,v
2014-09-24 03:54,6.932,0.124,0,0,0,0,v
2014-09-24 04:00,6.916,0.117,0,0,0,0,v
2014-09-24 04:06,6.918,0.096,0,0,0,0,v
2014-09-24 04:12,6.910,0.133,0,0,0,0,v
2014-09-24 04:18,6.890,0.124,0,0,0,0,v
2014-09-24 04:24,6.893,0.127,0,0,0,0,v
2014-09-24 04:30,6.908,0.122,0,0,0,0,v
2014-09-24 04:36,6.896,0.115,0,0,0,0,v
2014-09-24 04:42,6.905,0.118,0,0,0,0,v
2014-09-24 04:48,6.921,0.114,0,0,0,0,v
2014-09-24 04:54,6.928,0.113,0,0,0,0,v
2014-09-24 05:00,6.943,0.137,0,0,0,0,v
2014-09-24 05:06,6.944,0.132,0,0,0,0,v
2014-09-24 05:12,6.947,0.098,0,0,0,0,v
2014-09-24 05:18,6.953,0.118,0,0,0,0,v
2014-09-24 05:24,6.948,0.125,0,0,0,0,v
2014-09-24 05:30,6.970,0.105,0,0,0,0,v
2014-09-24 05:36,6.952,0.109,0,0,0,0,v
2014-09-24 05:42,6.977,0.115,0,0,0,0,v
2014-09-24 05:48,6.972,0.099,0,0,0,0,v
2014-09-24 05:54,6.989,0.117,0,0,0,0,v
2014-09-24 06:00,7.000,0.105,0,0,0,0,v
2014-09-24 06:06,6.976,0.102,0,0,0,0,v
2014-09-24 06:12,6.989,0.108,0,0,0,0,v
2014-09-24 06:18,6.976,0.142,0,0,0,0,v
2014-09-24 06:24,7.008,0.104,0,0,0,0,v
2014-09-24 06:30,7.004,0.107,0,0,0,0,v
2014-09-24 06:36,6.997,0.104,0,0,0,0,v
2014-09-24 06:42,7.011,0.105,0,0,0,0,v
2014-09-24 06:48,7.022,0.117,0,0,0,0,v
2014-09-24 06:54,7.027,0.124,0,0,0,0,v
2014-09-24 07:00,7.033,0.124,0,0,0,0,v
2014-09-24 07:06,7.030,0.133,0,0,0,0,v
2014-09-24 07:12,7.047,0.126,0,0,0,0,v
2014-09-24 07:18,7.029,0.113,0,0,0,0,v
2014-09-24 07:24,7.048,0.121,0,0,0,0,v
2014-09-24 07:30,7.050,0.109,0,0,0,0,v
2014-09-24 07:36,7.055,0.106,0,0,0,0,v
2014-09-24 07:42,7.060,0.103,0,0,0,0,v
2014-09-24 07:48,7.068,0.115,0,0,0,0,v
2014-09-24 07:54,7.059,0.116,0,0,0,0,v
2014-09-24 08:00,7.065,0.131,0,0,0,0,v
2014-09-24 08:06,7.058,0.108,0,0,0,0,v
2014-09-24 08:12,7.067,0.127,0,0,0,0,v
2014-09-24 08:18,7.058,0.112,0,0,0,0,v
2014-09-24 08:24,7.036,0.119,0,0,0,0,v
2014-09-24 08:30,7.041,0.128,0,0,0,0,v
2014-09-24 08:36,7.063,0.120,0,0,0,0,v
2014-09-24 08:42,7.060,0.141,0,0,0,0,v
2014-09-24 08:48,7.053,0.127,0,0,0,0,v
2014-09-24 08:54,7.054,0.114,0,0,0,0,v
2014-09-24 09:00,7.054,0.132,0,0,0,0,v
2014-09-24 09:06,7.045,0.124,0,0,0,0,v
2014-09-24 09:12,7.044,0.123,0,0,0,0,v
2014-09-24 09:18,7.028,0.124,0,0,0,0,v
2014-09-24 09:24,7.028,0.125,0,0,0,0,v
2014-09-24 09:30,7.055,0.125,0,0,0,0,v
2014-09-24 09:36,7.051,0.129,0,0,0,0,v
2014-09-24 09:42,7.068,0.124,0,0,0,0,v
2014-09-24 09:48,7.051,0.131,0,0,0,0,v
2014-09-24 09:54,7.060,0.112,0,0,0,0,v
2014-09-24 10:00,7.060,0.117,0,0,0,0,v
2014-09-24 10:06,7.064,0.127,0,0,0,0,v
2014-09-24 10:12,7.072,0.094,0,0,0,0,v
2014-09-24 10:18,7.064,0.104,0,0,0,0,v
2014-09-24 10:24,7.071,0.119,0,0,0,0,v
2014-09-24 10:30,7.074,0.141,0,0,0,0,v
2014-09-24 10:36,7.092,0.121,0,0,0,0,v
2014-09-24 10:42,7.081,0.144,0,0,0,0,v
2014-09-24 10:48,7.074,0.101,0,0,0,0,v
2014-09-24 10:54,7.045,0.122,0,0,0,0,v
2014-09-24 11:00,7.048,0.121,0,0,0,0,v
2014-09-24 11:06,7.042,0.143,0,0,0,0,v
2014-09-24 11:12,7.031,0.123,0,0,0,0,v
2014-09-24 11:18,7.018,0.119,0,0,0,0,v
2014-09-24 11:24,6.994,0.124,0,0,0,0,v
2014-09-24 11:30,6.985,0.100,0,0,0,0,v
2014-09-24 11:36,6.962,0.101,0,0,0,0,v
2014-09-24 11:42,6.961,0.118,0,0,0,0,v
2014-09-24 11:48,6.969,0.126,0,0,0,0,v
2014-09-24 11:54,6.959,0.130,0,0,0,0,v
2014-09-24 12:00,6.959,0.120,0,0,0,0,v
2014-09-24 12:06,6.955,0.117,0,0,0,0,v
2014-09-24 12:12,6.936,0.119,0,0,0,0,v
2014-09-24 12:18,6.911,0.120,0,0,0,0,v
2014-09-24 12:24,6.922,0.121,0,0,0,0,v
2014-09-24 12:30,6.903,0.111,0,0,0,0,v
2014-09-24 12:36,6.893,0.114,0,0,0,0,v
2014-09-24 12:42,6.894,0.105,0,0,0,0,v
2014-09-24 12:48,6.911,0.119,0,0,0,0,v
2014-09-24 12:54,6.927,0.130,0,0,0,0,v
2014-09-24 13:00,6.933,0.124,0,0,0,0,v
2014-09-24 13:06,6.933,0.127,0,0,0,0,v
2014-09-24 13:12,6.931,0.114,0,0,0,0,v
2014-09-24 13:18,6.942,0.105,0,0,0,0,v
2014-09-24 13:24,6.923,0.131,0,0,0,0,v
2014-09-24 13:30,6.912,0.120,0,0,0,0,v
2014-09-24 13:36,6.909,0.130,0,0,0,0,v
2014-09-24 13:42,6.916,0.132,0,0,0,0,v
2014-09-24 13:48,6.935,0.126,0,0,0,0,v
2014-09-24 13:54,6.962,0.106,0,0,0,0,v
2014-09-24 14:00,6.959,0.116,0,0,0,0,v
2014-09-24 14:06,6.958,0.118,0,0,0,0,v
2014-09-24 14:12,6.948,0.155,0,0,0,0,v
2014-09-24 14:18,6.957,0.138,0,0,0,0,v
2014-09-24 14:24,6.965,0.137,0,0,0,0,v
2014-09-24 14:30,6.967,0.143,0,0,0,0,v
2014-09-24 14:36,6.963,0.135,0,0,0,0,v
2014-09-24 14:42,6.976,0.115,0,0,0,0,v
2014-09-24 14:48,6.939,0.135,0,0,0,0,v
2014-09-24 14:54,6.951,0.137,0,0,0,0,v
2014-09-24 15:00,6.946,0.138,0,0,0,0,v
2014-09-24 15:06,6.945,0.109,0,0,0,0,v
2014-09-24 15:12,6.931,0.147,0,0,0,0,v
2014-09-24 15:18,6.945,0.153,0,0,0,0,v
2014-09-24 15:24,6.939,0.145,0,0,0,0,v
2014-09-24 15:30,6.922,0.112,0,0,0,0,v
2014-09-24 15:36,6.915,0.135,0,0,0,0,v
2014-09-24 15:42,6.924,0.131,0,0,0,0,v
2014-09-24 15:48,6.934,0.130,0,0,0,0,v
2014-09-24 15:54,6.897,0.134,0,0,0,0,v
2014-09-24 16:00,6.906,0.118,0,0,0,0,v
2014-09-24 16:06,6.914,0.125,0,0,0,0,v
2014-09-24 16:12,6.909,0.109,0,0,0,0,v
2014-09-24 16:18,6.914,0.106,0,0,0,0,v
2014-09-24 16:24,6.918,0.109,0,0,0,0,v
2014-09-24 16:30,6.916,0.116,0,0,0,0,v
2014-09-24 16:36,6.919,0.116,0,0,0,0,v
2014-09-24 16:42,6.948,0.116,0,0,0,0,v
2014-09-24 16:48,6.949,0.112,0,0,0,0,v
2014-09-24 16:54,6.954,0.106,0,0,0,0,v
2014-09-24 17:00,6.955,0.139,0,0,0,0,v
2014-09-24 17:06,6.976,0.125,0,0,0,0,v
2014-09-24 17:12,6.990,0.118,0,0,0,0,v
2014-09-24 17:18,7.005,0.126,0,0,0,0,v
2014-09-24 17:24,7.019,0.135,0,0,0,0,v
2014-09-24 17:30,7.003,0.117,0,0,0,0,v
2014-09-24 17:36,7.020,0.148,0,0,0,0,v
2014-09-24 17:42,7.024,0.118,0,0,0,0,v
2014-09-24 17:48,7.032,0.106,0,0,0,0,v
2014-09-24 17:54,7.036,0.108,0,0,0,0,v
2014-09-24 18:00,7.039,0.120,0,0,0,0,v
2014-09-24 18:06,7.066,0.137,0,0,0,0,v
2014-09-24 18:12,7.060,0.117,0,0,0,0,v
2014-09-24 18:18,7.045,0.142,0,0,0,0,v
2014-09-24 18:24,7.057,0.115,0,0,0,0,v
2014-09-24 18:30,7.046,0.140,0,0,0,0,v
2014-09-24 18:36,7.055,0.126,0,0,0,0,v
2014-09-24 18:42,7.045,0.139,0,0,0,0,v
2014-09-24 18:48,7.059,0.130,0,0,0,0,v
2014-09-24 18:54,7.055,0.125,0,0,0,0,v
2014-09-24 19:00,7.056,0.161,0,0,0,0,v
2014-09-24 19:06,7.036,0.111,0,0,0,0,v
2014-09-24 19:12,7.029,0.128,0,0,0,0,v
2014-09-24 19:18,7.028,0.129,0,0,0,0,v
2014-09-24 19:24,7.061,0.133,0,0,0,0,v
2014-09-24 19:30,7.055,0.135,0,0,0,0,v
2014-09-24 19:36,7.072,0.134,0,0,0,0,v
2014-09-24 19:42,7.072,0.115,0,0,0,0,v
2014-09-24 19:48,7.078,0.124,0,0,0,0,v
2014-09-24 19:54,7.093,0.128,0,0,0,0,v
2014-09-24 20:00,7.102,0.141,0,0,0,0,v
2014-09-24 20:06,7.088,0.138,0,0,0,0,v
2014-09-24 20:12,7.113,0.124,0,0,0,0,v
2014-09-24 20:18,7.125,0.134,0,0,0,0,v
2014-09-24 20:24,7.137,0.125,0,0,0,0,v
2014-09-24 20:30,7.133,0.138,0,0,0,0,v
2014-09-24 20:36,7.161,0.137,0,0,0,0,v
2014-09-24 20:42,7.133,0.135,0,0,0,0,v
2014-09-24 20:48,7.129,0.128,0,0,0,0,v
2014-09-24 20:54,7.140,0.123,0,0,0,0,v
2014-09-24 21:00,7.131,0.121,0,0,0,0,v
2014-09-24 21:06,7.152,0.134,0,0,0,0,v
2014-09-24 21:12,7.159,0.125,0,0,0,0,v
2014-09-24 21:18,7.161,0.124,0,0,0,0,v
2014-09-24 21:24,7.151,0.138,0,0,0,0,v
2014-09-24 21:30,7.139,0.127,0,0,0,0,v
2014-09-24 21:36,7.122,0.125,0,0,0,0,v
2014-09-24 21:42,7.117,0.145,0,0,0,0,v
2014-09-24 21:48,7.085,0.131,0,0,0,0,v
2014-09-24 21:54,7.119,0.147,0,0,0,0,v
2014-09-24 22:00,7.105,0.120,0,0,0,0,v
2014-09-24 22:06,7.107,0.135,0,0,0,0,v
2014-09-24 22:12,7.112,0.134,0,0,0,0,v
2014-09-24 22:18,7.098,0.130,0,0,0,0,v
2014-09-24 22:24,7.077,0.139,0,0,0,0,v
2014-09-24 22:30,7.067,0.120,0,0,0,0,v
2014-09-24 22:36,7.084,0.109,0,0,0,0,v
2014-09-24 22:42,7.069,0.103,0,0,0,0,v
2014-09-24 22:48,7.066,0.126,0,0,0,0,v
2014-09-24 22:54,7.062,0.124,0,0,0,0,v
2014-09-24 23:00,7.048,0.106,0,0,0,0,v
2014-09-24 23:06,7.056,0.111,0,0,0,0,v
2014-09-24 23:12,7.014,0.125,0,0,0,0,v
2014-09-24 23:18,7.035,0.136,0,0,0,0,v
2014-09-24 23:24,7.042,0.120,0,0,0,0,v
2014-09-24 23:30,7.042,0.130,0,0,0,0,v
2014-09-24 23:36,7.007,0.147,0,0,0,0,v
2014-09-24 23:42,7.009,0.109,0,0,0,0,v
2014-09-24 23:48,6.998,0.133,0,0,0,0,v
2014-09-24 23:54,6.988,0.143,0,0,0,0,v
2014-09-25 00:00,6.973,0.130,0,0,0,0,v
2014-09-25 00:06,7.001,0.000,0,0,0,0,v
2014-09-25 00:12,6.997,0.130,0,0,0,0,v
2014-09-25 00:18,6.996,0.128,0,0,0,0,v
2014-09-25 00:24,6.989,0.091,0,0,0,0,v
2014-09-25 00:30,7.001,0.113,0,0,0,0,v
2014-09-25 00:36,6.993,0.123,0,0,0,0,v
2014-09-25 00:42,6.978,0.120,0,0,0,0,v
2014-09-25 00:48,6.977,0.105,0,0,0,0,v
2014-09-25 00:54,6.983,0.103,0,0,0,0,v
2014-09-25 01:00,6.991,0.127,0,0,0,0,v
2014-09-25 01:06,6.996,0.114,0,0,0,0,v
2014-09-25 01:12,6.983,0.092,0,0,0,0,v
2014-09-25 01:18,6.981,0.112,0,0,0,0,v
2014-09-25 01:24,7.008,0.111,0,0,0,0,v
2014-09-25 01:30,6.989,0.115,0,0,0,0,v
2014-09-25 01:36,6.977,0.121,0,0,0,0,v
2014-09-25 01:42,6.983,0.133,0,0,0,0,v
2014-09-25 01:48,6.986,0.126,0,0,0,0,v
2014-09-25 01:54,6.960,0.113,0,0,0,0,v
2014-09-25 02:00,6.959,0.131,0,0,0,0,v
2014-09-25 02:06,6.957,0.115,0,0,0,0,v
2014-09-25 02:12,6.955,0.100,0,0,0,0,v
2014-09-25 02:18,6.958,0.124,0,0,0,0,v
2014-09-25 02:24,6.972,0.118,0,0,0,0,v
2014-09-25 02:30,6.955,0.101,0,0,0,0,v
2014-09-25 02:36,6.932,0.103,0,0,0,0,v
2014-09-25 02:42,6.914,0.114,0,0,0,0,v
2014-09-25 02:48,6.915,0.101,0,0,0,0,v
2014-09-25 02:54,6.930,0.132,0,0,0,0,v
2014-09-25 03:00,6.932,0.141,0,0,0,0,v
2014-09-25 03:06,6.932,0.154,0,0,0,0,v
2014-09-25 03:12,6.943,0.128,0,0,0,0,v
2014-09-25 03:18,6.918,0.121,0,0,0,0,v
2014-09-25 03:24,6.921,0.125,0,0,0,0,v
2014-09-25 03:30,6.932,0.124,0,0,0,0,v
2014-09-25 03:36,6.936,0.122,0,0,0,0,v
2014-09-25 03:42,6.951,0.109,0,0,0,0,v
2014-09-25 03:48,6.970,0.123,0,0,0,0,v
2014-09-25 03:54,6.984,0.140,0,0,0,0,v
2014-09-25 04:00,6.963,0.131,0,0,0,0,v
2014-09-25 04:06,6.952,0.127,0,0,0,0,v
2014-09-25 04:12,6.939,0.126,0,0,0,0,v
2014-09-25 04:18,6.930,0.110,0,0,0,0,v
2014-09-25 04:24,6.932,0.120,0,0,0,0,v
2014-09-25 04:30,6.951,0.128,0,0,0,0,v
2014-09-25 04:36,6.961,0.139,0,0,0,0,v
2014-09-25 04:42,6.946,0.125,0,0,0,0,v
2014-09-25 04:48,6.966,0.127,0,0,0,0,v
2014-09-25 04:54,6.977,0.126,0,0,0,0,v
2014-09-25 05:00,6.973,0.141,0,0,0,0,v
2014-09-25 05:06,6.989,0.137,0,0,0,0,v
2014-09-25 05:12,6.995,0.116,0,0,0,0,v
2014-09-25 05:18,6.983,0.119,0,0,0,0,v
2014-09-25 05:24,6.958,0.140,0,0,0,0,v
2014-09-25 05:30,6.949,0.149,0,0,0,0,v
2014-09-25 05:36,6.979,0.126,0,0,0,0,v
2014-09-25 05:42,6.988,0.123,0,0,0,0,v
2014-09-25 05:48,6.973,0.134,0,0,0,0,v
2014-09-25 05:54,6.977,0.142,0,0,0,0,v
2014-09-25 06:00,6.975,0.146,0,0,0,0,v
2014-09-25 06:06,6.962,0.147,0,0,0,0,v
2014-09-25 06:12,6.948,0.149,0,0,0,0,v
2014-09-25 06:18,6.948,0.141,0,0,0,0,v
2014-09-25 06:24,6.984,0.111,0,0,0,0,v
2014-09-25 06:30,6.970,0.143,0,0,0,0,v
2014-09-25 06:36,6.971,0.135,0,0,0,0,v
2014-09-25 06:42,6.981,0.145,0,0,0,0,v
2014-09-25 06:48,7.002,0.145,0,0,0,0,v
2014-09-25 06:54,7.007,0.131,0,0,0,0,v
2014-09-25 07:00,6.987,0.131,0,0,0,0,v
2014-09-25 07:06,6.984,0.116,0,0,0,0,v
2014-09-25 07:12,6.997,0.151,0,0,0,0,v
2014-09-25 07:18,7.009,0.126,0,0,0,0,v
2014-09-25 07:24,7.013,0.119,0,0,0,0,v
2014-09-25 07:30,7.001,0.140,0,0,0,0,v
2014-09-25 07:36,6.984,0.139,0,0,0,0,v
2014-09-25 07:42,6.981,0.125,0,0,0,0,v
2014-09-25 07:48,6.970,0.129,0,0,0,0,v
2014-09-25 07:54,6.972,0.136,0,0,0,0,v
2014-09-25 08:00,6.990,0.112,0,0,0,0,v
2014-09-25 08:06,6.992,0.135,0,0,0,0,v
2014-09-25 08:12,7.013,0.132,0,0,0,0,v
2014-09-25 08:18,7.016,0.119,0,0,0,0,v
2014-09-25 08:24,7.010,0.116,0,0,0,0,v
2014-09-25 08:30,7.006,0.161,0,0,0,0,v
2014-09-25 08:36,7.021,0.121,0,0,0,0,v
2014-09-25 08:42,7.016,0.134,0,0,0,0,v
2014-09-25 08:48,6.994,0.127,0,0,0,0,v
2014-09-25 08:54,7.015,0.110,0,0,0,0,v
2014-09-25 09:00,7.032,0.122,0,0,0,0,v
2014-09-25 09:06,7.054,0.138,0,0,0,0,v
2014-09-25 09:12,7.040,0.126,0,0,0,0,v
2014-09-25 09:18,7.034,0.124,0,0,0,0,v
2014-09-25 09:24,7.027,0.142,0,0,0,0,v
2014-09-25 09:30,7.018,0.136,0,0,0,0,v
2014-09-25 09:36,7.007,0.125,0,0,0,0,v
2014-09-25 09:42,6.999,0.127,0,0,0,0,v
2014-09-25 09:48,7.009,0.147,0,0,0,0,v
2014-09-25 09:54,6.996,0.126,0,0,0,0,v
2014-09-25 10:00,7.008,0.120,0,0,0,0,v
2014-09-25 10:06,6.975,0.123,0,0,0,0,v
2014-09-25 10:12,6.969,0.144,0,0,0,0,v
2014-09-25 10:18,6.970,0.119,0,0,0,0,v
2014-09-25 10:24,6.972,0.124,0,0,0,0,v
2014-09-25 10:30,6.954,0.131,0,0,0,0,v
2014-09-25 10:36,6.971,0.130,0,0,0,0,v
2014-09-25 10:42,6.948,0.156,0,0,0,0,v
2014-09-25 10:48,6.958,0.163,0,0,0,0,v
2014-09-25 10:54,6.954,0.148,0,0,0,0,v
2014-09-25 11:00,6.932,0.154,0,0,0,0,v
2014-09-25 11:06,6.909,0.165,0,0,0,0,v
2014-09-25 11:12,6.903,0.150,0,0,0,0,v
2014-09-25 11:18,6.910,0.141,0,0,0,0,v
2014-09-25 11:24,6.898,0.166,0,0,0,0,v
2014-09-25 11:30,6.895,0.197,0,0,0,0,v
2014-09-25 11:36,6.903,0.143,0,0,0,0,v
2014-09-25 11:42,6.894,0.163,0,0,0,0,v
2014-09-25 11:48,6.897,0.144,0,0,0,0,v
2014-09-25 11:54,6.885,0.157,0,0,0,0,v
2014-09-25 12:00,6.864,0.172,0,0,0,0,v
2014-09-25 12:06,6.882,0.129,0,0,0,0,v
2014-09-25 12:12,6.863,0.161,0,0,0,0,v
2014-09-25 12:18,6.871,0.158,0,0,0,0,v
2014-09-25 12:24,6.897,0.150,0,0,0,0,v
2014-09-25 12:30,6.911,0.141,0,0,0,0,v
2014-09-25 12:36,6.893,0.170,0,0,0,0,v
2014-09-25 12:42,6.885,0.167,0,0,0,0,v
2014-09-25 12:48,6.838,0.158,0,0,0,0,v
2014-09-25 12:54,6.825,0.147,0,0,0,0,v
2014-09-25 13:00,6.798,0.151,0,0,0,0,v
2014-09-25 13:06,6.839,0.160,0,0,0,0,v
2014-09-25 13:12,6.844,0.133,0,0,0,0,v
2014-09-25 13:18,6.849,0.141,0,0,0,0,v
2014-09-25 13:24,6.856,0.137,0,0,0,0,v
2014-09-25 13:30,6.820,0.159,0,0,0,0,v
2014-09-25 13:36,6.797,0.153,0,0,0,0,v
2014-09-25 13:42,6.793,0.136,0,0,0,0,v
2014-09-25 13:48,6.792,0.149,0,0,0,0,v
2014-09-25 13:54,6.779,0.119,0,0,0,0,v
2014-09-25 14:00,6.791,0.160,0,0,0,0,v
2014-09-25 14:06,6.779,0.133,0,0,0,0,v
2014-09-25 14:12,6.795,0.149,0,0,0,0,v
2014-09-25 14:18,6.795,0.149,0,0,0,0,v
2014-09-25 14:24,6.790,0.126,0,0,0,0,v
2014-09-25 14:30,6.816,0.137,0,0,0,0,v
2014-09-25 14:36,6.812,0.158,0,0,0,0,v
2014-09-25 14:42,6.805,0.149,0,0,0,0,v
2014-09-25 14:48,6.791,0.147,0,0,0,0,v
2014-09-25 14:54,6.790,0.155,0,0,0,0,v
2014-09-25 15:00,6.834,0.170,0,0,0,0,v
2014-09-25 15:06,6.823,0.151,0,0,0,0,v
2014-09-25 15:12,6.822,0.154,0,0,0,0,v
2014-09-25 15:18,6.851,0.152,0,0,0,0,v
2014-09-25 15:24,6.820,0.163,0,0,0,0,v
2014-09-25 15:30,6.863,0.169,0,0,0,0,v
2014-09-25 15:36,6.872,0.148,0,0,0,0,v
2014-09-25 15:42,6.840,0.178,0,0,0,0,v
2014-09-25 15:48,6.831,0.142,0,0,0,0,v
2014-09-25 15:54,6.828,0.162,0,0,0,0,v
2014-09-25 16:00,6.824,0.179,0,0,0,0,v
2014-09-25 16:06,6.832,0.148,0,0,0,0,v
2014-09-25 16:12,6.878,0.156,0,0,0,0,v
2014-09-25 16:18,6.852,0.161,0,0,0,0,v
2014-09-25 16:24,6.863,0.160,0,0,0,0,v
2014-09-25 16:30,6.870,0.154,0,0,0,0,v
2014-09-25 16:36,6.856,0.184,0,0,0,0,v
2014-09-25 16:42,6.918,0.156,0,0,0,0,v
2014-09-25 16:48,6.869,0.165,0,0,0,0,v
2014-09-25 16:54,6.853,0.148,0,0,0,0,v
2014-09-25 17:00,6.870,0.139,0,0,0,0,v
2014-09-25 17:06,6.879,0.167,0,0,0,0,v
2014-09-25 17:12,6.904,0.161,0,0,0,0,v
2014-09-25 17:18,6.914,0.162,0,0,0,0,v
2014-09-25 17:24,6.960,0.160,0,0,0,0,v
2014-09-25 17:30,6.954,0.149,0,0,0,0,v
2014-09-25 17:36,6.937,0.165,0,0,0,0,v
2014-09-25 17:42,6.935,0.162,0,0,0,0,v
2014-09-25 17:48,6.947,0.157,0,0,0,0,v
2014-09-25 17:54,6.940,0.160,0,0,0,0,v
2014-09-25 18:00,6.996,0.160,0,0,0,0,v
2014-09-25 18:06,7.038,0.148,0,0,0,0,v
2014-09-25 18:12,7.042,0.137,0,0,0,0,v
2014-09-25 18:18,7.061,0.137,0,0,0,0,v
2014-09-25 18:24,7.040,0.136,0,0,0,0,v
2014-09-25 18:30,7.018,0.133,0,0,0,0,v
2014-09-25 18:36,7.040,0.146,0,0,0,0,v
2014-09-25 18:42,6.995,0.132,0,0,0,0,v
2014-09-25 18:48,7.000,0.131,0,0,0,0,v
2014-09-25 18:54,6.966,0.134,0,0,0,0,v
2014-09-25 19:00,6.943,0.146,0,0,0,0,v
2014-09-25 19:06,6.988,0.137,0,0,0,0,v
2014-09-25 19:12,7.016,0.128,0,0,0,0,v
2014-09-25 19:18,7.024,0.128,0,0,0,0,v
2014-09-25 19:24,7.056,0.112,0,0,0,0,v
2014-09-25 19:30,7.038,0.137,0,0,0,0,v
2014-09-25 19:36,7.047,0.138,0,0,0,0,v
2014-09-25 19:42,7.054,0.155,0,0,0,0,v
2014-09-25 19:48,7.062,0.135,0,0,0,0,v
2014-09-25 19:54,7.066,0.125,0,0,0,0,v
2014-09-25 20:00,7.080,0.137,0,0,0,0,v
2014-09-25 20:06,7.110,0.133,0,0,0,0,v
2014-09-25 20:12,7.145,0.137,0,0,0,0,v
2014-09-25 20:18,7.192,0.123,0,0,0,0,v
2014-09-25 20:24,7.169,0.135,0,0,0,0,v
2014-09-25 20:30,7.187,0.116,0,0,0,0,v
2014-09-25 20:36,7.220,0.115,0,0,0,0,v
2014-09-25 20:42,7.227,0.126,0,0,0,0,v
2014-09-25 20:48,7.219,0.134,0,0,0,0,v
2014-09-25 20:54,7.206,0.130,0,0,0,0,v
2014-09-25 21:00,7.196,0.123,0,0,0,0,v
2014-09-25 21:06,7.210,0.128,0,0,0,0,v
2014-09-25 21:12,7.214,0.122,0,0,0,0,v
2014-09-25 21:18,7.212,0.146,0,0,0,0,v
2014-09-25 21:24,7.229,0.145,0,0,0,0,v
2014-09-25 21:30,7.203,0.144,0,0,0,0,v
2014-09-25 21:36,7.216,0.127,0,0,0,0,v
2014-09-25 21:42,7.144,0.147,0,0,0,0,v
2014-09-25 21:48,7.171,0.134,0,0,0,0,v
2014-09-25 21:54,7.209,0.139,0,0,0,0,v
2014-09-25 22:00,7.179,0.135,0,0,0,0,v
2014-09-25 22:06,7.182,0.134,0,0,0,0,v
2014-09-25 22:12,7.205,0.121,0,0,0,0,v
2014-09-25 22:18,7.210,0.126,0,0,0,0,v
2014-09-25 22:24,7.184,0.126,0,0,0,0,v
2014-09-25 22:30,7.183,0.136,0,0,0,0,v
2014-09-25 22:36,7.203,0.136,0,0,0,0,v
2014-09-25 22:42,7.224,0.150,0,0,0,0,v
2014-09-25 22:48,7.244,0.130,0,0,0,0,v
2014-09-25 22:54,7.257,0.135,0,0,0,0,v
2014-09-25 23:00,7.201,0.141,0,0,0,0,v
2014-09-25 23:06,7.181,0.140,0,0,0,0,v
2014-09-25 23:12,7.198,0.131,0,0,0,0,v
2014-09-25 23:18,7.192,0.127,0,0,0,0,v
2014-09-25 23:24,7.190,0.149,0,0,0,0,v
2014-09-25 23:30,7.197,0.143,0,0,0,0,v
2014-09-25 23:36,7.255,0.136,0,0,0,0,v
2014-09-25 23:42,7.246,0.148,0,0,0,0,v
2014-09-25 23:48,7.217,0.164,0,0,0,0,v
2014-09-25 23:54,7.232,0.134,0,0,0,0,v
2014-09-26 00:00,7.197,0.165,0,0,0,0,v
2014-09-26 00:06,7.172,0.143,0,0,0,0,v
2014-09-26 00:12,7.164,0.156,0,0,0,0,v
2014-09-26 00:18,7.190,0.144,0,0,0,0,v
2014-09-26 00:24,7.215,0.149,0,0,0,0,v
2014-09-26 00:30,7.160,0.157,0,0,0,0,v
2014-09-26 00:36,7.129,0.162,0,0,0,0,v
2014-09-26 00:42,7.121,0.145,0,0,0,0,v
2014-09-26 00:48,7.097,0.165,0,0,0,0,v
2014-09-26 00:54,7.095,0.127,0,0,0,0,v
2014-09-26 01:00,7.052,0.155,0,0,0,0,v
2014-09-26 01:06,7.117,0.147,0,0,0,0,v
2014-09-26 01:12,7.155,0.149,0,0,0,0,v
2014-09-26 01:18,7.130,0.145,0,0,0,0,v
2014-09-26 01:24,7.116,0.158,0,0,0,0,v
2014-09-26 01:30,7.082,0.156,0,0,0,0,v
2014-09-26 01:36,7.106,0.140,0,0,0,0,v
2014-09-26 01:42,7.100,0.146,0,0,0,0,v
2014-09-26 01:48,7.107,0.140,0,0,0,0,v
2014-09-26 01:54,7.114,0.147,0,0,0,0,v
2014-09-26 02:00,7.152,0.137,0,0,0,0,v
2014-09-26 02:06,7.108,0.154,0,0,0,0,v
2014-09-26 02:12,7.106,0.141,0,0,0,0,v
2014-09-26 02:18,7.098,0.155,0,0,0,0,v
2014-09-26 02:24,7.095,0.140,0,0,0,0,v
2014-09-26 02:30,7.118,0.153,0,0,0,0,v
2014-09-26 02:36,7.142,0.128,0,0,0,0,v
2014-09-26 02:42,7.131,0.122,0,0,0,0,v
2014-09-26 02:48,7.074,0.143,0,0,0,0,v
2014-09-26 02:54,7.110,0.151,0,0,0,0,v
2014-09-26 03:00,7.109,0.121,0,0,0,0,v
2014-09-26 03:06,7.077,0.131,0,0,0,0,v
2014-09-26 03:12,7.050,0.133,0,0,0,0,v
2014-09-26 03:18,7.022,0.132,0,0,0,0,v
2014-09-26 03:24,6.996,0.141,0,0,0,0,v
2014-09-26 03:30,7.017,0.138,0,0,0,0,v
2014-09-26 03:36,7.003,0.136,0,0,0,0,v
2014-09-26 03:42,7.022,0.128,0,0,0,0,v
2014-09-26 03:48,7.047,0.127,0,0,0,0,v
2014-09-26 03:54,7.067,0.137,0,0,0,0,v
2014-09-26 04:00,7.022,0.126,0,0,0,0,v
2014-09-26 04:06,7.016,0.126,0,0,0,0,v
2014-09-26 04:12,7.013,0.145,0,0,0,0,v
2014-09-26 04:18,7.039,0.140,0,0,0,0,v
2014-09-26 04:24,7.017,0.144,0,0,0,0,v
2014-09-26 04:30,7.018,0.143,0,0,0,0,v
2014-09-26 04:36,7.034,0.158,0,0,0,0,v
2014-09-26 04:42,7.022,0.147,0,0,0,0,v
2014-09-26 04:48,7.045,0.124,0,0,0,0,v
2014-09-26 04:54,7.074,0.144,0,0,0,0,v
2014-09-26 05:00,7.071,0.122,0,0,0,0,v
2014-09-26 05:06,7.087,0.128,0,0,0,0,v
2014-09-26 05:12,7.071,0.145,0,0,0,0,v
2014-09-26 05:18,7.112,0.151,0,0,0,0,v
2014-09-26 05:24,7.084,0.155,0,0,0,0,v
2014-09-26 05:30,7.069,0.133,0,0,0,0,v
2014-09-26 05:36,7.083,0.154,0,0,0,0,v
2014-09-26 05:42,7.125,0.130,0,0,0,0,v
2014-09-26 05:48,7.136,0.138,0,0,0,0,v
2014-09-26 05:54,7.075,0.157,0,0,0,0,v
2014-09-26 06:00,7.038,0.159,0,0,0,0,v
2014-09-26 06:06,7.037,0.144,0,0,0,0,v
2014-09-26 06:12,7.032,0.138,0,0,0,0,v
2014-09-26 06:18,7.064,0.154,0,0,0,0,v
2014-09-26 06:24,7.079,0.125,0,0,0,0,v
2014-09-26 06:30,7.052,0.149,0,0,0,0,v
2014-09-26 06:36,7.056,0.149,0,0,0,0,v
2014-09-26 06:42,7.087,0.149,0,0,0,0,v
2014-09-26 06:48,7.050,0.123,0,0,0,0,v
2014-09-26 06:54,7.087,0.137,0,0,0,0,v
2014-09-26 07:00,7.075,0.137,0,0,0,0,v
2014-09-26 07:06,7.048,0.153,0,0,0,0,v
2014-09-26 07:12,7.054,0.127,0,0,0,0,v
2014-09-26 07:18,7.075,0.157,0,0,0,0,v
2014-09-26 07:24,7.052,0.154,0,0,0,0,v
2014-09-26 07:30,7.068,0.147,0,0,0,0,v
2014-09-26 07:36,7.037,0.149,0,0,0,0,v
2014-09-26 07:42,7.044,0.130,0,0,0,0,v
2014-09-26 07:48,7.045,0.125,0,0,0,0,v
2014-09-26 07:54,7.028,0.130,0,0,0,0,v
2014-09-26 08:00,7.042,0.124,0,0,0,0,v
2014-09-26 08:06,7.055,0.120,0,0,0,0,v
2014-09-26 08:12,7.052,0.126,0,0,0,0,v
2014-09-26 08:18,7.061,0.147,0,0,0,0,v
2014-09-26 08:24,7.052,0.123,0,0,0,0,v
2014-09-26 08:30,7.048,0.137,0,0,0,0,v
2014-09-26 08:36,7.024,0.122,0,0,0,0,v
2014-09-26 08:42,7.044,0.148,0,0,0,0,v
2014-09-26 08:48,7.060,0.134,0,0,0,0,v
2014-09-26 08:54,7.083,0.138,0,0,0,0,v
2014-09-26 09:00,7.078,0.124,0,0,0,0,v
2014-09-26 09:06,7.084,0.129,0,0,0,0,v
2014-09-26 09:12,7.097,0.144,0,0,0,0,v
2014-09-26 09:18,7.111,0.124,0,0,0,0,v
2014-09-26 09:24,7.126,0.123,0,0,0,0,v
2014-09-26 09:30,7.091,0.150,0,0,0,0,v
2014-09-26 09:36,7.102,0.133,0,0,0,0,v
2014-09-26 09:42,7.123,0.120,0,0,0,0,v
2014-09-26 09:48,7.103,0.144,0,0,0,0,v
2014-09-26 09:54,7.101,0.131,0,0,0,0,v
2014-09-26 10:00,7.118,0.135,0,0,0,0,v
2014-09-26 10:06,7.121,0.138,0,0,0,0,v
2014-09-26 10:12,7.131,0.138,0,0,0,0,v
2014-09-26 10:18,7.116,0.157,0,0,0,0,v
2014-09-26 10:24,7.102,0.134,0,0,0,0,v
2014-09-26 10:30,7.084,0.169,0,0,0,0,v
2014-09-26 10:36,7.105,0.126,0,0,0,0,v
2014-09-26 10:42,7.114,0.134,0,0,0,0,v
2014-09-26 10:48,7.104,0.146,0,0,0,0,v
2014-09-26 10:54,7.097,0.140,0,0,0,0,v
2014-09-26 11:00,7.130,0.131,0,0,0,0,v
2014-09-26 11:06,7.096,0.129,0,0,0,0,v
2014-09-26 11:12,7.096,0.135,0,0,0,0,v
2014-09-26 11:18,7.059,0.114,0,0,0,0,v
2014-09-26 11:24,7.038,0.137,0,0,0,0,v
2014-09-26 11:30,7.047,0.127,0,0,0,0,v
2014-09-26 11:36,7.023,0.153,0,0,0,0,v
2014-09-26 11:42,7.069,0.130,0,0,0,0,v
2014-09-26 11:48,7.071,0.127,0,0,0,0,v
2014-09-26 11:54,7.058,0.134,0,0,0,0,v
2014-09-26 12:00,7.016,0.143,0,0,0,0,v
2014-09-26 12:06,7.006,0.142,0,0,0,0,v
2014-09-26 12:12,7.006,0.145,0,0,0,0,v
2014-09-26 12:18,6.968,0.137,0,0,0,0,v
2014-09-26 12:24,6.931,0.130,0,0,0,0,v
2014-09-26 12:30,6.946,0.138,0,0,0,0,v
2014-09-26 12:36,6.934,0.138,0,0,0,0,v
2014-09-26 12:42,6.958,0.140,0,0,0,0,v
2014-09-26 12:48,6.956,0.161,0,0,0,0,v
2014-09-26 12:54,6.934,0.147,0,0,0,0,v
2014-09-26 13:00,6.924,0.162,0,0,0,0,v
2014-09-26 13:06,6.917,0.134,0,0,0,0,v
2014-09-26 13:12,6.936,0.165,0,0,0,0,v
2014-09-26 13:18,6.941,0.134,0,0,0,0,v
2014-09-26 13:24,6.927,0.151,0,0,0,0,v
2014-09-26 13:30,6.886,0.146,0,0,0,0,v
2014-09-26 13:36,6.904,0.162,0,0,0,0,v
2014-09-26 13:42,6.891,0.153,0,0,0,0,v
2014-09-26 13:48,6.886,0.171,0,0,0,0,v
2014-09-26 13:54,6.888,0.178,0,0,0,0,v
2014-09-26 14:00,6.884,0.153,0,0,0,0,v
2014-09-26 14:06,6.911,0.140,0,0,0,0,v
2014-09-26 14:12,6.913,0.185,0,0,0,0,v
2014-09-26 14:18,6.931,0.163,0,0,0,0,v
2014-09-26 14:24,6.919,0.159,0,0,0,0,v
2014-09-26 14:30,6.933,0.166,0,0,0,0,v
2014-09-26 14:36,6.944,0.184,0,0,0,0,v
2014-09-26 14:42,6.949,0.171,0,0,0,0,v
2014-09-26 14:48,6.932,0.172,0,0,0,0,v
2014-09-26 14:54,6.983,0.177,0,0,0,0,v
2014-09-26 15:00,6.992,0.188,0,0,0,0,v
2014-09-26 15:06,7.018,0.184,0,0,0,0,v
2014-09-26 15:12,7.046,0.192,0,0,0,0,v
2014-09-26 15:18,6.976,0.199,0,0,0,0,v
2014-09-26 15:24,6.980,0.163,0,0,0,0,v
2014-09-26 15:30,6.989,0.197,0,0,0,0,v
2014-09-26 15:36,6.985,0.179,0,0,0,0,v
2014-09-26 15:42,6.978,0.198,0,0,0,0,v
2014-09-26 15:48,6.966,0.214,0,0,0,0,v
2014-09-26 15:54,6.953,0.198,0,0,0,0,v
2014-09-26 16:00,7.000,0.193,0,0,0,0,v
2014-09-26 16:06,7.024,0.195,0,0,0,0,v
2014-09-26 16:12,7.011,0.189,0,0,0,0,v
2014-09-26 16:18,6.988,0.209,0,0,0,0,v
2014-09-26 16:24,6.994,0.177,0,0,0,0,v
2014-09-26 16:30,6.996,0.214,0,0,0,0,v
2014-09-26 16:36,6.969,0.204,0,0,0,0,v
2014-09-26 16:42,6.967,0.218,0,0,0,0,v
2014-09-26 16:48,6.950,0.225,0,0,0,0,v
2014-09-26 16:54,6.922,0.209,0,0,0,0,v
2014-09-26 17:00,6.869,0.176,0,0,0,0,v
2014-09-26 17:06,6.861,0.189,0,0,0,0,v
2014-09-26 17:12,6.881,0.198,0,0,0,0,v
2014-09-26 17:18,6.885,0.188,0,0,0,0,v
2014-09-26 17:24,6.862,0.206,0,0,0,0,v
2014-09-26 17:30,6.899,0.191,0,0,0,0,v
2014-09-26 17:36,6.901,0.202,0,0,0,0,v
2014-09-26 17:42,6.931,0.205,0,0,0,0,v
2014-09-26 17:48,6.938,0.190,0,0,0,0,v
2014-09-26 17:54,6.918,0.168,0,0,0,0,v
2014-09-26 18:00,6.940,0.208,0,0,0,0,v
2014-09-26 18:06,6.922,0.178,0,0,0,0,v
2014-09-26 18:12,6.896,0.211,0,0,0,0,v
2014-09-26 18:18,6.936,0.190,0,0,0,0,v
2014-09-26 18:24,6.939,0.180,0,0,0,0,v
2014-09-26 18:30,6.915,0.207,0,0,0,0,v
2014-09-26 18:36,6.943,0.196,0,0,0,0,v
2014-09-26 18:42,6.978,0.179,0,0,0,0,v
2014-09-26 18:48,6.947,0.195,0,0,0,0,v
2014-09-26 18:54,6.962,0.185,0,0,0,0,v
2014-09-26 19:00,6.971,0.208,0,0,0,0,v
2014-09-26 19:06,6.978,0.206,0,0,0,0,v
2014-09-26 19:12,6.975,0.182,0,0,0,0,v
2014-09-26 19:18,6.981,0.201,0,0,0,0,v
2014-09-26 19:24,6.979,0.182,0,0,0,0,v
2014-09-26 19:30,6.959,0.197,0,0,0,0,v
2014-09-26 19:36,6.992,0.167,0,0,0,0,v
2014-09-26 19:42,7.007,0.169,0,0,0,0,v
2014-09-26 19:48,7.011,0.193,0,0,0,0,v
2014-09-26 19:54,7.008,0.163,0,0,0,0,v
2014-09-26 20:00,7.036,0.172,0,0,0,0,v
2014-09-26 20:06,7.028,0.194,0,0,0,0,v
2014-09-26 20:12,7.038,0.178,0,0,0,0,v
2014-09-26 20:18,7.083,0.177,0,0,0,0,v
2014-09-26 20:24,7.099,0.190,0,0,0,0,v
2014-09-26 20:30,7.115,0.186,0,0,0,0,v
2014-09-26 20:36,7.146,0.171,0,0,0,0,v
2014-09-26 20:42,7.127,0.182,0,0,0,0,v
2014-09-26 20:48,7.136,0.167,0,0,0,0,v
2014-09-26 20:54,7.140,0.177,0,0,0,0,v
2014-09-26 21:00,7.182,0.166,0,0,0,0,v
2014-09-26 21:06,7.167,0.190,0,0,0,0,v
2014-09-26 21:12,7.150,0.169,0,0,0,0,v
2014-09-26 21:18,7.160,0.187,0,0,0,0,v
2014-09-26 21:24,7.163,0.184,0,0,0,0,v
2014-09-26 21:30,7.139,0.185,0,0,0,0,v
2014-09-26 21:36,7.124,0.182,0,0,0,0,v
2014-09-26 21:42,7.133,0.161,0,0,0,0,v
2014-09-26 21:48,7.138,0.177,0,0,0,0,v
2014-09-26 21:54,7.139,0.174,0,0,0,0,v
2014-09-26 22:00,7.135,0.187,0,0,0,0,v
2014-09-26 22:06,7.148,0.192,0,0,0,0,v
2014-09-26 22:12,7.151,0.183,0,0,0,0,v
2014-09-26 22:18,7.152,0.169,0,0,0,0,v
2014-09-26 22:24,7.129,0.163,0,0,0,0,v
2014-09-26 22:30,7.127,0.175,0,0,0,0,v
2014-09-26 22:36,7.130,0.184,0,0,0,0,v
2014-09-26 22:42,7.143,0.173,0,0,0,0,v
2014-09-26 22:48,7.125,0.163,0,0,0,0,v
2014-09-26 22:54,7.131,0.170,0,0,0,0,v
2014-09-26 23:00,7.120,0.158,0,0,0,0,v
2014-09-26 23:06,7.121,0.184,0,0,0,0,v
2014-09-26 23:12,7.130,0.177,0,0,0,0,v
2014-09-26 23:18,7.124,0.216,0,0,0,0,v
2014-09-26 23:24,7.149,0.182,0,0,0,0,v
2014-09-26 23:30,7.153,0.182,0,0,0,0,v
2014-09-26 23:36,7.163,0.182,0,0,0,0,v
2014-09-26 23:42,7.157,0.179,0,0,0,0,v
2014-09-26 23:48,7.162,0.178,0,0,0,0,v
2014-09-26 23:54,7.185,0.151,0,0,0,0,v
2014-09-27 00:00,7.219,0.168,0,0,0,0,v
2014-09-27 00:06,7.179,0.149,0,0,0,0,v
2014-09-27 00:12,7.168,0.149,0,0,0,0,v
2014-09-27 00:18,7.178,0.141,0,0,0,0,v
2014-09-27 00:24,7.163,0.155,0,0,0,0,v
2014-09-27 00:30,7.159,0.144,0,0,0,0,v
2014-09-27 00:36,7.149,0.167,0,0,0,0,v
2014-09-27 00:42,7.150,0.150,0,0,0,0,v
2014-09-27 00:48,7.138,0.146,0,0,0,0,v
2014-09-27 00:54,7.123,0.138,0,0,0,0,v
2014-09-27 01:00,7.147,0.157,0,0,0,0,v
2014-09-27 01:06,7.137,0.164,0,0,0,0,v
2014-09-27 01:12,7.106,0.166,0,0,0,0,v
2014-09-27 01:18,7.131,0.143,0,0,0,0,v
2014-09-27 01:24,7.142,0.135,0,0,0,0,v
2014-09-27 01:30,7.132,0.164,0,0,0,0,v
2014-09-27 01:36,7.157,0.153,0,0,0,0,v
2014-09-27 01:42,7.185,0.169,0,0,0,0,v
2014-09-27 01:48,7.174,0.167,0,0,0,0,v
2014-09-27 01:54,7.185,0.156,0,0,0,0,v
2014-09-27 02:00,7.160,0.159,0,0,0,0,v
2014-09-27 02:06,7.196,0.143,0,0,0,0,v
2014-09-27 02:12,7.162,0.162,0,0,0,0,v
2014-09-27 02:18,7.152,0.134,0,0,0,0,v
2014-09-27 02:24,7.144,0.182,0,0,0,0,v
2014-09-27 02:30,7.129,0.166,0,0,0,0,v
2014-09-27 02:36,7.120,0.175,0,0,0,0,v
2014-09-27 02:42,7.144,0.167,0,0,0,0,v
2014-09-27 02:48,7.129,0.171,0,0,0,0,v
2014-09-27 02:54,7.119,0.200,0,0,0,0,v
2014-09-27 03:00,7.108,0.179,0,0,0,0,v
2014-09-27 03:06,7.126,0.153,0,0,0,0,v
2014-09-27 03:12,7.126,0.179,0,0,0,0,v
2014-09-27 03:18,7.124,0.179,0,0,0,0,v
2014-09-27 03:24,7.098,0.177,0,0,0,0,v
2014-09-27 03:30,7.136,0.162,0,0,0,0,v
2014-09-27 03:36,7.110,0.181,0,0,0,0,v
2014-09-27 03:42,7.140,0.151,0,0,0,0,v
2014-09-27 03:48,7.132,0.157,0,0,0,0,v
2014-09-27 03:54,7.127,0.169,0,0,0,0,v
2014-09-27 04:00,7.117,0.177,0,0,0,0,v
2014-09-27 04:06,7.133,0.137,0,0,0,0,v
2014-09-27 04:12,7.128,0.173,0,0,0,0,v
2014-09-27 04:18,7.113,0.161,0,0,0,0,v
2014-09-27 04:24,7.142,0.187,0,0,0,0,v
2014-09-27 04:30,7.128,0.170,0,0,0,0,v
2014-09-27 04:36,7.141,0.163,0,0,0,0,v
2014-09-27 04:42,7.132,0.193,0,0,0,0,v
2014-09-27 04:48,7.133,0.168,0,0,0,0,v
2014-09-27 04:54,7.132,0.175,0,0,0,0,v
2014-09-27 05:00,7.127,0.146,0,0,0,0,v
2014-09-27 05:06,7.154,0.155,0,0,0,0,v
2014-09-27 05:12,7.149,0.188,0,0,0,0,v
2014-09-27 05:18,7.136,0.175,0,0,0,0,v
2014-09-27 05:24,7.146,0.149,0,0,0,0,v
2014-09-27 05:30,7.139,0.173,0,0,0,0,v
2014-09-27 05:36,7.119,0.177,0,0,0,0,v
2014-09-27 05:42,7.149,0.191,0,0,0,0,v
2014-09-27 05:48,7.179,0.174,0,0,0,0,v
2014-09-27 05:54,7.155,0.198,0,0,0,0,v
2014-09-27 06:00,7.139,0.163,0,0,0,0,v
2014-09-27 06:06,7.140,0.161,0,0,0,0,v
2014-09-27 06:12,7.118,0.157,0,0,0,0,v
2014-09-27 06:18,7.088,0.168,0,0,0,0,v
2014-09-27 06:24,7.088,0.160,0,0,0,0,v
2014-09-27 06:30,7.052,0.191,0,0,0,0,v
2014-09-27 06:36,7.073,0.172,0,0,0,0,v
2014-09-27 06:42,7.087,0.197,0,0,0,0,v
2014-09-27 06:48,7.114,0.149,0,0,0,0,v
2014-09-27 06:54,7.122,0.204,0,0,0,0,v
2014-09-27 07:00,7.147,0.167,0,0,0,0,v
2014-09-27 07:06,7.171,0.157,0,0,0,0,v
2014-09-27 07:12,7.183,0.160,0,0,0,0,v
2014-09-27 07:18,7.194,0.164,0,0,0,0,v
2014-09-27 07:24,7.197,0.174,0,0,0,0,v
2014-09-27 07:30,7.187,0.199,0,0,0,0,v
2014-09-27 07:36,7.189,0.164,0,0,0,0,v
2014-09-27 07:42,7.175,0.194,0,0,0,0,v
2014-09-27 07:48,7.173,0.175,0,0,0,0,v
2014-09-27 07:54,7.171,0.186,0,0,0,0,v
2014-09-27 08:00,7.189,0.184,0,0,0,0,v
2014-09-27 08:06,7.194,0.154,0,0,0,0,v
2014-09-27 08:12,7.165,0.139,0,0,0,0,v
2014-09-27 08:18,7.180,0.149,0,0,0,0,v
2014-09-27 08:24,7.186,0.182,0,0,0,0,v
2014-09-27 08:30,7.183,0.167,0,0,0,0,v
2014-09-27 08:36,7.186,0.164,0,0,0,0,v
2014-09-27 08:42,7.180,0.163,0,0,0,0,v
2014-09-27 08:48,7.174,0.191,0,0,0,0,v
2014-09-27 08:54,7.170,0.188,0,0,0,0,v
2014-09-27 09:00,7.183,0.175,0,0,0,0,v
2014-09-27 09:06,7.205,0.200,0,0,0,0,v
2014-09-27 09:12,7.169,0.182,0,0,0,0,v
2014-09-27 09:18,7.141,0.197,0,0,0,0,v
2014-09-27 09:24,7.153,0.199,0,0,0,0,v
2014-09-27 09:30,7.155,0.194,0,0,0,0,v
2014-09-27 09:36,7.171,0.168,0,0,0,0,v
2014-09-27 09:42,7.158,0.188,0,0,0,0,v
2014-09-27 09:48,7.140,0.165,0,0,0,0,v
2014-09-27 09:54,7.135,0.208,0,0,0,0,v
2014-09-27 10:00,7.135,0.197,0,0,0,0,v
2014-09-27 10:06,7.157,0.182,0,0,0,0,v
2014-09-27 10:12,7.157,0.199,0,0,0,0,v
2014-09-27 10:18,7.134,0.172,0,0,0,0,v
2014-09-27 10:24,7.146,0.180,0,0,0,0,v
2014-09-27 10:30,7.169,0.195,0,0,0,0,v
2014-09-27 10:36,7.145,0.172,0,0,0,0,v
2014-09-27 10:42,7.134,0.170,0,0,0,0,v
2014-09-27 10:48,7.123,0.177,0,0,0,0,v
2014-09-27 10:54,7.104,0.188,0,0,0,0,v
2014-09-27 11:00,7.112,0.195,0,0,0,0,v
2014-09-27 11:06,7.095,0.190,0,0,0,0,v
2014-09-27 11:12,7.084,0.187,0,0,0,0,v
2014-09-27 11:18,7.071,0.177,0,0,0,0,v
2014-09-27 11:24,7.066,0.172,0,0,0,0,v
2014-09-27 11:30,7.067,0.156,0,0,0,0,v
2014-09-27 11:36,7.079,0.174,0,0,0,0,v
2014-09-27 11:42,7.061,0.191,0,0,0,0,v
2014-09-27 11:48,7.065,0.156,0,0,0,0,v
2014-09-27 11:54,7.064,0.186,0,0,0,0,v
2014-09-27 12:00,7.071,0.177,0,0,0,0,v
2014-09-27 12:06,7.045,0.184,0,0,0,0,v
2014-09-27 12:12,7.033,0.177,0,0,0,0,v
2014-09-27 12:18,7.033,0.161,0,0,0,0,v
2014-09-27 12:24,7.026,0.169,0,0,0,0,v
2014-09-27 12:30,6.998,0.186,0,0,0,0,v
2014-09-27 12:36,7.030,0.148,0,0,0,0,v
2014-09-27 12:42,7.022,0.157,0,0,0,0,v
2014-09-27 12:48,7.000,0.154,0,0,0,0,v
2014-09-27 12:54,6.988,0.202,0,0,0,0,v
2014-09-27 13:00,6.987,0.201,0,0,0,0,v
2014-09-27 13:06,6.984,0.168,0,0,0,0,v
2014-09-27 13:12,6.963,0.162,0,0,0,0,v
2014-09-27 13:18,6.970,0.184,0,0,0,0,v
2014-09-27 13:24,6.979,0.166,0,0,0,0,v
2014-09-27 13:30,6.952,0.173,0,0,0,0,v
2014-09-27 13:36,6.945,0.163,0,0,0,0,v
2014-09-27 13:42,6.935,0.137,0,0,0,0,v
2014-09-27 13:48,6.936,0.171,0,0,0,0,v
2014-09-27 13:54,6.934,0.179,0,0,0,0,v
2014-09-27 14:00,6.939,0.197,0,0,0,0,v
2014-09-27 14:06,6.938,0.173,0,0,0,0,v
2014-09-27 14:12,6.915,0.175,0,0,0,0,v
2014-09-27 14:18,6.916,0.179,0,0,0,0,v
2014-09-27 14:24,6.916,0.179,0,0,0,0,v
2014-09-27 14:30,6.927,0.160,0,0,0,0,v
2014-09-27 14:36,6.948,0.162,0,0,0,0,v
2014-09-27 14:42,6.950,0.169,0,0,0,0,v
2014-09-27 14:48,6.955,0.183,0,0,0,0,v
2014-09-27 14:54,6.932,0.160,0,0,0,0,v
2014-09-27 15:00,6.912,0.181,0,0,0,0,v
2014-09-27 15:06,6.933,0.190,0,0,0,0,v
2014-09-27 15:12,6.947,0.160,0,0,0,0,v
2014-09-27 15:18,6.934,0.182,0,0,0,0,v
2014-09-27 15:24,6.920,0.151,0,0,0,0,v
2014-09-27 15:30,6.891,0.193,0,0,0,0,v
2014-09-27 15:36,6.882,0.170,0,0,0,0,v
2014-09-27 15:42,6.880,0.166,0,0,0,0,v
2014-09-27 15:48,6.910,0.178,0,0,0,0,v
2014-09-27 15:54,6.909,0.190,0,0,0,0,v
2014-09-27 16:00,6.932,0.170,0,0,0,0,v
2014-09-27 16:06,6.944,0.193,0,0,0,0,v
2014-09-27 16:12,6.910,0.164,0,0,0,0,v
2014-09-27 16:18,6.883,0.186,0,0,0,0,v
2014-09-27 16:24,6.885,0.178,0,0,0,0,v
2014-09-27 16:30,6.863,0.148,0,0,0,0,v
2014-09-27 16:36,6.858,0.181,0,0,0,0,v
2014-09-27 16:42,6.852,0.187,0,0,0,0,v
2014-09-27 16:48,6.867,0.171,0,0,0,0,v
2014-09-27 16:54,6.867,0.197,0,0,0,0,v
2014-09-27 17:00,6.889,0.180,0,0,0,0,v
2014-09-27 17:06,6.873,0.186,0,0,0,0,v
2014-09-27 17:12,6.878,0.162,0,0,0,0,v
2014-09-27 17:18,6.891,0.205,0,0,0,0,v
2014-09-27 17:24,6.857,0.199,0,0,0,0,v
2014-09-27 17:30,6.904,0.178,0,0,0,0,v
2014-09-27 17:36,6.930,0.168,0,0,0,0,v
2014-09-27 17:42,6.934,0.164,0,0,0,0,v
2014-09-27 17:48,6.917,0.198,0,0,0,0,v
2014-09-27 17:54,6.947,0.177,0,0,0,0,v
2014-09-27 18:00,6.971,0.160,0,0,0,0,v
2014-09-27 18:06,6.943,0.216,0,0,0,0,v
2014-09-27 18:12,6.973,0.187,0,0,0,0,v
2014-09-27 18:18,6.965,0.180,0,0,0,0,v
2014-09-27 18:24,7.004,0.155,0,0,0,0,v
2014-09-27 18:30,6.995,0.170,0,0,0,0,v
2014-09-27 18:36,6.985,0.202,0,0,0,0,v
2014-09-27 18:42,6.983,0.197,0,0,0,0,v
2014-09-27 18:48,7.007,0.192,0,0,0,0,v
2014-09-27 18:54,6.994,0.206,0,0,0,0,v
2014-09-27 19:00,7.012,0.169,0,0,0,0,v
2014-09-27 19:06,7.061,0.187,0,0,0,0,v
2014-09-27 19:12,7.074,0.174,0,0,0,0,v
2014-09-27 19:18,7.057,0.190,0,0,0,0,v
2014-09-27 19:24,7.051,0.186,0,0,0,0,v
2014-09-27 19:30,7.069,0.176,0,0,0,0,v
2014-09-27 19:36,7.062,0.196,0,0,0,0,v
2014-09-27 19:42,7.083,0.187,0,0,0,0,v
2014-09-27 19:48,7.119,0.220,0,0,0,0,v
2014-09-27 19:54,7.114,0.183,0,0,0,0,v
2014-09-27 20:00,7.070,0.162,0,0,0,0,v
2014-09-27 20:06,7.106,0.172,0,0,0,0,v
2014-09-27 20:12,7.082,0.188,0,0,0,0,v
2014-09-27 20:18,7.074,0.204,0,0,0,0,v
2014-09-27 20:24,7.109,0.177,0,0,0,0,v
2014-09-27 20:30,7.081,0.208,0,0,0,0,v
2014-09-27 20:36,7.091,0.184,0,0,0,0,v
2014-09-27 20:42,7.112,0.194,0,0,0,0,v
2014-09-27 20:48,7.095,0.186,0,0,0,0,v
2014-09-27 20:54,7.127,0.189,0,0,0,0,v
2014-09-27 21:00,7.122,0.191,0,0,0,0,v
2014-09-27 21:06,7.144,0.206,0,0,0,0,v
2014-09-27 21:12,7.169,0.185,0,0,0,0,v
2014-09-27 21:18,7.155,0.184,0,0,0,0,v
2014-09-27 21:24,7.200,0.186,0,0,0,0,v
2014-09-27 21:30,7.181,0.190,0,0,0,0,v
2014-09-27 21:36,7.196,0.167,0,0,0,0,v
2014-09-27 21:42,7.230,0.212,0,0,0,0,v
2014-09-27 21:48,7.234,0.190,0,0,0,0,v
2014-09-27 21:54,7.189,0.206,0,0,0,0,v
2014-09-27 22:00,7.207,0.217,0,0,0,0,v
2014-09-27 22:06,7.228,0.185,0,0,0,0,v
2014-09-27 22:12,7.219,0.202,0,0,0,0,v
2014-09-27 22:18,7.257,0.193,0,0,0,0,v
2014-09-27 22:24,7.189,0.161,0,0,0,0,v
2014-09-27 22:30,7.219,0.202,0,0,0,0,v
2014-09-27 22:36,7.226,0.186,0,0,0,0,v
2014-09-27 22:42,7.223,0.180,0,0,0,0,v
2014-09-27 22:48,7.195,0.173,0,0,0,0,v
2014-09-27 22:54,7.191,0.214,0,0,0,0,v
2014-09-27 23:00,7.235,0.198,0,0,0,0,v
2014-09-27 23:06,7.240,0.195,0,0,0,0,v
2014-09-27 23:12,7.216,0.221,0,0,0,0,v
2014-09-27 23:18,7.254,0.182,0,0,0,0,v
2014-09-27 23:24,7.242,0.174,0,0,0,0,v
2014-09-27 23:30,7.242,0.179,0,0,0,0,v
2014-09-27 23:36,7.245,0.190,0,0,0,0,v
2014-09-27 23:42,7.229,0.201,0,0,0,0,v
2014-09-27 23:48,7.187,0.180,0,0,0,0,v
2014-09-27 23:54,7.215,0.202,0,0,0,0,v
2014-09-28 00:00,7.214,0.213,0,0,0,0,v
2014-09-28 00:06,7.223,0.210,0,0,0,0,v
2014-09-28 00:12,7.216,0.190,0,0,0,0,v
2014-09-28 00:18,7.208,0.193,0,0,0,0,v
2014-09-28 00:24,7.224,0.202,0,0,0,0,v
2014-09-28 00:30,7.207,0.171,0,0,0,0,v
2014-09-28 00:36,7.234,0.195,0,0,0,0,v
2014-09-28 00:42,7.252,0.170,0,0,0,0,v
2014-09-28 00:48,7.237,0.181,0,0,0,0,v
2014-09-28 00:54,7.233,0.172,0,0,0,0,v
2014-09-28 01:00,7.245,0.174,0,0,0,0,v
2014-09-28 01:06,7.262,0.217,0,0,0,0,v
2014-09-28 01:12,7.282,0.190,0,0,0,0,v
2014-09-28 01:18,7.254,0.193,0,0,0,0,v
2014-09-28 01:24,7.273,0.183,0,0,0,0,v
2014-09-28 01:30,7.243,0.200,0,0,0,0,v
2014-09-28 01:36,7.235,0.197,0,0,0,0,v
2014-09-28 01:42,7.233,0.209,0,0,0,0,v
2014-09-28 01:48,7.233,0.180,0,0,0,0,v
2014-09-28 01:54,7.219,0.192,0,0,0,0,v
2014-09-28 02:00,7.237,0.170,0,0,0,0,v
2014-09-28 02:06,7.220,0.207,0,0,0,0,v
2014-09-28 02:12,7.213,0.196,0,0,0,0,v
2014-09-28 02:18,7.197,0.177,0,0,0,0,v
2014-09-28 02:24,7.212,0.183,0,0,0,0,v
2014-09-28 02:30,7.230,0.182,0,0,0,0,v
2014-09-28 02:36,7.222,0.199,0,0,0,0,v
2014-09-28 02:42,7.238,0.203,0,0,0,0,v
2014-09-28 02:48,7.189,0.208,0,0,0,0,v
2014-09-28 02:54,7.199,0.204,0,0,0,0,v
2014-09-28 03:00,7.212,0.215,0,0,0,0,v
2014-09-28 03:06,7.214,0.214,0,0,0,0,v
2014-09-28 03:12,7.207,0.213,0,0,0,0,v
2014-09-28 03:18,7.229,0.210,0,0,0,0,v
2014-09-28 03:24,7.247,0.191,0,0,0,0,v
2014-09-28 03:30,7.243,0.195,0,0,0,0,v
2014-09-28 03:36,7.215,0.217,0,0,0,0,v
2014-09-28 03:42,7.215,0.184,0,0,0,0,v
2014-09-28 03:48,7.218,0.221,0,0,0,0,v
2014-09-28 03:54,7.216,0.202,0,0,0,0,v
2014-09-28 04:00,7.225,0.227,0,0,0,0,v
2014-09-28 04:06,7.227,0.183,0,0,0,0,v
2014-09-28 04:12,7.212,0.190,0,0,0,0,v
2014-09-28 04:18,7.239,0.196,0,0,0,0,v
2014-09-28 04:24,7.241,0.196,0,0,0,0,v
2014-09-28 04:30,7.222,0.196,0,0,0,0,v
2014-09-28 04:36,7.219,0.217,0,0,0,0,v
2014-09-28 04:42,7.236,0.191,0,0,0,0,v
2014-09-28 04:48,7.231,0.209,0,0,0,0,v
2014-09-28 04:54,7.246,0.197,0,0,0,0,v
2014-09-28 05:00,7.243,0.162,0,0,0,0,v
2014-09-28 05:06,7.238,0.206,0,0,0,0,v
2014-09-28 05:12,7.218,0.200,0,0,0,0,v
2014-09-28 05:18,7.211,0.188,0,0,0,0,v
2014-09-28 05:24,7.187,0.192,0,0,0,0,v
2014-09-28 05:30,7.221,0.197,0,0,0,0,v
2014-09-28 05:36,7.217,0.216,0,0,0,0,v
2014-09-28 05:42,7.190,0.182,0,0,0,0,v
2014-09-28 05:48,7.167,0.187,0,0,0,0,v
2014-09-28 05:54,7.178,0.179,0,0,0,0,v
2014-09-28 06:00,7.187,0.187,0,0,0,0,v
2014-09-28 06:06,7.165,0.186,0,0,0,0,v
2014-09-28 06:12,7.159,0.191,0,0,0,0,v
2014-09-28 06:18,7.172,0.192,0,0,0,0,v
2014-09-28 06:24,7.147,0.186,0,0,0,0,v
2014-09-28 06:30,7.185,0.153,0,0,0,0,v
2014-09-28 06:36,7.153,0.197,0,0,0,0,v
2014-09-28 06:42,7.172,0.198,0,0,0,0,v
2014-09-28 06:48,7.162,0.171,0,0,0,0,v
2014-09-28 06:54,7.157,0.172,0,0,0,0,v
2014-09-28 07:00,7.167,0.190,0,0,0,0,v
2014-09-28 07:06,7.175,0.181,0,0,0,0,v
2014-09-28 07:12,7.156,0.187,0,0,0,0,v
2014-09-28 07:18,7.163,0.169,0,0,0,0,v
2014-09-28 07:24,7.161,0.186,0,0,0,0,v
2014-09-28 07:30,7.137,0.194,0,0,0,0,v
2014-09-28 07:36,7.144,0.167,0,0,0,0,v
2014-09-28 07:42,7.148,0.169,0,0,0,0,v
2014-09-28 07:48,7.176,0.165,0,0,0,0,v
2014-09-28 07:54,7.174,0.191,0,0,0,0,v
2014-09-28 08:00,7.171,0.180,0,0,0,0,v
2014-09-28 08:06,7.163,0.195,0,0,0,0,v
2014-09-28 08:12,7.165,0.173,0,0,0,0,v
2014-09-28 08:18,7.160,0.181,0,0,0,0,v
2014-09-28 08:24,7.155,0.188,0,0,0,0,v
2014-09-28 08:30,7.158,0.165,0,0,0,0,v
2014-09-28 08:36,7.202,0.160,0,0,0,0,v
2014-09-28 08:42,7.211,0.174,0,0,0,0,v
2014-09-28 08:48,7.190,0.176,0,0,0,0,v
2014-09-28 08:54,7.192,0.175,0,0,0,0,v
2014-09-28 09:00,7.164,0.170,0,0,0,0,v
2014-09-28 09:06,7.206,0.180,0,0,0,0,v
2014-09-28 09:12,7.195,0.154,0,0,0,0,v
2014-09-28 09:18,7.182,0.173,0,0,0,0,v
2014-09-28 09:24,7.211,0.163,0,0,0,0,v
2014-09-28 09:30,7.200,0.170,0,0,0,0,v
2014-09-28 09:36,7.204,0.155,0,0,0,0,v
2014-09-28 09:42,7.191,0.161,0,0,0,0,v
2014-09-28 09:48,7.177,0.138,0,0,0,0,v
2014-09-28 09:54,7.168,0.158,0,0,0,0,v
2014-09-28 10:00,7.166,0.181,0,0,0,0,v
2014-09-28 10:06,7.144,0.162,0,0,0,0,v
2014-09-28 10:12,7.139,0.175,0,0,0,0,v
2014-09-28 10:18,7.114,0.188,0,0,0,0,v
2014-09-28 10:24,7.122,0.141,0,0,0,0,v
2014-09-28 10:30,7.105,0.176,0,0,0,0,v
2014-09-28 10:36,7.116,0.179,0,0,0,0,v
2014-09-28 10:42,7.094,0.162,0,0,0,0,v
2014-09-28 10:48,7.103,0.166,0,0,0,0,v
2014-09-28 10:54,7.093,0.159,0,0,0,0,v
2014-09-28 11:00,7.083,0.159,0,0,0,0,v
2014-09-28 11:06,7.072,0.177,0,0,0,0,v
2014-09-28 11:12,7.087,0.146,0,0,0,0,v
2014-09-28 11:18,7.097,0.153,0,0,0,0,v
2014-09-28 11:24,7.087,0.148,0,0,0,0,v
2014-09-28 11:30,7.059,0.172,0,0,0,0,v
2014-09-28 11:36,7.066,0.172,0,0,0,0,v
2014-09-28 11:42,7.067,0.154,0,0,0,0,v
2014-09-28 11:48,7.056,0.150,0,0,0,0,v
2014-09-28 11:54,7.068,0.111,0,0,0,0,v
2014-09-28 12:00,7.075,0.167,0,0,0,0,v
2014-09-28 12:06,7.060,0.150,0,0,0,0,v
2014-09-28 12:12,7.054,0.161,0,0,0,0,v
2014-09-28 12:18,7.067,0.151,0,0,0,0,v
2014-09-28 12:24,7.057,0.159,0,0,0,0,v
2014-09-28 12:30,7.040,0.145,0,0,0,0,v
2014-09-28 12:36,7.027,0.124,0,0,0,0,v
2014-09-28 12:42,7.009,0.120,0,0,0,0,v
2014-09-28 12:48,6.999,0.133,0,0,0,0,v
2014-09-28 12:54,6.982,0.123,0,0,0,0,v
2014-09-28 13:00,6.983,0.141,0,0,0,0,v
2014-09-28 13:06,6.953,0.151,0,0,0,0,v
2014-09-28 13:12,6.954,0.124,0,0,0,0,v
2014-09-28 13:18,6.949,0.143,0,0,0,0,v
2014-09-28 13:24,6.926,0.135,0,0,0,0,v
2014-09-28 13:30,6.918,0.142,0,0,0,0,v
2014-09-28 13:36,6.912,0.120,0,0,0,0,v
2014-09-28 13:42,6.908,0.132,0,0,0,0,v
2014-09-28 13:48,6.925,0.150,0,0,0,0,v
2014-09-28 13:54,6.934,0.129,0,0,0,0,v
2014-09-28 14:00,6.912,0.127,0,0,0,0,v
2014-09-28 14:06,6.907,0.122,0,0,0,0,v
2014-09-28 14:12,6.867,0.120,0,0,0,0,v
2014-09-28 14:18,6.872,0.138,0,0,0,0,v
2014-09-28 14:24,6.870,0.132,0,0,0,0,v
2014-09-28 14:30,6.868,0.137,0,0,0,0,v
2014-09-28 14:36,6.879,0.143,0,0,0,0,v
2014-09-28 14:42,6.865,0.116,0,0,0,0,v
2014-09-28 14:48,6.862,0.139,0,0,0,0,v
2014-09-28 14:54,6.853,0.125,0,0,0,0,v
2014-09-28 15:00,6.854,0.124,0,0,0,0,v
2014-09-28 15:06,6.855,0.119,0,0,0,0,v
2014-09-28 15:12,6.838,0.131,0,0,0,0,v
2014-09-28 15:18,6.850,0.118,0,0,0,0,v
2014-09-28 15:24,6.842,0.137,0,0,0,0,v
2014-09-28 15:30,6.828,0.127,0,0,0,0,v
2014-09-28 15:36,6.826,0.117,0,0,0,0,v
2014-09-28 15:42,6.853,0.112,0,0,0,0,v
2014-09-28 15:48,6.845,0.102,0,0,0,0,v
2014-09-28 15:54,6.861,0.123,0,0,0,0,v
2014-09-28 16:00,6.862,0.123,0,0,0,0,v
2014-09-28 16:06,6.868,0.105,0,0,0,0,v
2014-09-28 16:12,6.843,0.110,0,0,0,0,v
2014-09-28 16:18,6.831,0.114,0,0,0,0,v
2014-09-28 16:24,6.823,0.132,0,0,0,0,v
2014-09-28 16:30,6.823,0.118,0,0,0,0,v
2014-09-28 16:36,6.811,0.129,0,0,0,0,v
2014-09-28 16:42,6.839,0.117,0,0,0,0,v
2014-09-28 16:48,6.819,0.116,0,0,0,0,v
2014-09-28 16:54,6.808,0.123,0,0,0,0,v
2014-09-28 17:00,6.811,0.131,0,0,0,0,v
2014-09-28 17:06,6.811,0.114,0,0,0,0,v
2014-09-28 17:12,6.810,0.126,0,0,0,0,v
2014-09-28 17:18,6.822,0.112,0,0,0,0,v
2014-09-28 17:24,6.808,0.115,0,0,0,0,v
2014-09-28 17:30,6.813,0.113,0,0,0,0,v
2014-09-28 17:36,6.800,0.120,0,0,0,0,v
2014-09-28 17:42,6.808,0.114,0,0,0,0,v
2014-09-28 17:48,6.824,0.115,0,0,0,0,v
2014-09-28 17:54,6.801,0.128,0,0,0,0,v
2014-09-28 18:00,6.777,0.103,0,0,0,0,v
2014-09-28 18:06,6.781,0.123,0,0,0,0,v
2014-09-28 18:12,6.801,0.104,0,0,0,0,v
2014-09-28 18:18,6.807,0.105,0,0,0,0,v
2014-09-28 18:24,6.813,0.106,0,0,0,0,v
2014-09-28 18:30,6.807,0.138,0,0,0,0,v
2014-09-28 18:36,6.812,0.133,0,0,0,0,v
2014-09-28 18:42,6.834,0.132,0,0,0,0,v
2014-09-28 18:48,6.843,0.116,0,0,0,0,v
2014-09-28 18:54,6.843,0.120,0,0,0,0,v
2014-09-28 19:00,6.827,0.151,0,0,0,0,v
2014-09-28 19:06,6.842,0.139,0,0,0,0,v
2014-09-28 19:12,6.859,0.141,0,0,0,0,v
2014-09-28 19:18,6.857,0.117,0,0,0,0,v
2014-09-28 19:24,6.883,0.129,0,0,0,0,v
2014-09-28 19:30,6.883,0.124,0,0,0,0,v
2014-09-28 19:36,6.884,0.125,0,0,0,0,v
2014-09-28 19:42,6.887,0.126,0,0,0,0,v
2014-09-28 19:48,6.887,0.122,0,0,0,0,v
2014-09-28 19:54,6.906,0.120,0,0,0,0,v
2014-09-28 20:00,6.937,0.116,0,0,0,0,v
2014-09-28 20:06,6.941,0.111,0,0,0,0,v
2014-09-28 20:12,6.947,0.115,0,0,0,0,v
2014-09-28 20:18,6.942,0.125,0,0,0,0,v
2014-09-28 20:24,6.951,0.107,0,0,0,0,v
2014-09-28 20:30,6.959,0.103,0,0,0,0,v
2014-09-28 20:36,6.949,0.106,0,0,0,0,v
2014-09-28 20:42,6.950,0.117,0,0,0,0,v
2014-09-28 20:48,6.951,0.121,0,0,0,0,v
2014-09-28 20:54,6.968,0.123,0,0,0,0,v
2014-09-28 21:00,6.977,0.128,0,0,0,0,v
2014-09-28 21:06,6.988,0.102,0,0,0,0,v
2014-09-28 21:12,7.016,0.100,0,0,0,0,v
2014-09-28 21:18,7.030,0.122,0,0,0,0,v
2014-09-28 21:24,7.017,0.107,0,0,0,0,v
2014-09-28 21:30,7.000,0.115,0,0,0,0,v
2014-09-28 21:36,7.008,0.105,0,0,0,0,v
2014-09-28 21:42,7.009,0.096,0,0,0,0,v
2014-09-28 21:48,7.034,0.114,0,0,0,0,v
2014-09-28 21:54,7.033,0.111,0,0,0,0,v
2014-09-28 22:00,7.050,0.104,0,0,0,0,v
2014-09-28 22:06,7.061,0.115,0,0,0,0,v
2014-09-28 22:12,7.072,0.100,0,0,0,0,v
2014-09-28 22:18,7.103,0.094,0,0,0,0,v
2014-09-28 22:24,7.125,0.095,0,0,0,0,v
2014-09-28 22:30,7.109,0.105,0,0,0,0,v
2014-09-28 22:36,7.099,0.105,0,0,0,0,v
2014-09-28 22:42,7.104,0.098,0,0,0,0,v
2014-09-28 22:48,7.127,0.090,0,0,0,0,v
2014-09-28 22:54,7.138,0.107,0,0,0,0,v
2014-09-28 23:00,7.122,0.093,0,0,0,0,v
2014-09-28 23:06,7.128,0.101,0,0,0,0,v
2014-09-28 23:12,7.138,0.092,0,0,0,0,v
2014-09-28 23:18,7.116,0.092,0,0,0,0,v
2014-09-28 23:24,7.121,0.081,0,0,0,0,v
2014-09-28 23:30,7.120,0.110,0,0,0,0,v
2014-09-28 23:36,7.152,0.101,0,0,0,0,v
2014-09-28 23:42,7.151,0.092,0,0,0,0,v
2014-09-28 23:48,7.154,0.087,0,0,0,0,v
2014-09-28 23:54,7.150,0.090,0,0,0,0,v
2014-09-29 00:00,7.152,0.119,0,0,0,0,v
2014-09-29 00:06,7.156,0.106,0,0,0,0,v
2014-09-29 00:12,7.160,0.109,0,0,0,0,v
2014-09-29 00:18,7.166,0.119,0,0,0,0,v
2014-09-29 00:24,7.147,0.105,0,0,0,0,v
2014-09-29 00:30,7.140,0.099,0,0,0,0,v
2014-09-29 00:36,7.125,0.114,0,0,0,0,v
2014-09-29 00:42,7.145,0.102,0,0,0,0,v
2014-09-29 00:48,7.155,0.108,0,0,0,0,v
2014-09-29 00:54,7.139,0.121,0,0,0,0,v
2014-09-29 01:00,7.125,0.112,0,0,0,0,v
2014-09-29 01:06,7.123,0.093,0,0,0,0,v
2014-09-29 01:12,7.114,0.096,0,0,0,0,v
2014-09-29 01:18,7.124,0.102,0,0,0,0,v
2014-09-29 01:24,7.124,0.108,0,0,0,0,v
2014-09-29 01:30,7.136,0.107,0,0,0,0,v
2014-09-29 01:36,7.144,0.092,0,0,0,0,v
2014-09-29 01:42,7.152,0.085,0,0,0,0,v
2014-09-29 01:48,7.144,0.098,0,0,0,0,v
2014-09-29 01:54,7.144,0.091,0,0,0,0,v
2014-09-29 02:00,7.149,0.102,0,0,0,0,v
2014-09-29 02:06,7.143,0.094,0,0,0,0,v
2014-09-29 02:12,7.139,0.097,0,0,0,0,v
2014-09-29 02:18,7.148,0.091,0,0,0,0,v
2014-09-29 02:24,7.149,0.079,0,0,0,0,v
2014-09-29 02:30,7.136,0.097,0,0,0,0,v
2014-09-29 02:36,7.132,0.092,0,0,0,0,v
2014-09-29 02:42,7.142,0.096,0,0,0,0,v
2014-09-29 02:48,7.147,0.087,0,0,0,0,v
2014-09-29 02:54,7.174,0.094,0,0,0,0,v
2014-09-29 03:00,7.171,0.092,0,0,0,0,v
2014-09-29 03:06,7.166,0.094,0,0,0,0,v
2014-09-29 03:12,7.162,0.104,0,0,0,0,v
2014-09-29 03:18,7.154,0.105,0,0,0,0,v
2014-09-29 03:24,7.158,0.091,0,0,0,0,v
2014-09-29 03:30,7.165,0.097,0,0,0,0,v
2014-09-29 03:36,7.176,0.101,0,0,0,0,v
2014-09-29 03:42,7.160,0.085,0,0,0,0,v
2014-09-29 03:48,7.168,0.100,0,0,0,0,v
2014-09-29 03:54,7.164,0.087,0,0,0,0,v
2014-09-29 04:00,7.149,0.101,0,0,0,0,v
2014-09-29 04:06,7.151,0.090,0,0,0,0,v
2014-09-29 04:12,7.158,0.101,0,0,0,0,v
2014-09-29 04:18,7.150,0.091,0,0,0,0,v
2014-09-29 04:24,7.156,0.102,0,0,0,0,v
2014-09-29 04:30,7.139,0.088,0,0,0,0,v
2014-09-29 04:36,7.124,0.088,0,0,0,0,v
2014-09-29 04:42,7.125,0.106,0,0,0,0,v
2014-09-29 04:48,7.121,0.101,0,0,0,0,v
2014-09-29 04:54,7.126,0.091,0,0,0,0,v
2014-09-29 05:00,7.132,0.098,0,0,0,0,v
2014-09-29 05:06,7.126,0.105,0,0,0,0,v
2014-09-29 05:12,7.131,0.083,0,0,0,0,v
2014-09-29 05:18,7.131,0.085,0,0,0,0,v
2014-09-29 05:24,7.124,0.091,0,0,0,0,v
2014-09-29 05:30,7.131,0.081,0,0,0,0,v
2014-09-29 05:36,7.126,0.110,0,0,0,0,v
2014-09-29 05:42,7.117,0.084,0,0,0,0,v
2014-09-29 05:48,7.112,0.091,0,0,0,0,v
2014-09-29 05:54,7.113,0.087,0,0,0,0,v
2014-09-29 06:00,7.111,0.084,0,0,0,0,v
2014-09-29 06:06,7.119,0.095,0,0,0,0,v
2014-09-29 06:12,7.127,0.087,0,0,0,0,v
2014-09-29 06:18,7.121,0.097,0,0,0,0,v
2014-09-29 06:24,7.123,0.090,0,0,0,0,v
2014-09-29 06:30,7.125,0.088,0,0,0,0,v
2014-09-29 06:36,7.142,0.081,0,0,0,0,v
2014-09-29 06:42,7.131,0.086,0,0,0,0,v
2014-09-29 06:48,7.131,0.086,0,0,0,0,v
2014-09-29 06:54,7.122,0.087,0,0,0,0,v
2014-09-29 07:00,7.117,0.090,0,0,0,0,v
2014-09-29 07:06,7.129,0.093,0,0,0,0,v
2014-09-29 07:12,7.129,0.100,0,0,0,0,v
2014-09-29 07:18,7.133,0.081,0,0,0,0,v
2014-09-29 07:24,7.136,0.083,0,0,0,0,v
2014-09-29 07:30,7.131,0.103,0,0,0,0,v
2014-09-29 07:36,7.112,0.099,0,0,0,0,v
2014-09-29 07:42,7.132,0.092,0,0,0,0,v
2014-09-29 07:48,7.122,0.089,0,0,0,0,v
2014-09-29 07:54,7.121,0.091,0,0,0,0,v
2014-09-29 08:00,7.120,0.089,0,0,0,0,v
2014-09-29 08:06,7.124,0.085,0,0,0,0,v
2014-09-29 08:12,7.119,0.106,0,0,0,0,v
2014-09-29 08:18,7.109,0.094,0,0,0,0,v
2014-09-29 08:24,7.114,0.079,0,0,0,0,v
2014-09-29 08:30,7.151,0.085,0,0,0,0,v
2014-09-29 08:36,7.149,0.091,0,0,0,0,v
2014-09-29 08:42,7.156,0.083,0,0,0,0,v
2014-09-29 08:48,7.150,0.074,0,0,0,0,v
2014-09-29 08:54,7.142,0.092,0,0,0,0,v
2014-09-29 09:00,7.132,0.105,0,0,0,0,v
2014-09-29 09:06,7.133,0.086,0,0,0,0,v
2014-09-29 09:12,7.118,0.079,0,0,0,0,v
2014-09-29 09:18,7.108,0.090,0,0,0,0,v
2014-09-29 09:24,7.121,0.088,0,0,0,0,v
2014-09-29 09:30,7.112,0.089,0,0,0,0,v
2014-09-29 09:36,7.107,0.095,0,0,0,0,v
2014-09-29 09:42,7.125,0.089,0,0,0,0,v
2014-09-29 09:48,7.118,0.091,0,0,0,0,v
2014-09-29 09:54,7.139,0.101,0,0,0,0,v
2014-09-29 10:00,7.152,0.097,0,0,0,0,v
2014-09-29 10:06,7.146,0.080,0,0,0,0,v
2014-09-29 10:12,7.141,0.089,0,0,0,0,v
2014-09-29 10:18,7.164,0.082,0,0,0,0,v
2014-09-29 10:24,7.166,0.070,0,0,0,0,v
2014-09-29 10:30,7.155,0.082,0,0,0,0,v
2014-09-29 10:36,7.133,0.094,0,0,0,0,v
2014-09-29 10:42,7.120,0.083,0,0,0,0,v
2014-09-29 10:48,7.094,0.078,0,0,0,0,v
2014-09-29 10:54,7.097,0.071,0,0,0,0,v
2014-09-29 11:00,7.086,0.096,0,0,0,0,v
2014-09-29 11:06,7.069,0.089,0,0,0,0,v
2014-09-29 11:12,7.074,0.079,0,0,0,0,v
2014-09-29 11:18,7.075,0.070,0,0,0,0,v
2014-09-29 11:24,7.067,0.081,0,0,0,0,v
2014-09-29 11:30,7.076,0.094,0,0,0,0,v
2014-09-29 11:36,7.057,0.091,0,0,0,0,v
2014-09-29 11:42,7.043,0.094,0,0,0,0,v
2014-09-29 11:48,7.029,0.081,0,0,0,0,v
2014-09-29 11:54,7.027,0.086,0,0,0,0,v
2014-09-29 12:00,7.025,0.070,0,0,0,0,v
2014-09-29 12:06,7.025,0.085,0,0,0,0,v
2014-09-29 12:12,7.018,0.085,0,0,0,0,v
2014-09-29 12:18,7.019,0.079,0,0,0,0,v
2014-09-29 12:24,7.016,0.085,0,0,0,0,v
2014-09-29 12:30,7.033,0.080,0,0,0,0,v
2014-09-29 12:36,7.039,0.074,0,0,0,0,v
2014-09-29 12:42,7.028,0.074,0,0,0,0,v
2014-09-29 12:48,7.013,0.079,0,0,0,0,v
2014-09-29 12:54,7.010,0.085,0,0,0,0,v
2014-09-29 13:00,7.006,0.085,0,0,0,0,v
2014-09-29 13:06,6.989,0.085,0,0,0,0,v
2014-09-29 13:12,6.987,0.092,0,0,0,0,v
2014-09-29 13:18,6.980,0.098,0,0,0,0,v
2014-09-29 13:24,6.970,0.091,0,0,0,0,v
2014-09-29 13:30,6.959,0.081,0,0,0,0,v
2014-09-29 13:36,6.966,0.074,0,0,0,0,v
2014-09-29 13:42,6.971,0.082,0,0,0,0,v
2014-09-29 13:48,6.960,0.084,0,0,0,0,v
2014-09-29 13:54,6.967,0.078,0,0,0,0,v
2014-09-29 14:00,6.951,0.083,0,0,0,0,v
2014-09-29 14:06,6.945,0.085,0,0,0,0,v
2014-09-29 14:12,6.936,0.075,0,0,0,0,v
2014-09-29 14:18,6.915,0.085,0,0,0,0,v
2014-09-29 14:24,6.895,0.080,0,0,0,0,v
2014-09-29 14:30,6.884,0.081,0,0,0,0,v
2014-09-29 14:36,6.901,0.092,0,0,0,0,v
2014-09-29 14:42,6.908,0.070,0,0,0,0,v
2014-09-29 14:48,6.878,0.077,0,0,0,0,v
2014-09-29 14:54,6.852,0.084,0,0,0,0,v
2014-09-29 15:00,6.841,0.075,0,0,0,0,v
2014-09-29 15:06,6.827,0.080,0,0,0,0,v
2014-09-29 15:12,6.826,0.078,0,0,0,0,v
2014-09-29 15:18,6.815,0.074,0,0,0,0,v
2014-09-29 15:24,6.815,0.074,0,0,0,0,v
2014-09-29 15:30,6.803,0.072,0,0,0,0,v
2014-09-29 15:36,6.787,0.094,0,0,0,0,v
2014-09-29 15:42,6.775,0.091,0,0,0,0,v
2014-09-29 15:48,6.768,0.075,0,0,0,0,v
2014-09-29 15:54,6.780,0.079,0,0,0,0,v
2014-09-29 16:00,6.784,0.093,0,0,0,0,v
2014-09-29 16:06,6.776,0.074,0,0,0,0,v
2014-09-29 16:12,6.784,0.079,0,0,0,0,v
2014-09-29 16:18,6.770,0.081,0,0,0,0,v
2014-09-29 16:24,6.773,0.080,0,0,0,0,v
2014-09-29 16:30,6.767,0.074,0,0,0,0,v
2014-09-29 16:36,6.768,0.083,0,0,0,0,v
2014-09-29 16:42,6.765,0.077,0,0,0,0,v
2014-09-29 16:48,6.755,0.078,0,0,0,0,v
2014-09-29 16:54,6.753,0.074,0,0,0,0,v
2014-09-29 17:00,6.759,0.084,0,0,0,0,v
2014-09-29 17:06,6.769,0.082,0,0,0,0,v
2014-09-29 17:12,6.761,0.074,0,0,0,0,v
2014-09-29 17:18,6.756,0.087,0,0,0,0,v
2014-09-29 17:24,6.756,0.077,0,0,0,0,v
2014-09-29 17:30,6.744,0.079,0,0,0,0,v
2014-09-29 17:36,6.769,0.075,0,0,0,0,v
2014-09-29 17:42,6.765,0.078,0,0,0,0,v
2014-09-29 17:48,6.749,0.073,0,0,0,0,v
2014-09-29 17:54,6.741,0.089,0,0,0,0,v
2014-09-29 18:00,6.735,0.074,0,0,0,0,v
2014-09-29 18:06,6.738,0.075,0,0,0,0,v
2014-09-29 18:12,6.740,0.074,0,0,0,0,v
2014-09-29 18:18,6.740,0.084,0,0,0,0,v
2014-09-29 18:24,6.734,0.065,0,0,0,0,v
2014-09-29 18:30,6.727,0.084,0,0,0,0,v
2014-09-29 18:36,6.741,0.090,0,0,0,0,v
2014-09-29 18:42,6.739,0.085,0,0,0,0,v
2014-09-29 18:48,6.754,0.092,0,0,0,0,v
2014-09-29 18:54,6.749,0.086,0,0,0,0,v
2014-09-29 19:00,6.747,0.072,0,0,0,0,v
2014-09-29 19:06,6.750,0.085,0,0,0,0,v
2014-09-29 19:12,6.757,0.068,0,0,0,0,v
2014-09-29 19:18,6.759,0.073,0,0,0,0,v
2014-09-29 19:24,6.763,0.093,0,0,0,0,v
2014-09-29 19:30,6.773,0.073,0,0,0,0,v
2014-09-29 19:36,6.772,0.071,0,0,0,0,v
2014-09-29 19:42,6.763,0.081,0,0,0,0,v
2014-09-29 19:48,6.771,0.079,0,0,0,0,v
2014-09-29 19:54,6.773,0.079,0,0,0,0,v
2014-09-29 20:00,6.783,0.081,0,0,0,0,v
2014-09-29 20:06,6.784,0.078,0,0,0,0,v
2014-09-29 20:12,6.785,0.074,0,0,0,0,v
2014-09-29 20:18,6.790,0.083,0,0,0,0,v
2014-09-29 20:24,6.780,0.087,0,0,0,0,v
2014-09-29 20:30,6.802,0.078,0,0,0,0,v
2014-09-29 20:36,6.828,0.081,0,0,0,0,v
2014-09-29 20:42,6.813,0.085,0,0,0,0,v
2014-09-29 20:48,6.814,0.092,0,0,0,0,v
2014-09-29 20:54,6.820,0.083,0,0,0,0,v
2014-09-29 21:00,6.824,0.085,0,0,0,0,v
2014-09-29 21:06,6.838,0.081,0,0,0,0,v
2014-09-29 21:12,6.855,0.085,0,0,0,0,v
2014-09-29 21:18,6.873,0.084,0,0,0,0,v
2014-09-29 21:24,6.883,0.074,0,0,0,0,v
2014-09-29 21:30,6.881,0.084,0,0,0,0,v
2014-09-29 21:36,6.868,0.082,0,0,0,0,v
2014-09-29 21:42,6.880,0.078,0,0,0,0,v
2014-09-29 21:48,6.891,0.078,0,0,0,0,v
2014-09-29 21:54,6.891,0.079,0,0,0,0,v
2014-09-29 22:00,6.892,0.077,0,0,0,0,v
2014-09-29 22:06,6.919,0.079,0,0,0,0,v
2014-09-29 22:12,6.917,0.082,0,0,0,0,v
2014-09-29 22:18,6.932,0.083,0,0,0,0,v
2014-09-29 22:24,6.946,0.094,0,0,0,0,v
2014-09-29 22:30,6.940,0.093,0,0,0,0,v
2014-09-29 22:36,6.954,0.087,0,0,0,0,v
2014-09-29 22:42,6.957,0.091,0,0,0,0,v
2014-09-29 22:48,6.981,0.096,0,0,0,0,v
2014-09-29 22:54,6.995,0.066,0,0,0,0,v
2014-09-29 23:00,6.995,0.069,0,0,0,0,v
2014-09-29 23:06,7.007,0.073,0,0,0,0,v
2014-09-29 23:12,7.008,0.068,0,0,0,0,v
2014-09-29 23:18,7.013,0.076,0,0,0,0,v
2014-09-29 23:24,7.021,0.077,0,0,0,0,v
2014-09-29 23:30,7.020,0.087,0,0,0,0,v
2014-09-29 23:36,7.022,0.080,0,0,0,0,v
2014-09-29 23:42,7.034,0.071,0,0,0,0,v
2014-09-29 23:48,7.032,0.074,0,0,0,0,v
2014-09-29 23:54,7.036,0.076,0,0,0,0,v
2014-09-30 00:00,7.061,0.077,0,0,0,0,v
2014-09-30 00:06,7.054,0.070,0,0,0,0,v
2014-09-30 00:12,7.081,0.069,0,0,0,0,v
2014-09-30 00:18,7.080,0.073,0,0,0,0,v
2014-09-30 00:24,7.084,0.072,0,0,0,0,v
2014-09-30 00:30,7.093,0.074,0,0,0,0,v
2014-09-30 00:36,7.105,0.074,0,0,0,0,v
2014-09-30 00:42,7.087,0.068,0,0,0,0,v
2014-09-30 00:48,7.090,0.082,0,0,0,0,v
2014-09-30 00:54,7.084,0.069,0,0,0,0,v
2014-09-30 01:00,7.072,0.083,0,0,0,0,v
2014-09-30 01:06,7.075,0.080,0,0,0,0,v
2014-09-30 01:12,7.068,0.082,0,0,0,0,v
2014-09-30 01:18,7.074,0.076,0,0,0,0,v
2014-09-30 01:24,7.074,0.055,0,0,0,0,v
2014-09-30 01:30,7.093,0.067,0,0,0,0,v
2014-09-30 01:36,7.093,0.076,0,0,0,0,v
2014-09-30 01:42,7.098,0.078,0,0,0,0,v
2014-09-30 01:48,7.111,0.079,0,0,0,0,v
2014-09-30 01:54,7.103,0.072,0,0,0,0,v
2014-09-30 02:00,7.095,0.065,0,0,0,0,v
2014-09-30 02:06,7.110,0.072,0,0,0,0,v
2014-09-30 02:12,7.107,0.076,0,0,0,0,v
2014-09-30 02:18,7.119,0.079,0,0,0,0,v
2014-09-30 02:24,7.132,0.073,0,0,0,0,v
2014-09-30 02:30,7.109,0.066,0,0,0,0,v
2014-09-30 02:36,7.121,0.078,0,0,0,0,v
2014-09-30 02:42,7.119,0.074,0,0,0,0,v
2014-09-30 02:48,7.108,0.086,0,0,0,0,v
2014-09-30 02:54,7.124,0.083,0,0,0,0,v
2014-09-30 03:00,7.116,0.074,0,0,0,0,v
2014-09-30 03:06,7.128,0.078,0,0,0,0,v
2014-09-30 03:12,7.127,0.077,0,0,0,0,v
2014-09-30 03:18,7.121,0.082,0,0,0,0,v
2014-09-30 03:24,7.128,0.074,0,0,0,0,v
2014-09-30 03:30,7.140,0.068,0,0,0,0,v
2014-09-30 03:36,7.120,0.072,0,0,0,0,v
2014-09-30 03:42,7.114,0.074,0,0,0,0,v
2014-09-30 03:48,7.137,0.078,0,0,0,0,v
2014-09-30 03:54,7.133,0.068,0,0,0,0,v
2014-09-30 04:00,7.136,0.077,0,0,0,0,v
2014-09-30 04:06,7.137,0.073,0,0,0,0,v
2014-09-30 04:12,7.137,0.066,0,0,0,0,v
2014-09-30 04:18,7.140,0.087,0,0,0,0,v
2014-09-30 04:24,7.138,0.072,0,0,0,0,v
2014-09-30 04:30,7.156,0.074,0,0,0,0,v
2014-09-30 04:36,7.134,0.071,0,0,0,0,v
2014-09-30 04:42,7.129,0.083,0,0,0,0,v
2014-09-30 04:48,7.105,0.068,0,0,0,0,v
2014-09-30 04:54,7.105,0.077,0,0,0,0,v
2014-09-30 05:00,7.097,0.077,0,0,0,0,v
2014-09-30 05:06,7.096,0.071,0,0,0,0,v
2014-09-30 05:12,7.096,0.073,0,0,0,0,v
2014-09-30 05:18,7.100,0.082,0,0,0,0,v
2014-09-30 05:24,7.112,0.064,0,0,0,0,v
2014-09-30 05:30,7.084,0.076,0,0,0,0,v
2014-09-30 05:36,7.089,0.068,0,0,0,0,v
2014-09-30 05:42,7.075,0.093,0,0,0,0,v
2014-09-30 05:48,7.083,0.084,0,0,0,0,v
2014-09-30 05:54,7.065,0.077,0,0,0,0,v
2014-09-30 06:00,7.075,0.087,0,0,0,0,v
2014-09-30 06:06,7.059,0.083,0,0,0,0,v
2014-09-30 06:12,7.056,0.065,0,0,0,0,v
2014-09-30 06:18,7.055,0.086,0,0,0,0,v
2014-09-30 06:24,7.077,0.080,0,0,0,0,v
2014-09-30 06:30,7.080,0.074,0,0,0,0,v
2014-09-30 06:36,7.086,0.084,0,0,0,0,v
2014-09-30 06:42,7.077,0.088,0,0,0,0,v
2014-09-30 06:48,7.091,0.073,0,0,0,0,v
2014-09-30 06:54,7.089,0.071,0,0,0,0,v
2014-09-30 07:00,7.097,0.076,0,0,0,0,v
2014-09-30 07:06,7.100,0.064,0,0,0,0,v
2014-09-30 07:12,7.095,0.077,0,0,0,0,v
2014-09-30 07:18,7.089,0.077,0,0,0,0,v
2014-09-30 07:24,7.089,0.085,0,0,0,0,v
2014-09-30 07:30,7.083,0.081,0,0,0,0,v
2014-09-30 07:36,7.082,0.080,0,0,0,0,v
2014-09-30 07:42,7.077,0.079,0,0,0,0,v
2014-09-30 07:48,7.074,0.082,0,0,0,0,v
2014-09-30 07:54,7.061,0.072,0,0,0,0,v
2014-09-30 08:00,7.066,0.071,0,0,0,0,v
2014-09-30 08:06,7.076,0.069,0,0,0,0,v
2014-09-30 08:12,7.077,0.073,0,0,0,0,v
2014-09-30 08:18,7.087,0.059,0,0,0,0,v
2014-09-30 08:24,7.082,0.071,0,0,0,0,v
2014-09-30 08:30,7.088,0.069,0,0,0,0,v
2014-09-30 08:36,7.077,0.076,0,0,0,0,v
2014-09-30 08:42,7.079,0.076,0,0,0,0,v
2014-09-30 08:48,7.074,0.076,0,0,0,0,v
2014-09-30 08:54,7.075,0.080,0,0,0,0,v
2014-09-30 09:00,7.087,0.073,0,0,0,0,v
2014-09-30 09:06,7.099,0.073,0,0,0,0,v
2014-09-30 09:12,7.092,0.068,0,0,0,0,v
2014-09-30 09:18,7.087,0.069,0,0,0,0,v
2014-09-30 09:24,7.073,0.076,0,0,0,0,v
2014-09-30 09:30,7.084,0.077,0,0,0,0,v
2014-09-30 09:36,7.079,0.063,0,0,0,0,v
2014-09-30 09:42,7.070,0.070,0,0,0,0,v
2014-09-30 09:48,7.077,0.073,0,0,0,0,v
2014-09-30 09:54,7.044,0.071,0,0,0,0,v
2014-09-30 10:00,7.044,0.074,0,0,0,0,v
2014-09-30 10:06,7.053,0.075,0,0,0,0,v
2014-09-30 10:12,7.047,0.078,0,0,0,0,v
2014-09-30 10:18,7.065,0.078,0,0,0,0,v
2014-09-30 10:24,7.042,0.073,0,0,0,0,v
2014-09-30 10:30,7.044,0.073,0,0,0,0,v
2014-09-30 10:36,7.038,0.064,0,0,0,0,v
2014-09-30 10:42,7.044,0.068,0,0,0,0,v
2014-09-30 10:48,7.044,0.068,0,0,0,0,v
2014-09-30 10:54,7.033,0.060,0,0,0,0,v
2014-09-30 11:00,7.031,0.080,0,0,0,0,v
2014-09-30 11:06,7.010,0.070,0,0,0,0,v
2014-09-30 11:12,7.021,0.080,0,0,0,0,v
2014-09-30 11:18,7.020,0.077,0,0,0,0,v
2014-09-30 11:24,7.023,0.069,0,0,0,0,v
2014-09-30 11:30,7.028,0.085,0,0,0,0,v
2014-09-30 11:36,7.038,0.064,0,0,0,0,v
2014-09-30 11:42,7.032,0.068,0,0,0,0,v
2014-09-30 11:48,7.043,0.064,0,0,0,0,v
2014-09-30 11:54,7.026,0.072,0,0,0,0,v
2014-09-30 12:00,7.033,0.064,0,0,0,0,v
2014-09-30 12:06,7.035,0.065,0,0,0,0,v
2014-09-30 12:12,7.035,0.065,0,0,0,0,v
2014-09-30 12:18,7.023,0.069,0,0,0,0,v
2014-09-30 12:24,6.999,0.063,0,0,0,0,v
2014-09-30 12:30,6.995,0.054,0,0,0,0,v
2014-09-30 12:36,6.988,0.072,0,0,0,0,v
2014-09-30 12:42,6.986,0.069,0,0,0,0,v
2014-09-30 12:48,6.973,0.071,0,0,0,0,v
2014-09-30 12:54,6.959,0.057,0,0,0,0,v
2014-09-30 13:00,6.957,0.067,0,0,0,0,v
2014-09-30 13:06,6.954,0.066,0,0,0,0,v
2014-09-30 13:12,6.958,0.056,0,0,0,0,v
2014-09-30 13:18,6.956,0.063,0,0,0,0,v
2014-09-30 13:24,6.959,0.055,0,0,0,0,v
2014-09-30 13:30,6.931,0.061,0,0,0,0,v
2014-09-30 13:36,6.929,0.053,0,0,0,0,v
2014-09-30 13:42,6.937,0.055,0,0,0,0,v
2014-09-30 13:48,6.923,0.056,0,0,0,0,v
2014-09-30 13:54,6.916,0.067,0,0,0,0,v
2014-09-30 14:00,6.917,0.056,0,0,0,0,v
2014-09-30 14:06,6.895,0.061,0,0,0,0,v
2014-09-30 14:12,6.903,0.074,0,0,0,0,v
2014-09-30 14:18,6.902,0.072,0,0,0,0,v
2014-09-30 14:24,6.890,0.068,0,0,0,0,v
2014-09-30 14:30,6.894,0.068,0,0,0,0,v
2014-09-30 14:36,6.885,0.068,0,0,0,0,v
2014-09-30 14:42,6.873,0.063,0,0,0,0,v
2014-09-30 14:48,6.868,0.064,0,0,0,0,v
2014-09-30 14:54,6.862,0.063,0,0,0,0,v
2014-09-30 15:00,6.858,0.055,0,0,0,0,v
2014-09-30 15:06,6.851,0.065,0,0,0,0,v
2014-09-30 15:12,6.836,0.061,0,0,0,0,v
2014-09-30 15:18,6.828,0.068,0,0,0,0,v
2014-09-30 15:24,6.816,0.055,0,0,0,0,v
2014-09-30 15:30,6.814,0.051,0,0,0,0,v
2014-09-30 15:36,6.809,0.057,0,0,0,0,v
2014-09-30 15:42,6.808,0.052,0,0,0,0,v
2014-09-30 15:48,6.814,0.060,0,0,0,0,v
2014-09-30 15:54,6.788,0.059,0,0,0,0,v
2014-09-30 16:00,6.804,0.048,0,0,0,0,v
2014-09-30 16:06,6.812,0.065,0,0,0,0,v
2014-09-30 16:12,6.798,0.062,0,0,0,0,v
2014-09-30 16:18,6.798,0.056,0,0,0,0,v
2014-09-30 16:24,6.802,0.054,0,0,0,0,v
2014-09-30 16:30,6.786,0.069,0,0,0,0,v
2014-09-30 16:36,6.786,0.061,0,0,0,0,v
2014-09-30 16:42,6.790,0.054,0,0,0,0,v
2014-09-30 16:48,6.781,0.064,0,0,0,0,v
2014-09-30 16:54,6.763,0.059,0,0,0,0,v
2014-09-30 17:00,6.769,0.060,0,0,0,0,v
2014-09-30 17:06,6.770,0.063,0,0,0,0,v
2014-09-30 17:12,6.774,0.050,0,0,0,0,v
2014-09-30 17:18,6.763,0.055,0,0,0,0,v
2014-09-30 17:24,6.766,0.056,0,0,0,0,v
2014-09-30 17:30,6.771,0.052,0,0,0,0,v
2014-09-30 17:36,6.757,0.056,0,0,0,0,v
2014-09-30 17:42,6.752,0.064,0,0,0,0,v
2014-09-30 17:48,6.739,0.050,0,0,0,0,v
2014-09-30 17:54,6.741,0.063,0,0,0,0,v
2014-09-30 18:00,6.720,0.046,0,0,0,0,v
2014-09-30 18:06,6.717,0.051,0,0,0,0,v
2014-09-30 18:12,6.721,0.054,0,0,0,0,v
2014-09-30 18:18,6.735,0.049,0,0,0,0,v
2014-09-30 18:24,6.711,0.058,0,0,0,0,v
2014-09-30 18:30,6.707,0.056,0,0,0,0,v
2014-09-30 18:36,6.707,0.057,0,0,0,0,v
2014-09-30 18:42,6.688,0.054,0,0,0,0,v
2014-09-30 18:48,6.695,0.048,0,0,0,0,v
2014-09-30 18:54,6.685,0.051,0,0,0,0,v
2014-09-30 19:00,6.703,0.055,0,0,0,0,v
2014-09-30 19:06,6.698,0.053,0,0,0,0,v
2014-09-30 19:12,6.709,0.053,0,0,0,0,v
2014-09-30 19:18,6.698,0.060,0,0,0,0,v
2014-09-30 19:24,6.707,0.047,0,0,0,0,v
2014-09-30 19:30,6.728,0.049,0,0,0,0,v
2014-09-30 19:36,6.729,0.052,0,0,0,0,v
2014-09-30 19:42,6.716,0.044,0,0,0,0,v
2014-09-30 19:48,6.706,0.057,0,0,0,0,v
2014-09-30 19:54,6.718,0.056,0,0,0,0,v
2014-09-30 20:00,6.732,0.057,0,0,0,0,v
2014-09-30 20:06,6.733,0.047,0,0,0,0,v
2014-09-30 20:12,6.733,0.045,0,0,0,0,v
2014-09-30 20:18,6.731,0.059,0,0,0,0,v
2014-09-30 20:24,6.747,0.045,0,0,0,0,v
2014-09-30 20:30,6.753,0.058,0,0,0,0,v
2014-09-30 20:36,6.764,0.054,0,0,0,0,v
2014-09-30 20:42,6.776,0.048,0,0,0,0,v
2014-09-30 20:48,6.772,0.054,0,0,0,0,v
2014-09-30 20:54,6.779,0.047,0,0,0,0,v
2014-09-30 21:00,6.791,0.058,0,0,0,0,v
2014-09-30 21:06,6.796,0.056,0,0,0,0,v
2014-09-30 21:12,6.811,0.052,0,0,0,0,v
2014-09-30 21:18,6.810,0.053,0,0,0,0,v
2014-09-30 21:24,6.815,0.051,0,0,0,0,v
2014-09-30 21:30,6.818,0.051,0,0,0,0,v
2014-09-30 21:36,6.826,0.055,0,0,0,0,v
2014-09-30 21:42,6.814,0.052,0,0,0,0,v
2014-09-30 21:48,6.827,0.049,0,0,0,0,v
2014-09-30 21:54,6.839,0.051,0,0,0,0,v
2014-09-30 22:00,6.851,0.046,0,0,0,0,v
2014-09-30 22:06,6.848,0.050,0,0,0,0,v
2014-09-30 22:12,6.863,0.046,0,0,0,0,v
2014-09-30 22:18,6.866,0.039,0,0,0,0,v
2014-09-30 22:24,6.884,0.050,0,0,0,0,v
2014-09-30 22:30,6.902,0.045,0,0,0,0,v
2014-09-30 22:36,6.904,0.048,0,0,0,0,v
2014-09-30 22:42,6.917,0.053,0,0,0,0,v
2014-09-30 22:48,6.927,0.062,0,0,0,0,v
2014-09-30 22:54,6.937,0.048,0,0,0,0,v
2014-09-30 23:00,6.939,0.041,0,0,0,0,v
2014-09-30 23:06,6.948,0.049,0,0,0,0,v
2014-09-30 23:12,6.965,0.046,0,0,0,0,v
2014-09-30 23:18,6.977,0.039,0,0,0,0,v
2014-09-30 23:24,6.979,0.041,0,0,0,0,v
2014-09-30 23:30,6.981,0.048,0,0,0,0,v
2014-09-30 23:36,6.981,0.050,0,0,0,0,v
2014-09-30 23:42,6.988,0.046,0,0,0,0,v
2014-09-30 23:48,7.012,0.046,0,0,0,0,v
2014-09-30 23:54,7.005,0.052,0,0,0,0,v
2014-10-01 00:00,6.999,0.050,0,0,0,0,v
2014-10-01 00:06,6.992,0.051,0,0,0,0,v
2014-10-01 00:12,7.003,0.057,0,0,0,0,v
2014-10-01 00:18,7.021,0.045,0,0,0,0,v
2014-10-01 00:24,7.034,0.049,0,0,0,0,v
2014-10-01 00:30,7.059,0.048,0,0,0,0,v
2014-10-01 00:36,7.076,0.051,0,0,0,0,v
2014-10-01 00:42,7.054,0.055,0,0,0,0,v
2014-10-01 00:48,7.053,0.053,0,0,0,0,v
2014-10-01 00:54,7.065,0.049,0,0,0,0,v
2014-10-01 01:00,7.071,0.047,0,0,0,0,v
2014-10-01 01:06,7.077,0.050,0,0,0,0,v
2014-10-01 01:12,7.073,0.052,0,0,0,0,v
2014-10-01 01:18,7.082,0.050,0,0,0,0,v
2014-10-01 01:24,7.080,0.058,0,0,0,0,v
2014-10-01 01:30,7.078,0.048,0,0,0,0,v
2014-10-01 01:36,7.086,0.051,0,0,0,0,v
2014-10-01 01:42,7.085,0.046,0,0,0,0,v
2014-10-01 01:48,7.082,0.055,0,0,0,0,v
2014-10-01 01:54,7.090,0.042,0,0,0,0,v
2014-10-01 02:00,7.105,0.052,0,0,0,0,v
2014-10-01 02:06,7.128,0.049,0,0,0,0,v
2014-10-01 02:12,7.136,0.046,0,0,0,0,v
2014-10-01 02:18,7.142,0.046,0,0,0,0,v
2014-10-01 02:24,7.146,0.044,0,0,0,0,v
2014-10-01 02:30,7.150,0.057,0,0,0,0,v
2014-10-01 02:36,7.165,0.049,0,0,0,0,v
2014-10-01 02:42,7.161,0.052,0,0,0,0,v
2014-10-01 02:48,7.173,0.040,0,0,0,0,v
2014-10-01 02:54,7.159,0.042,0,0,0,0,v
2014-10-01 03:00,7.166,0.038,0,0,0,0,v
2014-10-01 03:06,7.165,0.044,0,0,0,0,v
2014-10-01 03:12,7.177,0.050,0,0,0,0,v
2014-10-01 03:18,7.174,0.048,0,0,0,0,v
2014-10-01 03:24,7.189,0.044,0,0,0,0,v
2014-10-01 03:30,7.184,0.048,0,0,0,0,v
2014-10-01 03:36,7.183,0.046,0,0,0,0,v
2014-10-01 03:42,7.182,0.048,0,0,0,0,v
2014-10-01 03:48,7.173,0.040,0,0,0,0,v
2014-10-01 03:54,7.182,0.039,0,0,0,0,v
2014-10-01 04:00,7.192,0.048,0,0,0,0,v
2014-10-01 04:06,7.189,0.043,0,0,0,0,v
2014-10-01 04:12,7.165,0.042,0,0,0,0,v
2014-10-01 04:18,7.166,0.052,0,0,0,0,v
2014-10-01 04:24,7.164,0.045,0,0,0,0,v
2014-10-01 04:30,7.166,0.044,0,0,0,0,v
2014-10-01 04:36,7.170,0.049,0,0,0,0,v
2014-10-01 04:42,7.156,0.040,0,0,0,0,v
2014-10-01 04:48,7.145,0.039,0,0,0,0,v
2014-10-01 04:54,7.137,0.038,0,0,0,0,v
2014-10-01 05:00,7.133,0.041,0,0,0,0,v
2014-10-01 05:06,7.139,0.042,0,0,0,0,v
2014-10-01 05:12,7.134,0.042,0,0,0,0,v
2014-10-01 05:18,7.141,0.041,0,0,0,0,v
2014-10-01 05:24,7.135,0.041,0,0,0,0,v
2014-10-01 05:30,7.136,0.042,0,0,0,0,v
2014-10-01 05:36,7.130,0.043,0,0,0,0,v
2014-10-01 05:42,7.133,0.041,0,0,0,0,v
2014-10-01 05:48,7.145,0.035,0,0,0,0,v
2014-10-01 05:54,7.147,0.046,0,0,0,0,v
2014-10-01 06:00,7.144,0.042,0,0,0,0,v
2014-10-01 06:06,7.157,0.038,0,0,0,0,v
2014-10-01 06:12,7.152,0.039,0,0,0,0,v
2014-10-01 06:18,7.137,0.041,0,0,0,0,v
2014-10-01 06:24,7.131,0.043,0,0,0,0,v
2014-10-01 06:30,7.123,0.041,0,0,0,0,v
2014-10-01 06:36,7.115,0.039,0,0,0,0,v
2014-10-01 06:42,7.112,0.048,0,0,0,0,v
2014-10-01 06:48,7.115,0.046,0,0,0,0,v
2014-10-01 06:54,7.128,0.041,0,0,0,0,v
2014-10-01 07:00,7.119,0.039,0,0,0,0,v
2014-10-01 07:06,7.125,0.037,0,0,0,0,v
2014-10-01 07:12,7.125,0.037,0,0,0,0,v
2014-10-01 07:18,7.119,0.039,0,0,0,0,v
2014-10-01 07:24,7.128,0.045,0,0,0,0,v
2014-10-01 07:30,7.114,0.042,0,0,0,0,v
2014-10-01 07:36,7.103,0.036,0,0,0,0,v
2014-10-01 07:42,7.098,0.039,0,0,0,0,v
2014-10-01 07:48,7.097,0.038,0,0,0,0,v
2014-10-01 07:54,7.097,0.036,0,0,0,0,v
2014-10-01 08:00,7.093,0.036,0,0,0,0,v
2014-10-01 08:06,7.093,0.041,0,0,0,0,v
2014-10-01 08:12,7.102,0.039,0,0,0,0,v
2014-10-01 08:18,7.105,0.039,0,0,0,0,v
2014-10-01 08:24,7.100,0.042,0,0,0,0,v
2014-10-01 08:30,7.093,0.042,0,0,0,0,v
2014-10-01 08:36,7.097,0.045,0,0,0,0,v
2014-10-01 08:42,7.098,0.035,0,0,0,0,v
2014-10-01 08:48,7.083,0.036,0,0,0,0,v
2014-10-01 08:54,7.081,0.042,0,0,0,0,v
2014-10-01 09:00,7.068,0.034,0,0,0,0,v
2014-10-01 09:06,7.063,0.043,0,0,0,0,v
2014-10-01 09:12,7.072,0.036,0,0,0,0,v
2014-10-01 09:18,7.067,0.041,0,0,0,0,v
2014-10-01 09:24,7.062,0.039,0,0,0,0,v
2014-10-01 09:30,7.075,0.040,0,0,0,0,v
2014-10-01 09:36,7.075,0.041,0,0,0,0,v
2014-10-01 09:42,7.071,0.039,0,0,0,0,v
2014-10-01 09:48,7.063,0.039,0,0,0,0,v
2014-10-01 09:54,7.053,0.041,0,0,0,0,v
2014-10-01 10:00,7.046,0.047,0,0,0,0,v
2014-10-01 10:06,7.058,0.041,0,0,0,0,v
2014-10-01 10:12,7.045,0.039,0,0,0,0,v
2014-10-01 10:18,7.043,0.046,0,0,0,0,v
2014-10-01 10:24,7.040,0.041,0,0,0,0,v
2014-10-01 10:30,7.054,0.042,0,0,0,0,v
2014-10-01 10:36,7.025,0.042,0,0,0,0,v
2014-10-01 10:42,7.024,0.041,0,0,0,0,v
2014-10-01 10:48,7.036,0.047,0,0,0,0,v
2014-10-01 10:54,7.032,0.041,0,0,0,0,v
2014-10-01 11:00,7.027,0.037,0,0,0,0,v
2014-10-01 11:06,7.036,0.043,0,0,0,0,v
2014-10-01 11:12,7.020,0.043,0,0,0,0,v
2014-10-01 11:18,7.018,0.044,0,0,0,0,v
2014-10-01 11:24,7.021,0.043,0,0,0,0,v
2014-10-01 11:30,7.025,0.048,0,0,0,0,v
2014-10-01 11:36,7.022,0.041,0,0,0,0,v
2014-10-01 11:42,7.015,0.048,0,0,0,0,v
2014-10-01 11:48,7.013,0.041,0,0,0,0,v
2014-10-01 11:54,7.026,0.042,0,0,0,0,v
2014-10-01 12:00,7.034,0.044,0,0,0,0,v
2014-10-01 12:06,7.033,0.041,0,0,0,0,v
2014-10-01 12:12,7.032,0.047,0,0,0,0,v
2014-10-01 12:18,7.032,0.046,0,0,0,0,v
2014-10-01 12:24,7.028,0.046,0,0,0,0,v
2014-10-01 12:30,7.021,0.043,0,0,0,0,v
2014-10-01 12:36,7.011,0.045,0,0,0,0,v
2014-10-01 12:42,6.997,0.042,0,0,0,0,v
2014-10-01 12:48,7.000,0.047,0,0,0,0,v
2014-10-01 12:54,6.987,0.048,0,0,0,0,v
2014-10-01 13:00,6.983,0.043,0,0,0,0,v
2014-10-01 13:06,6.973,0.043,0,0,0,0,v
2014-10-01 13:12,6.977,0.042,0,0,0,0,v
2014-10-01 13:18,6.964,0.049,0,0,0,0,v
2014-10-01 13:24,6.963,0.043,0,0,0,0,v
2014-10-01 13:30,6.954,0.046,0,0,0,0,v
2014-10-01 13:36,6.955,0.051,0,0,0,0,v
2014-10-01 13:42,6.958,0.049,0,0,0,0,v
2014-10-01 13:48,6.946,0.049,0,0,0,0,v
2014-10-01 13:54,6.936,0.038,0,0,0,0,v
2014-10-01 14:00,6.937,0.046,0,0,0,0,v
2014-10-01 14:06,6.919,0.045,0,0,0,0,v
2014-10-01 14:12,6.917,0.047,0,0,0,0,v
2014-10-01 14:18,6.920,0.048,0,0,0,0,v
2014-10-01 14:24,6.916,0.046,0,0,0,0,v
2014-10-01 14:30,6.895,0.044,0,0,0,0,v
2014-10-01 14:36,6.881,0.045,0,0,0,0,v
2014-10-01 14:42,6.883,0.046,0,0,0,0,v
2014-10-01 14:48,6.870,0.047,0,0,0,0,v
2014-10-01 14:54,6.874,0.042,0,0,0,0,v
2014-10-01 15:00,6.870,0.046,0,0,0,0,v
2014-10-01 15:06,6.874,0.042,0,0,0,0,v
2014-10-01 15:12,6.862,0.051,0,0,0,0,v
2014-10-01 15:18,6.867,0.042,0,0,0,0,v
2014-10-01 15:24,6.863,0.044,0,0,0,0,v
2014-10-01 15:30,6.872,0.046,0,0,0,0,v
2014-10-01 15:36,6.855,0.048,0,0,0,0,v
2014-10-01 15:42,6.849,0.046,0,0,0,0,v
2014-10-01 15:48,6.829,0.047,0,0,0,0,v
2014-10-01 15:54,6.823,0.045,0,0,0,0,v
2014-10-01 16:00,6.809,0.043,0,0,0,0,v
2014-10-01 16:06,6.803,0.044,0,0,0,0,v
2014-10-01 16:12,6.801,0.043,0,0,0,0,v
2014-10-01 16:18,6.799,0.043,0,0,0,0,v
2014-10-01 16:24,6.804,0.038,0,0,0,0,v
2014-10-01 16:30,6.787,0.048,0,0,0,0,v
2014-10-01 16:36,6.788,0.048,0,0,0,0,v
2014-10-01 16:42,6.778,0.039,0,0,0,0,v
2014-10-01 16:48,6.777,0.049,0,0,0,0,v
2014-10-01 16:54,6.766,0.037,0,0,0,0,v
2014-10-01 17:00,6.763,0.038,0,0,0,0,v
2014-10-01 17:06,6.755,0.048,0,0,0,0,v
2014-10-01 17:12,6.754,0.041,0,0,0,0,v
2014-10-01 17:18,6.751,0.047,0,0,0,0,v
2014-10-01 17:24,6.742,0.047,0,0,0,0,v
2014-10-01 17:30,6.735,0.049,0,0,0,0,v
2014-10-01 17:36,6.723,0.046,0,0,0,0,v
2014-10-01 17:42,6.715,0.055,0,0,0,0,v
2014-10-01 17:48,6.707,0.046,0,0,0,0,v
2014-10-01 17:54,6.708,0.042,0,0,0,0,v
2014-10-01 18:00,6.691,0.053,0,0,0,0,v
2014-10-01 18:06,6.685,0.039,0,0,0,0,v
2014-10-01 18:12,6.664,0.053,0,0,0,0,v
2014-10-01 18:18,6.683,0.053,0,0,0,0,v
2014-10-01 18:24,6.681,0.045,0,0,0,0,v
2014-10-01 18:30,6.688,0.046,0,0,0,0,v
2014-10-01 18:36,6.702,0.050,0,0,0,0,v
2014-10-01 18:42,6.685,0.042,0,0,0,0,v
2014-10-01 18:48,6.681,0.047,0,0,0,0,v
2014-10-01 18:54,6.691,0.048,0,0,0,0,v
2014-10-01 19:00,6.675,0.046,0,0,0,0,v
2014-10-01 19:06,6.683,0.055,0,0,0,0,v
2014-10-01 19:12,6.683,0.048,0,0,0,0,v
2014-10-01 19:18,6.664,0.053,0,0,0,0,v
2014-10-01 19:24,6.636,0.056,0,0,0,0,v
2014-10-01 19:30,6.646,0.043,0,0,0,0,v
2014-10-01 19:36,6.663,0.051,0,0,0,0,v
2014-10-01 19:42,6.682,0.045,0,0,0,0,v
2014-10-01 19:48,6.674,0.059,0,0,0,0,v
2014-10-01 19:54,6.681,0.043,0,0,0,0,v
2014-10-01 20:00,6.688,0.062,0,0,0,0,v
2014-10-01 20:06,6.679,0.051,0,0,0,0,v
2014-10-01 20:12,6.672,0.040,0,0,0,0,v
2014-10-01 20:18,6.676,0.058,0,0,0,0,v
2014-10-01 20:24,6.683,0.049,0,0,0,0,v
2014-10-01 20:30,6.687,0.056,0,0,0,0,v
2014-10-01 20:36,6.680,0.046,0,0,0,0,v
2014-10-01 20:42,6.706,0.045,0,0,0,0,v
2014-10-01 20:48,6.693,0.052,0,0,0,0,v
2014-10-01 20:54,6.685,0.061,0,0,0,0,v
2014-10-01 21:00,6.681,0.051,0,0,0,0,v
2014-10-01 21:06,6.698,0.050,0,0,0,0,v
2014-10-01 21:12,6.708,0.053,0,0,0,0,v
2014-10-01 21:18,6.685,0.047,0,0,0,0,v
2014-10-01 21:24,6.712,0.052,0,0,0,0,v
2014-10-01 21:30,6.697,0.042,0,0,0,0,v
2014-10-01 21:36,6.713,0.047,0,0,0,0,v
2014-10-01 21:42,6.729,0.051,0,0,0,0,v
2014-10-01 21:48,6.716,0.044,0,0,0,0,v
2014-10-01 21:54,6.731,0.060,0,0,0,0,v
2014-10-01 22:00,6.738,0.050,0,0,0,0,v
2014-10-01 22:06,6.747,0.060,0,0,0,0,v
2014-10-01 22:12,6.747,0.045,0,0,0,0,v
2014-10-01 22:18,6.773,0.053,0,0,0,0,v
2014-10-01 22:24,6.790,0.049,0,0,0,0,v
2014-10-01 22:30,6.778,0.052,0,0,0,0,v
2014-10-01 22:36,6.793,0.048,0,0,0,0,v
2014-10-01 22:42,6.795,0.056,0,0,0,0,v
2014-10-01 22:48,6.796,0.049,0,0,0,0,v
2014-10-01 22:54,6.790,0.057,0,0,0,0,v
2014-10-01 23:00,6.811,0.051,0,0,0,0,v
2014-10-01 23:06,6.817,0.046,0,0,0,0,v
2014-10-01 23:12,6.821,0.038,0,0,0,0,v
2014-10-01 23:18,6.799,0.046,0,0,0,0,v
2014-10-01 23:24,6.816,0.049,0,0,0,0,v
2014-10-01 23:30,6.843,0.052,0,0,0,0,v
2014-10-01 23:36,6.861,0.055,0,0,0,0,v
2014-10-01 23:42,6.858,0.054,0,0,0,0,v
2014-10-01 23:48,6.870,0.053,0,0,0,0,v
2014-10-01 23:54,6.882,0.050,0,0,0,0,v
2014-10-02 00:00,6.893,0.049,0,0,0,0,v
2014-10-02 00:06,6.887,0.054,0,0,0,0,v
2014-10-02 00:12,6.908,0.049,0,0,0,0,v
2014-10-02 00:18,6.920,0.051,0,0,0,0,v
2014-10-02 00:24,6.928,0.057,0,0,0,0,v
2014-10-02 00:30,6.930,0.051,0,0,0,0,v
2014-10-02 00:36,6.928,0.053,0,0,0,0,v
2014-10-02 00:42,6.945,0.055,0,0,0,0,v
2014-10-02 00:48,6.941,0.054,0,0,0,0,v
2014-10-02 00:54,6.945,0.061,0,0,0,0,v
2014-10-02 01:00,6.971,0.052,0,0,0,0,v
2014-10-02 01:06,6.967,0.053,0,0,0,0,v
2014-10-02 01:12,6.973,0.053,0,0,0,0,v
2014-10-02 01:18,6.996,0.059,0,0,0,0,v
2014-10-02 01:24,7.013,0.043,0,0,0,0,v
2014-10-02 01:30,7.009,0.048,0,0,0,0,v
2014-10-02 01:36,7.028,0.064,0,0,0,0,v
2014-10-02 01:42,7.030,0.055,0,0,0,0,v
2014-10-02 01:48,7.038,0.054,0,0,0,0,v
2014-10-02 01:54,7.038,0.057,0,0,0,0,v
2014-10-02 02:00,7.052,0.066,0,0,0,0,v
2014-10-02 02:06,7.057,0.059,0,0,0,0,v
2014-10-02 02:12,7.063,0.058,0,0,0,0,v
2014-10-02 02:18,7.072,0.056,0,0,0,0,v
2014-10-02 02:24,7.078,0.060,0,0,0,0,v
2014-10-02 02:30,7.085,0.068,0,0,0,0,v
2014-10-02 02:36,7.096,0.058,0,0,0,0,v
2014-10-02 02:42,7.103,0.062,0,0,0,0,v
2014-10-02 02:48,7.108,0.060,0,0,0,0,v
2014-10-02 02:54,7.100,0.066,0,0,0,0,v
2014-10-02 03:00,7.133,0.063,0,0,0,0,v
2014-10-02 03:06,7.120,0.066,0,0,0,0,v
2014-10-02 03:12,7.117,0.061,0,0,0,0,v
2014-10-02 03:18,7.107,0.059,0,0,0,0,v
2014-10-02 03:24,7.111,0.068,0,0,0,0,v
2014-10-02 03:30,7.125,0.062,0,0,0,0,v
2014-10-02 03:36,7.118,0.062,0,0,0,0,v
2014-10-02 03:42,7.118,0.072,0,0,0,0,v
2014-10-02 03:48,7.144,0.062,0,0,0,0,v
2014-10-02 03:54,7.136,0.083,0,0,0,0,v
2014-10-02 04:00,7.137,0.079,0,0,0,0,v
2014-10-02 04:06,7.119,0.080,0,0,0,0,v
2014-10-02 04:12,7.114,0.096,0,0,0,0,v
2014-10-02 04:18,7.106,0.075,0,0,0,0,v
2014-10-02 04:24,7.117,0.087,0,0,0,0,v
2014-10-02 04:30,7.107,0.087,0,0,0,0,v
2014-10-02 04:36,7.115,0.094,0,0,0,0,v
2014-10-02 04:42,7.122,0.086,0,0,0,0,v
2014-10-02 04:48,7.104,0.091,0,0,0,0,v
2014-10-02 04:54,7.095,0.080,0,0,0,0,v
2014-10-02 05:00,7.112,0.097,0,0,0,0,v
2014-10-02 05:06,7.123,0.081,0,0,0,0,v
2014-10-02 05:12,7.129,0.101,0,0,0,0,v
2014-10-02 05:18,7.136,0.102,0,0,0,0,v
2014-10-02 05:24,7.128,0.081,0,0,0,0,v
2014-10-02 05:30,7.134,0.094,0,0,0,0,v
2014-10-02 05:36,7.137,0.085,0,0,0,0,v
2014-10-02 05:42,7.138,0.102,0,0,0,0,v
2014-10-02 05:48,7.134,0.000,1,0,0,0,v
2014-10-02 05:54,7.130,0.000,0,0,0,0,v
2014-10-02 06:00,7.118,0.099,0,0,0,0,v
2014-10-02 06:06,7.109,0.096,0,0,0,0,v
2014-10-02 06:12,7.114,0.000,1,0,0,0,v
2014-10-02 06:18,7.129,0.000,1,0,0,0,v
2014-10-02 06:24,7.137,0.000,0,0,0,0,v
2014-10-02 06:30,7.129,0.108,0,0,0,0,v
2014-10-02 06:36,7.136,0.097,0,0,0,0,v
2014-10-02 06:42,7.124,0.000,1,0,0,0,v
2014-10-02 06:48,7.124,0.000,1,0,0,0,v
2014-10-02 06:54,7.124,0.000,0,0,0,0,v
2014-10-02 07:00,7.137,0.083,0,0,0,0,v
2014-10-02 07:06,7.112,0.082,0,0,0,0,v
2014-10-02 07:12,7.101,0.084,0,0,0,0,v
2014-10-02 07:18,7.113,0.082,0,0,0,0,v
2014-10-02 07:24,7.109,0.088,0,0,0,0,v
2014-10-02 07:30,7.088,0.088,0,0,0,0,v
2014-10-02 07:36,7.074,0.096,0,0,0,0,v
2014-10-02 07:42,7.074,0.088,0,0,0,0,v
2014-10-02 07:48,7.073,0.089,0,0,0,0,v
2014-10-02 07:54,7.068,0.088,0,0,0,0,v
2014-10-02 08:00,7.080,0.068,0,0,0,0,v
2014-10-02 08:06,7.079,0.090,0,0,0,0,v
2014-10-02 08:12,7.076,0.080,0,0,0,0,v
2014-10-02 08:18,7.073,0.084,0,0,0,0,v
2014-10-02 08:24,7.074,0.082,0,0,0,0,v
2014-10-02 08:30,7.062,0.100,0,0,0,0,v
2014-10-02 08:36,7.055,0.096,0,0,0,0,v
2014-10-02 08:42,7.057,0.090,0,0,0,0,v
2014-10-02 08:48,7.042,0.103,0,0,0,0,v
2014-10-02 08:54,7.045,0.096,0,0,0,0,v
2014-10-02 09:00,7.039,0.089,0,0,0,0,v
2014-10-02 09:06,7.036,0.103,0,0,0,0,v
2014-10-02 09:12,7.048,0.106,0,0,0,0,v
2014-10-02 09:18,7.054,0.085,0,0,0,0,v
2014-10-02 09:24,7.045,0.094,0,0,0,0,v
2014-10-02 09:30,7.038,0.083,0,0,0,0,v
2014-10-02 09:36,7.027,0.094,0,0,0,0,v
2014-10-02 09:42,7.008,0.107,0,0,0,0,v
2014-10-02 09:48,6.993,0.104,0,0,0,0,v
2014-10-02 09:54,7.004,0.094,0,0,0,0,v
2014-10-02 10:00,6.995,0.107,0,0,0,0,v
2014-10-02 10:06,7.012,0.089,0,0,0,0,v
2014-10-02 10:12,7.004,0.093,0,0,0,0,v
2014-10-02 10:18,7.019,0.081,0,0,0,0,v
2014-10-02 10:24,7.015,0.083,0,0,0,0,v
2014-10-02 10:30,7.015,0.101,0,0,0,0,v
2014-10-02 10:36,7.038,0.094,0,0,0,0,v
2014-10-02 10:42,7.025,0.103,0,0,0,0,v
2014-10-02 10:48,6.996,0.116,0,0,0,0,v
2014-10-02 10:54,7.001,0.093,0,0,0,0,v
2014-10-02 11:00,7.000,0.097,0,0,0,0,v
2014-10-02 11:06,6.987,0.098,0,0,0,0,v
2014-10-02 11:12,6.996,0.095,0,0,0,0,v
2014-10-02 11:18,6.966,0.100,0,0,0,0,v
2014-10-02 11:24,6.979,0.114,0,0,0,0,v
2014-10-02 11:30,7.004,0.096,0,0,0,0,v
2014-10-02 11:36,7.012,0.099,0,0,0,0,v
2014-10-02 11:42,7.014,0.104,0,0,0,0,v
2014-10-02 11:48,7.003,0.102,0,0,0,0,v
2014-10-02 11:54,6.996,0.109,0,0,0,0,v
2014-10-02 12:00,6.983,0.109,0,0,0,0,v
2014-10-02 12:06,6.972,0.102,0,0,0,0,v
2014-10-02 12:12,6.980,0.103,0,0,0,0,v
2014-10-02 12:18,6.970,0.089,0,0,0,0,v
2014-10-02 12:24,6.967,0.093,0,0,0,0,v
2014-10-02 12:30,6.973,0.107,0,0,0,0,v
2014-10-02 12:36,6.974,0.107,0,0,0,0,v
2014-10-02 12:42,6.966,0.106,0,0,0,0,v
2014-10-02 12:48,6.987,0.118,0,0,0,0,v
2014-10-02 12:54,6.967,0.106,0,0,0,0,v
2014-10-02 13:00,6.962,0.117,0,0,0,0,v
2014-10-02 13:06,6.970,0.111,0,0,0,0,v
2014-10-02 13:12,6.954,0.114,0,0,0,0,v
2014-10-02 13:18,6.947,0.114,0,0,0,0,v
2014-10-02 13:24,6.937,0.115,0,0,0,0,v
2014-10-02 13:30,6.958,0.120,0,0,0,0,v
2014-10-02 13:36,6.947,0.107,0,0,0,0,v
2014-10-02 13:42,6.928,0.122,0,0,0,0,v
2014-10-02 13:48,6.917,0.129,0,0,0,0,v
2014-10-02 13:54,6.918,0.100,0,0,0,0,v
2014-10-02 14:00,6.904,0.120,0,0,0,0,v
2014-10-02 14:06,6.895,0.119,0,0,0,0,v
2014-10-02 14:12,6.898,0.126,0,0,0,0,v
2014-10-02 14:18,6.922,0.101,0,0,0,0,v
2014-10-02 14:24,6.897,0.126,0,0,0,0,v
2014-10-02 14:30,6.903,0.117,0,0,0,0,v
2014-10-02 14:36,6.901,0.138,0,0,0,0,v
2014-10-02 14:42,6.876,0.125,0,0,0,0,v
2014-10-02 14:48,6.882,0.126,0,0,0,0,v
2014-10-02 14:54,6.871,0.102,0,0,0,0,v
2014-10-02 15:00,6.866,0.139,0,0,0,0,v
2014-10-02 15:06,6.878,0.093,0,0,0,0,v
2014-10-02 15:12,6.877,0.108,0,0,0,0,v
2014-10-02 15:18,6.868,0.095,0,0,0,0,v
2014-10-02 15:24,6.867,0.100,0,0,0,0,v
2014-10-02 15:30,6.857,0.094,0,0,0,0,v
2014-10-02 15:36,6.813,0.121,0,0,0,0,v
2014-10-02 15:42,6.808,0.097,0,0,0,0,v
2014-10-02 15:48,6.820,0.124,0,0,0,0,v
2014-10-02 15:54,6.819,0.114,0,0,0,0,v
2014-10-02 16:00,6.819,0.119,0,0,0,0,v
2014-10-02 16:06,6.795,0.130,0,0,0,0,v
2014-10-02 16:12,6.792,0.140,0,0,0,0,v
2014-10-02 16:18,6.788,0.121,0,0,0,0,v
2014-10-02 16:24,6.773,0.122,0,0,0,0,v
2014-10-02 16:30,6.776,0.119,0,0,0,0,v
2014-10-02 16:36,6.788,0.087,0,0,0,0,v
2014-10-02 16:42,6.786,0.106,0,0,0,0,v
2014-10-02 16:48,6.804,0.080,0,0,0,0,v
2014-10-02 16:54,6.772,0.107,0,0,0,0,v
2014-10-02 17:00,6.764,0.117,0,0,0,0,v
2014-10-02 17:06,6.750,0.109,0,0,0,0,v
2014-10-02 17:12,6.755,0.103,0,0,0,0,v
2014-10-02 17:18,6.745,0.119,0,0,0,0,v
2014-10-02 17:24,6.742,0.116,0,0,0,0,v
2014-10-02 17:30,6.729,0.107,0,0,0,0,v
2014-10-02 17:36,6.723,0.106,0,0,0,0,v
2014-10-02 17:42,6.710,0.118,0,0,0,0,v
2014-10-02 17:48,6.708,0.100,0,0,0,0,v
2014-10-02 17:54,6.676,0.117,0,0,0,0,v
2014-10-02 18:00,6.667,0.107,0,0,0,0,v
2014-10-02 18:06,6.686,0.111,0,0,0,0,v
2014-10-02 18:12,6.659,0.115,0,0,0,0,v
2014-10-02 18:18,6.643,0.125,0,0,0,0,v
2014-10-02 18:24,6.635,0.111,0,0,0,0,v
2014-10-02 18:30,6.631,0.101,0,0,0,0,v
2014-10-02 18:36,6.627,0.083,0,0,0,0,v
2014-10-02 18:42,6.626,0.113,0,0,0,0,v
2014-10-02 18:48,6.609,0.089,0,0,0,0,v
2014-10-02 18:54,6.593,0.113,0,0,0,0,v
2014-10-02 19:00,6.591,0.126,0,0,0,0,v
2014-10-02 19:06,6.581,0.112,0,0,0,0,v
2014-10-02 19:12,6.572,0.104,0,0,0,0,v
2014-10-02 19:18,6.572,0.096,0,0,0,0,v
2014-10-02 19:24,6.568,0.106,0,0,0,0,v
2014-10-02 19:30,6.577,0.107,0,0,0,0,v
2014-10-02 19:36,6.566,0.131,0,0,0,0,v
2014-10-02 19:42,6.560,0.096,0,0,0,0,v
2014-10-02 19:48,6.564,0.115,0,0,0,0,v
2014-10-02 19:54,6.578,0.117,0,0,0,0,v
2014-10-02 20:00,6.585,0.092,0,0,0,0,v
2014-10-02 20:06,6.571,0.108,0,0,0,0,v
2014-10-02 20:12,6.581,0.100,0,0,0,0,v
2014-10-02 20:18,6.583,0.120,0,0,0,0,v
2014-10-02 20:24,6.573,0.114,0,0,0,0,v
2014-10-02 20:30,6.575,0.117,0,0,0,0,v
2014-10-02 20:36,6.583,0.096,0,0,0,0,v
2014-10-02 20:42,6.588,0.098,0,0,0,0,v
2014-10-02 20:48,6.561,0.114,0,0,0,0,v
2014-10-02 20:54,6.588,0.096,0,0,0,0,v
2014-10-02 21:00,6.567,0.102,0,0,0,0,v
2014-10-02 21:06,6.569,0.107,0,0,0,0,v
2014-10-02 21:12,6.578,0.096,0,0,0,0,v
2014-10-02 21:18,6.583,0.117,0,0,0,0,v
2014-10-02 21:24,6.601,0.128,0,0,0,0,v
2014-10-02 21:30,6.596,0.110,0,0,0,0,v
2014-10-02 21:36,6.601,0.109,0,0,0,0,v
2014-10-02 21:42,6.594,0.103,0,0,0,0,v
2014-10-02 21:48,6.574,0.106,0,0,0,0,v
2014-10-02 21:54,6.588,0.112,0,0,0,0,v
2014-10-02 22:00,6.593,0.111,0,0,0,0,v
2014-10-02 22:06,6.593,0.119,0,0,0,0,v
2014-10-02 22:12,6.618,0.111,0,0,0,0,v
2014-10-02 22:18,6.621,0.120,0,0,0,0,v
2014-10-02 22:24,6.628,0.099,0,0,0,0,v
2014-10-02 22:30,6.624,0.116,0,0,0,0,v
2014-10-02 22:36,6.633,0.110,0,0,0,0,v
2014-10-02 22:42,6.616,0.104,0,0,0,0,v
2014-10-02 22:48,6.630,0.128,0,0,0,0,v
2014-10-02 22:54,6.623,0.110,0,0,0,0,v
2014-10-02 23:00,6.631,0.107,0,0,0,0,v
2014-10-02 23:06,6.626,0.115,0,0,0,0,v
2014-10-02 23:12,6.645,0.093,0,0,0,0,v
2014-10-02 23:18,6.649,0.107,0,0,0,0,v
2014-10-02 23:24,6.637,0.118,0,0,0,0,v
2014-10-02 23:30,6.649,0.115,0,0,0,0,v
2014-10-02 23:36,6.642,0.097,0,0,0,0,v
2014-10-02 23:42,6.643,0.103,0,0,0,0,v
2014-10-02 23:48,6.675,0.149,0,0,0,0,v
2014-10-02 23:54,6.689,0.128,0,0,0,0,v
2014-10-03 00:00,6.686,0.147,0,0,0,0,v
2014-10-03 00:06,6.697,0.109,0,0,0,0,v
2014-10-03 00:12,6.716,0.128,0,0,0,0,v
2014-10-03 00:18,6.726,0.125,0,0,0,0,v
2014-10-03 00:24,6.729,0.130,0,0,0,0,v
2014-10-03 00:30,6.739,0.102,0,0,0,0,v
2014-10-03 00:36,6.745,0.114,0,0,0,0,v
2014-10-03 00:42,6.750,0.127,0,0,0,0,v
2014-10-03 00:48,6.749,0.089,0,0,0,0,v
2014-10-03 00:54,6.767,0.103,0,0,0,0,v
2014-10-03 01:00,6.766,0.108,0,0,0,0,v
2014-10-03 01:06,6.776,0.109,0,0,0,0,v
2014-10-03 01:12,6.798,0.111,0,0,0,0,v
2014-10-03 01:18,6.813,0.106,0,0,0,0,v
2014-10-03 01:24,6.826,0.111,0,0,0,0,v
2014-10-03 01:30,6.828,0.106,0,0,0,0,v
2014-10-03 01:36,6.841,0.107,0,0,0,0,v
2014-10-03 01:42,6.838,0.103,0,0,0,0,v
2014-10-03 01:48,6.842,0.115,0,0,0,0,v
2014-10-03 01:54,6.847,0.138,0,0,0,0,v
2014-10-03 02:00,6.859,0.121,0,0,0,0,v
2014-10-03 02:06,6.882,0.119,0,0,0,0,v
2014-10-03 02:12,6.884,0.118,0,0,0,0,v
2014-10-03 02:18,6.884,0.115,0,0,0,0,v
2014-10-03 02:24,6.887,0.117,0,0,0,0,v
2014-10-03 02:30,6.902,0.100,0,0,0,0,v
2014-10-03 02:36,6.908,0.111,0,0,0,0,v
2014-10-03 02:42,6.900,0.124,0,0,0,0,v
2014-10-03 02:48,6.906,0.129,0,0,0,0,v
2014-10-03 02:54,6.895,0.119,0,0,0,0,v
2014-10-03 03:00,6.886,0.120,0,0,0,0,v
2014-10-03 03:06,6.923,0.106,0,0,0,0,v
2014-10-03 03:12,6.940,0.116,0,0,0,0,v
2014-10-03 03:18,6.936,0.123,0,0,0,0,v
2014-10-03 03:24,6.948,0.124,0,0,0,0,v
2014-10-03 03:30,6.946,0.107,0,0,0,0,v
2014-10-03 03:36,6.968,0.117,0,0,0,0,v
2014-10-03 03:42,6.964,0.136,0,0,0,0,v
2014-10-03 03:48,6.993,0.094,0,0,0,0,v
2014-10-03 03:54,6.990,0.114,0,0,0,0,v
2014-10-03 04:00,7.001,0.109,0,0,0,0,v
2014-10-03 04:06,7.014,0.092,0,0,0,0,v
2014-10-03 04:12,7.005,0.118,0,0,0,0,v
2014-10-03 04:18,7.009,0.093,0,0,0,0,v
2014-10-03 04:24,7.015,0.113,0,0,0,0,v
2014-10-03 04:30,7.017,0.119,0,0,0,0,v
2014-10-03 04:36,7.005,0.090,0,0,0,0,v
2014-10-03 04:42,7.001,0.107,0,0,0,0,v
2014-10-03 04:48,6.998,0.108,0,0,0,0,v
2014-10-03 04:54,7.000,0.097,0,0,0,0,v
2014-10-03 05:00,7.001,0.094,0,0,0,0,v
2014-10-03 05:06,6.993,0.120,0,0,0,0,v
2014-10-03 05:12,7.002,0.101,0,0,0,0,v
2014-10-03 05:18,7.017,0.118,0,0,0,0,v
2014-10-03 05:24,7.019,0.103,0,0,0,0,v
2014-10-03 05:30,7.021,0.118,0,0,0,0,v
2014-10-03 05:36,7.019,0.117,0,0,0,0,v
2014-10-03 05:42,7.010,0.103,0,0,0,0,v
2014-10-03 05:48,7.007,0.119,0,0,0,0,v
2014-10-03 05:54,7.016,0.110,0,0,0,0,v
2014-10-03 06:00,6.997,0.113,0,0,0,0,v
2014-10-03 06:06,6.996,0.116,0,0,0,0,v
2014-10-03 06:12,7.012,0.096,0,0,0,0,v
2014-10-03 06:18,6.998,0.106,0,0,0,0,v
2014-10-03 06:24,7.007,0.104,0,0,0,0,v
2014-10-03 06:30,7.007,0.095,0,0,0,0,v
2014-10-03 06:36,6.994,0.125,0,0,0,0,v
2014-10-03 06:42,7.003,0.106,0,0,0,0,v
2014-10-03 06:48,7.005,0.099,0,0,0,0,v
2014-10-03 06:54,7.000,0.115,0,0,0,0,v
2014-10-03 07:00,6.997,0.105,0,0,0,0,v
2014-10-03 07:06,7.005,0.106,0,0,0,0,v
2014-10-03 07:12,6.982,0.120,0,0,0,0,v
2014-10-03 07:18,6.987,0.102,0,0,0,0,v
2014-10-03 07:24,6.982,0.118,0,0,0,0,v
2014-10-03 07:30,6.975,0.117,0,0,0,0,v
2014-10-03 07:36,6.979,0.104,0,0,0,0,v
2014-10-03 07:42,6.984,0.099,0,0,0,0,v
2014-10-03 07:48,6.984,0.098,0,0,0,0,v
2014-10-03 07:54,6.976,0.102,0,0,0,0,v
2014-10-03 08:00,6.967,0.106,0,0,0,0,v
2014-10-03 08:06,6.974,0.118,0,0,0,0,v
2014-10-03 08:12,6.968,0.109,0,0,0,0,v
2014-10-03 08:18,6.957,0.126,0,0,0,0,v
2014-10-03 08:24,6.959,0.112,0,0,0,0,v
2014-10-03 08:30,6.961,0.101,0,0,0,0,v
2014-10-03 08:36,6.943,0.107,0,0,0,0,v
2014-10-03 08:42,6.939,0.122,0,0,0,0,v
2014-10-03 08:48,6.924,0.092,0,0,0,0,v
2014-10-03 08:54,6.935,0.097,0,0,0,0,v
2014-10-03 09:00,6.941,0.090,0,0,0,0,v
2014-10-03 09:06,6.949,0.104,0,0,0,0,v
2014-10-03 09:12,6.941,0.097,0,0,0,0,v
2014-10-03 09:18,6.930,0.102,0,0,0,0,v
2014-10-03 09:24,6.932,0.111,0,0,0,0,v
2014-10-03 09:30,6.940,0.098,0,0,0,0,v
2014-10-03 09:36,6.954,0.112,0,0,0,0,v
2014-10-03 09:42,6.945,0.104,0,0,0,0,v
2014-10-03 09:48,6.936,0.112,0,0,0,0,v
2014-10-03 09:54,6.955,0.098,0,0,0,0,v
2014-10-03 10:00,6.918,0.113,0,0,0,0,v
2014-10-03 10:06,6.911,0.090,0,0,0,0,v
2014-10-03 10:12,6.919,0.091,0,0,0,0,v
2014-10-03 10:18,6.900,0.099,0,0,0,0,v
2014-10-03 10:24,6.921,0.110,0,0,0,0,v
2014-10-03 10:30,6.920,0.108,0,0,0,0,v
2014-10-03 10:36,6.942,0.105,0,0,0,0,v
2014-10-03 10:42,6.915,0.101,0,0,0,0,v
2014-10-03 10:48,6.936,0.110,0,0,0,0,v
2014-10-03 10:54,6.943,0.106,0,0,0,0,v
2014-10-03 11:00,6.977,0.102,0,0,0,0,v
2014-10-03 11:06,6.921,0.094,0,0,0,0,v
2014-10-03 11:12,6.943,0.088,0,0,0,0,v
2014-10-03 11:18,6.929,0.086,0,0,0,0,v
2014-10-03 11:24,6.932,0.097,0,0,0,0,v
2014-10-03 11:30,6.951,0.096,0,0,0,0,v
2014-10-03 11:36,6.927,0.105,0,0,0,0,v
2014-10-03 11:42,6.949,0.084,0,0,0,0,v
2014-10-03 11:48,6.918,0.099,0,0,0,0,v
2014-10-03 11:54,6.915,0.089,0,0,0,0,v
2014-10-03 12:00,6.900,0.071,0,0,0,0,v
2014-10-03 12:06,6.911,0.101,0,0,0,0,v
2014-10-03 12:12,6.895,0.096,0,0,0,0,v
2014-10-03 12:18,6.856,0.089,0,0,0,0,v
2014-10-03 12:24,6.854,0.101,0,0,0,0,v
2014-10-03 12:30,6.825,0.102,0,0,0,0,v
2014-10-03 12:36,6.807,0.097,0,0,0,0,v
2014-10-03 12:42,6.780,0.101,0,0,0,0,v
2014-10-03 12:48,6.780,0.083,0,0,0,0,v
2014-10-03 12:54,6.785,0.090,0,0,0,0,v
2014-10-03 13:00,6.789,0.110,0,0,0,0,v
2014-10-03 13:06,6.771,0.091,0,0,0,0,v
2014-10-03 13:12,6.769,0.092,0,0,0,0,v
2014-10-03 13:18,6.779,0.082,0,0,0,0,v
2014-10-03 13:24,6.779,0.102,0,0,0,0,v
2014-10-03 13:30,6.792,0.099,0,0,0,0,v
2014-10-03 13:36,6.801,0.104,0,0,0,0,v
2014-10-03 13:42,6.791,0.086,0,0,0,0,v
2014-10-03 13:48,6.793,0.101,0,0,0,0,v
2014-10-03 13:54,6.814,0.097,0,0,0,0,v
2014-10-03 14:00,6.826,0.097,0,0,0,0,v
2014-10-03 14:06,6.829,0.115,0,0,0,0,v
2014-10-03 14:12,6.843,0.078,0,0,0,0,v
2014-10-03 14:18,6.845,0.112,0,0,0,0,v
2014-10-03 14:24,6.853,0.087,0,0,0,0,v
2014-10-03 14:30,6.874,0.078,0,0,0,0,v
2014-10-03 14:36,6.859,0.080,0,0,0,0,v
2014-10-03 14:42,6.879,0.096,0,0,0,0,v
2014-10-03 14:48,6.896,0.069,0,0,0,0,v
2014-10-03 14:54,6.895,0.085,0,0,0,0,v
2014-10-03 15:00,6.916,0.077,0,0,0,0,v
2014-10-03 15:06,6.911,0.080,0,0,0,0,v
2014-10-03 15:12,6.911,0.097,0,0,0,0,v
2014-10-03 15:18,6.910,0.091,0,0,0,0,v
2014-10-03 15:24,6.928,0.090,0,0,0,0,v
2014-10-03 15:30,6.917,0.101,0,0,0,0,v
2014-10-03 15:36,6.909,0.076,0,0,0,0,v
2014-10-03 15:42,6.932,0.084,0,0,0,0,v
2014-10-03 15:48,6.931,0.101,0,0,0,0,v
2014-10-03 15:54,6.925,0.087,0,0,0,0,v
2014-10-03 16:00,6.918,0.079,0,0,0,0,v
2014-10-03 16:06,6.916,0.096,0,0,0,0,v
2014-10-03 16:12,6.894,0.093,0,0,0,0,v
2014-10-03 16:18,6.880,0.098,0,0,0,0,v
2014-10-03 16:24,6.880,0.090,0,0,0,0,v
2014-10-03 16:30,6.879,0.100,0,0,0,0,v
2014-10-03 16:36,6.857,0.088,0,0,0,0,v
2014-10-03 16:42,6.852,0.106,0,0,0,0,v
2014-10-03 16:48,6.832,0.092,0,0,0,0,v
2014-10-03 16:54,6.793,0.086,0,0,0,0,v
2014-10-03 17:00,6.752,0.091,0,0,0,0,v
2014-10-03 17:06,6.750,0.086,0,0,0,0,v
2014-10-03 17:12,6.717,0.087,0,0,0,0,v
2014-10-03 17:18,6.727,0.083,0,0,0,0,v
2014-10-03 17:24,6.704,0.081,0,0,0,0,v
2014-10-03 17:30,6.685,0.107,0,0,0,0,v
2014-10-03 17:36,6.673,0.097,0,0,0,0,v
2014-10-03 17:42,6.658,0.094,0,0,0,0,v
2014-10-03 17:48,6.671,0.092,0,0,0,0,v
2014-10-03 17:54,6.655,0.089,0,0,0,0,v
2014-10-03 18:00,6.655,0.103,0,0,0,0,v
2014-10-03 18:06,6.665,0.107,0,0,0,0,v
2014-10-03 18:12,6.647,0.102,0,0,0,0,v
2014-10-03 18:18,6.674,0.094,0,0,0,0,v
2014-10-03 18:24,6.645,0.101,0,0,0,0,v
2014-10-03 18:30,6.625,0.090,0,0,0,0,v
2014-10-03 18:36,6.611,0.101,0,0,0,0,v
2014-10-03 18:42,6.607,0.110,0,0,0,0,v
2014-10-03 18:48,6.595,0.110,0,0,0,0,v
2014-10-03 18:54,6.625,0.105,0,0,0,0,v
2014-10-03 19:00,6.630,0.099,0,0,0,0,v
2014-10-03 19:06,6.626,0.104,0,0,0,0,v
2014-10-03 19:12,6.626,0.102,0,0,0,0,v
2014-10-03 19:18,6.621,0.102,0,0,0,0,v
2014-10-03 19:24,6.615,0.111,0,0,0,0,v
2014-10-03 19:30,6.639,0.109,0,0,0,0,v
2014-10-03 19:36,6.622,0.101,0,0,0,0,v
2014-10-03 19:42,6.633,0.113,0,0,0,0,v
2014-10-03 19:48,6.658,0.084,0,0,0,0,v
2014-10-03 19:54,6.667,0.111,0,0,0,0,v
2014-10-03 20:00,6.657,0.098,0,0,0,0,v
2014-10-03 20:06,6.662,0.103,0,0,0,0,v
2014-10-03 20:12,6.640,0.107,0,0,0,0,v
2014-10-03 20:18,6.654,0.104,0,0,0,0,v
2014-10-03 20:24,6.667,0.096,0,0,0,0,v
2014-10-03 20:30,6.673,0.098,0,0,0,0,v
2014-10-03 20:36,6.672,0.092,0,0,0,0,v
2014-10-03 20:42,6.668,0.095,0,0,0,0,v
2014-10-03 20:48,6.663,0.088,0,0,0,0,v
2014-10-03 20:54,6.683,0.091,0,0,0,0,v
2014-10-03 21:00,6.686,0.098,0,0,0,0,v
2014-10-03 21:06,6.702,0.100,0,0,0,0,v
2014-10-03 21:12,6.692,0.110,0,0,0,0,v
2014-10-03 21:18,6.705,0.089,0,0,0,0,v
2014-10-03 21:24,6.656,0.092,0,0,0,0,v
2014-10-03 21:30,6.655,0.110,0,0,0,0,v
2014-10-03 21:36,6.654,0.097,0,0,0,0,v
2014-10-03 21:42,6.643,0.096,0,0,0,0,v
2014-10-03 21:48,6.602,0.101,0,0,0,0,v
2014-10-03 21:54,6.558,0.093,0,0,0,0,v
2014-10-03 22:00,6.559,0.079,0,0,0,0,v
2014-10-03 22:06,6.562,0.108,0,0,0,0,v
2014-10-03 22:12,6.546,0.100,0,0,0,0,v
2014-10-03 22:18,6.543,0.106,0,0,0,0,v
2014-10-03 22:24,6.518,0.116,0,0,0,0,v
2014-10-03 22:30,6.500,0.091,0,0,0,0,v
2014-10-03 22:36,6.518,0.089,0,0,0,0,v
2014-10-03 22:42,6.513,0.098,0,0,0,0,v
2014-10-03 22:48,6.482,0.105,0,0,0,0,v
2014-10-03 22:54,6.513,0.088,0,0,0,0,v
2014-10-03 23:00,6.514,0.097,0,0,0,0,v
2014-10-03 23:06,6.520,0.108,0,0,0,0,v
2014-10-03 23:12,6.533,0.087,0,0,0,0,v
2014-10-03 23:18,6.529,0.097,0,0,0,0,v
2014-10-03 23:24,6.546,0.078,0,0,0,0,v
2014-10-03 23:30,6.535,0.079,0,0,0,0,v
2014-10-03 23:36,6.568,0.096,0,0,0,0,v
2014-10-03 23:42,6.602,0.089,0,0,0,0,v
2014-10-03 23:48,6.606,0.073,0,0,0,0,v
2014-10-03 23:54,6.614,0.100,0,0,0,0,v
2014-10-04 00:00,6.626,0.094,0,0,0,0,v
2014-10-04 00:06,6.610,0.091,0,0,0,0,v
2014-10-04 00:12,6.644,0.085,0,0,0,0,v
2014-10-04 00:18,6.650,0.081,0,0,0,0,v
2014-10-04 00:24,6.660,0.097,0,0,0,0,v
2014-10-04 00:30,6.679,0.096,0,0,0,0,v
2014-10-04 00:36,6.690,0.092,0,0,0,0,v
2014-10-04 00:42,6.681,0.082,0,0,0,0,v
2014-10-04 00:48,6.679,0.090,0,0,0,0,v
2014-10-04 00:54,6.694,0.083,0,0,0,0,v
2014-10-04 01:00,6.699,0.081,0,0,0,0,v
2014-10-04 01:06,6.700,0.083,0,0,0,0,v
2014-10-04 01:12,6.705,0.074,0,0,0,0,v
2014-10-04 01:18,6.762,0.093,0,0,0,0,v
2014-10-04 01:24,6.763,0.082,0,0,0,0,v
2014-10-04 01:30,6.758,0.077,0,0,0,0,v
2014-10-04 01:36,6.749,0.067,0,0,0,0,v
2014-10-04 01:42,6.743,0.064,0,0,0,0,v
2014-10-04 01:48,6.738,0.075,0,0,0,0,v
2014-10-04 01:54,6.760,0.079,0,0,0,0,v
2014-10-04 02:00,6.762,0.082,0,0,0,0,v
2014-10-04 02:06,6.772,0.075,0,0,0,0,v
2014-10-04 02:12,6.745,0.088,0,0,0,0,v
2014-10-04 02:18,6.742,0.083,0,0,0,0,v
2014-10-04 02:24,6.725,0.078,0,0,0,0,v
2014-10-04 02:30,6.758,0.089,0,0,0,0,v
2014-10-04 02:36,6.791,0.079,0,0,0,0,v
2014-10-04 02:42,6.793,0.077,0,0,0,0,v
2014-10-04 02:48,6.835,0.094,0,0,0,0,v
2014-10-04 02:54,6.863,0.073,0,0,0,0,v
2014-10-04 03:00,6.861,0.094,0,0,0,0,v
2014-10-04 03:06,6.878,0.067,0,0,0,0,v
2014-10-04 03:12,6.882,0.083,0,0,0,0,v
2014-10-04 03:18,6.878,0.078,0,0,0,0,v
2014-10-04 03:24,6.864,0.089,0,0,0,0,v
2014-10-04 03:30,6.852,0.090,0,0,0,0,v
2014-10-04 03:36,6.829,0.084,0,0,0,0,v
2014-10-04 03:42,6.857,0.084,0,0,0,0,v
2014-10-04 03:48,6.864,0.103,0,0,0,0,v
2014-10-04 03:54,6.877,0.095,0,0,0,0,v
2014-10-04 04:00,6.889,0.085,0,0,0,0,v
2014-10-04 04:06,6.876,0.094,0,0,0,0,v
2014-10-04 04:12,6.916,0.094,0,0,0,0,v
2014-10-04 04:18,6.945,0.094,0,0,0,0,v
2014-10-04 04:24,6.968,0.102,0,0,0,0,v
2014-10-04 04:30,6.980,0.097,0,0,0,0,v
2014-10-04 04:36,6.983,0.084,0,0,0,0,v
2014-10-04 04:42,7.001,0.093,0,0,0,0,v
2014-10-04 04:48,7.012,0.110,0,0,0,0,v
2014-10-04 04:54,6.987,0.082,0,0,0,0,v
2014-10-04 05:00,6.999,0.110,0,0,0,0,v
2014-10-04 05:06,7.001,0.097,0,0,0,0,v
2014-10-04 05:12,6.986,0.099,0,0,0,0,v
2014-10-04 05:18,6.992,0.103,0,0,0,0,v
2014-10-04 05:24,6.991,0.109,0,0,0,0,v
2014-10-04 05:30,6.977,0.099,0,0,0,0,v
2014-10-04 05:36,6.984,0.100,0,0,0,0,v
2014-10-04 05:42,6.990,0.085,0,0,0,0,v
2014-10-04 05:48,6.994,0.099,0,0,0,0,v
2014-10-04 05:54,6.996,0.086,0,0,0,0,v
2014-10-04 06:00,6.985,0.097,0,0,0,0,v
2014-10-04 06:06,6.991,0.087,0,0,0,0,v
2014-10-04 06:12,7.016,0.087,0,0,0,0,v
2014-10-04 06:18,7.023,0.089,0,0,0,0,v
2014-10-04 06:24,7.045,0.081,0,0,0,0,v
2014-10-04 06:30,7.050,0.090,0,0,0,0,v
2014-10-04 06:36,7.021,0.092,0,0,0,0,v
2014-10-04 06:42,7.013,0.091,0,0,0,0,v
2014-10-04 06:48,7.040,0.096,0,0,0,0,v
2014-10-04 06:54,7.044,0.082,0,0,0,0,v
2014-10-04 07:00,6.997,0.090,0,0,0,0,v
2014-10-04 07:06,6.981,0.099,0,0,0,0,v
2014-10-04 07:12,6.954,0.092,0,0,0,0,v
2014-10-04 07:18,6.954,0.095,0,0,0,0,v
2014-10-04 07:24,6.947,0.091,0,0,0,0,v
2014-10-04 07:30,6.949,0.101,0,0,0,0,v
2014-10-04 07:36,6.961,0.091,0,0,0,0,v
2014-10-04 07:42,6.997,0.083,0,0,0,0,v
2014-10-04 07:48,6.995,0.098,0,0,0,0,v
2014-10-04 07:54,7.005,0.099,0,0,0,0,v
2014-10-04 08:00,7.020,0.097,0,0,0,0,v
2014-10-04 08:06,7.023,0.090,0,0,0,0,v
2014-10-04 08:12,7.033,0.113,0,0,0,0,v
2014-10-04 08:18,6.999,0.106,0,0,0,0,v
2014-10-04 08:24,7.007,0.101,0,0,0,0,v
2014-10-04 08:30,6.978,0.095,0,0,0,0,v
2014-10-04 08:36,6.964,0.104,0,0,0,0,v
2014-10-04 08:42,6.937,0.112,0,0,0,0,v
2014-10-04 08:48,6.934,0.100,0,0,0,0,v
2014-10-04 08:54,6.924,0.104,0,0,0,0,v
2014-10-04 09:00,6.929,0.098,0,0,0,0,v
2014-10-04 09:06,6.930,0.109,0,0,0,0,v
2014-10-04 09:12,6.951,0.102,0,0,0,0,v
2014-10-04 09:18,6.949,0.095,0,0,0,0,v
2014-10-04 09:24,6.964,0.115,0,0,0,0,v
2014-10-04 09:30,6.934,0.116,0,0,0,0,v
2014-10-04 09:36,6.955,0.105,0,0,0,0,v
2014-10-04 09:42,6.975,0.096,0,0,0,0,v
2014-10-04 09:48,6.991,0.109,0,0,0,0,v
2014-10-04 09:54,6.982,0.100,0,0,0,0,v
2014-10-04 10:00,6.975,0.103,0,0,0,0,v
2014-10-04 10:06,6.945,0.105,0,0,0,0,v
2014-10-04 10:12,6.938,0.097,0,0,0,0,v
2014-10-04 10:18,6.950,0.100,0,0,0,0,v
2014-10-04 10:24,6.939,0.102,0,0,0,0,v
2014-10-04 10:30,6.962,0.093,0,0,0,0,v
2014-10-04 10:36,6.958,0.111,0,0,0,0,v
2014-10-04 10:42,6.943,0.102,0,0,0,0,v
2014-10-04 10:48,6.925,0.103,0,0,0,0,v
2014-10-04 10:54,6.927,0.119,0,0,0,0,v
2014-10-04 11:00,6.926,0.104,0,0,0,0,v
2014-10-04 11:06,6.934,0.102,0,0,0,0,v
2014-10-04 11:12,6.915,0.113,0,0,0,0,v
2014-10-04 11:18,6.933,0.102,0,0,0,0,v
2014-10-04 11:24,6.925,0.095,0,0,0,0,v
2014-10-04 11:30,6.933,0.111,0,0,0,0,v
2014-10-04 11:36,6.921,0.102,0,0,0,0,v
2014-10-04 11:42,6.932,0.103,0,0,0,0,v
2014-10-04 11:48,6.913,0.118,0,0,0,0,v
2014-10-04 11:54,6.912,0.089,0,0,0,0,v
2014-10-04 12:00,6.904,0.107,0,0,0,0,v
2014-10-04 12:06,6.894,0.126,0,0,0,0,v
2014-10-04 12:12,6.942,0.100,0,0,0,0,v
2014-10-04 12:18,6.924,0.100,0,0,0,0,v
2014-10-04 12:24,6.892,0.110,0,0,0,0,v
2014-10-04 12:30,6.881,0.115,0,0,0,0,v
2014-10-04 12:36,6.899,0.095,0,0,0,0,v
2014-10-04 12:42,6.898,0.111,0,0,0,0,v
2014-10-04 12:48,6.919,0.104,0,0,0,0,v
2014-10-04 12:54,6.915,0.108,0,0,0,0,v
2014-10-04 13:00,6.922,0.112,0,0,0,0,v
2014-10-04 13:06,6.951,0.107,0,0,0,0,v
2014-10-04 13:12,6.920,0.111,0,0,0,0,v
2014-10-04 13:18,6.920,0.119,0,0,0,0,v
2014-10-04 13:24,6.938,0.110,0,0,0,0,v
2014-10-04 13:30,6.922,0.117,0,0,0,0,v
2014-10-04 13:36,6.902,0.113,0,0,0,0,v
2014-10-04 13:42,6.887,0.119,0,0,0,0,v
2014-10-04 13:48,6.906,0.124,0,0,0,0,v
2014-10-04 13:54,6.922,0.110,0,0,0,0,v
2014-10-04 14:00,6.911,0.107,0,0,0,0,v
2014-10-04 14:06,6.944,0.135,0,0,0,0,v
2014-10-04 14:12,6.994,0.114,0,0,0,0,v
2014-10-04 14:18,6.969,0.138,0,0,0,0,v
2014-10-04 14:24,6.968,0.111,0,0,0,0,v
2014-10-04 14:30,6.984,0.131,0,0,0,0,v
2014-10-04 14:36,7.010,0.112,0,0,0,0,v
2014-10-04 14:42,7.004,0.129,0,0,0,0,v
2014-10-04 14:48,6.991,0.127,0,0,0,0,v
2014-10-04 14:54,7.014,0.124,0,0,0,0,v
2014-10-04 15:00,7.033,0.115,0,0,0,0,v
2014-10-04 15:06,6.983,0.137,0,0,0,0,v
2014-10-04 15:12,6.974,0.119,0,0,0,0,v
2014-10-04 15:18,6.988,0.145,0,0,0,0,v
2014-10-04 15:24,6.995,0.131,0,0,0,0,v
2014-10-04 15:30,6.988,0.118,0,0,0,0,v
2014-10-04 15:36,6.985,0.147,0,0,0,0,v
2014-10-04 15:42,6.984,0.156,0,0,0,0,v
2014-10-04 15:48,7.009,0.119,0,0,0,0,v
2014-10-04 15:54,6.972,0.131,0,0,0,0,v
2014-10-04 16:00,6.957,0.127,0,0,0,0,v
2014-10-04 16:06,6.957,0.128,0,0,0,0,v
2014-10-04 16:12,6.954,0.136,0,0,0,0,v
2014-10-04 16:18,6.941,0.131,0,0,0,0,v
2014-10-04 16:24,6.954,0.111,0,0,0,0,v
2014-10-04 16:30,6.968,0.121,0,0,0,0,v
2014-10-04 16:36,6.964,0.125,0,0,0,0,v
2014-10-04 16:42,6.934,0.113,0,0,0,0,v
2014-10-04 16:48,6.915,0.137,0,0,0,0,v
2014-10-04 16:54,6.943,0.112,0,0,0,0,v
2014-10-04 17:00,6.963,0.135,0,0,0,0,v
2014-10-04 17:06,6.952,0.108,0,0,0,0,v
2014-10-04 17:12,6.942,0.122,0,0,0,0,v
2014-10-04 17:18,6.948,0.105,0,0,0,0,v
2014-10-04 17:24,6.942,0.101,0,0,0,0,v
2014-10-04 17:30,6.955,0.114,0,0,0,0,v
2014-10-04 17:36,6.944,0.107,0,0,0,0,v
2014-10-04 17:42,6.929,0.106,0,0,0,0,v
2014-10-04 17:48,6.907,0.109,0,0,0,0,v
2014-10-04 17:54,6.928,0.109,0,0,0,0,v
2014-10-04 18:00,6.931,0.116,0,0,0,0,v
2014-10-04 18:06,6.929,0.109,0,0,0,0,v
2014-10-04 18:12,6.915,0.101,0,0,0,0,v
2014-10-04 18:18,6.914,0.110,0,0,0,0,v
2014-10-04 18:24,6.903,0.095,0,0,0,0,v
2014-10-04 18:30,6.890,0.106,0,0,0,0,v
2014-10-04 18:36,6.871,0.100,0,0,0,0,v
2014-10-04 18:42,6.871,0.107,0,0,0,0,v
2014-10-04 18:48,6.844,0.111,0,0,0,0,v
2014-10-04 18:54,6.842,0.104,0,0,0,0,v
2014-10-04 19:00,6.832,0.111,0,0,0,0,v
2014-10-04 19:06,6.819,0.100,0,0,0,0,v
2014-10-04 19:12,6.815,0.111,0,0,0,0,v
2014-10-04 19:18,6.828,0.095,0,0,0,0,v
2014-10-04 19:24,6.810,0.097,0,0,0,0,v
2014-10-04 19:30,6.795,0.113,0,0,0,0,v
2014-10-04 19:36,6.788,0.095,0,0,0,0,v
2014-10-04 19:42,6.791,0.124,0,0,0,0,v
2014-10-04 19:48,6.780,0.138,0,0,0,0,v
2014-10-04 19:54,6.784,0.096,0,0,0,0,v
2014-10-04 20:00,6.765,0.110,0,0,0,0,v
2014-10-04 20:06,6.753,0.092,0,0,0,0,v
2014-10-04 20:12,6.741,0.097,0,0,0,0,v
2014-10-04 20:18,6.747,0.108,0,0,0,0,v
2014-10-04 20:24,6.716,0.096,0,0,0,0,v
2014-10-04 20:30,6.706,0.117,0,0,0,0,v
2014-10-04 20:36,6.706,0.115,0,0,0,0,v
2014-10-04 20:42,6.716,0.100,0,0,0,0,v
2014-10-04 20:48,6.744,0.088,0,0,0,0,v
2014-10-04 20:54,6.758,0.105,0,0,0,0,v
2014-10-04 21:00,6.743,0.106,0,0,0,0,v
2014-10-04 21:06,6.727,0.104,0,0,0,0,v
2014-10-04 21:12,6.750,0.094,0,0,0,0,v
2014-10-04 21:18,6.774,0.086,0,0,0,0,v
2014-10-04 21:24,6.779,0.080,0,0,0,0,v
2014-10-04 21:30,6.778,0.089,0,0,0,0,v
2014-10-04 21:36,6.782,0.105,0,0,0,0,v
2014-10-04 21:42,6.787,0.097,0,0,0,0,v
2014-10-04 21:48,6.753,0.090,0,0,0,0,v
2014-10-04 21:54,6.758,0.090,0,0,0,0,v
2014-10-04 22:00,6.767,0.066,0,0,0,0,v
2014-10-04 22:06,6.776,0.108,0,0,0,0,v
2014-10-04 22:12,6.758,0.104,0,0,0,0,v
2014-10-04 22:18,6.759,0.086,0,0,0,0,v
2014-10-04 22:24,6.765,0.101,0,0,0,0,v
2014-10-04 22:30,6.747,0.105,0,0,0,0,v
2014-10-04 22:36,6.729,0.086,0,0,0,0,v
2014-10-04 22:42,6.721,0.089,0,0,0,0,v
2014-10-04 22:48,6.728,0.087,0,0,0,0,v
2014-10-04 22:54,6.711,0.111,0,0,0,0,v
2014-10-04 23:00,6.715,0.103,0,0,0,0,v
2014-10-04 23:06,6.710,0.095,0,0,0,0,v
2014-10-04 23:12,6.699,0.088,0,0,0,0,v
2014-10-04 23:18,6.699,0.100,0,0,0,0,v
2014-10-04 23:24,6.690,0.094,0,0,0,0,v
2014-10-04 23:30,6.673,0.107,0,0,0,0,v
2014-10-04 23:36,6.661,0.107,0,0,0,0,v
2014-10-04 23:42,6.675,0.112,0,0,0,0,v
2014-10-04 23:48,6.655,0.000,0,0,0,0,v
2014-10-04 23:54,6.657,0.088,0,0,0,0,v
2014-10-05 00:00,6.651,0.085,0,0,0,0,v
2014-10-05 00:06,6.641,0.089,0,0,0,0,v
2014-10-05 00:12,6.659,0.098,0,0,0,0,v
2014-10-05 00:18,6.675,0.098,0,0,0,0,v
2014-10-05 00:24,6.677,0.099,0,0,0,0,v
2014-10-05 00:30,6.697,0.096,0,0,0,0,v
2014-10-05 00:36,6.710,0.101,0,0,0,0,v
2014-10-05 00:42,6.695,0.090,0,0,0,0,v
2014-10-05 00:48,6.695,0.113,0,0,0,0,v
2014-10-05 00:54,6.705,0.091,0,0,0,0,v
2014-10-05 01:00,6.700,0.100,0,0,0,0,v
2014-10-05 01:06,6.719,0.093,0,0,0,0,v
2014-10-05 01:12,6.723,0.089,0,0,0,0,v
2014-10-05 01:18,6.733,0.095,0,0,0,0,v
2014-10-05 01:24,6.741,0.089,0,0,0,0,v
2014-10-05 01:30,6.738,0.104,0,0,0,0,v
2014-10-05 01:36,6.739,0.083,0,0,0,0,v
2014-10-05 01:42,6.743,0.102,0,0,0,0,v
2014-10-05 01:48,6.762,0.100,0,0,0,0,v
2014-10-05 01:54,6.778,0.107,0,0,0,0,v
2014-10-05 02:00,6.781,0.098,0,0,0,0,v
2014-10-05 02:06,6.795,0.102,0,0,0,0,v
2014-10-05 02:12,6.799,0.115,0,0,0,0,v
2014-10-05 02:18,6.853,0.106,0,0,0,0,v
2014-10-05 02:24,6.848,0.093,0,0,0,0,v
2014-10-05 02:30,6.878,0.093,0,0,0,0,v
2014-10-05 02:36,6.886,0.108,0,0,0,0,v
2014-10-05 02:42,6.910,0.086,0,0,0,0,v
2014-10-05 02:48,6.911,0.091,0,0,0,0,v
2014-10-05 02:54,6.925,0.091,0,0,0,0,v
2014-10-05 03:00,6.932,0.087,0,0,0,0,v
2014-10-05 03:06,6.946,0.083,0,0,0,0,v
2014-10-05 03:12,6.943,0.084,0,0,0,0,v
2014-10-05 03:18,6.927,0.090,0,0,0,0,v
2014-10-05 03:24,6.946,0.107,0,0,0,0,v
2014-10-05 03:30,6.953,0.100,0,0,0,0,v
2014-10-05 03:36,6.982,0.098,0,0,0,0,v
2014-10-05 03:42,6.974,0.100,0,0,0,0,v
2014-10-05 03:48,6.972,0.085,0,0,0,0,v
2014-10-05 03:54,6.974,0.083,0,0,0,0,v
2014-10-05 04:00,6.985,0.103,0,0,0,0,v
2014-10-05 04:06,6.998,0.097,0,0,0,0,v
2014-10-05 04:12,7.001,0.090,0,0,0,0,v
2014-10-05 04:18,7.002,0.083,0,0,0,0,v
2014-10-05 04:24,7.013,0.098,0,0,0,0,v
2014-10-05 04:30,7.028,0.105,0,0,0,0,v
2014-10-05 04:36,7.029,0.086,0,0,0,0,v
2014-10-05 04:42,7.022,0.071,0,0,0,0,v
2014-10-05 04:48,7.035,0.094,0,0,0,0,v
2014-10-05 04:54,7.024,0.077,0,0,0,0,v
2014-10-05 05:00,7.032,0.088,0,0,0,0,v
2014-10-05 05:06,7.040,0.096,0,0,0,0,v
2014-10-05 05:12,7.039,0.104,0,0,0,0,v
2014-10-05 05:18,7.048,0.100,0,0,0,0,v
2014-10-05 05:24,7.067,0.088,0,0,0,0,v
2014-10-05 05:30,7.078,0.109,0,0,0,0,v
2014-10-05 05:36,7.079,0.080,0,0,0,0,v
2014-10-05 05:42,7.097,0.094,0,0,0,0,v
2014-10-05 05:48,7.089,0.089,0,0,0,0,v
2014-10-05 05:54,7.077,0.087,0,0,0,0,v
2014-10-05 06:00,7.085,0.122,0,0,0,0,v
2014-10-05 06:06,7.106,0.082,0,0,0,0,v
2014-10-05 06:12,7.095,0.097,0,0,0,0,v
2014-10-05 06:18,7.112,0.079,0,0,0,0,v
2014-10-05 06:24,7.104,0.091,0,0,0,0,v
2014-10-05 06:30,7.109,0.080,0,0,0,0,v
2014-10-05 06:36,7.101,0.077,0,0,0,0,v
2014-10-05 06:42,7.095,0.098,0,0,0,0,v
2014-10-05 06:48,7.102,0.091,0,0,0,0,v
2014-10-05 06:54,7.104,0.093,0,0,0,0,v
2014-10-05 07:00,7.093,0.096,0,0,0,0,v
2014-10-05 07:06,7.087,0.080,0,0,0,0,v
2014-10-05 07:12,7.092,0.101,0,0,0,0,v
2014-10-05 07:18,7.112,0.095,0,0,0,0,v
2014-10-05 07:24,7.111,0.090,0,0,0,0,v
2014-10-05 07:30,7.112,0.081,0,0,0,0,v
2014-10-05 07:36,7.095,0.080,0,0,0,0,v
2014-10-05 07:42,7.086,0.094,0,0,0,0,v
2014-10-05 07:48,7.096,0.093,0,0,0,0,v
2014-10-05 07:54,7.076,0.085,0,0,0,0,v
2014-10-05 08:00,7.083,0.088,0,0,0,0,v
2014-10-05 08:06,7.077,0.076,0,0,0,0,v
2014-10-05 08:12,7.085,0.088,0,0,0,0,v
2014-10-05 08:18,7.081,0.088,0,0,0,0,v
2014-10-05 08:24,7.084,0.080,0,0,0,0,v
2014-10-05 08:30,7.081,0.089,0,0,0,0,v
2014-10-05 08:36,7.075,0.081,0,0,0,0,v
2014-10-05 08:42,7.072,0.069,0,0,0,0,v
2014-10-05 08:48,7.057,0.087,0,0,0,0,v
2014-10-05 08:54,7.045,0.094,0,0,0,0,v
2014-10-05 09:00,7.047,0.085,0,0,0,0,v
2014-10-05 09:06,7.039,0.073,0,0,0,0,v
2014-10-05 09:12,7.046,0.099,0,0,0,0,v
2014-10-05 09:18,7.055,0.087,0,0,0,0,v
2014-10-05 09:24,7.057,0.089,0,0,0,0,v
2014-10-05 09:30,7.032,0.080,0,0,0,0,v
2014-10-05 09:36,7.031,0.089,0,0,0,0,v
2014-10-05 09:42,7.019,0.082,0,0,0,0,v
2014-10-05 09:48,7.021,0.088,0,0,0,0,v
2014-10-05 09:54,7.030,0.082,0,0,0,0,v
2014-10-05 10:00,7.023,0.073,0,0,0,0,v
2014-10-05 10:06,7.019,0.080,0,0,0,0,v
2014-10-05 10:12,7.013,0.081,0,0,0,0,v
2014-10-05 10:18,7.018,0.075,0,0,0,0,v
2014-10-05 10:24,7.016,0.077,0,0,0,0,v
2014-10-05 10:30,7.017,0.076,0,0,0,0,v
2014-10-05 10:36,7.011,0.086,0,0,0,0,v
2014-10-05 10:42,7.007,0.080,0,0,0,0,v
2014-10-05 10:48,7.009,0.082,0,0,0,0,v
2014-10-05 10:54,6.997,0.071,0,0,0,0,v
2014-10-05 11:00,6.997,0.071,0,0,0,0,v
2014-10-05 11:06,7.006,0.084,0,0,0,0,v
2014-10-05 11:12,7.012,0.088,0,0,0,0,v
2014-10-05 11:18,6.996,0.080,0,0,0,0,v
2014-10-05 11:24,6.989,0.084,0,0,0,0,v
2014-10-05 11:30,6.965,0.081,0,0,0,0,v
2014-10-05 11:36,6.963,0.069,0,0,0,0,v
2014-10-05 11:42,6.956,0.086,0,0,0,0,v
2014-10-05 11:48,6.952,0.086,0,0,0,0,v
2014-10-05 11:54,6.964,0.075,0,0,0,0,v
2014-10-05 12:00,6.964,0.074,0,0,0,0,v
2014-10-05 12:06,6.954,0.074,0,0,0,0,v
2014-10-05 12:12,6.943,0.073,0,0,0,0,v
2014-10-05 12:18,6.957,0.078,0,0,0,0,v
2014-10-05 12:24,6.965,0.072,0,0,0,0,v
2014-10-05 12:30,6.972,0.082,0,0,0,0,v
2014-10-05 12:36,6.951,0.070,0,0,0,0,v
2014-10-05 12:42,6.949,0.088,0,0,0,0,v
2014-10-05 12:48,6.963,0.078,0,0,0,0,v
2014-10-05 12:54,6.939,0.073,0,0,0,0,v
2014-10-05 13:00,6.934,0.074,0,0,0,0,v
2014-10-05 13:06,6.927,0.095,0,0,0,0,v
2014-10-05 13:12,6.927,0.086,0,0,0,0,v
2014-10-05 13:18,6.930,0.078,0,0,0,0,v
2014-10-05 13:24,6.942,0.076,0,0,0,0,v
2014-10-05 13:30,6.948,0.077,0,0,0,0,v
2014-10-05 13:36,6.957,0.081,0,0,0,0,v
2014-10-05 13:42,6.956,0.068,0,0,0,0,v
2014-10-05 13:48,6.948,0.078,0,0,0,0,v
2014-10-05 13:54,6.953,0.083,0,0,0,0,v
2014-10-05 14:00,6.950,0.073,0,0,0,0,v
2014-10-05 14:06,6.956,0.077,0,0,0,0,v
2014-10-05 14:12,6.948,0.081,0,0,0,0,v
2014-10-05 14:18,6.968,0.081,0,0,0,0,v
2014-10-05 14:24,6.955,0.080,0,0,0,0,v
2014-10-05 14:30,6.940,0.071,0,0,0,0,v
2014-10-05 14:36,6.955,0.071,0,0,0,0,v
2014-10-05 14:42,6.956,0.067,0,0,0,0,v
2014-10-05 14:48,6.972,0.076,0,0,0,0,v
2014-10-05 14:54,6.966,0.074,0,0,0,0,v
2014-10-05 15:00,6.980,0.074,0,0,0,0,v
2014-10-05 15:06,6.964,0.074,0,0,0,0,v
2014-10-05 15:12,6.988,0.082,0,0,0,0,v
2014-10-05 15:18,7.000,0.084,0,0,0,0,v
2014-10-05 15:24,7.022,0.076,0,0,0,0,v
2014-10-05 15:30,7.025,0.073,0,0,0,0,v
2014-10-05 15:36,7.014,0.067,0,0,0,0,v
2014-10-05 15:42,7.023,0.070,0,0,0,0,v
2014-10-05 15:48,7.033,0.078,0,0,0,0,v
2014-10-05 15:54,7.029,0.077,0,0,0,0,v
2014-10-05 16:00,7.036,0.066,0,0,0,0,v
2014-10-05 16:06,7.027,0.088,0,0,0,0,v
2014-10-05 16:12,7.029,0.069,0,0,0,0,v
2014-10-05 16:18,7.019,0.076,0,0,0,0,v
2014-10-05 16:24,7.020,0.083,0,0,0,0,v
2014-10-05 16:30,7.021,0.071,0,0,0,0,v
2014-10-05 16:36,7.010,0.075,0,0,0,0,v
2014-10-05 16:42,7.008,0.082,0,0,0,0,v
2014-10-05 16:48,7.018,0.068,0,0,0,0,v
2014-10-05 16:54,7.025,0.071,0,0,0,0,v
2014-10-05 17:00,7.002,0.070,0,0,0,0,v
2014-10-05 17:06,7.012,0.081,0,0,0,0,v
2014-10-05 17:12,7.004,0.069,0,0,0,0,v
2014-10-05 17:18,7.003,0.082,0,0,0,0,v
2014-10-05 17:24,6.997,0.073,0,0,0,0,v
2014-10-05 17:30,7.005,0.077,0,0,0,0,v
2014-10-05 17:36,7.001,0.057,0,0,0,0,v
2014-10-05 17:42,6.989,0.069,0,0,0,0,v
2014-10-05 17:48,6.980,0.073,0,0,0,0,v
2014-10-05 17:54,6.981,0.081,0,0,0,0,v
2014-10-05 18:00,6.986,0.076,0,0,0,0,v
2014-10-05 18:06,6.984,0.064,0,0,0,0,v
2014-10-05 18:12,6.998,0.068,0,0,0,0,v
2014-10-05 18:18,6.988,0.071,0,0,0,0,v
2014-10-05 18:24,6.992,0.071,0,0,0,0,v
2014-10-05 18:30,6.986,0.074,0,0,0,0,v
2014-10-05 18:36,6.980,0.073,0,0,0,0,v
2014-10-05 18:42,6.983,0.061,0,0,0,0,v
2014-10-05 18:48,6.983,0.075,0,0,0,0,v
2014-10-05 18:54,6.966,0.075,0,0,0,0,v
2014-10-05 19:00,6.960,0.066,0,0,0,0,v
2014-10-05 19:06,6.951,0.074,0,0,0,0,v
2014-10-05 19:12,6.958,0.073,0,0,0,0,v
2014-10-05 19:18,6.937,0.062,0,0,0,0,v
2014-10-05 19:24,6.935,0.068,0,0,0,0,v
2014-10-05 19:30,6.938,0.072,0,0,0,0,v
2014-10-05 19:36,6.928,0.076,0,0,0,0,v
2014-10-05 19:42,6.938,0.072,0,0,0,0,v
2014-10-05 19:48,6.916,0.079,0,0,0,0,v
2014-10-05 19:54,6.920,0.073,0,0,0,0,v
2014-10-05 20:00,6.914,0.077,0,0,0,0,v
2014-10-05 20:06,6.902,0.072,0,0,0,0,v
2014-10-05 20:12,6.903,0.077,0,0,0,0,v
2014-10-05 20:18,6.910,0.050,0,0,0,0,v
2014-10-05 20:24,6.902,0.080,0,0,0,0,v
2014-10-05 20:30,6.878,0.080,0,0,0,0,v
2014-10-05 20:36,6.857,0.059,0,0,0,0,v
2014-10-05 20:42,6.835,0.070,0,0,0,0,v
2014-10-05 20:48,6.829,0.063,0,0,0,0,v
2014-10-05 20:54,6.831,0.073,0,0,0,0,v
2014-10-05 21:00,6.827,0.082,0,0,0,0,v
2014-10-05 21:06,6.832,0.077,0,0,0,0,v
2014-10-05 21:12,6.833,0.065,0,0,0,0,v
2014-10-05 21:18,6.823,0.070,0,0,0,0,v
2014-10-05 21:24,6.839,0.072,0,0,0,0,v
2014-10-05 21:30,6.833,0.078,0,0,0,0,v
2014-10-05 21:36,6.834,0.082,0,0,0,0,v
2014-10-05 21:42,6.824,0.072,0,0,0,0,v
2014-10-05 21:48,6.824,0.080,0,0,0,0,v
2014-10-05 21:54,6.809,0.069,0,0,0,0,v
2014-10-05 22:00,6.794,0.079,0,0,0,0,v
2014-10-05 22:06,6.793,0.074,0,0,0,0,v
2014-10-05 22:12,6.806,0.076,0,0,0,0,v
2014-10-05 22:18,6.807,0.080,0,0,0,0,v
2014-10-05 22:24,6.799,0.080,0,0,0,0,v
2014-10-05 22:30,6.798,0.082,0,0,0,0,v
2014-10-05 22:36,6.792,0.075,0,0,0,0,v
2014-10-05 22:42,6.798,0.081,0,0,0,0,v
2014-10-05 22:48,6.787,0.076,0,0,0,0,v
2014-10-05 22:54,6.789,0.079,0,0,0,0,v
2014-10-05 23:00,6.786,0.074,0,0,0,0,v
2014-10-05 23:06,6.772,0.089,0,0,0,0,v
2014-10-05 23:12,6.786,0.096,0,0,0,0,v
2014-10-05 23:18,6.770,0.088,0,0,0,0,v
2014-10-05 23:24,6.746,0.090,0,0,0,0,v
2014-10-05 23:30,6.740,0.083,0,0,0,0,v
2014-10-05 23:36,6.739,0.076,0,0,0,0,v
2014-10-05 23:42,6.725,0.085,0,0,0,0,v
2014-10-05 23:48,6.731,0.087,0,0,0,0,v
2014-10-05 23:54,6.724,0.086,0,0,0,0,v
2014-10-06 00:00,6.730,0.080,0,0,0,0,v
2014-10-06 00:06,6.727,0.074,0,0,0,0,v
2014-10-06 00:12,6.730,0.087,0,0,0,0,v
2014-10-06 00:18,6.727,0.093,0,0,0,0,v
2014-10-06 00:24,6.714,0.085,0,0,0,0,v
2014-10-06 00:30,6.707,0.090,0,0,0,0,v
2014-10-06 00:36,6.683,0.098,0,0,0,0,v
2014-10-06 00:42,6.685,0.091,0,0,0,0,v
2014-10-06 00:48,6.688,0.090,0,0,0,0,v
2014-10-06 00:54,6.689,0.098,0,0,0,0,v
2014-10-06 01:00,6.692,0.094,0,0,0,0,v
2014-10-06 01:06,6.705,0.099,0,0,0,0,v
2014-10-06 01:12,6.702,0.106,0,0,0,0,v
2014-10-06 01:18,6.716,0.091,0,0,0,0,v
2014-10-06 01:24,6.710,0.110,0,0,0,0,v
2014-10-06 01:30,6.735,0.084,0,0,0,0,v
2014-10-06 01:36,6.724,0.099,0,0,0,0,v
2014-10-06 01:42,6.727,0.104,0,0,0,0,v
2014-10-06 01:48,6.731,0.099,0,0,0,0,v
2014-10-06 01:54,6.732,0.084,0,0,0,0,v
2014-10-06 02:00,6.718,0.093,0,0,0,0,v
2014-10-06 02:06,6.729,0.094,0,0,0,0,v
2014-10-06 02:12,6.738,0.090,0,0,0,0,v
2014-10-06 02:18,6.764,0.089,0,0,0,0,v
2014-10-06 02:24,6.764,0.098,0,0,0,0,v
2014-10-06 02:30,6.782,0.102,0,0,0,0,v
2014-10-06 02:36,6.804,0.091,0,0,0,0,v
2014-10-06 02:42,6.801,0.090,0,0,0,0,v
2014-10-06 02:48,6.815,0.102,0,0,0,0,v
2014-10-06 02:54,6.821,0.100,0,0,0,0,v
2014-10-06 03:00,6.806,0.096,0,0,0,0,v
2014-10-06 03:06,6.838,0.082,0,0,0,0,v
2014-10-06 03:12,6.827,0.096,0,0,0,0,v
2014-10-06 03:18,6.835,0.104,0,0,0,0,v
2014-10-06 03:24,6.827,0.107,0,0,0,0,v
2014-10-06 03:30,6.835,0.111,0,0,0,0,v
2014-10-06 03:36,6.840,0.109,0,0,0,0,v
2014-10-06 03:42,6.865,0.110,0,0,0,0,v
2014-10-06 03:48,6.873,0.100,0,0,0,0,v
2014-10-06 03:54,6.877,0.091,0,0,0,0,v
2014-10-06 04:00,6.885,0.126,0,0,0,0,v
2014-10-06 04:06,6.896,0.114,0,0,0,0,v
2014-10-06 04:12,6.904,0.093,0,0,0,0,v
2014-10-06 04:18,6.911,0.105,0,0,0,0,v
2014-10-06 04:24,6.915,0.102,0,0,0,0,v
2014-10-06 04:30,6.915,0.111,0,0,0,0,v
2014-10-06 04:36,6.924,0.108,0,0,0,0,v
2014-10-06 04:42,6.926,0.117,0,0,0,0,v
2014-10-06 04:48,6.935,0.120,0,0,0,0,v
2014-10-06 04:54,6.958,0.108,0,0,0,0,v
2014-10-06 05:00,6.972,0.108,0,0,0,0,v
2014-10-06 05:06,6.988,0.123,0,0,0,0,v
2014-10-06 05:12,7.000,0.125,0,0,0,0,v
2014-10-06 05:18,7.010,0.122,0,0,0,0,v
2014-10-06 05:24,7.013,0.112,0,0,0,0,v
2014-10-06 05:30,7.023,0.100,0,0,0,0,v
2014-10-06 05:36,7.024,0.101,0,0,0,0,v
2014-10-06 05:42,7.018,0.113,0,0,0,0,v
2014-10-06 05:48,7.010,0.123,0,0,0,0,v
2014-10-06 05:54,7.009,0.113,0,0,0,0,v
2014-10-06 06:00,7.021,0.131,0,0,0,0,v
2014-10-06 06:06,7.026,0.122,0,0,0,0,v
2014-10-06 06:12,7.025,0.122,0,0,0,0,v
2014-10-06 06:18,7.035,0.119,0,0,0,0,v
2014-10-06 06:24,7.043,0.123,0,0,0,0,v
2014-10-06 06:30,7.072,0.117,0,0,0,0,v
2014-10-06 06:36,7.078,0.130,0,0,0,0,v
2014-10-06 06:42,7.066,0.122,0,0,0,0,v
2014-10-06 06:48,7.062,0.113,0,0,0,0,v
2014-10-06 06:54,7.060,0.127,0,0,0,0,v
2014-10-06 07:00,7.059,0.130,0,0,0,0,v
2014-10-06 07:06,7.056,0.156,0,0,0,0,v
2014-10-06 07:12,7.054,0.114,0,0,0,0,v
2014-10-06 07:18,7.061,0.118,0,0,0,0,v
2014-10-06 07:24,7.063,0.125,0,0,0,0,v
2014-10-06 07:30,7.047,0.128,0,0,0,0,v
2014-10-06 07:36,7.070,0.112,0,0,0,0,v
2014-10-06 07:42,7.072,0.122,0,0,0,0,v
2014-10-06 07:48,7.086,0.104,0,0,0,0,v
2014-10-06 07:54,7.094,0.109,0,0,0,0,v
2014-10-06 08:00,7.082,0.100,0,0,0,0,v
2014-10-06 08:06,7.063,0.125,0,0,0,0,v
2014-10-06 08:12,7.065,0.121,0,0,0,0,v
2014-10-06 08:18,7.058,0.128,0,0,0,0,v
2014-10-06 08:24,7.038,0.115,0,0,0,0,v
2014-10-06 08:30,7.043,0.107,0,0,0,0,v
2014-10-06 08:36,7.032,0.122,0,0,0,0,v
2014-10-06 08:42,7.033,0.112,0,0,0,0,v
2014-10-06 08:48,7.020,0.132,0,0,0,0,v
2014-10-06 08:54,7.031,0.112,0,0,0,0,v
2014-10-06 09:00,7.024,0.119,0,0,0,0,v
2014-10-06 09:06,7.028,0.118,0,0,0,0,v
2014-10-06 09:12,7.015,0.100,0,0,0,0,v
2014-10-06 09:18,7.017,0.117,0,0,0,0,v
2014-10-06 09:24,7.006,0.129,0,0,0,0,v
2014-10-06 09:30,7.001,0.143,0,0,0,0,v
2014-10-06 09:36,6.998,0.108,0,0,0,0,v
2014-10-06 09:42,6.984,0.114,0,0,0,0,v
2014-10-06 09:48,6.974,0.117,0,0,0,0,v
2014-10-06 09:54,6.977,0.128,0,0,0,0,v
2014-10-06 10:00,6.972,0.112,0,0,0,0,v
2014-10-06 10:06,6.954,0.130,0,0,0,0,v
2014-10-06 10:12,6.968,0.123,0,0,0,0,v
2014-10-06 10:18,6.939,0.129,0,0,0,0,v
2014-10-06 10:24,6.941,0.115,0,0,0,0,v
2014-10-06 10:30,6.939,0.097,0,0,0,0,v
2014-10-06 10:36,6.937,0.101,0,0,0,0,v
2014-10-06 10:42,6.928,0.120,0,0,0,0,v
2014-10-06 10:48,6.922,0.110,0,0,0,0,v
2014-10-06 10:54,6.911,0.109,0,0,0,0,v
2014-10-06 11:00,6.912,0.092,0,0,0,0,v
2014-10-06 11:06,6.903,0.119,0,0,0,0,v
2014-10-06 11:12,6.895,0.121,0,0,0,0,v
2014-10-06 11:18,6.895,0.111,0,0,0,0,v
2014-10-06 11:24,6.893,0.127,0,0,0,0,v
2014-10-06 11:30,6.878,0.099,0,0,0,0,v
2014-10-06 11:36,6.889,0.099,0,0,0,0,v
2014-10-06 11:42,6.900,0.111,0,0,0,0,v
2014-10-06 11:48,6.909,0.114,0,0,0,0,v
2014-10-06 11:54,6.891,0.100,0,0,0,0,v
2014-10-06 12:00,6.897,0.096,0,0,0,0,v
2014-10-06 12:06,6.883,0.128,0,0,0,0,v
2014-10-06 12:12,6.870,0.124,0,0,0,0,v
2014-10-06 12:18,6.879,0.108,0,0,0,0,v
2014-10-06 12:24,6.879,0.111,0,0,0,0,v
2014-10-06 12:30,6.879,0.116,0,0,0,0,v
2014-10-06 12:36,6.873,0.105,0,0,0,0,v
2014-10-06 12:42,6.887,0.108,0,0,0,0,v
2014-10-06 12:48,6.903,0.112,0,0,0,0,v
2014-10-06 12:54,6.906,0.122,0,0,0,0,v
2014-10-06 13:00,6.911,0.110,0,0,0,0,v
2014-10-06 13:06,6.904,0.104,0,0,0,0,v
2014-10-06 13:12,6.926,0.112,0,0,0,0,v
2014-10-06 13:18,6.914,0.102,0,0,0,0,v
2014-10-06 13:24,6.930,0.093,0,0,0,0,v
2014-10-06 13:30,6.922,0.108,0,0,0,0,v
2014-10-06 13:36,6.912,0.107,0,0,0,0,v
2014-10-06 13:42,6.905,0.099,0,0,0,0,v
2014-10-06 13:48,6.910,0.104,0,0,0,0,v
2014-10-06 13:54,6.890,0.106,0,0,0,0,v
2014-10-06 14:00,6.901,0.116,0,0,0,0,v
2014-10-06 14:06,6.921,0.106,0,0,0,0,v
2014-10-06 14:12,6.915,0.098,0,0,0,0,v
2014-10-06 14:18,6.915,0.086,0,0,0,0,v
2014-10-06 14:24,6.919,0.100,0,0,0,0,v
2014-10-06 14:30,6.908,0.103,0,0,0,0,v
2014-10-06 14:36,6.909,0.099,0,0,0,0,v
2014-10-06 14:42,6.930,0.110,0,0,0,0,v
2014-10-06 14:48,6.934,0.120,0,0,0,0,v
2014-10-06 14:54,6.939,0.109,0,0,0,0,v
2014-10-06 15:00,6.948,0.102,0,0,0,0,v
2014-10-06 15:06,6.958,0.102,0,0,0,0,v
2014-10-06 15:12,6.978,0.094,0,0,0,0,v
2014-10-06 15:18,6.955,0.111,0,0,0,0,v
2014-10-06 15:24,6.965,0.089,0,0,0,0,v
2014-10-06 15:30,6.967,0.112,0,0,0,0,v
2014-10-06 15:36,6.962,0.107,0,0,0,0,v
2014-10-06 15:42,6.951,0.121,0,0,0,0,v
2014-10-06 15:48,6.981,0.112,0,0,0,0,v
2014-10-06 15:54,6.973,0.104,0,0,0,0,v
2014-10-06 16:00,6.960,0.106,0,0,0,0,v
2014-10-06 16:06,6.984,0.092,0,0,0,0,v
2014-10-06 16:12,6.973,0.109,0,0,0,0,v
2014-10-06 16:18,6.990,0.099,0,0,0,0,v
2014-10-06 16:24,7.014,0.103,0,0,0,0,v
2014-10-06 16:30,7.015,0.123,0,0,0,0,v
2014-10-06 16:36,7.016,0.100,0,0,0,0,v
2014-10-06 16:42,7.012,0.095,0,0,0,0,v
2014-10-06 16:48,7.028,0.094,0,0,0,0,v
2014-10-06 16:54,7.055,0.106,0,0,0,0,v
2014-10-06 17:00,7.041,0.103,0,0,0,0,v
2014-10-06 17:06,7.047,0.094,0,0,0,0,v
2014-10-06 17:12,7.041,0.099,0,0,0,0,v
2014-10-06 17:18,7.063,0.102,0,0,0,0,v
2014-10-06 17:24,7.072,0.104,0,0,0,0,v
2014-10-06 17:30,7.073,0.109,0,0,0,0,v
2014-10-06 17:36,7.062,0.106,0,0,0,0,v
2014-10-06 17:42,7.082,0.103,0,0,0,0,v
2014-10-06 17:48,7.053,0.095,0,0,0,0,v
2014-10-06 17:54,7.065,0.089,0,0,0,0,v
2014-10-06 18:00,7.068,0.095,0,0,0,0,v
2014-10-06 18:06,7.073,0.101,0,0,0,0,v
2014-10-06 18:12,7.079,0.100,0,0,0,0,v
2014-10-06 18:18,7.102,0.107,0,0,0,0,v
2014-10-06 18:24,7.084,0.104,0,0,0,0,v
2014-10-06 18:30,7.075,0.096,0,0,0,0,v
2014-10-06 18:36,7.073,0.098,0,0,0,0,v
2014-10-06 18:42,7.086,0.104,0,0,0,0,v
2014-10-06 18:48,7.085,0.080,0,0,0,0,v
2014-10-06 18:54,7.065,0.097,0,0,0,0,v
2014-10-06 19:00,7.042,0.094,0,0,0,0,v
2014-10-06 19:06,7.046,0.107,0,0,0,0,v
2014-10-06 19:12,7.061,0.104,0,0,0,0,v
2014-10-06 19:18,7.036,0.105,0,0,0,0,v
2014-10-06 19:24,7.032,0.097,0,0,0,0,v
2014-10-06 19:30,7.045,0.097,0,0,0,0,v
2014-10-06 19:36,7.031,0.096,0,0,0,0,v
2014-10-06 19:42,7.021,0.094,0,0,0,0,v
2014-10-06 19:48,7.047,0.111,0,0,0,0,v
2014-10-06 19:54,7.044,0.111,0,0,0,0,v
2014-10-06 20:00,7.052,0.103,0,0,0,0,v
2014-10-06 20:06,7.046,0.088,0,0,0,0,v
2014-10-06 20:12,7.057,0.121,0,0,0,0,v
2014-10-06 20:18,7.070,0.095,0,0,0,0,v
2014-10-06 20:24,7.063,0.097,0,0,0,0,v
2014-10-06 20:30,7.071,0.093,0,0,0,0,v
2014-10-06 20:36,7.054,0.096,0,0,0,0,v
2014-10-06 20:42,7.025,0.100,0,0,0,0,v
2014-10-06 20:48,7.009,0.084,0,0,0,0,v
2014-10-06 20:54,6.997,0.103,0,0,0,0,v
2014-10-06 21:00,7.005,0.102,0,0,0,0,v
2014-10-06 21:06,7.009,0.103,0,0,0,0,v
2014-10-06 21:12,6.983,0.089,0,0,0,0,v
2014-10-06 21:18,6.998,0.102,0,0,0,0,v
2014-10-06 21:24,6.997,0.104,0,0,0,0,v
2014-10-06 21:30,7.006,0.109,0,0,0,0,v
2014-10-06 21:36,7.014,0.106,0,0,0,0,v
2014-10-06 21:42,6.960,0.085,0,0,0,0,v
2014-10-06 21:48,6.976,0.120,0,0,0,0,v
2014-10-06 21:54,6.994,0.106,0,0,0,0,v
2014-10-06 22:00,6.992,0.105,0,0,0,0,v
2014-10-06 22:06,6.945,0.085,0,0,0,0,v
2014-10-06 22:12,6.968,0.088,0,0,0,0,v
2014-10-06 22:18,6.961,0.104,0,0,0,0,v
2014-10-06 22:24,6.951,0.101,0,0,0,0,v
2014-10-06 22:30,6.964,0.113,0,0,0,0,v
2014-10-06 22:36,7.022,0.090,0,0,0,0,v
2014-10-06 22:42,7.003,0.108,0,0,0,0,v
2014-10-06 22:48,6.982,0.103,0,0,0,0,v
2014-10-06 22:54,6.970,0.097,0,0,0,0,v
2014-10-06 23:00,6.924,0.101,0,0,0,0,v
2014-10-06 23:06,6.928,0.092,0,0,0,0,v
2014-10-06 23:12,6.945,0.108,0,0,0,0,v
2014-10-06 23:18,6.944,0.101,0,0,0,0,v
2014-10-06 23:24,6.896,0.084,0,0,0,0,v
2014-10-06 23:30,6.894,0.100,0,0,0,0,v
2014-10-06 23:36,6.889,0.104,0,0,0,0,v
2014-10-06 23:42,6.823,0.105,0,0,0,0,v
2014-10-06 23:48,6.812,0.113,0,0,0,0,v
2014-10-06 23:54,6.745,0.097,0,0,0,0,v
2014-10-07 00:00,6.722,0.102,0,0,0,0,v
2014-10-07 00:06,6.722,0.106,0,0,0,0,v
2014-10-07 00:12,6.708,0.110,0,0,0,0,v
2014-10-07 00:18,6.745,0.101,0,0,0,0,v
2014-10-07 00:24,6.753,0.109,0,0,0,0,v
2014-10-07 00:30,6.803,0.118,0,0,0,0,v
2014-10-07 00:36,6.834,0.091,0,0,0,0,v
2014-10-07 00:42,6.884,0.104,0,0,0,0,v
2014-10-07 00:48,6.959,0.101,0,0,0,0,v
2014-10-07 00:54,6.887,0.110,0,0,0,0,v
2014-10-07 01:00,6.907,0.094,0,0,0,0,v
2014-10-07 01:06,6.916,0.090,0,0,0,0,v
2014-10-07 01:12,6.839,0.110,0,0,0,0,v
2014-10-07 01:18,6.783,0.109,0,0,0,0,v
2014-10-07 01:24,6.714,0.102,0,0,0,0,v
2014-10-07 01:30,6.690,0.096,0,0,0,0,v
2014-10-07 01:36,6.679,0.091,0,0,0,0,v
2014-10-07 01:42,6.713,0.111,0,0,0,0,v
2014-10-07 01:48,6.723,0.117,0,0,0,0,v
2014-10-07 01:54,6.756,0.090,0,0,0,0,v
2014-10-07 02:00,6.763,0.091,0,0,0,0,v
2014-10-07 02:06,6.737,0.107,0,0,0,0,v
2014-10-07 02:12,6.771,0.097,0,0,0,0,v
2014-10-07 02:18,6.767,0.112,0,0,0,0,v
2014-10-07 02:24,6.811,0.083,0,0,0,0,v
2014-10-07 02:30,6.771,0.092,0,0,0,0,v
2014-10-07 02:36,6.840,0.085,0,0,0,0,v
2014-10-07 02:42,6.825,0.125,0,0,0,0,v
2014-10-07 02:48,6.841,0.086,0,0,0,0,v
2014-10-07 02:54,6.834,0.100,0,0,0,0,v
2014-10-07 03:00,6.811,0.088,0,0,0,0,v
2014-10-07 03:06,6.782,0.098,0,0,0,0,v
2014-10-07 03:12,6.775,0.100,0,0,0,0,v
2014-10-07 03:18,6.806,0.124,0,0,0,0,v
2014-10-07 03:24,6.861,0.110,0,0,0,0,v
2014-10-07 03:30,6.863,0.107,0,0,0,0,v
2014-10-07 03:36,6.906,0.112,0,0,0,0,v
2014-10-07 03:42,6.896,0.082,0,0,0,0,v
2014-10-07 03:48,6.894,0.089,0,0,0,0,v
2014-10-07 03:54,6.898,0.101,0,0,0,0,v
2014-10-07 04:00,6.907,0.094,0,0,0,0,v
2014-10-07 04:06,6.904,0.104,0,0,0,0,v
2014-10-07 04:12,6.937,0.083,0,0,0,0,v
2014-10-07 04:18,6.942,0.098,0,0,0,0,v
2014-10-07 04:24,6.944,0.107,0,0,0,0,v
2014-10-07 04:30,6.979,0.106,0,0,0,0,v
2014-10-07 04:36,6.964,0.096,0,0,0,0,v
2014-10-07 04:42,6.941,0.104,0,0,0,0,v
2014-10-07 04:48,6.949,0.098,0,0,0,0,v
2014-10-07 04:54,6.939,0.106,0,0,0,0,v
2014-10-07 05:00,6.928,0.093,0,0,0,0,v
2014-10-07 05:06,6.922,0.093,0,0,0,0,v
2014-10-07 05:12,6.922,0.096,0,0,0,0,v
2014-10-07 05:18,6.914,0.078,0,0,0,0,v
2014-10-07 05:24,6.930,0.101,0,0,0,0,v
2014-10-07 05:30,6.975,0.102,0,0,0,0,v
2014-10-07 05:36,6.976,0.096,0,0,0,0,v
2014-10-07 05:42,6.981,0.095,0,0,0,0,v
2014-10-07 05:48,6.961,0.103,0,0,0,0,v
2014-10-07 05:54,6.969,0.099,0,0,0,0,v
2014-10-07 06:00,6.974,0.108,0,0,0,0,v
2014-10-07 06:06,6.982,0.110,0,0,0,0,v
2014-10-07 06:12,6.980,0.116,0,0,0,0,v
2014-10-07 06:18,7.012,0.089,0,0,0,0,v
2014-10-07 06:24,6.989,0.108,0,0,0,0,v
2014-10-07 06:30,6.962,0.114,0,0,0,0,v
2014-10-07 06:36,6.973,0.106,0,0,0,0,v
2014-10-07 06:42,6.965,0.103,0,0,0,0,v
2014-10-07 06:48,6.946,0.098,0,0,0,0,v
2014-10-07 06:54,6.922,0.106,0,0,0,0,v
2014-10-07 07:00,6.922,0.099,0,0,0,0,v
2014-10-07 07:06,6.958,0.093,0,0,0,0,v
2014-10-07 07:12,6.997,0.087,0,0,0,0,v
2014-10-07 07:18,6.995,0.103,0,0,0,0,v
2014-10-07 07:24,6.995,0.090,0,0,0,0,v
2014-10-07 07:30,7.011,0.110,0,0,0,0,v
2014-10-07 07:36,7.025,0.103,0,0,0,0,v
2014-10-07 07:42,7.021,0.123,0,0,0,0,v
2014-10-07 07:48,7.053,0.095,0,0,0,0,v
2014-10-07 07:54,7.032,0.110,0,0,0,0,v
2014-10-07 08:00,7.046,0.110,0,0,0,0,v
2014-10-07 08:06,7.045,0.108,0,0,0,0,v
2014-10-07 08:12,7.031,0.108,0,0,0,0,v
2014-10-07 08:18,7.056,0.119,0,0,0,0,v
2014-10-07 08:24,7.035,0.102,0,0,0,0,v
2014-10-07 08:30,6.998,0.096,0,0,0,0,v
2014-10-07 08:36,6.994,0.092,0,0,0,0,v
2014-10-07 08:42,6.988,0.105,0,0,0,0,v
2014-10-07 08:48,6.952,0.086,0,0,0,0,v
2014-10-07 08:54,6.945,0.089,0,0,0,0,v
2014-10-07 09:00,6.926,0.110,0,0,0,0,v
2014-10-07 09:06,6.931,0.095,0,0,0,0,v
2014-10-07 09:12,6.928,0.096,0,0,0,0,v
2014-10-07 09:18,6.910,0.116,0,0,0,0,v
2014-10-07 09:24,6.958,0.105,0,0,0,0,v
2014-10-07 09:30,6.967,0.119,0,0,0,0,v
2014-10-07 09:36,6.983,0.099,0,0,0,0,v
2014-10-07 09:42,6.932,0.093,0,0,0,0,v
2014-10-07 09:48,6.949,0.106,0,0,0,0,v
2014-10-07 09:54,6.948,0.081,0,0,0,0,v
2014-10-07 10:00,6.932,0.085,0,0,0,0,v
2014-10-07 10:06,6.947,0.114,0,0,0,0,v
2014-10-07 10:12,6.930,0.096,0,0,0,0,v
2014-10-07 10:18,6.884,0.078,0,0,0,0,v
2014-10-07 10:24,6.873,0.096,0,0,0,0,v
2014-10-07 10:30,6.873,0.102,0,0,0,0,v
2014-10-07 10:36,6.799,0.115,0,0,0,0,v
2014-10-07 10:42,6.804,0.093,0,0,0,0,v
2014-10-07 10:48,6.797,0.111,0,0,0,0,v
2014-10-07 10:54,6.803,0.090,0,0,0,0,v
2014-10-07 11:00,6.788,0.108,0,0,0,0,v
2014-10-07 11:06,6.780,0.099,0,0,0,0,v
2014-10-07 11:12,6.804,0.108,0,0,0,0,v
2014-10-07 11:18,6.814,0.102,0,0,0,0,v
2014-10-07 11:24,6.782,0.110,0,0,0,0,v
2014-10-07 11:30,6.811,0.113,0,0,0,0,v
2014-10-07 11:36,6.784,0.101,0,0,0,0,v
2014-10-07 11:42,6.764,0.096,0,0,0,0,v
2014-10-07 11:48,6.783,0.084,0,0,0,0,v
2014-10-07 11:54,6.761,0.114,0,0,0,0,v
2014-10-07 12:00,6.747,0.108,0,0,0,0,v
2014-10-07 12:06,6.726,0.092,0,0,0,0,v
2014-10-07 12:12,6.730,0.097,0,0,0,0,v
2014-10-07 12:18,6.744,0.102,0,0,0,0,v
2014-10-07 12:24,6.753,0.106,0,0,0,0,v
2014-10-07 12:30,6.722,0.117,0,0,0,0,v
2014-10-07 12:36,6.751,0.122,0,0,0,0,v
2014-10-07 12:42,6.748,0.115,0,0,0,0,v
2014-10-07 12:48,6.752,0.114,0,0,0,0,v
2014-10-07 12:54,6.770,0.121,0,0,0,0,v
2014-10-07 13:00,6.786,0.111,0,0,0,0,v
2014-10-07 13:06,6.810,0.122,0,0,0,0,v
2014-10-07 13:12,6.795,0.111,0,0,0,0,v
2014-10-07 13:18,6.804,0.114,0,0,0,0,v
2014-10-07 13:24,6.795,0.112,0,0,0,0,v
2014-10-07 13:30,6.773,0.127,0,0,0,0,v
2014-10-07 13:36,6.781,0.105,0,0,0,0,v
2014-10-07 13:42,6.765,0.108,0,0,0,0,v
2014-10-07 13:48,6.756,0.101,0,0,0,0,v
2014-10-07 13:54,6.753,0.123,0,0,0,0,v
2014-10-07 14:00,6.792,0.108,0,0,0,0,v
2014-10-07 14:06,6.782,0.096,0,0,0,0,v
2014-10-07 14:12,6.778,0.109,0,0,0,0,v
2014-10-07 14:18,6.773,0.094,0,0,0,0,v
2014-10-07 14:24,6.791,0.100,0,0,0,0,v
2014-10-07 14:30,6.757,0.125,0,0,0,0,v
2014-10-07 14:36,6.750,0.127,0,0,0,0,v
2014-10-07 14:42,6.785,0.124,0,0,0,0,v
2014-10-07 14:48,6.800,0.124,0,0,0,0,v
2014-10-07 14:54,6.779,0.143,0,0,0,0,v
2014-10-07 15:00,6.768,0.127,0,0,0,0,v
2014-10-07 15:06,6.782,0.115,0,0,0,0,v
2014-10-07 15:12,6.794,0.120,0,0,0,0,v
2014-10-07 15:18,6.794,0.131,0,0,0,0,v
2014-10-07 15:24,6.781,0.133,0,0,0,0,v
2014-10-07 15:30,6.778,0.136,0,0,0,0,v
2014-10-07 15:36,6.779,0.107,0,0,0,0,v
2014-10-07 15:42,6.796,0.132,0,0,0,0,v
2014-10-07 15:48,6.776,0.131,0,0,0,0,v
2014-10-07 15:54,6.770,0.129,0,0,0,0,v
2014-10-07 16:00,6.775,0.138,0,0,0,0,v
2014-10-07 16:06,6.797,0.115,0,0,0,0,v
2014-10-07 16:12,6.789,0.138,0,0,0,0,v
2014-10-07 16:18,6.822,0.135,0,0,0,0,v
2014-10-07 16:24,6.824,0.127,0,0,0,0,v
2014-10-07 16:30,6.861,0.110,0,0,0,0,v
2014-10-07 16:36,6.860,0.122,0,0,0,0,v
2014-10-07 16:42,6.851,0.131,0,0,0,0,v
2014-10-07 16:48,6.873,0.134,0,0,0,0,v
2014-10-07 16:54,6.875,0.151,0,0,0,0,v
2014-10-07 17:00,6.905,0.108,0,0,0,0,v
2014-10-07 17:06,6.922,0.096,0,0,0,0,v
2014-10-07 17:12,6.916,0.154,0,0,0,0,v
2014-10-07 17:18,6.942,0.110,0,0,0,0,v
2014-10-07 17:24,6.939,0.129,0,0,0,0,v
2014-10-07 17:30,6.920,0.128,0,0,0,0,v
2014-10-07 17:36,6.933,0.130,0,0,0,0,v
2014-10-07 17:42,6.957,0.122,0,0,0,0,v
2014-10-07 17:48,6.964,0.133,0,0,0,0,v
2014-10-07 17:54,6.996,0.126,0,0,0,0,v
2014-10-07 18:00,6.985,0.112,0,0,0,0,v
2014-10-07 18:06,6.980,0.113,0,0,0,0,v
2014-10-07 18:12,6.966,0.122,0,0,0,0,v
2014-10-07 18:18,6.977,0.110,0,0,0,0,v
2014-10-07 18:24,6.994,0.116,0,0,0,0,v
2014-10-07 18:30,6.967,0.120,0,0,0,0,v
2014-10-07 18:36,6.972,0.117,0,0,0,0,v
2014-10-07 18:42,6.984,0.108,0,0,0,0,v
2014-10-07 18:48,6.974,0.130,0,0,0,0,v
2014-10-07 18:54,6.952,0.135,0,0,0,0,v
2014-10-07 19:00,6.968,0.111,0,0,0,0,v
2014-10-07 19:06,6.990,0.103,0,0,0,0,v
2014-10-07 19:12,7.010,0.104,0,0,0,0,v
2014-10-07 19:18,7.009,0.118,0,0,0,0,v
2014-10-07 19:24,6.984,0.123,0,0,0,0,v
2014-10-07 19:30,6.984,0.137,0,0,0,0,v
2014-10-07 19:36,7.004,0.097,0,0,0,0,v
2014-10-07 19:42,7.015,0.118,0,0,0,0,v
2014-10-07 19:48,7.035,0.131,0,0,0,0,v
2014-10-07 19:54,7.053,0.101,0,0,0,0,v
2014-10-07 20:00,7.053,0.123,0,0,0,0,v
2014-10-07 20:06,7.031,0.116,0,0,0,0,v
2014-10-07 20:12,7.017,0.138,0,0,0,0,v
2014-10-07 20:18,7.016,0.110,0,0,0,0,v
2014-10-07 20:24,7.013,0.130,0,0,0,0,v
2014-10-07 20:30,7.030,0.139,0,0,0,0,v
2014-10-07 20:36,7.007,0.123,0,0,0,0,v
2014-10-07 20:42,6.988,0.095,0,0,0,0,v
2014-10-07 20:48,6.980,0.124,0,0,0,0,v
2014-10-07 20:54,6.961,0.119,0,0,0,0,v
2014-10-07 21:00,6.943,0.131,0,0,0,0,v
2014-10-07 21:06,6.931,0.129,0,0,0,0,v
2014-10-07 21:12,6.895,0.121,0,0,0,0,v
2014-10-07 21:18,6.913,0.107,0,0,0,0,v
2014-10-07 21:24,6.921,0.107,0,0,0,0,v
2014-10-07 21:30,6.916,0.101,0,0,0,0,v
2014-10-07 21:36,6.948,0.113,0,0,0,0,v
2014-10-07 21:42,6.940,0.103,0,0,0,0,v
2014-10-07 21:48,6.964,0.123,0,0,0,0,v
2014-10-07 21:54,6.965,0.108,0,0,0,0,v
2014-10-07 22:00,6.963,0.131,0,0,0,0,v
2014-10-07 22:06,6.952,0.117,0,0,0,0,v
2014-10-07 22:12,6.965,0.102,0,0,0,0,v
2014-10-07 22:18,6.958,0.124,0,0,0,0,v
2014-10-07 22:24,6.965,0.118,0,0,0,0,v
2014-10-07 22:30,6.942,0.117,0,0,0,0,v
2014-10-07 22:36,6.937,0.096,0,0,0,0,v
2014-10-07 22:42,6.915,0.143,0,0,0,0,v
2014-10-07 22:48,6.908,0.104,0,0,0,0,v
2014-10-07 22:54,6.916,0.106,0,0,0,0,v
2014-10-07 23:00,6.911,0.116,0,0,0,0,v
2014-10-07 23:06,6.892,0.118,0,0,0,0,v
2014-10-07 23:12,6.883,0.117,0,0,0,0,v
2014-10-07 23:18,6.870,0.120,0,0,0,0,v
2014-10-07 23:24,6.874,0.106,0,0,0,0,v
2014-10-07 23:30,6.876,0.112,0,0,0,0,v
2014-10-07 23:36,6.876,0.102,0,0,0,0,v
2014-10-07 23:42,6.846,0.118,0,0,0,0,v
2014-10-07 23:48,6.843,0.109,0,0,0,0,v
2014-10-07 23:54,6.836,0.119,0,0,0,0,v
2014-10-08 00:00,6.826,0.124,0,0,0,0,v
2014-10-08 00:06,6.805,0.123,0,0,0,0,v
2014-10-08 00:12,6.801,0.096,0,0,0,0,v
2014-10-08 00:18,6.781,0.111,0,0,0,0,v
2014-10-08 00:24,6.775,0.112,0,0,0,0,v
2014-10-08 00:30,6.783,0.116,0,0,0,0,v
2014-10-08 00:36,6.789,0.129,0,0,0,0,v
2014-10-08 00:42,6.799,0.100,0,0,0,0,v
2014-10-08 00:48,6.811,0.104,0,0,0,0,v
2014-10-08 00:54,6.794,0.105,0,0,0,0,v
2014-10-08 01:00,6.817,0.093,0,0,0,0,v
2014-10-08 01:06,6.792,0.096,0,0,0,0,v
2014-10-08 01:12,6.788,0.118,0,0,0,0,v
2014-10-08 01:18,6.757,0.101,0,0,0,0,v
2014-10-08 01:24,6.758,0.105,0,0,0,0,v
2014-10-08 01:30,6.732,0.112,0,0,0,0,v
2014-10-08 01:36,6.708,0.102,0,0,0,0,v
2014-10-08 01:42,6.689,0.112,0,0,0,0,v
2014-10-08 01:48,6.691,0.115,0,0,0,0,v
2014-10-08 01:54,6.717,0.135,0,0,0,0,v
2014-10-08 02:00,6.687,0.101,0,0,0,0,v
2014-10-08 02:06,6.670,0.104,0,0,0,0,v
2014-10-08 02:12,6.689,0.101,0,0,0,0,v
2014-10-08 02:18,6.692,0.102,0,0,0,0,v
2014-10-08 02:24,6.686,0.086,0,0,0,0,v
2014-10-08 02:30,6.681,0.107,0,0,0,0,v
2014-10-08 02:36,6.698,0.106,0,0,0,0,v
2014-10-08 02:42,6.711,0.137,0,0,0,0,v
2014-10-08 02:48,6.699,0.117,0,0,0,0,v
2014-10-08 02:54,6.707,0.104,0,0,0,0,v
2014-10-08 03:00,6.722,0.124,0,0,0,0,v
2014-10-08 03:06,6.715,0.117,0,0,0,0,v
2014-10-08 03:12,6.707,0.098,0,0,0,0,v
2014-10-08 03:18,6.723,0.103,0,0,0,0,v
2014-10-08 03:24,6.710,0.100,0,0,0,0,v
2014-10-08 03:30,6.716,0.121,0,0,0,0,v
2014-10-08 03:36,6.715,0.096,0,0,0,0,v
2014-10-08 03:42,6.728,0.109,0,0,0,0,v
2014-10-08 03:48,6.736,0.088,0,0,0,0,v
2014-10-08 03:54,6.725,0.113,0,0,0,0,v
2014-10-08 04:00,6.731,0.097,0,0,0,0,v
2014-10-08 04:06,6.746,0.108,0,0,0,0,v
2014-10-08 04:12,6.759,0.093,0,0,0,0,v
2014-10-08 04:18,6.742,0.104,0,0,0,0,v
2014-10-08 04:24,6.750,0.113,0,0,0,0,v
2014-10-08 04:30,6.754,0.107,0,0,0,0,v
2014-10-08 04:36,6.747,0.118,0,0,0,0,v
2014-10-08 04:42,6.752,0.104,0,0,0,0,v
2014-10-08 04:48,6.779,0.095,0,0,0,0,v
2014-10-08 04:54,6.781,0.102,0,0,0,0,v
2014-10-08 05:00,6.794,0.102,0,0,0,0,v
2014-10-08 05:06,6.783,0.106,0,0,0,0,v
2014-10-08 05:12,6.778,0.097,0,0,0,0,v
2014-10-08 05:18,6.774,0.123,0,0,0,0,v
2014-10-08 05:24,6.757,0.120,0,0,0,0,v
2014-10-08 05:30,6.768,0.083,0,0,0,0,v
2014-10-08 05:36,6.785,0.111,0,0,0,0,v
2014-10-08 05:42,6.783,0.107,0,0,0,0,v
2014-10-08 05:48,6.796,0.089,0,0,0,0,v
2014-10-08 05:54,6.819,0.083,0,0,0,0,v
2014-10-08 06:00,6.834,0.110,0,0,0,0,v
2014-10-08 06:06,6.828,0.093,0,0,0,0,v
2014-10-08 06:12,6.825,0.114,0,0,0,0,v
2014-10-08 06:18,6.836,0.128,0,0,0,0,v
2014-10-08 06:24,6.838,0.124,0,0,0,0,v
2014-10-08 06:30,6.848,0.113,0,0,0,0,v
2014-10-08 06:36,6.837,0.097,0,0,0,0,v
2014-10-08 06:42,6.829,0.114,0,0,0,0,v
2014-10-08 06:48,6.825,0.115,0,0,0,0,v
2014-10-08 06:54,6.828,0.095,0,0,0,0,v
2014-10-08 07:00,6.832,0.120,0,0,0,0,v
2014-10-08 07:06,6.836,0.119,0,0,0,0,v
2014-10-08 07:12,6.842,0.098,0,0,0,0,v
2014-10-08 07:18,6.834,0.126,0,0,0,0,v
2014-10-08 07:24,6.864,0.098,0,0,0,0,v
2014-10-08 07:30,6.863,0.111,0,0,0,0,v
2014-10-08 07:36,6.857,0.125,0,0,0,0,v
2014-10-08 07:42,6.872,0.099,0,0,0,0,v
2014-10-08 07:48,6.882,0.111,0,0,0,0,v
2014-10-08 07:54,6.864,0.110,0,0,0,0,v
2014-10-08 08:00,6.876,0.095,0,0,0,0,v
2014-10-08 08:06,6.869,0.095,0,0,0,0,v
2014-10-08 08:12,6.854,0.108,0,0,0,0,v
2014-10-08 08:18,6.841,0.123,0,0,0,0,v
2014-10-08 08:24,6.853,0.089,0,0,0,0,v
2014-10-08 08:30,6.852,0.107,0,0,0,0,v
2014-10-08 08:36,6.852,0.110,0,0,0,0,v
2014-10-08 08:42,6.866,0.118,0,0,0,0,v
2014-10-08 08:48,6.841,0.108,0,0,0,0,v
2014-10-08 08:54,6.854,0.095,0,0,0,0,v
2014-10-08 09:00,6.851,0.115,0,0,0,0,v
2014-10-08 09:06,6.827,0.088,0,0,0,0,v
2014-10-08 09:12,6.817,0.105,0,0,0,0,v
2014-10-08 09:18,6.801,0.113,0,0,0,0,v
2014-10-08 09:24,6.790,0.105,0,0,0,0,v
2014-10-08 09:30,6.782,0.115,0,0,0,0,v
2014-10-08 09:36,6.763,0.108,0,0,0,0,v
2014-10-08 09:42,6.730,0.095,0,0,0,0,v
2014-10-08 09:48,6.748,0.133,0,0,0,0,v
2014-10-08 09:54,6.765,0.119,0,0,0,0,v
2014-10-08 10:00,6.743,0.116,0,0,0,0,v
2014-10-08 10:06,6.738,0.127,0,0,0,0,v
2014-10-08 10:12,6.730,0.126,0,0,0,0,v
2014-10-08 10:18,6.749,0.097,0,0,0,0,v
2014-10-08 10:24,6.713,0.123,0,0,0,0,v
2014-10-08 10:30,6.700,0.102,0,0,0,0,v
2014-10-08 10:36,6.691,0.109,0,0,0,0,v
2014-10-08 10:42,6.663,0.094,0,0,0,0,v
2014-10-08 10:48,6.672,0.125,0,0,0,0,v
2014-10-08 10:54,6.660,0.115,0,0,0,0,v
2014-10-08 11:00,6.654,0.098,0,0,0,0,v
2014-10-08 11:06,6.656,0.096,0,0,0,0,v
2014-10-08 11:12,6.666,0.111,0,0,0,0,v
2014-10-08 11:18,6.661,0.111,0,0,0,0,v
2014-10-08 11:24,6.654,0.121,0,0,0,0,v
2014-10-08 11:30,6.667,0.118,0,0,0,0,v
2014-10-08 11:36,6.657,0.113,0,0,0,0,v
2014-10-08 11:42,6.643,0.117,0,0,0,0,v
2014-10-08 11:48,6.642,0.115,0,0,0,0,v
2014-10-08 11:54,6.657,0.105,0,0,0,0,v
2014-10-08 12:00,6.637,0.106,0,0,0,0,v
2014-10-08 12:06,6.635,0.084,0,0,0,0,v
2014-10-08 12:12,6.626,0.110,0,0,0,0,v
2014-10-08 12:18,6.627,0.111,0,0,0,0,v
2014-10-08 12:24,6.634,0.114,0,0,0,0,v
2014-10-08 12:30,6.631,0.108,0,0,0,0,v
2014-10-08 12:36,6.630,0.114,0,0,0,0,v
2014-10-08 12:42,6.635,0.114,0,0,0,0,v
2014-10-08 12:48,6.638,0.118,0,0,0,0,v
2014-10-08 12:54,6.643,0.104,0,0,0,0,v
2014-10-08 13:00,6.660,0.105,0,0,0,0,v
2014-10-08 13:06,6.647,0.107,0,0,0,0,v
2014-10-08 13:12,6.665,0.095,0,0,0,0,v
2014-10-08 13:18,6.654,0.097,0,0,0,0,v
2014-10-08 13:24,6.647,0.101,0,0,0,0,v
2014-10-08 13:30,6.635,0.104,0,0,0,0,v
2014-10-08 13:36,6.623,0.111,0,0,0,0,v
2014-10-08 13:42,6.596,0.108,0,0,0,0,v
2014-10-08 13:48,6.599,0.115,0,0,0,0,v
2014-10-08 13:54,6.607,0.121,0,0,0,0,v
2014-10-08 14:00,6.597,0.092,0,0,0,0,v
2014-10-08 14:06,6.588,0.116,0,0,0,0,v
2014-10-08 14:12,6.579,0.111,0,0,0,0,v
2014-10-08 14:18,6.573,0.111,0,0,0,0,v
2014-10-08 14:24,6.546,0.112,0,0,0,0,v
2014-10-08 14:30,6.550,0.106,0,0,0,0,v
2014-10-08 14:36,6.565,0.082,0,0,0,0,v
2014-10-08 14:42,6.563,0.093,0,0,0,0,v
2014-10-08 14:48,6.562,0.126,0,0,0,0,v
2014-10-08 14:54,6.570,0.098,0,0,0,0,v
2014-10-08 15:00,6.589,0.086,0,0,0,0,v
2014-10-08 15:06,6.584,0.106,0,0,0,0,v
2014-10-08 15:12,6.586,0.114,0,0,0,0,v
2014-10-08 15:18,6.599,0.108,0,0,0,0,v
2014-10-08 15:24,6.600,0.091,0,0,0,0,v
2014-10-08 15:30,6.624,0.092,0,0,0,0,v
2014-10-08 15:36,6.627,0.110,0,0,0,0,v
2014-10-08 15:42,6.616,0.102,0,0,0,0,v
2014-10-08 15:48,6.619,0.094,0,0,0,0,v
2014-10-08 15:54,6.630,0.092,0,0,0,0,v
2014-10-08 16:00,6.645,0.099,0,0,0,0,v
2014-10-08 16:06,6.641,0.112,0,0,0,0,v
2014-10-08 16:12,6.656,0.104,0,0,0,0,v
2014-10-08 16:18,6.679,0.091,0,0,0,0,v
2014-10-08 16:24,6.689,0.106,0,0,0,0,v
2014-10-08 16:30,6.718,0.097,0,0,0,0,v
2014-10-08 16:36,6.735,0.094,0,0,0,0,v
2014-10-08 16:42,6.744,0.110,0,0,0,0,v
2014-10-08 16:48,6.758,0.130,0,0,0,0,v
2014-10-08 16:54,6.761,0.093,0,0,0,0,v
2014-10-08 17:00,6.747,0.081,0,0,0,0,v
2014-10-08 17:06,6.752,0.107,0,0,0,0,v
2014-10-08 17:12,6.766,0.086,0,0,0,0,v
2014-10-08 17:18,6.778,0.104,0,0,0,0,v
2014-10-08 17:24,6.796,0.101,0,0,0,0,v
2014-10-08 17:30,6.798,0.086,0,0,0,0,v
2014-10-08 17:36,6.799,0.099,0,0,0,0,v
2014-10-08 17:42,6.797,0.108,0,0,0,0,v
2014-10-08 17:48,6.806,0.104,0,0,0,0,v
2014-10-08 17:54,6.806,0.102,0,0,0,0,v
2014-10-08 18:00,6.838,0.099,0,0,0,0,v
2014-10-08 18:06,6.847,0.099,0,0,0,0,v
2014-10-08 18:12,6.844,0.000,0,0,0,0,v
2014-10-08 18:18,6.843,0.084,0,0,0,0,v
2014-10-08 18:24,6.857,0.092,0,0,0,0,v
2014-10-08 18:30,6.860,0.090,0,0,0,0,v
2014-10-08 18:36,6.869,0.094,0,0,0,0,v
2014-10-08 18:42,6.881,0.090,0,0,0,0,v
2014-10-08 18:48,6.888,0.091,0,0,0,0,v
2014-10-08 18:54,6.889,0.091,0,0,0,0,v
2014-10-08 19:00,6.883,0.094,0,0,0,0,v
2014-10-08 19:06,6.882,0.086,0,0,0,0,v
2014-10-08 19:12,6.924,0.088,0,0,0,0,v
2014-10-08 19:18,6.922,0.091,0,0,0,0,v
2014-10-08 19:24,6.944,0.111,0,0,0,0,v
2014-10-08 19:30,6.940,0.081,0,0,0,0,v
2014-10-08 19:36,6.968,0.095,0,0,0,0,v
2014-10-08 19:42,6.978,0.107,0,0,0,0,v
2014-10-08 19:48,6.980,0.094,0,0,0,0,v
2014-10-08 19:54,6.999,0.097,0,0,0,0,v
2014-10-08 20:00,6.998,0.101,0,0,0,0,v
2014-10-08 20:06,6.995,0.111,0,0,0,0,v
2014-10-08 20:12,7.006,0.093,0,0,0,0,v
2014-10-08 20:18,7.006,0.081,0,0,0,0,v
2014-10-08 20:24,7.006,0.094,0,0,0,0,v
2014-10-08 20:30,7.000,0.090,0,0,0,0,v
2014-10-08 20:36,7.003,0.096,0,0,0,0,v
2014-10-08 20:42,7.000,0.085,0,0,0,0,v
2014-10-08 20:48,7.004,0.092,0,0,0,0,v
2014-10-08 20:54,7.006,0.089,0,0,0,0,v
2014-10-08 21:00,7.011,0.079,0,0,0,0,v
2014-10-08 21:06,6.982,0.106,0,0,0,0,v
2014-10-08 21:12,6.976,0.096,0,0,0,0,v
2014-10-08 21:18,6.968,0.086,0,0,0,0,v
2014-10-08 21:24,6.971,0.086,0,0,0,0,v
2014-10-08 21:30,6.976,0.085,0,0,0,0,v
2014-10-08 21:36,6.997,0.088,0,0,0,0,v
2014-10-08 21:42,6.996,0.099,0,0,0,0,v
2014-10-08 21:48,7.005,0.092,0,0,0,0,v
2014-10-08 21:54,6.999,0.089,0,0,0,0,v
2014-10-08 22:00,6.991,0.088,0,0,0,0,v
2014-10-08 22:06,6.997,0.091,0,0,0,0,v
2014-10-08 22:12,6.993,0.093,0,0,0,0,v
2014-10-08 22:18,7.010,0.105,0,0,0,0,v
2014-10-08 22:24,7.021,0.084,0,0,0,0,v
2014-10-08 22:30,7.012,0.099,0,0,0,0,v
2014-10-08 22:36,7.000,0.105,0,0,0,0,v
2014-10-08 22:42,7.014,0.069,0,0,0,0,v
2014-10-08 22:48,7.015,0.093,0,0,0,0,v
2014-10-08 22:54,7.007,0.099,0,0,0,0,v
2014-10-08 23:00,7.000,0.088,0,0,0,0,v
2014-10-08 23:06,7.000,0.090,0,0,0,0,v
2014-10-08 23:12,6.991,0.000,0,0,0,0,v
2014-10-08 23:18,7.005,0.087,0,0,0,0,v
2014-10-08 23:24,6.979,0.095,0,0,0,0,v
2014-10-08 23:30,6.960,0.088,0,0,0,0,v
2014-10-08 23:36,6.938,0.078,0,0,0,0,v
2014-10-08 23:42,6.931,0.090,0,0,0,0,v
2014-10-08 23:48,6.923,0.090,0,0,0,0,v
2014-10-08 23:54,6.900,0.000,0,0,0,0,v
2014-10-09 00:00,6.915,0.089,0,0,0,0,v
2014-10-09 00:06,6.914,0.103,0,0,0,0,v
2014-10-09 00:12,6.908,0.098,0,0,0,0,v
2014-10-09 00:18,6.906,0.104,0,0,0,0,v
2014-10-09 00:24,6.901,0.089,0,0,0,0,v
2014-10-09 00:30,6.902,0.096,0,0,0,0,v
2014-10-09 00:36,6.869,0.110,0,0,0,0,v
2014-10-09 00:42,6.864,0.100,0,0,0,0,v
2014-10-09 00:48,6.860,0.094,0,0,0,0,v
2014-10-09 00:54,6.849,0.087,0,0,0,0,v
2014-10-09 01:00,6.862,0.098,0,0,0,0,v
2014-10-09 01:06,6.851,0.106,0,0,0,0,v
2014-10-09 01:12,6.855,0.105,0,0,0,0,v
2014-10-09 01:18,6.845,0.089,0,0,0,0,v
2014-10-09 01:24,6.837,0.107,0,0,0,0,v
2014-10-09 01:30,6.838,0.096,0,0,0,0,v
2014-10-09 01:36,6.847,0.089,0,0,0,0,v
2014-10-09 01:42,6.840,0.089,0,0,0,0,v
2014-10-09 01:48,6.834,0.095,0,0,0,0,v
2014-10-09 01:54,6.825,0.096,0,0,0,0,v
2014-10-09 02:00,6.831,0.096,0,0,0,0,v
2014-10-09 02:06,6.832,0.103,0,0,0,0,v
2014-10-09 02:12,6.820,0.106,0,0,0,0,v
2014-10-09 02:18,6.830,0.096,0,0,0,0,v
2014-10-09 02:24,6.804,0.096,0,0,0,0,v
2014-10-09 02:30,6.820,0.096,0,0,0,0,v
2014-10-09 02:36,6.805,0.104,0,0,0,0,v
2014-10-09 02:42,6.813,0.099,0,0,0,0,v
2014-10-09 02:48,6.819,0.092,0,0,0,0,v
2014-10-09 02:54,6.813,0.097,0,0,0,0,v
2014-10-09 03:00,6.837,0.102,0,0,0,0,v
2014-10-09 03:06,6.825,0.078,0,0,0,0,v
2014-10-09 03:12,6.831,0.096,0,0,0,0,v
2014-10-09 03:18,6.836,0.111,0,0,0,0,v
2014-10-09 03:24,6.824,0.111,0,0,0,0,v
2014-10-09 03:30,6.821,0.099,0,0,0,0,v
2014-10-09 03:36,6.797,0.107,0,0,0,0,v
2014-10-09 03:42,6.792,0.112,0,0,0,0,v
2014-10-09 03:48,6.794,0.114,0,0,0,0,v
2014-10-09 03:54,6.778,0.113,0,0,0,0,v
2014-10-09 04:00,6.781,0.093,0,0,0,0,v
2014-10-09 04:06,6.781,0.100,0,0,0,0,v
2014-10-09 04:12,6.777,0.098,0,0,0,0,v
2014-10-09 04:18,6.775,0.097,0,0,0,0,v
2014-10-09 04:24,6.788,0.102,0,0,0,0,v
2014-10-09 04:30,6.773,0.107,0,0,0,0,v
2014-10-09 04:36,6.782,0.098,0,0,0,0,v
2014-10-09 04:42,6.776,0.091,0,0,0,0,v
2014-10-09 04:48,6.773,0.094,0,0,0,0,v
2014-10-09 04:54,6.801,0.106,0,0,0,0,v
2014-10-09 05:00,6.788,0.104,0,0,0,0,v
2014-10-09 05:06,6.796,0.107,0,0,0,0,v
2014-10-09 05:12,6.795,0.109,0,0,0,0,v
2014-10-09 05:18,6.793,0.102,0,0,0,0,v
2014-10-09 05:24,6.800,0.105,0,0,0,0,v
2014-10-09 05:30,6.810,0.100,0,0,0,0,v
2014-10-09 05:36,6.807,0.097,0,0,0,0,v
2014-10-09 05:42,6.814,0.097,0,0,0,0,v
2014-10-09 05:48,6.827,0.111,0,0,0,0,v
2014-10-09 05:54,6.813,0.098,0,0,0,0,v
2014-10-09 06:00,6.814,0.103,0,0,0,0,v
2014-10-09 06:06,6.840,0.094,0,0,0,0,v
2014-10-09 06:12,6.834,0.108,0,0,0,0,v
2014-10-09 06:18,6.829,0.095,0,0,0,0,v
2014-10-09 06:24,6.830,0.108,0,0,0,0,v
2014-10-09 06:30,6.831,0.115,0,0,0,0,v
2014-10-09 06:36,6.847,0.102,0,0,0,0,v
2014-10-09 06:42,6.856,0.107,0,0,0,0,v
2014-10-09 06:48,6.874,0.094,0,0,0,0,v
2014-10-09 06:54,6.852,0.103,0,0,0,0,v
2014-10-09 07:00,6.864,0.105,0,0,0,0,v
2014-10-09 07:06,6.854,0.100,0,0,0,0,v
2014-10-09 07:12,6.856,0.113,0,0,0,0,v
2014-10-09 07:18,6.865,0.096,0,0,0,0,v
2014-10-09 07:24,6.889,0.118,0,0,0,0,v
2014-10-09 07:30,6.912,0.096,0,0,0,0,v
2014-10-09 07:36,6.892,0.100,0,0,0,0,v
2014-10-09 07:42,6.898,0.100,0,0,0,0,v
2014-10-09 07:48,6.909,0.105,0,0,0,0,v
2014-10-09 07:54,6.911,0.123,0,0,0,0,v
2014-10-09 08:00,6.890,0.098,0,0,0,0,v
2014-10-09 08:06,6.884,0.100,0,0,0,0,v
2014-10-09 08:12,6.884,0.099,0,0,0,0,v
2014-10-09 08:18,6.883,0.113,0,0,0,0,v
2014-10-09 08:24,6.878,0.116,0,0,0,0,v
2014-10-09 08:30,6.889,0.110,0,0,0,0,v
2014-10-09 08:36,6.887,0.100,0,0,0,0,v
2014-10-09 08:42,6.882,0.102,0,0,0,0,v
2014-10-09 08:48,6.891,0.107,0,0,0,0,v
2014-10-09 08:54,6.876,0.110,0,0,0,0,v
2014-10-09 09:00,6.851,0.097,0,0,0,0,v
2014-10-09 09:06,6.845,0.103,0,0,0,0,v
2014-10-09 09:12,6.839,0.111,0,0,0,0,v
2014-10-09 09:18,6.834,0.118,0,0,0,0,v
2014-10-09 09:24,6.818,0.112,0,0,0,0,v
2014-10-09 09:30,6.819,0.123,0,0,0,0,v
2014-10-09 09:36,6.816,0.100,0,0,0,0,v
2014-10-09 09:42,6.802,0.106,0,0,0,0,v
2014-10-09 09:48,6.800,0.106,0,0,0,0,v
2014-10-09 09:54,6.781,0.117,0,0,0,0,v
2014-10-09 10:00,6.764,0.113,0,0,0,0,v
2014-10-09 10:06,6.762,0.121,0,0,0,0,v
2014-10-09 10:12,6.763,0.135,0,0,0,0,v
2014-10-09 10:18,6.775,0.117,0,0,0,0,v
2014-10-09 10:24,6.767,0.102,0,0,0,0,v
2014-10-09 10:30,6.762,0.129,0,0,0,0,v
2014-10-09 10:36,6.761,0.130,0,0,0,0,v
2014-10-09 10:42,6.770,0.111,0,0,0,0,v
2014-10-09 10:48,6.762,0.107,0,0,0,0,v
2014-10-09 10:54,6.735,0.111,0,0,0,0,v
2014-10-09 11:00,6.719,0.126,0,0,0,0,v
2014-10-09 11:06,6.726,0.106,0,0,0,0,v
2014-10-09 11:12,6.721,0.125,0,0,0,0,v
2014-10-09 11:18,6.696,0.105,0,0,0,0,v
2014-10-09 11:24,6.682,0.124,0,0,0,0,v
2014-10-09 11:30,6.670,0.121,0,0,0,0,v
2014-10-09 11:36,6.682,0.108,0,0,0,0,v
2014-10-09 11:42,6.676,0.122,0,0,0,0,v
2014-10-09 11:48,6.673,0.098,0,0,0,0,v
2014-10-09 11:54,6.654,0.110,0,0,0,0,v
2014-10-09 12:00,6.656,0.111,0,0,0,0,v
2014-10-09 12:06,6.643,0.122,0,0,0,0,v
2014-10-09 12:12,6.651,0.118,0,0,0,0,v
2014-10-09 12:18,6.648,0.099,0,0,0,0,v
2014-10-09 12:24,6.651,0.113,0,0,0,0,v
2014-10-09 12:30,6.623,0.139,0,0,0,0,v
2014-10-09 12:36,6.622,0.099,0,0,0,0,v
2014-10-09 12:42,6.616,0.129,0,0,0,0,v
2014-10-09 12:48,6.613,0.106,0,0,0,0,v
2014-10-09 12:54,6.620,0.102,0,0,0,0,v
2014-10-09 13:00,6.613,0.108,0,0,0,0,v
2014-10-09 13:06,6.613,0.112,0,0,0,0,v
2014-10-09 13:12,6.595,0.095,0,0,0,0,v
2014-10-09 13:18,6.567,0.096,0,0,0,0,v
2014-10-09 13:24,6.566,0.098,0,0,0,0,v
2014-10-09 13:30,6.574,0.079,0,0,0,0,v
2014-10-09 13:36,6.566,0.098,0,0,0,0,v
2014-10-09 13:42,6.541,0.103,0,0,0,0,v
2014-10-09 13:48,6.546,0.114,0,0,0,0,v
2014-10-09 13:54,6.547,0.115,0,0,0,0,v
2014-10-09 14:00,6.559,0.100,0,0,0,0,v
2014-10-09 14:06,6.556,0.116,0,0,0,0,v
2014-10-09 14:12,6.543,0.121,0,0,0,0,v
2014-10-09 14:18,6.555,0.126,0,0,0,0,v
2014-10-09 14:24,6.549,0.117,0,0,0,0,v
2014-10-09 14:30,6.537,0.097,0,0,0,0,v
2014-10-09 14:36,6.519,0.114,0,0,0,0,v
2014-10-09 14:42,6.509,0.113,0,0,0,0,v
2014-10-09 14:48,6.524,0.099,0,0,0,0,v
2014-10-09 14:54,6.533,0.094,0,0,0,0,v
2014-10-09 15:00,6.537,0.118,0,0,0,0,v
2014-10-09 15:06,6.532,0.105,0,0,0,0,v
2014-10-09 15:12,6.542,0.111,0,0,0,0,v
2014-10-09 15:18,6.549,0.106,0,0,0,0,v
2014-10-09 15:24,6.538,0.111,0,0,0,0,v
2014-10-09 15:30,6.544,0.095,0,0,0,0,v
2014-10-09 15:36,6.552,0.124,0,0,0,0,v
2014-10-09 15:42,6.556,0.111,0,0,0,0,v
2014-10-09 15:48,6.569,0.111,0,0,0,0,v
2014-10-09 15:54,6.576,0.091,0,0,0,0,v
2014-10-09 16:00,6.572,0.092,0,0,0,0,v
2014-10-09 16:06,6.557,0.104,0,0,0,0,v
2014-10-09 16:12,6.569,0.099,0,0,0,0,v
2014-10-09 16:18,6.563,0.104,0,0,0,0,v
2014-10-09 16:24,6.579,0.133,0,0,0,0,v
2014-10-09 16:30,6.576,0.102,0,0,0,0,v
2014-10-09 16:36,6.585,0.098,0,0,0,0,v
2014-10-09 16:42,6.597,0.128,0,0,0,0,v
2014-10-09 16:48,6.596,0.102,0,0,0,0,v
2014-10-09 16:54,6.630,0.102,0,0,0,0,v
2014-10-09 17:00,6.613,0.113,0,0,0,0,v
2014-10-09 17:06,6.646,0.090,0,0,0,0,v
2014-10-09 17:12,6.657,0.115,0,0,0,0,v
2014-10-09 17:18,6.638,0.114,0,0,0,0,v
2014-10-09 17:24,6.644,0.091,0,0,0,0,v
2014-10-09 17:30,6.656,0.104,0,0,0,0,v
2014-10-09 17:36,6.665,0.090,0,0,0,0,v
2014-10-09 17:42,6.678,0.096,0,0,0,0,v
2014-10-09 17:48,6.710,0.090,0,0,0,0,v
2014-10-09 17:54,6.714,0.108,0,0,0,0,v
2014-10-09 18:00,6.739,0.094,0,0,0,0,v
2014-10-09 18:06,6.734,0.121,0,0,0,0,v
2014-10-09 18:12,6.756,0.089,0,0,0,0,v
2014-10-09 18:18,6.759,0.097,0,0,0,0,v
2014-10-09 18:24,6.757,0.094,0,0,0,0,v
2014-10-09 18:30,6.781,0.099,0,0,0,0,v
2014-10-09 18:36,6.796,0.081,0,0,0,0,v
2014-10-09 18:42,6.806,0.086,0,0,0,0,v
2014-10-09 18:48,6.810,0.093,0,0,0,0,v
2014-10-09 18:54,6.833,0.115,0,0,0,0,v
2014-10-09 19:00,6.835,0.095,0,0,0,0,v
2014-10-09 19:06,6.845,0.101,0,0,0,0,v
2014-10-09 19:12,6.858,0.107,0,0,0,0,v
2014-10-09 19:18,6.872,0.103,0,0,0,0,v
2014-10-09 19:24,6.862,0.094,0,0,0,0,v
2014-10-09 19:30,6.864,0.106,0,0,0,0,v
2014-10-09 19:36,6.883,0.107,0,0,0,0,v
2014-10-09 19:42,6.911,0.084,0,0,0,0,v
2014-10-09 19:48,6.936,0.101,0,0,0,0,v
2014-10-09 19:54,6.926,0.096,0,0,0,0,v
2014-10-09 20:00,6.946,0.096,0,0,0,0,v
2014-10-09 20:06,6.949,0.090,0,0,0,0,v
2014-10-09 20:12,6.970,0.082,0,0,0,0,v
2014-10-09 20:18,6.971,0.094,0,0,0,0,v
2014-10-09 20:24,6.969,0.098,0,0,0,0,v
2014-10-09 20:30,6.984,0.085,0,0,0,0,v
2014-10-09 20:36,6.990,0.085,0,0,0,0,v
2014-10-09 20:42,7.001,0.105,0,0,0,0,v
2014-10-09 20:48,7.007,0.095,0,0,0,0,v
2014-10-09 20:54,7.003,0.086,0,0,0,0,v
2014-10-09 21:00,6.998,0.103,0,0,0,0,v
2014-10-09 21:06,7.018,0.093,0,0,0,0,v
2014-10-09 21:12,7.007,0.099,0,0,0,0,v
2014-10-09 21:18,7.022,0.097,0,0,0,0,v
2014-10-09 21:24,7.029,0.087,0,0,0,0,v
2014-10-09 21:30,7.032,0.099,0,0,0,0,v
2014-10-09 21:36,7.019,0.095,0,0,0,0,v
2014-10-09 21:42,7.029,0.096,0,0,0,0,v
2014-10-09 21:48,7.039,0.088,0,0,0,0,v
2014-10-09 21:54,7.034,0.082,0,0,0,0,v
2014-10-09 22:00,7.048,0.087,0,0,0,0,v
2014-10-09 22:06,7.047,0.086,0,0,0,0,v
2014-10-09 22:12,7.057,0.089,0,0,0,0,v
2014-10-09 22:18,7.066,0.091,0,0,0,0,v
2014-10-09 22:24,7.061,0.106,0,0,0,0,v
2014-10-09 22:30,7.076,0.088,0,0,0,0,v
2014-10-09 22:36,7.073,0.081,0,0,0,0,v
2014-10-09 22:42,7.081,0.082,0,0,0,0,v
2014-10-09 22:48,7.085,0.096,0,0,0,0,v
2014-10-09 22:54,7.071,0.094,0,0,0,0,v
2014-10-09 23:00,7.056,0.085,0,0,0,0,v
2014-10-09 23:06,7.065,0.091,0,0,0,0,v
2014-10-09 23:12,7.060,0.096,0,0,0,0,v
2014-10-09 23:18,7.051,0.092,0,0,0,0,v
2014-10-09 23:24,7.051,0.087,0,0,0,0,v
2014-10-09 23:30,7.043,0.081,0,0,0,0,v
2014-10-09 23:36,7.039,0.092,0,0,0,0,v
2014-10-09 23:42,7.048,0.084,0,0,0,0,v
2014-10-09 23:48,7.020,0.076,0,0,0,0,v
2014-10-09 23:54,7.007,0.080,0,0,0,0,v
2014-10-10 00:00,6.995,0.102,0,0,0,0,v
2014-10-10 00:06,6.997,0.092,0,0,0,0,v
2014-10-10 00:12,6.977,0.087,0,0,0,0,v
2014-10-10 00:18,6.980,0.092,0,0,0,0,v
2014-10-10 00:24,6.994,0.096,0,0,0,0,v
2014-10-10 00:30,6.983,0.095,0,0,0,0,v
2014-10-10 00:36,6.981,0.087,0,0,0,0,v
2014-10-10 00:42,6.972,0.098,0,0,0,0,v
2014-10-10 00:48,6.990,0.080,0,0,0,0,v
2014-10-10 00:54,6.975,0.098,0,0,0,0,v
2014-10-10 01:00,6.957,0.092,0,0,0,0,v
2014-10-10 01:06,6.966,0.093,0,0,0,0,v
2014-10-10 01:12,6.970,0.122,0,0,0,0,v
2014-10-10 01:18,6.984,0.098,0,0,0,0,v
2014-10-10 01:24,6.981,0.092,0,0,0,0,v
2014-10-10 01:30,6.985,0.093,0,0,0,0,v
2014-10-10 01:36,6.971,0.096,0,0,0,0,v
2014-10-10 01:42,6.975,0.108,0,0,0,0,v
2014-10-10 01:48,6.966,0.097,0,0,0,0,v
2014-10-10 01:54,6.962,0.092,0,0,0,0,v
2014-10-10 02:00,6.968,0.100,0,0,0,0,v
2014-10-10 02:06,6.966,0.106,0,0,0,0,v
2014-10-10 02:12,6.952,0.093,0,0,0,0,v
2014-10-10 02:18,6.956,0.108,0,0,0,0,v
2014-10-10 02:24,6.961,0.093,0,0,0,0,v
2014-10-10 02:30,6.941,0.086,0,0,0,0,v
2014-10-10 02:36,6.942,0.104,0,0,0,0,v
2014-10-10 02:42,6.942,0.096,0,0,0,0,v
2014-10-10 02:48,6.928,0.102,0,0,0,0,v
2014-10-10 02:54,6.936,0.085,0,0,0,0,v
2014-10-10 03:00,6.941,0.080,0,0,0,0,v
2014-10-10 03:06,6.950,0.080,0,0,0,0,v
2014-10-10 03:12,6.942,0.089,0,0,0,0,v
2014-10-10 03:18,6.941,0.100,0,0,0,0,v
2014-10-10 03:24,6.935,0.100,0,0,0,0,v
2014-10-10 03:30,6.937,0.092,0,0,0,0,v
2014-10-10 03:36,6.926,0.096,0,0,0,0,v
2014-10-10 03:42,6.905,0.115,0,0,0,0,v
2014-10-10 03:48,6.907,0.098,0,0,0,0,v
2014-10-10 03:54,6.913,0.078,0,0,0,0,v
2014-10-10 04:00,6.913,0.099,0,0,0,0,v
2014-10-10 04:06,6.911,0.088,0,0,0,0,v
2014-10-10 04:12,6.912,0.108,0,0,0,0,v
2014-10-10 04:18,6.900,0.106,0,0,0,0,v
2014-10-10 04:24,6.892,0.106,0,0,0,0,v
2014-10-10 04:30,6.893,0.095,0,0,0,0,v
2014-10-10 04:36,6.868,0.098,0,0,0,0,v
2014-10-10 04:42,6.868,0.106,0,0,0,0,v
2014-10-10 04:48,6.877,0.103,0,0,0,0,v
2014-10-10 04:54,6.873,0.092,0,0,0,0,v
2014-10-10 05:00,6.874,0.118,0,0,0,0,v
2014-10-10 05:06,6.873,0.084,0,0,0,0,v
2014-10-10 05:12,6.875,0.089,0,0,0,0,v
2014-10-10 05:18,6.879,0.103,0,0,0,0,v
2014-10-10 05:24,6.880,0.113,0,0,0,0,v
2014-10-10 05:30,6.875,0.095,0,0,0,0,v
2014-10-10 05:36,6.891,0.111,0,0,0,0,v
2014-10-10 05:42,6.896,0.114,0,0,0,0,v
2014-10-10 05:48,6.905,0.102,0,0,0,0,v
2014-10-10 05:54,6.890,0.094,0,0,0,0,v
2014-10-10 06:00,6.893,0.101,0,0,0,0,v
2014-10-10 06:06,6.884,0.109,0,0,0,0,v
2014-10-10 06:12,6.895,0.100,0,0,0,0,v
2014-10-10 06:18,6.906,0.112,0,0,0,0,v
2014-10-10 06:24,6.904,0.107,0,0,0,0,v
2014-10-10 06:30,6.904,0.090,0,0,0,0,v
2014-10-10 06:36,6.900,0.103,0,0,0,0,v
2014-10-10 06:42,6.908,0.092,0,0,0,0,v
2014-10-10 06:48,6.912,0.111,0,0,0,0,v
2014-10-10 06:54,6.898,0.098,0,0,0,0,v
2014-10-10 07:00,6.913,0.106,0,0,0,0,v
2014-10-10 07:06,6.900,0.099,0,0,0,0,v
2014-10-10 07:12,6.898,0.104,0,0,0,0,v
2014-10-10 07:18,6.905,0.122,0,0,0,0,v
2014-10-10 07:24,6.897,0.097,0,0,0,0,v
2014-10-10 07:30,6.904,0.105,0,0,0,0,v
2014-10-10 07:36,6.911,0.103,0,0,0,0,v
2014-10-10 07:42,6.912,0.126,0,0,0,0,v
2014-10-10 07:48,6.915,0.108,0,0,0,0,v
2014-10-10 07:54,6.915,0.106,0,0,0,0,v
2014-10-10 08:00,6.912,0.110,0,0,0,0,v
2014-10-10 08:06,6.897,0.133,0,0,0,0,v
2014-10-10 08:12,6.919,0.109,0,0,0,0,v
2014-10-10 08:18,6.913,0.117,0,0,0,0,v
2014-10-10 08:24,6.913,0.120,0,0,0,0,v
2014-10-10 08:30,6.906,0.112,0,0,0,0,v
2014-10-10 08:36,6.905,0.121,0,0,0,0,v
2014-10-10 08:42,6.915,0.117,0,0,0,0,v
2014-10-10 08:48,6.912,0.113,0,0,0,0,v
2014-10-10 08:54,6.903,0.108,0,0,0,0,v
2014-10-10 09:00,6.905,0.103,0,0,0,0,v
2014-10-10 09:06,6.911,0.086,0,0,0,0,v
2014-10-10 09:12,6.881,0.121,0,0,0,0,v
2014-10-10 09:18,6.882,0.110,0,0,0,0,v
2014-10-10 09:24,6.880,0.130,0,0,0,0,v
2014-10-10 09:30,6.877,0.105,0,0,0,0,v
2014-10-10 09:36,6.870,0.119,0,0,0,0,v
2014-10-10 09:42,6.852,0.121,0,0,0,0,v
2014-10-10 09:48,6.851,0.107,0,0,0,0,v
2014-10-10 09:54,6.856,0.107,0,0,0,0,v
2014-10-10 10:00,6.838,0.106,0,0,0,0,v
2014-10-10 10:06,6.831,0.116,0,0,0,0,v
2014-10-10 10:12,6.815,0.138,0,0,0,0,v
2014-10-10 10:18,6.816,0.133,0,0,0,0,v
2014-10-10 10:24,6.805,0.132,0,0,0,0,v
2014-10-10 10:30,6.808,0.129,0,0,0,0,v
2014-10-10 10:36,6.800,0.118,0,0,0,0,v
2014-10-10 10:42,6.768,0.129,0,0,0,0,v
2014-10-10 10:48,6.772,0.131,0,0,0,0,v
2014-10-10 10:54,6.775,0.129,0,0,0,0,v
2014-10-10 11:00,6.752,0.128,0,0,0,0,v
2014-10-10 11:06,6.736,0.120,0,0,0,0,v
2014-10-10 11:12,6.740,0.133,0,0,0,0,v
2014-10-10 11:18,6.732,0.126,0,0,0,0,v
2014-10-10 11:24,6.715,0.153,0,0,0,0,v
2014-10-10 11:30,6.711,0.147,0,0,0,0,v
2014-10-10 11:36,6.705,0.119,0,0,0,0,v
2014-10-10 11:42,6.695,0.123,0,0,0,0,v
2014-10-10 11:48,6.708,0.129,0,0,0,0,v
2014-10-10 11:54,6.691,0.122,0,0,0,0,v
2014-10-10 12:00,6.669,0.142,0,0,0,0,v
2014-10-10 12:06,6.668,0.138,0,0,0,0,v
2014-10-10 12:12,6.658,0.146,0,0,0,0,v
2014-10-10 12:18,6.671,0.128,0,0,0,0,v
2014-10-10 12:24,6.643,0.135,0,0,0,0,v
2014-10-10 12:30,6.641,0.118,0,0,0,0,v
2014-10-10 12:36,6.625,0.135,0,0,0,0,v
2014-10-10 12:42,6.602,0.132,0,0,0,0,v
2014-10-10 12:48,6.612,0.153,0,0,0,0,v
2014-10-10 12:54,6.608,0.137,0,0,0,0,v
2014-10-10 13:00,6.590,0.135,0,0,0,0,v
2014-10-10 13:06,6.585,0.135,0,0,0,0,v
2014-10-10 13:12,6.598,0.137,0,0,0,0,v
2014-10-10 13:18,6.586,0.117,0,0,0,0,v
2014-10-10 13:24,6.578,0.165,0,0,0,0,v
2014-10-10 13:30,6.575,0.137,0,0,0,0,v
2014-10-10 13:36,6.574,0.151,0,0,0,0,v
2014-10-10 13:42,6.567,0.152,0,0,0,0,v
2014-10-10 13:48,6.571,0.128,0,0,0,0,v
2014-10-10 13:54,6.570,0.132,0,0,0,0,v
2014-10-10 14:00,6.546,0.137,0,0,0,0,v
2014-10-10 14:06,6.551,0.148,0,0,0,0,v
2014-10-10 14:12,6.526,0.158,0,0,0,0,v
2014-10-10 14:18,6.531,0.174,0,0,0,0,v
2014-10-10 14:24,6.516,0.137,0,0,0,0,v
2014-10-10 14:30,6.533,0.134,0,0,0,0,v
2014-10-10 14:36,6.510,0.150,0,0,0,0,v
2014-10-10 14:42,6.521,0.143,0,0,0,0,v
2014-10-10 14:48,6.511,0.142,0,0,0,0,v
2014-10-10 14:54,6.519,0.131,0,0,0,0,v
2014-10-10 15:00,6.503,0.133,0,0,0,0,v
2014-10-10 15:06,6.530,0.145,0,0,0,0,v
2014-10-10 15:12,6.512,0.132,0,0,0,0,v
2014-10-10 15:18,6.517,0.160,0,0,0,0,v
2014-10-10 15:24,6.529,0.159,0,0,0,0,v
2014-10-10 15:30,6.526,0.140,0,0,0,0,v
2014-10-10 15:36,6.532,0.136,0,0,0,0,v
2014-10-10 15:42,6.518,0.149,0,0,0,0,v
2014-10-10 15:48,6.537,0.151,0,0,0,0,v
2014-10-10 15:54,6.537,0.140,0,0,0,0,v
2014-10-10 16:00,6.540,0.143,0,0,0,0,v
2014-10-10 16:06,6.542,0.123,0,0,0,0,v
2014-10-10 16:12,6.538,0.144,0,0,0,0,v
2014-10-10 16:18,6.552,0.135,0,0,0,0,v
2014-10-10 16:24,6.548,0.121,0,0,0,0,v
2014-10-10 16:30,6.553,0.151,0,0,0,0,v
2014-10-10 16:36,6.546,0.144,0,0,0,0,v
2014-10-10 16:42,6.552,0.128,0,0,0,0,v
2014-10-10 16:48,6.571,0.131,0,0,0,0,v
2014-10-10 16:54,6.558,0.133,0,0,0,0,v
2014-10-10 17:00,6.575,0.127,0,0,0,0,v
2014-10-10 17:06,6.566,0.142,0,0,0,0,v
2014-10-10 17:12,6.566,0.130,0,0,0,0,v
2014-10-10 17:18,6.554,0.152,0,0,0,0,v
2014-10-10 17:24,6.554,0.142,0,0,0,0,v
2014-10-10 17:30,6.567,0.139,0,0,0,0,v
2014-10-10 17:36,6.573,0.144,0,0,0,0,v
2014-10-10 17:42,6.571,0.146,0,0,0,0,v
2014-10-10 17:48,6.590,0.137,0,0,0,0,v
2014-10-10 17:54,6.611,0.146,0,0,0,0,v
2014-10-10 18:00,6.585,0.137,0,0,0,0,v
2014-10-10 18:06,6.608,0.172,0,0,0,0,v
2014-10-10 18:12,6.605,0.154,0,0,0,0,v
2014-10-10 18:18,6.636,0.147,0,0,0,0,v
2014-10-10 18:24,6.640,0.154,0,0,0,0,v
2014-10-10 18:30,6.667,0.169,0,0,0,0,v
2014-10-10 18:36,6.684,0.155,0,0,0,0,v
2014-10-10 18:42,6.671,0.178,0,0,0,0,v
2014-10-10 18:48,6.683,0.127,0,0,0,0,v
2014-10-10 18:54,6.728,0.147,0,0,0,0,v
2014-10-10 19:00,6.716,0.173,0,0,0,0,v
2014-10-10 19:06,6.736,0.147,0,0,0,0,v
2014-10-10 19:12,6.755,0.146,0,0,0,0,v
2014-10-10 19:18,6.757,0.167,0,0,0,0,v
2014-10-10 19:24,6.756,0.163,0,0,0,0,v
2014-10-10 19:30,6.758,0.177,0,0,0,0,v
2014-10-10 19:36,6.780,0.158,0,0,0,0,v
2014-10-10 19:42,6.804,0.151,0,0,0,0,v
2014-10-10 19:48,6.811,0.167,0,0,0,0,v
2014-10-10 19:54,6.826,0.000,1,0,0,0,v
2014-10-10 20:00,6.841,0.000,0,0,0,0,v
2014-10-10 20:06,6.848,0.147,0,0,0,0,v
2014-10-10 20:12,6.839,0.180,0,0,0,0,v
2014-10-10 20:18,6.873,0.150,0,0,0,0,v
2014-10-10 20:24,6.878,0.189,0,0,0,0,v
2014-10-10 20:30,6.897,0.173,0,0,0,0,v
2014-10-10 20:36,6.881,0.169,0,0,0,0,v
2014-10-10 20:42,6.898,0.152,0,0,0,0,v
2014-10-10 20:48,6.902,0.164,0,0,0,0,v
2014-10-10 20:54,6.928,0.161,0,0,0,0,v
2014-10-10 21:00,6.934,0.163,0,0,0,0,v
2014-10-10 21:06,6.958,0.180,0,0,0,0,v
2014-10-10 21:12,6.966,0.161,0,0,0,0,v
2014-10-10 21:18,6.954,0.172,0,0,0,0,v
2014-10-10 21:24,6.970,0.162,0,0,0,0,v
2014-10-10 21:30,6.982,0.161,0,0,0,0,v
2014-10-10 21:36,6.976,0.182,0,0,0,0,v
2014-10-10 21:42,6.984,0.184,0,0,0,0,v
2014-10-10 21:48,6.989,0.168,0,0,0,0,v
2014-10-10 21:54,7.003,0.138,0,0,0,0,v
2014-10-10 22:00,7.005,0.166,0,0,0,0,v
2014-10-10 22:06,7.036,0.165,0,0,0,0,v
2014-10-10 22:12,7.032,0.156,0,0,0,0,v
2014-10-10 22:18,7.021,0.137,0,0,0,0,v
2014-10-10 22:24,7.003,0.141,0,0,0,0,v
2014-10-10 22:30,7.008,0.164,0,0,0,0,v
2014-10-10 22:36,7.007,0.141,0,0,0,0,v
2014-10-10 22:42,7.011,0.000,1,0,0,0,v
2014-10-10 22:48,7.021,0.000,1,0,0,0,v
2014-10-10 22:54,7.037,0.000,0,0,0,0,v
2014-10-10 23:00,7.042,0.163,0,0,0,0,v
2014-10-10 23:06,7.036,0.114,0,0,0,0,v
2014-10-10 23:12,7.025,0.153,0,0,0,0,v
2014-10-10 23:18,7.023,0.181,0,0,0,0,v
2014-10-10 23:24,7.039,0.191,0,0,0,0,v
2014-10-10 23:30,7.047,0.163,0,0,0,0,v
2014-10-10 23:36,7.034,0.159,0,0,0,0,v
2014-10-10 23:42,7.045,0.156,0,0,0,0,v
2014-10-10 23:48,7.020,0.138,0,0,0,0,v
2014-10-10 23:54,7.031,0.147,0,0,0,0,v
2014-10-11 00:00,7.024,0.184,0,0,0,0,v
2014-10-11 00:06,7.019,0.131,0,0,0,0,v
2014-10-11 00:12,7.023,0.161,0,0,0,0,v
2014-10-11 00:18,7.020,0.156,0,0,0,0,v
2014-10-11 00:24,7.012,0.136,0,0,0,0,v
2014-10-11 00:30,7.013,0.145,0,0,0,0,v
2014-10-11 00:36,7.005,0.149,0,0,0,0,v
2014-10-11 00:42,6.989,0.158,0,0,0,0,v
2014-10-11 00:48,7.005,0.165,0,0,0,0,v
2014-10-11 00:54,7.019,0.150,0,0,0,0,v
2014-10-11 01:00,7.034,0.141,0,0,0,0,v
2014-10-11 01:06,7.009,0.131,0,0,0,0,v
2014-10-11 01:12,6.994,0.165,0,0,0,0,v
2014-10-11 01:18,6.994,0.181,0,0,0,0,v
2014-10-11 01:24,6.995,0.155,0,0,0,0,v
2014-10-11 01:30,6.987,0.146,0,0,0,0,v
2014-10-11 01:36,6.982,0.158,0,0,0,0,v
2014-10-11 01:42,6.992,0.149,0,0,0,0,v
2014-10-11 01:48,6.987,0.137,0,0,0,0,v
2014-10-11 01:54,6.997,0.136,0,0,0,0,v
2014-10-11 02:00,7.003,0.127,0,0,0,0,v
2014-10-11 02:06,7.000,0.156,0,0,0,0,v
2014-10-11 02:12,7.018,0.144,0,0,0,0,v
2014-10-11 02:18,6.997,0.147,0,0,0,0,v
2014-10-11 02:24,6.984,0.155,0,0,0,0,v
2014-10-11 02:30,6.985,0.138,0,0,0,0,v
2014-10-11 02:36,6.966,0.140,0,0,0,0,v
2014-10-11 02:42,6.968,0.146,0,0,0,0,v
2014-10-11 02:48,6.955,0.142,0,0,0,0,v
2014-10-11 02:54,6.969,0.174,0,0,0,0,v
2014-10-11 03:00,6.970,0.167,0,0,0,0,v
2014-10-11 03:06,6.954,0.151,0,0,0,0,v
2014-10-11 03:12,6.964,0.150,0,0,0,0,v
2014-10-11 03:18,6.972,0.150,0,0,0,0,v
2014-10-11 03:24,6.974,0.143,0,0,0,0,v
2014-10-11 03:30,6.962,0.157,0,0,0,0,v
2014-10-11 03:36,6.952,0.137,0,0,0,0,v
2014-10-11 03:42,6.966,0.158,0,0,0,0,v
2014-10-11 03:48,6.962,0.165,0,0,0,0,v
2014-10-11 03:54,6.970,0.155,0,0,0,0,v
2014-10-11 04:00,6.962,0.132,0,0,0,0,v
2014-10-11 04:06,6.958,0.142,0,0,0,0,v
2014-10-11 04:12,6.963,0.139,0,0,0,0,v
2014-10-11 04:18,6.946,0.149,0,0,0,0,v
2014-10-11 04:24,6.962,0.133,0,0,0,0,v
2014-10-11 04:30,6.940,0.139,0,0,0,0,v
2014-10-11 04:36,6.941,0.128,0,0,0,0,v
2014-10-11 04:42,6.936,0.137,0,0,0,0,v
2014-10-11 04:48,6.926,0.161,0,0,0,0,v
2014-10-11 04:54,6.930,0.120,0,0,0,0,v
2014-10-11 05:00,6.938,0.142,0,0,0,0,v
2014-10-11 05:06,6.945,0.156,0,0,0,0,v
2014-10-11 05:12,6.924,0.137,0,0,0,0,v
2014-10-11 05:18,6.924,0.154,0,0,0,0,v
2014-10-11 05:24,6.911,0.151,0,0,0,0,v
2014-10-11 05:30,6.903,0.135,0,0,0,0,v
2014-10-11 05:36,6.902,0.160,0,0,0,0,v
2014-10-11 05:42,6.893,0.153,0,0,0,0,v
2014-10-11 05:48,6.883,0.154,0,0,0,0,v
2014-10-11 05:54,6.893,0.000,1,0,0,0,v
2014-10-11 06:00,6.903,0.000,0,0,0,0,v
2014-10-11 06:06,6.916,0.149,0,0,0,0,v
2014-10-11 06:12,6.903,0.133,0,0,0,0,v
2014-10-11 06:18,6.896,0.000,1,0,0,0,v
2014-10-11 06:24,6.889,0.000,0,0,0,0,v
2014-10-11 06:30,6.882,0.130,0,0,0,0,v
2014-10-11 06:36,6.863,0.150,0,0,0,0,v
2014-10-11 06:42,6.866,0.143,0,0,0,0,v
2014-10-11 06:48,6.866,0.148,0,0,0,0,v
2014-10-11 06:54,6.867,0.166,0,0,0,0,v
2014-10-11 07:00,6.866,0.150,0,0,0,0,v
2014-10-11 07:06,6.882,0.151,0,0,0,0,v
2014-10-11 07:12,6.897,0.129,0,0,0,0,v
2014-10-11 07:18,6.883,0.137,0,0,0,0,v
2014-10-11 07:24,6.883,0.136,0,0,0,0,v
2014-10-11 07:30,6.881,0.147,0,0,0,0,v
2014-10-11 07:36,6.892,0.156,0,0,0,0,v
2014-10-11 07:42,6.899,0.157,0,0,0,0,v
2014-10-11 07:48,6.896,0.139,0,0,0,0,v
2014-10-11 07:54,6.886,0.150,0,0,0,0,v
2014-10-11 08:00,6.887,0.145,0,0,0,0,v
2014-10-11 08:06,6.888,0.152,0,0,0,0,v
2014-10-11 08:12,6.896,0.133,0,0,0,0,v
2014-10-11 08:18,6.901,0.144,0,0,0,0,v
2014-10-11 08:24,6.922,0.137,0,0,0,0,v
2014-10-11 08:30,6.936,0.140,0,0,0,0,v
2014-10-11 08:36,6.936,0.136,0,0,0,0,v
2014-10-11 08:42,6.925,0.148,0,0,0,0,v
2014-10-11 08:48,6.924,0.140,0,0,0,0,v
2014-10-11 08:54,6.927,0.158,0,0,0,0,v
2014-10-11 09:00,6.929,0.148,0,0,0,0,v
2014-10-11 09:06,6.935,0.139,0,0,0,0,v
2014-10-11 09:12,6.929,0.141,0,0,0,0,v
2014-10-11 09:18,6.928,0.113,0,0,0,0,v
2014-10-11 09:24,6.902,0.166,0,0,0,0,v
2014-10-11 09:30,6.902,0.131,0,0,0,0,v
2014-10-11 09:36,6.908,0.160,0,0,0,0,v
2014-10-11 09:42,6.902,0.149,0,0,0,0,v
2014-10-11 09:48,6.886,0.137,0,0,0,0,v
2014-10-11 09:54,6.896,0.135,0,0,0,0,v
2014-10-11 10:00,6.880,0.144,0,0,0,0,v
2014-10-11 10:06,6.885,0.135,0,0,0,0,v
2014-10-11 10:12,6.879,0.126,0,0,0,0,v
2014-10-11 10:18,6.885,0.154,0,0,0,0,v
2014-10-11 10:24,6.874,0.124,0,0,0,0,v
2014-10-11 10:30,6.839,0.148,0,0,0,0,v
2014-10-11 10:36,6.829,0.145,0,0,0,0,v
2014-10-11 10:42,6.826,0.132,0,0,0,0,v
2014-10-11 10:48,6.816,0.157,0,0,0,0,v
2014-10-11 10:54,6.805,0.124,0,0,0,0,v
2014-10-11 11:00,6.798,0.151,0,0,0,0,v
2014-10-11 11:06,6.813,0.131,0,0,0,0,v
2014-10-11 11:12,6.785,0.146,0,0,0,0,v
2014-10-11 11:18,6.774,0.136,0,0,0,0,v
2014-10-11 11:24,6.772,0.137,0,0,0,0,v
2014-10-11 11:30,6.762,0.129,0,0,0,0,v
2014-10-11 11:36,6.763,0.135,0,0,0,0,v
2014-10-11 11:42,6.745,0.130,0,0,0,0,v
2014-10-11 11:48,6.744,0.126,0,0,0,0,v
2014-10-11 11:54,6.746,0.148,0,0,0,0,v
2014-10-11 12:00,6.742,0.129,0,0,0,0,v
2014-10-11 12:06,6.740,0.142,0,0,0,0,v
2014-10-11 12:12,6.726,0.144,0,0,0,0,v
2014-10-11 12:18,6.732,0.129,0,0,0,0,v
2014-10-11 12:24,6.729,0.123,0,0,0,0,v
2014-10-11 12:30,6.720,0.122,0,0,0,0,v
2014-10-11 12:36,6.705,0.133,0,0,0,0,v
2014-10-11 12:42,6.687,0.123,0,0,0,0,v
2014-10-11 12:48,6.675,0.154,0,0,0,0,v
2014-10-11 12:54,6.673,0.110,0,0,0,0,v
2014-10-11 13:00,6.674,0.116,0,0,0,0,v
2014-10-11 13:06,6.657,0.110,0,0,0,0,v
2014-10-11 13:12,6.626,0.128,0,0,0,0,v
2014-10-11 13:18,6.633,0.139,0,0,0,0,v
2014-10-11 13:24,6.624,0.124,0,0,0,0,v
2014-10-11 13:30,6.625,0.127,0,0,0,0,v
2014-10-11 13:36,6.606,0.151,0,0,0,0,v
2014-10-11 13:42,6.597,0.122,0,0,0,0,v
2014-10-11 13:48,6.563,0.107,0,0,0,0,v
2014-10-11 13:54,6.541,0.134,0,0,0,0,v
2014-10-11 14:00,6.522,0.118,0,0,0,0,v
2014-10-11 14:06,6.515,0.111,0,0,0,0,v
2014-10-11 14:12,6.513,0.000,1,0,0,0,v
2014-10-11 14:18,6.517,0.000,1,0,0,0,v
2014-10-11 14:24,6.515,0.000,0,0,0,0,v
2014-10-11 14:30,6.505,0.107,0,0,0,0,v
2014-10-11 14:36,6.483,0.126,0,0,0,0,v
2014-10-11 14:42,6.485,0.129,0,0,0,0,v
2014-10-11 14:48,6.500,0.116,0,0,0,0,v
2014-10-11 14:54,6.494,0.136,0,0,0,0,v
2014-10-11 15:00,6.508,0.101,0,0,0,0,v
2014-10-11 15:06,6.513,0.110,0,0,0,0,v
2014-10-11 15:12,6.506,0.105,0,0,0,0,v
2014-10-11 15:18,6.504,0.120,0,0,0,0,v
2014-10-11 15:24,6.498,0.113,0,0,0,0,v
2014-10-11 15:30,6.498,0.118,0,0,0,0,v
2014-10-11 15:36,6.479,0.120,0,0,0,0,v
2014-10-11 15:42,6.477,0.134,0,0,0,0,v
2014-10-11 15:48,6.502,0.120,0,0,0,0,v
2014-10-11 15:54,6.518,0.108,0,0,0,0,v
2014-10-11 16:00,6.533,0.121,0,0,0,0,v
2014-10-11 16:06,6.511,0.122,0,0,0,0,v
2014-10-11 16:12,6.530,0.107,0,0,0,0,v
2014-10-11 16:18,6.511,0.124,0,0,0,0,v
2014-10-11 16:24,6.500,0.130,0,0,0,0,v
2014-10-11 16:30,6.488,0.118,0,0,0,0,v
2014-10-11 16:36,6.491,0.149,0,0,0,0,v
2014-10-11 16:42,6.493,0.151,0,0,0,0,v
2014-10-11 16:48,6.478,0.122,0,0,0,0,v
2014-10-11 16:54,6.497,0.122,0,0,0,0,v
2014-10-11 17:00,6.477,0.123,0,0,0,0,v
2014-10-11 17:06,6.504,0.114,0,0,0,0,v
2014-10-11 17:12,6.510,0.131,0,0,0,0,v
2014-10-11 17:18,6.513,0.115,0,0,0,0,v
2014-10-11 17:24,6.520,0.114,0,0,0,0,v
2014-10-11 17:30,6.526,0.111,0,0,0,0,v
2014-10-11 17:36,6.514,0.114,0,0,0,0,v
2014-10-11 17:42,6.523,0.093,0,0,0,0,v
2014-10-11 17:48,6.504,0.110,0,0,0,0,v
2014-10-11 17:54,6.494,0.095,0,0,0,0,v
2014-10-11 18:00,6.513,0.128,0,0,0,0,v
2014-10-11 18:06,6.506,0.116,0,0,0,0,v
2014-10-11 18:12,6.517,0.122,0,0,0,0,v
2014-10-11 18:18,6.536,0.124,0,0,0,0,v
2014-10-11 18:24,6.550,0.120,0,0,0,0,v
2014-10-11 18:30,6.567,0.095,0,0,0,0,v
2014-10-11 18:36,6.579,0.112,0,0,0,0,v
2014-10-11 18:42,6.564,0.110,0,0,0,0,v
2014-10-11 18:48,6.592,0.109,0,0,0,0,v
2014-10-11 18:54,6.602,0.000,1,0,0,0,v
2014-10-11 19:00,6.613,0.000,0,0,0,0,v
2014-10-11 19:06,6.632,0.119,0,0,0,0,v
2014-10-11 19:12,6.638,0.092,0,0,0,0,v
2014-10-11 19:18,6.651,0.119,0,0,0,0,v
2014-10-11 19:24,6.641,0.120,0,0,0,0,v
2014-10-11 19:30,6.660,0.100,0,0,0,0,v
2014-10-11 19:36,6.660,0.114,0,0,0,0,v
2014-10-11 19:42,6.677,0.121,0,0,0,0,v
2014-10-11 19:48,6.704,0.108,0,0,0,0,v
2014-10-11 19:54,6.704,0.126,0,0,0,0,v
2014-10-11 20:00,6.703,0.103,0,0,0,0,v
2014-10-11 20:06,6.687,0.112,0,0,0,0,v
2014-10-11 20:12,6.718,0.090,0,0,0,0,v
2014-10-11 20:18,6.736,0.114,0,0,0,0,v
2014-10-11 20:24,6.759,0.108,0,0,0,0,v
2014-10-11 20:30,6.766,0.108,0,0,0,0,v
2014-10-11 20:36,6.771,0.115,0,0,0,0,v
2014-10-11 20:42,6.794,0.097,0,0,0,0,v
2014-10-11 20:48,6.783,0.101,0,0,0,0,v
2014-10-11 20:54,6.814,0.090,0,0,0,0,v
2014-10-11 21:00,6.830,0.116,0,0,0,0,v
2014-10-11 21:06,6.827,0.108,0,0,0,0,v
2014-10-11 21:12,6.851,0.115,0,0,0,0,v
2014-10-11 21:18,6.858,0.126,0,0,0,0,v
2014-10-11 21:24,6.852,0.109,0,0,0,0,v
2014-10-11 21:30,6.877,0.108,0,0,0,0,v
2014-10-11 21:36,6.884,0.114,0,0,0,0,v
2014-10-11 21:42,6.891,0.126,0,0,0,0,v
2014-10-11 21:48,6.911,0.112,0,0,0,0,v
2014-10-11 21:54,6.879,0.139,0,0,0,0,v
2014-10-11 22:00,6.877,0.114,0,0,0,0,v
2014-10-11 22:06,6.884,0.087,0,0,0,0,v
2014-10-11 22:12,6.898,0.106,0,0,0,0,v
2014-10-11 22:18,6.940,0.100,0,0,0,0,v
2014-10-11 22:24,6.936,0.120,0,0,0,0,v
2014-10-11 22:30,6.940,0.097,0,0,0,0,v
2014-10-11 22:36,6.934,0.121,0,0,0,0,v
2014-10-11 22:42,6.963,0.120,0,0,0,0,v
2014-10-11 22:48,6.958,0.097,0,0,0,0,v
2014-10-11 22:54,6.980,0.089,0,0,0,0,v
2014-10-11 23:00,6.978,0.093,0,0,0,0,v
2014-10-11 23:06,6.969,0.118,0,0,0,0,v
2014-10-11 23:12,6.966,0.095,0,0,0,0,v
2014-10-11 23:18,6.967,0.103,0,0,0,0,v
2014-10-11 23:24,6.977,0.095,0,0,0,0,v
2014-10-11 23:30,6.969,0.096,0,0,0,0,v
2014-10-11 23:36,6.991,0.092,0,0,0,0,v
2014-10-11 23:42,7.013,0.103,0,0,0,0,v
2014-10-11 23:48,7.004,0.099,0,0,0,0,v
2014-10-11 23:54,7.000,0.101,0,0,0,0,v
2014-10-12 00:00,7.008,0.100,0,0,0,0,v
2014-10-12 00:06,7.018,0.110,0,0,0,0,v
2014-10-12 00:12,7.038,0.098,0,0,0,0,v
2014-10-12 00:18,7.020,0.093,0,0,0,0,v
2014-10-12 00:24,7.003,0.089,0,0,0,0,v
2014-10-12 00:30,6.990,0.093,0,0,0,0,v
2014-10-12 00:36,6.988,0.090,0,0,0,0,v
2014-10-12 00:42,6.981,0.096,0,0,0,0,v
2014-10-12 00:48,6.985,0.088,0,0,0,0,v
2014-10-12 00:54,6.968,0.081,0,0,0,0,v
2014-10-12 01:00,6.992,0.087,0,0,0,0,v
2014-10-12 01:06,6.987,0.093,0,0,0,0,v
2014-10-12 01:12,7.001,0.080,0,0,0,0,v
2014-10-12 01:18,7.007,0.092,0,0,0,0,v
2014-10-12 01:24,6.971,0.091,0,0,0,0,v
2014-10-12 01:30,6.942,0.092,0,0,0,0,v
2014-10-12 01:36,6.965,0.093,0,0,0,0,v
2014-10-12 01:42,6.967,0.085,0,0,0,0,v
2014-10-12 01:48,6.962,0.096,0,0,0,0,v
2014-10-12 01:54,6.971,0.081,0,0,0,0,v
2014-10-12 02:00,6.955,0.079,0,0,0,0,v
2014-10-12 02:06,6.970,0.077,0,0,0,0,v
2014-10-12 02:12,6.970,0.088,0,0,0,0,v
2014-10-12 02:18,6.968,0.090,0,0,0,0,v
2014-10-12 02:24,6.984,0.080,0,0,0,0,v
2014-10-12 02:30,6.982,0.120,0,0,0,0,v
2014-10-12 02:36,6.972,0.094,0,0,0,0,v
2014-10-12 02:42,6.965,0.088,0,0,0,0,v
2014-10-12 02:48,6.969,0.090,0,0,0,0,v
2014-10-12 02:54,6.966,0.087,0,0,0,0,v
2014-10-12 03:00,6.954,0.093,0,0,0,0,v
2014-10-12 03:06,6.974,0.083,0,0,0,0,v
2014-10-12 03:12,6.957,0.100,0,0,0,0,v
2014-10-12 03:18,6.957,0.111,0,0,0,0,v
2014-10-12 03:24,6.921,0.095,0,0,0,0,v
2014-10-12 03:30,6.930,0.091,0,0,0,0,v
2014-10-12 03:36,6.930,0.088,0,0,0,0,v
2014-10-12 03:42,6.946,0.095,0,0,0,0,v
2014-10-12 03:48,6.957,0.107,0,0,0,0,v
2014-10-12 03:54,6.947,0.091,0,0,0,0,v
2014-10-12 04:00,6.951,0.104,0,0,0,0,v
2014-10-12 04:06,6.938,0.103,0,0,0,0,v
2014-10-12 04:12,6.946,0.099,0,0,0,0,v
2014-10-12 04:18,6.949,0.104,0,0,0,0,v
2014-10-12 04:24,6.937,0.095,0,0,0,0,v
2014-10-12 04:30,6.949,0.087,0,0,0,0,v
2014-10-12 04:36,6.940,0.092,0,0,0,0,v
2014-10-12 04:42,6.934,0.087,0,0,0,0,v
2014-10-12 04:48,6.940,0.074,0,0,0,0,v
2014-10-12 04:54,6.925,0.086,0,0,0,0,v
2014-10-12 05:00,6.925,0.115,0,0,0,0,v
2014-10-12 05:06,6.920,0.104,0,0,0,0,v
2014-10-12 05:12,6.935,0.102,0,0,0,0,v
2014-10-12 05:18,6.931,0.093,0,0,0,0,v
2014-10-12 05:24,6.932,0.089,0,0,0,0,v
2014-10-12 05:30,6.899,0.097,0,0,0,0,v
2014-10-12 05:36,6.886,0.083,0,0,0,0,v
2014-10-12 05:42,6.902,0.109,0,0,0,0,v
2014-10-12 05:48,6.899,0.098,0,0,0,0,v
2014-10-12 05:54,6.891,0.088,0,0,0,0,v
2014-10-12 06:00,6.913,0.098,0,0,0,0,v
2014-10-12 06:06,6.887,0.091,0,0,0,0,v
2014-10-12 06:12,6.890,0.087,0,0,0,0,v
2014-10-12 06:18,6.883,0.091,0,0,0,0,v
2014-10-12 06:24,6.893,0.087,0,0,0,0,v
2014-10-12 06:30,6.902,0.101,0,0,0,0,v
2014-10-12 06:36,6.879,0.088,0,0,0,0,v
2014-10-12 06:42,6.866,0.097,0,0,0,0,v
2014-10-12 06:48,6.865,0.100,0,0,0,0,v
2014-10-12 06:54,6.862,0.090,0,0,0,0,v
2014-10-12 07:00,6.866,0.094,0,0,0,0,v
2014-10-12 07:06,6.839,0.087,0,0,0,0,v
2014-10-12 07:12,6.857,0.081,0,0,0,0,v
2014-10-12 07:18,6.851,0.094,0,0,0,0,v
2014-10-12 07:24,6.875,0.092,0,0,0,0,v
2014-10-12 07:30,6.866,0.084,0,0,0,0,v
2014-10-12 07:36,6.860,0.086,0,0,0,0,v
2014-10-12 07:42,6.869,0.088,0,0,0,0,v
2014-10-12 07:48,6.868,0.086,0,0,0,0,v
2014-10-12 07:54,6.879,0.083,0,0,0,0,v
2014-10-12 08:00,6.893,0.084,0,0,0,0,v
2014-10-12 08:06,6.872,0.099,0,0,0,0,v
2014-10-12 08:12,6.891,0.091,0,0,0,0,v
2014-10-12 08:18,6.894,0.087,0,0,0,0,v
2014-10-12 08:24,6.882,0.090,0,0,0,0,v
2014-10-12 08:30,6.893,0.077,0,0,0,0,v
2014-10-12 08:36,6.908,0.086,0,0,0,0,v
2014-10-12 08:42,6.901,0.093,0,0,0,0,v
2014-10-12 08:48,6.882,0.094,0,0,0,0,v
2014-10-12 08:54,6.893,0.094,0,0,0,0,v
2014-10-12 09:00,6.905,0.085,0,0,0,0,v
2014-10-12 09:06,6.906,0.096,0,0,0,0,v
2014-10-12 09:12,6.884,0.080,0,0,0,0,v
2014-10-12 09:18,6.908,0.076,0,0,0,0,v
2014-10-12 09:24,6.898,0.080,0,0,0,0,v
2014-10-12 09:30,6.881,0.094,0,0,0,0,v
2014-10-12 09:36,6.892,0.089,0,0,0,0,v
2014-10-12 09:42,6.866,0.083,0,0,0,0,v
2014-10-12 09:48,6.871,0.090,0,0,0,0,v
2014-10-12 09:54,6.853,0.080,0,0,0,0,v
2014-10-12 10:00,6.866,0.076,0,0,0,0,v
2014-10-12 10:06,6.873,0.083,0,0,0,0,v
2014-10-12 10:12,6.856,0.082,0,0,0,0,v
2014-10-12 10:18,6.842,0.085,0,0,0,0,v
2014-10-12 10:24,6.849,0.081,0,0,0,0,v
2014-10-12 10:30,6.866,0.083,0,0,0,0,v
2014-10-12 10:36,6.848,0.085,0,0,0,0,v
2014-10-12 10:42,6.834,0.075,0,0,0,0,v
2014-10-12 10:48,6.807,0.080,0,0,0,0,v
2014-10-12 10:54,6.831,0.075,0,0,0,0,v
2014-10-12 11:00,6.820,0.079,0,0,0,0,v
2014-10-12 11:06,6.813,0.076,0,0,0,0,v
2014-10-12 11:12,6.784,0.080,0,0,0,0,v
2014-10-12 11:18,6.811,0.080,0,0,0,0,v
2014-10-12 11:24,6.793,0.079,0,0,0,0,v
2014-10-12 11:30,6.817,0.069,0,0,0,0,v
2014-10-12 11:36,6.793,0.068,0,0,0,0,v
2014-10-12 11:42,6.774,0.082,0,0,0,0,v
2014-10-12 11:48,6.777,0.079,0,0,0,0,v
2014-10-12 11:54,6.772,0.076,0,0,0,0,v
2014-10-12 12:00,6.794,0.071,0,0,0,0,v
2014-10-12 12:06,6.797,0.077,0,0,0,0,v
2014-10-12 12:12,6.780,0.068,0,0,0,0,v
2014-10-12 12:18,6.774,0.072,0,0,0,0,v
2014-10-12 12:24,6.761,0.074,0,0,0,0,v
2014-10-12 12:30,6.770,0.072,0,0,0,0,v
2014-10-12 12:36,6.751,0.074,0,0,0,0,v
2014-10-12 12:42,6.738,0.068,0,0,0,0,v
2014-10-12 12:48,6.717,0.066,0,0,0,0,v
2014-10-12 12:54,6.713,0.069,0,0,0,0,v
2014-10-12 13:00,6.716,0.068,0,0,0,0,v
2014-10-12 13:06,6.698,0.077,0,0,0,0,v
2014-10-12 13:12,6.684,0.064,0,0,0,0,v
2014-10-12 13:18,6.687,0.072,0,0,0,0,v
2014-10-12 13:24,6.684,0.067,0,0,0,0,v
2014-10-12 13:30,6.667,0.086,0,0,0,0,v
2014-10-12 13:36,6.654,0.067,0,0,0,0,v
2014-10-12 13:42,6.657,0.069,0,0,0,0,v
2014-10-12 13:48,6.662,0.076,0,0,0,0,v
2014-10-12 13:54,6.642,0.069,0,0,0,0,v
2014-10-12 14:00,6.649,0.077,0,0,0,0,v
2014-10-12 14:06,6.633,0.080,0,0,0,0,v
2014-10-12 14:12,6.616,0.068,0,0,0,0,v
2014-10-12 14:18,6.617,0.061,0,0,0,0,v
2014-10-12 14:24,6.599,0.074,0,0,0,0,v
2014-10-12 14:30,6.603,0.076,0,0,0,0,v
2014-10-12 14:36,6.576,0.079,0,0,0,0,v
2014-10-12 14:42,6.587,0.077,0,0,0,0,v
2014-10-12 14:48,6.616,0.065,0,0,0,0,v
2014-10-12 14:54,6.616,0.075,0,0,0,0,v
2014-10-12 15:00,6.615,0.069,0,0,0,0,v
2014-10-12 15:06,6.606,0.061,0,0,0,0,v
2014-10-12 15:12,6.588,0.052,0,0,0,0,v
2014-10-12 15:18,6.592,0.065,0,0,0,0,v
2014-10-12 15:24,6.587,0.071,0,0,0,0,v
2014-10-12 15:30,6.586,0.072,0,0,0,0,v
2014-10-12 15:36,6.565,0.069,0,0,0,0,v
2014-10-12 15:42,6.568,0.069,0,0,0,0,v
2014-10-12 15:48,6.571,0.054,0,0,0,0,v
2014-10-12 15:54,6.583,0.065,0,0,0,0,v
2014-10-12 16:00,6.567,0.067,0,0,0,0,v
2014-10-12 16:06,6.559,0.069,0,0,0,0,v
2014-10-12 16:12,6.556,0.068,0,0,0,0,v
2014-10-12 16:18,6.531,0.057,0,0,0,0,v
2014-10-12 16:24,6.499,0.061,0,0,0,0,v
2014-10-12 16:30,6.500,0.064,0,0,0,0,v
2014-10-12 16:36,6.489,0.076,0,0,0,0,v
2014-10-12 16:42,6.504,0.065,0,0,0,0,v
2014-10-12 16:48,6.512,0.060,0,0,0,0,v
2014-10-12 16:54,6.525,0.061,0,0,0,0,v
2014-10-12 17:00,6.525,0.067,0,0,0,0,v
2014-10-12 17:06,6.506,0.065,0,0,0,0,v
2014-10-12 17:12,6.499,0.072,0,0,0,0,v
2014-10-12 17:18,6.518,0.067,0,0,0,0,v
2014-10-12 17:24,6.551,0.066,0,0,0,0,v
2014-10-12 17:30,6.571,0.067,0,0,0,0,v
2014-10-12 17:36,6.571,0.080,0,0,0,0,v
2014-10-12 17:42,6.562,0.063,0,0,0,0,v
2014-10-12 17:48,6.445,0.074,0,0,0,0,v
2014-10-12 17:54,6.449,0.064,0,0,0,0,v
2014-10-12 18:00,6.505,0.070,0,0,0,0,v
2014-10-12 18:06,6.501,0.053,0,0,0,0,v
2014-10-12 18:12,6.512,0.064,0,0,0,0,v
2014-10-12 18:18,6.516,0.067,0,0,0,0,v
2014-10-12 18:24,6.552,0.068,0,0,0,0,v
2014-10-12 18:30,6.578,0.065,0,0,0,0,v
2014-10-12 18:36,6.570,0.066,0,0,0,0,v
2014-10-12 18:42,6.580,0.069,0,0,0,0,v
2014-10-12 18:48,6.580,0.062,0,0,0,0,v
2014-10-12 18:54,6.556,0.071,0,0,0,0,v
2014-10-12 19:00,6.557,0.075,0,0,0,0,v
2014-10-12 19:06,6.653,0.072,0,0,0,0,v
2014-10-12 19:12,6.663,0.078,0,0,0,0,v
2014-10-12 19:18,6.611,0.060,0,0,0,0,v
2014-10-12 19:24,6.620,0.074,0,0,0,0,v
2014-10-12 19:30,6.636,0.064,0,0,0,0,v
2014-10-12 19:36,6.638,0.064,0,0,0,0,v
2014-10-12 19:42,6.626,0.069,0,0,0,0,v
2014-10-12 19:48,6.658,0.074,0,0,0,0,v
2014-10-12 19:54,6.644,0.072,0,0,0,0,v
2014-10-12 20:00,6.675,0.065,0,0,0,0,v
2014-10-12 20:06,6.696,0.072,0,0,0,0,v
2014-10-12 20:12,6.684,0.072,0,0,0,0,v
2014-10-12 20:18,6.711,0.075,0,0,0,0,v
2014-10-12 20:24,6.693,0.067,0,0,0,0,v
2014-10-12 20:30,6.736,0.067,0,0,0,0,v
2014-10-12 20:36,6.721,0.077,0,0,0,0,v
2014-10-12 20:42,6.744,0.073,0,0,0,0,v
2014-10-12 20:48,6.739,0.079,0,0,0,0,v
2014-10-12 20:54,6.768,0.082,0,0,0,0,v
2014-10-12 21:00,6.743,0.070,0,0,0,0,v
2014-10-12 21:06,6.773,0.084,0,0,0,0,v
2014-10-12 21:12,6.796,0.074,0,0,0,0,v
2014-10-12 21:18,6.809,0.084,0,0,0,0,v
2014-10-12 21:24,6.804,0.089,0,0,0,0,v
2014-10-12 21:30,6.804,0.078,0,0,0,0,v
2014-10-12 21:36,6.847,0.083,0,0,0,0,v
2014-10-12 21:42,6.850,0.080,0,0,0,0,v
2014-10-12 21:48,6.845,0.083,0,0,0,0,v
2014-10-12 21:54,6.875,0.089,0,0,0,0,v
2014-10-12 22:00,6.855,0.075,0,0,0,0,v
2014-10-12 22:06,6.886,0.088,0,0,0,0,v
2014-10-12 22:12,6.897,0.085,0,0,0,0,v
2014-10-12 22:18,6.912,0.089,0,0,0,0,v
2014-10-12 22:24,6.930,0.087,0,0,0,0,v
2014-10-12 22:30,6.939,0.080,0,0,0,0,v
2014-10-12 22:36,6.936,0.096,0,0,0,0,v
2014-10-12 22:42,6.939,0.094,0,0,0,0,v
2014-10-12 22:48,6.946,0.083,0,0,0,0,v
2014-10-12 22:54,6.968,0.083,0,0,0,0,v
2014-10-12 23:00,6.944,0.087,0,0,0,0,v
2014-10-12 23:06,6.940,0.091,0,0,0,0,v
2014-10-12 23:12,6.959,0.089,0,0,0,0,v
2014-10-12 23:18,6.940,0.095,0,0,0,0,v
2014-10-12 23:24,6.963,0.103,0,0,0,0,v
2014-10-12 23:30,6.962,0.102,0,0,0,0,v
2014-10-12 23:36,6.975,0.109,0,0,0,0,v
2014-10-12 23:42,6.976,0.102,0,0,0,0,v
2014-10-12 23:48,7.008,0.096,0,0,0,0,v
2014-10-12 23:54,7.015,0.101,0,0,0,0,v
2014-10-13 00:00,7.017,0.083,0,0,0,0,v
2014-10-13 00:06,7.022,0.100,0,0,0,0,v
2014-10-13 00:12,7.045,0.100,0,0,0,0,v
2014-10-13 00:18,7.055,0.109,0,0,0,0,v
2014-10-13 00:24,7.028,0.100,0,0,0,0,v
2014-10-13 00:30,7.034,0.112,0,0,0,0,v
2014-10-13 00:36,7.036,0.105,0,0,0,0,v
2014-10-13 00:42,7.010,0.107,0,0,0,0,v
2014-10-13 00:48,7.031,0.104,0,0,0,0,v
2014-10-13 00:54,7.031,0.114,0,0,0,0,v
2014-10-13 01:00,7.042,0.105,0,0,0,0,v
2014-10-13 01:06,7.051,0.111,0,0,0,0,v
2014-10-13 01:12,7.047,0.112,0,0,0,0,v
2014-10-13 01:18,7.040,0.110,0,0,0,0,v
2014-10-13 01:24,7.044,0.127,0,0,0,0,v
2014-10-13 01:30,7.031,0.128,0,0,0,0,v
2014-10-13 01:36,7.023,0.113,0,0,0,0,v
2014-10-13 01:42,7.071,0.112,0,0,0,0,v
2014-10-13 01:48,7.052,0.134,0,0,0,0,v
2014-10-13 01:54,7.046,0.122,0,0,0,0,v
2014-10-13 02:00,7.059,0.136,0,0,0,0,v
2014-10-13 02:06,7.063,0.125,0,0,0,0,v
2014-10-13 02:12,7.057,0.134,0,0,0,0,v
2014-10-13 02:18,7.050,0.126,0,0,0,0,v
2014-10-13 02:24,7.053,0.143,0,0,0,0,v
2014-10-13 02:30,7.030,0.133,0,0,0,0,v
2014-10-13 02:36,7.033,0.141,0,0,0,0,v
2014-10-13 02:42,7.038,0.133,0,0,0,0,v
2014-10-13 02:48,7.048,0.133,0,0,0,0,v
2014-10-13 02:54,7.040,0.131,0,0,0,0,v
2014-10-13 03:00,7.037,0.141,0,0,0,0,v
2014-10-13 03:06,7.059,0.144,0,0,0,0,v
2014-10-13 03:12,7.069,0.125,0,0,0,0,v
2014-10-13 03:18,7.056,0.140,0,0,0,0,v
2014-10-13 03:24,7.047,0.115,0,0,0,0,v
2014-10-13 03:30,7.057,0.123,0,0,0,0,v
2014-10-13 03:36,7.061,0.120,0,0,0,0,v
2014-10-13 03:42,7.047,0.139,0,0,0,0,v
2014-10-13 03:48,7.039,0.129,0,0,0,0,v
2014-10-13 03:54,7.045,0.129,0,0,0,0,v
2014-10-13 04:00,7.043,0.129,0,0,0,0,v
2014-10-13 04:06,7.043,0.124,0,0,0,0,v
2014-10-13 04:12,7.025,0.137,0,0,0,0,v
2014-10-13 04:18,7.018,0.136,0,0,0,0,v
2014-10-13 04:24,7.021,0.146,0,0,0,0,v
2014-10-13 04:30,7.035,0.120,0,0,0,0,v
2014-10-13 04:36,7.043,0.159,0,0,0,0,v
2014-10-13 04:42,7.049,0.155,0,0,0,0,v
2014-10-13 04:48,7.041,0.151,0,0,0,0,v
2014-10-13 04:54,7.035,0.161,0,0,0,0,v
2014-10-13 05:00,7.038,0.124,0,0,0,0,v
2014-10-13 05:06,7.024,0.148,0,0,0,0,v
2014-10-13 05:12,7.036,0.137,0,0,0,0,v
2014-10-13 05:18,7.037,0.148,0,0,0,0,v
2014-10-13 05:24,7.027,0.160,0,0,0,0,v
2014-10-13 05:30,7.014,0.137,0,0,0,0,v
2014-10-13 05:36,7.007,0.148,0,0,0,0,v
2014-10-13 05:42,6.985,0.134,0,0,0,0,v
2014-10-13 05:48,6.998,0.153,0,0,0,0,v
2014-10-13 05:54,7.014,0.148,0,0,0,0,v
2014-10-13 06:00,7.001,0.157,0,0,0,0,v
2014-10-13 06:06,7.002,0.122,0,0,0,0,v
2014-10-13 06:12,6.993,0.154,0,0,0,0,v
2014-10-13 06:18,6.995,0.150,0,0,0,0,v
2014-10-13 06:24,6.999,0.166,0,0,0,0,v
2014-10-13 06:30,7.006,0.155,0,0,0,0,v
2014-10-13 06:36,6.991,0.174,0,0,0,0,v
2014-10-13 06:42,7.000,0.128,0,0,0,0,v
2014-10-13 06:48,7.003,0.154,0,0,0,0,v
2014-10-13 06:54,7.002,0.148,0,0,0,0,v
2014-10-13 07:00,6.978,0.151,0,0,0,0,v
2014-10-13 07:06,6.956,0.177,0,0,0,0,v
2014-10-13 07:12,6.966,0.172,0,0,0,0,v
2014-10-13 07:18,6.960,0.163,0,0,0,0,v
2014-10-13 07:24,6.922,0.175,0,0,0,0,v
2014-10-13 07:30,6.951,0.133,0,0,0,0,v
2014-10-13 07:36,6.945,0.172,0,0,0,0,v
2014-10-13 07:42,6.956,0.151,0,0,0,0,v
2014-10-13 07:48,6.945,0.156,0,0,0,0,v
2014-10-13 07:54,6.950,0.170,0,0,0,0,v
2014-10-13 08:00,6.962,0.159,0,0,0,0,v
2014-10-13 08:06,6.946,0.195,0,0,0,0,v
2014-10-13 08:12,6.950,0.178,0,0,0,0,v
2014-10-13 08:18,6.940,0.165,0,0,0,0,v
2014-10-13 08:24,6.931,0.148,0,0,0,0,v
2014-10-13 08:30,6.925,0.173,0,0,0,0,v
2014-10-13 08:36,6.934,0.178,0,0,0,0,v
2014-10-13 08:42,6.944,0.175,0,0,0,0,v
2014-10-13 08:48,6.964,0.165,0,0,0,0,v
2014-10-13 08:54,6.956,0.166,0,0,0,0,v
2014-10-13 09:00,6.948,0.173,0,0,0,0,v
2014-10-13 09:06,6.957,0.152,0,0,0,0,v
2014-10-13 09:12,6.950,0.187,0,0,0,0,v
2014-10-13 09:18,6.943,0.190,0,0,0,0,v
2014-10-13 09:24,6.954,0.184,0,0,0,0,v
2014-10-13 09:30,6.943,0.172,0,0,0,0,v
2014-10-13 09:36,6.969,0.181,0,0,0,0,v
2014-10-13 09:42,6.938,0.193,0,0,0,0,v
2014-10-13 09:48,6.940,0.171,0,0,0,0,v
2014-10-13 09:54,6.918,0.169,0,0,0,0,v
2014-10-13 10:00,6.931,0.198,0,0,0,0,v
2014-10-13 10:06,6.933,0.171,0,0,0,0,v
2014-10-13 10:12,6.901,0.181,0,0,0,0,v
2014-10-13 10:18,6.914,0.207,0,0,0,0,v
2014-10-13 10:24,6.914,0.168,0,0,0,0,v
2014-10-13 10:30,6.883,0.185,0,0,0,0,v
2014-10-13 10:36,6.896,0.175,0,0,0,0,v
2014-10-13 10:42,6.885,0.161,0,0,0,0,v
2014-10-13 10:48,6.891,0.176,0,0,0,0,v
2014-10-13 10:54,6.874,0.198,0,0,0,0,v
2014-10-13 11:00,6.869,0.184,0,0,0,0,v
2014-10-13 11:06,6.897,0.171,0,0,0,0,v
2014-10-13 11:12,6.860,0.197,0,0,0,0,v
2014-10-13 11:18,6.859,0.185,0,0,0,0,v
2014-10-13 11:24,6.830,0.186,0,0,0,0,v
2014-10-13 11:30,6.826,0.168,0,0,0,0,v
2014-10-13 11:36,6.843,0.175,0,0,0,0,v
2014-10-13 11:42,6.839,0.183,0,0,0,0,v
2014-10-13 11:48,6.842,0.178,0,0,0,0,v
2014-10-13 11:54,6.840,0.185,0,0,0,0,v
2014-10-13 12:00,6.837,0.200,0,0,0,0,v
2014-10-13 12:06,6.854,0.187,0,0,0,0,v
2014-10-13 12:12,6.864,0.189,0,0,0,0,v
2014-10-13 12:18,6.847,0.194,0,0,0,0,v
2014-10-13 12:24,6.814,0.203,0,0,0,0,v
2014-10-13 12:30,6.821,0.188,0,0,0,0,v
2014-10-13 12:36,6.797,0.177,0,0,0,0,v
2014-10-13 12:42,6.796,0.190,0,0,0,0,v
2014-10-13 12:48,6.793,0.181,0,0,0,0,v
2014-10-13 12:54,6.805,0.164,0,0,0,0,v
2014-10-13 13:00,6.801,0.176,0,0,0,0,v
2014-10-13 13:06,6.797,0.199,0,0,0,0,v
2014-10-13 13:12,6.788,0.178,0,0,0,0,v
2014-10-13 13:18,6.786,0.175,0,0,0,0,v
2014-10-13 13:24,6.752,0.192,0,0,0,0,v
2014-10-13 13:30,6.768,0.198,0,0,0,0,v
2014-10-13 13:36,6.768,0.183,0,0,0,0,v
2014-10-13 13:42,6.749,0.168,0,0,0,0,v
2014-10-13 13:48,6.709,0.181,0,0,0,0,v
2014-10-13 13:54,6.697,0.179,0,0,0,0,v
2014-10-13 14:00,6.697,0.193,0,0,0,0,v
2014-10-13 14:06,6.691,0.174,0,0,0,0,v
2014-10-13 14:12,6.682,0.156,0,0,0,0,v
2014-10-13 14:18,6.651,0.185,0,0,0,0,v
2014-10-13 14:24,6.650,0.172,0,0,0,0,v
2014-10-13 14:30,6.637,0.165,0,0,0,0,v
2014-10-13 14:36,6.638,0.163,0,0,0,0,v
2014-10-13 14:42,6.645,0.182,0,0,0,0,v
2014-10-13 14:48,6.613,0.184,0,0,0,0,v
2014-10-13 14:54,6.626,0.182,0,0,0,0,v
2014-10-13 15:00,6.637,0.165,0,0,0,0,v
2014-10-13 15:06,6.579,0.173,0,0,0,0,v
2014-10-13 15:12,6.577,0.176,0,0,0,0,v
2014-10-13 15:18,6.565,0.176,0,0,0,0,v
2014-10-13 15:24,6.573,0.164,0,0,0,0,v
2014-10-13 15:30,6.576,0.175,0,0,0,0,v
2014-10-13 15:36,6.571,0.191,0,0,0,0,v
2014-10-13 15:42,6.566,0.173,0,0,0,0,v
2014-10-13 15:48,6.560,0.159,0,0,0,0,v
2014-10-13 15:54,6.539,0.169,0,0,0,0,v
2014-10-13 16:00,6.536,0.181,0,0,0,0,v
2014-10-13 16:06,6.533,0.165,0,0,0,0,v
2014-10-13 16:12,6.512,0.164,0,0,0,0,v
2014-10-13 16:18,6.498,0.157,0,0,0,0,v
2014-10-13 16:24,6.507,0.184,0,0,0,0,v
2014-10-13 16:30,6.473,0.173,0,0,0,0,v
2014-10-13 16:36,6.467,0.167,0,0,0,0,v
2014-10-13 16:42,6.464,0.169,0,0,0,0,v
2014-10-13 16:48,6.464,0.161,0,0,0,0,v
2014-10-13 16:54,6.466,0.166,0,0,0,0,v
2014-10-13 17:00,6.456,0.159,0,0,0,0,v
2014-10-13 17:06,6.450,0.155,0,0,0,0,v
2014-10-13 17:12,6.436,0.169,0,0,0,0,v
2014-10-13 17:18,6.413,0.169,0,0,0,0,v
2014-10-13 17:24,6.389,0.185,0,0,0,0,v
2014-10-13 17:30,6.406,0.175,0,0,0,0,v
2014-10-13 17:36,6.375,0.151,0,0,0,0,v
2014-10-13 17:42,6.358,0.179,0,0,0,0,v
2014-10-13 17:48,6.355,0.147,0,0,0,0,v
2014-10-13 17:54,6.357,0.151,0,0,0,0,v
2014-10-13 18:00,6.364,0.162,0,0,0,0,v
2014-10-13 18:06,6.360,0.176,0,0,0,0,v
2014-10-13 18:12,6.357,0.177,0,0,0,0,v
2014-10-13 18:18,6.352,0.169,0,0,0,0,v
2014-10-13 18:24,6.360,0.149,0,0,0,0,v
2014-10-13 18:30,6.362,0.168,0,0,0,0,v
2014-10-13 18:36,6.383,0.177,0,0,0,0,v
2014-10-13 18:42,6.371,0.166,0,0,0,0,v
2014-10-13 18:48,6.394,0.175,0,0,0,0,v
2014-10-13 18:54,6.386,0.173,0,0,0,0,v
2014-10-13 19:00,6.385,0.173,0,0,0,0,v
2014-10-13 19:06,6.383,0.167,0,0,0,0,v
2014-10-13 19:12,6.388,0.181,0,0,0,0,v
2014-10-13 19:18,6.393,0.188,0,0,0,0,v
2014-10-13 19:24,6.414,0.163,0,0,0,0,v
2014-10-13 19:30,6.413,0.165,0,0,0,0,v
2014-10-13 19:36,6.454,0.179,0,0,0,0,v
2014-10-13 19:42,6.432,0.167,0,0,0,0,v
2014-10-13 19:48,6.450,0.149,0,0,0,0,v
2014-10-13 19:54,6.456,0.169,0,0,0,0,v
2014-10-13 20:00,6.466,0.161,0,0,0,0,v
2014-10-13 20:06,6.452,0.173,0,0,0,0,v
2014-10-13 20:12,6.473,0.155,0,0,0,0,v
2014-10-13 20:18,6.464,0.156,0,0,0,0,v
2014-10-13 20:24,6.472,0.145,0,0,0,0,v
2014-10-13 20:30,6.470,0.158,0,0,0,0,v
2014-10-13 20:36,6.478,0.149,0,0,0,0,v
2014-10-13 20:42,6.484,0.157,0,0,0,0,v
2014-10-13 20:48,6.512,0.170,0,0,0,0,v
2014-10-13 20:54,6.533,0.159,0,0,0,0,v
2014-10-13 21:00,6.528,0.146,0,0,0,0,v
2014-10-13 21:06,6.537,0.158,0,0,0,0,v
2014-10-13 21:12,6.542,0.138,0,0,0,0,v
2014-10-13 21:18,6.527,0.141,0,0,0,0,v
2014-10-13 21:24,6.529,0.157,0,0,0,0,v
2014-10-13 21:30,6.537,0.157,0,0,0,0,v
2014-10-13 21:36,6.560,0.137,0,0,0,0,v
2014-10-13 21:42,6.574,0.152,0,0,0,0,v
2014-10-13 21:48,6.556,0.138,0,0,0,0,v
2014-10-13 21:54,6.561,0.147,0,0,0,0,v
2014-10-13 22:00,6.566,0.164,0,0,0,0,v
2014-10-13 22:06,6.575,0.130,0,0,0,0,v
2014-10-13 22:12,6.586,0.133,0,0,0,0,v
2014-10-13 22:18,6.590,0.122,0,0,0,0,v
2014-10-13 22:24,6.607,0.127,0,0,0,0,v
2014-10-13 22:30,6.606,0.126,0,0,0,0,v
2014-10-13 22:36,6.612,0.140,0,0,0,0,v
2014-10-13 22:42,6.613,0.127,0,0,0,0,v
2014-10-13 22:48,6.617,0.144,0,0,0,0,v
2014-10-13 22:54,6.614,0.148,0,0,0,0,v
2014-10-13 23:00,6.649,0.128,0,0,0,0,v
2014-10-13 23:06,6.657,0.126,0,0,0,0,v
2014-10-13 23:12,6.677,0.129,0,0,0,0,v
2014-10-13 23:18,6.693,0.138,0,0,0,0,v
2014-10-13 23:24,6.703,0.115,0,0,0,0,v
2014-10-13 23:30,6.708,0.133,0,0,0,0,v
2014-10-13 23:36,6.720,0.104,0,0,0,0,v
2014-10-13 23:42,6.726,0.124,0,0,0,0,v
2014-10-13 23:48,6.720,0.093,0,0,0,0,v
2014-10-13 23:54,6.717,0.109,0,0,0,0,v
2014-10-14 00:00,6.747,0.126,0,0,0,0,v
2014-10-14 00:06,6.779,0.130,0,0,0,0,v
2014-10-14 00:12,6.774,0.118,0,0,0,0,v
2014-10-14 00:18,6.770,0.098,0,0,0,0,v
2014-10-14 00:24,6.772,0.118,0,0,0,0,v
2014-10-14 00:30,6.783,0.117,0,0,0,0,v
2014-10-14 00:36,6.792,0.120,0,0,0,0,v
2014-10-14 00:42,6.799,0.115,0,0,0,0,v
2014-10-14 00:48,6.823,0.096,0,0,0,0,v
2014-10-14 00:54,6.813,0.104,0,0,0,0,v
2014-10-14 01:00,6.807,0.113,0,0,0,0,v
2014-10-14 01:06,6.815,0.104,0,0,0,0,v
2014-10-14 01:12,6.835,0.098,0,0,0,0,v
2014-10-14 01:18,6.845,0.118,0,0,0,0,v
2014-10-14 01:24,6.835,0.090,0,0,0,0,v
2014-10-14 01:30,6.829,0.105,0,0,0,0,v
2014-10-14 01:36,6.854,0.119,0,0,0,0,v
2014-10-14 01:42,6.849,0.117,0,0,0,0,v
2014-10-14 01:48,6.859,0.099,0,0,0,0,v
2014-10-14 01:54,6.867,0.108,0,0,0,0,v
2014-10-14 02:00,6.868,0.121,0,0,0,0,v
2014-10-14 02:06,6.887,0.105,0,0,0,0,v
2014-10-14 02:12,6.875,0.136,0,0,0,0,v
2014-10-14 02:18,6.891,0.115,0,0,0,0,v
2014-10-14 02:24,6.879,0.078,0,0,0,0,v
2014-10-14 02:30,6.877,0.102,0,0,0,0,v
2014-10-14 02:36,6.893,0.093,0,0,0,0,v
2014-10-14 02:42,6.884,0.111,0,0,0,0,v
2014-10-14 02:48,6.860,0.102,0,0,0,0,v
2014-10-14 02:54,6.872,0.096,0,0,0,0,v
2014-10-14 03:00,6.846,0.111,0,0,0,0,v
2014-10-14 03:06,6.832,0.089,0,0,0,0,v
2014-10-14 03:12,6.857,0.103,0,0,0,0,v
2014-10-14 03:18,6.851,0.099,0,0,0,0,v
2014-10-14 03:24,6.857,0.089,0,0,0,0,v
2014-10-14 03:30,6.853,0.123,0,0,0,0,v
2014-10-14 03:36,6.849,0.092,0,0,0,0,v
2014-10-14 03:42,6.845,0.078,0,0,0,0,v
2014-10-14 03:48,6.870,0.099,0,0,0,0,v
2014-10-14 03:54,6.878,0.082,0,0,0,0,v
2014-10-14 04:00,6.873,0.104,0,0,0,0,v
2014-10-14 04:06,6.871,0.113,0,0,0,0,v
2014-10-14 04:12,6.877,0.077,0,0,0,0,v
2014-10-14 04:18,6.894,0.102,0,0,0,0,v
2014-10-14 04:24,6.896,0.106,0,0,0,0,v
2014-10-14 04:30,6.883,0.092,0,0,0,0,v
2014-10-14 04:36,6.886,0.089,0,0,0,0,v
2014-10-14 04:42,6.889,0.104,0,0,0,0,v
2014-10-14 04:48,6.889,0.116,0,0,0,0,v
2014-10-14 04:54,6.884,0.101,0,0,0,0,v
2014-10-14 05:00,6.891,0.112,0,0,0,0,v
2014-10-14 05:06,6.903,0.109,0,0,0,0,v
2014-10-14 05:12,6.912,0.097,0,0,0,0,v
2014-10-14 05:18,6.879,0.120,0,0,0,0,v
2014-10-14 05:24,6.862,0.107,0,0,0,0,v
2014-10-14 05:30,6.869,0.121,0,0,0,0,v
2014-10-14 05:36,6.873,0.103,0,0,0,0,v
2014-10-14 05:42,6.895,0.116,0,0,0,0,v
2014-10-14 05:48,6.888,0.113,0,0,0,0,v
2014-10-14 05:54,6.877,0.128,0,0,0,0,v
2014-10-14 06:00,6.870,0.101,0,0,0,0,v
2014-10-14 06:06,6.862,0.120,0,0,0,0,v
2014-10-14 06:12,6.859,0.109,0,0,0,0,v
2014-10-14 06:18,6.830,0.108,0,0,0,0,v
2014-10-14 06:24,6.808,0.118,0,0,0,0,v
2014-10-14 06:30,6.843,0.114,0,0,0,0,v
2014-10-14 06:36,6.841,0.110,0,0,0,0,v
2014-10-14 06:42,6.847,0.130,0,0,0,0,v
2014-10-14 06:48,6.849,0.108,0,0,0,0,v
2014-10-14 06:54,6.874,0.107,0,0,0,0,v
2014-10-14 07:00,6.875,0.121,0,0,0,0,v
2014-10-14 07:06,6.889,0.116,0,0,0,0,v
2014-10-14 07:12,6.878,0.108,0,0,0,0,v
2014-10-14 07:18,6.865,0.115,0,0,0,0,v
2014-10-14 07:24,6.886,0.116,0,0,0,0,v
2014-10-14 07:30,6.911,0.111,0,0,0,0,v
2014-10-14 07:36,6.912,0.107,0,0,0,0,v
2014-10-14 07:42,6.890,0.114,0,0,0,0,v
2014-10-14 07:48,6.904,0.098,0,0,0,0,v
2014-10-14 07:54,6.909,0.115,0,0,0,0,v
2014-10-14 08:00,6.877,0.119,0,0,0,0,v
2014-10-14 08:06,6.863,0.112,0,0,0,0,v
2014-10-14 08:12,6.890,0.116,0,0,0,0,v
2014-10-14 08:18,6.865,0.115,0,0,0,0,v
2014-10-14 08:24,6.857,0.120,0,0,0,0,v
2014-10-14 08:30,6.825,0.109,0,0,0,0,v
2014-10-14 08:36,6.815,0.101,0,0,0,0,v
2014-10-14 08:42,6.819,0.114,0,0,0,0,v
2014-10-14 08:48,6.824,0.126,0,0,0,0,v
2014-10-14 08:54,6.836,0.118,0,0,0,0,v
2014-10-14 09:00,6.848,0.121,0,0,0,0,v
2014-10-14 09:06,6.826,0.099,0,0,0,0,v
2014-10-14 09:12,6.870,0.110,0,0,0,0,v
2014-10-14 09:18,6.852,0.110,0,0,0,0,v
2014-10-14 09:24,6.849,0.098,0,0,0,0,v
2014-10-14 09:30,6.843,0.103,0,0,0,0,v
2014-10-14 09:36,6.837,0.084,0,0,0,0,v
2014-10-14 09:42,6.850,0.096,0,0,0,0,v
2014-10-14 09:48,6.853,0.096,0,0,0,0,v
2014-10-14 09:54,6.828,0.095,0,0,0,0,v
2014-10-14 10:00,6.839,0.085,0,0,0,0,v
2014-10-14 10:06,6.834,0.097,0,0,0,0,v
2014-10-14 10:12,6.842,0.095,0,0,0,0,v
2014-10-14 10:18,6.838,0.093,0,0,0,0,v
2014-10-14 10:24,6.814,0.097,0,0,0,0,v
2014-10-14 10:30,6.792,0.097,0,0,0,0,v
2014-10-14 10:36,6.791,0.114,0,0,0,0,v
2014-10-14 10:42,6.783,0.076,0,0,0,0,v
2014-10-14 10:48,6.786,0.084,0,0,0,0,v
2014-10-14 10:54,6.800,0.100,0,0,0,0,v
2014-10-14 11:00,6.818,0.094,0,0,0,0,v
2014-10-14 11:06,6.810,0.095,0,0,0,0,v
2014-10-14 11:12,6.833,0.088,0,0,0,0,v
2014-10-14 11:18,6.807,0.080,0,0,0,0,v
2014-10-14 11:24,6.788,0.096,0,0,0,0,v
2014-10-14 11:30,6.778,0.084,0,0,0,0,v
2014-10-14 11:36,6.795,0.081,0,0,0,0,v
2014-10-14 11:42,6.799,0.075,0,0,0,0,v
2014-10-14 11:48,6.779,0.073,0,0,0,0,v
2014-10-14 11:54,6.792,0.089,0,0,0,0,v
2014-10-14 12:00,6.747,0.076,0,0,0,0,v
2014-10-14 12:06,6.737,0.077,0,0,0,0,v
2014-10-14 12:12,6.773,0.088,0,0,0,0,v
2014-10-14 12:18,6.732,0.080,0,0,0,0,v
2014-10-14 12:24,6.722,0.077,0,0,0,0,v
2014-10-14 12:30,6.736,0.086,0,0,0,0,v
2014-10-14 12:36,6.714,0.089,0,0,0,0,v
2014-10-14 12:42,6.698,0.076,0,0,0,0,v
2014-10-14 12:48,6.695,0.074,0,0,0,0,v
2014-10-14 12:54,6.672,0.087,0,0,0,0,v
2014-10-14 13:00,6.694,0.071,0,0,0,0,v
2014-10-14 13:06,6.673,0.076,0,0,0,0,v
2014-10-14 13:12,6.669,0.071,0,0,0,0,v
2014-10-14 13:18,6.686,0.070,0,0,0,0,v
2014-10-14 13:24,6.681,0.077,0,0,0,0,v
2014-10-14 13:30,6.680,0.068,0,0,0,0,v
2014-10-14 13:36,6.683,0.070,0,0,0,0,v
2014-10-14 13:42,6.685,0.076,0,0,0,0,v
2014-10-14 13:48,6.669,0.063,0,0,0,0,v
2014-10-14 13:54,6.651,0.082,0,0,0,0,v
2014-10-14 14:00,6.651,0.054,0,0,0,0,v
2014-10-14 14:06,6.653,0.070,0,0,0,0,v
2014-10-14 14:12,6.645,0.072,0,0,0,0,v
2014-10-14 14:18,6.628,0.068,0,0,0,0,v
2014-10-14 14:24,6.610,0.072,0,0,0,0,v
2014-10-14 14:30,6.606,0.067,0,0,0,0,v
2014-10-14 14:36,6.599,0.068,0,0,0,0,v
2014-10-14 14:42,6.575,0.061,0,0,0,0,v
2014-10-14 14:48,6.554,0.057,0,0,0,0,v
2014-10-14 14:54,6.543,0.059,0,0,0,0,v
2014-10-14 15:00,6.540,0.057,0,0,0,0,v
2014-10-14 15:06,6.554,0.063,0,0,0,0,v
2014-10-14 15:12,6.544,0.065,0,0,0,0,v
2014-10-14 15:18,6.552,0.061,0,0,0,0,v
2014-10-14 15:24,6.542,0.071,0,0,0,0,v
2014-10-14 15:30,6.509,0.059,0,0,0,0,v
2014-10-14 15:36,6.519,0.071,0,0,0,0,v
2014-10-14 15:42,6.523,0.057,0,0,0,0,v
2014-10-14 15:48,6.511,0.057,0,0,0,0,v
2014-10-14 15:54,6.511,0.056,0,0,0,0,v
2014-10-14 16:00,6.493,0.061,0,0,0,0,v
2014-10-14 16:06,6.503,0.058,0,0,0,0,v
2014-10-14 16:12,6.474,0.055,0,0,0,0,v
2014-10-14 16:18,6.462,0.057,0,0,0,0,v
2014-10-14 16:24,6.458,0.057,0,0,0,0,v
2014-10-14 16:30,6.458,0.061,0,0,0,0,v
2014-10-14 16:36,6.433,0.054,0,0,0,0,v
2014-10-14 16:42,6.435,0.059,0,0,0,0,v
2014-10-14 16:48,6.449,0.059,0,0,0,0,v
2014-10-14 16:54,6.461,0.054,0,0,0,0,v
2014-10-14 17:00,6.448,0.051,0,0,0,0,v
2014-10-14 17:06,6.449,0.049,0,0,0,0,v
2014-10-14 17:12,6.449,0.063,0,0,0,0,v
2014-10-14 17:18,6.444,0.048,0,0,0,0,v
2014-10-14 17:24,6.441,0.049,0,0,0,0,v
2014-10-14 17:30,6.452,0.051,0,0,0,0,v
2014-10-14 17:36,6.435,0.051,0,0,0,0,v
2014-10-14 17:42,6.431,0.051,0,0,0,0,v
2014-10-14 17:48,6.433,0.054,0,0,0,0,v
2014-10-14 17:54,6.407,0.047,0,0,0,0,v
2014-10-14 18:00,6.413,0.053,0,0,0,0,v
2014-10-14 18:06,6.412,0.047,0,0,0,0,v
2014-10-14 18:12,6.393,0.046,0,0,0,0,v
2014-10-14 18:18,6.397,0.050,0,0,0,0,v
2014-10-14 18:24,6.410,0.046,0,0,0,0,v
2014-10-14 18:30,6.400,0.046,0,0,0,0,v
2014-10-14 18:36,6.406,0.043,0,0,0,0,v
2014-10-14 18:42,6.405,0.051,0,0,0,0,v
2014-10-14 18:48,6.398,0.042,0,0,0,0,v
2014-10-14 18:54,6.414,0.047,0,0,0,0,v
2014-10-14 19:00,6.402,0.047,0,0,0,0,v
2014-10-14 19:06,6.398,0.052,0,0,0,0,v
2014-10-14 19:12,6.429,0.048,0,0,0,0,v
2014-10-14 19:18,6.417,0.051,0,0,0,0,v
2014-10-14 19:24,6.408,0.041,0,0,0,0,v
2014-10-14 19:30,6.396,0.042,0,0,0,0,v
2014-10-14 19:36,6.406,0.048,0,0,0,0,v
2014-10-14 19:42,6.411,0.046,0,0,0,0,v
2014-10-14 19:48,6.396,0.044,0,0,0,0,v
2014-10-14 19:54,6.402,0.046,0,0,0,0,v
2014-10-14 20:00,6.402,0.044,0,0,0,0,v
2014-10-14 20:06,6.389,0.049,0,0,0,0,v
2014-10-14 20:12,6.394,0.039,0,0,0,0,v
2014-10-14 20:18,6.393,0.044,0,0,0,0,v
2014-10-14 20:24,6.376,0.045,0,0,0,0,v
2014-10-14 20:30,6.408,0.046,0,0,0,0,v
2014-10-14 20:36,6.425,0.037,0,0,0,0,v
2014-10-14 20:42,6.420,0.042,0,0,0,0,v
2014-10-14 20:48,6.453,0.044,0,0,0,0,v
2014-10-14 20:54,6.438,0.046,0,0,0,0,v
2014-10-14 21:00,6.449,0.042,0,0,0,0,v
2014-10-14 21:06,6.447,0.044,0,0,0,0,v
2014-10-14 21:12,6.443,0.038,0,0,0,0,v
2014-10-14 21:18,6.461,0.043,0,0,0,0,v
2014-10-14 21:24,6.481,0.040,0,0,0,0,v
2014-10-14 21:30,6.485,0.049,0,0,0,0,v
2014-10-14 21:36,6.486,0.039,0,0,0,0,v
2014-10-14 21:42,6.480,0.044,0,0,0,0,v
2014-10-14 21:48,6.496,0.048,0,0,0,0,v
2014-10-14 21:54,6.509,0.043,0,0,0,0,v
2014-10-14 22:00,6.511,0.039,0,0,0,0,v
2014-10-14 22:06,6.510,0.048,0,0,0,0,v
2014-10-14 22:12,6.510,0.039,0,0,0,0,v
2014-10-14 22:18,6.518,0.036,0,0,0,0,v
2014-10-14 22:24,6.544,0.038,0,0,0,0,v
2014-10-14 22:30,6.572,0.038,0,0,0,0,v
2014-10-14 22:36,6.568,0.040,0,0,0,0,v
2014-10-14 22:42,6.580,0.038,0,0,0,0,v
2014-10-14 22:48,6.597,0.042,0,0,0,0,v
2014-10-14 22:54,6.594,0.037,0,0,0,0,v
2014-10-14 23:00,6.594,0.041,0,0,0,0,v
2014-10-14 23:06,6.614,0.041,0,0,0,0,v
2014-10-14 23:12,6.616,0.033,0,0,0,0,v
2014-10-14 23:18,6.614,0.035,0,0,0,0,v
2014-10-14 23:24,6.632,0.032,0,0,0,0,v
2014-10-14 23:30,6.636,0.043,0,0,0,0,v
2014-10-14 23:36,6.631,0.041,0,0,0,0,v
2014-10-14 23:42,6.644,0.035,0,0,0,0,v
2014-10-14 23:48,6.646,0.033,0,0,0,0,v
2014-10-14 23:54,6.655,0.040,0,0,0,0,v
2014-10-15 00:00,6.675,0.041,0,0,0,0,v
2014-10-15 00:06,6.678,0.042,0,0,0,0,v
2014-10-15 00:12,6.681,0.036,0,0,0,0,v
2014-10-15 00:18,6.687,0.038,0,0,0,0,v
2014-10-15 00:24,6.674,0.045,0,0,0,0,v
2014-10-15 00:30,6.684,0.033,0,0,0,0,v
2014-10-15 00:36,6.684,0.039,0,0,0,0,v
2014-10-15 00:42,6.683,0.032,0,0,0,0,v
2014-10-15 00:48,6.700,0.043,0,0,0,0,v
2014-10-15 00:54,6.705,0.035,0,0,0,0,v
2014-10-15 01:00,6.692,0.040,0,0,0,0,v
2014-10-15 01:06,6.720,0.040,0,0,0,0,v
2014-10-15 01:12,6.701,0.045,0,0,0,0,v
2014-10-15 01:18,6.704,0.032,0,0,0,0,v
2014-10-15 01:24,6.709,0.038,0,0,0,0,v
2014-10-15 01:30,6.733,0.043,0,0,0,0,v
2014-10-15 01:36,6.742,0.038,0,0,0,0,v
2014-10-15 01:42,6.742,0.038,0,0,0,0,v
2014-10-15 01:48,6.756,0.036,0,0,0,0,v
2014-10-15 01:54,6.768,0.031,0,0,0,0,v
2014-10-15 02:00,6.758,0.037,0,0,0,0,v
2014-10-15 02:06,6.785,0.037,0,0,0,0,v
2014-10-15 02:12,6.794,0.032,0,0,0,0,v
2014-10-15 02:18,6.797,0.037,0,0,0,0,v
2014-10-15 02:24,6.793,0.041,0,0,0,0,v
2014-10-15 02:30,6.819,0.039,0,0,0,0,v
2014-10-15 02:36,6.805,0.033,0,0,0,0,v
2014-10-15 02:42,6.822,0.039,0,0,0,0,v
2014-10-15 02:48,6.815,0.038,0,0,0,0,v
2014-10-15 02:54,6.809,0.034,0,0,0,0,v
2014-10-15 03:00,6.805,0.038,0,0,0,0,v
2014-10-15 03:06,6.815,0.036,0,0,0,0,v
2014-10-15 03:12,6.823,0.036,0,0,0,0,v
2014-10-15 03:18,6.809,0.029,0,0,0,0,v
2014-10-15 03:24,6.803,0.033,0,0,0,0,v
2014-10-15 03:30,6.793,0.033,0,0,0,0,v
2014-10-15 03:36,6.782,0.042,0,0,0,0,v
2014-10-15 03:42,6.784,0.038,0,0,0,0,v
2014-10-15 03:48,6.793,0.031,0,0,0,0,v
2014-10-15 03:54,6.782,0.037,0,0,0,0,v
2014-10-15 04:00,6.795,0.036,0,0,0,0,v
2014-10-15 04:06,6.821,0.036,0,0,0,0,v
2014-10-15 04:12,6.800,0.034,0,0,0,0,v
2014-10-15 04:18,6.816,0.035,0,0,0,0,v
2014-10-15 04:24,6.824,0.043,0,0,0,0,v
2014-10-15 04:30,6.840,0.032,0,0,0,0,v
2014-10-15 04:36,6.828,0.034,0,0,0,0,v
2014-10-15 04:42,6.827,0.035,0,0,0,0,v
2014-10-15 04:48,6.823,0.042,0,0,0,0,v
2014-10-15 04:54,6.815,0.033,0,0,0,0,v
2014-10-15 05:00,6.799,0.032,0,0,0,0,v
2014-10-15 05:06,6.802,0.040,0,0,0,0,v
2014-10-15 05:12,6.801,0.039,0,0,0,0,v
2014-10-15 05:18,6.803,0.040,0,0,0,0,v
2014-10-15 05:24,6.826,0.034,0,0,0,0,v
2014-10-15 05:30,6.809,0.034,0,0,0,0,v
2014-10-15 05:36,6.797,0.041,0,0,0,0,v
2014-10-15 05:42,6.800,0.030,0,0,0,0,v
2014-10-15 05:48,6.802,0.035,0,0,0,0,v
2014-10-15 05:54,6.823,0.031,0,0,0,0,v
2014-10-15 06:00,6.825,0.035,0,0,0,0,v
2014-10-15 06:06,6.807,0.039,0,0,0,0,v
2014-10-15 06:12,6.810,0.032,0,0,0,0,v
2014-10-15 06:18,6.803,0.037,0,0,0,0,v
2014-10-15 06:24,6.804,0.039,0,0,0,0,v
2014-10-15 06:30,6.799,0.039,0,0,0,0,v
2014-10-15 06:36,6.793,0.041,0,0,0,0,v
2014-10-15 06:42,6.758,0.041,0,0,0,0,v
2014-10-15 06:48,6.757,0.036,0,0,0,0,v
2014-10-15 06:54,6.753,0.035,0,0,0,0,v
2014-10-15 07:00,6.741,0.037,0,0,0,0,v
2014-10-15 07:06,6.743,0.030,0,0,0,0,v
2014-10-15 07:12,6.744,0.039,0,0,0,0,v
2014-10-15 07:18,6.734,0.039,0,0,0,0,v
2014-10-15 07:24,6.725,0.037,0,0,0,0,v
2014-10-15 07:30,6.730,0.034,0,0,0,0,v
2014-10-15 07:36,6.737,0.034,0,0,0,0,v
2014-10-15 07:42,6.748,0.035,0,0,0,0,v
2014-10-15 07:48,6.741,0.036,0,0,0,0,v
2014-10-15 07:54,6.724,0.039,0,0,0,0,v
2014-10-15 08:00,6.720,0.039,0,0,0,0,v
2014-10-15 08:06,6.732,0.033,0,0,0,0,v
2014-10-15 08:12,6.734,0.039,0,0,0,0,v
2014-10-15 08:18,6.726,0.042,0,0,0,0,v
2014-10-15 08:24,6.715,0.035,0,0,0,0,v
2014-10-15 08:30,6.728,0.033,0,0,0,0,v
2014-10-15 08:36,6.738,0.035,0,0,0,0,v
2014-10-15 08:42,6.732,0.037,0,0,0,0,v
2014-10-15 08:48,6.733,0.033,0,0,0,0,v
2014-10-15 08:54,6.717,0.035,0,0,0,0,v
2014-10-15 09:00,6.723,0.044,0,0,0,0,v
2014-10-15 09:06,6.711,0.035,0,0,0,0,v
2014-10-15 09:12,6.724,0.037,0,0,0,0,v
2014-10-15 09:18,6.727,0.039,0,0,0,0,v
2014-10-15 09:24,6.724,0.043,0,0,0,0,v
2014-10-15 09:30,6.700,0.040,0,0,0,0,v
2014-10-15 09:36,6.698,0.038,0,0,0,0,v
2014-10-15 09:42,6.708,0.036,0,0,0,0,v
2014-10-15 09:48,6.726,0.041,0,0,0,0,v
2014-10-15 09:54,6.725,0.040,0,0,0,0,v
2014-10-15 10:00,6.710,0.038,0,0,0,0,v
2014-10-15 10:06,6.706,0.045,0,0,0,0,v
2014-10-15 10:12,6.716,0.035,0,0,0,0,v
2014-10-15 10:18,6.719,0.043,0,0,0,0,v
2014-10-15 10:24,6.706,0.032,0,0,0,0,v
2014-10-15 10:30,6.701,0.038,0,0,0,0,v
2014-10-15 10:36,6.678,0.037,0,0,0,0,v
2014-10-15 10:42,6.670,0.040,0,0,0,0,v
2014-10-15 10:48,6.674,0.030,0,0,0,0,v
2014-10-15 10:54,6.683,0.034,0,0,0,0,v
2014-10-15 11:00,6.676,0.037,0,0,0,0,v
2014-10-15 11:06,6.690,0.035,0,0,0,0,v
2014-10-15 11:12,6.688,0.039,0,0,0,0,v
2014-10-15 11:18,6.702,0.040,0,0,0,0,v
2014-10-15 11:24,6.710,0.034,0,0,0,0,v
2014-10-15 11:30,6.723,0.030,0,0,0,0,v
2014-10-15 11:36,6.707,0.032,0,0,0,0,v
2014-10-15 11:42,6.701,0.037,0,0,0,0,v
2014-10-15 11:48,6.691,0.038,0,0,0,0,v
2014-10-15 11:54,6.695,0.035,0,0,0,0,v
2014-10-15 12:00,6.703,0.046,0,0,0,0,v
2014-10-15 12:06,6.704,0.036,0,0,0,0,v
2014-10-15 12:12,6.697,0.033,0,0,0,0,v
2014-10-15 12:18,6.682,0.035,0,0,0,0,v
2014-10-15 12:24,6.685,0.034,0,0,0,0,v
2014-10-15 12:30,6.673,0.031,0,0,0,0,v
2014-10-15 12:36,6.655,0.029,0,0,0,0,v
2014-10-15 12:42,6.647,0.037,0,0,0,0,v
2014-10-15 12:48,6.644,0.037,0,0,0,0,v
2014-10-15 12:54,6.657,0.028,0,0,0,0,v
2014-10-15 13:00,6.647,0.034,0,0,0,0,v
2014-10-15 13:06,6.646,0.041,0,0,0,0,v
2014-10-15 13:12,6.652,0.035,0,0,0,0,v
2014-10-15 13:18,6.660,0.033,0,0,0,0,v
2014-10-15 13:24,6.635,0.029,0,0,0,0,v
2014-10-15 13:30,6.634,0.034,0,0,0,0,v
2014-10-15 13:36,6.632,0.032,0,0,0,0,v
2014-10-15 13:42,6.648,0.032,0,0,0,0,v
2014-10-15 13:48,6.652,0.032,0,0,0,0,v
2014-10-15 13:54,6.636,0.031,0,0,0,0,v
2014-10-15 14:00,6.621,0.031,0,0,0,0,v
2014-10-15 14:06,6.612,0.032,0,0,0,0,v
2014-10-15 14:12,6.617,0.040,0,0,0,0,v
2014-10-15 14:18,6.622,0.031,0,0,0,0,v
2014-10-15 14:24,6.628,0.031,0,0,0,0,v
2014-10-15 14:30,6.611,0.034,0,0,0,0,v
2014-10-15 14:36,6.607,0.031,0,0,0,0,v
2014-10-15 14:42,6.603,0.037,0,0,0,0,v
2014-10-15 14:48,6.600,0.028,0,0,0,0,v
2014-10-15 14:54,6.587,0.034,0,0,0,0,v
2014-10-15 15:00,6.603,0.039,0,0,0,0,v
2014-10-15 15:06,6.602,0.031,0,0,0,0,v
2014-10-15 15:12,6.598,0.033,0,0,0,0,v
2014-10-15 15:18,6.593,0.032,0,0,0,0,v
2014-10-15 15:24,6.584,0.033,0,0,0,0,v
2014-10-15 15:30,6.575,0.034,0,0,0,0,v
2014-10-15 15:36,6.574,0.035,0,0,0,0,v
2014-10-15 15:42,6.562,0.033,0,0,0,0,v
2014-10-15 15:48,6.557,0.029,0,0,0,0,v
2014-10-15 15:54,6.550,0.036,0,0,0,0,v
2014-10-15 16:00,6.543,0.040,0,0,0,0,v
2014-10-15 16:06,6.541,0.030,0,0,0,0,v
2014-10-15 16:12,6.525,0.029,0,0,0,0,v
2014-10-15 16:18,6.524,0.032,0,0,0,0,v
2014-10-15 16:24,6.532,0.036,0,0,0,0,v
2014-10-15 16:30,6.532,0.028,0,0,0,0,v
2014-10-15 16:36,6.525,0.035,0,0,0,0,v
2014-10-15 16:42,6.507,0.034,0,0,0,0,v
2014-10-15 16:48,6.501,0.033,0,0,0,0,v
2014-10-15 16:54,6.472,0.029,0,0,0,0,v
2014-10-15 17:00,6.474,0.030,0,0,0,0,v
2014-10-15 17:06,6.469,0.032,0,0,0,0,v
2014-10-15 17:12,6.469,0.030,0,0,0,0,v
2014-10-15 17:18,6.475,0.028,0,0,0,0,v
2014-10-15 17:24,6.476,0.032,0,0,0,0,v
2014-10-15 17:30,6.462,0.028,0,0,0,0,v
2014-10-15 17:36,6.459,0.029,0,0,0,0,v
2014-10-15 17:42,6.448,0.028,0,0,0,0,v
2014-10-15 17:48,6.441,0.035,0,0,0,0,v
2014-10-15 17:54,6.451,0.030,0,0,0,0,v
2014-10-15 18:00,6.447,0.034,0,0,0,0,v
2014-10-15 18:06,6.449,0.029,0,0,0,0,v
2014-10-15 18:12,6.441,0.029,0,0,0,0,v
2014-10-15 18:18,6.429,0.035,0,0,0,0,v
2014-10-15 18:24,6.450,0.031,0,0,0,0,v
2014-10-15 18:30,6.449,0.031,0,0,0,0,v
2014-10-15 18:36,6.451,0.033,0,0,0,0,v
2014-10-15 18:42,6.458,0.029,0,0,0,0,v
2014-10-15 18:48,6.443,0.028,0,0,0,0,v
2014-10-15 18:54,6.424,0.026,0,0,0,0,v
2014-10-15 19:00,6.435,0.033,0,0,0,0,v
2014-10-15 19:06,6.422,0.033,0,0,0,0,v
2014-10-15 19:12,6.437,0.031,0,0,0,0,v
2014-10-15 19:18,6.426,0.027,0,0,0,0,v
2014-10-15 19:24,6.436,0.030,0,0,0,0,v
2014-10-15 19:30,6.446,0.028,0,0,0,0,v
2014-10-15 19:36,6.444,0.030,0,0,0,0,v
2014-10-15 19:42,6.433,0.028,0,0,0,0,v
2014-10-15 19:48,6.450,0.026,0,0,0,0,v
2014-10-15 19:54,6.443,0.022,0,0,0,0,v
2014-10-15 20:00,6.445,0.035,0,0,0,0,v
2014-10-15 20:06,6.436,0.028,0,0,0,0,v
2014-10-15 20:12,6.441,0.031,0,0,0,0,v
2014-10-15 20:18,6.423,0.028,0,0,0,0,v
2014-10-15 20:24,6.426,0.028,0,0,0,0,v
2014-10-15 20:30,6.430,0.030,0,0,0,0,v
2014-10-15 20:36,6.436,0.029,0,0,0,0,v
2014-10-15 20:42,6.429,0.029,0,0,0,0,v
2014-10-15 20:48,6.438,0.024,0,0,0,0,v
2014-10-15 20:54,6.435,0.031,0,0,0,0,v
2014-10-15 21:00,6.446,0.026,0,0,0,0,v
2014-10-15 21:06,6.460,0.025,0,0,0,0,v
2014-10-15 21:12,6.459,0.025,0,0,0,0,v
2014-10-15 21:18,6.465,0.031,0,0,0,0,v
2014-10-15 21:24,6.461,0.030,0,0,0,0,v
2014-10-15 21:30,6.462,0.029,0,0,0,0,v
2014-10-15 21:36,6.475,0.033,0,0,0,0,v
2014-10-15 21:42,6.485,0.027,0,0,0,0,v
2014-10-15 21:48,6.492,0.031,0,0,0,0,v
2014-10-15 21:54,6.500,0.029,0,0,0,0,v
2014-10-15 22:00,6.501,0.037,0,0,0,0,v
2014-10-15 22:06,6.499,0.025,0,0,0,0,v
2014-10-15 22:12,6.499,0.036,0,0,0,0,v
2014-10-15 22:18,6.504,0.031,0,0,0,0,v
2014-10-15 22:24,6.501,0.027,0,0,0,0,v
2014-10-15 22:30,6.529,0.030,0,0,0,0,v
2014-10-15 22:36,6.526,0.025,0,0,0,0,v
2014-10-15 22:42,6.534,0.033,0,0,0,0,v
2014-10-15 22:48,6.543,0.027,0,0,0,0,v
2014-10-15 22:54,6.553,0.031,0,0,0,0,v
2014-10-15 23:00,6.556,0.027,0,0,0,0,v
2014-10-15 23:06,6.575,0.029,0,0,0,0,v
2014-10-15 23:12,6.575,0.029,0,0,0,0,v
2014-10-15 23:18,6.572,0.026,0,0,0,0,v
2014-10-15 23:24,6.570,0.034,0,0,0,0,v
2014-10-15 23:30,6.584,0.035,0,0,0,0,v
2014-10-15 23:36,6.591,0.033,0,0,0,0,v
2014-10-15 23:42,6.597,0.027,0,0,0,0,v
2014-10-15 23:48,6.611,0.034,0,0,0,0,v
2014-10-15 23:54,6.613,0.032,0,0,0,0,v
2014-10-16 00:00,6.612,0.034,0,0,0,0,v
2014-10-16 00:06,6.628,0.032,0,0,0,0,v
2014-10-16 00:12,6.619,0.030,0,0,0,0,v
2014-10-16 00:18,6.625,0.027,0,0,0,0,v
2014-10-16 00:24,6.631,0.027,0,0,0,0,v
2014-10-16 00:30,6.645,0.028,0,0,0,0,v
2014-10-16 00:36,6.651,0.033,0,0,0,0,v
2014-10-16 00:42,6.660,0.029,0,0,0,0,v
2014-10-16 00:48,6.666,0.030,0,0,0,0,v
2014-10-16 00:54,6.682,0.026,0,0,0,0,v
2014-10-16 01:00,6.674,0.030,0,0,0,0,v
2014-10-16 01:06,6.690,0.030,0,0,0,0,v
2014-10-16 01:12,6.692,0.031,0,0,0,0,v
2014-10-16 01:18,6.681,0.027,0,0,0,0,v
2014-10-16 01:24,6.705,0.035,0,0,0,0,v
2014-10-16 01:30,6.705,0.027,0,0,0,0,v
2014-10-16 01:36,6.695,0.027,0,0,0,0,v
2014-10-16 01:42,6.706,0.026,0,0,0,0,v
2014-10-16 01:48,6.716,0.028,0,0,0,0,v
2014-10-16 01:54,6.741,0.025,0,0,0,0,v
2014-10-16 02:00,6.743,0.029,0,0,0,0,v
2014-10-16 02:06,6.748,0.026,0,0,0,0,v
2014-10-16 02:12,6.753,0.026,0,0,0,0,v
2014-10-16 02:18,6.758,0.035,0,0,0,0,v
2014-10-16 02:24,6.771,0.029,0,0,0,0,v
2014-10-16 02:30,6.763,0.029,0,0,0,0,v
2014-10-16 02:36,6.765,0.030,0,0,0,0,v
2014-10-16 02:42,6.755,0.025,0,0,0,0,v
2014-10-16 02:48,6.761,0.026,0,0,0,0,v
2014-10-16 02:54,6.776,0.023,0,0,0,0,v
2014-10-16 03:00,6.795,0.029,0,0,0,0,v
2014-10-16 03:06,6.799,0.031,0,0,0,0,v
2014-10-16 03:12,6.813,0.030,0,0,0,0,v
2014-10-16 03:18,6.820,0.030,0,0,0,0,v
2014-10-16 03:24,6.815,0.027,0,0,0,0,v
2014-10-16 03:30,6.813,0.026,0,0,0,0,v
2014-10-16 03:36,6.801,0.028,0,0,0,0,v
2014-10-16 03:42,6.817,0.031,0,0,0,0,v
2014-10-16 03:48,6.818,0.031,0,0,0,0,v
2014-10-16 03:54,6.832,0.031,0,0,0,0,v
2014-10-16 04:00,6.816,0.029,0,0,0,0,v
2014-10-16 04:06,6.829,0.032,0,0,0,0,v
2014-10-16 04:12,6.825,0.026,0,0,0,0,v
2014-10-16 04:18,6.835,0.031,0,0,0,0,v
2014-10-16 04:24,6.826,0.026,0,0,0,0,v
2014-10-16 04:30,6.837,0.031,0,0,0,0,v
2014-10-16 04:36,6.823,0.031,0,0,0,0,v
2014-10-16 04:42,6.809,0.025,0,0,0,0,v
2014-10-16 04:48,6.810,0.030,0,0,0,0,v
2014-10-16 04:54,6.810,0.031,0,0,0,0,v
2014-10-16 05:00,6.799,0.028,0,0,0,0,v
2014-10-16 05:06,6.808,0.027,0,0,0,0,v
2014-10-16 05:12,6.825,0.030,0,0,0,0,v
2014-10-16 05:18,6.815,0.028,0,0,0,0,v
2014-10-16 05:24,6.823,0.032,0,0,0,0,v
2014-10-16 05:30,6.838,0.032,0,0,0,0,v
2014-10-16 05:36,6.835,0.034,0,0,0,0,v
2014-10-16 05:42,6.823,0.029,0,0,0,0,v
2014-10-16 05:48,6.829,0.033,0,0,0,0,v
2014-10-16 05:54,6.813,0.032,0,0,0,0,v
2014-10-16 06:00,6.835,0.037,0,0,0,0,v
2014-10-16 06:06,6.834,0.031,0,0,0,0,v
2014-10-16 06:12,6.840,0.035,0,0,0,0,v
2014-10-16 06:18,6.824,0.030,0,0,0,0,v
2014-10-16 06:24,6.809,0.030,0,0,0,0,v
2014-10-16 06:30,6.807,0.028,0,0,0,0,v
2014-10-16 06:36,6.806,0.032,0,0,0,0,v
2014-10-16 06:42,6.808,0.032,0,0,0,0,v
2014-10-16 06:48,6.799,0.033,0,0,0,0,v
2014-10-16 06:54,6.798,0.034,0,0,0,0,v
2014-10-16 07:00,6.803,0.035,0,0,0,0,v
2014-10-16 07:06,6.796,0.030,0,0,0,0,v
2014-10-16 07:12,6.802,0.030,0,0,0,0,v
2014-10-16 07:18,6.795,0.037,0,0,0,0,v
2014-10-16 07:24,6.793,0.035,0,0,0,0,v
2014-10-16 07:30,6.805,0.035,0,0,0,0,v
2014-10-16 07:36,6.802,0.038,0,0,0,0,v
2014-10-16 07:42,6.798,0.035,0,0,0,0,v
2014-10-16 07:48,6.797,0.035,0,0,0,0,v
2014-10-16 07:54,6.789,0.034,0,0,0,0,v
2014-10-16 08:00,6.785,0.035,0,0,0,0,v
2014-10-16 08:06,6.796,0.034,0,0,0,0,v
2014-10-16 08:12,6.794,0.032,0,0,0,0,v
2014-10-16 08:18,6.769,0.032,0,0,0,0,v
2014-10-16 08:24,6.772,0.037,0,0,0,0,v
2014-10-16 08:30,6.777,0.035,0,0,0,0,v
2014-10-16 08:36,6.782,0.035,0,0,0,0,v
2014-10-16 08:42,6.789,0.035,0,0,0,0,v
2014-10-16 08:48,6.772,0.037,0,0,0,0,v
2014-10-16 08:54,6.769,0.035,0,0,0,0,v
2014-10-16 09:00,6.755,0.034,0,0,0,0,v
2014-10-16 09:06,6.746,0.037,0,0,0,0,v
2014-10-16 09:12,6.763,0.040,0,0,0,0,v
2014-10-16 09:18,6.752,0.031,0,0,0,0,v
2014-10-16 09:24,6.750,0.034,0,0,0,0,v
2014-10-16 09:30,6.748,0.036,0,0,0,0,v
2014-10-16 09:36,6.747,0.033,0,0,0,0,v
2014-10-16 09:42,6.763,0.042,0,0,0,0,v
2014-10-16 09:48,6.762,0.032,0,0,0,0,v
2014-10-16 09:54,6.760,0.035,0,0,0,0,v
2014-10-16 10:00,6.764,0.034,0,0,0,0,v
2014-10-16 10:06,6.762,0.034,0,0,0,0,v
2014-10-16 10:12,6.762,0.034,0,0,0,0,v
2014-10-16 10:18,6.758,0.030,0,0,0,0,v
2014-10-16 10:24,6.762,0.034,0,0,0,0,v
2014-10-16 10:30,6.759,0.032,0,0,0,0,v
2014-10-16 10:36,6.756,0.031,0,0,0,0,v
2014-10-16 10:42,6.761,0.032,0,0,0,0,v
2014-10-16 10:48,6.750,0.036,0,0,0,0,v
2014-10-16 10:54,6.748,0.033,0,0,0,0,v
2014-10-16 11:00,6.749,0.037,0,0,0,0,v
2014-10-16 11:06,6.753,0.037,0,0,0,0,v
2014-10-16 11:12,6.748,0.037,0,0,0,0,v
2014-10-16 11:18,6.738,0.028,0,0,0,0,v
2014-10-16 11:24,6.739,0.038,0,0,0,0,v
2014-10-16 11:30,6.739,0.031,0,0,0,0,v
2014-10-16 11:36,6.738,0.028,0,0,0,0,v
2014-10-16 11:42,6.740,0.034,0,0,0,0,v
2014-10-16 11:48,6.754,0.034,0,0,0,0,v
2014-10-16 11:54,6.747,0.035,0,0,0,0,v
2014-10-16 12:00,6.740,0.036,0,0,0,0,v
2014-10-16 12:06,6.746,0.033,0,0,0,0,v
2014-10-16 12:12,6.725,0.035,0,0,0,0,v
2014-10-16 12:18,6.733,0.030,0,0,0,0,v
2014-10-16 12:24,6.738,0.033,0,0,0,0,v
2014-10-16 12:30,6.729,0.037,0,0,0,0,v
2014-10-16 12:36,6.722,0.040,0,0,0,0,v
2014-10-16 12:42,6.717,0.032,0,0,0,0,v
2014-10-16 12:48,6.716,0.034,0,0,0,0,v
2014-10-16 12:54,6.710,0.031,0,0,0,0,v
2014-10-16 13:00,6.722,0.032,0,0,0,0,v
2014-10-16 13:06,6.721,0.032,0,0,0,0,v
2014-10-16 13:12,6.732,0.031,0,0,0,0,v
2014-10-16 13:18,6.729,0.032,0,0,0,0,v
2014-10-16 13:24,6.722,0.034,0,0,0,0,v
2014-10-16 13:30,6.720,0.030,0,0,0,0,v
2014-10-16 13:36,6.714,0.031,0,0,0,0,v
2014-10-16 13:42,6.718,0.034,0,0,0,0,v
2014-10-16 13:48,6.709,0.032,0,0,0,0,v
2014-10-16 13:54,6.719,0.033,0,0,0,0,v
2014-10-16 14:00,6.726,0.034,0,0,0,0,v
2014-10-16 14:06,6.716,0.031,0,0,0,0,v
2014-10-16 14:12,6.721,0.031,0,0,0,0,v
2014-10-16 14:18,6.725,0.035,0,0,0,0,v
2014-10-16 14:24,6.730,0.029,0,0,0,0,v
2014-10-16 14:30,6.727,0.030,0,0,0,0,v
2014-10-16 14:36,6.745,0.031,0,0,0,0,v
2014-10-16 14:42,6.727,0.030,0,0,0,0,v
2014-10-16 14:48,6.724,0.035,0,0,0,0,v
2014-10-16 14:54,6.718,0.031,0,0,0,0,v
2014-10-16 15:00,6.711,0.034,0,0,0,0,v
2014-10-16 15:06,6.697,0.031,0,0,0,0,v
2014-10-16 15:12,6.688,0.030,0,0,0,0,v
2014-10-16 15:18,6.693,0.028,0,0,0,0,v
2014-10-16 15:24,6.690,0.034,0,0,0,0,v
2014-10-16 15:30,6.686,0.034,0,0,0,0,v
2014-10-16 15:36,6.684,0.030,0,0,0,0,v
2014-10-16 15:42,6.671,0.033,0,0,0,0,v
2014-10-16 15:48,6.672,0.035,0,0,0,0,v
2014-10-16 15:54,6.663,0.026,0,0,0,0,v
2014-10-16 16:00,6.663,0.028,0,0,0,0,v
2014-10-16 16:06,6.673,0.032,0,0,0,0,v
2014-10-16 16:12,6.678,0.031,0,0,0,0,v
2014-10-16 16:18,6.676,0.029,0,0,0,0,v
2014-10-16 16:24,6.668,0.028,0,0,0,0,v
2014-10-16 16:30,6.654,0.030,0,0,0,0,v
2014-10-16 16:36,6.647,0.029,0,0,0,0,v
2014-10-16 16:42,6.648,0.030,0,0,0,0,v
2014-10-16 16:48,6.644,0.030,0,0,0,0,v
2014-10-16 16:54,6.644,0.031,0,0,0,0,v
2014-10-16 17:00,6.640,0.031,0,0,0,0,v
2014-10-16 17:06,6.632,0.027,0,0,0,0,v
2014-10-16 17:12,6.617,0.026,0,0,0,0,v
2014-10-16 17:18,6.626,0.027,0,0,0,0,v
2014-10-16 17:24,6.615,0.030,0,0,0,0,v
2014-10-16 17:30,6.626,0.028,0,0,0,0,v
2014-10-16 17:36,6.613,0.027,0,0,0,0,v
2014-10-16 17:42,6.609,0.028,0,0,0,0,v
2014-10-16 17:48,6.603,0.031,0,0,0,0,v
2014-10-16 17:54,6.604,0.029,0,0,0,0,v
2014-10-16 18:00,6.609,0.026,0,0,0,0,v
2014-10-16 18:06,6.605,0.027,0,0,0,0,v
2014-10-16 18:12,6.596,0.028,0,0,0,0,v
2014-10-16 18:18,6.593,0.026,0,0,0,0,v
2014-10-16 18:24,6.588,0.029,0,0,0,0,v
2014-10-16 18:30,6.585,0.027,0,0,0,0,v
2014-10-16 18:36,6.584,0.027,0,0,0,0,v
2014-10-16 18:42,6.589,0.028,0,0,0,0,v
2014-10-16 18:48,6.586,0.028,0,0,0,0,v
2014-10-16 18:54,6.576,0.029,0,0,0,0,v
2014-10-16 19:00,6.566,0.030,0,0,0,0,v
2014-10-16 19:06,6.548,0.030,0,0,0,0,v
2014-10-16 19:12,6.545,0.026,0,0,0,0,v
2014-10-16 19:18,6.557,0.029,0,0,0,0,v
2014-10-16 19:24,6.564,0.032,0,0,0,0,v
2014-10-16 19:30,6.557,0.032,0,0,0,0,v
2014-10-16 19:36,6.554,0.029,0,0,0,0,v
2014-10-16 19:42,6.561,0.028,0,0,0,0,v
2014-10-16 19:48,6.561,0.026,0,0,0,0,v
2014-10-16 19:54,6.560,0.031,0,0,0,0,v
2014-10-16 20:00,6.558,0.026,0,0,0,0,v
2014-10-16 20:06,6.543,0.028,0,0,0,0,v
2014-10-16 20:12,6.542,0.030,0,0,0,0,v
2014-10-16 20:18,6.549,0.029,0,0,0,0,v
2014-10-16 20:24,6.539,0.028,0,0,0,0,v
2014-10-16 20:30,6.535,0.028,0,0,0,0,v
2014-10-16 20:36,6.552,0.028,0,0,0,0,v
2014-10-16 20:42,6.555,0.030,0,0,0,0,v
2014-10-16 20:48,6.556,0.029,0,0,0,0,v
2014-10-16 20:54,6.555,0.032,0,0,0,0,v
2014-10-16 21:00,6.556,0.033,0,0,0,0,v
2014-10-16 21:06,6.552,0.035,0,0,0,0,v
2014-10-16 21:12,6.555,0.031,0,0,0,0,v
2014-10-16 21:18,6.547,0.036,0,0,0,0,v
2014-10-16 21:24,6.545,0.036,0,0,0,0,v
2014-10-16 21:30,6.548,0.034,0,0,0,0,v
2014-10-16 21:36,6.568,0.035,0,0,0,0,v
2014-10-16 21:42,6.560,0.034,0,0,0,0,v
2014-10-16 21:48,6.551,0.037,0,0,0,0,v
2014-10-16 21:54,6.555,0.036,0,0,0,0,v
2014-10-16 22:00,6.553,0.041,0,0,0,0,v
2014-10-16 22:06,6.548,0.036,0,0,0,0,v
2014-10-16 22:12,6.547,0.047,0,0,0,0,v
2014-10-16 22:18,6.554,0.043,0,0,0,0,v
2014-10-16 22:24,6.551,0.043,0,0,0,0,v
2014-10-16 22:30,6.553,0.045,0,0,0,0,v
2014-10-16 22:36,6.555,0.042,0,0,0,0,v
2014-10-16 22:42,6.567,0.044,0,0,0,0,v
2014-10-16 22:48,6.569,0.039,0,0,0,0,v
2014-10-16 22:54,6.575,0.046,0,0,0,0,v
2014-10-16 23:00,6.566,0.045,0,0,0,0,v
2014-10-16 23:06,6.577,0.052,0,0,0,0,v
2014-10-16 23:12,6.571,0.050,0,0,0,0,v
2014-10-16 23:18,6.585,0.055,0,0,0,0,v
2014-10-16 23:24,6.586,0.048,0,0,0,0,v
2014-10-16 23:30,6.586,0.055,0,0,0,0,v
2014-10-16 23:36,6.595,0.051,0,0,0,0,v
2014-10-16 23:42,6.583,0.041,0,0,0,0,v
2014-10-16 23:48,6.587,0.050,0,0,0,0,v
2014-10-16 23:54,6.597,0.048,0,0,0,0,v
2014-10-17 00:00,6.596,0.045,0,0,0,0,v
2014-10-17 00:06,6.612,0.047,0,0,0,0,v
2014-10-17 00:12,6.623,0.054,0,0,0,0,v
2014-10-17 00:18,6.637,0.054,0,0,0,0,v
2014-10-17 00:24,6.649,0.051,0,0,0,0,v
2014-10-17 00:30,6.652,0.048,0,0,0,0,v
2014-10-17 00:36,6.646,0.061,0,0,0,0,v
2014-10-17 00:42,6.646,0.048,0,0,0,0,v
2014-10-17 00:48,6.645,0.055,0,0,0,0,v
2014-10-17 00:54,6.667,0.054,0,0,0,0,v
2014-10-17 01:00,6.681,0.043,0,0,0,0,v
2014-10-17 01:06,6.689,0.048,0,0,0,0,v
2014-10-17 01:12,6.679,0.058,0,0,0,0,v
2014-10-17 01:18,6.680,0.054,0,0,0,0,v
2014-10-17 01:24,6.692,0.052,0,0,0,0,v
2014-10-17 01:30,6.706,0.062,0,0,0,0,v
2014-10-17 01:36,6.724,0.063,0,0,0,0,v
2014-10-17 01:42,6.725,0.059,0,0,0,0,v
2014-10-17 01:48,6.727,0.063,0,0,0,0,v
2014-10-17 01:54,6.736,0.066,0,0,0,0,v
2014-10-17 02:00,6.739,0.067,0,0,0,0,v
2014-10-17 02:06,6.755,0.070,0,0,0,0,v
2014-10-17 02:12,6.749,0.073,0,0,0,0,v
2014-10-17 02:18,6.748,0.064,0,0,0,0,v
2014-10-17 02:24,6.746,0.058,0,0,0,0,v
2014-10-17 02:30,6.759,0.069,0,0,0,0,v
2014-10-17 02:36,6.759,0.075,0,0,0,0,v
2014-10-17 02:42,6.765,0.071,0,0,0,0,v
2014-10-17 02:48,6.774,0.078,0,0,0,0,v
2014-10-17 02:54,6.779,0.072,0,0,0,0,v
2014-10-17 03:00,6.793,0.075,0,0,0,0,v
2014-10-17 03:06,6.795,0.068,0,0,0,0,v
2014-10-17 03:12,6.805,0.065,0,0,0,0,v
2014-10-17 03:18,6.804,0.071,0,0,0,0,v
2014-10-17 03:24,6.788,0.075,0,0,0,0,v
2014-10-17 03:30,6.806,0.067,0,0,0,0,v
2014-10-17 03:36,6.800,0.076,0,0,0,0,v
2014-10-17 03:42,6.813,0.071,0,0,0,0,v
2014-10-17 03:48,6.809,0.074,0,0,0,0,v
2014-10-17 03:54,6.817,0.080,0,0,0,0,v
2014-10-17 04:00,6.807,0.063,0,0,0,0,v
2014-10-17 04:06,6.807,0.091,0,0,0,0,v
2014-10-17 04:12,6.816,0.072,0,0,0,0,v
2014-10-17 04:18,6.811,0.065,0,0,0,0,v
2014-10-17 04:24,6.815,0.076,0,0,0,0,v
2014-10-17 04:30,6.830,0.077,0,0,0,0,v
2014-10-17 04:36,6.845,0.074,0,0,0,0,v
2014-10-17 04:42,6.860,0.084,0,0,0,0,v
2014-10-17 04:48,6.861,0.073,0,0,0,0,v
2014-10-17 04:54,6.869,0.065,0,0,0,0,v
2014-10-17 05:00,6.877,0.068,0,0,0,0,v
2014-10-17 05:06,6.879,0.077,0,0,0,0,v
2014-10-17 05:12,6.869,0.064,0,0,0,0,v
2014-10-17 05:18,6.854,0.094,0,0,0,0,v
2014-10-17 05:24,6.862,0.058,0,0,0,0,v
2014-10-17 05:30,6.866,0.076,0,0,0,0,v
2014-10-17 05:36,6.867,0.081,0,0,0,0,v
2014-10-17 05:42,6.868,0.075,0,0,0,0,v
2014-10-17 05:48,6.866,0.089,0,0,0,0,v
2014-10-17 05:54,6.860,0.086,0,0,0,0,v
2014-10-17 06:00,6.871,0.082,0,0,0,0,v
2014-10-17 06:06,6.867,0.076,0,0,0,0,v
2014-10-17 06:12,6.867,0.074,0,0,0,0,v
2014-10-17 06:18,6.880,0.055,0,0,0,0,v
2014-10-17 06:24,6.875,0.077,0,0,0,0,v
2014-10-17 06:30,6.866,0.082,0,0,0,0,v
2014-10-17 06:36,6.872,0.067,0,0,0,0,v
2014-10-17 06:42,6.870,0.073,0,0,0,0,v
2014-10-17 06:48,6.878,0.063,0,0,0,0,v
2014-10-17 06:54,6.868,0.081,0,0,0,0,v
2014-10-17 07:00,6.847,0.058,0,0,0,0,v
2014-10-17 07:06,6.857,0.076,0,0,0,0,v
2014-10-17 07:12,6.847,0.069,0,0,0,0,v
2014-10-17 07:18,6.845,0.074,0,0,0,0,v
2014-10-17 07:24,6.853,0.064,0,0,0,0,v
2014-10-17 07:30,6.846,0.058,0,0,0,0,v
2014-10-17 07:36,6.853,0.069,0,0,0,0,v
2014-10-17 07:42,6.858,0.070,0,0,0,0,v
2014-10-17 07:48,6.858,0.066,0,0,0,0,v
2014-10-17 07:54,6.847,0.083,0,0,0,0,v
2014-10-17 08:00,6.856,0.053,0,0,0,0,v
2014-10-17 08:06,6.858,0.056,0,0,0,0,v
2014-10-17 08:12,6.866,0.065,0,0,0,0,v
2014-10-17 08:18,6.868,0.074,0,0,0,0,v
2014-10-17 08:24,6.870,0.070,0,0,0,0,v
2014-10-17 08:30,6.876,0.072,0,0,0,0,v
2014-10-17 08:36,6.879,0.068,0,0,0,0,v
2014-10-17 08:42,6.875,0.069,0,0,0,0,v
2014-10-17 08:48,6.878,0.060,0,0,0,0,v
2014-10-17 08:54,6.860,0.068,0,0,0,0,v
2014-10-17 09:00,6.860,0.070,0,0,0,0,v
2014-10-17 09:06,6.838,0.077,0,0,0,0,v
2014-10-17 09:12,6.831,0.074,0,0,0,0,v
2014-10-17 09:18,6.825,0.061,0,0,0,0,v
2014-10-17 09:24,6.826,0.079,0,0,0,0,v
2014-10-17 09:30,6.824,0.063,0,0,0,0,v
2014-10-17 09:36,6.821,0.069,0,0,0,0,v
2014-10-17 09:42,6.816,0.084,0,0,0,0,v
2014-10-17 09:48,6.809,0.075,0,0,0,0,v
2014-10-17 09:54,6.810,0.067,0,0,0,0,v
2014-10-17 10:00,6.820,0.072,0,0,0,0,v
2014-10-17 10:06,6.826,0.080,0,0,0,0,v
2014-10-17 10:12,6.813,0.084,0,0,0,0,v
2014-10-17 10:18,6.811,0.081,0,0,0,0,v
2014-10-17 10:24,6.810,0.068,0,0,0,0,v
2014-10-17 10:30,6.809,0.073,0,0,0,0,v
2014-10-17 10:36,6.802,0.071,0,0,0,0,v
2014-10-17 10:42,6.783,0.072,0,0,0,0,v
2014-10-17 10:48,6.792,0.074,0,0,0,0,v
2014-10-17 10:54,6.794,0.069,0,0,0,0,v
2014-10-17 11:00,6.790,0.074,0,0,0,0,v
2014-10-17 11:06,6.797,0.085,0,0,0,0,v
2014-10-17 11:12,6.796,0.092,0,0,0,0,v
2014-10-17 11:18,6.799,0.077,0,0,0,0,v
2014-10-17 11:24,6.785,0.076,0,0,0,0,v
2014-10-17 11:30,6.784,0.076,0,0,0,0,v
2014-10-17 11:36,6.783,0.079,0,0,0,0,v
2014-10-17 11:42,6.782,0.085,0,0,0,0,v
2014-10-17 11:48,6.792,0.074,0,0,0,0,v
2014-10-17 11:54,6.789,0.069,0,0,0,0,v
2014-10-17 12:00,6.787,0.074,0,0,0,0,v
2014-10-17 12:06,6.783,0.067,0,0,0,0,v
2014-10-17 12:12,6.774,0.090,0,0,0,0,v
2014-10-17 12:18,6.780,0.088,0,0,0,0,v
2014-10-17 12:24,6.775,0.075,0,0,0,0,v
2014-10-17 12:30,6.765,0.080,0,0,0,0,v
2014-10-17 12:36,6.759,0.085,0,0,0,0,v
2014-10-17 12:42,6.773,0.067,0,0,0,0,v
2014-10-17 12:48,6.776,0.077,0,0,0,0,v
2014-10-17 12:54,6.784,0.078,0,0,0,0,v
2014-10-17 13:00,6.777,0.085,0,0,0,0,v
2014-10-17 13:06,6.766,0.077,0,0,0,0,v
2014-10-17 13:12,6.765,0.073,0,0,0,0,v
2014-10-17 13:18,6.771,0.096,0,0,0,0,v
2014-10-17 13:24,6.782,0.078,0,0,0,0,v
2014-10-17 13:30,6.778,0.086,0,0,0,0,v
2014-10-17 13:36,6.783,0.078,0,0,0,0,v
2014-10-17 13:42,6.778,0.086,0,0,0,0,v
2014-10-17 13:48,6.783,0.075,0,0,0,0,v
2014-10-17 13:54,6.784,0.067,0,0,0,0,v
2014-10-17 14:00,6.779,0.087,0,0,0,0,v
2014-10-17 14:06,6.767,0.087,0,0,0,0,v
2014-10-17 14:12,6.764,0.078,0,0,0,0,v
2014-10-17 14:18,6.751,0.100,0,0,0,0,v
2014-10-17 14:24,6.748,0.087,0,0,0,0,v
2014-10-17 14:30,6.743,0.082,0,0,0,0,v
2014-10-17 14:36,6.748,0.073,0,0,0,0,v
2014-10-17 14:42,6.753,0.082,0,0,0,0,v
2014-10-17 14:48,6.740,0.085,0,0,0,0,v
2014-10-17 14:54,6.745,0.084,0,0,0,0,v
2014-10-17 15:00,6.735,0.085,0,0,0,0,v
2014-10-17 15:06,6.738,0.072,0,0,0,0,v
2014-10-17 15:12,6.736,0.085,0,0,0,0,v
2014-10-17 15:18,6.733,0.075,0,0,0,0,v
2014-10-17 15:24,6.726,0.091,0,0,0,0,v
2014-10-17 15:30,6.718,0.083,0,0,0,0,v
2014-10-17 15:36,6.734,0.075,0,0,0,0,v
2014-10-17 15:42,6.733,0.064,0,0,0,0,v
2014-10-17 15:48,6.750,0.065,0,0,0,0,v
2014-10-17 15:54,6.737,0.077,0,0,0,0,v
2014-10-17 16:00,6.739,0.082,0,0,0,0,v
2014-10-17 16:06,6.739,0.085,0,0,0,0,v
2014-10-17 16:12,6.746,0.076,0,0,0,0,v
2014-10-17 16:18,6.744,0.087,0,0,0,0,v
2014-10-17 16:24,6.742,0.086,0,0,0,0,v
2014-10-17 16:30,6.731,0.084,0,0,0,0,v
2014-10-17 16:36,6.728,0.069,0,0,0,0,v
2014-10-17 16:42,6.719,0.082,0,0,0,0,v
2014-10-17 16:48,6.710,0.067,0,0,0,0,v
2014-10-17 16:54,6.709,0.081,0,0,0,0,v
2014-10-17 17:00,6.694,0.080,0,0,0,0,v
2014-10-17 17:06,6.686,0.081,0,0,0,0,v
2014-10-17 17:12,6.680,0.077,0,0,0,0,v
2014-10-17 17:18,6.660,0.073,0,0,0,0,v
2014-10-17 17:24,6.682,0.062,0,0,0,0,v
2014-10-17 17:30,6.661,0.079,0,0,0,0,v
2014-10-17 17:36,6.658,0.065,0,0,0,0,v
2014-10-17 17:42,6.660,0.070,0,0,0,0,v
2014-10-17 17:48,6.637,0.080,0,0,0,0,v
2014-10-17 17:54,6.649,0.067,0,0,0,0,v
2014-10-17 18:00,6.660,0.064,0,0,0,0,v
2014-10-17 18:06,6.642,0.073,0,0,0,0,v
2014-10-17 18:12,6.634,0.072,0,0,0,0,v
2014-10-17 18:18,6.625,0.075,0,0,0,0,v
2014-10-17 18:24,6.618,0.076,0,0,0,0,v
2014-10-17 18:30,6.600,0.088,0,0,0,0,v
2014-10-17 18:36,6.608,0.067,0,0,0,0,v
2014-10-17 18:42,6.626,0.060,0,0,0,0,v
2014-10-17 18:48,6.624,0.073,0,0,0,0,v
2014-10-17 18:54,6.615,0.073,0,0,0,0,v
2014-10-17 19:00,6.605,0.065,0,0,0,0,v
2014-10-17 19:06,6.611,0.070,0,0,0,0,v
2014-10-17 19:12,6.601,0.067,0,0,0,0,v
2014-10-17 19:18,6.611,0.075,0,0,0,0,v
2014-10-17 19:24,6.608,0.067,0,0,0,0,v
2014-10-17 19:30,6.611,0.067,0,0,0,0,v
2014-10-17 19:36,6.602,0.068,0,0,0,0,v
2014-10-17 19:42,6.604,0.077,0,0,0,0,v
2014-10-17 19:48,6.593,0.077,0,0,0,0,v
2014-10-17 19:54,6.597,0.071,0,0,0,0,v
2014-10-17 20:00,6.605,0.068,0,0,0,0,v
2014-10-17 20:06,6.597,0.068,0,0,0,0,v
2014-10-17 20:12,6.603,0.065,0,0,0,0,v
2014-10-17 20:18,6.583,0.074,0,0,0,0,v
2014-10-17 20:24,6.582,0.077,0,0,0,0,v
2014-10-17 20:30,6.578,0.078,0,0,0,0,v
2014-10-17 20:36,6.581,0.070,0,0,0,0,v
2014-10-17 20:42,6.563,0.078,0,0,0,0,v
2014-10-17 20:48,6.559,0.073,0,0,0,0,v
2014-10-17 20:54,6.559,0.077,0,0,0,0,v
2014-10-17 21:00,6.566,0.064,0,0,0,0,v
2014-10-17 21:06,6.563,0.070,0,0,0,0,v
2014-10-17 21:12,6.556,0.076,0,0,0,0,v
2014-10-17 21:18,6.545,0.089,0,0,0,0,v
2014-10-17 21:24,6.560,0.070,0,0,0,0,v
2014-10-17 21:30,6.552,0.074,0,0,0,0,v
2014-10-17 21:36,6.558,0.076,0,0,0,0,v
2014-10-17 21:42,6.548,0.066,0,0,0,0,v
2014-10-17 21:48,6.544,0.059,0,0,0,0,v
2014-10-17 21:54,6.535,0.074,0,0,0,0,v
2014-10-17 22:00,6.544,0.085,0,0,0,0,v
2014-10-17 22:06,6.533,0.077,0,0,0,0,v
2014-10-17 22:12,6.535,0.070,0,0,0,0,v
2014-10-17 22:18,6.540,0.068,0,0,0,0,v
2014-10-17 22:24,6.540,0.070,0,0,0,0,v
2014-10-17 22:30,6.549,0.065,0,0,0,0,v
2014-10-17 22:36,6.553,0.071,0,0,0,0,v
2014-10-17 22:42,6.552,0.068,0,0,0,0,v
2014-10-17 22:48,6.564,0.063,0,0,0,0,v
2014-10-17 22:54,6.564,0.063,0,0,0,0,v
2014-10-17 23:00,6.561,0.067,0,0,0,0,v
2014-10-17 23:06,6.570,0.076,0,0,0,0,v
2014-10-17 23:12,6.572,0.062,0,0,0,0,v
2014-10-17 23:18,6.570,0.057,0,0,0,0,v
2014-10-17 23:24,6.569,0.063,0,0,0,0,v
2014-10-17 23:30,6.585,0.064,0,0,0,0,v
2014-10-17 23:36,6.573,0.059,0,0,0,0,v
2014-10-17 23:42,6.585,0.064,0,0,0,0,v
2014-10-17 23:48,6.582,0.059,0,0,0,0,v
2014-10-17 23:54,6.569,0.059,0,0,0,0,v
2014-10-18 00:00,6.588,0.067,0,0,0,0,v
2014-10-18 00:06,6.592,0.066,0,0,0,0,v
2014-10-18 00:12,6.595,0.060,0,0,0,0,v
2014-10-18 00:18,6.592,0.062,0,0,0,0,v
2014-10-18 00:24,6.594,0.069,0,0,0,0,v
2014-10-18 00:30,6.601,0.063,0,0,0,0,v
2014-10-18 00:36,6.603,0.064,0,0,0,0,v
2014-10-18 00:42,6.616,0.073,0,0,0,0,v
2014-10-18 00:48,6.623,0.068,0,0,0,0,v
2014-10-18 00:54,6.616,0.072,0,0,0,0,v
2014-10-18 01:00,6.616,0.063,0,0,0,0,v
2014-10-18 01:06,6.630,0.069,0,0,0,0,v
2014-10-18 01:12,6.638,0.064,0,0,0,0,v
2014-10-18 01:18,6.655,0.071,0,0,0,0,v
2014-10-18 01:24,6.642,0.069,0,0,0,0,v
2014-10-18 01:30,6.658,0.067,0,0,0,0,v
2014-10-18 01:36,6.674,0.058,0,0,0,0,v
2014-10-18 01:42,6.684,0.060,0,0,0,0,v
2014-10-18 01:48,6.683,0.071,0,0,0,0,v
2014-10-18 01:54,6.682,0.066,0,0,0,0,v
2014-10-18 02:00,6.689,0.063,0,0,0,0,v
2014-10-18 02:06,6.692,0.070,0,0,0,0,v
2014-10-18 02:12,6.690,0.067,0,0,0,0,v
2014-10-18 02:18,6.700,0.064,0,0,0,0,v
2014-10-18 02:24,6.701,0.064,0,0,0,0,v
2014-10-18 02:30,6.698,0.071,0,0,0,0,v
2014-10-18 02:36,6.708,0.073,0,0,0,0,v
2014-10-18 02:42,6.720,0.074,0,0,0,0,v
2014-10-18 02:48,6.727,0.075,0,0,0,0,v
2014-10-18 02:54,6.726,0.066,0,0,0,0,v
2014-10-18 03:00,6.729,0.078,0,0,0,0,v
2014-10-18 03:06,6.745,0.078,0,0,0,0,v
2014-10-18 03:12,6.740,0.085,0,0,0,0,v
2014-10-18 03:18,6.743,0.070,0,0,0,0,v
2014-10-18 03:24,6.749,0.075,0,0,0,0,v
2014-10-18 03:30,6.767,0.073,0,0,0,0,v
2014-10-18 03:36,6.768,0.077,0,0,0,0,v
2014-10-18 03:42,6.778,0.073,0,0,0,0,v
2014-10-18 03:48,6.779,0.076,0,0,0,0,v
2014-10-18 03:54,6.790,0.079,0,0,0,0,v
2014-10-18 04:00,6.790,0.087,0,0,0,0,v
2014-10-18 04:06,6.785,0.079,0,0,0,0,v
2014-10-18 04:12,6.788,0.077,0,0,0,0,v
2014-10-18 04:18,6.778,0.074,0,0,0,0,v
2014-10-18 04:24,6.780,0.087,0,0,0,0,v
2014-10-18 04:30,6.792,0.077,0,0,0,0,v
2014-10-18 04:36,6.805,0.072,0,0,0,0,v
2014-10-18 04:42,6.802,0.077,0,0,0,0,v
2014-10-18 04:48,6.805,0.085,0,0,0,0,v
2014-10-18 04:54,6.802,0.092,0,0,0,0,v
2014-10-18 05:00,6.801,0.082,0,0,0,0,v
2014-10-18 05:06,6.819,0.086,0,0,0,0,v
2014-10-18 05:12,6.813,0.084,0,0,0,0,v
2014-10-18 05:18,6.825,0.085,0,0,0,0,v
2014-10-18 05:24,6.836,0.078,0,0,0,0,v
2014-10-18 05:30,6.835,0.063,0,0,0,0,v
2014-10-18 05:36,6.845,0.098,0,0,0,0,v
2014-10-18 05:42,6.850,0.083,0,0,0,0,v
2014-10-18 05:48,6.849,0.084,0,0,0,0,v
2014-10-18 05:54,6.839,0.084,0,0,0,0,v
2014-10-18 06:00,6.835,0.081,0,0,0,0,v
2014-10-18 06:06,6.840,0.086,0,0,0,0,v
2014-10-18 06:12,6.839,0.084,0,0,0,0,v
2014-10-18 06:18,6.840,0.082,0,0,0,0,v
2014-10-18 06:24,6.845,0.073,0,0,0,0,v
2014-10-18 06:30,6.834,0.081,0,0,0,0,v
2014-10-18 06:36,6.834,0.100,0,0,0,0,v
2014-10-18 06:42,6.819,0.102,0,0,0,0,v
2014-10-18 06:48,6.816,0.096,0,0,0,0,v
2014-10-18 06:54,6.831,0.086,0,0,0,0,v
2014-10-18 07:00,6.837,0.078,0,0,0,0,v
2014-10-18 07:06,6.826,0.088,0,0,0,0,v
2014-10-18 07:12,6.827,0.082,0,0,0,0,v
2014-10-18 07:18,6.823,0.085,0,0,0,0,v
2014-10-18 07:24,6.812,0.102,0,0,0,0,v
2014-10-18 07:30,6.820,0.100,0,0,0,0,v
2014-10-18 07:36,6.829,0.083,0,0,0,0,v
2014-10-18 07:42,6.833,0.101,0,0,0,0,v
2014-10-18 07:48,6.822,0.097,0,0,0,0,v
2014-10-18 07:54,6.820,0.090,0,0,0,0,v
2014-10-18 08:00,6.826,0.083,0,0,0,0,v
2014-10-18 08:06,6.814,0.087,0,0,0,0,v
2014-10-18 08:12,6.818,0.092,0,0,0,0,v
2014-10-18 08:18,6.817,0.088,0,0,0,0,v
2014-10-18 08:24,6.827,0.092,0,0,0,0,v
2014-10-18 08:30,6.824,0.103,0,0,0,0,v
2014-10-18 08:36,6.822,0.088,0,0,0,0,v
2014-10-18 08:42,6.808,0.091,0,0,0,0,v
2014-10-18 08:48,6.807,0.084,0,0,0,0,v
2014-10-18 08:54,6.811,0.094,0,0,0,0,v
2014-10-18 09:00,6.813,0.100,0,0,0,0,v
2014-10-18 09:06,6.804,0.088,0,0,0,0,v
2014-10-18 09:12,6.808,0.083,0,0,0,0,v
2014-10-18 09:18,6.801,0.089,0,0,0,0,v
2014-10-18 09:24,6.792,0.082,0,0,0,0,v
2014-10-18 09:30,6.786,0.083,0,0,0,0,v
2014-10-18 09:36,6.777,0.099,0,0,0,0,v
2014-10-18 09:42,6.765,0.095,0,0,0,0,v
2014-10-18 09:48,6.784,0.089,0,0,0,0,v
2014-10-18 09:54,6.772,0.085,0,0,0,0,v
2014-10-18 10:00,6.766,0.095,0,0,0,0,v
2014-10-18 10:06,6.766,0.068,0,0,0,0,v
2014-10-18 10:12,6.764,0.105,0,0,0,0,v
2014-10-18 10:18,6.769,0.090,0,0,0,0,v
2014-10-18 10:24,6.749,0.090,0,0,0,0,v
2014-10-18 10:30,6.752,0.087,0,0,0,0,v
2014-10-18 10:36,6.757,0.081,0,0,0,0,v
2014-10-18 10:42,6.759,0.086,0,0,0,0,v
2014-10-18 10:48,6.754,0.096,0,0,0,0,v
2014-10-18 10:54,6.757,0.094,0,0,0,0,v
2014-10-18 11:00,6.758,0.076,0,0,0,0,v
2014-10-18 11:06,6.745,0.078,0,0,0,0,v
2014-10-18 11:12,6.745,0.085,0,0,0,0,v
2014-10-18 11:18,6.741,0.089,0,0,0,0,v
2014-10-18 11:24,6.747,0.081,0,0,0,0,v
2014-10-18 11:30,6.750,0.092,0,0,0,0,v
2014-10-18 11:36,6.744,0.082,0,0,0,0,v
2014-10-18 11:42,6.743,0.076,0,0,0,0,v
2014-10-18 11:48,6.738,0.082,0,0,0,0,v
2014-10-18 11:54,6.743,0.086,0,0,0,0,v
2014-10-18 12:00,6.736,0.083,0,0,0,0,v
2014-10-18 12:06,6.746,0.090,0,0,0,0,v
2014-10-18 12:12,6.744,0.096,0,0,0,0,v
2014-10-18 12:18,6.746,0.089,0,0,0,0,v
2014-10-18 12:24,6.742,0.074,0,0,0,0,v
2014-10-18 12:30,6.734,0.071,0,0,0,0,v
2014-10-18 12:36,6.742,0.081,0,0,0,0,v
2014-10-18 12:42,6.751,0.077,0,0,0,0,v
2014-10-18 12:48,6.750,0.072,0,0,0,0,v
2014-10-18 12:54,6.743,0.080,0,0,0,0,v
2014-10-18 13:00,6.743,0.086,0,0,0,0,v
2014-10-18 13:06,6.745,0.080,0,0,0,0,v
2014-10-18 13:12,6.733,0.087,0,0,0,0,v
2014-10-18 13:18,6.747,0.082,0,0,0,0,v
2014-10-18 13:24,6.740,0.075,0,0,0,0,v
2014-10-18 13:30,6.752,0.076,0,0,0,0,v
2014-10-18 13:36,6.751,0.072,0,0,0,0,v
2014-10-18 13:42,6.768,0.088,0,0,0,0,v
2014-10-18 13:48,6.770,0.076,0,0,0,0,v
2014-10-18 13:54,6.771,0.075,0,0,0,0,v
2014-10-18 14:00,6.773,0.084,0,0,0,0,v
2014-10-18 14:06,6.765,0.078,0,0,0,0,v
2014-10-18 14:12,6.755,0.077,0,0,0,0,v
2014-10-18 14:18,6.766,0.075,0,0,0,0,v
2014-10-18 14:24,6.768,0.079,0,0,0,0,v
2014-10-18 14:30,6.761,0.072,0,0,0,0,v
2014-10-18 14:36,6.769,0.077,0,0,0,0,v
2014-10-18 14:42,6.767,0.075,0,0,0,0,v
2014-10-18 14:48,6.765,0.070,0,0,0,0,v
2014-10-18 14:54,6.759,0.084,0,0,0,0,v
2014-10-18 15:00,6.755,0.074,0,0,0,0,v
2014-10-18 15:06,6.772,0.068,0,0,0,0,v
2014-10-18 15:12,6.758,0.073,0,0,0,0,v
2014-10-18 15:18,6.796,0.077,0,0,0,0,v
2014-10-18 15:24,6.811,0.080,0,0,0,0,v
2014-10-18 15:30,6.808,0.076,0,0,0,0,v
2014-10-18 15:36,6.799,0.080,0,0,0,0,v
2014-10-18 15:42,6.794,0.082,0,0,0,0,v
2014-10-18 15:48,6.792,0.077,0,0,0,0,v
2014-10-18 15:54,6.789,0.068,0,0,0,0,v
2014-10-18 16:00,6.792,0.080,0,0,0,0,v
2014-10-18 16:06,6.796,0.070,0,0,0,0,v
2014-10-18 16:12,6.784,0.069,0,0,0,0,v
2014-10-18 16:18,6.793,0.066,0,0,0,0,v
2014-10-18 16:24,6.796,0.074,0,0,0,0,v
2014-10-18 16:30,6.776,0.079,0,0,0,0,v
2014-10-18 16:36,6.797,0.074,0,0,0,0,v
2014-10-18 16:42,6.805,0.072,0,0,0,0,v
2014-10-18 16:48,6.789,0.079,0,0,0,0,v
2014-10-18 16:54,6.782,0.084,0,0,0,0,v
2014-10-18 17:00,6.796,0.072,0,0,0,0,v
2014-10-18 17:06,6.792,0.069,0,0,0,0,v
2014-10-18 17:12,6.780,0.082,0,0,0,0,v
2014-10-18 17:18,6.812,0.066,0,0,0,0,v
2014-10-18 17:24,6.790,0.080,0,0,0,0,v
2014-10-18 17:30,6.799,0.080,0,0,0,0,v
2014-10-18 17:36,6.789,0.078,0,0,0,0,v
2014-10-18 17:42,6.794,0.072,0,0,0,0,v
2014-10-18 17:48,6.782,0.077,0,0,0,0,v
2014-10-18 17:54,6.799,0.082,0,0,0,0,v
2014-10-18 18:00,6.788,0.075,0,0,0,0,v
2014-10-18 18:06,6.800,0.078,0,0,0,0,v
2014-10-18 18:12,6.800,0.078,0,0,0,0,v
2014-10-18 18:18,6.790,0.072,0,0,0,0,v
2014-10-18 18:24,6.773,0.075,0,0,0,0,v
2014-10-18 18:30,6.778,0.073,0,0,0,0,v
2014-10-18 18:36,6.771,0.081,0,0,0,0,v
2014-10-18 18:42,6.773,0.084,0,0,0,0,v
2014-10-18 18:48,6.786,0.081,0,0,0,0,v
2014-10-18 18:54,6.763,0.076,0,0,0,0,v
2014-10-18 19:00,6.773,0.078,0,0,0,0,v
2014-10-18 19:06,6.801,0.085,0,0,0,0,v
2014-10-18 19:12,6.785,0.067,0,0,0,0,v
2014-10-18 19:18,6.769,0.092,0,0,0,0,v
2014-10-18 19:24,6.777,0.076,0,0,0,0,v
2014-10-18 19:30,6.775,0.082,0,0,0,0,v
2014-10-18 19:36,6.740,0.085,0,0,0,0,v
2014-10-18 19:42,6.773,0.078,0,0,0,0,v
2014-10-18 19:48,6.756,0.073,0,0,0,0,v
2014-10-18 19:54,6.754,0.080,0,0,0,0,v
2014-10-18 20:00,6.743,0.073,0,0,0,0,v
2014-10-18 20:06,6.723,0.077,0,0,0,0,v
2014-10-18 20:12,6.702,0.073,0,0,0,0,v
2014-10-18 20:18,6.681,0.088,0,0,0,0,v
2014-10-18 20:24,6.688,0.079,0,0,0,0,v
2014-10-18 20:30,6.681,0.081,0,0,0,0,v
2014-10-18 20:36,6.663,0.095,0,0,0,0,v
2014-10-18 20:42,6.693,0.087,0,0,0,0,v
2014-10-18 20:48,6.691,0.094,0,0,0,0,v
2014-10-18 20:54,6.697,0.083,0,0,0,0,v
2014-10-18 21:00,6.701,0.091,0,0,0,0,v
2014-10-18 21:06,6.669,0.081,0,0,0,0,v
2014-10-18 21:12,6.695,0.083,0,0,0,0,v
2014-10-18 21:18,6.707,0.086,0,0,0,0,v
2014-10-18 21:24,6.707,0.065,0,0,0,0,v
2014-10-18 21:30,6.696,0.091,0,0,0,0,v
2014-10-18 21:36,6.697,0.070,0,0,0,0,v
2014-10-18 21:42,6.691,0.074,0,0,0,0,v
2014-10-18 21:48,6.685,0.085,0,0,0,0,v
2014-10-18 21:54,6.707,0.082,0,0,0,0,v
2014-10-18 22:00,6.705,0.076,0,0,0,0,v
2014-10-18 22:06,6.709,0.079,0,0,0,0,v
2014-10-18 22:12,6.715,0.076,0,0,0,0,v
2014-10-18 22:18,6.716,0.081,0,0,0,0,v
2014-10-18 22:24,6.733,0.072,0,0,0,0,v
2014-10-18 22:30,6.697,0.067,0,0,0,0,v
2014-10-18 22:36,6.687,0.083,0,0,0,0,v
2014-10-18 22:42,6.672,0.073,0,0,0,0,v
2014-10-18 22:48,6.664,0.080,0,0,0,0,v
2014-10-18 22:54,6.676,0.070,0,0,0,0,v
2014-10-18 23:00,6.680,0.064,0,0,0,0,v
2014-10-18 23:06,6.690,0.078,0,0,0,0,v
2014-10-18 23:12,6.656,0.077,0,0,0,0,v
2014-10-18 23:18,6.678,0.082,0,0,0,0,v
2014-10-18 23:24,6.707,0.067,0,0,0,0,v
2014-10-18 23:30,6.702,0.076,0,0,0,0,v
2014-10-18 23:36,6.721,0.071,0,0,0,0,v
2014-10-18 23:42,6.679,0.078,0,0,0,0,v
2014-10-18 23:48,6.685,0.077,0,0,0,0,v
2014-10-18 23:54,6.689,0.069,0,0,0,0,v
2014-10-19 00:00,6.687,0.081,0,0,0,0,v
2014-10-19 00:06,6.666,0.085,0,0,0,0,v
2014-10-19 00:12,6.682,0.081,0,0,0,0,v
2014-10-19 00:18,6.693,0.070,0,0,0,0,v
2014-10-19 00:24,6.705,0.077,0,0,0,0,v
2014-10-19 00:30,6.697,0.085,0,0,0,0,v
2014-10-19 00:36,6.693,0.083,0,0,0,0,v
2014-10-19 00:42,6.712,0.082,0,0,0,0,v
2014-10-19 00:48,6.721,0.075,0,0,0,0,v
2014-10-19 00:54,6.724,0.082,0,0,0,0,v
2014-10-19 01:00,6.731,0.087,0,0,0,0,v
2014-10-19 01:06,6.725,0.080,0,0,0,0,v
2014-10-19 01:12,6.738,0.089,0,0,0,0,v
2014-10-19 01:18,6.734,0.090,0,0,0,0,v
2014-10-19 01:24,6.738,0.080,0,0,0,0,v
2014-10-19 01:30,6.716,0.078,0,0,0,0,v
2014-10-19 01:36,6.721,0.074,0,0,0,0,v
2014-10-19 01:42,6.727,0.080,0,0,0,0,v
2014-10-19 01:48,6.730,0.094,0,0,0,0,v
2014-10-19 01:54,6.743,0.079,0,0,0,0,v
2014-10-19 02:00,6.741,0.091,0,0,0,0,v
2014-10-19 02:06,6.770,0.098,0,0,0,0,v
2014-10-19 02:12,6.781,0.100,0,0,0,0,v
2014-10-19 02:18,6.780,0.094,0,0,0,0,v
2014-10-19 02:24,6.788,0.080,0,0,0,0,v
2014-10-19 02:30,6.792,0.076,0,0,0,0,v
2014-10-19 02:36,6.782,0.084,0,0,0,0,v
2014-10-19 02:42,6.778,0.087,0,0,0,0,v
2014-10-19 02:48,6.785,0.095,0,0,0,0,v
2014-10-19 02:54,6.792,0.067,0,0,0,0,v
2014-10-19 03:00,6.812,0.094,0,0,0,0,v
2014-10-19 03:06,6.798,0.082,0,0,0,0,v
2014-10-19 03:12,6.820,0.100,0,0,0,0,v
2014-10-19 03:18,6.814,0.092,0,0,0,0,v
2014-10-19 03:24,6.831,0.095,0,0,0,0,v
2014-10-19 03:30,6.835,0.098,0,0,0,0,v
2014-10-19 03:36,6.847,0.092,0,0,0,0,v
2014-10-19 03:42,6.838,0.098,0,0,0,0,v
2014-10-19 03:48,6.836,0.100,0,0,0,0,v
2014-10-19 03:54,6.839,0.096,0,0,0,0,v
2014-10-19 04:00,6.853,0.093,0,0,0,0,v
2014-10-19 04:06,6.871,0.093,0,0,0,0,v
2014-10-19 04:12,6.858,0.105,0,0,0,0,v
2014-10-19 04:18,6.872,0.076,0,0,0,0,v
2014-10-19 04:24,6.858,0.096,0,0,0,0,v
2014-10-19 04:30,6.875,0.094,0,0,0,0,v
2014-10-19 04:36,6.880,0.090,0,0,0,0,v
2014-10-19 04:42,6.891,0.084,0,0,0,0,v
2014-10-19 04:48,6.893,0.103,0,0,0,0,v
2014-10-19 04:54,6.891,0.080,0,0,0,0,v
2014-10-19 05:00,6.882,0.104,0,0,0,0,v
2014-10-19 05:06,6.901,0.084,0,0,0,0,v
2014-10-19 05:12,6.888,0.103,0,0,0,0,v
2014-10-19 05:18,6.875,0.113,0,0,0,0,v
2014-10-19 05:24,6.872,0.108,0,0,0,0,v
2014-10-19 05:30,6.871,0.107,0,0,0,0,v
2014-10-19 05:36,6.899,0.111,0,0,0,0,v
2014-10-19 05:42,6.888,0.105,0,0,0,0,v
2014-10-19 05:48,6.900,0.083,0,0,0,0,v
2014-10-19 05:54,6.896,0.102,0,0,0,0,v
2014-10-19 06:00,6.916,0.098,0,0,0,0,v
2014-10-19 06:06,6.915,0.110,0,0,0,0,v
2014-10-19 06:12,6.938,0.093,0,0,0,0,v
2014-10-19 06:18,6.909,0.102,0,0,0,0,v
2014-10-19 06:24,6.905,0.095,0,0,0,0,v
2014-10-19 06:30,6.895,0.117,0,0,0,0,v
2014-10-19 06:36,6.877,0.106,0,0,0,0,v
2014-10-19 06:42,6.844,0.104,0,0,0,0,v
2014-10-19 06:48,6.852,0.101,0,0,0,0,v
2014-10-19 06:54,6.850,0.091,0,0,0,0,v
2014-10-19 07:00,6.845,0.109,0,0,0,0,v
2014-10-19 07:06,6.844,0.098,0,0,0,0,v
2014-10-19 07:12,6.843,0.103,0,0,0,0,v
2014-10-19 07:18,6.857,0.087,0,0,0,0,v
2014-10-19 07:24,6.854,0.114,0,0,0,0,v
2014-10-19 07:30,6.849,0.103,0,0,0,0,v
2014-10-19 07:36,6.837,0.101,0,0,0,0,v
2014-10-19 07:42,6.835,0.102,0,0,0,0,v
2014-10-19 07:48,6.830,0.096,0,0,0,0,v
2014-10-19 07:54,6.823,0.104,0,0,0,0,v
2014-10-19 08:00,6.815,0.115,0,0,0,0,v
2014-10-19 08:06,6.839,0.097,0,0,0,0,v
2014-10-19 08:12,6.836,0.112,0,0,0,0,v
2014-10-19 08:18,6.821,0.106,0,0,0,0,v
2014-10-19 08:24,6.819,0.111,0,0,0,0,v
2014-10-19 08:30,6.810,0.103,0,0,0,0,v
2014-10-19 08:36,6.830,0.101,0,0,0,0,v
2014-10-19 08:42,6.831,0.130,0,0,0,0,v
2014-10-19 08:48,6.826,0.100,0,0,0,0,v
2014-10-19 08:54,6.849,0.109,0,0,0,0,v
2014-10-19 09:00,6.856,0.115,0,0,0,0,v
2014-10-19 09:06,6.854,0.111,0,0,0,0,v
2014-10-19 09:12,6.826,0.104,0,0,0,0,v
2014-10-19 09:18,6.831,0.114,0,0,0,0,v
2014-10-19 09:24,6.832,0.101,0,0,0,0,v
2014-10-19 09:30,6.818,0.110,0,0,0,0,v
2014-10-19 09:36,6.819,0.086,0,0,0,0,v
2014-10-19 09:42,6.794,0.096,0,0,0,0,v
2014-10-19 09:48,6.774,0.119,0,0,0,0,v
2014-10-19 09:54,6.779,0.098,0,0,0,0,v
2014-10-19 10:00,6.791,0.110,0,0,0,0,v
2014-10-19 10:06,6.781,0.125,0,0,0,0,v
2014-10-19 10:12,6.780,0.103,0,0,0,0,v
2014-10-19 10:18,6.776,0.107,0,0,0,0,v
2014-10-19 10:24,6.779,0.103,0,0,0,0,v
2014-10-19 10:30,6.779,0.116,0,0,0,0,v
2014-10-19 10:36,6.761,0.119,0,0,0,0,v
2014-10-19 10:42,6.761,0.106,0,0,0,0,v
2014-10-19 10:48,6.758,0.106,0,0,0,0,v
2014-10-19 10:54,6.778,0.100,0,0,0,0,v
2014-10-19 11:00,6.777,0.100,0,0,0,0,v
2014-10-19 11:06,6.756,0.105,0,0,0,0,v
2014-10-19 11:12,6.735,0.113,0,0,0,0,v
2014-10-19 11:18,6.754,0.107,0,0,0,0,v
2014-10-19 11:24,6.755,0.112,0,0,0,0,v
2014-10-19 11:30,6.759,0.095,0,0,0,0,v
2014-10-19 11:36,6.746,0.120,0,0,0,0,v
2014-10-19 11:42,6.721,0.116,0,0,0,0,v
2014-10-19 11:48,6.726,0.098,0,0,0,0,v
2014-10-19 11:54,6.711,0.099,0,0,0,0,v
2014-10-19 12:00,6.718,0.099,0,0,0,0,v
2014-10-19 12:06,6.722,0.093,0,0,0,0,v
2014-10-19 12:12,6.714,0.112,0,0,0,0,v
2014-10-19 12:18,6.719,0.099,0,0,0,0,v
2014-10-19 12:24,6.751,0.111,0,0,0,0,v
2014-10-19 12:30,6.722,0.113,0,0,0,0,v
2014-10-19 12:36,6.731,0.110,0,0,0,0,v
2014-10-19 12:42,6.765,0.104,0,0,0,0,v
2014-10-19 12:48,6.768,0.099,0,0,0,0,v
2014-10-19 12:54,6.737,0.100,0,0,0,0,v
2014-10-19 13:00,6.752,0.084,0,0,0,0,v
2014-10-19 13:06,6.722,0.114,0,0,0,0,v
2014-10-19 13:12,6.732,0.098,0,0,0,0,v
2014-10-19 13:18,6.738,0.108,0,0,0,0,v
2014-10-19 13:24,6.740,0.109,0,0,0,0,v
2014-10-19 13:30,6.729,0.107,0,0,0,0,v
2014-10-19 13:36,6.764,0.102,0,0,0,0,v
2014-10-19 13:42,6.757,0.109,0,0,0,0,v
2014-10-19 13:48,6.761,0.101,0,0,0,0,v
2014-10-19 13:54,6.760,0.111,0,0,0,0,v
2014-10-19 14:00,6.770,0.094,0,0,0,0,v
2014-10-19 14:06,6.755,0.111,0,0,0,0,v
2014-10-19 14:12,6.733,0.102,0,0,0,0,v
2014-10-19 14:18,6.746,0.099,0,0,0,0,v
2014-10-19 14:24,6.732,0.123,0,0,0,0,v
2014-10-19 14:30,6.756,0.101,0,0,0,0,v
2014-10-19 14:36,6.754,0.114,0,0,0,0,v
2014-10-19 14:42,6.759,0.111,0,0,0,0,v
2014-10-19 14:48,6.749,0.126,0,0,0,0,v
2014-10-19 14:54,6.750,0.106,0,0,0,0,v
2014-10-19 15:00,6.770,0.102,0,0,0,0,v
2014-10-19 15:06,6.791,0.095,0,0,0,0,v
2014-10-19 15:12,6.798,0.104,0,0,0,0,v
2014-10-19 15:18,6.791,0.097,0,0,0,0,v
2014-10-19 15:24,6.792,0.108,0,0,0,0,v
2014-10-19 15:30,6.786,0.098,0,0,0,0,v
2014-10-19 15:36,6.783,0.081,0,0,0,0,v
2014-10-19 15:42,6.769,0.104,0,0,0,0,v
2014-10-19 15:48,6.770,0.108,0,0,0,0,v
2014-10-19 15:54,6.786,0.106,0,0,0,0,v
2014-10-19 16:00,6.799,0.094,0,0,0,0,v
2014-10-19 16:06,6.784,0.106,0,0,0,0,v
2014-10-19 16:12,6.805,0.108,0,0,0,0,v
2014-10-19 16:18,6.825,0.086,0,0,0,0,v
2014-10-19 16:24,6.861,0.097,0,0,0,0,v
2014-10-19 16:30,6.853,0.098,0,0,0,0,v
2014-10-19 16:36,6.850,0.102,0,0,0,0,v
2014-10-19 16:42,6.837,0.096,0,0,0,0,v
2014-10-19 16:48,6.837,0.093,0,0,0,0,v
2014-10-19 16:54,6.839,0.090,0,0,0,0,v
2014-10-19 17:00,6.830,0.101,0,0,0,0,v
2014-10-19 17:06,6.813,0.113,0,0,0,0,v
2014-10-19 17:12,6.831,0.108,0,0,0,0,v
2014-10-19 17:18,6.825,0.103,0,0,0,0,v
2014-10-19 17:24,6.834,0.104,0,0,0,0,v
2014-10-19 17:30,6.834,0.099,0,0,0,0,v
2014-10-19 17:36,6.832,0.091,0,0,0,0,v
2014-10-19 17:42,6.839,0.082,0,0,0,0,v
2014-10-19 17:48,6.854,0.106,0,0,0,0,v
2014-10-19 17:54,6.863,0.117,0,0,0,0,v
2014-10-19 18:00,6.852,0.097,0,0,0,0,v
2014-10-19 18:06,6.840,0.099,0,0,0,0,v
2014-10-19 18:12,6.835,0.078,0,0,0,0,v
2014-10-19 18:18,6.852,0.079,0,0,0,0,v
2014-10-19 18:24,6.838,0.091,0,0,0,0,v
2014-10-19 18:30,6.821,0.081,0,0,0,0,v
2014-10-19 18:36,6.828,0.088,0,0,0,0,v
2014-10-19 18:42,6.815,0.083,0,0,0,0,v
2014-10-19 18:48,6.810,0.093,0,0,0,0,v
2014-10-19 18:54,6.815,0.098,0,0,0,0,v
2014-10-19 19:00,6.846,0.078,0,0,0,0,v
2014-10-19 19:06,6.835,0.092,0,0,0,0,v
2014-10-19 19:12,6.798,0.095,0,0,0,0,v
2014-10-19 19:18,6.790,0.096,0,0,0,0,v
2014-10-19 19:24,6.798,0.076,0,0,0,0,v
2014-10-19 19:30,6.801,0.097,0,0,0,0,v
2014-10-19 19:36,6.792,0.092,0,0,0,0,v
2014-10-19 19:42,6.804,0.086,0,0,0,0,v
2014-10-19 19:48,6.812,0.073,0,0,0,0,v
2014-10-19 19:54,6.786,0.090,0,0,0,0,v
2014-10-19 20:00,6.796,0.090,0,0,0,0,v
2014-10-19 20:06,6.798,0.082,0,0,0,0,v
2014-10-19 20:12,6.798,0.082,0,0,0,0,v
2014-10-19 20:18,6.806,0.074,0,0,0,0,v
2014-10-19 20:24,6.792,0.081,0,0,0,0,v
2014-10-19 20:30,6.795,0.085,0,0,0,0,v
2014-10-19 20:36,6.791,0.085,0,0,0,0,v
2014-10-19 20:42,6.779,0.083,0,0,0,0,v
2014-10-19 20:48,6.776,0.094,0,0,0,0,v
2014-10-19 20:54,6.780,0.087,0,0,0,0,v
2014-10-19 21:00,6.796,0.085,0,0,0,0,v
2014-10-19 21:06,6.775,0.084,0,0,0,0,v
2014-10-19 21:12,6.759,0.098,0,0,0,0,v
2014-10-19 21:18,6.772,0.089,0,0,0,0,v
2014-10-19 21:24,6.791,0.090,0,0,0,0,v
2014-10-19 21:30,6.781,0.076,0,0,0,0,v
2014-10-19 21:36,6.786,0.081,0,0,0,0,v
2014-10-19 21:42,6.777,0.089,0,0,0,0,v
2014-10-19 21:48,6.765,0.078,0,0,0,0,v
2014-10-19 21:54,6.764,0.102,0,0,0,0,v
2014-10-19 22:00,6.768,0.075,0,0,0,0,v
2014-10-19 22:06,6.741,0.078,0,0,0,0,v
2014-10-19 22:12,6.764,0.083,0,0,0,0,v
2014-10-19 22:18,6.772,0.075,0,0,0,0,v
2014-10-19 22:24,6.790,0.115,0,0,0,0,v
2014-10-19 22:30,6.767,0.080,0,0,0,0,v
2014-10-19 22:36,6.767,0.086,0,0,0,0,v
2014-10-19 22:42,6.746,0.085,0,0,0,0,v
2014-10-19 22:48,6.739,0.085,0,0,0,0,v
2014-10-19 22:54,6.729,0.091,0,0,0,0,v
2014-10-19 23:00,6.758,0.085,0,0,0,0,v
2014-10-19 23:06,6.758,0.080,0,0,0,0,v
2014-10-19 23:12,6.744,0.088,0,0,0,0,v
2014-10-19 23:18,6.734,0.085,0,0,0,0,v
2014-10-19 23:24,6.739,0.086,0,0,0,0,v
2014-10-19 23:30,6.742,0.090,0,0,0,0,v
2014-10-19 23:36,6.722,0.095,0,0,0,0,v
2014-10-19 23:42,6.743,0.085,0,0,0,0,v
2014-10-19 23:48,6.744,0.064,0,0,0,0,v
2014-10-19 23:54,6.751,0.098,0,0,0,0,v
2014-10-20 00:00,6.761,0.097,0,0,0,0,v
2014-10-20 00:06,6.770,0.097,0,0,0,0,v
2014-10-20 00:12,6.767,0.066,0,0,0,0,v
2014-10-20 00:18,6.776,0.088,0,0,0,0,v
2014-10-20 00:24,6.754,0.080,0,0,0,0,v
2014-10-20 00:30,6.759,0.093,0,0,0,0,v
2014-10-20 00:36,6.744,0.099,0,0,0,0,v
2014-10-20 00:42,6.754,0.086,0,0,0,0,v
2014-10-20 00:48,6.774,0.088,0,0,0,0,v
2014-10-20 00:54,6.765,0.091,0,0,0,0,v
2014-10-20 01:00,6.765,0.081,0,0,0,0,v
2014-10-20 01:06,6.768,0.084,0,0,0,0,v
2014-10-20 01:12,6.762,0.089,0,0,0,0,v
2014-10-20 01:18,6.768,0.088,0,0,0,0,v
2014-10-20 01:24,6.785,0.092,0,0,0,0,v
2014-10-20 01:30,6.786,0.079,0,0,0,0,v
2014-10-20 01:36,6.790,0.087,0,0,0,0,v
2014-10-20 01:42,6.800,0.099,0,0,0,0,v
2014-10-20 01:48,6.807,0.101,0,0,0,0,v
2014-10-20 01:54,6.816,0.084,0,0,0,0,v
2014-10-20 02:00,6.831,0.089,0,0,0,0,v
2014-10-20 02:06,6.824,0.091,0,0,0,0,v
2014-10-20 02:12,6.842,0.079,0,0,0,0,v
2014-10-20 02:18,6.848,0.098,0,0,0,0,v
2014-10-20 02:24,6.860,0.092,0,0,0,0,v
2014-10-20 02:30,6.860,0.080,0,0,0,0,v
2014-10-20 02:36,6.853,0.083,0,0,0,0,v
2014-10-20 02:42,6.867,0.087,0,0,0,0,v
2014-10-20 02:48,6.897,0.084,0,0,0,0,v
2014-10-20 02:54,6.889,0.103,0,0,0,0,v
2014-10-20 03:00,6.875,0.083,0,0,0,0,v
2014-10-20 03:06,6.882,0.082,0,0,0,0,v
2014-10-20 03:12,6.894,0.092,0,0,0,0,v
2014-10-20 03:18,6.909,0.091,0,0,0,0,v
2014-10-20 03:24,6.909,0.112,0,0,0,0,v
2014-10-20 03:30,6.912,0.089,0,0,0,0,v
2014-10-20 03:36,6.909,0.089,0,0,0,0,v
2014-10-20 03:42,6.901,0.070,0,0,0,0,v
2014-10-20 03:48,6.923,0.079,0,0,0,0,v
2014-10-20 03:54,6.943,0.090,0,0,0,0,v
2014-10-20 04:00,6.938,0.085,0,0,0,0,v
2014-10-20 04:06,6.964,0.093,0,0,0,0,v
2014-10-20 04:12,6.962,0.087,0,0,0,0,v
2014-10-20 04:18,6.968,0.076,0,0,0,0,v
2014-10-20 04:24,6.965,0.086,0,0,0,0,v
2014-10-20 04:30,6.977,0.080,0,0,0,0,v
2014-10-20 04:36,6.983,0.092,0,0,0,0,v
2014-10-20 04:42,6.973,0.095,0,0,0,0,v
2014-10-20 04:48,6.976,0.095,0,0,0,0,v
2014-10-20 04:54,6.972,0.097,0,0,0,0,v
2014-10-20 05:00,6.961,0.088,0,0,0,0,v
2014-10-20 05:06,6.984,0.081,0,0,0,0,v
2014-10-20 05:12,6.986,0.087,0,0,0,0,v
2014-10-20 05:18,6.979,0.090,0,0,0,0,v
2014-10-20 05:24,6.973,0.089,0,0,0,0,v
2014-10-20 05:30,6.960,0.091,0,0,0,0,v
2014-10-20 05:36,6.972,0.080,0,0,0,0,v
2014-10-20 05:42,6.990,0.094,0,0,0,0,v
2014-10-20 05:48,6.978,0.086,0,0,0,0,v
2014-10-20 05:54,7.018,0.081,0,0,0,0,v
2014-10-20 06:00,7.013,0.086,0,0,0,0,v
2014-10-20 06:06,7.021,0.067,0,0,0,0,v
2014-10-20 06:12,7.024,0.086,0,0,0,0,v
2014-10-20 06:18,7.068,0.087,0,0,0,0,v
2014-10-20 06:24,7.040,0.086,0,0,0,0,v
2014-10-20 06:30,7.038,0.092,0,0,0,0,v
2014-10-20 06:36,7.008,0.090,0,0,0,0,v
2014-10-20 06:42,7.000,0.088,0,0,0,0,v
2014-10-20 06:48,7.020,0.074,0,0,0,0,v
2014-10-20 06:54,7.021,0.115,0,0,0,0,v
2014-10-20 07:00,7.024,0.106,0,0,0,0,v
2014-10-20 07:06,7.026,0.092,0,0,0,0,v
2014-10-20 07:12,7.025,0.083,0,0,0,0,v
2014-10-20 07:18,7.032,0.085,0,0,0,0,v
2014-10-20 07:24,7.024,0.084,0,0,0,0,v
2014-10-20 07:30,7.031,0.100,0,0,0,0,v
2014-10-20 07:36,7.030,0.083,0,0,0,0,v
2014-10-20 07:42,7.031,0.095,0,0,0,0,v
2014-10-20 07:48,7.022,0.081,0,0,0,0,v
2014-10-20 07:54,7.046,0.091,0,0,0,0,v
2014-10-20 08:00,7.044,0.103,0,0,0,0,v
2014-10-20 08:06,7.017,0.094,0,0,0,0,v
2014-10-20 08:12,7.042,0.081,0,0,0,0,v
2014-10-20 08:18,7.023,0.089,0,0,0,0,v
2014-10-20 08:24,7.030,0.088,0,0,0,0,v
2014-10-20 08:30,7.019,0.075,0,0,0,0,v
2014-10-20 08:36,7.009,0.090,0,0,0,0,v
2014-10-20 08:42,7.019,0.081,0,0,0,0,v
2014-10-20 08:48,7.025,0.081,0,0,0,0,v
2014-10-20 08:54,7.014,0.080,0,0,0,0,v
2014-10-20 09:00,6.987,0.118,0,0,0,0,v
2014-10-20 09:06,6.993,0.093,0,0,0,0,v
2014-10-20 09:12,6.982,0.091,0,0,0,0,v
2014-10-20 09:18,6.998,0.127,0,0,0,0,v
2014-10-20 09:24,7.009,0.097,0,0,0,0,v
2014-10-20 09:30,6.994,0.081,0,0,0,0,v
2014-10-20 09:36,7.009,0.097,0,0,0,0,v
2014-10-20 09:42,6.999,0.096,0,0,0,0,v
2014-10-20 09:48,7.000,0.102,0,0,0,0,v
2014-10-20 09:54,6.995,0.080,0,0,0,0,v
2014-10-20 10:00,6.985,0.090,0,0,0,0,v
2014-10-20 10:06,6.980,0.000,0,0,0,0,v
2014-10-20 10:12,6.951,0.100,0,0,0,0,v
2014-10-20 10:18,6.942,0.095,0,0,0,0,v
2014-10-20 10:24,6.932,0.100,0,0,0,0,v
2014-10-20 10:30,6.899,0.094,0,0,0,0,v
2014-10-20 10:36,6.938,0.115,0,0,0,0,v
2014-10-20 10:42,6.924,0.091,0,0,0,0,v
2014-10-20 10:48,6.927,0.084,0,0,0,0,v
2014-10-20 10:54,6.916,0.102,0,0,0,0,v
2014-10-20 11:00,6.916,0.117,0,0,0,0,v
2014-10-20 11:06,6.907,0.090,0,0,0,0,v
2014-10-20 11:12,6.901,0.114,0,0,0,0,v
2014-10-20 11:18,6.884,0.102,0,0,0,0,v
2014-10-20 11:24,6.885,0.105,0,0,0,0,v
2014-10-20 11:30,6.894,0.108,0,0,0,0,v
2014-10-20 11:36,6.893,0.121,0,0,0,0,v
2014-10-20 11:42,6.899,0.118,0,0,0,0,v
2014-10-20 11:48,6.887,0.099,0,0,0,0,v
2014-10-20 11:54,6.895,0.092,0,0,0,0,v
2014-10-20 12:00,6.896,0.108,0,0,0,0,v
2014-10-20 12:06,6.889,0.108,0,0,0,0,v
2014-10-20 12:12,6.885,0.108,0,0,0,0,v
2014-10-20 12:18,6.876,0.108,0,0,0,0,v
2014-10-20 12:24,6.877,0.117,0,0,0,0,v
2014-10-20 12:30,6.883,0.097,0,0,0,0,v
2014-10-20 12:36,6.864,0.099,0,0,0,0,v
2014-10-20 12:42,6.872,0.112,0,0,0,0,v
2014-10-20 12:48,6.871,0.107,0,0,0,0,v
2014-10-20 12:54,6.874,0.103,0,0,0,0,v
2014-10-20 13:00,6.860,0.113,0,0,0,0,v
2014-10-20 13:06,6.861,0.090,0,0,0,0,v
2014-10-20 13:12,6.860,0.108,0,0,0,0,v
2014-10-20 13:18,6.848,0.093,0,0,0,0,v
2014-10-20 13:24,6.858,0.101,0,0,0,0,v
2014-10-20 13:30,6.854,0.110,0,0,0,0,v
2014-10-20 13:36,6.839,0.107,0,0,0,0,v
2014-10-20 13:42,6.841,0.104,0,0,0,0,v
2014-10-20 13:48,6.853,0.101,0,0,0,0,v
2014-10-20 13:54,6.847,0.118,0,0,0,0,v
2014-10-20 14:00,6.851,0.111,0,0,0,0,v
2014-10-20 14:06,6.861,0.119,0,0,0,0,v
2014-10-20 14:12,6.860,0.101,0,0,0,0,v
2014-10-20 14:18,6.865,0.102,0,0,0,0,v
2014-10-20 14:24,6.854,0.116,0,0,0,0,v
2014-10-20 14:30,6.874,0.118,0,0,0,0,v
2014-10-20 14:36,6.874,0.121,0,0,0,0,v
2014-10-20 14:42,6.868,0.111,0,0,0,0,v
2014-10-20 14:48,6.886,0.114,0,0,0,0,v
2014-10-20 14:54,6.867,0.123,0,0,0,0,v
2014-10-20 15:00,6.866,0.093,0,0,0,0,v
2014-10-20 15:06,6.873,0.108,0,0,0,0,v
2014-10-20 15:12,6.881,0.102,0,0,0,0,v
2014-10-20 15:18,6.896,0.116,0,0,0,0,v
2014-10-20 15:24,6.888,0.090,0,0,0,0,v
2014-10-20 15:30,6.886,0.113,0,0,0,0,v
2014-10-20 15:36,6.884,0.127,0,0,0,0,v
2014-10-20 15:42,6.910,0.112,0,0,0,0,v
2014-10-20 15:48,6.887,0.093,0,0,0,0,v
2014-10-20 15:54,6.883,0.099,0,0,0,0,v
2014-10-20 16:00,6.887,0.108,0,0,0,0,v
2014-10-20 16:06,6.901,0.100,0,0,0,0,v
2014-10-20 16:12,6.913,0.127,0,0,0,0,v
2014-10-20 16:18,6.902,0.105,0,0,0,0,v
2014-10-20 16:24,6.913,0.104,0,0,0,0,v
2014-10-20 16:30,6.911,0.098,0,0,0,0,v
2014-10-20 16:36,6.913,0.087,0,0,0,0,v
2014-10-20 16:42,6.929,0.112,0,0,0,0,v
2014-10-20 16:48,6.913,0.105,0,0,0,0,v
2014-10-20 16:54,6.908,0.107,0,0,0,0,v
2014-10-20 17:00,6.935,0.094,0,0,0,0,v
2014-10-20 17:06,6.933,0.112,0,0,0,0,v
2014-10-20 17:12,6.931,0.102,0,0,0,0,v
2014-10-20 17:18,6.939,0.110,0,0,0,0,v
2014-10-20 17:24,6.959,0.101,0,0,0,0,v
2014-10-20 17:30,6.953,0.109,0,0,0,0,v
2014-10-20 17:36,6.960,0.121,0,0,0,0,v
2014-10-20 17:42,6.974,0.121,0,0,0,0,v
2014-10-20 17:48,6.990,0.120,0,0,0,0,v
2014-10-20 17:54,6.990,0.107,0,0,0,0,v
2014-10-20 18:00,6.963,0.090,0,0,0,0,v
2014-10-20 18:06,6.994,0.097,0,0,0,0,v
2014-10-20 18:12,6.991,0.094,0,0,0,0,v
2014-10-20 18:18,6.993,0.095,0,0,0,0,v
2014-10-20 18:24,7.011,0.090,0,0,0,0,v
2014-10-20 18:30,6.986,0.107,0,0,0,0,v
2014-10-20 18:36,6.979,0.101,0,0,0,0,v
2014-10-20 18:42,6.993,0.094,0,0,0,0,v
2014-10-20 18:48,7.004,0.111,0,0,0,0,v
2014-10-20 18:54,7.011,0.104,0,0,0,0,v
2014-10-20 19:00,7.006,0.102,0,0,0,0,v
2014-10-20 19:06,6.978,0.121,0,0,0,0,v
2014-10-20 19:12,6.967,0.105,0,0,0,0,v
2014-10-20 19:18,6.955,0.114,0,0,0,0,v
2014-10-20 19:24,6.971,0.111,0,0,0,0,v
2014-10-20 19:30,6.953,0.106,0,0,0,0,v
2014-10-20 19:36,6.962,0.102,0,0,0,0,v
2014-10-20 19:42,6.971,0.116,0,0,0,0,v
2014-10-20 19:48,6.961,0.111,0,0,0,0,v
2014-10-20 19:54,6.970,0.111,0,0,0,0,v
2014-10-20 20:00,6.962,0.087,0,0,0,0,v
2014-10-20 20:06,6.965,0.096,0,0,0,0,v
2014-10-20 20:12,6.964,0.099,0,0,0,0,v
2014-10-20 20:18,6.939,0.109,0,0,0,0,v
2014-10-20 20:24,6.938,0.107,0,0,0,0,v
2014-10-20 20:30,6.921,0.101,0,0,0,0,v
2014-10-20 20:36,6.915,0.096,0,0,0,0,v
2014-10-20 20:42,6.915,0.113,0,0,0,0,v
2014-10-20 20:48,6.932,0.095,0,0,0,0,v
2014-10-20 20:54,6.918,0.105,0,0,0,0,v
2014-10-20 21:00,6.919,0.092,0,0,0,0,v
2014-10-20 21:06,6.933,0.101,0,0,0,0,v
2014-10-20 21:12,6.929,0.106,0,0,0,0,v
2014-10-20 21:18,6.928,0.100,0,0,0,0,v
2014-10-20 21:24,6.921,0.092,0,0,0,0,v
2014-10-20 21:30,6.906,0.109,0,0,0,0,v
2014-10-20 21:36,6.912,0.108,0,0,0,0,v
2014-10-20 21:42,6.945,0.101,0,0,0,0,v
2014-10-20 21:48,6.939,0.094,0,0,0,0,v
2014-10-20 21:54,6.924,0.110,0,0,0,0,v
2014-10-20 22:00,6.934,0.106,0,0,0,0,v
2014-10-20 22:06,6.914,0.102,0,0,0,0,v
2014-10-20 22:12,6.920,0.097,0,0,0,0,v
2014-10-20 22:18,6.949,0.098,0,0,0,0,v
2014-10-20 22:24,6.954,0.090,0,0,0,0,v
2014-10-20 22:30,6.934,0.100,0,0,0,0,v
2014-10-20 22:36,6.940,0.124,0,0,0,0,v
2014-10-20 22:42,6.915,0.101,0,0,0,0,v
2014-10-20 22:48,6.920,0.092,0,0,0,0,v
2014-10-20 22:54,6.930,0.095,0,0,0,0,v
2014-10-20 23:00,6.936,0.098,0,0,0,0,v
2014-10-20 23:06,6.931,0.103,0,0,0,0,v
2014-10-20 23:12,6.938,0.106,0,0,0,0,v
2014-10-20 23:18,6.966,0.098,0,0,0,0,v
2014-10-20 23:24,6.970,0.112,0,0,0,0,v
2014-10-20 23:30,6.931,0.096,0,0,0,0,v
2014-10-20 23:36,6.910,0.098,0,0,0,0,v
2014-10-20 23:42,6.905,0.104,0,0,0,0,v
2014-10-20 23:48,6.924,0.113,0,0,0,0,v
2014-10-20 23:54,6.907,0.108,0,0,0,0,v
2014-10-21 00:00,6.911,0.111,0,0,0,0,v
2014-10-21 00:06,6.914,0.101,0,0,0,0,v
2014-10-21 00:12,6.902,0.101,0,0,0,0,v
2014-10-21 00:18,6.906,0.090,0,0,0,0,v
2014-10-21 00:24,6.906,0.118,0,0,0,0,v
2014-10-21 00:30,6.912,0.110,0,0,0,0,v
2014-10-21 00:36,6.924,0.098,0,0,0,0,v
2014-10-21 00:42,6.900,0.094,0,0,0,0,v
2014-10-21 00:48,6.907,0.112,0,0,0,0,v
2014-10-21 00:54,6.923,0.112,0,0,0,0,v
2014-10-21 01:00,6.913,0.111,0,0,0,0,v
2014-10-21 01:06,6.922,0.112,0,0,0,0,v
2014-10-21 01:12,6.931,0.112,0,0,0,0,v
2014-10-21 01:18,6.938,0.101,0,0,0,0,v
2014-10-21 01:24,6.940,0.109,0,0,0,0,v
2014-10-21 01:30,6.926,0.092,0,0,0,0,v
2014-10-21 01:36,6.925,0.121,0,0,0,0,v
2014-10-21 01:42,6.935,0.093,0,0,0,0,v
2014-10-21 01:48,6.952,0.112,0,0,0,0,v
2014-10-21 01:54,6.958,0.121,0,0,0,0,v
2014-10-21 02:00,6.946,0.085,0,0,0,0,v
2014-10-21 02:06,6.943,0.101,0,0,0,0,v
2014-10-21 02:12,6.965,0.110,0,0,0,0,v
2014-10-21 02:18,6.970,0.123,0,0,0,0,v
2014-10-21 02:24,6.971,0.117,0,0,0,0,v
2014-10-21 02:30,6.961,0.101,0,0,0,0,v
2014-10-21 02:36,6.959,0.115,0,0,0,0,v
2014-10-21 02:42,6.962,0.109,0,0,0,0,v
2014-10-21 02:48,6.988,0.111,0,0,0,0,v
2014-10-21 02:54,6.981,0.119,0,0,0,0,v
2014-10-21 03:00,6.994,0.125,0,0,0,0,v
2014-10-21 03:06,6.989,0.113,0,0,0,0,v
2014-10-21 03:12,6.992,0.112,0,0,0,0,v
2014-10-21 03:18,7.003,0.100,0,0,0,0,v
2014-10-21 03:24,6.999,0.112,0,0,0,0,v
2014-10-21 03:30,6.993,0.115,0,0,0,0,v
2014-10-21 03:36,6.997,0.113,0,0,0,0,v
2014-10-21 03:42,7.005,0.102,0,0,0,0,v
2014-10-21 03:48,7.003,0.104,0,0,0,0,v
2014-10-21 03:54,7.021,0.117,0,0,0,0,v
2014-10-21 04:00,7.023,0.111,0,0,0,0,v
2014-10-21 04:06,7.015,0.129,0,0,0,0,v
2014-10-21 04:12,7.017,0.130,0,0,0,0,v
2014-10-21 04:18,7.013,0.111,0,0,0,0,v
2014-10-21 04:24,7.016,0.127,0,0,0,0,v
2014-10-21 04:30,7.025,0.101,0,0,0,0,v
2014-10-21 04:36,7.028,0.119,0,0,0,0,v
2014-10-21 04:42,7.041,0.111,0,0,0,0,v
2014-10-21 04:48,7.052,0.115,0,0,0,0,v
2014-10-21 04:54,7.057,0.094,0,0,0,0,v
2014-10-21 05:00,7.059,0.128,0,0,0,0,v
2014-10-21 05:06,7.082,0.095,0,0,0,0,v
2014-10-21 05:12,7.082,0.115,0,0,0,0,v
2014-10-21 05:18,7.079,0.121,0,0,0,0,v
2014-10-21 05:24,7.084,0.124,0,0,0,0,v
2014-10-21 05:30,7.094,0.115,0,0,0,0,v
2014-10-21 05:36,7.085,0.117,0,0,0,0,v
2014-10-21 05:42,7.077,0.115,0,0,0,0,v
2014-10-21 05:48,7.067,0.121,0,0,0,0,v
2014-10-21 05:54,7.068,0.118,0,0,0,0,v
2014-10-21 06:00,7.067,0.119,0,0,0,0,v
2014-10-21 06:06,7.063,0.122,0,0,0,0,v
2014-10-21 06:12,7.070,0.099,0,0,0,0,v
2014-10-21 06:18,7.081,0.116,0,0,0,0,v
2014-10-21 06:24,7.083,0.109,0,0,0,0,v
2014-10-21 06:30,7.084,0.123,0,0,0,0,v
2014-10-21 06:36,7.088,0.121,0,0,0,0,v
2014-10-21 06:42,7.083,0.112,0,0,0,0,v
2014-10-21 06:48,7.080,0.116,0,0,0,0,v
2014-10-21 06:54,7.071,0.123,0,0,0,0,v
2014-10-21 07:00,7.069,0.131,0,0,0,0,v
2014-10-21 07:06,7.066,0.118,0,0,0,0,v
2014-10-21 07:12,7.074,0.130,0,0,0,0,v
2014-10-21 07:18,7.050,0.123,0,0,0,0,v
2014-10-21 07:24,7.068,0.117,0,0,0,0,v
2014-10-21 07:30,7.046,0.105,0,0,0,0,v
2014-10-21 07:36,7.040,0.101,0,0,0,0,v
2014-10-21 07:42,7.032,0.119,0,0,0,0,v
2014-10-21 07:48,7.022,0.110,0,0,0,0,v
2014-10-21 07:54,7.030,0.113,0,0,0,0,v
2014-10-21 08:00,7.028,0.120,0,0,0,0,v
2014-10-21 08:06,7.045,0.127,0,0,0,0,v
2014-10-21 08:12,7.063,0.128,0,0,0,0,v
2014-10-21 08:18,7.056,0.098,0,0,0,0,v
2014-10-21 08:24,7.028,0.131,0,0,0,0,v
2014-10-21 08:30,7.038,0.135,0,0,0,0,v
2014-10-21 08:36,7.039,0.110,0,0,0,0,v
2014-10-21 08:42,7.023,0.122,0,0,0,0,v
2014-10-21 08:48,7.023,0.106,0,0,0,0,v
2014-10-21 08:54,6.988,0.141,0,0,0,0,v
2014-10-21 09:00,6.998,0.126,0,0,0,0,v
2014-10-21 09:06,6.987,0.110,0,0,0,0,v
2014-10-21 09:12,6.995,0.120,0,0,0,0,v
2014-10-21 09:18,6.991,0.117,0,0,0,0,v
2014-10-21 09:24,6.999,0.114,0,0,0,0,v
2014-10-21 09:30,6.969,0.128,0,0,0,0,v
2014-10-21 09:36,6.985,0.102,0,0,0,0,v
2014-10-21 09:42,6.986,0.087,0,0,0,0,v
2014-10-21 09:48,6.978,0.110,0,0,0,0,v
2014-10-21 09:54,6.972,0.101,0,0,0,0,v
2014-10-21 10:00,6.956,0.114,0,0,0,0,v
2014-10-21 10:06,6.960,0.113,0,0,0,0,v
2014-10-21 10:12,6.953,0.103,0,0,0,0,v
2014-10-21 10:18,6.940,0.107,0,0,0,0,v
2014-10-21 10:24,6.911,0.098,0,0,0,0,v
2014-10-21 10:30,6.904,0.099,0,0,0,0,v
2014-10-21 10:36,6.895,0.115,0,0,0,0,v
2014-10-21 10:42,6.914,0.098,0,0,0,0,v
2014-10-21 10:48,6.922,0.094,0,0,0,0,v
2014-10-21 10:54,6.914,0.113,0,0,0,0,v
2014-10-21 11:00,6.906,0.105,0,0,0,0,v
2014-10-21 11:06,6.920,0.105,0,0,0,0,v
2014-10-21 11:12,6.906,0.113,0,0,0,0,v
2014-10-21 11:18,6.904,0.121,0,0,0,0,v
2014-10-21 11:24,6.893,0.131,0,0,0,0,v
2014-10-21 11:30,6.912,0.117,0,0,0,0,v
2014-10-21 11:36,6.894,0.123,0,0,0,0,v
2014-10-21 11:42,6.884,0.107,0,0,0,0,v
2014-10-21 11:48,6.886,0.126,0,0,0,0,v
2014-10-21 11:54,6.884,0.102,0,0,0,0,v
2014-10-21 12:00,6.869,0.118,0,0,0,0,v
2014-10-21 12:06,6.888,0.135,0,0,0,0,v
2014-10-21 12:12,6.868,0.139,0,0,0,0,v
2014-10-21 12:18,6.875,0.111,0,0,0,0,v
2014-10-21 12:24,6.865,0.141,0,0,0,0,v
2014-10-21 12:30,6.882,0.124,0,0,0,0,v
2014-10-21 12:36,6.874,0.133,0,0,0,0,v
2014-10-21 12:42,6.858,0.118,0,0,0,0,v
2014-10-21 12:48,6.868,0.113,0,0,0,0,v
2014-10-21 12:54,6.849,0.138,0,0,0,0,v
2014-10-21 13:00,6.860,0.128,0,0,0,0,v
2014-10-21 13:06,6.854,0.130,0,0,0,0,v
2014-10-21 13:12,6.828,0.129,0,0,0,0,v
2014-10-21 13:18,6.831,0.132,0,0,0,0,v
2014-10-21 13:24,6.841,0.119,0,0,0,0,v
2014-10-21 13:30,6.857,0.111,0,0,0,0,v
2014-10-21 13:36,6.853,0.118,0,0,0,0,v
2014-10-21 13:42,6.851,0.116,0,0,0,0,v
2014-10-21 13:48,6.856,0.134,0,0,0,0,v
2014-10-21 13:54,6.835,0.125,0,0,0,0,v
2014-10-21 14:00,6.846,0.095,0,0,0,0,v
2014-10-21 14:06,6.829,0.126,0,0,0,0,v
2014-10-21 14:12,6.825,0.105,0,0,0,0,v
2014-10-21 14:18,6.824,0.127,0,0,0,0,v
2014-10-21 14:24,6.807,0.134,0,0,0,0,v
2014-10-21 14:30,6.829,0.092,0,0,0,0,v
2014-10-21 14:36,6.830,0.125,0,0,0,0,v
2014-10-21 14:42,6.836,0.114,0,0,0,0,v
2014-10-21 14:48,6.849,0.120,0,0,0,0,v
2014-10-21 14:54,6.860,0.119,0,0,0,0,v
2014-10-21 15:00,6.867,0.116,0,0,0,0,v
2014-10-21 15:06,6.876,0.118,0,0,0,0,v
2014-10-21 15:12,6.901,0.117,0,0,0,0,v
2014-10-21 15:18,6.900,0.142,0,0,0,0,v
2014-10-21 15:24,6.899,0.142,0,0,0,0,v
2014-10-21 15:30,6.904,0.121,0,0,0,0,v
2014-10-21 15:36,6.894,0.119,0,0,0,0,v
2014-10-21 15:42,6.893,0.139,0,0,0,0,v
2014-10-21 15:48,6.904,0.117,0,0,0,0,v
2014-10-21 15:54,6.899,0.124,0,0,0,0,v
2014-10-21 16:00,6.895,0.144,0,0,0,0,v
2014-10-21 16:06,6.912,0.097,0,0,0,0,v
2014-10-21 16:12,6.896,0.125,0,0,0,0,v
2014-10-21 16:18,6.905,0.130,0,0,0,0,v
2014-10-21 16:24,6.911,0.113,0,0,0,0,v
2014-10-21 16:30,6.933,0.114,0,0,0,0,v
2014-10-21 16:36,6.940,0.117,0,0,0,0,v
2014-10-21 16:42,6.951,0.128,0,0,0,0,v
2014-10-21 16:48,6.956,0.114,0,0,0,0,v
2014-10-21 16:54,6.981,0.110,0,0,0,0,v
2014-10-21 17:00,6.967,0.119,0,0,0,0,v
2014-10-21 17:06,6.966,0.123,0,0,0,0,v
2014-10-21 17:12,6.958,0.141,0,0,0,0,v
2014-10-21 17:18,6.962,0.117,0,0,0,0,v
2014-10-21 17:24,6.953,0.140,0,0,0,0,v
2014-10-21 17:30,6.984,0.125,0,0,0,0,v
2014-10-21 17:36,6.992,0.130,0,0,0,0,v
2014-10-21 17:42,7.009,0.108,0,0,0,0,v
2014-10-21 17:48,7.022,0.111,0,0,0,0,v
2014-10-21 17:54,7.037,0.100,0,0,0,0,v
2014-10-21 18:00,7.031,0.129,0,0,0,0,v
2014-10-21 18:06,7.038,0.132,0,0,0,0,v
2014-10-21 18:12,7.045,0.129,0,0,0,0,v
2014-10-21 18:18,7.078,0.100,0,0,0,0,v
2014-10-21 18:24,7.055,0.138,0,0,0,0,v
2014-10-21 18:30,7.065,0.125,0,0,0,0,v
2014-10-21 18:36,7.083,0.117,0,0,0,0,v
2014-10-21 18:42,7.096,0.128,0,0,0,0,v
2014-10-21 18:48,7.077,0.129,0,0,0,0,v
2014-10-21 18:54,7.083,0.128,0,0,0,0,v
2014-10-21 19:00,7.078,0.139,0,0,0,0,v
2014-10-21 19:06,7.072,0.125,0,0,0,0,v
2014-10-21 19:12,7.092,0.131,0,0,0,0,v
2014-10-21 19:18,7.086,0.132,0,0,0,0,v
2014-10-21 19:24,7.092,0.130,0,0,0,0,v
2014-10-21 19:30,7.121,0.096,0,0,0,0,v
2014-10-21 19:36,7.116,0.099,0,0,0,0,v
2014-10-21 19:42,7.114,0.126,0,0,0,0,v
2014-10-21 19:48,7.087,0.132,0,0,0,0,v
2014-10-21 19:54,7.117,0.130,0,0,0,0,v
2014-10-21 20:00,7.105,0.111,0,0,0,0,v
2014-10-21 20:06,7.102,0.108,0,0,0,0,v
2014-10-21 20:12,7.074,0.124,0,0,0,0,v
2014-10-21 20:18,7.061,0.125,0,0,0,0,v
2014-10-21 20:24,7.052,0.116,0,0,0,0,v
2014-10-21 20:30,7.070,0.094,0,0,0,0,v
2014-10-21 20:36,7.064,0.145,0,0,0,0,v
2014-10-21 20:42,7.080,0.108,0,0,0,0,v
2014-10-21 20:48,7.059,0.139,0,0,0,0,v
2014-10-21 20:54,7.059,0.125,0,0,0,0,v
2014-10-21 21:00,7.044,0.131,0,0,0,0,v
2014-10-21 21:06,7.044,0.135,0,0,0,0,v
2014-10-21 21:12,7.049,0.132,0,0,0,0,v
2014-10-21 21:18,7.040,0.145,0,0,0,0,v
2014-10-21 21:24,7.048,0.120,0,0,0,0,v
2014-10-21 21:30,7.055,0.111,0,0,0,0,v
2014-10-21 21:36,7.063,0.123,0,0,0,0,v
2014-10-21 21:42,7.044,0.130,0,0,0,0,v
2014-10-21 21:48,7.037,0.134,0,0,0,0,v
2014-10-21 21:54,7.055,0.127,0,0,0,0,v
2014-10-21 22:00,7.051,0.118,0,0,0,0,v
2014-10-21 22:06,7.058,0.138,0,0,0,0,v
2014-10-21 22:12,7.066,0.123,0,0,0,0,v
2014-10-21 22:18,7.040,0.122,0,0,0,0,v
2014-10-21 22:24,7.046,0.149,0,0,0,0,v
2014-10-21 22:30,7.044,0.147,0,0,0,0,v
2014-10-21 22:36,7.048,0.126,0,0,0,0,v
2014-10-21 22:42,7.036,0.100,0,0,0,0,v
2014-10-21 22:48,7.015,0.114,0,0,0,0,v
2014-10-21 22:54,6.990,0.116,0,0,0,0,v
2014-10-21 23:00,6.989,0.121,0,0,0,0,v
2014-10-21 23:06,6.998,0.106,0,0,0,0,v
2014-10-21 23:12,6.997,0.129,0,0,0,0,v
2014-10-21 23:18,6.998,0.123,0,0,0,0,v
2014-10-21 23:24,6.983,0.121,0,0,0,0,v
2014-10-21 23:30,6.992,0.140,0,0,0,0,v
2014-10-21 23:36,6.998,0.119,0,0,0,0,v
2014-10-21 23:42,6.994,0.135,0,0,0,0,v
2014-10-21 23:48,6.982,0.135,0,0,0,0,v
2014-10-21 23:54,6.985,0.117,0,0,0,0,v
2014-10-22 00:00,6.989,0.110,0,0,0,0,v
2014-10-22 00:06,6.973,0.108,0,0,0,0,v
2014-10-22 00:12,6.982,0.111,0,0,0,0,v
2014-10-22 00:18,6.963,0.129,0,0,0,0,v
2014-10-22 00:24,6.962,0.121,0,0,0,0,v
2014-10-22 00:30,6.956,0.122,0,0,0,0,v
2014-10-22 00:36,6.955,0.132,0,0,0,0,v
2014-10-22 00:42,6.959,0.130,0,0,0,0,v
2014-10-22 00:48,6.965,0.118,0,0,0,0,v
2014-10-22 00:54,6.967,0.108,0,0,0,0,v
2014-10-22 01:00,6.971,0.112,0,0,0,0,v
2014-10-22 01:06,6.972,0.106,0,0,0,0,v
2014-10-22 01:12,6.974,0.105,0,0,0,0,v
2014-10-22 01:18,6.981,0.127,0,0,0,0,v
2014-10-22 01:24,6.988,0.154,0,0,0,0,v
2014-10-22 01:30,6.989,0.127,0,0,0,0,v
2014-10-22 01:36,6.991,0.124,0,0,0,0,v
2014-10-22 01:42,6.995,0.140,0,0,0,0,v
2014-10-22 01:48,6.976,0.141,0,0,0,0,v
2014-10-22 01:54,6.975,0.143,0,0,0,0,v
2014-10-22 02:00,6.977,0.119,0,0,0,0,v
2014-10-22 02:06,6.986,0.119,0,0,0,0,v
2014-10-22 02:12,6.983,0.119,0,0,0,0,v
2014-10-22 02:18,6.977,0.126,0,0,0,0,v
2014-10-22 02:24,6.979,0.109,0,0,0,0,v
2014-10-22 02:30,6.974,0.119,0,0,0,0,v
2014-10-22 02:36,6.973,0.136,0,0,0,0,v
2014-10-22 02:42,6.984,0.102,0,0,0,0,v
2014-10-22 02:48,6.981,0.133,0,0,0,0,v
2014-10-22 02:54,6.984,0.118,0,0,0,0,v
2014-10-22 03:00,6.981,0.122,0,0,0,0,v
2014-10-22 03:06,6.991,0.116,0,0,0,0,v
2014-10-22 03:12,6.973,0.145,0,0,0,0,v
2014-10-22 03:18,6.968,0.131,0,0,0,0,v
2014-10-22 03:24,6.971,0.131,0,0,0,0,v
2014-10-22 03:30,6.979,0.107,0,0,0,0,v
2014-10-22 03:36,6.977,0.136,0,0,0,0,v
2014-10-22 03:42,6.987,0.147,0,0,0,0,v
2014-10-22 03:48,6.989,0.147,0,0,0,0,v
2014-10-22 03:54,6.993,0.116,0,0,0,0,v
2014-10-22 04:00,7.004,0.142,0,0,0,0,v
2014-10-22 04:06,7.025,0.116,0,0,0,0,v
2014-10-22 04:12,7.022,0.140,0,0,0,0,v
2014-10-22 04:18,7.037,0.130,0,0,0,0,v
2014-10-22 04:24,7.035,0.124,0,0,0,0,v
2014-10-22 04:30,7.038,0.132,0,0,0,0,v
2014-10-22 04:36,7.037,0.171,0,0,0,0,v
2014-10-22 04:42,7.033,0.143,0,0,0,0,v
2014-10-22 04:48,7.042,0.150,0,0,0,0,v
2014-10-22 04:54,7.052,0.139,0,0,0,0,v
2014-10-22 05:00,7.030,0.150,0,0,0,0,v
2014-10-22 05:06,7.038,0.132,0,0,0,0,v
2014-10-22 05:12,7.039,0.132,0,0,0,0,v
2014-10-22 05:18,7.054,0.123,0,0,0,0,v
2014-10-22 05:24,7.057,0.134,0,0,0,0,v
2014-10-22 05:30,7.042,0.130,0,0,0,0,v
2014-10-22 05:36,7.055,0.128,0,0,0,0,v
2014-10-22 05:42,7.072,0.154,0,0,0,0,v
2014-10-22 05:48,7.049,0.143,0,0,0,0,v
2014-10-22 05:54,7.047,0.129,0,0,0,0,v
2014-10-22 06:00,7.042,0.156,0,0,0,0,v
2014-10-22 06:06,7.053,0.145,0,0,0,0,v
2014-10-22 06:12,7.067,0.149,0,0,0,0,v
2014-10-22 06:18,7.077,0.113,0,0,0,0,v
2014-10-22 06:24,7.049,0.147,0,0,0,0,v
2014-10-22 06:30,7.058,0.149,0,0,0,0,v
2014-10-22 06:36,7.049,0.129,0,0,0,0,v
2014-10-22 06:42,7.075,0.151,0,0,0,0,v
2014-10-22 06:48,7.053,0.148,0,0,0,0,v
2014-10-22 06:54,7.056,0.147,0,0,0,0,v
2014-10-22 07:00,7.068,0.132,0,0,0,0,v
2014-10-22 07:06,7.049,0.154,0,0,0,0,v
2014-10-22 07:12,7.071,0.139,0,0,0,0,v
2014-10-22 07:18,7.057,0.102,0,0,0,0,v
2014-10-22 07:24,7.063,0.168,0,0,0,0,v
2014-10-22 07:30,7.058,0.136,0,0,0,0,v
2014-10-22 07:36,7.064,0.173,0,0,0,0,v
2014-10-22 07:42,7.044,0.176,0,0,0,0,v
2014-10-22 07:48,7.034,0.179,0,0,0,0,v
2014-10-22 07:54,7.027,0.143,0,0,0,0,v
2014-10-22 08:00,7.066,0.142,0,0,0,0,v
2014-10-22 08:06,7.059,0.174,0,0,0,0,v
2014-10-22 08:12,7.066,0.172,0,0,0,0,v
2014-10-22 08:18,7.072,0.150,0,0,0,0,v
2014-10-22 08:24,7.055,0.127,0,0,0,0,v
2014-10-22 08:30,7.025,0.112,0,0,0,0,v
2014-10-22 08:36,7.031,0.156,0,0,0,0,v
2014-10-22 08:42,7.034,0.170,0,0,0,0,v
2014-10-22 08:48,7.017,0.139,0,0,0,0,v
2014-10-22 08:54,7.019,0.150,0,0,0,0,v
2014-10-22 09:00,7.023,0.154,0,0,0,0,v
2014-10-22 09:06,7.023,0.163,0,0,0,0,v
2014-10-22 09:12,7.019,0.139,0,0,0,0,v
2014-10-22 09:18,7.005,0.174,0,0,0,0,v
2014-10-22 09:24,7.007,0.167,0,0,0,0,v
2014-10-22 09:30,7.005,0.166,0,0,0,0,v
2014-10-22 09:36,6.988,0.177,0,0,0,0,v
2014-10-22 09:42,6.987,0.154,0,0,0,0,v
2014-10-22 09:48,6.986,0.155,0,0,0,0,v
2014-10-22 09:54,6.971,0.137,0,0,0,0,v
2014-10-22 10:00,6.964,0.148,0,0,0,0,v
2014-10-22 10:06,6.963,0.115,0,0,0,0,v
2014-10-22 10:12,6.939,0.165,0,0,0,0,v
2014-10-22 10:18,6.927,0.138,0,0,0,0,v
2014-10-22 10:24,6.941,0.133,0,0,0,0,v
2014-10-22 10:30,6.928,0.156,0,0,0,0,v
2014-10-22 10:36,6.943,0.146,0,0,0,0,v
2014-10-22 10:42,6.941,0.148,0,0,0,0,v
2014-10-22 10:48,6.926,0.144,0,0,0,0,v
2014-10-22 10:54,6.938,0.158,0,0,0,0,v
2014-10-22 11:00,6.932,0.141,0,0,0,0,v
2014-10-22 11:06,6.917,0.161,0,0,0,0,v
2014-10-22 11:12,6.910,0.167,0,0,0,0,v
2014-10-22 11:18,6.898,0.168,0,0,0,0,v
2014-10-22 11:24,6.897,0.163,0,0,0,0,v
2014-10-22 11:30,6.896,0.141,0,0,0,0,v
2014-10-22 11:36,6.906,0.120,0,0,0,0,v
2014-10-22 11:42,6.893,0.133,0,0,0,0,v
2014-10-22 11:48,6.883,0.132,0,0,0,0,v
2014-10-22 11:54,6.878,0.150,0,0,0,0,v
2014-10-22 12:00,6.879,0.151,0,0,0,0,v
2014-10-22 12:06,6.875,0.149,0,0,0,0,v
2014-10-22 12:12,6.856,0.131,0,0,0,0,v
2014-10-22 12:18,6.840,0.154,0,0,0,0,v
2014-10-22 12:24,6.858,0.131,0,0,0,0,v
2014-10-22 12:30,6.856,0.147,0,0,0,0,v
2014-10-22 12:36,6.856,0.153,0,0,0,0,v
2014-10-22 12:42,6.853,0.155,0,0,0,0,v
2014-10-22 12:48,6.861,0.154,0,0,0,0,v
2014-10-22 12:54,6.873,0.149,0,0,0,0,v
2014-10-22 13:00,6.855,0.158,0,0,0,0,v
2014-10-22 13:06,6.862,0.142,0,0,0,0,v
2014-10-22 13:12,6.858,0.141,0,0,0,0,v
2014-10-22 13:18,6.840,0.138,0,0,0,0,v
2014-10-22 13:24,6.847,0.138,0,0,0,0,v
2014-10-22 13:30,6.861,0.151,0,0,0,0,v
2014-10-22 13:36,6.868,0.148,0,0,0,0,v
2014-10-22 13:42,6.841,0.163,0,0,0,0,v
2014-10-22 13:48,6.832,0.141,0,0,0,0,v
2014-10-22 13:54,6.818,0.151,0,0,0,0,v
2014-10-22 14:00,6.841,0.139,0,0,0,0,v
2014-10-22 14:06,6.826,0.149,0,0,0,0,v
2014-10-22 14:12,6.815,0.188,0,0,0,0,v
2014-10-22 14:18,6.821,0.156,0,0,0,0,v
2014-10-22 14:24,6.828,0.130,0,0,0,0,v
2014-10-22 14:30,6.803,0.147,0,0,0,0,v
2014-10-22 14:36,6.805,0.144,0,0,0,0,v
2014-10-22 14:42,6.819,0.146,0,0,0,0,v
2014-10-22 14:48,6.834,0.139,0,0,0,0,v
2014-10-22 14:54,6.827,0.161,0,0,0,0,v
2014-10-22 15:00,6.834,0.173,0,0,0,0,v
2014-10-22 15:06,6.823,0.151,0,0,0,0,v
2014-10-22 15:12,6.838,0.141,0,0,0,0,v
2014-10-22 15:18,6.837,0.131,0,0,0,0,v
2014-10-22 15:24,6.833,0.149,0,0,0,0,v
2014-10-22 15:30,6.837,0.144,0,0,0,0,v
2014-10-22 15:36,6.844,0.159,0,0,0,0,v
2014-10-22 15:42,6.867,0.134,0,0,0,0,v
2014-10-22 15:48,6.858,0.170,0,0,0,0,v
2014-10-22 15:54,6.857,0.135,0,0,0,0,v
2014-10-22 16:00,6.872,0.145,0,0,0,0,v
2014-10-22 16:06,6.898,0.141,0,0,0,0,v
2014-10-22 16:12,6.908,0.156,0,0,0,0,v
2014-10-22 16:18,6.910,0.140,0,0,0,0,v
2014-10-22 16:24,6.929,0.140,0,0,0,0,v
2014-10-22 16:30,6.918,0.140,0,0,0,0,v
2014-10-22 16:36,6.916,0.170,0,0,0,0,v
2014-10-22 16:42,6.924,0.122,0,0,0,0,v
2014-10-22 16:48,6.933,0.165,0,0,0,0,v
2014-10-22 16:54,6.934,0.148,0,0,0,0,v
2014-10-22 17:00,6.921,0.145,0,0,0,0,v
2014-10-22 17:06,6.947,0.122,0,0,0,0,v
2014-10-22 17:12,6.942,0.164,0,0,0,0,v
2014-10-22 17:18,6.936,0.160,0,0,0,0,v
2014-10-22 17:24,6.933,0.175,0,0,0,0,v
2014-10-22 17:30,6.938,0.152,0,0,0,0,v
2014-10-22 17:36,6.959,0.140,0,0,0,0,v
2014-10-22 17:42,6.981,0.136,0,0,0,0,v
2014-10-22 17:48,6.970,0.146,0,0,0,0,v
2014-10-22 17:54,6.946,0.142,0,0,0,0,v
2014-10-22 18:00,6.956,0.153,0,0,0,0,v
2014-10-22 18:06,6.976,0.164,0,0,0,0,v
2014-10-22 18:12,7.000,0.136,0,0,0,0,v
2014-10-22 18:18,7.001,0.151,0,0,0,0,v
2014-10-22 18:24,7.008,0.178,0,0,0,0,v
2014-10-22 18:30,7.015,0.162,0,0,0,0,v
2014-10-22 18:36,7.027,0.128,0,0,0,0,v
2014-10-22 18:42,7.018,0.181,0,0,0,0,v
2014-10-22 18:48,7.017,0.136,0,0,0,0,v
2014-10-22 18:54,7.018,0.175,0,0,0,0,v
2014-10-22 19:00,7.044,0.154,0,0,0,0,v
2014-10-22 19:06,7.051,0.171,0,0,0,0,v
2014-10-22 19:12,7.062,0.157,0,0,0,0,v
2014-10-22 19:18,7.047,0.154,0,0,0,0,v
2014-10-22 19:24,7.055,0.142,0,0,0,0,v
2014-10-22 19:30,7.045,0.181,0,0,0,0,v
2014-10-22 19:36,7.052,0.165,0,0,0,0,v
2014-10-22 19:42,7.052,0.133,0,0,0,0,v
2014-10-22 19:48,7.054,0.184,0,0,0,0,v
2014-10-22 19:54,7.063,0.167,0,0,0,0,v
2014-10-22 20:00,7.084,0.154,0,0,0,0,v
2014-10-22 20:06,7.060,0.161,0,0,0,0,v
2014-10-22 20:12,7.071,0.152,0,0,0,0,v
2014-10-22 20:18,7.075,0.144,0,0,0,0,v
2014-10-22 20:24,7.068,0.161,0,0,0,0,v
2014-10-22 20:30,7.049,0.174,0,0,0,0,v
2014-10-22 20:36,7.075,0.169,0,0,0,0,v
2014-10-22 20:42,7.047,0.154,0,0,0,0,v
2014-10-22 20:48,7.052,0.141,0,0,0,0,v
2014-10-22 20:54,7.065,0.146,0,0,0,0,v
2014-10-22 21:00,7.074,0.132,0,0,0,0,v
2014-10-22 21:06,7.059,0.149,0,0,0,0,v
2014-10-22 21:12,7.072,0.173,0,0,0,0,v
2014-10-22 21:18,7.056,0.159,0,0,0,0,v
2014-10-22 21:24,7.069,0.147,0,0,0,0,v
2014-10-22 21:30,7.051,0.170,0,0,0,0,v
2014-10-22 21:36,7.047,0.132,0,0,0,0,v
2014-10-22 21:42,7.044,0.145,0,0,0,0,v
2014-10-22 21:48,7.057,0.161,0,0,0,0,v
2014-10-22 21:54,7.048,0.149,0,0,0,0,v
2014-10-22 22:00,7.037,0.139,0,0,0,0,v
2014-10-22 22:06,7.039,0.178,0,0,0,0,v
2014-10-22 22:12,7.053,0.180,0,0,0,0,v
2014-10-22 22:18,7.017,0.146,0,0,0,0,v
2014-10-22 22:24,7.027,0.147,0,0,0,0,v
2014-10-22 22:30,7.031,0.139,0,0,0,0,v
2014-10-22 22:36,7.034,0.137,0,0,0,0,v
2014-10-22 22:42,7.009,0.144,0,0,0,0,v
2014-10-22 22:48,7.013,0.137,0,0,0,0,v
2014-10-22 22:54,7.014,0.141,0,0,0,0,v
2014-10-22 23:00,7.015,0.177,0,0,0,0,v
2014-10-22 23:06,7.009,0.181,0,0,0,0,v
2014-10-22 23:12,7.002,0.155,0,0,0,0,v
2014-10-22 23:18,7.010,0.137,0,0,0,0,v
2014-10-22 23:24,7.001,0.149,0,0,0,0,v
2014-10-22 23:30,6.989,0.149,0,0,0,0,v
2014-10-22 23:36,6.975,0.176,0,0,0,0,v
2014-10-22 23:42,6.967,0.174,0,0,0,0,v
2014-10-22 23:48,6.969,0.167,0,0,0,0,v
2014-10-22 23:54,6.965,0.149,0,0,0,0,v
2014-10-23 00:00,6.978,0.162,0,0,0,0,v
2014-10-23 00:06,6.957,0.142,0,0,0,0,v
2014-10-23 00:12,6.940,0.158,0,0,0,0,v
2014-10-23 00:18,6.944,0.150,0,0,0,0,v
2014-10-23 00:24,6.932,0.185,0,0,0,0,v
2014-10-23 00:30,6.942,0.159,0,0,0,0,v
2014-10-23 00:36,6.934,0.172,0,0,0,0,v
2014-10-23 00:42,6.940,0.154,0,0,0,0,v
2014-10-23 00:48,6.947,0.156,0,0,0,0,v
2014-10-23 00:54,6.946,0.138,0,0,0,0,v
2014-10-23 01:00,6.947,0.135,0,0,0,0,v
2014-10-23 01:06,6.935,0.120,0,0,0,0,v
2014-10-23 01:12,6.920,0.161,0,0,0,0,v
2014-10-23 01:18,6.933,0.153,0,0,0,0,v
2014-10-23 01:24,6.935,0.152,0,0,0,0,v
2014-10-23 01:30,6.941,0.158,0,0,0,0,v
2014-10-23 01:36,6.936,0.183,0,0,0,0,v
2014-10-23 01:42,6.928,0.162,0,0,0,0,v
2014-10-23 01:48,6.919,0.159,0,0,0,0,v
2014-10-23 01:54,6.921,0.177,0,0,0,0,v
2014-10-23 02:00,6.934,0.147,0,0,0,0,v
2014-10-23 02:06,6.926,0.147,0,0,0,0,v
2014-10-23 02:12,6.925,0.161,0,0,0,0,v
2014-10-23 02:18,6.925,0.169,0,0,0,0,v
2014-10-23 02:24,6.946,0.133,0,0,0,0,v
2014-10-23 02:30,6.974,0.157,0,0,0,0,v
2014-10-23 02:36,6.964,0.128,0,0,0,0,v
2014-10-23 02:42,6.955,0.155,0,0,0,0,v
2014-10-23 02:48,6.961,0.136,0,0,0,0,v
2014-10-23 02:54,6.927,0.148,0,0,0,0,v
2014-10-23 03:00,6.934,0.143,0,0,0,0,v
2014-10-23 03:06,6.929,0.120,0,0,0,0,v
2014-10-23 03:12,6.934,0.117,0,0,0,0,v
2014-10-23 03:18,6.957,0.148,0,0,0,0,v
2014-10-23 03:24,6.945,0.134,0,0,0,0,v
2014-10-23 03:30,6.945,0.150,0,0,0,0,v
2014-10-23 03:36,6.933,0.168,0,0,0,0,v
2014-10-23 03:42,6.934,0.139,0,0,0,0,v
2014-10-23 03:48,6.952,0.150,0,0,0,0,v
2014-10-23 03:54,6.953,0.125,0,0,0,0,v
2014-10-23 04:00,6.940,0.143,0,0,0,0,v
2014-10-23 04:06,6.939,0.140,0,0,0,0,v
2014-10-23 04:12,6.947,0.151,0,0,0,0,v
2014-10-23 04:18,6.950,0.129,0,0,0,0,v
2014-10-23 04:24,6.973,0.153,0,0,0,0,v
2014-10-23 04:30,6.979,0.160,0,0,0,0,v
2014-10-23 04:36,6.977,0.136,0,0,0,0,v
2014-10-23 04:42,6.974,0.149,0,0,0,0,v
2014-10-23 04:48,6.964,0.163,0,0,0,0,v
2014-10-23 04:54,6.955,0.126,0,0,0,0,v
2014-10-23 05:00,6.952,0.148,0,0,0,0,v
2014-10-23 05:06,6.957,0.152,0,0,0,0,v
2014-10-23 05:12,6.965,0.167,0,0,0,0,v
2014-10-23 05:18,6.963,0.140,0,0,0,0,v
2014-10-23 05:24,6.959,0.142,0,0,0,0,v
2014-10-23 05:30,6.950,0.152,0,0,0,0,v
2014-10-23 05:36,6.970,0.144,0,0,0,0,v
2014-10-23 05:42,6.968,0.142,0,0,0,0,v
2014-10-23 05:48,6.955,0.149,0,0,0,0,v
2014-10-23 05:54,6.966,0.138,0,0,0,0,v
2014-10-23 06:00,6.967,0.155,0,0,0,0,v
2014-10-23 06:06,6.968,0.148,0,0,0,0,v
2014-10-23 06:12,6.960,0.161,0,0,0,0,v
2014-10-23 06:18,6.966,0.121,0,0,0,0,v
2014-10-23 06:24,6.960,0.130,0,0,0,0,v
2014-10-23 06:30,6.947,0.161,0,0,0,0,v
2014-10-23 06:36,6.959,0.112,0,0,0,0,v
2014-10-23 06:42,6.970,0.142,0,0,0,0,v
2014-10-23 06:48,6.968,0.144,0,0,0,0,v
2014-10-23 06:54,6.965,0.126,0,0,0,0,v
2014-10-23 07:00,6.966,0.130,0,0,0,0,v
2014-10-23 07:06,6.950,0.166,0,0,0,0,v
2014-10-23 07:12,6.966,0.133,0,0,0,0,v
2014-10-23 07:18,6.967,0.156,0,0,0,0,v
2014-10-23 07:24,6.964,0.128,0,0,0,0,v
2014-10-23 07:30,6.971,0.143,0,0,0,0,v
2014-10-23 07:36,6.988,0.142,0,0,0,0,v
2014-10-23 07:42,6.984,0.145,0,0,0,0,v
2014-10-23 07:48,6.970,0.168,0,0,0,0,v
2014-10-23 07:54,6.977,0.137,0,0,0,0,v
2014-10-23 08:00,6.980,0.134,0,0,0,0,v
2014-10-23 08:06,6.981,0.154,0,0,0,0,v
2014-10-23 08:12,6.948,0.138,0,0,0,0,v
2014-10-23 08:18,6.961,0.145,0,0,0,0,v
2014-10-23 08:24,6.954,0.110,0,0,0,0,v
2014-10-23 08:30,6.942,0.154,0,0,0,0,v
2014-10-23 08:36,6.928,0.157,0,0,0,0,v
2014-10-23 08:42,6.929,0.131,0,0,0,0,v
2014-10-23 08:48,6.927,0.151,0,0,0,0,v
2014-10-23 08:54,6.918,0.135,0,0,0,0,v
2014-10-23 09:00,6.916,0.152,0,0,0,0,v
2014-10-23 09:06,6.911,0.133,0,0,0,0,v
2014-10-23 09:12,6.907,0.119,0,0,0,0,v
2014-10-23 09:18,6.898,0.123,0,0,0,0,v
2014-10-23 09:24,6.874,0.122,0,0,0,0,v
2014-10-23 09:30,6.871,0.126,0,0,0,0,v
2014-10-23 09:36,6.869,0.158,0,0,0,0,v
2014-10-23 09:42,6.840,0.148,0,0,0,0,v
2014-10-23 09:48,6.845,0.142,0,0,0,0,v
2014-10-23 09:54,6.835,0.169,0,0,0,0,v
2014-10-23 10:00,6.829,0.175,0,0,0,0,v
2014-10-23 10:06,6.830,0.131,0,0,0,0,v
2014-10-23 10:12,6.826,0.137,0,0,0,0,v
2014-10-23 10:18,6.849,0.115,0,0,0,0,v
2014-10-23 10:24,6.823,0.145,0,0,0,0,v
2014-10-23 10:30,6.800,0.136,0,0,0,0,v
2014-10-23 10:36,6.800,0.136,0,0,0,0,v
2014-10-23 10:42,6.787,0.152,0,0,0,0,v
2014-10-23 10:48,6.788,0.128,0,0,0,0,v
2014-10-23 10:54,6.777,0.123,0,0,0,0,v
2014-10-23 11:00,6.766,0.149,0,0,0,0,v
2014-10-23 11:06,6.763,0.143,0,0,0,0,v
2014-10-23 11:12,6.770,0.121,0,0,0,0,v
2014-10-23 11:18,6.745,0.111,0,0,0,0,v
2014-10-23 11:24,6.738,0.108,0,0,0,0,v
2014-10-23 11:30,6.741,0.135,0,0,0,0,v
2014-10-23 11:36,6.725,0.138,0,0,0,0,v
2014-10-23 11:42,6.711,0.125,0,0,0,0,v
2014-10-23 11:48,6.712,0.120,0,0,0,0,v
2014-10-23 11:54,6.701,0.137,0,0,0,0,v
2014-10-23 12:00,6.711,0.133,0,0,0,0,v
2014-10-23 12:06,6.702,0.153,0,0,0,0,v
2014-10-23 12:12,6.675,0.141,0,0,0,0,v
2014-10-23 12:18,6.695,0.113,0,0,0,0,v
2014-10-23 12:24,6.689,0.111,0,0,0,0,v
2014-10-23 12:30,6.671,0.134,0,0,0,0,v
2014-10-23 12:36,6.670,0.136,0,0,0,0,v
2014-10-23 12:42,6.672,0.139,0,0,0,0,v
2014-10-23 12:48,6.678,0.130,0,0,0,0,v
2014-10-23 12:54,6.667,0.133,0,0,0,0,v
2014-10-23 13:00,6.666,0.125,0,0,0,0,v
2014-10-23 13:06,6.648,0.135,0,0,0,0,v
2014-10-23 13:12,6.651,0.140,0,0,0,0,v
2014-10-23 13:18,6.661,0.144,0,0,0,0,v
2014-10-23 13:24,6.669,0.113,0,0,0,0,v
2014-10-23 13:30,6.663,0.116,0,0,0,0,v
2014-10-23 13:36,6.649,0.116,0,0,0,0,v
2014-10-23 13:42,6.649,0.145,0,0,0,0,v
2014-10-23 13:48,6.647,0.122,0,0,0,0,v
2014-10-23 13:54,6.640,0.109,0,0,0,0,v
2014-10-23 14:00,6.635,0.140,0,0,0,0,v
2014-10-23 14:06,6.663,0.118,0,0,0,0,v
2014-10-23 14:12,6.659,0.122,0,0,0,0,v
2014-10-23 14:18,6.655,0.129,0,0,0,0,v
2014-10-23 14:24,6.664,0.124,0,0,0,0,v
2014-10-23 14:30,6.671,0.124,0,0,0,0,v
2014-10-23 14:36,6.667,0.134,0,0,0,0,v
2014-10-23 14:42,6.667,0.105,0,0,0,0,v
2014-10-23 14:48,6.654,0.121,0,0,0,0,v
2014-10-23 14:54,6.660,0.129,0,0,0,0,v
2014-10-23 15:00,6.677,0.118,0,0,0,0,v
2014-10-23 15:06,6.684,0.121,0,0,0,0,v
2014-10-23 15:12,6.668,0.153,0,0,0,0,v
2014-10-23 15:18,6.682,0.154,0,0,0,0,v
2014-10-23 15:24,6.687,0.119,0,0,0,0,v
2014-10-23 15:30,6.682,0.140,0,0,0,0,v
2014-10-23 15:36,6.695,0.102,0,0,0,0,v
2014-10-23 15:42,6.695,0.105,0,0,0,0,v
2014-10-23 15:48,6.701,0.140,0,0,0,0,v
2014-10-23 15:54,6.707,0.108,0,0,0,0,v
2014-10-23 16:00,6.694,0.138,0,0,0,0,v
2014-10-23 16:06,6.719,0.083,0,0,0,0,v
2014-10-23 16:12,6.713,0.115,0,0,0,0,v
2014-10-23 16:18,6.718,0.114,0,0,0,0,v
2014-10-23 16:24,6.730,0.130,0,0,0,0,v
2014-10-23 16:30,6.733,0.130,0,0,0,0,v
2014-10-23 16:36,6.738,0.115,0,0,0,0,v
2014-10-23 16:42,6.760,0.124,0,0,0,0,v
2014-10-23 16:48,6.759,0.134,0,0,0,0,v
2014-10-23 16:54,6.770,0.145,0,0,0,0,v
2014-10-23 17:00,6.784,0.114,0,0,0,0,v
2014-10-23 17:06,6.782,0.094,0,0,0,0,v
2014-10-23 17:12,6.800,0.134,0,0,0,0,v
2014-10-23 17:18,6.796,0.119,0,0,0,0,v
2014-10-23 17:24,6.803,0.112,0,0,0,0,v
2014-10-23 17:30,6.805,0.158,0,0,0,0,v
2014-10-23 17:36,6.820,0.134,0,0,0,0,v
2014-10-23 17:42,6.836,0.124,0,0,0,0,v
2014-10-23 17:48,6.841,0.139,0,0,0,0,v
2014-10-23 17:54,6.848,0.129,0,0,0,0,v
2014-10-23 18:00,6.869,0.130,0,0,0,0,v
2014-10-23 18:06,6.898,0.110,0,0,0,0,v
2014-10-23 18:12,6.894,0.103,0,0,0,0,v
2014-10-23 18:18,6.908,0.163,0,0,0,0,v
2014-10-23 18:24,6.924,0.119,0,0,0,0,v
2014-10-23 18:30,6.923,0.129,0,0,0,0,v
2014-10-23 18:36,6.935,0.128,0,0,0,0,v
2014-10-23 18:42,6.927,0.131,0,0,0,0,v
2014-10-23 18:48,6.943,0.119,0,0,0,0,v
2014-10-23 18:54,6.943,0.129,0,0,0,0,v
2014-10-23 19:00,6.968,0.115,0,0,0,0,v
2014-10-23 19:06,6.972,0.110,0,0,0,0,v
2014-10-23 19:12,6.995,0.122,0,0,0,0,v
2014-10-23 19:18,6.987,0.097,0,0,0,0,v
2014-10-23 19:24,6.978,0.137,0,0,0,0,v
2014-10-23 19:30,6.995,0.125,0,0,0,0,v
2014-10-23 19:36,7.015,0.134,0,0,0,0,v
2014-10-23 19:42,7.016,0.133,0,0,0,0,v
2014-10-23 19:48,7.004,0.138,0,0,0,0,v
2014-10-23 19:54,7.018,0.119,0,0,0,0,v
2014-10-23 20:00,7.022,0.145,0,0,0,0,v
2014-10-23 20:06,7.021,0.151,0,0,0,0,v
2014-10-23 20:12,7.036,0.143,0,0,0,0,v
2014-10-23 20:18,7.038,0.120,0,0,0,0,v
2014-10-23 20:24,7.021,0.142,0,0,0,0,v
2014-10-23 20:30,7.033,0.153,0,0,0,0,v
2014-10-23 20:36,7.048,0.124,0,0,0,0,v
2014-10-23 20:42,7.038,0.111,0,0,0,0,v
2014-10-23 20:48,7.041,0.139,0,0,0,0,v
2014-10-23 20:54,7.042,0.120,0,0,0,0,v
2014-10-23 21:00,7.048,0.146,0,0,0,0,v
2014-10-23 21:06,7.052,0.158,0,0,0,0,v
2014-10-23 21:12,7.051,0.141,0,0,0,0,v
2014-10-23 21:18,7.065,0.121,0,0,0,0,v
2014-10-23 21:24,7.048,0.104,0,0,0,0,v
2014-10-23 21:30,7.042,0.098,0,0,0,0,v
2014-10-23 21:36,7.060,0.109,0,0,0,0,v
2014-10-23 21:42,7.055,0.128,0,0,0,0,v
2014-10-23 21:48,7.048,0.141,0,0,0,0,v
2014-10-23 21:54,7.041,0.122,0,0,0,0,v
2014-10-23 22:00,7.064,0.122,0,0,0,0,v
2014-10-23 22:06,7.047,0.106,0,0,0,0,v
2014-10-23 22:12,7.057,0.121,0,0,0,0,v
2014-10-23 22:18,7.062,0.102,0,0,0,0,v
2014-10-23 22:24,7.052,0.124,0,0,0,0,v
2014-10-23 22:30,7.056,0.126,0,0,0,0,v
2014-10-23 22:36,7.051,0.130,0,0,0,0,v
2014-10-23 22:42,7.050,0.108,0,0,0,0,v
2014-10-23 22:48,7.048,0.122,0,0,0,0,v
2014-10-23 22:54,7.040,0.127,0,0,0,0,v
2014-10-23 23:00,7.035,0.134,0,0,0,0,v
2014-10-23 23:06,7.039,0.125,0,0,0,0,v
2014-10-23 23:12,7.044,0.132,0,0,0,0,v
2014-10-23 23:18,7.045,0.124,0,0,0,0,v
2014-10-23 23:24,7.022,0.118,0,0,0,0,v
2014-10-23 23:30,7.022,0.120,0,0,0,0,v
2014-10-23 23:36,7.017,0.128,0,0,0,0,v
2014-10-23 23:42,7.024,0.138,0,0,0,0,v
2014-10-23 23:48,7.025,0.116,0,0,0,0,v
2014-10-23 23:54,7.031,0.117,0,0,0,0,v
2014-10-24 00:00,7.030,0.107,0,0,0,0,v
2014-10-24 00:06,7.004,0.125,0,0,0,0,v
2014-10-24 00:12,6.998,0.125,0,0,0,0,v
2014-10-24 00:18,7.004,0.107,0,0,0,0,v
2014-10-24 00:24,6.997,0.114,0,0,0,0,v
2014-10-24 00:30,6.990,0.114,0,0,0,0,v
2014-10-24 00:36,6.991,0.150,0,0,0,0,v
2014-10-24 00:42,6.986,0.116,0,0,0,0,v
2014-10-24 00:48,6.980,0.118,0,0,0,0,v
2014-10-24 00:54,6.963,0.155,0,0,0,0,v
2014-10-24 01:00,6.984,0.116,0,0,0,0,v
2014-10-24 01:06,6.982,0.121,0,0,0,0,v
2014-10-24 01:12,6.969,0.115,0,0,0,0,v
2014-10-24 01:18,6.963,0.111,0,0,0,0,v
2014-10-24 01:24,6.978,0.096,0,0,0,0,v
2014-10-24 01:30,6.979,0.125,0,0,0,0,v
2014-10-24 01:36,6.980,0.124,0,0,0,0,v
2014-10-24 01:42,6.975,0.132,0,0,0,0,v
2014-10-24 01:48,6.958,0.117,0,0,0,0,v
2014-10-24 01:54,6.955,0.101,0,0,0,0,v
2014-10-24 02:00,6.948,0.100,0,0,0,0,v
2014-10-24 02:06,6.955,0.112,0,0,0,0,v
2014-10-24 02:12,6.952,0.125,0,0,0,0,v
2014-10-24 02:18,6.960,0.132,0,0,0,0,v
2014-10-24 02:24,6.956,0.130,0,0,0,0,v
2014-10-24 02:30,6.951,0.127,0,0,0,0,v
2014-10-24 02:36,6.940,0.124,0,0,0,0,v
2014-10-24 02:42,6.937,0.129,0,0,0,0,v
2014-10-24 02:48,6.939,0.121,0,0,0,0,v
2014-10-24 02:54,6.938,0.150,0,0,0,0,v
2014-10-24 03:00,6.943,0.137,0,0,0,0,v
2014-10-24 03:06,6.945,0.123,0,0,0,0,v
2014-10-24 03:12,6.971,0.107,0,0,0,0,v
2014-10-24 03:18,6.950,0.132,0,0,0,0,v
2014-10-24 03:24,6.942,0.127,0,0,0,0,v
2014-10-24 03:30,6.946,0.145,0,0,0,0,v
2014-10-24 03:36,6.944,0.104,0,0,0,0,v
2014-10-24 03:42,6.938,0.115,0,0,0,0,v
2014-10-24 03:48,6.960,0.096,0,0,0,0,v
2014-10-24 03:54,6.946,0.106,0,0,0,0,v
2014-10-24 04:00,6.948,0.113,0,0,0,0,v
2014-10-24 04:06,6.942,0.144,0,0,0,0,v
2014-10-24 04:12,6.932,0.126,0,0,0,0,v
2014-10-24 04:18,6.942,0.101,0,0,0,0,v
2014-10-24 04:24,6.946,0.135,0,0,0,0,v
2014-10-24 04:30,6.922,0.105,0,0,0,0,v
2014-10-24 04:36,6.928,0.128,0,0,0,0,v
2014-10-24 04:42,6.938,0.116,0,0,0,0,v
2014-10-24 04:48,6.940,0.111,0,0,0,0,v
2014-10-24 04:54,6.942,0.118,0,0,0,0,v
2014-10-24 05:00,6.943,0.123,0,0,0,0,v
2014-10-24 05:06,6.945,0.126,0,0,0,0,v
2014-10-24 05:12,6.921,0.181,0,0,0,0,v
2014-10-24 05:18,6.932,0.132,0,0,0,0,v
2014-10-24 05:24,6.933,0.143,0,0,0,0,v
2014-10-24 05:30,6.938,0.142,0,0,0,0,v
2014-10-24 05:36,6.936,0.110,0,0,0,0,v
2014-10-24 05:42,6.932,0.144,0,0,0,0,v
2014-10-24 05:48,6.934,0.093,0,0,0,0,v
2014-10-24 05:54,6.937,0.129,0,0,0,0,v
2014-10-24 06:00,6.941,0.131,0,0,0,0,v
2014-10-24 06:06,6.944,0.139,0,0,0,0,v
2014-10-24 06:12,6.939,0.107,0,0,0,0,v
2014-10-24 06:18,6.932,0.153,0,0,0,0,v
2014-10-24 06:24,6.926,0.129,0,0,0,0,v
2014-10-24 06:30,6.933,0.129,0,0,0,0,v
2014-10-24 06:36,6.934,0.133,0,0,0,0,v
2014-10-24 06:42,6.939,0.155,0,0,0,0,v
2014-10-24 06:48,6.938,0.132,0,0,0,0,v
2014-10-24 06:54,6.933,0.120,0,0,0,0,v
2014-10-24 07:00,6.927,0.119,0,0,0,0,v
2014-10-24 07:06,6.935,0.119,0,0,0,0,v
2014-10-24 07:12,6.932,0.126,0,0,0,0,v
2014-10-24 07:18,6.939,0.123,0,0,0,0,v
2014-10-24 07:24,6.925,0.123,0,0,0,0,v
2014-10-24 07:30,6.927,0.110,0,0,0,0,v
2014-10-24 07:36,6.916,0.123,0,0,0,0,v
2014-10-24 07:42,6.910,0.118,0,0,0,0,v
2014-10-24 07:48,6.927,0.126,0,0,0,0,v
2014-10-24 07:54,6.922,0.161,0,0,0,0,v
2014-10-24 08:00,6.928,0.133,0,0,0,0,v
2014-10-24 08:06,6.907,0.140,0,0,0,0,v
2014-10-24 08:12,6.906,0.114,0,0,0,0,v
2014-10-24 08:18,6.911,0.120,0,0,0,0,v
2014-10-24 08:24,6.912,0.120,0,0,0,0,v
2014-10-24 08:30,6.909,0.116,0,0,0,0,v
2014-10-24 08:36,6.882,0.129,0,0,0,0,v
2014-10-24 08:42,6.881,0.124,0,0,0,0,v
2014-10-24 08:48,6.871,0.121,0,0,0,0,v
2014-10-24 08:54,6.871,0.129,0,0,0,0,v
2014-10-24 09:00,6.855,0.153,0,0,0,0,v
2014-10-24 09:06,6.865,0.129,0,0,0,0,v
2014-10-24 09:12,6.848,0.146,0,0,0,0,v
2014-10-24 09:18,6.854,0.105,0,0,0,0,v
2014-10-24 09:24,6.848,0.132,0,0,0,0,v
2014-10-24 09:30,6.845,0.154,0,0,0,0,v
2014-10-24 09:36,6.835,0.117,0,0,0,0,v
2014-10-24 09:42,6.825,0.141,0,0,0,0,v
2014-10-24 09:48,6.802,0.139,0,0,0,0,v
2014-10-24 09:54,6.795,0.132,0,0,0,0,v
2014-10-24 10:00,6.799,0.125,0,0,0,0,v
2014-10-24 10:06,6.771,0.117,0,0,0,0,v
2014-10-24 10:12,6.781,0.124,0,0,0,0,v
2014-10-24 10:18,6.773,0.119,0,0,0,0,v
2014-10-24 10:24,6.777,0.111,0,0,0,0,v
2014-10-24 10:30,6.751,0.127,0,0,0,0,v
2014-10-24 10:36,6.730,0.113,0,0,0,0,v
2014-10-24 10:42,6.708,0.134,0,0,0,0,v
2014-10-24 10:48,6.693,0.124,0,0,0,0,v
2014-10-24 10:54,6.687,0.150,0,0,0,0,v
2014-10-24 11:00,6.686,0.132,0,0,0,0,v
2014-10-24 11:06,6.701,0.113,0,0,0,0,v
2014-10-24 11:12,6.687,0.137,0,0,0,0,v
2014-10-24 11:18,6.669,0.122,0,0,0,0,v
2014-10-24 11:24,6.657,0.128,0,0,0,0,v
2014-10-24 11:30,6.656,0.122,0,0,0,0,v
2014-10-24 11:36,6.670,0.131,0,0,0,0,v
2014-10-24 11:42,6.666,0.104,0,0,0,0,v
2014-10-24 11:48,6.672,0.104,0,0,0,0,v
2014-10-24 11:54,6.670,0.125,0,0,0,0,v
2014-10-24 12:00,6.647,0.114,0,0,0,0,v
2014-10-24 12:06,6.636,0.135,0,0,0,0,v
2014-10-24 12:12,6.645,0.137,0,0,0,0,v
2014-10-24 12:18,6.638,0.093,0,0,0,0,v
2014-10-24 12:24,6.633,0.129,0,0,0,0,v
2014-10-24 12:30,6.628,0.101,0,0,0,0,v
2014-10-24 12:36,6.613,0.156,0,0,0,0,v
2014-10-24 12:42,6.623,0.100,0,0,0,0,v
2014-10-24 12:48,6.601,0.126,0,0,0,0,v
2014-10-24 12:54,6.597,0.124,0,0,0,0,v
2014-10-24 13:00,6.596,0.096,0,0,0,0,v
2014-10-24 13:06,6.601,0.133,0,0,0,0,v
2014-10-24 13:12,6.588,0.105,0,0,0,0,v
2014-10-24 13:18,6.573,0.140,0,0,0,0,v
2014-10-24 13:24,6.588,0.108,0,0,0,0,v
2014-10-24 13:30,6.559,0.166,0,0,0,0,v
2014-10-24 13:36,6.572,0.140,0,0,0,0,v
2014-10-24 13:42,6.563,0.126,0,0,0,0,v
2014-10-24 13:48,6.571,0.119,0,0,0,0,v
2014-10-24 13:54,6.576,0.124,0,0,0,0,v
2014-10-24 14:00,6.547,0.115,0,0,0,0,v
2014-10-24 14:06,6.549,0.118,0,0,0,0,v
2014-10-24 14:12,6.568,0.126,0,0,0,0,v
2014-10-24 14:18,6.558,0.126,0,0,0,0,v
2014-10-24 14:24,6.554,0.110,0,0,0,0,v
2014-10-24 14:30,6.550,0.131,0,0,0,0,v
2014-10-24 14:36,6.559,0.116,0,0,0,0,v
2014-10-24 14:42,6.576,0.111,0,0,0,0,v
2014-10-24 14:48,6.570,0.131,0,0,0,0,v
2014-10-24 14:54,6.568,0.138,0,0,0,0,v
2014-10-24 15:00,6.593,0.140,0,0,0,0,v
2014-10-24 15:06,6.579,0.119,0,0,0,0,v
2014-10-24 15:12,6.591,0.110,0,0,0,0,v
2014-10-24 15:18,6.584,0.099,0,0,0,0,v
2014-10-24 15:24,6.590,0.131,0,0,0,0,v
2014-10-24 15:30,6.586,0.112,0,0,0,0,v
2014-10-24 15:36,6.582,0.123,0,0,0,0,v
2014-10-24 15:42,6.587,0.107,0,0,0,0,v
2014-10-24 15:48,6.592,0.135,0,0,0,0,v
2014-10-24 15:54,6.598,0.114,0,0,0,0,v
2014-10-24 16:00,6.606,0.125,0,0,0,0,v
2014-10-24 16:06,6.607,0.116,0,0,0,0,v
2014-10-24 16:12,6.593,0.104,0,0,0,0,v
2014-10-24 16:18,6.595,0.130,0,0,0,0,v
2014-10-24 16:24,6.608,0.137,0,0,0,0,v
2014-10-24 16:30,6.619,0.126,0,0,0,0,v
2014-10-24 16:36,6.626,0.107,0,0,0,0,v
2014-10-24 16:42,6.639,0.117,0,0,0,0,v
2014-10-24 16:48,6.624,0.128,0,0,0,0,v
2014-10-24 16:54,6.633,0.101,0,0,0,0,v
2014-10-24 17:00,6.646,0.103,0,0,0,0,v
2014-10-24 17:06,6.635,0.120,0,0,0,0,v
2014-10-24 17:12,6.651,0.109,0,0,0,0,v
2014-10-24 17:18,6.647,0.116,0,0,0,0,v
2014-10-24 17:24,6.647,0.141,0,0,0,0,v
2014-10-24 17:30,6.659,0.121,0,0,0,0,v
2014-10-24 17:36,6.667,0.130,0,0,0,0,v
2014-10-24 17:42,6.667,0.114,0,0,0,0,v
2014-10-24 17:48,6.690,0.115,0,0,0,0,v
2014-10-24 17:54,6.709,0.123,0,0,0,0,v
2014-10-24 18:00,6.710,0.120,0,0,0,0,v
2014-10-24 18:06,6.736,0.101,0,0,0,0,v
2014-10-24 18:12,6.713,0.117,0,0,0,0,v
2014-10-24 18:18,6.722,0.139,0,0,0,0,v
2014-10-24 18:24,6.748,0.133,0,0,0,0,v
2014-10-24 18:30,6.754,0.134,0,0,0,0,v
2014-10-24 18:36,6.772,0.139,0,0,0,0,v
2014-10-24 18:42,6.789,0.125,0,0,0,0,v
2014-10-24 18:48,6.791,0.095,0,0,0,0,v
2014-10-24 18:54,6.803,0.125,0,0,0,0,v
2014-10-24 19:00,6.834,0.130,0,0,0,0,v
2014-10-24 19:06,6.837,0.124,0,0,0,0,v
2014-10-24 19:12,6.835,0.132,0,0,0,0,v
2014-10-24 19:18,6.869,0.106,0,0,0,0,v
2014-10-24 19:24,6.860,0.135,0,0,0,0,v
2014-10-24 19:30,6.863,0.109,0,0,0,0,v
2014-10-24 19:36,6.877,0.125,0,0,0,0,v
2014-10-24 19:42,6.885,0.113,0,0,0,0,v
2014-10-24 19:48,6.904,0.140,0,0,0,0,v
2014-10-24 19:54,6.898,0.124,0,0,0,0,v
2014-10-24 20:00,6.897,0.122,0,0,0,0,v
2014-10-24 20:06,6.909,0.121,0,0,0,0,v
2014-10-24 20:12,6.907,0.098,0,0,0,0,v
2014-10-24 20:18,6.927,0.121,0,0,0,0,v
2014-10-24 20:24,6.933,0.120,0,0,0,0,v
2014-10-24 20:30,6.922,0.106,0,0,0,0,v
2014-10-24 20:36,6.936,0.126,0,0,0,0,v
2014-10-24 20:42,6.941,0.145,0,0,0,0,v
2014-10-24 20:48,6.945,0.114,0,0,0,0,v
2014-10-24 20:54,6.943,0.133,0,0,0,0,v
2014-10-24 21:00,6.941,0.109,0,0,0,0,v
2014-10-24 21:06,6.948,0.126,0,0,0,0,v
2014-10-24 21:12,6.958,0.119,0,0,0,0,v
2014-10-24 21:18,6.962,0.092,0,0,0,0,v
2014-10-24 21:24,6.972,0.094,0,0,0,0,v
2014-10-24 21:30,6.944,0.118,0,0,0,0,v
2014-10-24 21:36,6.959,0.120,0,0,0,0,v
2014-10-24 21:42,6.983,0.110,0,0,0,0,v
2014-10-24 21:48,6.981,0.133,0,0,0,0,v
2014-10-24 21:54,6.988,0.085,0,0,0,0,v
2014-10-24 22:00,6.961,0.108,0,0,0,0,v
2014-10-24 22:06,6.964,0.116,0,0,0,0,v
2014-10-24 22:12,6.971,0.098,0,0,0,0,v
2014-10-24 22:18,6.961,0.104,0,0,0,0,v
2014-10-24 22:24,6.961,0.112,0,0,0,0,v
2014-10-24 22:30,6.966,0.129,0,0,0,0,v
2014-10-24 22:36,6.956,0.117,0,0,0,0,v
2014-10-24 22:42,6.957,0.113,0,0,0,0,v
2014-10-24 22:48,6.955,0.129,0,0,0,0,v
2014-10-24 22:54,6.968,0.105,0,0,0,0,v
2014-10-24 23:00,6.969,0.135,0,0,0,0,v
2014-10-24 23:06,6.982,0.100,0,0,0,0,v
2014-10-24 23:12,6.979,0.131,0,0,0,0,v
2014-10-24 23:18,6.950,0.139,0,0,0,0,v
2014-10-24 23:24,6.956,0.104,0,0,0,0,v
2014-10-24 23:30,6.954,0.102,0,0,0,0,v
2014-10-24 23:36,6.953,0.117,0,0,0,0,v
2014-10-24 23:42,6.952,0.102,0,0,0,0,v
2014-10-24 23:48,6.944,0.119,0,0,0,0,v
2014-10-24 23:54,6.945,0.109,0,0,0,0,v
2014-10-25 00:00,6.943,0.127,0,0,0,0,v
2014-10-25 00:06,6.937,0.123,0,0,0,0,v
2014-10-25 00:12,6.939,0.109,0,0,0,0,v
2014-10-25 00:18,6.921,0.113,0,0,0,0,v
2014-10-25 00:24,6.925,0.096,0,0,0,0,v
2014-10-25 00:30,6.916,0.111,0,0,0,0,v
2014-10-25 00:36,6.920,0.130,0,0,0,0,v
2014-10-25 00:42,6.938,0.119,0,0,0,0,v
2014-10-25 00:48,6.926,0.113,0,0,0,0,v
2014-10-25 00:54,6.945,0.127,0,0,0,0,v
2014-10-25 01:00,6.939,0.098,0,0,0,0,v
2014-10-25 01:06,6.926,0.126,0,0,0,0,v
2014-10-25 01:12,6.923,0.132,0,0,0,0,v
2014-10-25 01:18,6.907,0.131,0,0,0,0,v
2014-10-25 01:24,6.911,0.106,0,0,0,0,v
2014-10-25 01:30,6.904,0.133,0,0,0,0,v
2014-10-25 01:36,6.880,0.138,0,0,0,0,v
2014-10-25 01:42,6.874,0.113,0,0,0,0,v
2014-10-25 01:48,6.881,0.125,0,0,0,0,v
2014-10-25 01:54,6.888,0.102,0,0,0,0,v
2014-10-25 02:00,6.879,0.115,0,0,0,0,v
2014-10-25 02:06,6.870,0.114,0,0,0,0,v
2014-10-25 02:12,6.898,0.099,0,0,0,0,v
2014-10-25 02:18,6.883,0.101,0,0,0,0,v
2014-10-25 02:24,6.885,0.111,0,0,0,0,v
2014-10-25 02:30,6.878,0.129,0,0,0,0,v
2014-10-25 02:36,6.884,0.098,0,0,0,0,v
2014-10-25 02:42,6.893,0.105,0,0,0,0,v
2014-10-25 02:48,6.879,0.111,0,0,0,0,v
2014-10-25 02:54,6.888,0.110,0,0,0,0,v
2014-10-25 03:00,6.885,0.105,0,0,0,0,v
2014-10-25 03:06,6.868,0.111,0,0,0,0,v
2014-10-25 03:12,6.866,0.099,0,0,0,0,v
2014-10-25 03:18,6.860,0.102,0,0,0,0,v
2014-10-25 03:24,6.870,0.110,0,0,0,0,v
2014-10-25 03:30,6.876,0.117,0,0,0,0,v
2014-10-25 03:36,6.862,0.116,0,0,0,0,v
2014-10-25 03:42,6.846,0.114,0,0,0,0,v
2014-10-25 03:48,6.837,0.112,0,0,0,0,v
2014-10-25 03:54,6.855,0.115,0,0,0,0,v
2014-10-25 04:00,6.843,0.115,0,0,0,0,v
2014-10-25 04:06,6.854,0.106,0,0,0,0,v
2014-10-25 04:12,6.845,0.105,0,0,0,0,v
2014-10-25 04:18,6.849,0.098,0,0,0,0,v
2014-10-25 04:24,6.835,0.122,0,0,0,0,v
2014-10-25 04:30,6.846,0.121,0,0,0,0,v
2014-10-25 04:36,6.860,0.108,0,0,0,0,v
2014-10-25 04:42,6.836,0.127,0,0,0,0,v
2014-10-25 04:48,6.833,0.103,0,0,0,0,v
2014-10-25 04:54,6.842,0.113,0,0,0,0,v
2014-10-25 05:00,6.863,0.104,0,0,0,0,v
2014-10-25 05:06,6.832,0.133,0,0,0,0,v
2014-10-25 05:12,6.835,0.110,0,0,0,0,v
2014-10-25 05:18,6.827,0.113,0,0,0,0,v
2014-10-25 05:24,6.831,0.107,0,0,0,0,v
2014-10-25 05:30,6.831,0.096,0,0,0,0,v
2014-10-25 05:36,6.830,0.108,0,0,0,0,v
2014-10-25 05:42,6.835,0.100,0,0,0,0,v
2014-10-25 05:48,6.863,0.077,0,0,0,0,v
2014-10-25 05:54,6.841,0.106,0,0,0,0,v
2014-10-25 06:00,6.868,0.104,0,0,0,0,v
2014-10-25 06:06,6.848,0.096,0,0,0,0,v
2014-10-25 06:12,6.859,0.104,0,0,0,0,v
2014-10-25 06:18,6.841,0.103,0,0,0,0,v
2014-10-25 06:24,6.849,0.115,0,0,0,0,v
2014-10-25 06:30,6.848,0.121,0,0,0,0,v
2014-10-25 06:36,6.837,0.117,0,0,0,0,v
2014-10-25 06:42,6.847,0.130,0,0,0,0,v
2014-10-25 06:48,6.855,0.107,0,0,0,0,v
2014-10-25 06:54,6.853,0.110,0,0,0,0,v
2014-10-25 07:00,6.850,0.133,0,0,0,0,v
2014-10-25 07:06,6.851,0.110,0,0,0,0,v
2014-10-25 07:12,6.852,0.088,0,0,0,0,v
2014-10-25 07:18,6.860,0.105,0,0,0,0,v
2014-10-25 07:24,6.865,0.111,0,0,0,0,v
2014-10-25 07:30,6.852,0.094,0,0,0,0,v
2014-10-25 07:36,6.853,0.116,0,0,0,0,v
2014-10-25 07:42,6.849,0.102,0,0,0,0,v
2014-10-25 07:48,6.844,0.085,0,0,0,0,v
2014-10-25 07:54,6.848,0.115,0,0,0,0,v
2014-10-25 08:00,6.840,0.097,0,0,0,0,v
2014-10-25 08:06,6.839,0.095,0,0,0,0,v
2014-10-25 08:12,6.845,0.095,0,0,0,0,v
2014-10-25 08:18,6.851,0.096,0,0,0,0,v
2014-10-25 08:24,6.841,0.094,0,0,0,0,v
2014-10-25 08:30,6.828,0.095,0,0,0,0,v
2014-10-25 08:36,6.829,0.108,0,0,0,0,v
2014-10-25 08:42,6.816,0.095,0,0,0,0,v
2014-10-25 08:48,6.818,0.104,0,0,0,0,v
2014-10-25 08:54,6.798,0.105,0,0,0,0,v
2014-10-25 09:00,6.807,0.111,0,0,0,0,v
2014-10-25 09:06,6.805,0.098,0,0,0,0,v
2014-10-25 09:12,6.788,0.082,0,0,0,0,v
2014-10-25 09:18,6.791,0.096,0,0,0,0,v
2014-10-25 09:24,6.775,0.105,0,0,0,0,v
2014-10-25 09:30,6.773,0.092,0,0,0,0,v
2014-10-25 09:36,6.762,0.095,0,0,0,0,v
2014-10-25 09:42,6.766,0.098,0,0,0,0,v
2014-10-25 09:48,6.766,0.098,0,0,0,0,v
2014-10-25 09:54,6.745,0.094,0,0,0,0,v
2014-10-25 10:00,6.746,0.100,0,0,0,0,v
2014-10-25 10:06,6.745,0.105,0,0,0,0,v
2014-10-25 10:12,6.745,0.105,0,0,0,0,v
2014-10-25 10:18,6.736,0.098,0,0,0,0,v
2014-10-25 10:24,6.718,0.087,0,0,0,0,v
2014-10-25 10:30,6.696,0.118,0,0,0,0,v
2014-10-25 10:36,6.698,0.092,0,0,0,0,v
2014-10-25 10:42,6.667,0.105,0,0,0,0,v
2014-10-25 10:48,6.679,0.085,0,0,0,0,v
2014-10-25 10:54,6.674,0.094,0,0,0,0,v
2014-10-25 11:00,6.685,0.088,0,0,0,0,v
2014-10-25 11:06,6.663,0.090,0,0,0,0,v
2014-10-25 11:12,6.660,0.100,0,0,0,0,v
2014-10-25 11:18,6.652,0.093,0,0,0,0,v
2014-10-25 11:24,6.653,0.113,0,0,0,0,v
2014-10-25 11:30,6.649,0.082,0,0,0,0,v
2014-10-25 11:36,6.641,0.097,0,0,0,0,v
2014-10-25 11:42,6.604,0.114,0,0,0,0,v
2014-10-25 11:48,6.598,0.102,0,0,0,0,v
2014-10-25 11:54,6.603,0.095,0,0,0,0,v
2014-10-25 12:00,6.591,0.103,0,0,0,0,v
2014-10-25 12:06,6.580,0.096,0,0,0,0,v
2014-10-25 12:12,6.578,0.085,0,0,0,0,v
2014-10-25 12:18,6.574,0.091,0,0,0,0,v
2014-10-25 12:24,6.561,0.096,0,0,0,0,v
2014-10-25 12:30,6.555,0.089,0,0,0,0,v
2014-10-25 12:36,6.557,0.091,0,0,0,0,v
2014-10-25 12:42,6.555,0.096,0,0,0,0,v
2014-10-25 12:48,6.543,0.108,0,0,0,0,v
2014-10-25 12:54,6.543,0.085,0,0,0,0,v
2014-10-25 13:00,6.518,0.074,0,0,0,0,v
2014-10-25 13:06,6.530,0.093,0,0,0,0,v
2014-10-25 13:12,6.509,0.088,0,0,0,0,v
2014-10-25 13:18,6.499,0.096,0,0,0,0,v
2014-10-25 13:24,6.492,0.107,0,0,0,0,v
2014-10-25 13:30,6.487,0.095,0,0,0,0,v
2014-10-25 13:36,6.481,0.102,0,0,0,0,v
2014-10-25 13:42,6.475,0.101,0,0,0,0,v
2014-10-25 13:48,6.474,0.102,0,0,0,0,v
2014-10-25 13:54,6.463,0.095,0,0,0,0,v
2014-10-25 14:00,6.463,0.097,0,0,0,0,v
2014-10-25 14:06,6.444,0.096,0,0,0,0,v
2014-10-25 14:12,6.458,0.098,0,0,0,0,v
2014-10-25 14:18,6.453,0.089,0,0,0,0,v
2014-10-25 14:24,6.457,0.100,0,0,0,0,v
2014-10-25 14:30,6.444,0.078,0,0,0,0,v
2014-10-25 14:36,6.453,0.098,0,0,0,0,v
2014-10-25 14:42,6.445,0.094,0,0,0,0,v
2014-10-25 14:48,6.463,0.073,0,0,0,0,v
2014-10-25 14:54,6.457,0.077,0,0,0,0,v
2014-10-25 15:00,6.463,0.082,0,0,0,0,v
2014-10-25 15:06,6.443,0.079,0,0,0,0,v
2014-10-25 15:12,6.452,0.086,0,0,0,0,v
2014-10-25 15:18,6.474,0.097,0,0,0,0,v
2014-10-25 15:24,6.461,0.100,0,0,0,0,v
2014-10-25 15:30,6.455,0.087,0,0,0,0,v
2014-10-25 15:36,6.452,0.110,0,0,0,0,v
2014-10-25 15:42,6.466,0.081,0,0,0,0,v
2014-10-25 15:48,6.456,0.094,0,0,0,0,v
2014-10-25 15:54,6.465,0.085,0,0,0,0,v
2014-10-25 16:00,6.478,0.087,0,0,0,0,v
2014-10-25 16:06,6.476,0.087,0,0,0,0,v
2014-10-25 16:12,6.480,0.080,0,0,0,0,v
2014-10-25 16:18,6.476,0.092,0,0,0,0,v
2014-10-25 16:24,6.475,0.086,0,0,0,0,v
2014-10-25 16:30,6.488,0.094,0,0,0,0,v
2014-10-25 16:36,6.490,0.080,0,0,0,0,v
2014-10-25 16:42,6.495,0.090,0,0,0,0,v
2014-10-25 16:48,6.501,0.082,0,0,0,0,v
2014-10-25 16:54,6.511,0.071,0,0,0,0,v
2014-10-25 17:00,6.505,0.093,0,0,0,0,v
2014-10-25 17:06,6.547,0.111,0,0,0,0,v
2014-10-25 17:12,6.537,0.098,0,0,0,0,v
2014-10-25 17:18,6.526,0.093,0,0,0,0,v
2014-10-25 17:24,6.519,0.083,0,0,0,0,v
2014-10-25 17:30,6.539,0.081,0,0,0,0,v
2014-10-25 17:36,6.537,0.088,0,0,0,0,v
2014-10-25 17:42,6.558,0.110,0,0,0,0,v
2014-10-25 17:48,6.556,0.094,0,0,0,0,v
2014-10-25 17:54,6.551,0.090,0,0,0,0,v
2014-10-25 18:00,6.557,0.095,0,0,0,0,v
2014-10-25 18:06,6.574,0.089,0,0,0,0,v
2014-10-25 18:12,6.577,0.085,0,0,0,0,v
2014-10-25 18:18,6.604,0.067,0,0,0,0,v
2014-10-25 18:24,6.611,0.079,0,0,0,0,v
2014-10-25 18:30,6.631,0.091,0,0,0,0,v
2014-10-25 18:36,6.644,0.095,0,0,0,0,v
2014-10-25 18:42,6.643,0.080,0,0,0,0,v
2014-10-25 18:48,6.653,0.084,0,0,0,0,v
2014-10-25 18:54,6.665,0.089,0,0,0,0,v
2014-10-25 19:00,6.681,0.096,0,0,0,0,v
2014-10-25 19:06,6.683,0.098,0,0,0,0,v
2014-10-25 19:12,6.698,0.093,0,0,0,0,v
2014-10-25 19:18,6.707,0.078,0,0,0,0,v
2014-10-25 19:24,6.713,0.096,0,0,0,0,v
2014-10-25 19:30,6.733,0.090,0,0,0,0,v
2014-10-25 19:36,6.731,0.098,0,0,0,0,v
2014-10-25 19:42,6.728,0.076,0,0,0,0,v
2014-10-25 19:48,6.752,0.082,0,0,0,0,v
2014-10-25 19:54,6.755,0.073,0,0,0,0,v
2014-10-25 20:00,6.762,0.083,0,0,0,0,v
2014-10-25 20:06,6.772,0.079,0,0,0,0,v
2014-10-25 20:12,6.798,0.088,0,0,0,0,v
2014-10-25 20:18,6.794,0.086,0,0,0,0,v
2014-10-25 20:24,6.808,0.084,0,0,0,0,v
2014-10-25 20:30,6.822,0.083,0,0,0,0,v
2014-10-25 20:36,6.823,0.075,0,0,0,0,v
2014-10-25 20:42,6.843,0.074,0,0,0,0,v
2014-10-25 20:48,6.854,0.081,0,0,0,0,v
2014-10-25 20:54,6.865,0.094,0,0,0,0,v
2014-10-25 21:00,6.864,0.097,0,0,0,0,v
2014-10-25 21:06,6.882,0.078,0,0,0,0,v
2014-10-25 21:12,6.887,0.079,0,0,0,0,v
2014-10-25 21:18,6.897,0.078,0,0,0,0,v
2014-10-25 21:24,6.896,0.071,0,0,0,0,v
2014-10-25 21:30,6.899,0.115,0,0,0,0,v
2014-10-25 21:36,6.908,0.076,0,0,0,0,v
2014-10-25 21:42,6.905,0.085,0,0,0,0,v
2014-10-25 21:48,6.933,0.092,0,0,0,0,v
2014-10-25 21:54,6.931,0.069,0,0,0,0,v
2014-10-25 22:00,6.931,0.096,0,0,0,0,v
2014-10-25 22:06,6.927,0.088,0,0,0,0,v
2014-10-25 22:12,6.939,0.082,0,0,0,0,v
2014-10-25 22:18,6.947,0.087,0,0,0,0,v
2014-10-25 22:24,6.958,0.095,0,0,0,0,v
2014-10-25 22:30,6.954,0.073,0,0,0,0,v
2014-10-25 22:36,6.957,0.089,0,0,0,0,v
2014-10-25 22:42,6.950,0.094,0,0,0,0,v
2014-10-25 22:48,6.945,0.071,0,0,0,0,v
2014-10-25 22:54,6.962,0.081,0,0,0,0,v
2014-10-25 23:00,6.970,0.078,0,0,0,0,v
2014-10-25 23:06,6.956,0.081,0,0,0,0,v
2014-10-25 23:12,6.964,0.087,0,0,0,0,v
2014-10-25 23:18,6.958,0.070,0,0,0,0,v
2014-10-25 23:24,6.955,0.084,0,0,0,0,v
2014-10-25 23:30,6.943,0.071,0,0,0,0,v
2014-10-25 23:36,6.941,0.081,0,0,0,0,v
2014-10-25 23:42,6.936,0.101,0,0,0,0,v
2014-10-25 23:48,6.948,0.069,0,0,0,0,v
2014-10-25 23:54,6.965,0.076,0,0,0,0,v
2014-10-26 00:00,6.941,0.092,0,0,0,0,v
2014-10-26 00:06,6.940,0.088,0,0,0,0,v
2014-10-26 00:12,6.935,0.101,0,0,0,0,v
2014-10-26 00:18,6.929,0.077,0,0,0,0,v
2014-10-26 00:24,6.916,0.075,0,0,0,0,v
2014-10-26 00:30,6.942,0.088,0,0,0,0,v
2014-10-26 00:36,6.939,0.074,0,0,0,0,v
2014-10-26 00:42,6.932,0.069,0,0,0,0,v
2014-10-26 00:48,6.924,0.080,0,0,0,0,v
2014-10-26 00:54,6.910,0.077,0,0,0,0,v
2014-10-26 01:00,6.921,0.074,0,0,0,0,v
2014-10-26 01:06,6.908,0.072,0,0,0,0,v
2014-10-26 01:12,6.910,0.082,0,0,0,0,v
2014-10-26 01:18,6.902,0.079,0,0,0,0,v
2014-10-26 01:24,6.905,0.088,0,0,0,0,v
2014-10-26 01:30,6.893,0.076,0,0,0,0,v
2014-10-26 01:36,6.901,0.086,0,0,0,0,v
2014-10-26 01:42,6.913,0.086,0,0,0,0,v
2014-10-26 01:48,6.905,0.073,0,0,0,0,v
2014-10-26 01:54,6.914,0.074,0,0,0,0,v
2014-10-26 02:00,6.903,0.081,0,0,0,0,v
2014-10-26 02:06,6.920,0.069,0,0,0,0,v
2014-10-26 02:12,6.913,0.064,0,0,0,0,v
2014-10-26 02:18,6.914,0.078,0,0,0,0,v
2014-10-26 02:24,6.909,0.078,0,0,0,0,v
2014-10-26 02:30,6.910,0.091,0,0,0,0,v
2014-10-26 02:36,6.915,0.067,0,0,0,0,v
2014-10-26 02:42,6.909,0.076,0,0,0,0,v
2014-10-26 02:48,6.907,0.077,0,0,0,0,v
2014-10-26 02:54,6.895,0.074,0,0,0,0,v
2014-10-26 03:00,6.894,0.082,0,0,0,0,v
2014-10-26 03:06,6.896,0.073,0,0,0,0,v
2014-10-26 03:12,6.899,0.071,0,0,0,0,v
2014-10-26 03:18,6.880,0.066,0,0,0,0,v
2014-10-26 03:24,6.869,0.074,0,0,0,0,v
2014-10-26 03:30,6.872,0.076,0,0,0,0,v
2014-10-26 03:36,6.874,0.070,0,0,0,0,v
2014-10-26 03:42,6.871,0.086,0,0,0,0,v
2014-10-26 03:48,6.869,0.067,0,0,0,0,v
2014-10-26 03:54,6.873,0.082,0,0,0,0,v
2014-10-26 04:00,6.885,0.070,0,0,0,0,v
2014-10-26 04:06,6.895,0.067,0,0,0,0,v
2014-10-26 04:12,6.906,0.072,0,0,0,0,v
2014-10-26 04:18,6.885,0.068,0,0,0,0,v
2014-10-26 04:24,6.882,0.080,0,0,0,0,v
2014-10-26 04:30,6.872,0.064,0,0,0,0,v
2014-10-26 04:36,6.869,0.074,0,0,0,0,v
2014-10-26 04:42,6.862,0.075,0,0,0,0,v
2014-10-26 04:48,6.863,0.077,0,0,0,0,v
2014-10-26 04:54,6.866,0.075,0,0,0,0,v
2014-10-26 05:00,6.861,0.077,0,0,0,0,v
2014-10-26 05:06,6.855,0.091,0,0,0,0,v
2014-10-26 05:12,6.857,0.073,0,0,0,0,v
2014-10-26 05:18,6.857,0.077,0,0,0,0,v
2014-10-26 05:24,6.837,0.070,0,0,0,0,v
2014-10-26 05:30,6.842,0.062,0,0,0,0,v
2014-10-26 05:36,6.831,0.071,0,0,0,0,v
2014-10-26 05:42,6.840,0.068,0,0,0,0,v
2014-10-26 05:48,6.847,0.065,0,0,0,0,v
2014-10-26 05:54,6.835,0.062,0,0,0,0,v
2014-10-26 06:00,6.852,0.069,0,0,0,0,v
2014-10-26 06:06,6.840,0.080,0,0,0,0,v
2014-10-26 06:12,6.840,0.072,0,0,0,0,v
2014-10-26 06:18,6.838,0.077,0,0,0,0,v
2014-10-26 06:24,6.838,0.082,0,0,0,0,v
2014-10-26 06:30,6.830,0.073,0,0,0,0,v
2014-10-26 06:36,6.819,0.074,0,0,0,0,v
2014-10-26 06:42,6.831,0.072,0,0,0,0,v
2014-10-26 06:48,6.827,0.073,0,0,0,0,v
2014-10-26 06:54,6.836,0.072,0,0,0,0,v
2014-10-26 07:00,6.837,0.063,0,0,0,0,v
2014-10-26 07:06,6.841,0.073,0,0,0,0,v
2014-10-26 07:12,6.837,0.062,0,0,0,0,v
2014-10-26 07:18,6.842,0.067,0,0,0,0,v
2014-10-26 07:24,6.848,0.054,0,0,0,0,v
2014-10-26 07:30,6.854,0.081,0,0,0,0,v
2014-10-26 07:36,6.844,0.070,0,0,0,0,v
2014-10-26 07:42,6.847,0.074,0,0,0,0,v
2014-10-26 07:48,6.855,0.052,0,0,0,0,v
2014-10-26 07:54,6.844,0.070,0,0,0,0,v
2014-10-26 08:00,6.844,0.055,0,0,0,0,v
2014-10-26 08:06,6.849,0.068,0,0,0,0,v
2014-10-26 08:12,6.847,0.067,0,0,0,0,v
2014-10-26 08:18,6.838,0.062,0,0,0,0,v
2014-10-26 08:24,6.833,0.065,0,0,0,0,v
2014-10-26 08:30,6.830,0.066,0,0,0,0,v
2014-10-26 08:36,6.834,0.072,0,0,0,0,v
2014-10-26 08:42,6.833,0.081,0,0,0,0,v
2014-10-26 08:48,6.832,0.064,0,0,0,0,v
2014-10-26 08:54,6.826,0.063,0,0,0,0,v
2014-10-26 09:00,6.815,0.056,0,0,0,0,v
2014-10-26 09:06,6.809,0.064,0,0,0,0,v
2014-10-26 09:12,6.800,0.060,0,0,0,0,v
2014-10-26 09:18,6.783,0.069,0,0,0,0,v
2014-10-26 09:24,6.800,0.063,0,0,0,0,v
2014-10-26 09:30,6.802,0.065,0,0,0,0,v
2014-10-26 09:36,6.795,0.062,0,0,0,0,v
2014-10-26 09:42,6.792,0.064,0,0,0,0,v
2014-10-26 09:48,6.772,0.060,0,0,0,0,v
2014-10-26 09:54,6.775,0.074,0,0,0,0,v
2014-10-26 10:00,6.760,0.059,0,0,0,0,v
2014-10-26 10:06,6.760,0.067,0,0,0,0,v
2014-10-26 10:12,6.750,0.054,0,0,0,0,v
2014-10-26 10:18,6.753,0.066,0,0,0,0,v
2014-10-26 10:24,6.740,0.075,0,0,0,0,v
2014-10-26 10:30,6.743,0.071,0,0,0,0,v
2014-10-26 10:36,6.727,0.078,0,0,0,0,v
2014-10-26 10:42,6.714,0.069,0,0,0,0,v
2014-10-26 10:48,6.702,0.071,0,0,0,0,v
2014-10-26 10:54,6.691,0.062,0,0,0,0,v
2014-10-26 11:00,6.676,0.059,0,0,0,0,v
2014-10-26 11:06,6.674,0.068,0,0,0,0,v
2014-10-26 11:12,6.681,0.063,0,0,0,0,v
2014-10-26 11:18,6.669,0.069,0,0,0,0,v
2014-10-26 11:24,6.666,0.061,0,0,0,0,v
2014-10-26 11:30,6.660,0.059,0,0,0,0,v
2014-10-26 11:36,6.649,0.060,0,0,0,0,v
2014-10-26 11:42,6.634,0.068,0,0,0,0,v
2014-10-26 11:48,6.628,0.061,0,0,0,0,v
2014-10-26 11:54,6.614,0.062,0,0,0,0,v
2014-10-26 12:00,6.611,0.057,0,0,0,0,v
2014-10-26 12:06,6.600,0.066,0,0,0,0,v
2014-10-26 12:12,6.590,0.065,0,0,0,0,v
2014-10-26 12:18,6.578,0.055,0,0,0,0,v
2014-10-26 12:24,6.572,0.057,0,0,0,0,v
2014-10-26 12:30,6.554,0.063,0,0,0,0,v
2014-10-26 12:36,6.557,0.068,0,0,0,0,v
2014-10-26 12:42,6.550,0.060,0,0,0,0,v
2014-10-26 12:48,6.539,0.062,0,0,0,0,v
2014-10-26 12:54,6.539,0.058,0,0,0,0,v
2014-10-26 13:00,6.537,0.064,0,0,0,0,v
2014-10-26 13:06,6.522,0.065,0,0,0,0,v
2014-10-26 13:12,6.515,0.064,0,0,0,0,v
2014-10-26 13:18,6.505,0.045,0,0,0,0,v
2014-10-26 13:24,6.503,0.053,0,0,0,0,v
2014-10-26 13:30,6.503,0.064,0,0,0,0,v
2014-10-26 13:36,6.493,0.059,0,0,0,0,v
2014-10-26 13:42,6.500,0.063,0,0,0,0,v
2014-10-26 13:48,6.479,0.058,0,0,0,0,v
2014-10-26 13:54,6.483,0.064,0,0,0,0,v
2014-10-26 14:00,6.467,0.065,0,0,0,0,v
2014-10-26 14:06,6.461,0.062,0,0,0,0,v
2014-10-26 14:12,6.461,0.055,0,0,0,0,v
2014-10-26 14:18,6.455,0.059,0,0,0,0,v
2014-10-26 14:24,6.442,0.061,0,0,0,0,v
2014-10-26 14:30,6.447,0.052,0,0,0,0,v
2014-10-26 14:36,6.443,0.049,0,0,0,0,v
2014-10-26 14:42,6.448,0.049,0,0,0,0,v
2014-10-26 14:48,6.432,0.055,0,0,0,0,v
2014-10-26 14:54,6.432,0.072,0,0,0,0,v
2014-10-26 15:00,6.431,0.076,0,0,0,0,v
2014-10-26 15:06,6.428,0.070,0,0,0,0,v
2014-10-26 15:12,6.436,0.067,0,0,0,0,v
2014-10-26 15:18,6.428,0.060,0,0,0,0,v
2014-10-26 15:24,6.431,0.063,0,0,0,0,v
2014-10-26 15:30,6.432,0.059,0,0,0,0,v
2014-10-26 15:36,6.428,0.049,0,0,0,0,v
2014-10-26 15:42,6.424,0.058,0,0,0,0,v
2014-10-26 15:48,6.417,0.061,0,0,0,0,v
2014-10-26 15:54,6.410,0.068,0,0,0,0,v
2014-10-26 16:00,6.414,0.059,0,0,0,0,v
2014-10-26 16:06,6.417,0.065,0,0,0,0,v
2014-10-26 16:12,6.410,0.055,0,0,0,0,v
2014-10-26 16:18,6.408,0.058,0,0,0,0,v
2014-10-26 16:24,6.406,0.064,0,0,0,0,v
2014-10-26 16:30,6.410,0.053,0,0,0,0,v
2014-10-26 16:36,6.418,0.067,0,0,0,0,v
2014-10-26 16:42,6.420,0.067,0,0,0,0,v
2014-10-26 16:48,6.414,0.069,0,0,0,0,v
2014-10-26 16:54,6.419,0.057,0,0,0,0,v
2014-10-26 17:00,6.427,0.056,0,0,0,0,v
2014-10-26 17:06,6.428,0.067,0,0,0,0,v
2014-10-26 17:12,6.443,0.061,0,0,0,0,v
2014-10-26 17:18,6.450,0.075,0,0,0,0,v
2014-10-26 17:24,6.463,0.062,0,0,0,0,v
2014-10-26 17:30,6.478,0.060,0,0,0,0,v
2014-10-26 17:36,6.474,0.064,0,0,0,0,v
2014-10-26 17:42,6.491,0.063,0,0,0,0,v
2014-10-26 17:48,6.499,0.061,0,0,0,0,v
2014-10-26 17:54,6.504,0.060,0,0,0,0,v
2014-10-26 18:00,6.516,0.060,0,0,0,0,v
2014-10-26 18:06,6.514,0.065,0,0,0,0,v
2014-10-26 18:12,6.520,0.057,0,0,0,0,v
2014-10-26 18:18,6.534,0.062,0,0,0,0,v
2014-10-26 18:24,6.548,0.060,0,0,0,0,v
2014-10-26 18:30,6.559,0.063,0,0,0,0,v
2014-10-26 18:36,6.572,0.054,0,0,0,0,v
2014-10-26 18:42,6.583,0.060,0,0,0,0,v
2014-10-26 18:48,6.590,0.062,0,0,0,0,v
2014-10-26 18:54,6.607,0.053,0,0,0,0,v
2014-10-26 19:00,6.610,0.068,0,0,0,0,v
2014-10-26 19:06,6.613,0.057,0,0,0,0,v
2014-10-26 19:12,6.619,0.070,0,0,0,0,v
2014-10-26 19:18,6.635,0.060,0,0,0,0,v
2014-10-26 19:24,6.647,0.062,0,0,0,0,v
2014-10-26 19:30,6.666,0.061,0,0,0,0,v
2014-10-26 19:36,6.671,0.052,0,0,0,0,v
2014-10-26 19:42,6.679,0.058,0,0,0,0,v
2014-10-26 19:48,6.682,0.067,0,0,0,0,v
2014-10-26 19:54,6.701,0.054,0,0,0,0,v
2014-10-26 20:00,6.713,0.061,0,0,0,0,v
2014-10-26 20:06,6.731,0.064,0,0,0,0,v
2014-10-26 20:12,6.749,0.053,0,0,0,0,v
2014-10-26 20:18,6.748,0.057,0,0,0,0,v
2014-10-26 20:24,6.753,0.067,0,0,0,0,v
2014-10-26 20:30,6.772,0.063,0,0,0,0,v
2014-10-26 20:36,6.780,0.068,0,0,0,0,v
2014-10-26 20:42,6.786,0.062,0,0,0,0,v
2014-10-26 20:48,6.810,0.051,0,0,0,0,v
2014-10-26 20:54,6.815,0.061,0,0,0,0,v
2014-10-26 21:00,6.822,0.053,0,0,0,0,v
2014-10-26 21:06,6.835,0.047,0,0,0,0,v
2014-10-26 21:12,6.844,0.061,0,0,0,0,v
2014-10-26 21:18,6.850,0.064,0,0,0,0,v
2014-10-26 21:24,6.854,0.067,0,0,0,0,v
2014-10-26 21:30,6.866,0.064,0,0,0,0,v
2014-10-26 21:36,6.872,0.062,0,0,0,0,v
2014-10-26 21:42,6.883,0.067,0,0,0,0,v
2014-10-26 21:48,6.893,0.057,0,0,0,0,v
2014-10-26 21:54,6.895,0.058,0,0,0,0,v
2014-10-26 22:00,6.895,0.055,0,0,0,0,v
2014-10-26 22:06,6.909,0.062,0,0,0,0,v
2014-10-26 22:12,6.920,0.055,0,0,0,0,v
2014-10-26 22:18,6.919,0.039,0,0,0,0,v
2014-10-26 22:24,6.934,0.055,0,0,0,0,v
2014-10-26 22:30,6.928,0.062,0,0,0,0,v
2014-10-26 22:36,6.937,0.063,0,0,0,0,v
2014-10-26 22:42,6.936,0.058,0,0,0,0,v
2014-10-26 22:48,6.943,0.047,0,0,0,0,v
2014-10-26 22:54,6.951,0.054,0,0,0,0,v
2014-10-26 23:00,6.951,0.056,0,0,0,0,v
2014-10-26 23:06,6.967,0.057,0,0,0,0,v
2014-10-26 23:12,6.966,0.040,0,0,0,0,v
2014-10-26 23:18,6.971,0.049,0,0,0,0,v
2014-10-26 23:24,6.981,0.057,0,0,0,0,v
2014-10-26 23:30,6.987,0.047,0,0,0,0,v
2014-10-26 23:36,6.988,0.047,0,0,0,0,v
2014-10-26 23:42,6.990,0.048,0,0,0,0,v
2014-10-26 23:48,6.999,0.050,0,0,0,0,v
2014-10-26 23:54,6.983,0.049,0,0,0,0,v
2014-10-27 00:00,6.993,0.063,0,0,0,0,v
2014-10-27 00:06,6.981,0.047,0,0,0,0,v
2014-10-27 00:12,6.996,0.046,0,0,0,0,v
2014-10-27 00:18,7.002,0.054,0,0,0,0,v
2014-10-27 00:24,6.995,0.060,0,0,0,0,v
2014-10-27 00:30,6.999,0.052,0,0,0,0,v
2014-10-27 00:36,6.983,0.053,0,0,0,0,v
2014-10-27 00:42,6.990,0.048,0,0,0,0,v
2014-10-27 00:48,6.979,0.056,0,0,0,0,v
2014-10-27 00:54,6.984,0.056,0,0,0,0,v
2014-10-27 01:00,6.986,0.057,0,0,0,0,v
2014-10-27 01:06,6.991,0.059,0,0,0,0,v
2014-10-27 01:12,6.992,0.048,0,0,0,0,v
2014-10-27 01:18,6.988,0.061,0,0,0,0,v
2014-10-27 01:24,6.991,0.059,0,0,0,0,v
2014-10-27 01:30,6.984,0.054,0,0,0,0,v
2014-10-27 01:36,6.992,0.047,0,0,0,0,v
2014-10-27 01:42,6.983,0.044,0,0,0,0,v
2014-10-27 01:48,6.982,0.050,0,0,0,0,v
2014-10-27 01:54,6.975,0.047,0,0,0,0,v
2014-10-27 02:00,6.968,0.061,0,0,0,0,v
2014-10-27 02:06,6.969,0.050,0,0,0,0,v
2014-10-27 02:12,6.972,0.055,0,0,0,0,v
2014-10-27 02:18,6.961,0.048,0,0,0,0,v
2014-10-27 02:24,6.967,0.053,0,0,0,0,v
2014-10-27 02:30,6.963,0.057,0,0,0,0,v
2014-10-27 02:36,6.955,0.060,0,0,0,0,v
2014-10-27 02:42,6.950,0.052,0,0,0,0,v
2014-10-27 02:48,6.958,0.051,0,0,0,0,v
2014-10-27 02:54,6.947,0.054,0,0,0,0,v
2014-10-27 03:00,6.954,0.050,0,0,0,0,v
2014-10-27 03:06,6.947,0.057,0,0,0,0,v
2014-10-27 03:12,6.940,0.054,0,0,0,0,v
2014-10-27 03:18,6.943,0.049,0,0,0,0,v
2014-10-27 03:24,6.930,0.049,0,0,0,0,v
2014-10-27 03:30,6.926,0.059,0,0,0,0,v
2014-10-27 03:36,6.925,0.060,0,0,0,0,v
2014-10-27 03:42,6.924,0.063,0,0,0,0,v
2014-10-27 03:48,6.929,0.053,0,0,0,0,v
2014-10-27 03:54,6.931,0.055,0,0,0,0,v
2014-10-27 04:00,6.921,0.056,0,0,0,0,v
2014-10-27 04:06,6.917,0.061,0,0,0,0,v
2014-10-27 04:12,6.922,0.062,0,0,0,0,v
2014-10-27 04:18,6.923,0.064,0,0,0,0,v
2014-10-27 04:24,6.922,0.070,0,0,0,0,v
2014-10-27 04:30,6.925,0.064,0,0,0,0,v
2014-10-27 04:36,6.927,0.064,0,0,0,0,v
2014-10-27 04:42,6.928,0.059,0,0,0,0,v
2014-10-27 04:48,6.928,0.066,0,0,0,0,v
2014-10-27 04:54,6.931,0.067,0,0,0,0,v
2014-10-27 05:00,6.932,0.071,0,0,0,0,v
2014-10-27 05:06,6.926,0.067,0,0,0,0,v
2014-10-27 05:12,6.926,0.061,0,0,0,0,v
2014-10-27 05:18,6.920,0.067,0,0,0,0,v
2014-10-27 05:24,6.923,0.061,0,0,0,0,v
2014-10-27 05:30,6.917,0.068,0,0,0,0,v
2014-10-27 05:36,6.909,0.068,0,0,0,0,v
2014-10-27 05:42,6.914,0.068,0,0,0,0,v
2014-10-27 05:48,6.901,0.069,0,0,0,0,v
2014-10-27 05:54,6.893,0.062,0,0,0,0,v
2014-10-27 06:00,6.907,0.069,0,0,0,0,v
2014-10-27 06:06,6.898,0.062,0,0,0,0,v
2014-10-27 06:12,6.891,0.056,0,0,0,0,v
2014-10-27 06:18,6.894,0.077,0,0,0,0,v
2014-10-27 06:24,6.879,0.061,0,0,0,0,v
2014-10-27 06:30,6.884,0.066,0,0,0,0,v
2014-10-27 06:36,6.884,0.067,0,0,0,0,v
2014-10-27 06:42,6.887,0.062,0,0,0,0,v
2014-10-27 06:48,6.884,0.071,0,0,0,0,v
2014-10-27 06:54,6.876,0.074,0,0,0,0,v
2014-10-27 07:00,6.877,0.065,0,0,0,0,v
2014-10-27 07:06,6.876,0.070,0,0,0,0,v
2014-10-27 07:12,6.876,0.068,0,0,0,0,v
2014-10-27 07:18,6.868,0.068,0,0,0,0,v
2014-10-27 07:24,6.868,0.074,0,0,0,0,v
2014-10-27 07:30,6.873,0.077,0,0,0,0,v
2014-10-27 07:36,6.860,0.076,0,0,0,0,v
2014-10-27 07:42,6.863,0.079,0,0,0,0,v
2014-10-27 07:48,6.866,0.060,0,0,0,0,v
2014-10-27 07:54,6.866,0.073,0,0,0,0,v
2014-10-27 08:00,6.868,0.059,0,0,0,0,v
2014-10-27 08:06,6.857,0.080,0,0,0,0,v
2014-10-27 08:12,6.854,0.087,0,0,0,0,v
2014-10-27 08:18,6.855,0.076,0,0,0,0,v
2014-10-27 08:24,6.860,0.069,0,0,0,0,v
2014-10-27 08:30,6.867,0.066,0,0,0,0,v
2014-10-27 08:36,6.859,0.068,0,0,0,0,v
2014-10-27 08:42,6.853,0.078,0,0,0,0,v
2014-10-27 08:48,6.852,0.079,0,0,0,0,v
2014-10-27 08:54,6.850,0.069,0,0,0,0,v
2014-10-27 09:00,6.848,0.075,0,0,0,0,v
2014-10-27 09:06,6.846,0.076,0,0,0,0,v
2014-10-27 09:12,6.845,0.079,0,0,0,0,v
2014-10-27 09:18,6.854,0.085,0,0,0,0,v
2014-10-27 09:24,6.845,0.077,0,0,0,0,v
2014-10-27 09:30,6.840,0.078,0,0,0,0,v
2014-10-27 09:36,6.838,0.088,0,0,0,0,v
2014-10-27 09:42,6.837,0.071,0,0,0,0,v
2014-10-27 09:48,6.822,0.092,0,0,0,0,v
2014-10-27 09:54,6.812,0.072,0,0,0,0,v
2014-10-27 10:00,6.816,0.093,0,0,0,0,v
2014-10-27 10:06,6.808,0.088,0,0,0,0,v
2014-10-27 10:12,6.800,0.080,0,0,0,0,v
2014-10-27 10:18,6.795,0.077,0,0,0,0,v
2014-10-27 10:24,6.786,0.086,0,0,0,0,v
2014-10-27 10:30,6.784,0.080,0,0,0,0,v
2014-10-27 10:36,6.786,0.085,0,0,0,0,v
2014-10-27 10:42,6.778,0.099,0,0,0,0,v
2014-10-27 10:48,6.771,0.095,0,0,0,0,v
2014-10-27 10:54,6.759,0.084,0,0,0,0,v
2014-10-27 11:00,6.752,0.092,0,0,0,0,v
2014-10-27 11:06,6.744,0.083,0,0,0,0,v
2014-10-27 11:12,6.736,0.077,0,0,0,0,v
2014-10-27 11:18,6.736,0.071,0,0,0,0,v
2014-10-27 11:24,6.719,0.077,0,0,0,0,v
2014-10-27 11:30,6.708,0.101,0,0,0,0,v
2014-10-27 11:36,6.706,0.079,0,0,0,0,v
2014-10-27 11:42,6.691,0.096,0,0,0,0,v
2014-10-27 11:48,6.686,0.081,0,0,0,0,v
2014-10-27 11:54,6.681,0.082,0,0,0,0,v
2014-10-27 12:00,6.671,0.083,0,0,0,0,v
2014-10-27 12:06,6.666,0.092,0,0,0,0,v
2014-10-27 12:12,6.657,0.078,0,0,0,0,v
2014-10-27 12:18,6.648,0.072,0,0,0,0,v
2014-10-27 12:24,6.638,0.087,0,0,0,0,v
2014-10-27 12:30,6.624,0.090,0,0,0,0,v
2014-10-27 12:36,6.620,0.082,0,0,0,0,v
2014-10-27 12:42,6.609,0.096,0,0,0,0,v
2014-10-27 12:48,6.596,0.086,0,0,0,0,v
2014-10-27 12:54,6.590,0.088,0,0,0,0,v
2014-10-27 13:00,6.572,0.086,0,0,0,0,v
2014-10-27 13:06,6.570,0.082,0,0,0,0,v
2014-10-27 13:12,6.556,0.074,0,0,0,0,v
2014-10-27 13:18,6.557,0.079,0,0,0,0,v
2014-10-27 13:24,6.556,0.071,0,0,0,0,v
2014-10-27 13:30,6.543,0.083,0,0,0,0,v
2014-10-27 13:36,6.535,0.093,0,0,0,0,v
2014-10-27 13:42,6.526,0.066,0,0,0,0,v
2014-10-27 13:48,6.527,0.072,0,0,0,0,v
2014-10-27 13:54,6.516,0.082,0,0,0,0,v
2014-10-27 14:00,6.510,0.084,0,0,0,0,v
2014-10-27 14:06,6.516,0.069,0,0,0,0,v
2014-10-27 14:12,6.511,0.071,0,0,0,0,v
2014-10-27 14:18,6.501,0.080,0,0,0,0,v
2014-10-27 14:24,6.497,0.080,0,0,0,0,v
2014-10-27 14:30,6.481,0.084,0,0,0,0,v
2014-10-27 14:36,6.491,0.090,0,0,0,0,v
2014-10-27 14:42,6.491,0.085,0,0,0,0,v
2014-10-27 14:48,6.500,0.087,0,0,0,0,v
2014-10-27 14:54,6.497,0.083,0,0,0,0,v
2014-10-27 15:00,6.489,0.084,0,0,0,0,v
2014-10-27 15:06,6.487,0.077,0,0,0,0,v
2014-10-27 15:12,6.488,0.075,0,0,0,0,v
2014-10-27 15:18,6.487,0.071,0,0,0,0,v
2014-10-27 15:24,6.489,0.071,0,0,0,0,v
2014-10-27 15:30,6.478,0.081,0,0,0,0,v
2014-10-27 15:36,6.481,0.078,0,0,0,0,v
2014-10-27 15:42,6.476,0.086,0,0,0,0,v
2014-10-27 15:48,6.481,0.071,0,0,0,0,v
2014-10-27 15:54,6.477,0.085,0,0,0,0,v
2014-10-27 16:00,6.478,0.095,0,0,0,0,v
2014-10-27 16:06,6.466,0.089,0,0,0,0,v
2014-10-27 16:12,6.453,0.099,0,0,0,0,v
2014-10-27 16:18,6.451,0.081,0,0,0,0,v
2014-10-27 16:24,6.457,0.074,0,0,0,0,v
2014-10-27 16:30,6.459,0.101,0,0,0,0,v
2014-10-27 16:36,6.460,0.089,0,0,0,0,v
2014-10-27 16:42,6.469,0.075,0,0,0,0,v
2014-10-27 16:48,6.460,0.085,0,0,0,0,v
2014-10-27 16:54,6.457,0.100,0,0,0,0,v
2014-10-27 17:00,6.450,0.083,0,0,0,0,v
2014-10-27 17:06,6.461,0.095,0,0,0,0,v
2014-10-27 17:12,6.457,0.093,0,0,0,0,v
2014-10-27 17:18,6.459,0.102,0,0,0,0,v
2014-10-27 17:24,6.450,0.100,0,0,0,0,v
2014-10-27 17:30,6.447,0.098,0,0,0,0,v
2014-10-27 17:36,6.449,0.098,0,0,0,0,v
2014-10-27 17:42,6.450,0.095,0,0,0,0,v
2014-10-27 17:48,6.448,0.097,0,0,0,0,v
2014-10-27 17:54,6.450,0.093,0,0,0,0,v
2014-10-27 18:00,6.460,0.103,0,0,0,0,v
2014-10-27 18:06,6.462,0.084,0,0,0,0,v
2014-10-27 18:12,6.477,0.099,0,0,0,0,v
2014-10-27 18:18,6.464,0.100,0,0,0,0,v
2014-10-27 18:24,6.459,0.098,0,0,0,0,v
2014-10-27 18:30,6.470,0.089,0,0,0,0,v
2014-10-27 18:36,6.477,0.094,0,0,0,0,v
2014-10-27 18:42,6.487,0.093,0,0,0,0,v
2014-10-27 18:48,6.501,0.093,0,0,0,0,v
2014-10-27 18:54,6.512,0.082,0,0,0,0,v
2014-10-27 19:00,6.507,0.104,0,0,0,0,v
2014-10-27 19:06,6.528,0.109,0,0,0,0,v
2014-10-27 19:12,6.537,0.090,0,0,0,0,v
2014-10-27 19:18,6.554,0.087,0,0,0,0,v
2014-10-27 19:24,6.556,0.101,0,0,0,0,v
2014-10-27 19:30,6.565,0.108,0,0,0,0,v
2014-10-27 19:36,6.564,0.099,0,0,0,0,v
2014-10-27 19:42,6.579,0.088,0,0,0,0,v
2014-10-27 19:48,6.577,0.104,0,0,0,0,v
2014-10-27 19:54,6.583,0.101,0,0,0,0,v
2014-10-27 20:00,6.596,0.091,0,0,0,0,v
2014-10-27 20:06,6.612,0.105,0,0,0,0,v
2014-10-27 20:12,6.629,0.084,0,0,0,0,v
2014-10-27 20:18,6.643,0.096,0,0,0,0,v
2014-10-27 20:24,6.652,0.098,0,0,0,0,v
2014-10-27 20:30,6.667,0.095,0,0,0,0,v
2014-10-27 20:36,6.693,0.097,0,0,0,0,v
2014-10-27 20:42,6.707,0.083,0,0,0,0,v
2014-10-27 20:48,6.722,0.097,0,0,0,0,v
2014-10-27 20:54,6.725,0.086,0,0,0,0,v
2014-10-27 21:00,6.731,0.106,0,0,0,0,v
2014-10-27 21:06,6.754,0.094,0,0,0,0,v
2014-10-27 21:12,6.769,0.092,0,0,0,0,v
2014-10-27 21:18,6.780,0.084,0,0,0,0,v
2014-10-27 21:24,6.791,0.095,0,0,0,0,v
2014-10-27 21:30,6.799,0.115,0,0,0,0,v
2014-10-27 21:36,6.809,0.110,0,0,0,0,v
2014-10-27 21:42,6.815,0.104,0,0,0,0,v
2014-10-27 21:48,6.828,0.093,0,0,0,0,v
2014-10-27 21:54,6.837,0.100,0,0,0,0,v
2014-10-27 22:00,6.850,0.119,0,0,0,0,v
2014-10-27 22:06,6.862,0.095,0,0,0,0,v
2014-10-27 22:12,6.863,0.114,0,0,0,0,v
2014-10-27 22:18,6.880,0.085,0,0,0,0,v
2014-10-27 22:24,6.882,0.089,0,0,0,0,v
2014-10-27 22:30,6.884,0.000,1,0,0,0,v
2014-10-27 22:36,6.886,0.000,0,0,0,0,v
2014-10-27 22:42,6.898,0.100,0,0,0,0,v
2014-10-27 22:48,6.896,0.098,0,0,0,0,v
2014-10-27 22:54,6.894,0.117,0,0,0,0,v
2014-10-27 23:00,6.904,0.092,0,0,0,0,v
2014-10-27 23:06,6.909,0.082,0,0,0,0,v
2014-10-27 23:12,6.914,0.107,0,0,0,0,v
2014-10-27 23:18,6.919,0.093,0,0,0,0,v
2014-10-27 23:24,6.923,0.104,0,0,0,0,v
2014-10-27 23:30,6.916,0.101,0,0,0,0,v
2014-10-27 23:36,6.922,0.109,0,0,0,0,v
2014-10-27 23:42,6.925,0.109,0,0,0,0,v
2014-10-27 23:48,6.939,0.090,0,0,0,0,v
2014-10-27 23:54,6.939,0.082,0,0,0,0,v
2014-10-28 00:00,6.938,0.095,0,0,0,0,v
2014-10-28 00:06,6.943,0.091,0,0,0,0,v
2014-10-28 00:12,6.935,0.092,0,0,0,0,v
2014-10-28 00:18,6.947,0.100,0,0,0,0,v
2014-10-28 00:24,6.948,0.094,0,0,0,0,v
2014-10-28 00:30,6.961,0.110,0,0,0,0,v
2014-10-28 00:36,6.962,0.109,0,0,0,0,v
2014-10-28 00:42,6.960,0.114,0,0,0,0,v
2014-10-28 00:48,6.967,0.097,0,0,0,0,v
2014-10-28 00:54,6.966,0.093,0,0,0,0,v
2014-10-28 01:00,6.967,0.096,0,0,0,0,v
2014-10-28 01:06,6.957,0.109,0,0,0,0,v
2014-10-28 01:12,6.974,0.123,0,0,0,0,v
2014-10-28 01:18,6.966,0.132,0,0,0,0,v
2014-10-28 01:24,6.962,0.107,0,0,0,0,v
2014-10-28 01:30,6.954,0.102,0,0,0,0,v
2014-10-28 01:36,6.961,0.105,0,0,0,0,v
2014-10-28 01:42,6.966,0.083,0,0,0,0,v
2014-10-28 01:48,6.960,0.097,0,0,0,0,v
2014-10-28 01:54,6.978,0.101,0,0,0,0,v
2014-10-28 02:00,6.954,0.105,0,0,0,0,v
2014-10-28 02:06,6.955,0.099,0,0,0,0,v
2014-10-28 02:12,6.963,0.114,0,0,0,0,v
2014-10-28 02:18,6.962,0.122,0,0,0,0,v
2014-10-28 02:24,6.958,0.112,0,0,0,0,v
2014-10-28 02:30,6.954,0.115,0,0,0,0,v
2014-10-28 02:36,6.958,0.103,0,0,0,0,v
2014-10-28 02:42,6.953,0.112,0,0,0,0,v
2014-10-28 02:48,6.959,0.099,0,0,0,0,v
2014-10-28 02:54,6.952,0.117,0,0,0,0,v
2014-10-28 03:00,6.948,0.103,0,0,0,0,v
2014-10-28 03:06,6.943,0.113,0,0,0,0,v
2014-10-28 03:12,6.945,0.094,0,0,0,0,v
2014-10-28 03:18,6.937,0.104,0,0,0,0,v
2014-10-28 03:24,6.939,0.117,0,0,0,0,v
2014-10-28 03:30,6.944,0.098,0,0,0,0,v
2014-10-28 03:36,6.946,0.101,0,0,0,0,v
2014-10-28 03:42,6.946,0.110,0,0,0,0,v
2014-10-28 03:48,6.940,0.092,0,0,0,0,v
2014-10-28 03:54,6.934,0.116,0,0,0,0,v
2014-10-28 04:00,6.926,0.114,0,0,0,0,v
2014-10-28 04:06,6.927,0.105,0,0,0,0,v
2014-10-28 04:12,6.926,0.083,0,0,0,0,v
2014-10-28 04:18,6.921,0.112,0,0,0,0,v
2014-10-28 04:24,6.922,0.124,0,0,0,0,v
2014-10-28 04:30,6.922,0.122,0,0,0,0,v
2014-10-28 04:36,6.920,0.095,0,0,0,0,v
2014-10-28 04:42,6.900,0.114,0,0,0,0,v
2014-10-28 04:48,6.916,0.095,0,0,0,0,v
2014-10-28 04:54,6.906,0.117,0,0,0,0,v
2014-10-28 05:00,6.891,0.125,0,0,0,0,v
2014-10-28 05:06,6.886,0.113,0,0,0,0,v
2014-10-28 05:12,6.889,0.117,0,0,0,0,v
2014-10-28 05:18,6.879,0.111,0,0,0,0,v
2014-10-28 05:24,6.877,0.121,0,0,0,0,v
2014-10-28 05:30,6.886,0.088,0,0,0,0,v
2014-10-28 05:36,6.887,0.111,0,0,0,0,v
2014-10-28 05:42,6.889,0.101,0,0,0,0,v
2014-10-28 05:48,6.878,0.103,0,0,0,0,v
2014-10-28 05:54,6.882,0.104,0,0,0,0,v
2014-10-28 06:00,6.885,0.109,0,0,0,0,v
2014-10-28 06:06,6.882,0.112,0,0,0,0,v
2014-10-28 06:12,6.884,0.098,0,0,0,0,v
2014-10-28 06:18,6.884,0.105,0,0,0,0,v
2014-10-28 06:24,6.867,0.118,0,0,0,0,v
2014-10-28 06:30,6.863,0.098,0,0,0,0,v
2014-10-28 06:36,6.859,0.103,0,0,0,0,v
2014-10-28 06:42,6.863,0.082,0,0,0,0,v
2014-10-28 06:48,6.858,0.086,0,0,0,0,v
2014-10-28 06:54,6.845,0.104,0,0,0,0,v
2014-10-28 07:00,6.851,0.110,0,0,0,0,v
2014-10-28 07:06,6.863,0.095,0,0,0,0,v
2014-10-28 07:12,6.854,0.104,0,0,0,0,v
2014-10-28 07:18,6.849,0.112,0,0,0,0,v
2014-10-28 07:24,6.853,0.106,0,0,0,0,v
2014-10-28 07:30,6.847,0.098,0,0,0,0,v
2014-10-28 07:36,6.856,0.103,0,0,0,0,v
2014-10-28 07:42,6.857,0.103,0,0,0,0,v
2014-10-28 07:48,6.865,0.093,0,0,0,0,v
2014-10-28 07:54,6.861,0.092,0,0,0,0,v
2014-10-28 08:00,6.864,0.090,0,0,0,0,v
2014-10-28 08:06,6.861,0.117,0,0,0,0,v
2014-10-28 08:12,6.880,0.077,0,0,0,0,v
2014-10-28 08:18,6.867,0.108,0,0,0,0,v
2014-10-28 08:24,6.867,0.101,0,0,0,0,v
2014-10-28 08:30,6.863,0.110,0,0,0,0,v
2014-10-28 08:36,6.860,0.096,0,0,0,0,v
2014-10-28 08:42,6.873,0.097,0,0,0,0,v
2014-10-28 08:48,6.862,0.104,0,0,0,0,v
2014-10-28 08:54,6.860,0.101,0,0,0,0,v
2014-10-28 09:00,6.867,0.104,0,0,0,0,v
2014-10-28 09:06,6.866,0.109,0,0,0,0,v
2014-10-28 09:12,6.868,0.099,0,0,0,0,v
2014-10-28 09:18,6.865,0.105,0,0,0,0,v
2014-10-28 09:24,6.859,0.092,0,0,0,0,v
2014-10-28 09:30,6.848,0.109,0,0,0,0,v
2014-10-28 09:36,6.846,0.106,0,0,0,0,v
2014-10-28 09:42,6.848,0.097,0,0,0,0,v
2014-10-28 09:48,6.848,0.098,0,0,0,0,v
2014-10-28 09:54,6.842,0.112,0,0,0,0,v
2014-10-28 10:00,6.836,0.120,0,0,0,0,v
2014-10-28 10:06,6.835,0.103,0,0,0,0,v
2014-10-28 10:12,6.819,0.096,0,0,0,0,v
2014-10-28 10:18,6.814,0.094,0,0,0,0,v
2014-10-28 10:24,6.803,0.111,0,0,0,0,v
2014-10-28 10:30,6.787,0.096,0,0,0,0,v
2014-10-28 10:36,6.796,0.085,0,0,0,0,v
2014-10-28 10:42,6.790,0.091,0,0,0,0,v
2014-10-28 10:48,6.801,0.091,0,0,0,0,v
2014-10-28 10:54,6.788,0.107,0,0,0,0,v
2014-10-28 11:00,6.780,0.100,0,0,0,0,v
2014-10-28 11:06,6.781,0.098,0,0,0,0,v
2014-10-28 11:12,6.773,0.102,0,0,0,0,v
2014-10-28 11:18,6.770,0.092,0,0,0,0,v
2014-10-28 11:24,6.761,0.097,0,0,0,0,v
2014-10-28 11:30,6.758,0.109,0,0,0,0,v
2014-10-28 11:36,6.751,0.091,0,0,0,0,v
2014-10-28 11:42,6.758,0.084,0,0,0,0,v
2014-10-28 11:48,6.741,0.098,0,0,0,0,v
2014-10-28 11:54,6.745,0.086,0,0,0,0,v
2014-10-28 12:00,6.720,0.095,0,0,0,0,v
2014-10-28 12:06,6.719,0.102,0,0,0,0,v
2014-10-28 12:12,6.720,0.093,0,0,0,0,v
2014-10-28 12:18,6.716,0.091,0,0,0,0,v
2014-10-28 12:24,6.700,0.084,0,0,0,0,v
2014-10-28 12:30,6.692,0.081,0,0,0,0,v
2014-10-28 12:36,6.687,0.080,0,0,0,0,v
2014-10-28 12:42,6.681,0.084,0,0,0,0,v
2014-10-28 12:48,6.663,0.084,0,0,0,0,v
2014-10-28 12:54,6.664,0.088,0,0,0,0,v
2014-10-28 13:00,6.628,0.092,0,0,0,0,v
2014-10-28 13:06,6.617,0.096,0,0,0,0,v
2014-10-28 13:12,6.612,0.084,0,0,0,0,v
2014-10-28 13:18,6.611,0.095,0,0,0,0,v
2014-10-28 13:24,6.603,0.097,0,0,0,0,v
2014-10-28 13:30,6.593,0.107,0,0,0,0,v
2014-10-28 13:36,6.590,0.081,0,0,0,0,v
2014-10-28 13:42,6.589,0.095,0,0,0,0,v
2014-10-28 13:48,6.578,0.088,0,0,0,0,v
2014-10-28 13:54,6.571,0.090,0,0,0,0,v
2014-10-28 14:00,6.552,0.092,0,0,0,0,v
2014-10-28 14:06,6.550,0.089,0,0,0,0,v
2014-10-28 14:12,6.541,0.093,0,0,0,0,v
2014-10-28 14:18,6.521,0.098,0,0,0,0,v
2014-10-28 14:24,6.524,0.094,0,0,0,0,v
2014-10-28 14:30,6.507,0.093,0,0,0,0,v
2014-10-28 14:36,6.500,0.100,0,0,0,0,v
2014-10-28 14:42,6.479,0.075,0,0,0,0,v
2014-10-28 14:48,6.472,0.090,0,0,0,0,v
2014-10-28 14:54,6.480,0.097,0,0,0,0,v
2014-10-28 15:00,6.484,0.080,0,0,0,0,v
2014-10-28 15:06,6.480,0.082,0,0,0,0,v
2014-10-28 15:12,6.476,0.081,0,0,0,0,v
2014-10-28 15:18,6.461,0.096,0,0,0,0,v
2014-10-28 15:24,6.458,0.091,0,0,0,0,v
2014-10-28 15:30,6.468,0.088,0,0,0,0,v
2014-10-28 15:36,6.469,0.087,0,0,0,0,v
2014-10-28 15:42,6.453,0.093,0,0,0,0,v
2014-10-28 15:48,6.457,0.093,0,0,0,0,v
2014-10-28 15:54,6.447,0.070,0,0,0,0,v
2014-10-28 16:00,6.439,0.095,0,0,0,0,v
2014-10-28 16:06,6.431,0.106,0,0,0,0,v
2014-10-28 16:12,6.437,0.088,0,0,0,0,v
2014-10-28 16:18,6.446,0.077,0,0,0,0,v
2014-10-28 16:24,6.445,0.093,0,0,0,0,v
2014-10-28 16:30,6.439,0.078,0,0,0,0,v
2014-10-28 16:36,6.424,0.086,0,0,0,0,v
2014-10-28 16:42,6.437,0.083,0,0,0,0,v
2014-10-28 16:48,6.443,0.075,0,0,0,0,v
2014-10-28 16:54,6.428,0.091,0,0,0,0,v
2014-10-28 17:00,6.436,0.080,0,0,0,0,v
2014-10-28 17:06,6.430,0.083,0,0,0,0,v
2014-10-28 17:12,6.407,0.089,0,0,0,0,v
2014-10-28 17:18,6.417,0.079,0,0,0,0,v
2014-10-28 17:24,6.411,0.082,0,0,0,0,v
2014-10-28 17:30,6.411,0.091,0,0,0,0,v
2014-10-28 17:36,6.400,0.084,0,0,0,0,v
2014-10-28 17:42,6.400,0.092,0,0,0,0,v
2014-10-28 17:48,6.417,0.072,0,0,0,0,v
2014-10-28 17:54,6.416,0.075,0,0,0,0,v
2014-10-28 18:00,6.415,0.072,0,0,0,0,v
2014-10-28 18:06,6.415,0.086,0,0,0,0,v
2014-10-28 18:12,6.423,0.095,0,0,0,0,v
2014-10-28 18:18,6.425,0.081,0,0,0,0,v
2014-10-28 18:24,6.433,0.077,0,0,0,0,v
2014-10-28 18:30,6.436,0.086,0,0,0,0,v
2014-10-28 18:36,6.458,0.084,0,0,0,0,v
2014-10-28 18:42,6.455,0.092,0,0,0,0,v
2014-10-28 18:48,6.469,0.092,0,0,0,0,v
2014-10-28 18:54,6.467,0.094,0,0,0,0,v
2014-10-28 19:00,6.457,0.076,0,0,0,0,v
2014-10-28 19:06,6.473,0.073,0,0,0,0,v
2014-10-28 19:12,6.472,0.079,0,0,0,0,v
2014-10-28 19:18,6.492,0.093,0,0,0,0,v
2014-10-28 19:24,6.490,0.083,0,0,0,0,v
2014-10-28 19:30,6.493,0.102,0,0,0,0,v
2014-10-28 19:36,6.483,0.077,0,0,0,0,v
2014-10-28 19:42,6.484,0.073,0,0,0,0,v
2014-10-28 19:48,6.492,0.084,0,0,0,0,v
2014-10-28 19:54,6.500,0.085,0,0,0,0,v
2014-10-28 20:00,6.506,0.086,0,0,0,0,v
2014-10-28 20:06,6.516,0.088,0,0,0,0,v
2014-10-28 20:12,6.512,0.080,0,0,0,0,v
2014-10-28 20:18,6.533,0.069,0,0,0,0,v
2014-10-28 20:24,6.536,0.091,0,0,0,0,v
2014-10-28 20:30,6.557,0.072,0,0,0,0,v
2014-10-28 20:36,6.576,0.072,0,0,0,0,v
2014-10-28 20:42,6.580,0.067,0,0,0,0,v
2014-10-28 20:48,6.594,0.075,0,0,0,0,v
2014-10-28 20:54,6.586,0.067,0,0,0,0,v
2014-10-28 21:00,6.601,0.081,0,0,0,0,v
2014-10-28 21:06,6.604,0.065,0,0,0,0,v
2014-10-28 21:12,6.633,0.067,0,0,0,0,v
2014-10-28 21:18,6.642,0.067,0,0,0,0,v
2014-10-28 21:24,6.664,0.075,0,0,0,0,v
2014-10-28 21:30,6.669,0.069,0,0,0,0,v
2014-10-28 21:36,6.681,0.069,0,0,0,0,v
2014-10-28 21:42,6.702,0.081,0,0,0,0,v
2014-10-28 21:48,6.713,0.067,0,0,0,0,v
2014-10-28 21:54,6.718,0.076,0,0,0,0,v
2014-10-28 22:00,6.731,0.073,0,0,0,0,v
2014-10-28 22:06,6.741,0.074,0,0,0,0,v
2014-10-28 22:12,6.745,0.072,0,0,0,0,v
2014-10-28 22:18,6.751,0.069,0,0,0,0,v
2014-10-28 22:24,6.774,0.075,0,0,0,0,v
2014-10-28 22:30,6.783,0.070,0,0,0,0,v
2014-10-28 22:36,6.787,0.072,0,0,0,0,v
2014-10-28 22:42,6.791,0.071,0,0,0,0,v
2014-10-28 22:48,6.796,0.066,0,0,0,0,v
2014-10-28 22:54,6.805,0.075,0,0,0,0,v
2014-10-28 23:00,6.810,0.071,0,0,0,0,v
2014-10-28 23:06,6.806,0.077,0,0,0,0,v
2014-10-28 23:12,6.824,0.060,0,0,0,0,v
2014-10-28 23:18,6.827,0.056,0,0,0,0,v
2014-10-28 23:24,6.835,0.073,0,0,0,0,v
2014-10-28 23:30,6.849,0.055,0,0,0,0,v
2014-10-28 23:36,6.846,0.072,0,0,0,0,v
2014-10-28 23:42,6.847,0.070,0,0,0,0,v
2014-10-28 23:48,6.852,0.060,0,0,0,0,v
2014-10-28 23:54,6.853,0.065,0,0,0,0,v
2014-10-29 00:00,6.864,0.064,0,0,0,0,v
2014-10-29 00:06,6.870,0.056,0,0,0,0,v
2014-10-29 00:12,6.886,0.065,0,0,0,0,v
2014-10-29 00:18,6.888,0.062,0,0,0,0,v
2014-10-29 00:24,6.889,0.067,0,0,0,0,v
2014-10-29 00:30,6.898,0.074,0,0,0,0,v
2014-10-29 00:36,6.915,0.057,0,0,0,0,v
2014-10-29 00:42,6.909,0.055,0,0,0,0,v
2014-10-29 00:48,6.910,0.068,0,0,0,0,v
2014-10-29 00:54,6.913,0.071,0,0,0,0,v
2014-10-29 01:00,6.917,0.064,0,0,0,0,v
2014-10-29 01:06,6.907,0.067,0,0,0,0,v
2014-10-29 01:12,6.926,0.056,0,0,0,0,v
2014-10-29 01:18,6.929,0.064,0,0,0,0,v
2014-10-29 01:24,6.940,0.059,0,0,0,0,v
2014-10-29 01:30,6.933,0.055,0,0,0,0,v
2014-10-29 01:36,6.928,0.064,0,0,0,0,v
2014-10-29 01:42,6.942,0.071,0,0,0,0,v
2014-10-29 01:48,6.944,0.056,0,0,0,0,v
2014-10-29 01:54,6.940,0.061,0,0,0,0,v
2014-10-29 02:00,6.932,0.063,0,0,0,0,v
2014-10-29 02:06,6.942,0.058,0,0,0,0,v
2014-10-29 02:12,6.932,0.064,0,0,0,0,v
2014-10-29 02:18,6.924,0.058,0,0,0,0,v
2014-10-29 02:24,6.923,0.053,0,0,0,0,v
2014-10-29 02:30,6.929,0.073,0,0,0,0,v
2014-10-29 02:36,6.926,0.063,0,0,0,0,v
2014-10-29 02:42,6.921,0.072,0,0,0,0,v
2014-10-29 02:48,6.918,0.057,0,0,0,0,v
2014-10-29 02:54,6.920,0.060,0,0,0,0,v
2014-10-29 03:00,6.920,0.063,0,0,0,0,v
2014-10-29 03:06,6.920,0.059,0,0,0,0,v
2014-10-29 03:12,6.923,0.063,0,0,0,0,v
2014-10-29 03:18,6.912,0.051,0,0,0,0,v
2014-10-29 03:24,6.917,0.058,0,0,0,0,v
2014-10-29 03:30,6.925,0.065,0,0,0,0,v
2014-10-29 03:36,6.929,0.057,0,0,0,0,v
2014-10-29 03:42,6.924,0.060,0,0,0,0,v
2014-10-29 03:48,6.925,0.066,0,0,0,0,v
2014-10-29 03:54,6.912,0.064,0,0,0,0,v
2014-10-29 04:00,6.930,0.068,0,0,0,0,v
2014-10-29 04:06,6.917,0.060,0,0,0,0,v
2014-10-29 04:12,6.916,0.071,0,0,0,0,v
2014-10-29 04:18,6.911,0.068,0,0,0,0,v
2014-10-29 04:24,6.911,0.056,0,0,0,0,v
2014-10-29 04:30,6.909,0.071,0,0,0,0,v
2014-10-29 04:36,6.908,0.065,0,0,0,0,v
2014-10-29 04:42,6.919,0.067,0,0,0,0,v
2014-10-29 04:48,6.917,0.052,0,0,0,0,v
2014-10-29 04:54,6.915,0.050,0,0,0,0,v
2014-10-29 05:00,6.904,0.069,0,0,0,0,v
2014-10-29 05:06,6.910,0.060,0,0,0,0,v
2014-10-29 05:12,6.906,0.058,0,0,0,0,v
2014-10-29 05:18,6.895,0.060,0,0,0,0,v
2014-10-29 05:24,6.899,0.065,0,0,0,0,v
2014-10-29 05:30,6.899,0.067,0,0,0,0,v
2014-10-29 05:36,6.887,0.054,0,0,0,0,v
2014-10-29 05:42,6.886,0.061,0,0,0,0,v
2014-10-29 05:48,6.887,0.063,0,0,0,0,v
2014-10-29 05:54,6.878,0.058,0,0,0,0,v
2014-10-29 06:00,6.880,0.056,0,0,0,0,v
2014-10-29 06:06,6.867,0.054,0,0,0,0,v
2014-10-29 06:12,6.854,0.056,0,0,0,0,v
2014-10-29 06:18,6.854,0.062,0,0,0,0,v
2014-10-29 06:24,6.854,0.064,0,0,0,0,v
2014-10-29 06:30,6.863,0.054,0,0,0,0,v
2014-10-29 06:36,6.854,0.053,0,0,0,0,v
2014-10-29 06:42,6.858,0.067,0,0,0,0,v
2014-10-29 06:48,6.852,0.060,0,0,0,0,v
2014-10-29 06:54,6.851,0.057,0,0,0,0,v
2014-10-29 07:00,6.856,0.064,0,0,0,0,v
2014-10-29 07:06,6.848,0.066,0,0,0,0,v
2014-10-29 07:12,6.839,0.057,0,0,0,0,v
2014-10-29 07:18,6.836,0.050,0,0,0,0,v
2014-10-29 07:24,6.827,0.067,0,0,0,0,v
2014-10-29 07:30,6.827,0.054,0,0,0,0,v
2014-10-29 07:36,6.834,0.054,0,0,0,0,v
2014-10-29 07:42,6.834,0.000,0,0,0,0,v
2014-10-29 07:48,6.833,0.062,0,0,0,0,v
2014-10-29 07:54,6.819,0.060,0,0,0,0,v
2014-10-29 08:00,6.819,0.063,0,0,0,0,v
2014-10-29 08:06,6.821,0.066,0,0,0,0,v
2014-10-29 08:12,6.816,0.000,0,0,0,0,v
2014-10-29 08:18,6.815,0.063,0,0,0,0,v
2014-10-29 08:24,6.799,0.064,0,0,0,0,v
2014-10-29 08:30,6.805,0.060,0,0,0,0,v
2014-10-29 08:36,6.811,0.070,0,0,0,0,v
2014-10-29 08:42,6.806,0.068,0,0,0,0,v
2014-10-29 08:48,6.808,0.061,0,0,0,0,v
2014-10-29 08:54,6.808,0.072,0,0,0,0,v
2014-10-29 09:00,6.803,0.067,0,0,0,0,v
2014-10-29 09:06,6.815,0.071,0,0,0,0,v
2014-10-29 09:12,6.831,0.069,0,0,0,0,v
2014-10-29 09:18,6.820,0.070,0,0,0,0,v
2014-10-29 09:24,6.825,0.058,0,0,0,0,v
2014-10-29 09:30,6.824,0.064,0,0,0,0,v
2014-10-29 09:36,6.802,0.072,0,0,0,0,v
2014-10-29 09:42,6.807,0.067,0,0,0,0,v
2014-10-29 09:48,6.800,0.063,0,0,0,0,v
2014-10-29 09:54,6.793,0.000,0,0,0,0,v
2014-10-29 10:00,6.795,0.075,0,0,0,0,v
2014-10-29 10:06,6.791,0.064,0,0,0,0,v
2014-10-29 10:12,6.790,0.058,0,0,0,0,v
2014-10-29 10:18,6.792,0.059,0,0,0,0,v
2014-10-29 10:24,6.785,0.055,0,0,0,0,v
2014-10-29 10:30,6.792,0.068,0,0,0,0,v
2014-10-29 10:36,6.774,0.063,0,0,0,0,v
2014-10-29 10:42,6.769,0.000,0,0,0,0,v
2014-10-29 10:48,6.763,0.059,0,0,0,0,v
2014-10-29 10:54,6.762,0.063,0,0,0,0,v
2014-10-29 11:00,6.759,0.054,0,0,0,0,v
2014-10-29 11:06,6.764,0.050,0,0,0,0,v
2014-10-29 11:12,6.746,0.059,0,0,0,0,v
2014-10-29 11:18,6.756,0.061,0,0,0,0,v
2014-10-29 11:24,6.746,0.053,0,0,0,0,v
2014-10-29 11:30,6.753,0.065,0,0,0,0,v
2014-10-29 11:36,6.742,0.065,0,0,0,0,v
2014-10-29 11:42,6.751,0.063,0,0,0,0,v
2014-10-29 11:48,6.741,0.057,0,0,0,0,v
2014-10-29 11:54,6.735,0.063,0,0,0,0,v
2014-10-29 12:00,6.729,0.000,0,0,0,0,v
2014-10-29 12:06,6.724,0.060,0,0,0,0,v
2014-10-29 12:12,6.718,0.058,0,0,0,0,v
2014-10-29 12:18,6.719,0.060,0,0,0,0,v
2014-10-29 12:24,6.693,0.064,0,0,0,0,v
2014-10-29 12:30,6.693,0.063,0,0,0,0,v
2014-10-29 12:36,6.690,0.068,0,0,0,0,v
2014-10-29 12:42,6.682,0.065,0,0,0,0,v
2014-10-29 12:48,6.672,0.064,0,0,0,0,v
2014-10-29 12:54,6.659,0.064,0,0,0,0,v
2014-10-29 13:00,6.662,0.057,0,0,0,0,v
2014-10-29 13:06,6.644,0.057,0,0,0,0,v
2014-10-29 13:12,6.638,0.053,0,0,0,0,v
2014-10-29 13:18,6.619,0.061,0,0,0,0,v
2014-10-29 13:24,6.615,0.057,0,0,0,0,v
2014-10-29 13:30,6.605,0.064,0,0,0,0,v
2014-10-29 13:36,6.604,0.062,0,0,0,0,v
2014-10-29 13:42,6.598,0.068,0,0,0,0,v
2014-10-29 13:48,6.592,0.055,0,0,0,0,v
2014-10-29 13:54,6.591,0.064,0,0,0,0,v
2014-10-29 14:00,6.569,0.054,0,0,0,0,v
2014-10-29 14:06,6.573,0.048,0,0,0,0,v
2014-10-29 14:12,6.559,0.055,0,0,0,0,v
2014-10-29 14:18,6.543,0.055,0,0,0,0,v
2014-10-29 14:24,6.540,0.059,0,0,0,0,v
2014-10-29 14:30,6.528,0.048,0,0,0,0,v
2014-10-29 14:36,6.527,0.051,0,0,0,0,v
2014-10-29 14:42,6.524,0.056,0,0,0,0,v
2014-10-29 14:48,6.518,0.052,0,0,0,0,v
2014-10-29 14:54,6.508,0.061,0,0,0,0,v
2014-10-29 15:00,6.503,0.051,0,0,0,0,v
2014-10-29 15:06,6.477,0.049,0,0,0,0,v
2014-10-29 15:12,6.483,0.052,0,0,0,0,v
2014-10-29 15:18,6.480,0.054,0,0,0,0,v
2014-10-29 15:24,6.484,0.054,0,0,0,0,v
2014-10-29 15:30,6.477,0.048,0,0,0,0,v
2014-10-29 15:36,6.462,0.055,0,0,0,0,v
2014-10-29 15:42,6.452,0.055,0,0,0,0,v
2014-10-29 15:48,6.442,0.048,0,0,0,0,v
2014-10-29 15:54,6.441,0.000,1,0,0,0,v
2014-10-29 16:00,6.440,0.000,0,0,0,0,v
2014-10-29 16:06,6.449,0.050,0,0,0,0,v
2014-10-29 16:12,6.433,0.043,0,0,0,0,v
2014-10-29 16:18,6.440,0.054,0,0,0,0,v
2014-10-29 16:24,6.432,0.045,0,0,0,0,v
2014-10-29 16:30,6.420,0.049,0,0,0,0,v
2014-10-29 16:36,6.419,0.054,0,0,0,0,v
2014-10-29 16:42,6.405,0.050,0,0,0,0,v
2014-10-29 16:48,6.419,0.050,0,0,0,0,v
2014-10-29 16:54,6.408,0.048,0,0,0,0,v
2014-10-29 17:00,6.409,0.056,0,0,0,0,v
2014-10-29 17:06,6.393,0.052,0,0,0,0,v
2014-10-29 17:12,6.395,0.054,0,0,0,0,v
2014-10-29 17:18,6.391,0.046,0,0,0,0,v
2014-10-29 17:24,6.385,0.049,0,0,0,0,v
2014-10-29 17:30,6.377,0.042,0,0,0,0,v
2014-10-29 17:36,6.372,0.057,0,0,0,0,v
2014-10-29 17:42,6.368,0.043,0,0,0,0,v
2014-10-29 17:48,6.361,0.045,0,0,0,0,v
2014-10-29 17:54,6.361,0.053,0,0,0,0,v
2014-10-29 18:00,6.370,0.059,0,0,0,0,v
2014-10-29 18:06,6.377,0.048,0,0,0,0,v
2014-10-29 18:12,6.365,0.047,0,0,0,0,v
2014-10-29 18:18,6.362,0.049,0,0,0,0,v
2014-10-29 18:24,6.383,0.051,0,0,0,0,v
2014-10-29 18:30,6.376,0.049,0,0,0,0,v
2014-10-29 18:36,6.372,0.047,0,0,0,0,v
2014-10-29 18:42,6.368,0.045,0,0,0,0,v
2014-10-29 18:48,6.375,0.044,0,0,0,0,v
2014-10-29 18:54,6.382,0.047,0,0,0,0,v
2014-10-29 19:00,6.386,0.047,0,0,0,0,v
2014-10-29 19:06,6.399,0.048,0,0,0,0,v
2014-10-29 19:12,6.403,0.046,0,0,0,0,v
2014-10-29 19:18,6.403,0.051,0,0,0,0,v
2014-10-29 19:24,6.392,0.051,0,0,0,0,v
2014-10-29 19:30,6.409,0.049,0,0,0,0,v
2014-10-29 19:36,6.418,0.051,0,0,0,0,v
2014-10-29 19:42,6.423,0.050,0,0,0,0,v
2014-10-29 19:48,6.415,0.055,0,0,0,0,v
2014-10-29 19:54,6.421,0.048,0,0,0,0,v
2014-10-29 20:00,6.423,0.046,0,0,0,0,v
2014-10-29 20:06,6.426,0.046,0,0,0,0,v
2014-10-29 20:12,6.440,0.048,0,0,0,0,v
2014-10-29 20:18,6.446,0.051,0,0,0,0,v
2014-10-29 20:24,6.451,0.049,0,0,0,0,v
2014-10-29 20:30,6.471,0.053,0,0,0,0,v
2014-10-29 20:36,6.472,0.053,0,0,0,0,v
2014-10-29 20:42,6.479,0.046,0,0,0,0,v
2014-10-29 20:48,6.505,0.046,0,0,0,0,v
2014-10-29 20:54,6.501,0.044,0,0,0,0,v
2014-10-29 21:00,6.523,0.049,0,0,0,0,v
2014-10-29 21:06,6.522,0.047,0,0,0,0,v
2014-10-29 21:12,6.545,0.044,0,0,0,0,v
2014-10-29 21:18,6.537,0.047,0,0,0,0,v
2014-10-29 21:24,6.540,0.051,0,0,0,0,v
2014-10-29 21:30,6.556,0.048,0,0,0,0,v
2014-10-29 21:36,6.566,0.040,0,0,0,0,v
2014-10-29 21:42,6.580,0.041,0,0,0,0,v
2014-10-29 21:48,6.591,0.046,0,0,0,0,v
2014-10-29 21:54,6.588,0.048,0,0,0,0,v
2014-10-29 22:00,6.603,0.040,0,0,0,0,v
2014-10-29 22:06,6.615,0.044,0,0,0,0,v
2014-10-29 22:12,6.617,0.047,0,0,0,0,v
2014-10-29 22:18,6.636,0.050,0,0,0,0,v
2014-10-29 22:24,6.656,0.037,0,0,0,0,v
2014-10-29 22:30,6.671,0.051,0,0,0,0,v
2014-10-29 22:36,6.685,0.046,0,0,0,0,v
2014-10-29 22:42,6.690,0.043,0,0,0,0,v
2014-10-29 22:48,6.701,0.044,0,0,0,0,v
2014-10-29 22:54,6.708,0.049,0,0,0,0,v
2014-10-29 23:00,6.696,0.050,0,0,0,0,v
2014-10-29 23:06,6.714,0.000,0,0,0,0,v
2014-10-29 23:12,6.740,0.049,0,0,0,0,v
2014-10-29 23:18,6.741,0.046,0,0,0,0,v
2014-10-29 23:24,6.742,0.041,0,0,0,0,v
2014-10-29 23:30,6.735,0.037,0,0,0,0,v
2014-10-29 23:36,6.755,0.046,0,0,0,0,v
2014-10-29 23:42,6.753,0.049,0,0,0,0,v
2014-10-29 23:48,6.761,0.046,0,0,0,0,v
2014-10-29 23:54,6.782,0.044,0,0,0,0,v
2014-10-30 00:00,6.790,0.045,0,0,0,0,v
2014-10-30 00:06,6.789,0.056,0,0,0,0,v
2014-10-30 00:12,6.812,0.044,0,0,0,0,v
2014-10-30 00:18,6.832,0.045,0,0,0,0,v
2014-10-30 00:24,6.849,0.043,0,0,0,0,v
2014-10-30 00:30,6.839,0.039,0,0,0,0,v
2014-10-30 00:36,6.845,0.049,0,0,0,0,v
2014-10-30 00:42,6.855,0.047,0,0,0,0,v
2014-10-30 00:48,6.857,0.042,0,0,0,0,v
2014-10-30 00:54,6.853,0.043,0,0,0,0,v
2014-10-30 01:00,6.862,0.051,0,0,0,0,v
2014-10-30 01:06,6.876,0.046,0,0,0,0,v
2014-10-30 01:12,6.867,0.041,0,0,0,0,v
2014-10-30 01:18,6.877,0.048,0,0,0,0,v
2014-10-30 01:24,6.894,0.044,0,0,0,0,v
2014-10-30 01:30,6.903,0.049,0,0,0,0,v
2014-10-30 01:36,6.898,0.046,0,0,0,0,v
2014-10-30 01:42,6.901,0.047,0,0,0,0,v
2014-10-30 01:48,6.919,0.045,0,0,0,0,v
2014-10-30 01:54,6.923,0.038,0,0,0,0,v
2014-10-30 02:00,6.946,0.053,0,0,0,0,v
2014-10-30 02:06,6.960,0.046,0,0,0,0,v
2014-10-30 02:12,6.949,0.044,0,0,0,0,v
2014-10-30 02:18,6.955,0.047,0,0,0,0,v
2014-10-30 02:24,6.966,0.048,0,0,0,0,v
2014-10-30 02:30,6.955,0.046,0,0,0,0,v
2014-10-30 02:36,6.960,0.047,0,0,0,0,v
2014-10-30 02:42,6.972,0.047,0,0,0,0,v
2014-10-30 02:48,6.973,0.044,0,0,0,0,v
2014-10-30 02:54,6.976,0.043,0,0,0,0,v
2014-10-30 03:00,6.955,0.045,0,0,0,0,v
2014-10-30 03:06,6.977,0.042,0,0,0,0,v
2014-10-30 03:12,6.957,0.046,0,0,0,0,v
2014-10-30 03:18,6.950,0.043,0,0,0,0,v
2014-10-30 03:24,6.956,0.046,0,0,0,0,v
2014-10-30 03:30,6.948,0.053,0,0,0,0,v
2014-10-30 03:36,6.956,0.052,0,0,0,0,v
2014-10-30 03:42,6.950,0.050,0,0,0,0,v
2014-10-30 03:48,6.956,0.055,0,0,0,0,v
2014-10-30 03:54,6.955,0.046,0,0,0,0,v
2014-10-30 04:00,6.945,0.055,0,0,0,0,v
2014-10-30 04:06,6.957,0.056,0,0,0,0,v
2014-10-30 04:12,6.944,0.045,0,0,0,0,v
2014-10-30 04:18,6.960,0.047,0,0,0,0,v
2014-10-30 04:24,6.953,0.051,0,0,0,0,v
2014-10-30 04:30,6.941,0.043,0,0,0,0,v
2014-10-30 04:36,6.937,0.060,0,0,0,0,v
2014-10-30 04:42,6.946,0.058,0,0,0,0,v
2014-10-30 04:48,6.931,0.042,0,0,0,0,v
2014-10-30 04:54,6.942,0.050,0,0,0,0,v
2014-10-30 05:00,6.946,0.050,0,0,0,0,v
2014-10-30 05:06,6.929,0.055,0,0,0,0,v
2014-10-30 05:12,6.948,0.051,0,0,0,0,v
2014-10-30 05:18,6.928,0.054,0,0,0,0,v
2014-10-30 05:24,6.935,0.054,0,0,0,0,v
2014-10-30 05:30,6.932,0.047,0,0,0,0,v
2014-10-30 05:36,6.927,0.050,0,0,0,0,v
2014-10-30 05:42,6.932,0.049,0,0,0,0,v
2014-10-30 05:48,6.944,0.049,0,0,0,0,v
2014-10-30 05:54,6.942,0.049,0,0,0,0,v
2014-10-30 06:00,6.936,0.051,0,0,0,0,v
2014-10-30 06:06,6.935,0.041,0,0,0,0,v
2014-10-30 06:12,6.925,0.048,0,0,0,0,v
2014-10-30 06:18,6.929,0.044,0,0,0,0,v
2014-10-30 06:24,6.916,0.049,0,0,0,0,v
2014-10-30 06:30,6.918,0.043,0,0,0,0,v
2014-10-30 06:36,6.899,0.048,0,0,0,0,v
2014-10-30 06:42,6.902,0.050,0,0,0,0,v
2014-10-30 06:48,6.881,0.053,0,0,0,0,v
2014-10-30 06:54,6.874,0.047,0,0,0,0,v
2014-10-30 07:00,6.869,0.048,0,0,0,0,v
2014-10-30 07:06,6.887,0.045,0,0,0,0,v
2014-10-30 07:12,6.896,0.043,0,0,0,0,v
2014-10-30 07:18,6.887,0.052,0,0,0,0,v
2014-10-30 07:24,6.896,0.049,0,0,0,0,v
2014-10-30 07:30,6.892,0.050,0,0,0,0,v
2014-10-30 07:36,6.878,0.047,0,0,0,0,v
2014-10-30 07:42,6.883,0.042,0,0,0,0,v
2014-10-30 07:48,6.868,0.047,0,0,0,0,v
2014-10-30 07:54,6.858,0.044,0,0,0,0,v
2014-10-30 08:00,6.862,0.055,0,0,0,0,v
2014-10-30 08:06,6.856,0.041,0,0,0,0,v
2014-10-30 08:12,6.849,0.051,0,0,0,0,v
2014-10-30 08:18,6.856,0.039,0,0,0,0,v
2014-10-30 08:24,6.853,0.049,0,0,0,0,v
2014-10-30 08:30,6.856,0.049,0,0,0,0,v
2014-10-30 08:36,6.857,0.042,0,0,0,0,v
2014-10-30 08:42,6.847,0.047,0,0,0,0,v
2014-10-30 08:48,6.837,0.045,0,0,0,0,v
2014-10-30 08:54,6.829,0.054,0,0,0,0,v
2014-10-30 09:00,6.827,0.044,0,0,0,0,v
2014-10-30 09:06,6.829,0.055,0,0,0,0,v
2014-10-30 09:12,6.828,0.039,0,0,0,0,v
2014-10-30 09:18,6.825,0.049,0,0,0,0,v
2014-10-30 09:24,6.830,0.050,0,0,0,0,v
2014-10-30 09:30,6.843,0.052,0,0,0,0,v
2014-10-30 09:36,6.832,0.043,0,0,0,0,v
2014-10-30 09:42,6.842,0.042,0,0,0,0,v
2014-10-30 09:48,6.848,0.047,0,0,0,0,v
2014-10-30 09:54,6.850,0.048,0,0,0,0,v
2014-10-30 10:00,6.844,0.049,0,0,0,0,v
2014-10-30 10:06,6.837,0.047,0,0,0,0,v
2014-10-30 10:12,6.852,0.049,0,0,0,0,v
2014-10-30 10:18,6.854,0.051,0,0,0,0,v
2014-10-30 10:24,6.840,0.047,0,0,0,0,v
2014-10-30 10:30,6.833,0.043,0,0,0,0,v
2014-10-30 10:36,6.835,0.051,0,0,0,0,v
2014-10-30 10:42,6.836,0.044,0,0,0,0,v
2014-10-30 10:48,6.837,0.050,0,0,0,0,v
2014-10-30 10:54,6.835,0.042,0,0,0,0,v
2014-10-30 11:00,6.830,0.042,0,0,0,0,v
2014-10-30 11:06,6.831,0.042,0,0,0,0,v
2014-10-30 11:12,6.836,0.049,0,0,0,0,v
2014-10-30 11:18,6.837,0.042,0,0,0,0,v
2014-10-30 11:24,6.842,0.048,0,0,0,0,v
2014-10-30 11:30,6.831,0.043,0,0,0,0,v
2014-10-30 11:36,6.830,0.045,0,0,0,0,v
2014-10-30 11:42,6.808,0.047,0,0,0,0,v
2014-10-30 11:48,6.822,0.040,0,0,0,0,v
2014-10-30 11:54,6.822,0.040,0,0,0,0,v
2014-10-30 12:00,6.808,0.040,0,0,0,0,v
2014-10-30 12:06,6.813,0.040,0,0,0,0,v
2014-10-30 12:12,6.808,0.040,0,0,0,0,v
2014-10-30 12:18,6.805,0.051,0,0,0,0,v
2014-10-30 12:24,6.796,0.048,0,0,0,0,v
2014-10-30 12:30,6.781,0.045,0,0,0,0,v
2014-10-30 12:36,6.784,0.044,0,0,0,0,v
2014-10-30 12:42,6.782,0.045,0,0,0,0,v
2014-10-30 12:48,6.774,0.049,0,0,0,0,v
2014-10-30 12:54,6.786,0.052,0,0,0,0,v
2014-10-30 13:00,6.767,0.042,0,0,0,0,v
2014-10-30 13:06,6.764,0.042,0,0,0,0,v
2014-10-30 13:12,6.751,0.041,0,0,0,0,v
2014-10-30 13:18,6.741,0.050,0,0,0,0,v
2014-10-30 13:24,6.744,0.050,0,0,0,0,v
2014-10-30 13:30,6.733,0.043,0,0,0,0,v
2014-10-30 13:36,6.725,0.043,0,0,0,0,v
2014-10-30 13:42,6.738,0.048,0,0,0,0,v
2014-10-30 13:48,6.735,0.046,0,0,0,0,v
2014-10-30 13:54,6.733,0.047,0,0,0,0,v
2014-10-30 14:00,6.726,0.047,0,0,0,0,v
2014-10-30 14:06,6.714,0.047,0,0,0,0,v
2014-10-30 14:12,6.699,0.046,0,0,0,0,v
2014-10-30 14:18,6.708,0.051,0,0,0,0,v
2014-10-30 14:24,6.694,0.046,0,0,0,0,v
2014-10-30 14:30,6.697,0.045,0,0,0,0,v
2014-10-30 14:36,6.690,0.047,0,0,0,0,v
2014-10-30 14:42,6.685,0.045,0,0,0,0,v
2014-10-30 14:48,6.678,0.046,0,0,0,0,v
2014-10-30 14:54,6.665,0.048,0,0,0,0,v
2014-10-30 15:00,6.651,0.050,0,0,0,0,v
2014-10-30 15:06,6.664,0.040,0,0,0,0,v
2014-10-30 15:12,6.646,0.046,0,0,0,0,v
2014-10-30 15:18,6.639,0.049,0,0,0,0,v
2014-10-30 15:24,6.645,0.041,0,0,0,0,v
2014-10-30 15:30,6.633,0.049,0,0,0,0,v
2014-10-30 15:36,6.638,0.053,0,0,0,0,v
2014-10-30 15:42,6.645,0.042,0,0,0,0,v
2014-10-30 15:48,6.635,0.055,0,0,0,0,v
2014-10-30 15:54,6.641,0.049,0,0,0,0,v
2014-10-30 16:00,6.635,0.044,0,0,0,0,v
2014-10-30 16:06,6.619,0.045,0,0,0,0,v
2014-10-30 16:12,6.616,0.046,0,0,0,0,v
2014-10-30 16:18,6.610,0.044,0,0,0,0,v
2014-10-30 16:24,6.594,0.049,0,0,0,0,v
2014-10-30 16:30,6.588,0.045,0,0,0,0,v
2014-10-30 16:36,6.568,0.041,0,0,0,0,v
2014-10-30 16:42,6.557,0.049,0,0,0,0,v
2014-10-30 16:48,6.544,0.048,0,0,0,0,v
2014-10-30 16:54,6.550,0.046,0,0,0,0,v
2014-10-30 17:00,6.553,0.040,0,0,0,0,v
2014-10-30 17:06,6.560,0.042,0,0,0,0,v
2014-10-30 17:12,6.547,0.042,0,0,0,0,v
2014-10-30 17:18,6.543,0.047,0,0,0,0,v
2014-10-30 17:24,6.523,0.050,0,0,0,0,v
2014-10-30 17:30,6.513,0.051,0,0,0,0,v
2014-10-30 17:36,6.507,0.046,0,0,0,0,v
2014-10-30 17:42,6.493,0.042,0,0,0,0,v
2014-10-30 17:48,6.487,0.046,0,0,0,0,v
2014-10-30 17:54,6.493,0.043,0,0,0,0,v
2014-10-30 18:00,6.498,0.045,0,0,0,0,v
2014-10-30 18:06,6.496,0.048,0,0,0,0,v
2014-10-30 18:12,6.501,0.050,0,0,0,0,v
2014-10-30 18:18,6.495,0.041,0,0,0,0,v
2014-10-30 18:24,6.490,0.046,0,0,0,0,v
2014-10-30 18:30,6.493,0.041,0,0,0,0,v
2014-10-30 18:36,6.485,0.044,0,0,0,0,v
2014-10-30 18:42,6.485,0.052,0,0,0,0,v
2014-10-30 18:48,6.484,0.042,0,0,0,0,v
2014-10-30 18:54,6.484,0.046,0,0,0,0,v
2014-10-30 19:00,6.486,0.049,0,0,0,0,v
2014-10-30 19:06,6.485,0.048,0,0,0,0,v
2014-10-30 19:12,6.478,0.048,0,0,0,0,v
2014-10-30 19:18,6.483,0.041,0,0,0,0,v
2014-10-30 19:24,6.475,0.040,0,0,0,0,v
2014-10-30 19:30,6.475,0.047,0,0,0,0,v
2014-10-30 19:36,6.473,0.049,0,0,0,0,v
2014-10-30 19:42,6.485,0.053,0,0,0,0,v
2014-10-30 19:48,6.476,0.048,0,0,0,0,v
2014-10-30 19:54,6.483,0.045,0,0,0,0,v
2014-10-30 20:00,6.490,0.054,0,0,0,0,v
2014-10-30 20:06,6.489,0.046,0,0,0,0,v
2014-10-30 20:12,6.491,0.063,0,0,0,0,v
2014-10-30 20:18,6.501,0.049,0,0,0,0,v
2014-10-30 20:24,6.503,0.047,0,0,0,0,v
2014-10-30 20:30,6.505,0.046,0,0,0,0,v
2014-10-30 20:36,6.510,0.057,0,0,0,0,v
2014-10-30 20:42,6.523,0.052,0,0,0,0,v
2014-10-30 20:48,6.523,0.047,0,0,0,0,v
2014-10-30 20:54,6.537,0.050,0,0,0,0,v
2014-10-30 21:00,6.542,0.058,0,0,0,0,v
2014-10-30 21:06,6.558,0.040,0,0,0,0,v
2014-10-30 21:12,6.572,0.000,0,0,0,0,v
2014-10-30 21:18,6.584,0.042,0,0,0,0,v
2014-10-30 21:24,6.572,0.053,0,0,0,0,v
2014-10-30 21:30,6.580,0.045,0,0,0,0,v
2014-10-30 21:36,6.599,0.044,0,0,0,0,v
2014-10-30 21:42,6.600,0.053,0,0,0,0,v
2014-10-30 21:48,6.607,0.040,0,0,0,0,v
2014-10-30 21:54,6.618,0.048,0,0,0,0,v
2014-10-30 22:00,6.619,0.053,0,0,0,0,v
2014-10-30 22:06,6.622,0.057,0,0,0,0,v
2014-10-30 22:12,6.622,0.047,0,0,0,0,v
2014-10-30 22:18,6.632,0.051,0,0,0,0,v
2014-10-30 22:24,6.633,0.045,0,0,0,0,v
2014-10-30 22:30,6.639,0.047,0,0,0,0,v
2014-10-30 22:36,6.661,0.046,0,0,0,0,v
2014-10-30 22:42,6.662,0.046,0,0,0,0,v
2014-10-30 22:48,6.664,0.050,0,0,0,0,v
2014-10-30 22:54,6.672,0.046,0,0,0,0,v
2014-10-30 23:00,6.681,0.066,0,0,0,0,v
2014-10-30 23:06,6.690,0.049,0,0,0,0,v
2014-10-30 23:12,6.707,0.058,0,0,0,0,v
2014-10-30 23:18,6.715,0.050,0,0,0,0,v
2014-10-30 23:24,6.718,0.054,0,0,0,0,v
2014-10-30 23:30,6.716,0.052,0,0,0,0,v
2014-10-30 23:36,6.722,0.058,0,0,0,0,v
2014-10-30 23:42,6.742,0.054,0,0,0,0,v
2014-10-30 23:48,6.757,0.054,0,0,0,0,v
2014-10-30 23:54,6.761,0.054,0,0,0,0,v
2014-10-31 00:00,6.769,0.053,0,0,0,0,v
2014-10-31 00:06,6.781,0.049,0,0,0,0,v
2014-10-31 00:12,6.788,0.054,0,0,0,0,v
2014-10-31 00:18,6.806,0.059,0,0,0,0,v
2014-10-31 00:24,6.818,0.051,0,0,0,0,v
2014-10-31 00:30,6.832,0.053,0,0,0,0,v
2014-10-31 00:36,6.824,0.049,0,0,0,0,v
2014-10-31 00:42,6.833,0.052,0,0,0,0,v
2014-10-31 00:48,6.834,0.000,0,0,0,0,v
2014-10-31 00:54,6.828,0.051,0,0,0,0,v
2014-10-31 01:00,6.846,0.052,0,0,0,0,v
2014-10-31 01:06,6.858,0.051,0,0,0,0,v
2014-10-31 01:12,6.865,0.049,0,0,0,0,v
2014-10-31 01:18,6.874,0.057,0,0,0,0,v
2014-10-31 01:24,6.897,0.046,0,0,0,0,v
2014-10-31 01:30,6.895,0.059,0,0,0,0,v
2014-10-31 01:36,6.918,0.061,0,0,0,0,v
2014-10-31 01:42,6.923,0.054,0,0,0,0,v
2014-10-31 01:48,6.925,0.047,0,0,0,0,v
2014-10-31 01:54,6.921,0.051,0,0,0,0,v
2014-10-31 02:00,6.927,0.060,0,0,0,0,v
2014-10-31 02:06,6.931,0.057,0,0,0,0,v
2014-10-31 02:12,6.949,0.057,0,0,0,0,v
2014-10-31 02:18,6.967,0.056,0,0,0,0,v
2014-10-31 02:24,6.968,0.056,0,0,0,0,v
2014-10-31 02:30,6.958,0.053,0,0,0,0,v
2014-10-31 02:36,6.973,0.052,0,0,0,0,v
2014-10-31 02:42,6.980,0.066,0,0,0,0,v
2014-10-31 02:48,6.970,0.052,0,0,0,0,v
2014-10-31 02:54,6.968,0.058,0,0,0,0,v
2014-10-31 03:00,6.975,0.058,0,0,0,0,v
2014-10-31 03:06,6.969,0.055,0,0,0,0,v
2014-10-31 03:12,6.957,0.055,0,0,0,0,v
2014-10-31 03:18,6.964,0.058,0,0,0,0,v
2014-10-31 03:24,6.971,0.063,0,0,0,0,v
2014-10-31 03:30,6.991,0.045,0,0,0,0,v
2014-10-31 03:36,6.969,0.055,0,0,0,0,v
2014-10-31 03:42,6.970,0.056,0,0,0,0,v
2014-10-31 03:48,6.966,0.049,0,0,0,0,v
2014-10-31 03:54,6.980,0.059,0,0,0,0,v
2014-10-31 04:00,6.977,0.053,0,0,0,0,v
2014-10-31 04:06,6.975,0.056,0,0,0,0,v
2014-10-31 04:12,6.979,0.055,0,0,0,0,v
2014-10-31 04:18,6.986,0.062,0,0,0,0,v
2014-10-31 04:24,6.974,0.059,0,0,0,0,v
2014-10-31 04:30,6.982,0.061,0,0,0,0,v
2014-10-31 04:36,6.978,0.055,0,0,0,0,v
2014-10-31 04:42,6.984,0.063,0,0,0,0,v
2014-10-31 04:48,6.998,0.054,0,0,0,0,v
2014-10-31 04:54,6.992,0.051,0,0,0,0,v
2014-10-31 05:00,6.985,0.050,0,0,0,0,v
2014-10-31 05:06,6.996,0.049,0,0,0,0,v
2014-10-31 05:12,7.003,0.054,0,0,0,0,v
2014-10-31 05:18,7.006,0.061,0,0,0,0,v
2014-10-31 05:24,6.998,0.052,0,0,0,0,v
2014-10-31 05:30,7.002,0.051,0,0,0,0,v
2014-10-31 05:36,7.000,0.046,0,0,0,0,v
2014-10-31 05:42,6.988,0.052,0,0,0,0,v
2014-10-31 05:48,6.988,0.055,0,0,0,0,v
2014-10-31 05:54,6.992,0.050,0,0,0,0,v
2014-10-31 06:00,6.999,0.050,0,0,0,0,v
2014-10-31 06:06,6.981,0.054,0,0,0,0,v
2014-10-31 06:12,6.967,0.052,0,0,0,0,v
2014-10-31 06:18,6.954,0.054,0,0,0,0,v
2014-10-31 06:24,6.954,0.061,0,0,0,0,v
2014-10-31 06:30,6.954,0.055,0,0,0,0,v
2014-10-31 06:36,6.955,0.065,0,0,0,0,v
2014-10-31 06:42,6.962,0.054,0,0,0,0,v
2014-10-31 06:48,6.957,0.050,0,0,0,0,v
2014-10-31 06:54,6.952,0.059,0,0,0,0,v
2014-10-31 07:00,6.943,0.057,0,0,0,0,v
2014-10-31 07:06,6.947,0.053,0,0,0,0,v
2014-10-31 07:12,6.933,0.056,0,0,0,0,v
2014-10-31 07:18,6.937,0.057,0,0,0,0,v
2014-10-31 07:24,6.944,0.057,0,0,0,0,v
2014-10-31 07:30,6.955,0.049,0,0,0,0,v
2014-10-31 07:36,6.949,0.061,0,0,0,0,v
2014-10-31 07:42,6.943,0.047,0,0,0,0,v
2014-10-31 07:48,6.943,0.065,0,0,0,0,v
2014-10-31 07:54,6.939,0.050,0,0,0,0,v
2014-10-31 08:00,6.940,0.055,0,0,0,0,v
2014-10-31 08:06,6.946,0.053,0,0,0,0,v
2014-10-31 08:12,6.932,0.059,0,0,0,0,v
2014-10-31 08:18,6.928,0.055,0,0,0,0,v
2014-10-31 08:24,6.931,0.071,0,0,0,0,v
2014-10-31 08:30,6.930,0.054,0,0,0,0,v
2014-10-31 08:36,6.927,0.061,0,0,0,0,v
2014-10-31 08:42,6.915,0.062,0,0,0,0,v
2014-10-31 08:48,6.910,0.054,0,0,0,0,v
2014-10-31 08:54,6.904,0.050,0,0,0,0,v
2014-10-31 09:00,6.910,0.053,0,0,0,0,v
2014-10-31 09:06,6.901,0.060,0,0,0,0,v
2014-10-31 09:12,6.903,0.056,0,0,0,0,v
2014-10-31 09:18,6.899,0.055,0,0,0,0,v
2014-10-31 09:24,6.904,0.055,0,0,0,0,v
2014-10-31 09:30,6.900,0.048,0,0,0,0,v
2014-10-31 09:36,6.884,0.068,0,0,0,0,v
2014-10-31 09:42,6.872,0.052,0,0,0,0,v
2014-10-31 09:48,6.886,0.056,0,0,0,0,v
2014-10-31 09:54,6.879,0.049,0,0,0,0,v
2014-10-31 10:00,6.885,0.058,0,0,0,0,v
2014-10-31 10:06,6.880,0.061,0,0,0,0,v
2014-10-31 10:12,6.880,0.045,0,0,0,0,v
2014-10-31 10:18,6.877,0.050,0,0,0,0,v
2014-10-31 10:24,6.878,0.057,0,0,0,0,v
2014-10-31 10:30,6.875,0.055,0,0,0,0,v
2014-10-31 10:36,6.864,0.057,0,0,0,0,v
2014-10-31 10:42,6.874,0.059,0,0,0,0,v
2014-10-31 10:48,6.878,0.045,0,0,0,0,v
2014-10-31 10:54,6.879,0.059,0,0,0,0,v
2014-10-31 11:00,6.885,0.052,0,0,0,0,v
2014-10-31 11:06,6.881,0.062,0,0,0,0,v
2014-10-31 11:12,6.878,0.055,0,0,0,0,v
2014-10-31 11:18,6.879,0.057,0,0,0,0,v
2014-10-31 11:24,6.881,0.055,0,0,0,0,v
2014-10-31 11:30,6.883,0.048,0,0,0,0,v
2014-10-31 11:36,6.894,0.047,0,0,0,0,v
2014-10-31 11:42,6.888,0.049,0,0,0,0,v
2014-10-31 11:48,6.876,0.061,0,0,0,0,v
2014-10-31 11:54,6.881,0.053,0,0,0,0,v
2014-10-31 12:00,6.883,0.056,0,0,0,0,v
2014-10-31 12:06,6.887,0.053,0,0,0,0,v
2014-10-31 12:12,6.882,0.056,0,0,0,0,v
2014-10-31 12:18,6.910,0.051,0,0,0,0,v
2014-10-31 12:24,6.903,0.045,0,0,0,0,v
2014-10-31 12:30,6.920,0.048,0,0,0,0,v
2014-10-31 12:36,6.936,0.046,0,0,0,0,v
2014-10-31 12:42,6.918,0.056,0,0,0,0,v
2014-10-31 12:48,6.917,0.054,0,0,0,0,v
2014-10-31 12:54,6.903,0.049,0,0,0,0,v
2014-10-31 13:00,6.886,0.056,0,0,0,0,v
2014-10-31 13:06,6.886,0.061,0,0,0,0,v
2014-10-31 13:12,6.895,0.062,0,0,0,0,v
2014-10-31 13:18,6.889,0.056,0,0,0,0,v
2014-10-31 13:24,6.887,0.056,0,0,0,0,v
2014-10-31 13:30,6.870,0.048,0,0,0,0,v
2014-10-31 13:36,6.873,0.050,0,0,0,0,v
2014-10-31 13:42,6.856,0.058,0,0,0,0,v
2014-10-31 13:48,6.848,0.054,0,0,0,0,v
2014-10-31 13:54,6.863,0.048,0,0,0,0,v
2014-10-31 14:00,6.829,0.055,0,0,0,0,v
2014-10-31 14:06,6.811,0.053,0,0,0,0,v
2014-10-31 14:12,6.799,0.050,0,0,0,0,v
2014-10-31 14:18,6.803,0.064,0,0,0,0,v
2014-10-31 14:24,6.805,0.053,0,0,0,0,v
2014-10-31 14:30,6.808,0.062,0,0,0,0,v
2014-10-31 14:36,6.792,0.059,0,0,0,0,v
2014-10-31 14:42,6.789,0.056,0,0,0,0,v
2014-10-31 14:48,6.768,0.053,0,0,0,0,v
2014-10-31 14:54,6.766,0.064,0,0,0,0,v
2014-10-31 15:00,6.755,0.062,0,0,0,0,v
2014-10-31 15:06,6.756,0.053,0,0,0,0,v
2014-10-31 15:12,6.750,0.063,0,0,0,0,v
2014-10-31 15:18,6.756,0.059,0,0,0,0,v
2014-10-31 15:24,6.737,0.057,0,0,0,0,v
2014-10-31 15:30,6.746,0.054,0,0,0,0,v
2014-10-31 15:36,6.747,0.058,0,0,0,0,v
2014-10-31 15:42,6.747,0.058,0,0,0,0,v
2014-10-31 15:48,6.763,0.051,0,0,0,0,v
2014-10-31 15:54,6.761,0.062,0,0,0,0,v
2014-10-31 16:00,6.745,0.053,0,0,0,0,v
2014-10-31 16:06,6.752,0.059,0,0,0,0,v
2014-10-31 16:12,6.748,0.054,0,0,0,0,v
2014-10-31 16:18,6.735,0.054,0,0,0,0,v
2014-10-31 16:24,6.733,0.052,0,0,0,0,v
2014-10-31 16:30,6.718,0.060,0,0,0,0,v
2014-10-31 16:36,6.705,0.050,0,0,0,0,v
2014-10-31 16:42,6.700,0.068,0,0,0,0,v
2014-10-31 16:48,6.687,0.067,0,0,0,0,v
2014-10-31 16:54,6.689,0.060,0,0,0,0,v
2014-10-31 17:00,6.661,0.055,0,0,0,0,v
2014-10-31 17:06,6.672,0.062,0,0,0,0,v
2014-10-31 17:12,6.673,0.070,0,0,0,0,v
2014-10-31 17:18,6.661,0.055,0,0,0,0,v
2014-10-31 17:24,6.665,0.061,0,0,0,0,v
2014-10-31 17:30,6.668,0.065,0,0,0,0,v
2014-10-31 17:36,6.653,0.066,0,0,0,0,v
2014-10-31 17:42,6.651,0.063,0,0,0,0,v
2014-10-31 17:48,6.633,0.063,0,0,0,0,v
2014-10-31 17:54,6.631,0.000,0,0,0,0,v
2014-10-31 18:00,6.637,0.064,0,0,0,0,v
2014-10-31 18:06,6.646,0.064,0,0,0,0,v
2014-10-31 18:12,6.634,0.061,0,0,0,0,v
2014-10-31 18:18,6.621,0.063,0,0,0,0,v
2014-10-31 18:24,6.624,0.068,0,0,0,0,v
2014-10-31 18:30,6.630,0.060,0,0,0,0,v
2014-10-31 18:36,6.620,0.062,0,0,0,0,v
2014-10-31 18:42,6.614,0.058,0,0,0,0,v
2014-10-31 18:48,6.627,0.065,0,0,0,0,v
2014-10-31 18:54,6.616,0.064,0,0,0,0,v
2014-10-31 19:00,6.613,0.064,0,0,0,0,v
2014-10-31 19:06,6.594,0.069,0,0,0,0,v
2014-10-31 19:12,6.580,0.068,0,0,0,0,v
2014-10-31 19:18,6.573,0.059,0,0,0,0,v
2014-10-31 19:24,6.585,0.059,0,0,0,0,v
2014-10-31 19:30,6.575,0.074,0,0,0,0,v
2014-10-31 19:36,6.590,0.068,0,0,0,0,v
2014-10-31 19:42,6.595,0.075,0,0,0,0,v
2014-10-31 19:48,6.595,0.066,0,0,0,0,v
2014-10-31 19:54,6.598,0.066,0,0,0,0,v
2014-10-31 20:00,6.601,0.074,0,0,0,0,v
2014-10-31 20:06,6.612,0.057,0,0,0,0,v
2014-10-31 20:12,6.607,0.061,0,0,0,0,v
2014-10-31 20:18,6.581,0.070,0,0,0,0,v
2014-10-31 20:24,6.586,0.068,0,0,0,0,v
2014-10-31 20:30,6.596,0.069,0,0,0,0,v
2014-10-31 20:36,6.589,0.072,0,0,0,0,v
2014-10-31 20:42,6.575,0.075,0,0,0,0,v
2014-10-31 20:48,6.592,0.071,0,0,0,0,v
2014-10-31 20:54,6.602,0.068,0,0,0,0,v
2014-10-31 21:00,6.597,0.067,0,0,0,0,v
2014-10-31 21:06,6.589,0.067,0,0,0,0,v
2014-10-31 21:12,6.582,0.081,0,0,0,0,v
2014-10-31 21:18,6.585,0.061,0,0,0,0,v
2014-10-31 21:24,6.591,0.067,0,0,0,0,v
2014-10-31 21:30,6.603,0.073,0,0,0,0,v
2014-10-31 21:36,6.625,0.072,0,0,0,0,v
2014-10-31 21:42,6.623,0.078,0,0,0,0,v
2014-10-31 21:48,6.614,0.072,0,0,0,0,v
2014-10-31 21:54,6.622,0.064,0,0,0,0,v
2014-10-31 22:00,6.627,0.067,0,0,0,0,v
2014-10-31 22:06,6.613,0.068,0,0,0,0,v
2014-10-31 22:12,6.599,0.072,0,0,0,0,v
2014-10-31 22:18,6.606,0.077,0,0,0,0,v
2014-10-31 22:24,6.607,0.076,0,0,0,0,v
2014-10-31 22:30,6.620,0.068,0,0,0,0,v
2014-10-31 22:36,6.623,0.067,0,0,0,0,v
2014-10-31 22:42,6.653,0.064,0,0,0,0,v
2014-10-31 22:48,6.658,0.072,0,0,0,0,v
2014-10-31 22:54,6.670,0.066,0,0,0,0,v
2014-10-31 23:00,6.677,0.065,0,0,0,0,v
2014-10-31 23:06,6.681,0.073,0,0,0,0,v
2014-10-31 23:12,6.675,0.076,0,0,0,0,v
2014-10-31 23:18,6.662,0.085,0,0,0,0,v
2014-10-31 23:24,6.673,0.071,0,0,0,0,v
2014-10-31 23:30,6.690,0.058,0,0,0,0,v
2014-10-31 23:36,6.681,0.074,0,0,0,0,v
2014-10-31 23:42,6.692,0.071,0,0,0,0,v
2014-10-31 23:48,6.705,0.068,0,0,0,0,v
2014-10-31 23:54,6.721,0.068,0,0,0,0,v
2014-11-01 00:00,6.720,0.079,0,0,0,0,v
2014-11-01 00:06,6.720,0.069,0,0,0,0,v
2014-11-01 00:12,6.706,0.071,0,0,0,0,v
2014-11-01 00:18,6.710,0.082,0,0,0,0,v
2014-11-01 00:24,6.729,0.083,0,0,0,0,v
2014-11-01 00:30,6.759,0.075,0,0,0,0,v
2014-11-01 00:36,6.766,0.064,0,0,0,0,v
2014-11-01 00:42,6.769,0.080,0,0,0,0,v
2014-11-01 00:48,6.780,0.077,0,0,0,0,v
2014-11-01 00:54,6.786,0.071,0,0,0,0,v
2014-11-01 01:00,6.799,0.075,0,0,0,0,v
2014-11-01 01:06,6.835,0.079,0,0,0,0,v
2014-11-01 01:12,6.851,0.070,0,0,0,0,v
2014-11-01 01:18,6.854,0.077,0,0,0,0,v
2014-11-01 01:24,6.867,0.070,0,0,0,0,v
2014-11-01 01:30,6.877,0.080,0,0,0,0,v
2014-11-01 01:36,6.883,0.068,0,0,0,0,v
2014-11-01 01:42,6.883,0.071,0,0,0,0,v
2014-11-01 01:48,6.904,0.076,0,0,0,0,v
2014-11-01 01:54,6.921,0.072,0,0,0,0,v
2014-11-01 02:00,6.916,0.074,0,0,0,0,v
2014-11-01 02:06,6.915,0.068,0,0,0,0,v
2014-11-01 02:12,6.921,0.071,0,0,0,0,v
2014-11-01 02:18,6.926,0.072,0,0,0,0,v
2014-11-01 02:24,6.922,0.069,0,0,0,0,v
2014-11-01 02:30,6.931,0.074,0,0,0,0,v
2014-11-01 02:36,6.932,0.072,0,0,0,0,v
2014-11-01 02:42,6.946,0.065,0,0,0,0,v
2014-11-01 02:48,6.943,0.066,0,0,0,0,v
2014-11-01 02:54,6.950,0.075,0,0,0,0,v
2014-11-01 03:00,6.951,0.072,0,0,0,0,v
2014-11-01 03:06,6.948,0.081,0,0,0,0,v
2014-11-01 03:12,6.959,0.063,0,0,0,0,v
2014-11-01 03:18,6.975,0.074,0,0,0,0,v
2014-11-01 03:24,6.953,0.079,0,0,0,0,v
2014-11-01 03:30,6.951,0.076,0,0,0,0,v
2014-11-01 03:36,6.966,0.068,0,0,0,0,v
2014-11-01 03:42,6.968,0.078,0,0,0,0,v
2014-11-01 03:48,6.963,0.076,0,0,0,0,v
2014-11-01 03:54,6.958,0.077,0,0,0,0,v
2014-11-01 04:00,6.969,0.082,0,0,0,0,v
2014-11-01 04:06,6.977,0.083,0,0,0,0,v
2014-11-01 04:12,6.992,0.080,0,0,0,0,v
2014-11-01 04:18,7.004,0.081,0,0,0,0,v
2014-11-01 04:24,6.989,0.088,0,0,0,0,v
2014-11-01 04:30,6.991,0.089,0,0,0,0,v
2014-11-01 04:36,6.983,0.102,0,0,0,0,v
2014-11-01 04:42,6.997,0.088,0,0,0,0,v
2014-11-01 04:48,6.992,0.091,0,0,0,0,v
2014-11-01 04:54,6.993,0.089,0,0,0,0,v
2014-11-01 05:00,6.998,0.106,0,0,0,0,v
2014-11-01 05:06,7.005,0.084,0,0,0,0,v
2014-11-01 05:12,6.998,0.094,0,0,0,0,v
2014-11-01 05:18,7.001,0.096,0,0,0,0,v
2014-11-01 05:24,7.002,0.109,0,0,0,0,v
2014-11-01 05:30,7.013,0.097,0,0,0,0,v
2014-11-01 05:36,7.002,0.092,0,0,0,0,v
2014-11-01 05:42,6.997,0.083,0,0,0,0,v
2014-11-01 05:48,6.982,0.123,0,0,0,0,v
2014-11-01 05:54,6.975,0.102,0,0,0,0,v
2014-11-01 06:00,6.974,0.097,0,0,0,0,v
2014-11-01 06:06,6.996,0.111,0,0,0,0,v
2014-11-01 06:12,6.975,0.104,0,0,0,0,v
2014-11-01 06:18,6.980,0.096,0,0,0,0,v
2014-11-01 06:24,6.989,0.095,0,0,0,0,v
2014-11-01 06:30,6.958,0.092,0,0,0,0,v
2014-11-01 06:36,6.956,0.108,0,0,0,0,v
2014-11-01 06:42,6.954,0.107,0,0,0,0,v
2014-11-01 06:48,6.953,0.114,0,0,0,0,v
2014-11-01 06:54,6.958,0.099,0,0,0,0,v
2014-11-01 07:00,6.954,0.105,0,0,0,0,v
2014-11-01 07:06,6.954,0.115,0,0,0,0,v
2014-11-01 07:12,6.947,0.096,0,0,0,0,v
2014-11-01 07:18,6.967,0.110,0,0,0,0,v
2014-11-01 07:24,6.974,0.099,0,0,0,0,v
2014-11-01 07:30,6.959,0.105,0,0,0,0,v
2014-11-01 07:36,6.946,0.124,0,0,0,0,v
2014-11-01 07:42,6.933,0.105,0,0,0,0,v
2014-11-01 07:48,6.926,0.114,0,0,0,0,v
2014-11-01 07:54,6.928,0.123,0,0,0,0,v
2014-11-01 08:00,6.947,0.103,0,0,0,0,v
2014-11-01 08:06,6.942,0.107,0,0,0,0,v
2014-11-01 08:12,6.930,0.108,0,0,0,0,v
2014-11-01 08:18,6.929,0.119,0,0,0,0,v
2014-11-01 08:24,6.936,0.110,0,0,0,0,v
2014-11-01 08:30,6.922,0.128,0,0,0,0,v
2014-11-01 08:36,6.920,0.123,0,0,0,0,v
2014-11-01 08:42,6.921,0.102,0,0,0,0,v
2014-11-01 08:48,6.914,0.104,0,0,0,0,v
2014-11-01 08:54,6.914,0.098,0,0,0,0,v
2014-11-01 09:00,6.905,0.120,0,0,0,0,v
2014-11-01 09:06,6.906,0.099,0,0,0,0,v
2014-11-01 09:12,6.907,0.115,0,0,0,0,v
2014-11-01 09:18,6.900,0.107,0,0,0,0,v
2014-11-01 09:24,6.901,0.104,0,0,0,0,v
2014-11-01 09:30,6.901,0.122,0,0,0,0,v
2014-11-01 09:36,6.889,0.089,0,0,0,0,v
2014-11-01 09:42,6.893,0.104,0,0,0,0,v
2014-11-01 09:48,6.881,0.113,0,0,0,0,v
2014-11-01 09:54,6.867,0.103,0,0,0,0,v
2014-11-01 10:00,6.855,0.106,0,0,0,0,v
2014-11-01 10:06,6.846,0.104,0,0,0,0,v
2014-11-01 10:12,6.871,0.105,0,0,0,0,v
2014-11-01 10:18,6.894,0.121,0,0,0,0,v
2014-11-01 10:24,6.876,0.123,0,0,0,0,v
2014-11-01 10:30,6.866,0.101,0,0,0,0,v
2014-11-01 10:36,6.881,0.106,0,0,0,0,v
2014-11-01 10:42,6.884,0.107,0,0,0,0,v
2014-11-01 10:48,6.879,0.117,0,0,0,0,v
2014-11-01 10:54,6.875,0.099,0,0,0,0,v
2014-11-01 11:00,6.865,0.119,0,0,0,0,v
2014-11-01 11:06,6.850,0.087,0,0,0,0,v
2014-11-01 11:12,6.851,0.121,0,0,0,0,v
2014-11-01 11:18,6.844,0.087,0,0,0,0,v
2014-11-01 11:24,6.827,0.093,0,0,0,0,v
2014-11-01 11:30,6.821,0.108,0,0,0,0,v
2014-11-01 11:36,6.812,0.096,0,0,0,0,v
2014-11-01 11:42,6.843,0.101,0,0,0,0,v
2014-11-01 11:48,6.842,0.128,0,0,0,0,v
2014-11-01 11:54,6.856,0.112,0,0,0,0,v
2014-11-01 12:00,6.860,0.115,0,0,0,0,v
2014-11-01 12:06,6.877,0.092,0,0,0,0,v
2014-11-01 12:12,6.878,0.087,0,0,0,0,v
2014-11-01 12:18,6.884,0.117,0,0,0,0,v
2014-11-01 12:24,6.884,0.119,0,0,0,0,v
2014-11-01 12:30,6.886,0.109,0,0,0,0,v
2014-11-01 12:36,6.892,0.108,0,0,0,0,v
2014-11-01 12:42,6.885,0.093,0,0,0,0,v
2014-11-01 12:48,6.894,0.105,0,0,0,0,v
2014-11-01 12:54,6.896,0.103,0,0,0,0,v
2014-11-01 13:00,6.903,0.101,0,0,0,0,v
2014-11-01 13:06,6.904,0.114,0,0,0,0,v
2014-11-01 13:12,6.895,0.110,0,0,0,0,v
2014-11-01 13:18,6.896,0.089,0,0,0,0,v
2014-11-01 13:24,6.889,0.102,0,0,0,0,v
2014-11-01 13:30,6.897,0.109,0,0,0,0,v
2014-11-01 13:36,6.884,0.098,0,0,0,0,v
2014-11-01 13:42,6.887,0.102,0,0,0,0,v
2014-11-01 13:48,6.891,0.111,0,0,0,0,v
2014-11-01 13:54,6.878,0.101,0,0,0,0,v
2014-11-01 14:00,6.890,0.095,0,0,0,0,v
2014-11-01 14:06,6.867,0.105,0,0,0,0,v
2014-11-01 14:12,6.882,0.109,0,0,0,0,v
2014-11-01 14:18,6.887,0.090,0,0,0,0,v
2014-11-01 14:24,6.877,0.111,0,0,0,0,v
2014-11-01 14:30,6.891,0.103,0,0,0,0,v
2014-11-01 14:36,6.902,0.103,0,0,0,0,v
2014-11-01 14:42,6.897,0.100,0,0,0,0,v
2014-11-01 14:48,6.901,0.114,0,0,0,0,v
2014-11-01 14:54,6.910,0.103,0,0,0,0,v
2014-11-01 15:00,6.902,0.106,0,0,0,0,v
2014-11-01 15:06,6.904,0.102,0,0,0,0,v
2014-11-01 15:12,6.908,0.097,0,0,0,0,v
2014-11-01 15:18,6.906,0.094,0,0,0,0,v
2014-11-01 15:24,6.903,0.117,0,0,0,0,v
2014-11-01 15:30,6.892,0.091,0,0,0,0,v
2014-11-01 15:36,6.888,0.100,0,0,0,0,v
2014-11-01 15:42,6.875,0.094,0,0,0,0,v
2014-11-01 15:48,6.874,0.086,0,0,0,0,v
2014-11-01 15:54,6.873,0.114,0,0,0,0,v
2014-11-01 16:00,6.872,0.103,0,0,0,0,v
2014-11-01 16:06,6.880,0.111,0,0,0,0,v
2014-11-01 16:12,6.863,0.089,0,0,0,0,v
2014-11-01 16:18,6.863,0.112,0,0,0,0,v
2014-11-01 16:24,6.856,0.113,0,0,0,0,v
2014-11-01 16:30,6.841,0.106,0,0,0,0,v
2014-11-01 16:36,6.836,0.103,0,0,0,0,v
2014-11-01 16:42,6.846,0.085,0,0,0,0,v
2014-11-01 16:48,6.851,0.092,0,0,0,0,v
2014-11-01 16:54,6.835,0.105,0,0,0,0,v
2014-11-01 17:00,6.821,0.113,0,0,0,0,v
2014-11-01 17:06,6.816,0.086,0,0,0,0,v
2014-11-01 17:12,6.813,0.097,0,0,0,0,v
2014-11-01 17:18,6.807,0.107,0,0,0,0,v
2014-11-01 17:24,6.809,0.093,0,0,0,0,v
2014-11-01 17:30,6.811,0.102,0,0,0,0,v
2014-11-01 17:36,6.810,0.108,0,0,0,0,v
2014-11-01 17:42,6.797,0.105,0,0,0,0,v
2014-11-01 17:48,6.796,0.085,0,0,0,0,v
2014-11-01 17:54,6.793,0.099,0,0,0,0,v
2014-11-01 18:00,6.803,0.093,0,0,0,0,v
2014-11-01 18:06,6.790,0.103,0,0,0,0,v
2014-11-01 18:12,6.760,0.094,0,0,0,0,v
2014-11-01 18:18,6.744,0.099,0,0,0,0,v
2014-11-01 18:24,6.766,0.091,0,0,0,0,v
2014-11-01 18:30,6.748,0.088,0,0,0,0,v
2014-11-01 18:36,6.743,0.095,0,0,0,0,v
2014-11-01 18:42,6.740,0.119,0,0,0,0,v
2014-11-01 18:48,6.744,0.113,0,0,0,0,v
2014-11-01 18:54,6.754,0.092,0,0,0,0,v
2014-11-01 19:00,6.746,0.096,0,0,0,0,v
2014-11-01 19:06,6.732,0.086,0,0,0,0,v
2014-11-01 19:12,6.727,0.104,0,0,0,0,v
2014-11-01 19:18,6.722,0.084,0,0,0,0,v
2014-11-01 19:24,6.720,0.102,0,0,0,0,v
2014-11-01 19:30,6.699,0.088,0,0,0,0,v
2014-11-01 19:36,6.694,0.092,0,0,0,0,v
2014-11-01 19:42,6.692,0.097,0,0,0,0,v
2014-11-01 19:48,6.692,0.083,0,0,0,0,v
2014-11-01 19:54,6.684,0.087,0,0,0,0,v
2014-11-01 20:00,6.673,0.089,0,0,0,0,v
2014-11-01 20:06,6.673,0.087,0,0,0,0,v
2014-11-01 20:12,6.655,0.104,0,0,0,0,v
2014-11-01 20:18,6.670,0.085,0,0,0,0,v
2014-11-01 20:24,6.660,0.090,0,0,0,0,v
2014-11-01 20:30,6.659,0.080,0,0,0,0,v
2014-11-01 20:36,6.663,0.102,0,0,0,0,v
2014-11-01 20:42,6.666,0.079,0,0,0,0,v
2014-11-01 20:48,6.668,0.086,0,0,0,0,v
2014-11-01 20:54,6.658,0.083,0,0,0,0,v
2014-11-01 21:00,6.660,0.069,0,0,0,0,v
2014-11-01 21:06,6.660,0.082,0,0,0,0,v
2014-11-01 21:12,6.676,0.084,0,0,0,0,v
2014-11-01 21:18,6.669,0.090,0,0,0,0,v
2014-11-01 21:24,6.670,0.084,0,0,0,0,v
2014-11-01 21:30,6.656,0.090,0,0,0,0,v
2014-11-01 21:36,6.662,0.083,0,0,0,0,v
2014-11-01 21:42,6.660,0.079,0,0,0,0,v
2014-11-01 21:48,6.653,0.091,0,0,0,0,v
2014-11-01 21:54,6.652,0.097,0,0,0,0,v
2014-11-01 22:00,6.655,0.078,0,0,0,0,v
2014-11-01 22:06,6.647,0.101,0,0,0,0,v
2014-11-01 22:12,6.653,0.096,0,0,0,0,v
2014-11-01 22:18,6.672,0.075,0,0,0,0,v
2014-11-01 22:24,6.685,0.086,0,0,0,0,v
2014-11-01 22:30,6.701,0.077,0,0,0,0,v
2014-11-01 22:36,6.709,0.073,0,0,0,0,v
2014-11-01 22:42,6.704,0.081,0,0,0,0,v
2014-11-01 22:48,6.679,0.080,0,0,0,0,v
2014-11-01 22:54,6.688,0.078,0,0,0,0,v
2014-11-01 23:00,6.677,0.068,0,0,0,0,v
2014-11-01 23:06,6.672,0.084,0,0,0,0,v
2014-11-01 23:12,6.682,0.075,0,0,0,0,v
2014-11-01 23:18,6.685,0.072,0,0,0,0,v
2014-11-01 23:24,6.681,0.083,0,0,0,0,v
2014-11-01 23:30,6.681,0.083,0,0,0,0,v
2014-11-01 23:36,6.687,0.078,0,0,0,0,v
2014-11-01 23:42,6.702,0.080,0,0,0,0,v
2014-11-01 23:48,6.710,0.075,0,0,0,0,v
2014-11-01 23:54,6.713,0.069,0,0,0,0,v
2014-11-02 00:00,6.714,0.091,0,0,0,0,v
2014-11-02 00:06,6.717,0.087,0,0,0,0,v
2014-11-02 00:12,6.723,0.095,0,0,0,0,v
2014-11-02 00:18,6.731,0.078,0,0,0,0,v
2014-11-02 00:24,6.741,0.088,0,0,0,0,v
2014-11-02 00:30,6.748,0.098,0,0,0,0,v
2014-11-02 00:36,6.752,0.075,0,0,0,0,v
2014-11-02 00:42,6.744,0.091,0,0,0,0,v
2014-11-02 00:48,6.752,0.085,0,0,0,0,v
2014-11-02 00:54,6.747,0.078,0,0,0,0,v
2014-11-02 01:00,6.756,0.090,0,0,0,0,v
2014-11-02 01:06,6.774,0.083,0,0,0,0,v
2014-11-02 01:12,6.782,0.085,0,0,0,0,v
2014-11-02 01:18,6.803,0.086,0,0,0,0,v
2014-11-02 01:24,6.811,0.093,0,0,0,0,v
2014-11-02 01:30,6.823,0.084,0,0,0,0,v
2014-11-02 01:36,6.838,0.096,0,0,0,0,v
2014-11-02 01:42,6.833,0.077,0,0,0,0,v
2014-11-02 01:48,6.827,0.085,0,0,0,0,v
2014-11-02 01:54,6.841,0.089,0,0,0,0,v
2014-11-02 02:00,6.846,0.102,0,0,0,0,v
2014-11-02 02:06,6.858,0.093,0,0,0,0,v
2014-11-02 02:12,6.866,0.084,0,0,0,0,v
2014-11-02 02:18,6.869,0.094,0,0,0,0,v
2014-11-02 02:24,6.876,0.097,0,0,0,0,v
2014-11-02 02:30,6.879,0.093,0,0,0,0,v
2014-11-02 02:36,6.889,0.097,0,0,0,0,v
2014-11-02 02:42,6.889,0.103,0,0,0,0,v
2014-11-02 02:48,6.887,0.089,0,0,0,0,v
2014-11-02 02:54,6.881,0.105,0,0,0,0,v
2014-11-02 03:00,6.904,0.095,0,0,0,0,v
2014-11-02 03:06,6.922,0.092,0,0,0,0,v
2014-11-02 03:12,6.932,0.092,0,0,0,0,v
2014-11-02 03:18,6.933,0.105,0,0,0,0,v
2014-11-02 03:24,6.933,0.104,0,0,0,0,v
2014-11-02 03:30,6.931,0.108,0,0,0,0,v
2014-11-02 03:36,6.945,0.099,0,0,0,0,v
2014-11-02 03:42,6.942,0.106,0,0,0,0,v
2014-11-02 03:48,6.950,0.085,0,0,0,0,v
2014-11-02 03:54,6.944,0.087,0,0,0,0,v
2014-11-02 04:00,6.947,0.096,0,0,0,0,v
2014-11-02 04:06,6.960,0.083,0,0,0,0,v
2014-11-02 04:12,6.962,0.102,0,0,0,0,v
2014-11-02 04:18,6.961,0.093,0,0,0,0,v
2014-11-02 04:24,6.959,0.102,0,0,0,0,v
2014-11-02 04:30,6.954,0.101,0,0,0,0,v
2014-11-02 04:36,6.953,0.099,0,0,0,0,v
2014-11-02 04:42,6.960,0.098,0,0,0,0,v
2014-11-02 04:48,6.971,0.095,0,0,0,0,v
2014-11-02 04:54,6.966,0.102,0,0,0,0,v
2014-11-02 05:00,6.963,0.100,0,0,0,0,v
2014-11-02 05:06,6.971,0.117,0,0,0,0,v
2014-11-02 05:12,6.979,0.095,0,0,0,0,v
2014-11-02 05:18,6.981,0.099,0,0,0,0,v
2014-11-02 05:24,6.965,0.099,0,0,0,0,v
2014-11-02 05:30,6.967,0.091,0,0,0,0,v
2014-11-02 05:36,6.957,0.097,0,0,0,0,v
2014-11-02 05:42,6.971,0.098,0,0,0,0,v
2014-11-02 05:48,6.961,0.104,0,0,0,0,v
2014-11-02 05:54,6.963,0.095,0,0,0,0,v
2014-11-02 06:00,6.942,0.102,0,0,0,0,v
2014-11-02 06:06,6.942,0.090,0,0,0,0,v
2014-11-02 06:12,6.938,0.099,0,0,0,0,v
2014-11-02 06:18,6.929,0.103,0,0,0,0,v
2014-11-02 06:24,6.932,0.094,0,0,0,0,v
2014-11-02 06:30,6.934,0.093,0,0,0,0,v
2014-11-02 06:36,6.925,0.103,0,0,0,0,v
2014-11-02 06:42,6.934,0.091,0,0,0,0,v
2014-11-02 06:48,6.911,0.110,0,0,0,0,v
2014-11-02 06:54,6.912,0.110,0,0,0,0,v
2014-11-02 07:00,6.899,0.086,0,0,0,0,v
2014-11-02 07:06,6.891,0.092,0,0,0,0,v
2014-11-02 07:12,6.895,0.087,0,0,0,0,v
2014-11-02 07:18,6.892,0.084,0,0,0,0,v
2014-11-02 07:24,6.881,0.101,0,0,0,0,v
2014-11-02 07:30,6.888,0.095,0,0,0,0,v
2014-11-02 07:36,6.892,0.091,0,0,0,0,v
2014-11-02 07:42,6.891,0.104,0,0,0,0,v
2014-11-02 07:48,6.891,0.086,0,0,0,0,v
2014-11-02 07:54,6.887,0.094,0,0,0,0,v
2014-11-02 08:00,6.880,0.103,0,0,0,0,v
2014-11-02 08:06,6.875,0.098,0,0,0,0,v
2014-11-02 08:12,6.876,0.086,0,0,0,0,v
2014-11-02 08:18,6.884,0.114,0,0,0,0,v
2014-11-02 08:24,6.892,0.096,0,0,0,0,v
2014-11-02 08:30,6.877,0.091,0,0,0,0,v
2014-11-02 08:36,6.870,0.091,0,0,0,0,v
2014-11-02 08:42,6.860,0.000,0,0,0,0,v
2014-11-02 08:48,6.867,0.092,0,0,0,0,v
2014-11-02 08:54,6.872,0.097,0,0,0,0,v
2014-11-02 09:00,6.853,0.093,0,0,0,0,v
2014-11-02 09:06,6.850,0.096,0,0,0,0,v
2014-11-02 09:12,6.844,0.094,0,0,0,0,v
2014-11-02 09:18,6.831,0.093,0,0,0,0,v
2014-11-02 09:24,6.834,0.090,0,0,0,0,v
2014-11-02 09:30,6.829,0.090,0,0,0,0,v
2014-11-02 09:36,6.828,0.105,0,0,0,0,v
2014-11-02 09:42,6.824,0.082,0,0,0,0,v
2014-11-02 09:48,6.818,0.099,0,0,0,0,v
2014-11-02 09:54,6.811,0.107,0,0,0,0,v
2014-11-02 10:00,6.816,0.090,0,0,0,0,v
2014-11-02 10:06,6.816,0.107,0,0,0,0,v
2014-11-02 10:12,6.810,0.085,0,0,0,0,v
2014-11-02 10:18,6.787,0.089,0,0,0,0,v
2014-11-02 10:24,6.794,0.097,0,0,0,0,v
2014-11-02 10:30,6.806,0.081,0,0,0,0,v
2014-11-02 10:36,6.797,0.104,0,0,0,0,v
2014-11-02 10:42,6.810,0.091,0,0,0,0,v
2014-11-02 10:48,6.804,0.093,0,0,0,0,v
2014-11-02 10:54,6.795,0.114,0,0,0,0,v
2014-11-02 11:00,6.794,0.076,0,0,0,0,v
2014-11-02 11:06,6.778,0.099,0,0,0,0,v
2014-11-02 11:12,6.776,0.087,0,0,0,0,v
2014-11-02 11:18,6.781,0.090,0,0,0,0,v
2014-11-02 11:24,6.767,0.100,0,0,0,0,v
2014-11-02 11:30,6.792,0.081,0,0,0,0,v
2014-11-02 11:36,6.791,0.090,0,0,0,0,v
2014-11-02 11:42,6.786,0.076,0,0,0,0,v
2014-11-02 11:48,6.786,0.094,0,0,0,0,v
2014-11-02 11:54,6.794,0.109,0,0,0,0,v
2014-11-02 12:00,6.805,0.102,0,0,0,0,v
2014-11-02 12:06,6.806,0.097,0,0,0,0,v
2014-11-02 12:12,6.801,0.094,0,0,0,0,v
2014-11-02 12:18,6.793,0.090,0,0,0,0,v
2014-11-02 12:24,6.790,0.104,0,0,0,0,v
2014-11-02 12:30,6.790,0.099,0,0,0,0,v
2014-11-02 12:36,6.795,0.094,0,0,0,0,v
2014-11-02 12:42,6.805,0.103,0,0,0,0,v
2014-11-02 12:48,6.805,0.103,0,0,0,0,v
2014-11-02 12:54,6.806,0.099,0,0,0,0,v
2014-11-02 13:00,6.803,0.104,0,0,0,0,v
2014-11-02 13:06,6.808,0.090,0,0,0,0,v
2014-11-02 13:12,6.805,0.103,0,0,0,0,v
2014-11-02 13:18,6.802,0.097,0,0,0,0,v
2014-11-02 13:24,6.810,0.103,0,0,0,0,v
2014-11-02 13:30,6.812,0.072,0,0,0,0,v
2014-11-02 13:36,6.817,0.097,0,0,0,0,v
2014-11-02 13:42,6.827,0.102,0,0,0,0,v
2014-11-02 13:48,6.835,0.086,0,0,0,0,v
2014-11-02 13:54,6.831,0.100,0,0,0,0,v
2014-11-02 14:00,6.825,0.092,0,0,0,0,v
2014-11-02 14:06,6.824,0.102,0,0,0,0,v
2014-11-02 14:12,6.832,0.092,0,0,0,0,v
2014-11-02 14:18,6.839,0.095,0,0,0,0,v
2014-11-02 14:24,6.852,0.089,0,0,0,0,v
2014-11-02 14:30,6.855,0.084,0,0,0,0,v
2014-11-02 14:36,6.858,0.091,0,0,0,0,v
2014-11-02 14:42,6.862,0.094,0,0,0,0,v
2014-11-02 14:48,6.868,0.081,0,0,0,0,v
2014-11-02 14:54,6.862,0.102,0,0,0,0,v
2014-11-02 15:00,6.873,0.093,0,0,0,0,v
2014-11-02 15:06,6.859,0.107,0,0,0,0,v
2014-11-02 15:12,6.860,0.109,0,0,0,0,v
2014-11-02 15:18,6.870,0.096,0,0,0,0,v
2014-11-02 15:24,6.887,0.103,0,0,0,0,v
2014-11-02 15:30,6.889,0.104,0,0,0,0,v
2014-11-02 15:36,6.895,0.102,0,0,0,0,v
2014-11-02 15:42,6.893,0.094,0,0,0,0,v
2014-11-02 15:48,6.887,0.091,0,0,0,0,v
2014-11-02 15:54,6.892,0.109,0,0,0,0,v
2014-11-02 16:00,6.898,0.102,0,0,0,0,v
2014-11-02 16:06,6.901,0.109,0,0,0,0,v
2014-11-02 16:12,6.899,0.095,0,0,0,0,v
2014-11-02 16:18,6.880,0.101,0,0,0,0,v
2014-11-02 16:24,6.872,0.111,0,0,0,0,v
2014-11-02 16:30,6.885,0.120,0,0,0,0,v
2014-11-02 16:36,6.896,0.097,0,0,0,0,v
2014-11-02 16:42,6.884,0.110,0,0,0,0,v
2014-11-02 16:48,6.887,0.099,0,0,0,0,v
2014-11-02 16:54,6.884,0.090,0,0,0,0,v
2014-11-02 17:00,6.875,0.102,0,0,0,0,v
2014-11-02 17:06,6.886,0.102,0,0,0,0,v
2014-11-02 17:12,6.883,0.115,0,0,0,0,v
2014-11-02 17:18,6.898,0.110,0,0,0,0,v
2014-11-02 17:24,6.870,0.119,0,0,0,0,v
2014-11-02 17:30,6.883,0.105,0,0,0,0,v
2014-11-02 17:36,6.861,0.104,0,0,0,0,v
2014-11-02 17:42,6.874,0.105,0,0,0,0,v
2014-11-02 17:48,6.870,0.098,0,0,0,0,v
2014-11-02 17:54,6.877,0.106,0,0,0,0,v
2014-11-02 18:00,6.874,0.111,0,0,0,0,v
2014-11-02 18:06,6.862,0.113,0,0,0,0,v
2014-11-02 18:12,6.862,0.109,0,0,0,0,v
2014-11-02 18:18,6.864,0.101,0,0,0,0,v
2014-11-02 18:24,6.859,0.106,0,0,0,0,v
2014-11-02 18:30,6.834,0.104,0,0,0,0,v
2014-11-02 18:36,6.833,0.117,0,0,0,0,v
2014-11-02 18:42,6.828,0.102,0,0,0,0,v
2014-11-02 18:48,6.835,0.112,0,0,0,0,v
2014-11-02 18:54,6.828,0.112,0,0,0,0,v
2014-11-02 19:00,6.817,0.125,0,0,0,0,v
2014-11-02 19:06,6.821,0.097,0,0,0,0,v
2014-11-02 19:12,6.816,0.103,0,0,0,0,v
2014-11-02 19:18,6.811,0.103,0,0,0,0,v
2014-11-02 19:24,6.800,0.103,0,0,0,0,v
2014-11-02 19:30,6.799,0.097,0,0,0,0,v
2014-11-02 19:36,6.808,0.098,0,0,0,0,v
2014-11-02 19:42,6.804,0.094,0,0,0,0,v
2014-11-02 19:48,6.797,0.091,0,0,0,0,v
2014-11-02 19:54,6.792,0.100,0,0,0,0,v
2014-11-02 20:00,6.788,0.102,0,0,0,0,v
2014-11-02 20:06,6.798,0.094,0,0,0,0,v
2014-11-02 20:12,6.782,0.093,0,0,0,0,v
2014-11-02 20:18,6.784,0.115,0,0,0,0,v
2014-11-02 20:24,6.772,0.113,0,0,0,0,v
2014-11-02 20:30,6.765,0.101,0,0,0,0,v
2014-11-02 20:36,6.752,0.101,0,0,0,0,v
2014-11-02 20:42,6.745,0.109,0,0,0,0,v
2014-11-02 20:48,6.747,0.113,0,0,0,0,v
2014-11-02 20:54,6.750,0.111,0,0,0,0,v
2014-11-02 21:00,6.749,0.111,0,0,0,0,v
2014-11-02 21:06,6.756,0.096,0,0,0,0,v
2014-11-02 21:12,6.753,0.114,0,0,0,0,v
2014-11-02 21:18,6.748,0.101,0,0,0,0,v
2014-11-02 21:24,6.747,0.095,0,0,0,0,v
2014-11-02 21:30,6.746,0.097,0,0,0,0,v
2014-11-02 21:36,6.724,0.107,0,0,0,0,v
2014-11-02 21:42,6.752,0.105,0,0,0,0,v
2014-11-02 21:48,6.747,0.097,0,0,0,0,v
2014-11-02 21:54,6.754,0.097,0,0,0,0,v
2014-11-02 22:00,6.748,0.103,0,0,0,0,v
2014-11-02 22:06,6.744,0.111,0,0,0,0,v
2014-11-02 22:12,6.736,0.096,0,0,0,0,v
2014-11-02 22:18,6.720,0.104,0,0,0,0,v
2014-11-02 22:24,6.730,0.105,0,0,0,0,v
2014-11-02 22:30,6.718,0.116,0,0,0,0,v
2014-11-02 22:36,6.723,0.110,0,0,0,0,v
2014-11-02 22:42,6.727,0.105,0,0,0,0,v
2014-11-02 22:48,6.723,0.109,0,0,0,0,v
2014-11-02 22:54,6.726,0.113,0,0,0,0,v
2014-11-02 23:00,6.729,0.093,0,0,0,0,v
2014-11-02 23:06,6.711,0.128,0,0,0,0,v
2014-11-02 23:12,6.722,0.119,0,0,0,0,v
2014-11-02 23:18,6.715,0.101,0,0,0,0,v
2014-11-02 23:24,6.716,0.128,0,0,0,0,v
2014-11-02 23:30,6.728,0.102,0,0,0,0,v
2014-11-02 23:36,6.730,0.099,0,0,0,0,v
2014-11-02 23:42,6.710,0.126,0,0,0,0,v
2014-11-02 23:48,6.698,0.123,0,0,0,0,v
2014-11-02 23:54,6.684,0.119,0,0,0,0,v
2014-11-03 00:00,6.697,0.116,0,0,0,0,v
2014-11-03 00:06,6.712,0.118,0,0,0,0,v
2014-11-03 00:12,6.711,0.124,0,0,0,0,v
2014-11-03 00:18,6.703,0.118,0,0,0,0,v
2014-11-03 00:24,6.710,0.127,0,0,0,0,v
2014-11-03 00:30,6.711,0.110,0,0,0,0,v
2014-11-03 00:36,6.709,0.113,0,0,0,0,v
2014-11-03 00:42,6.718,0.121,0,0,0,0,v
2014-11-03 00:48,6.720,0.108,0,0,0,0,v
2014-11-03 00:54,6.714,0.112,0,0,0,0,v
2014-11-03 01:00,6.735,0.131,0,0,0,0,v
2014-11-03 01:06,6.746,0.124,0,0,0,0,v
2014-11-03 01:12,6.756,0.120,0,0,0,0,v
2014-11-03 01:18,6.759,0.113,0,0,0,0,v
2014-11-03 01:24,6.755,0.106,0,0,0,0,v
2014-11-03 01:30,6.752,0.128,0,0,0,0,v
2014-11-03 01:36,6.768,0.123,0,0,0,0,v
2014-11-03 01:42,6.766,0.118,0,0,0,0,v
2014-11-03 01:48,6.766,0.100,0,0,0,0,v
2014-11-03 01:54,6.777,0.126,0,0,0,0,v
2014-11-03 02:00,6.785,0.138,0,0,0,0,v
2014-11-03 02:06,6.790,0.135,0,0,0,0,v
2014-11-03 02:12,6.789,0.123,0,0,0,0,v
2014-11-03 02:18,6.811,0.141,0,0,0,0,v
2014-11-03 02:24,6.816,0.135,0,0,0,0,v
2014-11-03 02:30,6.813,0.145,0,0,0,0,v
2014-11-03 02:36,6.823,0.134,0,0,0,0,v
2014-11-03 02:42,6.834,0.116,0,0,0,0,v
2014-11-03 02:48,6.832,0.134,0,0,0,0,v
2014-11-03 02:54,6.832,0.112,0,0,0,0,v
2014-11-03 03:00,6.832,0.142,0,0,0,0,v
2014-11-03 03:06,6.836,0.128,0,0,0,0,v
2014-11-03 03:12,6.844,0.140,0,0,0,0,v
2014-11-03 03:18,6.864,0.120,0,0,0,0,v
2014-11-03 03:24,6.864,0.117,0,0,0,0,v
2014-11-03 03:30,6.859,0.152,0,0,0,0,v
2014-11-03 03:36,6.860,0.150,0,0,0,0,v
2014-11-03 03:42,6.872,0.131,0,0,0,0,v
2014-11-03 03:48,6.889,0.125,0,0,0,0,v
2014-11-03 03:54,6.893,0.127,0,0,0,0,v
2014-11-03 04:00,6.903,0.133,0,0,0,0,v
2014-11-03 04:06,6.897,0.153,0,0,0,0,v
2014-11-03 04:12,6.890,0.140,0,0,0,0,v
2014-11-03 04:18,6.898,0.137,0,0,0,0,v
2014-11-03 04:24,6.887,0.145,0,0,0,0,v
2014-11-03 04:30,6.890,0.146,0,0,0,0,v
2014-11-03 04:36,6.902,0.130,0,0,0,0,v
2014-11-03 04:42,6.916,0.149,0,0,0,0,v
2014-11-03 04:48,6.911,0.167,0,0,0,0,v
2014-11-03 04:54,6.917,0.150,0,0,0,0,v
2014-11-03 05:00,6.929,0.139,0,0,0,0,v
2014-11-03 05:06,6.929,0.165,0,0,0,0,v
2014-11-03 05:12,6.923,0.146,0,0,0,0,v
2014-11-03 05:18,6.914,0.154,0,0,0,0,v
2014-11-03 05:24,6.922,0.162,0,0,0,0,v
2014-11-03 05:30,6.919,0.167,0,0,0,0,v
2014-11-03 05:36,6.910,0.152,0,0,0,0,v
2014-11-03 05:42,6.912,0.152,0,0,0,0,v
2014-11-03 05:48,6.923,0.148,0,0,0,0,v
2014-11-03 05:54,6.923,0.167,0,0,0,0,v
2014-11-03 06:00,6.927,0.145,0,0,0,0,v
2014-11-03 06:06,6.917,0.135,0,0,0,0,v
2014-11-03 06:12,6.903,0.161,0,0,0,0,v
2014-11-03 06:18,6.912,0.168,0,0,0,0,v
2014-11-03 06:24,6.894,0.167,0,0,0,0,v
2014-11-03 06:30,6.896,0.163,0,0,0,0,v
2014-11-03 06:36,6.888,0.173,0,0,0,0,v
2014-11-03 06:42,6.888,0.160,0,0,0,0,v
2014-11-03 06:48,6.886,0.147,0,0,0,0,v
2014-11-03 06:54,6.866,0.163,0,0,0,0,v
2014-11-03 07:00,6.873,0.175,0,0,0,0,v
2014-11-03 07:06,6.887,0.168,0,0,0,0,v
2014-11-03 07:12,6.871,0.161,0,0,0,0,v
2014-11-03 07:18,6.856,0.189,0,0,0,0,v
2014-11-03 07:24,6.863,0.165,0,0,0,0,v
2014-11-03 07:30,6.856,0.168,0,0,0,0,v
2014-11-03 07:36,6.849,0.175,0,0,0,0,v
2014-11-03 07:42,6.842,0.151,0,0,0,0,v
2014-11-03 07:48,6.834,0.170,0,0,0,0,v
2014-11-03 07:54,6.840,0.170,0,0,0,0,v
2014-11-03 08:00,6.819,0.148,0,0,0,0,v
2014-11-03 08:06,6.814,0.167,0,0,0,0,v
2014-11-03 08:12,6.801,0.175,0,0,0,0,v
2014-11-03 08:18,6.800,0.160,0,0,0,0,v
2014-11-03 08:24,6.788,0.172,0,0,0,0,v
2014-11-03 08:30,6.798,0.158,0,0,0,0,v
2014-11-03 08:36,6.792,0.157,0,0,0,0,v
2014-11-03 08:42,6.797,0.156,0,0,0,0,v
2014-11-03 08:48,6.794,0.150,0,0,0,0,v
2014-11-03 08:54,6.770,0.154,0,0,0,0,v
2014-11-03 09:00,6.789,0.161,0,0,0,0,v
2014-11-03 09:06,6.781,0.157,0,0,0,0,v
2014-11-03 09:12,6.783,0.158,0,0,0,0,v
2014-11-03 09:18,6.767,0.153,0,0,0,0,v
2014-11-03 09:24,6.757,0.156,0,0,0,0,v
2014-11-03 09:30,6.755,0.168,0,0,0,0,v
2014-11-03 09:36,6.753,0.160,0,0,0,0,v
2014-11-03 09:42,6.747,0.166,0,0,0,0,v
2014-11-03 09:48,6.739,0.167,0,0,0,0,v
2014-11-03 09:54,6.756,0.138,0,0,0,0,v
2014-11-03 10:00,6.745,0.147,0,0,0,0,v
2014-11-03 10:06,6.739,0.152,0,0,0,0,v
2014-11-03 10:12,6.733,0.166,0,0,0,0,v
2014-11-03 10:18,6.720,0.162,0,0,0,0,v
2014-11-03 10:24,6.739,0.147,0,0,0,0,v
2014-11-03 10:30,6.715,0.152,0,0,0,0,v
2014-11-03 10:36,6.713,0.142,0,0,0,0,v
2014-11-03 10:42,6.710,0.156,0,0,0,0,v
2014-11-03 10:48,6.702,0.168,0,0,0,0,v
2014-11-03 10:54,6.696,0.168,0,0,0,0,v
2014-11-03 11:00,6.698,0.150,0,0,0,0,v
2014-11-03 11:06,6.702,0.142,0,0,0,0,v
2014-11-03 11:12,6.700,0.172,0,0,0,0,v
2014-11-03 11:18,6.691,0.134,0,0,0,0,v
2014-11-03 11:24,6.687,0.181,0,0,0,0,v
2014-11-03 11:30,6.689,0.147,0,0,0,0,v
2014-11-03 11:36,6.677,0.151,0,0,0,0,v
2014-11-03 11:42,6.684,0.153,0,0,0,0,v
2014-11-03 11:48,6.690,0.150,0,0,0,0,v
2014-11-03 11:54,6.685,0.164,0,0,0,0,v
2014-11-03 12:00,6.701,0.153,0,0,0,0,v
2014-11-03 12:06,6.696,0.158,0,0,0,0,v
2014-11-03 12:12,6.699,0.181,0,0,0,0,v
2014-11-03 12:18,6.705,0.138,0,0,0,0,v
2014-11-03 12:24,6.692,0.160,0,0,0,0,v
2014-11-03 12:30,6.689,0.155,0,0,0,0,v
2014-11-03 12:36,6.691,0.146,0,0,0,0,v
2014-11-03 12:42,6.700,0.157,0,0,0,0,v
2014-11-03 12:48,6.701,0.180,0,0,0,0,v
2014-11-03 12:54,6.702,0.162,0,0,0,0,v
2014-11-03 13:00,6.690,0.175,0,0,0,0,v
2014-11-03 13:06,6.686,0.163,0,0,0,0,v
2014-11-03 13:12,6.691,0.185,0,0,0,0,v
2014-11-03 13:18,6.686,0.189,0,0,0,0,v
2014-11-03 13:24,6.711,0.144,0,0,0,0,v
2014-11-03 13:30,6.739,0.162,0,0,0,0,v
2014-11-03 13:36,6.738,0.166,0,0,0,0,v
2014-11-03 13:42,6.740,0.167,0,0,0,0,v
2014-11-03 13:48,6.734,0.159,0,0,0,0,v
2014-11-03 13:54,6.739,0.189,0,0,0,0,v
2014-11-03 14:00,6.739,0.178,0,0,0,0,v
2014-11-03 14:06,6.756,0.162,0,0,0,0,v
2014-11-03 14:12,6.745,0.171,0,0,0,0,v
2014-11-03 14:18,6.764,0.162,0,0,0,0,v
2014-11-03 14:24,6.771,0.163,0,0,0,0,v
2014-11-03 14:30,6.781,0.156,0,0,0,0,v
2014-11-03 14:36,6.775,0.181,0,0,0,0,v
2014-11-03 14:42,6.783,0.157,0,0,0,0,v
2014-11-03 14:48,6.764,0.167,0,0,0,0,v
2014-11-03 14:54,6.783,0.136,0,0,0,0,v
2014-11-03 15:00,6.775,0.156,0,0,0,0,v
2014-11-03 15:06,6.769,0.137,0,0,0,0,v
2014-11-03 15:12,6.776,0.162,0,0,0,0,v
2014-11-03 15:18,6.782,0.173,0,0,0,0,v
2014-11-03 15:24,6.796,0.154,0,0,0,0,v
2014-11-03 15:30,6.821,0.172,0,0,0,0,v
2014-11-03 15:36,6.808,0.175,0,0,0,0,v
2014-11-03 15:42,6.799,0.143,0,0,0,0,v
2014-11-03 15:48,6.825,0.179,0,0,0,0,v
2014-11-03 15:54,6.839,0.160,0,0,0,0,v
2014-11-03 16:00,6.838,0.146,0,0,0,0,v
2014-11-03 16:06,6.835,0.175,0,0,0,0,v
2014-11-03 16:12,6.845,0.167,0,0,0,0,v
2014-11-03 16:18,6.850,0.169,0,0,0,0,v
2014-11-03 16:24,6.840,0.178,0,0,0,0,v
2014-11-03 16:30,6.873,0.169,0,0,0,0,v
2014-11-03 16:36,6.848,0.149,0,0,0,0,v
2014-11-03 16:42,6.867,0.160,0,0,0,0,v
2014-11-03 16:48,6.864,0.165,0,0,0,0,v
2014-11-03 16:54,6.848,0.175,0,0,0,0,v
2014-11-03 17:00,6.878,0.159,0,0,0,0,v
2014-11-03 17:06,6.864,0.169,0,0,0,0,v
2014-11-03 17:12,6.866,0.162,0,0,0,0,v
2014-11-03 17:18,6.867,0.185,0,0,0,0,v
2014-11-03 17:24,6.858,0.174,0,0,0,0,v
2014-11-03 17:30,6.867,0.181,0,0,0,0,v
2014-11-03 17:36,6.868,0.206,0,0,0,0,v
2014-11-03 17:42,6.877,0.157,0,0,0,0,v
2014-11-03 17:48,6.893,0.181,0,0,0,0,v
2014-11-03 17:54,6.889,0.169,0,0,0,0,v
2014-11-03 18:00,6.871,0.173,0,0,0,0,v
2014-11-03 18:06,6.858,0.151,0,0,0,0,v
2014-11-03 18:12,6.867,0.197,0,0,0,0,v
2014-11-03 18:18,6.873,0.179,0,0,0,0,v
2014-11-03 18:24,6.881,0.154,0,0,0,0,v
2014-11-03 18:30,6.881,0.178,0,0,0,0,v
2014-11-03 18:36,6.854,0.170,0,0,0,0,v
2014-11-03 18:42,6.864,0.179,0,0,0,0,v
2014-11-03 18:48,6.856,0.178,0,0,0,0,v
2014-11-03 18:54,6.852,0.190,0,0,0,0,v
2014-11-03 19:00,6.854,0.181,0,0,0,0,v
2014-11-03 19:06,6.872,0.169,0,0,0,0,v
2014-11-03 19:12,6.879,0.177,0,0,0,0,v
2014-11-03 19:18,6.877,0.188,0,0,0,0,v
2014-11-03 19:24,6.876,0.168,0,0,0,0,v
2014-11-03 19:30,6.879,0.169,0,0,0,0,v
2014-11-03 19:36,6.870,0.174,0,0,0,0,v
2014-11-03 19:42,6.879,0.162,0,0,0,0,v
2014-11-03 19:48,6.858,0.190,0,0,0,0,v
2014-11-03 19:54,6.858,0.190,0,0,0,0,v
2014-11-03 20:00,6.866,0.175,0,0,0,0,v
2014-11-03 20:06,6.850,0.185,0,0,0,0,v
2014-11-03 20:12,6.819,0.189,0,0,0,0,v
2014-11-03 20:18,6.826,0.198,0,0,0,0,v
2014-11-03 20:24,6.820,0.170,0,0,0,0,v
2014-11-03 20:30,6.824,0.160,0,0,0,0,v
2014-11-03 20:36,6.814,0.176,0,0,0,0,v
2014-11-03 20:42,6.810,0.175,0,0,0,0,v
2014-11-03 20:48,6.819,0.153,0,0,0,0,v
2014-11-03 20:54,6.808,0.166,0,0,0,0,v
2014-11-03 21:00,6.817,0.167,0,0,0,0,v
2014-11-03 21:06,6.825,0.156,0,0,0,0,v
2014-11-03 21:12,6.815,0.164,0,0,0,0,v
2014-11-03 21:18,6.790,0.174,0,0,0,0,v
2014-11-03 21:24,6.791,0.186,0,0,0,0,v
2014-11-03 21:30,6.771,0.165,0,0,0,0,v
2014-11-03 21:36,6.791,0.155,0,0,0,0,v
2014-11-03 21:42,6.783,0.163,0,0,0,0,v
2014-11-03 21:48,6.782,0.190,0,0,0,0,v
2014-11-03 21:54,6.773,0.181,0,0,0,0,v
2014-11-03 22:00,6.777,0.156,0,0,0,0,v
2014-11-03 22:06,6.769,0.171,0,0,0,0,v
2014-11-03 22:12,6.749,0.188,0,0,0,0,v
2014-11-03 22:18,6.739,0.184,0,0,0,0,v
2014-11-03 22:24,6.750,0.151,0,0,0,0,v
2014-11-03 22:30,6.751,0.172,0,0,0,0,v
2014-11-03 22:36,6.748,0.183,0,0,0,0,v
2014-11-03 22:42,6.736,0.179,0,0,0,0,v
2014-11-03 22:48,6.754,0.158,0,0,0,0,v
2014-11-03 22:54,6.740,0.163,0,0,0,0,v
2014-11-03 23:00,6.752,0.000,0,0,0,0,v
2014-11-03 23:06,6.728,0.143,0,0,0,0,v
2014-11-03 23:12,6.733,0.144,0,0,0,0,v
2014-11-03 23:18,6.744,0.188,0,0,0,0,v
2014-11-03 23:24,6.730,0.152,0,0,0,0,v
2014-11-03 23:30,6.753,0.184,0,0,0,0,v
2014-11-03 23:36,6.738,0.180,0,0,0,0,v
2014-11-03 23:42,6.747,0.163,0,0,0,0,v
2014-11-03 23:48,6.729,0.164,0,0,0,0,v
2014-11-03 23:54,6.731,0.163,0,0,0,0,v
2014-11-04 00:00,6.719,0.161,0,0,0,0,v
2014-11-04 00:06,6.732,0.189,0,0,0,0,v
2014-11-04 00:12,6.729,0.153,0,0,0,0,v
2014-11-04 00:18,6.734,0.154,0,0,0,0,v
2014-11-04 00:24,6.708,0.193,0,0,0,0,v
2014-11-04 00:30,6.722,0.154,0,0,0,0,v
2014-11-04 00:36,6.730,0.170,0,0,0,0,v
2014-11-04 00:42,6.720,0.180,0,0,0,0,v
2014-11-04 00:48,6.707,0.171,0,0,0,0,v
2014-11-04 00:54,6.720,0.175,0,0,0,0,v
2014-11-04 01:00,6.719,0.164,0,0,0,0,v
2014-11-04 01:06,6.708,0.169,0,0,0,0,v
2014-11-04 01:12,6.708,0.174,0,0,0,0,v
2014-11-04 01:18,6.702,0.147,0,0,0,0,v
2014-11-04 01:24,6.712,0.178,0,0,0,0,v
2014-11-04 01:30,6.713,0.159,0,0,0,0,v
2014-11-04 01:36,6.702,0.172,0,0,0,0,v
2014-11-04 01:42,6.727,0.177,0,0,0,0,v
2014-11-04 01:48,6.737,0.177,0,0,0,0,v
2014-11-04 01:54,6.722,0.172,0,0,0,0,v
2014-11-04 02:00,6.723,0.181,0,0,0,0,v
2014-11-04 02:06,6.741,0.153,0,0,0,0,v
2014-11-04 02:12,6.734,0.176,0,0,0,0,v
2014-11-04 02:18,6.737,0.199,0,0,0,0,v
2014-11-04 02:24,6.755,0.168,0,0,0,0,v
2014-11-04 02:30,6.773,0.162,0,0,0,0,v
2014-11-04 02:36,6.782,0.183,0,0,0,0,v
2014-11-04 02:42,6.800,0.155,0,0,0,0,v
2014-11-04 02:48,6.770,0.159,0,0,0,0,v
2014-11-04 02:54,6.777,0.183,0,0,0,0,v
2014-11-04 03:00,6.785,0.181,0,0,0,0,v
2014-11-04 03:06,6.793,0.186,0,0,0,0,v
2014-11-04 03:12,6.812,0.157,0,0,0,0,v
2014-11-04 03:18,6.813,0.179,0,0,0,0,v
2014-11-04 03:24,6.815,0.176,0,0,0,0,v
2014-11-04 03:30,6.821,0.170,0,0,0,0,v
2014-11-04 03:36,6.818,0.191,0,0,0,0,v
2014-11-04 03:42,6.805,0.183,0,0,0,0,v
2014-11-04 03:48,6.846,0.176,0,0,0,0,v
2014-11-04 03:54,6.854,0.182,0,0,0,0,v
2014-11-04 04:00,6.846,0.165,0,0,0,0,v
2014-11-04 04:06,6.855,0.196,0,0,0,0,v
2014-11-04 04:12,6.846,0.173,0,0,0,0,v
2014-11-04 04:18,6.846,0.193,0,0,0,0,v
2014-11-04 04:24,6.851,0.164,0,0,0,0,v
2014-11-04 04:30,6.865,0.171,0,0,0,0,v
2014-11-04 04:36,6.882,0.211,0,0,0,0,v
2014-11-04 04:42,6.887,0.169,0,0,0,0,v
2014-11-04 04:48,6.864,0.185,0,0,0,0,v
2014-11-04 04:54,6.880,0.196,0,0,0,0,v
2014-11-04 05:00,6.888,0.182,0,0,0,0,v
2014-11-04 05:06,6.905,0.191,0,0,0,0,v
2014-11-04 05:12,6.902,0.197,0,0,0,0,v
2014-11-04 05:18,6.893,0.176,0,0,0,0,v
2014-11-04 05:24,6.890,0.209,0,0,0,0,v
2014-11-04 05:30,6.902,0.181,0,0,0,0,v
2014-11-04 05:36,6.902,0.182,0,0,0,0,v
2014-11-04 05:42,6.896,0.188,0,0,0,0,v
2014-11-04 05:48,6.911,0.186,0,0,0,0,v
2014-11-04 05:54,6.879,0.175,0,0,0,0,v
2014-11-04 06:00,6.890,0.174,0,0,0,0,v
2014-11-04 06:06,6.887,0.194,0,0,0,0,v
2014-11-04 06:12,6.879,0.196,0,0,0,0,v
2014-11-04 06:18,6.889,0.182,0,0,0,0,v
2014-11-04 06:24,6.860,0.175,0,0,0,0,v
2014-11-04 06:30,6.882,0.185,0,0,0,0,v
2014-11-04 06:36,6.867,0.178,0,0,0,0,v
2014-11-04 06:42,6.861,0.169,0,0,0,0,v
2014-11-04 06:48,6.866,0.176,0,0,0,0,v
2014-11-04 06:54,6.846,0.161,0,0,0,0,v
2014-11-04 07:00,6.868,0.185,0,0,0,0,v
2014-11-04 07:06,6.839,0.185,0,0,0,0,v
2014-11-04 07:12,6.839,0.175,0,0,0,0,v
2014-11-04 07:18,6.827,0.195,0,0,0,0,v
2014-11-04 07:24,6.849,0.175,0,0,0,0,v
2014-11-04 07:30,6.882,0.185,0,0,0,0,v
2014-11-04 07:36,6.864,0.182,0,0,0,0,v
2014-11-04 07:42,6.854,0.148,0,0,0,0,v
2014-11-04 07:48,6.819,0.187,0,0,0,0,v
2014-11-04 07:54,6.816,0.180,0,0,0,0,v
2014-11-04 08:00,6.826,0.194,0,0,0,0,v
2014-11-04 08:06,6.815,0.159,0,0,0,0,v
2014-11-04 08:12,6.800,0.174,0,0,0,0,v
2014-11-04 08:18,6.792,0.170,0,0,0,0,v
2014-11-04 08:24,6.810,0.179,0,0,0,0,v
2014-11-04 08:30,6.821,0.170,0,0,0,0,v
2014-11-04 08:36,6.801,0.166,0,0,0,0,v
2014-11-04 08:42,6.792,0.200,0,0,0,0,v
2014-11-04 08:48,6.784,0.177,0,0,0,0,v
2014-11-04 08:54,6.782,0.197,0,0,0,0,v
2014-11-04 09:00,6.767,0.171,0,0,0,0,v
2014-11-04 09:06,6.752,0.179,0,0,0,0,v
2014-11-04 09:12,6.736,0.173,0,0,0,0,v
2014-11-04 09:18,6.747,0.161,0,0,0,0,v
2014-11-04 09:24,6.714,0.179,0,0,0,0,v
2014-11-04 09:30,6.726,0.191,0,0,0,0,v
2014-11-04 09:36,6.705,0.159,0,0,0,0,v
2014-11-04 09:42,6.690,0.184,0,0,0,0,v
2014-11-04 09:48,6.683,0.177,0,0,0,0,v
2014-11-04 09:54,6.690,0.169,0,0,0,0,v
2014-11-04 10:00,6.692,0.162,0,0,0,0,v
2014-11-04 10:06,6.681,0.155,0,0,0,0,v
2014-11-04 10:12,6.692,0.181,0,0,0,0,v
2014-11-04 10:18,6.684,0.161,0,0,0,0,v
2014-11-04 10:24,6.685,0.162,0,0,0,0,v
2014-11-04 10:30,6.687,0.189,0,0,0,0,v
2014-11-04 10:36,6.656,0.157,0,0,0,0,v
2014-11-04 10:42,6.650,0.163,0,0,0,0,v
2014-11-04 10:48,6.638,0.180,0,0,0,0,v
2014-11-04 10:54,6.654,0.161,0,0,0,0,v
2014-11-04 11:00,6.659,0.153,0,0,0,0,v
2014-11-04 11:06,6.637,0.155,0,0,0,0,v
2014-11-04 11:12,6.626,0.153,0,0,0,0,v
2014-11-04 11:18,6.626,0.162,0,0,0,0,v
2014-11-04 11:24,6.635,0.152,0,0,0,0,v
2014-11-04 11:30,6.642,0.161,0,0,0,0,v
2014-11-04 11:36,6.618,0.147,0,0,0,0,v
2014-11-04 11:42,6.638,0.153,0,0,0,0,v
2014-11-04 11:48,6.621,0.169,0,0,0,0,v
2014-11-04 11:54,6.612,0.157,0,0,0,0,v
2014-11-04 12:00,6.610,0.173,0,0,0,0,v
2014-11-04 12:06,6.608,0.159,0,0,0,0,v
2014-11-04 12:12,6.617,0.161,0,0,0,0,v
2014-11-04 12:18,6.643,0.166,0,0,0,0,v
2014-11-04 12:24,6.643,0.154,0,0,0,0,v
2014-11-04 12:30,6.632,0.169,0,0,0,0,v
2014-11-04 12:36,6.634,0.160,0,0,0,0,v
2014-11-04 12:42,6.631,0.171,0,0,0,0,v
2014-11-04 12:48,6.627,0.158,0,0,0,0,v
2014-11-04 12:54,6.603,0.153,0,0,0,0,v
2014-11-04 13:00,6.635,0.175,0,0,0,0,v
2014-11-04 13:06,6.620,0.178,0,0,0,0,v
2014-11-04 13:12,6.615,0.152,0,0,0,0,v
2014-11-04 13:18,6.615,0.170,0,0,0,0,v
2014-11-04 13:24,6.620,0.158,0,0,0,0,v
2014-11-04 13:30,6.621,0.179,0,0,0,0,v
2014-11-04 13:36,6.607,0.158,0,0,0,0,v
2014-11-04 13:42,6.598,0.178,0,0,0,0,v
2014-11-04 13:48,6.629,0.167,0,0,0,0,v
2014-11-04 13:54,6.631,0.157,0,0,0,0,v
2014-11-04 14:00,6.622,0.176,0,0,0,0,v
2014-11-04 14:06,6.660,0.184,0,0,0,0,v
2014-11-04 14:12,6.670,0.175,0,0,0,0,v
2014-11-04 14:18,6.678,0.177,0,0,0,0,v
2014-11-04 14:24,6.674,0.169,0,0,0,0,v
2014-11-04 14:30,6.682,0.169,0,0,0,0,v
2014-11-04 14:36,6.692,0.147,0,0,0,0,v
2014-11-04 14:42,6.693,0.169,0,0,0,0,v
2014-11-04 14:48,6.691,0.167,0,0,0,0,v
2014-11-04 14:54,6.699,0.168,0,0,0,0,v
2014-11-04 15:00,6.692,0.150,0,0,0,0,v
2014-11-04 15:06,6.717,0.167,0,0,0,0,v
2014-11-04 15:12,6.724,0.185,0,0,0,0,v
2014-11-04 15:18,6.723,0.166,0,0,0,0,v
2014-11-04 15:24,6.745,0.198,0,0,0,0,v
2014-11-04 15:30,6.750,0.180,0,0,0,0,v
2014-11-04 15:36,6.742,0.184,0,0,0,0,v
2014-11-04 15:42,6.757,0.172,0,0,0,0,v
2014-11-04 15:48,6.787,0.197,0,0,0,0,v
2014-11-04 15:54,6.795,0.171,0,0,0,0,v
2014-11-04 16:00,6.816,0.183,0,0,0,0,v
2014-11-04 16:06,6.822,0.168,0,0,0,0,v
2014-11-04 16:12,6.816,0.182,0,0,0,0,v
2014-11-04 16:18,6.801,0.188,0,0,0,0,v
2014-11-04 16:24,6.798,0.163,0,0,0,0,v
2014-11-04 16:30,6.824,0.184,0,0,0,0,v
2014-11-04 16:36,6.836,0.180,0,0,0,0,v
2014-11-04 16:42,6.846,0.200,0,0,0,0,v
2014-11-04 16:48,6.843,0.182,0,0,0,0,v
2014-11-04 16:54,6.864,0.171,0,0,0,0,v
2014-11-04 17:00,6.873,0.156,0,0,0,0,v
2014-11-04 17:06,6.883,0.000,0,0,0,0,v
2014-11-04 17:12,6.891,0.172,0,0,0,0,v
2014-11-04 17:18,6.922,0.214,0,0,0,0,v
2014-11-04 17:24,6.912,0.199,0,0,0,0,v
2014-11-04 17:30,6.902,0.176,0,0,0,0,v
2014-11-04 17:36,6.907,0.165,0,0,0,0,v
2014-11-04 17:42,6.934,0.167,0,0,0,0,v
2014-11-04 17:48,6.936,0.171,0,0,0,0,v
2014-11-04 17:54,6.922,0.170,0,0,0,0,v
2014-11-04 18:00,6.919,0.168,0,0,0,0,v
2014-11-04 18:06,6.920,0.169,0,0,0,0,v
2014-11-04 18:12,6.929,0.199,0,0,0,0,v
2014-11-04 18:18,6.924,0.166,0,0,0,0,v
2014-11-04 18:24,6.921,0.172,0,0,0,0,v
2014-11-04 18:30,6.940,0.170,0,0,0,0,v
2014-11-04 18:36,6.947,0.171,0,0,0,0,v
2014-11-04 18:42,6.949,0.186,0,0,0,0,v
2014-11-04 18:48,6.953,0.184,0,0,0,0,v
2014-11-04 18:54,6.972,0.172,0,0,0,0,v
2014-11-04 19:00,6.987,0.164,0,0,0,0,v
2014-11-04 19:06,6.978,0.172,0,0,0,0,v
2014-11-04 19:12,6.955,0.165,0,0,0,0,v
2014-11-04 19:18,6.952,0.168,0,0,0,0,v
2014-11-04 19:24,6.954,0.199,0,0,0,0,v
2014-11-04 19:30,6.983,0.187,0,0,0,0,v
2014-11-04 19:36,6.972,0.146,0,0,0,0,v
2014-11-04 19:42,6.973,0.179,0,0,0,0,v
2014-11-04 19:48,6.961,0.181,0,0,0,0,v
2014-11-04 19:54,6.970,0.187,0,0,0,0,v
2014-11-04 20:00,6.961,0.170,0,0,0,0,v
2014-11-04 20:06,6.983,0.185,0,0,0,0,v
2014-11-04 20:12,6.968,0.192,0,0,0,0,v
2014-11-04 20:18,6.962,0.194,0,0,0,0,v
2014-11-04 20:24,6.945,0.185,0,0,0,0,v
2014-11-04 20:30,6.970,0.176,0,0,0,0,v
2014-11-04 20:36,6.965,0.171,0,0,0,0,v
2014-11-04 20:42,6.938,0.157,0,0,0,0,v
2014-11-04 20:48,6.962,0.192,0,0,0,0,v
2014-11-04 20:54,6.943,0.202,0,0,0,0,v
2014-11-04 21:00,6.965,0.180,0,0,0,0,v
2014-11-04 21:06,6.955,0.182,0,0,0,0,v
2014-11-04 21:12,6.960,0.163,0,0,0,0,v
2014-11-04 21:18,6.967,0.189,0,0,0,0,v
2014-11-04 21:24,6.953,0.218,0,0,0,0,v
2014-11-04 21:30,6.946,0.182,0,0,0,0,v
2014-11-04 21:36,6.947,0.175,0,0,0,0,v
2014-11-04 21:42,6.948,0.219,0,0,0,0,v
2014-11-04 21:48,6.916,0.186,0,0,0,0,v
2014-11-04 21:54,6.912,0.180,0,0,0,0,v
2014-11-04 22:00,6.915,0.161,0,0,0,0,v
2014-11-04 22:06,6.918,0.179,0,0,0,0,v
2014-11-04 22:12,6.920,0.183,0,0,0,0,v
2014-11-04 22:18,6.898,0.196,0,0,0,0,v
2014-11-04 22:24,6.913,0.181,0,0,0,0,v
2014-11-04 22:30,6.905,0.170,0,0,0,0,v
2014-11-04 22:36,6.912,0.177,0,0,0,0,v
2014-11-04 22:42,6.909,0.185,0,0,0,0,v
2014-11-04 22:48,6.886,0.177,0,0,0,0,v
2014-11-04 22:54,6.885,0.197,0,0,0,0,v
2014-11-04 23:00,6.882,0.000,0,0,0,0,v
2014-11-04 23:06,6.860,0.206,0,0,0,0,v
2014-11-04 23:12,6.858,0.179,0,0,0,0,v
2014-11-04 23:18,6.854,0.172,0,0,0,0,v
2014-11-04 23:24,6.854,0.182,0,0,0,0,v
2014-11-04 23:30,6.835,0.173,0,0,0,0,v
2014-11-04 23:36,6.841,0.184,0,0,0,0,v
2014-11-04 23:42,6.848,0.186,0,0,0,0,v
2014-11-04 23:48,6.858,0.160,0,0,0,0,v
2014-11-04 23:54,6.847,0.164,0,0,0,0,v
2014-11-05 00:00,6.861,0.172,0,0,0,0,v
2014-11-05 00:06,6.859,0.154,0,0,0,0,v
2014-11-05 00:12,6.854,0.174,0,0,0,0,v
2014-11-05 00:18,6.813,0.191,0,0,0,0,v
2014-11-05 00:24,6.824,0.149,0,0,0,0,v
2014-11-05 00:30,6.809,0.175,0,0,0,0,v
2014-11-05 00:36,6.808,0.182,0,0,0,0,v
2014-11-05 00:42,6.805,0.183,0,0,0,0,v
2014-11-05 00:48,6.781,0.173,0,0,0,0,v
2014-11-05 00:54,6.806,0.174,0,0,0,0,v
2014-11-05 01:00,6.813,0.193,0,0,0,0,v
2014-11-05 01:06,6.800,0.175,0,0,0,0,v
2014-11-05 01:12,6.809,0.182,0,0,0,0,v
2014-11-05 01:18,6.793,0.211,0,0,0,0,v
2014-11-05 01:24,6.809,0.150,0,0,0,0,v
2014-11-05 01:30,6.820,0.181,0,0,0,0,v
2014-11-05 01:36,6.803,0.179,0,0,0,0,v
2014-11-05 01:42,6.818,0.172,0,0,0,0,v
2014-11-05 01:48,6.819,0.176,0,0,0,0,v
2014-11-05 01:54,6.802,0.195,0,0,0,0,v
2014-11-05 02:00,6.781,0.173,0,0,0,0,v
2014-11-05 02:06,6.784,0.189,0,0,0,0,v
2014-11-05 02:12,6.799,0.195,0,0,0,0,v
2014-11-05 02:18,6.800,0.163,0,0,0,0,v
2014-11-05 02:24,6.804,0.155,0,0,0,0,v
2014-11-05 02:30,6.776,0.174,0,0,0,0,v
2014-11-05 02:36,6.793,0.166,0,0,0,0,v
2014-11-05 02:42,6.784,0.173,0,0,0,0,v
2014-11-05 02:48,6.789,0.188,0,0,0,0,v
2014-11-05 02:54,6.791,0.176,0,0,0,0,v
2014-11-05 03:00,6.818,0.180,0,0,0,0,v
2014-11-05 03:06,6.795,0.174,0,0,0,0,v
2014-11-05 03:12,6.817,0.165,0,0,0,0,v
2014-11-05 03:18,6.799,0.163,0,0,0,0,v
2014-11-05 03:24,6.811,0.171,0,0,0,0,v
2014-11-05 03:30,6.835,0.148,0,0,0,0,v
2014-11-05 03:36,6.822,0.151,0,0,0,0,v
2014-11-05 03:42,6.821,0.196,0,0,0,0,v
2014-11-05 03:48,6.840,0.149,0,0,0,0,v
2014-11-05 03:54,6.837,0.186,0,0,0,0,v
2014-11-05 04:00,6.843,0.169,0,0,0,0,v
2014-11-05 04:06,6.831,0.138,0,0,0,0,v
2014-11-05 04:12,6.823,0.165,0,0,0,0,v
2014-11-05 04:18,6.852,0.199,0,0,0,0,v
2014-11-05 04:24,6.849,0.187,0,0,0,0,v
2014-11-05 04:30,6.836,0.165,0,0,0,0,v
2014-11-05 04:36,6.824,0.153,0,0,0,0,v
2014-11-05 04:42,6.861,0.163,0,0,0,0,v
2014-11-05 04:48,6.887,0.181,0,0,0,0,v
2014-11-05 04:54,6.859,0.175,0,0,0,0,v
2014-11-05 05:00,6.842,0.170,0,0,0,0,v
2014-11-05 05:06,6.877,0.180,0,0,0,0,v
2014-11-05 05:12,6.875,0.175,0,0,0,0,v
2014-11-05 05:18,6.855,0.164,0,0,0,0,v
2014-11-05 05:24,6.855,0.141,0,0,0,0,v
2014-11-05 05:30,6.863,0.188,0,0,0,0,v
2014-11-05 05:36,6.837,0.189,0,0,0,0,v
2014-11-05 05:42,6.851,0.172,0,0,0,0,v
2014-11-05 05:48,6.866,0.181,0,0,0,0,v
2014-11-05 05:54,6.852,0.188,0,0,0,0,v
2014-11-05 06:00,6.882,0.182,0,0,0,0,v
2014-11-05 06:06,6.872,0.192,0,0,0,0,v
2014-11-05 06:12,6.890,0.160,0,0,0,0,v
2014-11-05 06:18,6.904,0.185,0,0,0,0,v
2014-11-05 06:24,6.904,0.185,0,0,0,0,v
2014-11-05 06:30,6.892,0.157,0,0,0,0,v
2014-11-05 06:36,6.888,0.192,0,0,0,0,v
2014-11-05 06:42,6.908,0.169,0,0,0,0,v
2014-11-05 06:48,6.888,0.185,0,0,0,0,v
2014-11-05 06:54,6.882,0.158,0,0,0,0,v
2014-11-05 07:00,6.877,0.204,0,0,0,0,v
2014-11-05 07:06,6.881,0.163,0,0,0,0,v
2014-11-05 07:12,6.867,0.178,0,0,0,0,v
2014-11-05 07:18,6.894,0.177,0,0,0,0,v
2014-11-05 07:24,6.869,0.165,0,0,0,0,v
2014-11-05 07:30,6.901,0.190,0,0,0,0,v
2014-11-05 07:36,6.912,0.185,0,0,0,0,v
2014-11-05 07:42,6.927,0.176,0,0,0,0,v
2014-11-05 07:48,6.846,0.183,0,0,0,0,v
2014-11-05 07:54,6.820,0.194,0,0,0,0,v
2014-11-05 08:00,6.784,0.180,0,0,0,0,v
2014-11-05 08:06,6.757,0.187,0,0,0,0,v
2014-11-05 08:12,6.750,0.205,0,0,0,0,v
2014-11-05 08:18,6.764,0.173,0,0,0,0,v
2014-11-05 08:24,6.779,0.179,0,0,0,0,v
2014-11-05 08:30,6.786,0.183,0,0,0,0,v
2014-11-05 08:36,6.774,0.176,0,0,0,0,v
2014-11-05 08:42,6.708,0.173,0,0,0,0,v
2014-11-05 08:48,6.731,0.177,0,0,0,0,v
2014-11-05 08:54,6.755,0.177,0,0,0,0,v
2014-11-05 09:00,6.735,0.164,0,0,0,0,v
2014-11-05 09:06,6.725,0.170,0,0,0,0,v
2014-11-05 09:12,6.673,0.178,0,0,0,0,v
2014-11-05 09:18,6.654,0.165,0,0,0,0,v
2014-11-05 09:24,6.659,0.156,0,0,0,0,v
2014-11-05 09:30,6.702,0.164,0,0,0,0,v
2014-11-05 09:36,6.702,0.163,0,0,0,0,v
2014-11-05 09:42,6.687,0.190,0,0,0,0,v
2014-11-05 09:48,6.656,0.180,0,0,0,0,v
2014-11-05 09:54,6.641,0.189,0,0,0,0,v
2014-11-05 10:00,6.599,0.000,0,0,0,0,v
2014-11-05 10:06,6.630,0.169,0,0,0,0,v
2014-11-05 10:12,6.674,0.152,0,0,0,0,v
2014-11-05 10:18,6.666,0.186,0,0,0,0,v
2014-11-05 10:24,6.623,0.170,0,0,0,0,v
2014-11-05 10:30,6.617,0.169,0,0,0,0,v
2014-11-05 10:36,6.611,0.165,0,0,0,0,v
2014-11-05 10:42,6.607,0.182,0,0,0,0,v
2014-11-05 10:48,6.608,0.165,0,0,0,0,v
2014-11-05 10:54,6.647,0.169,0,0,0,0,v
2014-11-05 11:00,6.638,0.168,0,0,0,0,v
2014-11-05 11:06,6.606,0.188,0,0,0,0,v
2014-11-05 11:12,6.606,0.154,0,0,0,0,v
2014-11-05 11:18,6.618,0.164,0,0,0,0,v
2014-11-05 11:24,6.614,0.168,0,0,0,0,v
2014-11-05 11:30,6.610,0.167,0,0,0,0,v
2014-11-05 11:36,6.600,0.175,0,0,0,0,v
2014-11-05 11:42,6.579,0.194,0,0,0,0,v
2014-11-05 11:48,6.584,0.172,0,0,0,0,v
2014-11-05 11:54,6.562,0.172,0,0,0,0,v
2014-11-05 12:00,6.588,0.158,0,0,0,0,v
2014-11-05 12:06,6.579,0.160,0,0,0,0,v
2014-11-05 12:12,6.575,0.183,0,0,0,0,v
2014-11-05 12:18,6.601,0.151,0,0,0,0,v
2014-11-05 12:24,6.562,0.148,0,0,0,0,v
2014-11-05 12:30,6.552,0.176,0,0,0,0,v
2014-11-05 12:36,6.560,0.176,0,0,0,0,v
2014-11-05 12:42,6.563,0.172,0,0,0,0,v
2014-11-05 12:48,6.554,0.122,0,0,0,0,v
2014-11-05 12:54,6.544,0.175,0,0,0,0,v
2014-11-05 13:00,6.550,0.171,0,0,0,0,v
2014-11-05 13:06,6.519,0.158,0,0,0,0,v
2014-11-05 13:12,6.550,0.165,0,0,0,0,v
2014-11-05 13:18,6.554,0.185,0,0,0,0,v
2014-11-05 13:24,6.523,0.178,0,0,0,0,v
2014-11-05 13:30,6.497,0.149,0,0,0,0,v
2014-11-05 13:36,6.494,0.187,0,0,0,0,v
2014-11-05 13:42,6.530,0.158,0,0,0,0,v
2014-11-05 13:48,6.530,0.176,0,0,0,0,v
2014-11-05 13:54,6.532,0.157,0,0,0,0,v
2014-11-05 14:00,6.546,0.167,0,0,0,0,v
2014-11-05 14:06,6.573,0.148,0,0,0,0,v
2014-11-05 14:12,6.560,0.000,0,0,0,0,v
2014-11-05 14:18,6.550,0.171,0,0,0,0,v
2014-11-05 14:24,6.539,0.170,0,0,0,0,v
2014-11-05 14:30,6.569,0.160,0,0,0,0,v
2014-11-05 14:36,6.577,0.165,0,0,0,0,v
2014-11-05 14:42,6.579,0.166,0,0,0,0,v
2014-11-05 14:48,6.590,0.161,0,0,0,0,v
2014-11-05 14:54,6.584,0.176,0,0,0,0,v
2014-11-05 15:00,6.583,0.175,0,0,0,0,v
2014-11-05 15:06,6.606,0.175,0,0,0,0,v
2014-11-05 15:12,6.613,0.182,0,0,0,0,v
2014-11-05 15:18,6.610,0.170,0,0,0,0,v
2014-11-05 15:24,6.621,0.166,0,0,0,0,v
2014-11-05 15:30,6.634,0.152,0,0,0,0,v
2014-11-05 15:36,6.646,0.000,0,0,0,0,v
2014-11-05 15:42,6.663,0.178,0,0,0,0,v
2014-11-05 15:48,6.672,0.176,0,0,0,0,v
2014-11-05 15:54,6.679,0.186,0,0,0,0,v
2014-11-05 16:00,6.705,0.000,0,0,0,0,v
2014-11-05 16:06,6.693,0.172,0,0,0,0,v
2014-11-05 16:12,6.725,0.176,0,0,0,0,v
2014-11-05 16:18,6.701,0.173,0,0,0,0,v
2014-11-05 16:24,6.713,0.194,0,0,0,0,v
2014-11-05 16:30,6.740,0.164,0,0,0,0,v
2014-11-05 16:36,6.739,0.165,0,0,0,0,v
2014-11-05 16:42,6.738,0.208,0,0,0,0,v
2014-11-05 16:48,6.768,0.180,0,0,0,0,v
2014-11-05 16:54,6.762,0.158,0,0,0,0,v
2014-11-05 17:00,6.779,0.174,0,0,0,0,v
2014-11-05 17:06,6.820,0.164,0,0,0,0,v
2014-11-05 17:12,6.805,0.187,0,0,0,0,v
2014-11-05 17:18,6.793,0.189,0,0,0,0,v
2014-11-05 17:24,6.796,0.181,0,0,0,0,v
2014-11-05 17:30,6.787,0.182,0,0,0,0,v
2014-11-05 17:36,6.799,0.173,0,0,0,0,v
2014-11-05 17:42,6.823,0.177,0,0,0,0,v
2014-11-05 17:48,6.830,0.183,0,0,0,0,v
2014-11-05 17:54,6.851,0.189,0,0,0,0,v
2014-11-05 18:00,6.858,0.176,0,0,0,0,v
2014-11-05 18:06,6.880,0.180,0,0,0,0,v
2014-11-05 18:12,6.864,0.179,0,0,0,0,v
2014-11-05 18:18,6.885,0.191,0,0,0,0,v
2014-11-05 18:24,6.872,0.170,0,0,0,0,v
2014-11-05 18:30,6.895,0.190,0,0,0,0,v
2014-11-05 18:36,6.880,0.184,0,0,0,0,v
2014-11-05 18:42,6.879,0.184,0,0,0,0,v
2014-11-05 18:48,6.880,0.158,0,0,0,0,v
2014-11-05 18:54,6.870,0.207,0,0,0,0,v
2014-11-05 19:00,6.906,0.180,0,0,0,0,v
2014-11-05 19:06,6.919,0.182,0,0,0,0,v
2014-11-05 19:12,6.943,0.183,0,0,0,0,v
2014-11-05 19:18,6.944,0.190,0,0,0,0,v
2014-11-05 19:24,6.963,0.195,0,0,0,0,v
2014-11-05 19:30,6.963,0.189,0,0,0,0,v
2014-11-05 19:36,6.956,0.188,0,0,0,0,v
2014-11-05 19:42,6.913,0.207,0,0,0,0,v
2014-11-05 19:48,6.927,0.196,0,0,0,0,v
2014-11-05 19:54,6.957,0.177,0,0,0,0,v
2014-11-05 20:00,6.956,0.206,0,0,0,0,v
2014-11-05 20:06,6.954,0.167,0,0,0,0,v
2014-11-05 20:12,6.960,0.189,0,0,0,0,v
2014-11-05 20:18,6.966,0.154,0,0,0,0,v
2014-11-05 20:24,6.956,0.174,0,0,0,0,v
2014-11-05 20:30,6.991,0.187,0,0,0,0,v
2014-11-05 20:36,6.979,0.181,0,0,0,0,v
2014-11-05 20:42,6.992,0.175,0,0,0,0,v
2014-11-05 20:48,7.003,0.176,0,0,0,0,v
2014-11-05 20:54,6.999,0.184,0,0,0,0,v
2014-11-05 21:00,6.997,0.198,0,0,0,0,v
2014-11-05 21:06,7.002,0.166,0,0,0,0,v
2014-11-05 21:12,6.991,0.180,0,0,0,0,v
2014-11-05 21:18,6.969,0.209,0,0,0,0,v
2014-11-05 21:24,7.003,0.164,0,0,0,0,v
2014-11-05 21:30,7.014,0.156,0,0,0,0,v
2014-11-05 21:36,7.018,0.156,0,0,0,0,v
2014-11-05 21:42,7.024,0.172,0,0,0,0,v
2014-11-05 21:48,6.991,0.190,0,0,0,0,v
2014-11-05 21:54,7.019,0.178,0,0,0,0,v
2014-11-05 22:00,7.010,0.186,0,0,0,0,v
2014-11-05 22:06,7.000,0.174,0,0,0,0,v
2014-11-05 22:12,6.998,0.180,0,0,0,0,v
2014-11-05 22:18,6.980,0.156,0,0,0,0,v
2014-11-05 22:24,6.981,0.137,0,0,0,0,v
2014-11-05 22:30,6.978,0.156,0,0,0,0,v
2014-11-05 22:36,6.970,0.209,0,0,0,0,v
2014-11-05 22:42,6.983,0.129,0,0,0,0,v
2014-11-05 22:48,6.975,0.159,0,0,0,0,v
2014-11-05 22:54,6.973,0.150,0,0,0,0,v
2014-11-05 23:00,6.956,0.160,0,0,0,0,v
2014-11-05 23:06,6.950,0.174,0,0,0,0,v
2014-11-05 23:12,6.969,0.161,0,0,0,0,v
2014-11-05 23:18,6.930,0.143,0,0,0,0,v
2014-11-05 23:24,6.942,0.169,0,0,0,0,v
2014-11-05 23:30,6.957,0.169,0,0,0,0,v
2014-11-05 23:36,6.935,0.179,0,0,0,0,v
2014-11-05 23:42,6.909,0.189,0,0,0,0,v
2014-11-05 23:48,6.900,0.000,0,0,0,0,v
2014-11-05 23:54,6.905,0.196,0,0,0,0,v
2014-11-06 00:00,6.921,0.171,0,0,0,0,v
2014-11-06 00:06,6.900,0.147,0,0,0,0,v
2014-11-06 00:12,6.902,0.142,0,0,0,0,v
2014-11-06 00:18,6.914,0.169,0,0,0,0,v
2014-11-06 00:24,6.904,0.199,0,0,0,0,v
2014-11-06 00:30,6.921,0.171,0,0,0,0,v
2014-11-06 00:36,6.900,0.171,0,0,0,0,v
2014-11-06 00:42,6.920,0.129,0,0,0,0,v
2014-11-06 00:48,6.903,0.170,0,0,0,0,v
2014-11-06 00:54,6.869,0.174,0,0,0,0,v
2014-11-06 01:00,6.894,0.176,0,0,0,0,v
2014-11-06 01:06,6.868,0.141,0,0,0,0,v
2014-11-06 01:12,6.889,0.170,0,0,0,0,v
2014-11-06 01:18,6.890,0.169,0,0,0,0,v
2014-11-06 01:24,6.870,0.144,0,0,0,0,v
2014-11-06 01:30,6.875,0.127,0,0,0,0,v
2014-11-06 01:36,6.884,0.150,0,0,0,0,v
2014-11-06 01:42,6.863,0.181,0,0,0,0,v
2014-11-06 01:48,6.891,0.169,0,0,0,0,v
2014-11-06 01:54,6.874,0.155,0,0,0,0,v
2014-11-06 02:00,6.855,0.159,0,0,0,0,v
2014-11-06 02:06,6.837,0.164,0,0,0,0,v
2014-11-06 02:12,6.841,0.148,0,0,0,0,v
2014-11-06 02:18,6.839,0.137,0,0,0,0,v
2014-11-06 02:24,6.836,0.168,0,0,0,0,v
2014-11-06 02:30,6.827,0.181,0,0,0,0,v
2014-11-06 02:36,6.838,0.167,0,0,0,0,v
2014-11-06 02:42,6.845,0.150,0,0,0,0,v
2014-11-06 02:48,6.824,0.144,0,0,0,0,v
2014-11-06 02:54,6.869,0.140,0,0,0,0,v
2014-11-06 03:00,6.844,0.167,0,0,0,0,v
2014-11-06 03:06,6.835,0.149,0,0,0,0,v
2014-11-06 03:12,6.823,0.140,0,0,0,0,v
2014-11-06 03:18,6.823,0.170,0,0,0,0,v
2014-11-06 03:24,6.828,0.164,0,0,0,0,v
2014-11-06 03:30,6.826,0.167,0,0,0,0,v
2014-11-06 03:36,6.822,0.149,0,0,0,0,v
2014-11-06 03:42,6.811,0.135,0,0,0,0,v
2014-11-06 03:48,6.825,0.151,0,0,0,0,v
2014-11-06 03:54,6.803,0.147,0,0,0,0,v
2014-11-06 04:00,6.818,0.180,0,0,0,0,v
2014-11-06 04:06,6.839,0.155,0,0,0,0,v
2014-11-06 04:12,6.858,0.162,0,0,0,0,v
2014-11-06 04:18,6.844,0.149,0,0,0,0,v
2014-11-06 04:24,6.832,0.158,0,0,0,0,v
2014-11-06 04:30,6.839,0.147,0,0,0,0,v
2014-11-06 04:36,6.828,0.161,0,0,0,0,v
2014-11-06 04:42,6.860,0.178,0,0,0,0,v
2014-11-06 04:48,6.875,0.139,0,0,0,0,v
2014-11-06 04:54,6.884,0.149,0,0,0,0,v
2014-11-06 05:00,6.868,0.137,0,0,0,0,v
2014-11-06 05:06,6.866,0.166,0,0,0,0,v
2014-11-06 05:12,6.849,0.153,0,0,0,0,v
2014-11-06 05:18,6.869,0.177,0,0,0,0,v
2014-11-06 05:24,6.864,0.150,0,0,0,0,v
2014-11-06 05:30,6.856,0.138,0,0,0,0,v
2014-11-06 05:36,6.879,0.128,0,0,0,0,v
2014-11-06 05:42,6.872,0.154,0,0,0,0,v
2014-11-06 05:48,6.878,0.140,0,0,0,0,v
2014-11-06 05:54,6.885,0.162,0,0,0,0,v
2014-11-06 06:00,6.903,0.145,0,0,0,0,v
2014-11-06 06:06,6.885,0.138,0,0,0,0,v
2014-11-06 06:12,6.892,0.136,0,0,0,0,v
2014-11-06 06:18,6.895,0.167,0,0,0,0,v
2014-11-06 06:24,6.896,0.168,0,0,0,0,v
2014-11-06 06:30,6.866,0.133,0,0,0,0,v
2014-11-06 06:36,6.902,0.156,0,0,0,0,v
2014-11-06 06:42,6.927,0.154,0,0,0,0,v
2014-11-06 06:48,6.913,0.134,0,0,0,0,v
2014-11-06 06:54,6.920,0.158,0,0,0,0,v
2014-11-06 07:00,6.926,0.166,0,0,0,0,v
2014-11-06 07:06,6.897,0.144,0,0,0,0,v
2014-11-06 07:12,6.886,0.136,0,0,0,0,v
2014-11-06 07:18,6.898,0.129,0,0,0,0,v
2014-11-06 07:24,6.899,0.169,0,0,0,0,v
2014-11-06 07:30,6.889,0.133,0,0,0,0,v
2014-11-06 07:36,6.871,0.149,0,0,0,0,v
2014-11-06 07:42,6.856,0.143,0,0,0,0,v
2014-11-06 07:48,6.849,0.163,0,0,0,0,v
2014-11-06 07:54,6.860,0.148,0,0,0,0,v
2014-11-06 08:00,6.871,0.149,0,0,0,0,v
2014-11-06 08:06,6.864,0.162,0,0,0,0,v
2014-11-06 08:12,6.850,0.165,0,0,0,0,v
2014-11-06 08:18,6.859,0.138,0,0,0,0,v
2014-11-06 08:24,6.842,0.183,0,0,0,0,v
2014-11-06 08:30,6.825,0.180,0,0,0,0,v
2014-11-06 08:36,6.839,0.149,0,0,0,0,v
2014-11-06 08:42,6.831,0.151,0,0,0,0,v
2014-11-06 08:48,6.846,0.147,0,0,0,0,v
2014-11-06 08:54,6.821,0.157,0,0,0,0,v
2014-11-06 09:00,6.800,0.163,0,0,0,0,v
2014-11-06 09:06,6.809,0.164,0,0,0,0,v
2014-11-06 09:12,6.796,0.159,0,0,0,0,v
2014-11-06 09:18,6.796,0.173,0,0,0,0,v
2014-11-06 09:24,6.776,0.150,0,0,0,0,v
2014-11-06 09:30,6.771,0.143,0,0,0,0,v
2014-11-06 09:36,6.759,0.185,0,0,0,0,v
2014-11-06 09:42,6.735,0.144,0,0,0,0,v
2014-11-06 09:48,6.730,0.141,0,0,0,0,v
2014-11-06 09:54,6.732,0.178,0,0,0,0,v
2014-11-06 10:00,6.703,0.156,0,0,0,0,v
2014-11-06 10:06,6.700,0.149,0,0,0,0,v
2014-11-06 10:12,6.697,0.153,0,0,0,0,v
2014-11-06 10:18,6.685,0.174,0,0,0,0,v
2014-11-06 10:24,6.667,0.158,0,0,0,0,v
2014-11-06 10:30,6.677,0.163,0,0,0,0,v
2014-11-06 10:36,6.664,0.160,0,0,0,0,v
2014-11-06 10:42,6.648,0.153,0,0,0,0,v
2014-11-06 10:48,6.650,0.161,0,0,0,0,v
2014-11-06 10:54,6.674,0.162,0,0,0,0,v
2014-11-06 11:00,6.626,0.157,0,0,0,0,v
2014-11-06 11:06,6.621,0.148,0,0,0,0,v
2014-11-06 11:12,6.609,0.163,0,0,0,0,v
2014-11-06 11:18,6.616,0.167,0,0,0,0,v
2014-11-06 11:24,6.602,0.177,0,0,0,0,v
2014-11-06 11:30,6.612,0.164,0,0,0,0,v
2014-11-06 11:36,6.615,0.172,0,0,0,0,v
2014-11-06 11:42,6.603,0.158,0,0,0,0,v
2014-11-06 11:48,6.600,0.157,0,0,0,0,v
2014-11-06 11:54,6.606,0.159,0,0,0,0,v
2014-11-06 12:00,6.594,0.184,0,0,0,0,v
2014-11-06 12:06,6.589,0.162,0,0,0,0,v
2014-11-06 12:12,6.610,0.162,0,0,0,0,v
2014-11-06 12:18,6.592,0.145,0,0,0,0,v
2014-11-06 12:24,6.617,0.175,0,0,0,0,v
2014-11-06 12:30,6.598,0.159,0,0,0,0,v
2014-11-06 12:36,6.617,0.157,0,0,0,0,v
2014-11-06 12:42,6.593,0.160,0,0,0,0,v
2014-11-06 12:48,6.603,0.155,0,0,0,0,v
2014-11-06 12:54,6.599,0.146,0,0,0,0,v
2014-11-06 13:00,6.588,0.165,0,0,0,0,v
2014-11-06 13:06,6.586,0.166,0,0,0,0,v
2014-11-06 13:12,6.567,0.162,0,0,0,0,v
2014-11-06 13:18,6.573,0.148,0,0,0,0,v
2014-11-06 13:24,6.586,0.177,0,0,0,0,v
2014-11-06 13:30,6.593,0.151,0,0,0,0,v
2014-11-06 13:36,6.576,0.176,0,0,0,0,v
2014-11-06 13:42,6.585,0.171,0,0,0,0,v
2014-11-06 13:48,6.595,0.162,0,0,0,0,v
2014-11-06 13:54,6.587,0.172,0,0,0,0,v
2014-11-06 14:00,6.594,0.157,0,0,0,0,v
2014-11-06 14:06,6.613,0.167,0,0,0,0,v
2014-11-06 14:12,6.621,0.146,0,0,0,0,v
2014-11-06 14:18,6.604,0.167,0,0,0,0,v
2014-11-06 14:24,6.606,0.149,0,0,0,0,v
2014-11-06 14:30,6.585,0.150,0,0,0,0,v
2014-11-06 14:36,6.590,0.182,0,0,0,0,v
2014-11-06 14:42,6.596,0.165,0,0,0,0,v
2014-11-06 14:48,6.607,0.167,0,0,0,0,v
2014-11-06 14:54,6.615,0.164,0,0,0,0,v
2014-11-06 15:00,6.633,0.145,0,0,0,0,v
2014-11-06 15:06,6.627,0.159,0,0,0,0,v
2014-11-06 15:12,6.624,0.166,0,0,0,0,v
2014-11-06 15:18,6.610,0.180,0,0,0,0,v
2014-11-06 15:24,6.611,0.150,0,0,0,0,v
2014-11-06 15:30,6.616,0.140,0,0,0,0,v
2014-11-06 15:36,6.639,0.169,0,0,0,0,v
2014-11-06 15:42,6.637,0.167,0,0,0,0,v
2014-11-06 15:48,6.665,0.148,0,0,0,0,v
2014-11-06 15:54,6.668,0.154,0,0,0,0,v
2014-11-06 16:00,6.684,0.157,0,0,0,0,v
2014-11-06 16:06,6.681,0.175,0,0,0,0,v
2014-11-06 16:12,6.692,0.171,0,0,0,0,v
2014-11-06 16:18,6.712,0.161,0,0,0,0,v
2014-11-06 16:24,6.706,0.171,0,0,0,0,v
2014-11-06 16:30,6.700,0.161,0,0,0,0,v
2014-11-06 16:36,6.705,0.165,0,0,0,0,v
2014-11-06 16:42,6.732,0.155,0,0,0,0,v
2014-11-06 16:48,6.748,0.160,0,0,0,0,v
2014-11-06 16:54,6.759,0.159,0,0,0,0,v
2014-11-06 17:00,6.740,0.159,0,0,0,0,v
2014-11-06 17:06,6.766,0.161,0,0,0,0,v
2014-11-06 17:12,6.804,0.174,0,0,0,0,v
2014-11-06 17:18,6.789,0.149,0,0,0,0,v
2014-11-06 17:24,6.791,0.166,0,0,0,0,v
2014-11-06 17:30,6.779,0.149,0,0,0,0,v
2014-11-06 17:36,6.780,0.175,0,0,0,0,v
2014-11-06 17:42,6.805,0.153,0,0,0,0,v
2014-11-06 17:48,6.826,0.168,0,0,0,0,v
2014-11-06 17:54,6.836,0.175,0,0,0,0,v
2014-11-06 18:00,6.846,0.000,0,0,0,0,v
2014-11-06 18:06,6.865,0.164,0,0,0,0,v
2014-11-06 18:12,6.883,0.152,0,0,0,0,v
2014-11-06 18:18,6.905,0.158,0,0,0,0,v
2014-11-06 18:24,6.922,0.146,0,0,0,0,v
2014-11-06 18:30,6.944,0.159,0,0,0,0,v
2014-11-06 18:36,6.958,0.160,0,0,0,0,v
2014-11-06 18:42,6.946,0.168,0,0,0,0,v
2014-11-06 18:48,6.950,0.177,0,0,0,0,v
2014-11-06 18:54,6.970,0.163,0,0,0,0,v
2014-11-06 19:00,6.987,0.166,0,0,0,0,v
2014-11-06 19:06,6.992,0.157,0,0,0,0,v
2014-11-06 19:12,6.991,0.170,0,0,0,0,v
2014-11-06 19:18,7.014,0.170,0,0,0,0,v
2014-11-06 19:24,7.026,0.149,0,0,0,0,v
2014-11-06 19:30,7.041,0.187,0,0,0,0,v
2014-11-06 19:36,7.052,0.159,0,0,0,0,v
2014-11-06 19:42,7.044,0.179,0,0,0,0,v
2014-11-06 19:48,7.053,0.189,0,0,0,0,v
2014-11-06 19:54,7.050,0.176,0,0,0,0,v
2014-11-06 20:00,7.044,0.143,0,0,0,0,v
2014-11-06 20:06,7.066,0.162,0,0,0,0,v
2014-11-06 20:12,7.069,0.179,0,0,0,0,v
2014-11-06 20:18,7.067,0.154,0,0,0,0,v
2014-11-06 20:24,7.062,0.136,0,0,0,0,v
2014-11-06 20:30,7.070,0.178,0,0,0,0,v
2014-11-06 20:36,7.062,0.164,0,0,0,0,v
2014-11-06 20:42,7.076,0.167,0,0,0,0,v
2014-11-06 20:48,7.080,0.150,0,0,0,0,v
2014-11-06 20:54,7.094,0.158,0,0,0,0,v
2014-11-06 21:00,7.083,0.180,0,0,0,0,v
2014-11-06 21:06,7.109,0.164,0,0,0,0,v
2014-11-06 21:12,7.120,0.156,0,0,0,0,v
2014-11-06 21:18,7.132,0.166,0,0,0,0,v
2014-11-06 21:24,7.121,0.154,0,0,0,0,v
2014-11-06 21:30,7.121,0.136,0,0,0,0,v
2014-11-06 21:36,7.121,0.163,0,0,0,0,v
2014-11-06 21:42,7.127,0.154,0,0,0,0,v
2014-11-06 21:48,7.144,0.140,0,0,0,0,v
2014-11-06 21:54,7.138,0.154,0,0,0,0,v
2014-11-06 22:00,7.129,0.170,0,0,0,0,v
2014-11-06 22:06,7.129,0.155,0,0,0,0,v
2014-11-06 22:12,7.119,0.153,0,0,0,0,v
2014-11-06 22:18,7.109,0.157,0,0,0,0,v
2014-11-06 22:24,7.125,0.133,0,0,0,0,v
2014-11-06 22:30,7.109,0.175,0,0,0,0,v
2014-11-06 22:36,7.112,0.141,0,0,0,0,v
2014-11-06 22:42,7.094,0.158,0,0,0,0,v
2014-11-06 22:48,7.106,0.145,0,0,0,0,v
2014-11-06 22:54,7.106,0.169,0,0,0,0,v
2014-11-06 23:00,7.095,0.161,0,0,0,0,v
2014-11-06 23:06,7.079,0.149,0,0,0,0,v
2014-11-06 23:12,7.071,0.170,0,0,0,0,v
2014-11-06 23:18,7.078,0.136,0,0,0,0,v
2014-11-06 23:24,7.086,0.155,0,0,0,0,v
2014-11-06 23:30,7.080,0.151,0,0,0,0,v
2014-11-06 23:36,7.052,0.155,0,0,0,0,v
2014-11-06 23:42,7.034,0.167,0,0,0,0,v
2014-11-06 23:48,7.066,0.127,0,0,0,0,v
2014-11-06 23:54,7.052,0.155,0,0,0,0,v
2014-11-07 00:00,7.026,0.142,0,0,0,0,v
2014-11-07 00:06,7.035,0.134,0,0,0,0,v
2014-11-07 00:12,7.027,0.158,0,0,0,0,v
2014-11-07 00:18,6.998,0.159,0,0,0,0,v
2014-11-07 00:24,6.991,0.148,0,0,0,0,v
2014-11-07 00:30,6.975,0.140,0,0,0,0,v
2014-11-07 00:36,6.969,0.144,0,0,0,0,v
2014-11-07 00:42,6.963,0.138,0,0,0,0,v
2014-11-07 00:48,6.970,0.138,0,0,0,0,v
2014-11-07 00:54,6.974,0.151,0,0,0,0,v
2014-11-07 01:00,6.956,0.133,0,0,0,0,v
2014-11-07 01:06,6.941,0.143,0,0,0,0,v
2014-11-07 01:12,6.943,0.177,0,0,0,0,v
2014-11-07 01:18,6.957,0.142,0,0,0,0,v
2014-11-07 01:24,6.954,0.143,0,0,0,0,v
2014-11-07 01:30,6.941,0.131,0,0,0,0,v
2014-11-07 01:36,6.951,0.155,0,0,0,0,v
2014-11-07 01:42,6.968,0.156,0,0,0,0,v
2014-11-07 01:48,6.966,0.150,0,0,0,0,v
2014-11-07 01:54,6.979,0.158,0,0,0,0,v
2014-11-07 02:00,6.959,0.120,0,0,0,0,v
2014-11-07 02:06,6.975,0.147,0,0,0,0,v
2014-11-07 02:12,6.965,0.148,0,0,0,0,v
2014-11-07 02:18,6.957,0.157,0,0,0,0,v
2014-11-07 02:24,6.939,0.139,0,0,0,0,v
2014-11-07 02:30,6.951,0.153,0,0,0,0,v
2014-11-07 02:36,6.940,0.149,0,0,0,0,v
2014-11-07 02:42,6.939,0.158,0,0,0,0,v
2014-11-07 02:48,6.936,0.164,0,0,0,0,v
2014-11-07 02:54,6.953,0.152,0,0,0,0,v
2014-11-07 03:00,6.948,0.170,0,0,0,0,v
2014-11-07 03:06,6.932,0.148,0,0,0,0,v
2014-11-07 03:12,6.925,0.138,0,0,0,0,v
2014-11-07 03:18,6.903,0.162,0,0,0,0,v
2014-11-07 03:24,6.910,0.157,0,0,0,0,v
2014-11-07 03:30,6.921,0.144,0,0,0,0,v
2014-11-07 03:36,6.918,0.148,0,0,0,0,v
2014-11-07 03:42,6.900,0.156,0,0,0,0,v
2014-11-07 03:48,6.920,0.144,0,0,0,0,v
2014-11-07 03:54,6.900,0.140,0,0,0,0,v
2014-11-07 04:00,6.897,0.148,0,0,0,0,v
2014-11-07 04:06,6.900,0.152,0,0,0,0,v
2014-11-07 04:12,6.902,0.160,0,0,0,0,v
2014-11-07 04:18,6.895,0.151,0,0,0,0,v
2014-11-07 04:24,6.883,0.173,0,0,0,0,v
2014-11-07 04:30,6.881,0.148,0,0,0,0,v
2014-11-07 04:36,6.883,0.143,0,0,0,0,v
2014-11-07 04:42,6.903,0.133,0,0,0,0,v
2014-11-07 04:48,6.909,0.148,0,0,0,0,v
2014-11-07 04:54,6.928,0.153,0,0,0,0,v
2014-11-07 05:00,6.903,0.147,0,0,0,0,v
2014-11-07 05:06,6.913,0.140,0,0,0,0,v
2014-11-07 05:12,6.886,0.124,0,0,0,0,v
2014-11-07 05:18,6.915,0.160,0,0,0,0,v
2014-11-07 05:24,6.896,0.151,0,0,0,0,v
2014-11-07 05:30,6.885,0.160,0,0,0,0,v
2014-11-07 05:36,6.866,0.135,0,0,0,0,v
2014-11-07 05:42,6.874,0.167,0,0,0,0,v
2014-11-07 05:48,6.881,0.000,0,0,0,0,v
2014-11-07 05:54,6.872,0.163,0,0,0,0,v
2014-11-07 06:00,6.885,0.174,0,0,0,0,v
2014-11-07 06:06,6.884,0.168,0,0,0,0,v
2014-11-07 06:12,6.890,0.150,0,0,0,0,v
2014-11-07 06:18,6.898,0.154,0,0,0,0,v
2014-11-07 06:24,6.905,0.144,0,0,0,0,v
2014-11-07 06:30,6.900,0.162,0,0,0,0,v
2014-11-07 06:36,6.892,0.154,0,0,0,0,v
2014-11-07 06:42,6.901,0.154,0,0,0,0,v
2014-11-07 06:48,6.871,0.142,0,0,0,0,v
2014-11-07 06:54,6.890,0.133,0,0,0,0,v
2014-11-07 07:00,6.879,0.158,0,0,0,0,v
2014-11-07 07:06,6.880,0.168,0,0,0,0,v
2014-11-07 07:12,6.881,0.150,0,0,0,0,v
2014-11-07 07:18,6.866,0.147,0,0,0,0,v
2014-11-07 07:24,6.873,0.136,0,0,0,0,v
2014-11-07 07:30,6.887,0.144,0,0,0,0,v
2014-11-07 07:36,6.879,0.154,0,0,0,0,v
2014-11-07 07:42,6.895,0.165,0,0,0,0,v
2014-11-07 07:48,6.907,0.163,0,0,0,0,v
2014-11-07 07:54,6.906,0.147,0,0,0,0,v
2014-11-07 08:00,6.880,0.133,0,0,0,0,v
2014-11-07 08:06,6.879,0.168,0,0,0,0,v
2014-11-07 08:12,6.896,0.146,0,0,0,0,v
2014-11-07 08:18,6.911,0.133,0,0,0,0,v
2014-11-07 08:24,6.869,0.170,0,0,0,0,v
2014-11-07 08:30,6.892,0.159,0,0,0,0,v
2014-11-07 08:36,6.900,0.162,0,0,0,0,v
2014-11-07 08:42,6.877,0.143,0,0,0,0,v
2014-11-07 08:48,6.868,0.167,0,0,0,0,v
2014-11-07 08:54,6.862,0.145,0,0,0,0,v
2014-11-07 09:00,6.863,0.154,0,0,0,0,v
2014-11-07 09:06,6.860,0.152,0,0,0,0,v
2014-11-07 09:12,6.846,0.144,0,0,0,0,v
2014-11-07 09:18,6.828,0.137,0,0,0,0,v
2014-11-07 09:24,6.816,0.144,0,0,0,0,v
2014-11-07 09:30,6.823,0.159,0,0,0,0,v
2014-11-07 09:36,6.821,0.139,0,0,0,0,v
2014-11-07 09:42,6.793,0.169,0,0,0,0,v
2014-11-07 09:48,6.796,0.142,0,0,0,0,v
2014-11-07 09:54,6.781,0.145,0,0,0,0,v
2014-11-07 10:00,6.768,0.115,0,0,0,0,v
2014-11-07 10:06,6.761,0.140,0,0,0,0,v
2014-11-07 10:12,6.764,0.140,0,0,0,0,v
2014-11-07 10:18,6.733,0.184,0,0,0,0,v
2014-11-07 10:24,6.726,0.149,0,0,0,0,v
2014-11-07 10:30,6.723,0.146,0,0,0,0,v
2014-11-07 10:36,6.726,0.148,0,0,0,0,v
2014-11-07 10:42,6.728,0.159,0,0,0,0,v
2014-11-07 10:48,6.709,0.166,0,0,0,0,v
2014-11-07 10:54,6.691,0.145,0,0,0,0,v
2014-11-07 11:00,6.681,0.172,0,0,0,0,v
2014-11-07 11:06,6.688,0.145,0,0,0,0,v
2014-11-07 11:12,6.658,0.154,0,0,0,0,v
2014-11-07 11:18,6.644,0.172,0,0,0,0,v
2014-11-07 11:24,6.660,0.162,0,0,0,0,v
2014-11-07 11:30,6.649,0.166,0,0,0,0,v
2014-11-07 11:36,6.623,0.153,0,0,0,0,v
2014-11-07 11:42,6.644,0.148,0,0,0,0,v
2014-11-07 11:48,6.624,0.160,0,0,0,0,v
2014-11-07 11:54,6.620,0.165,0,0,0,0,v
2014-11-07 12:00,6.590,0.161,0,0,0,0,v
2014-11-07 12:06,6.587,0.162,0,0,0,0,v
2014-11-07 12:12,6.613,0.177,0,0,0,0,v
2014-11-07 12:18,6.604,0.163,0,0,0,0,v
2014-11-07 12:24,6.622,0.139,0,0,0,0,v
2014-11-07 12:30,6.627,0.166,0,0,0,0,v
2014-11-07 12:36,6.610,0.165,0,0,0,0,v
2014-11-07 12:42,6.591,0.170,0,0,0,0,v
2014-11-07 12:48,6.594,0.183,0,0,0,0,v
2014-11-07 12:54,6.606,0.174,0,0,0,0,v
2014-11-07 13:00,6.569,0.194,0,0,0,0,v
2014-11-07 13:06,6.552,0.187,0,0,0,0,v
2014-11-07 13:12,6.567,0.176,0,0,0,0,v
2014-11-07 13:18,6.549,0.167,0,0,0,0,v
2014-11-07 13:24,6.536,0.174,0,0,0,0,v
2014-11-07 13:30,6.528,0.190,0,0,0,0,v
2014-11-07 13:36,6.526,0.143,0,0,0,0,v
2014-11-07 13:42,6.539,0.180,0,0,0,0,v
2014-11-07 13:48,6.537,0.157,0,0,0,0,v
2014-11-07 13:54,6.531,0.183,0,0,0,0,v
2014-11-07 14:00,6.531,0.156,0,0,0,0,v
2014-11-07 14:06,6.514,0.138,0,0,0,0,v
2014-11-07 14:12,6.515,0.163,0,0,0,0,v
2014-11-07 14:18,6.507,0.184,0,0,0,0,v
2014-11-07 14:24,6.489,0.163,0,0,0,0,v
2014-11-07 14:30,6.497,0.172,0,0,0,0,v
2014-11-07 14:36,6.502,0.174,0,0,0,0,v
2014-11-07 14:42,6.495,0.183,0,0,0,0,v
2014-11-07 14:48,6.499,0.183,0,0,0,0,v
2014-11-07 14:54,6.503,0.166,0,0,0,0,v
2014-11-07 15:00,6.510,0.162,0,0,0,0,v
2014-11-07 15:06,6.487,0.184,0,0,0,0,v
2014-11-07 15:12,6.497,0.174,0,0,0,0,v
2014-11-07 15:18,6.486,0.172,0,0,0,0,v
2014-11-07 15:24,6.479,0.168,0,0,0,0,v
2014-11-07 15:30,6.512,0.163,0,0,0,0,v
2014-11-07 15:36,6.508,0.173,0,0,0,0,v
2014-11-07 15:42,6.519,0.182,0,0,0,0,v
2014-11-07 15:48,6.536,0.168,0,0,0,0,v
2014-11-07 15:54,6.547,0.157,0,0,0,0,v
2014-11-07 16:00,6.552,0.182,0,0,0,0,v
2014-11-07 16:06,6.580,0.160,0,0,0,0,v
2014-11-07 16:12,6.608,0.169,0,0,0,0,v
2014-11-07 16:18,6.619,0.150,0,0,0,0,v
2014-11-07 16:24,6.613,0.162,0,0,0,0,v
2014-11-07 16:30,6.631,0.192,0,0,0,0,v
2014-11-07 16:36,6.625,0.168,0,0,0,0,v
2014-11-07 16:42,6.643,0.136,0,0,0,0,v
2014-11-07 16:48,6.647,0.158,0,0,0,0,v
2014-11-07 16:54,6.661,0.156,0,0,0,0,v
2014-11-07 17:00,6.657,0.176,0,0,0,0,v
2014-11-07 17:06,6.674,0.139,0,0,0,0,v
2014-11-07 17:12,6.676,0.146,0,0,0,0,v
2014-11-07 17:18,6.706,0.173,0,0,0,0,v
2014-11-07 17:24,6.710,0.162,0,0,0,0,v
2014-11-07 17:30,6.703,0.151,0,0,0,0,v
2014-11-07 17:36,6.724,0.149,0,0,0,0,v
2014-11-07 17:42,6.751,0.157,0,0,0,0,v
2014-11-07 17:48,6.762,0.160,0,0,0,0,v
2014-11-07 17:54,6.790,0.169,0,0,0,0,v
2014-11-07 18:00,6.802,0.126,0,0,0,0,v
2014-11-07 18:06,6.810,0.153,0,0,0,0,v
2014-11-07 18:12,6.828,0.155,0,0,0,0,v
2014-11-07 18:18,6.837,0.171,0,0,0,0,v
2014-11-07 18:24,6.860,0.193,0,0,0,0,v
2014-11-07 18:30,6.876,0.170,0,0,0,0,v
2014-11-07 18:36,6.882,0.142,0,0,0,0,v
2014-11-07 18:42,6.863,0.152,0,0,0,0,v
2014-11-07 18:48,6.861,0.153,0,0,0,0,v
2014-11-07 18:54,6.848,0.154,0,0,0,0,v
2014-11-07 19:00,6.866,0.156,0,0,0,0,v
2014-11-07 19:06,6.897,0.148,0,0,0,0,v
2014-11-07 19:12,6.915,0.176,0,0,0,0,v
2014-11-07 19:18,6.916,0.150,0,0,0,0,v
2014-11-07 19:24,6.931,0.124,0,0,0,0,v
2014-11-07 19:30,6.931,0.142,0,0,0,0,v
2014-11-07 19:36,6.978,0.146,0,0,0,0,v
2014-11-07 19:42,6.976,0.137,0,0,0,0,v
2014-11-07 19:48,6.972,0.149,0,0,0,0,v
2014-11-07 19:54,6.983,0.144,0,0,0,0,v
2014-11-07 20:00,7.008,0.122,0,0,0,0,v
2014-11-07 20:06,7.000,0.167,0,0,0,0,v
2014-11-07 20:12,7.024,0.126,0,0,0,0,v
2014-11-07 20:18,7.031,0.118,0,0,0,0,v
2014-11-07 20:24,7.027,0.152,0,0,0,0,v
2014-11-07 20:30,7.025,0.137,0,0,0,0,v
2014-11-07 20:36,7.034,0.147,0,0,0,0,v
2014-11-07 20:42,7.047,0.151,0,0,0,0,v
2014-11-07 20:48,7.031,0.131,0,0,0,0,v
2014-11-07 20:54,7.031,0.137,0,0,0,0,v
2014-11-07 21:00,7.068,0.129,0,0,0,0,v
2014-11-07 21:06,7.094,0.157,0,0,0,0,v
2014-11-07 21:12,7.092,0.140,0,0,0,0,v
2014-11-07 21:18,7.090,0.140,0,0,0,0,v
2014-11-07 21:24,7.108,0.148,0,0,0,0,v
2014-11-07 21:30,7.120,0.118,0,0,0,0,v
2014-11-07 21:36,7.130,0.122,0,0,0,0,v
2014-11-07 21:42,7.119,0.136,0,0,0,0,v
2014-11-07 21:48,7.149,0.144,0,0,0,0,v
2014-11-07 21:54,7.159,0.130,0,0,0,0,v
2014-11-07 22:00,7.120,0.134,0,0,0,0,v
2014-11-07 22:06,7.108,0.134,0,0,0,0,v
2014-11-07 22:12,7.114,0.151,0,0,0,0,v
2014-11-07 22:18,7.153,0.141,0,0,0,0,v
2014-11-07 22:24,7.145,0.128,0,0,0,0,v
2014-11-07 22:30,7.140,0.169,0,0,0,0,v
2014-11-07 22:36,7.140,0.140,0,0,0,0,v
2014-11-07 22:42,7.143,0.118,0,0,0,0,v
2014-11-07 22:48,7.164,0.136,0,0,0,0,v
2014-11-07 22:54,7.162,0.141,0,0,0,0,v
2014-11-07 23:00,7.165,0.141,0,0,0,0,v
2014-11-07 23:06,7.186,0.127,0,0,0,0,v
2014-11-07 23:12,7.168,0.114,0,0,0,0,v
2014-11-07 23:18,7.179,0.135,0,0,0,0,v
2014-11-07 23:24,7.165,0.143,0,0,0,0,v
2014-11-07 23:30,7.169,0.134,0,0,0,0,v
2014-11-07 23:36,7.173,0.145,0,0,0,0,v
2014-11-07 23:42,7.166,0.128,0,0,0,0,v
2014-11-07 23:48,7.126,0.151,0,0,0,0,v
2014-11-07 23:54,7.139,0.128,0,0,0,0,v
2014-11-08 00:00,7.161,0.113,0,0,0,0,v
2014-11-08 00:06,7.129,0.133,0,0,0,0,v
2014-11-08 00:12,7.141,0.120,0,0,0,0,v
2014-11-08 00:18,7.127,0.125,0,0,0,0,v
2014-11-08 00:24,7.106,0.124,0,0,0,0,v
2014-11-08 00:30,7.100,0.114,0,0,0,0,v
2014-11-08 00:36,7.109,0.116,0,0,0,0,v
2014-11-08 00:42,7.098,0.114,0,0,0,0,v
2014-11-08 00:48,7.088,0.136,0,0,0,0,v
2014-11-08 00:54,7.080,0.131,0,0,0,0,v
2014-11-08 01:00,7.095,0.124,0,0,0,0,v
2014-11-08 01:06,7.080,0.131,0,0,0,0,v
2014-11-08 01:12,7.078,0.125,0,0,0,0,v
2014-11-08 01:18,7.084,0.130,0,0,0,0,v
2014-11-08 01:24,7.115,0.112,0,0,0,0,v
2014-11-08 01:30,7.108,0.145,0,0,0,0,v
2014-11-08 01:36,7.087,0.106,0,0,0,0,v
2014-11-08 01:42,7.077,0.111,0,0,0,0,v
2014-11-08 01:48,7.109,0.127,0,0,0,0,v
2014-11-08 01:54,7.083,0.119,0,0,0,0,v
2014-11-08 02:00,7.073,0.099,0,0,0,0,v
2014-11-08 02:06,7.058,0.121,0,0,0,0,v
2014-11-08 02:12,7.042,0.132,0,0,0,0,v
2014-11-08 02:18,7.065,0.104,0,0,0,0,v
2014-11-08 02:24,7.035,0.126,0,0,0,0,v
2014-11-08 02:30,7.049,0.118,0,0,0,0,v
2014-11-08 02:36,7.055,0.123,0,0,0,0,v
2014-11-08 02:42,7.055,0.117,0,0,0,0,v
2014-11-08 02:48,7.046,0.100,0,0,0,0,v
2014-11-08 02:54,7.046,0.097,0,0,0,0,v
2014-11-08 03:00,7.025,0.126,0,0,0,0,v
2014-11-08 03:06,7.030,0.117,0,0,0,0,v
2014-11-08 03:12,7.021,0.092,0,0,0,0,v
2014-11-08 03:18,7.010,0.109,0,0,0,0,v
2014-11-08 03:24,7.018,0.122,0,0,0,0,v
2014-11-08 03:30,7.005,0.114,0,0,0,0,v
2014-11-08 03:36,7.001,0.120,0,0,0,0,v
2014-11-08 03:42,7.007,0.137,0,0,0,0,v
2014-11-08 03:48,7.022,0.107,0,0,0,0,v
2014-11-08 03:54,7.030,0.114,0,0,0,0,v
2014-11-08 04:00,7.022,0.098,0,0,0,0,v
2014-11-08 04:06,7.018,0.122,0,0,0,0,v
2014-11-08 04:12,7.028,0.108,0,0,0,0,v
2014-11-08 04:18,7.056,0.117,0,0,0,0,v
2014-11-08 04:24,7.053,0.114,0,0,0,0,v
2014-11-08 04:30,7.031,0.137,0,0,0,0,v
2014-11-08 04:36,7.028,0.144,0,0,0,0,v
2014-11-08 04:42,7.040,0.103,0,0,0,0,v
2014-11-08 04:48,7.039,0.118,0,0,0,0,v
2014-11-08 04:54,7.060,0.116,0,0,0,0,v
2014-11-08 05:00,7.034,0.135,0,0,0,0,v
2014-11-08 05:06,7.052,0.120,0,0,0,0,v
2014-11-08 05:12,7.051,0.105,0,0,0,0,v
2014-11-08 05:18,7.035,0.131,0,0,0,0,v
2014-11-08 05:24,7.033,0.110,0,0,0,0,v
2014-11-08 05:30,7.034,0.112,0,0,0,0,v
2014-11-08 05:36,6.993,0.106,0,0,0,0,v
2014-11-08 05:42,7.010,0.103,0,0,0,0,v
2014-11-08 05:48,6.986,0.122,0,0,0,0,v
2014-11-08 05:54,6.988,0.130,0,0,0,0,v
2014-11-08 06:00,6.976,0.105,0,0,0,0,v
2014-11-08 06:06,6.960,0.132,0,0,0,0,v
2014-11-08 06:12,6.968,0.106,0,0,0,0,v
2014-11-08 06:18,6.934,0.102,0,0,0,0,v
2014-11-08 06:24,6.924,0.102,0,0,0,0,v
2014-11-08 06:30,6.984,0.100,0,0,0,0,v
2014-11-08 06:36,6.946,0.118,0,0,0,0,v
2014-11-08 06:42,6.945,0.120,0,0,0,0,v
2014-11-08 06:48,6.913,0.128,0,0,0,0,v
2014-11-08 06:54,6.912,0.099,0,0,0,0,v
2014-11-08 07:00,6.896,0.102,0,0,0,0,v
2014-11-08 07:06,6.912,0.103,0,0,0,0,v
2014-11-08 07:12,6.922,0.125,0,0,0,0,v
2014-11-08 07:18,6.905,0.118,0,0,0,0,v
2014-11-08 07:24,6.914,0.123,0,0,0,0,v
2014-11-08 07:30,6.901,0.105,0,0,0,0,v
2014-11-08 07:36,6.907,0.118,0,0,0,0,v
2014-11-08 07:42,6.942,0.087,0,0,0,0,v
2014-11-08 07:48,6.946,0.152,0,0,0,0,v
2014-11-08 07:54,6.955,0.124,0,0,0,0,v
2014-11-08 08:00,6.910,0.112,0,0,0,0,v
2014-11-08 08:06,6.940,0.110,0,0,0,0,v
2014-11-08 08:12,6.962,0.106,0,0,0,0,v
2014-11-08 08:18,6.961,0.115,0,0,0,0,v
2014-11-08 08:24,6.951,0.120,0,0,0,0,v
2014-11-08 08:30,6.953,0.125,0,0,0,0,v
2014-11-08 08:36,6.943,0.110,0,0,0,0,v
2014-11-08 08:42,6.966,0.111,0,0,0,0,v
2014-11-08 08:48,6.966,0.123,0,0,0,0,v
2014-11-08 08:54,6.955,0.123,0,0,0,0,v
2014-11-08 09:00,6.960,0.105,0,0,0,0,v
2014-11-08 09:06,6.914,0.114,0,0,0,0,v
2014-11-08 09:12,6.905,0.116,0,0,0,0,v
2014-11-08 09:18,6.889,0.118,0,0,0,0,v
2014-11-08 09:24,6.879,0.100,0,0,0,0,v
2014-11-08 09:30,6.865,0.117,0,0,0,0,v
2014-11-08 09:36,6.871,0.114,0,0,0,0,v
2014-11-08 09:42,6.879,0.113,0,0,0,0,v
2014-11-08 09:48,6.809,0.104,0,0,0,0,v
2014-11-08 09:54,6.812,0.154,0,0,0,0,v
2014-11-08 10:00,6.801,0.137,0,0,0,0,v
2014-11-08 10:06,6.814,0.121,0,0,0,0,v
2014-11-08 10:12,6.828,0.142,0,0,0,0,v
2014-11-08 10:18,6.795,0.124,0,0,0,0,v
2014-11-08 10:24,6.756,0.119,0,0,0,0,v
2014-11-08 10:30,6.794,0.136,0,0,0,0,v
2014-11-08 10:36,6.759,0.099,0,0,0,0,v
2014-11-08 10:42,6.745,0.103,0,0,0,0,v
2014-11-08 10:48,6.717,0.109,0,0,0,0,v
2014-11-08 10:54,6.740,0.105,0,0,0,0,v
2014-11-08 11:00,6.758,0.133,0,0,0,0,v
2014-11-08 11:06,6.759,0.109,0,0,0,0,v
2014-11-08 11:12,6.727,0.127,0,0,0,0,v
2014-11-08 11:18,6.715,0.130,0,0,0,0,v
2014-11-08 11:24,6.698,0.119,0,0,0,0,v
2014-11-08 11:30,6.674,0.105,0,0,0,0,v
2014-11-08 11:36,6.647,0.122,0,0,0,0,v
2014-11-08 11:42,6.647,0.109,0,0,0,0,v
2014-11-08 11:48,6.610,0.091,0,0,0,0,v
2014-11-08 11:54,6.619,0.132,0,0,0,0,v
2014-11-08 12:00,6.595,0.125,0,0,0,0,v
2014-11-08 12:06,6.587,0.106,0,0,0,0,v
2014-11-08 12:12,6.565,0.107,0,0,0,0,v
2014-11-08 12:18,6.555,0.137,0,0,0,0,v
2014-11-08 12:24,6.570,0.117,0,0,0,0,v
2014-11-08 12:30,6.546,0.114,0,0,0,0,v
2014-11-08 12:36,6.554,0.117,0,0,0,0,v
2014-11-08 12:42,6.522,0.088,0,0,0,0,v
2014-11-08 12:48,6.517,0.119,0,0,0,0,v
2014-11-08 12:54,6.514,0.124,0,0,0,0,v
2014-11-08 13:00,6.496,0.100,0,0,0,0,v
2014-11-08 13:06,6.541,0.104,0,0,0,0,v
2014-11-08 13:12,6.504,0.093,0,0,0,0,v
2014-11-08 13:18,6.547,0.116,0,0,0,0,v
2014-11-08 13:24,6.547,0.134,0,0,0,0,v
2014-11-08 13:30,6.563,0.118,0,0,0,0,v
2014-11-08 13:36,6.571,0.125,0,0,0,0,v
2014-11-08 13:42,6.548,0.132,0,0,0,0,v
2014-11-08 13:48,6.541,0.112,0,0,0,0,v
2014-11-08 13:54,6.578,0.139,0,0,0,0,v
2014-11-08 14:00,6.543,0.101,0,0,0,0,v
2014-11-08 14:06,6.543,0.112,0,0,0,0,v
2014-11-08 14:12,6.529,0.131,0,0,0,0,v
2014-11-08 14:18,6.503,0.129,0,0,0,0,v
2014-11-08 14:24,6.476,0.113,0,0,0,0,v
2014-11-08 14:30,6.471,0.110,0,0,0,0,v
2014-11-08 14:36,6.480,0.104,0,0,0,0,v
2014-11-08 14:42,6.477,0.099,0,0,0,0,v
2014-11-08 14:48,6.475,0.103,0,0,0,0,v
2014-11-08 14:54,6.477,0.120,0,0,0,0,v
2014-11-08 15:00,6.443,0.099,0,0,0,0,v
2014-11-08 15:06,6.441,0.112,0,0,0,0,v
2014-11-08 15:12,6.443,0.119,0,0,0,0,v
2014-11-08 15:18,6.464,0.122,0,0,0,0,v
2014-11-08 15:24,6.442,0.102,0,0,0,0,v
2014-11-08 15:30,6.437,0.114,0,0,0,0,v
2014-11-08 15:36,6.437,0.110,0,0,0,0,v
2014-11-08 15:42,6.429,0.097,0,0,0,0,v
2014-11-08 15:48,6.423,0.091,0,0,0,0,v
2014-11-08 15:54,6.439,0.108,0,0,0,0,v
2014-11-08 16:00,6.454,0.095,0,0,0,0,v
2014-11-08 16:06,6.459,0.109,0,0,0,0,v
2014-11-08 16:12,6.467,0.103,0,0,0,0,v
2014-11-08 16:18,6.473,0.118,0,0,0,0,v
2014-11-08 16:24,6.477,0.100,0,0,0,0,v
2014-11-08 16:30,6.508,0.110,0,0,0,0,v
2014-11-08 16:36,6.499,0.096,0,0,0,0,v
2014-11-08 16:42,6.487,0.120,0,0,0,0,v
2014-11-08 16:48,6.510,0.114,0,0,0,0,v
2014-11-08 16:54,6.542,0.096,0,0,0,0,v
2014-11-08 17:00,6.531,0.117,0,0,0,0,v
2014-11-08 17:06,6.536,0.107,0,0,0,0,v
2014-11-08 17:12,6.554,0.103,0,0,0,0,v
2014-11-08 17:18,6.559,0.105,0,0,0,0,v
2014-11-08 17:24,6.571,0.119,0,0,0,0,v
2014-11-08 17:30,6.569,0.110,0,0,0,0,v
2014-11-08 17:36,6.606,0.095,0,0,0,0,v
2014-11-08 17:42,6.577,0.097,0,0,0,0,v
2014-11-08 17:48,6.585,0.079,0,0,0,0,v
2014-11-08 17:54,6.572,0.079,0,0,0,0,v
2014-11-08 18:00,6.581,0.106,0,0,0,0,v
2014-11-08 18:06,6.604,0.089,0,0,0,0,v
2014-11-08 18:12,6.614,0.103,0,0,0,0,v
2014-11-08 18:18,6.632,0.103,0,0,0,0,v
2014-11-08 18:24,6.623,0.100,0,0,0,0,v
2014-11-08 18:30,6.649,0.080,0,0,0,0,v
2014-11-08 18:36,6.660,0.090,0,0,0,0,v
2014-11-08 18:42,6.681,0.086,0,0,0,0,v
2014-11-08 18:48,6.715,0.098,0,0,0,0,v
2014-11-08 18:54,6.715,0.095,0,0,0,0,v
2014-11-08 19:00,6.735,0.070,0,0,0,0,v
2014-11-08 19:06,6.709,0.101,0,0,0,0,v
2014-11-08 19:12,6.737,0.087,0,0,0,0,v
2014-11-08 19:18,6.760,0.098,0,0,0,0,v
2014-11-08 19:24,6.756,0.078,0,0,0,0,v
2014-11-08 19:30,6.785,0.078,0,0,0,0,v
2014-11-08 19:36,6.804,0.086,0,0,0,0,v
2014-11-08 19:42,6.803,0.084,0,0,0,0,v
2014-11-08 19:48,6.819,0.107,0,0,0,0,v
2014-11-08 19:54,6.829,0.096,0,0,0,0,v
2014-11-08 20:00,6.846,0.094,0,0,0,0,v
2014-11-08 20:06,6.847,0.082,0,0,0,0,v
2014-11-08 20:12,6.873,0.084,0,0,0,0,v
2014-11-08 20:18,6.879,0.080,0,0,0,0,v
2014-11-08 20:24,6.904,0.080,0,0,0,0,v
2014-11-08 20:30,6.909,0.094,0,0,0,0,v
2014-11-08 20:36,6.912,0.084,0,0,0,0,v
2014-11-08 20:42,6.925,0.101,0,0,0,0,v
2014-11-08 20:48,6.943,0.082,0,0,0,0,v
2014-11-08 20:54,6.972,0.075,0,0,0,0,v
2014-11-08 21:00,6.961,0.084,0,0,0,0,v
2014-11-08 21:06,6.969,0.101,0,0,0,0,v
2014-11-08 21:12,6.979,0.093,0,0,0,0,v
2014-11-08 21:18,6.978,0.096,0,0,0,0,v
2014-11-08 21:24,6.953,0.085,0,0,0,0,v
2014-11-08 21:30,6.990,0.067,0,0,0,0,v
2014-11-08 21:36,7.013,0.087,0,0,0,0,v
2014-11-08 21:42,7.016,0.081,0,0,0,0,v
2014-11-08 21:48,7.015,0.088,0,0,0,0,v
2014-11-08 21:54,7.028,0.082,0,0,0,0,v
2014-11-08 22:00,7.005,0.075,0,0,0,0,v
2014-11-08 22:06,7.016,0.086,0,0,0,0,v
2014-11-08 22:12,7.035,0.073,0,0,0,0,v
2014-11-08 22:18,7.026,0.088,0,0,0,0,v
2014-11-08 22:24,7.016,0.078,0,0,0,0,v
2014-11-08 22:30,7.034,0.084,0,0,0,0,v
2014-11-08 22:36,7.051,0.084,0,0,0,0,v
2014-11-08 22:42,7.045,0.089,0,0,0,0,v
2014-11-08 22:48,7.044,0.079,0,0,0,0,v
2014-11-08 22:54,7.042,0.076,0,0,0,0,v
2014-11-08 23:00,7.049,0.070,0,0,0,0,v
2014-11-08 23:06,7.053,0.077,0,0,0,0,v
2014-11-08 23:12,7.065,0.090,0,0,0,0,v
2014-11-08 23:18,7.067,0.065,0,0,0,0,v
2014-11-08 23:24,7.071,0.088,0,0,0,0,v
2014-11-08 23:30,7.067,0.063,0,0,0,0,v
2014-11-08 23:36,7.056,0.093,0,0,0,0,v
2014-11-08 23:42,7.075,0.070,0,0,0,0,v
2014-11-08 23:48,7.059,0.073,0,0,0,0,v
2014-11-08 23:54,7.076,0.078,0,0,0,0,v
2014-11-09 00:00,7.082,0.073,0,0,0,0,v
2014-11-09 00:06,7.078,0.081,0,0,0,0,v
2014-11-09 00:12,7.058,0.077,0,0,0,0,v
2014-11-09 00:18,7.043,0.067,0,0,0,0,v
2014-11-09 00:24,7.021,0.073,0,0,0,0,v
2014-11-09 00:30,7.027,0.088,0,0,0,0,v
2014-11-09 00:36,7.018,0.066,0,0,0,0,v
2014-11-09 00:42,7.023,0.074,0,0,0,0,v
2014-11-09 00:48,7.032,0.078,0,0,0,0,v
2014-11-09 00:54,7.043,0.072,0,0,0,0,v
2014-11-09 01:00,7.036,0.087,0,0,0,0,v
2014-11-09 01:06,7.043,0.067,0,0,0,0,v
2014-11-09 01:12,7.034,0.086,0,0,0,0,v
2014-11-09 01:18,7.017,0.076,0,0,0,0,v
2014-11-09 01:24,7.005,0.078,0,0,0,0,v
2014-11-09 01:30,7.023,0.068,0,0,0,0,v
2014-11-09 01:36,7.016,0.071,0,0,0,0,v
2014-11-09 01:42,7.018,0.077,0,0,0,0,v
2014-11-09 01:48,7.030,0.071,0,0,0,0,v
2014-11-09 01:54,7.009,0.082,0,0,0,0,v
2014-11-09 02:00,7.019,0.077,0,0,0,0,v
2014-11-09 02:06,6.992,0.070,0,0,0,0,v
2014-11-09 02:12,7.014,0.080,0,0,0,0,v
2014-11-09 02:18,6.991,0.074,0,0,0,0,v
2014-11-09 02:24,6.979,0.066,0,0,0,0,v
2014-11-09 02:30,6.995,0.071,0,0,0,0,v
2014-11-09 02:36,6.994,0.079,0,0,0,0,v
2014-11-09 02:42,7.008,0.075,0,0,0,0,v
2014-11-09 02:48,7.008,0.082,0,0,0,0,v
2014-11-09 02:54,7.001,0.069,0,0,0,0,v
2014-11-09 03:00,6.979,0.064,0,0,0,0,v
2014-11-09 03:06,6.955,0.068,0,0,0,0,v
2014-11-09 03:12,6.976,0.071,0,0,0,0,v
2014-11-09 03:18,6.981,0.068,0,0,0,0,v
2014-11-09 03:24,6.980,0.072,0,0,0,0,v
2014-11-09 03:30,6.984,0.072,0,0,0,0,v
2014-11-09 03:36,6.978,0.059,0,0,0,0,v
2014-11-09 03:42,6.976,0.076,0,0,0,0,v
2014-11-09 03:48,6.967,0.063,0,0,0,0,v
2014-11-09 03:54,6.959,0.061,0,0,0,0,v
2014-11-09 04:00,6.968,0.065,0,0,0,0,v
2014-11-09 04:06,6.950,0.075,0,0,0,0,v
2014-11-09 04:12,6.943,0.060,0,0,0,0,v
2014-11-09 04:18,6.936,0.062,0,0,0,0,v
2014-11-09 04:24,6.926,0.068,0,0,0,0,v
2014-11-09 04:30,6.904,0.056,0,0,0,0,v
2014-11-09 04:36,6.910,0.068,0,0,0,0,v
2014-11-09 04:42,6.888,0.059,0,0,0,0,v
2014-11-09 04:48,6.905,0.071,0,0,0,0,v
2014-11-09 04:54,6.891,0.052,0,0,0,0,v
2014-11-09 05:00,6.886,0.058,0,0,0,0,v
2014-11-09 05:06,6.896,0.063,0,0,0,0,v
2014-11-09 05:12,6.876,0.058,0,0,0,0,v
2014-11-09 05:18,6.871,0.064,0,0,0,0,v
2014-11-09 05:24,6.862,0.067,0,0,0,0,v
2014-11-09 05:30,6.867,0.067,0,0,0,0,v
2014-11-09 05:36,6.858,0.060,0,0,0,0,v
2014-11-09 05:42,6.867,0.059,0,0,0,0,v
2014-11-09 05:48,6.862,0.058,0,0,0,0,v
2014-11-09 05:54,6.864,0.067,0,0,0,0,v
2014-11-09 06:00,6.880,0.060,0,0,0,0,v
2014-11-09 06:06,6.888,0.062,0,0,0,0,v
2014-11-09 06:12,6.886,0.050,0,0,0,0,v
2014-11-09 06:18,6.865,0.053,0,0,0,0,v
2014-11-09 06:24,6.857,0.052,0,0,0,0,v
2014-11-09 06:30,6.872,0.058,0,0,0,0,v
2014-11-09 06:36,6.896,0.065,0,0,0,0,v
2014-11-09 06:42,6.876,0.066,0,0,0,0,v
2014-11-09 06:48,6.871,0.054,0,0,0,0,v
2014-11-09 06:54,6.863,0.056,0,0,0,0,v
2014-11-09 07:00,6.853,0.068,0,0,0,0,v
2014-11-09 07:06,6.858,0.060,0,0,0,0,v
2014-11-09 07:12,6.858,0.064,0,0,0,0,v
2014-11-09 07:18,6.877,0.064,0,0,0,0,v
2014-11-09 07:24,6.863,0.066,0,0,0,0,v
2014-11-09 07:30,6.847,0.060,0,0,0,0,v
2014-11-09 07:36,6.850,0.062,0,0,0,0,v
2014-11-09 07:42,6.874,0.073,0,0,0,0,v
2014-11-09 07:48,6.870,0.061,0,0,0,0,v
2014-11-09 07:54,6.868,0.063,0,0,0,0,v
2014-11-09 08:00,6.880,0.056,0,0,0,0,v
2014-11-09 08:06,6.886,0.069,0,0,0,0,v
2014-11-09 08:12,6.884,0.067,0,0,0,0,v
2014-11-09 08:18,6.898,0.070,0,0,0,0,v
2014-11-09 08:24,6.889,0.063,0,0,0,0,v
2014-11-09 08:30,6.875,0.075,0,0,0,0,v
2014-11-09 08:36,6.870,0.068,0,0,0,0,v
2014-11-09 08:42,6.869,0.063,0,0,0,0,v
2014-11-09 08:48,6.879,0.057,0,0,0,0,v
2014-11-09 08:54,6.891,0.062,0,0,0,0,v
2014-11-09 09:00,6.908,0.069,0,0,0,0,v
2014-11-09 09:06,6.904,0.053,0,0,0,0,v
2014-11-09 09:12,6.884,0.066,0,0,0,0,v
2014-11-09 09:18,6.853,0.070,0,0,0,0,v
2014-11-09 09:24,6.856,0.064,0,0,0,0,v
2014-11-09 09:30,6.861,0.061,0,0,0,0,v
2014-11-09 09:36,6.844,0.068,0,0,0,0,v
2014-11-09 09:42,6.837,0.048,0,0,0,0,v
2014-11-09 09:48,6.829,0.055,0,0,0,0,v
2014-11-09 09:54,6.836,0.054,0,0,0,0,v
2014-11-09 10:00,6.817,0.064,0,0,0,0,v
2014-11-09 10:06,6.807,0.063,0,0,0,0,v
2014-11-09 10:12,6.815,0.060,0,0,0,0,v
2014-11-09 10:18,6.815,0.062,0,0,0,0,v
2014-11-09 10:24,6.812,0.073,0,0,0,0,v
2014-11-09 10:30,6.795,0.069,0,0,0,0,v
2014-11-09 10:36,6.786,0.064,0,0,0,0,v
2014-11-09 10:42,6.780,0.062,0,0,0,0,v
2014-11-09 10:48,6.760,0.060,0,0,0,0,v
2014-11-09 10:54,6.749,0.063,0,0,0,0,v
2014-11-09 11:00,6.745,0.065,0,0,0,0,v
2014-11-09 11:06,6.729,0.064,0,0,0,0,v
2014-11-09 11:12,6.720,0.069,0,0,0,0,v
2014-11-09 11:18,6.716,0.074,0,0,0,0,v
2014-11-09 11:24,6.704,0.056,0,0,0,0,v
2014-11-09 11:30,6.686,0.067,0,0,0,0,v
2014-11-09 11:36,6.683,0.065,0,0,0,0,v
2014-11-09 11:42,6.678,0.057,0,0,0,0,v
2014-11-09 11:48,6.655,0.063,0,0,0,0,v
2014-11-09 11:54,6.649,0.059,0,0,0,0,v
2014-11-09 12:00,6.621,0.064,0,0,0,0,v
2014-11-09 12:06,6.617,0.062,0,0,0,0,v
2014-11-09 12:12,6.610,0.068,0,0,0,0,v
2014-11-09 12:18,6.606,0.077,0,0,0,0,v
2014-11-09 12:24,6.597,0.069,0,0,0,0,v
2014-11-09 12:30,6.587,0.073,0,0,0,0,v
2014-11-09 12:36,6.579,0.072,0,0,0,0,v
2014-11-09 12:42,6.564,0.069,0,0,0,0,v
2014-11-09 12:48,6.546,0.061,0,0,0,0,v
2014-11-09 12:54,6.538,0.061,0,0,0,0,v
2014-11-09 13:00,6.525,0.066,0,0,0,0,v
2014-11-09 13:06,6.529,0.062,0,0,0,0,v
2014-11-09 13:12,6.522,0.059,0,0,0,0,v
2014-11-09 13:18,6.518,0.062,0,0,0,0,v
2014-11-09 13:24,6.511,0.062,0,0,0,0,v
2014-11-09 13:30,6.515,0.073,0,0,0,0,v
2014-11-09 13:36,6.523,0.059,0,0,0,0,v
2014-11-09 13:42,6.529,0.060,0,0,0,0,v
2014-11-09 13:48,6.512,0.057,0,0,0,0,v
2014-11-09 13:54,6.504,0.059,0,0,0,0,v
2014-11-09 14:00,6.493,0.058,0,0,0,0,v
2014-11-09 14:06,6.488,0.057,0,0,0,0,v
2014-11-09 14:12,6.498,0.059,0,0,0,0,v
2014-11-09 14:18,6.498,0.061,0,0,0,0,v
2014-11-09 14:24,6.489,0.062,0,0,0,0,v
2014-11-09 14:30,6.476,0.067,0,0,0,0,v
2014-11-09 14:36,6.484,0.063,0,0,0,0,v
2014-11-09 14:42,6.463,0.067,0,0,0,0,v
2014-11-09 14:48,6.470,0.072,0,0,0,0,v
2014-11-09 14:54,6.458,0.065,0,0,0,0,v
2014-11-09 15:00,6.464,0.054,0,0,0,0,v
2014-11-09 15:06,6.464,0.055,0,0,0,0,v
2014-11-09 15:12,6.466,0.064,0,0,0,0,v
2014-11-09 15:18,6.453,0.053,0,0,0,0,v
2014-11-09 15:24,6.462,0.052,0,0,0,0,v
2014-11-09 15:30,6.463,0.064,0,0,0,0,v
2014-11-09 15:36,6.457,0.062,0,0,0,0,v
2014-11-09 15:42,6.474,0.061,0,0,0,0,v
2014-11-09 15:48,6.473,0.069,0,0,0,0,v
2014-11-09 15:54,6.464,0.063,0,0,0,0,v
2014-11-09 16:00,6.453,0.056,0,0,0,0,v
2014-11-09 16:06,6.444,0.066,0,0,0,0,v
2014-11-09 16:12,6.445,0.060,0,0,0,0,v
2014-11-09 16:18,6.448,0.053,0,0,0,0,v
2014-11-09 16:24,6.464,0.063,0,0,0,0,v
2014-11-09 16:30,6.461,0.063,0,0,0,0,v
2014-11-09 16:36,6.460,0.064,0,0,0,0,v
2014-11-09 16:42,6.466,0.068,0,0,0,0,v
2014-11-09 16:48,6.465,0.058,0,0,0,0,v
2014-11-09 16:54,6.450,0.056,0,0,0,0,v
2014-11-09 17:00,6.452,0.064,0,0,0,0,v
2014-11-09 17:06,6.469,0.057,0,0,0,0,v
2014-11-09 17:12,6.475,0.058,0,0,0,0,v
2014-11-09 17:18,6.480,0.061,0,0,0,0,v
2014-11-09 17:24,6.480,0.053,0,0,0,0,v
2014-11-09 17:30,6.486,0.055,0,0,0,0,v
2014-11-09 17:36,6.490,0.055,0,0,0,0,v
2014-11-09 17:42,6.483,0.054,0,0,0,0,v
2014-11-09 17:48,6.496,0.062,0,0,0,0,v
2014-11-09 17:54,6.505,0.057,0,0,0,0,v
2014-11-09 18:00,6.517,0.055,0,0,0,0,v
2014-11-09 18:06,6.523,0.054,0,0,0,0,v
2014-11-09 18:12,6.545,0.054,0,0,0,0,v
2014-11-09 18:18,6.548,0.050,0,0,0,0,v
2014-11-09 18:24,6.556,0.057,0,0,0,0,v
2014-11-09 18:30,6.573,0.064,0,0,0,0,v
2014-11-09 18:36,6.585,0.052,0,0,0,0,v
2014-11-09 18:42,6.599,0.052,0,0,0,0,v
2014-11-09 18:48,6.624,0.052,0,0,0,0,v
2014-11-09 18:54,6.623,0.051,0,0,0,0,v
2014-11-09 19:00,6.613,0.053,0,0,0,0,v
2014-11-09 19:06,6.633,0.043,0,0,0,0,v
2014-11-09 19:12,6.643,0.060,0,0,0,0,v
2014-11-09 19:18,6.657,0.047,0,0,0,0,v
2014-11-09 19:24,6.657,0.055,0,0,0,0,v
2014-11-09 19:30,6.666,0.053,0,0,0,0,v
2014-11-09 19:36,6.688,0.050,0,0,0,0,v
2014-11-09 19:42,6.691,0.049,0,0,0,0,v
2014-11-09 19:48,6.704,0.049,0,0,0,0,v
2014-11-09 19:54,6.721,0.057,0,0,0,0,v
2014-11-09 20:00,6.739,0.049,0,0,0,0,v
2014-11-09 20:06,6.754,0.048,0,0,0,0,v
2014-11-09 20:12,6.759,0.055,0,0,0,0,v
2014-11-09 20:18,6.763,0.054,0,0,0,0,v
2014-11-09 20:24,6.763,0.050,0,0,0,0,v
2014-11-09 20:30,6.794,0.049,0,0,0,0,v
2014-11-09 20:36,6.809,0.047,0,0,0,0,v
2014-11-09 20:42,6.820,0.047,0,0,0,0,v
2014-11-09 20:48,6.843,0.045,0,0,0,0,v
2014-11-09 20:54,6.843,0.052,0,0,0,0,v
2014-11-09 21:00,6.859,0.049,0,0,0,0,v
2014-11-09 21:06,6.864,0.056,0,0,0,0,v
2014-11-09 21:12,6.862,0.047,0,0,0,0,v
2014-11-09 21:18,6.876,0.049,0,0,0,0,v
2014-11-09 21:24,6.874,0.044,0,0,0,0,v
2014-11-09 21:30,6.886,0.051,0,0,0,0,v
2014-11-09 21:36,6.890,0.054,0,0,0,0,v
2014-11-09 21:42,6.898,0.049,0,0,0,0,v
2014-11-09 21:48,6.902,0.049,0,0,0,0,v
2014-11-09 21:54,6.910,0.052,0,0,0,0,v
2014-11-09 22:00,6.927,0.048,0,0,0,0,v
2014-11-09 22:06,6.921,0.051,0,0,0,0,v
2014-11-09 22:12,6.931,0.052,0,0,0,0,v
2014-11-09 22:18,6.927,0.046,0,0,0,0,v
2014-11-09 22:24,6.941,0.052,0,0,0,0,v
2014-11-09 22:30,6.949,0.051,0,0,0,0,v
2014-11-09 22:36,6.937,0.046,0,0,0,0,v
2014-11-09 22:42,6.946,0.052,0,0,0,0,v
2014-11-09 22:48,6.945,0.045,0,0,0,0,v
2014-11-09 22:54,6.945,0.049,0,0,0,0,v
2014-11-09 23:00,6.949,0.052,0,0,0,0,v
2014-11-09 23:06,6.970,0.049,0,0,0,0,v
2014-11-09 23:12,6.967,0.049,0,0,0,0,v
2014-11-09 23:18,6.984,0.044,0,0,0,0,v
2014-11-09 23:24,6.989,0.049,0,0,0,0,v
2014-11-09 23:30,6.998,0.053,0,0,0,0,v
2014-11-09 23:36,6.987,0.045,0,0,0,0,v
2014-11-09 23:42,6.993,0.049,0,0,0,0,v
2014-11-09 23:48,6.996,0.048,0,0,0,0,v
2014-11-09 23:54,6.999,0.043,0,0,0,0,v
2014-11-10 00:00,7.007,0.052,0,0,0,0,v
2014-11-10 00:06,7.014,0.046,0,0,0,0,v
2014-11-10 00:12,7.025,0.050,0,0,0,0,v
2014-11-10 00:18,7.036,0.046,0,0,0,0,v
2014-11-10 00:24,7.042,0.054,0,0,0,0,v
2014-11-10 00:30,7.031,0.053,0,0,0,0,v
2014-11-10 00:36,7.041,0.050,0,0,0,0,v
2014-11-10 00:42,7.033,0.043,0,0,0,0,v
2014-11-10 00:48,7.043,0.047,0,0,0,0,v
2014-11-10 00:54,7.046,0.056,0,0,0,0,v
2014-11-10 01:00,7.040,0.050,0,0,0,0,v
2014-11-10 01:06,7.025,0.042,0,0,0,0,v
2014-11-10 01:12,7.013,0.044,0,0,0,0,v
2014-11-10 01:18,7.013,0.053,0,0,0,0,v
2014-11-10 01:24,7.027,0.047,0,0,0,0,v
2014-11-10 01:30,7.014,0.050,0,0,0,0,v
2014-11-10 01:36,7.020,0.045,0,0,0,0,v
2014-11-10 01:42,7.004,0.050,0,0,0,0,v
2014-11-10 01:48,6.996,0.049,0,0,0,0,v
2014-11-10 01:54,6.986,0.044,0,0,0,0,v
2014-11-10 02:00,6.989,0.047,0,0,0,0,v
2014-11-10 02:06,6.983,0.049,0,0,0,0,v
2014-11-10 02:12,6.974,0.046,0,0,0,0,v
2014-11-10 02:18,6.963,0.053,0,0,0,0,v
2014-11-10 02:24,6.965,0.047,0,0,0,0,v
2014-11-10 02:30,6.964,0.049,0,0,0,0,v
2014-11-10 02:36,6.960,0.053,0,0,0,0,v
2014-11-10 02:42,6.957,0.048,0,0,0,0,v
2014-11-10 02:48,6.967,0.046,0,0,0,0,v
2014-11-10 02:54,6.962,0.047,0,0,0,0,v
2014-11-10 03:00,6.954,0.044,0,0,0,0,v
2014-11-10 03:06,6.943,0.042,0,0,0,0,v
2014-11-10 03:12,6.946,0.049,0,0,0,0,v
2014-11-10 03:18,6.948,0.042,0,0,0,0,v
2014-11-10 03:24,6.945,0.049,0,0,0,0,v
2014-11-10 03:30,6.959,0.042,0,0,0,0,v
2014-11-10 03:36,6.955,0.041,0,0,0,0,v
2014-11-10 03:42,6.936,0.051,0,0,0,0,v
2014-11-10 03:48,6.933,0.044,0,0,0,0,v
2014-11-10 03:54,6.933,0.045,0,0,0,0,v
2014-11-10 04:00,6.926,0.042,0,0,0,0,v
2014-11-10 04:06,6.931,0.045,0,0,0,0,v
2014-11-10 04:12,6.923,0.040,0,0,0,0,v
2014-11-10 04:18,6.926,0.039,0,0,0,0,v
2014-11-10 04:24,6.917,0.046,0,0,0,0,v
2014-11-10 04:30,6.916,0.043,0,0,0,0,v
2014-11-10 04:36,6.907,0.040,0,0,0,0,v
2014-11-10 04:42,6.914,0.047,0,0,0,0,v
2014-11-10 04:48,6.919,0.038,0,0,0,0,v
2014-11-10 04:54,6.896,0.042,0,0,0,0,v
2014-11-10 05:00,6.891,0.046,0,0,0,0,v
2014-11-10 05:06,6.900,0.042,0,0,0,0,v
2014-11-10 05:12,6.910,0.043,0,0,0,0,v
2014-11-10 05:18,6.911,0.047,0,0,0,0,v
2014-11-10 05:24,6.923,0.044,0,0,0,0,v
2014-11-10 05:30,6.906,0.042,0,0,0,0,v
2014-11-10 05:36,6.903,0.042,0,0,0,0,v
2014-11-10 05:42,6.903,0.047,0,0,0,0,v
2014-11-10 05:48,6.893,0.043,0,0,0,0,v
2014-11-10 05:54,6.893,0.041,0,0,0,0,v
2014-11-10 06:00,6.878,0.046,0,0,0,0,v
2014-11-10 06:06,6.875,0.035,0,0,0,0,v
2014-11-10 06:12,6.869,0.047,0,0,0,0,v
2014-11-10 06:18,6.868,0.038,0,0,0,0,v
2014-11-10 06:24,6.867,0.047,0,0,0,0,v
2014-11-10 06:30,6.849,0.042,0,0,0,0,v
2014-11-10 06:36,6.834,0.039,0,0,0,0,v
2014-11-10 06:42,6.837,0.043,0,0,0,0,v
2014-11-10 06:48,6.847,0.043,0,0,0,0,v
2014-11-10 06:54,6.842,0.049,0,0,0,0,v
2014-11-10 07:00,6.831,0.041,0,0,0,0,v
2014-11-10 07:06,6.827,0.041,0,0,0,0,v
2014-11-10 07:12,6.816,0.039,0,0,0,0,v
2014-11-10 07:18,6.789,0.047,0,0,0,0,v
2014-11-10 07:24,6.795,0.047,0,0,0,0,v
2014-11-10 07:30,6.807,0.043,0,0,0,0,v
2014-11-10 07:36,6.803,0.041,0,0,0,0,v
2014-11-10 07:42,6.826,0.044,0,0,0,0,v
2014-11-10 07:48,6.833,0.039,0,0,0,0,v
2014-11-10 07:54,6.836,0.044,0,0,0,0,v
2014-11-10 08:00,6.835,0.041,0,0,0,0,v
2014-11-10 08:06,6.824,0.037,0,0,0,0,v
2014-11-10 08:12,6.840,0.038,0,0,0,0,v
2014-11-10 08:18,6.842,0.043,0,0,0,0,v
2014-11-10 08:24,6.836,0.036,0,0,0,0,v
2014-11-10 08:30,6.838,0.039,0,0,0,0,v
2014-11-10 08:36,6.828,0.044,0,0,0,0,v
2014-11-10 08:42,6.825,0.044,0,0,0,0,v
2014-11-10 08:48,6.846,0.044,0,0,0,0,v
2014-11-10 08:54,6.837,0.039,0,0,0,0,v
2014-11-10 09:00,6.828,0.045,0,0,0,0,v
2014-11-10 09:06,6.833,0.041,0,0,0,0,v
2014-11-10 09:12,6.825,0.046,0,0,0,0,v
2014-11-10 09:18,6.838,0.045,0,0,0,0,v
2014-11-10 09:24,6.834,0.048,0,0,0,0,v
2014-11-10 09:30,6.815,0.047,0,0,0,0,v
2014-11-10 09:36,6.825,0.042,0,0,0,0,v
2014-11-10 09:42,6.835,0.046,0,0,0,0,v
2014-11-10 09:48,6.839,0.045,0,0,0,0,v
2014-11-10 09:54,6.833,0.045,0,0,0,0,v
2014-11-10 10:00,6.838,0.046,0,0,0,0,v
2014-11-10 10:06,6.815,0.050,0,0,0,0,v
2014-11-10 10:12,6.809,0.051,0,0,0,0,v
2014-11-10 10:18,6.802,0.047,0,0,0,0,v
2014-11-10 10:24,6.785,0.052,0,0,0,0,v
2014-11-10 10:30,6.769,0.051,0,0,0,0,v
2014-11-10 10:36,6.776,0.047,0,0,0,0,v
2014-11-10 10:42,6.754,0.051,0,0,0,0,v
2014-11-10 10:48,6.763,0.058,0,0,0,0,v
2014-11-10 10:54,6.752,0.057,0,0,0,0,v
2014-11-10 11:00,6.750,0.047,0,0,0,0,v
2014-11-10 11:06,6.751,0.055,0,0,0,0,v
2014-11-10 11:12,6.739,0.052,0,0,0,0,v
2014-11-10 11:18,6.734,0.051,0,0,0,0,v
2014-11-10 11:24,6.725,0.050,0,0,0,0,v
2014-11-10 11:30,6.712,0.049,0,0,0,0,v
2014-11-10 11:36,6.716,0.049,0,0,0,0,v
2014-11-10 11:42,6.708,0.053,0,0,0,0,v
2014-11-10 11:48,6.693,0.056,0,0,0,0,v
2014-11-10 11:54,6.697,0.052,0,0,0,0,v
2014-11-10 12:00,6.694,0.052,0,0,0,0,v
2014-11-10 12:06,6.685,0.049,0,0,0,0,v
2014-11-10 12:12,6.674,0.059,0,0,0,0,v
2014-11-10 12:18,6.642,0.051,0,0,0,0,v
2014-11-10 12:24,6.633,0.049,0,0,0,0,v
2014-11-10 12:30,6.620,0.054,0,0,0,0,v
2014-11-10 12:36,6.599,0.058,0,0,0,0,v
2014-11-10 12:42,6.604,0.057,0,0,0,0,v
2014-11-10 12:48,6.595,0.061,0,0,0,0,v
2014-11-10 12:54,6.605,0.059,0,0,0,0,v
2014-11-10 13:00,6.592,0.057,0,0,0,0,v
2014-11-10 13:06,6.609,0.063,0,0,0,0,v
2014-11-10 13:12,6.599,0.057,0,0,0,0,v
2014-11-10 13:18,6.574,0.056,0,0,0,0,v
2014-11-10 13:24,6.568,0.065,0,0,0,0,v
2014-11-10 13:30,6.561,0.056,0,0,0,0,v
2014-11-10 13:36,6.563,0.057,0,0,0,0,v
2014-11-10 13:42,6.543,0.063,0,0,0,0,v
2014-11-10 13:48,6.537,0.060,0,0,0,0,v
2014-11-10 13:54,6.535,0.063,0,0,0,0,v
2014-11-10 14:00,6.548,0.056,0,0,0,0,v
2014-11-10 14:06,6.541,0.067,0,0,0,0,v
2014-11-10 14:12,6.539,0.056,0,0,0,0,v
2014-11-10 14:18,6.514,0.063,0,0,0,0,v
2014-11-10 14:24,6.522,0.069,0,0,0,0,v
2014-11-10 14:30,6.515,0.073,0,0,0,0,v
2014-11-10 14:36,6.515,0.064,0,0,0,0,v
2014-11-10 14:42,6.510,0.065,0,0,0,0,v
2014-11-10 14:48,6.520,0.056,0,0,0,0,v
2014-11-10 14:54,6.516,0.057,0,0,0,0,v
2014-11-10 15:00,6.498,0.067,0,0,0,0,v
2014-11-10 15:06,6.479,0.070,0,0,0,0,v
2014-11-10 15:12,6.474,0.063,0,0,0,0,v
2014-11-10 15:18,6.476,0.070,0,0,0,0,v
2014-11-10 15:24,6.491,0.062,0,0,0,0,v
2014-11-10 15:30,6.497,0.064,0,0,0,0,v
2014-11-10 15:36,6.479,0.074,0,0,0,0,v
2014-11-10 15:42,6.480,0.061,0,0,0,0,v
2014-11-10 15:48,6.467,0.066,0,0,0,0,v
2014-11-10 15:54,6.458,0.069,0,0,0,0,v
2014-11-10 16:00,6.466,0.070,0,0,0,0,v
2014-11-10 16:06,6.456,0.066,0,0,0,0,v
2014-11-10 16:12,6.463,0.074,0,0,0,0,v
2014-11-10 16:18,6.470,0.067,0,0,0,0,v
2014-11-10 16:24,6.459,0.071,0,0,0,0,v
2014-11-10 16:30,6.432,0.066,0,0,0,0,v
2014-11-10 16:36,6.449,0.077,0,0,0,0,v
2014-11-10 16:42,6.458,0.078,0,0,0,0,v
2014-11-10 16:48,6.464,0.062,0,0,0,0,v
2014-11-10 16:54,6.454,0.071,0,0,0,0,v
2014-11-10 17:00,6.437,0.076,0,0,0,0,v
2014-11-10 17:06,6.437,0.069,0,0,0,0,v
2014-11-10 17:12,6.442,0.074,0,0,0,0,v
2014-11-10 17:18,6.449,0.072,0,0,0,0,v
2014-11-10 17:24,6.453,0.066,0,0,0,0,v
2014-11-10 17:30,6.456,0.078,0,0,0,0,v
2014-11-10 17:36,6.456,0.072,0,0,0,0,v
2014-11-10 17:42,6.459,0.069,0,0,0,0,v
2014-11-10 17:48,6.478,0.069,0,0,0,0,v
2014-11-10 17:54,6.487,0.076,0,0,0,0,v
2014-11-10 18:00,6.490,0.000,0,0,0,0,v
2014-11-10 18:06,6.508,0.073,0,0,0,0,v
2014-11-10 18:12,6.510,0.081,0,0,0,0,v
2014-11-10 18:18,6.530,0.078,0,0,0,0,v
2014-11-10 18:24,6.533,0.088,0,0,0,0,v
2014-11-10 18:30,6.533,0.066,0,0,0,0,v
2014-11-10 18:36,6.541,0.077,0,0,0,0,v
2014-11-10 18:42,6.544,0.079,0,0,0,0,v
2014-11-10 18:48,6.569,0.081,0,0,0,0,v
2014-11-10 18:54,6.581,0.077,0,0,0,0,v
2014-11-10 19:00,6.584,0.068,0,0,0,0,v
2014-11-10 19:06,6.597,0.073,0,0,0,0,v
2014-11-10 19:12,6.596,0.083,0,0,0,0,v
2014-11-10 19:18,6.604,0.069,0,0,0,0,v
2014-11-10 19:24,6.610,0.090,0,0,0,0,v
2014-11-10 19:30,6.613,0.088,0,0,0,0,v
2014-11-10 19:36,6.618,0.092,0,0,0,0,v
2014-11-10 19:42,6.620,0.099,0,0,0,0,v
2014-11-10 19:48,6.635,0.098,0,0,0,0,v
2014-11-10 19:54,6.626,0.082,0,0,0,0,v
2014-11-10 20:00,6.642,0.078,0,0,0,0,v
2014-11-10 20:06,6.649,0.083,0,0,0,0,v
2014-11-10 20:12,6.674,0.098,0,0,0,0,v
2014-11-10 20:18,6.680,0.086,0,0,0,0,v
2014-11-10 20:24,6.700,0.084,0,0,0,0,v
2014-11-10 20:30,6.696,0.083,0,0,0,0,v
2014-11-10 20:36,6.721,0.082,0,0,0,0,v
2014-11-10 20:42,6.725,0.089,0,0,0,0,v
2014-11-10 20:48,6.740,0.103,0,0,0,0,v
2014-11-10 20:54,6.761,0.098,0,0,0,0,v
2014-11-10 21:00,6.769,0.086,0,0,0,0,v
2014-11-10 21:06,6.772,0.110,0,0,0,0,v
2014-11-10 21:12,6.793,0.097,0,0,0,0,v
2014-11-10 21:18,6.801,0.086,0,0,0,0,v
2014-11-10 21:24,6.800,0.116,0,0,0,0,v
2014-11-10 21:30,6.802,0.096,0,0,0,0,v
2014-11-10 21:36,6.819,0.101,0,0,0,0,v
2014-11-10 21:42,6.835,0.116,0,0,0,0,v
2014-11-10 21:48,6.852,0.118,0,0,0,0,v
2014-11-10 21:54,6.869,0.118,0,0,0,0,v
2014-11-10 22:00,6.888,0.105,0,0,0,0,v
2014-11-10 22:06,6.896,0.114,0,0,0,0,v
2014-11-10 22:12,6.883,0.096,0,0,0,0,v
2014-11-10 22:18,6.883,0.099,0,0,0,0,v
2014-11-10 22:24,6.899,0.105,0,0,0,0,v
2014-11-10 22:30,6.901,0.111,0,0,0,0,v
2014-11-10 22:36,6.907,0.117,0,0,0,0,v
2014-11-10 22:42,6.925,0.110,0,0,0,0,v
2014-11-10 22:48,6.921,0.104,0,0,0,0,v
2014-11-10 22:54,6.935,0.129,0,0,0,0,v
2014-11-10 23:00,6.933,0.127,0,0,0,0,v
2014-11-10 23:06,6.928,0.121,0,0,0,0,v
2014-11-10 23:12,6.937,0.125,0,0,0,0,v
2014-11-10 23:18,6.931,0.122,0,0,0,0,v
2014-11-10 23:24,6.955,0.117,0,0,0,0,v
2014-11-10 23:30,6.949,0.120,0,0,0,0,v
2014-11-10 23:36,6.951,0.116,0,0,0,0,v
2014-11-10 23:42,6.957,0.132,0,0,0,0,v
2014-11-10 23:48,6.969,0.122,0,0,0,0,v
2014-11-10 23:54,6.976,0.119,0,0,0,0,v
2014-11-11 00:00,6.961,0.129,0,0,0,0,v
2014-11-11 00:06,6.963,0.122,0,0,0,0,v
2014-11-11 00:12,6.973,0.121,0,0,0,0,v
2014-11-11 00:18,6.954,0.164,0,0,0,0,v
2014-11-11 00:24,6.962,0.124,0,0,0,0,v
2014-11-11 00:30,6.974,0.150,0,0,0,0,v
2014-11-11 00:36,6.979,0.123,0,0,0,0,v
2014-11-11 00:42,6.978,0.132,0,0,0,0,v
2014-11-11 00:48,6.962,0.113,0,0,0,0,v
2014-11-11 00:54,6.972,0.145,0,0,0,0,v
2014-11-11 01:00,6.958,0.134,0,0,0,0,v
2014-11-11 01:06,6.965,0.153,0,0,0,0,v
2014-11-11 01:12,6.979,0.122,0,0,0,0,v
2014-11-11 01:18,6.964,0.124,0,0,0,0,v
2014-11-11 01:24,6.973,0.112,0,0,0,0,v
2014-11-11 01:30,6.962,0.140,0,0,0,0,v
2014-11-11 01:36,6.968,0.134,0,0,0,0,v
2014-11-11 01:42,6.973,0.124,0,0,0,0,v
2014-11-11 01:48,6.975,0.127,0,0,0,0,v
2014-11-11 01:54,6.989,0.138,0,0,0,0,v
2014-11-11 02:00,6.996,0.125,0,0,0,0,v
2014-11-11 02:06,6.990,0.128,0,0,0,0,v
2014-11-11 02:12,6.975,0.115,0,0,0,0,v
2014-11-11 02:18,6.974,0.128,0,0,0,0,v
2014-11-11 02:24,6.966,0.120,0,0,0,0,v
2014-11-11 02:30,6.970,0.151,0,0,0,0,v
2014-11-11 02:36,6.981,0.124,0,0,0,0,v
2014-11-11 02:42,6.977,0.137,0,0,0,0,v
2014-11-11 02:48,6.966,0.113,0,0,0,0,v
2014-11-11 02:54,6.965,0.127,0,0,0,0,v
2014-11-11 03:00,6.958,0.104,0,0,0,0,v
2014-11-11 03:06,6.956,0.130,0,0,0,0,v
2014-11-11 03:12,6.950,0.130,0,0,0,0,v
2014-11-11 03:18,6.944,0.123,0,0,0,0,v
2014-11-11 03:24,6.954,0.116,0,0,0,0,v
2014-11-11 03:30,6.951,0.119,0,0,0,0,v
2014-11-11 03:36,6.967,0.127,0,0,0,0,v
2014-11-11 03:42,6.969,0.128,0,0,0,0,v
2014-11-11 03:48,6.962,0.144,0,0,0,0,v
2014-11-11 03:54,6.956,0.122,0,0,0,0,v
2014-11-11 04:00,6.954,0.100,0,0,0,0,v
2014-11-11 04:06,6.957,0.136,0,0,0,0,v
2014-11-11 04:12,6.940,0.137,0,0,0,0,v
2014-11-11 04:18,6.923,0.146,0,0,0,0,v
2014-11-11 04:24,6.930,0.148,0,0,0,0,v
2014-11-11 04:30,6.937,0.142,0,0,0,0,v
2014-11-11 04:36,6.918,0.142,0,0,0,0,v
2014-11-11 04:42,6.924,0.144,0,0,0,0,v
2014-11-11 04:48,6.912,0.143,0,0,0,0,v
2014-11-11 04:54,6.909,0.146,0,0,0,0,v
2014-11-11 05:00,6.893,0.147,0,0,0,0,v
2014-11-11 05:06,6.903,0.135,0,0,0,0,v
2014-11-11 05:12,6.902,0.144,0,0,0,0,v
2014-11-11 05:18,6.889,0.150,0,0,0,0,v
2014-11-11 05:24,6.898,0.144,0,0,0,0,v
2014-11-11 05:30,6.894,0.133,0,0,0,0,v
2014-11-11 05:36,6.878,0.151,0,0,0,0,v
2014-11-11 05:42,6.868,0.158,0,0,0,0,v
2014-11-11 05:48,6.867,0.143,0,0,0,0,v
2014-11-11 05:54,6.862,0.146,0,0,0,0,v
2014-11-11 06:00,6.850,0.167,0,0,0,0,v
2014-11-11 06:06,6.847,0.130,0,0,0,0,v
2014-11-11 06:12,6.832,0.151,0,0,0,0,v
2014-11-11 06:18,6.845,0.150,0,0,0,0,v
2014-11-11 06:24,6.846,0.164,0,0,0,0,v
2014-11-11 06:30,6.845,0.137,0,0,0,0,v
2014-11-11 06:36,6.836,0.142,0,0,0,0,v
2014-11-11 06:42,6.824,0.159,0,0,0,0,v
2014-11-11 06:48,6.844,0.159,0,0,0,0,v
2014-11-11 06:54,6.833,0.153,0,0,0,0,v
2014-11-11 07:00,6.837,0.160,0,0,0,0,v
2014-11-11 07:06,6.842,0.142,0,0,0,0,v
2014-11-11 07:12,6.839,0.140,0,0,0,0,v
2014-11-11 07:18,6.846,0.149,0,0,0,0,v
2014-11-11 07:24,6.820,0.135,0,0,0,0,v
2014-11-11 07:30,6.833,0.160,0,0,0,0,v
2014-11-11 07:36,6.824,0.127,0,0,0,0,v
2014-11-11 07:42,6.833,0.129,0,0,0,0,v
2014-11-11 07:48,6.808,0.161,0,0,0,0,v
2014-11-11 07:54,6.818,0.153,0,0,0,0,v
2014-11-11 08:00,6.815,0.155,0,0,0,0,v
2014-11-11 08:06,6.812,0.159,0,0,0,0,v
2014-11-11 08:12,6.816,0.157,0,0,0,0,v
2014-11-11 08:18,6.824,0.146,0,0,0,0,v
2014-11-11 08:24,6.822,0.128,0,0,0,0,v
2014-11-11 08:30,6.821,0.000,0,0,0,0,v
2014-11-11 08:36,6.823,0.141,0,0,0,0,v
2014-11-11 08:42,6.824,0.146,0,0,0,0,v
2014-11-11 08:48,6.822,0.151,0,0,0,0,v
2014-11-11 08:54,6.806,0.150,0,0,0,0,v
2014-11-11 09:00,6.818,0.160,0,0,0,0,v
2014-11-11 09:06,6.821,0.142,0,0,0,0,v
2014-11-11 09:12,6.826,0.145,0,0,0,0,v
2014-11-11 09:18,6.820,0.152,0,0,0,0,v
2014-11-11 09:24,6.812,0.147,0,0,0,0,v
2014-11-11 09:30,6.822,0.135,0,0,0,0,v
2014-11-11 09:36,6.816,0.145,0,0,0,0,v
2014-11-11 09:42,6.808,0.132,0,0,0,0,v
2014-11-11 09:48,6.799,0.166,0,0,0,0,v
2014-11-11 09:54,6.771,0.151,0,0,0,0,v
2014-11-11 10:00,6.759,0.144,0,0,0,0,v
2014-11-11 10:06,6.767,0.124,0,0,0,0,v
2014-11-11 10:12,6.759,0.133,0,0,0,0,v
2014-11-11 10:18,6.748,0.149,0,0,0,0,v
2014-11-11 10:24,6.759,0.144,0,0,0,0,v
2014-11-11 10:30,6.756,0.138,0,0,0,0,v
2014-11-11 10:36,6.755,0.141,0,0,0,0,v
2014-11-11 10:42,6.745,0.138,0,0,0,0,v
2014-11-11 10:48,6.748,0.146,0,0,0,0,v
2014-11-11 10:54,6.739,0.147,0,0,0,0,v
2014-11-11 11:00,6.742,0.138,0,0,0,0,v
2014-11-11 11:06,6.746,0.142,0,0,0,0,v
2014-11-11 11:12,6.740,0.156,0,0,0,0,v
2014-11-11 11:18,6.728,0.130,0,0,0,0,v
2014-11-11 11:24,6.695,0.150,0,0,0,0,v
2014-11-11 11:30,6.698,0.146,0,0,0,0,v
2014-11-11 11:36,6.688,0.134,0,0,0,0,v
2014-11-11 11:42,6.678,0.143,0,0,0,0,v
2014-11-11 11:48,6.670,0.141,0,0,0,0,v
2014-11-11 11:54,6.657,0.133,0,0,0,0,v
2014-11-11 12:00,6.667,0.134,0,0,0,0,v
2014-11-11 12:06,6.645,0.151,0,0,0,0,v
2014-11-11 12:12,6.658,0.141,0,0,0,0,v
2014-11-11 12:18,6.651,0.144,0,0,0,0,v
2014-11-11 12:24,6.661,0.113,0,0,0,0,v
2014-11-11 12:30,6.645,0.145,0,0,0,0,v
2014-11-11 12:36,6.656,0.143,0,0,0,0,v
2014-11-11 12:42,6.641,0.124,0,0,0,0,v
2014-11-11 12:48,6.630,0.141,0,0,0,0,v
2014-11-11 12:54,6.612,0.124,0,0,0,0,v
2014-11-11 13:00,6.627,0.129,0,0,0,0,v
2014-11-11 13:06,6.614,0.146,0,0,0,0,v
2014-11-11 13:12,6.597,0.116,0,0,0,0,v
2014-11-11 13:18,6.596,0.127,0,0,0,0,v
2014-11-11 13:24,6.556,0.144,0,0,0,0,v
2014-11-11 13:30,6.578,0.123,0,0,0,0,v
2014-11-11 13:36,6.577,0.123,0,0,0,0,v
2014-11-11 13:42,6.555,0.142,0,0,0,0,v
2014-11-11 13:48,6.547,0.126,0,0,0,0,v
2014-11-11 13:54,6.550,0.143,0,0,0,0,v
2014-11-11 14:00,6.551,0.124,0,0,0,0,v
2014-11-11 14:06,6.535,0.126,0,0,0,0,v
2014-11-11 14:12,6.537,0.141,0,0,0,0,v
2014-11-11 14:18,6.544,0.132,0,0,0,0,v
2014-11-11 14:24,6.545,0.125,0,0,0,0,v
2014-11-11 14:30,6.555,0.139,0,0,0,0,v
2014-11-11 14:36,6.526,0.116,0,0,0,0,v
2014-11-11 14:42,6.538,0.126,0,0,0,0,v
2014-11-11 14:48,6.530,0.132,0,0,0,0,v
2014-11-11 14:54,6.493,0.144,0,0,0,0,v
2014-11-11 15:00,6.489,0.124,0,0,0,0,v
2014-11-11 15:06,6.489,0.104,0,0,0,0,v
2014-11-11 15:12,6.503,0.133,0,0,0,0,v
2014-11-11 15:18,6.514,0.114,0,0,0,0,v
2014-11-11 15:24,6.472,0.135,0,0,0,0,v
2014-11-11 15:30,6.477,0.129,0,0,0,0,v
2014-11-11 15:36,6.450,0.125,0,0,0,0,v
2014-11-11 15:42,6.470,0.124,0,0,0,0,v
2014-11-11 15:48,6.490,0.112,0,0,0,0,v
2014-11-11 15:54,6.458,0.134,0,0,0,0,v
2014-11-11 16:00,6.447,0.118,0,0,0,0,v
2014-11-11 16:06,6.409,0.121,0,0,0,0,v
2014-11-11 16:12,6.433,0.127,0,0,0,0,v
2014-11-11 16:18,6.450,0.121,0,0,0,0,v
2014-11-11 16:24,6.464,0.124,0,0,0,0,v
2014-11-11 16:30,6.464,0.133,0,0,0,0,v
2014-11-11 16:36,6.443,0.106,0,0,0,0,v
2014-11-11 16:42,6.425,0.124,0,0,0,0,v
2014-11-11 16:48,6.384,0.113,0,0,0,0,v
2014-11-11 16:54,6.383,0.120,0,0,0,0,v
2014-11-11 17:00,6.413,0.100,0,0,0,0,v
2014-11-11 17:06,6.427,0.126,0,0,0,0,v
2014-11-11 17:12,6.437,0.107,0,0,0,0,v
2014-11-11 17:18,6.395,0.138,0,0,0,0,v
2014-11-11 17:24,6.398,0.140,0,0,0,0,v
2014-11-11 17:30,6.419,0.124,0,0,0,0,v
2014-11-11 17:36,6.415,0.111,0,0,0,0,v
2014-11-11 17:42,6.403,0.121,0,0,0,0,v
2014-11-11 17:48,6.413,0.131,0,0,0,0,v
2014-11-11 17:54,6.405,0.130,0,0,0,0,v
2014-11-11 18:00,6.423,0.142,0,0,0,0,v
2014-11-11 18:06,6.397,0.140,0,0,0,0,v
2014-11-11 18:12,6.420,0.119,0,0,0,0,v
2014-11-11 18:18,6.426,0.145,0,0,0,0,v
2014-11-11 18:24,6.425,0.131,0,0,0,0,v
2014-11-11 18:30,6.425,0.125,0,0,0,0,v
2014-11-11 18:36,6.461,0.121,0,0,0,0,v
2014-11-11 18:42,6.441,0.132,0,0,0,0,v
2014-11-11 18:48,6.460,0.130,0,0,0,0,v
2014-11-11 18:54,6.464,0.118,0,0,0,0,v
2014-11-11 19:00,6.443,0.132,0,0,0,0,v
2014-11-11 19:06,6.448,0.133,0,0,0,0,v
2014-11-11 19:12,6.459,0.119,0,0,0,0,v
2014-11-11 19:18,6.478,0.128,0,0,0,0,v
2014-11-11 19:24,6.467,0.129,0,0,0,0,v
2014-11-11 19:30,6.506,0.113,0,0,0,0,v
2014-11-11 19:36,6.503,0.122,0,0,0,0,v
2014-11-11 19:42,6.521,0.123,0,0,0,0,v
2014-11-11 19:48,6.506,0.122,0,0,0,0,v
2014-11-11 19:54,6.509,0.136,0,0,0,0,v
2014-11-11 20:00,6.526,0.111,0,0,0,0,v
2014-11-11 20:06,6.553,0.123,0,0,0,0,v
2014-11-11 20:12,6.585,0.128,0,0,0,0,v
2014-11-11 20:18,6.576,0.118,0,0,0,0,v
2014-11-11 20:24,6.617,0.113,0,0,0,0,v
2014-11-11 20:30,6.706,0.126,0,0,0,0,v
2014-11-11 20:36,6.724,0.131,0,0,0,0,v
2014-11-11 20:42,6.716,0.134,0,0,0,0,v
2014-11-11 20:48,6.686,0.125,0,0,0,0,v
2014-11-11 20:54,6.677,0.117,0,0,0,0,v
2014-11-11 21:00,6.671,0.108,0,0,0,0,v
2014-11-11 21:06,6.689,0.110,0,0,0,0,v
2014-11-11 21:12,6.729,0.110,0,0,0,0,v
2014-11-11 21:18,6.726,0.116,0,0,0,0,v
2014-11-11 21:24,6.705,0.106,0,0,0,0,v
2014-11-11 21:30,6.701,0.100,0,0,0,0,v
2014-11-11 21:36,6.690,0.111,0,0,0,0,v
2014-11-11 21:42,6.706,0.103,0,0,0,0,v
2014-11-11 21:48,6.700,0.109,0,0,0,0,v
2014-11-11 21:54,6.710,0.112,0,0,0,0,v
2014-11-11 22:00,6.702,0.109,0,0,0,0,v
2014-11-11 22:06,6.722,0.122,0,0,0,0,v
2014-11-11 22:12,6.732,0.106,0,0,0,0,v
2014-11-11 22:18,6.741,0.117,0,0,0,0,v
2014-11-11 22:24,6.728,0.099,0,0,0,0,v
2014-11-11 22:30,6.727,0.096,0,0,0,0,v
2014-11-11 22:36,6.720,0.126,0,0,0,0,v
2014-11-11 22:42,6.752,0.099,0,0,0,0,v
2014-11-11 22:48,6.770,0.087,0,0,0,0,v
2014-11-11 22:54,6.773,0.102,0,0,0,0,v
2014-11-11 23:00,6.779,0.107,0,0,0,0,v
2014-11-11 23:06,6.784,0.126,0,0,0,0,v
2014-11-11 23:12,6.789,0.112,0,0,0,0,v
2014-11-11 23:18,6.815,0.101,0,0,0,0,v
2014-11-11 23:24,6.848,0.103,0,0,0,0,v
2014-11-11 23:30,6.847,0.114,0,0,0,0,v
2014-11-11 23:36,6.853,0.113,0,0,0,0,v
2014-11-11 23:42,6.842,0.122,0,0,0,0,v
2014-11-11 23:48,6.870,0.129,0,0,0,0,v
2014-11-11 23:54,6.888,0.107,0,0,0,0,v
2014-11-12 00:00,6.894,0.108,0,0,0,0,v
2014-11-12 00:06,6.862,0.116,0,0,0,0,v
2014-11-12 00:12,6.881,0.118,0,0,0,0,v
2014-11-12 00:18,6.890,0.103,0,0,0,0,v
2014-11-12 00:24,6.907,0.118,0,0,0,0,v
2014-11-12 00:30,6.930,0.107,0,0,0,0,v
2014-11-12 00:36,6.897,0.109,0,0,0,0,v
2014-11-12 00:42,6.897,0.111,0,0,0,0,v
2014-11-12 00:48,6.908,0.125,0,0,0,0,v
2014-11-12 00:54,6.927,0.113,0,0,0,0,v
2014-11-12 01:00,6.932,0.106,0,0,0,0,v
2014-11-12 01:06,6.944,0.111,0,0,0,0,v
2014-11-12 01:12,6.939,0.097,0,0,0,0,v
2014-11-12 01:18,6.941,0.117,0,0,0,0,v
2014-11-12 01:24,6.937,0.100,0,0,0,0,v
2014-11-12 01:30,6.966,0.132,0,0,0,0,v
2014-11-12 01:36,6.955,0.110,0,0,0,0,v
2014-11-12 01:42,6.968,0.122,0,0,0,0,v
2014-11-12 01:48,6.960,0.110,0,0,0,0,v
2014-11-12 01:54,6.962,0.108,0,0,0,0,v
2014-11-12 02:00,6.968,0.114,0,0,0,0,v
2014-11-12 02:06,6.993,0.116,0,0,0,0,v
2014-11-12 02:12,6.989,0.106,0,0,0,0,v
2014-11-12 02:18,6.995,0.110,0,0,0,0,v
2014-11-12 02:24,6.969,0.098,0,0,0,0,v
2014-11-12 02:30,6.956,0.112,0,0,0,0,v
2014-11-12 02:36,6.971,0.101,0,0,0,0,v
2014-11-12 02:42,6.955,0.109,0,0,0,0,v
2014-11-12 02:48,6.958,0.118,0,0,0,0,v
2014-11-12 02:54,6.975,0.112,0,0,0,0,v
2014-11-12 03:00,6.967,0.122,0,0,0,0,v
2014-11-12 03:06,6.955,0.124,0,0,0,0,v
2014-11-12 03:12,6.950,0.123,0,0,0,0,v
2014-11-12 03:18,6.975,0.110,0,0,0,0,v
2014-11-12 03:24,6.980,0.108,0,0,0,0,v
2014-11-12 03:30,6.995,0.106,0,0,0,0,v
2014-11-12 03:36,6.961,0.120,0,0,0,0,v
2014-11-12 03:42,6.957,0.119,0,0,0,0,v
2014-11-12 03:48,6.975,0.105,0,0,0,0,v
2014-11-12 03:54,6.985,0.106,0,0,0,0,v
2014-11-12 04:00,6.973,0.107,0,0,0,0,v
2014-11-12 04:06,6.944,0.109,0,0,0,0,v
2014-11-12 04:12,6.960,0.118,0,0,0,0,v
2014-11-12 04:18,6.949,0.115,0,0,0,0,v
2014-11-12 04:24,6.952,0.103,0,0,0,0,v
2014-11-12 04:30,6.945,0.134,0,0,0,0,v
2014-11-12 04:36,6.948,0.117,0,0,0,0,v
2014-11-12 04:42,6.954,0.109,0,0,0,0,v
2014-11-12 04:48,6.990,0.130,0,0,0,0,v
2014-11-12 04:54,6.977,0.089,0,0,0,0,v
2014-11-12 05:00,6.935,0.131,0,0,0,0,v
2014-11-12 05:06,6.949,0.125,0,0,0,0,v
2014-11-12 05:12,6.939,0.113,0,0,0,0,v
2014-11-12 05:18,6.942,0.111,0,0,0,0,v
2014-11-12 05:24,6.933,0.118,0,0,0,0,v
2014-11-12 05:30,6.936,0.130,0,0,0,0,v
2014-11-12 05:36,6.951,0.125,0,0,0,0,v
2014-11-12 05:42,6.952,0.111,0,0,0,0,v
2014-11-12 05:48,6.941,0.114,0,0,0,0,v
2014-11-12 05:54,6.945,0.120,0,0,0,0,v
2014-11-12 06:00,6.946,0.126,0,0,0,0,v
2014-11-12 06:06,6.960,0.118,0,0,0,0,v
2014-11-12 06:12,6.949,0.108,0,0,0,0,v
2014-11-12 06:18,6.937,0.104,0,0,0,0,v
2014-11-12 06:24,6.918,0.109,0,0,0,0,v
2014-11-12 06:30,6.907,0.097,0,0,0,0,v
2014-11-12 06:36,6.906,0.131,0,0,0,0,v
2014-11-12 06:42,6.907,0.105,0,0,0,0,v
2014-11-12 06:48,6.889,0.115,0,0,0,0,v
2014-11-12 06:54,6.906,0.117,0,0,0,0,v
2014-11-12 07:00,6.892,0.121,0,0,0,0,v
2014-11-12 07:06,6.900,0.122,0,0,0,0,v
2014-11-12 07:12,6.882,0.122,0,0,0,0,v
2014-11-12 07:18,6.907,0.120,0,0,0,0,v
2014-11-12 07:24,6.918,0.115,0,0,0,0,v
2014-11-12 07:30,6.911,0.129,0,0,0,0,v
2014-11-12 07:36,6.895,0.122,0,0,0,0,v
2014-11-12 07:42,6.866,0.120,0,0,0,0,v
2014-11-12 07:48,6.874,0.125,0,0,0,0,v
2014-11-12 07:54,6.877,0.112,0,0,0,0,v
2014-11-12 08:00,6.884,0.107,0,0,0,0,v
2014-11-12 08:06,6.868,0.118,0,0,0,0,v
2014-11-12 08:12,6.862,0.111,0,0,0,0,v
2014-11-12 08:18,6.849,0.129,0,0,0,0,v
2014-11-12 08:24,6.852,0.114,0,0,0,0,v
2014-11-12 08:30,6.864,0.121,0,0,0,0,v
2014-11-12 08:36,6.884,0.123,0,0,0,0,v
2014-11-12 08:42,6.883,0.120,0,0,0,0,v
2014-11-12 08:48,6.892,0.111,0,0,0,0,v
2014-11-12 08:54,6.916,0.122,0,0,0,0,v
2014-11-12 09:00,6.882,0.000,0,0,0,0,v
2014-11-12 09:06,6.850,0.123,0,0,0,0,v
2014-11-12 09:12,6.844,0.111,0,0,0,0,v
2014-11-12 09:18,6.853,0.108,0,0,0,0,v
2014-11-12 09:24,6.846,0.096,0,0,0,0,v
2014-11-12 09:30,6.836,0.111,0,0,0,0,v
2014-11-12 09:36,6.859,0.117,0,0,0,0,v
2014-11-12 09:42,6.847,0.120,0,0,0,0,v
2014-11-12 09:48,6.860,0.115,0,0,0,0,v
2014-11-12 09:54,6.836,0.133,0,0,0,0,v
2014-11-12 10:00,6.838,0.118,0,0,0,0,v
2014-11-12 10:06,6.823,0.108,0,0,0,0,v
2014-11-12 10:12,6.835,0.126,0,0,0,0,v
2014-11-12 10:18,6.848,0.098,0,0,0,0,v
2014-11-12 10:24,6.822,0.107,0,0,0,0,v
2014-11-12 10:30,6.851,0.116,0,0,0,0,v
2014-11-12 10:36,6.836,0.103,0,0,0,0,v
2014-11-12 10:42,6.841,0.117,0,0,0,0,v
2014-11-12 10:48,6.846,0.116,0,0,0,0,v
2014-11-12 10:54,6.832,0.119,0,0,0,0,v
2014-11-12 11:00,6.818,0.114,0,0,0,0,v
2014-11-12 11:06,6.803,0.109,0,0,0,0,v
2014-11-12 11:12,6.812,0.093,0,0,0,0,v
2014-11-12 11:18,6.831,0.118,0,0,0,0,v
2014-11-12 11:24,6.811,0.103,0,0,0,0,v
2014-11-12 11:30,6.804,0.111,0,0,0,0,v
2014-11-12 11:36,6.787,0.115,0,0,0,0,v
2014-11-12 11:42,6.803,0.108,0,0,0,0,v
2014-11-12 11:48,6.813,0.111,0,0,0,0,v
2014-11-12 11:54,6.800,0.111,0,0,0,0,v
2014-11-12 12:00,6.808,0.098,0,0,0,0,v
2014-11-12 12:06,6.772,0.106,0,0,0,0,v
2014-11-12 12:12,6.781,0.114,0,0,0,0,v
2014-11-12 12:18,6.784,0.120,0,0,0,0,v
2014-11-12 12:24,6.783,0.104,0,0,0,0,v
2014-11-12 12:30,6.785,0.123,0,0,0,0,v
2014-11-12 12:36,6.787,0.120,0,0,0,0,v
2014-11-12 12:42,6.768,0.106,0,0,0,0,v
2014-11-12 12:48,6.766,0.113,0,0,0,0,v
2014-11-12 12:54,6.766,0.128,0,0,0,0,v
2014-11-12 13:00,6.753,0.000,0,0,0,0,v
2014-11-12 13:06,6.745,0.136,0,0,0,0,v
2014-11-12 13:12,6.758,0.106,0,0,0,0,v
2014-11-12 13:18,6.735,0.128,0,0,0,0,v
2014-11-12 13:24,6.745,0.122,0,0,0,0,v
2014-11-12 13:30,6.731,0.107,0,0,0,0,v
2014-11-12 13:36,6.698,0.115,0,0,0,0,v
2014-11-12 13:42,6.696,0.116,0,0,0,0,v
2014-11-12 13:48,6.701,0.115,0,0,0,0,v
2014-11-12 13:54,6.686,0.119,0,0,0,0,v
2014-11-12 14:00,6.660,0.130,0,0,0,0,v
2014-11-12 14:06,6.665,0.119,0,0,0,0,v
2014-11-12 14:12,6.641,0.000,0,0,0,0,v
2014-11-12 14:18,6.655,0.125,0,0,0,0,v
2014-11-12 14:24,6.645,0.097,0,0,0,0,v
2014-11-12 14:30,6.622,0.114,0,0,0,0,v
2014-11-12 14:36,6.628,0.126,0,0,0,0,v
2014-11-12 14:42,6.671,0.112,0,0,0,0,v
2014-11-12 14:48,6.641,0.114,0,0,0,0,v
2014-11-12 14:54,6.639,0.110,0,0,0,0,v
2014-11-12 15:00,6.622,0.100,0,0,0,0,v
2014-11-12 15:06,6.624,0.092,0,0,0,0,v
2014-11-12 15:12,6.625,0.106,0,0,0,0,v
2014-11-12 15:18,6.632,0.100,0,0,0,0,v
2014-11-12 15:24,6.610,0.120,0,0,0,0,v
2014-11-12 15:30,6.606,0.124,0,0,0,0,v
2014-11-12 15:36,6.603,0.119,0,0,0,0,v
2014-11-12 15:42,6.613,0.112,0,0,0,0,v
2014-11-12 15:48,6.604,0.116,0,0,0,0,v
2014-11-12 15:54,6.591,0.121,0,0,0,0,v
2014-11-12 16:00,6.602,0.121,0,0,0,0,v
2014-11-12 16:06,6.597,0.110,0,0,0,0,v
2014-11-12 16:12,6.578,0.121,0,0,0,0,v
2014-11-12 16:18,6.564,0.099,0,0,0,0,v
2014-11-12 16:24,6.567,0.128,0,0,0,0,v
2014-11-12 16:30,6.587,0.101,0,0,0,0,v
2014-11-12 16:36,6.581,0.125,0,0,0,0,v
2014-11-12 16:42,6.576,0.115,0,0,0,0,v
2014-11-12 16:48,6.564,0.118,0,0,0,0,v
2014-11-12 16:54,6.561,0.117,0,0,0,0,v
2014-11-12 17:00,6.600,0.000,0,0,0,0,v
2014-11-12 17:06,6.545,0.117,0,0,0,0,v
2014-11-12 17:12,6.533,0.122,0,0,0,0,v
2014-11-12 17:18,6.521,0.113,0,0,0,0,v
2014-11-12 17:24,6.525,0.137,0,0,0,0,v
2014-11-12 17:30,6.509,0.114,0,0,0,0,v
2014-11-12 17:36,6.531,0.128,0,0,0,0,v
2014-11-12 17:42,6.528,0.104,0,0,0,0,v
2014-11-12 17:48,6.529,0.127,0,0,0,0,v
2014-11-12 17:54,6.511,0.122,0,0,0,0,v
2014-11-12 18:00,6.507,0.108,0,0,0,0,v
2014-11-12 18:06,6.541,0.132,0,0,0,0,v
2014-11-12 18:12,6.531,0.000,0,0,0,0,v
2014-11-12 18:18,6.506,0.127,0,0,0,0,v
2014-11-12 18:24,6.525,0.108,0,0,0,0,v
2014-11-12 18:30,6.541,0.120,0,0,0,0,v
2014-11-12 18:36,6.530,0.120,0,0,0,0,v
2014-11-12 18:42,6.492,0.128,0,0,0,0,v
2014-11-12 18:48,6.517,0.105,0,0,0,0,v
2014-11-12 18:54,6.508,0.115,0,0,0,0,v
2014-11-12 19:00,6.515,0.119,0,0,0,0,v
2014-11-12 19:06,6.518,0.137,0,0,0,0,v
2014-11-12 19:12,6.507,0.131,0,0,0,0,v
2014-11-12 19:18,6.504,0.127,0,0,0,0,v
2014-11-12 19:24,6.514,0.103,0,0,0,0,v
2014-11-12 19:30,6.499,0.116,0,0,0,0,v
2014-11-12 19:36,6.499,0.111,0,0,0,0,v
2014-11-12 19:42,6.527,0.108,0,0,0,0,v
2014-11-12 19:48,6.537,0.117,0,0,0,0,v
2014-11-12 19:54,6.533,0.107,0,0,0,0,v
2014-11-12 20:00,6.543,0.102,0,0,0,0,v
2014-11-12 20:06,6.540,0.127,0,0,0,0,v
2014-11-12 20:12,6.538,0.105,0,0,0,0,v
2014-11-12 20:18,6.543,0.122,0,0,0,0,v
2014-11-12 20:24,6.577,0.102,0,0,0,0,v
2014-11-12 20:30,6.558,0.122,0,0,0,0,v
2014-11-12 20:36,6.550,0.114,0,0,0,0,v
2014-11-12 20:42,6.565,0.104,0,0,0,0,v
2014-11-12 20:48,6.603,0.098,0,0,0,0,v
2014-11-12 20:54,6.611,0.121,0,0,0,0,v
2014-11-12 21:00,6.597,0.111,0,0,0,0,v
2014-11-12 21:06,6.622,0.114,0,0,0,0,v
2014-11-12 21:12,6.627,0.102,0,0,0,0,v
2014-11-12 21:18,6.602,0.123,0,0,0,0,v
2014-11-12 21:24,6.643,0.102,0,0,0,0,v
2014-11-12 21:30,6.642,0.110,0,0,0,0,v
2014-11-12 21:36,6.680,0.121,0,0,0,0,v
2014-11-12 21:42,6.693,0.097,0,0,0,0,v
2014-11-12 21:48,6.684,0.086,0,0,0,0,v
2014-11-12 21:54,6.687,0.120,0,0,0,0,v
2014-11-12 22:00,6.685,0.102,0,0,0,0,v
2014-11-12 22:06,6.686,0.100,0,0,0,0,v
2014-11-12 22:12,6.701,0.000,0,0,0,0,v
2014-11-12 22:18,6.723,0.099,0,0,0,0,v
2014-11-12 22:24,6.726,0.000,0,0,0,0,v
2014-11-12 22:30,6.733,0.105,0,0,0,0,v
2014-11-12 22:36,6.718,0.096,0,0,0,0,v
2014-11-12 22:42,6.727,0.096,0,0,0,0,v
2014-11-12 22:48,6.753,0.107,0,0,0,0,v
2014-11-12 22:54,6.754,0.000,1,0,0,0,v
2014-11-12 23:00,6.761,0.000,1,0,0,0,v
2014-11-12 23:06,6.763,0.000,1,0,0,0,v
2014-11-12 23:12,6.753,0.000,0,0,0,0,v
2014-11-12 23:18,6.771,0.088,0,0,0,0,v
2014-11-12 23:24,6.767,0.099,0,0,0,0,v
2014-11-12 23:30,6.780,0.100,0,0,0,0,v
2014-11-12 23:36,6.792,0.100,0,0,0,0,v
2014-11-12 23:42,6.803,0.110,0,0,0,0,v
2014-11-12 23:48,6.817,0.095,0,0,0,0,v
2014-11-12 23:54,6.824,0.105,0,0,0,0,v
2014-11-13 00:00,6.815,0.000,0,0,0,0,v
2014-11-13 00:06,6.838,0.106,0,0,0,0,v
2014-11-13 00:12,6.837,0.092,0,0,0,0,v
2014-11-13 00:18,6.842,0.115,0,0,0,0,v
2014-11-13 00:24,6.860,0.099,0,0,0,0,v
2014-11-13 00:30,6.862,0.000,0,0,0,0,v
2014-11-13 00:36,6.871,0.106,0,0,0,0,v
2014-11-13 00:42,6.861,0.115,0,0,0,0,v
2014-11-13 00:48,6.861,0.108,0,0,0,0,v
2014-11-13 00:54,6.838,0.107,0,0,0,0,v
2014-11-13 01:00,6.854,0.081,0,0,0,0,v
2014-11-13 01:06,6.861,0.100,0,0,0,0,v
2014-11-13 01:12,6.882,0.081,0,0,0,0,v
2014-11-13 01:18,6.888,0.112,0,0,0,0,v
2014-11-13 01:24,6.891,0.117,0,0,0,0,v
2014-11-13 01:30,6.901,0.098,0,0,0,0,v
2014-11-13 01:36,6.919,0.096,0,0,0,0,v
2014-11-13 01:42,6.912,0.125,0,0,0,0,v
2014-11-13 01:48,6.908,0.094,0,0,0,0,v
2014-11-13 01:54,6.929,0.102,0,0,0,0,v
2014-11-13 02:00,6.917,0.098,0,0,0,0,v
2014-11-13 02:06,6.882,0.109,0,0,0,0,v
2014-11-13 02:12,6.915,0.119,0,0,0,0,v
2014-11-13 02:18,6.893,0.110,0,0,0,0,v
2014-11-13 02:24,6.925,0.094,0,0,0,0,v
2014-11-13 02:30,6.928,0.104,0,0,0,0,v
2014-11-13 02:36,6.892,0.128,0,0,0,0,v
2014-11-13 02:42,6.910,0.109,0,0,0,0,v
2014-11-13 02:48,6.934,0.095,0,0,0,0,v
2014-11-13 02:54,6.898,0.134,0,0,0,0,v
2014-11-13 03:00,6.881,0.110,0,0,0,0,v
2014-11-13 03:06,6.912,0.120,0,0,0,0,v
2014-11-13 03:12,6.921,0.115,0,0,0,0,v
2014-11-13 03:18,6.914,0.092,0,0,0,0,v
2014-11-13 03:24,6.908,0.122,0,0,0,0,v
2014-11-13 03:30,6.927,0.110,0,0,0,0,v
2014-11-13 03:36,6.929,0.134,0,0,0,0,v
2014-11-13 03:42,6.932,0.105,0,0,0,0,v
2014-11-13 03:48,6.945,0.114,0,0,0,0,v
2014-11-13 03:54,6.947,0.105,0,0,0,0,v
2014-11-13 04:00,6.948,0.115,0,0,0,0,v
2014-11-13 04:06,6.928,0.137,0,0,0,0,v
2014-11-13 04:12,6.948,0.111,0,0,0,0,v
2014-11-13 04:18,6.935,0.124,0,0,0,0,v
2014-11-13 04:24,6.951,0.125,0,0,0,0,v
2014-11-13 04:30,6.948,0.126,0,0,0,0,v
2014-11-13 04:36,6.926,0.140,0,0,0,0,v
2014-11-13 04:42,6.905,0.138,0,0,0,0,v
2014-11-13 04:48,6.900,0.132,0,0,0,0,v
2014-11-13 04:54,6.898,0.110,0,0,0,0,v
2014-11-13 05:00,6.884,0.123,0,0,0,0,v
2014-11-13 05:06,6.858,0.125,0,0,0,0,v
2014-11-13 05:12,6.880,0.110,0,0,0,0,v
2014-11-13 05:18,6.906,0.128,0,0,0,0,v
2014-11-13 05:24,6.898,0.149,0,0,0,0,v
2014-11-13 05:30,6.877,0.134,0,0,0,0,v
2014-11-13 05:36,6.911,0.125,0,0,0,0,v
2014-11-13 05:42,6.894,0.122,0,0,0,0,v
2014-11-13 05:48,6.896,0.130,0,0,0,0,v
2014-11-13 05:54,6.900,0.127,0,0,0,0,v
2014-11-13 06:00,6.868,0.122,0,0,0,0,v
2014-11-13 06:06,6.860,0.126,0,0,0,0,v
2014-11-13 06:12,6.880,0.150,0,0,0,0,v
2014-11-13 06:18,6.879,0.113,0,0,0,0,v
2014-11-13 06:24,6.879,0.139,0,0,0,0,v
2014-11-13 06:30,6.863,0.111,0,0,0,0,v
2014-11-13 06:36,6.864,0.142,0,0,0,0,v
2014-11-13 06:42,6.846,0.127,0,0,0,0,v
2014-11-13 06:48,6.852,0.136,0,0,0,0,v
2014-11-13 06:54,6.821,0.137,0,0,0,0,v
2014-11-13 07:00,6.816,0.120,0,0,0,0,v
2014-11-13 07:06,6.802,0.124,0,0,0,0,v
2014-11-13 07:12,6.815,0.141,0,0,0,0,v
2014-11-13 07:18,6.805,0.135,0,0,0,0,v
2014-11-13 07:24,6.770,0.137,0,0,0,0,v
2014-11-13 07:30,6.762,0.127,0,0,0,0,v
2014-11-13 07:36,6.774,0.123,0,0,0,0,v
2014-11-13 07:42,6.790,0.131,0,0,0,0,v
2014-11-13 07:48,6.780,0.134,0,0,0,0,v
2014-11-13 07:54,6.777,0.129,0,0,0,0,v
2014-11-13 08:00,6.781,0.132,0,0,0,0,v
2014-11-13 08:06,6.794,0.114,0,0,0,0,v
2014-11-13 08:12,6.792,0.128,0,0,0,0,v
2014-11-13 08:18,6.806,0.125,0,0,0,0,v
2014-11-13 08:24,6.803,0.131,0,0,0,0,v
2014-11-13 08:30,6.785,0.117,0,0,0,0,v
2014-11-13 08:36,6.786,0.143,0,0,0,0,v
2014-11-13 08:42,6.798,0.151,0,0,0,0,v
2014-11-13 08:48,6.782,0.113,0,0,0,0,v
2014-11-13 08:54,6.784,0.134,0,0,0,0,v
2014-11-13 09:00,6.777,0.160,0,0,0,0,v
2014-11-13 09:06,6.793,0.145,0,0,0,0,v
2014-11-13 09:12,6.776,0.129,0,0,0,0,v
2014-11-13 09:18,6.778,0.134,0,0,0,0,v
2014-11-13 09:24,6.773,0.126,0,0,0,0,v
2014-11-13 09:30,6.804,0.120,0,0,0,0,v
2014-11-13 09:36,6.802,0.139,0,0,0,0,v
2014-11-13 09:42,6.789,0.137,0,0,0,0,v
2014-11-13 09:48,6.793,0.149,0,0,0,0,v
2014-11-13 09:54,6.773,0.135,0,0,0,0,v
2014-11-13 10:00,6.777,0.152,0,0,0,0,v
2014-11-13 10:06,6.764,0.137,0,0,0,0,v
2014-11-13 10:12,6.765,0.139,0,0,0,0,v
2014-11-13 10:18,6.751,0.167,0,0,0,0,v
2014-11-13 10:24,6.775,0.144,0,0,0,0,v
2014-11-13 10:30,6.789,0.141,0,0,0,0,v
2014-11-13 10:36,6.775,0.145,0,0,0,0,v
2014-11-13 10:42,6.782,0.129,0,0,0,0,v
2014-11-13 10:48,6.783,0.155,0,0,0,0,v
2014-11-13 10:54,6.784,0.144,0,0,0,0,v
2014-11-13 11:00,6.794,0.149,0,0,0,0,v
2014-11-13 11:06,6.770,0.133,0,0,0,0,v
2014-11-13 11:12,6.766,0.138,0,0,0,0,v
2014-11-13 11:18,6.766,0.156,0,0,0,0,v
2014-11-13 11:24,6.777,0.162,0,0,0,0,v
2014-11-13 11:30,6.745,0.173,0,0,0,0,v
2014-11-13 11:36,6.805,0.140,0,0,0,0,v
2014-11-13 11:42,6.756,0.160,0,0,0,0,v
2014-11-13 11:48,6.773,0.174,0,0,0,0,v
2014-11-13 11:54,6.756,0.171,0,0,0,0,v
2014-11-13 12:00,6.739,0.158,0,0,0,0,v
2014-11-13 12:06,6.733,0.125,0,0,0,0,v
2014-11-13 12:12,6.725,0.182,0,0,0,0,v
2014-11-13 12:18,6.716,0.145,0,0,0,0,v
2014-11-13 12:24,6.706,0.164,0,0,0,0,v
2014-11-13 12:30,6.720,0.170,0,0,0,0,v
2014-11-13 12:36,6.725,0.182,0,0,0,0,v
2014-11-13 12:42,6.731,0.186,0,0,0,0,v
2014-11-13 12:48,6.736,0.153,0,0,0,0,v
2014-11-13 12:54,6.709,0.165,0,0,0,0,v
2014-11-13 13:00,6.718,0.180,0,0,0,0,v
2014-11-13 13:06,6.709,0.138,0,0,0,0,v
2014-11-13 13:12,6.717,0.173,0,0,0,0,v
2014-11-13 13:18,6.719,0.170,0,0,0,0,v
2014-11-13 13:24,6.693,0.173,0,0,0,0,v
2014-11-13 13:30,6.725,0.167,0,0,0,0,v
2014-11-13 13:36,6.709,0.191,0,0,0,0,v
2014-11-13 13:42,6.728,0.175,0,0,0,0,v
2014-11-13 13:48,6.733,0.156,0,0,0,0,v
2014-11-13 13:54,6.704,0.184,0,0,0,0,v
2014-11-13 14:00,6.690,0.160,0,0,0,0,v
2014-11-13 14:06,6.712,0.187,0,0,0,0,v
2014-11-13 14:12,6.716,0.158,0,0,0,0,v
2014-11-13 14:18,6.695,0.185,0,0,0,0,v
2014-11-13 14:24,6.697,0.172,0,0,0,0,v
2014-11-13 14:30,6.656,0.153,0,0,0,0,v
2014-11-13 14:36,6.681,0.176,0,0,0,0,v
2014-11-13 14:42,6.677,0.157,0,0,0,0,v
2014-11-13 14:48,6.682,0.171,0,0,0,0,v
2014-11-13 14:54,6.672,0.181,0,0,0,0,v
2014-11-13 15:00,6.667,0.170,0,0,0,0,v
2014-11-13 15:06,6.638,0.166,0,0,0,0,v
2014-11-13 15:12,6.651,0.172,0,0,0,0,v
2014-11-13 15:18,6.635,0.182,0,0,0,0,v
2014-11-13 15:24,6.654,0.178,0,0,0,0,v
2014-11-13 15:30,6.648,0.176,0,0,0,0,v
2014-11-13 15:36,6.641,0.166,0,0,0,0,v
2014-11-13 15:42,6.643,0.197,0,0,0,0,v
2014-11-13 15:48,6.662,0.157,0,0,0,0,v
2014-11-13 15:54,6.632,0.177,0,0,0,0,v
2014-11-13 16:00,6.628,0.156,0,0,0,0,v
2014-11-13 16:06,6.626,0.166,0,0,0,0,v
2014-11-13 16:12,6.587,0.166,0,0,0,0,v
2014-11-13 16:18,6.619,0.173,0,0,0,0,v
2014-11-13 16:24,6.629,0.172,0,0,0,0,v
2014-11-13 16:30,6.619,0.181,0,0,0,0,v
2014-11-13 16:36,6.603,0.175,0,0,0,0,v
2014-11-13 16:42,6.597,0.180,0,0,0,0,v
2014-11-13 16:48,6.605,0.153,0,0,0,0,v
2014-11-13 16:54,6.588,0.156,0,0,0,0,v
2014-11-13 17:00,6.589,0.192,0,0,0,0,v
2014-11-13 17:06,6.575,0.141,0,0,0,0,v
2014-11-13 17:12,6.587,0.159,0,0,0,0,v
2014-11-13 17:18,6.579,0.177,0,0,0,0,v
2014-11-13 17:24,6.577,0.179,0,0,0,0,v
2014-11-13 17:30,6.557,0.160,0,0,0,0,v
2014-11-13 17:36,6.558,0.168,0,0,0,0,v
2014-11-13 17:42,6.548,0.156,0,0,0,0,v
2014-11-13 17:48,6.542,0.180,0,0,0,0,v
2014-11-13 17:54,6.554,0.000,0,0,0,0,v
2014-11-13 18:00,6.530,0.175,0,0,0,0,v
2014-11-13 18:06,6.540,0.164,0,0,0,0,v
2014-11-13 18:12,6.542,0.164,0,0,0,0,v
2014-11-13 18:18,6.551,0.164,0,0,0,0,v
2014-11-13 18:24,6.550,0.167,0,0,0,0,v
2014-11-13 18:30,6.535,0.171,0,0,0,0,v
2014-11-13 18:36,6.547,0.155,0,0,0,0,v
2014-11-13 18:42,6.548,0.151,0,0,0,0,v
2014-11-13 18:48,6.568,0.153,0,0,0,0,v
2014-11-13 18:54,6.577,0.165,0,0,0,0,v
2014-11-13 19:00,6.579,0.157,0,0,0,0,v
2014-11-13 19:06,6.574,0.176,0,0,0,0,v
2014-11-13 19:12,6.570,0.153,0,0,0,0,v
2014-11-13 19:18,6.568,0.157,0,0,0,0,v
2014-11-13 19:24,6.557,0.176,0,0,0,0,v
2014-11-13 19:30,6.563,0.181,0,0,0,0,v
2014-11-13 19:36,6.569,0.171,0,0,0,0,v
2014-11-13 19:42,6.556,0.156,0,0,0,0,v
2014-11-13 19:48,6.564,0.149,0,0,0,0,v
2014-11-13 19:54,6.561,0.165,0,0,0,0,v
2014-11-13 20:00,6.543,0.164,0,0,0,0,v
2014-11-13 20:06,6.516,0.161,0,0,0,0,v
2014-11-13 20:12,6.522,0.141,0,0,0,0,v
2014-11-13 20:18,6.541,0.169,0,0,0,0,v
2014-11-13 20:24,6.538,0.147,0,0,0,0,v
2014-11-13 20:30,6.545,0.173,0,0,0,0,v
2014-11-13 20:36,6.565,0.165,0,0,0,0,v
2014-11-13 20:42,6.562,0.176,0,0,0,0,v
2014-11-13 20:48,6.571,0.153,0,0,0,0,v
2014-11-13 20:54,6.593,0.148,0,0,0,0,v
2014-11-13 21:00,6.598,0.155,0,0,0,0,v
2014-11-13 21:06,6.592,0.165,0,0,0,0,v
2014-11-13 21:12,6.623,0.153,0,0,0,0,v
2014-11-13 21:18,6.625,0.151,0,0,0,0,v
2014-11-13 21:24,6.643,0.150,0,0,0,0,v
2014-11-13 21:30,6.629,0.166,0,0,0,0,v
2014-11-13 21:36,6.622,0.150,0,0,0,0,v
2014-11-13 21:42,6.633,0.151,0,0,0,0,v
2014-11-13 21:48,6.657,0.164,0,0,0,0,v
2014-11-13 21:54,6.672,0.149,0,0,0,0,v
2014-11-13 22:00,6.679,0.143,0,0,0,0,v
2014-11-13 22:06,6.665,0.163,0,0,0,0,v
2014-11-13 22:12,6.674,0.140,0,0,0,0,v
2014-11-13 22:18,6.702,0.128,0,0,0,0,v
2014-11-13 22:24,6.693,0.135,0,0,0,0,v
2014-11-13 22:30,6.699,0.169,0,0,0,0,v
2014-11-13 22:36,6.700,0.157,0,0,0,0,v
2014-11-13 22:42,6.714,0.130,0,0,0,0,v
2014-11-13 22:48,6.710,0.164,0,0,0,0,v
2014-11-13 22:54,6.698,0.179,0,0,0,0,v
2014-11-13 23:00,6.695,0.164,0,0,0,0,v
2014-11-13 23:06,6.699,0.164,0,0,0,0,v
2014-11-13 23:12,6.701,0.156,0,0,0,0,v
2014-11-13 23:18,6.686,0.148,0,0,0,0,v
2014-11-13 23:24,6.710,0.169,0,0,0,0,v
2014-11-13 23:30,6.754,0.153,0,0,0,0,v
2014-11-13 23:36,6.732,0.156,0,0,0,0,v
2014-11-13 23:42,6.751,0.146,0,0,0,0,v
2014-11-13 23:48,6.752,0.149,0,0,0,0,v
2014-11-13 23:54,6.753,0.141,0,0,0,0,v
2014-11-14 00:00,6.774,0.138,0,0,0,0,v
2014-11-14 00:06,6.767,0.143,0,0,0,0,v
2014-11-14 00:12,6.776,0.143,0,0,0,0,v
2014-11-14 00:18,6.785,0.157,0,0,0,0,v
2014-11-14 00:24,6.796,0.177,0,0,0,0,v
2014-11-14 00:30,6.788,0.166,0,0,0,0,v
2014-11-14 00:36,6.798,0.141,0,0,0,0,v
2014-11-14 00:42,6.796,0.148,0,0,0,0,v
2014-11-14 00:48,6.804,0.145,0,0,0,0,v
2014-11-14 00:54,6.818,0.125,0,0,0,0,v
2014-11-14 01:00,6.847,0.165,0,0,0,0,v
2014-11-14 01:06,6.850,0.155,0,0,0,0,v
2014-11-14 01:12,6.829,0.177,0,0,0,0,v
2014-11-14 01:18,6.843,0.147,0,0,0,0,v
2014-11-14 01:24,6.840,0.154,0,0,0,0,v
2014-11-14 01:30,6.814,0.135,0,0,0,0,v
2014-11-14 01:36,6.846,0.175,0,0,0,0,v
2014-11-14 01:42,6.850,0.119,0,0,0,0,v
2014-11-14 01:48,6.824,0.154,0,0,0,0,v
2014-11-14 01:54,6.829,0.136,0,0,0,0,v
2014-11-14 02:00,6.818,0.150,0,0,0,0,v
2014-11-14 02:06,6.865,0.155,0,0,0,0,v
2014-11-14 02:12,6.867,0.142,0,0,0,0,v
2014-11-14 02:18,6.873,0.148,0,0,0,0,v
2014-11-14 02:24,6.867,0.147,0,0,0,0,v
2014-11-14 02:30,6.861,0.120,0,0,0,0,v
2014-11-14 02:36,6.875,0.136,0,0,0,0,v
2014-11-14 02:42,6.883,0.155,0,0,0,0,v
2014-11-14 02:48,6.892,0.134,0,0,0,0,v
2014-11-14 02:54,6.888,0.157,0,0,0,0,v
2014-11-14 03:00,6.881,0.150,0,0,0,0,v
2014-11-14 03:06,6.886,0.133,0,0,0,0,v
2014-11-14 03:12,6.868,0.165,0,0,0,0,v
2014-11-14 03:18,6.856,0.138,0,0,0,0,v
2014-11-14 03:24,6.877,0.126,0,0,0,0,v
2014-11-14 03:30,6.889,0.137,0,0,0,0,v
2014-11-14 03:36,6.912,0.137,0,0,0,0,v
2014-11-14 03:42,6.872,0.161,0,0,0,0,v
2014-11-14 03:48,6.871,0.155,0,0,0,0,v
2014-11-14 03:54,6.884,0.149,0,0,0,0,v
2014-11-14 04:00,6.900,0.141,0,0,0,0,v
2014-11-14 04:06,6.896,0.163,0,0,0,0,v
2014-11-14 04:12,6.882,0.128,0,0,0,0,v
2014-11-14 04:18,6.871,0.131,0,0,0,0,v
2014-11-14 04:24,6.878,0.135,0,0,0,0,v
2014-11-14 04:30,6.878,0.140,0,0,0,0,v
2014-11-14 04:36,6.874,0.165,0,0,0,0,v
2014-11-14 04:42,6.880,0.122,0,0,0,0,v
2014-11-14 04:48,6.882,0.141,0,0,0,0,v
2014-11-14 04:54,6.868,0.129,0,0,0,0,v
2014-11-14 05:00,6.872,0.134,0,0,0,0,v
2014-11-14 05:06,6.879,0.150,0,0,0,0,v
2014-11-14 05:12,6.883,0.152,0,0,0,0,v
2014-11-14 05:18,6.871,0.114,0,0,0,0,v
2014-11-14 05:24,6.866,0.132,0,0,0,0,v
2014-11-14 05:30,6.857,0.119,0,0,0,0,v
2014-11-14 05:36,6.865,0.134,0,0,0,0,v
2014-11-14 05:42,6.854,0.139,0,0,0,0,v
2014-11-14 05:48,6.855,0.135,0,0,0,0,v
2014-11-14 05:54,6.857,0.123,0,0,0,0,v
2014-11-14 06:00,6.856,0.136,0,0,0,0,v
2014-11-14 06:06,6.838,0.129,0,0,0,0,v
2014-11-14 06:12,6.827,0.114,0,0,0,0,v
2014-11-14 06:18,6.856,0.110,0,0,0,0,v
2014-11-14 06:24,6.846,0.105,0,0,0,0,v
2014-11-14 06:30,6.828,0.124,0,0,0,0,v
2014-11-14 06:36,6.842,0.110,0,0,0,0,v
2014-11-14 06:42,6.811,0.129,0,0,0,0,v
2014-11-14 06:48,6.808,0.118,0,0,0,0,v
2014-11-14 06:54,6.810,0.123,0,0,0,0,v
2014-11-14 07:00,6.804,0.118,0,0,0,0,v
2014-11-14 07:06,6.816,0.101,0,0,0,0,v
2014-11-14 07:12,6.802,0.127,0,0,0,0,v
2014-11-14 07:18,6.797,0.107,0,0,0,0,v
2014-11-14 07:24,6.806,0.111,0,0,0,0,v
2014-11-14 07:30,6.787,0.119,0,0,0,0,v
2014-11-14 07:36,6.794,0.104,0,0,0,0,v
2014-11-14 07:42,6.804,0.117,0,0,0,0,v
2014-11-14 07:48,6.796,0.108,0,0,0,0,v
2014-11-14 07:54,6.789,0.103,0,0,0,0,v
2014-11-14 08:00,6.791,0.107,0,0,0,0,v
2014-11-14 08:06,6.760,0.116,0,0,0,0,v
2014-11-14 08:12,6.771,0.122,0,0,0,0,v
2014-11-14 08:18,6.777,0.119,0,0,0,0,v
2014-11-14 08:24,6.781,0.111,0,0,0,0,v
2014-11-14 08:30,6.768,0.114,0,0,0,0,v
2014-11-14 08:36,6.749,0.121,0,0,0,0,v
2014-11-14 08:42,6.765,0.108,0,0,0,0,v
2014-11-14 08:48,6.736,0.116,0,0,0,0,v
2014-11-14 08:54,6.732,0.121,0,0,0,0,v
2014-11-14 09:00,6.742,0.118,0,0,0,0,v
2014-11-14 09:06,6.747,0.112,0,0,0,0,v
2014-11-14 09:12,6.743,0.084,0,0,0,0,v
2014-11-14 09:18,6.730,0.102,0,0,0,0,v
2014-11-14 09:24,6.693,0.116,0,0,0,0,v
2014-11-14 09:30,6.690,0.117,0,0,0,0,v
2014-11-14 09:36,6.700,0.111,0,0,0,0,v
2014-11-14 09:42,6.706,0.113,0,0,0,0,v
2014-11-14 09:48,6.706,0.116,0,0,0,0,v
2014-11-14 09:54,6.705,0.096,0,0,0,0,v
2014-11-14 10:00,6.704,0.123,0,0,0,0,v
2014-11-14 10:06,6.703,0.117,0,0,0,0,v
2014-11-14 10:12,6.698,0.120,0,0,0,0,v
2014-11-14 10:18,6.715,0.100,0,0,0,0,v
2014-11-14 10:24,6.723,0.118,0,0,0,0,v
2014-11-14 10:30,6.724,0.115,0,0,0,0,v
2014-11-14 10:36,6.719,0.138,0,0,0,0,v
2014-11-14 10:42,6.724,0.113,0,0,0,0,v
2014-11-14 10:48,6.740,0.116,0,0,0,0,v
2014-11-14 10:54,6.740,0.116,0,0,0,0,v
2014-11-14 11:00,6.750,0.124,0,0,0,0,v
2014-11-14 11:06,6.740,0.119,0,0,0,0,v
2014-11-14 11:12,6.727,0.113,0,0,0,0,v
2014-11-14 11:18,6.710,0.130,0,0,0,0,v
2014-11-14 11:24,6.703,0.114,0,0,0,0,v
2014-11-14 11:30,6.708,0.119,0,0,0,0,v
2014-11-14 11:36,6.702,0.118,0,0,0,0,v
2014-11-14 11:42,6.705,0.116,0,0,0,0,v
2014-11-14 11:48,6.704,0.107,0,0,0,0,v
2014-11-14 11:54,6.695,0.106,0,0,0,0,v
2014-11-14 12:00,6.712,0.104,0,0,0,0,v
2014-11-14 12:06,6.706,0.099,0,0,0,0,v
2014-11-14 12:12,6.706,0.102,0,0,0,0,v
2014-11-14 12:18,6.713,0.125,0,0,0,0,v
2014-11-14 12:24,6.702,0.119,0,0,0,0,v
2014-11-14 12:30,6.696,0.116,0,0,0,0,v
2014-11-14 12:36,6.692,0.120,0,0,0,0,v
2014-11-14 12:42,6.714,0.101,0,0,0,0,v
2014-11-14 12:48,6.699,0.140,0,0,0,0,v
2014-11-14 12:54,6.709,0.129,0,0,0,0,v
2014-11-14 13:00,6.689,0.102,0,0,0,0,v
2014-11-14 13:06,6.700,0.109,0,0,0,0,v
2014-11-14 13:12,6.695,0.120,0,0,0,0,v
2014-11-14 13:18,6.688,0.099,0,0,0,0,v
2014-11-14 13:24,6.700,0.093,0,0,0,0,v
2014-11-14 13:30,6.687,0.117,0,0,0,0,v
2014-11-14 13:36,6.686,0.119,0,0,0,0,v
2014-11-14 13:42,6.688,0.111,0,0,0,0,v
2014-11-14 13:48,6.676,0.094,0,0,0,0,v
2014-11-14 13:54,6.670,0.116,0,0,0,0,v
2014-11-14 14:00,6.673,0.125,0,0,0,0,v
2014-11-14 14:06,6.661,0.108,0,0,0,0,v
2014-11-14 14:12,6.663,0.104,0,0,0,0,v
2014-11-14 14:18,6.675,0.106,0,0,0,0,v
2014-11-14 14:24,6.673,0.105,0,0,0,0,v
2014-11-14 14:30,6.685,0.118,0,0,0,0,v
2014-11-14 14:36,6.681,0.093,0,0,0,0,v
2014-11-14 14:42,6.682,0.102,0,0,0,0,v
2014-11-14 14:48,6.663,0.093,0,0,0,0,v
2014-11-14 14:54,6.685,0.108,0,0,0,0,v
2014-11-14 15:00,6.668,0.111,0,0,0,0,v
2014-11-14 15:06,6.665,0.107,0,0,0,0,v
2014-11-14 15:12,6.665,0.106,0,0,0,0,v
2014-11-14 15:18,6.667,0.104,0,0,0,0,v
2014-11-14 15:24,6.679,0.102,0,0,0,0,v
2014-11-14 15:30,6.675,0.099,0,0,0,0,v
2014-11-14 15:36,6.659,0.116,0,0,0,0,v
2014-11-14 15:42,6.650,0.115,0,0,0,0,v
2014-11-14 15:48,6.629,0.101,0,0,0,0,v
2014-11-14 15:54,6.646,0.086,0,0,0,0,v
2014-11-14 16:00,6.640,0.114,0,0,0,0,v
2014-11-14 16:06,6.623,0.085,0,0,0,0,v
2014-11-14 16:12,6.637,0.099,0,0,0,0,v
2014-11-14 16:18,6.631,0.111,0,0,0,0,v
2014-11-14 16:24,6.625,0.099,0,0,0,0,v
2014-11-14 16:30,6.628,0.083,0,0,0,0,v
2014-11-14 16:36,6.629,0.107,0,0,0,0,v
2014-11-14 16:42,6.646,0.102,0,0,0,0,v
2014-11-14 16:48,6.632,0.102,0,0,0,0,v
2014-11-14 16:54,6.618,0.104,0,0,0,0,v
2014-11-14 17:00,6.627,0.091,0,0,0,0,v
2014-11-14 17:06,6.622,0.103,0,0,0,0,v
2014-11-14 17:12,6.613,0.105,0,0,0,0,v
2014-11-14 17:18,6.624,0.092,0,0,0,0,v
2014-11-14 17:24,6.629,0.100,0,0,0,0,v
2014-11-14 17:30,6.626,0.097,0,0,0,0,v
2014-11-14 17:36,6.630,0.102,0,0,0,0,v
2014-11-14 17:42,6.627,0.095,0,0,0,0,v
2014-11-14 17:48,6.617,0.107,0,0,0,0,v
2014-11-14 17:54,6.623,0.105,0,0,0,0,v
2014-11-14 18:00,6.609,0.094,0,0,0,0,v
2014-11-14 18:06,6.619,0.104,0,0,0,0,v
2014-11-14 18:12,6.613,0.092,0,0,0,0,v
2014-11-14 18:18,6.619,0.094,0,0,0,0,v
2014-11-14 18:24,6.609,0.088,0,0,0,0,v
2014-11-14 18:30,6.609,0.104,0,0,0,0,v
2014-11-14 18:36,6.600,0.103,0,0,0,0,v
2014-11-14 18:42,6.589,0.092,0,0,0,0,v
2014-11-14 18:48,6.603,0.084,0,0,0,0,v
2014-11-14 18:54,6.607,0.092,0,0,0,0,v
2014-11-14 19:00,6.612,0.095,0,0,0,0,v
2014-11-14 19:06,6.603,0.107,0,0,0,0,v
2014-11-14 19:12,6.586,0.108,0,0,0,0,v
2014-11-14 19:18,6.596,0.096,0,0,0,0,v
2014-11-14 19:24,6.596,0.087,0,0,0,0,v
2014-11-14 19:30,6.600,0.104,0,0,0,0,v
2014-11-14 19:36,6.602,0.091,0,0,0,0,v
2014-11-14 19:42,6.615,0.088,0,0,0,0,v
2014-11-14 19:48,6.610,0.089,0,0,0,0,v
2014-11-14 19:54,6.620,0.097,0,0,0,0,v
2014-11-14 20:00,6.623,0.086,0,0,0,0,v
2014-11-14 20:06,6.626,0.094,0,0,0,0,v
2014-11-14 20:12,6.616,0.081,0,0,0,0,v
2014-11-14 20:18,6.612,0.091,0,0,0,0,v
2014-11-14 20:24,6.608,0.085,0,0,0,0,v
2014-11-14 20:30,6.608,0.090,0,0,0,0,v
2014-11-14 20:36,6.627,0.075,0,0,0,0,v
2014-11-14 20:42,6.640,0.082,0,0,0,0,v
2014-11-14 20:48,6.627,0.103,0,0,0,0,v
2014-11-14 20:54,6.632,0.079,0,0,0,0,v
2014-11-14 21:00,6.635,0.084,0,0,0,0,v
2014-11-14 21:06,6.641,0.092,0,0,0,0,v
2014-11-14 21:12,6.633,0.097,0,0,0,0,v
2014-11-14 21:18,6.639,0.103,0,0,0,0,v
2014-11-14 21:24,6.648,0.078,0,0,0,0,v
2014-11-14 21:30,6.652,0.082,0,0,0,0,v
2014-11-14 21:36,6.659,0.098,0,0,0,0,v
2014-11-14 21:42,6.674,0.087,0,0,0,0,v
2014-11-14 21:48,6.681,0.079,0,0,0,0,v
2014-11-14 21:54,6.687,0.103,0,0,0,0,v
2014-11-14 22:00,6.689,0.091,0,0,0,0,v
2014-11-14 22:06,6.695,0.086,0,0,0,0,v
2014-11-14 22:12,6.704,0.094,0,0,0,0,v
2014-11-14 22:18,6.694,0.073,0,0,0,0,v
2014-11-14 22:24,6.701,0.096,0,0,0,0,v
2014-11-14 22:30,6.710,0.080,0,0,0,0,v
2014-11-14 22:36,6.722,0.084,0,0,0,0,v
2014-11-14 22:42,6.707,0.101,0,0,0,0,v
2014-11-14 22:48,6.698,0.103,0,0,0,0,v
2014-11-14 22:54,6.718,0.076,0,0,0,0,v
2014-11-14 23:00,6.719,0.084,0,0,0,0,v
2014-11-14 23:06,6.720,0.081,0,0,0,0,v
2014-11-14 23:12,6.723,0.081,0,0,0,0,v
2014-11-14 23:18,6.728,0.086,0,0,0,0,v
2014-11-14 23:24,6.735,0.091,0,0,0,0,v
2014-11-14 23:30,6.732,0.091,0,0,0,0,v
2014-11-14 23:36,6.731,0.083,0,0,0,0,v
2014-11-14 23:42,6.753,0.077,0,0,0,0,v
2014-11-14 23:48,6.753,0.087,0,0,0,0,v
2014-11-14 23:54,6.760,0.087,0,0,0,0,v
2014-11-15 00:00,6.775,0.099,0,0,0,0,v
2014-11-15 00:06,6.776,0.088,0,0,0,0,v
2014-11-15 00:12,6.789,0.093,0,0,0,0,v
2014-11-15 00:18,6.795,0.075,0,0,0,0,v
2014-11-15 00:24,6.787,0.089,0,0,0,0,v
2014-11-15 00:30,6.795,0.074,0,0,0,0,v
2014-11-15 00:36,6.794,0.079,0,0,0,0,v
2014-11-15 00:42,6.813,0.066,0,0,0,0,v
2014-11-15 00:48,6.824,0.068,0,0,0,0,v
2014-11-15 00:54,6.825,0.083,0,0,0,0,v
2014-11-15 01:00,6.829,0.084,0,0,0,0,v
2014-11-15 01:06,6.833,0.095,0,0,0,0,v
2014-11-15 01:12,6.842,0.073,0,0,0,0,v
2014-11-15 01:18,6.847,0.078,0,0,0,0,v
2014-11-15 01:24,6.848,0.072,0,0,0,0,v
2014-11-15 01:30,6.849,0.091,0,0,0,0,v
2014-11-15 01:36,6.851,0.090,0,0,0,0,v
2014-11-15 01:42,6.874,0.075,0,0,0,0,v
2014-11-15 01:48,6.872,0.083,0,0,0,0,v
2014-11-15 01:54,6.860,0.071,0,0,0,0,v
2014-11-15 02:00,6.864,0.089,0,0,0,0,v
2014-11-15 02:06,6.868,0.092,0,0,0,0,v
2014-11-15 02:12,6.874,0.080,0,0,0,0,v
2014-11-15 02:18,6.874,0.091,0,0,0,0,v
2014-11-15 02:24,6.876,0.085,0,0,0,0,v
2014-11-15 02:30,6.863,0.081,0,0,0,0,v
2014-11-15 02:36,6.867,0.077,0,0,0,0,v
2014-11-15 02:42,6.870,0.077,0,0,0,0,v
2014-11-15 02:48,6.874,0.070,0,0,0,0,v
2014-11-15 02:54,6.881,0.076,0,0,0,0,v
2014-11-15 03:00,6.880,0.098,0,0,0,0,v
2014-11-15 03:06,6.893,0.088,0,0,0,0,v
2014-11-15 03:12,6.897,0.082,0,0,0,0,v
2014-11-15 03:18,6.891,0.081,0,0,0,0,v
2014-11-15 03:24,6.918,0.077,0,0,0,0,v
2014-11-15 03:30,6.919,0.068,0,0,0,0,v
2014-11-15 03:36,6.923,0.072,0,0,0,0,v
2014-11-15 03:42,6.917,0.082,0,0,0,0,v
2014-11-15 03:48,6.925,0.082,0,0,0,0,v
2014-11-15 03:54,6.931,0.099,0,0,0,0,v
2014-11-15 04:00,6.919,0.093,0,0,0,0,v
2014-11-15 04:06,6.925,0.072,0,0,0,0,v
2014-11-15 04:12,6.928,0.081,0,0,0,0,v
2014-11-15 04:18,6.906,0.084,0,0,0,0,v
2014-11-15 04:24,6.903,0.088,0,0,0,0,v
2014-11-15 04:30,6.899,0.076,0,0,0,0,v
2014-11-15 04:36,6.891,0.087,0,0,0,0,v
2014-11-15 04:42,6.885,0.088,0,0,0,0,v
2014-11-15 04:48,6.884,0.086,0,0,0,0,v
2014-11-15 04:54,6.877,0.097,0,0,0,0,v
2014-11-15 05:00,6.877,0.078,0,0,0,0,v
2014-11-15 05:06,6.904,0.097,0,0,0,0,v
2014-11-15 05:12,6.919,0.089,0,0,0,0,v
2014-11-15 05:18,6.915,0.089,0,0,0,0,v
2014-11-15 05:24,6.909,0.085,0,0,0,0,v
2014-11-15 05:30,6.904,0.072,0,0,0,0,v
2014-11-15 05:36,6.895,0.087,0,0,0,0,v
2014-11-15 05:42,6.869,0.104,0,0,0,0,v
2014-11-15 05:48,6.860,0.091,0,0,0,0,v
2014-11-15 05:54,6.886,0.091,0,0,0,0,v
2014-11-15 06:00,6.881,0.083,0,0,0,0,v
2014-11-15 06:06,6.892,0.082,0,0,0,0,v
2014-11-15 06:12,6.895,0.096,0,0,0,0,v
2014-11-15 06:18,6.887,0.092,0,0,0,0,v
2014-11-15 06:24,6.889,0.096,0,0,0,0,v
2014-11-15 06:30,6.881,0.084,0,0,0,0,v
2014-11-15 06:36,6.877,0.092,0,0,0,0,v
2014-11-15 06:42,6.871,0.101,0,0,0,0,v
2014-11-15 06:48,6.881,0.099,0,0,0,0,v
2014-11-15 06:54,6.861,0.078,0,0,0,0,v
2014-11-15 07:00,6.856,0.090,0,0,0,0,v
2014-11-15 07:06,6.873,0.098,0,0,0,0,v
2014-11-15 07:12,6.873,0.090,0,0,0,0,v
2014-11-15 07:18,6.860,0.094,0,0,0,0,v
2014-11-15 07:24,6.863,0.090,0,0,0,0,v
2014-11-15 07:30,6.881,0.093,0,0,0,0,v
2014-11-15 07:36,6.849,0.076,0,0,0,0,v
2014-11-15 07:42,6.839,0.094,0,0,0,0,v
2014-11-15 07:48,6.834,0.099,0,0,0,0,v
2014-11-15 07:54,6.833,0.082,0,0,0,0,v
2014-11-15 08:00,6.843,0.099,0,0,0,0,v
2014-11-15 08:06,6.845,0.099,0,0,0,0,v
2014-11-15 08:12,6.848,0.104,0,0,0,0,v
2014-11-15 08:18,6.853,0.090,0,0,0,0,v
2014-11-15 08:24,6.843,0.089,0,0,0,0,v
2014-11-15 08:30,6.841,0.097,0,0,0,0,v
2014-11-15 08:36,6.841,0.096,0,0,0,0,v
2014-11-15 08:42,6.841,0.092,0,0,0,0,v
2014-11-15 08:48,6.845,0.104,0,0,0,0,v
2014-11-15 08:54,6.838,0.095,0,0,0,0,v
2014-11-15 09:00,6.832,0.094,0,0,0,0,v
2014-11-15 09:06,6.821,0.112,0,0,0,0,v
2014-11-15 09:12,6.800,0.094,0,0,0,0,v
2014-11-15 09:18,6.787,0.106,0,0,0,0,v
2014-11-15 09:24,6.783,0.103,0,0,0,0,v
2014-11-15 09:30,6.808,0.097,0,0,0,0,v
2014-11-15 09:36,6.784,0.100,0,0,0,0,v
2014-11-15 09:42,6.815,0.104,0,0,0,0,v
2014-11-15 09:48,6.797,0.109,0,0,0,0,v
2014-11-15 09:54,6.794,0.094,0,0,0,0,v
2014-11-15 10:00,6.794,0.105,0,0,0,0,v
2014-11-15 10:06,6.806,0.116,0,0,0,0,v
2014-11-15 10:12,6.792,0.119,0,0,0,0,v
2014-11-15 10:18,6.796,0.101,0,0,0,0,v
2014-11-15 10:24,6.813,0.105,0,0,0,0,v
2014-11-15 10:30,6.791,0.100,0,0,0,0,v
2014-11-15 10:36,6.794,0.108,0,0,0,0,v
2014-11-15 10:42,6.801,0.109,0,0,0,0,v
2014-11-15 10:48,6.803,0.103,0,0,0,0,v
2014-11-15 10:54,6.825,0.115,0,0,0,0,v
2014-11-15 11:00,6.825,0.103,0,0,0,0,v
2014-11-15 11:06,6.805,0.119,0,0,0,0,v
2014-11-15 11:12,6.768,0.114,0,0,0,0,v
2014-11-15 11:18,6.781,0.093,0,0,0,0,v
2014-11-15 11:24,6.773,0.099,0,0,0,0,v
2014-11-15 11:30,6.793,0.114,0,0,0,0,v
2014-11-15 11:36,6.789,0.117,0,0,0,0,v
2014-11-15 11:42,6.800,0.107,0,0,0,0,v
2014-11-15 11:48,6.813,0.095,0,0,0,0,v
2014-11-15 11:54,6.804,0.119,0,0,0,0,v
2014-11-15 12:00,6.792,0.097,0,0,0,0,v
2014-11-15 12:06,6.813,0.114,0,0,0,0,v
2014-11-15 12:12,6.801,0.113,0,0,0,0,v
2014-11-15 12:18,6.804,0.107,0,0,0,0,v
2014-11-15 12:24,6.812,0.117,0,0,0,0,v
2014-11-15 12:30,6.816,0.106,0,0,0,0,v
2014-11-15 12:36,6.806,0.111,0,0,0,0,v
2014-11-15 12:42,6.811,0.106,0,0,0,0,v
2014-11-15 12:48,6.840,0.119,0,0,0,0,v
2014-11-15 12:54,6.811,0.115,0,0,0,0,v
2014-11-15 13:00,6.823,0.117,0,0,0,0,v
2014-11-15 13:06,6.807,0.100,0,0,0,0,v
2014-11-15 13:12,6.825,0.112,0,0,0,0,v
2014-11-15 13:18,6.812,0.099,0,0,0,0,v
2014-11-15 13:24,6.802,0.117,0,0,0,0,v
2014-11-15 13:30,6.840,0.115,0,0,0,0,v
2014-11-15 13:36,6.854,0.120,0,0,0,0,v
2014-11-15 13:42,6.870,0.120,0,0,0,0,v
2014-11-15 13:48,6.872,0.131,0,0,0,0,v
2014-11-15 13:54,6.841,0.123,0,0,0,0,v
2014-11-15 14:00,6.844,0.128,0,0,0,0,v
2014-11-15 14:06,6.838,0.115,0,0,0,0,v
2014-11-15 14:12,6.853,0.105,0,0,0,0,v
2014-11-15 14:18,6.864,0.110,0,0,0,0,v
2014-11-15 14:24,6.889,0.118,0,0,0,0,v
2014-11-15 14:30,6.884,0.114,0,0,0,0,v
2014-11-15 14:36,6.868,0.122,0,0,0,0,v
2014-11-15 14:42,6.832,0.111,0,0,0,0,v
2014-11-15 14:48,6.786,0.130,0,0,0,0,v
2014-11-15 14:54,6.800,0.131,0,0,0,0,v
2014-11-15 15:00,6.795,0.113,0,0,0,0,v
2014-11-15 15:06,6.811,0.115,0,0,0,0,v
2014-11-15 15:12,6.821,0.108,0,0,0,0,v
2014-11-15 15:18,6.814,0.110,0,0,0,0,v
2014-11-15 15:24,6.822,0.116,0,0,0,0,v
2014-11-15 15:30,6.846,0.116,0,0,0,0,v
2014-11-15 15:36,6.838,0.120,0,0,0,0,v
2014-11-15 15:42,6.829,0.134,0,0,0,0,v
2014-11-15 15:48,6.828,0.125,0,0,0,0,v
2014-11-15 15:54,6.858,0.113,0,0,0,0,v
2014-11-15 16:00,6.861,0.109,0,0,0,0,v
2014-11-15 16:06,6.851,0.120,0,0,0,0,v
2014-11-15 16:12,6.869,0.130,0,0,0,0,v
2014-11-15 16:18,6.875,0.123,0,0,0,0,v
2014-11-15 16:24,6.885,0.109,0,0,0,0,v
2014-11-15 16:30,6.884,0.108,0,0,0,0,v
2014-11-15 16:36,6.861,0.116,0,0,0,0,v
2014-11-15 16:42,6.837,0.110,0,0,0,0,v
2014-11-15 16:48,6.853,0.101,0,0,0,0,v
2014-11-15 16:54,6.840,0.122,0,0,0,0,v
2014-11-15 17:00,6.839,0.132,0,0,0,0,v
2014-11-15 17:06,6.824,0.108,0,0,0,0,v
2014-11-15 17:12,6.806,0.130,0,0,0,0,v
2014-11-15 17:18,6.812,0.119,0,0,0,0,v
2014-11-15 17:24,6.804,0.108,0,0,0,0,v
2014-11-15 17:30,6.791,0.116,0,0,0,0,v
2014-11-15 17:36,6.829,0.094,0,0,0,0,v
2014-11-15 17:42,6.833,0.098,0,0,0,0,v
2014-11-15 17:48,6.786,0.113,0,0,0,0,v
2014-11-15 17:54,6.812,0.101,0,0,0,0,v
2014-11-15 18:00,6.814,0.105,0,0,0,0,v
2014-11-15 18:06,6.820,0.116,0,0,0,0,v
2014-11-15 18:12,6.806,0.118,0,0,0,0,v
2014-11-15 18:18,6.794,0.117,0,0,0,0,v
2014-11-15 18:24,6.774,0.108,0,0,0,0,v
2014-11-15 18:30,6.774,0.107,0,0,0,0,v
2014-11-15 18:36,6.792,0.104,0,0,0,0,v
2014-11-15 18:42,6.772,0.086,0,0,0,0,v
2014-11-15 18:48,6.777,0.106,0,0,0,0,v
2014-11-15 18:54,6.788,0.103,0,0,0,0,v
2014-11-15 19:00,6.767,0.095,0,0,0,0,v
2014-11-15 19:06,6.784,0.103,0,0,0,0,v
2014-11-15 19:12,6.785,0.115,0,0,0,0,v
2014-11-15 19:18,6.781,0.108,0,0,0,0,v
2014-11-15 19:24,6.781,0.111,0,0,0,0,v
2014-11-15 19:30,6.779,0.098,0,0,0,0,v
2014-11-15 19:36,6.796,0.110,0,0,0,0,v
2014-11-15 19:42,6.778,0.103,0,0,0,0,v
2014-11-15 19:48,6.772,0.118,0,0,0,0,v
2014-11-15 19:54,6.772,0.094,0,0,0,0,v
2014-11-15 20:00,6.766,0.115,0,0,0,0,v
2014-11-15 20:06,6.774,0.120,0,0,0,0,v
2014-11-15 20:12,6.781,0.100,0,0,0,0,v
2014-11-15 20:18,6.768,0.099,0,0,0,0,v
2014-11-15 20:24,6.784,0.106,0,0,0,0,v
2014-11-15 20:30,6.788,0.103,0,0,0,0,v
2014-11-15 20:36,6.776,0.109,0,0,0,0,v
2014-11-15 20:42,6.800,0.111,0,0,0,0,v
2014-11-15 20:48,6.802,0.108,0,0,0,0,v
2014-11-15 20:54,6.796,0.108,0,0,0,0,v
2014-11-15 21:00,6.795,0.093,0,0,0,0,v
2014-11-15 21:06,6.796,0.098,0,0,0,0,v
2014-11-15 21:12,6.791,0.110,0,0,0,0,v
2014-11-15 21:18,6.804,0.099,0,0,0,0,v
2014-11-15 21:24,6.800,0.101,0,0,0,0,v
2014-11-15 21:30,6.783,0.108,0,0,0,0,v
2014-11-15 21:36,6.809,0.097,0,0,0,0,v
2014-11-15 21:42,6.806,0.105,0,0,0,0,v
2014-11-15 21:48,6.832,0.114,0,0,0,0,v
2014-11-15 21:54,6.826,0.132,0,0,0,0,v
2014-11-15 22:00,6.822,0.106,0,0,0,0,v
2014-11-15 22:06,6.832,0.112,0,0,0,0,v
2014-11-15 22:12,6.817,0.105,0,0,0,0,v
2014-11-15 22:18,6.808,0.123,0,0,0,0,v
2014-11-15 22:24,6.811,0.115,0,0,0,0,v
2014-11-15 22:30,6.801,0.101,0,0,0,0,v
2014-11-15 22:36,6.817,0.100,0,0,0,0,v
2014-11-15 22:42,6.801,0.120,0,0,0,0,v
2014-11-15 22:48,6.795,0.110,0,0,0,0,v
2014-11-15 22:54,6.812,0.108,0,0,0,0,v
2014-11-15 23:00,6.827,0.120,0,0,0,0,v
2014-11-15 23:06,6.832,0.113,0,0,0,0,v
2014-11-15 23:12,6.835,0.128,0,0,0,0,v
2014-11-15 23:18,6.846,0.115,0,0,0,0,v
2014-11-15 23:24,6.848,0.119,0,0,0,0,v
2014-11-15 23:30,6.858,0.099,0,0,0,0,v
2014-11-15 23:36,6.854,0.122,0,0,0,0,v
2014-11-15 23:42,6.879,0.000,0,0,0,0,v
2014-11-15 23:48,6.873,0.130,0,0,0,0,v
2014-11-15 23:54,6.846,0.104,0,0,0,0,v
2014-11-16 00:00,6.869,0.104,0,0,0,0,v
2014-11-16 00:06,6.867,0.125,0,0,0,0,v
2014-11-16 00:12,6.875,0.111,0,0,0,0,v
2014-11-16 00:18,6.862,0.111,0,0,0,0,v
2014-11-16 00:24,6.868,0.121,0,0,0,0,v
2014-11-16 00:30,6.870,0.116,0,0,0,0,v
2014-11-16 00:36,6.878,0.115,0,0,0,0,v
2014-11-16 00:42,6.874,0.126,0,0,0,0,v
2014-11-16 00:48,6.895,0.118,0,0,0,0,v
2014-11-16 00:54,6.910,0.118,0,0,0,0,v
2014-11-16 01:00,6.903,0.135,0,0,0,0,v
2014-11-16 01:06,6.915,0.106,0,0,0,0,v
2014-11-16 01:12,6.911,0.103,0,0,0,0,v
2014-11-16 01:18,6.916,0.134,0,0,0,0,v
2014-11-16 01:24,6.937,0.119,0,0,0,0,v
2014-11-16 01:30,6.933,0.134,0,0,0,0,v
2014-11-16 01:36,6.926,0.112,0,0,0,0,v
2014-11-16 01:42,6.943,0.121,0,0,0,0,v
2014-11-16 01:48,6.921,0.107,0,0,0,0,v
2014-11-16 01:54,6.941,0.103,0,0,0,0,v
2014-11-16 02:00,6.955,0.104,0,0,0,0,v
2014-11-16 02:06,6.942,0.115,0,0,0,0,v
2014-11-16 02:12,6.946,0.111,0,0,0,0,v
2014-11-16 02:18,6.962,0.121,0,0,0,0,v
2014-11-16 02:24,6.958,0.146,0,0,0,0,v
2014-11-16 02:30,6.956,0.099,0,0,0,0,v
2014-11-16 02:36,6.959,0.125,0,0,0,0,v
2014-11-16 02:42,6.948,0.119,0,0,0,0,v
2014-11-16 02:48,6.954,0.109,0,0,0,0,v
2014-11-16 02:54,6.970,0.104,0,0,0,0,v
2014-11-16 03:00,6.973,0.112,0,0,0,0,v
2014-11-16 03:06,6.985,0.144,0,0,0,0,v
2014-11-16 03:12,6.984,0.114,0,0,0,0,v
2014-11-16 03:18,6.981,0.115,0,0,0,0,v
2014-11-16 03:24,6.977,0.105,0,0,0,0,v
2014-11-16 03:30,6.985,0.145,0,0,0,0,v
2014-11-16 03:36,6.997,0.113,0,0,0,0,v
2014-11-16 03:42,6.987,0.102,0,0,0,0,v
2014-11-16 03:48,6.988,0.107,0,0,0,0,v
2014-11-16 03:54,6.984,0.128,0,0,0,0,v
2014-11-16 04:00,6.997,0.129,0,0,0,0,v
2014-11-16 04:06,6.979,0.119,0,0,0,0,v
2014-11-16 04:12,6.979,0.129,0,0,0,0,v
2014-11-16 04:18,6.981,0.102,0,0,0,0,v
2014-11-16 04:24,7.007,0.120,0,0,0,0,v
2014-11-16 04:30,6.990,0.130,0,0,0,0,v
2014-11-16 04:36,6.989,0.136,0,0,0,0,v
2014-11-16 04:42,7.003,0.126,0,0,0,0,v
2014-11-16 04:48,6.998,0.154,0,0,0,0,v
2014-11-16 04:54,7.021,0.126,0,0,0,0,v
2014-11-16 05:00,7.002,0.146,0,0,0,0,v
2014-11-16 05:06,6.980,0.131,0,0,0,0,v
2014-11-16 05:12,7.003,0.165,0,0,0,0,v
2014-11-16 05:18,7.000,0.120,0,0,0,0,v
2014-11-16 05:24,7.016,0.136,0,0,0,0,v
2014-11-16 05:30,7.017,0.130,0,0,0,0,v
2014-11-16 05:36,7.021,0.153,0,0,0,0,v
2014-11-16 05:42,7.002,0.171,0,0,0,0,v
2014-11-16 05:48,6.995,0.138,0,0,0,0,v
2014-11-16 05:54,6.971,0.167,0,0,0,0,v
2014-11-16 06:00,6.987,0.142,0,0,0,0,v
2014-11-16 06:06,6.974,0.116,0,0,0,0,v
2014-11-16 06:12,6.968,0.147,0,0,0,0,v
2014-11-16 06:18,6.973,0.138,0,0,0,0,v
2014-11-16 06:24,6.965,0.165,0,0,0,0,v
2014-11-16 06:30,6.971,0.132,0,0,0,0,v
2014-11-16 06:36,6.956,0.162,0,0,0,0,v
2014-11-16 06:42,6.941,0.136,0,0,0,0,v
2014-11-16 06:48,6.950,0.137,0,0,0,0,v
2014-11-16 06:54,6.944,0.162,0,0,0,0,v
2014-11-16 07:00,6.937,0.146,0,0,0,0,v
2014-11-16 07:06,6.924,0.168,0,0,0,0,v
2014-11-16 07:12,6.918,0.143,0,0,0,0,v
2014-11-16 07:18,6.934,0.156,0,0,0,0,v
2014-11-16 07:24,6.930,0.146,0,0,0,0,v
2014-11-16 07:30,6.926,0.163,0,0,0,0,v
2014-11-16 07:36,6.940,0.154,0,0,0,0,v
2014-11-16 07:42,6.919,0.143,0,0,0,0,v
2014-11-16 07:48,6.922,0.170,0,0,0,0,v
2014-11-16 07:54,6.930,0.154,0,0,0,0,v
2014-11-16 08:00,6.903,0.187,0,0,0,0,v
2014-11-16 08:06,6.910,0.153,0,0,0,0,v
2014-11-16 08:12,6.897,0.133,0,0,0,0,v
2014-11-16 08:18,6.903,0.167,0,0,0,0,v
2014-11-16 08:24,6.905,0.161,0,0,0,0,v
2014-11-16 08:30,6.915,0.182,0,0,0,0,v
2014-11-16 08:36,6.882,0.161,0,0,0,0,v
2014-11-16 08:42,6.873,0.138,0,0,0,0,v
2014-11-16 08:48,6.890,0.190,0,0,0,0,v
2014-11-16 08:54,6.875,0.171,0,0,0,0,v
2014-11-16 09:00,6.877,0.173,0,0,0,0,v
2014-11-16 09:06,6.879,0.168,0,0,0,0,v
2014-11-16 09:12,6.883,0.165,0,0,0,0,v
2014-11-16 09:18,6.876,0.150,0,0,0,0,v
2014-11-16 09:24,6.865,0.173,0,0,0,0,v
2014-11-16 09:30,6.854,0.155,0,0,0,0,v
2014-11-16 09:36,6.863,0.183,0,0,0,0,v
2014-11-16 09:42,6.869,0.132,0,0,0,0,v
2014-11-16 09:48,6.875,0.145,0,0,0,0,v
2014-11-16 09:54,6.861,0.177,0,0,0,0,v
2014-11-16 10:00,6.868,0.137,0,0,0,0,v
2014-11-16 10:06,6.851,0.157,0,0,0,0,v
2014-11-16 10:12,6.846,0.181,0,0,0,0,v
2014-11-16 10:18,6.853,0.164,0,0,0,0,v
2014-11-16 10:24,6.858,0.152,0,0,0,0,v
2014-11-16 10:30,6.829,0.181,0,0,0,0,v
2014-11-16 10:36,6.859,0.160,0,0,0,0,v
2014-11-16 10:42,6.831,0.175,0,0,0,0,v
2014-11-16 10:48,6.834,0.150,0,0,0,0,v
2014-11-16 10:54,6.821,0.177,0,0,0,0,v
2014-11-16 11:00,6.812,0.181,0,0,0,0,v
2014-11-16 11:06,6.850,0.167,0,0,0,0,v
2014-11-16 11:12,6.827,0.171,0,0,0,0,v
2014-11-16 11:18,6.831,0.164,0,0,0,0,v
2014-11-16 11:24,6.830,0.162,0,0,0,0,v
2014-11-16 11:30,6.847,0.151,0,0,0,0,v
2014-11-16 11:36,6.829,0.171,0,0,0,0,v
2014-11-16 11:42,6.835,0.186,0,0,0,0,v
2014-11-16 11:48,6.837,0.164,0,0,0,0,v
2014-11-16 11:54,6.832,0.178,0,0,0,0,v
2014-11-16 12:00,6.837,0.159,0,0,0,0,v
2014-11-16 12:06,6.807,0.166,0,0,0,0,v
2014-11-16 12:12,6.805,0.168,0,0,0,0,v
2014-11-16 12:18,6.824,0.190,0,0,0,0,v
2014-11-16 12:24,6.829,0.182,0,0,0,0,v
2014-11-16 12:30,6.823,0.166,0,0,0,0,v
2014-11-16 12:36,6.823,0.191,0,0,0,0,v
2014-11-16 12:42,6.805,0.171,0,0,0,0,v
2014-11-16 12:48,6.842,0.169,0,0,0,0,v
2014-11-16 12:54,6.846,0.159,0,0,0,0,v
2014-11-16 13:00,6.835,0.182,0,0,0,0,v
2014-11-16 13:06,6.821,0.190,0,0,0,0,v
2014-11-16 13:12,6.815,0.178,0,0,0,0,v
2014-11-16 13:18,6.823,0.179,0,0,0,0,v
2014-11-16 13:24,6.819,0.179,0,0,0,0,v
2014-11-16 13:30,6.821,0.187,0,0,0,0,v
2014-11-16 13:36,6.826,0.201,0,0,0,0,v
2014-11-16 13:42,6.850,0.185,0,0,0,0,v
2014-11-16 13:48,6.834,0.190,0,0,0,0,v
2014-11-16 13:54,6.834,0.194,0,0,0,0,v
2014-11-16 14:00,6.840,0.150,0,0,0,0,v
2014-11-16 14:06,6.867,0.169,0,0,0,0,v
2014-11-16 14:12,6.900,0.171,0,0,0,0,v
2014-11-16 14:18,6.865,0.192,0,0,0,0,v
2014-11-16 14:24,6.860,0.171,0,0,0,0,v
2014-11-16 14:30,6.881,0.202,0,0,0,0,v
2014-11-16 14:36,6.873,0.142,0,0,0,0,v
2014-11-16 14:42,6.875,0.184,0,0,0,0,v
2014-11-16 14:48,6.874,0.214,0,0,0,0,v
2014-11-16 14:54,6.894,0.178,0,0,0,0,v
2014-11-16 15:00,6.904,0.163,0,0,0,0,v
2014-11-16 15:06,6.900,0.188,0,0,0,0,v
2014-11-16 15:12,6.905,0.194,0,0,0,0,v
2014-11-16 15:18,6.904,0.193,0,0,0,0,v
2014-11-16 15:24,6.918,0.190,0,0,0,0,v
2014-11-16 15:30,6.908,0.166,0,0,0,0,v
2014-11-16 15:36,6.911,0.186,0,0,0,0,v
2014-11-16 15:42,6.916,0.193,0,0,0,0,v
2014-11-16 15:48,6.939,0.162,0,0,0,0,v
2014-11-16 15:54,6.953,0.211,0,0,0,0,v
2014-11-16 16:00,6.950,0.192,0,0,0,0,v
2014-11-16 16:06,6.942,0.188,0,0,0,0,v
2014-11-16 16:12,6.935,0.185,0,0,0,0,v
2014-11-16 16:18,6.938,0.145,0,0,0,0,v
2014-11-16 16:24,6.938,0.150,0,0,0,0,v
2014-11-16 16:30,6.963,0.206,0,0,0,0,v
2014-11-16 16:36,6.959,0.193,0,0,0,0,v
2014-11-16 16:42,6.939,0.174,0,0,0,0,v
2014-11-16 16:48,6.933,0.194,0,0,0,0,v
2014-11-16 16:54,6.947,0.203,0,0,0,0,v
2014-11-16 17:00,6.896,0.182,0,0,0,0,v
2014-11-16 17:06,6.898,0.182,0,0,0,0,v
2014-11-16 17:12,6.901,0.197,0,0,0,0,v
2014-11-16 17:18,6.913,0.194,0,0,0,0,v
2014-11-16 17:24,6.899,0.194,0,0,0,0,v
2014-11-16 17:30,6.898,0.203,0,0,0,0,v
2014-11-16 17:36,6.900,0.213,0,0,0,0,v
2014-11-16 17:42,6.887,0.198,0,0,0,0,v
2014-11-16 17:48,6.895,0.215,0,0,0,0,v
2014-11-16 17:54,6.920,0.197,0,0,0,0,v
2014-11-16 18:00,6.916,0.180,0,0,0,0,v
2014-11-16 18:06,6.913,0.225,0,0,0,0,v
2014-11-16 18:12,6.907,0.214,0,0,0,0,v
2014-11-16 18:18,6.908,0.202,0,0,0,0,v
2014-11-16 18:24,6.914,0.190,0,0,0,0,v
2014-11-16 18:30,6.940,0.194,0,0,0,0,v
2014-11-16 18:36,6.921,0.195,0,0,0,0,v
2014-11-16 18:42,6.897,0.181,0,0,0,0,v
2014-11-16 18:48,6.911,0.171,0,0,0,0,v
2014-11-16 18:54,6.893,0.177,0,0,0,0,v
2014-11-16 19:00,6.903,0.188,0,0,0,0,v
2014-11-16 19:06,6.887,0.169,0,0,0,0,v
2014-11-16 19:12,6.891,0.168,0,0,0,0,v
2014-11-16 19:18,6.900,0.211,0,0,0,0,v
2014-11-16 19:24,6.891,0.199,0,0,0,0,v
2014-11-16 19:30,6.898,0.170,0,0,0,0,v
2014-11-16 19:36,6.898,0.172,0,0,0,0,v
2014-11-16 19:42,6.875,0.194,0,0,0,0,v
2014-11-16 19:48,6.869,0.195,0,0,0,0,v
2014-11-16 19:54,6.868,0.183,0,0,0,0,v
2014-11-16 20:00,6.901,0.212,0,0,0,0,v
2014-11-16 20:06,6.899,0.173,0,0,0,0,v
2014-11-16 20:12,6.900,0.183,0,0,0,0,v
2014-11-16 20:18,6.892,0.159,0,0,0,0,v
2014-11-16 20:24,6.895,0.175,0,0,0,0,v
2014-11-16 20:30,6.910,0.187,0,0,0,0,v
2014-11-16 20:36,6.893,0.183,0,0,0,0,v
2014-11-16 20:42,6.884,0.178,0,0,0,0,v
2014-11-16 20:48,6.906,0.192,0,0,0,0,v
2014-11-16 20:54,6.911,0.172,0,0,0,0,v
2014-11-16 21:00,6.903,0.138,0,0,0,0,v
2014-11-16 21:06,6.918,0.179,0,0,0,0,v
2014-11-16 21:12,6.914,0.181,0,0,0,0,v
2014-11-16 21:18,6.916,0.209,0,0,0,0,v
2014-11-16 21:24,6.915,0.175,0,0,0,0,v
2014-11-16 21:30,6.926,0.160,0,0,0,0,v
2014-11-16 21:36,6.929,0.157,0,0,0,0,v
2014-11-16 21:42,6.931,0.152,0,0,0,0,v
2014-11-16 21:48,6.929,0.165,0,0,0,0,v
2014-11-16 21:54,6.934,0.149,0,0,0,0,v
2014-11-16 22:00,6.923,0.143,0,0,0,0,v
2014-11-16 22:06,6.923,0.165,0,0,0,0,v
2014-11-16 22:12,6.899,0.166,0,0,0,0,v
2014-11-16 22:18,6.905,0.183,0,0,0,0,v
2014-11-16 22:24,6.892,0.182,0,0,0,0,v
2014-11-16 22:30,6.898,0.179,0,0,0,0,v
2014-11-16 22:36,6.906,0.175,0,0,0,0,v
2014-11-16 22:42,6.921,0.155,0,0,0,0,v
2014-11-16 22:48,6.932,0.187,0,0,0,0,v
2014-11-16 22:54,6.924,0.190,0,0,0,0,v
2014-11-16 23:00,6.930,0.167,0,0,0,0,v
2014-11-16 23:06,6.930,0.175,0,0,0,0,v
2014-11-16 23:12,6.912,0.163,0,0,0,0,v
2014-11-16 23:18,6.926,0.206,0,0,0,0,v
2014-11-16 23:24,6.923,0.174,0,0,0,0,v
2014-11-16 23:30,6.929,0.179,0,0,0,0,v
2014-11-16 23:36,6.919,0.195,0,0,0,0,v
2014-11-16 23:42,6.881,0.159,0,0,0,0,v
2014-11-16 23:48,6.907,0.165,0,0,0,0,v
2014-11-16 23:54,6.932,0.161,0,0,0,0,v
2014-11-17 00:00,6.912,0.179,0,0,0,0,v
2014-11-17 00:06,6.933,0.174,0,0,0,0,v
2014-11-17 00:12,6.923,0.197,0,0,0,0,v
2014-11-17 00:18,6.946,0.168,0,0,0,0,v
2014-11-17 00:24,6.961,0.193,0,0,0,0,v
2014-11-17 00:30,6.941,0.197,0,0,0,0,v
2014-11-17 00:36,6.949,0.206,0,0,0,0,v
2014-11-17 00:42,6.952,0.172,0,0,0,0,v
2014-11-17 00:48,6.941,0.186,0,0,0,0,v
2014-11-17 00:54,6.966,0.167,0,0,0,0,v
2014-11-17 01:00,6.950,0.229,0,0,0,0,v
2014-11-17 01:06,6.956,0.166,0,0,0,0,v
2014-11-17 01:12,6.952,0.202,0,0,0,0,v
2014-11-17 01:18,6.957,0.176,0,0,0,0,v
2014-11-17 01:24,6.951,0.185,0,0,0,0,v
2014-11-17 01:30,6.977,0.192,0,0,0,0,v
2014-11-17 01:36,6.945,0.153,0,0,0,0,v
2014-11-17 01:42,6.970,0.175,0,0,0,0,v
2014-11-17 01:48,6.973,0.178,0,0,0,0,v
2014-11-17 01:54,6.964,0.186,0,0,0,0,v
2014-11-17 02:00,6.974,0.191,0,0,0,0,v
2014-11-17 02:06,6.978,0.168,0,0,0,0,v
2014-11-17 02:12,6.980,0.141,0,0,0,0,v
2014-11-17 02:18,6.997,0.152,0,0,0,0,v
2014-11-17 02:24,6.992,0.158,0,0,0,0,v
2014-11-17 02:30,6.988,0.175,0,0,0,0,v
2014-11-17 02:36,6.989,0.165,0,0,0,0,v
2014-11-17 02:42,7.005,0.165,0,0,0,0,v
2014-11-17 02:48,6.956,0.152,0,0,0,0,v
2014-11-17 02:54,6.984,0.187,0,0,0,0,v
2014-11-17 03:00,7.001,0.138,0,0,0,0,v
2014-11-17 03:06,6.985,0.178,0,0,0,0,v
2014-11-17 03:12,6.988,0.150,0,0,0,0,v
2014-11-17 03:18,6.992,0.150,0,0,0,0,v
2014-11-17 03:24,6.970,0.153,0,0,0,0,v
2014-11-17 03:30,6.975,0.148,0,0,0,0,v
2014-11-17 03:36,6.980,0.168,0,0,0,0,v
2014-11-17 03:42,6.961,0.159,0,0,0,0,v
2014-11-17 03:48,6.966,0.146,0,0,0,0,v
2014-11-17 03:54,6.957,0.155,0,0,0,0,v
2014-11-17 04:00,6.976,0.162,0,0,0,0,v
2014-11-17 04:06,6.996,0.155,0,0,0,0,v
2014-11-17 04:12,6.982,0.153,0,0,0,0,v
2014-11-17 04:18,6.952,0.131,0,0,0,0,v
2014-11-17 04:24,6.978,0.158,0,0,0,0,v
2014-11-17 04:30,6.978,0.163,0,0,0,0,v
2014-11-17 04:36,6.967,0.144,0,0,0,0,v
2014-11-17 04:42,6.943,0.149,0,0,0,0,v
2014-11-17 04:48,6.945,0.175,0,0,0,0,v
2014-11-17 04:54,6.942,0.154,0,0,0,0,v
2014-11-17 05:00,6.947,0.133,0,0,0,0,v
2014-11-17 05:06,6.918,0.149,0,0,0,0,v
2014-11-17 05:12,6.938,0.158,0,0,0,0,v
2014-11-17 05:18,6.911,0.155,0,0,0,0,v
2014-11-17 05:24,6.874,0.126,0,0,0,0,v
2014-11-17 05:30,6.887,0.153,0,0,0,0,v
2014-11-17 05:36,6.862,0.141,0,0,0,0,v
2014-11-17 05:42,6.887,0.161,0,0,0,0,v
2014-11-17 05:48,6.899,0.151,0,0,0,0,v
2014-11-17 05:54,6.895,0.149,0,0,0,0,v
2014-11-17 06:00,6.903,0.148,0,0,0,0,v
2014-11-17 06:06,6.869,0.158,0,0,0,0,v
2014-11-17 06:12,6.868,0.155,0,0,0,0,v
2014-11-17 06:18,6.876,0.149,0,0,0,0,v
2014-11-17 06:24,6.866,0.158,0,0,0,0,v
2014-11-17 06:30,6.843,0.136,0,0,0,0,v
2014-11-17 06:36,6.833,0.130,0,0,0,0,v
2014-11-17 06:42,6.881,0.136,0,0,0,0,v
2014-11-17 06:48,6.877,0.118,0,0,0,0,v
2014-11-17 06:54,6.856,0.157,0,0,0,0,v
2014-11-17 07:00,6.856,0.136,0,0,0,0,v
2014-11-17 07:06,6.849,0.112,0,0,0,0,v
2014-11-17 07:12,6.840,0.120,0,0,0,0,v
2014-11-17 07:18,6.790,0.137,0,0,0,0,v
2014-11-17 07:24,6.817,0.146,0,0,0,0,v
2014-11-17 07:30,6.832,0.150,0,0,0,0,v
2014-11-17 07:36,6.810,0.148,0,0,0,0,v
2014-11-17 07:42,6.797,0.140,0,0,0,0,v
2014-11-17 07:48,6.842,0.127,0,0,0,0,v
2014-11-17 07:54,6.811,0.130,0,0,0,0,v
2014-11-17 08:00,6.807,0.132,0,0,0,0,v
2014-11-17 08:06,6.825,0.139,0,0,0,0,v
2014-11-17 08:12,6.836,0.133,0,0,0,0,v
2014-11-17 08:18,6.832,0.139,0,0,0,0,v
2014-11-17 08:24,6.836,0.125,0,0,0,0,v
2014-11-17 08:30,6.803,0.125,0,0,0,0,v
2014-11-17 08:36,6.775,0.120,0,0,0,0,v
2014-11-17 08:42,6.770,0.104,0,0,0,0,v
2014-11-17 08:48,6.754,0.120,0,0,0,0,v
2014-11-17 08:54,6.728,0.104,0,0,0,0,v
2014-11-17 09:00,6.737,0.123,0,0,0,0,v
2014-11-17 09:06,6.717,0.116,0,0,0,0,v
2014-11-17 09:12,6.696,0.120,0,0,0,0,v
2014-11-17 09:18,6.709,0.112,0,0,0,0,v
2014-11-17 09:24,6.715,0.137,0,0,0,0,v
2014-11-17 09:30,6.712,0.110,0,0,0,0,v
2014-11-17 09:36,6.692,0.117,0,0,0,0,v
2014-11-17 09:42,6.701,0.121,0,0,0,0,v
2014-11-17 09:48,6.682,0.108,0,0,0,0,v
2014-11-17 09:54,6.685,0.106,0,0,0,0,v
2014-11-17 10:00,6.669,0.112,0,0,0,0,v
2014-11-17 10:06,6.667,0.099,0,0,0,0,v
2014-11-17 10:12,6.653,0.097,0,0,0,0,v
2014-11-17 10:18,6.641,0.122,0,0,0,0,v
2014-11-17 10:24,6.623,0.115,0,0,0,0,v
2014-11-17 10:30,6.600,0.129,0,0,0,0,v
2014-11-17 10:36,6.616,0.116,0,0,0,0,v
2014-11-17 10:42,6.590,0.113,0,0,0,0,v
2014-11-17 10:48,6.603,0.127,0,0,0,0,v
2014-11-17 10:54,6.609,0.108,0,0,0,0,v
2014-11-17 11:00,6.568,0.125,0,0,0,0,v
2014-11-17 11:06,6.583,0.109,0,0,0,0,v
2014-11-17 11:12,6.582,0.110,0,0,0,0,v
2014-11-17 11:18,6.561,0.110,0,0,0,0,v
2014-11-17 11:24,6.570,0.105,0,0,0,0,v
2014-11-17 11:30,6.537,0.108,0,0,0,0,v
2014-11-17 11:36,6.534,0.109,0,0,0,0,v
2014-11-17 11:42,6.545,0.100,0,0,0,0,v
2014-11-17 11:48,6.548,0.092,0,0,0,0,v
2014-11-17 11:54,6.562,0.127,0,0,0,0,v
2014-11-17 12:00,6.559,0.097,0,0,0,0,v
2014-11-17 12:06,6.556,0.101,0,0,0,0,v
2014-11-17 12:12,6.566,0.104,0,0,0,0,v
2014-11-17 12:18,6.562,0.106,0,0,0,0,v
2014-11-17 12:24,6.563,0.114,0,0,0,0,v
2014-11-17 12:30,6.558,0.116,0,0,0,0,v
2014-11-17 12:36,6.528,0.111,0,0,0,0,v
2014-11-17 12:42,6.547,0.118,0,0,0,0,v
2014-11-17 12:48,6.567,0.114,0,0,0,0,v
2014-11-17 12:54,6.556,0.107,0,0,0,0,v
2014-11-17 13:00,6.569,0.122,0,0,0,0,v
2014-11-17 13:06,6.574,0.123,0,0,0,0,v
2014-11-17 13:12,6.596,0.096,0,0,0,0,v
2014-11-17 13:18,6.608,0.105,0,0,0,0,v
2014-11-17 13:24,6.628,0.117,0,0,0,0,v
2014-11-17 13:30,6.612,0.123,0,0,0,0,v
2014-11-17 13:36,6.613,0.121,0,0,0,0,v
2014-11-17 13:42,6.638,0.120,0,0,0,0,v
2014-11-17 13:48,6.662,0.110,0,0,0,0,v
2014-11-17 13:54,6.666,0.115,0,0,0,0,v
2014-11-17 14:00,6.613,0.121,0,0,0,0,v
2014-11-17 14:06,6.672,0.113,0,0,0,0,v
2014-11-17 14:12,6.677,0.116,0,0,0,0,v
2014-11-17 14:18,6.664,0.099,0,0,0,0,v
2014-11-17 14:24,6.656,0.126,0,0,0,0,v
2014-11-17 14:30,6.687,0.118,0,0,0,0,v
2014-11-17 14:36,6.709,0.120,0,0,0,0,v
2014-11-17 14:42,6.672,0.130,0,0,0,0,v
2014-11-17 14:48,6.663,0.131,0,0,0,0,v
2014-11-17 14:54,6.673,0.120,0,0,0,0,v
2014-11-17 15:00,6.675,0.114,0,0,0,0,v
2014-11-17 15:06,6.668,0.116,0,0,0,0,v
2014-11-17 15:12,6.668,0.137,0,0,0,0,v
2014-11-17 15:18,6.636,0.118,0,0,0,0,v
2014-11-17 15:24,6.648,0.122,0,0,0,0,v
2014-11-17 15:30,6.638,0.112,0,0,0,0,v
2014-11-17 15:36,6.669,0.132,0,0,0,0,v
2014-11-17 15:42,6.686,0.101,0,0,0,0,v
2014-11-17 15:48,6.712,0.111,0,0,0,0,v
2014-11-17 15:54,6.737,0.103,0,0,0,0,v
2014-11-17 16:00,6.728,0.104,0,0,0,0,v
2014-11-17 16:06,6.722,0.134,0,0,0,0,v
2014-11-17 16:12,6.709,0.098,0,0,0,0,v
2014-11-17 16:18,6.702,0.105,0,0,0,0,v
2014-11-17 16:24,6.715,0.106,0,0,0,0,v
2014-11-17 16:30,6.730,0.096,0,0,0,0,v
2014-11-17 16:36,6.712,0.104,0,0,0,0,v
2014-11-17 16:42,6.718,0.100,0,0,0,0,v
2014-11-17 16:48,6.721,0.112,0,0,0,0,v
2014-11-17 16:54,6.713,0.110,0,0,0,0,v
2014-11-17 17:00,6.709,0.114,0,0,0,0,v
2014-11-17 17:06,6.723,0.107,0,0,0,0,v
2014-11-17 17:12,6.729,0.104,0,0,0,0,v
2014-11-17 17:18,6.746,0.103,0,0,0,0,v
2014-11-17 17:24,6.726,0.101,0,0,0,0,v
2014-11-17 17:30,6.727,0.106,0,0,0,0,v
2014-11-17 17:36,6.755,0.110,0,0,0,0,v
2014-11-17 17:42,6.749,0.109,0,0,0,0,v
2014-11-17 17:48,6.739,0.121,0,0,0,0,v
2014-11-17 17:54,6.738,0.101,0,0,0,0,v
2014-11-17 18:00,6.696,0.102,0,0,0,0,v
2014-11-17 18:06,6.722,0.102,0,0,0,0,v
2014-11-17 18:12,6.725,0.110,0,0,0,0,v
2014-11-17 18:18,6.702,0.103,0,0,0,0,v
2014-11-17 18:24,6.702,0.105,0,0,0,0,v
2014-11-17 18:30,6.707,0.086,0,0,0,0,v
2014-11-17 18:36,6.736,0.103,0,0,0,0,v
2014-11-17 18:42,6.757,0.094,0,0,0,0,v
2014-11-17 18:48,6.748,0.094,0,0,0,0,v
2014-11-17 18:54,6.747,0.106,0,0,0,0,v
2014-11-17 19:00,6.747,0.090,0,0,0,0,v
2014-11-17 19:06,6.716,0.084,0,0,0,0,v
2014-11-17 19:12,6.735,0.092,0,0,0,0,v
2014-11-17 19:18,6.722,0.104,0,0,0,0,v
2014-11-17 19:24,6.705,0.091,0,0,0,0,v
2014-11-17 19:30,6.732,0.100,0,0,0,0,v
2014-11-17 19:36,6.709,0.090,0,0,0,0,v
2014-11-17 19:42,6.711,0.092,0,0,0,0,v
2014-11-17 19:48,6.699,0.092,0,0,0,0,v
2014-11-17 19:54,6.672,0.084,0,0,0,0,v
2014-11-17 20:00,6.661,0.092,0,0,0,0,v
2014-11-17 20:06,6.661,0.093,0,0,0,0,v
2014-11-17 20:12,6.641,0.109,0,0,0,0,v
2014-11-17 20:18,6.653,0.087,0,0,0,0,v
2014-11-17 20:24,6.637,0.101,0,0,0,0,v
2014-11-17 20:30,6.602,0.090,0,0,0,0,v
2014-11-17 20:36,6.586,0.101,0,0,0,0,v
2014-11-17 20:42,6.579,0.080,0,0,0,0,v
2014-11-17 20:48,6.602,0.084,0,0,0,0,v
2014-11-17 20:54,6.604,0.098,0,0,0,0,v
2014-11-17 21:00,6.613,0.096,0,0,0,0,v
2014-11-17 21:06,6.646,0.090,0,0,0,0,v
2014-11-17 21:12,6.653,0.088,0,0,0,0,v
2014-11-17 21:18,6.634,0.088,0,0,0,0,v
2014-11-17 21:24,6.626,0.101,0,0,0,0,v
2014-11-17 21:30,6.615,0.102,0,0,0,0,v
2014-11-17 21:36,6.611,0.097,0,0,0,0,v
2014-11-17 21:42,6.620,0.092,0,0,0,0,v
2014-11-17 21:48,6.607,0.098,0,0,0,0,v
2014-11-17 21:54,6.623,0.090,0,0,0,0,v
2014-11-17 22:00,6.614,0.096,0,0,0,0,v
2014-11-17 22:06,6.617,0.104,0,0,0,0,v
2014-11-17 22:12,6.632,0.082,0,0,0,0,v
2014-11-17 22:18,6.623,0.088,0,0,0,0,v
2014-11-17 22:24,6.621,0.084,0,0,0,0,v
2014-11-17 22:30,6.632,0.097,0,0,0,0,v
2014-11-17 22:36,6.626,0.092,0,0,0,0,v
2014-11-17 22:42,6.614,0.090,0,0,0,0,v
2014-11-17 22:48,6.620,0.081,0,0,0,0,v
2014-11-17 22:54,6.669,0.088,0,0,0,0,v
2014-11-17 23:00,6.673,0.109,0,0,0,0,v
2014-11-17 23:06,6.670,0.091,0,0,0,0,v
2014-11-17 23:12,6.674,0.077,0,0,0,0,v
2014-11-17 23:18,6.664,0.087,0,0,0,0,v
2014-11-17 23:24,6.661,0.100,0,0,0,0,v
2014-11-17 23:30,6.656,0.080,0,0,0,0,v
2014-11-17 23:36,6.661,0.087,0,0,0,0,v
2014-11-17 23:42,6.644,0.099,0,0,0,0,v
2014-11-17 23:48,6.639,0.097,0,0,0,0,v
2014-11-17 23:54,6.634,0.092,0,0,0,0,v
2014-11-18 00:00,6.630,0.096,0,0,0,0,v
2014-11-18 00:06,6.635,0.102,0,0,0,0,v
2014-11-18 00:12,6.634,0.088,0,0,0,0,v
2014-11-18 00:18,6.616,0.086,0,0,0,0,v
2014-11-18 00:24,6.615,0.096,0,0,0,0,v
2014-11-18 00:30,6.597,0.095,0,0,0,0,v
2014-11-18 00:36,6.606,0.088,0,0,0,0,v
2014-11-18 00:42,6.610,0.083,0,0,0,0,v
2014-11-18 00:48,6.588,0.086,0,0,0,0,v
2014-11-18 00:54,6.611,0.107,0,0,0,0,v
2014-11-18 01:00,6.629,0.081,0,0,0,0,v
2014-11-18 01:06,6.624,0.099,0,0,0,0,v
2014-11-18 01:12,6.628,0.097,0,0,0,0,v
2014-11-18 01:18,6.648,0.088,0,0,0,0,v
2014-11-18 01:24,6.658,0.114,0,0,0,0,v
2014-11-18 01:30,6.672,0.074,0,0,0,0,v
2014-11-18 01:36,6.658,0.092,0,0,0,0,v
2014-11-18 01:42,6.680,0.090,0,0,0,0,v
2014-11-18 01:48,6.659,0.090,0,0,0,0,v
2014-11-18 01:54,6.661,0.091,0,0,0,0,v
2014-11-18 02:00,6.643,0.102,0,0,0,0,v
2014-11-18 02:06,6.665,0.092,0,0,0,0,v
2014-11-18 02:12,6.659,0.097,0,0,0,0,v
2014-11-18 02:18,6.659,0.095,0,0,0,0,v
2014-11-18 02:24,6.666,0.091,0,0,0,0,v
2014-11-18 02:30,6.656,0.099,0,0,0,0,v
2014-11-18 02:36,6.665,0.084,0,0,0,0,v
2014-11-18 02:42,6.663,0.092,0,0,0,0,v
2014-11-18 02:48,6.675,0.089,0,0,0,0,v
2014-11-18 02:54,6.680,0.102,0,0,0,0,v
2014-11-18 03:00,6.663,0.091,0,0,0,0,v
2014-11-18 03:06,6.674,0.099,0,0,0,0,v
2014-11-18 03:12,6.672,0.120,0,0,0,0,v
2014-11-18 03:18,6.675,0.101,0,0,0,0,v
2014-11-18 03:24,6.662,0.094,0,0,0,0,v
2014-11-18 03:30,6.657,0.096,0,0,0,0,v
2014-11-18 03:36,6.658,0.098,0,0,0,0,v
2014-11-18 03:42,6.649,0.100,0,0,0,0,v
2014-11-18 03:48,6.661,0.093,0,0,0,0,v
2014-11-18 03:54,6.656,0.104,0,0,0,0,v
2014-11-18 04:00,6.655,0.092,0,0,0,0,v
2014-11-18 04:06,6.645,0.101,0,0,0,0,v
2014-11-18 04:12,6.685,0.093,0,0,0,0,v
2014-11-18 04:18,6.717,0.092,0,0,0,0,v
2014-11-18 04:24,6.713,0.088,0,0,0,0,v
2014-11-18 04:30,6.702,0.092,0,0,0,0,v
2014-11-18 04:36,6.723,0.103,0,0,0,0,v
2014-11-18 04:42,6.693,0.111,0,0,0,0,v
2014-11-18 04:48,6.723,0.098,0,0,0,0,v
2014-11-18 04:54,6.726,0.104,0,0,0,0,v
2014-11-18 05:00,6.725,0.112,0,0,0,0,v
2014-11-18 05:06,6.723,0.109,0,0,0,0,v
2014-11-18 05:12,6.719,0.109,0,0,0,0,v
2014-11-18 05:18,6.706,0.112,0,0,0,0,v
2014-11-18 05:24,6.703,0.108,0,0,0,0,v
2014-11-18 05:30,6.685,0.103,0,0,0,0,v
2014-11-18 05:36,6.683,0.100,0,0,0,0,v
2014-11-18 05:42,6.689,0.103,0,0,0,0,v
2014-11-18 05:48,6.690,0.099,0,0,0,0,v
2014-11-18 05:54,6.705,0.095,0,0,0,0,v
2014-11-18 06:00,6.702,0.092,0,0,0,0,v
2014-11-18 06:06,6.707,0.106,0,0,0,0,v
2014-11-18 06:12,6.692,0.098,0,0,0,0,v
2014-11-18 06:18,6.679,0.097,0,0,0,0,v
2014-11-18 06:24,6.651,0.093,0,0,0,0,v
2014-11-18 06:30,6.649,0.097,0,0,0,0,v
2014-11-18 06:36,6.647,0.107,0,0,0,0,v
2014-11-18 06:42,6.636,0.111,0,0,0,0,v
2014-11-18 06:48,6.670,0.109,0,0,0,0,v
2014-11-18 06:54,6.697,0.101,0,0,0,0,v
2014-11-18 07:00,6.704,0.095,0,0,0,0,v
2014-11-18 07:06,6.706,0.104,0,0,0,0,v
2014-11-18 07:12,6.694,0.103,0,0,0,0,v
2014-11-18 07:18,6.660,0.110,0,0,0,0,v
2014-11-18 07:24,6.630,0.116,0,0,0,0,v
2014-11-18 07:30,6.633,0.108,0,0,0,0,v
2014-11-18 07:36,6.621,0.100,0,0,0,0,v
2014-11-18 07:42,6.612,0.105,0,0,0,0,v
2014-11-18 07:48,6.634,0.105,0,0,0,0,v
2014-11-18 07:54,6.615,0.107,0,0,0,0,v
2014-11-18 08:00,6.625,0.106,0,0,0,0,v
2014-11-18 08:06,6.610,0.097,0,0,0,0,v
2014-11-18 08:12,6.599,0.121,0,0,0,0,v
2014-11-18 08:18,6.595,0.118,0,0,0,0,v
2014-11-18 08:24,6.606,0.094,0,0,0,0,v
2014-11-18 08:30,6.607,0.124,0,0,0,0,v
2014-11-18 08:36,6.603,0.107,0,0,0,0,v
2014-11-18 08:42,6.580,0.109,0,0,0,0,v
2014-11-18 08:48,6.590,0.102,0,0,0,0,v
2014-11-18 08:54,6.575,0.115,0,0,0,0,v
2014-11-18 09:00,6.585,0.109,0,0,0,0,v
2014-11-18 09:06,6.581,0.118,0,0,0,0,v
2014-11-18 09:12,6.562,0.119,0,0,0,0,v
2014-11-18 09:18,6.544,0.150,0,0,0,0,v
2014-11-18 09:24,6.566,0.124,0,0,0,0,v
2014-11-18 09:30,6.591,0.123,0,0,0,0,v
2014-11-18 09:36,6.583,0.125,0,0,0,0,v
2014-11-18 09:42,6.568,0.130,0,0,0,0,v
2014-11-18 09:48,6.584,0.134,0,0,0,0,v
2014-11-18 09:54,6.557,0.123,0,0,0,0,v
2014-11-18 10:00,6.566,0.138,0,0,0,0,v
2014-11-18 10:06,6.551,0.152,0,0,0,0,v
2014-11-18 10:12,6.561,0.144,0,0,0,0,v
2014-11-18 10:18,6.580,0.149,0,0,0,0,v
2014-11-18 10:24,6.582,0.130,0,0,0,0,v
2014-11-18 10:30,6.576,0.137,0,0,0,0,v
2014-11-18 10:36,6.567,0.148,0,0,0,0,v
2014-11-18 10:42,6.589,0.147,0,0,0,0,v
2014-11-18 10:48,6.580,0.138,0,0,0,0,v
2014-11-18 10:54,6.560,0.143,0,0,0,0,v
2014-11-18 11:00,6.587,0.153,0,0,0,0,v
2014-11-18 11:06,6.578,0.169,0,0,0,0,v
2014-11-18 11:12,6.585,0.157,0,0,0,0,v
2014-11-18 11:18,6.562,0.159,0,0,0,0,v
2014-11-18 11:24,6.563,0.162,0,0,0,0,v
2014-11-18 11:30,6.593,0.180,0,0,0,0,v
2014-11-18 11:36,6.598,0.157,0,0,0,0,v
2014-11-18 11:42,6.578,0.155,0,0,0,0,v
2014-11-18 11:48,6.578,0.167,0,0,0,0,v
2014-11-18 11:54,6.613,0.161,0,0,0,0,v
2014-11-18 12:00,6.593,0.172,0,0,0,0,v
2014-11-18 12:06,6.573,0.173,0,0,0,0,v
2014-11-18 12:12,6.600,0.147,0,0,0,0,v
2014-11-18 12:18,6.613,0.158,0,0,0,0,v
2014-11-18 12:24,6.602,0.170,0,0,0,0,v
2014-11-18 12:30,6.580,0.178,0,0,0,0,v
2014-11-18 12:36,6.591,0.167,0,0,0,0,v
2014-11-18 12:42,6.589,0.173,0,0,0,0,v
2014-11-18 12:48,6.551,0.168,0,0,0,0,v
2014-11-18 12:54,6.549,0.166,0,0,0,0,v
2014-11-18 13:00,6.556,0.171,0,0,0,0,v
2014-11-18 13:06,6.566,0.173,0,0,0,0,v
2014-11-18 13:12,6.548,0.170,0,0,0,0,v
2014-11-18 13:18,6.531,0.159,0,0,0,0,v
2014-11-18 13:24,6.549,0.179,0,0,0,0,v
2014-11-18 13:30,6.559,0.170,0,0,0,0,v
2014-11-18 13:36,6.572,0.170,0,0,0,0,v
2014-11-18 13:42,6.572,0.171,0,0,0,0,v
2014-11-18 13:48,6.568,0.155,0,0,0,0,v
2014-11-18 13:54,6.611,0.161,0,0,0,0,v
2014-11-18 14:00,6.601,0.183,0,0,0,0,v
2014-11-18 14:06,6.617,0.173,0,0,0,0,v
2014-11-18 14:12,6.629,0.192,0,0,0,0,v
2014-11-18 14:18,6.664,0.180,0,0,0,0,v
2014-11-18 14:24,6.667,0.180,0,0,0,0,v
2014-11-18 14:30,6.681,0.175,0,0,0,0,v
2014-11-18 14:36,6.695,0.172,0,0,0,0,v
2014-11-18 14:42,6.711,0.182,0,0,0,0,v
2014-11-18 14:48,6.696,0.195,0,0,0,0,v
2014-11-18 14:54,6.704,0.193,0,0,0,0,v
2014-11-18 15:00,6.719,0.170,0,0,0,0,v
2014-11-18 15:06,6.727,0.182,0,0,0,0,v
2014-11-18 15:12,6.717,0.177,0,0,0,0,v
2014-11-18 15:18,6.716,0.185,0,0,0,0,v
2014-11-18 15:24,6.702,0.195,0,0,0,0,v
2014-11-18 15:30,6.710,0.189,0,0,0,0,v
2014-11-18 15:36,6.727,0.174,0,0,0,0,v
2014-11-18 15:42,6.730,0.183,0,0,0,0,v
2014-11-18 15:48,6.751,0.203,0,0,0,0,v
2014-11-18 15:54,6.758,0.189,0,0,0,0,v
2014-11-18 16:00,6.774,0.195,0,0,0,0,v
2014-11-18 16:06,6.789,0.194,0,0,0,0,v
2014-11-18 16:12,6.802,0.186,0,0,0,0,v
2014-11-18 16:18,6.795,0.181,0,0,0,0,v
2014-11-18 16:24,6.798,0.191,0,0,0,0,v
2014-11-18 16:30,6.795,0.194,0,0,0,0,v
2014-11-18 16:36,6.843,0.204,0,0,0,0,v
2014-11-18 16:42,6.828,0.198,0,0,0,0,v
2014-11-18 16:48,6.812,0.192,0,0,0,0,v
2014-11-18 16:54,6.814,0.189,0,0,0,0,v
2014-11-18 17:00,6.800,0.197,0,0,0,0,v
2014-11-18 17:06,6.831,0.190,0,0,0,0,v
2014-11-18 17:12,6.814,0.201,0,0,0,0,v
2014-11-18 17:18,6.817,0.193,0,0,0,0,v
2014-11-18 17:24,6.831,0.187,0,0,0,0,v
2014-11-18 17:30,6.857,0.195,0,0,0,0,v
2014-11-18 17:36,6.854,0.193,0,0,0,0,v
2014-11-18 17:42,6.843,0.195,0,0,0,0,v
2014-11-18 17:48,6.849,0.199,0,0,0,0,v
2014-11-18 17:54,6.832,0.203,0,0,0,0,v
2014-11-18 18:00,6.816,0.194,0,0,0,0,v
2014-11-18 18:06,6.825,0.186,0,0,0,0,v
2014-11-18 18:12,6.817,0.204,0,0,0,0,v
2014-11-18 18:18,6.826,0.197,0,0,0,0,v
2014-11-18 18:24,6.823,0.192,0,0,0,0,v
2014-11-18 18:30,6.837,0.200,0,0,0,0,v
2014-11-18 18:36,6.879,0.196,0,0,0,0,v
2014-11-18 18:42,6.853,0.188,0,0,0,0,v
2014-11-18 18:48,6.865,0.189,0,0,0,0,v
2014-11-18 18:54,6.870,0.186,0,0,0,0,v
2014-11-18 19:00,6.874,0.180,0,0,0,0,v
2014-11-18 19:06,6.893,0.166,0,0,0,0,v
2014-11-18 19:12,6.872,0.191,0,0,0,0,v
2014-11-18 19:18,6.863,0.161,0,0,0,0,v
2014-11-18 19:24,6.882,0.198,0,0,0,0,v
2014-11-18 19:30,6.897,0.195,0,0,0,0,v
2014-11-18 19:36,6.908,0.159,0,0,0,0,v
2014-11-18 19:42,6.907,0.173,0,0,0,0,v
2014-11-18 19:48,6.893,0.194,0,0,0,0,v
2014-11-18 19:54,6.897,0.189,0,0,0,0,v
2014-11-18 20:00,6.908,0.210,0,0,0,0,v
2014-11-18 20:06,6.900,0.186,0,0,0,0,v
2014-11-18 20:12,6.893,0.164,0,0,0,0,v
2014-11-18 20:18,6.888,0.174,0,0,0,0,v
2014-11-18 20:24,6.893,0.185,0,0,0,0,v
2014-11-18 20:30,6.895,0.184,0,0,0,0,v
2014-11-18 20:36,6.878,0.196,0,0,0,0,v
2014-11-18 20:42,6.892,0.187,0,0,0,0,v
2014-11-18 20:48,6.885,0.185,0,0,0,0,v
2014-11-18 20:54,6.900,0.168,0,0,0,0,v
2014-11-18 21:00,6.881,0.179,0,0,0,0,v
2014-11-18 21:06,6.895,0.160,0,0,0,0,v
2014-11-18 21:12,6.898,0.189,0,0,0,0,v
2014-11-18 21:18,6.912,0.197,0,0,0,0,v
2014-11-18 21:24,6.905,0.199,0,0,0,0,v
2014-11-18 21:30,6.910,0.169,0,0,0,0,v
2014-11-18 21:36,6.905,0.135,0,0,0,0,v
2014-11-18 21:42,6.894,0.213,0,0,0,0,v
2014-11-18 21:48,6.903,0.172,0,0,0,0,v
2014-11-18 21:54,6.898,0.166,0,0,0,0,v
2014-11-18 22:00,6.880,0.192,0,0,0,0,v
2014-11-18 22:06,6.876,0.155,0,0,0,0,v
2014-11-18 22:12,6.863,0.192,0,0,0,0,v
2014-11-18 22:18,6.834,0.177,0,0,0,0,v
2014-11-18 22:24,6.861,0.156,0,0,0,0,v
2014-11-18 22:30,6.871,0.176,0,0,0,0,v
2014-11-18 22:36,6.874,0.164,0,0,0,0,v
2014-11-18 22:42,6.856,0.174,0,0,0,0,v
2014-11-18 22:48,6.859,0.163,0,0,0,0,v
2014-11-18 22:54,6.868,0.172,0,0,0,0,v
2014-11-18 23:00,6.868,0.165,0,0,0,0,v
2014-11-18 23:06,6.864,0.176,0,0,0,0,v
2014-11-18 23:12,6.831,0.169,0,0,0,0,v
2014-11-18 23:18,6.850,0.180,0,0,0,0,v
2014-11-18 23:24,6.856,0.155,0,0,0,0,v
2014-11-18 23:30,6.835,0.197,0,0,0,0,v
2014-11-18 23:36,6.862,0.175,0,0,0,0,v
2014-11-18 23:42,6.849,0.165,0,0,0,0,v
2014-11-18 23:48,6.858,0.183,0,0,0,0,v
2014-11-18 23:54,6.894,0.167,0,0,0,0,v
2014-11-19 00:00,6.889,0.168,0,0,0,0,v
2014-11-19 00:06,6.885,0.154,0,0,0,0,v
2014-11-19 00:12,6.893,0.194,0,0,0,0,v
2014-11-19 00:18,6.892,0.149,0,0,0,0,v
2014-11-19 00:24,6.879,0.136,0,0,0,0,v
2014-11-19 00:30,6.872,0.155,0,0,0,0,v
2014-11-19 00:36,6.867,0.166,0,0,0,0,v
2014-11-19 00:42,6.888,0.146,0,0,0,0,v
2014-11-19 00:48,6.867,0.165,0,0,0,0,v
2014-11-19 00:54,6.883,0.145,0,0,0,0,v
2014-11-19 01:00,6.870,0.149,0,0,0,0,v
2014-11-19 01:06,6.898,0.166,0,0,0,0,v
2014-11-19 01:12,6.890,0.155,0,0,0,0,v
2014-11-19 01:18,6.872,0.154,0,0,0,0,v
2014-11-19 01:24,6.879,0.141,0,0,0,0,v
2014-11-19 01:30,6.885,0.154,0,0,0,0,v
2014-11-19 01:36,6.891,0.171,0,0,0,0,v
2014-11-19 01:42,6.899,0.163,0,0,0,0,v
2014-11-19 01:48,6.889,0.139,0,0,0,0,v
2014-11-19 01:54,6.882,0.000,0,0,0,0,v
2014-11-19 02:00,6.883,0.177,0,0,0,0,v
2014-11-19 02:06,6.878,0.151,0,0,0,0,v
2014-11-19 02:12,6.896,0.167,0,0,0,0,v
2014-11-19 02:18,6.898,0.162,0,0,0,0,v
2014-11-19 02:24,6.898,0.129,0,0,0,0,v
2014-11-19 02:30,6.893,0.152,0,0,0,0,v
2014-11-19 02:36,6.902,0.158,0,0,0,0,v
2014-11-19 02:42,6.885,0.166,0,0,0,0,v
2014-11-19 02:48,6.916,0.133,0,0,0,0,v
2014-11-19 02:54,6.898,0.139,0,0,0,0,v
2014-11-19 03:00,6.888,0.137,0,0,0,0,v
2014-11-19 03:06,6.905,0.153,0,0,0,0,v
2014-11-19 03:12,6.899,0.161,0,0,0,0,v
2014-11-19 03:18,6.899,0.142,0,0,0,0,v
2014-11-19 03:24,6.900,0.170,0,0,0,0,v
2014-11-19 03:30,6.909,0.138,0,0,0,0,v
2014-11-19 03:36,6.911,0.118,0,0,0,0,v
2014-11-19 03:42,6.897,0.143,0,0,0,0,v
2014-11-19 03:48,6.897,0.122,0,0,0,0,v
2014-11-19 03:54,6.911,0.135,0,0,0,0,v
2014-11-19 04:00,6.901,0.140,0,0,0,0,v
2014-11-19 04:06,6.916,0.135,0,0,0,0,v
2014-11-19 04:12,6.936,0.128,0,0,0,0,v
2014-11-19 04:18,6.909,0.149,0,0,0,0,v
2014-11-19 04:24,6.913,0.148,0,0,0,0,v
2014-11-19 04:30,6.921,0.129,0,0,0,0,v
2014-11-19 04:36,6.931,0.126,0,0,0,0,v
2014-11-19 04:42,6.919,0.132,0,0,0,0,v
2014-11-19 04:48,6.899,0.128,0,0,0,0,v
2014-11-19 04:54,6.910,0.119,0,0,0,0,v
2014-11-19 05:00,6.909,0.133,0,0,0,0,v
2014-11-19 05:06,6.928,0.118,0,0,0,0,v
2014-11-19 05:12,6.936,0.123,0,0,0,0,v
2014-11-19 05:18,6.932,0.127,0,0,0,0,v
2014-11-19 05:24,6.927,0.123,0,0,0,0,v
2014-11-19 05:30,6.896,0.134,0,0,0,0,v
2014-11-19 05:36,6.907,0.113,0,0,0,0,v
2014-11-19 05:42,6.920,0.136,0,0,0,0,v
2014-11-19 05:48,6.920,0.132,0,0,0,0,v
2014-11-19 05:54,6.907,0.126,0,0,0,0,v
2014-11-19 06:00,6.911,0.123,0,0,0,0,v
2014-11-19 06:06,6.912,0.106,0,0,0,0,v
2014-11-19 06:12,6.904,0.131,0,0,0,0,v
2014-11-19 06:18,6.882,0.115,0,0,0,0,v
2014-11-19 06:24,6.878,0.126,0,0,0,0,v
2014-11-19 06:30,6.865,0.138,0,0,0,0,v
2014-11-19 06:36,6.878,0.113,0,0,0,0,v
2014-11-19 06:42,6.868,0.121,0,0,0,0,v
2014-11-19 06:48,6.868,0.135,0,0,0,0,v
2014-11-19 06:54,6.860,0.134,0,0,0,0,v
2014-11-19 07:00,6.875,0.126,0,0,0,0,v
2014-11-19 07:06,6.857,0.124,0,0,0,0,v
2014-11-19 07:12,6.847,0.127,0,0,0,0,v
2014-11-19 07:18,6.831,0.133,0,0,0,0,v
2014-11-19 07:24,6.838,0.100,0,0,0,0,v
2014-11-19 07:30,6.810,0.128,0,0,0,0,v
2014-11-19 07:36,6.801,0.146,0,0,0,0,v
2014-11-19 07:42,6.821,0.108,0,0,0,0,v
2014-11-19 07:48,6.804,0.117,0,0,0,0,v
2014-11-19 07:54,6.817,0.118,0,0,0,0,v
2014-11-19 08:00,6.825,0.114,0,0,0,0,v
2014-11-19 08:06,6.818,0.130,0,0,0,0,v
2014-11-19 08:12,6.814,0.125,0,0,0,0,v
2014-11-19 08:18,6.799,0.124,0,0,0,0,v
2014-11-19 08:24,6.780,0.127,0,0,0,0,v
2014-11-19 08:30,6.785,0.122,0,0,0,0,v
2014-11-19 08:36,6.786,0.127,0,0,0,0,v
2014-11-19 08:42,6.772,0.109,0,0,0,0,v
2014-11-19 08:48,6.792,0.100,0,0,0,0,v
2014-11-19 08:54,6.774,0.125,0,0,0,0,v
2014-11-19 09:00,6.758,0.118,0,0,0,0,v
2014-11-19 09:06,6.741,0.128,0,0,0,0,v
2014-11-19 09:12,6.731,0.124,0,0,0,0,v
2014-11-19 09:18,6.726,0.129,0,0,0,0,v
2014-11-19 09:24,6.734,0.142,0,0,0,0,v
2014-11-19 09:30,6.727,0.104,0,0,0,0,v
2014-11-19 09:36,6.702,0.110,0,0,0,0,v
2014-11-19 09:42,6.706,0.123,0,0,0,0,v
2014-11-19 09:48,6.696,0.106,0,0,0,0,v
2014-11-19 09:54,6.685,0.099,0,0,0,0,v
2014-11-19 10:00,6.677,0.124,0,0,0,0,v
2014-11-19 10:06,6.677,0.100,0,0,0,0,v
2014-11-19 10:12,6.665,0.123,0,0,0,0,v
2014-11-19 10:18,6.679,0.121,0,0,0,0,v
2014-11-19 10:24,6.674,0.118,0,0,0,0,v
2014-11-19 10:30,6.663,0.116,0,0,0,0,v
2014-11-19 10:36,6.677,0.116,0,0,0,0,v
2014-11-19 10:42,6.660,0.116,0,0,0,0,v
2014-11-19 10:48,6.674,0.116,0,0,0,0,v
2014-11-19 10:54,6.682,0.108,0,0,0,0,v
2014-11-19 11:00,6.656,0.108,0,0,0,0,v
2014-11-19 11:06,6.678,0.120,0,0,0,0,v
2014-11-19 11:12,6.673,0.111,0,0,0,0,v
2014-11-19 11:18,6.655,0.097,0,0,0,0,v
2014-11-19 11:24,6.642,0.114,0,0,0,0,v
2014-11-19 11:30,6.661,0.105,0,0,0,0,v
2014-11-19 11:36,6.632,0.121,0,0,0,0,v
2014-11-19 11:42,6.638,0.119,0,0,0,0,v
2014-11-19 11:48,6.639,0.123,0,0,0,0,v
2014-11-19 11:54,6.650,0.114,0,0,0,0,v
2014-11-19 12:00,6.628,0.109,0,0,0,0,v
2014-11-19 12:06,6.607,0.116,0,0,0,0,v
2014-11-19 12:12,6.630,0.110,0,0,0,0,v
2014-11-19 12:18,6.613,0.108,0,0,0,0,v
2014-11-19 12:24,6.621,0.107,0,0,0,0,v
2014-11-19 12:30,6.620,0.099,0,0,0,0,v
2014-11-19 12:36,6.607,0.109,0,0,0,0,v
2014-11-19 12:42,6.606,0.097,0,0,0,0,v
2014-11-19 12:48,6.598,0.104,0,0,0,0,v
2014-11-19 12:54,6.591,0.115,0,0,0,0,v
2014-11-19 13:00,6.580,0.113,0,0,0,0,v
2014-11-19 13:06,6.592,0.101,0,0,0,0,v
2014-11-19 13:12,6.592,0.112,0,0,0,0,v
2014-11-19 13:18,6.591,0.100,0,0,0,0,v
2014-11-19 13:24,6.583,0.093,0,0,0,0,v
2014-11-19 13:30,6.615,0.130,0,0,0,0,v
2014-11-19 13:36,6.608,0.095,0,0,0,0,v
2014-11-19 13:42,6.606,0.119,0,0,0,0,v
2014-11-19 13:48,6.609,0.112,0,0,0,0,v
2014-11-19 13:54,6.631,0.108,0,0,0,0,v
2014-11-19 14:00,6.602,0.133,0,0,0,0,v
2014-11-19 14:06,6.616,0.112,0,0,0,0,v
2014-11-19 14:12,6.618,0.000,0,0,0,0,v
2014-11-19 14:18,6.633,0.105,0,0,0,0,v
2014-11-19 14:24,6.643,0.103,0,0,0,0,v
2014-11-19 14:30,6.661,0.088,0,0,0,0,v
2014-11-19 14:36,6.657,0.102,0,0,0,0,v
2014-11-19 14:42,6.656,0.104,0,0,0,0,v
2014-11-19 14:48,6.643,0.120,0,0,0,0,v
2014-11-19 14:54,6.666,0.097,0,0,0,0,v
2014-11-19 15:00,6.686,0.092,0,0,0,0,v
2014-11-19 15:06,6.704,0.096,0,0,0,0,v
2014-11-19 15:12,6.689,0.107,0,0,0,0,v
2014-11-19 15:18,6.699,0.124,0,0,0,0,v
2014-11-19 15:24,6.723,0.089,0,0,0,0,v
2014-11-19 15:30,6.733,0.099,0,0,0,0,v
2014-11-19 15:36,6.745,0.097,0,0,0,0,v
2014-11-19 15:42,6.746,0.095,0,0,0,0,v
2014-11-19 15:48,6.733,0.000,0,0,0,0,v
2014-11-19 15:54,6.739,0.115,0,0,0,0,v
2014-11-19 16:00,6.751,0.000,0,0,0,0,v
2014-11-19 16:06,6.767,0.091,0,0,0,0,v
2014-11-19 16:12,6.741,0.101,0,0,0,0,v
2014-11-19 16:18,6.777,0.104,0,0,0,0,v
2014-11-19 16:24,6.800,0.098,0,0,0,0,v
2014-11-19 16:30,6.809,0.098,0,0,0,0,v
2014-11-19 16:36,6.803,0.120,0,0,0,0,v
2014-11-19 16:42,6.802,0.107,0,0,0,0,v
2014-11-19 16:48,6.810,0.113,0,0,0,0,v
2014-11-19 16:54,6.801,0.096,0,0,0,0,v
2014-11-19 17:00,6.819,0.098,0,0,0,0,v
2014-11-19 17:06,6.829,0.098,0,0,0,0,v
2014-11-19 17:12,6.815,0.117,0,0,0,0,v
2014-11-19 17:18,6.816,0.105,0,0,0,0,v
2014-11-19 17:24,6.819,0.101,0,0,0,0,v
2014-11-19 17:30,6.833,0.092,0,0,0,0,v
2014-11-19 17:36,6.816,0.112,0,0,0,0,v
2014-11-19 17:42,6.854,0.092,0,0,0,0,v
2014-11-19 17:48,6.849,0.099,0,0,0,0,v
2014-11-19 17:54,6.884,0.087,0,0,0,0,v
2014-11-19 18:00,6.859,0.100,0,0,0,0,v
2014-11-19 18:06,6.862,0.101,0,0,0,0,v
2014-11-19 18:12,6.882,0.119,0,0,0,0,v
2014-11-19 18:18,6.881,0.100,0,0,0,0,v
2014-11-19 18:24,6.880,0.096,0,0,0,0,v
2014-11-19 18:30,6.889,0.097,0,0,0,0,v
2014-11-19 18:36,6.895,0.112,0,0,0,0,v
2014-11-19 18:42,6.906,0.101,0,0,0,0,v
2014-11-19 18:48,6.875,0.100,0,0,0,0,v
2014-11-19 18:54,6.893,0.110,0,0,0,0,v
2014-11-19 19:00,6.902,0.088,0,0,0,0,v
2014-11-19 19:06,6.903,0.106,0,0,0,0,v
2014-11-19 19:12,6.901,0.097,0,0,0,0,v
2014-11-19 19:18,6.912,0.083,0,0,0,0,v
2014-11-19 19:24,6.910,0.087,0,0,0,0,v
2014-11-19 19:30,6.922,0.000,0,0,0,0,v
2014-11-19 19:36,6.897,0.079,0,0,0,0,v
2014-11-19 19:42,6.920,0.086,0,0,0,0,v
2014-11-19 19:48,6.915,0.097,0,0,0,0,v
2014-11-19 19:54,6.932,0.089,0,0,0,0,v
2014-11-19 20:00,6.920,0.090,0,0,0,0,v
2014-11-19 20:06,6.939,0.082,0,0,0,0,v
2014-11-19 20:12,6.942,0.104,0,0,0,0,v
2014-11-19 20:18,6.922,0.082,0,0,0,0,v
2014-11-19 20:24,6.938,0.084,0,0,0,0,v
2014-11-19 20:30,6.941,0.076,0,0,0,0,v
2014-11-19 20:36,6.929,0.091,0,0,0,0,v
2014-11-19 20:42,6.933,0.086,0,0,0,0,v
2014-11-19 20:48,6.937,0.097,0,0,0,0,v
2014-11-19 20:54,6.939,0.097,0,0,0,0,v
2014-11-19 21:00,6.948,0.088,0,0,0,0,v
2014-11-19 21:06,6.949,0.101,0,0,0,0,v
2014-11-19 21:12,6.930,0.089,0,0,0,0,v
2014-11-19 21:18,6.929,0.089,0,0,0,0,v
2014-11-19 21:24,6.923,0.103,0,0,0,0,v
2014-11-19 21:30,6.937,0.087,0,0,0,0,v
2014-11-19 21:36,6.929,0.081,0,0,0,0,v
2014-11-19 21:42,6.940,0.086,0,0,0,0,v
2014-11-19 21:48,6.922,0.092,0,0,0,0,v
2014-11-19 21:54,6.921,0.078,0,0,0,0,v
2014-11-19 22:00,6.929,0.089,0,0,0,0,v
2014-11-19 22:06,6.914,0.098,0,0,0,0,v
2014-11-19 22:12,6.912,0.081,0,0,0,0,v
2014-11-19 22:18,6.908,0.082,0,0,0,0,v
2014-11-19 22:24,6.924,0.073,0,0,0,0,v
2014-11-19 22:30,6.903,0.089,0,0,0,0,v
2014-11-19 22:36,6.891,0.089,0,0,0,0,v
2014-11-19 22:42,6.886,0.089,0,0,0,0,v
2014-11-19 22:48,6.895,0.082,0,0,0,0,v
2014-11-19 22:54,6.881,0.091,0,0,0,0,v
2014-11-19 23:00,6.885,0.083,0,0,0,0,v
2014-11-19 23:06,6.886,0.095,0,0,0,0,v
2014-11-19 23:12,6.880,0.095,0,0,0,0,v
2014-11-19 23:18,6.888,0.072,0,0,0,0,v
2014-11-19 23:24,6.871,0.093,0,0,0,0,v
2014-11-19 23:30,6.884,0.087,0,0,0,0,v
2014-11-19 23:36,6.887,0.081,0,0,0,0,v
2014-11-19 23:42,6.890,0.085,0,0,0,0,v
2014-11-19 23:48,6.888,0.107,0,0,0,0,v
2014-11-19 23:54,6.904,0.082,0,0,0,0,v
2014-11-20 00:00,6.903,0.086,0,0,0,0,v
2014-11-20 00:06,6.915,0.076,0,0,0,0,v
2014-11-20 00:12,6.909,0.071,0,0,0,0,v
2014-11-20 00:18,6.893,0.000,0,0,0,0,v
2014-11-20 00:24,6.878,0.083,0,0,0,0,v
2014-11-20 00:30,6.897,0.085,0,0,0,0,v
2014-11-20 00:36,6.892,0.067,0,0,0,0,v
2014-11-20 00:42,6.910,0.093,0,0,0,0,v
2014-11-20 00:48,6.872,0.086,0,0,0,0,v
2014-11-20 00:54,6.883,0.088,0,0,0,0,v
2014-11-20 01:00,6.867,0.085,0,0,0,0,v
2014-11-20 01:06,6.884,0.090,0,0,0,0,v
2014-11-20 01:12,6.879,0.079,0,0,0,0,v
2014-11-20 01:18,6.892,0.081,0,0,0,0,v
2014-11-20 01:24,6.889,0.082,0,0,0,0,v
2014-11-20 01:30,6.874,0.078,0,0,0,0,v
2014-11-20 01:36,6.862,0.086,0,0,0,0,v
2014-11-20 01:42,6.867,0.099,0,0,0,0,v
2014-11-20 01:48,6.859,0.081,0,0,0,0,v
2014-11-20 01:54,6.868,0.090,0,0,0,0,v
2014-11-20 02:00,6.884,0.084,0,0,0,0,v
2014-11-20 02:06,6.882,0.088,0,0,0,0,v
2014-11-20 02:12,6.882,0.082,0,0,0,0,v
2014-11-20 02:18,6.859,0.000,0,0,0,0,v
2014-11-20 02:24,6.859,0.089,0,0,0,0,v
2014-11-20 02:30,6.857,0.081,0,0,0,0,v
2014-11-20 02:36,6.862,0.085,0,0,0,0,v
2014-11-20 02:42,6.870,0.075,0,0,0,0,v
2014-11-20 02:48,6.868,0.084,0,0,0,0,v
2014-11-20 02:54,6.885,0.075,0,0,0,0,v
2014-11-20 03:00,6.889,0.068,0,0,0,0,v
2014-11-20 03:06,6.907,0.083,0,0,0,0,v
2014-11-20 03:12,6.886,0.085,0,0,0,0,v
2014-11-20 03:18,6.904,0.090,0,0,0,0,v
2014-11-20 03:24,6.905,0.075,0,0,0,0,v
2014-11-20 03:30,6.891,0.083,0,0,0,0,v
2014-11-20 03:36,6.921,0.079,0,0,0,0,v
2014-11-20 03:42,6.920,0.072,0,0,0,0,v
2014-11-20 03:48,6.925,0.081,0,0,0,0,v
2014-11-20 03:54,6.920,0.084,0,0,0,0,v
2014-11-20 04:00,6.940,0.087,0,0,0,0,v
2014-11-20 04:06,6.921,0.083,0,0,0,0,v
2014-11-20 04:12,6.938,0.092,0,0,0,0,v
2014-11-20 04:18,6.919,0.075,0,0,0,0,v
2014-11-20 04:24,6.926,0.081,0,0,0,0,v
2014-11-20 04:30,6.913,0.085,0,0,0,0,v
2014-11-20 04:36,6.926,0.070,0,0,0,0,v
2014-11-20 04:42,6.934,0.081,0,0,0,0,v
2014-11-20 04:48,6.949,0.084,0,0,0,0,v
2014-11-20 04:54,6.968,0.085,0,0,0,0,v
2014-11-20 05:00,6.940,0.076,0,0,0,0,v
2014-11-20 05:06,6.916,0.078,0,0,0,0,v
2014-11-20 05:12,6.918,0.086,0,0,0,0,v
2014-11-20 05:18,6.920,0.077,0,0,0,0,v
2014-11-20 05:24,6.927,0.081,0,0,0,0,v
2014-11-20 05:30,6.926,0.082,0,0,0,0,v
2014-11-20 05:36,6.916,0.094,0,0,0,0,v
2014-11-20 05:42,6.932,0.081,0,0,0,0,v
2014-11-20 05:48,6.918,0.077,0,0,0,0,v
2014-11-20 05:54,6.931,0.090,0,0,0,0,v
2014-11-20 06:00,6.937,0.087,0,0,0,0,v
2014-11-20 06:06,6.922,0.091,0,0,0,0,v
2014-11-20 06:12,6.892,0.077,0,0,0,0,v
2014-11-20 06:18,6.899,0.086,0,0,0,0,v
2014-11-20 06:24,6.898,0.077,0,0,0,0,v
2014-11-20 06:30,6.872,0.080,0,0,0,0,v
2014-11-20 06:36,6.876,0.076,0,0,0,0,v
2014-11-20 06:42,6.880,0.086,0,0,0,0,v
2014-11-20 06:48,6.882,0.091,0,0,0,0,v
2014-11-20 06:54,6.870,0.084,0,0,0,0,v
2014-11-20 07:00,6.857,0.077,0,0,0,0,v
2014-11-20 07:06,6.839,0.086,0,0,0,0,v
2014-11-20 07:12,6.838,0.084,0,0,0,0,v
2014-11-20 07:18,6.863,0.083,0,0,0,0,v
2014-11-20 07:24,6.868,0.082,0,0,0,0,v
2014-11-20 07:30,6.853,0.088,0,0,0,0,v
2014-11-20 07:36,6.839,0.082,0,0,0,0,v
2014-11-20 07:42,6.838,0.096,0,0,0,0,v
2014-11-20 07:48,6.838,0.085,0,0,0,0,v
2014-11-20 07:54,6.837,0.089,0,0,0,0,v
2014-11-20 08:00,6.839,0.087,0,0,0,0,v
2014-11-20 08:06,6.814,0.076,0,0,0,0,v
2014-11-20 08:12,6.818,0.091,0,0,0,0,v
2014-11-20 08:18,6.819,0.087,0,0,0,0,v
2014-11-20 08:24,6.827,0.095,0,0,0,0,v
2014-11-20 08:30,6.804,0.089,0,0,0,0,v
2014-11-20 08:36,6.805,0.093,0,0,0,0,v
2014-11-20 08:42,6.796,0.087,0,0,0,0,v
2014-11-20 08:48,6.775,0.085,0,0,0,0,v
2014-11-20 08:54,6.773,0.092,0,0,0,0,v
2014-11-20 09:00,6.772,0.103,0,0,0,0,v
2014-11-20 09:06,6.745,0.103,0,0,0,0,v
2014-11-20 09:12,6.731,0.099,0,0,0,0,v
2014-11-20 09:18,6.732,0.099,0,0,0,0,v
2014-11-20 09:24,6.747,0.099,0,0,0,0,v
2014-11-20 09:30,6.729,0.093,0,0,0,0,v
2014-11-20 09:36,6.720,0.099,0,0,0,0,v
2014-11-20 09:42,6.716,0.099,0,0,0,0,v
2014-11-20 09:48,6.710,0.095,0,0,0,0,v
2014-11-20 09:54,6.706,0.108,0,0,0,0,v
2014-11-20 10:00,6.707,0.108,0,0,0,0,v
2014-11-20 10:06,6.695,0.098,0,0,0,0,v
2014-11-20 10:12,6.685,0.098,0,0,0,0,v
2014-11-20 10:18,6.664,0.090,0,0,0,0,v
2014-11-20 10:24,6.668,0.084,0,0,0,0,v
2014-11-20 10:30,6.668,0.098,0,0,0,0,v
2014-11-20 10:36,6.666,0.093,0,0,0,0,v
2014-11-20 10:42,6.658,0.094,0,0,0,0,v
2014-11-20 10:48,6.660,0.094,0,0,0,0,v
2014-11-20 10:54,6.660,0.075,0,0,0,0,v
2014-11-20 11:00,6.647,0.076,0,0,0,0,v
2014-11-20 11:06,6.624,0.090,0,0,0,0,v
2014-11-20 11:12,6.609,0.100,0,0,0,0,v
2014-11-20 11:18,6.625,0.096,0,0,0,0,v
2014-11-20 11:24,6.643,0.094,0,0,0,0,v
2014-11-20 11:30,6.629,0.091,0,0,0,0,v
2014-11-20 11:36,6.613,0.096,0,0,0,0,v
2014-11-20 11:42,6.615,0.096,0,0,0,0,v
2014-11-20 11:48,6.618,0.111,0,0,0,0,v
2014-11-20 11:54,6.613,0.099,0,0,0,0,v
2014-11-20 12:00,6.606,0.110,0,0,0,0,v
2014-11-20 12:06,6.602,0.092,0,0,0,0,v
2014-11-20 12:12,6.595,0.111,0,0,0,0,v
2014-11-20 12:18,6.600,0.078,0,0,0,0,v
2014-11-20 12:24,6.604,0.091,0,0,0,0,v
2014-11-20 12:30,6.610,0.103,0,0,0,0,v
2014-11-20 12:36,6.608,0.093,0,0,0,0,v
2014-11-20 12:42,6.629,0.080,0,0,0,0,v
2014-11-20 12:48,6.617,0.091,0,0,0,0,v
2014-11-20 12:54,6.601,0.102,0,0,0,0,v
2014-11-20 13:00,6.587,0.115,0,0,0,0,v
2014-11-20 13:06,6.586,0.106,0,0,0,0,v
2014-11-20 13:12,6.606,0.101,0,0,0,0,v
2014-11-20 13:18,6.608,0.100,0,0,0,0,v
2014-11-20 13:24,6.595,0.103,0,0,0,0,v
2014-11-20 13:30,6.601,0.103,0,0,0,0,v
2014-11-20 13:36,6.612,0.114,0,0,0,0,v
2014-11-20 13:42,6.613,0.092,0,0,0,0,v
2014-11-20 13:48,6.620,0.111,0,0,0,0,v
2014-11-20 13:54,6.616,0.104,0,0,0,0,v
2014-11-20 14:00,6.612,0.109,0,0,0,0,v
2014-11-20 14:06,6.616,0.111,0,0,0,0,v
2014-11-20 14:12,6.623,0.108,0,0,0,0,v
2014-11-20 14:18,6.618,0.100,0,0,0,0,v
2014-11-20 14:24,6.624,0.119,0,0,0,0,v
2014-11-20 14:30,6.637,0.112,0,0,0,0,v
2014-11-20 14:36,6.634,0.093,0,0,0,0,v
2014-11-20 14:42,6.648,0.110,0,0,0,0,v
2014-11-20 14:48,6.650,0.095,0,0,0,0,v
2014-11-20 14:54,6.668,0.121,0,0,0,0,v
2014-11-20 15:00,6.674,0.113,0,0,0,0,v
2014-11-20 15:06,6.685,0.108,0,0,0,0,v
2014-11-20 15:12,6.691,0.096,0,0,0,0,v
2014-11-20 15:18,6.684,0.122,0,0,0,0,v
2014-11-20 15:24,6.689,0.111,0,0,0,0,v
2014-11-20 15:30,6.692,0.104,0,0,0,0,v
2014-11-20 15:36,6.711,0.109,0,0,0,0,v
2014-11-20 15:42,6.733,0.129,0,0,0,0,v
2014-11-20 15:48,6.744,0.000,0,0,0,0,v
2014-11-20 15:54,6.753,0.093,0,0,0,0,v
2014-11-20 16:00,6.728,0.120,0,0,0,0,v
2014-11-20 16:06,6.751,0.110,0,0,0,0,v
2014-11-20 16:12,6.763,0.100,0,0,0,0,v
2014-11-20 16:18,6.776,0.130,0,0,0,0,v
2014-11-20 16:24,6.792,0.115,0,0,0,0,v
2014-11-20 16:30,6.816,0.115,0,0,0,0,v
2014-11-20 16:36,6.804,0.135,0,0,0,0,v
2014-11-20 16:42,6.793,0.108,0,0,0,0,v
2014-11-20 16:48,6.816,0.115,0,0,0,0,v
2014-11-20 16:54,6.805,0.124,0,0,0,0,v
2014-11-20 17:00,6.825,0.111,0,0,0,0,v
2014-11-20 17:06,6.827,0.119,0,0,0,0,v
2014-11-20 17:12,6.849,0.116,0,0,0,0,v
2014-11-20 17:18,6.841,0.118,0,0,0,0,v
2014-11-20 17:24,6.826,0.118,0,0,0,0,v
2014-11-20 17:30,6.863,0.118,0,0,0,0,v
2014-11-20 17:36,6.866,0.118,0,0,0,0,v
2014-11-20 17:42,6.863,0.134,0,0,0,0,v
2014-11-20 17:48,6.880,0.127,0,0,0,0,v
2014-11-20 17:54,6.876,0.120,0,0,0,0,v
2014-11-20 18:00,6.881,0.135,0,0,0,0,v
2014-11-20 18:06,6.916,0.100,0,0,0,0,v
2014-11-20 18:12,6.908,0.125,0,0,0,0,v
2014-11-20 18:18,6.919,0.129,0,0,0,0,v
2014-11-20 18:24,6.925,0.130,0,0,0,0,v
2014-11-20 18:30,6.938,0.148,0,0,0,0,v
2014-11-20 18:36,6.931,0.119,0,0,0,0,v
2014-11-20 18:42,6.929,0.145,0,0,0,0,v
2014-11-20 18:48,6.958,0.120,0,0,0,0,v
2014-11-20 18:54,6.964,0.136,0,0,0,0,v
2014-11-20 19:00,6.968,0.135,0,0,0,0,v
2014-11-20 19:06,6.973,0.122,0,0,0,0,v
2014-11-20 19:12,6.979,0.133,0,0,0,0,v
2014-11-20 19:18,7.011,0.127,0,0,0,0,v
2014-11-20 19:24,7.008,0.138,0,0,0,0,v
2014-11-20 19:30,7.018,0.121,0,0,0,0,v
2014-11-20 19:36,7.008,0.113,0,0,0,0,v
2014-11-20 19:42,6.978,0.115,0,0,0,0,v
2014-11-20 19:48,6.982,0.137,0,0,0,0,v
2014-11-20 19:54,7.002,0.108,0,0,0,0,v
2014-11-20 20:00,6.986,0.128,0,0,0,0,v
2014-11-20 20:06,7.007,0.136,0,0,0,0,v
2014-11-20 20:12,7.012,0.117,0,0,0,0,v
2014-11-20 20:18,7.016,0.115,0,0,0,0,v
2014-11-20 20:24,7.016,0.129,0,0,0,0,v
2014-11-20 20:30,7.004,0.103,0,0,0,0,v
2014-11-20 20:36,6.982,0.142,0,0,0,0,v
2014-11-20 20:42,6.999,0.123,0,0,0,0,v
2014-11-20 20:48,7.023,0.110,0,0,0,0,v
2014-11-20 20:54,7.020,0.120,0,0,0,0,v
2014-11-20 21:00,7.003,0.143,0,0,0,0,v
2014-11-20 21:06,7.016,0.142,0,0,0,0,v
2014-11-20 21:12,7.013,0.122,0,0,0,0,v
2014-11-20 21:18,7.024,0.138,0,0,0,0,v
2014-11-20 21:24,7.003,0.146,0,0,0,0,v
2014-11-20 21:30,7.015,0.156,0,0,0,0,v
2014-11-20 21:36,7.021,0.139,0,0,0,0,v
2014-11-20 21:42,7.016,0.151,0,0,0,0,v
2014-11-20 21:48,6.999,0.124,0,0,0,0,v
2014-11-20 21:54,6.973,0.105,0,0,0,0,v
2014-11-20 22:00,6.994,0.136,0,0,0,0,v
2014-11-20 22:06,6.984,0.117,0,0,0,0,v
2014-11-20 22:12,6.982,0.141,0,0,0,0,v
2014-11-20 22:18,6.965,0.113,0,0,0,0,v
2014-11-20 22:24,6.948,0.119,0,0,0,0,v
2014-11-20 22:30,6.953,0.122,0,0,0,0,v
2014-11-20 22:36,6.947,0.144,0,0,0,0,v
2014-11-20 22:42,6.927,0.127,0,0,0,0,v
2014-11-20 22:48,6.924,0.131,0,0,0,0,v
2014-11-20 22:54,6.931,0.139,0,0,0,0,v
2014-11-20 23:00,6.943,0.133,0,0,0,0,v
2014-11-20 23:06,6.928,0.150,0,0,0,0,v
2014-11-20 23:12,6.941,0.122,0,0,0,0,v
2014-11-20 23:18,6.937,0.137,0,0,0,0,v
2014-11-20 23:24,6.946,0.158,0,0,0,0,v
2014-11-20 23:30,6.908,0.109,0,0,0,0,v
2014-11-20 23:36,6.907,0.116,0,0,0,0,v
2014-11-20 23:42,6.905,0.133,0,0,0,0,v
2014-11-20 23:48,6.895,0.148,0,0,0,0,v
2014-11-20 23:54,6.886,0.128,0,0,0,0,v
2014-11-21 00:00,6.884,0.136,0,0,0,0,v
2014-11-21 00:06,6.915,0.138,0,0,0,0,v
2014-11-21 00:12,6.919,0.146,0,0,0,0,v
2014-11-21 00:18,6.923,0.141,0,0,0,0,v
2014-11-21 00:24,6.921,0.146,0,0,0,0,v
2014-11-21 00:30,6.895,0.147,0,0,0,0,v
2014-11-21 00:36,6.887,0.138,0,0,0,0,v
2014-11-21 00:42,6.882,0.157,0,0,0,0,v
2014-11-21 00:48,6.864,0.154,0,0,0,0,v
2014-11-21 00:54,6.890,0.149,0,0,0,0,v
2014-11-21 01:00,6.893,0.151,0,0,0,0,v
2014-11-21 01:06,6.900,0.150,0,0,0,0,v
2014-11-21 01:12,6.912,0.158,0,0,0,0,v
2014-11-21 01:18,6.907,0.121,0,0,0,0,v
2014-11-21 01:24,6.903,0.151,0,0,0,0,v
2014-11-21 01:30,6.904,0.143,0,0,0,0,v
2014-11-21 01:36,6.906,0.120,0,0,0,0,v
2014-11-21 01:42,6.917,0.152,0,0,0,0,v
2014-11-21 01:48,6.912,0.141,0,0,0,0,v
2014-11-21 01:54,6.893,0.126,0,0,0,0,v
2014-11-21 02:00,6.867,0.139,0,0,0,0,v
2014-11-21 02:06,6.869,0.151,0,0,0,0,v
2014-11-21 02:12,6.862,0.134,0,0,0,0,v
2014-11-21 02:18,6.830,0.146,0,0,0,0,v
2014-11-21 02:24,6.824,0.162,0,0,0,0,v
2014-11-21 02:30,6.865,0.126,0,0,0,0,v
2014-11-21 02:36,6.875,0.152,0,0,0,0,v
2014-11-21 02:42,6.900,0.112,0,0,0,0,v
2014-11-21 02:48,6.843,0.157,0,0,0,0,v
2014-11-21 02:54,6.841,0.158,0,0,0,0,v
2014-11-21 03:00,6.870,0.147,0,0,0,0,v
2014-11-21 03:06,6.874,0.141,0,0,0,0,v
2014-11-21 03:12,6.859,0.162,0,0,0,0,v
2014-11-21 03:18,6.829,0.166,0,0,0,0,v
2014-11-21 03:24,6.818,0.127,0,0,0,0,v
2014-11-21 03:30,6.845,0.146,0,0,0,0,v
2014-11-21 03:36,6.841,0.177,0,0,0,0,v
2014-11-21 03:42,6.845,0.154,0,0,0,0,v
2014-11-21 03:48,6.835,0.171,0,0,0,0,v
2014-11-21 03:54,6.859,0.149,0,0,0,0,v
2014-11-21 04:00,6.858,0.153,0,0,0,0,v
2014-11-21 04:06,6.856,0.142,0,0,0,0,v
2014-11-21 04:12,6.853,0.157,0,0,0,0,v
2014-11-21 04:18,6.862,0.170,0,0,0,0,v
2014-11-21 04:24,6.843,0.186,0,0,0,0,v
2014-11-21 04:30,6.838,0.161,0,0,0,0,v
2014-11-21 04:36,6.840,0.166,0,0,0,0,v
2014-11-21 04:42,6.842,0.180,0,0,0,0,v
2014-11-21 04:48,6.866,0.164,0,0,0,0,v
2014-11-21 04:54,6.853,0.172,0,0,0,0,v
2014-11-21 05:00,6.840,0.182,0,0,0,0,v
2014-11-21 05:06,6.860,0.184,0,0,0,0,v
2014-11-21 05:12,6.871,0.146,0,0,0,0,v
2014-11-21 05:18,6.858,0.137,0,0,0,0,v
2014-11-21 05:24,6.852,0.163,0,0,0,0,v
2014-11-21 05:30,6.852,0.170,0,0,0,0,v
2014-11-21 05:36,6.853,0.182,0,0,0,0,v
2014-11-21 05:42,6.851,0.158,0,0,0,0,v
2014-11-21 05:48,6.860,0.192,0,0,0,0,v
2014-11-21 05:54,6.855,0.000,0,0,0,0,v
2014-11-21 06:00,6.852,0.180,0,0,0,0,v
2014-11-21 06:06,6.826,0.147,0,0,0,0,v
2014-11-21 06:12,6.820,0.189,0,0,0,0,v
2014-11-21 06:18,6.843,0.171,0,0,0,0,v
2014-11-21 06:24,6.841,0.177,0,0,0,0,v
2014-11-21 06:30,6.844,0.161,0,0,0,0,v
2014-11-21 06:36,6.858,0.170,0,0,0,0,v
2014-11-21 06:42,6.862,0.158,0,0,0,0,v
2014-11-21 06:48,6.839,0.156,0,0,0,0,v
2014-11-21 06:54,6.825,0.189,0,0,0,0,v
2014-11-21 07:00,6.836,0.165,0,0,0,0,v
2014-11-21 07:06,6.820,0.167,0,0,0,0,v
2014-11-21 07:12,6.813,0.186,0,0,0,0,v
2014-11-21 07:18,6.796,0.178,0,0,0,0,v
2014-11-21 07:24,6.779,0.183,0,0,0,0,v
2014-11-21 07:30,6.775,0.177,0,0,0,0,v
2014-11-21 07:36,6.768,0.185,0,0,0,0,v
2014-11-21 07:42,6.779,0.165,0,0,0,0,v
2014-11-21 07:48,6.781,0.171,0,0,0,0,v
2014-11-21 07:54,6.799,0.189,0,0,0,0,v
2014-11-21 08:00,6.795,0.157,0,0,0,0,v
2014-11-21 08:06,6.791,0.187,0,0,0,0,v
2014-11-21 08:12,6.812,0.171,0,0,0,0,v
2014-11-21 08:18,6.777,0.168,0,0,0,0,v
2014-11-21 08:24,6.763,0.179,0,0,0,0,v
2014-11-21 08:30,6.773,0.171,0,0,0,0,v
2014-11-21 08:36,6.767,0.180,0,0,0,0,v
2014-11-21 08:42,6.764,0.186,0,0,0,0,v
2014-11-21 08:48,6.734,0.175,0,0,0,0,v
2014-11-21 08:54,6.703,0.159,0,0,0,0,v
2014-11-21 09:00,6.714,0.170,0,0,0,0,v
2014-11-21 09:06,6.710,0.165,0,0,0,0,v
2014-11-21 09:12,6.728,0.183,0,0,0,0,v
2014-11-21 09:18,6.705,0.182,0,0,0,0,v
2014-11-21 09:24,6.701,0.155,0,0,0,0,v
2014-11-21 09:30,6.692,0.190,0,0,0,0,v
2014-11-21 09:36,6.663,0.173,0,0,0,0,v
2014-11-21 09:42,6.647,0.171,0,0,0,0,v
2014-11-21 09:48,6.656,0.197,0,0,0,0,v
2014-11-21 09:54,6.648,0.183,0,0,0,0,v
2014-11-21 10:00,6.623,0.171,0,0,0,0,v
2014-11-21 10:06,6.626,0.196,0,0,0,0,v
2014-11-21 10:12,6.612,0.170,0,0,0,0,v
2014-11-21 10:18,6.627,0.187,0,0,0,0,v
2014-11-21 10:24,6.616,0.205,0,0,0,0,v
2014-11-21 10:30,6.633,0.164,0,0,0,0,v
2014-11-21 10:36,6.629,0.192,0,0,0,0,v
2014-11-21 10:42,6.610,0.177,0,0,0,0,v
2014-11-21 10:48,6.605,0.213,0,0,0,0,v
2014-11-21 10:54,6.585,0.191,0,0,0,0,v
2014-11-21 11:00,6.581,0.189,0,0,0,0,v
2014-11-21 11:06,6.613,0.174,0,0,0,0,v
2014-11-21 11:12,6.602,0.174,0,0,0,0,v
2014-11-21 11:18,6.566,0.179,0,0,0,0,v
2014-11-21 11:24,6.559,0.166,0,0,0,0,v
2014-11-21 11:30,6.554,0.194,0,0,0,0,v
2014-11-21 11:36,6.592,0.182,0,0,0,0,v
2014-11-21 11:42,6.593,0.149,0,0,0,0,v
2014-11-21 11:48,6.559,0.189,0,0,0,0,v
2014-11-21 11:54,6.550,0.166,0,0,0,0,v
2014-11-21 12:00,6.552,0.185,0,0,0,0,v
2014-11-21 12:06,6.519,0.169,0,0,0,0,v
2014-11-21 12:12,6.526,0.169,0,0,0,0,v
2014-11-21 12:18,6.514,0.180,0,0,0,0,v
2014-11-21 12:24,6.523,0.181,0,0,0,0,v
2014-11-21 12:30,6.516,0.187,0,0,0,0,v
2014-11-21 12:36,6.531,0.179,0,0,0,0,v
2014-11-21 12:42,6.531,0.170,0,0,0,0,v
2014-11-21 12:48,6.523,0.186,0,0,0,0,v
2014-11-21 12:54,6.533,0.194,0,0,0,0,v
2014-11-21 13:00,6.514,0.155,0,0,0,0,v
2014-11-21 13:06,6.514,0.180,0,0,0,0,v
2014-11-21 13:12,6.550,0.171,0,0,0,0,v
2014-11-21 13:18,6.518,0.178,0,0,0,0,v
2014-11-21 13:24,6.540,0.194,0,0,0,0,v
2014-11-21 13:30,6.528,0.187,0,0,0,0,v
2014-11-21 13:36,6.532,0.196,0,0,0,0,v
2014-11-21 13:42,6.535,0.182,0,0,0,0,v
2014-11-21 13:48,6.547,0.180,0,0,0,0,v
2014-11-21 13:54,6.544,0.159,0,0,0,0,v
2014-11-21 14:00,6.549,0.174,0,0,0,0,v
2014-11-21 14:06,6.563,0.196,0,0,0,0,v
2014-11-21 14:12,6.553,0.159,0,0,0,0,v
2014-11-21 14:18,6.562,0.191,0,0,0,0,v
2014-11-21 14:24,6.563,0.181,0,0,0,0,v
2014-11-21 14:30,6.574,0.185,0,0,0,0,v
2014-11-21 14:36,6.564,0.164,0,0,0,0,v
2014-11-21 14:42,6.597,0.168,0,0,0,0,v
2014-11-21 14:48,6.558,0.179,0,0,0,0,v
2014-11-21 14:54,6.562,0.183,0,0,0,0,v
2014-11-21 15:00,6.555,0.190,0,0,0,0,v
2014-11-21 15:06,6.564,0.153,0,0,0,0,v
2014-11-21 15:12,6.567,0.164,0,0,0,0,v
2014-11-21 15:18,6.586,0.163,0,0,0,0,v
2014-11-21 15:24,6.585,0.194,0,0,0,0,v
2014-11-21 15:30,6.608,0.166,0,0,0,0,v
2014-11-21 15:36,6.599,0.187,0,0,0,0,v
2014-11-21 15:42,6.620,0.166,0,0,0,0,v
2014-11-21 15:48,6.629,0.193,0,0,0,0,v
2014-11-21 15:54,6.656,0.175,0,0,0,0,v
2014-11-21 16:00,6.668,0.149,0,0,0,0,v
2014-11-21 16:06,6.669,0.194,0,0,0,0,v
2014-11-21 16:12,6.690,0.172,0,0,0,0,v
2014-11-21 16:18,6.692,0.184,0,0,0,0,v
2014-11-21 16:24,6.679,0.171,0,0,0,0,v
2014-11-21 16:30,6.709,0.167,0,0,0,0,v
2014-11-21 16:36,6.713,0.177,0,0,0,0,v
2014-11-21 16:42,6.719,0.184,0,0,0,0,v
2014-11-21 16:48,6.750,0.189,0,0,0,0,v
2014-11-21 16:54,6.730,0.176,0,0,0,0,v
2014-11-21 17:00,6.727,0.157,0,0,0,0,v
2014-11-21 17:06,6.733,0.178,0,0,0,0,v
2014-11-21 17:12,6.753,0.149,0,0,0,0,v
2014-11-21 17:18,6.764,0.182,0,0,0,0,v
2014-11-21 17:24,6.776,0.202,0,0,0,0,v
2014-11-21 17:30,6.772,0.149,0,0,0,0,v
2014-11-21 17:36,6.770,0.167,0,0,0,0,v
2014-11-21 17:42,6.792,0.182,0,0,0,0,v
2014-11-21 17:48,6.814,0.213,0,0,0,0,v
2014-11-21 17:54,6.814,0.162,0,0,0,0,v
2014-11-21 18:00,6.815,0.171,0,0,0,0,v
2014-11-21 18:06,6.844,0.165,0,0,0,0,v
2014-11-21 18:12,6.865,0.169,0,0,0,0,v
2014-11-21 18:18,6.878,0.189,0,0,0,0,v
2014-11-21 18:24,6.877,0.191,0,0,0,0,v
2014-11-21 18:30,6.883,0.185,0,0,0,0,v
2014-11-21 18:36,6.894,0.178,0,0,0,0,v
2014-11-21 18:42,6.903,0.180,0,0,0,0,v
2014-11-21 18:48,6.908,0.187,0,0,0,0,v
2014-11-21 18:54,6.904,0.187,0,0,0,0,v
2014-11-21 19:00,6.922,0.161,0,0,0,0,v
2014-11-21 19:06,6.939,0.174,0,0,0,0,v
2014-11-21 19:12,6.956,0.171,0,0,0,0,v
2014-11-21 19:18,6.956,0.157,0,0,0,0,v
2014-11-21 19:24,6.970,0.186,0,0,0,0,v
2014-11-21 19:30,6.961,0.162,0,0,0,0,v
2014-11-21 19:36,6.984,0.184,0,0,0,0,v
2014-11-21 19:42,7.004,0.171,0,0,0,0,v
2014-11-21 19:48,7.021,0.163,0,0,0,0,v
2014-11-21 19:54,7.006,0.180,0,0,0,0,v
2014-11-21 20:00,7.005,0.190,0,0,0,0,v
2014-11-21 20:06,7.022,0.158,0,0,0,0,v
2014-11-21 20:12,7.040,0.156,0,0,0,0,v
2014-11-21 20:18,7.036,0.183,0,0,0,0,v
2014-11-21 20:24,7.029,0.196,0,0,0,0,v
2014-11-21 20:30,7.049,0.178,0,0,0,0,v
2014-11-21 20:36,7.046,0.194,0,0,0,0,v
2014-11-21 20:42,7.046,0.175,0,0,0,0,v
2014-11-21 20:48,7.056,0.156,0,0,0,0,v
2014-11-21 20:54,7.061,0.181,0,0,0,0,v
2014-11-21 21:00,7.059,0.192,0,0,0,0,v
2014-11-21 21:06,7.054,0.177,0,0,0,0,v
2014-11-21 21:12,7.046,0.219,0,0,0,0,v
2014-11-21 21:18,7.059,0.172,0,0,0,0,v
2014-11-21 21:24,7.057,0.207,0,0,0,0,v
2014-11-21 21:30,7.086,0.168,0,0,0,0,v
2014-11-21 21:36,7.098,0.174,0,0,0,0,v
2014-11-21 21:42,7.099,0.177,0,0,0,0,v
2014-11-21 21:48,7.082,0.167,0,0,0,0,v
2014-11-21 21:54,7.069,0.158,0,0,0,0,v
2014-11-21 22:00,7.070,0.184,0,0,0,0,v
2014-11-21 22:06,7.051,0.204,0,0,0,0,v
2014-11-21 22:12,7.050,0.205,0,0,0,0,v
2014-11-21 22:18,7.051,0.213,0,0,0,0,v
2014-11-21 22:24,7.040,0.164,0,0,0,0,v
2014-11-21 22:30,7.059,0.180,0,0,0,0,v
2014-11-21 22:36,7.047,0.201,0,0,0,0,v
2014-11-21 22:42,7.055,0.170,0,0,0,0,v
2014-11-21 22:48,7.053,0.165,0,0,0,0,v
2014-11-21 22:54,7.041,0.192,0,0,0,0,v
2014-11-21 23:00,7.009,0.191,0,0,0,0,v
2014-11-21 23:06,7.035,0.163,0,0,0,0,v
2014-11-21 23:12,7.028,0.202,0,0,0,0,v
2014-11-21 23:18,7.023,0.186,0,0,0,0,v
2014-11-21 23:24,7.029,0.186,0,0,0,0,v
2014-11-21 23:30,7.021,0.186,0,0,0,0,v
2014-11-21 23:36,7.006,0.187,0,0,0,0,v
2014-11-21 23:42,7.014,0.185,0,0,0,0,v
2014-11-21 23:48,7.033,0.175,0,0,0,0,v
2014-11-21 23:54,7.018,0.189,0,0,0,0,v
2014-11-22 00:00,7.003,0.165,0,0,0,0,v
2014-11-22 00:06,7.010,0.167,0,0,0,0,v
2014-11-22 00:12,6.995,0.185,0,0,0,0,v
2014-11-22 00:18,6.998,0.179,0,0,0,0,v
2014-11-22 00:24,6.976,0.196,0,0,0,0,v
2014-11-22 00:30,6.989,0.162,0,0,0,0,v
2014-11-22 00:36,6.982,0.166,0,0,0,0,v
2014-11-22 00:42,6.971,0.207,0,0,0,0,v
2014-11-22 00:48,6.952,0.209,0,0,0,0,v
2014-11-22 00:54,6.992,0.167,0,0,0,0,v
2014-11-22 01:00,6.984,0.176,0,0,0,0,v
2014-11-22 01:06,6.987,0.172,0,0,0,0,v
2014-11-22 01:12,6.973,0.178,0,0,0,0,v
2014-11-22 01:18,6.996,0.179,0,0,0,0,v
2014-11-22 01:24,6.981,0.180,0,0,0,0,v
2014-11-22 01:30,6.988,0.164,0,0,0,0,v
2014-11-22 01:36,6.978,0.207,0,0,0,0,v
2014-11-22 01:42,6.979,0.144,0,0,0,0,v
2014-11-22 01:48,6.961,0.168,0,0,0,0,v
2014-11-22 01:54,6.979,0.191,0,0,0,0,v
2014-11-22 02:00,6.969,0.191,0,0,0,0,v
2014-11-22 02:06,6.991,0.193,0,0,0,0,v
2014-11-22 02:12,6.975,0.181,0,0,0,0,v
2014-11-22 02:18,6.981,0.175,0,0,0,0,v
2014-11-22 02:24,6.990,0.192,0,0,0,0,v
2014-11-22 02:30,6.995,0.197,0,0,0,0,v
2014-11-22 02:36,6.997,0.168,0,0,0,0,v
2014-11-22 02:42,6.956,0.200,0,0,0,0,v
2014-11-22 02:48,6.965,0.164,0,0,0,0,v
2014-11-22 02:54,6.939,0.176,0,0,0,0,v
2014-11-22 03:00,6.938,0.155,0,0,0,0,v
2014-11-22 03:06,6.956,0.180,0,0,0,0,v
2014-11-22 03:12,6.960,0.159,0,0,0,0,v
2014-11-22 03:18,6.961,0.181,0,0,0,0,v
2014-11-22 03:24,6.960,0.190,0,0,0,0,v
2014-11-22 03:30,6.937,0.214,0,0,0,0,v
2014-11-22 03:36,6.935,0.164,0,0,0,0,v
2014-11-22 03:42,6.939,0.152,0,0,0,0,v
2014-11-22 03:48,6.941,0.167,0,0,0,0,v
2014-11-22 03:54,6.922,0.153,0,0,0,0,v
2014-11-22 04:00,6.936,0.167,0,0,0,0,v
2014-11-22 04:06,6.940,0.194,0,0,0,0,v
2014-11-22 04:12,6.933,0.182,0,0,0,0,v
2014-11-22 04:18,6.952,0.167,0,0,0,0,v
2014-11-22 04:24,6.944,0.175,0,0,0,0,v
2014-11-22 04:30,6.947,0.157,0,0,0,0,v
2014-11-22 04:36,6.927,0.178,0,0,0,0,v
2014-11-22 04:42,6.928,0.163,0,0,0,0,v
2014-11-22 04:48,6.911,0.152,0,0,0,0,v
2014-11-22 04:54,6.917,0.148,0,0,0,0,v
2014-11-22 05:00,6.916,0.143,0,0,0,0,v
2014-11-22 05:06,6.930,0.151,0,0,0,0,v
2014-11-22 05:12,6.923,0.175,0,0,0,0,v
2014-11-22 05:18,6.911,0.156,0,0,0,0,v
2014-11-22 05:24,6.900,0.189,0,0,0,0,v
2014-11-22 05:30,6.918,0.189,0,0,0,0,v
2014-11-22 05:36,6.937,0.161,0,0,0,0,v
2014-11-22 05:42,6.907,0.157,0,0,0,0,v
2014-11-22 05:48,6.925,0.165,0,0,0,0,v
2014-11-22 05:54,6.938,0.168,0,0,0,0,v
2014-11-22 06:00,6.924,0.172,0,0,0,0,v
2014-11-22 06:06,6.925,0.181,0,0,0,0,v
2014-11-22 06:12,6.929,0.172,0,0,0,0,v
2014-11-22 06:18,6.901,0.194,0,0,0,0,v
2014-11-22 06:24,6.922,0.193,0,0,0,0,v
2014-11-22 06:30,6.939,0.153,0,0,0,0,v
2014-11-22 06:36,6.920,0.179,0,0,0,0,v
2014-11-22 06:42,6.914,0.188,0,0,0,0,v
2014-11-22 06:48,6.899,0.167,0,0,0,0,v
2014-11-22 06:54,6.879,0.191,0,0,0,0,v
2014-11-22 07:00,6.875,0.195,0,0,0,0,v
2014-11-22 07:06,6.900,0.160,0,0,0,0,v
2014-11-22 07:12,6.875,0.193,0,0,0,0,v
2014-11-22 07:18,6.891,0.164,0,0,0,0,v
2014-11-22 07:24,6.887,0.158,0,0,0,0,v
2014-11-22 07:30,6.891,0.158,0,0,0,0,v
2014-11-22 07:36,6.901,0.158,0,0,0,0,v
2014-11-22 07:42,6.875,0.166,0,0,0,0,v
2014-11-22 07:48,6.892,0.189,0,0,0,0,v
2014-11-22 07:54,6.851,0.160,0,0,0,0,v
2014-11-22 08:00,6.874,0.186,0,0,0,0,v
2014-11-22 08:06,6.852,0.180,0,0,0,0,v
2014-11-22 08:12,6.864,0.165,0,0,0,0,v
2014-11-22 08:18,6.873,0.177,0,0,0,0,v
2014-11-22 08:24,6.851,0.177,0,0,0,0,v
2014-11-22 08:30,6.869,0.167,0,0,0,0,v
2014-11-22 08:36,6.885,0.191,0,0,0,0,v
2014-11-22 08:42,6.862,0.163,0,0,0,0,v
2014-11-22 08:48,6.848,0.162,0,0,0,0,v
2014-11-22 08:54,6.871,0.170,0,0,0,0,v
2014-11-22 09:00,6.843,0.177,0,0,0,0,v
2014-11-22 09:06,6.795,0.141,0,0,0,0,v
2014-11-22 09:12,6.815,0.139,0,0,0,0,v
2014-11-22 09:18,6.786,0.164,0,0,0,0,v
2014-11-22 09:24,6.781,0.163,0,0,0,0,v
2014-11-22 09:30,6.800,0.160,0,0,0,0,v
2014-11-22 09:36,6.775,0.199,0,0,0,0,v
2014-11-22 09:42,6.781,0.168,0,0,0,0,v
2014-11-22 09:48,6.776,0.185,0,0,0,0,v
2014-11-22 09:54,6.767,0.145,0,0,0,0,v
2014-11-22 10:00,6.766,0.196,0,0,0,0,v
2014-11-22 10:06,6.727,0.171,0,0,0,0,v
2014-11-22 10:12,6.707,0.182,0,0,0,0,v
2014-11-22 10:18,6.695,0.160,0,0,0,0,v
2014-11-22 10:24,6.698,0.182,0,0,0,0,v
2014-11-22 10:30,6.698,0.173,0,0,0,0,v
2014-11-22 10:36,6.692,0.158,0,0,0,0,v
2014-11-22 10:42,6.676,0.176,0,0,0,0,v
2014-11-22 10:48,6.682,0.181,0,0,0,0,v
2014-11-22 10:54,6.675,0.163,0,0,0,0,v
2014-11-22 11:00,6.658,0.149,0,0,0,0,v
2014-11-22 11:06,6.620,0.163,0,0,0,0,v
2014-11-22 11:12,6.613,0.178,0,0,0,0,v
2014-11-22 11:18,6.606,0.180,0,0,0,0,v
2014-11-22 11:24,6.631,0.178,0,0,0,0,v
2014-11-22 11:30,6.607,0.155,0,0,0,0,v
2014-11-22 11:36,6.610,0.152,0,0,0,0,v
2014-11-22 11:42,6.589,0.192,0,0,0,0,v
2014-11-22 11:48,6.576,0.171,0,0,0,0,v
2014-11-22 11:54,6.585,0.195,0,0,0,0,v
2014-11-22 12:00,6.564,0.185,0,0,0,0,v
2014-11-22 12:06,6.552,0.170,0,0,0,0,v
2014-11-22 12:12,6.582,0.149,0,0,0,0,v
2014-11-22 12:18,6.580,0.185,0,0,0,0,v
2014-11-22 12:24,6.550,0.174,0,0,0,0,v
2014-11-22 12:30,6.551,0.172,0,0,0,0,v
2014-11-22 12:36,6.535,0.166,0,0,0,0,v
2014-11-22 12:42,6.560,0.167,0,0,0,0,v
2014-11-22 12:48,6.582,0.169,0,0,0,0,v
2014-11-22 12:54,6.538,0.147,0,0,0,0,v
2014-11-22 13:00,6.575,0.186,0,0,0,0,v
2014-11-22 13:06,6.535,0.184,0,0,0,0,v
2014-11-22 13:12,6.533,0.168,0,0,0,0,v
2014-11-22 13:18,6.536,0.195,0,0,0,0,v
2014-11-22 13:24,6.536,0.153,0,0,0,0,v
2014-11-22 13:30,6.540,0.173,0,0,0,0,v
2014-11-22 13:36,6.537,0.183,0,0,0,0,v
2014-11-22 13:42,6.533,0.176,0,0,0,0,v
2014-11-22 13:48,6.536,0.169,0,0,0,0,v
2014-11-22 13:54,6.524,0.179,0,0,0,0,v
2014-11-22 14:00,6.519,0.174,0,0,0,0,v
2014-11-22 14:06,6.525,0.166,0,0,0,0,v
2014-11-22 14:12,6.545,0.175,0,0,0,0,v
2014-11-22 14:18,6.534,0.177,0,0,0,0,v
2014-11-22 14:24,6.541,0.163,0,0,0,0,v
2014-11-22 14:30,6.527,0.180,0,0,0,0,v
2014-11-22 14:36,6.547,0.175,0,0,0,0,v
2014-11-22 14:42,6.554,0.149,0,0,0,0,v
2014-11-22 14:48,6.528,0.176,0,0,0,0,v
2014-11-22 14:54,6.541,0.167,0,0,0,0,v
2014-11-22 15:00,6.546,0.184,0,0,0,0,v
2014-11-22 15:06,6.503,0.152,0,0,0,0,v
2014-11-22 15:12,6.537,0.159,0,0,0,0,v
2014-11-22 15:18,6.571,0.177,0,0,0,0,v
2014-11-22 15:24,6.566,0.186,0,0,0,0,v
2014-11-22 15:30,6.580,0.165,0,0,0,0,v
2014-11-22 15:36,6.544,0.153,0,0,0,0,v
2014-11-22 15:42,6.607,0.173,0,0,0,0,v
2014-11-22 15:48,6.590,0.165,0,0,0,0,v
2014-11-22 15:54,6.636,0.172,0,0,0,0,v
2014-11-22 16:00,6.593,0.169,0,0,0,0,v
2014-11-22 16:06,6.604,0.206,0,0,0,0,v
2014-11-22 16:12,6.670,0.198,0,0,0,0,v
2014-11-22 16:18,6.621,0.178,0,0,0,0,v
2014-11-22 16:24,6.628,0.192,0,0,0,0,v
2014-11-22 16:30,6.679,0.168,0,0,0,0,v
2014-11-22 16:36,6.691,0.000,0,0,0,0,v
2014-11-22 16:42,6.620,0.197,0,0,0,0,v
2014-11-22 16:48,6.698,0.170,0,0,0,0,v
2014-11-22 16:54,6.797,0.166,0,0,0,0,v
2014-11-22 17:00,6.735,0.171,0,0,0,0,v
2014-11-22 17:06,6.731,0.194,0,0,0,0,v
2014-11-22 17:12,6.738,0.184,0,0,0,0,v
2014-11-22 17:18,6.716,0.161,0,0,0,0,v
2014-11-22 17:24,6.768,0.181,0,0,0,0,v
2014-11-22 17:30,6.785,0.176,0,0,0,0,v
2014-11-22 17:36,6.756,0.164,0,0,0,0,v
2014-11-22 17:42,6.821,0.190,0,0,0,0,v
2014-11-22 17:48,6.842,0.173,0,0,0,0,v
2014-11-22 17:54,6.771,0.222,0,0,0,0,v
2014-11-22 18:00,6.786,0.201,0,0,0,0,v
2014-11-22 18:06,6.807,0.209,0,0,0,0,v
2014-11-22 18:12,6.803,0.198,0,0,0,0,v
2014-11-22 18:18,6.875,0.220,0,0,0,0,v
2014-11-22 18:24,6.903,0.184,0,0,0,0,v
2014-11-22 18:30,6.882,0.169,0,0,0,0,v
2014-11-22 18:36,6.886,0.163,0,0,0,0,v
2014-11-22 18:42,6.886,0.160,0,0,0,0,v
2014-11-22 18:48,6.881,0.180,0,0,0,0,v
2014-11-22 18:54,6.837,0.162,0,0,0,0,v
2014-11-22 19:00,6.896,0.176,0,0,0,0,v
2014-11-22 19:06,6.902,0.196,0,0,0,0,v
2014-11-22 19:12,6.900,0.192,0,0,0,0,v
2014-11-22 19:18,6.919,0.202,0,0,0,0,v
2014-11-22 19:24,6.885,0.184,0,0,0,0,v
2014-11-22 19:30,6.940,0.198,0,0,0,0,v
2014-11-22 19:36,6.964,0.194,0,0,0,0,v
2014-11-22 19:42,7.007,0.213,0,0,0,0,v
2014-11-22 19:48,7.015,0.206,0,0,0,0,v
2014-11-22 19:54,6.985,0.203,0,0,0,0,v
2014-11-22 20:00,7.008,0.205,0,0,0,0,v
2014-11-22 20:06,7.007,0.208,0,0,0,0,v
2014-11-22 20:12,7.043,0.202,0,0,0,0,v
2014-11-22 20:18,7.041,0.173,0,0,0,0,v
2014-11-22 20:24,7.064,0.206,0,0,0,0,v
2014-11-22 20:30,7.044,0.214,0,0,0,0,v
2014-11-22 20:36,7.097,0.186,0,0,0,0,v
2014-11-22 20:42,7.075,0.201,0,0,0,0,v
2014-11-22 20:48,7.070,0.211,0,0,0,0,v
2014-11-22 20:54,7.089,0.203,0,0,0,0,v
2014-11-22 21:00,7.108,0.214,0,0,0,0,v
2014-11-22 21:06,7.124,0.221,0,0,0,0,v
2014-11-22 21:12,7.138,0.202,0,0,0,0,v
2014-11-22 21:18,7.115,0.181,0,0,0,0,v
2014-11-22 21:24,7.118,0.213,0,0,0,0,v
2014-11-22 21:30,7.135,0.212,0,0,0,0,v
2014-11-22 21:36,7.133,0.240,0,0,0,0,v
2014-11-22 21:42,7.154,0.229,0,0,0,0,v
2014-11-22 21:48,7.153,0.196,0,0,0,0,v
2014-11-22 21:54,7.162,0.218,0,0,0,0,v
2014-11-22 22:00,7.148,0.214,0,0,0,0,v
2014-11-22 22:06,7.152,0.204,0,0,0,0,v
2014-11-22 22:12,7.131,0.232,0,0,0,0,v
2014-11-22 22:18,7.169,0.224,0,0,0,0,v
2014-11-22 22:24,7.160,0.199,0,0,0,0,v
2014-11-22 22:30,7.166,0.193,0,0,0,0,v
2014-11-22 22:36,7.132,0.215,0,0,0,0,v
2014-11-22 22:42,7.146,0.211,0,0,0,0,v
2014-11-22 22:48,7.167,0.201,0,0,0,0,v
2014-11-22 22:54,7.136,0.205,0,0,0,0,v
2014-11-22 23:00,7.157,0.173,0,0,0,0,v
2014-11-22 23:06,7.170,0.174,0,0,0,0,v
2014-11-22 23:12,7.147,0.228,0,0,0,0,v
2014-11-22 23:18,7.161,0.193,0,0,0,0,v
2014-11-22 23:24,7.147,0.193,0,0,0,0,v
2014-11-22 23:30,7.130,0.191,0,0,0,0,v
2014-11-22 23:36,7.152,0.199,0,0,0,0,v
2014-11-22 23:42,7.150,0.235,0,0,0,0,v
2014-11-22 23:48,7.135,0.220,0,0,0,0,v
2014-11-22 23:54,7.112,0.180,0,0,0,0,v
2014-11-23 00:00,7.089,0.209,0,0,0,0,v
2014-11-23 00:06,7.088,0.205,0,0,0,0,v
2014-11-23 00:12,7.131,0.211,0,0,0,0,v
2014-11-23 00:18,7.077,0.213,0,0,0,0,v
2014-11-23 00:24,7.071,0.238,0,0,0,0,v
2014-11-23 00:30,7.067,0.164,0,0,0,0,v
2014-11-23 00:36,7.075,0.208,0,0,0,0,v
2014-11-23 00:42,7.095,0.203,0,0,0,0,v
2014-11-23 00:48,7.089,0.189,0,0,0,0,v
2014-11-23 00:54,7.101,0.179,0,0,0,0,v
2014-11-23 01:00,7.087,0.199,0,0,0,0,v
2014-11-23 01:06,7.077,0.208,0,0,0,0,v
2014-11-23 01:12,7.090,0.188,0,0,0,0,v
2014-11-23 01:18,7.092,0.193,0,0,0,0,v
2014-11-23 01:24,7.085,0.198,0,0,0,0,v
2014-11-23 01:30,7.081,0.192,0,0,0,0,v
2014-11-23 01:36,7.065,0.186,0,0,0,0,v
2014-11-23 01:42,7.062,0.167,0,0,0,0,v
2014-11-23 01:48,7.085,0.184,0,0,0,0,v
2014-11-23 01:54,7.053,0.178,0,0,0,0,v
2014-11-23 02:00,7.072,0.199,0,0,0,0,v
2014-11-23 02:06,7.091,0.179,0,0,0,0,v
2014-11-23 02:12,7.057,0.176,0,0,0,0,v
2014-11-23 02:18,7.023,0.150,0,0,0,0,v
2014-11-23 02:24,7.041,0.175,0,0,0,0,v
2014-11-23 02:30,7.037,0.182,0,0,0,0,v
2014-11-23 02:36,7.063,0.182,0,0,0,0,v
2014-11-23 02:42,7.068,0.162,0,0,0,0,v
2014-11-23 02:48,7.057,0.149,0,0,0,0,v
2014-11-23 02:54,7.076,0.162,0,0,0,0,v
2014-11-23 03:00,7.089,0.165,0,0,0,0,v
2014-11-23 03:06,7.025,0.194,0,0,0,0,v
2014-11-23 03:12,6.970,0.178,0,0,0,0,v
2014-11-23 03:18,7.043,0.189,0,0,0,0,v
2014-11-23 03:24,7.025,0.186,0,0,0,0,v
2014-11-23 03:30,7.101,0.188,0,0,0,0,v
2014-11-23 03:36,7.054,0.180,0,0,0,0,v
2014-11-23 03:42,7.063,0.153,0,0,0,0,v
2014-11-23 03:48,6.973,0.199,0,0,0,0,v
2014-11-23 03:54,6.979,0.165,0,0,0,0,v
2014-11-23 04:00,6.929,0.163,0,0,0,0,v
2014-11-23 04:06,7.011,0.155,0,0,0,0,v
2014-11-23 04:12,6.980,0.154,0,0,0,0,v
2014-11-23 04:18,6.984,0.158,0,0,0,0,v
2014-11-23 04:24,7.019,0.167,0,0,0,0,v
2014-11-23 04:30,6.993,0.157,0,0,0,0,v
2014-11-23 04:36,6.954,0.164,0,0,0,0,v
2014-11-23 04:42,6.994,0.171,0,0,0,0,v
2014-11-23 04:48,7.008,0.182,0,0,0,0,v
2014-11-23 04:54,6.894,0.167,0,0,0,0,v
2014-11-23 05:00,6.947,0.167,0,0,1,0,v
2014-11-23 05:06,6.925,0.188,0,0,0,0,v
2014-11-23 05:12,6.904,0.182,0,0,0,0,v
2014-11-23 05:18,6.931,0.167,0,0,0,0,v
2014-11-23 05:24,6.973,0.170,0,0,0,0,v
2014-11-23 05:30,6.965,0.186,0,0,0,0,v
2014-11-23 05:36,6.983,0.151,0,0,0,0,v
2014-11-23 05:42,6.934,0.179,0,0,0,0,v
2014-11-23 05:48,6.944,0.172,0,0,0,0,v
2014-11-23 05:54,6.991,0.160,0,0,0,0,v
2014-11-23 06:00,7.085,0.151,0,0,0,0,v
2014-11-23 06:06,7.092,0.158,0,0,0,0,v
2014-11-23 06:12,7.015,0.205,0,0,0,0,v
2014-11-23 06:18,7.042,0.177,0,0,0,0,v
2014-11-23 06:24,6.997,0.201,0,0,0,0,v
2014-11-23 06:30,6.934,0.164,0,0,0,0,v
2014-11-23 06:36,6.968,0.173,0,0,0,0,v
2014-11-23 06:42,6.966,0.166,0,0,0,0,v
2014-11-23 06:48,6.986,0.167,0,0,0,0,v
2014-11-23 06:54,6.953,0.172,0,0,0,0,v
2014-11-23 07:00,6.982,0.158,0,0,0,0,v
2014-11-23 07:06,7.068,0.153,0,0,0,0,v
2014-11-23 07:12,7.093,0.178,0,0,0,0,v
2014-11-23 07:18,7.156,0.172,0,0,0,0,v
2014-11-23 07:24,7.087,0.157,0,0,0,0,v
2014-11-23 07:30,7.057,0.174,0,0,0,0,v
2014-11-23 07:36,7.068,0.181,0,0,0,0,v
2014-11-23 07:42,7.103,0.169,0,0,0,0,v
2014-11-23 07:48,7.116,0.144,0,0,0,0,v
2014-11-23 07:54,7.117,0.167,0,0,0,0,v
2014-11-23 08:00,7.039,0.151,0,0,0,0,v
2014-11-23 08:06,7.068,0.152,0,0,0,0,v
2014-11-23 08:12,7.053,0.195,0,0,0,0,v
2014-11-23 08:18,7.029,0.153,0,0,0,0,v
2014-11-23 08:24,7.024,0.145,0,0,0,0,v
2014-11-23 08:30,6.928,0.179,0,0,0,0,v
2014-11-23 08:36,6.861,0.151,0,0,0,0,v
2014-11-23 08:42,6.888,0.150,0,0,0,0,v
2014-11-23 08:48,6.996,0.128,0,0,0,0,v
2014-11-23 08:54,6.976,0.108,0,0,0,0,v
2014-11-23 09:00,6.797,0.173,0,0,0,0,v
2014-11-23 09:06,6.854,0.129,0,0,1,0,v
2014-11-23 09:12,6.872,0.161,0,0,1,0,v
2014-11-23 09:18,6.831,0.125,0,0,0,0,v
2014-11-23 09:24,6.883,0.153,0,0,0,0,v
2014-11-23 09:30,6.854,0.130,0,0,0,0,v
2014-11-23 09:36,6.899,0.132,0,0,0,0,v
2014-11-23 09:42,6.791,0.133,0,0,0,0,v
2014-11-23 09:48,6.802,0.146,0,0,1,0,v
2014-11-23 09:54,6.736,0.127,0,0,0,0,v
2014-11-23 10:00,6.810,0.137,0,0,0,0,v
2014-11-23 10:06,6.752,0.133,0,0,1,0,v
2014-11-23 10:12,6.770,0.142,0,0,0,0,v
2014-11-23 10:18,6.724,0.153,0,0,0,0,v
2014-11-23 10:24,6.712,0.121,0,0,0,0,v
2014-11-23 10:30,6.686,0.125,0,0,0,0,v
2014-11-23 10:36,6.639,0.130,0,0,0,0,v
2014-11-23 10:42,6.633,0.120,0,0,0,0,v
2014-11-23 10:48,6.617,0.145,0,0,0,0,v
2014-11-23 10:54,6.653,0.128,0,0,0,0,v
2014-11-23 11:00,6.675,0.152,0,0,0,0,v
2014-11-23 11:06,6.681,0.140,0,0,0,0,v
2014-11-23 11:12,6.694,0.154,0,0,0,0,v
2014-11-23 11:18,6.716,0.165,0,0,0,0,v
2014-11-23 11:24,6.683,0.132,0,0,0,0,v
2014-11-23 11:30,6.671,0.139,0,0,0,0,v
2014-11-23 11:36,6.659,0.132,0,0,0,0,v
2014-11-23 11:42,6.629,0.136,0,0,0,0,v
2014-11-23 11:48,6.616,0.129,0,0,0,0,v
2014-11-23 11:54,6.612,0.147,0,0,0,0,v
2014-11-23 12:00,6.646,0.134,0,0,0,0,v
2014-11-23 12:06,6.631,0.155,0,0,0,0,v
2014-11-23 12:12,6.601,0.122,0,0,0,0,v
2014-11-23 12:18,6.647,0.156,0,0,0,0,v
2014-11-23 12:24,6.589,0.128,0,0,0,0,v
2014-11-23 12:30,6.569,0.137,0,0,0,0,v
2014-11-23 12:36,6.623,0.162,0,0,0,0,v
2014-11-23 12:42,6.678,0.117,0,0,0,0,v
2014-11-23 12:48,6.656,0.135,0,0,0,0,v
2014-11-23 12:54,6.640,0.146,0,0,0,0,v
2014-11-23 13:00,6.671,0.151,0,0,0,0,v
2014-11-23 13:06,6.665,0.164,0,0,0,0,v
2014-11-23 13:12,6.653,0.152,0,0,0,0,v
2014-11-23 13:18,6.591,0.146,0,0,0,0,v
2014-11-23 13:24,6.513,0.142,0,0,0,0,v
2014-11-23 13:30,6.562,0.136,0,0,0,0,v
2014-11-23 13:36,6.568,0.158,0,0,0,0,v
2014-11-23 13:42,6.599,0.154,0,0,0,0,v
2014-11-23 13:48,6.593,0.169,0,0,0,0,v
2014-11-23 13:54,6.612,0.132,0,0,0,0,v
2014-11-23 14:00,6.547,0.156,0,0,0,0,v
2014-11-23 14:06,6.499,0.182,0,0,0,0,v
2014-11-23 14:12,6.517,0.157,0,0,0,0,v
2014-11-23 14:18,6.487,0.152,0,0,0,0,v
2014-11-23 14:24,6.451,0.157,0,0,0,0,v
2014-11-23 14:30,6.491,0.122,0,0,0,0,v
2014-11-23 14:36,6.490,0.152,0,0,0,0,v
2014-11-23 14:42,6.475,0.155,0,0,0,0,v
2014-11-23 14:48,6.457,0.146,0,0,0,0,v
2014-11-23 14:54,6.525,0.123,0,0,0,0,v
2014-11-23 15:00,6.485,0.130,0,0,0,0,v
2014-11-23 15:06,6.483,0.159,0,0,0,0,v
2014-11-23 15:12,6.467,0.158,0,0,0,0,v
2014-11-23 15:18,6.368,0.158,0,0,0,0,v
2014-11-23 15:24,6.352,0.175,0,0,0,0,v
2014-11-23 15:30,6.365,0.156,0,0,0,0,v
2014-11-23 15:36,6.373,0.170,0,0,0,0,v
2014-11-23 15:42,6.402,0.167,0,0,0,0,v
2014-11-23 15:48,6.442,0.173,0,0,0,0,v
2014-11-23 15:54,6.460,0.187,0,0,0,0,v
2014-11-23 16:00,6.438,0.179,0,0,0,0,v
2014-11-23 16:06,6.481,0.165,0,0,0,0,v
2014-11-23 16:12,6.438,0.170,0,0,0,0,v
2014-11-23 16:18,6.493,0.157,0,0,0,0,v
2014-11-23 16:24,6.561,0.120,0,0,0,0,v
2014-11-23 16:30,6.575,0.156,0,0,0,0,v
2014-11-23 16:36,6.558,0.151,0,0,0,0,v
2014-11-23 16:42,6.541,0.204,0,0,0,0,v
2014-11-23 16:48,6.598,0.157,0,0,0,0,v
2014-11-23 16:54,6.590,0.166,0,0,0,0,v
2014-11-23 17:00,6.618,0.170,0,0,0,0,v
2014-11-23 17:06,6.592,0.181,0,0,0,0,v
2014-11-23 17:12,6.530,0.162,0,0,0,0,v
2014-11-23 17:18,6.608,0.150,0,0,0,0,v
2014-11-23 17:24,6.590,0.173,0,0,0,0,v
2014-11-23 17:30,6.628,0.178,0,0,0,0,v
2014-11-23 17:36,6.638,0.169,0,0,0,0,v
2014-11-23 17:42,6.730,0.172,0,0,0,0,v
2014-11-23 17:48,6.734,0.136,0,0,0,0,v
2014-11-23 17:54,6.786,0.165,0,0,0,0,v
2014-11-23 18:00,6.824,0.164,0,0,0,0,v
2014-11-23 18:06,6.894,0.162,0,0,0,0,v
2014-11-23 18:12,6.907,0.185,0,0,0,0,v
2014-11-23 18:18,6.811,0.159,0,0,0,0,v
2014-11-23 18:24,6.834,0.153,0,0,0,0,v
2014-11-23 18:30,6.817,0.175,0,0,0,0,v
2014-11-23 18:36,6.842,0.173,0,0,0,0,v
2014-11-23 18:42,6.805,0.163,0,0,0,0,v
2014-11-23 18:48,6.595,0.145,0,0,0,0,v
2014-11-23 18:54,6.620,0.147,0,0,1,0,v
2014-11-23 19:00,6.501,0.162,0,0,1,0,v
2014-11-23 19:06,6.602,0.169,0,0,1,0,v
2014-11-23 19:12,6.714,0.182,0,0,0,0,v
2014-11-23 19:18,6.794,0.161,0,0,0,0,v
2014-11-23 19:24,6.807,0.185,0,0,0,0,v
2014-11-23 19:30,6.853,0.192,0,0,0,0,v
2014-11-23 19:36,6.929,0.180,0,0,0,0,v
2014-11-23 19:42,6.973,0.180,0,0,0,0,v
2014-11-23 19:48,6.931,0.180,0,0,0,0,v
2014-11-23 19:54,6.973,0.188,0,0,0,0,v
2014-11-23 20:00,6.932,0.178,0,0,0,0,v
2014-11-23 20:06,6.976,0.159,0,0,0,0,v
2014-11-23 20:12,6.928,0.173,0,0,0,0,v
2014-11-23 20:18,6.882,0.174,0,0,0,0,v
2014-11-23 20:24,6.902,0.176,0,0,0,0,v
2014-11-23 20:30,6.905,0.182,0,0,0,0,v
2014-11-23 20:36,6.952,0.139,0,0,0,0,v
2014-11-23 20:42,6.986,0.177,0,0,0,0,v
2014-11-23 20:48,6.993,0.173,0,0,0,0,v
2014-11-23 20:54,7.078,0.151,0,0,0,0,v
2014-11-23 21:00,7.153,0.154,0,0,0,0,v
2014-11-23 21:06,7.123,0.183,0,0,0,0,v
2014-11-23 21:12,7.127,0.184,0,0,0,0,v
2014-11-23 21:18,7.181,0.185,0,0,0,0,v
2014-11-23 21:24,7.190,0.191,0,0,0,0,v
2014-11-23 21:30,7.126,0.155,0,0,0,0,v
2014-11-23 21:36,7.117,0.172,0,0,0,0,v
2014-11-23 21:42,7.061,0.163,0,0,0,0,v
2014-11-23 21:48,7.100,0.202,0,0,0,0,v
2014-11-23 21:54,7.150,0.165,0,0,0,0,v
2014-11-23 22:00,7.147,0.197,0,0,0,0,v
2014-11-23 22:06,7.080,0.193,0,0,0,0,v
2014-11-23 22:12,7.152,0.174,0,0,0,0,v
2014-11-23 22:18,7.146,0.158,0,0,0,0,v
2014-11-23 22:24,7.102,0.220,0,0,0,0,v
2014-11-23 22:30,7.105,0.152,0,0,0,0,v
2014-11-23 22:36,7.140,0.141,0,0,0,0,v
2014-11-23 22:42,7.056,0.157,0,0,0,0,v
2014-11-23 22:48,7.081,0.169,0,0,0,0,v
2014-11-23 22:54,7.173,0.180,0,0,0,0,v
2014-11-23 23:00,7.139,0.199,0,0,0,0,v
2014-11-23 23:06,7.139,0.169,0,0,0,0,v
2014-11-23 23:12,7.135,0.181,0,0,0,0,v
2014-11-23 23:18,7.124,0.152,0,0,0,0,v
2014-11-23 23:24,7.145,0.187,0,0,0,0,v
2014-11-23 23:30,7.051,0.190,0,0,0,0,v
2014-11-23 23:36,7.048,0.142,0,0,0,0,v
2014-11-23 23:42,7.120,0.157,0,0,0,0,v
2014-11-23 23:48,7.089,0.168,0,0,0,0,v
2014-11-23 23:54,7.070,0.162,0,0,0,0,v
2014-11-24 00:00,7.032,0.193,0,0,0,0,v
2014-11-24 00:06,7.021,0.164,0,0,0,0,v
2014-11-24 00:12,7.015,0.153,0,0,0,0,v
2014-11-24 00:18,7.021,0.173,0,0,0,0,v
2014-11-24 00:24,7.040,0.171,0,0,0,0,v
2014-11-24 00:30,7.111,0.160,0,0,0,0,v
2014-11-24 00:36,7.078,0.177,0,0,0,0,v
2014-11-24 00:42,7.054,0.174,0,0,0,0,v
2014-11-24 00:48,7.016,0.185,0,0,0,0,v
2014-11-24 00:54,7.028,0.147,0,0,0,0,v
2014-11-24 01:00,7.045,0.184,0,0,0,0,v
2014-11-24 01:06,7.073,0.186,0,0,0,0,v
2014-11-24 01:12,7.050,0.165,0,0,0,0,v
2014-11-24 01:18,7.031,0.163,0,0,0,0,v
2014-11-24 01:24,7.029,0.138,0,0,0,0,v
2014-11-24 01:30,7.118,0.176,0,0,0,0,v
2014-11-24 01:36,7.150,0.162,0,0,0,0,v
2014-11-24 01:42,7.088,0.154,0,0,0,0,v
2014-11-24 01:48,7.097,0.181,0,0,0,0,v
2014-11-24 01:54,7.068,0.153,0,0,0,0,v
2014-11-24 02:00,7.089,0.171,0,0,0,0,v
2014-11-24 02:06,7.015,0.119,0,0,0,0,v
2014-11-24 02:12,7.092,0.146,0,0,0,0,v
2014-11-24 02:18,7.102,0.166,0,0,0,0,v
2014-11-24 02:24,7.007,0.127,0,0,0,0,v
2014-11-24 02:30,7.016,0.130,0,0,0,0,v
2014-11-24 02:36,6.991,0.146,0,0,0,0,v
2014-11-24 02:42,6.975,0.167,0,0,0,0,v
2014-11-24 02:48,6.983,0.146,0,0,0,0,v
2014-11-24 02:54,6.960,0.144,0,0,0,0,v
2014-11-24 03:00,6.970,0.149,0,0,0,0,v
2014-11-24 03:06,6.995,0.154,0,0,0,0,v
2014-11-24 03:12,7.035,0.145,0,0,0,0,v
2014-11-24 03:18,7.051,0.162,0,0,0,0,v
2014-11-24 03:24,7.046,0.135,0,0,0,0,v
2014-11-24 03:30,7.035,0.112,0,0,0,0,v
2014-11-24 03:36,7.038,0.147,0,0,0,0,v
2014-11-24 03:42,7.052,0.163,0,0,0,0,v
2014-11-24 03:48,7.033,0.152,0,0,0,0,v
2014-11-24 03:54,7.055,0.135,0,0,0,0,v
2014-11-24 04:00,7.013,0.123,0,0,0,0,v
2014-11-24 04:06,6.974,0.168,0,0,0,0,v
2014-11-24 04:12,6.933,0.169,0,0,0,0,v
2014-11-24 04:18,6.969,0.125,0,0,0,0,v
2014-11-24 04:24,6.903,0.140,0,0,0,0,v
2014-11-24 04:30,6.899,0.123,0,0,0,0,v
2014-11-24 04:36,6.901,0.108,0,0,0,0,v
2014-11-24 04:42,6.931,0.171,0,0,0,0,v
2014-11-24 04:48,6.942,0.148,0,0,0,0,v
2014-11-24 04:54,6.933,0.157,0,0,0,0,v
2014-11-24 05:00,6.937,0.123,0,0,0,0,v
2014-11-24 05:06,6.926,0.134,0,0,0,0,v
2014-11-24 05:12,6.924,0.141,0,0,0,0,v
2014-11-24 05:18,6.955,0.121,0,0,0,0,v
2014-11-24 05:24,6.950,0.133,0,0,0,0,v
2014-11-24 05:30,6.985,0.146,0,0,0,0,v
2014-11-24 05:36,6.973,0.143,0,0,0,0,v
2014-11-24 05:42,6.975,0.147,0,0,0,0,v
2014-11-24 05:48,6.937,0.133,0,0,0,0,v
2014-11-24 05:54,6.957,0.124,0,0,0,0,v
2014-11-24 06:00,6.950,0.107,0,0,0,0,v
2014-11-24 06:06,6.915,0.116,0,0,0,0,v
2014-11-24 06:12,6.903,0.126,0,0,0,0,v
2014-11-24 06:18,6.870,0.120,0,0,0,0,v
2014-11-24 06:24,6.839,0.162,0,0,0,0,v
2014-11-24 06:30,6.864,0.151,0,0,0,0,v
2014-11-24 06:36,6.871,0.129,0,0,0,0,v
2014-11-24 06:42,6.871,0.127,0,0,0,0,v
2014-11-24 06:48,6.914,0.119,0,0,0,0,v
2014-11-24 06:54,6.880,0.124,0,0,0,0,v
2014-11-24 07:00,6.888,0.138,0,0,0,0,v
2014-11-24 07:06,6.927,0.129,0,0,0,0,v
2014-11-24 07:12,6.878,0.127,0,0,0,0,v
2014-11-24 07:18,6.853,0.138,0,0,0,0,v
2014-11-24 07:24,6.870,0.141,0,0,0,0,v
2014-11-24 07:30,6.860,0.124,0,0,0,0,v
2014-11-24 07:36,6.878,0.128,0,0,0,0,v
2014-11-24 07:42,6.894,0.134,0,0,0,0,v
2014-11-24 07:48,6.903,0.114,0,0,0,0,v
2014-11-24 07:54,6.888,0.133,0,0,0,0,v
2014-11-24 08:00,6.882,0.143,0,0,0,0,v
2014-11-24 08:06,6.911,0.126,0,0,0,0,v
2014-11-24 08:12,6.890,0.130,0,0,0,0,v
2014-11-24 08:18,6.852,0.115,0,0,0,0,v
2014-11-24 08:24,6.841,0.133,0,0,0,0,v
2014-11-24 08:30,6.837,0.128,0,0,0,0,v
2014-11-24 08:36,6.850,0.118,0,0,0,0,v
2014-11-24 08:42,6.838,0.135,0,0,0,0,v
2014-11-24 08:48,6.849,0.112,0,0,0,0,v
2014-11-24 08:54,6.869,0.136,0,0,0,0,v
2014-11-24 09:00,6.855,0.121,0,0,0,0,v
2014-11-24 09:06,6.860,0.120,0,0,0,0,v
2014-11-24 09:12,6.849,0.127,0,0,0,0,v
2014-11-24 09:18,6.833,0.108,0,0,0,0,v
2014-11-24 09:24,6.836,0.105,0,0,0,0,v
2014-11-24 09:30,6.810,0.125,0,0,0,0,v
2014-11-24 09:36,6.794,0.119,0,0,0,0,v
2014-11-24 09:42,6.776,0.114,0,0,0,0,v
2014-11-24 09:48,6.754,0.121,0,0,0,0,v
2014-11-24 09:54,6.736,0.102,0,0,0,0,v
2014-11-24 10:00,6.743,0.137,0,0,0,0,v
2014-11-24 10:06,6.709,0.088,0,0,0,0,v
2014-11-24 10:12,6.711,0.104,0,0,0,0,v
2014-11-24 10:18,6.683,0.100,0,0,0,0,v
2014-11-24 10:24,6.714,0.108,0,0,0,0,v
2014-11-24 10:30,6.681,0.096,0,0,0,0,v
2014-11-24 10:36,6.623,0.109,0,0,0,0,v
2014-11-24 10:42,6.627,0.107,0,0,0,0,v
2014-11-24 10:48,6.622,0.127,0,0,0,0,v
2014-11-24 10:54,6.669,0.116,0,0,0,0,v
2014-11-24 11:00,6.665,0.127,0,0,0,0,v
2014-11-24 11:06,6.644,0.114,0,0,0,0,v
2014-11-24 11:12,6.641,0.098,0,0,0,0,v
2014-11-24 11:18,6.655,0.109,0,0,0,0,v
2014-11-24 11:24,6.630,0.108,0,0,0,0,v
2014-11-24 11:30,6.615,0.106,0,0,0,0,v
2014-11-24 11:36,6.561,0.112,0,0,0,0,v
2014-11-24 11:42,6.552,0.099,0,0,0,0,v
2014-11-24 11:48,6.544,0.086,0,0,0,0,v
2014-11-24 11:54,6.519,0.096,0,0,0,0,v
2014-11-24 12:00,6.483,0.101,0,0,0,0,v
2014-11-24 12:06,6.455,0.101,0,0,0,0,v
2014-11-24 12:12,6.440,0.106,0,0,0,0,v
2014-11-24 12:18,6.452,0.087,0,0,0,0,v
2014-11-24 12:24,6.432,0.102,0,0,0,0,v
2014-11-24 12:30,6.433,0.089,0,0,0,0,v
2014-11-24 12:36,6.435,0.118,0,0,0,0,v
2014-11-24 12:42,6.427,0.100,0,0,0,0,v
2014-11-24 12:48,6.414,0.098,0,0,0,0,v
2014-11-24 12:54,6.433,0.116,0,0,0,0,v
2014-11-24 13:00,6.406,0.110,0,0,0,0,v
2014-11-24 13:06,6.396,0.110,0,0,0,0,v
2014-11-24 13:12,6.439,0.101,0,0,0,0,v
2014-11-24 13:18,6.463,0.098,0,0,0,0,v
2014-11-24 13:24,6.455,0.095,0,0,0,0,v
2014-11-24 13:30,6.421,0.109,0,0,0,0,v
2014-11-24 13:36,6.419,0.097,0,0,0,0,v
2014-11-24 13:42,6.441,0.106,0,0,0,0,v
2014-11-24 13:48,6.444,0.099,0,0,0,0,v
2014-11-24 13:54,6.423,0.116,0,0,0,0,v
2014-11-24 14:00,6.418,0.100,0,0,0,0,v
2014-11-24 14:06,6.461,0.114,0,0,0,0,v
2014-11-24 14:12,6.435,0.112,0,0,0,0,v
2014-11-24 14:18,6.369,0.116,0,0,0,0,v
2014-11-24 14:24,6.365,0.116,0,0,0,0,v
2014-11-24 14:30,6.374,0.119,0,0,0,0,v
2014-11-24 14:36,6.401,0.103,0,0,0,0,v
2014-11-24 14:42,6.410,0.109,0,0,0,0,v
2014-11-24 14:48,6.398,0.116,0,0,0,0,v
2014-11-24 14:54,6.411,0.109,0,0,0,0,v
2014-11-24 15:00,6.410,0.120,0,0,0,0,v
2014-11-24 15:06,6.431,0.115,0,0,0,0,v
2014-11-24 15:12,6.430,0.117,0,0,0,0,v
2014-11-24 15:18,6.432,0.113,0,0,0,0,v
2014-11-24 15:24,6.441,0.102,0,0,0,0,v
2014-11-24 15:30,6.434,0.122,0,0,0,0,v
2014-11-24 15:36,6.420,0.111,0,0,0,0,v
2014-11-24 15:42,6.390,0.118,0,0,0,0,v
2014-11-24 15:48,6.393,0.114,0,0,0,0,v
2014-11-24 15:54,6.366,0.127,0,0,0,0,v
2014-11-24 16:00,6.372,0.108,0,0,0,0,v
2014-11-24 16:06,6.363,0.115,0,0,0,0,v
2014-11-24 16:12,6.392,0.118,0,0,0,0,v
2014-11-24 16:18,6.385,0.112,0,0,0,0,v
2014-11-24 16:24,6.426,0.114,0,0,0,0,v
2014-11-24 16:30,6.425,0.121,0,0,0,0,v
2014-11-24 16:36,6.404,0.110,0,0,0,0,v
2014-11-24 16:42,6.434,0.109,0,0,0,0,v
2014-11-24 16:48,6.392,0.116,0,0,0,0,v
2014-11-24 16:54,6.400,0.121,0,0,0,0,v
2014-11-24 17:00,6.401,0.113,0,0,0,0,v
2014-11-24 17:06,6.400,0.114,0,0,0,0,v
2014-11-24 17:12,6.402,0.115,0,0,0,0,v
2014-11-24 17:18,6.418,0.133,0,0,0,0,v
2014-11-24 17:24,6.433,0.116,0,0,0,0,v
2014-11-24 17:30,6.445,0.131,0,0,0,0,v
2014-11-24 17:36,6.453,0.113,0,0,0,0,v
2014-11-24 17:42,6.466,0.129,0,0,0,0,v
2014-11-24 17:48,6.478,0.124,0,0,0,0,v
2014-11-24 17:54,6.490,0.108,0,0,0,0,v
2014-11-24 18:00,6.482,0.124,0,0,0,0,v
2014-11-24 18:06,6.497,0.121,0,0,0,0,v
2014-11-24 18:12,6.559,0.122,0,0,0,0,v
2014-11-24 18:18,6.587,0.117,0,0,0,0,v
2014-11-24 18:24,6.595,0.123,0,0,0,0,v
2014-11-24 18:30,6.591,0.125,0,0,0,0,v
2014-11-24 18:36,6.624,0.136,0,0,0,0,v
2014-11-24 18:42,6.628,0.128,0,0,0,0,v
2014-11-24 18:48,6.631,0.136,0,0,0,0,v
2014-11-24 18:54,6.664,0.132,0,0,0,0,v
2014-11-24 19:00,6.647,0.128,0,0,0,0,v
2014-11-24 19:06,6.686,0.125,0,0,0,0,v
2014-11-24 19:12,6.692,0.107,0,0,0,0,v
2014-11-24 19:18,6.711,0.120,0,0,0,0,v
2014-11-24 19:24,6.718,0.128,0,0,0,0,v
2014-11-24 19:30,6.716,0.106,0,0,0,0,v
2014-11-24 19:36,6.700,0.116,0,0,0,0,v
2014-11-24 19:42,6.693,0.109,0,0,0,0,v
2014-11-24 19:48,6.719,0.110,0,0,0,0,v
2014-11-24 19:54,6.744,0.105,0,0,0,0,v
2014-11-24 20:00,6.738,0.135,0,0,0,0,v
2014-11-24 20:06,6.767,0.120,0,0,0,0,v
2014-11-24 20:12,6.795,0.106,0,0,0,0,v
2014-11-24 20:18,6.794,0.096,0,0,0,0,v
2014-11-24 20:24,6.801,0.121,0,0,0,0,v
2014-11-24 20:30,6.797,0.113,0,0,0,0,v
2014-11-24 20:36,6.809,0.109,0,0,0,0,v
2014-11-24 20:42,6.834,0.116,0,0,0,0,v
2014-11-24 20:48,6.852,0.114,0,0,0,0,v
2014-11-24 20:54,6.851,0.105,0,0,0,0,v
2014-11-24 21:00,6.874,0.097,0,0,0,0,v
2014-11-24 21:06,6.881,0.102,0,0,0,0,v
2014-11-24 21:12,6.900,0.103,0,0,0,0,v
2014-11-24 21:18,6.896,0.089,0,0,0,0,v
2014-11-24 21:24,6.916,0.098,0,0,0,0,v
2014-11-24 21:30,6.943,0.096,0,0,0,0,v
2014-11-24 21:36,6.960,0.098,0,0,0,0,v
2014-11-24 21:42,6.962,0.094,0,0,0,0,v
2014-11-24 21:48,6.959,0.121,0,0,0,0,v
2014-11-24 21:54,6.980,0.098,0,0,0,0,v
2014-11-24 22:00,6.997,0.082,0,0,0,0,v
2014-11-24 22:06,6.998,0.112,0,0,0,0,v
2014-11-24 22:12,6.998,0.104,0,0,0,0,v
2014-11-24 22:18,7.008,0.101,0,0,0,0,v
2014-11-24 22:24,6.980,0.091,0,0,0,0,v
2014-11-24 22:30,7.000,0.090,0,0,0,0,v
2014-11-24 22:36,7.009,0.110,0,0,0,0,v
2014-11-24 22:42,7.029,0.105,0,0,0,0,v
2014-11-24 22:48,7.051,0.079,0,0,0,0,v
2014-11-24 22:54,7.060,0.096,0,0,0,0,v
2014-11-24 23:00,7.073,0.081,0,0,0,0,v
2014-11-24 23:06,7.058,0.102,0,0,0,0,v
2014-11-24 23:12,7.095,0.093,0,0,0,0,v
2014-11-24 23:18,7.055,0.088,0,0,0,0,v
2014-11-24 23:24,7.050,0.099,0,0,0,0,v
2014-11-24 23:30,7.055,0.091,0,0,0,0,v
2014-11-24 23:36,7.059,0.083,0,0,0,0,v
2014-11-24 23:42,7.059,0.091,0,0,0,0,v
2014-11-24 23:48,7.091,0.088,0,0,0,0,v
2014-11-24 23:54,7.076,0.084,0,0,0,0,v
2014-11-25 00:00,7.068,0.089,0,0,0,0,v
2014-11-25 00:06,7.075,0.097,0,0,0,0,v
2014-11-25 00:12,7.063,0.080,0,0,0,0,v
2014-11-25 00:18,7.042,0.094,0,0,0,0,v
2014-11-25 00:24,7.064,0.087,0,0,0,0,v
2014-11-25 00:30,7.052,0.082,0,0,0,0,v
2014-11-25 00:36,7.048,0.085,0,0,0,0,v
2014-11-25 00:42,7.062,0.083,0,0,0,0,v
2014-11-25 00:48,7.046,0.084,0,0,0,0,v
2014-11-25 00:54,7.013,0.085,0,0,0,0,v
2014-11-25 01:00,7.016,0.082,0,0,0,0,v
2014-11-25 01:06,7.028,0.091,0,0,0,0,v
2014-11-25 01:12,7.020,0.099,0,0,0,0,v
2014-11-25 01:18,7.019,0.068,0,0,0,0,v
2014-11-25 01:24,7.016,0.081,0,0,0,0,v
2014-11-25 01:30,7.024,0.083,0,0,0,0,v
2014-11-25 01:36,7.036,0.079,0,0,0,0,v
2014-11-25 01:42,7.035,0.072,0,0,0,0,v
2014-11-25 01:48,7.035,0.081,0,0,0,0,v
2014-11-25 01:54,7.020,0.077,0,0,0,0,v
2014-11-25 02:00,7.028,0.070,0,0,0,0,v
2014-11-25 02:06,7.002,0.081,0,0,0,0,v
2014-11-25 02:12,7.012,0.083,0,0,0,0,v
2014-11-25 02:18,7.008,0.079,0,0,0,0,v
2014-11-25 02:24,6.999,0.077,0,0,0,0,v
2014-11-25 02:30,6.985,0.089,0,0,0,0,v
2014-11-25 02:36,6.965,0.080,0,0,0,0,v
2014-11-25 02:42,6.971,0.093,0,0,0,0,v
2014-11-25 02:48,6.987,0.087,0,0,0,0,v
2014-11-25 02:54,6.959,0.083,0,0,0,0,v
2014-11-25 03:00,6.960,0.081,0,0,0,0,v
2014-11-25 03:06,6.992,0.074,0,0,0,0,v
2014-11-25 03:12,7.022,0.084,0,0,0,0,v
2014-11-25 03:18,7.033,0.070,0,0,0,0,v
2014-11-25 03:24,7.026,0.093,0,0,0,0,v
2014-11-25 03:30,7.002,0.083,0,0,0,0,v
2014-11-25 03:36,6.998,0.083,0,0,0,0,v
2014-11-25 03:42,6.999,0.082,0,0,0,0,v
2014-11-25 03:48,7.023,0.083,0,0,0,0,v
2014-11-25 03:54,7.016,0.095,0,0,0,0,v
2014-11-25 04:00,7.032,0.084,0,0,0,0,v
2014-11-25 04:06,7.023,0.078,0,0,0,0,v
2014-11-25 04:12,6.996,0.097,0,0,0,0,v
2014-11-25 04:18,6.988,0.088,0,0,0,0,v
2014-11-25 04:24,6.975,0.072,0,0,0,0,v
2014-11-25 04:30,6.957,0.083,0,0,0,0,v
2014-11-25 04:36,6.941,0.099,0,0,0,0,v
2014-11-25 04:42,6.962,0.078,0,0,0,0,v
2014-11-25 04:48,6.929,0.074,0,0,0,0,v
2014-11-25 04:54,6.927,0.100,0,0,0,0,v
2014-11-25 05:00,6.943,0.071,0,0,0,0,v
2014-11-25 05:06,6.947,0.093,0,0,0,0,v
2014-11-25 05:12,6.936,0.089,0,0,0,0,v
2014-11-25 05:18,6.950,0.084,0,0,0,0,v
2014-11-25 05:24,6.947,0.083,0,0,0,0,v
2014-11-25 05:30,6.929,0.081,0,0,0,0,v
2014-11-25 05:36,6.920,0.095,0,0,0,0,v
2014-11-25 05:42,6.910,0.087,0,0,0,0,v
2014-11-25 05:48,6.909,0.091,0,0,0,0,v
2014-11-25 05:54,6.913,0.091,0,0,0,0,v
2014-11-25 06:00,6.923,0.079,0,0,0,0,v
2014-11-25 06:06,6.901,0.094,0,0,0,0,v
2014-11-25 06:12,6.909,0.105,0,0,0,0,v
2014-11-25 06:18,6.946,0.094,0,0,0,0,v
2014-11-25 06:24,6.921,0.093,0,0,0,0,v
2014-11-25 06:30,6.954,0.088,0,0,0,0,v
2014-11-25 06:36,6.946,0.098,0,0,0,0,v
2014-11-25 06:42,6.941,0.095,0,0,0,0,v
2014-11-25 06:48,6.932,0.101,0,0,0,0,v
2014-11-25 06:54,6.929,0.100,0,0,0,0,v
2014-11-25 07:00,6.945,0.097,0,0,0,0,v
2014-11-25 07:06,6.950,0.087,0,0,0,0,v
2014-11-25 07:12,6.915,0.088,0,0,0,0,v
2014-11-25 07:18,6.936,0.101,0,0,0,0,v
2014-11-25 07:24,6.934,0.096,0,0,0,0,v
2014-11-25 07:30,6.930,0.101,0,0,0,0,v
2014-11-25 07:36,6.934,0.090,0,0,0,0,v
2014-11-25 07:42,6.949,0.092,0,0,0,0,v
2014-11-25 07:48,6.928,0.096,0,0,0,0,v
2014-11-25 07:54,6.934,0.103,0,0,0,0,v
2014-11-25 08:00,6.936,0.104,0,0,0,0,v
2014-11-25 08:06,6.921,0.101,0,0,0,0,v
2014-11-25 08:12,6.924,0.102,0,0,0,0,v
2014-11-25 08:18,6.916,0.089,0,0,0,0,v
2014-11-25 08:24,6.919,0.100,0,0,0,0,v
2014-11-25 08:30,6.899,0.110,0,0,0,0,v
2014-11-25 08:36,6.895,0.083,0,0,0,0,v
2014-11-25 08:42,6.874,0.114,0,0,0,0,v
2014-11-25 08:48,6.877,0.100,0,0,0,0,v
2014-11-25 08:54,6.881,0.110,0,0,0,0,v
2014-11-25 09:00,6.882,0.104,0,0,0,0,v
2014-11-25 09:06,6.858,0.112,0,0,0,0,v
2014-11-25 09:12,6.859,0.094,0,0,0,0,v
2014-11-25 09:18,6.834,0.105,0,0,0,0,v
2014-11-25 09:24,6.826,0.089,0,0,0,0,v
2014-11-25 09:30,6.820,0.106,0,0,0,0,v
2014-11-25 09:36,6.810,0.087,0,0,0,0,v
2014-11-25 09:42,6.799,0.105,0,0,0,0,v
2014-11-25 09:48,6.789,0.090,0,0,0,0,v
2014-11-25 09:54,6.789,0.097,0,0,0,0,v
2014-11-25 10:00,6.780,0.106,0,0,0,0,v
2014-11-25 10:06,6.766,0.094,0,0,0,0,v
2014-11-25 10:12,6.768,0.094,0,0,0,0,v
2014-11-25 10:18,6.777,0.103,0,0,0,0,v
2014-11-25 10:24,6.776,0.101,0,0,0,0,v
2014-11-25 10:30,6.777,0.104,0,0,0,0,v
2014-11-25 10:36,6.766,0.109,0,0,0,0,v
2014-11-25 10:42,6.783,0.106,0,0,0,0,v
2014-11-25 10:48,6.763,0.101,0,0,0,0,v
2014-11-25 10:54,6.736,0.094,0,0,0,0,v
2014-11-25 11:00,6.769,0.119,0,0,0,0,v
2014-11-25 11:06,6.742,0.084,0,0,0,0,v
2014-11-25 11:12,6.743,0.103,0,0,0,0,v
2014-11-25 11:18,6.736,0.101,0,0,0,0,v
2014-11-25 11:24,6.729,0.098,0,0,0,0,v
2014-11-25 11:30,6.729,0.090,0,0,0,0,v
2014-11-25 11:36,6.697,0.109,0,0,0,0,v
2014-11-25 11:42,6.689,0.108,0,0,0,0,v
2014-11-25 11:48,6.697,0.088,0,0,0,0,v
2014-11-25 11:54,6.672,0.111,0,0,0,0,v
2014-11-25 12:00,6.667,0.109,0,0,0,0,v
2014-11-25 12:06,6.660,0.111,0,0,0,0,v
2014-11-25 12:12,6.643,0.109,0,0,0,0,v
2014-11-25 12:18,6.649,0.109,0,0,0,0,v
2014-11-25 12:24,6.620,0.119,0,0,0,0,v
2014-11-25 12:30,6.610,0.128,0,0,0,0,v
2014-11-25 12:36,6.629,0.121,0,0,0,0,v
2014-11-25 12:42,6.639,0.128,0,0,0,0,v
2014-11-25 12:48,6.625,0.123,0,0,0,0,v
2014-11-25 12:54,6.600,0.111,0,0,0,0,v
2014-11-25 13:00,6.582,0.118,0,0,0,0,v
2014-11-25 13:06,6.575,0.105,0,0,0,0,v
2014-11-25 13:12,6.565,0.101,0,0,0,0,v
2014-11-25 13:18,6.549,0.107,0,0,0,0,v
2014-11-25 13:24,6.535,0.115,0,0,0,0,v
2014-11-25 13:30,6.524,0.132,0,0,0,0,v
2014-11-25 13:36,6.507,0.112,0,0,0,0,v
2014-11-25 13:42,6.503,0.128,0,0,0,0,v
2014-11-25 13:48,6.503,0.123,0,0,0,0,v
2014-11-25 13:54,6.474,0.135,0,0,0,0,v
2014-11-25 14:00,6.484,0.111,0,0,0,0,v
2014-11-25 14:06,6.480,0.121,0,0,0,0,v
2014-11-25 14:12,6.454,0.107,0,0,0,0,v
2014-11-25 14:18,6.449,0.126,0,0,0,0,v
2014-11-25 14:24,6.442,0.130,0,0,0,0,v
2014-11-25 14:30,6.416,0.140,0,0,0,0,v
2014-11-25 14:36,6.420,0.114,0,0,0,0,v
2014-11-25 14:42,6.417,0.132,0,0,0,0,v
2014-11-25 14:48,6.408,0.128,0,0,0,0,v
2014-11-25 14:54,6.438,0.140,0,0,0,0,v
2014-11-25 15:00,6.427,0.132,0,0,0,0,v
2014-11-25 15:06,6.408,0.140,0,0,0,0,v
2014-11-25 15:12,6.394,0.149,0,0,0,0,v
2014-11-25 15:18,6.394,0.148,0,0,0,0,v
2014-11-25 15:24,6.403,0.143,0,0,0,0,v
2014-11-25 15:30,6.416,0.149,0,0,0,0,v
2014-11-25 15:36,6.404,0.153,0,0,0,0,v
2014-11-25 15:42,6.386,0.132,0,0,0,0,v
2014-11-25 15:48,6.419,0.132,0,0,0,0,v
2014-11-25 15:54,6.394,0.148,0,0,0,0,v
2014-11-25 16:00,6.430,0.135,0,0,0,0,v
2014-11-25 16:06,6.434,0.144,0,0,0,0,v
2014-11-25 16:12,6.432,0.139,0,0,0,0,v
2014-11-25 16:18,6.394,0.140,0,0,0,0,v
2014-11-25 16:24,6.404,0.134,0,0,0,0,v
2014-11-25 16:30,6.395,0.156,0,0,0,0,v
2014-11-25 16:36,6.395,0.160,0,0,0,0,v
2014-11-25 16:42,6.411,0.135,0,0,0,0,v
2014-11-25 16:48,6.424,0.145,0,0,0,0,v
2014-11-25 16:54,6.409,0.139,0,0,0,0,v
2014-11-25 17:00,6.437,0.150,0,0,0,0,v
2014-11-25 17:06,6.420,0.152,0,0,0,0,v
2014-11-25 17:12,6.431,0.135,0,0,0,0,v
2014-11-25 17:18,6.418,0.139,0,0,0,0,v
2014-11-25 17:24,6.409,0.154,0,0,0,0,v
2014-11-25 17:30,6.427,0.156,0,0,0,0,v
2014-11-25 17:36,6.447,0.149,0,0,0,0,v
2014-11-25 17:42,6.416,0.121,0,0,0,0,v
2014-11-25 17:48,6.447,0.132,0,0,0,0,v
2014-11-25 17:54,6.441,0.130,0,0,0,0,v
2014-11-25 18:00,6.456,0.138,0,0,0,0,v
2014-11-25 18:06,6.468,0.128,0,0,0,0,v
2014-11-25 18:12,6.477,0.131,0,0,0,0,v
2014-11-25 18:18,6.454,0.163,0,0,0,0,v
2014-11-25 18:24,6.458,0.156,0,0,0,0,v
2014-11-25 18:30,6.470,0.146,0,0,0,0,v
2014-11-25 18:36,6.476,0.150,0,0,0,0,v
2014-11-25 18:42,6.490,0.148,0,0,0,0,v
2014-11-25 18:48,6.484,0.133,0,0,0,0,v
2014-11-25 18:54,6.513,0.151,0,0,0,0,v
2014-11-25 19:00,6.514,0.139,0,0,0,0,v
2014-11-25 19:06,6.486,0.144,0,0,0,0,v
2014-11-25 19:12,6.514,0.142,0,0,0,0,v
2014-11-25 19:18,6.534,0.130,0,0,0,0,v
2014-11-25 19:24,6.551,0.138,0,0,0,0,v
2014-11-25 19:30,6.562,0.136,0,0,0,0,v
2014-11-25 19:36,6.564,0.145,0,0,0,0,v
2014-11-25 19:42,6.576,0.126,0,0,0,0,v
2014-11-25 19:48,6.594,0.148,0,0,0,0,v
2014-11-25 19:54,6.599,0.117,0,0,0,0,v
2014-11-25 20:00,6.611,0.126,0,0,0,0,v
2014-11-25 20:06,6.622,0.136,0,0,0,0,v
2014-11-25 20:12,6.642,0.144,0,0,0,0,v
2014-11-25 20:18,6.642,0.129,0,0,0,0,v
2014-11-25 20:24,6.661,0.138,0,0,0,0,v
2014-11-25 20:30,6.700,0.138,0,0,0,0,v
2014-11-25 20:36,6.704,0.141,0,0,0,0,v
2014-11-25 20:42,6.733,0.140,0,0,0,0,v
2014-11-25 20:48,6.749,0.135,0,0,0,0,v
2014-11-25 20:54,6.745,0.136,0,0,0,0,v
2014-11-25 21:00,6.772,0.140,0,0,0,0,v
2014-11-25 21:06,6.787,0.137,0,0,0,0,v
2014-11-25 21:12,6.810,0.122,0,0,0,0,v
2014-11-25 21:18,6.836,0.122,0,0,0,0,v
2014-11-25 21:24,6.827,0.142,0,0,0,0,v
2014-11-25 21:30,6.832,0.141,0,0,0,0,v
2014-11-25 21:36,6.856,0.145,0,0,0,0,v
2014-11-25 21:42,6.854,0.122,0,0,0,0,v
2014-11-25 21:48,6.858,0.140,0,0,0,0,v
2014-11-25 21:54,6.874,0.117,0,0,0,0,v
2014-11-25 22:00,6.888,0.120,0,0,0,0,v
2014-11-25 22:06,6.889,0.128,0,0,0,0,v
2014-11-25 22:12,6.893,0.151,0,0,0,0,v
2014-11-25 22:18,6.916,0.106,0,0,0,0,v
2014-11-25 22:24,6.926,0.127,0,0,0,0,v
2014-11-25 22:30,6.919,0.139,0,0,0,0,v
2014-11-25 22:36,6.934,0.141,0,0,0,0,v
2014-11-25 22:42,6.944,0.132,0,0,0,0,v
2014-11-25 22:48,6.957,0.159,0,0,0,0,v
2014-11-25 22:54,6.954,0.147,0,0,0,0,v
2014-11-25 23:00,6.952,0.157,0,0,0,0,v
2014-11-25 23:06,6.964,0.140,0,0,0,0,v
2014-11-25 23:12,6.958,0.127,0,0,0,0,v
2014-11-25 23:18,6.973,0.122,0,0,0,0,v
2014-11-25 23:24,6.984,0.117,0,0,0,0,v
2014-11-25 23:30,7.001,0.112,0,0,0,0,v
2014-11-25 23:36,7.026,0.113,0,0,0,0,v
2014-11-25 23:42,7.018,0.139,0,0,0,0,v
2014-11-25 23:48,7.016,0.119,0,0,0,0,v
2014-11-25 23:54,7.020,0.118,0,0,0,0,v
2014-11-26 00:00,7.025,0.125,0,0,0,0,v
2014-11-26 00:06,7.011,0.148,0,0,0,0,v
2014-11-26 00:12,7.033,0.112,0,0,0,0,v
2014-11-26 00:18,7.038,0.115,0,0,0,0,v
2014-11-26 00:24,7.023,0.121,0,0,0,0,v
2014-11-26 00:30,7.031,0.115,0,0,0,0,v
2014-11-26 00:36,7.041,0.119,0,0,0,0,v
2014-11-26 00:42,7.047,0.105,0,0,0,0,v
2014-11-26 00:48,7.042,0.129,0,0,0,0,v
2014-11-26 00:54,7.026,0.126,0,0,0,0,v
2014-11-26 01:00,7.037,0.130,0,0,0,0,v
2014-11-26 01:06,7.058,0.119,0,0,0,0,v
2014-11-26 01:12,7.053,0.143,0,0,0,0,v
2014-11-26 01:18,7.019,0.127,0,0,0,0,v
2014-11-26 01:24,7.044,0.119,0,0,0,0,v
2014-11-26 01:30,7.044,0.140,0,0,0,0,v
2014-11-26 01:36,7.040,0.134,0,0,0,0,v
2014-11-26 01:42,7.032,0.100,0,0,0,0,v
2014-11-26 01:48,7.018,0.128,0,0,0,0,v
2014-11-26 01:54,7.032,0.125,0,0,0,0,v
2014-11-26 02:00,7.029,0.133,0,0,0,0,v
2014-11-26 02:06,7.030,0.103,0,0,0,0,v
2014-11-26 02:12,7.025,0.115,0,0,0,0,v
2014-11-26 02:18,7.027,0.098,0,0,0,0,v
2014-11-26 02:24,7.014,0.108,0,0,0,0,v
2014-11-26 02:30,6.997,0.095,0,0,0,0,v
2014-11-26 02:36,7.007,0.107,0,0,0,0,v
2014-11-26 02:42,6.990,0.132,0,0,0,0,v
2014-11-26 02:48,7.001,0.111,0,0,0,0,v
2014-11-26 02:54,7.007,0.117,0,0,0,0,v
2014-11-26 03:00,7.018,0.106,0,0,0,0,v
2014-11-26 03:06,7.014,0.086,0,0,0,0,v
2014-11-26 03:12,7.003,0.116,0,0,0,0,v
2014-11-26 03:18,6.997,0.121,0,0,0,0,v
2014-11-26 03:24,6.985,0.106,0,0,0,0,v
2014-11-26 03:30,7.005,0.101,0,0,0,0,v
2014-11-26 03:36,6.995,0.122,0,0,0,0,v
2014-11-26 03:42,7.002,0.110,0,0,0,0,v
2014-11-26 03:48,6.987,0.102,0,0,0,0,v
2014-11-26 03:54,6.997,0.128,0,0,0,0,v
2014-11-26 04:00,6.989,0.112,0,0,0,0,v
2014-11-26 04:06,6.980,0.117,0,0,0,0,v
2014-11-26 04:12,6.971,0.131,0,0,0,0,v
2014-11-26 04:18,6.977,0.130,0,0,0,0,v
2014-11-26 04:24,6.974,0.108,0,0,0,0,v
2014-11-26 04:30,6.965,0.108,0,0,0,0,v
2014-11-26 04:36,6.934,0.116,0,0,0,0,v
2014-11-26 04:42,6.922,0.106,0,0,0,0,v
2014-11-26 04:48,6.947,0.117,0,0,0,0,v
2014-11-26 04:54,6.937,0.114,0,0,0,0,v
2014-11-26 05:00,6.931,0.113,0,0,0,0,v
2014-11-26 05:06,6.923,0.124,0,0,0,0,v
2014-11-26 05:12,6.929,0.112,0,0,0,0,v
2014-11-26 05:18,6.934,0.126,0,0,0,0,v
2014-11-26 05:24,6.950,0.114,0,0,0,0,v
2014-11-26 05:30,6.929,0.120,0,0,0,0,v
2014-11-26 05:36,6.910,0.108,0,0,0,0,v
2014-11-26 05:42,6.917,0.117,0,0,0,0,v
2014-11-26 05:48,6.917,0.109,0,0,0,0,v
2014-11-26 05:54,6.927,0.101,0,0,0,0,v
2014-11-26 06:00,6.926,0.117,0,0,0,0,v
2014-11-26 06:06,6.906,0.132,0,0,0,0,v
2014-11-26 06:12,6.911,0.103,0,0,0,0,v
2014-11-26 06:18,6.914,0.110,0,0,0,0,v
2014-11-26 06:24,6.920,0.101,0,0,0,0,v
2014-11-26 06:30,6.902,0.119,0,0,0,0,v
2014-11-26 06:36,6.921,0.118,0,0,0,0,v
2014-11-26 06:42,6.896,0.103,0,0,0,0,v
2014-11-26 06:48,6.899,0.104,0,0,0,0,v
2014-11-26 06:54,6.924,0.112,0,0,0,0,v
2014-11-26 07:00,6.892,0.000,0,0,0,0,v
2014-11-26 07:06,6.914,0.116,0,0,0,0,v
2014-11-26 07:12,6.899,0.106,0,0,0,0,v
2014-11-26 07:18,6.897,0.119,0,0,0,0,v
2014-11-26 07:24,6.870,0.124,0,0,0,0,v
2014-11-26 07:30,6.876,0.105,0,0,0,0,v
2014-11-26 07:36,6.885,0.122,0,0,0,0,v
2014-11-26 07:42,6.896,0.109,0,0,0,0,v
2014-11-26 07:48,6.884,0.095,0,0,0,0,v
2014-11-26 07:54,6.885,0.114,0,0,0,0,v
2014-11-26 08:00,6.875,0.116,0,0,0,0,v
2014-11-26 08:06,6.854,0.098,0,0,0,0,v
2014-11-26 08:12,6.863,0.096,0,0,0,0,v
2014-11-26 08:18,6.892,0.115,0,0,0,0,v
2014-11-26 08:24,6.894,0.117,0,0,0,0,v
2014-11-26 08:30,6.875,0.144,0,0,0,0,v
2014-11-26 08:36,6.885,0.099,0,0,0,0,v
2014-11-26 08:42,6.866,0.120,0,0,0,0,v
2014-11-26 08:48,6.865,0.112,0,0,0,0,v
2014-11-26 08:54,6.848,0.106,0,0,0,0,v
2014-11-26 09:00,6.846,0.118,0,0,0,0,v
2014-11-26 09:06,6.884,0.107,0,0,0,0,v
2014-11-26 09:12,6.872,0.128,0,0,0,0,v
2014-11-26 09:18,6.857,0.118,0,0,0,0,v
2014-11-26 09:24,6.860,0.102,0,0,0,0,v
2014-11-26 09:30,6.854,0.105,0,0,0,0,v
2014-11-26 09:36,6.867,0.103,0,0,0,0,v
2014-11-26 09:42,6.831,0.126,0,0,0,0,v
2014-11-26 09:48,6.832,0.098,0,0,0,0,v
2014-11-26 09:54,6.824,0.115,0,0,0,0,v
2014-11-26 10:00,6.827,0.000,0,0,0,0,v
2014-11-26 10:06,6.808,0.110,0,0,0,0,v
2014-11-26 10:12,6.800,0.106,0,0,0,0,v
2014-11-26 10:18,6.824,0.113,0,0,0,0,v
2014-11-26 10:24,6.807,0.088,0,0,0,0,v
2014-11-26 10:30,6.796,0.106,0,0,0,0,v
2014-11-26 10:36,6.790,0.105,0,0,0,0,v
2014-11-26 10:42,6.789,0.105,0,0,0,0,v
2014-11-26 10:48,6.770,0.116,0,0,0,0,v
2014-11-26 10:54,6.779,0.094,0,0,0,0,v
2014-11-26 11:00,6.755,0.129,0,0,0,0,v
2014-11-26 11:06,6.761,0.096,0,0,0,0,v
2014-11-26 11:12,6.744,0.116,0,0,0,0,v
2014-11-26 11:18,6.731,0.108,0,0,0,0,v
2014-11-26 11:24,6.741,0.109,0,0,0,0,v
2014-11-26 11:30,6.708,0.109,0,0,0,0,v
2014-11-26 11:36,6.697,0.109,0,0,0,0,v
2014-11-26 11:42,6.675,0.099,0,0,0,0,v
2014-11-26 11:48,6.681,0.093,0,0,0,0,v
2014-11-26 11:54,6.682,0.100,0,0,0,0,v
2014-11-26 12:00,6.653,0.111,0,0,0,0,v
2014-11-26 12:06,6.662,0.103,0,0,0,0,v
2014-11-26 12:12,6.629,0.124,0,0,0,0,v
2014-11-26 12:18,6.647,0.096,0,0,0,0,v
2014-11-26 12:24,6.633,0.115,0,0,0,0,v
2014-11-26 12:30,6.632,0.096,0,0,0,0,v
2014-11-26 12:36,6.610,0.111,0,0,0,0,v
2014-11-26 12:42,6.586,0.101,0,0,0,0,v
2014-11-26 12:48,6.583,0.110,0,0,0,0,v
2014-11-26 12:54,6.593,0.104,0,0,0,0,v
2014-11-26 13:00,6.585,0.096,0,0,0,0,v
2014-11-26 13:06,6.557,0.080,0,0,0,0,v
2014-11-26 13:12,6.550,0.095,0,0,0,0,v
2014-11-26 13:18,6.527,0.077,0,0,0,0,v
2014-11-26 13:24,6.517,0.092,0,0,0,0,v
2014-11-26 13:30,6.511,0.100,0,0,0,0,v
2014-11-26 13:36,6.510,0.109,0,0,0,0,v
2014-11-26 13:42,6.494,0.110,0,0,0,0,v
2014-11-26 13:48,6.481,0.097,0,0,0,0,v
2014-11-26 13:54,6.487,0.120,0,0,0,0,v
2014-11-26 14:00,6.488,0.099,0,0,0,0,v
2014-11-26 14:06,6.469,0.091,0,0,0,0,v
2014-11-26 14:12,6.479,0.097,0,0,0,0,v
2014-11-26 14:18,6.432,0.118,0,0,0,0,v
2014-11-26 14:24,6.453,0.104,0,0,0,0,v
2014-11-26 14:30,6.455,0.098,0,0,0,0,v
2014-11-26 14:36,6.444,0.110,0,0,0,0,v
2014-11-26 14:42,6.457,0.079,0,0,0,0,v
2014-11-26 14:48,6.423,0.100,0,0,0,0,v
2014-11-26 14:54,6.431,0.100,0,0,0,0,v
2014-11-26 15:00,6.386,0.112,0,0,0,0,v
2014-11-26 15:06,6.395,0.095,0,0,0,0,v
2014-11-26 15:12,6.402,0.091,0,0,0,0,v
2014-11-26 15:18,6.376,0.096,0,0,0,0,v
2014-11-26 15:24,6.367,0.102,0,0,0,0,v
2014-11-26 15:30,6.363,0.090,0,0,0,0,v
2014-11-26 15:36,6.328,0.104,0,0,0,0,v
2014-11-26 15:42,6.328,0.092,0,0,0,0,v
2014-11-26 15:48,6.334,0.110,0,0,0,0,v
2014-11-26 15:54,6.331,0.070,0,0,0,0,v
2014-11-26 16:00,6.350,0.092,0,0,0,0,v
2014-11-26 16:06,6.325,0.108,0,0,0,0,v
2014-11-26 16:12,6.318,0.090,0,0,0,0,v
2014-11-26 16:18,6.327,0.102,0,0,0,0,v
2014-11-26 16:24,6.321,0.086,0,0,0,0,v
2014-11-26 16:30,6.295,0.078,0,0,0,0,v
2014-11-26 16:36,6.302,0.091,0,0,0,0,v
2014-11-26 16:42,6.295,0.095,0,0,0,0,v
2014-11-26 16:48,6.300,0.082,0,0,0,0,v
2014-11-26 16:54,6.297,0.079,0,0,0,0,v
2014-11-26 17:00,6.292,0.087,0,0,0,0,v
2014-11-26 17:06,6.289,0.087,0,0,0,0,v
2014-11-26 17:12,6.305,0.089,0,0,0,0,v
2014-11-26 17:18,6.309,0.094,0,0,0,0,v
2014-11-26 17:24,6.319,0.083,0,0,0,0,v
2014-11-26 17:30,6.303,0.087,0,0,0,0,v
2014-11-26 17:36,6.306,0.086,0,0,0,0,v
2014-11-26 17:42,6.320,0.080,0,0,0,0,v
2014-11-26 17:48,6.303,0.078,0,0,0,0,v
2014-11-26 17:54,6.333,0.082,0,0,0,0,v
2014-11-26 18:00,6.345,0.000,0,0,0,0,v
2014-11-26 18:06,6.326,0.070,0,0,0,0,v
2014-11-26 18:12,6.329,0.074,0,0,0,0,v
2014-11-26 18:18,6.329,0.084,0,0,0,0,v
2014-11-26 18:24,6.372,0.083,0,0,0,0,v
2014-11-26 18:30,6.359,0.072,0,0,0,0,v
2014-11-26 18:36,6.374,0.087,0,0,0,0,v
2014-11-26 18:42,6.369,0.088,0,0,0,0,v
2014-11-26 18:48,6.390,0.092,0,0,0,0,v
2014-11-26 18:54,6.367,0.071,0,0,0,0,v
2014-11-26 19:00,6.369,0.070,0,0,0,0,v
2014-11-26 19:06,6.393,0.069,0,0,0,0,v
2014-11-26 19:12,6.388,0.063,0,0,0,0,v
2014-11-26 19:18,6.388,0.070,0,0,0,0,v
2014-11-26 19:24,6.377,0.075,0,0,0,0,v
2014-11-26 19:30,6.387,0.078,0,0,0,0,v
2014-11-26 19:36,6.383,0.072,0,0,0,0,v
2014-11-26 19:42,6.415,0.075,0,0,0,0,v
2014-11-26 19:48,6.433,0.075,0,0,0,0,v
2014-11-26 19:54,6.440,0.063,0,0,0,0,v
2014-11-26 20:00,6.449,0.083,0,0,0,0,v
2014-11-26 20:06,6.480,0.066,0,0,0,0,v
2014-11-26 20:12,6.483,0.075,0,0,0,0,v
2014-11-26 20:18,6.481,0.063,0,0,0,0,v
2014-11-26 20:24,6.483,0.072,0,0,0,0,v
2014-11-26 20:30,6.494,0.062,0,0,0,0,v
2014-11-26 20:36,6.516,0.071,0,0,0,0,v
2014-11-26 20:42,6.546,0.072,0,0,0,0,v
2014-11-26 20:48,6.558,0.067,0,0,0,0,v
2014-11-26 20:54,6.571,0.071,0,0,0,0,v
2014-11-26 21:00,6.552,0.057,0,0,0,0,v
2014-11-26 21:06,6.574,0.068,0,0,0,0,v
2014-11-26 21:12,6.599,0.066,0,0,0,0,v
2014-11-26 21:18,6.617,0.076,0,0,0,0,v
2014-11-26 21:24,6.625,0.061,0,0,0,0,v
2014-11-26 21:30,6.617,0.071,0,0,0,0,v
2014-11-26 21:36,6.631,0.067,0,0,0,0,v
2014-11-26 21:42,6.646,0.073,0,0,0,0,v
2014-11-26 21:48,6.656,0.072,0,0,0,0,v
2014-11-26 21:54,6.652,0.061,0,0,0,0,v
2014-11-26 22:00,6.690,0.000,0,0,0,0,v
2014-11-26 22:06,6.673,0.068,0,0,0,0,v
2014-11-26 22:12,6.675,0.056,0,0,0,0,v
2014-11-26 22:18,6.690,0.055,0,0,0,0,v
2014-11-26 22:24,6.695,0.062,0,0,0,0,v
2014-11-26 22:30,6.706,0.064,0,0,0,0,v
2014-11-26 22:36,6.717,0.063,0,0,0,0,v
2014-11-26 22:42,6.736,0.060,0,0,0,0,v
2014-11-26 22:48,6.735,0.065,0,0,0,0,v
2014-11-26 22:54,6.744,0.056,0,0,0,0,v
2014-11-26 23:00,6.748,0.058,0,0,0,0,v
2014-11-26 23:06,6.769,0.065,0,0,0,0,v
2014-11-26 23:12,6.799,0.051,0,0,0,0,v
2014-11-26 23:18,6.803,0.061,0,0,0,0,v
2014-11-26 23:24,6.824,0.063,0,0,0,0,v
2014-11-26 23:30,6.827,0.063,0,0,0,0,v
2014-11-26 23:36,6.818,0.060,0,0,0,0,v
2014-11-26 23:42,6.808,0.060,0,0,0,0,v
2014-11-26 23:48,6.822,0.072,0,0,0,0,v
2014-11-26 23:54,6.843,0.061,0,0,0,0,v
2014-11-27 00:00,6.826,0.060,0,0,0,0,v
2014-11-27 00:06,6.819,0.065,0,0,0,0,v
2014-11-27 00:12,6.825,0.053,0,0,0,0,v
2014-11-27 00:18,6.817,0.065,0,0,0,0,v
2014-11-27 00:24,6.843,0.050,0,0,0,0,v
2014-11-27 00:30,6.847,0.000,0,0,0,0,v
2014-11-27 00:36,6.847,0.067,0,0,0,0,v
2014-11-27 00:42,6.857,0.000,0,0,0,0,v
2014-11-27 00:48,6.874,0.059,0,0,0,0,v
2014-11-27 00:54,6.866,0.053,0,0,0,0,v
2014-11-27 01:00,6.880,0.000,0,0,0,0,v
2014-11-27 01:06,6.880,0.059,0,0,0,0,v
2014-11-27 01:12,6.871,0.000,0,0,0,0,v
2014-11-27 01:18,6.870,0.061,0,0,0,0,v
2014-11-27 01:24,6.887,0.053,0,0,0,0,v
2014-11-27 01:30,6.880,0.055,0,0,0,0,v
2014-11-27 01:36,6.873,0.058,0,0,0,0,v
2014-11-27 01:42,6.875,0.052,0,0,0,0,v
2014-11-27 01:48,6.854,0.057,0,0,0,0,v
2014-11-27 01:54,6.873,0.045,0,0,0,0,v
2014-11-27 02:00,6.857,0.057,0,0,0,0,v
2014-11-27 02:06,6.861,0.045,0,0,0,0,v
2014-11-27 02:12,6.844,0.060,0,0,0,0,v
2014-11-27 02:18,6.889,0.047,0,0,0,0,v
2014-11-27 02:24,6.885,0.046,0,0,0,0,v
2014-11-27 02:30,6.882,0.053,0,0,0,0,v
2014-11-27 02:36,6.860,0.059,0,0,0,0,v
2014-11-27 02:42,6.879,0.056,0,0,0,0,v
2014-11-27 02:48,6.873,0.042,0,0,0,0,v
2014-11-27 02:54,6.885,0.048,0,0,0,0,v
2014-11-27 03:00,6.870,0.049,0,0,0,0,v
2014-11-27 03:06,6.871,0.037,0,0,0,0,v
2014-11-27 03:12,6.853,0.053,0,0,0,0,v
2014-11-27 03:18,6.853,0.053,0,0,0,0,v
2014-11-27 03:24,6.859,0.045,0,0,0,0,v
2014-11-27 03:30,6.846,0.052,0,0,0,0,v
2014-11-27 03:36,6.855,0.054,0,0,0,0,v
2014-11-27 03:42,6.840,0.046,0,0,0,0,v
2014-11-27 03:48,6.825,0.051,0,0,0,0,v
2014-11-27 03:54,6.827,0.046,0,0,0,0,v
2014-11-27 04:00,6.829,0.048,0,0,0,0,v
2014-11-27 04:06,6.825,0.055,0,0,0,0,v
2014-11-27 04:12,6.828,0.049,0,0,0,0,v
2014-11-27 04:18,6.823,0.044,0,0,0,0,v
2014-11-27 04:24,6.812,0.045,0,0,0,0,v
2014-11-27 04:30,6.812,0.053,0,0,0,0,v
2014-11-27 04:36,6.800,0.051,0,0,0,0,v
2014-11-27 04:42,6.816,0.051,0,0,0,0,v
2014-11-27 04:48,6.821,0.050,0,0,0,0,v
2014-11-27 04:54,6.800,0.054,0,0,0,0,v
2014-11-27 05:00,6.800,0.045,0,0,0,0,v
2014-11-27 05:06,6.800,0.048,0,0,0,0,v
2014-11-27 05:12,6.788,0.048,0,0,0,0,v
2014-11-27 05:18,6.798,0.043,0,0,0,0,v
2014-11-27 05:24,6.798,0.040,0,0,0,0,v
2014-11-27 05:30,6.804,0.050,0,0,0,0,v
2014-11-27 05:36,6.810,0.047,0,0,0,0,v
2014-11-27 05:42,6.805,0.048,0,0,0,0,v
2014-11-27 05:48,6.795,0.048,0,0,0,0,v
2014-11-27 05:54,6.791,0.050,0,0,0,0,v
2014-11-27 06:00,6.798,0.051,0,0,0,0,v
2014-11-27 06:06,6.825,0.045,0,0,0,0,v
2014-11-27 06:12,6.801,0.056,0,0,0,0,v
2014-11-27 06:18,6.802,0.049,0,0,0,0,v
2014-11-27 06:24,6.793,0.053,0,0,0,0,v
2014-11-27 06:30,6.786,0.048,0,0,0,0,v
2014-11-27 06:36,6.772,0.049,0,0,0,0,v
2014-11-27 06:42,6.766,0.051,0,0,0,0,v
2014-11-27 06:48,6.781,0.052,0,0,0,0,v
2014-11-27 06:54,6.780,0.054,0,0,0,0,v
2014-11-27 07:00,6.780,0.051,0,0,0,0,v
2014-11-27 07:06,6.763,0.053,0,0,0,0,v
2014-11-27 07:12,6.742,0.044,0,0,0,0,v
2014-11-27 07:18,6.724,0.051,0,0,0,0,v
2014-11-27 07:24,6.734,0.053,0,0,0,0,v
2014-11-27 07:30,6.742,0.048,0,0,0,0,v
2014-11-27 07:36,6.734,0.055,0,0,0,0,v
2014-11-27 07:42,6.741,0.052,0,0,0,0,v
2014-11-27 07:48,6.743,0.046,0,0,0,0,v
2014-11-27 07:54,6.757,0.052,0,0,0,0,v
2014-11-27 08:00,6.765,0.050,0,0,0,0,v
2014-11-27 08:06,6.743,0.055,0,0,0,0,v
2014-11-27 08:12,6.742,0.051,0,0,0,0,v
2014-11-27 08:18,6.757,0.049,0,0,0,0,v
2014-11-27 08:24,6.737,0.051,0,0,0,0,v
2014-11-27 08:30,6.748,0.047,0,0,0,0,v
2014-11-27 08:36,6.749,0.059,0,0,0,0,v
2014-11-27 08:42,6.736,0.055,0,0,0,0,v
2014-11-27 08:48,6.744,0.045,0,0,0,0,v
2014-11-27 08:54,6.747,0.050,0,0,0,0,v
2014-11-27 09:00,6.741,0.048,0,0,0,0,v
2014-11-27 09:06,6.740,0.048,0,0,0,0,v
2014-11-27 09:12,6.734,0.059,0,0,0,0,v
2014-11-27 09:18,6.736,0.051,0,0,0,0,v
2014-11-27 09:24,6.754,0.048,0,0,0,0,v
2014-11-27 09:30,6.741,0.055,0,0,0,0,v
2014-11-27 09:36,6.740,0.048,0,0,0,0,v
2014-11-27 09:42,6.735,0.050,0,0,0,0,v
2014-11-27 09:48,6.734,0.046,0,0,0,0,v
2014-11-27 09:54,6.724,0.051,0,0,0,0,v
2014-11-27 10:00,6.734,0.042,0,0,0,0,v
2014-11-27 10:06,6.754,0.050,0,0,0,0,v
2014-11-27 10:12,6.739,0.048,0,0,0,0,v
2014-11-27 10:18,6.736,0.045,0,0,0,0,v
2014-11-27 10:24,6.738,0.048,0,0,0,0,v
2014-11-27 10:30,6.714,0.054,0,0,0,0,v
2014-11-27 10:36,6.694,0.041,0,0,0,0,v
2014-11-27 10:42,6.708,0.043,0,0,0,0,v
2014-11-27 10:48,6.692,0.051,0,0,0,0,v
2014-11-27 10:54,6.688,0.037,0,0,0,0,v
2014-11-27 11:00,6.676,0.040,0,0,0,0,v
2014-11-27 11:06,6.671,0.046,0,0,0,0,v
2014-11-27 11:12,6.671,0.049,0,0,0,0,v
2014-11-27 11:18,6.653,0.048,0,0,0,0,v
2014-11-27 11:24,6.655,0.045,0,0,0,0,v
2014-11-27 11:30,6.658,0.041,0,0,0,0,v
2014-11-27 11:36,6.642,0.051,0,0,0,0,v
2014-11-27 11:42,6.655,0.049,0,0,0,0,v
2014-11-27 11:48,6.657,0.044,0,0,0,0,v
2014-11-27 11:54,6.662,0.042,0,0,0,0,v
2014-11-27 12:00,6.660,0.050,0,0,0,0,v
2014-11-27 12:06,6.636,0.044,0,0,0,0,v
2014-11-27 12:12,6.635,0.056,0,0,0,0,v
2014-11-27 12:18,6.627,0.047,0,0,0,0,v
2014-11-27 12:24,6.625,0.045,0,0,0,0,v
2014-11-27 12:30,6.605,0.047,0,0,0,0,v
2014-11-27 12:36,6.598,0.049,0,0,0,0,v
2014-11-27 12:42,6.594,0.046,0,0,0,0,v
2014-11-27 12:48,6.590,0.044,0,0,0,0,v
2014-11-27 12:54,6.581,0.044,0,0,0,0,v
2014-11-27 13:00,6.564,0.048,0,0,0,0,v
2014-11-27 13:06,6.553,0.050,0,0,0,0,v
2014-11-27 13:12,6.558,0.048,0,0,0,0,v
2014-11-27 13:18,6.541,0.044,0,0,0,0,v
2014-11-27 13:24,6.542,0.052,0,0,0,0,v
2014-11-27 13:30,6.548,0.050,0,0,0,0,v
2014-11-27 13:36,6.539,0.047,0,0,0,0,v
2014-11-27 13:42,6.527,0.045,0,0,0,0,v
2014-11-27 13:48,6.513,0.041,0,0,0,0,v
2014-11-27 13:54,6.506,0.049,0,0,0,0,v
2014-11-27 14:00,6.500,0.045,0,0,0,0,v
2014-11-27 14:06,6.481,0.044,0,0,0,0,v
2014-11-27 14:12,6.469,0.052,0,0,0,0,v
2014-11-27 14:18,6.458,0.042,0,0,0,0,v
2014-11-27 14:24,6.453,0.046,0,0,0,0,v
2014-11-27 14:30,6.442,0.043,0,0,0,0,v
2014-11-27 14:36,6.428,0.044,0,0,0,0,v
2014-11-27 14:42,6.428,0.051,0,0,0,0,v
2014-11-27 14:48,6.404,0.044,0,0,0,0,v
2014-11-27 14:54,6.406,0.048,0,0,0,0,v
2014-11-27 15:00,6.400,0.042,0,0,0,0,v
2014-11-27 15:06,6.390,0.046,0,0,0,0,v
2014-11-27 15:12,6.387,0.046,0,0,0,0,v
2014-11-27 15:18,6.378,0.050,0,0,0,0,v
2014-11-27 15:24,6.388,0.045,0,0,0,0,v
2014-11-27 15:30,6.391,0.044,0,0,0,0,v
2014-11-27 15:36,6.384,0.050,0,0,0,0,v
2014-11-27 15:42,6.365,0.047,0,0,0,0,v
2014-11-27 15:48,6.367,0.051,0,0,0,0,v
2014-11-27 15:54,6.361,0.049,0,0,0,0,v
2014-11-27 16:00,6.360,0.055,0,0,0,0,v
2014-11-27 16:06,6.361,0.040,0,0,0,0,v
2014-11-27 16:12,6.368,0.044,0,0,0,0,v
2014-11-27 16:18,6.364,0.048,0,0,0,0,v
2014-11-27 16:24,6.352,0.054,0,0,0,0,v
2014-11-27 16:30,6.355,0.041,0,0,0,0,v
2014-11-27 16:36,6.379,0.047,0,0,0,0,v
2014-11-27 16:42,6.356,0.045,0,0,0,0,v
2014-11-27 16:48,6.357,0.046,0,0,0,0,v
2014-11-27 16:54,6.362,0.043,0,0,0,0,v
2014-11-27 17:00,6.345,0.045,0,0,0,0,v
2014-11-27 17:06,6.336,0.040,0,0,0,0,v
2014-11-27 17:12,6.343,0.053,0,0,0,0,v
2014-11-27 17:18,6.327,0.051,0,0,0,0,v
2014-11-27 17:24,6.332,0.045,0,0,0,0,v
2014-11-27 17:30,6.331,0.051,0,0,0,0,v
2014-11-27 17:36,6.315,0.041,0,0,0,0,v
2014-11-27 17:42,6.312,0.049,0,0,0,0,v
2014-11-27 17:48,6.305,0.047,0,0,0,0,v
2014-11-27 17:54,6.301,0.044,0,0,0,0,v
2014-11-27 18:00,6.310,0.054,0,0,0,0,v
2014-11-27 18:06,6.304,0.046,0,0,0,0,v
2014-11-27 18:12,6.317,0.039,0,0,0,0,v
2014-11-27 18:18,6.309,0.049,0,0,0,0,v
2014-11-27 18:24,6.316,0.039,0,0,0,0,v
2014-11-27 18:30,6.298,0.042,0,0,0,0,v
2014-11-27 18:36,6.303,0.048,0,0,0,0,v
2014-11-27 18:42,6.289,0.042,0,0,0,0,v
2014-11-27 18:48,6.277,0.045,0,0,0,0,v
2014-11-27 18:54,6.283,0.046,0,0,0,0,v
2014-11-27 19:00,6.286,0.040,0,0,0,0,v
2014-11-27 19:06,6.298,0.041,0,0,0,0,v
2014-11-27 19:12,6.311,0.042,0,0,0,0,v
2014-11-27 19:18,6.329,0.040,0,0,0,0,v
2014-11-27 19:24,6.329,0.047,0,0,0,0,v
2014-11-27 19:30,6.333,0.042,0,0,0,0,v
2014-11-27 19:36,6.338,0.047,0,0,0,0,v
2014-11-27 19:42,6.334,0.045,0,0,0,0,v
2014-11-27 19:48,6.347,0.043,0,0,0,0,v
2014-11-27 19:54,6.367,0.042,0,0,0,0,v
2014-11-27 20:00,6.370,0.041,0,0,0,0,v
2014-11-27 20:06,6.365,0.051,0,0,0,0,v
2014-11-27 20:12,6.373,0.045,0,0,0,0,v
2014-11-27 20:18,6.383,0.053,0,0,0,0,v
2014-11-27 20:24,6.403,0.049,0,0,0,0,v
2014-11-27 20:30,6.431,0.046,0,0,0,0,v
2014-11-27 20:36,6.431,0.045,0,0,0,0,v
2014-11-27 20:42,6.450,0.044,0,0,0,0,v
2014-11-27 20:48,6.453,0.047,0,0,0,0,v
2014-11-27 20:54,6.452,0.042,0,0,0,0,v
2014-11-27 21:00,6.479,0.040,0,0,0,0,v
2014-11-27 21:06,6.468,0.049,0,0,0,0,v
2014-11-27 21:12,6.484,0.042,0,0,0,0,v
2014-11-27 21:18,6.515,0.046,0,0,0,0,v
2014-11-27 21:24,6.526,0.041,0,0,0,0,v
2014-11-27 21:30,6.535,0.043,0,0,0,0,v
2014-11-27 21:36,6.533,0.045,0,0,0,0,v
2014-11-27 21:42,6.550,0.045,0,0,0,0,v
2014-11-27 21:48,6.550,0.042,0,0,0,0,v
2014-11-27 21:54,6.555,0.044,0,0,0,0,v
2014-11-27 22:00,6.560,0.046,0,0,0,0,v
2014-11-27 22:06,6.576,0.051,0,0,0,0,v
2014-11-27 22:12,6.581,0.047,0,0,0,0,v
2014-11-27 22:18,6.585,0.043,0,0,0,0,v
2014-11-27 22:24,6.604,0.048,0,0,0,0,v
2014-11-27 22:30,6.604,0.049,0,0,0,0,v
2014-11-27 22:36,6.616,0.054,0,0,0,0,v
2014-11-27 22:42,6.627,0.060,0,0,0,0,v
2014-11-27 22:48,6.645,0.052,0,0,0,0,v
2014-11-27 22:54,6.647,0.054,0,0,0,0,v
2014-11-27 23:00,6.657,0.052,0,0,0,0,v
2014-11-27 23:06,6.675,0.059,0,0,0,0,v
2014-11-27 23:12,6.689,0.054,0,0,0,0,v
2014-11-27 23:18,6.696,0.055,0,0,0,0,v
2014-11-27 23:24,6.703,0.053,0,0,0,0,v
2014-11-27 23:30,6.712,0.063,0,0,0,0,v
2014-11-27 23:36,6.742,0.060,0,0,0,0,v
2014-11-27 23:42,6.737,0.051,0,0,0,0,v
2014-11-27 23:48,6.751,0.062,0,0,0,0,v
2014-11-27 23:54,6.748,0.067,0,0,0,0,v
2014-11-28 00:00,6.758,0.071,0,0,0,0,v
2014-11-28 00:06,6.763,0.067,0,0,0,0,v
2014-11-28 00:12,6.766,0.079,0,0,0,0,v
2014-11-28 00:18,6.789,0.061,0,0,0,0,v
2014-11-28 00:24,6.777,0.059,0,0,0,0,v
2014-11-28 00:30,6.793,0.062,0,0,0,0,v
2014-11-28 00:36,6.794,0.061,0,0,0,0,v
2014-11-28 00:42,6.789,0.062,0,0,0,0,v
2014-11-28 00:48,6.802,0.067,0,0,0,0,v
2014-11-28 00:54,6.810,0.064,0,0,0,0,v
2014-11-28 01:00,6.809,0.074,0,0,0,0,v
2014-11-28 01:06,6.813,0.063,0,0,0,0,v
2014-11-28 01:12,6.814,0.064,0,0,0,0,v
2014-11-28 01:18,6.825,0.062,0,0,0,0,v
2014-11-28 01:24,6.813,0.073,0,0,0,0,v
2014-11-28 01:30,6.818,0.069,0,0,0,0,v
2014-11-28 01:36,6.802,0.066,0,0,0,0,v
2014-11-28 01:42,6.816,0.063,0,0,0,0,v
2014-11-28 01:48,6.825,0.071,0,0,0,0,v
2014-11-28 01:54,6.823,0.073,0,0,0,0,v
2014-11-28 02:00,6.829,0.057,0,0,0,0,v
2014-11-28 02:06,6.820,0.076,0,0,0,0,v
2014-11-28 02:12,6.834,0.068,0,0,0,0,v
2014-11-28 02:18,6.833,0.063,0,0,0,0,v
2014-11-28 02:24,6.819,0.061,0,0,0,0,v
2014-11-28 02:30,6.829,0.071,0,0,0,0,v
2014-11-28 02:36,6.819,0.071,0,0,0,0,v
2014-11-28 02:42,6.834,0.075,0,0,0,0,v
2014-11-28 02:48,6.817,0.062,0,0,0,0,v
2014-11-28 02:54,6.829,0.057,0,0,0,0,v
2014-11-28 03:00,6.837,0.073,0,0,0,0,v
2014-11-28 03:06,6.842,0.068,0,0,0,0,v
2014-11-28 03:12,6.844,0.054,0,0,0,0,v
2014-11-28 03:18,6.834,0.062,0,0,0,0,v
2014-11-28 03:24,6.840,0.056,0,0,0,0,v
2014-11-28 03:30,6.823,0.055,0,0,0,0,v
2014-11-28 03:36,6.834,0.064,0,0,0,0,v
2014-11-28 03:42,6.820,0.058,0,0,0,0,v
2014-11-28 03:48,6.812,0.072,0,0,0,0,v
2014-11-28 03:54,6.816,0.067,0,0,0,0,v
2014-11-28 04:00,6.823,0.059,0,0,0,0,v
2014-11-28 04:06,6.810,0.063,0,0,0,0,v
2014-11-28 04:12,6.807,0.058,0,0,0,0,v
2014-11-28 04:18,6.810,0.067,0,0,0,0,v
2014-11-28 04:24,6.802,0.069,0,0,0,0,v
2014-11-28 04:30,6.799,0.055,0,0,0,0,v
2014-11-28 04:36,6.796,0.068,0,0,0,0,v
2014-11-28 04:42,6.782,0.063,0,0,0,0,v
2014-11-28 04:48,6.792,0.061,0,0,0,0,v
2014-11-28 04:54,6.805,0.059,0,0,0,0,v
2014-11-28 05:00,6.805,0.066,0,0,0,0,v
2014-11-28 05:06,6.780,0.064,0,0,0,0,v
2014-11-28 05:12,6.785,0.068,0,0,0,0,v
2014-11-28 05:18,6.781,0.064,0,0,0,0,v
2014-11-28 05:24,6.784,0.066,0,0,0,0,v
2014-11-28 05:30,6.775,0.069,0,0,0,0,v
2014-11-28 05:36,6.781,0.064,0,0,0,0,v
2014-11-28 05:42,6.773,0.062,0,0,0,0,v
2014-11-28 05:48,6.760,0.054,0,0,0,0,v
2014-11-28 05:54,6.759,0.064,0,0,0,0,v
2014-11-28 06:00,6.768,0.069,0,0,0,0,v
2014-11-28 06:06,6.764,0.065,0,0,0,0,v
2014-11-28 06:12,6.768,0.067,0,0,0,0,v
2014-11-28 06:18,6.761,0.056,0,0,0,0,v
2014-11-28 06:24,6.757,0.061,0,0,0,0,v
2014-11-28 06:30,6.744,0.069,0,0,0,0,v
2014-11-28 06:36,6.744,0.068,0,0,0,0,v
2014-11-28 06:42,6.749,0.059,0,0,0,0,v
2014-11-28 06:48,6.747,0.064,0,0,0,0,v
2014-11-28 06:54,6.762,0.073,0,0,0,0,v
2014-11-28 07:00,6.750,0.064,0,0,0,0,v
2014-11-28 07:06,6.760,0.055,0,0,0,0,v
2014-11-28 07:12,6.737,0.060,0,0,0,0,v
2014-11-28 07:18,6.730,0.074,0,0,0,0,v
2014-11-28 07:24,6.735,0.065,0,0,0,0,v
2014-11-28 07:30,6.727,0.063,0,0,0,0,v
2014-11-28 07:36,6.715,0.060,0,0,0,0,v
2014-11-28 07:42,6.725,0.068,0,0,0,0,v
2014-11-28 07:48,6.715,0.075,0,0,0,0,v
2014-11-28 07:54,6.698,0.071,0,0,0,0,v
2014-11-28 08:00,6.690,0.063,0,0,0,0,v
2014-11-28 08:06,6.698,0.059,0,0,0,0,v
2014-11-28 08:12,6.697,0.056,0,0,0,0,v
2014-11-28 08:18,6.706,0.062,0,0,0,0,v
2014-11-28 08:24,6.702,0.064,0,0,0,0,v
2014-11-28 08:30,6.701,0.060,0,0,0,0,v
2014-11-28 08:36,6.715,0.063,0,0,0,0,v
2014-11-28 08:42,6.715,0.061,0,0,0,0,v
2014-11-28 08:48,6.716,0.068,0,0,0,0,v
2014-11-28 08:54,6.736,0.058,0,0,0,0,v
2014-11-28 09:00,6.707,0.067,0,0,0,0,v
2014-11-28 09:06,6.691,0.063,0,0,0,0,v
2014-11-28 09:12,6.698,0.066,0,0,0,0,v
2014-11-28 09:18,6.693,0.063,0,0,0,0,v
2014-11-28 09:24,6.705,0.060,0,0,0,0,v
2014-11-28 09:30,6.712,0.062,0,0,0,0,v
2014-11-28 09:36,6.709,0.060,0,0,0,0,v
2014-11-28 09:42,6.698,0.071,0,0,0,0,v
2014-11-28 09:48,6.711,0.069,0,0,0,0,v
2014-11-28 09:54,6.721,0.060,0,0,0,0,v
2014-11-28 10:00,6.715,0.066,0,0,0,0,v
2014-11-28 10:06,6.735,0.059,0,0,0,0,v
2014-11-28 10:12,6.724,0.053,0,0,0,0,v
2014-11-28 10:18,6.730,0.062,0,0,0,0,v
2014-11-28 10:24,6.732,0.060,0,0,0,0,v
2014-11-28 10:30,6.731,0.055,0,0,0,0,v
2014-11-28 10:36,6.722,0.058,0,0,0,0,v
2014-11-28 10:42,6.708,0.063,0,0,0,0,v
2014-11-28 10:48,6.720,0.055,0,0,0,0,v
2014-11-28 10:54,6.727,0.054,0,0,0,0,v
2014-11-28 11:00,6.701,0.065,0,0,0,0,v
2014-11-28 11:06,6.712,0.063,0,0,0,0,v
2014-11-28 11:12,6.709,0.057,0,0,0,0,v
2014-11-28 11:18,6.717,0.048,0,0,0,0,v
2014-11-28 11:24,6.722,0.056,0,0,0,0,v
2014-11-28 11:30,6.718,0.064,0,0,0,0,v
2014-11-28 11:36,6.706,0.058,0,0,0,0,v
2014-11-28 11:42,6.711,0.057,0,0,0,0,v
2014-11-28 11:48,6.710,0.059,0,0,0,0,v
2014-11-28 11:54,6.694,0.061,0,0,0,0,v
2014-11-28 12:00,6.695,0.056,0,0,0,0,v
2014-11-28 12:06,6.691,0.057,0,0,0,0,v
2014-11-28 12:12,6.710,0.057,0,0,0,0,v
2014-11-28 12:18,6.712,0.053,0,0,0,0,v
2014-11-28 12:24,6.698,0.058,0,0,0,0,v
2014-11-28 12:30,6.699,0.048,0,0,0,0,v
2014-11-28 12:36,6.691,0.061,0,0,0,0,v
2014-11-28 12:42,6.679,0.056,0,0,0,0,v
2014-11-28 12:48,6.666,0.056,0,0,0,0,v
2014-11-28 12:54,6.669,0.053,0,0,0,0,v
2014-11-28 13:00,6.650,0.059,0,0,0,0,v
2014-11-28 13:06,6.658,0.063,0,0,0,0,v
2014-11-28 13:12,6.662,0.056,0,0,0,0,v
2014-11-28 13:18,6.654,0.051,0,0,0,0,v
2014-11-28 13:24,6.643,0.056,0,0,0,0,v
2014-11-28 13:30,6.639,0.057,0,0,0,0,v
2014-11-28 13:36,6.637,0.058,0,0,0,0,v
2014-11-28 13:42,6.643,0.047,0,0,0,0,v
2014-11-28 13:48,6.636,0.051,0,0,0,0,v
2014-11-28 13:54,6.638,0.050,0,0,0,0,v
2014-11-28 14:00,6.636,0.054,0,0,0,0,v
2014-11-28 14:06,6.633,0.050,0,0,0,0,v
2014-11-28 14:12,6.634,0.045,0,0,0,0,v
2014-11-28 14:18,6.632,0.058,0,0,0,0,v
2014-11-28 14:24,6.633,0.061,0,0,0,0,v
2014-11-28 14:30,6.617,0.047,0,0,0,0,v
2014-11-28 14:36,6.602,0.050,0,0,0,0,v
2014-11-28 14:42,6.602,0.049,0,0,0,0,v
2014-11-28 14:48,6.600,0.053,0,0,0,0,v
2014-11-28 14:54,6.588,0.053,0,0,0,0,v
2014-11-28 15:00,6.573,0.054,0,0,0,0,v
2014-11-28 15:06,6.567,0.046,0,0,0,0,v
2014-11-28 15:12,6.563,0.046,0,0,0,0,v
2014-11-28 15:18,6.555,0.053,0,0,0,0,v
2014-11-28 15:24,6.541,0.047,0,0,0,0,v
2014-11-28 15:30,6.532,0.052,0,0,0,0,v
2014-11-28 15:36,6.522,0.053,0,0,0,0,v
2014-11-28 15:42,6.529,0.051,0,0,0,0,v
2014-11-28 15:48,6.527,0.048,0,0,0,0,v
2014-11-28 15:54,6.509,0.055,0,0,0,0,v
2014-11-28 16:00,6.505,0.048,0,0,0,0,v
2014-11-28 16:06,6.497,0.053,0,0,0,0,v
2014-11-28 16:12,6.509,0.052,0,0,0,0,v
2014-11-28 16:18,6.499,0.053,0,0,0,0,v
2014-11-28 16:24,6.496,0.050,0,0,0,0,v
2014-11-28 16:30,6.492,0.045,0,0,0,0,v
2014-11-28 16:36,6.484,0.052,0,0,0,0,v
2014-11-28 16:42,6.483,0.052,0,0,0,0,v
2014-11-28 16:48,6.481,0.044,0,0,0,0,v
2014-11-28 16:54,6.474,0.048,0,0,0,0,v
2014-11-28 17:00,6.463,0.050,0,0,0,0,v
2014-11-28 17:06,6.454,0.053,0,0,0,0,v
2014-11-28 17:12,6.458,0.045,0,0,0,0,v
2014-11-28 17:18,6.459,0.048,0,0,0,0,v
2014-11-28 17:24,6.460,0.048,0,0,0,0,v
2014-11-28 17:30,6.453,0.054,0,0,0,0,v
2014-11-28 17:36,6.448,0.052,0,0,0,0,v
2014-11-28 17:42,6.444,0.048,0,0,0,0,v
2014-11-28 17:48,6.448,0.053,0,0,0,0,v
2014-11-28 17:54,6.456,0.054,0,0,0,0,v
2014-11-28 18:00,6.454,0.056,0,0,0,0,v
2014-11-28 18:06,6.442,0.049,0,0,0,0,v
2014-11-28 18:12,6.436,0.047,0,0,0,0,v
2014-11-28 18:18,6.435,0.047,0,0,0,0,v
2014-11-28 18:24,6.430,0.048,0,0,0,0,v
2014-11-28 18:30,6.427,0.052,0,0,0,0,v
2014-11-28 18:36,6.424,0.049,0,0,0,0,v
2014-11-28 18:42,6.413,0.051,0,0,0,0,v
2014-11-28 18:48,6.416,0.051,0,0,0,0,v
2014-11-28 18:54,6.415,0.049,0,0,0,0,v
2014-11-28 19:00,6.431,0.048,0,0,0,0,v
2014-11-28 19:06,6.442,0.049,0,0,0,0,v
2014-11-28 19:12,6.428,0.063,0,0,0,0,v
2014-11-28 19:18,6.421,0.047,0,0,0,0,v
2014-11-28 19:24,6.425,0.045,0,0,0,0,v
2014-11-28 19:30,6.430,0.047,0,0,0,0,v
2014-11-28 19:36,6.425,0.051,0,0,0,0,v
2014-11-28 19:42,6.428,0.041,0,0,0,0,v
2014-11-28 19:48,6.429,0.052,0,0,0,0,v
2014-11-28 19:54,6.442,0.047,0,0,0,0,v
2014-11-28 20:00,6.432,0.046,0,0,0,0,v
2014-11-28 20:06,6.441,0.046,0,0,0,0,v
2014-11-28 20:12,6.437,0.050,0,0,0,0,v
2014-11-28 20:18,6.447,0.045,0,0,0,0,v
2014-11-28 20:24,6.472,0.045,0,0,0,0,v
2014-11-28 20:30,6.471,0.045,0,0,0,0,v
2014-11-28 20:36,6.471,0.046,0,0,0,0,v
2014-11-28 20:42,6.473,0.047,0,0,0,0,v
2014-11-28 20:48,6.479,0.045,0,0,0,0,v
2014-11-28 20:54,6.490,0.045,0,0,0,0,v
2014-11-28 21:00,6.496,0.049,0,0,0,0,v
2014-11-28 21:06,6.508,0.044,0,0,0,0,v
2014-11-28 21:12,6.520,0.043,0,0,0,0,v
2014-11-28 21:18,6.520,0.048,0,0,0,0,v
2014-11-28 21:24,6.524,0.040,0,0,0,0,v
2014-11-28 21:30,6.530,0.039,0,0,0,0,v
2014-11-28 21:36,6.547,0.043,0,0,0,0,v
2014-11-28 21:42,6.562,0.044,0,0,0,0,v
2014-11-28 21:48,6.566,0.041,0,0,0,0,v
2014-11-28 21:54,6.573,0.043,0,0,0,0,v
2014-11-28 22:00,6.577,0.042,0,0,0,0,v
2014-11-28 22:06,6.598,0.039,0,0,0,0,v
2014-11-28 22:12,6.582,0.045,0,0,0,0,v
2014-11-28 22:18,6.585,0.046,0,0,0,0,v
2014-11-28 22:24,6.586,0.041,0,0,0,0,v
2014-11-28 22:30,6.598,0.043,0,0,0,0,v
2014-11-28 22:36,6.616,0.042,0,0,0,0,v
2014-11-28 22:42,6.613,0.044,0,0,0,0,v
2014-11-28 22:48,6.620,0.041,0,0,0,0,v
2014-11-28 22:54,6.617,0.040,0,0,0,0,v
2014-11-28 23:00,6.618,0.042,0,0,0,0,v
2014-11-28 23:06,6.641,0.045,0,0,0,0,v
2014-11-28 23:12,6.657,0.044,0,0,0,0,v
2014-11-28 23:18,6.656,0.038,0,0,0,0,v
2014-11-28 23:24,6.673,0.043,0,0,0,0,v
2014-11-28 23:30,6.690,0.036,0,0,0,0,v
2014-11-28 23:36,6.701,0.046,0,0,0,0,v
2014-11-28 23:42,6.722,0.039,0,0,0,0,v
2014-11-28 23:48,6.728,0.041,0,0,0,0,v
2014-11-28 23:54,6.736,0.039,0,0,0,0,v
2014-11-29 00:00,6.738,0.038,0,0,0,0,v
2014-11-29 00:06,6.744,0.042,0,0,0,0,v
2014-11-29 00:12,6.736,0.037,0,0,0,0,v
2014-11-29 00:18,6.772,0.040,0,0,0,0,v
2014-11-29 00:24,6.783,0.043,0,0,0,0,v
2014-11-29 00:30,6.797,0.035,0,0,0,0,v
2014-11-29 00:36,6.806,0.039,0,0,0,0,v
2014-11-29 00:42,6.788,0.037,0,0,0,0,v
2014-11-29 00:48,6.789,0.039,0,0,0,0,v
2014-11-29 00:54,6.810,0.035,0,0,0,0,v
2014-11-29 01:00,6.822,0.040,0,0,0,0,v
2014-11-29 01:06,6.807,0.044,0,0,0,0,v
2014-11-29 01:12,6.825,0.040,0,0,0,0,v
2014-11-29 01:18,6.827,0.043,0,0,0,0,v
2014-11-29 01:24,6.818,0.040,0,0,0,0,v
2014-11-29 01:30,6.817,0.039,0,0,0,0,v
2014-11-29 01:36,6.835,0.039,0,0,0,0,v
2014-11-29 01:42,6.825,0.041,0,0,0,0,v
2014-11-29 01:48,6.835,0.040,0,0,0,0,v
2014-11-29 01:54,6.836,0.043,0,0,0,0,v
2014-11-29 02:00,6.840,0.041,0,0,0,0,v
2014-11-29 02:06,6.839,0.044,0,0,0,0,v
2014-11-29 02:12,6.847,0.043,0,0,0,0,v
2014-11-29 02:18,6.852,0.038,0,0,0,0,v
2014-11-29 02:24,6.856,0.042,0,0,0,0,v
2014-11-29 02:30,6.854,0.044,0,0,0,0,v
2014-11-29 02:36,6.856,0.043,0,0,0,0,v
2014-11-29 02:42,6.851,0.039,0,0,0,0,v
2014-11-29 02:48,6.859,0.039,0,0,0,0,v
2014-11-29 02:54,6.861,0.042,0,0,0,0,v
2014-11-29 03:00,6.865,0.039,0,0,0,0,v
2014-11-29 03:06,6.866,0.042,0,0,0,0,v
2014-11-29 03:12,6.864,0.049,0,0,0,0,v
2014-11-29 03:18,6.868,0.046,0,0,0,0,v
2014-11-29 03:24,6.867,0.036,0,0,0,0,v
2014-11-29 03:30,6.863,0.038,0,0,0,0,v
2014-11-29 03:36,6.872,0.040,0,0,0,0,v
2014-11-29 03:42,6.873,0.046,0,0,0,0,v
2014-11-29 03:48,6.869,0.045,0,0,0,0,v
2014-11-29 03:54,6.876,0.042,0,0,0,0,v
2014-11-29 04:00,6.887,0.047,0,0,0,0,v
2014-11-29 04:06,6.865,0.041,0,0,0,0,v
2014-11-29 04:12,6.875,0.043,0,0,0,0,v
2014-11-29 04:18,6.849,0.052,0,0,0,0,v
2014-11-29 04:24,6.860,0.044,0,0,0,0,v
2014-11-29 04:30,6.858,0.051,0,0,0,0,v
2014-11-29 04:36,6.851,0.044,0,0,0,0,v
2014-11-29 04:42,6.854,0.045,0,0,0,0,v
2014-11-29 04:48,6.850,0.049,0,0,0,0,v
2014-11-29 04:54,6.863,0.051,0,0,0,0,v
2014-11-29 05:00,6.852,0.056,0,0,0,0,v
2014-11-29 05:06,6.846,0.047,0,0,0,0,v
2014-11-29 05:12,6.840,0.052,0,0,0,0,v
2014-11-29 05:18,6.845,0.057,0,0,0,0,v
2014-11-29 05:24,6.843,0.050,0,0,0,0,v
2014-11-29 05:30,6.837,0.049,0,0,0,0,v
2014-11-29 05:36,6.843,0.061,0,0,0,0,v
2014-11-29 05:42,6.830,0.055,0,0,0,0,v
2014-11-29 05:48,6.820,0.059,0,0,0,0,v
2014-11-29 05:54,6.806,0.000,0,0,0,0,v
2014-11-29 06:00,6.801,0.066,0,0,0,0,v
2014-11-29 06:06,6.819,0.062,0,0,0,0,v
2014-11-29 06:12,6.795,0.058,0,0,0,0,v
2014-11-29 06:18,6.798,0.060,0,0,0,0,v
2014-11-29 06:24,6.787,0.067,0,0,0,0,v
2014-11-29 06:30,6.777,0.063,0,0,0,0,v
2014-11-29 06:36,6.784,0.054,0,0,0,0,v
2014-11-29 06:42,6.775,0.070,0,0,0,0,v
2014-11-29 06:48,6.765,0.063,0,0,0,0,v
2014-11-29 06:54,6.750,0.070,0,0,0,0,v
2014-11-29 07:00,6.758,0.067,0,0,0,0,v
2014-11-29 07:06,6.751,0.062,0,0,0,0,v
2014-11-29 07:12,6.734,0.065,0,0,0,0,v
2014-11-29 07:18,6.766,0.073,0,0,0,0,v
2014-11-29 07:24,6.771,0.064,0,0,0,0,v
2014-11-29 07:30,6.769,0.068,0,0,0,0,v
2014-11-29 07:36,6.774,0.063,0,0,0,0,v
2014-11-29 07:42,6.784,0.067,0,0,0,0,v
2014-11-29 07:48,6.784,0.071,0,0,0,0,v
2014-11-29 07:54,6.758,0.074,0,0,0,0,v
2014-11-29 08:00,6.753,0.073,0,0,0,0,v
2014-11-29 08:06,6.746,0.079,0,0,0,0,v
2014-11-29 08:12,6.731,0.063,0,0,0,0,v
2014-11-29 08:18,6.726,0.065,0,0,0,0,v
2014-11-29 08:24,6.740,0.073,0,0,0,0,v
2014-11-29 08:30,6.736,0.075,0,0,0,0,v
2014-11-29 08:36,6.750,0.070,0,0,0,0,v
2014-11-29 08:42,6.715,0.073,0,0,0,0,v
2014-11-29 08:48,6.715,0.074,0,0,0,0,v
2014-11-29 08:54,6.744,0.075,0,0,0,0,v
2014-11-29 09:00,6.724,0.085,0,0,0,0,v
2014-11-29 09:06,6.722,0.071,0,0,0,0,v
2014-11-29 09:12,6.723,0.074,0,0,0,0,v
2014-11-29 09:18,6.716,0.087,0,0,0,0,v
2014-11-29 09:24,6.728,0.070,0,0,0,0,v
2014-11-29 09:30,6.721,0.083,0,0,0,0,v
2014-11-29 09:36,6.718,0.081,0,0,0,0,v
2014-11-29 09:42,6.699,0.097,0,0,0,0,v
2014-11-29 09:48,6.692,0.082,0,0,0,0,v
2014-11-29 09:54,6.700,0.099,0,0,0,0,v
2014-11-29 10:00,6.714,0.088,0,0,0,0,v
2014-11-29 10:06,6.698,0.091,0,0,0,0,v
2014-11-29 10:12,6.691,0.092,0,0,0,0,v
2014-11-29 10:18,6.692,0.082,0,0,0,0,v
2014-11-29 10:24,6.714,0.078,0,0,0,0,v
2014-11-29 10:30,6.709,0.083,0,0,0,0,v
2014-11-29 10:36,6.714,0.086,0,0,0,0,v
2014-11-29 10:42,6.703,0.105,0,0,0,0,v
2014-11-29 10:48,6.700,0.099,0,0,0,0,v
2014-11-29 10:54,6.703,0.081,0,0,0,0,v
2014-11-29 11:00,6.690,0.093,0,0,0,0,v
2014-11-29 11:06,6.680,0.095,0,0,0,0,v
2014-11-29 11:12,6.692,0.092,0,0,0,0,v
2014-11-29 11:18,6.711,0.091,0,0,0,0,v
2014-11-29 11:24,6.706,0.086,0,0,0,0,v
2014-11-29 11:30,6.704,0.074,0,0,0,0,v
2014-11-29 11:36,6.713,0.075,0,0,0,0,v
2014-11-29 11:42,6.718,0.094,0,0,0,0,v
2014-11-29 11:48,6.719,0.089,0,0,0,0,v
2014-11-29 11:54,6.719,0.083,0,0,0,0,v
2014-11-29 12:00,6.726,0.094,0,0,0,0,v
2014-11-29 12:06,6.740,0.093,0,0,0,0,v
2014-11-29 12:12,6.736,0.092,0,0,0,0,v
2014-11-29 12:18,6.741,0.071,0,0,0,0,v
2014-11-29 12:24,6.748,0.082,0,0,0,0,v
2014-11-29 12:30,6.751,0.087,0,0,0,0,v
2014-11-29 12:36,6.754,0.097,0,0,0,0,v
2014-11-29 12:42,6.747,0.090,0,0,0,0,v
2014-11-29 12:48,6.732,0.094,0,0,0,0,v
2014-11-29 12:54,6.751,0.088,0,0,0,0,v
2014-11-29 13:00,6.757,0.093,0,0,0,0,v
2014-11-29 13:06,6.769,0.107,0,0,0,0,v
2014-11-29 13:12,6.747,0.088,0,0,0,0,v
2014-11-29 13:18,6.757,0.105,0,0,0,0,v
2014-11-29 13:24,6.753,0.095,0,0,0,0,v
2014-11-29 13:30,6.756,0.107,0,0,0,0,v
2014-11-29 13:36,6.761,0.112,0,0,0,0,v
2014-11-29 13:42,6.759,0.073,0,0,0,0,v
2014-11-29 13:48,6.742,0.083,0,0,0,0,v
2014-11-29 13:54,6.743,0.099,0,0,0,0,v
2014-11-29 14:00,6.763,0.096,0,0,0,0,v
2014-11-29 14:06,6.751,0.110,0,0,0,0,v
2014-11-29 14:12,6.752,0.103,0,0,0,0,v
2014-11-29 14:18,6.749,0.096,0,0,0,0,v
2014-11-29 14:24,6.738,0.116,0,0,0,0,v
2014-11-29 14:30,6.741,0.097,0,0,0,0,v
2014-11-29 14:36,6.744,0.102,0,0,0,0,v
2014-11-29 14:42,6.731,0.107,0,0,0,0,v
2014-11-29 14:48,6.732,0.098,0,0,0,0,v
2014-11-29 14:54,6.724,0.090,0,0,0,0,v
2014-11-29 15:00,6.711,0.104,0,0,0,0,v
2014-11-29 15:06,6.709,0.132,0,0,0,0,v
2014-11-29 15:12,6.693,0.109,0,0,0,0,v
2014-11-29 15:18,6.717,0.102,0,0,0,0,v
2014-11-29 15:24,6.700,0.118,0,0,0,0,v
2014-11-29 15:30,6.706,0.104,0,0,0,0,v
2014-11-29 15:36,6.698,0.124,0,0,0,0,v
2014-11-29 15:42,6.696,0.105,0,0,0,0,v
2014-11-29 15:48,6.677,0.124,0,0,0,0,v
2014-11-29 15:54,6.678,0.100,0,0,0,0,v
2014-11-29 16:00,6.662,0.127,0,0,0,0,v
2014-11-29 16:06,6.671,0.114,0,0,0,0,v
2014-11-29 16:12,6.668,0.135,0,0,0,0,v
2014-11-29 16:18,6.665,0.105,0,0,0,0,v
2014-11-29 16:24,6.634,0.122,0,0,0,0,v
2014-11-29 16:30,6.650,0.125,0,0,0,0,v
2014-11-29 16:36,6.649,0.134,0,0,0,0,v
2014-11-29 16:42,6.635,0.132,0,0,0,0,v
2014-11-29 16:48,6.634,0.130,0,0,0,0,v
2014-11-29 16:54,6.642,0.110,0,0,0,0,v
2014-11-29 17:00,6.633,0.133,0,0,0,0,v
2014-11-29 17:06,6.638,0.124,0,0,0,0,v
2014-11-29 17:12,6.621,0.133,0,0,0,0,v
2014-11-29 17:18,6.606,0.121,0,0,0,0,v
2014-11-29 17:24,6.605,0.134,0,0,0,0,v
2014-11-29 17:30,6.602,0.130,0,0,0,0,v
2014-11-29 17:36,6.585,0.124,0,0,0,0,v
2014-11-29 17:42,6.597,0.100,0,0,0,0,v
2014-11-29 17:48,6.582,0.133,0,0,0,0,v
2014-11-29 17:54,6.590,0.128,0,0,0,0,v
2014-11-29 18:00,6.577,0.140,0,0,0,0,v
2014-11-29 18:06,6.564,0.133,0,0,0,0,v
2014-11-29 18:12,6.554,0.129,0,0,0,0,v
2014-11-29 18:18,6.564,0.124,0,0,0,0,v
2014-11-29 18:24,6.576,0.134,0,0,0,0,v
2014-11-29 18:30,6.569,0.137,0,0,0,0,v
2014-11-29 18:36,6.563,0.120,0,0,0,0,v
2014-11-29 18:42,6.543,0.121,0,0,0,0,v
2014-11-29 18:48,6.559,0.114,0,0,0,0,v
2014-11-29 18:54,6.560,0.147,0,0,0,0,v
2014-11-29 19:00,6.563,0.129,0,0,0,0,v
2014-11-29 19:06,6.552,0.139,0,0,0,0,v
2014-11-29 19:12,6.548,0.154,0,0,0,0,v
2014-11-29 19:18,6.545,0.145,0,0,0,0,v
2014-11-29 19:24,6.548,0.143,0,0,0,0,v
2014-11-29 19:30,6.550,0.141,0,0,0,0,v
2014-11-29 19:36,6.546,0.138,0,0,0,0,v
2014-11-29 19:42,6.558,0.117,0,0,0,0,v
2014-11-29 19:48,6.562,0.116,0,0,0,0,v
2014-11-29 19:54,6.547,0.142,0,0,0,0,v
2014-11-29 20:00,6.546,0.138,0,0,0,0,v
2014-11-29 20:06,6.538,0.141,0,0,0,0,v
2014-11-29 20:12,6.532,0.133,0,0,0,0,v
2014-11-29 20:18,6.541,0.115,0,0,0,0,v
2014-11-29 20:24,6.547,0.150,0,0,0,0,v
2014-11-29 20:30,6.526,0.127,0,0,0,0,v
2014-11-29 20:36,6.533,0.117,0,0,0,0,v
2014-11-29 20:42,6.523,0.132,0,0,0,0,v
2014-11-29 20:48,6.545,0.134,0,0,0,0,v
2014-11-29 20:54,6.522,0.136,0,0,0,0,v
2014-11-29 21:00,6.543,0.106,0,0,0,0,v
2014-11-29 21:06,6.528,0.118,0,0,0,0,v
2014-11-29 21:12,6.534,0.143,0,0,0,0,v
2014-11-29 21:18,6.547,0.127,0,0,0,0,v
2014-11-29 21:24,6.561,0.141,0,0,0,0,v
2014-11-29 21:30,6.560,0.126,0,0,0,0,v
2014-11-29 21:36,6.564,0.126,0,0,0,0,v
2014-11-29 21:42,6.561,0.126,0,0,0,0,v
2014-11-29 21:48,6.533,0.131,0,0,0,0,v
2014-11-29 21:54,6.547,0.126,0,0,0,0,v
2014-11-29 22:00,6.576,0.133,0,0,0,0,v
2014-11-29 22:06,6.571,0.126,0,0,0,0,v
2014-11-29 22:12,6.552,0.127,0,0,0,0,v
2014-11-29 22:18,6.569,0.138,0,0,0,0,v
2014-11-29 22:24,6.564,0.134,0,0,0,0,v
2014-11-29 22:30,6.588,0.126,0,0,0,0,v
2014-11-29 22:36,6.595,0.118,0,0,0,0,v
2014-11-29 22:42,6.581,0.151,0,0,0,0,v
2014-11-29 22:48,6.575,0.121,0,0,0,0,v
2014-11-29 22:54,6.583,0.130,0,0,0,0,v
2014-11-29 23:00,6.585,0.130,0,0,0,0,v
2014-11-29 23:06,6.603,0.124,0,0,0,0,v
2014-11-29 23:12,6.618,0.145,0,0,0,0,v
2014-11-29 23:18,6.638,0.115,0,0,0,0,v
2014-11-29 23:24,6.644,0.116,0,0,0,0,v
2014-11-29 23:30,6.641,0.127,0,0,0,0,v
2014-11-29 23:36,6.655,0.128,0,0,0,0,v
2014-11-29 23:42,6.659,0.128,0,0,0,0,v
2014-11-29 23:48,6.675,0.116,0,0,0,0,v
2014-11-29 23:54,6.671,0.108,0,0,0,0,v
2014-11-30 00:00,6.671,0.118,0,0,0,0,v
2014-11-30 00:06,6.671,0.121,0,0,0,0,v
2014-11-30 00:12,6.680,0.101,0,0,0,0,v
2014-11-30 00:18,6.678,0.110,0,0,0,0,v
2014-11-30 00:24,6.674,0.142,0,0,0,0,v
2014-11-30 00:30,6.672,0.139,0,0,0,0,v
2014-11-30 00:36,6.672,0.145,0,0,0,0,v
2014-11-30 00:42,6.699,0.130,0,0,0,0,v
2014-11-30 00:48,6.690,0.103,0,0,0,0,v
2014-11-30 00:54,6.703,0.115,0,0,0,0,v
2014-11-30 01:00,6.710,0.119,0,0,0,0,v
2014-11-30 01:06,6.697,0.120,0,0,0,0,v
2014-11-30 01:12,6.704,0.116,0,0,0,0,v
2014-11-30 01:18,6.718,0.103,0,0,0,0,v
2014-11-30 01:24,6.730,0.114,0,0,0,0,v
2014-11-30 01:30,6.735,0.103,0,0,0,0,v
2014-11-30 01:36,6.735,0.114,0,0,0,0,v
2014-11-30 01:42,6.735,0.116,0,0,0,0,v
2014-11-30 01:48,6.727,0.123,0,0,0,0,v
2014-11-30 01:54,6.738,0.136,0,0,0,0,v
2014-11-30 02:00,6.730,0.135,0,0,0,0,v
2014-11-30 02:06,6.752,0.116,0,0,0,0,v
2014-11-30 02:12,6.750,0.126,0,0,0,0,v
2014-11-30 02:18,6.757,0.112,0,0,0,0,v
2014-11-30 02:24,6.781,0.126,0,0,0,0,v
2014-11-30 02:30,6.761,0.114,0,0,0,0,v
2014-11-30 02:36,6.762,0.123,0,0,0,0,v
2014-11-30 02:42,6.762,0.126,0,0,0,0,v
2014-11-30 02:48,6.766,0.113,0,0,0,0,v
2014-11-30 02:54,6.770,0.118,0,0,0,0,v
2014-11-30 03:00,6.776,0.122,0,0,0,0,v
2014-11-30 03:06,6.784,0.116,0,0,0,0,v
2014-11-30 03:12,6.790,0.124,0,0,0,0,v
2014-11-30 03:18,6.776,0.116,0,0,0,0,v
2014-11-30 03:24,6.776,0.090,0,0,0,0,v
2014-11-30 03:30,6.769,0.112,0,0,0,0,v
2014-11-30 03:36,6.772,0.130,0,0,0,0,v
2014-11-30 03:42,6.776,0.107,0,0,0,0,v
2014-11-30 03:48,6.763,0.098,0,0,0,0,v
2014-11-30 03:54,6.742,0.113,0,0,0,0,v
2014-11-30 04:00,6.760,0.125,0,0,0,0,v
2014-11-30 04:06,6.787,0.117,0,0,0,0,v
2014-11-30 04:12,6.769,0.112,0,0,0,0,v
2014-11-30 04:18,6.772,0.120,0,0,0,0,v
2014-11-30 04:24,6.775,0.120,0,0,0,0,v
2014-11-30 04:30,6.774,0.105,0,0,0,0,v
2014-11-30 04:36,6.780,0.114,0,0,0,0,v
2014-11-30 04:42,6.766,0.122,0,0,0,0,v
2014-11-30 04:48,6.775,0.123,0,0,0,0,v
2014-11-30 04:54,6.780,0.123,0,0,0,0,v
2014-11-30 05:00,6.759,0.107,0,0,0,0,v
2014-11-30 05:06,6.755,0.113,0,0,0,0,v
2014-11-30 05:12,6.741,0.141,0,0,0,0,v
2014-11-30 05:18,6.743,0.120,0,0,0,0,v
2014-11-30 05:24,6.750,0.117,0,0,0,0,v
2014-11-30 05:30,6.744,0.121,0,0,0,0,v
2014-11-30 05:36,6.735,0.111,0,0,0,0,v
2014-11-30 05:42,6.729,0.123,0,0,0,0,v
2014-11-30 05:48,6.736,0.126,0,0,0,0,v
2014-11-30 05:54,6.706,0.126,0,0,0,0,v
2014-11-30 06:00,6.702,0.127,0,0,0,0,v
2014-11-30 06:06,6.707,0.121,0,0,0,0,v
2014-11-30 06:12,6.702,0.105,0,0,0,0,v
2014-11-30 06:18,6.699,0.127,0,0,0,0,v
2014-11-30 06:24,6.696,0.120,0,0,0,0,v
2014-11-30 06:30,6.680,0.117,0,0,0,0,v
2014-11-30 06:36,6.666,0.135,0,0,0,0,v
2014-11-30 06:42,6.652,0.123,0,0,0,0,v
2014-11-30 06:48,6.667,0.102,0,0,0,0,v
2014-11-30 06:54,6.673,0.097,0,0,0,0,v
2014-11-30 07:00,6.637,0.120,0,0,0,0,v
2014-11-30 07:06,6.626,0.121,0,0,0,0,v
2014-11-30 07:12,6.642,0.100,0,0,0,0,v
2014-11-30 07:18,6.637,0.142,0,0,0,0,v
2014-11-30 07:24,6.648,0.126,0,0,0,0,v
2014-11-30 07:30,6.637,0.133,0,0,0,0,v
2014-11-30 07:36,6.634,0.118,0,0,0,0,v
2014-11-30 07:42,6.632,0.127,0,0,0,0,v
2014-11-30 07:48,6.634,0.124,0,0,0,0,v
2014-11-30 07:54,6.638,0.118,0,0,0,0,v
2014-11-30 08:00,6.610,0.139,0,0,0,0,v
2014-11-30 08:06,6.630,0.122,0,0,0,0,v
2014-11-30 08:12,6.616,0.120,0,0,0,0,v
2014-11-30 08:18,6.618,0.105,0,0,0,0,v
2014-11-30 08:24,6.619,0.122,0,0,0,0,v
2014-11-30 08:30,6.603,0.110,0,0,0,0,v
2014-11-30 08:36,6.611,0.109,0,0,0,0,v
2014-11-30 08:42,6.613,0.129,0,0,0,0,v
2014-11-30 08:48,6.594,0.131,0,0,0,0,v
2014-11-30 08:54,6.585,0.132,0,0,0,0,v
2014-11-30 09:00,6.581,0.127,0,0,0,0,v
2014-11-30 09:06,6.581,0.131,0,0,0,0,v
2014-11-30 09:12,6.587,0.136,0,0,0,0,v
2014-11-30 09:18,6.580,0.146,0,0,0,0,v
2014-11-30 09:24,6.571,0.113,0,0,0,0,v
2014-11-30 09:30,6.562,0.133,0,0,0,0,v
2014-11-30 09:36,6.570,0.144,0,0,0,0,v
2014-11-30 09:42,6.576,0.129,0,0,0,0,v
2014-11-30 09:48,6.571,0.140,0,0,0,0,v
2014-11-30 09:54,6.577,0.153,0,0,0,0,v
2014-11-30 10:00,6.575,0.137,0,0,0,0,v
2014-11-30 10:06,6.559,0.127,0,0,0,0,v
2014-11-30 10:12,6.562,0.149,0,0,0,0,v
2014-11-30 10:18,6.569,0.129,0,0,0,0,v
2014-11-30 10:24,6.561,0.136,0,0,0,0,v
2014-11-30 10:30,6.567,0.140,0,0,0,0,v
2014-11-30 10:36,6.564,0.136,0,0,0,0,v
2014-11-30 10:42,6.557,0.121,0,0,0,0,v
2014-11-30 10:48,6.576,0.119,0,0,0,0,v
2014-11-30 10:54,6.568,0.131,0,0,0,0,v
2014-11-30 11:00,6.569,0.106,0,0,0,0,v
2014-11-30 11:06,6.590,0.141,0,0,0,0,v
2014-11-30 11:12,6.574,0.138,0,0,0,0,v
2014-11-30 11:18,6.591,0.113,0,0,0,0,v
2014-11-30 11:24,6.558,0.130,0,0,0,0,v
2014-11-30 11:30,6.579,0.122,0,0,0,0,v
2014-11-30 11:36,6.584,0.116,0,0,0,0,v
2014-11-30 11:42,6.572,0.140,0,0,0,0,v
2014-11-30 11:48,6.574,0.132,0,0,0,0,v
2014-11-30 11:54,6.567,0.137,0,0,0,0,v
2014-11-30 12:00,6.584,0.139,0,0,0,0,v
2014-11-30 12:06,6.598,0.127,0,0,0,0,v
2014-11-30 12:12,6.583,0.138,0,0,0,0,v
2014-11-30 12:18,6.595,0.143,0,0,0,0,v
2014-11-30 12:24,6.604,0.134,0,0,0,0,v
2014-11-30 12:30,6.599,0.113,0,0,0,0,v
2014-11-30 12:36,6.586,0.136,0,0,0,0,v
2014-11-30 12:42,6.607,0.132,0,0,0,0,v
2014-11-30 12:48,6.615,0.121,0,0,0,0,v
2014-11-30 12:54,6.609,0.145,0,0,0,0,v
2014-11-30 13:00,6.639,0.127,0,0,0,0,v
2014-11-30 13:06,6.641,0.140,0,0,0,0,v
2014-11-30 13:12,6.638,0.131,0,0,0,0,v
2014-11-30 13:18,6.633,0.115,0,0,0,0,v
2014-11-30 13:24,6.643,0.126,0,0,0,0,v
2014-11-30 13:30,6.645,0.147,0,0,0,0,v
2014-11-30 13:36,6.649,0.126,0,0,0,0,v
2014-11-30 13:42,6.645,0.132,0,0,0,0,v
2014-11-30 13:48,6.675,0.130,0,0,0,0,v
2014-11-30 13:54,6.662,0.133,0,0,0,0,v
2014-11-30 14:00,6.686,0.130,0,0,0,0,v
2014-11-30 14:06,6.678,0.133,0,0,0,0,v
2014-11-30 14:12,6.687,0.148,0,0,0,0,v
2014-11-30 14:18,6.693,0.131,0,0,0,0,v
2014-11-30 14:24,6.687,0.152,0,0,0,0,v
2014-11-30 14:30,6.698,0.109,0,0,0,0,v
2014-11-30 14:36,6.695,0.128,0,0,0,0,v
2014-11-30 14:42,6.702,0.137,0,0,0,0,v
2014-11-30 14:48,6.708,0.146,0,0,0,0,v
2014-11-30 14:54,6.712,0.127,0,0,0,0,v
2014-11-30 15:00,6.715,0.116,0,0,0,0,v
2014-11-30 15:06,6.718,0.143,0,0,0,0,v
2014-11-30 15:12,6.718,0.141,0,0,0,0,v
2014-11-30 15:18,6.717,0.126,0,0,0,0,v
2014-11-30 15:24,6.712,0.114,0,0,0,0,v
2014-11-30 15:30,6.698,0.138,0,0,0,0,v
2014-11-30 15:36,6.700,0.137,0,0,0,0,v
2014-11-30 15:42,6.710,0.132,0,0,0,0,v
2014-11-30 15:48,6.717,0.148,0,0,0,0,v
2014-11-30 15:54,6.744,0.115,0,0,0,0,v
2014-11-30 16:00,6.722,0.127,0,0,0,0,v
2014-11-30 16:06,6.720,0.140,0,0,0,0,v
2014-11-30 16:12,6.724,0.112,0,0,0,0,v
2014-11-30 16:18,6.718,0.134,0,0,0,0,v
2014-11-30 16:24,6.720,0.120,0,0,0,0,v
2014-11-30 16:30,6.704,0.130,0,0,0,0,v
2014-11-30 16:36,6.715,0.127,0,0,0,0,v
2014-11-30 16:42,6.725,0.126,0,0,0,0,v
2014-11-30 16:48,6.721,0.136,0,0,0,0,v
2014-11-30 16:54,6.719,0.110,0,0,0,0,v
2014-11-30 17:00,6.713,0.145,0,0,0,0,v
2014-11-30 17:06,6.711,0.153,0,0,0,0,v
2014-11-30 17:12,6.698,0.136,0,0,0,0,v
2014-11-30 17:18,6.681,0.131,0,0,0,0,v
2014-11-30 17:24,6.679,0.121,0,0,0,0,v
2014-11-30 17:30,6.677,0.136,0,0,0,0,v
2014-11-30 17:36,6.656,0.137,0,0,0,0,v
2014-11-30 17:42,6.668,0.130,0,0,0,0,v
2014-11-30 17:48,6.660,0.129,0,0,0,0,v
2014-11-30 17:54,6.658,0.118,0,0,0,0,v
2014-11-30 18:00,6.676,0.126,0,0,0,0,v
2014-11-30 18:06,6.678,0.121,0,0,0,0,v
2014-11-30 18:12,6.673,0.117,0,0,0,0,v
2014-11-30 18:18,6.665,0.131,0,0,0,0,v
2014-11-30 18:24,6.666,0.140,0,0,0,0,v
2014-11-30 18:30,6.650,0.121,0,0,0,0,v
2014-11-30 18:36,6.663,0.140,0,0,0,0,v
2014-11-30 18:42,6.667,0.124,0,0,0,0,v
2014-11-30 18:48,6.652,0.113,0,0,0,0,v
2014-11-30 18:54,6.663,0.134,0,0,0,0,v
2014-11-30 19:00,6.654,0.131,0,0,0,0,v
2014-11-30 19:06,6.659,0.137,0,0,0,0,v
2014-11-30 19:12,6.669,0.134,0,0,0,0,v
2014-11-30 19:18,6.671,0.114,0,0,0,0,v
2014-11-30 19:24,6.676,0.130,0,0,0,0,v
2014-11-30 19:30,6.672,0.145,0,0,0,0,v
2014-11-30 19:36,6.662,0.150,0,0,0,0,v
2014-11-30 19:42,6.658,0.142,0,0,0,0,v
2014-11-30 19:48,6.652,0.124,0,0,0,0,v
2014-11-30 19:54,6.660,0.142,0,0,0,0,v
2014-11-30 20:00,6.656,0.137,0,0,0,0,v
2014-11-30 20:06,6.651,0.134,0,0,0,0,v
2014-11-30 20:12,6.663,0.130,0,0,0,0,v
2014-11-30 20:18,6.665,0.114,0,0,0,0,v
2014-11-30 20:24,6.651,0.121,0,0,0,0,v
2014-11-30 20:30,6.649,0.132,0,0,0,0,v
2014-11-30 20:36,6.649,0.135,0,0,0,0,v
2014-11-30 20:42,6.651,0.133,0,0,0,0,v
2014-11-30 20:48,6.659,0.121,0,0,0,0,v
2014-11-30 20:54,6.666,0.113,0,0,0,0,v
2014-11-30 21:00,6.651,0.128,0,0,0,0,v
2014-11-30 21:06,6.665,0.103,0,0,0,0,v
2014-11-30 21:12,6.652,0.129,0,0,0,0,v
2014-11-30 21:18,6.655,0.119,0,0,0,0,v
2014-11-30 21:24,6.671,0.130,0,0,0,0,v
2014-11-30 21:30,6.670,0.126,0,0,0,0,v
2014-11-30 21:36,6.660,0.128,0,0,0,0,v
2014-11-30 21:42,6.655,0.140,0,0,0,0,v
2014-11-30 21:48,6.649,0.113,0,0,0,0,v
2014-11-30 21:54,6.634,0.128,0,0,0,0,v
2014-11-30 22:00,6.634,0.126,0,0,0,0,v
2014-11-30 22:06,6.645,0.113,0,0,0,0,v
2014-11-30 22:12,6.647,0.127,0,0,0,0,v
2014-11-30 22:18,6.649,0.111,0,0,0,0,v
2014-11-30 22:24,6.639,0.126,0,0,0,0,v
2014-11-30 22:30,6.631,0.121,0,0,0,0,v
2014-11-30 22:36,6.644,0.111,0,0,0,0,v
2014-11-30 22:42,6.647,0.118,0,0,0,0,v
2014-11-30 22:48,6.654,0.104,0,0,0,0,v
2014-11-30 22:54,6.648,0.135,0,0,0,0,v
2014-11-30 23:00,6.651,0.112,0,0,0,0,v
2014-11-30 23:06,6.666,0.114,0,0,0,0,v
2014-11-30 23:12,6.666,0.116,0,0,0,0,v
2014-11-30 23:18,6.680,0.119,0,0,0,0,v
2014-11-30 23:24,6.680,0.107,0,0,0,0,v
2014-11-30 23:30,6.676,0.113,0,0,0,0,v
2014-11-30 23:36,6.682,0.117,0,0,0,0,v
2014-11-30 23:42,6.689,0.111,0,0,0,0,v
2014-11-30 23:48,6.685,0.118,0,0,0,0,v
2014-11-30 23:54,6.697,0.110,0,0,0,0,v
2014-12-01 00:00,6.707,0.118,0,0,0,0,v
2014-12-01 00:06,6.710,0.086,0,0,0,0,v
2014-12-01 00:12,6.690,0.129,0,0,0,0,v
2014-12-01 00:18,6.710,0.105,0,0,0,0,v
2014-12-01 00:24,6.709,0.105,0,0,0,0,v
2014-12-01 00:30,6.712,0.119,0,0,0,0,v
2014-12-01 00:36,6.714,0.126,0,0,0,0,v
2014-12-01 00:42,6.720,0.108,0,0,0,0,v
2014-12-01 00:48,6.718,0.121,0,0,0,0,v
2014-12-01 00:54,6.722,0.129,0,0,0,0,v
2014-12-01 01:00,6.734,0.106,0,0,0,0,v
2014-12-01 01:06,6.740,0.124,0,0,0,0,v
2014-12-01 01:12,6.734,0.121,0,0,0,0,v
2014-12-01 01:18,6.726,0.109,0,0,0,0,v
2014-12-01 01:24,6.742,0.119,0,0,0,0,v
2014-12-01 01:30,6.741,0.108,0,0,0,0,v
2014-12-01 01:36,6.752,0.114,0,0,0,0,v
2014-12-01 01:42,6.748,0.128,0,0,0,0,v
2014-12-01 01:48,6.751,0.138,0,0,0,0,v
2014-12-01 01:54,6.761,0.107,0,0,0,0,v
2014-12-01 02:00,6.758,0.116,0,0,0,0,v
2014-12-01 02:06,6.771,0.111,0,0,0,0,v
2014-12-01 02:12,6.771,0.109,0,0,0,0,v
2014-12-01 02:18,6.771,0.127,0,0,0,0,v
2014-12-01 02:24,6.773,0.127,0,0,0,0,v
2014-12-01 02:30,6.788,0.107,0,0,0,0,v
2014-12-01 02:36,6.779,0.122,0,0,0,0,v
2014-12-01 02:42,6.789,0.124,0,0,0,0,v
2014-12-01 02:48,6.797,0.106,0,0,0,0,v
2014-12-01 02:54,6.785,0.125,0,0,0,0,v
2014-12-01 03:00,6.800,0.102,0,0,0,0,v
2014-12-01 03:06,6.796,0.109,0,0,0,0,v
2014-12-01 03:12,6.792,0.107,0,0,0,0,v
2014-12-01 03:18,6.807,0.105,0,0,0,0,v
2014-12-01 03:24,6.801,0.117,0,0,0,0,v
2014-12-01 03:30,6.805,0.116,0,0,0,0,v
2014-12-01 03:36,6.804,0.123,0,0,0,0,v
2014-12-01 03:42,6.823,0.104,0,0,0,0,v
2014-12-01 03:48,6.788,0.122,0,0,0,0,v
2014-12-01 03:54,6.789,0.118,0,0,0,0,v
2014-12-01 04:00,6.805,0.135,0,0,0,0,v
2014-12-01 04:06,6.808,0.121,0,0,0,0,v
2014-12-01 04:12,6.808,0.121,0,0,0,0,v
2014-12-01 04:18,6.798,0.104,0,0,0,0,v
2014-12-01 04:24,6.800,0.109,0,0,0,0,v
2014-12-01 04:30,6.787,0.131,0,0,0,0,v
2014-12-01 04:36,6.783,0.109,0,0,0,0,v
2014-12-01 04:42,6.794,0.111,0,0,0,0,v
2014-12-01 04:48,6.801,0.100,0,0,0,0,v
2014-12-01 04:54,6.790,0.121,0,0,0,0,v
2014-12-01 05:00,6.781,0.093,0,0,0,0,v
2014-12-01 05:06,6.760,0.130,0,0,0,0,v
2014-12-01 05:12,6.769,0.097,0,0,0,0,v
2014-12-01 05:18,6.755,0.111,0,0,0,0,v
2014-12-01 05:24,6.752,0.108,0,0,0,0,v
2014-12-01 05:30,6.744,0.090,0,0,0,0,v
2014-12-01 05:36,6.751,0.092,0,0,0,0,v
2014-12-01 05:42,6.753,0.077,0,0,0,0,v
2014-12-01 05:48,6.737,0.114,0,0,0,0,v
2014-12-01 05:54,6.726,0.109,0,0,0,0,v
2014-12-01 06:00,6.715,0.128,0,0,0,0,v
2014-12-01 06:06,6.703,0.098,0,0,0,0,v
2014-12-01 06:12,6.695,0.130,0,0,0,0,v
2014-12-01 06:18,6.695,0.108,0,0,0,0,v
2014-12-01 06:24,6.676,0.123,0,0,0,0,v
2014-12-01 06:30,6.675,0.100,0,0,0,0,v
2014-12-01 06:36,6.666,0.093,0,0,0,0,v
2014-12-01 06:42,6.658,0.101,0,0,0,0,v
2014-12-01 06:48,6.642,0.109,0,0,0,0,v
2014-12-01 06:54,6.635,0.114,0,0,0,0,v
2014-12-01 07:00,6.627,0.100,0,0,0,0,v
2014-12-01 07:06,6.640,0.095,0,0,0,0,v
2014-12-01 07:12,6.629,0.103,0,0,0,0,v
2014-12-01 07:18,6.629,0.094,0,0,0,0,v
2014-12-01 07:24,6.617,0.113,0,0,0,0,v
2014-12-01 07:30,6.607,0.112,0,0,0,0,v
2014-12-01 07:36,6.602,0.102,0,0,0,0,v
2014-12-01 07:42,6.607,0.092,0,0,0,0,v
2014-12-01 07:48,6.604,0.100,0,0,0,0,v
2014-12-01 07:54,6.601,0.096,0,0,0,0,v
2014-12-01 08:00,6.596,0.113,0,0,0,0,v
2014-12-01 08:06,6.595,0.097,0,0,0,0,v
2014-12-01 08:12,6.589,0.116,0,0,0,0,v
2014-12-01 08:18,6.587,0.107,0,0,0,0,v
2014-12-01 08:24,6.582,0.112,0,0,0,0,v
2014-12-01 08:30,6.585,0.090,0,0,0,0,v
2014-12-01 08:36,6.571,0.110,0,0,0,0,v
2014-12-01 08:42,6.555,0.113,0,0,0,0,v
2014-12-01 08:48,6.566,0.098,0,0,0,0,v
2014-12-01 08:54,6.558,0.105,0,0,0,0,v
2014-12-01 09:00,6.541,0.106,0,0,0,0,v
2014-12-01 09:06,6.559,0.104,0,0,0,0,v
2014-12-01 09:12,6.559,0.099,0,0,0,0,v
2014-12-01 09:18,6.538,0.095,0,0,0,0,v
2014-12-01 09:24,6.539,0.111,0,0,0,0,v
2014-12-01 09:30,6.531,0.098,0,0,0,0,v
2014-12-01 09:36,6.532,0.082,0,0,0,0,v
2014-12-01 09:42,6.526,0.088,0,0,0,0,v
2014-12-01 09:48,6.525,0.110,0,0,0,0,v
2014-12-01 09:54,6.524,0.091,0,0,0,0,v
2014-12-01 10:00,6.538,0.091,0,0,0,0,v
2014-12-01 10:06,6.533,0.095,0,0,0,0,v
2014-12-01 10:12,6.526,0.101,0,0,0,0,v
2014-12-01 10:18,6.520,0.101,0,0,0,0,v
2014-12-01 10:24,6.501,0.109,0,0,0,0,v
2014-12-01 10:30,6.491,0.114,0,0,0,0,v
2014-12-01 10:36,6.493,0.097,0,0,0,0,v
2014-12-01 10:42,6.486,0.111,0,0,0,0,v
2014-12-01 10:48,6.494,0.096,0,0,0,0,v
2014-12-01 10:54,6.491,0.097,0,0,0,0,v
2014-12-01 11:00,6.505,0.083,0,0,0,0,v
2014-12-01 11:06,6.493,0.100,0,0,0,0,v
2014-12-01 11:12,6.490,0.089,0,0,0,0,v
2014-12-01 11:18,6.486,0.086,0,0,0,0,v
2014-12-01 11:24,6.484,0.091,0,0,0,0,v
2014-12-01 11:30,6.483,0.090,0,0,0,0,v
2014-12-01 11:36,6.475,0.075,0,0,0,0,v
2014-12-01 11:42,6.486,0.099,0,0,0,0,v
2014-12-01 11:48,6.486,0.105,0,0,0,0,v
2014-12-01 11:54,6.487,0.102,0,0,0,0,v
2014-12-01 12:00,6.475,0.086,0,0,0,0,v
2014-12-01 12:06,6.474,0.108,0,0,0,0,v
2014-12-01 12:12,6.485,0.097,0,0,0,0,v
2014-12-01 12:18,6.501,0.103,0,0,0,0,v
2014-12-01 12:24,6.501,0.091,0,0,0,0,v
2014-12-01 12:30,6.499,0.095,0,0,0,0,v
2014-12-01 12:36,6.510,0.098,0,0,0,0,v
2014-12-01 12:42,6.521,0.109,0,0,0,0,v
2014-12-01 12:48,6.513,0.103,0,0,0,0,v
2014-12-01 12:54,6.529,0.088,0,0,0,0,v
2014-12-01 13:00,6.521,0.099,0,0,0,0,v
2014-12-01 13:06,6.528,0.095,0,0,0,0,v
2014-12-01 13:12,6.527,0.084,0,0,0,0,v
2014-12-01 13:18,6.539,0.104,0,0,0,0,v
2014-12-01 13:24,6.549,0.087,0,0,0,0,v
2014-12-01 13:30,6.561,0.080,0,0,0,0,v
2014-12-01 13:36,6.552,0.113,0,0,0,0,v
2014-12-01 13:42,6.555,0.113,0,0,0,0,v
2014-12-01 13:48,6.572,0.095,0,0,0,0,v
2014-12-01 13:54,6.572,0.098,0,0,0,0,v
2014-12-01 14:00,6.579,0.092,0,0,0,0,v
2014-12-01 14:06,6.586,0.092,0,0,0,0,v
2014-12-01 14:12,6.579,0.103,0,0,0,0,v
2014-12-01 14:18,6.586,0.093,0,0,0,0,v
2014-12-01 14:24,6.592,0.107,0,0,0,0,v
2014-12-01 14:30,6.591,0.105,0,0,0,0,v
2014-12-01 14:36,6.621,0.098,0,0,0,0,v
2014-12-01 14:42,6.629,0.072,0,0,0,0,v
2014-12-01 14:48,6.613,0.096,0,0,0,0,v
2014-12-01 14:54,6.617,0.087,0,0,0,0,v
2014-12-01 15:00,6.628,0.098,0,0,0,0,v
2014-12-01 15:06,6.612,0.117,0,0,0,0,v
2014-12-01 15:12,6.640,0.110,0,0,0,0,v
2014-12-01 15:18,6.645,0.097,0,0,0,0,v
2014-12-01 15:24,6.662,0.096,0,0,0,0,v
2014-12-01 15:30,6.650,0.102,0,0,0,0,v
2014-12-01 15:36,6.637,0.109,0,0,0,0,v
2014-12-01 15:42,6.642,0.102,0,0,0,0,v
2014-12-01 15:48,6.648,0.087,0,0,0,0,v
2014-12-01 15:54,6.651,0.085,0,0,0,0,v
2014-12-01 16:00,6.661,0.084,0,0,0,0,v
2014-12-01 16:06,6.665,0.119,0,0,0,0,v
2014-12-01 16:12,6.668,0.086,0,0,0,0,v
2014-12-01 16:18,6.682,0.083,0,0,0,0,v
2014-12-01 16:24,6.681,0.096,0,0,0,0,v
2014-12-01 16:30,6.673,0.104,0,0,0,0,v
2014-12-01 16:36,6.673,0.098,0,0,0,0,v
2014-12-01 16:42,6.668,0.075,0,0,0,0,v
2014-12-01 16:48,6.677,0.098,0,0,0,0,v
2014-12-01 16:54,6.673,0.094,0,0,0,0,v
2014-12-01 17:00,6.698,0.097,0,0,0,0,v
2014-12-01 17:06,6.684,0.094,0,0,0,0,v
2014-12-01 17:12,6.686,0.104,0,0,0,0,v
2014-12-01 17:18,6.670,0.099,0,0,0,0,v
2014-12-01 17:24,6.678,0.104,0,0,0,0,v
2014-12-01 17:30,6.671,0.096,0,0,0,0,v
2014-12-01 17:36,6.684,0.114,0,0,0,0,v
2014-12-01 17:42,6.682,0.090,0,0,0,0,v
2014-12-01 17:48,6.670,0.099,0,0,0,0,v
2014-12-01 17:54,6.669,0.101,0,0,0,0,v
2014-12-01 18:00,6.678,0.099,0,0,0,0,v
2014-12-01 18:06,6.676,0.078,0,0,0,0,v
2014-12-01 18:12,6.677,0.090,0,0,0,0,v
2014-12-01 18:18,6.677,0.087,0,0,0,0,v
2014-12-01 18:24,6.667,0.082,0,0,0,0,v
2014-12-01 18:30,6.668,0.087,0,0,0,0,v
2014-12-01 18:36,6.669,0.094,0,0,0,0,v
2014-12-01 18:42,6.657,0.103,0,0,0,0,v
2014-12-01 18:48,6.655,0.094,0,0,0,0,v
2014-12-01 18:54,6.656,0.083,0,0,0,0,v
2014-12-01 19:00,6.660,0.095,0,0,0,0,v
2014-12-01 19:06,6.657,0.090,0,0,0,0,v
2014-12-01 19:12,6.660,0.079,0,0,0,0,v
2014-12-01 19:18,6.633,0.087,0,0,0,0,v
2014-12-01 19:24,6.655,0.094,0,0,0,0,v
2014-12-01 19:30,6.648,0.096,0,0,0,0,v
2014-12-01 19:36,6.665,0.095,0,0,0,0,v
2014-12-01 19:42,6.649,0.090,0,0,0,0,v
2014-12-01 19:48,6.650,0.098,0,0,0,0,v
2014-12-01 19:54,6.663,0.095,0,0,0,0,v
2014-12-01 20:00,6.642,0.085,0,0,0,0,v
2014-12-01 20:06,6.634,0.095,0,0,0,0,v
2014-12-01 20:12,6.655,0.093,0,0,0,0,v
2014-12-01 20:18,6.637,0.086,0,0,0,0,v
2014-12-01 20:24,6.648,0.081,0,0,0,0,v
2014-12-01 20:30,6.624,0.094,0,0,0,0,v
2014-12-01 20:36,6.630,0.087,0,0,0,0,v
2014-12-01 20:42,6.636,0.091,0,0,0,0,v
2014-12-01 20:48,6.642,0.096,0,0,0,0,v
2014-12-01 20:54,6.637,0.088,0,0,0,0,v
2014-12-01 21:00,6.645,0.091,0,0,0,0,v
2014-12-01 21:06,6.635,0.082,0,0,0,0,v
2014-12-01 21:12,6.643,0.079,0,0,0,0,v
2014-12-01 21:18,6.647,0.100,0,0,0,0,v
2014-12-01 21:24,6.631,0.102,0,0,0,0,v
2014-12-01 21:30,6.634,0.077,0,0,0,0,v
2014-12-01 21:36,6.635,0.088,0,0,0,0,v
2014-12-01 21:42,6.632,0.084,0,0,0,0,v
2014-12-01 21:48,6.632,0.094,0,0,0,0,v
2014-12-01 21:54,6.632,0.095,0,0,0,0,v
2014-12-01 22:00,6.645,0.083,0,0,0,0,v
2014-12-01 22:06,6.648,0.087,0,0,0,0,v
2014-12-01 22:12,6.655,0.093,0,0,0,0,v
2014-12-01 22:18,6.644,0.092,0,0,0,0,v
2014-12-01 22:24,6.646,0.071,0,0,0,0,v
2014-12-01 22:30,6.650,0.085,0,0,0,0,v
2014-12-01 22:36,6.642,0.097,0,0,0,0,v
2014-12-01 22:42,6.656,0.079,0,0,0,0,v
2014-12-01 22:48,6.633,0.086,0,0,0,0,v
2014-12-01 22:54,6.625,0.089,0,0,0,0,v
2014-12-01 23:00,6.635,0.102,0,0,0,0,v
2014-12-01 23:06,6.646,0.086,0,0,0,0,v
2014-12-01 23:12,6.641,0.081,0,0,0,0,v
2014-12-01 23:18,6.631,0.083,0,0,0,0,v
2014-12-01 23:24,6.624,0.091,0,0,0,0,v
2014-12-01 23:30,6.601,0.097,0,0,0,0,v
2014-12-01 23:36,6.590,0.085,0,0,0,0,v
2014-12-01 23:42,6.616,0.088,0,0,0,0,v
2014-12-01 23:48,6.604,0.086,0,0,0,0,v
2014-12-01 23:54,6.610,0.099,0,0,0,0,v
2014-12-02 00:00,6.605,0.085,0,0,0,0,v
2014-12-02 00:06,6.610,0.088,0,0,0,0,v
2014-12-02 00:12,6.581,0.085,0,0,0,0,v
2014-12-02 00:18,6.591,0.101,0,0,0,0,v
2014-12-02 00:24,6.597,0.074,0,0,0,0,v
2014-12-02 00:30,6.583,0.095,0,0,0,0,v
2014-12-02 00:36,6.598,0.103,0,0,0,0,v
2014-12-02 00:42,6.606,0.089,0,0,0,0,v
2014-12-02 00:48,6.600,0.088,0,0,0,0,v
2014-12-02 00:54,6.600,0.083,0,0,0,0,v
2014-12-02 01:00,6.609,0.103,0,0,0,0,v
2014-12-02 01:06,6.613,0.080,0,0,0,0,v
2014-12-02 01:12,6.619,0.104,0,0,0,0,v
2014-12-02 01:18,6.616,0.093,0,0,0,0,v
2014-12-02 01:24,6.628,0.090,0,0,0,0,v
2014-12-02 01:30,6.634,0.088,0,0,0,0,v
2014-12-02 01:36,6.622,0.088,0,0,0,0,v
2014-12-02 01:42,6.645,0.079,0,0,0,0,v
2014-12-02 01:48,6.618,0.102,0,0,0,0,v
2014-12-02 01:54,6.631,0.080,0,0,0,0,v
2014-12-02 02:00,6.644,0.077,0,0,0,0,v
2014-12-02 02:06,6.640,0.086,0,0,0,0,v
2014-12-02 02:12,6.650,0.091,0,0,0,0,v
2014-12-02 02:18,6.656,0.094,0,0,0,0,v
2014-12-02 02:24,6.665,0.086,0,0,0,0,v
2014-12-02 02:30,6.667,0.096,0,0,0,0,v
2014-12-02 02:36,6.664,0.088,0,0,0,0,v
2014-12-02 02:42,6.683,0.080,0,0,0,0,v
2014-12-02 02:48,6.679,0.097,0,0,0,0,v
2014-12-02 02:54,6.706,0.092,0,0,0,0,v
2014-12-02 03:00,6.691,0.107,0,0,0,0,v
2014-12-02 03:06,6.703,0.101,0,0,0,0,v
2014-12-02 03:12,6.721,0.081,0,0,0,0,v
2014-12-02 03:18,6.728,0.088,0,0,0,0,v
2014-12-02 03:24,6.736,0.086,0,0,0,0,v
2014-12-02 03:30,6.743,0.086,0,0,0,0,v
2014-12-02 03:36,6.740,0.106,0,0,0,0,v
2014-12-02 03:42,6.751,0.098,0,0,0,0,v
2014-12-02 03:48,6.757,0.076,0,0,0,0,v
2014-12-02 03:54,6.759,0.090,0,0,0,0,v
2014-12-02 04:00,6.758,0.090,0,0,0,0,v
2014-12-02 04:06,6.775,0.094,0,0,0,0,v
2014-12-02 04:12,6.781,0.091,0,0,0,0,v
2014-12-02 04:18,6.776,0.097,0,0,0,0,v
2014-12-02 04:24,6.762,0.091,0,0,0,0,v
2014-12-02 04:30,6.768,0.089,0,0,0,0,v
2014-12-02 04:36,6.770,0.091,0,0,0,0,v
2014-12-02 04:42,6.766,0.088,0,0,0,0,v
2014-12-02 04:48,6.785,0.077,0,0,0,0,v
2014-12-02 04:54,6.780,0.093,0,0,0,0,v
2014-12-02 05:00,6.786,0.090,0,0,0,0,v
2014-12-02 05:06,6.796,0.083,0,0,0,0,v
2014-12-02 05:12,6.780,0.080,0,0,0,0,v
2014-12-02 05:18,6.777,0.073,0,0,0,0,v
2014-12-02 05:24,6.781,0.088,0,0,0,0,v
2014-12-02 05:30,6.785,0.080,0,0,0,0,v
2014-12-02 05:36,6.769,0.094,0,0,0,0,v
2014-12-02 05:42,6.763,0.088,0,0,0,0,v
2014-12-02 05:48,6.758,0.084,0,0,0,0,v
2014-12-02 05:54,6.751,0.085,0,0,0,0,v
2014-12-02 06:00,6.759,0.081,0,0,0,0,v
2014-12-02 06:06,6.735,0.090,0,0,0,0,v
2014-12-02 06:12,6.720,0.085,0,0,0,0,v
2014-12-02 06:18,6.716,0.074,0,0,0,0,v
2014-12-02 06:24,6.705,0.078,0,0,0,0,v
2014-12-02 06:30,6.704,0.091,0,0,0,0,v
2014-12-02 06:36,6.715,0.083,0,0,0,0,v
2014-12-02 06:42,6.681,0.086,0,0,0,0,v
2014-12-02 06:48,6.686,0.081,0,0,0,0,v
2014-12-02 06:54,6.687,0.077,0,0,0,0,v
2014-12-02 07:00,6.689,0.085,0,0,0,0,v
2014-12-02 07:06,6.683,0.073,0,0,0,0,v
2014-12-02 07:12,6.681,0.081,0,0,0,0,v
2014-12-02 07:18,6.665,0.072,0,0,0,0,v
2014-12-02 07:24,6.672,0.082,0,0,0,0,v
2014-12-02 07:30,6.652,0.094,0,0,0,0,v
2014-12-02 07:36,6.649,0.082,0,0,0,0,v
2014-12-02 07:42,6.639,0.071,0,0,0,0,v
2014-12-02 07:48,6.611,0.089,0,0,0,0,v
2014-12-02 07:54,6.615,0.078,0,0,0,0,v
2014-12-02 08:00,6.621,0.073,0,0,0,0,v
2014-12-02 08:06,6.629,0.092,0,0,0,0,v
2014-12-02 08:12,6.618,0.079,0,0,0,0,v
2014-12-02 08:18,6.612,0.077,0,0,0,0,v
2014-12-02 08:24,6.608,0.078,0,0,0,0,v
2014-12-02 08:30,6.621,0.071,0,0,0,0,v
2014-12-02 08:36,6.613,0.081,0,0,0,0,v
2014-12-02 08:42,6.605,0.078,0,0,0,0,v
2014-12-02 08:48,6.609,0.090,0,0,0,0,v
2014-12-02 08:54,6.620,0.077,0,0,0,0,v
2014-12-02 09:00,6.614,0.073,0,0,0,0,v
2014-12-02 09:06,6.605,0.097,0,0,0,0,v
2014-12-02 09:12,6.605,0.083,0,0,0,0,v
2014-12-02 09:18,6.563,0.097,0,0,0,0,v
2014-12-02 09:24,6.574,0.087,0,0,0,0,v
2014-12-02 09:30,6.579,0.080,0,0,0,0,v
2014-12-02 09:36,6.575,0.080,0,0,0,0,v
2014-12-02 09:42,6.540,0.084,0,0,0,0,v
2014-12-02 09:48,6.558,0.079,0,0,0,0,v
2014-12-02 09:54,6.553,0.083,0,0,0,0,v
2014-12-02 10:00,6.532,0.093,0,0,0,0,v
2014-12-02 10:06,6.552,0.085,0,0,0,0,v
2014-12-02 10:12,6.541,0.098,0,0,0,0,v
2014-12-02 10:18,6.540,0.078,0,0,0,0,v
2014-12-02 10:24,6.551,0.078,0,0,0,0,v
2014-12-02 10:30,6.538,0.088,0,0,0,0,v
2014-12-02 10:36,6.534,0.071,0,0,0,0,v
2014-12-02 10:42,6.507,0.085,0,0,0,0,v
2014-12-02 10:48,6.516,0.077,0,0,0,0,v
2014-12-02 10:54,6.530,0.080,0,0,0,0,v
2014-12-02 11:00,6.525,0.077,0,0,0,0,v
2014-12-02 11:06,6.535,0.096,0,0,0,0,v
2014-12-02 11:12,6.539,0.075,0,0,0,0,v
2014-12-02 11:18,6.524,0.098,0,0,0,0,v
2014-12-02 11:24,6.510,0.082,0,0,0,0,v
2014-12-02 11:30,6.518,0.087,0,0,0,0,v
2014-12-02 11:36,6.515,0.079,0,0,0,0,v
2014-12-02 11:42,6.499,0.102,0,0,0,0,v
2014-12-02 11:48,6.516,0.087,0,0,0,0,v
2014-12-02 11:54,6.498,0.098,0,0,0,0,v
2014-12-02 12:00,6.524,0.086,0,0,0,0,v
2014-12-02 12:06,6.532,0.087,0,0,0,0,v
2014-12-02 12:12,6.523,0.089,0,0,0,0,v
2014-12-02 12:18,6.554,0.084,0,0,0,0,v
2014-12-02 12:24,6.520,0.103,0,0,0,0,v
2014-12-02 12:30,6.547,0.092,0,0,0,0,v
2014-12-02 12:36,6.546,0.083,0,0,0,0,v
2014-12-02 12:42,6.549,0.087,0,0,0,0,v
2014-12-02 12:48,6.571,0.085,0,0,0,0,v
2014-12-02 12:54,6.587,0.078,0,0,0,0,v
2014-12-02 13:00,6.566,0.095,0,0,0,0,v
2014-12-02 13:06,6.564,0.092,0,0,0,0,v
2014-12-02 13:12,6.594,0.078,0,0,0,0,v
2014-12-02 13:18,6.577,0.077,0,0,0,0,v
2014-12-02 13:24,6.585,0.091,0,0,0,0,v
2014-12-02 13:30,6.599,0.084,0,0,0,0,v
2014-12-02 13:36,6.597,0.084,0,0,0,0,v
2014-12-02 13:42,6.611,0.101,0,0,0,0,v
2014-12-02 13:48,6.621,0.097,0,0,0,0,v
2014-12-02 13:54,6.620,0.080,0,0,0,0,v
2014-12-02 14:00,6.633,0.095,0,0,0,0,v
2014-12-02 14:06,6.625,0.085,0,0,0,0,v
2014-12-02 14:12,6.645,0.082,0,0,0,0,v
2014-12-02 14:18,6.646,0.083,0,0,0,0,v
2014-12-02 14:24,6.620,0.088,0,0,0,0,v
2014-12-02 14:30,6.678,0.086,0,0,0,0,v
2014-12-02 14:36,6.645,0.078,0,0,0,0,v
2014-12-02 14:42,6.674,0.084,0,0,0,0,v
2014-12-02 14:48,6.682,0.081,0,0,0,0,v
2014-12-02 14:54,6.695,0.091,0,0,0,0,v
2014-12-02 15:00,6.694,0.091,0,0,0,0,v
2014-12-02 15:06,6.721,0.078,0,0,0,0,v
2014-12-02 15:12,6.729,0.086,0,0,0,0,v
2014-12-02 15:18,6.741,0.086,0,0,0,0,v
2014-12-02 15:24,6.739,0.082,0,0,0,0,v
2014-12-02 15:30,6.769,0.096,0,0,0,0,v
2014-12-02 15:36,6.745,0.089,0,0,0,0,v
2014-12-02 15:42,6.756,0.101,0,0,0,0,v
2014-12-02 15:48,6.777,0.108,0,0,0,0,v
2014-12-02 15:54,6.785,0.089,0,0,0,0,v
2014-12-02 16:00,6.794,0.095,0,0,0,0,v
2014-12-02 16:06,6.803,0.098,0,0,0,0,v
2014-12-02 16:12,6.816,0.086,0,0,0,0,v
2014-12-02 16:18,6.830,0.077,0,0,0,0,v
2014-12-02 16:24,6.826,0.101,0,0,0,0,v
2014-12-02 16:30,6.843,0.115,0,0,0,0,v
2014-12-02 16:36,6.854,0.096,0,0,0,0,v
2014-12-02 16:42,6.849,0.083,0,0,0,0,v
2014-12-02 16:48,6.882,0.100,0,0,0,0,v
2014-12-02 16:54,6.867,0.092,0,0,0,0,v
2014-12-02 17:00,6.873,0.077,0,0,0,0,v
2014-12-02 17:06,6.870,0.098,0,0,0,0,v
2014-12-02 17:12,6.896,0.082,0,0,0,0,v
2014-12-02 17:18,6.885,0.100,0,0,0,0,v
2014-12-02 17:24,6.892,0.105,0,0,0,0,v
2014-12-02 17:30,6.889,0.108,0,0,0,0,v
2014-12-02 17:36,6.887,0.104,0,0,0,0,v
2014-12-02 17:42,6.871,0.094,0,0,0,0,v
2014-12-02 17:48,6.893,0.099,0,0,0,0,v
2014-12-02 17:54,6.895,0.078,0,0,0,0,v
2014-12-02 18:00,6.915,0.103,0,0,0,0,v
2014-12-02 18:06,6.906,0.097,0,0,0,0,v
2014-12-02 18:12,6.879,0.105,0,0,0,0,v
2014-12-02 18:18,6.876,0.089,0,0,0,0,v
2014-12-02 18:24,6.889,0.090,0,0,0,0,v
2014-12-02 18:30,6.885,0.096,0,0,0,0,v
2014-12-02 18:36,6.861,0.098,0,0,0,0,v
2014-12-02 18:42,6.870,0.081,0,0,0,0,v
2014-12-02 18:48,6.892,0.087,0,0,0,0,v
2014-12-02 18:54,6.872,0.091,0,0,0,0,v
2014-12-02 19:00,6.854,0.099,0,0,0,0,v
2014-12-02 19:06,6.889,0.094,0,0,0,0,v
2014-12-02 19:12,6.879,0.090,0,0,0,0,v
2014-12-02 19:18,6.874,0.098,0,0,0,0,v
2014-12-02 19:24,6.882,0.108,0,0,0,0,v
2014-12-02 19:30,6.889,0.107,0,0,0,0,v
2014-12-02 19:36,6.883,0.086,0,0,0,0,v
2014-12-02 19:42,6.890,0.083,0,0,0,0,v
2014-12-02 19:48,6.907,0.088,0,0,0,0,v
2014-12-02 19:54,6.906,0.083,0,0,0,0,v
2014-12-02 20:00,6.910,0.093,0,0,0,0,v
2014-12-02 20:06,6.907,0.087,0,0,0,0,v
2014-12-02 20:12,6.889,0.091,0,0,0,0,v
2014-12-02 20:18,6.920,0.103,0,0,0,0,v
2014-12-02 20:24,6.906,0.097,0,0,0,0,v
2014-12-02 20:30,6.900,0.098,0,0,0,0,v
2014-12-02 20:36,6.904,0.115,0,0,0,0,v
2014-12-02 20:42,6.903,0.096,0,0,0,0,v
2014-12-02 20:48,6.910,0.087,0,0,0,0,v
2014-12-02 20:54,6.912,0.082,0,0,0,0,v
2014-12-02 21:00,6.914,0.100,0,0,0,0,v
2014-12-02 21:06,6.905,0.084,0,0,0,0,v
2014-12-02 21:12,6.890,0.092,0,0,0,0,v
2014-12-02 21:18,6.872,0.102,0,0,0,0,v
2014-12-02 21:24,6.885,0.086,0,0,0,0,v
2014-12-02 21:30,6.874,0.101,0,0,0,0,v
2014-12-02 21:36,6.868,0.076,0,0,0,0,v
2014-12-02 21:42,6.848,0.100,0,0,0,0,v
2014-12-02 21:48,6.841,0.086,0,0,0,0,v
2014-12-02 21:54,6.855,0.084,0,0,0,0,v
2014-12-02 22:00,6.825,0.089,0,0,0,0,v
2014-12-02 22:06,6.829,0.094,0,0,0,0,v
2014-12-02 22:12,6.842,0.092,0,0,0,0,v
2014-12-02 22:18,6.812,0.077,0,0,0,0,v
2014-12-02 22:24,6.832,0.096,0,0,0,0,v
2014-12-02 22:30,6.821,0.076,0,0,0,0,v
2014-12-02 22:36,6.822,0.086,0,0,0,0,v
2014-12-02 22:42,6.801,0.099,0,0,0,0,v
2014-12-02 22:48,6.802,0.098,0,0,0,0,v
2014-12-02 22:54,6.797,0.092,0,0,0,0,v
2014-12-02 23:00,6.799,0.091,0,0,0,0,v
2014-12-02 23:06,6.795,0.093,0,0,0,0,v
2014-12-02 23:12,6.793,0.119,0,0,0,0,v
2014-12-02 23:18,6.783,0.091,0,0,0,0,v
2014-12-02 23:24,6.799,0.099,0,0,0,0,v
2014-12-02 23:30,6.778,0.102,0,0,0,0,v
2014-12-02 23:36,6.782,0.092,0,0,0,0,v
2014-12-02 23:42,6.791,0.087,0,0,0,0,v
2014-12-02 23:48,6.793,0.091,0,0,0,0,v
2014-12-02 23:54,6.775,0.096,0,0,0,0,v
2014-12-03 00:00,6.762,0.118,0,0,0,0,v
2014-12-03 00:06,6.789,0.099,0,0,0,0,v
2014-12-03 00:12,6.776,0.097,0,0,0,0,v
2014-12-03 00:18,6.779,0.095,0,0,0,0,v
2014-12-03 00:24,6.762,0.100,0,0,0,0,v
2014-12-03 00:30,6.776,0.077,0,0,0,0,v
2014-12-03 00:36,6.790,0.083,0,0,0,0,v
2014-12-03 00:42,6.777,0.080,0,0,0,0,v
2014-12-03 00:48,6.790,0.072,0,0,0,0,v
2014-12-03 00:54,6.787,0.094,0,0,0,0,v
2014-12-03 01:00,6.798,0.100,0,0,0,0,v
2014-12-03 01:06,6.807,0.096,0,0,0,0,v
2014-12-03 01:12,6.787,0.097,0,0,0,0,v
2014-12-03 01:18,6.781,0.080,0,0,0,0,v
2014-12-03 01:24,6.771,0.086,0,0,0,0,v
2014-12-03 01:30,6.757,0.093,0,0,0,0,v
2014-12-03 01:36,6.768,0.091,0,0,0,0,v
2014-12-03 01:42,6.756,0.087,0,0,0,0,v
2014-12-03 01:48,6.767,0.092,0,0,0,0,v
2014-12-03 01:54,6.762,0.087,0,0,0,0,v
2014-12-03 02:00,6.757,0.096,0,0,0,0,v
2014-12-03 02:06,6.763,0.100,0,0,0,0,v
2014-12-03 02:12,6.748,0.102,0,0,0,0,v
2014-12-03 02:18,6.766,0.084,0,0,0,0,v
2014-12-03 02:24,6.786,0.099,0,0,0,0,v
2014-12-03 02:30,6.782,0.096,0,0,0,0,v
2014-12-03 02:36,6.789,0.096,0,0,0,0,v
2014-12-03 02:42,6.786,0.073,0,0,0,0,v
2014-12-03 02:48,6.774,0.108,0,0,0,0,v
2014-12-03 02:54,6.802,0.084,0,0,0,0,v
2014-12-03 03:00,6.830,0.097,0,0,0,0,v
2014-12-03 03:06,6.807,0.096,0,0,0,0,v
2014-12-03 03:12,6.787,0.107,0,0,0,0,v
2014-12-03 03:18,6.802,0.093,0,0,0,0,v
2014-12-03 03:24,6.816,0.092,0,0,0,0,v
2014-12-03 03:30,6.821,0.098,0,0,0,0,v
2014-12-03 03:36,6.838,0.088,0,0,0,0,v
2014-12-03 03:42,6.813,0.114,0,0,0,0,v
2014-12-03 03:48,6.804,0.100,0,0,0,0,v
2014-12-03 03:54,6.815,0.084,0,0,0,0,v
2014-12-03 04:00,6.818,0.110,0,0,0,0,v
2014-12-03 04:06,6.830,0.094,0,0,0,0,v
2014-12-03 04:12,6.814,0.113,0,0,0,0,v
2014-12-03 04:18,6.811,0.089,0,0,0,0,v
2014-12-03 04:24,6.831,0.110,0,0,0,0,v
2014-12-03 04:30,6.804,0.119,0,0,0,0,v
2014-12-03 04:36,6.835,0.106,0,0,0,0,v
2014-12-03 04:42,6.811,0.094,0,0,0,0,v
2014-12-03 04:48,6.805,0.098,0,0,0,0,v
2014-12-03 04:54,6.803,0.124,0,0,0,0,v
2014-12-03 05:00,6.827,0.093,0,0,0,0,v
2014-12-03 05:06,6.815,0.113,0,0,0,0,v
2014-12-03 05:12,6.806,0.113,0,0,0,0,v
2014-12-03 05:18,6.785,0.101,0,0,0,0,v
2014-12-03 05:24,6.805,0.099,0,0,0,0,v
2014-12-03 05:30,6.800,0.085,0,0,0,0,v
2014-12-03 05:36,6.786,0.114,0,0,0,0,v
2014-12-03 05:42,6.773,0.086,0,0,0,0,v
2014-12-03 05:48,6.774,0.095,0,0,0,0,v
2014-12-03 05:54,6.760,0.120,0,0,0,0,v
2014-12-03 06:00,6.766,0.101,0,0,0,0,v
2014-12-03 06:06,6.764,0.108,0,0,0,0,v
2014-12-03 06:12,6.749,0.074,0,0,0,0,v
2014-12-03 06:18,6.739,0.092,0,0,0,0,v
2014-12-03 06:24,6.745,0.110,0,0,0,0,v
2014-12-03 06:30,6.754,0.106,0,0,0,0,v
2014-12-03 06:36,6.736,0.091,0,0,0,0,v
2014-12-03 06:42,6.742,0.084,0,0,0,0,v
2014-12-03 06:48,6.705,0.080,0,0,0,0,v
2014-12-03 06:54,6.705,0.094,0,0,0,0,v
2014-12-03 07:00,6.731,0.091,0,0,0,0,v
2014-12-03 07:06,6.719,0.097,0,0,0,0,v
2014-12-03 07:12,6.709,0.095,0,0,0,0,v
2014-12-03 07:18,6.706,0.094,0,0,0,0,v
2014-12-03 07:24,6.707,0.075,0,0,0,0,v
2014-12-03 07:30,6.688,0.100,0,0,0,0,v
2014-12-03 07:36,6.678,0.079,0,0,0,0,v
2014-12-03 07:42,6.670,0.100,0,0,0,0,v
2014-12-03 07:48,6.671,0.095,0,0,0,0,v
2014-12-03 07:54,6.688,0.094,0,0,0,0,v
2014-12-03 08:00,6.680,0.099,0,0,0,0,v
2014-12-03 08:06,6.677,0.104,0,0,0,0,v
2014-12-03 08:12,6.652,0.098,0,0,0,0,v
2014-12-03 08:18,6.647,0.103,0,0,0,0,v
2014-12-03 08:24,6.628,0.094,0,0,0,0,v
2014-12-03 08:30,6.640,0.090,0,0,0,0,v
2014-12-03 08:36,6.611,0.110,0,0,0,0,v
2014-12-03 08:42,6.599,0.093,0,0,0,0,v
2014-12-03 08:48,6.592,0.090,0,0,0,0,v
2014-12-03 08:54,6.584,0.105,0,0,0,0,v
2014-12-03 09:00,6.588,0.097,0,0,0,0,v
2014-12-03 09:06,6.555,0.092,0,0,0,0,v
2014-12-03 09:12,6.536,0.093,0,0,0,0,v
2014-12-03 09:18,6.551,0.087,0,0,0,0,v
2014-12-03 09:24,6.543,0.103,0,0,0,0,v
2014-12-03 09:30,6.524,0.094,0,0,0,0,v
2014-12-03 09:36,6.522,0.097,0,0,0,0,v
2014-12-03 09:42,6.492,0.111,0,0,0,0,v
2014-12-03 09:48,6.491,0.084,0,0,0,0,v
2014-12-03 09:54,6.510,0.089,0,0,0,0,v
2014-12-03 10:00,6.495,0.097,0,0,0,0,v
2014-12-03 10:06,6.505,0.113,0,0,0,0,v
2014-12-03 10:12,6.487,0.000,0,0,0,0,v
2014-12-03 10:18,6.464,0.099,0,0,0,0,v
2014-12-03 10:24,6.469,0.115,0,0,0,0,v
2014-12-03 10:30,6.478,0.000,0,0,0,0,v
2014-12-03 10:36,6.482,0.086,0,0,0,0,v
2014-12-03 10:42,6.472,0.093,0,0,0,0,v
2014-12-03 10:48,6.458,0.105,0,0,0,0,v
2014-12-03 10:54,6.431,0.099,0,0,0,0,v
2014-12-03 11:00,6.447,0.000,0,0,0,0,v
2014-12-03 11:06,6.439,0.104,0,0,0,0,v
2014-12-03 11:12,6.430,0.093,0,0,0,0,v
2014-12-03 11:18,6.434,0.117,0,0,0,0,v
2014-12-03 11:24,6.424,0.102,0,0,0,0,v
2014-12-03 11:30,6.452,0.000,0,0,0,0,v
2014-12-03 11:36,6.425,0.119,0,0,0,0,v
2014-12-03 11:42,6.416,0.100,0,0,0,0,v
2014-12-03 11:48,6.431,0.102,0,0,0,0,v
2014-12-03 11:54,6.432,0.122,0,0,0,0,v
2014-12-03 12:00,6.452,0.000,0,0,0,0,v
2014-12-03 12:06,6.451,0.117,0,0,0,0,v
2014-12-03 12:12,6.464,0.100,0,0,0,0,v
2014-12-03 12:18,6.452,0.101,0,0,0,0,v
2014-12-03 12:24,6.456,0.099,0,0,0,0,v
2014-12-03 12:30,6.458,0.128,0,0,0,0,v
2014-12-03 12:36,6.449,0.105,0,0,0,0,v
2014-12-03 12:42,6.438,0.120,0,0,0,0,v
2014-12-03 12:48,6.437,0.107,0,0,0,0,v
2014-12-03 12:54,6.445,0.117,0,0,0,0,v
2014-12-03 13:00,6.442,0.000,0,0,0,0,v
2014-12-03 13:06,6.446,0.095,0,0,0,0,v
2014-12-03 13:12,6.442,0.103,0,0,0,0,v
2014-12-03 13:18,6.461,0.100,0,0,0,0,v
2014-12-03 13:24,6.471,0.102,0,0,0,0,v
2014-12-03 13:30,6.479,0.107,0,0,0,0,v
2014-12-03 13:36,6.495,0.104,0,0,0,0,v
2014-12-03 13:42,6.473,0.111,0,0,0,0,v
2014-12-03 13:48,6.477,0.132,0,0,0,0,v
2014-12-03 13:54,6.481,0.110,0,0,0,0,v
2014-12-03 14:00,6.488,0.000,0,0,0,0,v
2014-12-03 14:06,6.510,0.109,0,0,0,0,v
2014-12-03 14:12,6.525,0.000,0,0,0,0,v
2014-12-03 14:18,6.535,0.095,0,0,0,0,v
2014-12-03 14:24,6.521,0.111,0,0,0,0,v
2014-12-03 14:30,6.497,0.099,0,0,0,0,v
2014-12-03 14:36,6.527,0.115,0,0,0,0,v
2014-12-03 14:42,6.546,0.122,0,0,0,0,v
2014-12-03 14:48,6.541,0.106,0,0,0,0,v
2014-12-03 14:54,6.564,0.095,0,0,0,0,v
2014-12-03 15:00,6.576,0.116,0,0,0,0,v
2014-12-03 15:06,6.576,0.127,0,0,0,0,v
2014-12-03 15:12,6.599,0.111,0,0,0,0,v
2014-12-03 15:18,6.619,0.102,0,0,0,0,v
2014-12-03 15:24,6.607,0.102,0,0,0,0,v
2014-12-03 15:30,6.629,0.125,0,0,0,0,v
2014-12-03 15:36,6.657,0.101,0,0,0,0,v
2014-12-03 15:42,6.667,0.107,0,0,0,0,v
2014-12-03 15:48,6.679,0.109,0,0,0,0,v
2014-12-03 15:54,6.699,0.101,0,0,0,0,v
2014-12-03 16:00,6.718,0.102,0,0,0,0,v
2014-12-03 16:06,6.724,0.104,0,0,0,0,v
2014-12-03 16:12,6.731,0.000,0,0,0,0,v
2014-12-03 16:18,6.754,0.103,0,0,0,0,v
2014-12-03 16:24,6.763,0.100,0,0,0,0,v
2014-12-03 16:30,6.761,0.112,0,0,0,0,v
2014-12-03 16:36,6.750,0.108,0,0,0,0,v
2014-12-03 16:42,6.767,0.106,0,0,0,0,v
2014-12-03 16:48,6.777,0.101,0,0,0,0,v
2014-12-03 16:54,6.774,0.110,0,0,0,0,v
2014-12-03 17:00,6.794,0.000,0,0,0,0,v
2014-12-03 17:06,6.807,0.129,0,0,0,0,v
2014-12-03 17:12,6.818,0.106,0,0,0,0,v
2014-12-03 17:18,6.796,0.000,0,0,0,0,v
2014-12-03 17:24,6.823,0.114,0,0,0,0,v
2014-12-03 17:30,6.839,0.110,0,0,0,0,v
2014-12-03 17:36,6.875,0.116,0,0,0,0,v
2014-12-03 17:42,6.869,0.099,0,0,0,0,v
2014-12-03 17:48,6.858,0.105,0,0,0,0,v
2014-12-03 17:54,6.875,0.104,0,0,0,0,v
2014-12-03 18:00,6.863,0.000,1,0,0,0,v
2014-12-03 18:06,6.851,0.000,0,0,0,0,v
2014-12-03 18:12,6.881,0.109,0,0,0,0,v
2014-12-03 18:18,6.889,0.109,0,0,0,0,v
2014-12-03 18:24,6.900,0.110,0,0,0,0,v
2014-12-03 18:30,6.914,0.128,0,0,0,0,v
2014-12-03 18:36,6.900,0.118,0,0,0,0,v
2014-12-03 18:42,6.909,0.111,0,0,0,0,v
2014-12-03 18:48,6.903,0.110,0,0,0,0,v
2014-12-03 18:54,6.917,0.114,0,0,0,0,v
2014-12-03 19:00,6.934,0.000,0,0,0,0,v
2014-12-03 19:06,6.940,0.096,0,0,0,0,v
2014-12-03 19:12,6.975,0.085,0,0,0,0,v
2014-12-03 19:18,6.951,0.113,0,0,0,0,v
2014-12-03 19:24,6.958,0.111,0,0,0,0,v
2014-12-03 19:30,6.942,0.100,0,0,0,0,v
2014-12-03 19:36,6.978,0.113,0,0,0,0,v
2014-12-03 19:42,6.962,0.092,0,0,0,0,v
2014-12-03 19:48,6.970,0.088,0,0,0,0,v
2014-12-03 19:54,6.978,0.107,0,0,0,0,v
2014-12-03 20:00,6.967,0.102,0,0,0,0,v
2014-12-03 20:06,6.958,0.101,0,0,0,0,v
2014-12-03 20:12,6.980,0.097,0,0,0,0,v
2014-12-03 20:18,6.975,0.096,0,0,0,0,v
2014-12-03 20:24,6.980,0.097,0,0,0,0,v
2014-12-03 20:30,6.994,0.105,0,0,0,0,v
2014-12-03 20:36,6.979,0.121,0,0,0,0,v
2014-12-03 20:42,6.985,0.109,0,0,0,0,v
2014-12-03 20:48,6.999,0.083,0,0,0,0,v
2014-12-03 20:54,6.995,0.118,0,0,0,0,v
2014-12-03 21:00,6.983,0.098,0,0,0,0,v
2014-12-03 21:06,6.973,0.111,0,0,0,0,v
2014-12-03 21:12,6.982,0.100,0,0,0,0,v
2014-12-03 21:18,6.974,0.107,0,0,0,0,v
2014-12-03 21:24,6.978,0.098,0,0,0,0,v
2014-12-03 21:30,6.977,0.113,0,0,0,0,v
2014-12-03 21:36,6.984,0.103,0,0,0,0,v
2014-12-03 21:42,6.992,0.085,0,0,0,0,v
2014-12-03 21:48,6.971,0.096,0,0,0,0,v
2014-12-03 21:54,6.956,0.103,0,0,0,0,v
2014-12-03 22:00,6.955,0.000,0,0,0,0,v
2014-12-03 22:06,6.955,0.104,0,0,0,0,v
2014-12-03 22:12,6.937,0.100,0,0,0,0,v
2014-12-03 22:18,6.935,0.113,0,0,0,0,v
2014-12-03 22:24,6.941,0.114,0,0,0,0,v
2014-12-03 22:30,6.939,0.094,0,0,0,0,v
2014-12-03 22:36,6.964,0.087,0,0,0,0,v
2014-12-03 22:42,6.953,0.121,0,0,0,0,v
2014-12-03 22:48,6.944,0.119,0,0,0,0,v
2014-12-03 22:54,6.929,0.120,0,0,0,0,v
2014-12-03 23:00,6.939,0.089,0,0,0,0,v
2014-12-03 23:06,6.948,0.098,0,0,0,0,v
2014-12-03 23:12,6.946,0.084,0,0,0,0,v
2014-12-03 23:18,6.935,0.093,0,0,0,0,v
2014-12-03 23:24,6.931,0.105,0,0,0,0,v
2014-12-03 23:30,6.920,0.103,0,0,0,0,v
2014-12-03 23:36,6.902,0.103,0,0,0,0,v
2014-12-03 23:42,6.914,0.113,0,0,0,0,v
2014-12-03 23:48,6.912,0.000,1,0,0,0,v
2014-12-03 23:54,6.909,0.000,0,0,0,0,v
2014-12-04 00:00,6.922,0.098,0,0,0,0,v
2014-12-04 00:06,6.900,0.109,0,0,0,0,v
2014-12-04 00:12,6.915,0.094,0,0,0,0,v
2014-12-04 00:18,6.906,0.097,0,0,0,0,v
2014-12-04 00:24,6.910,0.091,0,0,0,0,v
2014-12-04 00:30,6.911,0.100,0,0,0,0,v
2014-12-04 00:36,6.918,0.102,0,0,0,0,v
2014-12-04 00:42,6.911,0.084,0,0,0,0,v
2014-12-04 00:48,6.903,0.000,0,0,0,0,v
2014-12-04 00:54,6.906,0.079,0,0,0,0,v
2014-12-04 01:00,6.909,0.000,0,0,0,0,v
2014-12-04 01:06,6.912,0.094,0,0,0,0,v
2014-12-04 01:12,6.880,0.086,0,0,0,0,v
2014-12-04 01:18,6.879,0.093,0,0,0,0,v
2014-12-04 01:24,6.891,0.095,0,0,0,0,v
2014-12-04 01:30,6.880,0.069,0,0,0,0,v
2014-12-04 01:36,6.881,0.097,0,0,0,0,v
2014-12-04 01:42,6.885,0.108,0,0,0,0,v
2014-12-04 01:48,6.887,0.100,0,0,0,0,v
2014-12-04 01:54,6.880,0.116,0,0,0,0,v
2014-12-04 02:00,6.879,0.087,0,0,0,0,v
2014-12-04 02:06,6.879,0.098,0,0,0,0,v
2014-12-04 02:12,6.877,0.100,0,0,0,0,v
2014-12-04 02:18,6.870,0.089,0,0,0,0,v
2014-12-04 02:24,6.877,0.083,0,0,0,0,v
2014-12-04 02:30,6.892,0.092,0,0,0,0,v
2014-12-04 02:36,6.883,0.094,0,0,0,0,v
2014-12-04 02:42,6.869,0.103,0,0,0,0,v
2014-12-04 02:48,6.873,0.105,0,0,0,0,v
2014-12-04 02:54,6.871,0.091,0,0,0,0,v
2014-12-04 03:00,6.878,0.101,0,0,0,0,v
2014-12-04 03:06,6.875,0.097,0,0,0,0,v
2014-12-04 03:12,6.880,0.087,0,0,0,0,v
2014-12-04 03:18,6.874,0.093,0,0,0,0,v
2014-12-04 03:24,6.878,0.083,0,0,0,0,v
2014-12-04 03:30,6.884,0.086,0,0,0,0,v
2014-12-04 03:36,6.891,0.079,0,0,0,0,v
2014-12-04 03:42,6.876,0.102,0,0,0,0,v
2014-12-04 03:48,6.885,0.104,0,0,0,0,v
2014-12-04 03:54,6.869,0.079,0,0,0,0,v
2014-12-04 04:00,6.862,0.098,0,0,0,0,v
2014-12-04 04:06,6.872,0.089,0,0,0,0,v
2014-12-04 04:12,6.861,0.090,0,0,0,0,v
2014-12-04 04:18,6.863,0.088,0,0,0,0,v
2014-12-04 04:24,6.886,0.069,0,0,0,0,v
2014-12-04 04:30,6.880,0.099,0,0,0,0,v
2014-12-04 04:36,6.874,0.088,0,0,0,0,v
2014-12-04 04:42,6.881,0.087,0,0,0,0,v
2014-12-04 04:48,6.868,0.088,0,0,0,0,v
2014-12-04 04:54,6.876,0.084,0,0,0,0,v
2014-12-04 05:00,6.893,0.085,0,0,0,0,v
2014-12-04 05:06,6.886,0.063,0,0,0,0,v
2014-12-04 05:12,6.885,0.086,0,0,0,0,v
2014-12-04 05:18,6.875,0.090,0,0,0,0,v
2014-12-04 05:24,6.885,0.094,0,0,0,0,v
2014-12-04 05:30,6.891,0.091,0,0,0,0,v
2014-12-04 05:36,6.870,0.077,0,0,0,0,v
2014-12-04 05:42,6.870,0.097,0,0,0,0,v
2014-12-04 05:48,6.853,0.085,0,0,0,0,v
2014-12-04 05:54,6.847,0.097,0,0,0,0,v
2014-12-04 06:00,6.853,0.091,0,0,0,0,v
2014-12-04 06:06,6.852,0.080,0,0,0,0,v
2014-12-04 06:12,6.866,0.087,0,0,0,0,v
2014-12-04 06:18,6.854,0.095,0,0,0,0,v
2014-12-04 06:24,6.863,0.077,0,0,0,0,v
2014-12-04 06:30,6.845,0.078,0,0,0,0,v
2014-12-04 06:36,6.857,0.083,0,0,0,0,v
2014-12-04 06:42,6.847,0.080,0,0,0,0,v
2014-12-04 06:48,6.836,0.083,0,0,0,0,v
2014-12-04 06:54,6.834,0.085,0,0,0,0,v
2014-12-04 07:00,6.829,0.094,0,0,0,0,v
2014-12-04 07:06,6.824,0.090,0,0,0,0,v
2014-12-04 07:12,6.822,0.089,0,0,0,0,v
2014-12-04 07:18,6.825,0.072,0,0,0,0,v
2014-12-04 07:24,6.808,0.088,0,0,0,0,v
2014-12-04 07:30,6.793,0.085,0,0,0,0,v
2014-12-04 07:36,6.808,0.077,0,0,0,0,v
2014-12-04 07:42,6.777,0.081,0,0,0,0,v
2014-12-04 07:48,6.778,0.069,0,0,0,0,v
2014-12-04 07:54,6.779,0.081,0,0,0,0,v
2014-12-04 08:00,6.771,0.099,0,0,0,0,v
2014-12-04 08:06,6.758,0.074,0,0,0,0,v
2014-12-04 08:12,6.746,0.071,0,0,0,0,v
2014-12-04 08:18,6.724,0.085,0,0,0,0,v
2014-12-04 08:24,6.715,0.074,0,0,0,0,v
2014-12-04 08:30,6.692,0.090,0,0,0,0,v
2014-12-04 08:36,6.694,0.085,0,0,0,0,v
2014-12-04 08:42,6.684,0.071,0,0,0,0,v
2014-12-04 08:48,6.677,0.076,0,0,0,0,v
2014-12-04 08:54,6.674,0.075,0,0,0,0,v
2014-12-04 09:00,6.653,0.071,0,0,0,0,v
2014-12-04 09:06,6.651,0.084,0,0,0,0,v
2014-12-04 09:12,6.636,0.090,0,0,0,0,v
2014-12-04 09:18,6.603,0.090,0,0,0,0,v
2014-12-04 09:24,6.595,0.088,0,0,0,0,v
2014-12-04 09:30,6.616,0.072,0,0,0,0,v
2014-12-04 09:36,6.599,0.084,0,0,0,0,v
2014-12-04 09:42,6.587,0.092,0,0,0,0,v
2014-12-04 09:48,6.585,0.084,0,0,0,0,v
2014-12-04 09:54,6.590,0.076,0,0,0,0,v
2014-12-04 10:00,6.574,0.076,0,0,0,0,v
2014-12-04 10:06,6.568,0.075,0,0,0,0,v
2014-12-04 10:12,6.545,0.085,0,0,0,0,v
2014-12-04 10:18,6.552,0.082,0,0,0,0,v
2014-12-04 10:24,6.521,0.082,0,0,0,0,v
2014-12-04 10:30,6.522,0.072,0,0,0,0,v
2014-12-04 10:36,6.505,0.074,0,0,0,0,v
2014-12-04 10:42,6.504,0.067,0,0,0,0,v
2014-12-04 10:48,6.501,0.077,0,0,0,0,v
2014-12-04 10:54,6.489,0.085,0,0,0,0,v
2014-12-04 11:00,6.495,0.073,0,0,0,0,v
2014-12-04 11:06,6.482,0.094,0,0,0,0,v
2014-12-04 11:12,6.485,0.085,0,0,0,0,v
2014-12-04 11:18,6.485,0.069,0,0,0,0,v
2014-12-04 11:24,6.470,0.077,0,0,0,0,v
2014-12-04 11:30,6.477,0.081,0,0,0,0,v
2014-12-04 11:36,6.478,0.071,0,0,0,0,v
2014-12-04 11:42,6.459,0.077,0,0,0,0,v
2014-12-04 11:48,6.451,0.075,0,0,0,0,v
2014-12-04 11:54,6.431,0.093,0,0,0,0,v
2014-12-04 12:00,6.428,0.074,0,0,0,0,v
2014-12-04 12:06,6.404,0.075,0,0,0,0,v
2014-12-04 12:12,6.412,0.074,0,0,0,0,v
2014-12-04 12:18,6.429,0.075,0,0,0,0,v
2014-12-04 12:24,6.427,0.075,0,0,0,0,v
2014-12-04 12:30,6.421,0.084,0,0,0,0,v
2014-12-04 12:36,6.427,0.072,0,0,0,0,v
2014-12-04 12:42,6.434,0.073,0,0,0,0,v
2014-12-04 12:48,6.434,0.077,0,0,0,0,v
2014-12-04 12:54,6.430,0.079,0,0,0,0,v
2014-12-04 13:00,6.431,0.076,0,0,0,0,v
2014-12-04 13:06,6.430,0.077,0,0,0,0,v
2014-12-04 13:12,6.427,0.081,0,0,0,0,v
2014-12-04 13:18,6.425,0.074,0,0,0,0,v
2014-12-04 13:24,6.429,0.086,0,0,0,0,v
2014-12-04 13:30,6.447,0.086,0,0,0,0,v
2014-12-04 13:36,6.431,0.088,0,0,0,0,v
2014-12-04 13:42,6.448,0.078,0,0,0,0,v
2014-12-04 13:48,6.442,0.085,0,0,0,0,v
2014-12-04 13:54,6.453,0.090,0,0,0,0,v
2014-12-04 14:00,6.453,0.082,0,0,0,0,v
2014-12-04 14:06,6.457,0.093,0,0,0,0,v
2014-12-04 14:12,6.468,0.071,0,0,0,0,v
2014-12-04 14:18,6.466,0.078,0,0,0,0,v
2014-12-04 14:24,6.464,0.073,0,0,0,0,v
2014-12-04 14:30,6.476,0.072,0,0,0,0,v
2014-12-04 14:36,6.483,0.083,0,0,0,0,v
2014-12-04 14:42,6.488,0.084,0,0,0,0,v
2014-12-04 14:48,6.509,0.083,0,0,0,0,v
2014-12-04 14:54,6.529,0.074,0,0,0,0,v
2014-12-04 15:00,6.529,0.085,0,0,0,0,v
2014-12-04 15:06,6.541,0.080,0,0,0,0,v
2014-12-04 15:12,6.550,0.073,0,0,0,0,v
2014-12-04 15:18,6.564,0.074,0,0,0,0,v
2014-12-04 15:24,6.548,0.084,0,0,0,0,v
2014-12-04 15:30,6.566,0.074,0,0,0,0,v
2014-12-04 15:36,6.580,0.086,0,0,0,0,v
2014-12-04 15:42,6.593,0.079,0,0,0,0,v
2014-12-04 15:48,6.602,0.000,0,0,0,0,v
2014-12-04 15:54,6.605,0.066,0,0,0,0,v
2014-12-04 16:00,6.629,0.077,0,0,0,0,v
2014-12-04 16:06,6.645,0.072,0,0,0,0,v
2014-12-04 16:12,6.641,0.069,0,0,0,0,v
2014-12-04 16:18,6.652,0.079,0,0,0,0,v
2014-12-04 16:24,6.664,0.000,0,0,0,0,v
2014-12-04 16:30,6.669,0.089,0,0,0,0,v
2014-12-04 16:36,6.675,0.076,0,0,0,0,v
2014-12-04 16:42,6.700,0.071,0,0,0,0,v
2014-12-04 16:48,6.710,0.071,0,0,0,0,v
2014-12-04 16:54,6.724,0.074,0,0,0,0,v
2014-12-04 17:00,6.742,0.065,0,0,0,0,v
2014-12-04 17:06,6.747,0.069,0,0,0,0,v
2014-12-04 17:12,6.759,0.078,0,0,0,0,v
2014-12-04 17:18,6.755,0.078,0,0,0,0,v
2014-12-04 17:24,6.765,0.074,0,0,0,0,v
2014-12-04 17:30,6.778,0.080,0,0,0,0,v
2014-12-04 17:36,6.785,0.075,0,0,0,0,v
2014-12-04 17:42,6.802,0.000,0,0,0,0,v
2014-12-04 17:48,6.811,0.080,0,0,0,0,v
2014-12-04 17:54,6.807,0.073,0,0,0,0,v
2014-12-04 18:00,6.825,0.081,0,0,0,0,v
2014-12-04 18:06,6.844,0.067,0,0,0,0,v
2014-12-04 18:12,6.843,0.078,0,0,0,0,v
2014-12-04 18:18,6.858,0.064,0,0,0,0,v
2014-12-04 18:24,6.858,0.081,0,0,0,0,v
2014-12-04 18:30,6.863,0.084,0,0,0,0,v
2014-12-04 18:36,6.864,0.069,0,0,0,0,v
2014-12-04 18:42,6.864,0.089,0,0,0,0,v
2014-12-04 18:48,6.870,0.078,0,0,0,0,v
2014-12-04 18:54,6.892,0.066,0,0,0,0,v
2014-12-04 19:00,6.894,0.085,0,0,0,0,v
2014-12-04 19:06,6.899,0.073,0,0,0,0,v
2014-12-04 19:12,6.924,0.074,0,0,0,0,v
2014-12-04 19:18,6.923,0.074,0,0,0,0,v
2014-12-04 19:24,6.937,0.072,0,0,0,0,v
2014-12-04 19:30,6.960,0.079,0,0,0,0,v
2014-12-04 19:36,6.955,0.071,0,0,0,0,v
2014-12-04 19:42,6.952,0.079,0,0,0,0,v
2014-12-04 19:48,6.960,0.073,0,0,0,0,v
2014-12-04 19:54,6.966,0.067,0,0,0,0,v
2014-12-04 20:00,6.974,0.080,0,0,0,0,v
2014-12-04 20:06,6.980,0.073,0,0,0,0,v
2014-12-04 20:12,6.979,0.093,0,0,0,0,v
2014-12-04 20:18,6.985,0.078,0,0,0,0,v
2014-12-04 20:24,6.993,0.068,0,0,0,0,v
2014-12-04 20:30,7.004,0.069,0,0,0,0,v
2014-12-04 20:36,7.001,0.082,0,0,0,0,v
2014-12-04 20:42,7.000,0.074,0,0,0,0,v
2014-12-04 20:48,7.014,0.073,0,0,0,0,v
2014-12-04 20:54,7.006,0.086,0,0,0,0,v
2014-12-04 21:00,7.002,0.074,0,0,0,0,v
2014-12-04 21:06,7.008,0.068,0,0,0,0,v
2014-12-04 21:12,7.001,0.093,0,0,0,0,v
2014-12-04 21:18,7.009,0.076,0,0,0,0,v
2014-12-04 21:24,6.987,0.076,0,0,0,0,v
2014-12-04 21:30,6.986,0.085,0,0,0,0,v
2014-12-04 21:36,6.995,0.074,0,0,0,0,v
2014-12-04 21:42,6.976,0.078,0,0,0,0,v
2014-12-04 21:48,6.972,0.081,0,0,0,0,v
2014-12-04 21:54,6.986,0.063,0,0,0,0,v
2014-12-04 22:00,6.986,0.075,0,0,0,0,v
2014-12-04 22:06,6.982,0.086,0,0,0,0,v
2014-12-04 22:12,6.980,0.069,0,0,0,0,v
2014-12-04 22:18,6.974,0.067,0,0,0,0,v
2014-12-04 22:24,6.969,0.084,0,0,0,0,v
2014-12-04 22:30,6.982,0.076,0,0,0,0,v
2014-12-04 22:36,6.988,0.075,0,0,0,0,v
2014-12-04 22:42,6.964,0.082,0,0,0,0,v
2014-12-04 22:48,6.982,0.062,0,0,0,0,v
2014-12-04 22:54,6.986,0.075,0,0,0,0,v
2014-12-04 23:00,6.997,0.065,0,0,0,0,v
2014-12-04 23:06,6.994,0.064,0,0,0,0,v
2014-12-04 23:12,6.997,0.071,0,0,0,0,v
2014-12-04 23:18,6.993,0.057,0,0,0,0,v
2014-12-04 23:24,6.988,0.074,0,0,0,0,v
2014-12-04 23:30,6.991,0.077,0,0,0,0,v
2014-12-04 23:36,6.993,0.074,0,0,0,0,v
2014-12-04 23:42,6.978,0.081,0,0,0,0,v
2014-12-04 23:48,6.984,0.067,0,0,0,0,v
2014-12-04 23:54,6.975,0.071,0,0,0,0,v
2014-12-05 00:00,6.972,0.074,0,0,0,0,v
2014-12-05 00:06,6.983,0.056,0,0,0,0,v
2014-12-05 00:12,6.968,0.072,0,0,0,0,v
2014-12-05 00:18,6.978,0.069,0,0,0,0,v
2014-12-05 00:24,6.960,0.078,0,0,0,0,v
2014-12-05 00:30,6.980,0.071,0,0,0,0,v
2014-12-05 00:36,6.964,0.067,0,0,0,0,v
2014-12-05 00:42,6.968,0.054,0,0,0,0,v
2014-12-05 00:48,6.965,0.067,0,0,0,0,v
2014-12-05 00:54,6.956,0.058,0,0,0,0,v
2014-12-05 01:00,6.952,0.072,0,0,0,0,v
2014-12-05 01:06,6.958,0.059,0,0,0,0,v
2014-12-05 01:12,6.958,0.075,0,0,0,0,v
2014-12-05 01:18,6.941,0.065,0,0,0,0,v
2014-12-05 01:24,6.951,0.064,0,0,0,0,v
2014-12-05 01:30,6.937,0.067,0,0,0,0,v
2014-12-05 01:36,6.954,0.061,0,0,0,0,v
2014-12-05 01:42,6.941,0.066,0,0,0,0,v
2014-12-05 01:48,6.929,0.064,0,0,0,0,v
2014-12-05 01:54,6.919,0.063,0,0,0,0,v
2014-12-05 02:00,6.922,0.073,0,0,0,0,v
2014-12-05 02:06,6.907,0.069,0,0,0,0,v
2014-12-05 02:12,6.921,0.064,0,0,0,0,v
2014-12-05 02:18,6.909,0.064,0,0,0,0,v
2014-12-05 02:24,6.917,0.058,0,0,0,0,v
2014-12-05 02:30,6.910,0.067,0,0,0,0,v
2014-12-05 02:36,6.917,0.075,0,0,0,0,v
2014-12-05 02:42,6.909,0.080,0,0,0,0,v
2014-12-05 02:48,6.905,0.065,0,0,0,0,v
2014-12-05 02:54,6.892,0.080,0,0,0,0,v
2014-12-05 03:00,6.902,0.068,0,0,0,0,v
2014-12-05 03:06,6.900,0.066,0,0,0,0,v
2014-12-05 03:12,6.893,0.068,0,0,0,0,v
2014-12-05 03:18,6.895,0.085,0,0,0,0,v
2014-12-05 03:24,6.898,0.075,0,0,0,0,v
2014-12-05 03:30,6.890,0.081,0,0,0,0,v
2014-12-05 03:36,6.882,0.071,0,0,0,0,v
2014-12-05 03:42,6.878,0.068,0,0,0,0,v
2014-12-05 03:48,6.866,0.071,0,0,0,0,v
2014-12-05 03:54,6.871,0.072,0,0,0,0,v
2014-12-05 04:00,6.886,0.068,0,0,0,0,v
2014-12-05 04:06,6.876,0.071,0,0,0,0,v
2014-12-05 04:12,6.878,0.067,0,0,0,0,v
2014-12-05 04:18,6.871,0.074,0,0,0,0,v
2014-12-05 04:24,6.882,0.073,0,0,0,0,v
2014-12-05 04:30,6.892,0.075,0,0,0,0,v
2014-12-05 04:36,6.884,0.061,0,0,0,0,v
2014-12-05 04:42,6.886,0.061,0,0,0,0,v
2014-12-05 04:48,6.894,0.065,0,0,0,0,v
2014-12-05 04:54,6.878,0.063,0,0,0,0,v
2014-12-05 05:00,6.892,0.077,0,0,0,0,v
2014-12-05 05:06,6.894,0.072,0,0,0,0,v
2014-12-05 05:12,6.881,0.056,0,0,0,0,v
2014-12-05 05:18,6.882,0.062,0,0,0,0,v
2014-12-05 05:24,6.882,0.069,0,0,0,0,v
2014-12-05 05:30,6.879,0.065,0,0,0,0,v
2014-12-05 05:36,6.889,0.065,0,0,0,0,v
2014-12-05 05:42,6.876,0.061,0,0,0,0,v
2014-12-05 05:48,6.880,0.073,0,0,0,0,v
2014-12-05 05:54,6.890,0.063,0,0,0,0,v
2014-12-05 06:00,6.887,0.065,0,0,0,0,v
2014-12-05 06:06,6.888,0.067,0,0,0,0,v
2014-12-05 06:12,6.887,0.068,0,0,0,0,v
2014-12-05 06:18,6.894,0.059,0,0,0,0,v
2014-12-05 06:24,6.887,0.068,0,0,0,0,v
2014-12-05 06:30,6.879,0.079,0,0,0,0,v
2014-12-05 06:36,6.879,0.077,0,0,0,0,v
2014-12-05 06:42,6.878,0.061,0,0,0,0,v
2014-12-05 06:48,6.893,0.063,0,0,0,0,v
2014-12-05 06:54,6.888,0.059,0,0,0,0,v
2014-12-05 07:00,6.885,0.075,0,0,0,0,v
2014-12-05 07:06,6.881,0.064,0,0,0,0,v
2014-12-05 07:12,6.875,0.069,0,0,0,0,v
2014-12-05 07:18,6.877,0.070,0,0,0,0,v
2014-12-05 07:24,6.858,0.071,0,0,0,0,v
2014-12-05 07:30,6.842,0.053,0,0,0,0,v
2014-12-05 07:36,6.850,0.059,0,0,0,0,v
2014-12-05 07:42,6.838,0.064,0,0,0,0,v
2014-12-05 07:48,6.831,0.070,0,0,0,0,v
2014-12-05 07:54,6.825,0.062,0,0,0,0,v
2014-12-05 08:00,6.825,0.057,0,0,0,0,v
2014-12-05 08:06,6.809,0.067,0,0,0,0,v
2014-12-05 08:12,6.799,0.053,0,0,0,0,v
2014-12-05 08:18,6.800,0.062,0,0,0,0,v
2014-12-05 08:24,6.799,0.065,0,0,0,0,v
2014-12-05 08:30,6.799,0.051,0,0,0,0,v
2014-12-05 08:36,6.777,0.061,0,0,0,0,v
2014-12-05 08:42,6.775,0.059,0,0,0,0,v
2014-12-05 08:48,6.778,0.055,0,0,0,0,v
2014-12-05 08:54,6.763,0.064,0,0,0,0,v
2014-12-05 09:00,6.761,0.063,0,0,0,0,v
2014-12-05 09:06,6.747,0.055,0,0,0,0,v
2014-12-05 09:12,6.742,0.064,0,0,0,0,v
2014-12-05 09:18,6.736,0.058,0,0,0,0,v
2014-12-05 09:24,6.726,0.069,0,0,0,0,v
2014-12-05 09:30,6.704,0.054,0,0,0,0,v
2014-12-05 09:36,6.703,0.061,0,0,0,0,v
2014-12-05 09:42,6.689,0.052,0,0,0,0,v
2014-12-05 09:48,6.684,0.065,0,0,0,0,v
2014-12-05 09:54,6.668,0.063,0,0,0,0,v
2014-12-05 10:00,6.659,0.062,0,0,0,0,v
2014-12-05 10:06,6.662,0.068,0,0,0,0,v
2014-12-05 10:12,6.652,0.060,0,0,0,0,v
2014-12-05 10:18,6.650,0.064,0,0,0,0,v
2014-12-05 10:24,6.628,0.053,0,0,0,0,v
2014-12-05 10:30,6.635,0.055,0,0,0,0,v
2014-12-05 10:36,6.614,0.061,0,0,0,0,v
2014-12-05 10:42,6.607,0.057,0,0,0,0,v
2014-12-05 10:48,6.599,0.057,0,0,0,0,v
2014-12-05 10:54,6.597,0.057,0,0,0,0,v
2014-12-05 11:00,6.599,0.068,0,0,0,0,v
2014-12-05 11:06,6.578,0.067,0,0,0,0,v
2014-12-05 11:12,6.588,0.056,0,0,0,0,v
2014-12-05 11:18,6.583,0.054,0,0,0,0,v
2014-12-05 11:24,6.572,0.068,0,0,0,0,v
2014-12-05 11:30,6.553,0.050,0,0,0,0,v
2014-12-05 11:36,6.549,0.064,0,0,0,0,v
2014-12-05 11:42,6.534,0.054,0,0,0,0,v
2014-12-05 11:48,6.526,0.062,0,0,0,0,v
2014-12-05 11:54,6.524,0.061,0,0,0,0,v
2014-12-05 12:00,6.529,0.056,0,0,0,0,v
2014-12-05 12:06,6.531,0.057,0,0,0,0,v
2014-12-05 12:12,6.524,0.054,0,0,0,0,v
2014-12-05 12:18,6.506,0.058,0,0,0,0,v
2014-12-05 12:24,6.505,0.059,0,0,0,0,v
2014-12-05 12:30,6.485,0.066,0,0,0,0,v
2014-12-05 12:36,6.490,0.060,0,0,0,0,v
2014-12-05 12:42,6.493,0.059,0,0,0,0,v
2014-12-05 12:48,6.489,0.060,0,0,0,0,v
2014-12-05 12:54,6.495,0.058,0,0,0,0,v
2014-12-05 13:00,6.490,0.053,0,0,0,0,v
2014-12-05 13:06,6.490,0.058,0,0,0,0,v
2014-12-05 13:12,6.496,0.051,0,0,0,0,v
2014-12-05 13:18,6.503,0.058,0,0,0,0,v
2014-12-05 13:24,6.492,0.051,0,0,0,0,v
2014-12-05 13:30,6.491,0.068,0,0,0,0,v
2014-12-05 13:36,6.495,0.064,0,0,0,0,v
2014-12-05 13:42,6.500,0.063,0,0,0,0,v
2014-12-05 13:48,6.504,0.072,0,0,0,0,v
2014-12-05 13:54,6.505,0.060,0,0,0,0,v
2014-12-05 14:00,6.489,0.059,0,0,0,0,v
2014-12-05 14:06,6.489,0.068,0,0,0,0,v
2014-12-05 14:12,6.498,0.060,0,0,0,0,v
2014-12-05 14:18,6.507,0.059,0,0,0,0,v
2014-12-05 14:24,6.509,0.059,0,0,0,0,v
2014-12-05 14:30,6.527,0.058,0,0,0,0,v
2014-12-05 14:36,6.529,0.064,0,0,0,0,v
2014-12-05 14:42,6.526,0.061,0,0,0,0,v
2014-12-05 14:48,6.527,0.061,0,0,0,0,v
2014-12-05 14:54,6.534,0.059,0,0,0,0,v
2014-12-05 15:00,6.541,0.056,0,0,0,0,v
2014-12-05 15:06,6.556,0.055,0,0,0,0,v
2014-12-05 15:12,6.551,0.059,0,0,0,0,v
2014-12-05 15:18,6.560,0.063,0,0,0,0,v
2014-12-05 15:24,6.555,0.062,0,0,0,0,v
2014-12-05 15:30,6.578,0.058,0,0,0,0,v
2014-12-05 15:36,6.579,0.058,0,0,0,0,v
2014-12-05 15:42,6.603,0.055,0,0,0,0,v
2014-12-05 15:48,6.607,0.063,0,0,0,0,v
2014-12-05 15:54,6.617,0.064,0,0,0,0,v
2014-12-05 16:00,6.631,0.046,0,0,0,0,v
2014-12-05 16:06,6.626,0.054,0,0,0,0,v
2014-12-05 16:12,6.637,0.061,0,0,0,0,v
2014-12-05 16:18,6.633,0.060,0,0,0,0,v
2014-12-05 16:24,6.653,0.063,0,0,0,0,v
2014-12-05 16:30,6.669,0.054,0,0,0,0,v
2014-12-05 16:36,6.671,0.055,0,0,0,0,v
2014-12-05 16:42,6.692,0.062,0,0,0,0,v
2014-12-05 16:48,6.703,0.062,0,0,0,0,v
2014-12-05 16:54,6.708,0.057,0,0,0,0,v
2014-12-05 17:00,6.723,0.057,0,0,0,0,v
2014-12-05 17:06,6.731,0.059,0,0,0,0,v
2014-12-05 17:12,6.747,0.060,0,0,0,0,v
2014-12-05 17:18,6.753,0.067,0,0,0,0,v
2014-12-05 17:24,6.769,0.066,0,0,0,0,v
2014-12-05 17:30,6.784,0.059,0,0,0,0,v
2014-12-05 17:36,6.789,0.060,0,0,0,0,v
2014-12-05 17:42,6.808,0.059,0,0,0,0,v
2014-12-05 17:48,6.822,0.056,0,0,0,0,v
2014-12-05 17:54,6.827,0.053,0,0,0,0,v
2014-12-05 18:00,6.830,0.049,0,0,0,0,v
2014-12-05 18:06,6.862,0.058,0,0,0,0,v
2014-12-05 18:12,6.866,0.061,0,0,0,0,v
2014-12-05 18:18,6.877,0.067,0,0,0,0,v
2014-12-05 18:24,6.888,0.054,0,0,0,0,v
2014-12-05 18:30,6.901,0.060,0,0,0,0,v
2014-12-05 18:36,6.920,0.052,0,0,0,0,v
2014-12-05 18:42,6.931,0.063,0,0,0,0,v
2014-12-05 18:48,6.947,0.056,0,0,0,0,v
2014-12-05 18:54,6.951,0.066,0,0,0,0,v
2014-12-05 19:00,6.968,0.061,0,0,0,0,v
2014-12-05 19:06,6.974,0.055,0,0,0,0,v
2014-12-05 19:12,6.978,0.059,0,0,0,0,v
2014-12-05 19:18,6.981,0.050,0,0,0,0,v
2014-12-05 19:24,6.981,0.052,0,0,0,0,v
2014-12-05 19:30,7.008,0.055,0,0,0,0,v
2014-12-05 19:36,7.021,0.060,0,0,0,0,v
2014-12-05 19:42,7.021,0.051,0,0,0,0,v
2014-12-05 19:48,7.024,0.056,0,0,0,0,v
2014-12-05 19:54,7.026,0.062,0,0,0,0,v
2014-12-05 20:00,7.036,0.059,0,0,0,0,v
2014-12-05 20:06,7.040,0.063,0,0,0,0,v
2014-12-05 20:12,7.058,0.051,0,0,0,0,v
2014-12-05 20:18,7.059,0.060,0,0,0,0,v
2014-12-05 20:24,7.063,0.055,0,0,0,0,v
2014-12-05 20:30,7.080,0.056,0,0,0,0,v
2014-12-05 20:36,7.068,0.063,0,0,0,0,v
2014-12-05 20:42,7.065,0.063,0,0,0,0,v
2014-12-05 20:48,7.074,0.059,0,0,0,0,v
2014-12-05 20:54,7.080,0.055,0,0,0,0,v
2014-12-05 21:00,7.096,0.063,0,0,0,0,v
2014-12-05 21:06,7.107,0.059,0,0,0,0,v
2014-12-05 21:12,7.106,0.062,0,0,0,0,v
2014-12-05 21:18,7.096,0.058,0,0,0,0,v
2014-12-05 21:24,7.109,0.049,0,0,0,0,v
2014-12-05 21:30,7.093,0.057,0,0,0,0,v
2014-12-05 21:36,7.106,0.051,0,0,0,0,v
2014-12-05 21:42,7.108,0.058,0,0,0,0,v
2014-12-05 21:48,7.100,0.060,0,0,0,0,v
2014-12-05 21:54,7.106,0.052,0,0,0,0,v
2014-12-05 22:00,7.107,0.070,0,0,0,0,v
2014-12-05 22:06,7.101,0.058,0,0,0,0,v
2014-12-05 22:12,7.091,0.066,0,0,0,0,v
2014-12-05 22:18,7.104,0.058,0,0,0,0,v
2014-12-05 22:24,7.085,0.066,0,0,0,0,v
2014-12-05 22:30,7.097,0.055,0,0,0,0,v
2014-12-05 22:36,7.092,0.056,0,0,0,0,v
2014-12-05 22:42,7.102,0.058,0,0,0,0,v
2014-12-05 22:48,7.103,0.049,0,0,0,0,v
2014-12-05 22:54,7.096,0.059,0,0,0,0,v
2014-12-05 23:00,7.083,0.059,0,0,0,0,v
2014-12-05 23:06,7.087,0.062,0,0,0,0,v
2014-12-05 23:12,7.072,0.060,0,0,0,0,v
2014-12-05 23:18,7.057,0.052,0,0,0,0,v
2014-12-05 23:24,7.061,0.058,0,0,0,0,v
2014-12-05 23:30,7.063,0.050,0,0,0,0,v
2014-12-05 23:36,7.065,0.052,0,0,0,0,v
2014-12-05 23:42,7.052,0.059,0,0,0,0,v
2014-12-05 23:48,7.053,0.059,0,0,0,0,v
2014-12-05 23:54,7.046,0.052,0,0,0,0,v
2014-12-06 00:00,7.045,0.053,0,0,0,0,v
2014-12-06 00:06,7.048,0.058,0,0,0,0,v
2014-12-06 00:12,7.052,0.060,0,0,0,0,v
2014-12-06 00:18,7.057,0.045,0,0,0,0,v
2014-12-06 00:24,7.045,0.051,0,0,0,0,v
2014-12-06 00:30,7.038,0.043,0,0,0,0,v
2014-12-06 00:36,7.027,0.052,0,0,0,0,v
2014-12-06 00:42,7.022,0.052,0,0,0,0,v
2014-12-06 00:48,7.023,0.058,0,0,0,0,v
2014-12-06 00:54,7.024,0.055,0,0,0,0,v
2014-12-06 01:00,7.023,0.056,0,0,0,0,v
2014-12-06 01:06,7.027,0.055,0,0,0,0,v
2014-12-06 01:12,7.013,0.053,0,0,0,0,v
2014-12-06 01:18,7.024,0.050,0,0,0,0,v
2014-12-06 01:24,7.018,0.048,0,0,0,0,v
2014-12-06 01:30,7.011,0.054,0,0,0,0,v
2014-12-06 01:36,6.990,0.055,0,0,0,0,v
2014-12-06 01:42,7.005,0.045,0,0,0,0,v
2014-12-06 01:48,6.984,0.051,0,0,0,0,v
2014-12-06 01:54,6.994,0.055,0,0,0,0,v
2014-12-06 02:00,6.999,0.055,0,0,0,0,v
2014-12-06 02:06,7.001,0.049,0,0,0,0,v
2014-12-06 02:12,6.990,0.052,0,0,0,0,v
2014-12-06 02:18,6.988,0.053,0,0,0,0,v
2014-12-06 02:24,6.986,0.056,0,0,0,0,v
2014-12-06 02:30,6.972,0.050,0,0,0,0,v
2014-12-06 02:36,6.974,0.050,0,0,0,0,v
2014-12-06 02:42,6.981,0.061,0,0,0,0,v
2014-12-06 02:48,6.972,0.049,0,0,0,0,v
2014-12-06 02:54,6.966,0.059,0,0,0,0,v
2014-12-06 03:00,6.950,0.049,0,0,0,0,v
2014-12-06 03:06,6.949,0.060,0,0,0,0,v
2014-12-06 03:12,6.951,0.052,0,0,0,0,v
2014-12-06 03:18,6.929,0.051,0,0,0,0,v
2014-12-06 03:24,6.920,0.055,0,0,0,0,v
2014-12-06 03:30,6.934,0.051,0,0,0,0,v
2014-12-06 03:36,6.914,0.054,0,0,0,0,v
2014-12-06 03:42,6.918,0.051,0,0,0,0,v
2014-12-06 03:48,6.904,0.053,0,0,0,0,v
2014-12-06 03:54,6.908,0.049,0,0,0,0,v
2014-12-06 04:00,6.897,0.052,0,0,0,0,v
2014-12-06 04:06,6.889,0.057,0,0,0,0,v
2014-12-06 04:12,6.897,0.047,0,0,0,0,v
2014-12-06 04:18,6.893,0.059,0,0,0,0,v
2014-12-06 04:24,6.898,0.050,0,0,0,0,v
2014-12-06 04:30,6.868,0.060,0,0,0,0,v
2014-12-06 04:36,6.885,0.045,0,0,0,0,v
2014-12-06 04:42,6.865,0.052,0,0,0,0,v
2014-12-06 04:48,6.865,0.048,0,0,0,0,v
2014-12-06 04:54,6.870,0.040,0,0,0,0,v
2014-12-06 05:00,6.873,0.055,0,0,0,0,v
2014-12-06 05:06,6.871,0.049,0,0,0,0,v
2014-12-06 05:12,6.863,0.056,0,0,0,0,v
2014-12-06 05:18,6.852,0.044,0,0,0,0,v
2014-12-06 05:24,6.855,0.052,0,0,0,0,v
2014-12-06 05:30,6.873,0.052,0,0,0,0,v
2014-12-06 05:36,6.874,0.054,0,0,0,0,v
2014-12-06 05:42,6.875,0.050,0,0,0,0,v
2014-12-06 05:48,6.869,0.042,0,0,0,0,v
2014-12-06 05:54,6.851,0.052,0,0,0,0,v
2014-12-06 06:00,6.862,0.057,0,0,0,0,v
2014-12-06 06:06,6.864,0.051,0,0,0,0,v
2014-12-06 06:12,6.863,0.054,0,0,0,0,v
2014-12-06 06:18,6.860,0.049,0,0,0,0,v
2014-12-06 06:24,6.856,0.051,0,0,0,0,v
2014-12-06 06:30,6.855,0.054,0,0,0,0,v
2014-12-06 06:36,6.849,0.057,0,0,0,0,v
2014-12-06 06:42,6.850,0.049,0,0,0,0,v
2014-12-06 06:48,6.844,0.053,0,0,0,0,v
2014-12-06 06:54,6.855,0.055,0,0,0,0,v
2014-12-06 07:00,6.846,0.047,0,0,0,0,v
2014-12-06 07:06,6.831,0.055,0,0,0,0,v
2014-12-06 07:12,6.815,0.058,0,0,0,0,v
2014-12-06 07:18,6.814,0.047,0,0,0,0,v
2014-12-06 07:24,6.805,0.056,0,0,0,0,v
2014-12-06 07:30,6.817,0.046,0,0,0,0,v
2014-12-06 07:36,6.812,0.061,0,0,0,0,v
2014-12-06 07:42,6.806,0.053,0,0,0,0,v
2014-12-06 07:48,6.801,0.045,0,0,0,0,v
2014-12-06 07:54,6.794,0.047,0,0,0,0,v
2014-12-06 08:00,6.774,0.045,0,0,0,0,v
2014-12-06 08:06,6.765,0.054,0,0,0,0,v
2014-12-06 08:12,6.744,0.051,0,0,0,0,v
2014-12-06 08:18,6.744,0.058,0,0,0,0,v
2014-12-06 08:24,6.754,0.048,0,0,0,0,v
2014-12-06 08:30,6.740,0.053,0,0,0,0,v
2014-12-06 08:36,6.711,0.051,0,0,0,0,v
2014-12-06 08:42,6.719,0.054,0,0,0,0,v
2014-12-06 08:48,6.714,0.050,0,0,0,0,v
2014-12-06 08:54,6.712,0.045,0,0,0,0,v
2014-12-06 09:00,6.685,0.059,0,0,0,0,v
2014-12-06 09:06,6.683,0.049,0,0,0,0,v
2014-12-06 09:12,6.679,0.050,0,0,0,0,v
2014-12-06 09:18,6.669,0.045,0,0,0,0,v
2014-12-06 09:24,6.664,0.052,0,0,0,0,v
2014-12-06 09:30,6.655,0.054,0,0,0,0,v
2014-12-06 09:36,6.657,0.055,0,0,0,0,v
2014-12-06 09:42,6.645,0.048,0,0,0,0,v
2014-12-06 09:48,6.621,0.059,0,0,0,0,v
2014-12-06 09:54,6.615,0.055,0,0,0,0,v
2014-12-06 10:00,6.596,0.050,0,0,0,0,v
2014-12-06 10:06,6.584,0.051,0,0,0,0,v
2014-12-06 10:12,6.574,0.050,0,0,0,0,v
2014-12-06 10:18,6.573,0.057,0,0,0,0,v
2014-12-06 10:24,6.548,0.058,0,0,0,0,v
2014-12-06 10:30,6.538,0.045,0,0,0,0,v
2014-12-06 10:36,6.539,0.049,0,0,0,0,v
2014-12-06 10:42,6.531,0.051,0,0,0,0,v
2014-12-06 10:48,6.507,0.055,0,0,0,0,v
2014-12-06 10:54,6.509,0.047,0,0,0,0,v
2014-12-06 11:00,6.485,0.053,0,0,0,0,v
2014-12-06 11:06,6.479,0.055,0,0,0,0,v
2014-12-06 11:12,6.479,0.047,0,0,0,0,v
2014-12-06 11:18,6.466,0.054,0,0,0,0,v
2014-12-06 11:24,6.459,0.049,0,0,0,0,v
2014-12-06 11:30,6.456,0.057,0,0,0,0,v
2014-12-06 11:36,6.450,0.057,0,0,0,0,v
2014-12-06 11:42,6.441,0.053,0,0,0,0,v
2014-12-06 11:48,6.446,0.046,0,0,0,0,v
2014-12-06 11:54,6.430,0.055,0,0,0,0,v
2014-12-06 12:00,6.420,0.053,0,0,0,0,v
2014-12-06 12:06,6.405,0.054,0,0,0,0,v
2014-12-06 12:12,6.407,0.046,0,0,0,0,v
2014-12-06 12:18,6.417,0.051,0,0,0,0,v
2014-12-06 12:24,6.401,0.057,0,0,0,0,v
2014-12-06 12:30,6.393,0.045,0,0,0,0,v
2014-12-06 12:36,6.377,0.046,0,0,0,0,v
2014-12-06 12:42,6.359,0.046,0,0,0,0,v
2014-12-06 12:48,6.336,0.051,0,0,0,0,v
2014-12-06 12:54,6.335,0.051,0,0,0,0,v
2014-12-06 13:00,6.348,0.046,0,0,0,0,v
2014-12-06 13:06,6.360,0.053,0,0,0,0,v
2014-12-06 13:12,6.355,0.054,0,0,0,0,v
2014-12-06 13:18,6.353,0.061,0,0,0,0,v
2014-12-06 13:24,6.336,0.048,0,0,0,0,v
2014-12-06 13:30,6.322,0.051,0,0,0,0,v
2014-12-06 13:36,6.317,0.053,0,0,0,0,v
2014-12-06 13:42,6.313,0.064,0,0,0,0,v
2014-12-06 13:48,6.320,0.054,0,0,0,0,v
2014-12-06 13:54,6.340,0.054,0,0,0,0,v
2014-12-06 14:00,6.324,0.056,0,0,0,0,v
2014-12-06 14:06,6.324,0.054,0,0,0,0,v
2014-12-06 14:12,6.313,0.050,0,0,0,0,v
2014-12-06 14:18,6.314,0.056,0,0,0,0,v
2014-12-06 14:24,6.321,0.054,0,0,0,0,v
2014-12-06 14:30,6.323,0.041,0,0,0,0,v
2014-12-06 14:36,6.326,0.054,0,0,0,0,v
2014-12-06 14:42,6.329,0.053,0,0,0,0,v
2014-12-06 14:48,6.328,0.045,0,0,0,0,v
2014-12-06 14:54,6.319,0.057,0,0,0,0,v
2014-12-06 15:00,6.326,0.051,0,0,0,0,v
2014-12-06 15:06,6.341,0.054,0,0,0,0,v
2014-12-06 15:12,6.355,0.045,0,0,0,0,v
2014-12-06 15:18,6.351,0.059,0,0,0,0,v
2014-12-06 15:24,6.370,0.053,0,0,0,0,v
2014-12-06 15:30,6.367,0.047,0,0,0,0,v
2014-12-06 15:36,6.365,0.056,0,0,0,0,v
2014-12-06 15:42,6.371,0.055,0,0,0,0,v
2014-12-06 15:48,6.387,0.048,0,0,0,0,v
2014-12-06 15:54,6.414,0.042,0,0,0,0,v
2014-12-06 16:00,6.419,0.060,0,0,0,0,v
2014-12-06 16:06,6.419,0.058,0,0,0,0,v
2014-12-06 16:12,6.409,0.057,0,0,0,0,v
2014-12-06 16:18,6.435,0.050,0,0,0,0,v
2014-12-06 16:24,6.438,0.057,0,0,0,0,v
2014-12-06 16:30,6.456,0.052,0,0,0,0,v
2014-12-06 16:36,6.472,0.048,0,0,0,0,v
2014-12-06 16:42,6.454,0.048,0,0,0,0,v
2014-12-06 16:48,6.469,0.054,0,0,0,0,v
2014-12-06 16:54,6.490,0.041,0,0,0,0,v
2014-12-06 17:00,6.494,0.049,0,0,0,0,v
2014-12-06 17:06,6.506,0.062,0,0,0,0,v
2014-12-06 17:12,6.518,0.044,0,0,0,0,v
2014-12-06 17:18,6.528,0.051,0,0,0,0,v
2014-12-06 17:24,6.543,0.049,0,0,0,0,v
2014-12-06 17:30,6.555,0.044,0,0,0,0,v
2014-12-06 17:36,6.573,0.048,0,0,0,0,v
2014-12-06 17:42,6.588,0.050,0,0,0,0,v
2014-12-06 17:48,6.596,0.046,0,0,0,0,v
2014-12-06 17:54,6.604,0.051,0,0,0,0,v
2014-12-06 18:00,6.621,0.051,0,0,0,0,v
2014-12-06 18:06,6.630,0.049,0,0,0,0,v
2014-12-06 18:12,6.646,0.048,0,0,0,0,v
2014-12-06 18:18,6.651,0.061,0,0,0,0,v
2014-12-06 18:24,6.665,0.047,0,0,0,0,v
2014-12-06 18:30,6.677,0.048,0,0,0,0,v
2014-12-06 18:36,6.682,0.054,0,0,0,0,v
2014-12-06 18:42,6.689,0.048,0,0,0,0,v
2014-12-06 18:48,6.704,0.049,0,0,0,0,v
2014-12-06 18:54,6.716,0.043,0,0,0,0,v
2014-12-06 19:00,6.734,0.058,0,0,0,0,v
2014-12-06 19:06,6.749,0.048,0,0,0,0,v
2014-12-06 19:12,6.762,0.049,0,0,0,0,v
2014-12-06 19:18,6.772,0.051,0,0,0,0,v
2014-12-06 19:24,6.797,0.047,0,0,0,0,v
2014-12-06 19:30,6.810,0.050,0,0,0,0,v
2014-12-06 19:36,6.817,0.050,0,0,0,0,v
2014-12-06 19:42,6.822,0.057,0,0,0,0,v
2014-12-06 19:48,6.836,0.046,0,0,0,0,v
2014-12-06 19:54,6.838,0.045,0,0,0,0,v
2014-12-06 20:00,6.847,0.044,0,0,0,0,v
2014-12-06 20:06,6.857,0.053,0,0,0,0,v
2014-12-06 20:12,6.885,0.046,0,0,0,0,v
2014-12-06 20:18,6.887,0.048,0,0,0,0,v
2014-12-06 20:24,6.908,0.050,0,0,0,0,v
2014-12-06 20:30,6.911,0.059,0,0,0,0,v
2014-12-06 20:36,6.921,0.050,0,0,0,0,v
2014-12-06 20:42,6.932,0.051,0,0,0,0,v
2014-12-06 20:48,6.927,0.051,0,0,0,0,v
2014-12-06 20:54,6.944,0.047,0,0,0,0,v
2014-12-06 21:00,6.957,0.058,0,0,0,0,v
2014-12-06 21:06,6.961,0.047,0,0,0,0,v
2014-12-06 21:12,6.960,0.056,0,0,0,0,v
2014-12-06 21:18,6.962,0.052,0,0,0,0,v
2014-12-06 21:24,6.967,0.059,0,0,0,0,v
2014-12-06 21:30,6.979,0.045,0,0,0,0,v
2014-12-06 21:36,6.975,0.051,0,0,0,0,v
2014-12-06 21:42,6.980,0.051,0,0,0,0,v
2014-12-06 21:48,6.975,0.050,0,0,0,0,v
2014-12-06 21:54,6.974,0.059,0,0,0,0,v
2014-12-06 22:00,6.989,0.049,0,0,0,0,v
2014-12-06 22:06,6.999,0.057,0,0,0,0,v
2014-12-06 22:12,7.005,0.050,0,0,0,0,v
2014-12-06 22:18,7.010,0.055,0,0,0,0,v
2014-12-06 22:24,6.998,0.053,0,0,0,0,v
2014-12-06 22:30,6.998,0.058,0,0,0,0,v
2014-12-06 22:36,7.001,0.054,0,0,0,0,v
2014-12-06 22:42,7.001,0.050,0,0,0,0,v
2014-12-06 22:48,6.989,0.037,0,0,0,0,v
2014-12-06 22:54,6.995,0.047,0,0,0,0,v
2014-12-06 23:00,6.992,0.047,0,0,0,0,v
2014-12-06 23:06,6.985,0.052,0,0,0,0,v
2014-12-06 23:12,6.997,0.044,0,0,0,0,v
2014-12-06 23:18,6.988,0.055,0,0,0,0,v
2014-12-06 23:24,7.000,0.056,0,0,0,0,v
2014-12-06 23:30,7.013,0.046,0,0,0,0,v
2014-12-06 23:36,7.007,0.046,0,0,0,0,v
2014-12-06 23:42,6.998,0.053,0,0,0,0,v
2014-12-06 23:48,6.994,0.055,0,0,0,0,v
2014-12-06 23:54,6.989,0.054,0,0,0,0,v
2014-12-07 00:00,6.984,0.053,0,0,0,0,v
2014-12-07 00:06,6.984,0.043,0,0,0,0,v
2014-12-07 00:12,6.975,0.049,0,0,0,0,v
2014-12-07 00:18,6.968,0.058,0,0,0,0,v
2014-12-07 00:24,6.965,0.057,0,0,0,0,v
2014-12-07 00:30,6.975,0.040,0,0,0,0,v
2014-12-07 00:36,6.968,0.042,0,0,0,0,v
2014-12-07 00:42,6.961,0.043,0,0,0,0,v
2014-12-07 00:48,6.958,0.047,0,0,0,0,v
2014-12-07 00:54,6.964,0.045,0,0,0,0,v
2014-12-07 01:00,6.955,0.046,0,0,0,0,v
2014-12-07 01:06,6.946,0.053,0,0,0,0,v
2014-12-07 01:12,6.937,0.053,0,0,0,0,v
2014-12-07 01:18,6.936,0.054,0,0,0,0,v
2014-12-07 01:24,6.948,0.051,0,0,0,0,v
2014-12-07 01:30,6.940,0.049,0,0,0,0,v
2014-12-07 01:36,6.939,0.051,0,0,0,0,v
2014-12-07 01:42,6.928,0.051,0,0,0,0,v
2014-12-07 01:48,6.929,0.053,0,0,0,0,v
2014-12-07 01:54,6.922,0.045,0,0,0,0,v
2014-12-07 02:00,6.924,0.056,0,0,0,0,v
2014-12-07 02:06,6.914,0.050,0,0,0,0,v
2014-12-07 02:12,6.916,0.046,0,0,0,0,v
2014-12-07 02:18,6.907,0.055,0,0,0,0,v
2014-12-07 02:24,6.913,0.053,0,0,0,0,v
2014-12-07 02:30,6.918,0.050,0,0,0,0,v
2014-12-07 02:36,6.905,0.051,0,0,0,0,v
2014-12-07 02:42,6.909,0.051,0,0,0,0,v
2014-12-07 02:48,6.904,0.052,0,0,0,0,v
2014-12-07 02:54,6.905,0.054,0,0,0,0,v
2014-12-07 03:00,6.909,0.050,0,0,0,0,v
2014-12-07 03:06,6.899,0.045,0,0,0,0,v
2014-12-07 03:12,6.895,0.053,0,0,0,0,v
2014-12-07 03:18,6.898,0.050,0,0,0,0,v
2014-12-07 03:24,6.902,0.052,0,0,0,0,v
2014-12-07 03:30,6.892,0.059,0,0,0,0,v
2014-12-07 03:36,6.899,0.050,0,0,0,0,v
2014-12-07 03:42,6.879,0.051,0,0,0,0,v
2014-12-07 03:48,6.872,0.049,0,0,0,0,v
2014-12-07 03:54,6.861,0.060,0,0,0,0,v
2014-12-07 04:00,6.860,0.052,0,0,0,0,v
2014-12-07 04:06,6.860,0.055,0,0,0,0,v
2014-12-07 04:12,6.861,0.055,0,0,0,0,v
2014-12-07 04:18,6.860,0.051,0,0,0,0,v
2014-12-07 04:24,6.856,0.049,0,0,0,0,v
2014-12-07 04:30,6.861,0.053,0,0,0,0,v
2014-12-07 04:36,6.862,0.049,0,0,0,0,v
2014-12-07 04:42,6.844,0.049,0,0,0,0,v
2014-12-07 04:48,6.852,0.044,0,0,0,0,v
2014-12-07 04:54,6.854,0.053,0,0,0,0,v
2014-12-07 05:00,6.857,0.047,0,0,0,0,v
2014-12-07 05:06,6.854,0.051,0,0,0,0,v
2014-12-07 05:12,6.861,0.047,0,0,0,0,v
2014-12-07 05:18,6.851,0.055,0,0,0,0,v
2014-12-07 05:24,6.838,0.063,0,0,0,0,v
2014-12-07 05:30,6.832,0.055,0,0,0,0,v
2014-12-07 05:36,6.835,0.050,0,0,0,0,v
2014-12-07 05:42,6.819,0.048,0,0,0,0,v
2014-12-07 05:48,6.826,0.053,0,0,0,0,v
2014-12-07 05:54,6.830,0.053,0,0,0,0,v
2014-12-07 06:00,6.836,0.050,0,0,0,0,v
2014-12-07 06:06,6.830,0.050,0,0,0,0,v
2014-12-07 06:12,6.829,0.054,0,0,0,0,v
2014-12-07 06:18,6.826,0.051,0,0,0,0,v
2014-12-07 06:24,6.821,0.047,0,0,0,0,v
2014-12-07 06:30,6.826,0.050,0,0,0,0,v
2014-12-07 06:36,6.828,0.045,0,0,0,0,v
2014-12-07 06:42,6.836,0.050,0,0,0,0,v
2014-12-07 06:48,6.840,0.057,0,0,0,0,v
2014-12-07 06:54,6.833,0.046,0,0,0,0,v
2014-12-07 07:00,6.825,0.061,0,0,0,0,v
2014-12-07 07:06,6.831,0.047,0,0,0,0,v
2014-12-07 07:12,6.828,0.051,0,0,0,0,v
2014-12-07 07:18,6.821,0.057,0,0,0,0,v
2014-12-07 07:24,6.821,0.055,0,0,0,0,v
2014-12-07 07:30,6.817,0.057,0,0,0,0,v
2014-12-07 07:36,6.815,0.057,0,0,0,0,v
2014-12-07 07:42,6.819,0.054,0,0,0,0,v
2014-12-07 07:48,6.819,0.059,0,0,0,0,v
2014-12-07 07:54,6.823,0.052,0,0,0,0,v
2014-12-07 08:00,6.819,0.050,0,0,0,0,v
2014-12-07 08:06,6.818,0.046,0,0,0,0,v
2014-12-07 08:12,6.807,0.048,0,0,0,0,v
2014-12-07 08:18,6.809,0.052,0,0,0,0,v
2014-12-07 08:24,6.807,0.049,0,0,0,0,v
2014-12-07 08:30,6.802,0.048,0,0,0,0,v
2014-12-07 08:36,6.794,0.056,0,0,0,0,v
2014-12-07 08:42,6.799,0.044,0,0,0,0,v
2014-12-07 08:48,6.796,0.046,0,0,0,0,v
2014-12-07 08:54,6.783,0.052,0,0,0,0,v
2014-12-07 09:00,6.777,0.043,0,0,0,0,v
2014-12-07 09:06,6.752,0.050,0,0,0,0,v
2014-12-07 09:12,6.752,0.053,0,0,0,0,v
2014-12-07 09:18,6.749,0.048,0,0,0,0,v
2014-12-07 09:24,6.728,0.046,0,0,0,0,v
2014-12-07 09:30,6.724,0.051,0,0,0,0,v
2014-12-07 09:36,6.708,0.048,0,0,0,0,v
2014-12-07 09:42,6.704,0.048,0,0,0,0,v
2014-12-07 09:48,6.692,0.053,0,0,0,0,v
2014-12-07 09:54,6.686,0.042,0,0,0,0,v
2014-12-07 10:00,6.671,0.045,0,0,0,0,v
2014-12-07 10:06,6.662,0.054,0,0,0,0,v
2014-12-07 10:12,6.655,0.042,0,0,0,0,v
2014-12-07 10:18,6.647,0.046,0,0,0,0,v
2014-12-07 10:24,6.631,0.054,0,0,0,0,v
2014-12-07 10:30,6.632,0.056,0,0,0,0,v
2014-12-07 10:36,6.623,0.046,0,0,0,0,v
2014-12-07 10:42,6.617,0.046,0,0,0,0,v
2014-12-07 10:48,6.599,0.043,0,0,0,0,v
2014-12-07 10:54,6.592,0.054,0,0,0,0,v
2014-12-07 11:00,6.583,0.054,0,0,0,0,v
2014-12-07 11:06,6.581,0.050,0,0,0,0,v
2014-12-07 11:12,6.571,0.051,0,0,0,0,v
2014-12-07 11:18,6.567,0.053,0,0,0,0,v
2014-12-07 11:24,6.567,0.042,0,0,0,0,v
2014-12-07 11:30,6.558,0.045,0,0,0,0,v
2014-12-07 11:36,6.544,0.045,0,0,0,0,v
2014-12-07 11:42,6.538,0.041,0,0,0,0,v
2014-12-07 11:48,6.526,0.046,0,0,0,0,v
2014-12-07 11:54,6.522,0.044,0,0,0,0,v
2014-12-07 12:00,6.498,0.053,0,0,0,0,v
2014-12-07 12:06,6.498,0.047,0,0,0,0,v
2014-12-07 12:12,6.494,0.049,0,0,0,0,v
2014-12-07 12:18,6.493,0.053,0,0,0,0,v
2014-12-07 12:24,6.488,0.056,0,0,0,0,v
2014-12-07 12:30,6.490,0.044,0,0,0,0,v
2014-12-07 12:36,6.494,0.047,0,0,0,0,v
2014-12-07 12:42,6.481,0.048,0,0,0,0,v
2014-12-07 12:48,6.471,0.059,0,0,0,0,v
2014-12-07 12:54,6.469,0.056,0,0,0,0,v
2014-12-07 13:00,6.462,0.050,0,0,0,0,v
2014-12-07 13:06,6.463,0.049,0,0,0,0,v
2014-12-07 13:12,6.453,0.051,0,0,0,0,v
2014-12-07 13:18,6.446,0.059,0,0,0,0,v
2014-12-07 13:24,6.436,0.054,0,0,0,0,v
2014-12-07 13:30,6.437,0.053,0,0,0,0,v
2014-12-07 13:36,6.431,0.048,0,0,0,0,v
2014-12-07 13:42,6.426,0.057,0,0,0,0,v
2014-12-07 13:48,6.420,0.060,0,0,0,0,v
2014-12-07 13:54,6.417,0.054,0,0,0,0,v
2014-12-07 14:00,6.414,0.066,0,0,0,0,v
2014-12-07 14:06,6.401,0.058,0,0,0,0,v
2014-12-07 14:12,6.395,0.055,0,0,0,0,v
2014-12-07 14:18,6.400,0.050,0,0,0,0,v
2014-12-07 14:24,6.392,0.052,0,0,0,0,v
2014-12-07 14:30,6.386,0.061,0,0,0,0,v
2014-12-07 14:36,6.386,0.058,0,0,0,0,v
2014-12-07 14:42,6.383,0.056,0,0,0,0,v
2014-12-07 14:48,6.385,0.054,0,0,0,0,v
2014-12-07 14:54,6.403,0.048,0,0,0,0,v
2014-12-07 15:00,6.405,0.054,0,0,0,0,v
2014-12-07 15:06,6.400,0.064,0,0,0,0,v
2014-12-07 15:12,6.405,0.061,0,0,0,0,v
2014-12-07 15:18,6.400,0.050,0,0,0,0,v
2014-12-07 15:24,6.406,0.052,0,0,0,0,v
2014-12-07 15:30,6.410,0.049,0,0,0,0,v
2014-12-07 15:36,6.420,0.052,0,0,0,0,v
2014-12-07 15:42,6.420,0.055,0,0,0,0,v
2014-12-07 15:48,6.428,0.055,0,0,0,0,v
2014-12-07 15:54,6.440,0.059,0,0,0,0,v
2014-12-07 16:00,6.446,0.057,0,0,0,0,v
2014-12-07 16:06,6.438,0.055,0,0,0,0,v
2014-12-07 16:12,6.452,0.059,0,0,0,0,v
2014-12-07 16:18,6.464,0.052,0,0,0,0,v
2014-12-07 16:24,6.467,0.057,0,0,0,0,v
2014-12-07 16:30,6.475,0.057,0,0,0,0,v
2014-12-07 16:36,6.498,0.059,0,0,0,0,v
2014-12-07 16:42,6.501,0.049,0,0,0,0,v
2014-12-07 16:48,6.518,0.059,0,0,0,0,v
2014-12-07 16:54,6.534,0.052,0,0,0,0,v
2014-12-07 17:00,6.536,0.055,0,0,0,0,v
2014-12-07 17:06,6.540,0.054,0,0,0,0,v
2014-12-07 17:12,6.541,0.057,0,0,0,0,v
2014-12-07 17:18,6.548,0.051,0,0,0,0,v
2014-12-07 17:24,6.563,0.057,0,0,0,0,v
2014-12-07 17:30,6.583,0.048,0,0,0,0,v
2014-12-07 17:36,6.585,0.058,0,0,0,0,v
2014-12-07 17:42,6.608,0.053,0,0,0,0,v
2014-12-07 17:48,6.609,0.059,0,0,0,0,v
2014-12-07 17:54,6.620,0.056,0,0,0,0,v
2014-12-07 18:00,6.626,0.051,0,0,0,0,v
2014-12-07 18:06,6.645,0.049,0,0,0,0,v
2014-12-07 18:12,6.636,0.050,0,0,0,0,v
2014-12-07 18:18,6.646,0.052,0,0,0,0,v
2014-12-07 18:24,6.665,0.052,0,0,0,0,v
2014-12-07 18:30,6.673,0.056,0,0,0,0,v
2014-12-07 18:36,6.686,0.056,0,0,0,0,v
2014-12-07 18:42,6.706,0.056,0,0,0,0,v
2014-12-07 18:48,6.739,0.055,0,0,0,0,v
2014-12-07 18:54,6.754,0.050,0,0,0,0,v
2014-12-07 19:00,6.758,0.056,0,0,0,0,v
2014-12-07 19:06,6.785,0.062,0,0,0,0,v
2014-12-07 19:12,6.808,0.054,0,0,0,0,v
2014-12-07 19:18,6.806,0.057,0,0,0,0,v
2014-12-07 19:24,6.818,0.056,0,0,0,0,v
2014-12-07 19:30,6.826,0.056,0,0,0,0,v
2014-12-07 19:36,6.835,0.063,0,0,0,0,v
2014-12-07 19:42,6.854,0.054,0,0,0,0,v
2014-12-07 19:48,6.864,0.051,0,0,0,0,v
2014-12-07 19:54,6.869,0.062,0,0,0,0,v
2014-12-07 20:00,6.887,0.051,0,0,0,0,v
2014-12-07 20:06,6.897,0.052,0,0,0,0,v
2014-12-07 20:12,6.903,0.062,0,0,0,0,v
2014-12-07 20:18,6.918,0.059,0,0,0,0,v
2014-12-07 20:24,6.941,0.059,0,0,0,0,v
2014-12-07 20:30,6.957,0.060,0,0,0,0,v
2014-12-07 20:36,6.966,0.054,0,0,0,0,v
2014-12-07 20:42,6.982,0.054,0,0,0,0,v
2014-12-07 20:48,6.991,0.044,0,0,0,0,v
2014-12-07 20:54,6.989,0.055,0,0,0,0,v
2014-12-07 21:00,6.990,0.065,0,0,0,0,v
2014-12-07 21:06,7.003,0.049,0,0,0,0,v
2014-12-07 21:12,7.015,0.050,0,0,0,0,v
2014-12-07 21:18,7.025,0.056,0,0,0,0,v
2014-12-07 21:24,7.029,0.050,0,0,0,0,v
2014-12-07 21:30,7.033,0.056,0,0,0,0,v
2014-12-07 21:36,7.042,0.049,0,0,0,0,v
2014-12-07 21:42,7.043,0.057,0,0,0,0,v
2014-12-07 21:48,7.052,0.064,0,0,0,0,v
2014-12-07 21:54,7.056,0.054,0,0,0,0,v
2014-12-07 22:00,7.055,0.057,0,0,0,0,v
2014-12-07 22:06,7.062,0.054,0,0,0,0,v
2014-12-07 22:12,7.069,0.059,0,0,0,0,v
2014-12-07 22:18,7.065,0.068,0,0,0,0,v
2014-12-07 22:24,7.072,0.056,0,0,0,0,v
2014-12-07 22:30,7.082,0.053,0,0,0,0,v
2014-12-07 22:36,7.083,0.059,0,0,0,0,v
2014-12-07 22:42,7.089,0.052,0,0,0,0,v
2014-12-07 22:48,7.094,0.062,0,0,0,0,v
2014-12-07 22:54,7.107,0.057,0,0,0,0,v
2014-12-07 23:00,7.109,0.066,0,0,0,0,v
2014-12-07 23:06,7.113,0.052,0,0,0,0,v
2014-12-07 23:12,7.116,0.059,0,0,0,0,v
2014-12-07 23:18,7.121,0.060,0,0,0,0,v
2014-12-07 23:24,7.127,0.060,0,0,0,0,v
2014-12-07 23:30,7.126,0.055,0,0,0,0,v
2014-12-07 23:36,7.114,0.059,0,0,0,0,v
2014-12-07 23:42,7.127,0.055,0,0,0,0,v
2014-12-07 23:48,7.129,0.067,0,0,0,0,v
2014-12-07 23:54,7.128,0.050,0,0,0,0,v
2014-12-08 00:00,7.123,0.057,0,0,0,0,v
2014-12-08 00:06,7.130,0.056,0,0,0,0,v
2014-12-08 00:12,7.131,0.065,0,0,0,0,v
2014-12-08 00:18,7.123,0.066,0,0,0,0,v
2014-12-08 00:24,7.127,0.062,0,0,0,0,v
2014-12-08 00:30,7.118,0.063,0,0,0,0,v
2014-12-08 00:36,7.109,0.069,0,0,0,0,v
2014-12-08 00:42,7.107,0.070,0,0,0,0,v
2014-12-08 00:48,7.109,0.064,0,0,0,0,v
2014-12-08 00:54,7.108,0.062,0,0,0,0,v
2014-12-08 01:00,7.100,0.062,0,0,0,0,v
2014-12-08 01:06,7.097,0.062,0,0,0,0,v
2014-12-08 01:12,7.105,0.054,0,0,0,0,v
2014-12-08 01:18,7.098,0.061,0,0,0,0,v
2014-12-08 01:24,7.095,0.051,0,0,0,0,v
2014-12-08 01:30,7.098,0.053,0,0,0,0,v
2014-12-08 01:36,7.096,0.057,0,0,0,0,v
2014-12-08 01:42,7.090,0.051,0,0,0,0,v
2014-12-08 01:48,7.087,0.052,0,0,0,0,v
2014-12-08 01:54,7.089,0.064,0,0,0,0,v
2014-12-08 02:00,7.096,0.053,0,0,0,0,v
2014-12-08 02:06,7.091,0.053,0,0,0,0,v
2014-12-08 02:12,7.089,0.060,0,0,0,0,v
2014-12-08 02:18,7.087,0.060,0,0,0,0,v
2014-12-08 02:24,7.076,0.059,0,0,0,0,v
2014-12-08 02:30,7.089,0.060,0,0,0,0,v
2014-12-08 02:36,7.090,0.051,0,0,0,0,v
2014-12-08 02:42,7.090,0.070,0,0,0,0,v
2014-12-08 02:48,7.090,0.063,0,0,0,0,v
2014-12-08 02:54,7.087,0.061,0,0,0,0,v
2014-12-08 03:00,7.101,0.064,0,0,0,0,v
2014-12-08 03:06,7.088,0.067,0,0,0,0,v
2014-12-08 03:12,7.083,0.057,0,0,0,0,v
2014-12-08 03:18,7.079,0.065,0,0,0,0,v
2014-12-08 03:24,7.069,0.065,0,0,0,0,v
2014-12-08 03:30,7.068,0.054,0,0,0,0,v
2014-12-08 03:36,7.072,0.064,0,0,0,0,v
2014-12-08 03:42,7.061,0.060,0,0,0,0,v
2014-12-08 03:48,7.048,0.061,0,0,0,0,v
2014-12-08 03:54,7.060,0.054,0,0,0,0,v
2014-12-08 04:00,7.054,0.058,0,0,0,0,v
2014-12-08 04:06,7.055,0.059,0,0,0,0,v
2014-12-08 04:12,7.046,0.070,0,0,0,0,v
2014-12-08 04:18,7.044,0.069,0,0,0,0,v
2014-12-08 04:24,7.037,0.081,0,0,0,0,v
2014-12-08 04:30,7.041,0.063,0,0,0,0,v
2014-12-08 04:36,7.040,0.065,0,0,0,0,v
2014-12-08 04:42,7.027,0.068,0,0,0,0,v
2014-12-08 04:48,7.015,0.084,0,0,0,0,v
2014-12-08 04:54,7.032,0.063,0,0,0,0,v
2014-12-08 05:00,7.029,0.070,0,0,0,0,v
2014-12-08 05:06,7.023,0.056,0,0,0,0,v
2014-12-08 05:12,7.014,0.069,0,0,0,0,v
2014-12-08 05:18,7.024,0.067,0,0,0,0,v
2014-12-08 05:24,7.020,0.059,0,0,0,0,v
2014-12-08 05:30,7.013,0.062,0,0,0,0,v
2014-12-08 05:36,7.011,0.065,0,0,0,0,v
2014-12-08 05:42,6.996,0.059,0,0,0,0,v
2014-12-08 05:48,6.997,0.065,0,0,0,0,v
2014-12-08 05:54,6.994,0.071,0,0,0,0,v
2014-12-08 06:00,6.986,0.075,0,0,0,0,v
2014-12-08 06:06,6.988,0.059,0,0,0,0,v
2014-12-08 06:12,6.983,0.062,0,0,0,0,v
2014-12-08 06:18,6.975,0.072,0,0,0,0,v
2014-12-08 06:24,6.977,0.063,0,0,0,0,v
2014-12-08 06:30,6.966,0.062,0,0,0,0,v
2014-12-08 06:36,6.974,0.061,0,0,0,0,v
2014-12-08 06:42,6.975,0.071,0,0,0,0,v
2014-12-08 06:48,6.980,0.073,0,0,0,0,v
2014-12-08 06:54,6.978,0.069,0,0,0,0,v
2014-12-08 07:00,6.969,0.066,0,0,0,0,v
2014-12-08 07:06,6.967,0.059,0,0,0,0,v
2014-12-08 07:12,6.957,0.059,0,0,0,0,v
2014-12-08 07:18,6.958,0.054,0,0,0,0,v
2014-12-08 07:24,6.967,0.064,0,0,0,0,v
2014-12-08 07:30,6.965,0.066,0,0,0,0,v
2014-12-08 07:36,6.967,0.051,0,0,0,0,v
2014-12-08 07:42,6.958,0.070,0,0,0,0,v
2014-12-08 07:48,6.964,0.055,0,0,0,0,v
2014-12-08 07:54,6.959,0.059,0,0,0,0,v
2014-12-08 08:00,6.963,0.058,0,0,0,0,v
2014-12-08 08:06,6.953,0.054,0,0,0,0,v
2014-12-08 08:12,6.949,0.065,0,0,0,0,v
2014-12-08 08:18,6.954,0.072,0,0,0,0,v
2014-12-08 08:24,6.948,0.067,0,0,0,0,v
2014-12-08 08:30,6.952,0.061,0,0,0,0,v
2014-12-08 08:36,6.942,0.067,0,0,0,0,v
2014-12-08 08:42,6.944,0.056,0,0,0,0,v
2014-12-08 08:48,6.942,0.051,0,0,0,0,v
2014-12-08 08:54,6.931,0.066,0,0,0,0,v
2014-12-08 09:00,6.921,0.061,0,0,0,0,v
2014-12-08 09:06,6.906,0.055,0,0,0,0,v
2014-12-08 09:12,6.909,0.054,0,0,0,0,v
2014-12-08 09:18,6.904,0.055,0,0,0,0,v
2014-12-08 09:24,6.901,0.060,0,0,0,0,v
2014-12-08 09:30,6.891,0.059,0,0,0,0,v
2014-12-08 09:36,6.879,0.054,0,0,0,0,v
2014-12-08 09:42,6.865,0.055,0,0,0,0,v
2014-12-08 09:48,6.860,0.047,0,0,0,0,v
2014-12-08 09:54,6.852,0.062,0,0,0,0,v
2014-12-08 10:00,6.842,0.051,0,0,0,0,v
2014-12-08 10:06,6.831,0.053,0,0,0,0,v
2014-12-08 10:12,6.821,0.061,0,0,0,0,v
2014-12-08 10:18,6.809,0.050,0,0,0,0,v
2014-12-08 10:24,6.814,0.055,0,0,0,0,v
2014-12-08 10:30,6.794,0.061,0,0,0,0,v
2014-12-08 10:36,6.787,0.063,0,0,0,0,v
2014-12-08 10:42,6.772,0.058,0,0,0,0,v
2014-12-08 10:48,6.759,0.054,0,0,0,0,v
2014-12-08 10:54,6.756,0.049,0,0,0,0,v
2014-12-08 11:00,6.748,0.057,0,0,0,0,v
2014-12-08 11:06,6.744,0.049,0,0,0,0,v
2014-12-08 11:12,6.728,0.062,0,0,0,0,v
2014-12-08 11:18,6.733,0.049,0,0,0,0,v
2014-12-08 11:24,6.717,0.056,0,0,0,0,v
2014-12-08 11:30,6.710,0.053,0,0,0,0,v
2014-12-08 11:36,6.693,0.064,0,0,0,0,v
2014-12-08 11:42,6.681,0.062,0,0,0,0,v
2014-12-08 11:48,6.668,0.055,0,0,0,0,v
2014-12-08 11:54,6.653,0.057,0,0,0,0,v
2014-12-08 12:00,6.634,0.063,0,0,0,0,v
2014-12-08 12:06,6.630,0.051,0,0,0,0,v
2014-12-08 12:12,6.622,0.057,0,0,0,0,v
2014-12-08 12:18,6.611,0.062,0,0,0,0,v
2014-12-08 12:24,6.598,0.058,0,0,0,0,v
2014-12-08 12:30,6.594,0.052,0,0,0,0,v
2014-12-08 12:36,6.579,0.060,0,0,0,0,v
2014-12-08 12:42,6.585,0.057,0,0,0,0,v
2014-12-08 12:48,6.578,0.054,0,0,0,0,v
2014-12-08 12:54,6.563,0.061,0,0,0,0,v
2014-12-08 13:00,6.558,0.069,0,0,0,0,v
2014-12-08 13:06,6.552,0.050,0,0,0,0,v
2014-12-08 13:12,6.546,0.056,0,0,0,0,v
2014-12-08 13:18,6.531,0.063,0,0,0,0,v
2014-12-08 13:24,6.537,0.065,0,0,0,0,v
2014-12-08 13:30,6.534,0.057,0,0,0,0,v
2014-12-08 13:36,6.525,0.059,0,0,0,0,v
2014-12-08 13:42,6.520,0.055,0,0,0,0,v
2014-12-08 13:48,6.507,0.059,0,0,0,0,v
2014-12-08 13:54,6.515,0.061,0,0,0,0,v
2014-12-08 14:00,6.515,0.064,0,0,0,0,v
2014-12-08 14:06,6.501,0.059,0,0,0,0,v
2014-12-08 14:12,6.498,0.070,0,0,0,0,v
2014-12-08 14:18,6.488,0.064,0,0,0,0,v
2014-12-08 14:24,6.491,0.064,0,0,0,0,v
2014-12-08 14:30,6.487,0.067,0,0,0,0,v
2014-12-08 14:36,6.476,0.057,0,0,0,0,v
2014-12-08 14:42,6.473,0.056,0,0,0,0,v
2014-12-08 14:48,6.474,0.064,0,0,0,0,v
2014-12-08 14:54,6.461,0.072,0,0,0,0,v
2014-12-08 15:00,6.451,0.068,0,0,0,0,v
2014-12-08 15:06,6.452,0.066,0,0,0,0,v
2014-12-08 15:12,6.440,0.061,0,0,0,0,v
2014-12-08 15:18,6.457,0.057,0,0,0,0,v
2014-12-08 15:24,6.453,0.066,0,0,0,0,v
2014-12-08 15:30,6.434,0.062,0,0,0,0,v
2014-12-08 15:36,6.441,0.071,0,0,0,0,v
2014-12-08 15:42,6.431,0.067,0,0,0,0,v
2014-12-08 15:48,6.448,0.062,0,0,0,0,v
2014-12-08 15:54,6.447,0.072,0,0,0,0,v
2014-12-08 16:00,6.459,0.070,0,0,0,0,v
2014-12-08 16:06,6.462,0.066,0,0,0,0,v
2014-12-08 16:12,6.455,0.063,0,0,0,0,v
2014-12-08 16:18,6.474,0.064,0,0,0,0,v
2014-12-08 16:24,6.479,0.065,0,0,0,0,v
2014-12-08 16:30,6.470,0.061,0,0,0,0,v
2014-12-08 16:36,6.486,0.067,0,0,0,0,v
2014-12-08 16:42,6.495,0.077,0,0,0,0,v
2014-12-08 16:48,6.500,0.069,0,0,0,0,v
2014-12-08 16:54,6.488,0.066,0,0,0,0,v
2014-12-08 17:00,6.506,0.071,0,0,0,0,v
2014-12-08 17:06,6.510,0.058,0,0,0,0,v
2014-12-08 17:12,6.506,0.069,0,0,0,0,v
2014-12-08 17:18,6.504,0.059,0,0,0,0,v
2014-12-08 17:24,6.526,0.063,0,0,0,0,v
2014-12-08 17:30,6.514,0.066,0,0,0,0,v
2014-12-08 17:36,6.534,0.060,0,0,0,0,v
2014-12-08 17:42,6.524,0.058,0,0,0,0,v
2014-12-08 17:48,6.544,0.057,0,0,0,0,v
2014-12-08 17:54,6.549,0.068,0,0,0,0,v
2014-12-08 18:00,6.539,0.070,0,0,0,0,v
2014-12-08 18:06,6.535,0.072,0,0,0,0,v
2014-12-08 18:12,6.547,0.062,0,0,0,0,v
2014-12-08 18:18,6.557,0.062,0,0,0,0,v
2014-12-08 18:24,6.568,0.062,0,0,0,0,v
2014-12-08 18:30,6.564,0.060,0,0,0,0,v
2014-12-08 18:36,6.584,0.062,0,0,0,0,v
2014-12-08 18:42,6.596,0.062,0,0,0,0,v
2014-12-08 18:48,6.613,0.068,0,0,0,0,v
2014-12-08 18:54,6.618,0.050,0,0,0,0,v
2014-12-08 19:00,6.658,0.056,0,0,0,0,v
2014-12-08 19:06,6.636,0.063,0,0,0,0,v
2014-12-08 19:12,6.678,0.054,0,0,0,0,v
2014-12-08 19:18,6.663,0.058,0,0,0,0,v
2014-12-08 19:24,6.693,0.067,0,0,0,0,v
2014-12-08 19:30,6.684,0.070,0,0,0,0,v
2014-12-08 19:36,6.693,0.065,0,0,0,0,v
2014-12-08 19:42,6.707,0.063,0,0,0,0,v
2014-12-08 19:48,6.751,0.059,0,0,0,0,v
2014-12-08 19:54,6.742,0.069,0,0,0,0,v
2014-12-08 20:00,6.756,0.072,0,0,0,0,v
2014-12-08 20:06,6.759,0.061,0,0,0,0,v
2014-12-08 20:12,6.779,0.067,0,0,0,0,v
2014-12-08 20:18,6.796,0.058,0,0,0,0,v
2014-12-08 20:24,6.807,0.053,0,0,0,0,v
2014-12-08 20:30,6.831,0.074,0,0,0,0,v
2014-12-08 20:36,6.842,0.050,0,0,0,0,v
2014-12-08 20:42,6.839,0.057,0,0,0,0,v
2014-12-08 20:48,6.845,0.056,0,0,0,0,v
2014-12-08 20:54,6.862,0.054,0,0,0,0,v
2014-12-08 21:00,6.857,0.063,0,0,0,0,v
2014-12-08 21:06,6.872,0.066,0,0,0,0,v
2014-12-08 21:12,6.877,0.060,0,0,0,0,v
2014-12-08 21:18,6.885,0.062,0,0,0,0,v
2014-12-08 21:24,6.897,0.065,0,0,0,0,v
2014-12-08 21:30,6.909,0.057,0,0,0,0,v
2014-12-08 21:36,6.929,0.061,0,0,0,0,v
2014-12-08 21:42,6.925,0.062,0,0,0,0,v
2014-12-08 21:48,6.929,0.061,0,0,0,0,v
2014-12-08 21:54,6.913,0.067,0,0,0,0,v
2014-12-08 22:00,6.939,0.054,0,0,0,0,v
2014-12-08 22:06,6.950,0.062,0,0,0,0,v
2014-12-08 22:12,6.947,0.053,0,0,0,0,v
2014-12-08 22:18,6.955,0.051,0,0,0,0,v
2014-12-08 22:24,6.969,0.068,0,0,0,0,v
2014-12-08 22:30,6.977,0.052,0,0,0,0,v
2014-12-08 22:36,6.971,0.046,0,0,0,0,v
2014-12-08 22:42,6.979,0.055,0,0,0,0,v
2014-12-08 22:48,6.984,0.050,0,0,0,0,v
2014-12-08 22:54,6.979,0.056,0,0,0,0,v
2014-12-08 23:00,6.997,0.053,0,0,0,0,v
2014-12-08 23:06,6.991,0.059,0,0,0,0,v
2014-12-08 23:12,6.991,0.059,0,0,0,0,v
2014-12-08 23:18,6.992,0.053,0,0,0,0,v
2014-12-08 23:24,6.989,0.058,0,0,0,0,v
2014-12-08 23:30,6.978,0.058,0,0,0,0,v
2014-12-08 23:36,7.006,0.059,0,0,0,0,v
2014-12-08 23:42,7.004,0.059,0,0,0,0,v
2014-12-08 23:48,7.033,0.057,0,0,0,0,v
2014-12-08 23:54,7.007,0.058,0,0,0,0,v
2014-12-09 00:00,7.014,0.058,0,0,0,0,v
2014-12-09 00:06,7.009,0.064,0,0,0,0,v
2014-12-09 00:12,7.012,0.066,0,0,0,0,v
2014-12-09 00:18,7.007,0.058,0,0,0,0,v
2014-12-09 00:24,7.019,0.062,0,0,0,0,v
2014-12-09 00:30,7.007,0.055,0,0,0,0,v
2014-12-09 00:36,6.998,0.057,0,0,0,0,v
2014-12-09 00:42,6.997,0.048,0,0,0,0,v
2014-12-09 00:48,7.006,0.050,0,0,0,0,v
2014-12-09 00:54,7.000,0.061,0,0,0,0,v
2014-12-09 01:00,7.006,0.056,0,0,0,0,v
2014-12-09 01:06,6.994,0.058,0,0,0,0,v
2014-12-09 01:12,6.997,0.048,0,0,0,0,v
2014-12-09 01:18,7.007,0.062,0,0,0,0,v
2014-12-09 01:24,7.012,0.049,0,0,0,0,v
2014-12-09 01:30,6.997,0.042,0,0,0,0,v
2014-12-09 01:36,6.979,0.059,0,0,0,0,v
2014-12-09 01:42,6.999,0.055,0,0,0,0,v
2014-12-09 01:48,6.994,0.052,0,0,0,0,v
2014-12-09 01:54,6.981,0.048,0,0,0,0,v
2014-12-09 02:00,6.979,0.049,0,0,0,0,v
2014-12-09 02:06,6.978,0.053,0,0,0,0,v
2014-12-09 02:12,6.981,0.049,0,0,0,0,v
2014-12-09 02:18,6.985,0.048,0,0,0,0,v
2014-12-09 02:24,6.980,0.051,0,0,0,0,v
2014-12-09 02:30,6.969,0.044,0,0,0,0,v
2014-12-09 02:36,6.978,0.043,0,0,0,0,v
2014-12-09 02:42,6.975,0.047,0,0,0,0,v
2014-12-09 02:48,6.975,0.056,0,0,0,0,v
2014-12-09 02:54,6.974,0.044,0,0,0,0,v
2014-12-09 03:00,6.970,0.049,0,0,0,0,v
2014-12-09 03:06,6.969,0.046,0,0,0,0,v
2014-12-09 03:12,6.955,0.050,0,0,0,0,v
2014-12-09 03:18,6.948,0.044,0,0,0,0,v
2014-12-09 03:24,6.956,0.052,0,0,0,0,v
2014-12-09 03:30,6.952,0.043,0,0,0,0,v
2014-12-09 03:36,6.940,0.037,0,0,0,0,v
2014-12-09 03:42,6.938,0.041,0,0,0,0,v
2014-12-09 03:48,6.940,0.042,0,0,0,0,v
2014-12-09 03:54,6.936,0.050,0,0,0,0,v
2014-12-09 04:00,6.919,0.046,0,0,0,0,v
2014-12-09 04:06,6.925,0.052,0,0,0,0,v
2014-12-09 04:12,6.915,0.051,0,0,0,0,v
2014-12-09 04:18,6.922,0.046,0,0,0,0,v
2014-12-09 04:24,6.902,0.042,0,0,0,0,v
2014-12-09 04:30,6.916,0.045,0,0,0,0,v
2014-12-09 04:36,6.911,0.040,0,0,0,0,v
2014-12-09 04:42,6.905,0.039,0,0,0,0,v
2014-12-09 04:48,6.911,0.044,0,0,0,0,v
2014-12-09 04:54,6.905,0.047,0,0,0,0,v
2014-12-09 05:00,6.902,0.046,0,0,0,0,v
2014-12-09 05:06,6.900,0.043,0,0,0,0,v
2014-12-09 05:12,6.899,0.042,0,0,0,0,v
2014-12-09 05:18,6.901,0.035,0,0,0,0,v
2014-12-09 05:24,6.895,0.049,0,0,0,0,v
2014-12-09 05:30,6.892,0.049,0,0,0,0,v
2014-12-09 05:36,6.888,0.044,0,0,0,0,v
2014-12-09 05:42,6.877,0.044,0,0,0,0,v
2014-12-09 05:48,6.860,0.048,0,0,0,0,v
2014-12-09 05:54,6.868,0.043,0,0,0,0,v
2014-12-09 06:00,6.873,0.047,0,0,0,0,v
2014-12-09 06:06,6.861,0.044,0,0,0,0,v
2014-12-09 06:12,6.851,0.035,0,0,0,0,v
2014-12-09 06:18,6.856,0.047,0,0,0,0,v
2014-12-09 06:24,6.853,0.045,0,0,0,0,v
2014-12-09 06:30,6.848,0.043,0,0,0,0,v
2014-12-09 06:36,6.844,0.042,0,0,0,0,v
2014-12-09 06:42,6.847,0.045,0,0,0,0,v
2014-12-09 06:48,6.853,0.047,0,0,0,0,v
2014-12-09 06:54,6.847,0.043,0,0,0,0,v
2014-12-09 07:00,6.853,0.046,0,0,0,0,v
2014-12-09 07:06,6.846,0.039,0,0,0,0,v
2014-12-09 07:12,6.845,0.048,0,0,0,0,v
2014-12-09 07:18,6.832,0.049,0,0,0,0,v
2014-12-09 07:24,6.828,0.038,0,0,0,0,v
2014-12-09 07:30,6.827,0.047,0,0,0,0,v
2014-12-09 07:36,6.832,0.038,0,0,0,0,v
2014-12-09 07:42,6.833,0.037,0,0,0,0,v
2014-12-09 07:48,6.843,0.045,0,0,0,0,v
2014-12-09 07:54,6.840,0.044,0,0,0,0,v
2014-12-09 08:00,6.824,0.043,0,0,0,0,v
2014-12-09 08:06,6.834,0.040,0,0,0,0,v
2014-12-09 08:12,6.835,0.044,0,0,0,0,v
2014-12-09 08:18,6.832,0.039,0,0,0,0,v
2014-12-09 08:24,6.821,0.040,0,0,0,0,v
2014-12-09 08:30,6.819,0.043,0,0,0,0,v
2014-12-09 08:36,6.817,0.046,0,0,0,0,v
2014-12-09 08:42,6.802,0.040,0,0,0,0,v
2014-12-09 08:48,6.806,0.041,0,0,0,0,v
2014-12-09 08:54,6.809,0.041,0,0,0,0,v
2014-12-09 09:00,6.798,0.042,0,0,0,0,v
2014-12-09 09:06,6.802,0.039,0,0,0,0,v
2014-12-09 09:12,6.801,0.039,0,0,0,0,v
2014-12-09 09:18,6.805,0.038,0,0,0,0,v
2014-12-09 09:24,6.799,0.036,0,0,0,0,v
2014-12-09 09:30,6.802,0.042,0,0,0,0,v
2014-12-09 09:36,6.796,0.043,0,0,0,0,v
2014-12-09 09:42,6.790,0.036,0,0,0,0,v
2014-12-09 09:48,6.782,0.040,0,0,0,0,v
2014-12-09 09:54,6.784,0.040,0,0,0,0,v
2014-12-09 10:00,6.786,0.039,0,0,0,0,v
2014-12-09 10:06,6.775,0.036,0,0,0,0,v
2014-12-09 10:12,6.779,0.036,0,0,0,0,v
2014-12-09 10:18,6.775,0.042,0,0,0,0,v
2014-12-09 10:24,6.771,0.036,0,0,0,0,v
2014-12-09 10:30,6.764,0.040,0,0,0,0,v
2014-12-09 10:36,6.750,0.046,0,0,0,0,v
2014-12-09 10:42,6.742,0.035,0,0,0,0,v
2014-12-09 10:48,6.719,0.037,0,0,0,0,v
2014-12-09 10:54,6.711,0.046,0,0,0,0,v
2014-12-09 11:00,6.709,0.048,0,0,0,0,v
2014-12-09 11:06,6.703,0.040,0,0,0,0,v
2014-12-09 11:12,6.706,0.039,0,0,0,0,v
2014-12-09 11:18,6.703,0.036,0,0,0,0,v
2014-12-09 11:24,6.690,0.037,0,0,0,0,v
2014-12-09 11:30,6.675,0.039,0,0,0,0,v
2014-12-09 11:36,6.674,0.033,0,0,0,0,v
2014-12-09 11:42,6.672,0.038,0,0,0,0,v
2014-12-09 11:48,6.669,0.041,0,0,0,0,v
2014-12-09 11:54,6.667,0.036,0,0,0,0,v
2014-12-09 12:00,6.665,0.036,0,0,0,0,v
2014-12-09 12:06,6.652,0.040,0,0,0,0,v
2014-12-09 12:12,6.646,0.036,0,0,0,0,v
2014-12-09 12:18,6.638,0.030,0,0,0,0,v
2014-12-09 12:24,6.627,0.039,0,0,0,0,v
2014-12-09 12:30,6.616,0.037,0,0,0,0,v
2014-12-09 12:36,6.594,0.040,0,0,0,0,v
2014-12-09 12:42,6.578,0.038,0,0,0,0,v
2014-12-09 12:48,6.586,0.039,0,0,0,0,v
2014-12-09 12:54,6.572,0.037,0,0,0,0,v
2014-12-09 13:00,6.583,0.038,0,0,0,0,v
2014-12-09 13:06,6.581,0.040,0,0,0,0,v
2014-12-09 13:12,6.575,0.042,0,0,0,0,v
2014-12-09 13:18,6.571,0.041,0,0,0,0,v
2014-12-09 13:24,6.568,0.040,0,0,0,0,v
2014-12-09 13:30,6.554,0.038,0,0,0,0,v
2014-12-09 13:36,6.542,0.037,0,0,0,0,v
2014-12-09 13:42,6.529,0.039,0,0,0,0,v
2014-12-09 13:48,6.529,0.038,0,0,0,0,v
2014-12-09 13:54,6.526,0.041,0,0,0,0,v
2014-12-09 14:00,6.511,0.039,0,0,0,0,v
2014-12-09 14:06,6.515,0.034,0,0,0,0,v
2014-12-09 14:12,6.525,0.035,0,0,0,0,v
2014-12-09 14:18,6.507,0.035,0,0,0,0,v
2014-12-09 14:24,6.507,0.036,0,0,0,0,v
2014-12-09 14:30,6.497,0.032,0,0,0,0,v
2014-12-09 14:36,6.494,0.038,0,0,0,0,v
2014-12-09 14:42,6.488,0.040,0,0,0,0,v
2014-12-09 14:48,6.481,0.035,0,0,0,0,v
2014-12-09 14:54,6.470,0.038,0,0,0,0,v
2014-12-09 15:00,6.455,0.034,0,0,0,0,v
2014-12-09 15:06,6.464,0.041,0,0,0,0,v
2014-12-09 15:12,6.473,0.032,0,0,0,0,v
2014-12-09 15:18,6.448,0.037,0,0,0,0,v
2014-12-09 15:24,6.455,0.035,0,0,0,0,v
2014-12-09 15:30,6.447,0.033,0,0,0,0,v
2014-12-09 15:36,6.442,0.038,0,0,0,0,v
2014-12-09 15:42,6.450,0.039,0,0,0,0,v
2014-12-09 15:48,6.444,0.039,0,0,0,0,v
2014-12-09 15:54,6.447,0.042,0,0,0,0,v
2014-12-09 16:00,6.443,0.029,0,0,0,0,v
2014-12-09 16:06,6.448,0.042,0,0,0,0,v
2014-12-09 16:12,6.449,0.038,0,0,0,0,v
2014-12-09 16:18,6.449,0.038,0,0,0,0,v
2014-12-09 16:24,6.427,0.039,0,0,0,0,v
2014-12-09 16:30,6.430,0.037,0,0,0,0,v
2014-12-09 16:36,6.440,0.037,0,0,0,0,v
2014-12-09 16:42,6.438,0.036,0,0,0,0,v
2014-12-09 16:48,6.443,0.041,0,0,0,0,v
2014-12-09 16:54,6.450,0.038,0,0,0,0,v
2014-12-09 17:00,6.462,0.040,0,0,0,0,v
2014-12-09 17:06,6.475,0.039,0,0,0,0,v
2014-12-09 17:12,6.479,0.040,0,0,0,0,v
2014-12-09 17:18,6.490,0.037,0,0,0,0,v
2014-12-09 17:24,6.491,0.031,0,0,0,0,v
2014-12-09 17:30,6.490,0.033,0,0,0,0,v
2014-12-09 17:36,6.492,0.038,0,0,0,0,v
2014-12-09 17:42,6.495,0.035,0,0,0,0,v
2014-12-09 17:48,6.502,0.034,0,0,0,0,v
2014-12-09 17:54,6.507,0.043,0,0,0,0,v
2014-12-09 18:00,6.519,0.035,0,0,0,0,v
2014-12-09 18:06,6.522,0.034,0,0,0,0,v
2014-12-09 18:12,6.550,0.036,0,0,0,0,v
2014-12-09 18:18,6.549,0.036,0,0,0,0,v
2014-12-09 18:24,6.545,0.038,0,0,0,0,v
2014-12-09 18:30,6.554,0.041,0,0,0,0,v
2014-12-09 18:36,6.552,0.034,0,0,0,0,v
2014-12-09 18:42,6.567,0.036,0,0,0,0,v
2014-12-09 18:48,6.570,0.030,0,0,0,0,v
2014-12-09 18:54,6.582,0.035,0,0,0,0,v
2014-12-09 19:00,6.587,0.035,0,0,0,0,v
2014-12-09 19:06,6.575,0.039,0,0,0,0,v
2014-12-09 19:12,6.589,0.042,0,0,0,0,v
2014-12-09 19:18,6.587,0.037,0,0,0,0,v
2014-12-09 19:24,6.610,0.035,0,0,0,0,v
2014-12-09 19:30,6.620,0.039,0,0,0,0,v
2014-12-09 19:36,6.631,0.035,0,0,0,0,v
2014-12-09 19:42,6.646,0.034,0,0,0,0,v
2014-12-09 19:48,6.661,0.038,0,0,0,0,v
2014-12-09 19:54,6.671,0.040,0,0,0,0,v
2014-12-09 20:00,6.695,0.036,0,0,0,0,v
2014-12-09 20:06,6.707,0.033,0,0,0,0,v
2014-12-09 20:12,6.718,0.034,0,0,0,0,v
2014-12-09 20:18,6.730,0.037,0,0,0,0,v
2014-12-09 20:24,6.744,0.040,0,0,0,0,v
2014-12-09 20:30,6.716,0.036,0,0,0,0,v
2014-12-09 20:36,6.720,0.042,0,0,0,0,v
2014-12-09 20:42,6.746,0.038,0,0,0,0,v
2014-12-09 20:48,6.748,0.038,0,0,0,0,v
2014-12-09 20:54,6.771,0.039,0,0,0,0,v
2014-12-09 21:00,6.782,0.035,0,0,0,0,v
2014-12-09 21:06,6.773,0.040,0,0,0,0,v
2014-12-09 21:12,6.803,0.038,0,0,0,0,v
2014-12-09 21:18,6.830,0.035,0,0,0,0,v
2014-12-09 21:24,6.823,0.031,0,0,0,0,v
2014-12-09 21:30,6.819,0.031,0,0,0,0,v
2014-12-09 21:36,6.834,0.032,0,0,0,0,v
2014-12-09 21:42,6.842,0.037,0,0,0,0,v
2014-12-09 21:48,6.848,0.035,0,0,0,0,v
2014-12-09 21:54,6.869,0.034,0,0,0,0,v
2014-12-09 22:00,6.860,0.037,0,0,0,0,v
2014-12-09 22:06,6.868,0.035,0,0,0,0,v
2014-12-09 22:12,6.861,0.041,0,0,0,0,v
2014-12-09 22:18,6.880,0.035,0,0,0,0,v
2014-12-09 22:24,6.886,0.038,0,0,0,0,v
2014-12-09 22:30,6.890,0.038,0,0,0,0,v
2014-12-09 22:36,6.892,0.033,0,0,0,0,v
2014-12-09 22:42,6.882,0.034,0,0,0,0,v
2014-12-09 22:48,6.897,0.032,0,0,0,0,v
2014-12-09 22:54,6.904,0.034,0,0,0,0,v
2014-12-09 23:00,6.914,0.038,0,0,0,0,v
2014-12-09 23:06,6.916,0.037,0,0,0,0,v
2014-12-09 23:12,6.923,0.037,0,0,0,0,v
2014-12-09 23:18,6.930,0.032,0,0,0,0,v
2014-12-09 23:24,6.934,0.039,0,0,0,0,v
2014-12-09 23:30,6.933,0.032,0,0,0,0,v
2014-12-09 23:36,6.934,0.037,0,0,0,0,v
2014-12-09 23:42,6.951,0.035,0,0,0,0,v
2014-12-09 23:48,6.947,0.034,0,0,0,0,v
2014-12-09 23:54,6.947,0.036,0,0,0,0,v
2014-12-10 00:00,6.947,0.032,0,0,0,0,v
2014-12-10 00:06,6.957,0.036,0,0,0,0,v
2014-12-10 00:12,6.961,0.035,0,0,0,0,v
2014-12-10 00:18,6.956,0.036,0,0,0,0,v
2014-12-10 00:24,6.962,0.034,0,0,0,0,v
2014-12-10 00:30,6.967,0.033,0,0,0,0,v
2014-12-10 00:36,6.963,0.035,0,0,0,0,v
2014-12-10 00:42,6.958,0.033,0,0,0,0,v
2014-12-10 00:48,6.963,0.034,0,0,0,0,v
2014-12-10 00:54,6.961,0.032,0,0,0,0,v
2014-12-10 01:00,6.959,0.035,0,0,0,0,v
2014-12-10 01:06,6.970,0.032,0,0,0,0,v
2014-12-10 01:12,6.970,0.030,0,0,0,0,v
2014-12-10 01:18,6.962,0.033,0,0,0,0,v
2014-12-10 01:24,6.965,0.033,0,0,0,0,v
2014-12-10 01:30,6.955,0.031,0,0,0,0,v
2014-12-10 01:36,6.958,0.037,0,0,0,0,v
2014-12-10 01:42,6.955,0.038,0,0,0,0,v
2014-12-10 01:48,6.948,0.029,0,0,0,0,v
2014-12-10 01:54,6.937,0.030,0,0,0,0,v
2014-12-10 02:00,6.941,0.038,0,0,0,0,v
2014-12-10 02:06,6.933,0.032,0,0,0,0,v
2014-12-10 02:12,6.923,0.028,0,0,0,0,v
2014-12-10 02:18,6.923,0.033,0,0,0,0,v
2014-12-10 02:24,6.935,0.032,0,0,0,0,v
2014-12-10 02:30,6.929,0.034,0,0,0,0,v
2014-12-10 02:36,6.925,0.030,0,0,0,0,v
2014-12-10 02:42,6.901,0.033,0,0,0,0,v
2014-12-10 02:48,6.903,0.026,0,0,0,0,v
2014-12-10 02:54,6.904,0.035,0,0,0,0,v
2014-12-10 03:00,6.896,0.031,0,0,0,0,v
2014-12-10 03:06,6.900,0.037,0,0,0,0,v
2014-12-10 03:12,6.914,0.032,0,0,0,0,v
2014-12-10 03:18,6.906,0.034,0,0,0,0,v
2014-12-10 03:24,6.900,0.034,0,0,0,0,v
2014-12-10 03:30,6.893,0.031,0,0,0,0,v
2014-12-10 03:36,6.897,0.028,0,0,0,0,v
2014-12-10 03:42,6.911,0.031,0,0,0,0,v
2014-12-10 03:48,6.903,0.032,0,0,0,0,v
2014-12-10 03:54,6.892,0.033,0,0,0,0,v
2014-12-10 04:00,6.886,0.032,0,0,0,0,v
2014-12-10 04:06,6.871,0.032,0,0,0,0,v
2014-12-10 04:12,6.892,0.034,0,0,0,0,v
2014-12-10 04:18,6.884,0.031,0,0,0,0,v
2014-12-10 04:24,6.889,0.032,0,0,0,0,v
2014-12-10 04:30,6.888,0.035,0,0,0,0,v
2014-12-10 04:36,6.884,0.033,0,0,0,0,v
2014-12-10 04:42,6.870,0.034,0,0,0,0,v
2014-12-10 04:48,6.894,0.031,0,0,0,0,v
2014-12-10 04:54,6.871,0.035,0,0,0,0,v
2014-12-10 05:00,6.859,0.036,0,0,0,0,v
2014-12-10 05:06,6.878,0.039,0,0,0,0,v
2014-12-10 05:12,6.872,0.028,0,0,0,0,v
2014-12-10 05:18,6.871,0.034,0,0,0,0,v
2014-12-10 05:24,6.843,0.035,0,0,0,0,v
2014-12-10 05:30,6.834,0.033,0,0,0,0,v
2014-12-10 05:36,6.837,0.033,0,0,0,0,v
2014-12-10 05:42,6.829,0.034,0,0,0,0,v
2014-12-10 05:48,6.828,0.036,0,0,0,0,v
2014-12-10 05:54,6.839,0.035,0,0,0,0,v
2014-12-10 06:00,6.836,0.033,0,0,0,0,v
2014-12-10 06:06,6.833,0.034,0,0,0,0,v
2014-12-10 06:12,6.826,0.042,0,0,0,0,v
2014-12-10 06:18,6.834,0.035,0,0,0,0,v
2014-12-10 06:24,6.827,0.032,0,0,0,0,v
2014-12-10 06:30,6.812,0.036,0,0,0,0,v
2014-12-10 06:36,6.831,0.035,0,0,0,0,v
2014-12-10 06:42,6.821,0.033,0,0,0,0,v
2014-12-10 06:48,6.828,0.032,0,0,0,0,v
2014-12-10 06:54,6.818,0.035,0,0,0,0,v
2014-12-10 07:00,6.808,0.031,0,0,0,0,v
2014-12-10 07:06,6.783,0.030,0,0,0,0,v
2014-12-10 07:12,6.791,0.032,0,0,0,0,v
2014-12-10 07:18,6.789,0.037,0,0,0,0,v
2014-12-10 07:24,6.784,0.033,0,0,0,0,v
2014-12-10 07:30,6.790,0.035,0,0,0,0,v
2014-12-10 07:36,6.802,0.031,0,0,0,0,v
2014-12-10 07:42,6.816,0.034,0,0,0,0,v
2014-12-10 07:48,6.795,0.033,0,0,0,0,v
2014-12-10 07:54,6.804,0.035,0,0,0,0,v
2014-12-10 08:00,6.813,0.034,0,0,0,0,v
2014-12-10 08:06,6.798,0.037,0,0,0,0,v
2014-12-10 08:12,6.797,0.033,0,0,0,0,v
2014-12-10 08:18,6.804,0.038,0,0,0,0,v
2014-12-10 08:24,6.803,0.036,0,0,0,0,v
2014-12-10 08:30,6.791,0.034,0,0,0,0,v
2014-12-10 08:36,6.786,0.036,0,0,0,0,v
2014-12-10 08:42,6.797,0.036,0,0,0,0,v
2014-12-10 08:48,6.797,0.036,0,0,0,0,v
2014-12-10 08:54,6.796,0.032,0,0,0,0,v
2014-12-10 09:00,6.788,0.034,0,0,0,0,v
2014-12-10 09:06,6.798,0.035,0,0,0,0,v
2014-12-10 09:12,6.795,0.031,0,0,0,0,v
2014-12-10 09:18,6.805,0.038,0,0,0,0,v
2014-12-10 09:24,6.805,0.034,0,0,0,0,v
2014-12-10 09:30,6.772,0.042,0,0,0,0,v
2014-12-10 09:36,6.781,0.035,0,0,0,0,v
2014-12-10 09:42,6.791,0.033,0,0,0,0,v
2014-12-10 09:48,6.788,0.037,0,0,0,0,v
2014-12-10 09:54,6.783,0.036,0,0,0,0,v
2014-12-10 10:00,6.770,0.036,0,0,0,0,v
2014-12-10 10:06,6.774,0.034,0,0,0,0,v
2014-12-10 10:12,6.777,0.033,0,0,0,0,v
2014-12-10 10:18,6.783,0.038,0,0,0,0,v
2014-12-10 10:24,6.771,0.038,0,0,0,0,v
2014-12-10 10:30,6.774,0.037,0,0,0,0,v
2014-12-10 10:36,6.762,0.035,0,0,0,0,v
2014-12-10 10:42,6.770,0.040,0,0,0,0,v
2014-12-10 10:48,6.754,0.035,0,0,0,0,v
2014-12-10 10:54,6.744,0.041,0,0,0,0,v
2014-12-10 11:00,6.735,0.032,0,0,0,0,v
2014-12-10 11:06,6.722,0.036,0,0,0,0,v
2014-12-10 11:12,6.727,0.033,0,0,0,0,v
2014-12-10 11:18,6.737,0.036,0,0,0,0,v
2014-12-10 11:24,6.735,0.034,0,0,0,0,v
2014-12-10 11:30,6.736,0.036,0,0,0,0,v
2014-12-10 11:36,6.730,0.036,0,0,0,0,v
2014-12-10 11:42,6.728,0.034,0,0,0,0,v
2014-12-10 11:48,6.717,0.036,0,0,0,0,v
2014-12-10 11:54,6.696,0.035,0,0,0,0,v
2014-12-10 12:00,6.702,0.035,0,0,0,0,v
2014-12-10 12:06,6.714,0.035,0,0,0,0,v
2014-12-10 12:12,6.693,0.038,0,0,0,0,v
2014-12-10 12:18,6.692,0.037,0,0,0,0,v
2014-12-10 12:24,6.679,0.035,0,0,0,0,v
2014-12-10 12:30,6.677,0.032,0,0,0,0,v
2014-12-10 12:36,6.671,0.028,0,0,0,0,v
2014-12-10 12:42,6.674,0.040,0,0,0,0,v
2014-12-10 12:48,6.653,0.036,0,0,0,0,v
2014-12-10 12:54,6.637,0.036,0,0,0,0,v
2014-12-10 13:00,6.640,0.031,0,0,0,0,v
2014-12-10 13:06,6.638,0.035,0,0,0,0,v
2014-12-10 13:12,6.636,0.032,0,0,0,0,v
2014-12-10 13:18,6.619,0.037,0,0,0,0,v
2014-12-10 13:24,6.607,0.034,0,0,0,0,v
2014-12-10 13:30,6.602,0.034,0,0,0,0,v
2014-12-10 13:36,6.603,0.031,0,0,0,0,v
2014-12-10 13:42,6.610,0.037,0,0,0,0,v
2014-12-10 13:48,6.611,0.034,0,0,0,0,v
2014-12-10 13:54,6.610,0.037,0,0,0,0,v
2014-12-10 14:00,6.605,0.030,0,0,0,0,v
2014-12-10 14:06,6.594,0.035,0,0,0,0,v
2014-12-10 14:12,6.587,0.034,0,0,0,0,v
2014-12-10 14:18,6.575,0.031,0,0,0,0,v
2014-12-10 14:24,6.566,0.000,0,0,0,0,v
2014-12-10 14:30,6.561,0.032,0,0,0,0,v
2014-12-10 14:36,6.558,0.038,0,0,0,0,v
2014-12-10 14:42,6.545,0.038,0,0,0,0,v
2014-12-10 14:48,6.552,0.040,0,0,0,0,v
2014-12-10 14:54,6.552,0.034,0,0,0,0,v
2014-12-10 15:00,6.547,0.037,0,0,0,0,v
2014-12-10 15:06,6.546,0.034,0,0,0,0,v
2014-12-10 15:12,6.552,0.029,0,0,0,0,v
2014-12-10 15:18,6.536,0.034,0,0,0,0,v
2014-12-10 15:24,6.530,0.032,0,0,0,0,v
2014-12-10 15:30,6.532,0.033,0,0,0,0,v
2014-12-10 15:36,6.520,0.032,0,0,0,0,v
2014-12-10 15:42,6.498,0.037,0,0,0,0,v
2014-12-10 15:48,6.499,0.000,0,0,0,0,v
2014-12-10 15:54,6.491,0.033,0,0,0,0,v
2014-12-10 16:00,6.492,0.000,0,0,0,0,v
2014-12-10 16:06,6.505,0.029,0,0,0,0,v
2014-12-10 16:12,6.504,0.032,0,0,0,0,v
2014-12-10 16:18,6.500,0.031,0,0,0,0,v
2014-12-10 16:24,6.507,0.031,0,0,0,0,v
2014-12-10 16:30,6.506,0.039,0,0,0,0,v
2014-12-10 16:36,6.518,0.037,0,0,0,0,v
2014-12-10 16:42,6.513,0.000,0,0,0,0,v
2014-12-10 16:48,6.520,0.032,0,0,0,0,v
2014-12-10 16:54,6.525,0.033,0,0,0,0,v
2014-12-10 17:00,6.501,0.034,0,0,0,0,v
2014-12-10 17:06,6.530,0.027,0,0,0,0,v
2014-12-10 17:12,6.552,0.032,0,0,0,0,v
2014-12-10 17:18,6.544,0.031,0,0,0,0,v
2014-12-10 17:24,6.542,0.029,0,0,0,0,v
2014-12-10 17:30,6.545,0.034,0,0,0,0,v
2014-12-10 17:36,6.544,0.033,0,0,0,0,v
2014-12-10 17:42,6.549,0.027,0,0,0,0,v
2014-12-10 17:48,6.552,0.033,0,0,0,0,v
2014-12-10 17:54,6.550,0.027,0,0,0,0,v
2014-12-10 18:00,6.554,0.000,0,0,0,0,v
2014-12-10 18:06,6.551,0.032,0,0,0,0,v
2014-12-10 18:12,6.563,0.031,0,0,0,0,v
2014-12-10 18:18,6.556,0.038,0,0,0,0,v
2014-12-10 18:24,6.552,0.030,0,0,0,0,v
2014-12-10 18:30,6.549,0.030,0,0,0,0,v
2014-12-10 18:36,6.548,0.030,0,0,0,0,v
2014-12-10 18:42,6.552,0.033,0,0,0,0,v
2014-12-10 18:48,6.551,0.036,0,0,0,0,v
2014-12-10 18:54,6.538,0.031,0,0,0,0,v
2014-12-10 19:00,6.557,0.036,0,0,0,0,v
2014-12-10 19:06,6.585,0.029,0,0,0,0,v
2014-12-10 19:12,6.604,0.032,0,0,0,0,v
2014-12-10 19:18,6.606,0.000,1,0,0,0,v
2014-12-10 19:24,6.601,0.000,1,0,0,0,v
2014-12-10 19:30,6.596,0.000,0,0,0,0,v
2014-12-10 19:36,6.601,0.031,0,0,0,0,v
2014-12-10 19:42,6.613,0.037,0,0,0,0,v
2014-12-10 19:48,6.633,0.034,0,0,0,0,v
2014-12-10 19:54,6.647,0.030,0,0,0,0,v
2014-12-10 20:00,6.663,0.030,0,0,0,0,v
2014-12-10 20:06,6.670,0.030,0,0,0,0,v
2014-12-10 20:12,6.679,0.034,0,0,0,0,v
2014-12-10 20:18,6.687,0.031,0,0,0,0,v
2014-12-10 20:24,6.691,0.036,0,0,0,0,v
2014-12-10 20:30,6.690,0.035,0,0,0,0,v
2014-12-10 20:36,6.708,0.033,0,0,0,0,v
2014-12-10 20:42,6.723,0.030,0,0,0,0,v
2014-12-10 20:48,6.741,0.036,0,0,0,0,v
2014-12-10 20:54,6.756,0.031,0,0,0,0,v
2014-12-10 21:00,6.742,0.036,0,0,0,0,v
2014-12-10 21:06,6.737,0.033,0,0,0,0,v
2014-12-10 21:12,6.743,0.033,0,0,0,0,v
2014-12-10 21:18,6.745,0.036,0,0,0,0,v
2014-12-10 21:24,6.765,0.036,0,0,0,0,v
2014-12-10 21:30,6.780,0.034,0,0,0,0,v
2014-12-10 21:36,6.783,0.037,0,0,0,0,v
2014-12-10 21:42,6.812,0.033,0,0,0,0,v
2014-12-10 21:48,6.813,0.037,0,0,0,0,v
2014-12-10 21:54,6.820,0.032,0,0,0,0,v
2014-12-10 22:00,6.830,0.000,0,0,0,0,v
2014-12-10 22:06,6.845,0.033,0,0,0,0,v
2014-12-10 22:12,6.836,0.026,0,0,0,0,v
2014-12-10 22:18,6.828,0.038,0,0,0,0,v
2014-12-10 22:24,6.839,0.036,0,0,0,0,v
2014-12-10 22:30,6.857,0.037,0,0,0,0,v
2014-12-10 22:36,6.861,0.036,0,0,0,0,v
2014-12-10 22:42,6.877,0.033,0,0,0,0,v
2014-12-10 22:48,6.857,0.036,0,0,0,0,v
2014-12-10 22:54,6.880,0.037,0,0,0,0,v
2014-12-10 23:00,6.887,0.039,0,0,0,0,v
2014-12-10 23:06,6.877,0.035,0,0,0,0,v
2014-12-10 23:12,6.882,0.036,0,0,0,0,v
2014-12-10 23:18,6.895,0.041,0,0,0,0,v
2014-12-10 23:24,6.914,0.038,0,0,0,0,v
2014-12-10 23:30,6.897,0.039,0,0,0,0,v
2014-12-10 23:36,6.909,0.039,0,0,0,0,v
2014-12-10 23:42,6.907,0.040,0,0,0,0,v
2014-12-10 23:48,6.889,0.037,0,0,0,0,v
2014-12-10 23:54,6.910,0.039,0,0,0,0,v
2014-12-11 00:00,6.899,0.036,0,0,0,0,v
2014-12-11 00:06,6.921,0.038,0,0,0,0,v
2014-12-11 00:12,6.910,0.035,0,0,0,0,v
2014-12-11 00:18,6.915,0.037,0,0,0,0,v
2014-12-11 00:24,6.914,0.036,0,0,0,0,v
2014-12-11 00:30,6.917,0.040,0,0,0,0,v
2014-12-11 00:36,6.935,0.037,0,0,0,0,v
2014-12-11 00:42,6.923,0.038,0,0,0,0,v
2014-12-11 00:48,6.917,0.044,0,0,0,0,v
2014-12-11 00:54,6.921,0.037,0,0,0,0,v
2014-12-11 01:00,6.928,0.039,0,0,0,0,v
2014-12-11 01:06,6.918,0.034,0,0,0,0,v
2014-12-11 01:12,6.935,0.036,0,0,0,0,v
2014-12-11 01:18,6.948,0.033,0,0,0,0,v
2014-12-11 01:24,6.939,0.035,0,0,0,0,v
2014-12-11 01:30,6.943,0.033,0,0,0,0,v
2014-12-11 01:36,6.929,0.036,0,0,0,0,v
2014-12-11 01:42,6.930,0.038,0,0,0,0,v
2014-12-11 01:48,6.930,0.036,0,0,0,0,v
2014-12-11 01:54,6.933,0.039,0,0,0,0,v
2014-12-11 02:00,6.934,0.041,0,0,0,0,v
2014-12-11 02:06,6.922,0.037,0,0,0,0,v
2014-12-11 02:12,6.923,0.037,0,0,0,0,v
2014-12-11 02:18,6.932,0.039,0,0,0,0,v
2014-12-11 02:24,6.919,0.034,0,0,0,0,v
2014-12-11 02:30,6.932,0.039,0,0,0,0,v
2014-12-11 02:36,6.908,0.041,0,0,0,0,v
2014-12-11 02:42,6.907,0.040,0,0,0,0,v
2014-12-11 02:48,6.917,0.035,0,0,0,0,v
2014-12-11 02:54,6.913,0.040,0,0,0,0,v
2014-12-11 03:00,6.924,0.036,0,0,0,0,v
2014-12-11 03:06,6.924,0.035,0,0,0,0,v
2014-12-11 03:12,6.926,0.037,0,0,0,0,v
2014-12-11 03:18,6.928,0.039,0,0,0,0,v
2014-12-11 03:24,6.909,0.041,0,0,0,0,v
2014-12-11 03:30,6.906,0.037,0,0,0,0,v
2014-12-11 03:36,6.903,0.037,0,0,0,0,v
2014-12-11 03:42,6.886,0.039,0,0,0,0,v
2014-12-11 03:48,6.887,0.044,0,0,0,0,v
2014-12-11 03:54,6.900,0.036,0,0,0,0,v
2014-12-11 04:00,6.888,0.034,0,0,0,0,v
2014-12-11 04:06,6.871,0.042,0,0,0,0,v
2014-12-11 04:12,6.875,0.041,0,0,0,0,v
2014-12-11 04:18,6.860,0.039,0,0,0,0,v
2014-12-11 04:24,6.855,0.043,0,0,0,0,v
2014-12-11 04:30,6.816,0.042,0,0,0,0,v
2014-12-11 04:36,6.835,0.046,0,0,0,0,v
2014-12-11 04:42,6.837,0.043,0,0,0,0,v
2014-12-11 04:48,6.855,0.040,0,0,0,0,v
2014-12-11 04:54,6.852,0.042,0,0,0,0,v
2014-12-11 05:00,6.838,0.042,0,0,0,0,v
2014-12-11 05:06,6.826,0.041,0,0,0,0,v
2014-12-11 05:12,6.853,0.037,0,0,0,0,v
2014-12-11 05:18,6.851,0.040,0,0,0,0,v
2014-12-11 05:24,6.875,0.040,0,0,0,0,v
2014-12-11 05:30,6.866,0.036,0,0,0,0,v
2014-12-11 05:36,6.844,0.043,0,0,0,0,v
2014-12-11 05:42,6.846,0.037,0,0,0,0,v
2014-12-11 05:48,6.853,0.033,0,0,0,0,v
2014-12-11 05:54,6.851,0.035,0,0,0,0,v
2014-12-11 06:00,6.834,0.042,0,0,0,0,v
2014-12-11 06:06,6.815,0.038,0,0,0,0,v
2014-12-11 06:12,6.826,0.045,0,0,0,0,v
2014-12-11 06:18,6.806,0.042,0,0,0,0,v
2014-12-11 06:24,6.807,0.041,0,0,0,0,v
2014-12-11 06:30,6.815,0.042,0,0,0,0,v
2014-12-11 06:36,6.827,0.040,0,0,0,0,v
2014-12-11 06:42,6.806,0.041,0,0,0,0,v
2014-12-11 06:48,6.813,0.042,0,0,0,0,v
2014-12-11 06:54,6.804,0.043,0,0,0,0,v
2014-12-11 07:00,6.793,0.038,0,0,0,0,v
2014-12-11 07:06,6.789,0.039,0,0,0,0,v
2014-12-11 07:12,6.797,0.046,0,0,0,0,v
2014-12-11 07:18,6.806,0.039,0,0,0,0,v
2014-12-11 07:24,6.812,0.042,0,0,0,0,v
2014-12-11 07:30,6.779,0.040,0,0,0,0,v
2014-12-11 07:36,6.774,0.039,0,0,0,0,v
2014-12-11 07:42,6.797,0.045,0,0,0,0,v
2014-12-11 07:48,6.809,0.047,0,0,0,0,v
2014-12-11 07:54,6.825,0.042,0,0,0,0,v
2014-12-11 08:00,6.800,0.045,0,0,0,0,v
2014-12-11 08:06,6.782,0.046,0,0,0,0,v
2014-12-11 08:12,6.790,0.049,0,0,0,0,v
2014-12-11 08:18,6.806,0.040,0,0,0,0,v
2014-12-11 08:24,6.796,0.048,0,0,0,0,v
2014-12-11 08:30,6.791,0.044,0,0,0,0,v
2014-12-11 08:36,6.802,0.046,0,0,0,0,v
2014-12-11 08:42,6.797,0.045,0,0,0,0,v
2014-12-11 08:48,6.807,0.045,0,0,0,0,v
2014-12-11 08:54,6.772,0.047,0,0,0,0,v
2014-12-11 09:00,6.780,0.042,0,0,0,0,v
2014-12-11 09:06,6.768,0.042,0,0,0,0,v
2014-12-11 09:12,6.796,0.040,0,0,0,0,v
2014-12-11 09:18,6.795,0.045,0,0,0,0,v
2014-12-11 09:24,6.799,0.049,0,0,0,0,v
2014-12-11 09:30,6.750,0.050,0,0,0,0,v
2014-12-11 09:36,6.740,0.041,0,0,0,0,v
2014-12-11 09:42,6.754,0.044,0,0,0,0,v
2014-12-11 09:48,6.744,0.044,0,0,0,0,v
2014-12-11 09:54,6.752,0.043,0,0,0,0,v
2014-12-11 10:00,6.774,0.039,0,0,0,0,v
2014-12-11 10:06,6.751,0.042,0,0,0,0,v
2014-12-11 10:12,6.739,0.051,0,0,0,0,v
2014-12-11 10:18,6.759,0.046,0,0,0,0,v
2014-12-11 10:24,6.752,0.048,0,0,0,0,v
2014-12-11 10:30,6.748,0.046,0,0,0,0,v
2014-12-11 10:36,6.726,0.064,0,0,0,0,v
2014-12-11 10:42,6.760,0.047,0,0,0,0,v
2014-12-11 10:48,6.748,0.052,0,0,0,0,v
2014-12-11 10:54,6.767,0.041,0,0,0,0,v
2014-12-11 11:00,6.736,0.052,0,0,0,0,v
2014-12-11 11:06,6.732,0.048,0,0,0,0,v
2014-12-11 11:12,6.742,0.053,0,0,0,0,v
2014-12-11 11:18,6.719,0.051,0,0,0,0,v
2014-12-11 11:24,6.757,0.050,0,0,0,0,v
2014-12-11 11:30,6.721,0.052,0,0,0,0,v
2014-12-11 11:36,6.725,0.053,0,0,0,0,v
2014-12-11 11:42,6.716,0.053,0,0,0,0,v
2014-12-11 11:48,6.704,0.050,0,0,0,0,v
2014-12-11 11:54,6.694,0.047,0,0,0,0,v
2014-12-11 12:00,6.683,0.051,0,0,0,0,v
2014-12-11 12:06,6.695,0.054,0,0,0,0,v
2014-12-11 12:12,6.684,0.055,0,0,0,0,v
2014-12-11 12:18,6.663,0.061,0,0,0,0,v
2014-12-11 12:24,6.664,0.048,0,0,0,0,v
2014-12-11 12:30,6.660,0.061,0,0,0,0,v
2014-12-11 12:36,6.658,0.052,0,0,0,0,v
2014-12-11 12:42,6.652,0.052,0,0,0,0,v
2014-12-11 12:48,6.658,0.055,0,0,0,0,v
2014-12-11 12:54,6.653,0.056,0,0,0,0,v
2014-12-11 13:00,6.664,0.057,0,0,0,0,v
2014-12-11 13:06,6.646,0.055,0,0,0,0,v
2014-12-11 13:12,6.618,0.053,0,0,0,0,v
2014-12-11 13:18,6.618,0.061,0,0,0,0,v
2014-12-11 13:24,6.642,0.062,0,0,0,0,v
2014-12-11 13:30,6.620,0.049,0,0,0,0,v
2014-12-11 13:36,6.583,0.047,0,0,0,0,v
2014-12-11 13:42,6.568,0.053,0,0,0,0,v
2014-12-11 13:48,6.556,0.068,0,0,0,0,v
2014-12-11 13:54,6.566,0.059,0,0,0,0,v
2014-12-11 14:00,6.580,0.054,0,0,0,0,v
2014-12-11 14:06,6.576,0.056,0,0,0,0,v
2014-12-11 14:12,6.560,0.059,0,0,0,0,v
2014-12-11 14:18,6.534,0.058,0,0,0,0,v
2014-12-11 14:24,6.533,0.052,0,0,0,0,v
2014-12-11 14:30,6.546,0.054,0,0,0,0,v
2014-12-11 14:36,6.527,0.061,0,0,0,0,v
2014-12-11 14:42,6.507,0.059,0,0,0,0,v
2014-12-11 14:48,6.494,0.064,0,0,0,0,v
2014-12-11 14:54,6.514,0.054,0,0,0,0,v
2014-12-11 15:00,6.499,0.062,0,0,0,0,v
2014-12-11 15:06,6.494,0.063,0,0,0,0,v
2014-12-11 15:12,6.508,0.054,0,0,0,0,v
2014-12-11 15:18,6.505,0.054,0,0,0,0,v
2014-12-11 15:24,6.515,0.056,0,0,0,0,v
2014-12-11 15:30,6.491,0.057,0,0,0,0,v
2014-12-11 15:36,6.487,0.063,0,0,0,0,v
2014-12-11 15:42,6.498,0.057,0,0,0,0,v
2014-12-11 15:48,6.495,0.059,0,0,0,0,v
2014-12-11 15:54,6.502,0.059,0,0,0,0,v
2014-12-11 16:00,6.509,0.054,0,0,0,0,v
2014-12-11 16:06,6.505,0.061,0,0,0,0,v
2014-12-11 16:12,6.507,0.057,0,0,0,0,v
2014-12-11 16:18,6.480,0.057,0,0,0,0,v
2014-12-11 16:24,6.468,0.059,0,0,0,0,v
2014-12-11 16:30,6.474,0.056,0,0,0,0,v
2014-12-11 16:36,6.453,0.061,0,0,0,0,v
2014-12-11 16:42,6.484,0.063,0,0,0,0,v
2014-12-11 16:48,6.488,0.056,0,0,0,0,v
2014-12-11 16:54,6.441,0.055,0,0,0,0,v
2014-12-11 17:00,6.465,0.058,0,0,0,0,v
2014-12-11 17:06,6.446,0.059,0,0,0,0,v
2014-12-11 17:12,6.457,0.057,0,0,0,0,v
2014-12-11 17:18,6.453,0.057,0,0,0,0,v
2014-12-11 17:24,6.452,0.055,0,0,0,0,v
2014-12-11 17:30,6.455,0.055,0,0,0,0,v
2014-12-11 17:36,6.460,0.055,0,0,0,0,v
2014-12-11 17:42,6.460,0.061,0,0,0,0,v
2014-12-11 17:48,6.455,0.059,0,0,0,0,v
2014-12-11 17:54,6.458,0.059,0,0,0,0,v
2014-12-11 18:00,6.451,0.059,0,0,0,0,v
2014-12-11 18:06,6.438,0.054,0,0,0,0,v
2014-12-11 18:12,6.463,0.055,0,0,0,0,v
2014-12-11 18:18,6.465,0.060,0,0,0,0,v
2014-12-11 18:24,6.454,0.058,0,0,0,0,v
2014-12-11 18:30,6.454,0.058,0,0,0,0,v
2014-12-11 18:36,6.483,0.050,0,0,0,0,v
2014-12-11 18:42,6.473,0.058,0,0,0,0,v
2014-12-11 18:48,6.485,0.054,0,0,0,0,v
2014-12-11 18:54,6.489,0.058,0,0,0,0,v
2014-12-11 19:00,6.496,0.053,0,0,0,0,v
2014-12-11 19:06,6.475,0.063,0,0,0,0,v
2014-12-11 19:12,6.500,0.058,0,0,0,0,v
2014-12-11 19:18,6.499,0.059,0,0,0,0,v
2014-12-11 19:24,6.504,0.052,0,0,0,0,v
2014-12-11 19:30,6.524,0.057,0,0,0,0,v
2014-12-11 19:36,6.536,0.056,0,0,0,0,v
2014-12-11 19:42,6.553,0.055,0,0,0,0,v
2014-12-11 19:48,6.547,0.063,0,0,0,0,v
2014-12-11 19:54,6.575,0.059,0,0,0,0,v
2014-12-11 20:00,6.587,0.053,0,0,0,0,v
2014-12-11 20:06,6.566,0.058,0,0,0,0,v
2014-12-11 20:12,6.614,0.055,0,0,0,0,v
2014-12-11 20:18,6.616,0.049,0,0,0,0,v
2014-12-11 20:24,6.604,0.054,0,0,0,0,v
2014-12-11 20:30,6.601,0.056,0,0,0,0,v
2014-12-11 20:36,6.611,0.061,0,0,0,0,v
2014-12-11 20:42,6.621,0.053,0,0,0,0,v
2014-12-11 20:48,6.648,0.057,0,0,0,0,v
2014-12-11 20:54,6.634,0.056,0,0,0,0,v
2014-12-11 21:00,6.651,0.060,0,0,0,0,v
2014-12-11 21:06,6.665,0.056,0,0,0,0,v
2014-12-11 21:12,6.656,0.059,0,0,0,0,v
2014-12-11 21:18,6.649,0.056,0,0,0,0,v
2014-12-11 21:24,6.668,0.059,0,0,0,0,v
2014-12-11 21:30,6.688,0.050,0,0,0,0,v
2014-12-11 21:36,6.694,0.054,0,0,0,0,v
2014-12-11 21:42,6.689,0.050,0,0,0,0,v
2014-12-11 21:48,6.690,0.056,0,0,0,0,v
2014-12-11 21:54,6.676,0.058,0,0,0,0,v
2014-12-11 22:00,6.676,0.051,0,0,0,0,v
2014-12-11 22:06,6.667,0.064,0,0,0,0,v
2014-12-11 22:12,6.713,0.047,0,0,0,0,v
2014-12-11 22:18,6.724,0.056,0,0,0,0,v
2014-12-11 22:24,6.722,0.052,0,0,0,0,v
2014-12-11 22:30,6.722,0.051,0,0,0,0,v
2014-12-11 22:36,6.749,0.053,0,0,0,0,v
2014-12-11 22:42,6.745,0.058,0,0,0,0,v
2014-12-11 22:48,6.737,0.058,0,0,0,0,v
2014-12-11 22:54,6.754,0.048,0,0,0,0,v
2014-12-11 23:00,6.775,0.057,0,0,0,0,v
2014-12-11 23:06,6.795,0.057,0,0,0,0,v
2014-12-11 23:12,6.776,0.054,0,0,0,0,v
2014-12-11 23:18,6.795,0.042,0,0,0,0,v
2014-12-11 23:24,6.799,0.060,0,0,0,0,v
2014-12-11 23:30,6.799,0.053,0,0,0,0,v
2014-12-11 23:36,6.819,0.054,0,0,0,0,v
2014-12-11 23:42,6.832,0.047,0,0,0,0,v
2014-12-11 23:48,6.823,0.046,0,0,0,0,v
2014-12-11 23:54,6.817,0.055,0,0,0,0,v
2014-12-12 00:00,6.813,0.061,0,0,0,0,v
2014-12-12 00:06,6.807,0.055,0,0,0,0,v
2014-12-12 00:12,6.843,0.048,0,0,0,0,v
2014-12-12 00:18,6.851,0.053,0,0,0,0,v
2014-12-12 00:24,6.844,0.059,0,0,0,0,v
2014-12-12 00:30,6.882,0.047,0,0,0,0,v
2014-12-12 00:36,6.869,0.057,0,0,0,0,v
2014-12-12 00:42,6.854,0.059,0,0,0,0,v
2014-12-12 00:48,6.872,0.052,0,0,0,0,v
2014-12-12 00:54,6.889,0.052,0,0,0,0,v
2014-12-12 01:00,6.890,0.050,0,0,0,0,v
2014-12-12 01:06,6.899,0.052,0,0,0,0,v
2014-12-12 01:12,6.899,0.048,0,0,0,0,v
2014-12-12 01:18,6.882,0.049,0,0,0,0,v
2014-12-12 01:24,6.876,0.051,0,0,0,0,v
2014-12-12 01:30,6.866,0.049,0,0,0,0,v
2014-12-12 01:36,6.866,0.049,0,0,0,0,v
2014-12-12 01:42,6.885,0.053,0,0,0,0,v
2014-12-12 01:48,6.882,0.048,0,0,0,0,v
2014-12-12 01:54,6.868,0.060,0,0,0,0,v
2014-12-12 02:00,6.889,0.047,0,0,0,0,v
2014-12-12 02:06,6.875,0.054,0,0,0,0,v
2014-12-12 02:12,6.868,0.045,0,0,0,0,v
2014-12-12 02:18,6.876,0.050,0,0,0,0,v
2014-12-12 02:24,6.870,0.054,0,0,0,0,v
2014-12-12 02:30,6.871,0.051,0,0,0,0,v
2014-12-12 02:36,6.883,0.047,0,0,0,0,v
2014-12-12 02:42,6.871,0.045,0,0,0,0,v
2014-12-12 02:48,6.875,0.045,0,0,0,0,v
2014-12-12 02:54,6.860,0.050,0,0,0,0,v
2014-12-12 03:00,6.873,0.045,0,0,0,0,v
2014-12-12 03:06,6.889,0.047,0,0,0,0,v
2014-12-12 03:12,6.913,0.049,0,0,0,0,v
2014-12-12 03:18,6.901,0.051,0,0,0,0,v
2014-12-12 03:24,6.884,0.049,0,0,0,0,v
2014-12-12 03:30,6.881,0.049,0,0,0,0,v
2014-12-12 03:36,6.886,0.052,0,0,0,0,v
2014-12-12 03:42,6.877,0.051,0,0,0,0,v
2014-12-12 03:48,6.876,0.049,0,0,0,0,v
2014-12-12 03:54,6.882,0.045,0,0,0,0,v
2014-12-12 04:00,6.867,0.047,0,0,0,0,v
2014-12-12 04:06,6.861,0.045,0,0,0,0,v
2014-12-12 04:12,6.858,0.057,0,0,0,0,v
2014-12-12 04:18,6.848,0.045,0,0,0,0,v
2014-12-12 04:24,6.867,0.050,0,0,0,0,v
2014-12-12 04:30,6.848,0.046,0,0,0,0,v
2014-12-12 04:36,6.857,0.051,0,0,0,0,v
2014-12-12 04:42,6.867,0.045,0,0,0,0,v
2014-12-12 04:48,6.843,0.054,0,0,0,0,v
2014-12-12 04:54,6.846,0.047,0,0,0,0,v
2014-12-12 05:00,6.812,0.053,0,0,0,0,v
2014-12-12 05:06,6.812,0.046,0,0,0,0,v
2014-12-12 05:12,6.813,0.045,0,0,0,0,v
2014-12-12 05:18,6.817,0.049,0,0,0,0,v
2014-12-12 05:24,6.812,0.055,0,0,0,0,v
2014-12-12 05:30,6.813,0.046,0,0,0,0,v
2014-12-12 05:36,6.799,0.046,0,0,0,0,v
2014-12-12 05:42,6.787,0.047,0,0,0,0,v
2014-12-12 05:48,6.790,0.050,0,0,0,0,v
2014-12-12 05:54,6.816,0.050,0,0,0,0,v
2014-12-12 06:00,6.806,0.054,0,0,0,0,v
2014-12-12 06:06,6.821,0.052,0,0,0,0,v
2014-12-12 06:12,6.805,0.048,0,0,0,0,v
2014-12-12 06:18,6.789,0.048,0,0,0,0,v
2014-12-12 06:24,6.776,0.053,0,0,0,0,v
2014-12-12 06:30,6.762,0.053,0,0,0,0,v
2014-12-12 06:36,6.752,0.053,0,0,0,0,v
2014-12-12 06:42,6.747,0.054,0,0,0,0,v
2014-12-12 06:48,6.733,0.053,0,0,0,0,v
2014-12-12 06:54,6.726,0.044,0,0,0,0,v
2014-12-12 07:00,6.725,0.049,0,0,0,0,v
2014-12-12 07:06,6.738,0.052,0,0,0,0,v
2014-12-12 07:12,6.733,0.047,0,0,0,0,v
2014-12-12 07:18,6.754,0.048,0,0,0,0,v
2014-12-12 07:24,6.746,0.051,0,0,0,0,v
2014-12-12 07:30,6.744,0.048,0,0,0,0,v
2014-12-12 07:36,6.740,0.056,0,0,0,0,v
2014-12-12 07:42,6.735,0.057,0,0,0,0,v
2014-12-12 07:48,6.730,0.000,0,0,0,0,v
2014-12-12 07:54,6.742,0.053,0,0,0,0,v
2014-12-12 08:00,6.740,0.052,0,0,0,0,v
2014-12-12 08:06,6.732,0.049,0,0,0,0,v
2014-12-12 08:12,6.728,0.060,0,0,0,0,v
2014-12-12 08:18,6.724,0.049,0,0,0,0,v
2014-12-12 08:24,6.731,0.050,0,0,0,0,v
2014-12-12 08:30,6.725,0.050,0,0,0,0,v
2014-12-12 08:36,6.732,0.052,0,0,0,0,v
2014-12-12 08:42,6.735,0.047,0,0,0,0,v
2014-12-12 08:48,6.729,0.047,0,0,0,0,v
2014-12-12 08:54,6.716,0.049,0,0,0,0,v
2014-12-12 09:00,6.735,0.056,0,0,0,0,v
2014-12-12 09:06,6.721,0.050,0,0,0,0,v
2014-12-12 09:12,6.699,0.052,0,0,0,0,v
2014-12-12 09:18,6.696,0.054,0,0,0,0,v
2014-12-12 09:24,6.707,0.048,0,0,0,0,v
2014-12-12 09:30,6.702,0.058,0,0,0,0,v
2014-12-12 09:36,6.679,0.053,0,0,0,0,v
2014-12-12 09:42,6.680,0.046,0,0,0,0,v
2014-12-12 09:48,6.686,0.046,0,0,0,0,v
2014-12-12 09:54,6.684,0.050,0,0,0,0,v
2014-12-12 10:00,6.695,0.052,0,0,0,0,v
2014-12-12 10:06,6.696,0.057,0,0,0,0,v
2014-12-12 10:12,6.700,0.060,0,0,0,0,v
2014-12-12 10:18,6.689,0.057,0,0,0,0,v
2014-12-12 10:24,6.686,0.048,0,0,0,0,v
2014-12-12 10:30,6.684,0.048,0,0,0,0,v
2014-12-12 10:36,6.683,0.048,0,0,0,0,v
2014-12-12 10:42,6.688,0.046,0,0,0,0,v
2014-12-12 10:48,6.693,0.057,0,0,0,0,v
2014-12-12 10:54,6.675,0.052,0,0,0,0,v
2014-12-12 11:00,6.670,0.058,0,0,0,0,v
2014-12-12 11:06,6.682,0.047,0,0,0,0,v
2014-12-12 11:12,6.693,0.052,0,0,0,0,v
2014-12-12 11:18,6.716,0.046,0,0,0,0,v
2014-12-12 11:24,6.703,0.049,0,0,0,0,v
2014-12-12 11:30,6.703,0.052,0,0,0,0,v
2014-12-12 11:36,6.675,0.054,0,0,0,0,v
2014-12-12 11:42,6.667,0.056,0,0,0,0,v
2014-12-12 11:48,6.659,0.045,0,0,0,0,v
2014-12-12 11:54,6.644,0.052,0,0,0,0,v
2014-12-12 12:00,6.635,0.051,0,0,0,0,v
2014-12-12 12:06,6.616,0.056,0,0,0,0,v
2014-12-12 12:12,6.617,0.053,0,0,0,0,v
2014-12-12 12:18,6.642,0.057,0,0,0,0,v
2014-12-12 12:24,6.635,0.051,0,0,0,0,v
2014-12-12 12:30,6.629,0.048,0,0,0,0,v
2014-12-12 12:36,6.635,0.043,0,0,0,0,v
2014-12-12 12:42,6.640,0.050,0,0,0,0,v
2014-12-12 12:48,6.597,0.050,0,0,0,0,v
2014-12-12 12:54,6.617,0.050,0,0,0,0,v
2014-12-12 13:00,6.630,0.050,0,0,0,0,v
2014-12-12 13:06,6.626,0.053,0,0,0,0,v
2014-12-12 13:12,6.636,0.048,0,0,0,0,v
2014-12-12 13:18,6.622,0.055,0,0,0,0,v
2014-12-12 13:24,6.624,0.045,0,0,0,0,v
2014-12-12 13:30,6.601,0.056,0,0,0,0,v
2014-12-12 13:36,6.588,0.055,0,0,0,0,v
2014-12-12 13:42,6.577,0.054,0,0,0,0,v
2014-12-12 13:48,6.596,0.051,0,0,0,0,v
2014-12-12 13:54,6.609,0.048,0,0,0,0,v
2014-12-12 14:00,6.583,0.052,0,0,0,0,v
2014-12-12 14:06,6.580,0.045,0,0,0,0,v
2014-12-12 14:12,6.588,0.054,0,0,0,0,v
2014-12-12 14:18,6.579,0.050,0,0,0,0,v
2014-12-12 14:24,6.569,0.053,0,0,0,0,v
2014-12-12 14:30,6.567,0.041,0,0,0,0,v
2014-12-12 14:36,6.567,0.052,0,0,0,0,v
2014-12-12 14:42,6.541,0.052,0,0,0,0,v
2014-12-12 14:48,6.538,0.051,0,0,0,0,v
2014-12-12 14:54,6.557,0.045,0,0,0,0,v
2014-12-12 15:00,6.547,0.054,0,0,0,0,v
2014-12-12 15:06,6.539,0.061,0,0,0,0,v
2014-12-12 15:12,6.536,0.062,0,0,0,0,v
2014-12-12 15:18,6.508,0.055,0,0,0,0,v
2014-12-12 15:24,6.518,0.044,0,0,0,0,v
2014-12-12 15:30,6.542,0.041,0,0,0,0,v
2014-12-12 15:36,6.535,0.053,0,0,0,0,v
2014-12-12 15:42,6.515,0.046,0,0,0,0,v
2014-12-12 15:48,6.518,0.056,0,0,0,0,v
2014-12-12 15:54,6.517,0.054,0,0,0,0,v
2014-12-12 16:00,6.494,0.056,0,0,0,0,v
2014-12-12 16:06,6.487,0.048,0,0,0,0,v
2014-12-12 16:12,6.482,0.058,0,0,0,0,v
2014-12-12 16:18,6.479,0.046,0,0,0,0,v
2014-12-12 16:24,6.495,0.042,0,0,0,0,v
2014-12-12 16:30,6.494,0.041,0,0,0,0,v
2014-12-12 16:36,6.491,0.051,0,0,0,0,v
2014-12-12 16:42,6.487,0.040,0,0,0,0,v
2014-12-12 16:48,6.492,0.047,0,0,0,0,v
2014-12-12 16:54,6.477,0.053,0,0,0,0,v
2014-12-12 17:00,6.476,0.048,0,0,0,0,v
2014-12-12 17:06,6.467,0.045,0,0,0,0,v
2014-12-12 17:12,6.460,0.051,0,0,0,0,v
2014-12-12 17:18,6.468,0.050,0,0,0,0,v
2014-12-12 17:24,6.463,0.043,0,0,0,0,v
2014-12-12 17:30,6.453,0.044,0,0,0,0,v
2014-12-12 17:36,6.451,0.042,0,0,0,0,v
2014-12-12 17:42,6.453,0.053,0,0,0,0,v
2014-12-12 17:48,6.454,0.039,0,0,0,0,v
2014-12-12 17:54,6.446,0.045,0,0,0,0,v
2014-12-12 18:00,6.457,0.045,0,0,0,0,v
2014-12-12 18:06,6.450,0.048,0,0,0,0,v
2014-12-12 18:12,6.423,0.049,0,0,0,0,v
2014-12-12 18:18,6.427,0.044,0,0,0,0,v
2014-12-12 18:24,6.442,0.044,0,0,0,0,v
2014-12-12 18:30,6.440,0.044,0,0,0,0,v
2014-12-12 18:36,6.431,0.046,0,0,0,0,v
2014-12-12 18:42,6.437,0.045,0,0,0,0,v
2014-12-12 18:48,6.434,0.053,0,0,0,0,v
2014-12-12 18:54,6.436,0.046,0,0,0,0,v
2014-12-12 19:00,6.434,0.045,0,0,0,0,v
2014-12-12 19:06,6.430,0.051,0,0,0,0,v
2014-12-12 19:12,6.436,0.052,0,0,0,0,v
2014-12-12 19:18,6.442,0.046,0,0,0,0,v
2014-12-12 19:24,6.454,0.053,0,0,0,0,v
2014-12-12 19:30,6.465,0.040,0,0,0,0,v
2014-12-12 19:36,6.466,0.049,0,0,0,0,v
2014-12-12 19:42,6.475,0.046,0,0,0,0,v
2014-12-12 19:48,6.481,0.045,0,0,0,0,v
2014-12-12 19:54,6.476,0.040,0,0,0,0,v
2014-12-12 20:00,6.445,0.049,0,0,0,0,v
2014-12-12 20:06,6.449,0.049,0,0,0,0,v
2014-12-12 20:12,6.478,0.043,0,0,0,0,v
2014-12-12 20:18,6.487,0.048,0,0,0,0,v
2014-12-12 20:24,6.505,0.053,0,0,0,0,v
2014-12-12 20:30,6.512,0.044,0,0,0,0,v
2014-12-12 20:36,6.529,0.044,0,0,0,0,v
2014-12-12 20:42,6.547,0.045,0,0,0,0,v
2014-12-12 20:48,6.542,0.045,0,0,0,0,v
2014-12-12 20:54,6.554,0.038,0,0,0,0,v
2014-12-12 21:00,6.556,0.042,0,0,0,0,v
2014-12-12 21:06,6.561,0.048,0,0,0,0,v
2014-12-12 21:12,6.575,0.043,0,0,0,0,v
2014-12-12 21:18,6.580,0.037,0,0,0,0,v
2014-12-12 21:24,6.589,0.046,0,0,0,0,v
2014-12-12 21:30,6.596,0.037,0,0,0,0,v
2014-12-12 21:36,6.579,0.043,0,0,0,0,v
2014-12-12 21:42,6.573,0.052,0,0,0,0,v
2014-12-12 21:48,6.588,0.048,0,0,0,0,v
2014-12-12 21:54,6.578,0.046,0,0,0,0,v
2014-12-12 22:00,6.597,0.047,0,0,0,0,v
2014-12-12 22:06,6.609,0.047,0,0,0,0,v
2014-12-12 22:12,6.613,0.047,0,0,0,0,v
2014-12-12 22:18,6.611,0.046,0,0,0,0,v
2014-12-12 22:24,6.604,0.047,0,0,0,0,v
2014-12-12 22:30,6.631,0.040,0,0,0,0,v
2014-12-12 22:36,6.620,0.041,0,0,0,0,v
2014-12-12 22:42,6.620,0.039,0,0,0,0,v
2014-12-12 22:48,6.645,0.041,0,0,0,0,v
2014-12-12 22:54,6.654,0.052,0,0,0,0,v
2014-12-12 23:00,6.676,0.040,0,0,0,0,v
2014-12-12 23:06,6.676,0.044,0,0,0,0,v
2014-12-12 23:12,6.665,0.048,0,0,0,0,v
2014-12-12 23:18,6.678,0.051,0,0,0,0,v
2014-12-12 23:24,6.683,0.044,0,0,0,0,v
2014-12-12 23:30,6.700,0.044,0,0,0,0,v
2014-12-12 23:36,6.690,0.046,0,0,0,0,v
2014-12-12 23:42,6.702,0.034,0,0,0,0,v
2014-12-12 23:48,6.712,0.035,0,0,0,0,v
2014-12-12 23:54,6.709,0.047,0,0,0,0,v
2014-12-13 00:00,6.723,0.043,0,0,0,0,v
2014-12-13 00:06,6.714,0.048,0,0,0,0,v
2014-12-13 00:12,6.725,0.046,0,0,0,0,v
2014-12-13 00:18,6.718,0.043,0,0,0,0,v
2014-12-13 00:24,6.727,0.043,0,0,0,0,v
2014-12-13 00:30,6.721,0.051,0,0,0,0,v
2014-12-13 00:36,6.726,0.047,0,0,0,0,v
2014-12-13 00:42,6.743,0.043,0,0,0,0,v
2014-12-13 00:48,6.744,0.046,0,0,0,0,v
2014-12-13 00:54,6.755,0.052,0,0,0,0,v
2014-12-13 01:00,6.750,0.040,0,0,0,0,v
2014-12-13 01:06,6.756,0.045,0,0,0,0,v
2014-12-13 01:12,6.764,0.047,0,0,0,0,v
2014-12-13 01:18,6.771,0.046,0,0,0,0,v
2014-12-13 01:24,6.763,0.037,0,0,0,0,v
2014-12-13 01:30,6.755,0.053,0,0,0,0,v
2014-12-13 01:36,6.733,0.047,0,0,0,0,v
2014-12-13 01:42,6.748,0.045,0,0,0,0,v
2014-12-13 01:48,6.760,0.048,0,0,0,0,v
2014-12-13 01:54,6.765,0.052,0,0,0,0,v
2014-12-13 02:00,6.758,0.046,0,0,0,0,v
2014-12-13 02:06,6.752,0.047,0,0,0,0,v
2014-12-13 02:12,6.761,0.043,0,0,0,0,v
2014-12-13 02:18,6.768,0.044,0,0,0,0,v
2014-12-13 02:24,6.768,0.044,0,0,0,0,v
2014-12-13 02:30,6.783,0.052,0,0,0,0,v
2014-12-13 02:36,6.768,0.048,0,0,0,0,v
2014-12-13 02:42,6.765,0.047,0,0,0,0,v
2014-12-13 02:48,6.759,0.044,0,0,0,0,v
2014-12-13 02:54,6.767,0.049,0,0,0,0,v
2014-12-13 03:00,6.772,0.046,0,0,0,0,v
2014-12-13 03:06,6.788,0.043,0,0,0,0,v
2014-12-13 03:12,6.787,0.049,0,0,0,0,v
2014-12-13 03:18,6.778,0.048,0,0,0,0,v
2014-12-13 03:24,6.767,0.050,0,0,0,0,v
2014-12-13 03:30,6.766,0.044,0,0,0,0,v
2014-12-13 03:36,6.776,0.040,0,0,0,0,v
2014-12-13 03:42,6.764,0.047,0,0,0,0,v
2014-12-13 03:48,6.768,0.049,0,0,0,0,v
2014-12-13 03:54,6.766,0.048,0,0,0,0,v
2014-12-13 04:00,6.761,0.048,0,0,0,0,v
2014-12-13 04:06,6.754,0.054,0,0,0,0,v
2014-12-13 04:12,6.747,0.044,0,0,0,0,v
2014-12-13 04:18,6.762,0.050,0,0,0,0,v
2014-12-13 04:24,6.766,0.049,0,0,0,0,v
2014-12-13 04:30,6.749,0.049,0,0,0,0,v
2014-12-13 04:36,6.748,0.048,0,0,0,0,v
2014-12-13 04:42,6.728,0.050,0,0,0,0,v
2014-12-13 04:48,6.713,0.049,0,0,0,0,v
2014-12-13 04:54,6.730,0.039,0,0,0,0,v
2014-12-13 05:00,6.717,0.051,0,0,0,0,v
2014-12-13 05:06,6.713,0.050,0,0,0,0,v
2014-12-13 05:12,6.700,0.046,0,0,0,0,v
2014-12-13 05:18,6.698,0.044,0,0,0,0,v
2014-12-13 05:24,6.721,0.047,0,0,0,0,v
2014-12-13 05:30,6.713,0.043,0,0,0,0,v
2014-12-13 05:36,6.691,0.048,0,0,0,0,v
2014-12-13 05:42,6.683,0.040,0,0,0,0,v
2014-12-13 05:48,6.681,0.058,0,0,0,0,v
2014-12-13 05:54,6.693,0.044,0,0,0,0,v
2014-12-13 06:00,6.686,0.045,0,0,0,0,v
2014-12-13 06:06,6.679,0.045,0,0,0,0,v
2014-12-13 06:12,6.686,0.048,0,0,0,0,v
2014-12-13 06:18,6.692,0.055,0,0,0,0,v
2014-12-13 06:24,6.707,0.045,0,0,0,0,v
2014-12-13 06:30,6.681,0.042,0,0,0,0,v
2014-12-13 06:36,6.683,0.058,0,0,0,0,v
2014-12-13 06:42,6.674,0.040,0,0,0,0,v
2014-12-13 06:48,6.663,0.047,0,0,0,0,v
2014-12-13 06:54,6.684,0.045,0,0,0,0,v
2014-12-13 07:00,6.686,0.043,0,0,0,0,v
2014-12-13 07:06,6.685,0.048,0,0,0,0,v
2014-12-13 07:12,6.671,0.050,0,0,0,0,v
2014-12-13 07:18,6.685,0.050,0,0,0,0,v
2014-12-13 07:24,6.678,0.045,0,0,0,0,v
2014-12-13 07:30,6.663,0.043,0,0,0,0,v
2014-12-13 07:36,6.657,0.051,0,0,0,0,v
2014-12-13 07:42,6.658,0.041,0,0,0,0,v
2014-12-13 07:48,6.652,0.046,0,0,0,0,v
2014-12-13 07:54,6.649,0.047,0,0,0,0,v
2014-12-13 08:00,6.662,0.052,0,0,0,0,v
2014-12-13 08:06,6.656,0.049,0,0,0,0,v
2014-12-13 08:12,6.661,0.046,0,0,0,0,v
2014-12-13 08:18,6.644,0.045,0,0,0,0,v
2014-12-13 08:24,6.651,0.045,0,0,0,0,v
2014-12-13 08:30,6.652,0.040,0,0,0,0,v
2014-12-13 08:36,6.667,0.043,0,0,0,0,v
2014-12-13 08:42,6.652,0.043,0,0,0,0,v
2014-12-13 08:48,6.673,0.047,0,0,0,0,v
2014-12-13 08:54,6.673,0.043,0,0,0,0,v
2014-12-13 09:00,6.657,0.046,0,0,0,0,v
2014-12-13 09:06,6.651,0.042,0,0,0,0,v
2014-12-13 09:12,6.653,0.041,0,0,0,0,v
2014-12-13 09:18,6.648,0.052,0,0,0,0,v
2014-12-13 09:24,6.645,0.040,0,0,0,0,v
2014-12-13 09:30,6.626,0.050,0,0,0,0,v
2014-12-13 09:36,6.615,0.044,0,0,0,0,v
2014-12-13 09:42,6.644,0.035,0,0,0,0,v
2014-12-13 09:48,6.640,0.045,0,0,0,0,v
2014-12-13 09:54,6.635,0.041,0,0,0,0,v
2014-12-13 10:00,6.636,0.043,0,0,0,0,v
2014-12-13 10:06,6.634,0.041,0,0,0,0,v
2014-12-13 10:12,6.623,0.046,0,0,0,0,v
2014-12-13 10:18,6.626,0.040,0,0,0,0,v
2014-12-13 10:24,6.633,0.040,0,0,0,0,v
2014-12-13 10:30,6.648,0.045,0,0,0,0,v
2014-12-13 10:36,6.640,0.037,0,0,0,0,v
2014-12-13 10:42,6.642,0.040,0,0,0,0,v
2014-12-13 10:48,6.629,0.048,0,0,0,0,v
2014-12-13 10:54,6.635,0.042,0,0,0,0,v
2014-12-13 11:00,6.651,0.040,0,0,0,0,v
2014-12-13 11:06,6.655,0.033,0,0,0,0,v
2014-12-13 11:12,6.651,0.045,0,0,0,0,v
2014-12-13 11:18,6.640,0.040,0,0,0,0,v
2014-12-13 11:24,6.643,0.047,0,0,0,0,v
2014-12-13 11:30,6.640,0.046,0,0,0,0,v
2014-12-13 11:36,6.639,0.046,0,0,0,0,v
2014-12-13 11:42,6.646,0.039,0,0,0,0,v
2014-12-13 11:48,6.651,0.037,0,0,0,0,v
2014-12-13 11:54,6.622,0.041,0,0,0,0,v
2014-12-13 12:00,6.633,0.039,0,0,0,0,v
2014-12-13 12:06,6.643,0.038,0,0,0,0,v
2014-12-13 12:12,6.645,0.037,0,0,0,0,v
2014-12-13 12:18,6.645,0.044,0,0,0,0,v
2014-12-13 12:24,6.654,0.045,0,0,0,0,v
2014-12-13 12:30,6.663,0.042,0,0,0,0,v
2014-12-13 12:36,6.667,0.045,0,0,0,0,v
2014-12-13 12:42,6.661,0.036,0,0,0,0,v
2014-12-13 12:48,6.663,0.039,0,0,0,0,v
2014-12-13 12:54,6.680,0.043,0,0,0,0,v
2014-12-13 13:00,6.656,0.046,0,0,0,0,v
2014-12-13 13:06,6.655,0.046,0,0,0,0,v
2014-12-13 13:12,6.671,0.039,0,0,0,0,v
2014-12-13 13:18,6.681,0.041,0,0,0,0,v
2014-12-13 13:24,6.663,0.037,0,0,0,0,v
2014-12-13 13:30,6.656,0.039,0,0,0,0,v
2014-12-13 13:36,6.640,0.048,0,0,0,0,v
2014-12-13 13:42,6.638,0.038,0,0,0,0,v
2014-12-13 13:48,6.642,0.047,0,0,0,0,v
2014-12-13 13:54,6.655,0.042,0,0,0,0,v
2014-12-13 14:00,6.654,0.037,0,0,0,0,v
2014-12-13 14:06,6.656,0.039,0,0,0,0,v
2014-12-13 14:12,6.651,0.041,0,0,0,0,v
2014-12-13 14:18,6.635,0.045,0,0,0,0,v
2014-12-13 14:24,6.659,0.041,0,0,0,0,v
2014-12-13 14:30,6.669,0.045,0,0,0,0,v
2014-12-13 14:36,6.665,0.043,0,0,0,0,v
2014-12-13 14:42,6.664,0.037,0,0,0,0,v
2014-12-13 14:48,6.666,0.046,0,0,0,0,v
2014-12-13 14:54,6.657,0.039,0,0,0,0,v
2014-12-13 15:00,6.643,0.043,0,0,0,0,v
2014-12-13 15:06,6.629,0.038,0,0,0,0,v
2014-12-13 15:12,6.626,0.035,0,0,0,0,v
2014-12-13 15:18,6.632,0.038,0,0,0,0,v
2014-12-13 15:24,6.628,0.048,0,0,0,0,v
2014-12-13 15:30,6.634,0.043,0,0,0,0,v
2014-12-13 15:36,6.632,0.042,0,0,0,0,v
2014-12-13 15:42,6.610,0.042,0,0,0,0,v
2014-12-13 15:48,6.603,0.035,0,0,0,0,v
2014-12-13 15:54,6.618,0.040,0,0,0,0,v
2014-12-13 16:00,6.612,0.043,0,0,0,0,v
2014-12-13 16:06,6.618,0.036,0,0,0,0,v
2014-12-13 16:12,6.613,0.040,0,0,0,0,v
2014-12-13 16:18,6.610,0.037,0,0,0,0,v
2014-12-13 16:24,6.602,0.037,0,0,0,0,v
2014-12-13 16:30,6.612,0.040,0,0,0,0,v
2014-12-13 16:36,6.610,0.042,0,0,0,0,v
2014-12-13 16:42,6.604,0.036,0,0,0,0,v
2014-12-13 16:48,6.607,0.035,0,0,0,0,v
2014-12-13 16:54,6.592,0.039,0,0,0,0,v
2014-12-13 17:00,6.585,0.039,0,0,0,0,v
2014-12-13 17:06,6.574,0.046,0,0,0,0,v
2014-12-13 17:12,6.584,0.044,0,0,0,0,v
2014-12-13 17:18,6.599,0.044,0,0,0,0,v
2014-12-13 17:24,6.582,0.040,0,0,0,0,v
2014-12-13 17:30,6.561,0.041,0,0,0,0,v
2014-12-13 17:36,6.553,0.041,0,0,0,0,v
2014-12-13 17:42,6.550,0.039,0,0,0,0,v
2014-12-13 17:48,6.537,0.036,0,0,0,0,v
2014-12-13 17:54,6.526,0.045,0,0,0,0,v
2014-12-13 18:00,6.542,0.038,0,0,0,0,v
2014-12-13 18:06,6.568,0.039,0,0,0,0,v
2014-12-13 18:12,6.560,0.000,0,0,0,0,v
2014-12-13 18:18,6.562,0.041,0,0,0,0,v
2014-12-13 18:24,6.566,0.042,0,0,0,0,v
2014-12-13 18:30,6.563,0.042,0,0,0,0,v
2014-12-13 18:36,6.558,0.041,0,0,0,0,v
2014-12-13 18:42,6.562,0.038,0,0,0,0,v
2014-12-13 18:48,6.555,0.044,0,0,0,0,v
2014-12-13 18:54,6.553,0.047,0,0,0,0,v
2014-12-13 19:00,6.566,0.037,0,0,0,0,v
2014-12-13 19:06,6.558,0.038,0,0,0,0,v
2014-12-13 19:12,6.551,0.040,0,0,0,0,v
2014-12-13 19:18,6.550,0.042,0,0,0,0,v
2014-12-13 19:24,6.557,0.041,0,0,0,0,v
2014-12-13 19:30,6.558,0.041,0,0,0,0,v
2014-12-13 19:36,6.568,0.035,0,0,0,0,v
2014-12-13 19:42,6.569,0.042,0,0,0,0,v
2014-12-13 19:48,6.560,0.037,0,0,0,0,v
2014-12-13 19:54,6.561,0.041,0,0,0,0,v
2014-12-13 20:00,6.573,0.036,0,0,0,0,v
2014-12-13 20:06,6.585,0.038,0,0,0,0,v
2014-12-13 20:12,6.597,0.036,0,0,0,0,v
2014-12-13 20:18,6.595,0.044,0,0,0,0,v
2014-12-13 20:24,6.597,0.042,0,0,0,0,v
2014-12-13 20:30,6.609,0.047,0,0,0,0,v
2014-12-13 20:36,6.604,0.043,0,0,0,0,v
2014-12-13 20:42,6.615,0.036,0,0,0,0,v
2014-12-13 20:48,6.621,0.040,0,0,0,0,v
2014-12-13 20:54,6.621,0.044,0,0,0,0,v
2014-12-13 21:00,6.630,0.039,0,0,0,0,v
2014-12-13 21:06,6.633,0.048,0,0,0,0,v
2014-12-13 21:12,6.631,0.042,0,0,0,0,v
2014-12-13 21:18,6.645,0.042,0,0,0,0,v
2014-12-13 21:24,6.649,0.046,0,0,0,0,v
2014-12-13 21:30,6.642,0.047,0,0,0,0,v
2014-12-13 21:36,6.661,0.040,0,0,0,0,v
2014-12-13 21:42,6.670,0.042,0,0,0,0,v
2014-12-13 21:48,6.666,0.039,0,0,0,0,v
2014-12-13 21:54,6.657,0.036,0,0,0,0,v
2014-12-13 22:00,6.657,0.040,0,0,0,0,v
2014-12-13 22:06,6.662,0.040,0,0,0,0,v
2014-12-13 22:12,6.673,0.038,0,0,0,0,v
2014-12-13 22:18,6.673,0.046,0,0,0,0,v
2014-12-13 22:24,6.685,0.042,0,0,0,0,v
2014-12-13 22:30,6.680,0.040,0,0,0,0,v
2014-12-13 22:36,6.693,0.040,0,0,0,0,v
2014-12-13 22:42,6.684,0.045,0,0,0,0,v
2014-12-13 22:48,6.690,0.046,0,0,0,0,v
2014-12-13 22:54,6.705,0.036,0,0,0,0,v
2014-12-13 23:00,6.725,0.044,0,0,0,0,v
2014-12-13 23:06,6.726,0.040,0,0,0,0,v
2014-12-13 23:12,6.739,0.042,0,0,0,0,v
2014-12-13 23:18,6.734,0.039,0,0,0,0,v
2014-12-13 23:24,6.744,0.038,0,0,0,0,v
2014-12-13 23:30,6.766,0.046,0,0,0,0,v
2014-12-13 23:36,6.761,0.041,0,0,0,0,v
2014-12-13 23:42,6.766,0.041,0,0,0,0,v
2014-12-13 23:48,6.757,0.044,0,0,0,0,v
2014-12-13 23:54,6.752,0.041,0,0,0,0,v
2014-12-14 00:00,6.760,0.043,0,0,0,0,v
2014-12-14 00:06,6.765,0.042,0,0,0,0,v
2014-12-14 00:12,6.768,0.042,0,0,0,0,v
2014-12-14 00:18,6.785,0.048,0,0,0,0,v
2014-12-14 00:24,6.781,0.048,0,0,0,0,v
2014-12-14 00:30,6.779,0.044,0,0,0,0,v
2014-12-14 00:36,6.783,0.046,0,0,0,0,v
2014-12-14 00:42,6.797,0.037,0,0,0,0,v
2014-12-14 00:48,6.790,0.040,0,0,0,0,v
2014-12-14 00:54,6.795,0.044,0,0,0,0,v
2014-12-14 01:00,6.786,0.049,0,0,0,0,v
2014-12-14 01:06,6.779,0.041,0,0,0,0,v
2014-12-14 01:12,6.769,0.047,0,0,0,0,v
2014-12-14 01:18,6.786,0.040,0,0,0,0,v
2014-12-14 01:24,6.792,0.047,0,0,0,0,v
2014-12-14 01:30,6.803,0.045,0,0,0,0,v
2014-12-14 01:36,6.795,0.042,0,0,0,0,v
2014-12-14 01:42,6.817,0.047,0,0,0,0,v
2014-12-14 01:48,6.826,0.050,0,0,0,0,v
2014-12-14 01:54,6.845,0.044,0,0,0,0,v
2014-12-14 02:00,6.836,0.048,0,0,0,0,v
2014-12-14 02:06,6.840,0.044,0,0,0,0,v
2014-12-14 02:12,6.834,0.046,0,0,0,0,v
2014-12-14 02:18,6.827,0.039,0,0,0,0,v
2014-12-14 02:24,6.829,0.041,0,0,0,0,v
2014-12-14 02:30,6.835,0.047,0,0,0,0,v
2014-12-14 02:36,6.825,0.046,0,0,0,0,v
2014-12-14 02:42,6.821,0.045,0,0,0,0,v
2014-12-14 02:48,6.817,0.048,0,0,0,0,v
2014-12-14 02:54,6.828,0.049,0,0,0,0,v
2014-12-14 03:00,6.829,0.047,0,0,0,0,v
2014-12-14 03:06,6.827,0.046,0,0,0,0,v
2014-12-14 03:12,6.832,0.049,0,0,0,0,v
2014-12-14 03:18,6.828,0.046,0,0,0,0,v
2014-12-14 03:24,6.819,0.051,0,0,0,0,v
2014-12-14 03:30,6.833,0.055,0,0,0,0,v
2014-12-14 03:36,6.821,0.053,0,0,0,0,v
2014-12-14 03:42,6.806,0.050,0,0,0,0,v
2014-12-14 03:48,6.802,0.054,0,0,0,0,v
2014-12-14 03:54,6.782,0.054,0,0,0,0,v
2014-12-14 04:00,6.783,0.045,0,0,0,0,v
2014-12-14 04:06,6.801,0.051,0,0,0,0,v
2014-12-14 04:12,6.795,0.047,0,0,0,0,v
2014-12-14 04:18,6.806,0.051,0,0,0,0,v
2014-12-14 04:24,6.801,0.052,0,0,0,0,v
2014-12-14 04:30,6.797,0.052,0,0,0,0,v
2014-12-14 04:36,6.796,0.049,0,0,0,0,v
2014-12-14 04:42,6.794,0.058,0,0,0,0,v
2014-12-14 04:48,6.810,0.047,0,0,0,0,v
2014-12-14 04:54,6.785,0.048,0,0,0,0,v
2014-12-14 05:00,6.787,0.053,0,0,0,0,v
2014-12-14 05:06,6.789,0.051,0,0,0,0,v
2014-12-14 05:12,6.789,0.055,0,0,0,0,v
2014-12-14 05:18,6.793,0.054,0,0,0,0,v
2014-12-14 05:24,6.772,0.058,0,0,0,0,v
2014-12-14 05:30,6.770,0.046,0,0,0,0,v
2014-12-14 05:36,6.759,0.058,0,0,0,0,v
2014-12-14 05:42,6.758,0.058,0,0,0,0,v
2014-12-14 05:48,6.770,0.049,0,0,0,0,v
2014-12-14 05:54,6.760,0.052,0,0,0,0,v
2014-12-14 06:00,6.763,0.056,0,0,0,0,v
2014-12-14 06:06,6.768,0.060,0,0,0,0,v
2014-12-14 06:12,6.762,0.058,0,0,0,0,v
2014-12-14 06:18,6.782,0.055,0,0,0,0,v
2014-12-14 06:24,6.778,0.055,0,0,0,0,v
2014-12-14 06:30,6.765,0.057,0,0,0,0,v
2014-12-14 06:36,6.755,0.060,0,0,0,0,v
2014-12-14 06:42,6.742,0.062,0,0,0,0,v
2014-12-14 06:48,6.750,0.064,0,0,0,0,v
2014-12-14 06:54,6.739,0.052,0,0,0,0,v
2014-12-14 07:00,6.750,0.055,0,0,0,0,v
2014-12-14 07:06,6.738,0.051,0,0,0,0,v
2014-12-14 07:12,6.747,0.054,0,0,0,0,v
2014-12-14 07:18,6.723,0.076,0,0,0,0,v
2014-12-14 07:24,6.721,0.065,0,0,0,0,v
2014-12-14 07:30,6.715,0.060,0,0,0,0,v
2014-12-14 07:36,6.729,0.067,0,0,0,0,v
2014-12-14 07:42,6.742,0.060,0,0,0,0,v
2014-12-14 07:48,6.746,0.057,0,0,0,0,v
2014-12-14 07:54,6.726,0.070,0,0,0,0,v
2014-12-14 08:00,6.725,0.067,0,0,0,0,v
2014-12-14 08:06,6.712,0.068,0,0,0,0,v
2014-12-14 08:12,6.723,0.078,0,0,0,0,v
2014-12-14 08:18,6.720,0.064,0,0,0,0,v
2014-12-14 08:24,6.703,0.067,0,0,0,0,v
2014-12-14 08:30,6.692,0.070,0,0,0,0,v
2014-12-14 08:36,6.687,0.079,0,0,0,0,v
2014-12-14 08:42,6.711,0.072,0,0,0,0,v
2014-12-14 08:48,6.696,0.076,0,0,0,0,v
2014-12-14 08:54,6.685,0.075,0,0,0,0,v
2014-12-14 09:00,6.681,0.082,0,0,0,0,v
2014-12-14 09:06,6.683,0.078,0,0,0,0,v
2014-12-14 09:12,6.671,0.086,0,0,0,0,v
2014-12-14 09:18,6.670,0.089,0,0,0,0,v
2014-12-14 09:24,6.682,0.079,0,0,0,0,v
2014-12-14 09:30,6.677,0.094,0,0,0,0,v
2014-12-14 09:36,6.696,0.078,0,0,0,0,v
2014-12-14 09:42,6.669,0.086,0,0,0,0,v
2014-12-14 09:48,6.693,0.079,0,0,0,0,v
2014-12-14 09:54,6.677,0.091,0,0,0,0,v
2014-12-14 10:00,6.689,0.084,0,0,0,0,v
2014-12-14 10:06,6.703,0.094,0,0,0,0,v
2014-12-14 10:12,6.708,0.098,0,0,0,0,v
2014-12-14 10:18,6.711,0.102,0,0,0,0,v
2014-12-14 10:24,6.710,0.100,0,0,0,0,v
2014-12-14 10:30,6.720,0.091,0,0,0,0,v
2014-12-14 10:36,6.727,0.093,0,0,0,0,v
2014-12-14 10:42,6.698,0.102,0,0,0,0,v
2014-12-14 10:48,6.719,0.077,0,0,0,0,v
2014-12-14 10:54,6.705,0.104,0,0,0,0,v
2014-12-14 11:00,6.700,0.101,0,0,0,0,v
2014-12-14 11:06,6.692,0.102,0,0,0,0,v
2014-12-14 11:12,6.701,0.106,0,0,0,0,v
2014-12-14 11:18,6.687,0.121,0,0,0,0,v
2014-12-14 11:24,6.692,0.090,0,0,0,0,v
2014-12-14 11:30,6.689,0.115,0,0,0,0,v
2014-12-14 11:36,6.711,0.102,0,0,0,0,v
2014-12-14 11:42,6.709,0.115,0,0,0,0,v
2014-12-14 11:48,6.703,0.121,0,0,0,0,v
2014-12-14 11:54,6.716,0.082,0,0,0,0,v
2014-12-14 12:00,6.730,0.095,0,0,0,0,v
2014-12-14 12:06,6.708,0.108,0,0,0,0,v
2014-12-14 12:12,6.713,0.113,0,0,0,0,v
2014-12-14 12:18,6.720,0.098,0,0,0,0,v
2014-12-14 12:24,6.730,0.111,0,0,0,0,v
2014-12-14 12:30,6.711,0.106,0,0,0,0,v
2014-12-14 12:36,6.707,0.101,0,0,0,0,v
2014-12-14 12:42,6.730,0.101,0,0,0,0,v
2014-12-14 12:48,6.734,0.113,0,0,0,0,v
2014-12-14 12:54,6.748,0.098,0,0,0,0,v
2014-12-14 13:00,6.739,0.100,0,0,0,0,v
2014-12-14 13:06,6.747,0.109,0,0,0,0,v
2014-12-14 13:12,6.751,0.117,0,0,0,0,v
2014-12-14 13:18,6.751,0.125,0,0,0,0,v
2014-12-14 13:24,6.761,0.111,0,0,0,0,v
2014-12-14 13:30,6.750,0.088,0,0,0,0,v
2014-12-14 13:36,6.760,0.093,0,0,0,0,v
2014-12-14 13:42,6.768,0.089,0,0,0,0,v
2014-12-14 13:48,6.746,0.104,0,0,0,0,v
2014-12-14 13:54,6.777,0.092,0,0,0,0,v
2014-12-14 14:00,6.763,0.095,0,0,0,0,v
2014-12-14 14:06,6.776,0.116,0,0,0,0,v
2014-12-14 14:12,6.766,0.097,0,0,0,0,v
2014-12-14 14:18,6.766,0.109,0,0,0,0,v
2014-12-14 14:24,6.759,0.100,0,0,0,0,v
2014-12-14 14:30,6.751,0.100,0,0,0,0,v
2014-12-14 14:36,6.766,0.104,0,0,0,0,v
2014-12-14 14:42,6.745,0.111,0,0,0,0,v
2014-12-14 14:48,6.754,0.081,0,0,0,0,v
2014-12-14 14:54,6.757,0.108,0,0,0,0,v
2014-12-14 15:00,6.750,0.110,0,0,0,0,v
2014-12-14 15:06,6.763,0.109,0,0,0,0,v
2014-12-14 15:12,6.780,0.098,0,0,0,0,v
2014-12-14 15:18,6.776,0.101,0,0,0,0,v
2014-12-14 15:24,6.781,0.108,0,0,0,0,v
2014-12-14 15:30,6.769,0.089,0,0,0,0,v
2014-12-14 15:36,6.748,0.119,0,0,0,0,v
2014-12-14 15:42,6.751,0.111,0,0,0,0,v
2014-12-14 15:48,6.760,0.104,0,0,0,0,v
2014-12-14 15:54,6.775,0.111,0,0,0,0,v
2014-12-14 16:00,6.759,0.116,0,0,0,0,v
2014-12-14 16:06,6.773,0.099,0,0,0,0,v
2014-12-14 16:12,6.771,0.126,0,0,0,0,v
2014-12-14 16:18,6.775,0.086,0,0,0,0,v
2014-12-14 16:24,6.775,0.123,0,0,0,0,v
2014-12-14 16:30,6.756,0.113,0,0,0,0,v
2014-12-14 16:36,6.756,0.114,0,0,0,0,v
2014-12-14 16:42,6.759,0.107,0,0,0,0,v
2014-12-14 16:48,6.771,0.109,0,0,0,0,v
2014-12-14 16:54,6.777,0.098,0,0,0,0,v
2014-12-14 17:00,6.769,0.107,0,0,0,0,v
2014-12-14 17:06,6.759,0.110,0,0,0,0,v
2014-12-14 17:12,6.753,0.097,0,0,0,0,v
2014-12-14 17:18,6.757,0.134,0,0,0,0,v
2014-12-14 17:24,6.770,0.088,0,0,0,0,v
2014-12-14 17:30,6.760,0.127,0,0,0,0,v
2014-12-14 17:36,6.769,0.102,0,0,0,0,v
2014-12-14 17:42,6.763,0.119,0,0,0,0,v
2014-12-14 17:48,6.766,0.130,0,0,0,0,v
2014-12-14 17:54,6.754,0.085,0,0,0,0,v
2014-12-14 18:00,6.750,0.118,0,0,0,0,v
2014-12-14 18:06,6.742,0.108,0,0,0,0,v
2014-12-14 18:12,6.759,0.105,0,0,0,0,v
2014-12-14 18:18,6.760,0.110,0,0,0,0,v
2014-12-14 18:24,6.766,0.089,0,0,0,0,v
2014-12-14 18:30,6.761,0.093,0,0,0,0,v
2014-12-14 18:36,6.755,0.106,0,0,0,0,v
2014-12-14 18:42,6.726,0.115,0,0,0,0,v
2014-12-14 18:48,6.718,0.111,0,0,0,0,v
2014-12-14 18:54,6.761,0.085,0,0,0,0,v
2014-12-14 19:00,6.775,0.106,0,0,0,0,v
2014-12-14 19:06,6.766,0.112,0,0,0,0,v
2014-12-14 19:12,6.766,0.110,0,0,0,0,v
2014-12-14 19:18,6.765,0.112,0,0,0,0,v
2014-12-14 19:24,6.768,0.096,0,0,0,0,v
2014-12-14 19:30,6.754,0.115,0,0,0,0,v
2014-12-14 19:36,6.772,0.092,0,0,0,0,v
2014-12-14 19:42,6.765,0.103,0,0,0,0,v
2014-12-14 19:48,6.765,0.095,0,0,0,0,v
2014-12-14 19:54,6.783,0.087,0,0,0,0,v
2014-12-14 20:00,6.779,0.095,0,0,0,0,v
2014-12-14 20:06,6.783,0.100,0,0,0,0,v
2014-12-14 20:12,6.763,0.117,0,0,0,0,v
2014-12-14 20:18,6.787,0.085,0,0,0,0,v
2014-12-14 20:24,6.786,0.105,0,0,0,0,v
2014-12-14 20:30,6.784,0.109,0,0,0,0,v
2014-12-14 20:36,6.799,0.105,0,0,0,0,v
2014-12-14 20:42,6.815,0.101,0,0,0,0,v
2014-12-14 20:48,6.812,0.096,0,0,0,0,v
2014-12-14 20:54,6.813,0.080,0,0,0,0,v
2014-12-14 21:00,6.815,0.085,0,0,0,0,v
2014-12-14 21:06,6.816,0.102,0,0,0,0,v
2014-12-14 21:12,6.813,0.103,0,0,0,0,v
2014-12-14 21:18,6.820,0.091,0,0,0,0,v
2014-12-14 21:24,6.835,0.106,0,0,0,0,v
2014-12-14 21:30,6.820,0.115,0,0,0,0,v
2014-12-14 21:36,6.809,0.094,0,0,0,0,v
2014-12-14 21:42,6.816,0.096,0,0,0,0,v
2014-12-14 21:48,6.828,0.101,0,0,0,0,v
2014-12-14 21:54,6.828,0.103,0,0,0,0,v
2014-12-14 22:00,6.830,0.111,0,0,0,0,v
2014-12-14 22:06,6.841,0.092,0,0,0,0,v
2014-12-14 22:12,6.850,0.113,0,0,0,0,v
2014-12-14 22:18,6.840,0.115,0,0,0,0,v
2014-12-14 22:24,6.825,0.096,0,0,0,0,v
2014-12-14 22:30,6.841,0.095,0,0,0,0,v
2014-12-14 22:36,6.859,0.092,0,0,0,0,v
2014-12-14 22:42,6.857,0.127,0,0,0,0,v
2014-12-14 22:48,6.859,0.103,0,0,0,0,v
2014-12-14 22:54,6.852,0.114,0,0,0,0,v
2014-12-14 23:00,6.863,0.105,0,0,0,0,v
2014-12-14 23:06,6.877,0.112,0,0,0,0,v
2014-12-14 23:12,6.884,0.083,0,0,0,0,v
2014-12-14 23:18,6.883,0.093,0,0,0,0,v
2014-12-14 23:24,6.884,0.085,0,0,0,0,v
2014-12-14 23:30,6.887,0.117,0,0,0,0,v
2014-12-14 23:36,6.887,0.109,0,0,0,0,v
2014-12-14 23:42,6.866,0.096,0,0,0,0,v
2014-12-14 23:48,6.876,0.114,0,0,0,0,v
2014-12-14 23:54,6.886,0.105,0,0,0,0,v
2014-12-15 00:00,6.885,0.103,0,0,0,0,v
2014-12-15 00:06,6.892,0.092,0,0,0,0,v
2014-12-15 00:12,6.892,0.119,0,0,0,0,v
2014-12-15 00:18,6.892,0.102,0,0,0,0,v
2014-12-15 00:24,6.889,0.110,0,0,0,0,v
2014-12-15 00:30,6.908,0.111,0,0,0,0,v
2014-12-15 00:36,6.923,0.096,0,0,0,0,v
2014-12-15 00:42,6.930,0.114,0,0,0,0,v
2014-12-15 00:48,6.931,0.098,0,0,0,0,v
2014-12-15 00:54,6.931,0.125,0,0,0,0,v
2014-12-15 01:00,6.935,0.095,0,0,0,0,v
2014-12-15 01:06,6.924,0.114,0,0,0,0,v
2014-12-15 01:12,6.927,0.095,0,0,0,0,v
2014-12-15 01:18,6.921,0.090,0,0,0,0,v
2014-12-15 01:24,6.915,0.099,0,0,0,0,v
2014-12-15 01:30,6.910,0.115,0,0,0,0,v
2014-12-15 01:36,6.909,0.097,0,0,0,0,v
2014-12-15 01:42,6.911,0.105,0,0,0,0,v
2014-12-15 01:48,6.925,0.116,0,0,0,0,v
2014-12-15 01:54,6.935,0.085,0,0,0,0,v
2014-12-15 02:00,6.956,0.114,0,0,0,0,v
2014-12-15 02:06,6.953,0.088,0,0,0,0,v
2014-12-15 02:12,6.941,0.108,0,0,0,0,v
2014-12-15 02:18,6.959,0.124,0,0,0,0,v
2014-12-15 02:24,6.948,0.111,0,0,0,0,v
2014-12-15 02:30,6.963,0.083,0,0,0,0,v
2014-12-15 02:36,6.949,0.098,0,0,0,0,v
2014-12-15 02:42,6.940,0.106,0,0,0,0,v
2014-12-15 02:48,6.941,0.113,0,0,0,0,v
2014-12-15 02:54,6.944,0.105,0,0,0,0,v
2014-12-15 03:00,6.944,0.118,0,0,0,0,v
2014-12-15 03:06,6.938,0.107,0,0,0,0,v
2014-12-15 03:12,6.947,0.101,0,0,0,0,v
2014-12-15 03:18,6.942,0.104,0,0,0,0,v
2014-12-15 03:24,6.939,0.093,0,0,0,0,v
2014-12-15 03:30,6.929,0.108,0,0,0,0,v
2014-12-15 03:36,6.931,0.105,0,0,0,0,v
2014-12-15 03:42,6.940,0.092,0,0,0,0,v
2014-12-15 03:48,6.944,0.101,0,0,0,0,v
2014-12-15 03:54,6.944,0.107,0,0,0,0,v
2014-12-15 04:00,6.948,0.099,0,0,0,0,v
2014-12-15 04:06,6.951,0.126,0,0,0,0,v
2014-12-15 04:12,6.941,0.109,0,0,0,0,v
2014-12-15 04:18,6.941,0.101,0,0,0,0,v
2014-12-15 04:24,6.940,0.104,0,0,0,0,v
2014-12-15 04:30,6.927,0.108,0,0,0,0,v
2014-12-15 04:36,6.906,0.118,0,0,0,0,v
2014-12-15 04:42,6.929,0.072,0,0,0,0,v
2014-12-15 04:48,6.931,0.108,0,0,0,0,v
2014-12-15 04:54,6.926,0.129,0,0,0,0,v
2014-12-15 05:00,6.910,0.105,0,0,0,0,v
2014-12-15 05:06,6.918,0.089,0,0,0,0,v
2014-12-15 05:12,6.898,0.107,0,0,0,0,v
2014-12-15 05:18,6.909,0.096,0,0,0,0,v
2014-12-15 05:24,6.911,0.112,0,0,0,0,v
2014-12-15 05:30,6.909,0.106,0,0,0,0,v
2014-12-15 05:36,6.901,0.106,0,0,0,0,v
2014-12-15 05:42,6.908,0.089,0,0,0,0,v
2014-12-15 05:48,6.885,0.099,0,0,0,0,v
2014-12-15 05:54,6.866,0.092,0,0,0,0,v
2014-12-15 06:00,6.853,0.094,0,0,0,0,v
2014-12-15 06:06,6.832,0.116,0,0,0,0,v
2014-12-15 06:12,6.839,0.121,0,0,0,0,v
2014-12-15 06:18,6.836,0.126,0,0,0,0,v
2014-12-15 06:24,6.833,0.112,0,0,0,0,v
2014-12-15 06:30,6.813,0.109,0,0,0,0,v
2014-12-15 06:36,6.800,0.118,0,0,0,0,v
2014-12-15 06:42,6.809,0.116,0,0,0,0,v
2014-12-15 06:48,6.818,0.095,0,0,0,0,v
2014-12-15 06:54,6.832,0.109,0,0,0,0,v
2014-12-15 07:00,6.824,0.099,0,0,0,0,v
2014-12-15 07:06,6.801,0.110,0,0,0,0,v
2014-12-15 07:12,6.798,0.107,0,0,0,0,v
2014-12-15 07:18,6.800,0.105,0,0,0,0,v
2014-12-15 07:24,6.775,0.107,0,0,0,0,v
2014-12-15 07:30,6.771,0.104,0,0,0,0,v
2014-12-15 07:36,6.786,0.095,0,0,0,0,v
2014-12-15 07:42,6.788,0.094,0,0,0,0,v
2014-12-15 07:48,6.784,0.115,0,0,0,0,v
2014-12-15 07:54,6.798,0.129,0,0,0,0,v
2014-12-15 08:00,6.802,0.118,0,0,0,0,v
2014-12-15 08:06,6.783,0.121,0,0,0,0,v
2014-12-15 08:12,6.782,0.095,0,0,0,0,v
2014-12-15 08:18,6.789,0.124,0,0,0,0,v
2014-12-15 08:24,6.801,0.111,0,0,0,0,v
2014-12-15 08:30,6.783,0.093,0,0,0,0,v
2014-12-15 08:36,6.786,0.095,0,0,0,0,v
2014-12-15 08:42,6.749,0.119,0,0,0,0,v
2014-12-15 08:48,6.765,0.107,0,0,0,0,v
2014-12-15 08:54,6.744,0.109,0,0,0,0,v
2014-12-15 09:00,6.743,0.126,0,0,0,0,v
2014-12-15 09:06,6.752,0.099,0,0,0,0,v
2014-12-15 09:12,6.733,0.000,0,0,0,0,v
2014-12-15 09:18,6.739,0.108,0,0,0,0,v
2014-12-15 09:24,6.739,0.127,0,0,0,0,v
2014-12-15 09:30,6.725,0.109,0,0,0,0,v
2014-12-15 09:36,6.747,0.095,0,0,0,0,v
2014-12-15 09:42,6.721,0.110,0,0,0,0,v
2014-12-15 09:48,6.694,0.130,0,0,0,0,v
2014-12-15 09:54,6.718,0.148,0,0,0,0,v
2014-12-15 10:00,6.701,0.137,0,0,0,0,v
2014-12-15 10:06,6.708,0.105,0,0,0,0,v
2014-12-15 10:12,6.700,0.107,0,0,0,0,v
2014-12-15 10:18,6.691,0.114,0,0,0,0,v
2014-12-15 10:24,6.722,0.097,0,0,0,0,v
2014-12-15 10:30,6.711,0.129,0,0,0,0,v
2014-12-15 10:36,6.711,0.110,0,0,0,0,v
2014-12-15 10:42,6.719,0.108,0,0,0,0,v
2014-12-15 10:48,6.729,0.113,0,0,0,0,v
2014-12-15 10:54,6.725,0.097,0,0,0,0,v
2014-12-15 11:00,6.714,0.090,0,0,0,0,v
2014-12-15 11:06,6.718,0.104,0,0,0,0,v
2014-12-15 11:12,6.727,0.122,0,0,0,0,v
2014-12-15 11:18,6.729,0.112,0,0,0,0,v
2014-12-15 11:24,6.739,0.105,0,0,0,0,v
2014-12-15 11:30,6.728,0.097,0,0,0,0,v
2014-12-15 11:36,6.712,0.127,0,0,0,0,v
2014-12-15 11:42,6.726,0.120,0,0,0,0,v
2014-12-15 11:48,6.742,0.106,0,0,0,0,v
2014-12-15 11:54,6.722,0.131,0,0,0,0,v
2014-12-15 12:00,6.729,0.000,0,0,0,0,v
2014-12-15 12:06,6.716,0.122,0,0,0,0,v
2014-12-15 12:12,6.735,0.102,0,0,0,0,v
2014-12-15 12:18,6.740,0.088,0,0,0,0,v
2014-12-15 12:24,6.726,0.135,0,0,0,0,v
2014-12-15 12:30,6.741,0.091,0,0,0,0,v
2014-12-15 12:36,6.748,0.134,0,0,0,0,v
2014-12-15 12:42,6.739,0.106,0,0,0,0,v
2014-12-15 12:48,6.731,0.130,0,0,0,0,v
2014-12-15 12:54,6.764,0.100,0,0,0,0,v
2014-12-15 13:00,6.761,0.113,0,0,0,0,v
2014-12-15 13:06,6.761,0.112,0,0,0,0,v
2014-12-15 13:12,6.755,0.115,0,0,0,0,v
2014-12-15 13:18,6.757,0.119,0,0,0,0,v
2014-12-15 13:24,6.761,0.102,0,0,0,0,v
2014-12-15 13:30,6.763,0.105,0,0,0,0,v
2014-12-15 13:36,6.771,0.109,0,0,0,0,v
2014-12-15 13:42,6.759,0.124,0,0,0,0,v
2014-12-15 13:48,6.762,0.137,0,0,0,0,v
2014-12-15 13:54,6.777,0.119,0,0,0,0,v
2014-12-15 14:00,6.777,0.120,0,0,0,0,v
2014-12-15 14:06,6.800,0.109,0,0,0,0,v
2014-12-15 14:12,6.797,0.104,0,0,0,0,v
2014-12-15 14:18,6.779,0.107,0,0,0,0,v
2014-12-15 14:24,6.798,0.108,0,0,0,0,v
2014-12-15 14:30,6.799,0.097,0,0,0,0,v
2014-12-15 14:36,6.788,0.135,0,0,0,0,v
2014-12-15 14:42,6.795,0.119,0,0,0,0,v
2014-12-15 14:48,6.811,0.088,0,0,0,0,v
2014-12-15 14:54,6.803,0.108,0,0,0,0,v
2014-12-15 15:00,6.793,0.116,0,0,0,0,v
2014-12-15 15:06,6.803,0.104,0,0,0,0,v
2014-12-15 15:12,6.829,0.111,0,0,0,0,v
2014-12-15 15:18,6.849,0.105,0,0,0,0,v
2014-12-15 15:24,6.848,0.117,0,0,0,0,v
2014-12-15 15:30,6.842,0.101,0,0,0,0,v
2014-12-15 15:36,6.840,0.000,0,0,0,0,v
2014-12-15 15:42,6.834,0.141,0,0,0,0,v
2014-12-15 15:48,6.859,0.121,0,0,0,0,v
2014-12-15 15:54,6.858,0.107,0,0,0,0,v
2014-12-15 16:00,6.844,0.121,0,0,0,0,v
2014-12-15 16:06,6.870,0.105,0,0,0,0,v
2014-12-15 16:12,6.861,0.102,0,0,0,0,v
2014-12-15 16:18,6.843,0.146,0,0,0,0,v
2014-12-15 16:24,6.861,0.092,0,0,0,0,v
2014-12-15 16:30,6.868,0.101,0,0,0,0,v
2014-12-15 16:36,6.861,0.108,0,0,0,0,v
2014-12-15 16:42,6.876,0.118,0,0,0,0,v
2014-12-15 16:48,6.879,0.123,0,0,0,0,v
2014-12-15 16:54,6.875,0.125,0,0,0,0,v
2014-12-15 17:00,6.847,0.139,0,0,0,0,v
2014-12-15 17:06,6.854,0.108,0,0,0,0,v
2014-12-15 17:12,6.857,0.129,0,0,0,0,v
2014-12-15 17:18,6.860,0.127,0,0,0,0,v
2014-12-15 17:24,6.862,0.115,0,0,0,0,v
2014-12-15 17:30,6.849,0.112,0,0,0,0,v
2014-12-15 17:36,6.834,0.123,0,0,0,0,v
2014-12-15 17:42,6.833,0.126,0,0,0,0,v
2014-12-15 17:48,6.829,0.115,0,0,0,0,v
2014-12-15 17:54,6.836,0.131,0,0,0,0,v
2014-12-15 18:00,6.841,0.117,0,0,0,0,v
2014-12-15 18:06,6.829,0.128,0,0,0,0,v
2014-12-15 18:12,6.827,0.142,0,0,0,0,v
2014-12-15 18:18,6.821,0.133,0,0,0,0,v
2014-12-15 18:24,6.831,0.117,0,0,0,0,v
2014-12-15 18:30,6.831,0.152,0,0,0,0,v
2014-12-15 18:36,6.836,0.156,0,0,0,0,v
2014-12-15 18:42,6.830,0.130,0,0,0,0,v
2014-12-15 18:48,6.844,0.125,0,0,0,0,v
2014-12-15 18:54,6.855,0.143,0,0,0,0,v
2014-12-15 19:00,6.849,0.142,0,0,0,0,v
2014-12-15 19:06,6.849,0.119,0,0,0,0,v
2014-12-15 19:12,6.842,0.113,0,0,0,0,v
2014-12-15 19:18,6.837,0.120,0,0,0,0,v
2014-12-15 19:24,6.843,0.124,0,0,0,0,v
2014-12-15 19:30,6.849,0.134,0,0,0,0,v
2014-12-15 19:36,6.839,0.128,0,0,0,0,v
2014-12-15 19:42,6.810,0.143,0,0,0,0,v
2014-12-15 19:48,6.827,0.126,0,0,0,0,v
2014-12-15 19:54,6.814,0.149,0,0,0,0,v
2014-12-15 20:00,6.822,0.119,0,0,0,0,v
2014-12-15 20:06,6.832,0.152,0,0,0,0,v
2014-12-15 20:12,6.838,0.134,0,0,0,0,v
2014-12-15 20:18,6.827,0.131,0,0,0,0,v
2014-12-15 20:24,6.851,0.112,0,0,0,0,v
2014-12-15 20:30,6.868,0.136,0,0,0,0,v
2014-12-15 20:36,6.870,0.141,0,0,0,0,v
2014-12-15 20:42,6.842,0.164,0,0,0,0,v
2014-12-15 20:48,6.870,0.129,0,0,0,0,v
2014-12-15 20:54,6.868,0.147,0,0,0,0,v
2014-12-15 21:00,6.874,0.156,0,0,0,0,v
2014-12-15 21:06,6.870,0.152,0,0,0,0,v
2014-12-15 21:12,6.888,0.127,0,0,0,0,v
2014-12-15 21:18,6.875,0.106,0,0,0,0,v
2014-12-15 21:24,6.875,0.116,0,0,0,0,v
2014-12-15 21:30,6.869,0.108,0,0,0,0,v
2014-12-15 21:36,6.877,0.138,0,0,0,0,v
2014-12-15 21:42,6.882,0.113,0,0,0,0,v
2014-12-15 21:48,6.875,0.116,0,0,0,0,v
2014-12-15 21:54,6.864,0.106,0,0,0,0,v
2014-12-15 22:00,6.849,0.137,0,0,0,0,v
2014-12-15 22:06,6.859,0.156,0,0,0,0,v
2014-12-15 22:12,6.862,0.142,0,0,0,0,v
2014-12-15 22:18,6.870,0.128,0,0,0,0,v
2014-12-15 22:24,6.865,0.124,0,0,0,0,v
2014-12-15 22:30,6.859,0.137,0,0,0,0,v
2014-12-15 22:36,6.864,0.154,0,0,0,0,v
2014-12-15 22:42,6.871,0.000,0,0,0,0,v
2014-12-15 22:48,6.866,0.119,0,0,0,0,v
2014-12-15 22:54,6.894,0.112,0,0,0,0,v
2014-12-15 23:00,6.896,0.000,0,0,0,0,v
2014-12-15 23:06,6.913,0.122,0,0,0,0,v
2014-12-15 23:12,6.898,0.122,0,0,0,0,v
2014-12-15 23:18,6.900,0.125,0,0,0,0,v
2014-12-15 23:24,6.904,0.122,0,0,0,0,v
2014-12-15 23:30,6.911,0.123,0,0,0,0,v
2014-12-15 23:36,6.899,0.119,0,0,0,0,v
2014-12-15 23:42,6.905,0.112,0,0,0,0,v
2014-12-15 23:48,6.898,0.118,0,0,0,0,v
2014-12-15 23:54,6.925,0.107,0,0,0,0,v
2014-12-16 00:00,6.910,0.000,0,0,0,0,v
2014-12-16 00:06,6.911,0.115,0,0,0,0,v
2014-12-16 00:12,6.912,0.139,0,0,0,0,v
2014-12-16 00:18,6.910,0.120,0,0,0,0,v
2014-12-16 00:24,6.923,0.134,0,0,0,0,v
2014-12-16 00:30,6.912,0.105,0,0,0,0,v
2014-12-16 00:36,6.908,0.107,0,0,0,0,v
2014-12-16 00:42,6.907,0.110,0,0,0,0,v
2014-12-16 00:48,6.906,0.133,0,0,0,0,v
2014-12-16 00:54,6.917,0.143,0,0,0,0,v
2014-12-16 01:00,6.916,0.105,0,0,0,0,v
2014-12-16 01:06,6.925,0.085,0,0,0,0,v
2014-12-16 01:12,6.920,0.110,0,0,0,0,v
2014-12-16 01:18,6.927,0.137,0,0,0,0,v
2014-12-16 01:24,6.929,0.104,0,0,0,0,v
2014-12-16 01:30,6.928,0.102,0,0,0,0,v
2014-12-16 01:36,6.941,0.119,0,0,0,0,v
2014-12-16 01:42,6.938,0.119,0,0,0,0,v
2014-12-16 01:48,6.940,0.122,0,0,0,0,v
2014-12-16 01:54,6.936,0.120,0,0,0,0,v
2014-12-16 02:00,6.941,0.101,0,0,0,0,v
2014-12-16 02:06,6.927,0.120,0,0,0,0,v
2014-12-16 02:12,6.936,0.121,0,0,0,0,v
2014-12-16 02:18,6.943,0.112,0,0,0,0,v
2014-12-16 02:24,6.954,0.127,0,0,0,0,v
2014-12-16 02:30,6.945,0.118,0,0,0,0,v
2014-12-16 02:36,6.953,0.000,0,0,0,0,v
2014-12-16 02:42,6.959,0.102,0,0,0,0,v
2014-12-16 02:48,6.937,0.097,0,0,0,0,v
2014-12-16 02:54,6.931,0.129,0,0,0,0,v
2014-12-16 03:00,6.938,0.136,0,0,0,0,v
2014-12-16 03:06,6.936,0.120,0,0,0,0,v
2014-12-16 03:12,6.916,0.104,0,0,0,0,v
2014-12-16 03:18,6.921,0.106,0,0,0,0,v
2014-12-16 03:24,6.923,0.125,0,0,0,0,v
2014-12-16 03:30,6.930,0.126,0,0,0,0,v
2014-12-16 03:36,6.935,0.103,0,0,0,0,v
2014-12-16 03:42,6.941,0.108,0,0,0,0,v
2014-12-16 03:48,6.939,0.115,0,0,0,0,v
2014-12-16 03:54,6.930,0.121,0,0,0,0,v
2014-12-16 04:00,6.928,0.097,0,0,0,0,v
2014-12-16 04:06,6.914,0.121,0,0,0,0,v
2014-12-16 04:12,6.930,0.111,0,0,0,0,v
2014-12-16 04:18,6.922,0.113,0,0,0,0,v
2014-12-16 04:24,6.931,0.111,0,0,0,0,v
2014-12-16 04:30,6.929,0.102,0,0,0,0,v
2014-12-16 04:36,6.915,0.100,0,0,0,0,v
2014-12-16 04:42,6.916,0.094,0,0,0,0,v
2014-12-16 04:48,6.909,0.111,0,0,0,0,v
2014-12-16 04:54,6.906,0.096,0,0,0,0,v
2014-12-16 05:00,6.886,0.122,0,0,0,0,v
2014-12-16 05:06,6.878,0.107,0,0,0,0,v
2014-12-16 05:12,6.875,0.113,0,0,0,0,v
2014-12-16 05:18,6.871,0.108,0,0,0,0,v
2014-12-16 05:24,6.869,0.112,0,0,0,0,v
2014-12-16 05:30,6.865,0.115,0,0,0,0,v
2014-12-16 05:36,6.871,0.105,0,0,0,0,v
2014-12-16 05:42,6.865,0.089,0,0,0,0,v
2014-12-16 05:48,6.863,0.114,0,0,0,0,v
2014-12-16 05:54,6.862,0.116,0,0,0,0,v
2014-12-16 06:00,6.855,0.098,0,0,0,0,v
2014-12-16 06:06,6.837,0.116,0,0,0,0,v
2014-12-16 06:12,6.839,0.090,0,0,0,0,v
2014-12-16 06:18,6.842,0.103,0,0,0,0,v
2014-12-16 06:24,6.823,0.086,0,0,0,0,v
2014-12-16 06:30,6.805,0.090,0,0,0,0,v
2014-12-16 06:36,6.800,0.095,0,0,0,0,v
2014-12-16 06:42,6.797,0.111,0,0,0,0,v
2014-12-16 06:48,6.778,0.109,0,0,0,0,v
2014-12-16 06:54,6.777,0.118,0,0,0,0,v
2014-12-16 07:00,6.789,0.095,0,0,0,0,v
2014-12-16 07:06,6.775,0.105,0,0,0,0,v
2014-12-16 07:12,6.786,0.094,0,0,0,0,v
2014-12-16 07:18,6.784,0.080,0,0,0,0,v
2014-12-16 07:24,6.776,0.109,0,0,0,0,v
2014-12-16 07:30,6.776,0.103,0,0,0,0,v
2014-12-16 07:36,6.772,0.101,0,0,0,0,v
2014-12-16 07:42,6.768,0.100,0,0,0,0,v
2014-12-16 07:48,6.764,0.099,0,0,0,0,v
2014-12-16 07:54,6.765,0.100,0,0,0,0,v
2014-12-16 08:00,6.769,0.091,0,0,0,0,v
2014-12-16 08:06,6.758,0.091,0,0,0,0,v
2014-12-16 08:12,6.772,0.099,0,0,0,0,v
2014-12-16 08:18,6.763,0.105,0,0,0,0,v
2014-12-16 08:24,6.761,0.091,0,0,0,0,v
2014-12-16 08:30,6.754,0.090,0,0,0,0,v
2014-12-16 08:36,6.749,0.115,0,0,0,0,v
2014-12-16 08:42,6.720,0.106,0,0,0,0,v
2014-12-16 08:48,6.729,0.092,0,0,0,0,v
2014-12-16 08:54,6.719,0.100,0,0,0,0,v
2014-12-16 09:00,6.709,0.119,0,0,0,0,v
2014-12-16 09:06,6.724,0.092,0,0,0,0,v
2014-12-16 09:12,6.717,0.118,0,0,0,0,v
2014-12-16 09:18,6.708,0.085,0,0,0,0,v
2014-12-16 09:24,6.705,0.090,0,0,0,0,v
2014-12-16 09:30,6.704,0.086,0,0,0,0,v
2014-12-16 09:36,6.695,0.072,0,0,0,0,v
2014-12-16 09:42,6.701,0.083,0,0,0,0,v
2014-12-16 09:48,6.679,0.098,0,0,0,0,v
2014-12-16 09:54,6.686,0.112,0,0,0,0,v
2014-12-16 10:00,6.676,0.110,0,0,0,0,v
2014-12-16 10:06,6.687,0.082,0,0,0,0,v
2014-12-16 10:12,6.670,0.088,0,0,0,0,v
2014-12-16 10:18,6.670,0.095,0,0,0,0,v
2014-12-16 10:24,6.675,0.102,0,0,0,0,v
2014-12-16 10:30,6.678,0.088,0,0,0,0,v
2014-12-16 10:36,6.692,0.089,0,0,0,0,v
2014-12-16 10:42,6.686,0.086,0,0,0,0,v
2014-12-16 10:48,6.682,0.097,0,0,0,0,v
2014-12-16 10:54,6.685,0.085,0,0,0,0,v
2014-12-16 11:00,6.684,0.000,0,0,0,0,v
2014-12-16 11:06,6.693,0.096,0,0,0,0,v
2014-12-16 11:12,6.684,0.093,0,0,0,0,v
2014-12-16 11:18,6.677,0.084,0,0,0,0,v
2014-12-16 11:24,6.670,0.090,0,0,0,0,v
2014-12-16 11:30,6.669,0.094,0,0,0,0,v
2014-12-16 11:36,6.670,0.079,0,0,0,0,v
2014-12-16 11:42,6.666,0.088,0,0,0,0,v
2014-12-16 11:48,6.663,0.094,0,0,0,0,v
2014-12-16 11:54,6.660,0.107,0,0,0,0,v
2014-12-16 12:00,6.669,0.098,0,0,0,0,v
2014-12-16 12:06,6.676,0.097,0,0,0,0,v
2014-12-16 12:12,6.678,0.114,0,0,0,0,v
2014-12-16 12:18,6.684,0.099,0,0,0,0,v
2014-12-16 12:24,6.685,0.107,0,0,0,0,v
2014-12-16 12:30,6.691,0.105,0,0,0,0,v
2014-12-16 12:36,6.716,0.103,0,0,0,0,v
2014-12-16 12:42,6.712,0.113,0,0,0,0,v
2014-12-16 12:48,6.716,0.084,0,0,0,0,v
2014-12-16 12:54,6.722,0.096,0,0,0,0,v
2014-12-16 13:00,6.731,0.112,0,0,0,0,v
2014-12-16 13:06,6.732,0.107,0,0,0,0,v
2014-12-16 13:12,6.725,0.105,0,0,0,0,v
2014-12-16 13:18,6.733,0.100,0,0,0,0,v
2014-12-16 13:24,6.745,0.110,0,0,0,0,v
2014-12-16 13:30,6.745,0.101,0,0,0,0,v
2014-12-16 13:36,6.759,0.105,0,0,0,0,v
2014-12-16 13:42,6.752,0.102,0,0,0,0,v
2014-12-16 13:48,6.747,0.114,0,0,0,0,v
2014-12-16 13:54,6.751,0.123,0,0,0,0,v
2014-12-16 14:00,6.776,0.000,0,0,0,0,v
2014-12-16 14:06,6.776,0.094,0,0,0,0,v
2014-12-16 14:12,6.775,0.114,0,0,0,0,v
2014-12-16 14:18,6.765,0.117,0,0,0,0,v
2014-12-16 14:24,6.774,0.109,0,0,0,0,v
2014-12-16 14:30,6.778,0.119,0,0,0,0,v
2014-12-16 14:36,6.781,0.107,0,0,0,0,v
2014-12-16 14:42,6.778,0.098,0,0,0,0,v
2014-12-16 14:48,6.787,0.117,0,0,0,0,v
2014-12-16 14:54,6.792,0.111,0,0,0,0,v
2014-12-16 15:00,6.786,0.125,0,0,0,0,v
2014-12-16 15:06,6.803,0.098,0,0,0,0,v
2014-12-16 15:12,6.812,0.110,0,0,0,0,v
2014-12-16 15:18,6.812,0.103,0,0,0,0,v
2014-12-16 15:24,6.828,0.117,0,0,0,0,v
2014-12-16 15:30,6.823,0.119,0,0,0,0,v
2014-12-16 15:36,6.847,0.098,0,0,0,0,v
2014-12-16 15:42,6.857,0.125,0,0,0,0,v
2014-12-16 15:48,6.860,0.119,0,0,0,0,v
2014-12-16 15:54,6.853,0.112,0,0,0,0,v
2014-12-16 16:00,6.858,0.107,0,0,0,0,v
2014-12-16 16:06,6.852,0.122,0,0,0,0,v
2014-12-16 16:12,6.844,0.129,0,0,0,0,v
2014-12-16 16:18,6.872,0.120,0,0,0,0,v
2014-12-16 16:24,6.882,0.125,0,0,0,0,v
2014-12-16 16:30,6.888,0.129,0,0,0,0,v
2014-12-16 16:36,6.879,0.102,0,0,0,0,v
2014-12-16 16:42,6.869,0.130,0,0,0,0,v
2014-12-16 16:48,6.870,0.121,0,0,0,0,v
2014-12-16 16:54,6.893,0.123,0,0,0,0,v
2014-12-16 17:00,6.887,0.112,0,0,0,0,v
2014-12-16 17:06,6.864,0.117,0,0,0,0,v
2014-12-16 17:12,6.869,0.120,0,0,0,0,v
2014-12-16 17:18,6.860,0.121,0,0,0,0,v
2014-12-16 17:24,6.872,0.122,0,0,0,0,v
2014-12-16 17:30,6.885,0.116,0,0,0,0,v
2014-12-16 17:36,6.883,0.131,0,0,0,0,v
2014-12-16 17:42,6.876,0.143,0,0,0,0,v
2014-12-16 17:48,6.882,0.126,0,0,0,0,v
2014-12-16 17:54,6.866,0.123,0,0,0,0,v
2014-12-16 18:00,6.866,0.132,0,0,0,0,v
2014-12-16 18:06,6.884,0.122,0,0,0,0,v
2014-12-16 18:12,6.863,0.139,0,0,0,0,v
2014-12-16 18:18,6.857,0.141,0,0,0,0,v
2014-12-16 18:24,6.865,0.119,0,0,0,0,v
2014-12-16 18:30,6.858,0.128,0,0,0,0,v
2014-12-16 18:36,6.869,0.100,0,0,0,0,v
2014-12-16 18:42,6.866,0.122,0,0,0,0,v
2014-12-16 18:48,6.874,0.112,0,0,0,0,v
2014-12-16 18:54,6.875,0.134,0,0,0,0,v
2014-12-16 19:00,6.872,0.135,0,0,0,0,v
2014-12-16 19:06,6.866,0.125,0,0,0,0,v
2014-12-16 19:12,6.865,0.117,0,0,0,0,v
2014-12-16 19:18,6.869,0.117,0,0,0,0,v
2014-12-16 19:24,6.870,0.121,0,0,0,0,v
2014-12-16 19:30,6.868,0.114,0,0,0,0,v
2014-12-16 19:36,6.870,0.121,0,0,0,0,v
2014-12-16 19:42,6.884,0.112,0,0,0,0,v
2014-12-16 19:48,6.862,0.125,0,0,0,0,v
2014-12-16 19:54,6.849,0.109,0,0,0,0,v
2014-12-16 20:00,6.842,0.121,0,0,0,0,v
2014-12-16 20:06,6.847,0.102,0,0,0,0,v
2014-12-16 20:12,6.854,0.126,0,0,0,0,v
2014-12-16 20:18,6.836,0.119,0,0,0,0,v
2014-12-16 20:24,6.857,0.108,0,0,0,0,v
2014-12-16 20:30,6.859,0.122,0,0,0,0,v
2014-12-16 20:36,6.857,0.117,0,0,0,0,v
2014-12-16 20:42,6.869,0.114,0,0,0,0,v
2014-12-16 20:48,6.843,0.125,0,0,0,0,v
2014-12-16 20:54,6.865,0.117,0,0,0,0,v
2014-12-16 21:00,6.850,0.109,0,0,0,0,v
2014-12-16 21:06,6.852,0.109,0,0,0,0,v
2014-12-16 21:12,6.832,0.098,0,0,0,0,v
2014-12-16 21:18,6.835,0.139,0,0,0,0,v
2014-12-16 21:24,6.850,0.112,0,0,0,0,v
2014-12-16 21:30,6.832,0.097,0,0,0,0,v
2014-12-16 21:36,6.845,0.103,0,0,0,0,v
2014-12-16 21:42,6.830,0.094,0,0,0,0,v
2014-12-16 21:48,6.825,0.119,0,0,0,0,v
2014-12-16 21:54,6.819,0.105,0,0,0,0,v
2014-12-16 22:00,6.847,0.097,0,0,0,0,v
2014-12-16 22:06,6.855,0.115,0,0,0,0,v
2014-12-16 22:12,6.845,0.136,0,0,0,0,v
2014-12-16 22:18,6.839,0.091,0,0,0,0,v
2014-12-16 22:24,6.844,0.119,0,0,0,0,v
2014-12-16 22:30,6.848,0.104,0,0,0,0,v
2014-12-16 22:36,6.842,0.105,0,0,0,0,v
2014-12-16 22:42,6.849,0.109,0,0,0,0,v
2014-12-16 22:48,6.864,0.089,0,0,0,0,v
2014-12-16 22:54,6.869,0.108,0,0,0,0,v
2014-12-16 23:00,6.868,0.105,0,0,0,0,v
2014-12-16 23:06,6.866,0.099,0,0,0,0,v
2014-12-16 23:12,6.867,0.103,0,0,0,0,v
2014-12-16 23:18,6.863,0.097,0,0,0,0,v
2014-12-16 23:24,6.865,0.092,0,0,0,0,v
2014-12-16 23:30,6.845,0.111,0,0,0,0,v
2014-12-16 23:36,6.860,0.081,0,0,0,0,v
2014-12-16 23:42,6.837,0.104,0,0,0,0,v
2014-12-16 23:48,6.837,0.079,0,0,0,0,v
2014-12-16 23:54,6.848,0.102,0,0,0,0,v
2014-12-17 00:00,6.843,0.109,0,0,0,0,v
2014-12-17 00:06,6.863,0.090,0,0,0,0,v
2014-12-17 00:12,6.839,0.095,0,0,0,0,v
2014-12-17 00:18,6.835,0.109,0,0,0,0,v
2014-12-17 00:24,6.840,0.090,0,0,0,0,v
2014-12-17 00:30,6.846,0.095,0,0,0,0,v
2014-12-17 00:36,6.836,0.088,0,0,0,0,v
2014-12-17 00:42,6.843,0.095,0,0,0,0,v
2014-12-17 00:48,6.842,0.098,0,0,0,0,v
2014-12-17 00:54,6.841,0.085,0,0,0,0,v
2014-12-17 01:00,6.843,0.103,0,0,0,0,v
2014-12-17 01:06,6.837,0.110,0,0,0,0,v
2014-12-17 01:12,6.841,0.094,0,0,0,0,v
2014-12-17 01:18,6.839,0.099,0,0,0,0,v
2014-12-17 01:24,6.837,0.084,0,0,0,0,v
2014-12-17 01:30,6.841,0.102,0,0,0,0,v
2014-12-17 01:36,6.836,0.108,0,0,0,0,v
2014-12-17 01:42,6.836,0.095,0,0,0,0,v
2014-12-17 01:48,6.838,0.088,0,0,0,0,v
2014-12-17 01:54,6.835,0.080,0,0,0,0,v
2014-12-17 02:00,6.823,0.085,0,0,0,0,v
2014-12-17 02:06,6.830,0.088,0,0,0,0,v
2014-12-17 02:12,6.827,0.080,0,0,0,0,v
2014-12-17 02:18,6.840,0.077,0,0,0,0,v
2014-12-17 02:24,6.856,0.092,0,0,0,0,v
2014-12-17 02:30,6.845,0.090,0,0,0,0,v
2014-12-17 02:36,6.868,0.083,0,0,0,0,v
2014-12-17 02:42,6.853,0.080,0,0,0,0,v
2014-12-17 02:48,6.857,0.091,0,0,0,0,v
2014-12-17 02:54,6.863,0.082,0,0,0,0,v
2014-12-17 03:00,6.848,0.086,0,0,0,0,v
2014-12-17 03:06,6.835,0.097,0,0,0,0,v
2014-12-17 03:12,6.847,0.082,0,0,0,0,v
2014-12-17 03:18,6.848,0.083,0,0,0,0,v
2014-12-17 03:24,6.848,0.085,0,0,0,0,v
2014-12-17 03:30,6.838,0.097,0,0,0,0,v
2014-12-17 03:36,6.835,0.096,0,0,0,0,v
2014-12-17 03:42,6.831,0.079,0,0,0,0,v
2014-12-17 03:48,6.812,0.064,0,0,0,0,v
2014-12-17 03:54,6.815,0.084,0,0,0,0,v
2014-12-17 04:00,6.809,0.086,0,0,0,0,v
2014-12-17 04:06,6.822,0.082,0,0,0,0,v
2014-12-17 04:12,6.803,0.082,0,0,0,0,v
2014-12-17 04:18,6.799,0.086,0,0,0,0,v
2014-12-17 04:24,6.796,0.084,0,0,0,0,v
2014-12-17 04:30,6.793,0.085,0,0,0,0,v
2014-12-17 04:36,6.787,0.077,0,0,0,0,v
2014-12-17 04:42,6.791,0.067,0,0,0,0,v
2014-12-17 04:48,6.802,0.068,0,0,0,0,v
2014-12-17 04:54,6.790,0.079,0,0,0,0,v
2014-12-17 05:00,6.793,0.081,0,0,0,0,v
2014-12-17 05:06,6.795,0.076,0,0,0,0,v
2014-12-17 05:12,6.779,0.087,0,0,0,0,v
2014-12-17 05:18,6.806,0.073,0,0,0,0,v
2014-12-17 05:24,6.783,0.076,0,0,0,0,v
2014-12-17 05:30,6.756,0.084,0,0,0,0,v
2014-12-17 05:36,6.762,0.097,0,0,0,0,v
2014-12-17 05:42,6.770,0.077,0,0,0,0,v
2014-12-17 05:48,6.771,0.079,0,0,0,0,v
2014-12-17 05:54,6.748,0.078,0,0,0,0,v
2014-12-17 06:00,6.766,0.071,0,0,0,0,v
2014-12-17 06:06,6.765,0.081,0,0,0,0,v
2014-12-17 06:12,6.750,0.080,0,0,0,0,v
2014-12-17 06:18,6.739,0.088,0,0,0,0,v
2014-12-17 06:24,6.748,0.080,0,0,0,0,v
2014-12-17 06:30,6.729,0.093,0,0,0,0,v
2014-12-17 06:36,6.730,0.063,0,0,0,0,v
2014-12-17 06:42,6.716,0.086,0,0,0,0,v
2014-12-17 06:48,6.715,0.076,0,0,0,0,v
2014-12-17 06:54,6.694,0.081,0,0,0,0,v
2014-12-17 07:00,6.698,0.079,0,0,0,0,v
2014-12-17 07:06,6.691,0.077,0,0,0,0,v
2014-12-17 07:12,6.701,0.067,0,0,0,0,v
2014-12-17 07:18,6.683,0.066,0,0,0,0,v
2014-12-17 07:24,6.680,0.077,0,0,0,0,v
2014-12-17 07:30,6.678,0.085,0,0,0,0,v
2014-12-17 07:36,6.684,0.072,0,0,0,0,v
2014-12-17 07:42,6.675,0.074,0,0,0,0,v
2014-12-17 07:48,6.675,0.075,0,0,0,0,v
2014-12-17 07:54,6.666,0.067,0,0,0,0,v
2014-12-17 08:00,6.666,0.000,0,0,0,0,v
2014-12-17 08:06,6.664,0.059,0,0,0,0,v
2014-12-17 08:12,6.651,0.073,0,0,0,0,v
2014-12-17 08:18,6.645,0.081,0,0,0,0,v
2014-12-17 08:24,6.649,0.000,0,0,0,0,v
2014-12-17 08:30,6.639,0.065,0,0,0,0,v
2014-12-17 08:36,6.619,0.077,0,0,0,0,v
2014-12-17 08:42,6.606,0.096,0,0,0,0,v
2014-12-17 08:48,6.618,0.000,0,0,0,0,v
2014-12-17 08:54,6.613,0.078,0,0,0,0,v
2014-12-17 09:00,6.601,0.088,0,0,0,0,v
2014-12-17 09:06,6.603,0.079,0,0,0,0,v
2014-12-17 09:12,6.596,0.068,0,0,0,0,v
2014-12-17 09:18,6.589,0.075,0,0,0,0,v
2014-12-17 09:24,6.587,0.070,0,0,0,0,v
2014-12-17 09:30,6.574,0.087,0,0,0,0,v
2014-12-17 09:36,6.592,0.074,0,0,0,0,v
2014-12-17 09:42,6.579,0.072,0,0,0,0,v
2014-12-17 09:48,6.551,0.085,0,0,0,0,v
2014-12-17 09:54,6.579,0.081,0,0,0,0,v
2014-12-17 10:00,6.554,0.079,0,0,0,0,v
2014-12-17 10:06,6.555,0.079,0,0,0,0,v
2014-12-17 10:12,6.550,0.074,0,0,0,0,v
2014-12-17 10:18,6.532,0.088,0,0,0,0,v
2014-12-17 10:24,6.524,0.063,0,0,0,0,v
2014-12-17 10:30,6.498,0.072,0,0,0,0,v
2014-12-17 10:36,6.487,0.082,0,0,0,0,v
2014-12-17 10:42,6.501,0.081,0,0,0,0,v
2014-12-17 10:48,6.510,0.087,0,0,0,0,v
2014-12-17 10:54,6.505,0.058,0,0,0,0,v
2014-12-17 11:00,6.513,0.059,0,0,0,0,v
2014-12-17 11:06,6.513,0.077,0,0,0,0,v
2014-12-17 11:12,6.528,0.000,0,0,0,0,v
2014-12-17 11:18,6.532,0.075,0,0,0,0,v
2014-12-17 11:24,6.536,0.072,0,0,0,0,v
2014-12-17 11:30,6.559,0.079,0,0,0,0,v
2014-12-17 11:36,6.542,0.079,0,0,0,0,v
2014-12-17 11:42,6.548,0.072,0,0,0,0,v
2014-12-17 11:48,6.551,0.077,0,0,0,0,v
2014-12-17 11:54,6.566,0.072,0,0,0,0,v
2014-12-17 12:00,6.576,0.081,0,0,0,0,v
2014-12-17 12:06,6.566,0.090,0,0,0,0,v
2014-12-17 12:12,6.568,0.000,0,0,0,0,v
2014-12-17 12:18,6.585,0.080,0,0,0,0,v
2014-12-17 12:24,6.585,0.075,0,0,0,0,v
2014-12-17 12:30,6.592,0.082,0,0,0,0,v
2014-12-17 12:36,6.586,0.086,0,0,0,0,v
2014-12-17 12:42,6.593,0.076,0,0,0,0,v
2014-12-17 12:48,6.601,0.082,0,0,0,0,v
2014-12-17 12:54,6.608,0.081,0,0,0,0,v
2014-12-17 13:00,6.610,0.076,0,0,0,0,v
2014-12-17 13:06,6.621,0.070,0,0,0,0,v
2014-12-17 13:12,6.615,0.080,0,0,0,0,v
2014-12-17 13:18,6.620,0.078,0,0,0,0,v
2014-12-17 13:24,6.610,0.088,0,0,0,0,v
2014-12-17 13:30,6.604,0.076,0,0,0,0,v
2014-12-17 13:36,6.620,0.067,0,0,0,0,v
2014-12-17 13:42,6.614,0.077,0,0,0,0,v
2014-12-17 13:48,6.634,0.061,0,0,0,0,v
2014-12-17 13:54,6.634,0.000,0,0,0,0,v
2014-12-17 14:00,6.634,0.061,0,0,0,0,v
2014-12-17 14:06,6.639,0.079,0,0,0,0,v
2014-12-17 14:12,6.651,0.075,0,0,0,0,v
2014-12-17 14:18,6.657,0.080,0,0,0,0,v
2014-12-17 14:24,6.658,0.087,0,0,0,0,v
2014-12-17 14:30,6.667,0.083,0,0,0,0,v
2014-12-17 14:36,6.655,0.071,0,0,0,0,v
2014-12-17 14:42,6.666,0.073,0,0,0,0,v
2014-12-17 14:48,6.674,0.063,0,0,0,0,v
2014-12-17 14:54,6.690,0.082,0,0,0,0,v
2014-12-17 15:00,6.680,0.076,0,0,0,0,v
2014-12-17 15:06,6.694,0.071,0,0,0,0,v
2014-12-17 15:12,6.719,0.000,0,0,0,0,v
2014-12-17 15:18,6.712,0.075,0,0,0,0,v
2014-12-17 15:24,6.695,0.077,0,0,0,0,v
2014-12-17 15:30,6.693,0.076,0,0,0,0,v
2014-12-17 15:36,6.728,0.073,0,0,0,0,v
2014-12-17 15:42,6.718,0.084,0,0,0,0,v
2014-12-17 15:48,6.747,0.081,0,0,0,0,v
2014-12-17 15:54,6.765,0.081,0,0,0,0,v
2014-12-17 16:00,6.775,0.086,0,0,0,0,v
2014-12-17 16:06,6.774,0.090,0,0,0,0,v
2014-12-17 16:12,6.808,0.078,0,0,0,0,v
2014-12-17 16:18,6.810,0.080,0,0,0,0,v
2014-12-17 16:24,6.817,0.076,0,0,0,0,v
2014-12-17 16:30,6.821,0.078,0,0,0,0,v
2014-12-17 16:36,6.831,0.076,0,0,0,0,v
2014-12-17 16:42,6.840,0.075,0,0,0,0,v
2014-12-17 16:48,6.843,0.075,0,0,0,0,v
2014-12-17 16:54,6.857,0.085,0,0,0,0,v
2014-12-17 17:00,6.906,0.075,0,0,0,0,v
2014-12-17 17:06,6.887,0.065,0,0,0,0,v
2014-12-17 17:12,6.906,0.096,0,0,0,0,v
2014-12-17 17:18,6.909,0.091,0,0,0,0,v
2014-12-17 17:24,6.886,0.083,0,0,0,0,v
2014-12-17 17:30,6.897,0.066,0,0,0,0,v
2014-12-17 17:36,6.902,0.082,0,0,0,0,v
2014-12-17 17:42,6.918,0.097,0,0,0,0,v
2014-12-17 17:48,6.945,0.097,0,0,0,0,v
2014-12-17 17:54,6.958,0.092,0,0,0,0,v
2014-12-17 18:00,6.932,0.000,0,0,0,0,v
2014-12-17 18:06,6.943,0.060,0,0,0,0,v
2014-12-17 18:12,6.928,0.083,0,0,0,0,v
2014-12-17 18:18,6.942,0.092,0,0,0,0,v
2014-12-17 18:24,6.951,0.079,0,0,0,0,v
2014-12-17 18:30,6.977,0.077,0,0,0,0,v
2014-12-17 18:36,6.931,0.095,0,0,0,0,v
2014-12-17 18:42,6.928,0.086,0,0,0,0,v
2014-12-17 18:48,6.923,0.067,0,0,0,0,v
2014-12-17 18:54,6.933,0.092,0,0,0,0,v
2014-12-17 19:00,6.908,0.082,0,0,0,0,v
2014-12-17 19:06,6.934,0.080,0,0,0,0,v
2014-12-17 19:12,6.935,0.078,0,0,0,0,v
2014-12-17 19:18,6.923,0.081,0,0,0,0,v
2014-12-17 19:24,6.939,0.063,0,0,0,0,v
2014-12-17 19:30,6.944,0.064,0,0,0,0,v
2014-12-17 19:36,6.950,0.071,0,0,0,0,v
2014-12-17 19:42,6.913,0.070,0,0,0,0,v
2014-12-17 19:48,6.916,0.078,0,0,0,0,v
2014-12-17 19:54,6.924,0.088,0,0,0,0,v
2014-12-17 20:00,6.931,0.000,0,0,0,0,v
2014-12-17 20:06,6.934,0.075,0,0,0,0,v
2014-12-17 20:12,6.919,0.070,0,0,0,0,v
2014-12-17 20:18,6.934,0.000,0,0,0,0,v
2014-12-17 20:24,6.930,0.071,0,0,0,0,v
2014-12-17 20:30,6.951,0.078,0,0,0,0,v
2014-12-17 20:36,6.971,0.073,0,0,0,0,v
2014-12-17 20:42,6.952,0.080,0,0,0,0,v
2014-12-17 20:48,6.891,0.089,0,0,0,0,v
2014-12-17 20:54,6.958,0.066,0,0,0,0,v
2014-12-17 21:00,6.971,0.080,0,0,0,0,v
2014-12-17 21:06,6.964,0.068,0,0,0,0,v
2014-12-17 21:12,6.950,0.074,0,0,0,0,v
2014-12-17 21:18,6.949,0.075,0,0,0,0,v
2014-12-17 21:24,6.968,0.076,0,0,0,0,v
2014-12-17 21:30,6.968,0.091,0,0,0,0,v
2014-12-17 21:36,6.983,0.071,0,0,0,0,v
2014-12-17 21:42,6.969,0.073,0,0,0,0,v
2014-12-17 21:48,6.974,0.072,0,0,0,0,v
2014-12-17 21:54,6.967,0.077,0,0,0,0,v
2014-12-17 22:00,6.984,0.076,0,0,0,0,v
2014-12-17 22:06,6.949,0.077,0,0,0,0,v
2014-12-17 22:12,6.976,0.072,0,0,0,0,v
2014-12-17 22:18,6.953,0.076,0,0,0,0,v
2014-12-17 22:24,6.948,0.084,0,0,0,0,v
2014-12-17 22:30,6.961,0.000,0,0,0,0,v
2014-12-17 22:36,6.971,0.068,0,0,0,0,v
2014-12-17 22:42,6.970,0.079,0,0,0,0,v
2014-12-17 22:48,6.989,0.084,0,0,0,0,v
2014-12-17 22:54,6.966,0.086,0,0,0,0,v
2014-12-17 23:00,6.977,0.070,0,0,0,0,v
2014-12-17 23:06,6.997,0.063,0,0,0,0,v
2014-12-17 23:12,6.998,0.086,0,0,0,0,v
2014-12-17 23:18,6.991,0.076,0,0,0,0,v
2014-12-17 23:24,6.979,0.084,0,0,0,0,v
2014-12-17 23:30,6.977,0.078,0,0,0,0,v
2014-12-17 23:36,6.967,0.000,0,0,0,0,v
2014-12-17 23:42,6.976,0.093,0,0,0,0,v
2014-12-17 23:48,6.945,0.100,0,0,0,0,v
2014-12-17 23:54,6.991,0.070,0,0,0,0,v
2014-12-18 00:00,6.991,0.075,0,0,0,0,v
2014-12-18 00:06,6.978,0.083,0,0,0,0,v
2014-12-18 00:12,6.979,0.076,0,0,0,0,v
2014-12-18 00:18,6.975,0.074,0,0,0,0,v
2014-12-18 00:24,6.975,0.101,0,0,0,0,v
2014-12-18 00:30,6.984,0.083,0,0,0,0,v
2014-12-18 00:36,6.988,0.081,0,0,0,0,v
2014-12-18 00:42,6.989,0.091,0,0,0,0,v
2014-12-18 00:48,6.988,0.075,0,0,0,0,v
2014-12-18 00:54,6.963,0.102,0,0,0,0,v
2014-12-18 01:00,6.970,0.093,0,0,0,0,v
2014-12-18 01:06,6.968,0.094,0,0,0,0,v
2014-12-18 01:12,6.971,0.104,0,0,0,0,v
2014-12-18 01:18,6.965,0.091,0,0,0,0,v
2014-12-18 01:24,6.977,0.104,0,0,0,0,v
2014-12-18 01:30,6.982,0.097,0,0,0,0,v
2014-12-18 01:36,6.979,0.088,0,0,0,0,v
2014-12-18 01:42,6.965,0.105,0,0,0,0,v
2014-12-18 01:48,6.975,0.087,0,0,0,0,v
2014-12-18 01:54,6.967,0.099,0,0,0,0,v
2014-12-18 02:00,6.968,0.092,0,0,0,0,v
2014-12-18 02:06,6.962,0.084,0,0,0,0,v
2014-12-18 02:12,6.957,0.099,0,0,0,0,v
2014-12-18 02:18,6.949,0.086,0,0,0,0,v
2014-12-18 02:24,6.953,0.085,0,0,0,0,v
2014-12-18 02:30,6.969,0.084,0,0,0,0,v
2014-12-18 02:36,6.969,0.093,0,0,0,0,v
2014-12-18 02:42,6.961,0.084,0,0,0,0,v
2014-12-18 02:48,6.964,0.093,0,0,0,0,v
2014-12-18 02:54,6.984,0.080,0,0,0,0,v
2014-12-18 03:00,6.999,0.084,0,0,0,0,v
2014-12-18 03:06,6.989,0.091,0,0,0,0,v
2014-12-18 03:12,6.991,0.085,0,0,0,0,v
2014-12-18 03:18,6.964,0.096,0,0,0,0,v
2014-12-18 03:24,6.970,0.101,0,0,0,0,v
2014-12-18 03:30,6.963,0.085,0,0,0,0,v
2014-12-18 03:36,6.968,0.098,0,0,0,0,v
2014-12-18 03:42,6.967,0.090,0,0,0,0,v
2014-12-18 03:48,6.958,0.115,0,0,0,0,v
2014-12-18 03:54,6.973,0.085,0,0,0,0,v
2014-12-18 04:00,6.973,0.095,0,0,0,0,v
2014-12-18 04:06,6.971,0.090,0,0,0,0,v
2014-12-18 04:12,6.972,0.092,0,0,0,0,v
2014-12-18 04:18,6.974,0.098,0,0,0,0,v
2014-12-18 04:24,6.989,0.087,0,0,0,0,v
2014-12-18 04:30,6.982,0.073,0,0,0,0,v
2014-12-18 04:36,6.962,0.083,0,0,0,0,v
2014-12-18 04:42,6.965,0.099,0,0,0,0,v
2014-12-18 04:48,6.956,0.106,0,0,0,0,v
2014-12-18 04:54,6.957,0.103,0,0,0,0,v
2014-12-18 05:00,6.974,0.096,0,0,0,0,v
2014-12-18 05:06,6.950,0.092,0,0,0,0,v
2014-12-18 05:12,6.946,0.105,0,0,0,0,v
2014-12-18 05:18,6.947,0.094,0,0,0,0,v
2014-12-18 05:24,6.951,0.088,0,0,0,0,v
2014-12-18 05:30,6.956,0.090,0,0,0,0,v
2014-12-18 05:36,6.940,0.087,0,0,0,0,v
2014-12-18 05:42,6.909,0.082,0,0,0,0,v
2014-12-18 05:48,6.913,0.094,0,0,0,0,v
2014-12-18 05:54,6.916,0.109,0,0,0,0,v
2014-12-18 06:00,6.876,0.000,0,0,0,0,v
2014-12-18 06:06,6.874,0.101,0,0,0,0,v
2014-12-18 06:12,6.868,0.090,0,0,0,0,v
2014-12-18 06:18,6.863,0.090,0,0,0,0,v
2014-12-18 06:24,6.892,0.085,0,0,0,0,v
2014-12-18 06:30,6.883,0.093,0,0,0,0,v
2014-12-18 06:36,6.866,0.094,0,0,0,0,v
2014-12-18 06:42,6.876,0.105,0,0,0,0,v
2014-12-18 06:48,6.872,0.084,0,0,0,0,v
2014-12-18 06:54,6.860,0.084,0,0,0,0,v
2014-12-18 07:00,6.844,0.087,0,0,0,0,v
2014-12-18 07:06,6.847,0.092,0,0,0,0,v
2014-12-18 07:12,6.825,0.087,0,0,0,0,v
2014-12-18 07:18,6.821,0.085,0,0,0,0,v
2014-12-18 07:24,6.806,0.097,0,0,0,0,v
2014-12-18 07:30,6.774,0.092,0,0,0,0,v
2014-12-18 07:36,6.790,0.083,0,0,0,0,v
2014-12-18 07:42,6.796,0.086,0,0,0,0,v
2014-12-18 07:48,6.791,0.104,0,0,0,0,v
2014-12-18 07:54,6.789,0.073,0,0,0,0,v
2014-12-18 08:00,6.800,0.086,0,0,0,0,v
2014-12-18 08:06,6.808,0.077,0,0,0,0,v
2014-12-18 08:12,6.776,0.091,0,0,0,0,v
2014-12-18 08:18,6.761,0.090,0,0,0,0,v
2014-12-18 08:24,6.772,0.079,0,0,0,0,v
2014-12-18 08:30,6.737,0.085,0,0,0,0,v
2014-12-18 08:36,6.749,0.098,0,0,0,0,v
2014-12-18 08:42,6.739,0.107,0,0,0,0,v
2014-12-18 08:48,6.743,0.087,0,0,0,0,v
2014-12-18 08:54,6.738,0.086,0,0,0,0,v
2014-12-18 09:00,6.691,0.093,0,0,0,0,v
2014-12-18 09:06,6.733,0.089,0,0,0,0,v
2014-12-18 09:12,6.747,0.083,0,0,0,0,v
2014-12-18 09:18,6.736,0.083,0,0,0,0,v
2014-12-18 09:24,6.740,0.089,0,0,0,0,v
2014-12-18 09:30,6.728,0.094,0,0,0,0,v
2014-12-18 09:36,6.714,0.084,0,0,0,0,v
2014-12-18 09:42,6.686,0.092,0,0,0,0,v
2014-12-18 09:48,6.666,0.083,0,0,0,0,v
2014-12-18 09:54,6.665,0.103,0,0,0,0,v
2014-12-18 10:00,6.683,0.099,0,0,0,0,v
2014-12-18 10:06,6.660,0.089,0,0,0,0,v
2014-12-18 10:12,6.652,0.084,0,0,0,0,v
2014-12-18 10:18,6.661,0.083,0,0,0,0,v
2014-12-18 10:24,6.670,0.102,0,0,0,0,v
2014-12-18 10:30,6.661,0.110,0,0,0,0,v
2014-12-18 10:36,6.666,0.074,0,0,0,0,v
2014-12-18 10:42,6.671,0.066,0,0,0,0,v
2014-12-18 10:48,6.651,0.079,0,0,0,0,v
2014-12-18 10:54,6.632,0.091,0,0,0,0,v
2014-12-18 11:00,6.632,0.081,0,0,0,0,v
2014-12-18 11:06,6.653,0.089,0,0,0,0,v
2014-12-18 11:12,6.627,0.101,0,0,0,0,v
2014-12-18 11:18,6.624,0.085,0,0,0,0,v
2014-12-18 11:24,6.619,0.087,0,0,0,0,v
2014-12-18 11:30,6.611,0.077,0,0,0,0,v
2014-12-18 11:36,6.583,0.000,0,0,0,0,v
2014-12-18 11:42,6.618,0.088,0,0,0,0,v
2014-12-18 11:48,6.640,0.091,0,0,0,0,v
2014-12-18 11:54,6.622,0.073,0,0,0,0,v
2014-12-18 12:00,6.607,0.091,0,0,0,0,v
2014-12-18 12:06,6.635,0.085,0,0,0,0,v
2014-12-18 12:12,6.608,0.096,0,0,0,0,v
2014-12-18 12:18,6.612,0.087,0,0,0,0,v
2014-12-18 12:24,6.602,0.087,0,0,0,0,v
2014-12-18 12:30,6.631,0.106,0,0,0,0,v
2014-12-18 12:36,6.614,0.082,0,0,0,0,v
2014-12-18 12:42,6.621,0.084,0,0,0,0,v
2014-12-18 12:48,6.638,0.087,0,0,0,0,v
2014-12-18 12:54,6.605,0.090,0,0,0,0,v
2014-12-18 13:00,6.666,0.089,0,0,0,0,v
2014-12-18 13:06,6.635,0.098,0,0,0,0,v
2014-12-18 13:12,6.637,0.085,0,0,0,0,v
2014-12-18 13:18,6.640,0.082,0,0,0,0,v
2014-12-18 13:24,6.621,0.092,0,0,0,0,v
2014-12-18 13:30,6.618,0.083,0,0,0,0,v
2014-12-18 13:36,6.620,0.107,0,0,0,0,v
2014-12-18 13:42,6.637,0.088,0,0,0,0,v
2014-12-18 13:48,6.629,0.087,0,0,0,0,v
2014-12-18 13:54,6.625,0.080,0,0,0,0,v
2014-12-18 14:00,6.652,0.074,0,0,0,0,v
2014-12-18 14:06,6.656,0.092,0,0,0,0,v
2014-12-18 14:12,6.664,0.085,0,0,0,0,v
2014-12-18 14:18,6.643,0.083,0,0,0,0,v
2014-12-18 14:24,6.661,0.088,0,0,0,0,v
2014-12-18 14:30,6.662,0.088,0,0,0,0,v
2014-12-18 14:36,6.692,0.101,0,0,0,0,v
2014-12-18 14:42,6.689,0.095,0,0,0,0,v
2014-12-18 14:48,6.687,0.101,0,0,0,0,v
2014-12-18 14:54,6.701,0.077,0,0,0,0,v
2014-12-18 15:00,6.720,0.093,0,0,0,0,v
2014-12-18 15:06,6.719,0.077,0,0,0,0,v
2014-12-18 15:12,6.710,0.097,0,0,0,0,v
2014-12-18 15:18,6.715,0.103,0,0,0,0,v
2014-12-18 15:24,6.719,0.086,0,0,0,0,v
2014-12-18 15:30,6.737,0.092,0,0,0,0,v
2014-12-18 15:36,6.772,0.089,0,0,0,0,v
2014-12-18 15:42,6.787,0.088,0,0,0,0,v
2014-12-18 15:48,6.775,0.094,0,0,0,0,v
2014-12-18 15:54,6.817,0.000,0,0,0,0,v
2014-12-18 16:00,6.833,0.076,0,0,0,0,v
2014-12-18 16:06,6.844,0.080,0,0,0,0,v
2014-12-18 16:12,6.837,0.098,0,0,0,0,v
2014-12-18 16:18,6.836,0.075,0,0,0,0,v
2014-12-18 16:24,6.838,0.000,0,0,0,0,v
2014-12-18 16:30,6.851,0.078,0,0,0,0,v
2014-12-18 16:36,6.864,0.099,0,0,0,0,v
2014-12-18 16:42,6.868,0.092,0,0,0,0,v
2014-12-18 16:48,6.883,0.080,0,0,0,0,v
2014-12-18 16:54,6.899,0.091,0,0,0,0,v
2014-12-18 17:00,6.916,0.084,0,0,0,0,v
2014-12-18 17:06,6.919,0.081,0,0,0,0,v
2014-12-18 17:12,6.936,0.093,0,0,0,0,v
2014-12-18 17:18,6.927,0.084,0,0,0,0,v
2014-12-18 17:24,6.917,0.091,0,0,0,0,v
2014-12-18 17:30,6.917,0.079,0,0,0,0,v
2014-12-18 17:36,6.913,0.093,0,0,0,0,v
2014-12-18 17:42,6.908,0.101,0,0,0,0,v
2014-12-18 17:48,6.899,0.000,0,0,0,0,v
2014-12-18 17:54,6.918,0.078,0,0,0,0,v
2014-12-18 18:00,6.929,0.084,0,0,0,0,v
2014-12-18 18:06,6.919,0.099,0,0,0,0,v
2014-12-18 18:12,6.931,0.088,0,0,0,0,v
2014-12-18 18:18,6.961,0.093,0,0,0,0,v
2014-12-18 18:24,6.980,0.071,0,0,0,0,v
2014-12-18 18:30,6.976,0.080,0,0,0,0,v
2014-12-18 18:36,6.966,0.084,0,0,0,0,v
2014-12-18 18:42,6.971,0.086,0,0,0,0,v
2014-12-18 18:48,6.953,0.094,0,0,0,0,v
2014-12-18 18:54,6.969,0.092,0,0,0,0,v
2014-12-18 19:00,6.966,0.092,0,0,0,0,v
2014-12-18 19:06,6.976,0.084,0,0,0,0,v
2014-12-18 19:12,6.962,0.090,0,0,0,0,v
2014-12-18 19:18,6.950,0.099,0,0,0,0,v
2014-12-18 19:24,6.953,0.097,0,0,0,0,v
2014-12-18 19:30,6.980,0.092,0,0,0,0,v
2014-12-18 19:36,6.982,0.083,0,0,0,0,v
2014-12-18 19:42,6.979,0.102,0,0,0,0,v
2014-12-18 19:48,6.993,0.000,0,0,0,0,v
2014-12-18 19:54,7.002,0.075,0,0,0,0,v
2014-12-18 20:00,6.999,0.000,0,0,0,0,v
2014-12-18 20:06,6.990,0.088,0,0,0,0,v
2014-12-18 20:12,7.011,0.079,0,0,0,0,v
2014-12-18 20:18,6.990,0.084,0,0,0,0,v
2014-12-18 20:24,6.997,0.078,0,0,0,0,v
2014-12-18 20:30,7.009,0.097,0,0,0,0,v
2014-12-18 20:36,6.990,0.082,0,0,0,0,v
2014-12-18 20:42,6.986,0.098,0,0,0,0,v
2014-12-18 20:48,6.983,0.082,0,0,0,0,v
2014-12-18 20:54,6.995,0.095,0,0,0,0,v
2014-12-18 21:00,6.985,0.095,0,0,0,0,v
2014-12-18 21:06,7.008,0.090,0,0,0,0,v
2014-12-18 21:12,6.997,0.091,0,0,0,0,v
2014-12-18 21:18,6.995,0.085,0,0,0,0,v
2014-12-18 21:24,6.995,0.098,0,0,0,0,v
2014-12-18 21:30,7.010,0.075,0,0,0,0,v
2014-12-18 21:36,7.015,0.080,0,0,0,0,v
2014-12-18 21:42,7.004,0.082,0,0,0,0,v
2014-12-18 21:48,7.022,0.070,0,0,0,0,v
2014-12-18 21:54,7.010,0.079,0,0,0,0,v
2014-12-18 22:00,7.011,0.077,0,0,0,0,v
2014-12-18 22:06,7.005,0.089,0,0,0,0,v
2014-12-18 22:12,7.025,0.068,0,0,0,0,v
2014-12-18 22:18,6.997,0.075,0,0,0,0,v
2014-12-18 22:24,6.993,0.082,0,0,0,0,v
2014-12-18 22:30,6.989,0.084,0,0,0,0,v
2014-12-18 22:36,6.991,0.081,0,0,0,0,v
2014-12-18 22:42,6.975,0.080,0,0,0,0,v
2014-12-18 22:48,6.980,0.065,0,0,0,0,v
2014-12-18 22:54,6.978,0.085,0,0,0,0,v
2014-12-18 23:00,6.974,0.092,0,0,0,0,v
2014-12-18 23:06,6.981,0.082,0,0,0,0,v
2014-12-18 23:12,6.990,0.089,0,0,0,0,v
2014-12-18 23:18,6.969,0.079,0,0,0,0,v
2014-12-18 23:24,6.970,0.080,0,0,0,0,v
2014-12-18 23:30,6.985,0.081,0,0,0,0,v
2014-12-18 23:36,6.965,0.000,0,0,0,0,v
2014-12-18 23:42,6.963,0.088,0,0,0,0,v
2014-12-18 23:48,6.975,0.077,0,0,0,0,v
2014-12-18 23:54,6.979,0.082,0,0,0,0,v
2014-12-19 00:00,6.988,0.065,0,0,0,0,v
2014-12-19 00:06,6.962,0.083,0,0,0,0,v
2014-12-19 00:12,6.981,0.084,0,0,0,0,v
2014-12-19 00:18,6.985,0.089,0,0,0,0,v
2014-12-19 00:24,6.958,0.000,0,0,0,0,v
2014-12-19 00:30,6.961,0.084,0,0,0,0,v
2014-12-19 00:36,6.956,0.075,0,0,0,0,v
2014-12-19 00:42,6.941,0.068,0,0,0,0,v
2014-12-19 00:48,6.930,0.070,0,0,0,0,v
2014-12-19 00:54,6.927,0.000,0,0,0,0,v
2014-12-19 01:00,6.918,0.071,0,0,0,0,v
2014-12-19 01:06,6.909,0.078,0,0,0,0,v
2014-12-19 01:12,6.906,0.074,0,0,0,0,v
2014-12-19 01:18,6.900,0.076,0,0,0,0,v
2014-12-19 01:24,6.913,0.072,0,0,0,0,v
2014-12-19 01:30,6.921,0.080,0,0,0,0,v
2014-12-19 01:36,6.915,0.068,0,0,0,0,v
2014-12-19 01:42,6.922,0.077,0,0,0,0,v
2014-12-19 01:48,6.921,0.062,0,0,0,0,v
2014-12-19 01:54,6.904,0.069,0,0,0,0,v
2014-12-19 02:00,6.931,0.086,0,0,0,0,v
2014-12-19 02:06,6.914,0.074,0,0,0,0,v
2014-12-19 02:12,6.932,0.072,0,0,0,0,v
2014-12-19 02:18,6.931,0.084,0,0,0,0,v
2014-12-19 02:24,6.941,0.080,0,0,0,0,v
2014-12-19 02:30,6.932,0.062,0,0,0,0,v
2014-12-19 02:36,6.949,0.066,0,0,0,0,v
2014-12-19 02:42,6.939,0.074,0,0,0,0,v
2014-12-19 02:48,6.922,0.078,0,0,0,0,v
2014-12-19 02:54,6.916,0.074,0,0,0,0,v
2014-12-19 03:00,6.931,0.066,0,0,0,0,v
2014-12-19 03:06,6.934,0.089,0,0,0,0,v
2014-12-19 03:12,6.935,0.080,0,0,0,0,v
2014-12-19 03:18,6.933,0.072,0,0,0,0,v
2014-12-19 03:24,6.938,0.078,0,0,0,0,v
2014-12-19 03:30,6.930,0.073,0,0,0,0,v
2014-12-19 03:36,6.915,0.076,0,0,0,0,v
2014-12-19 03:42,6.930,0.081,0,0,0,0,v
2014-12-19 03:48,6.947,0.072,0,0,0,0,v
2014-12-19 03:54,6.960,0.072,0,0,0,0,v
2014-12-19 04:00,6.938,0.085,0,0,0,0,v
2014-12-19 04:06,6.936,0.078,0,0,0,0,v
2014-12-19 04:12,6.931,0.074,0,0,0,0,v
2014-12-19 04:18,6.916,0.070,0,0,0,0,v
2014-12-19 04:24,6.909,0.085,0,0,0,0,v
2014-12-19 04:30,6.904,0.092,0,0,0,0,v
2014-12-19 04:36,6.899,0.087,0,0,0,0,v
2014-12-19 04:42,6.920,0.065,0,0,0,0,v
2014-12-19 04:48,6.894,0.082,0,0,0,0,v
2014-12-19 04:54,6.896,0.070,0,0,0,0,v
2014-12-19 05:00,6.902,0.066,0,0,0,0,v
2014-12-19 05:06,6.897,0.076,0,0,0,0,v
2014-12-19 05:12,6.887,0.079,0,0,0,0,v
2014-12-19 05:18,6.904,0.070,0,0,0,0,v
2014-12-19 05:24,6.906,0.098,0,0,0,0,v
2014-12-19 05:30,6.890,0.079,0,0,0,0,v
2014-12-19 05:36,6.895,0.067,0,0,0,0,v
2014-12-19 05:42,6.874,0.082,0,0,0,0,v
2014-12-19 05:48,6.878,0.076,0,0,0,0,v
2014-12-19 05:54,6.892,0.082,0,0,0,0,v
2014-12-19 06:00,6.884,0.066,0,0,0,0,v
2014-12-19 06:06,6.864,0.071,0,0,0,0,v
2014-12-19 06:12,6.849,0.071,0,0,0,0,v
2014-12-19 06:18,6.828,0.074,0,0,0,0,v
2014-12-19 06:24,6.828,0.072,0,0,0,0,v
2014-12-19 06:30,6.806,0.076,0,0,0,0,v
2014-12-19 06:36,6.828,0.068,0,0,0,0,v
2014-12-19 06:42,6.831,0.077,0,0,0,0,v
2014-12-19 06:48,6.802,0.082,0,0,0,0,v
2014-12-19 06:54,6.809,0.078,0,0,0,0,v
2014-12-19 07:00,6.798,0.066,0,0,0,0,v
2014-12-19 07:06,6.783,0.084,0,0,0,0,v
2014-12-19 07:12,6.767,0.092,0,0,0,0,v
2014-12-19 07:18,6.772,0.074,0,0,0,0,v
2014-12-19 07:24,6.771,0.080,0,0,0,0,v
2014-12-19 07:30,6.769,0.079,0,0,0,0,v
2014-12-19 07:36,6.774,0.093,0,0,0,0,v
2014-12-19 07:42,6.778,0.072,0,0,0,0,v
2014-12-19 07:48,6.772,0.088,0,0,0,0,v
2014-12-19 07:54,6.766,0.075,0,0,0,0,v
2014-12-19 08:00,6.760,0.079,0,0,0,0,v
2014-12-19 08:06,6.752,0.061,0,0,0,0,v
2014-12-19 08:12,6.736,0.070,0,0,0,0,v
2014-12-19 08:18,6.723,0.083,0,0,0,0,v
2014-12-19 08:24,6.709,0.076,0,0,0,0,v
2014-12-19 08:30,6.706,0.076,0,0,0,0,v
2014-12-19 08:36,6.706,0.081,0,0,0,0,v
2014-12-19 08:42,6.669,0.063,0,0,0,0,v
2014-12-19 08:48,6.665,0.071,0,0,0,0,v
2014-12-19 08:54,6.667,0.081,0,0,0,0,v
2014-12-19 09:00,6.627,0.076,0,0,0,0,v
2014-12-19 09:06,6.636,0.070,0,0,0,0,v
2014-12-19 09:12,6.645,0.062,0,0,0,0,v
2014-12-19 09:18,6.642,0.076,0,0,0,0,v
2014-12-19 09:24,6.608,0.073,0,0,0,0,v
2014-12-19 09:30,6.596,0.085,0,0,0,0,v
2014-12-19 09:36,6.598,0.071,0,0,0,0,v
2014-12-19 09:42,6.600,0.093,0,0,0,0,v
2014-12-19 09:48,6.604,0.068,0,0,0,0,v
2014-12-19 09:54,6.590,0.081,0,0,0,0,v
2014-12-19 10:00,6.572,0.071,0,0,0,0,v
2014-12-19 10:06,6.571,0.077,0,0,0,0,v
2014-12-19 10:12,6.560,0.070,0,0,0,0,v
2014-12-19 10:18,6.550,0.065,0,0,0,0,v
2014-12-19 10:24,6.545,0.068,0,0,0,0,v
2014-12-19 10:30,6.548,0.076,0,0,0,0,v
2014-12-19 10:36,6.532,0.083,0,0,0,0,v
2014-12-19 10:42,6.534,0.067,0,0,0,0,v
2014-12-19 10:48,6.531,0.091,0,0,0,0,v
2014-12-19 10:54,6.521,0.064,0,0,0,0,v
2014-12-19 11:00,6.535,0.073,0,0,0,0,v
2014-12-19 11:06,6.547,0.075,0,0,0,0,v
2014-12-19 11:12,6.534,0.069,0,0,0,0,v
2014-12-19 11:18,6.517,0.066,0,0,0,0,v
2014-12-19 11:24,6.514,0.079,0,0,0,0,v
2014-12-19 11:30,6.526,0.063,0,0,0,0,v
2014-12-19 11:36,6.490,0.072,0,0,0,0,v
2014-12-19 11:42,6.489,0.077,0,0,0,0,v
2014-12-19 11:48,6.464,0.075,0,0,0,0,v
2014-12-19 11:54,6.487,0.066,0,0,0,0,v
2014-12-19 12:00,6.491,0.063,0,0,0,0,v
2014-12-19 12:06,6.462,0.085,0,0,0,0,v
2014-12-19 12:12,6.463,0.084,0,0,0,0,v
2014-12-19 12:18,6.470,0.071,0,0,0,0,v
2014-12-19 12:24,6.476,0.087,0,0,0,0,v
2014-12-19 12:30,6.498,0.065,0,0,0,0,v
2014-12-19 12:36,6.516,0.067,0,0,0,0,v
2014-12-19 12:42,6.514,0.061,0,0,0,0,v
2014-12-19 12:48,6.496,0.060,0,0,0,0,v
2014-12-19 12:54,6.516,0.056,0,0,0,0,v
2014-12-19 13:00,6.522,0.088,0,0,0,0,v
2014-12-19 13:06,6.530,0.081,0,0,0,0,v
2014-12-19 13:12,6.538,0.071,0,0,0,0,v
2014-12-19 13:18,6.514,0.076,0,0,0,0,v
2014-12-19 13:24,6.508,0.063,0,0,0,0,v
2014-12-19 13:30,6.511,0.067,0,0,0,0,v
2014-12-19 13:36,6.502,0.082,0,0,0,0,v
2014-12-19 13:42,6.516,0.063,0,0,0,0,v
2014-12-19 13:48,6.515,0.063,0,0,0,0,v
2014-12-19 13:54,6.513,0.081,0,0,0,0,v
2014-12-19 14:00,6.526,0.076,0,0,0,0,v
2014-12-19 14:06,6.515,0.066,0,0,0,0,v
2014-12-19 14:12,6.540,0.069,0,0,0,0,v
2014-12-19 14:18,6.527,0.067,0,0,0,0,v
2014-12-19 14:24,6.530,0.078,0,0,0,0,v
2014-12-19 14:30,6.549,0.076,0,0,0,0,v
2014-12-19 14:36,6.602,0.066,0,0,0,0,v
2014-12-19 14:42,6.588,0.085,0,0,0,0,v
2014-12-19 14:48,6.623,0.075,0,0,0,0,v
2014-12-19 14:54,6.597,0.069,0,0,0,0,v
2014-12-19 15:00,6.598,0.067,0,0,0,0,v
2014-12-19 15:06,6.603,0.067,0,0,0,0,v
2014-12-19 15:12,6.630,0.070,0,0,0,0,v
2014-12-19 15:18,6.627,0.064,0,0,0,0,v
2014-12-19 15:24,6.648,0.067,0,0,0,0,v
2014-12-19 15:30,6.661,0.080,0,0,0,0,v
2014-12-19 15:36,6.676,0.073,0,0,0,0,v
2014-12-19 15:42,6.701,0.068,0,0,0,0,v
2014-12-19 15:48,6.721,0.067,0,0,0,0,v
2014-12-19 15:54,6.723,0.076,0,0,0,0,v
2014-12-19 16:00,6.750,0.067,0,0,0,0,v
2014-12-19 16:06,6.732,0.070,0,0,0,0,v
2014-12-19 16:12,6.751,0.081,0,0,0,0,v
2014-12-19 16:18,6.728,0.064,0,0,0,0,v
2014-12-19 16:24,6.744,0.076,0,0,0,0,v
2014-12-19 16:30,6.740,0.071,0,0,0,0,v
2014-12-19 16:36,6.761,0.062,0,0,0,0,v
2014-12-19 16:42,6.733,0.056,0,0,0,0,v
2014-12-19 16:48,6.774,0.067,0,0,0,0,v
2014-12-19 16:54,6.757,0.061,0,0,0,0,v
2014-12-19 17:00,6.738,0.072,0,0,0,0,v
2014-12-19 17:06,6.781,0.066,0,0,0,0,v
2014-12-19 17:12,6.801,0.061,0,0,0,0,v
2014-12-19 17:18,6.789,0.000,0,0,0,0,v
2014-12-19 17:24,6.828,0.071,0,0,0,0,v
2014-12-19 17:30,6.829,0.054,0,0,0,0,v
2014-12-19 17:36,6.841,0.055,0,0,0,0,v
2014-12-19 17:42,6.820,0.059,0,0,0,0,v
2014-12-19 17:48,6.858,0.058,0,0,0,0,v
2014-12-19 17:54,6.845,0.058,0,0,0,0,v
2014-12-19 18:00,6.854,0.000,0,0,0,0,v
2014-12-19 18:06,6.850,0.068,0,0,0,0,v
2014-12-19 18:12,6.858,0.065,0,0,0,0,v
2014-12-19 18:18,6.887,0.067,0,0,0,0,v
2014-12-19 18:24,6.877,0.067,0,0,0,0,v
2014-12-19 18:30,6.901,0.059,0,0,0,0,v
2014-12-19 18:36,6.919,0.058,0,0,0,0,v
2014-12-19 18:42,6.933,0.057,0,0,0,0,v
2014-12-19 18:48,6.955,0.054,0,0,0,0,v
2014-12-19 18:54,6.939,0.071,0,0,0,0,v
2014-12-19 19:00,6.968,0.059,0,0,0,0,v
2014-12-19 19:06,6.973,0.056,0,0,0,0,v
2014-12-19 19:12,6.968,0.066,0,0,0,0,v
2014-12-19 19:18,6.983,0.052,0,0,0,0,v
2014-12-19 19:24,6.975,0.060,0,0,0,0,v
2014-12-19 19:30,6.960,0.000,0,0,0,0,v
2014-12-19 19:36,6.978,0.051,0,0,0,0,v
2014-12-19 19:42,6.963,0.058,0,0,0,0,v
2014-12-19 19:48,6.984,0.066,0,0,0,0,v
2014-12-19 19:54,7.012,0.053,0,0,0,0,v
2014-12-19 20:00,7.024,0.057,0,0,0,0,v
2014-12-19 20:06,7.034,0.060,0,0,0,0,v
2014-12-19 20:12,7.017,0.062,0,0,0,0,v
2014-12-19 20:18,7.017,0.059,0,0,0,0,v
2014-12-19 20:24,7.028,0.061,0,0,0,0,v
2014-12-19 20:30,7.039,0.072,0,0,0,0,v
2014-12-19 20:36,6.999,0.074,0,0,0,0,v
2014-12-19 20:42,7.013,0.057,0,0,0,0,v
2014-12-19 20:48,7.025,0.060,0,0,0,0,v
2014-12-19 20:54,7.054,0.062,0,0,0,0,v
2014-12-19 21:00,7.025,0.068,0,0,0,0,v
2014-12-19 21:06,7.014,0.062,0,0,0,0,v
2014-12-19 21:12,7.032,0.070,0,0,0,0,v
2014-12-19 21:18,7.024,0.065,0,0,0,0,v
2014-12-19 21:24,7.034,0.070,0,0,0,0,v
2014-12-19 21:30,7.024,0.067,0,0,0,0,v
2014-12-19 21:36,7.015,0.064,0,0,0,0,v
2014-12-19 21:42,7.021,0.065,0,0,0,0,v
2014-12-19 21:48,7.045,0.056,0,0,0,0,v
2014-12-19 21:54,7.061,0.060,0,0,0,0,v
2014-12-19 22:00,7.046,0.059,0,0,0,0,v
2014-12-19 22:06,7.017,0.068,0,0,0,0,v
2014-12-19 22:12,7.022,0.000,0,0,0,0,v
2014-12-19 22:18,7.017,0.056,0,0,0,0,v
2014-12-19 22:24,7.018,0.060,0,0,0,0,v
2014-12-19 22:30,7.024,0.064,0,0,0,0,v
2014-12-19 22:36,7.059,0.066,0,0,0,0,v
2014-12-19 22:42,7.042,0.064,0,0,0,0,v
2014-12-19 22:48,7.035,0.061,0,0,0,0,v
2014-12-19 22:54,7.024,0.060,0,0,0,0,v
2014-12-19 23:00,7.008,0.058,0,0,0,0,v
2014-12-19 23:06,7.013,0.066,0,0,0,0,v
2014-12-19 23:12,7.011,0.062,0,0,0,0,v
2014-12-19 23:18,7.012,0.068,0,0,0,0,v
2014-12-19 23:24,7.002,0.063,0,0,0,0,v
2014-12-19 23:30,7.020,0.067,0,0,0,0,v
2014-12-19 23:36,7.016,0.065,0,0,0,0,v
2014-12-19 23:42,7.018,0.068,0,0,0,0,v
2014-12-19 23:48,7.011,0.067,0,0,0,0,v
2014-12-19 23:54,7.013,0.063,0,0,0,0,v
2014-12-20 00:00,7.003,0.064,0,0,0,0,v
2014-12-20 00:06,7.007,0.071,0,0,0,0,v
2014-12-20 00:12,7.002,0.076,0,0,0,0,v
2014-12-20 00:18,7.007,0.067,0,0,0,0,v
2014-12-20 00:24,7.002,0.066,0,0,0,0,v
2014-12-20 00:30,7.008,0.060,0,0,0,0,v
2014-12-20 00:36,7.000,0.066,0,0,0,0,v
2014-12-20 00:42,7.008,0.061,0,0,0,0,v
2014-12-20 00:48,6.996,0.067,0,0,0,0,v
2014-12-20 00:54,6.981,0.068,0,0,0,0,v
2014-12-20 01:00,6.994,0.068,0,0,0,0,v
2014-12-20 01:06,7.003,0.063,0,0,0,0,v
2014-12-20 01:12,6.999,0.064,0,0,0,0,v
2014-12-20 01:18,6.995,0.062,0,0,0,0,v
2014-12-20 01:24,6.988,0.060,0,0,0,0,v
2014-12-20 01:30,6.975,0.061,0,0,0,0,v
2014-12-20 01:36,6.977,0.062,0,0,0,0,v
2014-12-20 01:42,6.972,0.064,0,0,0,0,v
2014-12-20 01:48,6.961,0.058,0,0,0,0,v
2014-12-20 01:54,6.941,0.061,0,0,0,0,v
2014-12-20 02:00,6.963,0.060,0,0,0,0,v
2014-12-20 02:06,6.982,0.065,0,0,0,0,v
2014-12-20 02:12,6.974,0.060,0,0,0,0,v
2014-12-20 02:18,6.981,0.066,0,0,0,0,v
2014-12-20 02:24,7.003,0.071,0,0,0,0,v
2014-12-20 02:30,6.972,0.071,0,0,0,0,v
2014-12-20 02:36,6.969,0.065,0,0,0,0,v
2014-12-20 02:42,6.964,0.060,0,0,0,0,v
2014-12-20 02:48,6.971,0.068,0,0,0,0,v
2014-12-20 02:54,6.972,0.063,0,0,0,0,v
2014-12-20 03:00,6.944,0.072,0,0,0,0,v
2014-12-20 03:06,6.960,0.075,0,0,0,0,v
2014-12-20 03:12,6.975,0.074,0,0,0,0,v
2014-12-20 03:18,6.960,0.072,0,0,0,0,v
2014-12-20 03:24,6.958,0.065,0,0,0,0,v
2014-12-20 03:30,6.948,0.078,0,0,0,0,v
2014-12-20 03:36,6.949,0.072,0,0,0,0,v
2014-12-20 03:42,6.960,0.073,0,0,0,0,v
2014-12-20 03:48,6.942,0.060,0,0,0,0,v
2014-12-20 03:54,6.933,0.065,0,0,0,0,v
2014-12-20 04:00,6.934,0.064,0,0,0,0,v
2014-12-20 04:06,6.939,0.079,0,0,0,0,v
2014-12-20 04:12,6.911,0.079,0,0,0,0,v
2014-12-20 04:18,6.902,0.082,0,0,0,0,v
2014-12-20 04:24,6.916,0.068,0,0,0,0,v
2014-12-20 04:30,6.925,0.067,0,0,0,0,v
2014-12-20 04:36,6.921,0.069,0,0,0,0,v
2014-12-20 04:42,6.928,0.084,0,0,0,0,v
2014-12-20 04:48,6.911,0.075,0,0,0,0,v
2014-12-20 04:54,6.928,0.072,0,0,0,0,v
2014-12-20 05:00,6.939,0.079,0,0,0,0,v
2014-12-20 05:06,6.920,0.090,0,0,0,0,v
2014-12-20 05:12,6.921,0.068,0,0,0,0,v
2014-12-20 05:18,6.916,0.078,0,0,0,0,v
2014-12-20 05:24,6.889,0.071,0,0,0,0,v
2014-12-20 05:30,6.900,0.073,0,0,0,0,v
2014-12-20 05:36,6.927,0.080,0,0,0,0,v
2014-12-20 05:42,6.914,0.073,0,0,0,0,v
2014-12-20 05:48,6.925,0.069,0,0,0,0,v
2014-12-20 05:54,6.899,0.085,0,0,0,0,v
2014-12-20 06:00,6.881,0.068,0,0,0,0,v
2014-12-20 06:06,6.884,0.080,0,0,0,0,v
2014-12-20 06:12,6.875,0.073,0,0,0,0,v
2014-12-20 06:18,6.879,0.087,0,0,0,0,v
2014-12-20 06:24,6.854,0.069,0,0,0,0,v
2014-12-20 06:30,6.858,0.067,0,0,0,0,v
2014-12-20 06:36,6.852,0.073,0,0,0,0,v
2014-12-20 06:42,6.859,0.067,0,0,0,0,v
2014-12-20 06:48,6.819,0.068,0,0,0,0,v
2014-12-20 06:54,6.826,0.075,0,0,0,0,v
2014-12-20 07:00,6.840,0.088,0,0,0,0,v
2014-12-20 07:06,6.810,0.071,0,0,0,0,v
2014-12-20 07:12,6.832,0.063,0,0,0,0,v
2014-12-20 07:18,6.821,0.080,0,0,0,0,v
2014-12-20 07:24,6.796,0.084,0,0,0,0,v
2014-12-20 07:30,6.797,0.071,0,0,0,0,v
2014-12-20 07:36,6.812,0.079,0,0,0,0,v
2014-12-20 07:42,6.833,0.070,0,0,0,0,v
2014-12-20 07:48,6.793,0.000,0,0,0,0,v
2014-12-20 07:54,6.811,0.074,0,0,0,0,v
2014-12-20 08:00,6.771,0.082,0,0,0,0,v
2014-12-20 08:06,6.756,0.080,0,0,0,0,v
2014-12-20 08:12,6.771,0.076,0,0,0,0,v
2014-12-20 08:18,6.737,0.082,0,0,0,0,v
2014-12-20 08:24,6.738,0.078,0,0,0,0,v
2014-12-20 08:30,6.719,0.080,0,0,0,0,v
2014-12-20 08:36,6.706,0.077,0,0,0,0,v
2014-12-20 08:42,6.703,0.076,0,0,0,0,v
2014-12-20 08:48,6.685,0.091,0,0,0,0,v
2014-12-20 08:54,6.644,0.086,0,0,0,0,v
2014-12-20 09:00,6.642,0.077,0,0,0,0,v
2014-12-20 09:06,6.652,0.069,0,0,0,0,v
2014-12-20 09:12,6.645,0.070,0,0,0,0,v
2014-12-20 09:18,6.633,0.075,0,0,0,0,v
2014-12-20 09:24,6.629,0.071,0,0,0,0,v
2014-12-20 09:30,6.626,0.072,0,0,0,0,v
2014-12-20 09:36,6.611,0.076,0,0,0,0,v
2014-12-20 09:42,6.588,0.068,0,0,0,0,v
2014-12-20 09:48,6.579,0.074,0,0,0,0,v
2014-12-20 09:54,6.572,0.079,0,0,0,0,v
2014-12-20 10:00,6.567,0.075,0,0,0,0,v
2014-12-20 10:06,6.567,0.072,0,0,0,0,v
2014-12-20 10:12,6.562,0.079,0,0,0,0,v
2014-12-20 10:18,6.545,0.080,0,0,0,0,v
2014-12-20 10:24,6.536,0.072,0,0,0,0,v
2014-12-20 10:30,6.531,0.085,0,0,0,0,v
2014-12-20 10:36,6.549,0.084,0,0,0,0,v
2014-12-20 10:42,6.532,0.077,0,0,0,0,v
2014-12-20 10:48,6.519,0.075,0,0,0,0,v
2014-12-20 10:54,6.504,0.085,0,0,0,0,v
2014-12-20 11:00,6.478,0.088,0,0,0,0,v
2014-12-20 11:06,6.471,0.082,0,0,0,0,v
2014-12-20 11:12,6.483,0.075,0,0,0,0,v
2014-12-20 11:18,6.462,0.074,0,0,0,0,v
2014-12-20 11:24,6.476,0.076,0,0,0,0,v
2014-12-20 11:30,6.460,0.098,0,0,0,0,v
2014-12-20 11:36,6.434,0.076,0,0,0,0,v
2014-12-20 11:42,6.423,0.072,0,0,0,0,v
2014-12-20 11:48,6.411,0.081,0,0,0,0,v
2014-12-20 11:54,6.418,0.075,0,0,0,0,v
2014-12-20 12:00,6.428,0.074,0,0,0,0,v
2014-12-20 12:06,6.415,0.090,0,0,0,0,v
2014-12-20 12:12,6.421,0.078,0,0,0,0,v
2014-12-20 12:18,6.420,0.086,0,0,0,0,v
2014-12-20 12:24,6.419,0.065,0,0,0,0,v
2014-12-20 12:30,6.402,0.083,0,0,0,0,v
2014-12-20 12:36,6.392,0.081,0,0,0,0,v
2014-12-20 12:42,6.395,0.094,0,0,0,0,v
2014-12-20 12:48,6.387,0.080,0,0,0,0,v
2014-12-20 12:54,6.371,0.079,0,0,0,0,v
2014-12-20 13:00,6.379,0.068,0,0,0,0,v
2014-12-20 13:06,6.384,0.084,0,0,0,0,v
2014-12-20 13:12,6.377,0.069,0,0,0,0,v
2014-12-20 13:18,6.415,0.076,0,0,0,0,v
2014-12-20 13:24,6.425,0.067,0,0,0,0,v
2014-12-20 13:30,6.392,0.073,0,0,0,0,v
2014-12-20 13:36,6.426,0.081,0,0,0,0,v
2014-12-20 13:42,6.417,0.074,0,0,0,0,v
2014-12-20 13:48,6.407,0.081,0,0,0,0,v
2014-12-20 13:54,6.409,0.085,0,0,0,0,v
2014-12-20 14:00,6.396,0.087,0,0,0,0,v
2014-12-20 14:06,6.405,0.083,0,0,0,0,v
2014-12-20 14:12,6.422,0.000,0,0,0,0,v
2014-12-20 14:18,6.437,0.089,0,0,0,0,v
2014-12-20 14:24,6.448,0.090,0,0,0,0,v
2014-12-20 14:30,6.462,0.086,0,0,0,0,v
2014-12-20 14:36,6.459,0.000,0,0,0,0,v
2014-12-20 14:42,6.465,0.096,0,0,0,0,v
2014-12-20 14:48,6.489,0.079,0,0,0,0,v
2014-12-20 14:54,6.490,0.000,0,0,0,0,v
2014-12-20 15:00,6.459,0.089,0,0,0,0,v
2014-12-20 15:06,6.477,0.077,0,0,0,0,v
2014-12-20 15:12,6.498,0.081,0,0,0,0,v
2014-12-20 15:18,6.503,0.076,0,0,0,0,v
2014-12-20 15:24,6.487,0.079,0,0,0,0,v
2014-12-20 15:30,6.512,0.087,0,0,0,0,v
2014-12-20 15:36,6.532,0.083,0,0,0,0,v
2014-12-20 15:42,6.533,0.084,0,0,0,0,v
2014-12-20 15:48,6.550,0.085,0,0,0,0,v
2014-12-20 15:54,6.564,0.091,0,0,0,0,v
2014-12-20 16:00,6.605,0.084,0,0,0,0,v
2014-12-20 16:06,6.595,0.093,0,0,0,0,v
2014-12-20 16:12,6.595,0.082,0,0,0,0,v
2014-12-20 16:18,6.617,0.096,0,0,0,0,v
2014-12-20 16:24,6.609,0.072,0,0,0,0,v
2014-12-20 16:30,6.638,0.094,0,0,0,0,v
2014-12-20 16:36,6.650,0.078,0,0,0,0,v
2014-12-20 16:42,6.661,0.085,0,0,0,0,v
2014-12-20 16:48,6.662,0.085,0,0,0,0,v
2014-12-20 16:54,6.665,0.079,0,0,0,0,v
2014-12-20 17:00,6.672,0.074,0,0,0,0,v
2014-12-20 17:06,6.686,0.096,0,0,0,0,v
2014-12-20 17:12,6.703,0.076,0,0,0,0,v
2014-12-20 17:18,6.741,0.101,0,0,0,0,v
2014-12-20 17:24,6.752,0.080,0,0,0,0,v
2014-12-20 17:30,6.757,0.080,0,0,0,0,v
2014-12-20 17:36,6.789,0.082,0,0,0,0,v
2014-12-20 17:42,6.803,0.075,0,0,0,0,v
2014-12-20 17:48,6.807,0.088,0,0,0,0,v
2014-12-20 17:54,6.798,0.066,0,0,0,0,v
2014-12-20 18:00,6.817,0.080,0,0,0,0,v
2014-12-20 18:06,6.828,0.095,0,0,0,0,v
2014-12-20 18:12,6.828,0.065,0,0,0,0,v
2014-12-20 18:18,6.833,0.077,0,0,0,0,v
2014-12-20 18:24,6.883,0.082,0,0,0,0,v
2014-12-20 18:30,6.868,0.075,0,0,0,0,v
2014-12-20 18:36,6.892,0.089,0,0,0,0,v
2014-12-20 18:42,6.901,0.084,0,0,0,0,v
2014-12-20 18:48,6.908,0.080,0,0,0,0,v
2014-12-20 18:54,6.933,0.076,0,0,0,0,v
2014-12-20 19:00,6.921,0.070,0,0,0,0,v
2014-12-20 19:06,6.915,0.082,0,0,0,0,v
2014-12-20 19:12,6.924,0.063,0,0,0,0,v
2014-12-20 19:18,6.929,0.090,0,0,0,0,v
2014-12-20 19:24,6.931,0.085,0,0,0,0,v
2014-12-20 19:30,6.940,0.087,0,0,0,0,v
2014-12-20 19:36,6.949,0.085,0,0,0,0,v
2014-12-20 19:42,6.960,0.078,0,0,0,0,v
2014-12-20 19:48,6.971,0.081,0,0,0,0,v
2014-12-20 19:54,6.979,0.097,0,0,0,0,v
2014-12-20 20:00,6.991,0.079,0,0,0,0,v
2014-12-20 20:06,6.998,0.092,0,0,0,0,v
2014-12-20 20:12,7.009,0.077,0,0,0,0,v
2014-12-20 20:18,7.003,0.083,0,0,0,0,v
2014-12-20 20:24,7.021,0.095,0,0,0,0,v
2014-12-20 20:30,7.053,0.082,0,0,0,0,v
2014-12-20 20:36,7.019,0.089,0,0,0,0,v
2014-12-20 20:42,7.054,0.084,0,0,0,0,v
2014-12-20 20:48,7.046,0.076,0,0,0,0,v
2014-12-20 20:54,7.051,0.081,0,0,0,0,v
2014-12-20 21:00,7.047,0.097,0,0,0,0,v
2014-12-20 21:06,7.059,0.087,0,0,0,0,v
2014-12-20 21:12,7.048,0.086,0,0,0,0,v
2014-12-20 21:18,7.061,0.081,0,0,0,0,v
2014-12-20 21:24,7.068,0.099,0,0,0,0,v
2014-12-20 21:30,7.067,0.077,0,0,0,0,v
2014-12-20 21:36,7.063,0.076,0,0,0,0,v
2014-12-20 21:42,7.065,0.084,0,0,0,0,v
2014-12-20 21:48,7.056,0.082,0,0,0,0,v
2014-12-20 21:54,7.041,0.089,0,0,0,0,v
2014-12-20 22:00,7.080,0.092,0,0,0,0,v
2014-12-20 22:06,7.075,0.072,0,0,0,0,v
2014-12-20 22:12,7.065,0.094,0,0,0,0,v
2014-12-20 22:18,7.060,0.081,0,0,0,0,v
2014-12-20 22:24,7.055,0.091,0,0,0,0,v
2014-12-20 22:30,7.043,0.087,0,0,0,0,v
2014-12-20 22:36,7.038,0.085,0,0,0,0,v
2014-12-20 22:42,7.052,0.093,0,0,0,0,v
2014-12-20 22:48,7.045,0.091,0,0,0,0,v
2014-12-20 22:54,7.044,0.086,0,0,0,0,v
2014-12-20 23:00,7.061,0.000,0,0,0,0,v
2014-12-20 23:06,7.038,0.095,0,0,0,0,v
2014-12-20 23:12,7.037,0.080,0,0,0,0,v
2014-12-20 23:18,7.040,0.082,0,0,0,0,v
2014-12-20 23:24,7.070,0.083,0,0,0,0,v
2014-12-20 23:30,7.029,0.083,0,0,0,0,v
2014-12-20 23:36,7.029,0.077,0,0,0,0,v
2014-12-20 23:42,7.027,0.104,0,0,0,0,v
2014-12-20 23:48,7.060,0.088,0,0,0,0,v
2014-12-20 23:54,7.027,0.087,0,0,0,0,v
2014-12-21 00:00,7.033,0.090,0,0,0,0,v
2014-12-21 00:06,7.043,0.093,0,0,0,0,v
2014-12-21 00:12,7.031,0.000,0,0,0,0,v
2014-12-21 00:18,7.018,0.089,0,0,0,0,v
2014-12-21 00:24,7.040,0.000,0,0,0,0,v
2014-12-21 00:30,7.038,0.083,0,0,0,0,v
2014-12-21 00:36,7.022,0.092,0,0,0,0,v
2014-12-21 00:42,7.012,0.080,0,0,0,0,v
2014-12-21 00:48,7.032,0.075,0,0,0,0,v
2014-12-21 00:54,7.045,0.081,0,0,0,0,v
2014-12-21 01:00,7.011,0.092,0,0,0,0,v
2014-12-21 01:06,7.020,0.079,0,0,0,0,v
2014-12-21 01:12,7.027,0.074,0,0,0,0,v
2014-12-21 01:18,7.011,0.075,0,0,0,0,v
2014-12-21 01:24,7.005,0.083,0,0,0,0,v
2014-12-21 01:30,6.969,0.068,0,0,0,0,v
2014-12-21 01:36,6.949,0.089,0,0,0,0,v
2014-12-21 01:42,6.964,0.083,0,0,0,0,v
2014-12-21 01:48,7.014,0.081,0,0,0,0,v
2014-12-21 01:54,6.984,0.070,0,0,0,0,v
2014-12-21 02:00,7.001,0.081,0,0,0,0,v
2014-12-21 02:06,7.018,0.088,0,0,0,0,v
2014-12-21 02:12,7.008,0.087,0,0,0,0,v
2014-12-21 02:18,7.007,0.075,0,0,0,0,v
2014-12-21 02:24,6.991,0.077,0,0,0,0,v
2014-12-21 02:30,6.985,0.087,0,0,0,0,v
2014-12-21 02:36,6.984,0.084,0,0,0,0,v
2014-12-21 02:42,6.968,0.090,0,0,0,0,v
2014-12-21 02:48,6.952,0.068,0,0,0,0,v
2014-12-21 02:54,6.983,0.084,0,0,0,0,v
2014-12-21 03:00,6.989,0.067,0,0,0,0,v
2014-12-21 03:06,6.961,0.082,0,0,0,0,v
2014-12-21 03:12,6.956,0.064,0,0,0,0,v
2014-12-21 03:18,6.995,0.094,0,0,0,0,v
2014-12-21 03:24,6.968,0.078,0,0,0,0,v
2014-12-21 03:30,6.975,0.079,0,0,0,0,v
2014-12-21 03:36,6.936,0.066,0,0,0,0,v
2014-12-21 03:42,6.930,0.080,0,0,0,0,v
2014-12-21 03:48,6.936,0.089,0,0,0,0,v
2014-12-21 03:54,6.931,0.082,0,0,0,0,v
2014-12-21 04:00,6.944,0.093,0,0,0,0,v
2014-12-21 04:06,6.954,0.079,0,0,0,0,v
2014-12-21 04:12,6.965,0.078,0,0,0,0,v
2014-12-21 04:18,6.926,0.080,0,0,0,0,v
2014-12-21 04:24,6.959,0.072,0,0,0,0,v
2014-12-21 04:30,6.953,0.094,0,0,0,0,v
2014-12-21 04:36,6.907,0.070,0,0,0,0,v
2014-12-21 04:42,6.924,0.081,0,0,0,0,v
2014-12-21 04:48,6.902,0.087,0,0,0,0,v
2014-12-21 04:54,6.912,0.074,0,0,0,0,v
2014-12-21 05:00,6.920,0.068,0,0,0,0,v
2014-12-21 05:06,6.918,0.091,0,0,0,0,v
2014-12-21 05:12,6.904,0.083,0,0,0,0,v
2014-12-21 05:18,6.879,0.083,0,0,0,0,v
2014-12-21 05:24,6.895,0.084,0,0,0,0,v
2014-12-21 05:30,6.923,0.085,0,0,0,0,v
2014-12-21 05:36,6.882,0.077,0,0,0,0,v
2014-12-21 05:42,6.898,0.072,0,0,0,0,v
2014-12-21 05:48,6.918,0.084,0,0,0,0,v
2014-12-21 05:54,6.896,0.067,0,0,0,0,v
2014-12-21 06:00,6.876,0.083,0,0,0,0,v
2014-12-21 06:06,6.891,0.077,0,0,0,0,v
2014-12-21 06:12,6.854,0.084,0,0,0,0,v
2014-12-21 06:18,6.876,0.072,0,0,0,0,v
2014-12-21 06:24,6.877,0.062,0,0,0,0,v
2014-12-21 06:30,6.862,0.079,0,0,0,0,v
2014-12-21 06:36,6.847,0.077,0,0,0,0,v
2014-12-21 06:42,6.865,0.083,0,0,0,0,v
2014-12-21 06:48,6.847,0.073,0,0,0,0,v
2014-12-21 06:54,6.835,0.088,0,0,0,0,v
2014-12-21 07:00,6.824,0.073,0,0,0,0,v
2014-12-21 07:06,6.822,0.076,0,0,0,0,v
2014-12-21 07:12,6.824,0.077,0,0,0,0,v
2014-12-21 07:18,6.783,0.078,0,0,0,0,v
2014-12-21 07:24,6.798,0.070,0,0,0,0,v
2014-12-21 07:30,6.804,0.088,0,0,0,0,v
2014-12-21 07:36,6.809,0.066,0,0,0,0,v
2014-12-21 07:42,6.792,0.072,0,0,0,0,v
2014-12-21 07:48,6.796,0.070,0,0,0,0,v
2014-12-21 07:54,6.790,0.079,0,0,0,0,v
2014-12-21 08:00,6.773,0.066,0,0,0,0,v
2014-12-21 08:06,6.759,0.070,0,0,0,0,v
2014-12-21 08:12,6.770,0.068,0,0,0,0,v
2014-12-21 08:18,6.779,0.066,0,0,0,0,v
2014-12-21 08:24,6.766,0.067,0,0,0,0,v
2014-12-21 08:30,6.726,0.070,0,0,0,0,v
2014-12-21 08:36,6.765,0.068,0,0,0,0,v
2014-12-21 08:42,6.741,0.070,0,0,0,0,v
2014-12-21 08:48,6.737,0.063,0,0,0,0,v
2014-12-21 08:54,6.708,0.061,0,0,0,0,v
2014-12-21 09:00,6.704,0.063,0,0,0,0,v
2014-12-21 09:06,6.680,0.058,0,0,0,0,v
2014-12-21 09:12,6.660,0.069,0,0,0,0,v
2014-12-21 09:18,6.672,0.061,0,0,0,0,v
2014-12-21 09:24,6.657,0.073,0,0,0,0,v
2014-12-21 09:30,6.652,0.073,0,0,0,0,v
2014-12-21 09:36,6.664,0.071,0,0,0,0,v
2014-12-21 09:42,6.653,0.072,0,0,0,0,v
2014-12-21 09:48,6.628,0.075,0,0,0,0,v
2014-12-21 09:54,6.606,0.059,0,0,0,0,v
2014-12-21 10:00,6.602,0.069,0,0,0,0,v
2014-12-21 10:06,6.629,0.066,0,0,0,0,v
2014-12-21 10:12,6.617,0.065,0,0,0,0,v
2014-12-21 10:18,6.581,0.077,0,0,0,0,v
2014-12-21 10:24,6.553,0.081,0,0,0,0,v
2014-12-21 10:30,6.567,0.077,0,0,0,0,v
2014-12-21 10:36,6.548,0.059,0,0,0,0,v
2014-12-21 10:42,6.518,0.057,0,0,0,0,v
2014-12-21 10:48,6.518,0.069,0,0,0,0,v
2014-12-21 10:54,6.502,0.081,0,0,0,0,v
2014-12-21 11:00,6.490,0.000,0,0,0,0,v
2014-12-21 11:06,6.467,0.062,0,0,0,0,v
2014-12-21 11:12,6.450,0.071,0,0,0,0,v
2014-12-21 11:18,6.471,0.067,0,0,0,0,v
2014-12-21 11:24,6.457,0.074,0,0,0,0,v
2014-12-21 11:30,6.448,0.062,0,0,0,0,v
2014-12-21 11:36,6.471,0.069,0,0,0,0,v
2014-12-21 11:42,6.468,0.068,0,0,0,0,v
2014-12-21 11:48,6.430,0.062,0,0,0,0,v
2014-12-21 11:54,6.439,0.078,0,0,0,0,v
2014-12-21 12:00,6.441,0.063,0,0,0,0,v
2014-12-21 12:06,6.431,0.075,0,0,0,0,v
2014-12-21 12:12,6.419,0.077,0,0,0,0,v
2014-12-21 12:18,6.415,0.073,0,0,0,0,v
2014-12-21 12:24,6.385,0.072,0,0,0,0,v
2014-12-21 12:30,6.411,0.088,0,0,0,0,v
2014-12-21 12:36,6.419,0.087,0,0,0,0,v
2014-12-21 12:42,6.395,0.000,0,0,0,0,v
2014-12-21 12:48,6.362,0.077,0,0,0,0,v
2014-12-21 12:54,6.336,0.071,0,0,0,0,v
2014-12-21 13:00,6.366,0.081,0,0,0,0,v
2014-12-21 13:06,6.353,0.064,0,0,0,0,v
2014-12-21 13:12,6.352,0.070,0,0,0,0,v
2014-12-21 13:18,6.379,0.089,0,0,0,0,v
2014-12-21 13:24,6.365,0.064,0,0,0,0,v
2014-12-21 13:30,6.357,0.077,0,0,0,0,v
2014-12-21 13:36,6.365,0.081,0,0,0,0,v
2014-12-21 13:42,6.363,0.091,0,0,0,0,v
2014-12-21 13:48,6.363,0.087,0,0,0,0,v
2014-12-21 13:54,6.372,0.096,0,0,0,0,v
2014-12-21 14:00,6.370,0.086,0,0,0,0,v
2014-12-21 14:06,6.338,0.085,0,0,0,0,v
2014-12-21 14:12,6.323,0.079,0,0,0,0,v
2014-12-21 14:18,6.317,0.077,0,0,0,0,v
2014-12-21 14:24,6.374,0.074,0,0,0,0,v
2014-12-21 14:30,6.321,0.066,0,0,0,0,v
2014-12-21 14:36,6.364,0.082,0,0,0,0,v
2014-12-21 14:42,6.392,0.080,0,0,0,0,v
2014-12-21 14:48,6.376,0.066,0,0,0,0,v
2014-12-21 14:54,6.360,0.081,0,0,0,0,v
2014-12-21 15:00,6.382,0.087,0,0,0,0,v
2014-12-21 15:06,6.413,0.097,0,0,0,0,v
2014-12-21 15:12,6.391,0.087,0,0,0,0,v
2014-12-21 15:18,6.408,0.085,0,0,0,0,v
2014-12-21 15:24,6.385,0.095,0,0,0,0,v
2014-12-21 15:30,6.405,0.090,0,0,0,0,v
2014-12-21 15:36,6.435,0.082,0,0,0,0,v
2014-12-21 15:42,6.478,0.079,0,0,0,0,v
2014-12-21 15:48,6.452,0.079,0,0,0,0,v
2014-12-21 15:54,6.455,0.084,0,0,0,0,v
2014-12-21 16:00,6.480,0.000,0,0,0,0,v
2014-12-21 16:06,6.502,0.086,0,0,0,0,v
2014-12-21 16:12,6.538,0.082,0,0,0,0,v
2014-12-21 16:18,6.533,0.085,0,0,0,0,v
2014-12-21 16:24,6.513,0.078,0,0,0,0,v
2014-12-21 16:30,6.528,0.086,0,0,0,0,v
2014-12-21 16:36,6.546,0.087,0,0,0,0,v
2014-12-21 16:42,6.551,0.079,0,0,0,0,v
2014-12-21 16:48,6.590,0.077,0,0,0,0,v
2014-12-21 16:54,6.579,0.075,0,0,0,0,v
2014-12-21 17:00,6.588,0.000,0,0,0,0,v
2014-12-21 17:06,6.603,0.078,0,0,0,0,v
2014-12-21 17:12,6.611,0.091,0,0,0,0,v
2014-12-21 17:18,6.589,0.090,0,0,0,0,v
2014-12-21 17:24,6.646,0.075,0,0,0,0,v
2014-12-21 17:30,6.652,0.075,0,0,0,0,v
2014-12-21 17:36,6.645,0.107,0,0,0,0,v
2014-12-21 17:42,6.673,0.083,0,0,0,0,v
2014-12-21 17:48,6.700,0.086,0,0,0,0,v
2014-12-21 17:54,6.688,0.086,0,0,0,0,v
2014-12-21 18:00,6.714,0.097,0,0,0,0,v
2014-12-21 18:06,6.734,0.000,0,0,0,0,v
2014-12-21 18:12,6.752,0.084,0,0,0,0,v
2014-12-21 18:18,6.733,0.067,0,0,0,0,v
2014-12-21 18:24,6.744,0.103,0,0,0,0,v
2014-12-21 18:30,6.743,0.088,0,0,0,0,v
2014-12-21 18:36,6.808,0.078,0,0,0,0,v
2014-12-21 18:42,6.789,0.079,0,0,0,0,v
2014-12-21 18:48,6.795,0.085,0,0,0,0,v
2014-12-21 18:54,6.835,0.000,0,0,0,0,v
2014-12-21 19:00,6.859,0.071,0,0,0,0,v
2014-12-21 19:06,6.841,0.092,0,0,0,0,v
2014-12-21 19:12,6.868,0.085,0,0,0,0,v
2014-12-21 19:18,6.865,0.091,0,0,0,0,v
2014-12-21 19:24,6.899,0.071,0,0,0,0,v
2014-12-21 19:30,6.909,0.077,0,0,0,0,v
2014-12-21 19:36,6.902,0.083,0,0,0,0,v
2014-12-21 19:42,6.918,0.088,0,0,0,0,v
2014-12-21 19:48,6.921,0.075,0,0,0,0,v
2014-12-21 19:54,6.936,0.103,0,0,0,0,v
2014-12-21 20:00,6.972,0.082,0,0,0,0,v
2014-12-21 20:06,6.977,0.086,0,0,0,0,v
2014-12-21 20:12,6.980,0.079,0,0,0,0,v
2014-12-21 20:18,6.988,0.095,0,0,0,0,v
2014-12-21 20:24,7.001,0.078,0,0,0,0,v
2014-12-21 20:30,6.988,0.081,0,0,0,0,v
2014-12-21 20:36,7.019,0.082,0,0,0,0,v
2014-12-21 20:42,7.018,0.076,0,0,0,0,v
2014-12-21 20:48,6.989,0.089,0,0,0,0,v
2014-12-21 20:54,7.027,0.079,0,0,0,0,v
2014-12-21 21:00,7.061,0.075,0,0,0,0,v
2014-12-21 21:06,7.041,0.084,0,0,0,0,v
2014-12-21 21:12,7.042,0.085,0,0,0,0,v
2014-12-21 21:18,7.068,0.083,0,0,0,0,v
2014-12-21 21:24,7.084,0.073,0,0,0,0,v
2014-12-21 21:30,7.081,0.077,0,0,0,0,v
2014-12-21 21:36,7.090,0.071,0,0,0,0,v
2014-12-21 21:42,7.083,0.073,0,0,0,0,v
2014-12-21 21:48,7.089,0.071,0,0,0,0,v
2014-12-21 21:54,7.096,0.079,0,0,0,0,v
2014-12-21 22:00,7.088,0.072,0,0,0,0,v
2014-12-21 22:06,7.091,0.078,0,0,0,0,v
2014-12-21 22:12,7.088,0.080,0,0,0,0,v
2014-12-21 22:18,7.092,0.078,0,0,0,0,v
2014-12-21 22:24,7.099,0.077,0,0,0,0,v
2014-12-21 22:30,7.096,0.082,0,0,0,0,v
2014-12-21 22:36,7.079,0.093,0,0,0,0,v
2014-12-21 22:42,7.089,0.000,0,0,0,0,v
2014-12-21 22:48,7.100,0.081,0,0,0,0,v
2014-12-21 22:54,7.091,0.065,0,0,0,0,v
2014-12-21 23:00,7.075,0.078,0,0,0,0,v
2014-12-21 23:06,7.101,0.074,0,0,0,0,v
2014-12-21 23:12,7.091,0.074,0,0,0,0,v
2014-12-21 23:18,7.079,0.063,0,0,0,0,v
2014-12-21 23:24,7.090,0.072,0,0,0,0,v
2014-12-21 23:30,7.063,0.074,0,0,0,0,v
2014-12-21 23:36,7.071,0.076,0,0,0,0,v
2014-12-21 23:42,7.071,0.061,0,0,0,0,v
2014-12-21 23:48,7.060,0.062,0,0,0,0,v
2014-12-21 23:54,7.075,0.067,0,0,0,0,v
2014-12-22 00:00,7.073,0.060,0,0,0,0,v
2014-12-22 00:06,7.054,0.067,0,0,0,0,v
2014-12-22 00:12,7.073,0.068,0,0,0,0,v
2014-12-22 00:18,7.070,0.071,0,0,0,0,v
2014-12-22 00:24,7.082,0.078,0,0,0,0,v
2014-12-22 00:30,7.054,0.079,0,0,0,0,v
2014-12-22 00:36,7.063,0.072,0,0,0,0,v
2014-12-22 00:42,7.048,0.082,0,0,0,0,v
2014-12-22 00:48,7.046,0.072,0,0,0,0,v
2014-12-22 00:54,7.063,0.076,0,0,0,0,v
2014-12-22 01:00,7.060,0.075,0,0,0,0,v
2014-12-22 01:06,7.055,0.067,0,0,0,0,v
2014-12-22 01:12,7.058,0.074,0,0,0,0,v
2014-12-22 01:18,7.061,0.074,0,0,0,0,v
2014-12-22 01:24,7.060,0.060,0,0,0,0,v
2014-12-22 01:30,7.024,0.064,0,0,0,0,v
2014-12-22 01:36,7.020,0.074,0,0,0,0,v
2014-12-22 01:42,7.049,0.077,0,0,0,0,v
2014-12-22 01:48,7.019,0.078,0,0,0,0,v
2014-12-22 01:54,7.019,0.067,0,0,0,0,v
2014-12-22 02:00,7.031,0.067,0,0,0,0,v
2014-12-22 02:06,7.034,0.072,0,0,0,0,v
2014-12-22 02:12,7.028,0.075,0,0,0,0,v
2014-12-22 02:18,7.040,0.069,0,0,0,0,v
2014-12-22 02:24,7.036,0.076,0,0,0,0,v
2014-12-22 02:30,7.033,0.076,0,0,0,0,v
2014-12-22 02:36,7.027,0.071,0,0,0,0,v
2014-12-22 02:42,7.011,0.076,0,0,0,0,v
2014-12-22 02:48,7.036,0.081,0,0,0,0,v
2014-12-22 02:54,7.017,0.065,0,0,0,0,v
2014-12-22 03:00,7.004,0.080,0,0,0,0,v
2014-12-22 03:06,7.003,0.065,0,0,0,0,v
2014-12-22 03:12,7.005,0.073,0,0,0,0,v
2014-12-22 03:18,7.012,0.072,0,0,0,0,v
2014-12-22 03:24,6.986,0.074,0,0,0,0,v
2014-12-22 03:30,6.997,0.064,0,0,0,0,v
2014-12-22 03:36,7.007,0.076,0,0,0,0,v
2014-12-22 03:42,7.012,0.077,0,0,0,0,v
2014-12-22 03:48,7.007,0.064,0,0,0,0,v
2014-12-22 03:54,6.989,0.082,0,0,0,0,v
2014-12-22 04:00,6.973,0.068,0,0,0,0,v
2014-12-22 04:06,6.958,0.062,0,0,0,0,v
2014-12-22 04:12,6.962,0.073,0,0,0,0,v
2014-12-22 04:18,6.967,0.065,0,0,0,0,v
2014-12-22 04:24,6.964,0.072,0,0,0,0,v
2014-12-22 04:30,6.941,0.066,0,0,0,0,v
2014-12-22 04:36,6.958,0.076,0,0,0,0,v
2014-12-22 04:42,6.969,0.065,0,0,0,0,v
2014-12-22 04:48,6.951,0.071,0,0,0,0,v
2014-12-22 04:54,6.965,0.067,0,0,0,0,v
2014-12-22 05:00,6.979,0.083,0,0,0,0,v
2014-12-22 05:06,7.005,0.071,0,0,0,0,v
2014-12-22 05:12,6.991,0.077,0,0,0,0,v
2014-12-22 05:18,6.985,0.081,0,0,0,0,v
2014-12-22 05:24,6.986,0.080,0,0,0,0,v
2014-12-22 05:30,6.997,0.074,0,0,0,0,v
2014-12-22 05:36,7.016,0.067,0,0,0,0,v
2014-12-22 05:42,6.980,0.069,0,0,0,0,v
2014-12-22 05:48,6.963,0.074,0,0,0,0,v
2014-12-22 05:54,6.961,0.062,0,0,0,0,v
2014-12-22 06:00,6.969,0.077,0,0,0,0,v
2014-12-22 06:06,6.971,0.068,0,0,0,0,v
2014-12-22 06:12,6.974,0.078,0,0,0,0,v
2014-12-22 06:18,6.958,0.072,0,0,0,0,v
2014-12-22 06:24,6.977,0.070,0,0,0,0,v
2014-12-22 06:30,6.978,0.066,0,0,0,0,v
2014-12-22 06:36,6.939,0.064,0,0,0,0,v
2014-12-22 06:42,6.948,0.071,0,0,0,0,v
2014-12-22 06:48,6.935,0.078,0,0,0,0,v
2014-12-22 06:54,6.933,0.070,0,0,0,0,v
2014-12-22 07:00,6.936,0.084,0,0,0,0,v
2014-12-22 07:06,6.939,0.062,0,0,0,0,v
2014-12-22 07:12,6.918,0.071,0,0,0,0,v
2014-12-22 07:18,6.910,0.073,0,0,0,0,v
2014-12-22 07:24,6.929,0.061,0,0,0,0,v
2014-12-22 07:30,6.917,0.073,0,0,0,0,v
2014-12-22 07:36,6.932,0.072,0,0,0,0,v
2014-12-22 07:42,6.898,0.065,0,0,0,0,v
2014-12-22 07:48,6.906,0.060,0,0,0,0,v
2014-12-22 07:54,6.922,0.078,0,0,0,0,v
2014-12-22 08:00,6.883,0.071,0,0,0,0,v
2014-12-22 08:06,6.887,0.071,0,0,0,0,v
2014-12-22 08:12,6.894,0.062,0,0,0,0,v
2014-12-22 08:18,6.905,0.074,0,0,0,0,v
2014-12-22 08:24,6.866,0.072,0,0,0,0,v
2014-12-22 08:30,6.862,0.072,0,0,0,0,v
2014-12-22 08:36,6.853,0.058,0,0,0,0,v
2014-12-22 08:42,6.847,0.075,0,0,0,0,v
2014-12-22 08:48,6.851,0.066,0,0,0,0,v
2014-12-22 08:54,6.846,0.061,0,0,0,0,v
2014-12-22 09:00,6.833,0.075,0,0,0,0,v
2014-12-22 09:06,6.833,0.000,0,0,0,0,v
2014-12-22 09:12,6.814,0.078,0,0,0,0,v
2014-12-22 09:18,6.783,0.077,0,0,0,0,v
2014-12-22 09:24,6.796,0.051,0,0,0,0,v
2014-12-22 09:30,6.794,0.072,0,0,0,0,v
2014-12-22 09:36,6.761,0.076,0,0,0,0,v
2014-12-22 09:42,6.734,0.073,0,0,0,0,v
2014-12-22 09:48,6.729,0.062,0,0,0,0,v
2014-12-22 09:54,6.739,0.069,0,0,0,0,v
2014-12-22 10:00,6.734,0.068,0,0,0,0,v
2014-12-22 10:06,6.692,0.074,0,0,0,0,v
2014-12-22 10:12,6.687,0.077,0,0,0,0,v
2014-12-22 10:18,6.677,0.071,0,0,0,0,v
2014-12-22 10:24,6.646,0.067,0,0,0,0,v
2014-12-22 10:30,6.638,0.064,0,0,0,0,v
2014-12-22 10:36,6.647,0.073,0,0,0,0,v
2014-12-22 10:42,6.619,0.069,0,0,0,0,v
2014-12-22 10:48,6.589,0.072,0,0,0,0,v
2014-12-22 10:54,6.589,0.066,0,0,0,0,v
2014-12-22 11:00,6.586,0.069,0,0,0,0,v
2014-12-22 11:06,6.586,0.064,0,0,0,0,v
2014-12-22 11:12,6.577,0.064,0,0,0,0,v
2014-12-22 11:18,6.559,0.066,0,0,0,0,v
2014-12-22 11:24,6.548,0.070,0,0,0,0,v
2014-12-22 11:30,6.577,0.068,0,0,0,0,v
2014-12-22 11:36,6.548,0.077,0,0,0,0,v
2014-12-22 11:42,6.531,0.062,0,0,0,0,v
2014-12-22 11:48,6.519,0.069,0,0,0,0,v
2014-12-22 11:54,6.487,0.053,0,0,0,0,v
2014-12-22 12:00,6.485,0.000,0,0,0,0,v
2014-12-22 12:06,6.490,0.065,0,0,0,0,v
2014-12-22 12:12,6.464,0.064,0,0,0,0,v
2014-12-22 12:18,6.468,0.059,0,0,0,0,v
2014-12-22 12:24,6.448,0.076,0,0,0,0,v
2014-12-22 12:30,6.459,0.076,0,0,0,0,v
2014-12-22 12:36,6.455,0.077,0,0,0,0,v
2014-12-22 12:42,6.442,0.073,0,0,0,0,v
2014-12-22 12:48,6.449,0.068,0,0,0,0,v
2014-12-22 12:54,6.478,0.070,0,0,0,0,v
2014-12-22 13:00,6.473,0.072,0,0,0,0,v
2014-12-22 13:06,6.425,0.069,0,0,0,0,v
2014-12-22 13:12,6.411,0.079,0,0,0,0,v
2014-12-22 13:18,6.441,0.071,0,0,0,0,v
2014-12-22 13:24,6.437,0.077,0,0,0,0,v
2014-12-22 13:30,6.454,0.069,0,0,0,0,v
2014-12-22 13:36,6.431,0.066,0,0,0,0,v
2014-12-22 13:42,6.429,0.070,0,0,0,0,v
2014-12-22 13:48,6.424,0.064,0,0,0,0,v
2014-12-22 13:54,6.423,0.065,0,0,0,0,v
2014-12-22 14:00,6.422,0.063,0,0,0,0,v
2014-12-22 14:06,6.426,0.076,0,0,0,0,v
2014-12-22 14:12,6.431,0.067,0,0,0,0,v
2014-12-22 14:18,6.426,0.079,0,0,0,0,v
2014-12-22 14:24,6.426,0.078,0,0,0,0,v
2014-12-22 14:30,6.422,0.075,0,0,0,0,v
2014-12-22 14:36,6.401,0.078,0,0,0,0,v
2014-12-22 14:42,6.425,0.069,0,0,0,0,v
2014-12-22 14:48,6.417,0.071,0,0,0,0,v
2014-12-22 14:54,6.414,0.069,0,0,0,0,v
2014-12-22 15:00,6.431,0.084,0,0,0,0,v
2014-12-22 15:06,6.443,0.062,0,0,0,0,v
2014-12-22 15:12,6.407,0.075,0,0,0,0,v
2014-12-22 15:18,6.411,0.075,0,0,0,0,v
2014-12-22 15:24,6.424,0.058,0,0,0,0,v
2014-12-22 15:30,6.407,0.074,0,0,0,0,v
2014-12-22 15:36,6.408,0.076,0,0,0,0,v
2014-12-22 15:42,6.442,0.063,0,0,0,0,v
2014-12-22 15:48,6.415,0.073,0,0,0,0,v
2014-12-22 15:54,6.418,0.083,0,0,0,0,v
2014-12-22 16:00,6.435,0.082,0,0,0,0,v
2014-12-22 16:06,6.430,0.062,0,0,0,0,v
2014-12-22 16:12,6.462,0.068,0,0,0,0,v
2014-12-22 16:18,6.439,0.067,0,0,0,0,v
2014-12-22 16:24,6.484,0.066,0,0,0,0,v
2014-12-22 16:30,6.498,0.066,0,0,0,0,v
2014-12-22 16:36,6.494,0.077,0,0,0,0,v
2014-12-22 16:42,6.487,0.067,0,0,0,0,v
2014-12-22 16:48,6.503,0.068,0,0,0,0,v
2014-12-22 16:54,6.521,0.071,0,0,0,0,v
2014-12-22 17:00,6.518,0.074,0,0,0,0,v
2014-12-22 17:06,6.521,0.066,0,0,0,0,v
2014-12-22 17:12,6.551,0.060,0,0,0,0,v
2014-12-22 17:18,6.563,0.058,0,0,0,0,v
2014-12-22 17:24,6.534,0.061,0,0,0,0,v
2014-12-22 17:30,6.590,0.069,0,0,0,0,v
2014-12-22 17:36,6.599,0.077,0,0,0,0,v
2014-12-22 17:42,6.601,0.062,0,0,0,0,v
2014-12-22 17:48,6.587,0.065,0,0,0,0,v
2014-12-22 17:54,6.613,0.070,0,0,0,0,v
2014-12-22 18:00,6.640,0.068,0,0,0,0,v
2014-12-22 18:06,6.655,0.061,0,0,0,0,v
2014-12-22 18:12,6.664,0.062,0,0,0,0,v
2014-12-22 18:18,6.665,0.056,0,0,0,0,v
2014-12-22 18:24,6.699,0.058,0,0,0,0,v
2014-12-22 18:30,6.688,0.067,0,0,0,0,v
2014-12-22 18:36,6.728,0.062,0,0,0,0,v
2014-12-22 18:42,6.747,0.056,0,0,0,0,v
2014-12-22 18:48,6.742,0.063,0,0,0,0,v
2014-12-22 18:54,6.759,0.055,0,0,0,0,v
2014-12-22 19:00,6.778,0.066,0,0,0,0,v
2014-12-22 19:06,6.787,0.064,0,0,0,0,v
2014-12-22 19:12,6.807,0.059,0,0,0,0,v
2014-12-22 19:18,6.825,0.068,0,0,0,0,v
2014-12-22 19:24,6.830,0.083,0,0,0,0,v
2014-12-22 19:30,6.841,0.060,0,0,0,0,v
2014-12-22 19:36,6.859,0.063,0,0,0,0,v
2014-12-22 19:42,6.872,0.066,0,0,0,0,v
2014-12-22 19:48,6.876,0.070,0,0,0,0,v
2014-12-22 19:54,6.867,0.073,0,0,0,0,v
2014-12-22 20:00,6.904,0.070,0,0,0,0,v
2014-12-22 20:06,6.919,0.059,0,0,0,0,v
2014-12-22 20:12,6.927,0.065,0,0,0,0,v
2014-12-22 20:18,6.952,0.062,0,0,0,0,v
2014-12-22 20:24,6.973,0.060,0,0,0,0,v
2014-12-22 20:30,6.989,0.063,0,0,0,0,v
2014-12-22 20:36,7.007,0.061,0,0,0,0,v
2014-12-22 20:42,6.998,0.057,0,0,0,0,v
2014-12-22 20:48,7.015,0.064,0,0,0,0,v
2014-12-22 20:54,7.028,0.058,0,0,0,0,v
2014-12-22 21:00,7.019,0.055,0,0,0,0,v
2014-12-22 21:06,7.037,0.067,0,0,0,0,v
2014-12-22 21:12,7.040,0.068,0,0,0,0,v
2014-12-22 21:18,7.047,0.072,0,0,0,0,v
2014-12-22 21:24,7.062,0.071,0,0,0,0,v
2014-12-22 21:30,7.061,0.060,0,0,0,0,v
2014-12-22 21:36,7.078,0.065,0,0,0,0,v
2014-12-22 21:42,7.077,0.060,0,0,0,0,v
2014-12-22 21:48,7.081,0.068,0,0,0,0,v
2014-12-22 21:54,7.084,0.061,0,0,0,0,v
2014-12-22 22:00,7.090,0.062,0,0,0,0,v
2014-12-22 22:06,7.099,0.000,0,0,0,0,v
2014-12-22 22:12,7.121,0.056,0,0,0,0,v
2014-12-22 22:18,7.123,0.062,0,0,0,0,v
2014-12-22 22:24,7.109,0.066,0,0,0,0,v
2014-12-22 22:30,7.109,0.000,0,0,0,0,v
2014-12-22 22:36,7.100,0.072,0,0,0,0,v
2014-12-22 22:42,7.105,0.068,0,0,0,0,v
2014-12-22 22:48,7.115,0.062,0,0,0,0,v
2014-12-22 22:54,7.128,0.061,0,0,0,0,v
2014-12-22 23:00,7.099,0.052,0,0,0,0,v
2014-12-22 23:06,7.097,0.067,0,0,0,0,v
2014-12-22 23:12,7.095,0.064,0,0,0,0,v
2014-12-22 23:18,7.108,0.055,0,0,0,0,v
2014-12-22 23:24,7.110,0.055,0,0,0,0,v
2014-12-22 23:30,7.115,0.062,0,0,0,0,v
2014-12-22 23:36,7.113,0.060,0,0,0,0,v
2014-12-22 23:42,7.110,0.068,0,0,0,0,v
2014-12-22 23:48,7.112,0.061,0,0,0,0,v
2014-12-22 23:54,7.112,0.061,0,0,0,0,v
2014-12-23 00:00,7.096,0.049,0,0,0,0,v
2014-12-23 00:06,7.085,0.061,0,0,0,0,v
2014-12-23 00:12,7.104,0.060,0,0,0,0,v
2014-12-23 00:18,7.111,0.059,0,0,0,0,v
2014-12-23 00:24,7.080,0.057,0,0,0,0,v
2014-12-23 00:30,7.088,0.057,0,0,0,0,v
2014-12-23 00:36,7.079,0.069,0,0,0,0,v
2014-12-23 00:42,7.100,0.050,0,0,0,0,v
2014-12-23 00:48,7.109,0.060,0,0,0,0,v
2014-12-23 00:54,7.114,0.056,0,0,0,0,v
2014-12-23 01:00,7.107,0.059,0,0,0,0,v
2014-12-23 01:06,7.080,0.051,0,0,0,0,v
2014-12-23 01:12,7.076,0.054,0,0,0,0,v
2014-12-23 01:18,7.075,0.060,0,0,0,0,v
2014-12-23 01:24,7.081,0.055,0,0,0,0,v
2014-12-23 01:30,7.082,0.052,0,0,0,0,v
2014-12-23 01:36,7.076,0.056,0,0,0,0,v
2014-12-23 01:42,7.062,0.056,0,0,0,0,v
2014-12-23 01:48,7.059,0.051,0,0,0,0,v
2014-12-23 01:54,7.050,0.057,0,0,0,0,v
2014-12-23 02:00,7.064,0.055,0,0,0,0,v
2014-12-23 02:06,7.066,0.000,0,0,0,0,v
2014-12-23 02:12,7.043,0.045,0,0,0,0,v
2014-12-23 02:18,7.041,0.050,0,0,0,0,v
2014-12-23 02:24,7.047,0.050,0,0,0,0,v
2014-12-23 02:30,7.042,0.062,0,0,0,0,v
2014-12-23 02:36,7.045,0.056,0,0,0,0,v
2014-12-23 02:42,7.024,0.051,0,0,0,0,v
2014-12-23 02:48,7.015,0.058,0,0,0,0,v
2014-12-23 02:54,7.013,0.057,0,0,0,0,v
2014-12-23 03:00,7.004,0.055,0,0,0,0,v
2014-12-23 03:06,7.036,0.057,0,0,0,0,v
2014-12-23 03:12,7.025,0.050,0,0,0,0,v
2014-12-23 03:18,7.038,0.046,0,0,0,0,v
2014-12-23 03:24,7.047,0.054,0,0,0,0,v
2014-12-23 03:30,7.020,0.061,0,0,0,0,v
2014-12-23 03:36,7.018,0.057,0,0,0,0,v
2014-12-23 03:42,7.042,0.057,0,0,0,0,v
2014-12-23 03:48,7.017,0.062,0,0,0,0,v
2014-12-23 03:54,7.026,0.061,0,0,0,0,v
2014-12-23 04:00,7.006,0.061,0,0,0,0,v
2014-12-23 04:06,6.995,0.068,0,0,0,0,v
2014-12-23 04:12,7.002,0.058,0,0,0,0,v
2014-12-23 04:18,6.993,0.065,0,0,0,0,v
2014-12-23 04:24,7.015,0.064,0,0,0,0,v
2014-12-23 04:30,6.998,0.066,0,0,0,0,v
2014-12-23 04:36,7.010,0.063,0,0,0,0,v
2014-12-23 04:42,6.989,0.059,0,0,0,0,v
2014-12-23 04:48,7.013,0.065,0,0,0,0,v
2014-12-23 04:54,7.007,0.074,0,0,0,0,v
2014-12-23 05:00,6.987,0.066,0,0,0,0,v
2014-12-23 05:06,6.984,0.062,0,0,0,0,v
2014-12-23 05:12,6.993,0.061,0,0,0,0,v
2014-12-23 05:18,6.982,0.067,0,0,0,0,v
2014-12-23 05:24,6.950,0.065,0,0,0,0,v
2014-12-23 05:30,6.962,0.068,0,0,0,0,v
2014-12-23 05:36,6.966,0.070,0,0,0,0,v
2014-12-23 05:42,6.964,0.071,0,0,0,0,v
2014-12-23 05:48,6.974,0.060,0,0,0,0,v
2014-12-23 05:54,6.970,0.055,0,0,0,0,v
2014-12-23 06:00,6.985,0.060,0,0,0,0,v
2014-12-23 06:06,6.972,0.060,0,0,0,0,v
2014-12-23 06:12,6.979,0.055,0,0,0,0,v
2014-12-23 06:18,6.973,0.064,0,0,0,0,v
2014-12-23 06:24,6.950,0.063,0,0,0,0,v
2014-12-23 06:30,6.946,0.053,0,0,0,0,v
2014-12-23 06:36,6.920,0.064,0,0,0,0,v
2014-12-23 06:42,6.919,0.057,0,0,0,0,v
2014-12-23 06:48,6.935,0.062,0,0,0,0,v
2014-12-23 06:54,6.929,0.053,0,0,0,0,v
2014-12-23 07:00,6.928,0.054,0,0,0,0,v
2014-12-23 07:06,6.943,0.056,0,0,0,0,v
2014-12-23 07:12,6.920,0.059,0,0,0,0,v
2014-12-23 07:18,6.900,0.067,0,0,0,0,v
2014-12-23 07:24,6.913,0.053,0,0,0,0,v
2014-12-23 07:30,6.913,0.062,0,0,0,0,v
2014-12-23 07:36,6.902,0.064,0,0,0,0,v
2014-12-23 07:42,6.912,0.057,0,0,0,0,v
2014-12-23 07:48,6.914,0.060,0,0,0,0,v
2014-12-23 07:54,6.888,0.056,0,0,0,0,v
2014-12-23 08:00,6.903,0.064,0,0,0,0,v
2014-12-23 08:06,6.903,0.062,0,0,0,0,v
2014-12-23 08:12,6.890,0.060,0,0,0,0,v
2014-12-23 08:18,6.868,0.062,0,0,0,0,v
2014-12-23 08:24,6.896,0.060,0,0,0,0,v
2014-12-23 08:30,6.883,0.071,0,0,0,0,v
2014-12-23 08:36,6.864,0.058,0,0,0,0,v
2014-12-23 08:42,6.845,0.063,0,0,0,0,v
2014-12-23 08:48,6.854,0.063,0,0,0,0,v
2014-12-23 08:54,6.882,0.060,0,0,0,0,v
2014-12-23 09:00,6.871,0.064,0,0,0,0,v
2014-12-23 09:06,6.875,0.056,0,0,0,0,v
2014-12-23 09:12,6.858,0.000,0,0,0,0,v
2014-12-23 09:18,6.856,0.063,0,0,0,0,v
2014-12-23 09:24,6.839,0.068,0,0,0,0,v
2014-12-23 09:30,6.805,0.066,0,0,0,0,v
2014-12-23 09:36,6.817,0.060,0,0,0,0,v
2014-12-23 09:42,6.804,0.068,0,0,0,0,v
2014-12-23 09:48,6.788,0.062,0,0,0,0,v
2014-12-23 09:54,6.793,0.053,0,0,0,0,v
2014-12-23 10:00,6.776,0.065,0,0,0,0,v
2014-12-23 10:06,6.762,0.067,0,0,0,0,v
2014-12-23 10:12,6.756,0.070,0,0,0,0,v
2014-12-23 10:18,6.758,0.066,0,0,0,0,v
2014-12-23 10:24,6.737,0.066,0,0,0,0,v
2014-12-23 10:30,6.750,0.073,0,0,0,0,v
2014-12-23 10:36,6.727,0.066,0,0,0,0,v
2014-12-23 10:42,6.692,0.060,0,0,0,0,v
2014-12-23 10:48,6.675,0.074,0,0,0,0,v
2014-12-23 10:54,6.695,0.061,0,0,0,0,v
2014-12-23 11:00,6.688,0.061,0,0,0,0,v
2014-12-23 11:06,6.699,0.076,0,0,0,0,v
2014-12-23 11:12,6.695,0.076,0,0,0,0,v
2014-12-23 11:18,6.688,0.076,0,0,0,0,v
2014-12-23 11:24,6.645,0.069,0,0,0,0,v
2014-12-23 11:30,6.633,0.070,0,0,0,0,v
2014-12-23 11:36,6.606,0.000,0,0,0,0,v
2014-12-23 11:42,6.616,0.064,0,0,0,0,v
2014-12-23 11:48,6.586,0.077,0,0,0,0,v
2014-12-23 11:54,6.600,0.075,0,0,0,0,v
2014-12-23 12:00,6.582,0.095,0,0,0,0,v
2014-12-23 12:06,6.590,0.071,0,0,0,0,v
2014-12-23 12:12,6.578,0.063,0,0,0,0,v
2014-12-23 12:18,6.569,0.079,0,0,0,0,v
2014-12-23 12:24,6.561,0.074,0,0,0,0,v
2014-12-23 12:30,6.539,0.078,0,0,0,0,v
2014-12-23 12:36,6.522,0.067,0,0,0,0,v
2014-12-23 12:42,6.502,0.072,0,0,0,0,v
2014-12-23 12:48,6.505,0.073,0,0,0,0,v
2014-12-23 12:54,6.479,0.077,0,0,0,0,v
2014-12-23 13:00,6.470,0.096,0,0,0,0,v
2014-12-23 13:06,6.466,0.080,0,0,0,0,v
2014-12-23 13:12,6.475,0.066,0,0,0,0,v
2014-12-23 13:18,6.475,0.079,0,0,0,0,v
2014-12-23 13:24,6.450,0.074,0,0,0,0,v
2014-12-23 13:30,6.463,0.065,0,0,0,0,v
2014-12-23 13:36,6.444,0.092,0,0,0,0,v
2014-12-23 13:42,6.430,0.072,0,0,0,0,v
2014-12-23 13:48,6.421,0.082,0,0,0,0,v
2014-12-23 13:54,6.420,0.083,0,0,0,0,v
2014-12-23 14:00,6.394,0.087,0,0,0,0,v
2014-12-23 14:06,6.400,0.080,0,0,0,0,v
2014-12-23 14:12,6.392,0.088,0,0,0,0,v
2014-12-23 14:18,6.387,0.097,0,0,0,0,v
2014-12-23 14:24,6.380,0.070,0,0,0,0,v
2014-12-23 14:30,6.356,0.086,0,0,0,0,v
2014-12-23 14:36,6.363,0.078,0,0,0,0,v
2014-12-23 14:42,6.368,0.075,0,0,0,0,v
2014-12-23 14:48,6.350,0.080,0,0,0,0,v
2014-12-23 14:54,6.337,0.086,0,0,0,0,v
2014-12-23 15:00,6.356,0.084,0,0,0,0,v
2014-12-23 15:06,6.353,0.076,0,0,0,0,v
2014-12-23 15:12,6.351,0.076,0,0,0,0,v
2014-12-23 15:18,6.355,0.077,0,0,0,0,v
2014-12-23 15:24,6.327,0.058,0,0,0,0,v
2014-12-23 15:30,6.351,0.066,0,0,0,0,v
2014-12-23 15:36,6.346,0.072,0,0,0,0,v
2014-12-23 15:42,6.367,0.067,0,0,0,0,v
2014-12-23 15:48,6.372,0.082,0,0,0,0,v
2014-12-23 15:54,6.368,0.081,0,0,0,0,v
2014-12-23 16:00,6.358,0.083,0,0,0,0,v
2014-12-23 16:06,6.362,0.078,0,0,0,0,v
2014-12-23 16:12,6.366,0.069,0,0,0,0,v
2014-12-23 16:18,6.384,0.074,0,0,0,0,v
2014-12-23 16:24,6.395,0.073,0,0,0,0,v
2014-12-23 16:30,6.381,0.065,0,0,0,0,v
2014-12-23 16:36,6.409,0.078,0,0,0,0,v
2014-12-23 16:42,6.420,0.068,0,0,0,0,v
2014-12-23 16:48,6.401,0.078,0,0,0,0,v
2014-12-23 16:54,6.393,0.076,0,0,0,0,v
2014-12-23 17:00,6.412,0.064,0,0,0,0,v
2014-12-23 17:06,6.428,0.072,0,0,0,0,v
2014-12-23 17:12,6.440,0.073,0,0,0,0,v
2014-12-23 17:18,6.439,0.067,0,0,0,0,v
2014-12-23 17:24,6.458,0.069,0,0,0,0,v
2014-12-23 17:30,6.442,0.075,0,0,0,0,v
2014-12-23 17:36,6.454,0.047,0,0,0,0,v
2014-12-23 17:42,6.439,0.072,0,0,0,0,v
2014-12-23 17:48,6.482,0.070,0,0,0,0,v
2014-12-23 17:54,6.496,0.071,0,0,0,0,v
2014-12-23 18:00,6.542,0.062,0,0,0,0,v
2014-12-23 18:06,6.518,0.066,0,0,0,0,v
2014-12-23 18:12,6.528,0.069,0,0,0,0,v
2014-12-23 18:18,6.531,0.061,0,0,0,0,v
2014-12-23 18:24,6.549,0.064,0,0,0,0,v
2014-12-23 18:30,6.569,0.060,0,0,0,0,v
2014-12-23 18:36,6.554,0.069,0,0,0,0,v
2014-12-23 18:42,6.551,0.072,0,0,0,0,v
2014-12-23 18:48,6.593,0.065,0,0,0,0,v
2014-12-23 18:54,6.609,0.060,0,0,0,0,v
2014-12-23 19:00,6.613,0.000,0,0,0,0,v
2014-12-23 19:06,6.665,0.056,0,0,0,0,v
2014-12-23 19:12,6.651,0.055,0,0,0,0,v
2014-12-23 19:18,6.649,0.059,0,0,0,0,v
2014-12-23 19:24,6.659,0.048,0,0,0,0,v
2014-12-23 19:30,6.658,0.063,0,0,0,0,v
2014-12-23 19:36,6.653,0.052,0,0,0,0,v
2014-12-23 19:42,6.681,0.063,0,0,0,0,v
2014-12-23 19:48,6.702,0.056,0,0,0,0,v
2014-12-23 19:54,6.708,0.055,0,0,0,0,v
2014-12-23 20:00,6.698,0.063,0,0,0,0,v
2014-12-23 20:06,6.708,0.051,0,0,0,0,v
2014-12-23 20:12,6.740,0.051,0,0,0,0,v
2014-12-23 20:18,6.744,0.056,0,0,0,0,v
2014-12-23 20:24,6.788,0.053,0,0,0,0,v
2014-12-23 20:30,6.806,0.057,0,0,0,0,v
2014-12-23 20:36,6.799,0.053,0,0,0,0,v
2014-12-23 20:42,6.807,0.050,0,0,0,0,v
2014-12-23 20:48,6.794,0.056,0,0,0,0,v
2014-12-23 20:54,6.809,0.049,0,0,0,0,v
2014-12-23 21:00,6.843,0.057,0,0,0,0,v
2014-12-23 21:06,6.832,0.047,0,0,0,0,v
2014-12-23 21:12,6.843,0.058,0,0,0,0,v
2014-12-23 21:18,6.838,0.051,0,0,0,0,v
2014-12-23 21:24,6.879,0.052,0,0,0,0,v
2014-12-23 21:30,6.924,0.057,0,0,0,0,v
2014-12-23 21:36,6.950,0.060,0,0,0,0,v
2014-12-23 21:42,6.953,0.052,0,0,0,0,v
2014-12-23 21:48,6.959,0.060,0,0,0,0,v
2014-12-23 21:54,6.950,0.058,0,0,0,0,v
2014-12-23 22:00,6.940,0.068,0,0,0,0,v
2014-12-23 22:06,6.936,0.064,0,0,0,0,v
2014-12-23 22:12,6.963,0.064,0,0,0,0,v
2014-12-23 22:18,6.942,0.055,0,0,0,0,v
2014-12-23 22:24,6.974,0.063,0,0,0,0,v
2014-12-23 22:30,6.994,0.063,0,0,0,0,v
2014-12-23 22:36,6.993,0.065,0,0,0,0,v
2014-12-23 22:42,6.974,0.058,0,0,0,0,v
2014-12-23 22:48,6.961,0.058,0,0,0,0,v
2014-12-23 22:54,6.971,0.057,0,0,0,0,v
2014-12-23 23:00,6.959,0.051,0,0,0,0,v
2014-12-23 23:06,6.945,0.056,0,0,0,0,v
2014-12-23 23:12,6.903,0.054,0,0,0,0,v
2014-12-23 23:18,6.896,0.056,0,0,0,0,v
2014-12-23 23:24,6.947,0.054,0,0,0,0,v
2014-12-23 23:30,6.970,0.059,0,0,0,0,v
2014-12-23 23:36,6.985,0.000,0,0,0,0,v
2014-12-23 23:42,6.957,0.062,0,0,0,0,v
2014-12-23 23:48,6.953,0.059,0,0,0,0,v
2014-12-23 23:54,6.980,0.055,0,0,0,0,v
2014-12-24 00:00,6.996,0.060,0,0,0,0,v
2014-12-24 00:06,7.037,0.062,0,0,0,0,v
2014-12-24 00:12,7.025,0.068,0,0,0,0,v
2014-12-24 00:18,7.010,0.058,0,0,0,0,v
2014-12-24 00:24,7.020,0.064,0,0,0,0,v
2014-12-24 00:30,7.009,0.074,0,0,0,0,v
2014-12-24 00:36,7.030,0.060,0,0,0,0,v
2014-12-24 00:42,7.043,0.061,0,0,0,0,v
2014-12-24 00:48,7.045,0.067,0,0,0,0,v
2014-12-24 00:54,6.992,0.000,0,0,0,0,v
2014-12-24 01:00,6.938,0.063,0,0,0,0,v
2014-12-24 01:06,6.917,0.063,0,0,0,0,v
2014-12-24 01:12,6.924,0.049,0,0,0,0,v
2014-12-24 01:18,6.942,0.063,0,0,0,0,v
2014-12-24 01:24,6.942,0.062,0,0,0,0,v
2014-12-24 01:30,6.947,0.061,0,0,0,0,v
2014-12-24 01:36,6.931,0.064,0,0,0,0,v
2014-12-24 01:42,6.934,0.061,0,0,0,0,v
2014-12-24 01:48,6.903,0.063,0,0,0,0,v
2014-12-24 01:54,6.928,0.063,0,0,0,0,v
2014-12-24 02:00,6.935,0.061,0,0,0,0,v
2014-12-24 02:06,6.938,0.057,0,0,0,0,v
2014-12-24 02:12,6.919,0.060,0,0,0,0,v
2014-12-24 02:18,6.891,0.059,0,0,0,0,v
2014-12-24 02:24,6.861,0.071,0,0,0,0,v
2014-12-24 02:30,6.892,0.057,0,0,0,0,v
2014-12-24 02:36,6.900,0.067,0,0,0,0,v
2014-12-24 02:42,6.925,0.064,0,0,0,0,v
2014-12-24 02:48,6.938,0.055,0,0,0,0,v
2014-12-24 02:54,6.935,0.070,0,0,0,0,v
2014-12-24 03:00,6.939,0.072,0,0,0,0,v
2014-12-24 03:06,6.936,0.063,0,0,0,0,v
2014-12-24 03:12,6.939,0.060,0,0,0,0,v
2014-12-24 03:18,6.900,0.000,0,0,0,0,v
2014-12-24 03:24,6.926,0.061,0,0,0,0,v
2014-12-24 03:30,6.928,0.054,0,0,0,0,v
2014-12-24 03:36,6.919,0.057,0,0,0,0,v
2014-12-24 03:42,6.940,0.060,0,0,0,0,v
2014-12-24 03:48,6.971,0.057,0,0,0,0,v
2014-12-24 03:54,6.942,0.060,0,0,0,0,v
2014-12-24 04:00,6.893,0.053,0,0,0,0,v
2014-12-24 04:06,6.865,0.056,0,0,0,0,v
2014-12-24 04:12,6.877,0.063,0,0,0,0,v
2014-12-24 04:18,6.853,0.057,0,0,0,0,v
2014-12-24 04:24,6.836,0.056,0,0,0,0,v
2014-12-24 04:30,6.826,0.054,0,0,0,0,v
2014-12-24 04:36,6.805,0.059,0,0,0,0,v
2014-12-24 04:42,6.834,0.059,0,0,0,0,v
2014-12-24 04:48,6.829,0.050,0,0,0,0,v
2014-12-24 04:54,6.851,0.053,0,0,0,0,v
2014-12-24 05:00,6.837,0.052,0,0,0,0,v
2014-12-24 05:06,6.846,0.049,0,0,0,0,v
2014-12-24 05:12,6.873,0.047,0,0,0,0,v
2014-12-24 05:18,6.860,0.042,0,0,0,0,v
2014-12-24 05:24,6.832,0.055,0,0,0,0,v
2014-12-24 05:30,6.804,0.055,0,0,0,0,v
2014-12-24 05:36,6.826,0.056,0,0,0,0,v
2014-12-24 05:42,6.808,0.048,0,0,0,0,v
2014-12-24 05:48,6.827,0.055,0,0,0,0,v
2014-12-24 05:54,6.827,0.044,0,0,0,0,v
2014-12-24 06:00,6.788,0.047,0,0,0,0,v
2014-12-24 06:06,6.741,0.049,0,0,0,0,v
2014-12-24 06:12,6.759,0.047,0,0,0,0,v
2014-12-24 06:18,6.740,0.040,0,0,0,0,v
2014-12-24 06:24,6.698,0.050,0,0,0,0,v
2014-12-24 06:30,6.701,0.046,0,0,0,0,v
2014-12-24 06:36,6.710,0.046,0,0,0,0,v
2014-12-24 06:42,6.713,0.051,0,0,0,0,v
2014-12-24 06:48,6.739,0.042,0,0,0,0,v
2014-12-24 06:54,6.754,0.050,0,0,0,0,v
2014-12-24 07:00,6.741,0.045,0,0,0,0,v
2014-12-24 07:06,6.756,0.040,0,0,0,0,v
2014-12-24 07:12,6.759,0.045,0,0,0,0,v
2014-12-24 07:18,6.762,0.041,0,0,0,0,v
2014-12-24 07:24,6.768,0.038,0,0,0,0,v
2014-12-24 07:30,6.737,0.041,0,0,0,0,v
2014-12-24 07:36,6.755,0.043,0,0,0,0,v
2014-12-24 07:42,6.784,0.045,0,0,0,0,v
2014-12-24 07:48,6.777,0.043,0,0,0,0,v
2014-12-24 07:54,6.768,0.043,0,0,0,0,v
2014-12-24 08:00,6.770,0.039,0,0,0,0,v
2014-12-24 08:06,6.772,0.041,0,0,0,0,v
2014-12-24 08:12,6.818,0.039,0,0,0,0,v
2014-12-24 08:18,6.802,0.038,0,0,0,0,v
2014-12-24 08:24,6.773,0.036,0,0,0,0,v
2014-12-24 08:30,6.770,0.035,0,0,0,0,v
2014-12-24 08:36,6.772,0.041,0,0,0,0,v
2014-12-24 08:42,6.768,0.035,0,0,0,0,v
2014-12-24 08:48,6.767,0.036,0,0,0,0,v
2014-12-24 08:54,6.736,0.036,0,0,0,0,v
2014-12-24 09:00,6.742,0.035,0,0,0,0,v
2014-12-24 09:06,6.735,0.036,0,0,0,0,v
2014-12-24 09:12,6.718,0.035,0,0,0,0,v
2014-12-24 09:18,6.738,0.033,0,0,0,0,v
2014-12-24 09:24,6.746,0.037,0,0,0,0,v
2014-12-24 09:30,6.718,0.035,0,0,0,0,v
2014-12-24 09:36,6.704,0.027,0,0,0,0,v
2014-12-24 09:42,6.696,0.031,0,0,0,0,v
2014-12-24 09:48,6.698,0.034,0,0,0,0,v
2014-12-24 09:54,6.692,0.030,0,0,0,0,v
2014-12-24 10:00,6.678,0.033,0,0,0,0,v
2014-12-24 10:06,6.657,0.034,0,0,0,0,v
2014-12-24 10:12,6.659,0.000,0,0,0,0,v
2014-12-24 10:18,6.664,0.033,0,0,0,0,v
2014-12-24 10:24,6.678,0.035,0,0,0,0,v
2014-12-24 10:30,6.677,0.029,0,0,0,0,v
2014-12-24 10:36,6.636,0.000,0,0,0,0,v
2014-12-24 10:42,6.602,0.031,0,0,0,0,v
2014-12-24 10:48,6.614,0.033,0,0,0,0,v
2014-12-24 10:54,6.601,0.030,0,0,0,0,v
2014-12-24 11:00,6.595,0.029,0,0,0,0,v
2014-12-24 11:06,6.542,0.031,0,0,0,0,v
2014-12-24 11:12,6.533,0.034,0,0,0,0,v
2014-12-24 11:18,6.503,0.000,0,0,0,0,v
2014-12-24 11:24,6.515,0.036,0,0,0,0,v
2014-12-24 11:30,6.487,0.030,0,0,0,0,v
2014-12-24 11:36,6.467,0.028,0,0,0,0,v
2014-12-24 11:42,6.428,0.033,0,0,0,0,v
2014-12-24 11:48,6.425,0.024,0,0,0,0,v
2014-12-24 11:54,6.429,0.034,0,0,0,0,v
2014-12-24 12:00,6.414,0.031,0,0,0,0,v
2014-12-24 12:06,6.449,0.035,0,0,0,0,v
2014-12-24 12:12,6.474,0.029,0,0,0,0,v
2014-12-24 12:18,6.463,0.033,0,0,0,0,v
2014-12-24 12:24,6.422,0.031,0,0,0,0,v
2014-12-24 12:30,6.428,0.030,0,0,0,0,v
2014-12-24 12:36,6.447,0.036,0,0,0,0,v
2014-12-24 12:42,6.443,0.029,0,0,0,0,v
2014-12-24 12:48,6.477,0.000,0,0,0,0,v
2014-12-24 12:54,6.448,0.035,0,0,0,0,v
2014-12-24 13:00,6.429,0.037,0,0,0,0,v
2014-12-24 13:06,6.385,0.000,0,0,0,0,v
2014-12-24 13:12,6.416,0.029,0,0,0,0,v
2014-12-24 13:18,6.398,0.030,0,0,0,0,v
2014-12-24 13:24,6.378,0.029,0,0,0,0,v
2014-12-24 13:30,6.379,0.032,0,0,0,0,v
2014-12-24 13:36,6.359,0.034,0,0,0,0,v
2014-12-24 13:42,6.351,0.035,0,0,0,0,v
2014-12-24 13:48,6.344,0.036,0,0,0,0,v
2014-12-24 13:54,6.305,0.034,0,0,0,0,v
2014-12-24 14:00,6.323,0.032,0,0,0,0,v
2014-12-24 14:06,6.334,0.036,0,0,0,0,v
2014-12-24 14:12,6.298,0.000,0,0,0,0,v
2014-12-24 14:18,6.277,0.038,0,0,0,0,v
2014-12-24 14:24,6.271,0.035,0,0,0,0,v
2014-12-24 14:30,6.265,0.038,0,0,0,0,v
2014-12-24 14:36,6.235,0.029,0,0,0,0,v
2014-12-24 14:42,6.233,0.032,0,0,0,0,v
2014-12-24 14:48,6.219,0.029,0,0,0,0,v
2014-12-24 14:54,6.208,0.038,0,0,0,0,v
2014-12-24 15:00,6.222,0.035,0,0,0,0,v
2014-12-24 15:06,6.170,0.036,0,0,0,0,v
2014-12-24 15:12,6.150,0.030,0,0,0,0,v
2014-12-24 15:18,6.132,0.040,0,0,0,0,v
2014-12-24 15:24,6.128,0.036,0,0,0,0,v
2014-12-24 15:30,6.148,0.041,0,0,0,0,v
2014-12-24 15:36,6.166,0.032,0,0,0,0,v
2014-12-24 15:42,6.133,0.033,0,0,0,0,v
2014-12-24 15:48,6.136,0.037,0,0,0,0,v
2014-12-24 15:54,6.139,0.000,0,0,0,0,v
2014-12-24 16:00,6.119,0.042,0,0,0,0,v
2014-12-24 16:06,6.125,0.032,0,0,0,0,v
2014-12-24 16:12,6.171,0.000,0,0,0,0,v
2014-12-24 16:18,6.178,0.036,0,0,0,0,v
2014-12-24 16:24,6.157,0.037,0,0,0,0,v
2014-12-24 16:30,6.178,0.042,0,0,0,0,v
2014-12-24 16:36,6.164,0.039,0,0,0,0,v
2014-12-24 16:42,6.177,0.044,0,0,0,0,v
2014-12-24 16:48,6.166,0.041,0,0,0,0,v
2014-12-24 16:54,6.150,0.036,0,0,0,0,v
2014-12-24 17:00,6.166,0.036,0,0,0,0,v
2014-12-24 17:06,6.178,0.041,0,0,0,0,v
2014-12-24 17:12,6.165,0.037,0,0,0,0,v
2014-12-24 17:18,6.141,0.043,0,0,0,0,v
2014-12-24 17:24,6.147,0.051,0,0,0,0,v
2014-12-24 17:30,6.146,0.045,0,0,0,0,v
2014-12-24 17:36,6.183,0.044,0,0,0,0,v
2014-12-24 17:42,6.167,0.036,0,0,0,0,v
2014-12-24 17:48,6.157,0.044,0,0,0,0,v
2014-12-24 17:54,6.207,0.039,0,0,0,0,v
2014-12-24 18:00,6.192,0.041,0,0,0,0,v
2014-12-24 18:06,6.198,0.046,0,0,0,0,v
2014-12-24 18:12,6.203,0.000,0,0,0,0,v
2014-12-24 18:18,6.248,0.040,0,0,0,0,v
2014-12-24 18:24,6.244,0.030,0,0,0,0,v
2014-12-24 18:30,6.257,0.047,0,0,0,0,v
2014-12-24 18:36,6.275,0.035,0,0,0,0,v
2014-12-24 18:42,6.251,0.048,0,0,0,0,v
2014-12-24 18:48,6.264,0.048,0,0,0,0,v
2014-12-24 18:54,6.263,0.046,0,0,0,0,v
2014-12-24 19:00,6.291,0.034,0,0,0,0,v
2014-12-24 19:06,6.307,0.036,0,0,0,0,v
2014-12-24 19:12,6.333,0.040,0,0,0,0,v
2014-12-24 19:18,6.357,0.039,0,0,0,0,v
2014-12-24 19:24,6.372,0.047,0,0,0,0,v
2014-12-24 19:30,6.387,0.000,0,0,0,0,v
2014-12-24 19:36,6.410,0.041,0,0,0,0,v
2014-12-24 19:42,6.410,0.042,0,0,0,0,v
2014-12-24 19:48,6.413,0.033,0,0,0,0,v
2014-12-24 19:54,6.430,0.036,0,0,0,0,v
2014-12-24 20:00,6.450,0.033,0,0,0,0,v
2014-12-24 20:06,6.448,0.040,0,0,0,0,v
2014-12-24 20:12,6.452,0.041,0,0,0,0,v
2014-12-24 20:18,6.479,0.037,0,0,0,0,v
2014-12-24 20:24,6.469,0.038,0,0,0,0,v
2014-12-24 20:30,6.452,0.044,0,0,0,0,v
2014-12-24 20:36,6.464,0.029,0,0,0,0,v
2014-12-24 20:42,6.508,0.039,0,0,0,0,v
2014-12-24 20:48,6.519,0.036,0,0,0,0,v
2014-12-24 20:54,6.536,0.032,0,0,0,0,v
2014-12-24 21:00,6.589,0.000,0,0,0,0,v
2014-12-24 21:06,6.599,0.034,0,0,0,0,v
2014-12-24 21:12,6.596,0.000,0,0,0,0,v
2014-12-24 21:18,6.587,0.040,0,0,0,0,v
2014-12-24 21:24,6.595,0.045,0,0,0,0,v
2014-12-24 21:30,6.610,0.039,0,0,0,0,v
2014-12-24 21:36,6.596,0.037,0,0,0,0,v
2014-12-24 21:42,6.602,0.038,0,0,0,0,v
2014-12-24 21:48,6.613,0.000,0,0,0,0,v
2014-12-24 21:54,6.646,0.044,0,0,0,0,v
2014-12-24 22:00,6.664,0.000,0,0,0,0,v
2014-12-24 22:06,6.654,0.036,0,0,0,0,v
2014-12-24 22:12,6.669,0.032,0,0,0,0,v
2014-12-24 22:18,6.696,0.033,0,0,0,0,v
2014-12-24 22:24,6.684,0.040,0,0,0,0,v
2014-12-24 22:30,6.674,0.030,0,0,0,0,v
2014-12-24 22:36,6.698,0.000,0,0,0,0,v
2014-12-24 22:42,6.723,0.048,0,0,0,0,v
2014-12-24 22:48,6.715,0.028,0,0,0,0,v
2014-12-24 22:54,6.712,0.039,0,0,0,0,v
2014-12-24 23:00,6.706,0.037,0,0,0,0,v
2014-12-24 23:06,6.703,0.049,0,0,0,0,v
2014-12-24 23:12,6.722,0.031,0,0,0,0,v
2014-12-24 23:18,6.742,0.032,0,0,0,0,v
2014-12-24 23:24,6.753,0.038,0,0,0,0,v
2014-12-24 23:30,6.776,0.035,0,0,0,0,v
2014-12-24 23:36,6.756,0.000,0,0,0,0,v
2014-12-24 23:42,6.720,0.036,0,0,0,0,v
2014-12-24 23:48,6.715,0.038,0,0,0,0,v
2014-12-24 23:54,6.717,0.032,0,0,0,0,v
2014-12-25 00:00,6.751,0.042,0,0,0,0,v
2014-12-25 00:06,6.766,0.036,0,0,0,0,v
2014-12-25 00:12,6.760,0.041,0,0,0,0,v
2014-12-25 00:18,6.743,0.037,0,0,0,0,v
2014-12-25 00:24,6.734,0.035,0,0,0,0,v
2014-12-25 00:30,6.758,0.029,0,0,0,0,v
2014-12-25 00:36,6.747,0.036,0,0,0,0,v
2014-12-25 00:42,6.766,0.036,0,0,0,0,v
2014-12-25 00:48,6.776,0.035,0,0,0,0,v
2014-12-25 00:54,6.780,0.035,0,0,0,0,v
2014-12-25 01:00,6.786,0.048,0,0,0,0,v
2014-12-25 01:06,6.768,0.042,0,0,0,0,v
2014-12-25 01:12,6.766,0.031,0,0,0,0,v
2014-12-25 01:18,6.759,0.030,0,0,0,0,v
2014-12-25 01:24,6.786,0.037,0,0,0,0,v
2014-12-25 01:30,6.762,0.045,0,0,0,0,v
2014-12-25 01:36,6.750,0.032,0,0,0,0,v
2014-12-25 01:42,6.742,0.032,0,0,0,0,v
2014-12-25 01:48,6.714,0.040,0,0,0,0,v
2014-12-25 01:54,6.726,0.036,0,0,0,0,v
2014-12-25 02:00,6.733,0.036,0,0,0,0,v
2014-12-25 02:06,6.727,0.030,0,0,0,0,v
2014-12-25 02:12,6.732,0.038,0,0,0,0,v
2014-12-25 02:18,6.715,0.043,0,0,0,0,v
2014-12-25 02:24,6.708,0.029,0,0,0,0,v
2014-12-25 02:30,6.685,0.036,0,0,0,0,v
2014-12-25 02:36,6.679,0.033,0,0,0,0,v
2014-12-25 02:42,6.659,0.035,0,0,0,0,v
2014-12-25 02:48,6.696,0.034,0,0,0,0,v
2014-12-25 02:54,6.666,0.038,0,0,0,0,v
2014-12-25 03:00,6.656,0.027,0,0,0,0,v
2014-12-25 03:06,6.659,0.038,0,0,0,0,v
2014-12-25 03:12,6.646,0.031,0,0,0,0,v
2014-12-25 03:18,6.654,0.035,0,0,0,0,v
2014-12-25 03:24,6.652,0.035,0,0,0,0,v
2014-12-25 03:30,6.652,0.031,0,0,0,0,v
2014-12-25 03:36,6.624,0.028,0,0,0,0,v
2014-12-25 03:42,6.631,0.031,0,0,0,0,v
2014-12-25 03:48,6.642,0.041,0,0,0,0,v
2014-12-25 03:54,6.655,0.030,0,0,0,0,v
2014-12-25 04:00,6.643,0.043,0,0,0,0,v
2014-12-25 04:06,6.624,0.036,0,0,0,0,v
2014-12-25 04:12,6.648,0.000,0,0,0,0,v
2014-12-25 04:18,6.628,0.032,0,0,0,0,v
2014-12-25 04:24,6.624,0.033,0,0,0,0,v
2014-12-25 04:30,6.643,0.034,0,0,0,0,v
2014-12-25 04:36,6.631,0.029,0,0,0,0,v
2014-12-25 04:42,6.623,0.034,0,0,0,0,v
2014-12-25 04:48,6.621,0.026,0,0,0,0,v
2014-12-25 04:54,6.647,0.031,0,0,0,0,v
2014-12-25 05:00,6.621,0.027,0,0,0,0,v
2014-12-25 05:06,6.632,0.028,0,0,0,0,v
2014-12-25 05:12,6.623,0.030,0,0,0,0,v
2014-12-25 05:18,6.618,0.031,0,0,0,0,v
2014-12-25 05:24,6.636,0.031,0,0,0,0,v
2014-12-25 05:30,6.583,0.029,0,0,0,0,v
2014-12-25 05:36,6.623,0.036,0,0,0,0,v
2014-12-25 05:42,6.627,0.030,0,0,0,0,v
2014-12-25 05:48,6.586,0.030,0,0,0,0,v
2014-12-25 05:54,6.630,0.029,0,0,0,0,v
2014-12-25 06:00,6.617,0.028,0,0,0,0,v
2014-12-25 06:06,6.590,0.028,0,0,0,0,v
2014-12-25 06:12,6.597,0.032,0,0,0,0,v
2014-12-25 06:18,6.599,0.025,0,0,0,0,v
2014-12-25 06:24,6.601,0.036,0,0,0,0,v
2014-12-25 06:30,6.577,0.033,0,0,0,0,v
2014-12-25 06:36,6.586,0.035,0,0,0,0,v
2014-12-25 06:42,6.574,0.034,0,0,0,0,v
2014-12-25 06:48,6.584,0.034,0,0,0,0,v
2014-12-25 06:54,6.588,0.027,0,0,0,0,v
2014-12-25 07:00,6.580,0.027,0,0,0,0,v
2014-12-25 07:06,6.564,0.033,0,0,0,0,v
2014-12-25 07:12,6.575,0.029,0,0,0,0,v
2014-12-25 07:18,6.579,0.028,0,0,0,0,v
2014-12-25 07:24,6.601,0.029,0,0,0,0,v
2014-12-25 07:30,6.606,0.038,0,0,0,0,v
2014-12-25 07:36,6.601,0.033,0,0,0,0,v
2014-12-25 07:42,6.596,0.000,0,0,0,0,v
2014-12-25 07:48,6.638,0.031,0,0,0,0,v
2014-12-25 07:54,6.597,0.026,0,0,0,0,v
2014-12-25 08:00,6.582,0.036,0,0,0,0,v
2014-12-25 08:06,6.582,0.027,0,0,0,0,v
2014-12-25 08:12,6.605,0.022,0,0,0,0,v
2014-12-25 08:18,6.614,0.032,0,0,0,0,v
2014-12-25 08:24,6.619,0.023,0,0,0,0,v
2014-12-25 08:30,6.609,0.030,0,0,0,0,v
2014-12-25 08:36,6.557,0.034,0,0,0,0,v
2014-12-25 08:42,6.577,0.025,0,0,0,0,v
2014-12-25 08:48,6.581,0.030,0,0,0,0,v
2014-12-25 08:54,6.574,0.030,0,0,0,0,v
2014-12-25 09:00,6.562,0.027,0,0,0,0,v
2014-12-25 09:06,6.565,0.027,0,0,0,0,v
2014-12-25 09:12,6.595,0.027,0,0,0,0,v
2014-12-25 09:18,6.562,0.031,0,0,0,0,v
2014-12-25 09:24,6.570,0.028,0,0,0,0,v
2014-12-25 09:30,6.590,0.033,0,0,0,0,v
2014-12-25 09:36,6.587,0.028,0,0,0,0,v
2014-12-25 09:42,6.567,0.029,0,0,0,0,v
2014-12-25 09:48,6.566,0.026,0,0,0,0,v
2014-12-25 09:54,6.579,0.030,0,0,0,0,v
2014-12-25 10:00,6.573,0.029,0,0,0,0,v
2014-12-25 10:06,6.540,0.036,0,0,0,0,v
2014-12-25 10:12,6.518,0.026,0,0,0,0,v
2014-12-25 10:18,6.540,0.030,0,0,0,0,v
2014-12-25 10:24,6.507,0.029,0,0,0,0,v
2014-12-25 10:30,6.516,0.026,0,0,0,0,v
2014-12-25 10:36,6.520,0.025,0,0,0,0,v
2014-12-25 10:42,6.521,0.031,0,0,0,0,v
2014-12-25 10:48,6.519,0.032,0,0,0,0,v
2014-12-25 10:54,6.488,0.034,0,0,0,0,v
2014-12-25 11:00,6.537,0.032,0,0,0,0,v
2014-12-25 11:06,6.518,0.030,0,0,0,0,v
2014-12-25 11:12,6.522,0.026,0,0,0,0,v
2014-12-25 11:18,6.499,0.029,0,0,0,0,v
2014-12-25 11:24,6.485,0.028,0,0,0,0,v
2014-12-25 11:30,6.479,0.025,0,0,0,0,v
2014-12-25 11:36,6.465,0.035,0,0,0,0,v
2014-12-25 11:42,6.468,0.031,0,0,0,0,v
2014-12-25 11:48,6.462,0.030,0,0,0,0,v
2014-12-25 11:54,6.439,0.032,0,0,0,0,v
2014-12-25 12:00,6.432,0.032,0,0,0,0,v
2014-12-25 12:06,6.409,0.032,0,0,0,0,v
2014-12-25 12:12,6.436,0.029,0,0,0,0,v
2014-12-25 12:18,6.411,0.034,0,0,0,0,v
2014-12-25 12:24,6.411,0.030,0,0,0,0,v
2014-12-25 12:30,6.408,0.032,0,0,0,0,v
2014-12-25 12:36,6.430,0.028,0,0,0,0,v
2014-12-25 12:42,6.395,0.032,0,0,0,0,v
2014-12-25 12:48,6.380,0.033,0,0,0,0,v
2014-12-25 12:54,6.387,0.029,0,0,0,0,v
2014-12-25 13:00,6.357,0.031,0,0,0,0,v
2014-12-25 13:06,6.347,0.029,0,0,0,0,v
2014-12-25 13:12,6.352,0.030,0,0,0,0,v
2014-12-25 13:18,6.339,0.027,0,0,0,0,v
2014-12-25 13:24,6.328,0.024,0,0,0,0,v
2014-12-25 13:30,6.320,0.027,0,0,0,0,v
2014-12-25 13:36,6.307,0.029,0,0,0,0,v
2014-12-25 13:42,6.303,0.027,0,0,0,0,v
2014-12-25 13:48,6.287,0.034,0,0,0,0,v
2014-12-25 13:54,6.255,0.029,0,0,0,0,v
2014-12-25 14:00,6.237,0.028,0,0,0,0,v
2014-12-25 14:06,6.234,0.029,0,0,0,0,v
2014-12-25 14:12,6.201,0.029,0,0,0,0,v
2014-12-25 14:18,6.224,0.036,0,0,0,0,v
2014-12-25 14:24,6.212,0.033,0,0,0,0,v
2014-12-25 14:30,6.223,0.033,0,0,0,0,v
2014-12-25 14:36,6.186,0.033,0,0,0,0,v
2014-12-25 14:42,6.207,0.027,0,0,0,0,v
2014-12-25 14:48,6.191,0.000,0,0,0,0,v
2014-12-25 14:54,6.178,0.035,0,0,0,0,v
2014-12-25 15:00,6.187,0.000,0,0,0,0,v
2014-12-25 15:06,6.169,0.035,0,0,0,0,v
2014-12-25 15:12,6.156,0.035,0,0,0,0,v
2014-12-25 15:18,6.176,0.033,0,0,0,0,v
2014-12-25 15:24,6.174,0.037,0,0,0,0,v
2014-12-25 15:30,6.171,0.036,0,0,0,0,v
2014-12-25 15:36,6.153,0.037,0,0,0,0,v
2014-12-25 15:42,6.149,0.033,0,0,0,0,v
2014-12-25 15:48,6.131,0.037,0,0,0,0,v
2014-12-25 15:54,6.128,0.040,0,0,0,0,v
2014-12-25 16:00,6.151,0.041,0,0,0,0,v
2014-12-25 16:06,6.147,0.038,0,0,0,0,v
2014-12-25 16:12,6.173,0.042,0,0,0,0,v
2014-12-25 16:18,6.152,0.038,0,0,0,0,v
2014-12-25 16:24,6.157,0.040,0,0,0,0,v
2014-12-25 16:30,6.143,0.039,0,0,0,0,v
2014-12-25 16:36,6.190,0.050,0,0,0,0,v
2014-12-25 16:42,6.181,0.046,0,0,0,0,v
2014-12-25 16:48,6.197,0.044,0,0,0,0,v
2014-12-25 16:54,6.176,0.048,0,0,0,0,v
2014-12-25 17:00,6.178,0.043,0,0,0,0,v
2014-12-25 17:06,6.165,0.043,0,0,0,0,v
2014-12-25 17:12,6.171,0.041,0,0,0,0,v
2014-12-25 17:18,6.193,0.042,0,0,0,0,v
2014-12-25 17:24,6.178,0.048,0,0,0,0,v
2014-12-25 17:30,6.167,0.050,0,0,0,0,v
2014-12-25 17:36,6.190,0.042,0,0,0,0,v
2014-12-25 17:42,6.179,0.042,0,0,0,0,v
2014-12-25 17:48,6.158,0.047,0,0,0,0,v
2014-12-25 17:54,6.163,0.048,0,0,0,0,v
2014-12-25 18:00,6.156,0.045,0,0,0,0,v
2014-12-25 18:06,6.144,0.049,0,0,0,0,v
2014-12-25 18:12,6.152,0.048,0,0,0,0,v
2014-12-25 18:18,6.158,0.049,0,0,0,0,v
2014-12-25 18:24,6.195,0.049,0,0,0,0,v
2014-12-25 18:30,6.166,0.055,0,0,0,0,v
2014-12-25 18:36,6.160,0.058,0,0,0,0,v
2014-12-25 18:42,6.216,0.051,0,0,0,0,v
2014-12-25 18:48,6.191,0.000,0,0,0,0,v
2014-12-25 18:54,6.199,0.046,0,0,0,0,v
2014-12-25 19:00,6.210,0.047,0,0,0,0,v
2014-12-25 19:06,6.234,0.052,0,0,0,0,v
2014-12-25 19:12,6.252,0.050,0,0,0,0,v
2014-12-25 19:18,6.230,0.049,0,0,0,0,v
2014-12-25 19:24,6.255,0.056,0,0,0,0,v
2014-12-25 19:30,6.258,0.059,0,0,0,0,v
2014-12-25 19:36,6.255,0.048,0,0,0,0,v
2014-12-25 19:42,6.286,0.055,0,0,0,0,v
2014-12-25 19:48,6.304,0.065,0,0,0,0,v
2014-12-25 19:54,6.330,0.063,0,0,0,0,v
2014-12-25 20:00,6.310,0.065,0,0,0,0,v
2014-12-25 20:06,6.334,0.050,0,0,0,0,v
2014-12-25 20:12,6.327,0.061,0,0,0,0,v
2014-12-25 20:18,6.337,0.063,0,0,0,0,v
2014-12-25 20:24,6.354,0.069,0,0,0,0,v
2014-12-25 20:30,6.386,0.080,0,0,0,0,v
2014-12-25 20:36,6.397,0.061,0,0,0,0,v
2014-12-25 20:42,6.394,0.079,0,0,0,0,v
2014-12-25 20:48,6.421,0.089,0,0,0,0,v
2014-12-25 20:54,6.439,0.077,0,0,0,0,v
2014-12-25 21:00,6.415,0.000,0,0,0,0,v
2014-12-25 21:06,6.426,0.070,0,0,0,0,v
2014-12-25 21:12,6.447,0.078,0,0,0,0,v
2014-12-25 21:18,6.456,0.082,0,0,0,0,v
2014-12-25 21:24,6.461,0.091,0,0,0,0,v
2014-12-25 21:30,6.491,0.080,0,0,0,0,v
2014-12-25 21:36,6.491,0.075,0,0,0,0,v
2014-12-25 21:42,6.482,0.078,0,0,0,0,v
2014-12-25 21:48,6.500,0.088,0,0,0,0,v
2014-12-25 21:54,6.529,0.085,0,0,0,0,v
2014-12-25 22:00,6.542,0.086,0,0,0,0,v
2014-12-25 22:06,6.581,0.074,0,0,0,0,v
2014-12-25 22:12,6.592,0.079,0,0,0,0,v
2014-12-25 22:18,6.596,0.000,0,0,0,0,v
2014-12-25 22:24,6.640,0.082,0,0,0,0,v
2014-12-25 22:30,6.616,0.090,0,0,0,0,v
2014-12-25 22:36,6.625,0.081,0,0,0,0,v
2014-12-25 22:42,6.638,0.086,0,0,0,0,v
2014-12-25 22:48,6.660,0.091,0,0,0,0,v
2014-12-25 22:54,6.643,0.093,0,0,0,0,v
2014-12-25 23:00,6.641,0.094,0,0,0,0,v
2014-12-25 23:06,6.649,0.088,0,0,0,0,v
2014-12-25 23:12,6.689,0.086,0,0,0,0,v
2014-12-25 23:18,6.665,0.093,0,0,0,0,v
2014-12-25 23:24,6.672,0.085,0,0,0,0,v
2014-12-25 23:30,6.695,0.085,0,0,0,0,v
2014-12-25 23:36,6.689,0.089,0,0,0,0,v
2014-12-25 23:42,6.693,0.076,0,0,0,0,v
2014-12-25 23:48,6.703,0.085,0,0,0,0,v
2014-12-25 23:54,6.723,0.093,0,0,0,0,v
2014-12-26 00:00,6.719,0.086,0,0,0,0,v
2014-12-26 00:06,6.751,0.074,0,0,0,0,v
2014-12-26 00:12,6.764,0.097,0,0,0,0,v
2014-12-26 00:18,6.730,0.090,0,0,0,0,v
2014-12-26 00:24,6.751,0.082,0,0,0,0,v
2014-12-26 00:30,6.764,0.092,0,0,0,0,v
2014-12-26 00:36,6.769,0.093,0,0,0,0,v
2014-12-26 00:42,6.768,0.099,0,0,0,0,v
2014-12-26 00:48,6.779,0.076,0,0,0,0,v
2014-12-26 00:54,6.768,0.095,0,0,0,0,v
2014-12-26 01:00,6.758,0.104,0,0,0,0,v
2014-12-26 01:06,6.770,0.082,0,0,0,0,v
2014-12-26 01:12,6.745,0.111,0,0,0,0,v
2014-12-26 01:18,6.738,0.103,0,0,0,0,v
2014-12-26 01:24,6.758,0.097,0,0,0,0,v
2014-12-26 01:30,6.764,0.093,0,0,0,0,v
2014-12-26 01:36,6.756,0.092,0,0,0,0,v
2014-12-26 01:42,6.734,0.100,0,0,0,0,v
2014-12-26 01:48,6.726,0.102,0,0,0,0,v
2014-12-26 01:54,6.714,0.100,0,0,0,0,v
2014-12-26 02:00,6.722,0.104,0,0,0,0,v
2014-12-26 02:06,6.742,0.085,0,0,0,0,v
2014-12-26 02:12,6.723,0.088,0,0,0,0,v
2014-12-26 02:18,6.709,0.114,0,0,0,0,v
2014-12-26 02:24,6.715,0.092,0,0,0,0,v
2014-12-26 02:30,6.735,0.101,0,0,0,0,v
2014-12-26 02:36,6.754,0.092,0,0,0,0,v
2014-12-26 02:42,6.741,0.103,0,0,0,0,v
2014-12-26 02:48,6.741,0.105,0,0,0,0,v
2014-12-26 02:54,6.769,0.090,0,0,0,0,v
2014-12-26 03:00,6.766,0.093,0,0,0,0,v
2014-12-26 03:06,6.745,0.099,0,0,0,0,v
2014-12-26 03:12,6.755,0.101,0,0,0,0,v
2014-12-26 03:18,6.768,0.115,0,0,0,0,v
2014-12-26 03:24,6.737,0.120,0,0,0,0,v
2014-12-26 03:30,6.715,0.120,0,0,0,0,v
2014-12-26 03:36,6.712,0.104,0,0,0,0,v
2014-12-26 03:42,6.731,0.110,0,0,0,0,v
2014-12-26 03:48,6.723,0.108,0,0,0,0,v
2014-12-26 03:54,6.738,0.108,0,0,0,0,v
2014-12-26 04:00,6.769,0.103,0,0,0,0,v
2014-12-26 04:06,6.724,0.114,0,0,0,0,v
2014-12-26 04:12,6.711,0.119,0,0,0,0,v
2014-12-26 04:18,6.706,0.107,0,0,0,0,v
2014-12-26 04:24,6.705,0.099,0,0,0,0,v
2014-12-26 04:30,6.711,0.096,0,0,0,0,v
2014-12-26 04:36,6.704,0.124,0,0,0,0,v
2014-12-26 04:42,6.699,0.123,0,0,0,0,v
2014-12-26 04:48,6.705,0.114,0,0,0,0,v
2014-12-26 04:54,6.717,0.099,0,0,0,0,v
2014-12-26 05:00,6.701,0.118,0,0,0,0,v
2014-12-26 05:06,6.710,0.132,0,0,0,0,v
2014-12-26 05:12,6.695,0.101,0,0,0,0,v
2014-12-26 05:18,6.708,0.129,0,0,0,0,v
2014-12-26 05:24,6.703,0.138,0,0,0,0,v
2014-12-26 05:30,6.743,0.119,0,0,0,0,v
2014-12-26 05:36,6.712,0.125,0,0,0,0,v
2014-12-26 05:42,6.708,0.137,0,0,0,0,v
2014-12-26 05:48,6.716,0.133,0,0,0,0,v
2014-12-26 05:54,6.705,0.128,0,0,0,0,v
2014-12-26 06:00,6.693,0.119,0,0,0,0,v
2014-12-26 06:06,6.673,0.125,0,0,0,0,v
2014-12-26 06:12,6.678,0.116,0,0,0,0,v
2014-12-26 06:18,6.658,0.143,0,0,0,0,v
2014-12-26 06:24,6.667,0.136,0,0,0,0,v
2014-12-26 06:30,6.692,0.124,0,0,0,0,v
2014-12-26 06:36,6.671,0.143,0,0,0,0,v
2014-12-26 06:42,6.694,0.116,0,0,0,0,v
2014-12-26 06:48,6.670,0.143,0,0,0,0,v
2014-12-26 06:54,6.639,0.146,0,0,0,0,v
2014-12-26 07:00,6.657,0.138,0,0,0,0,v
2014-12-26 07:06,6.662,0.140,0,0,0,0,v
2014-12-26 07:12,6.656,0.134,0,0,0,0,v
2014-12-26 07:18,6.687,0.109,0,0,0,0,v
2014-12-26 07:24,6.689,0.118,0,0,0,0,v
2014-12-26 07:30,6.686,0.145,0,0,0,0,v
2014-12-26 07:36,6.691,0.148,0,0,0,0,v
2014-12-26 07:42,6.682,0.125,0,0,0,0,v
2014-12-26 07:48,6.687,0.138,0,0,0,0,v
2014-12-26 07:54,6.660,0.147,0,0,0,0,v
2014-12-26 08:00,6.664,0.135,0,0,0,0,v
2014-12-26 08:06,6.686,0.145,0,0,0,0,v
2014-12-26 08:12,6.700,0.135,0,0,0,0,v
2014-12-26 08:18,6.677,0.129,0,0,0,0,v
2014-12-26 08:24,6.683,0.127,0,0,0,0,v
2014-12-26 08:30,6.699,0.135,0,0,0,0,v
2014-12-26 08:36,6.707,0.136,0,0,0,0,v
2014-12-26 08:42,6.692,0.160,0,0,0,0,v
2014-12-26 08:48,6.750,0.152,0,0,0,0,v
2014-12-26 08:54,6.708,0.133,0,0,0,0,v
2014-12-26 09:00,6.700,0.157,0,0,0,0,v
2014-12-26 09:06,6.732,0.143,0,0,0,0,v
2014-12-26 09:12,6.734,0.159,0,0,0,0,v
2014-12-26 09:18,6.713,0.138,0,0,0,0,v
2014-12-26 09:24,6.701,0.133,0,0,0,0,v
2014-12-26 09:30,6.717,0.150,0,0,0,0,v
2014-12-26 09:36,6.725,0.160,0,0,0,0,v
2014-12-26 09:42,6.706,0.160,0,0,0,0,v
2014-12-26 09:48,6.738,0.159,0,0,0,0,v
2014-12-26 09:54,6.741,0.155,0,0,0,0,v
2014-12-26 10:00,6.729,0.164,0,0,0,0,v
2014-12-26 10:06,6.715,0.157,0,0,0,0,v
2014-12-26 10:12,6.730,0.166,0,0,0,0,v
2014-12-26 10:18,6.764,0.162,0,0,0,0,v
2014-12-26 10:24,6.747,0.147,0,0,0,0,v
2014-12-26 10:30,6.766,0.144,0,0,0,0,v
2014-12-26 10:36,6.757,0.139,0,0,0,0,v
2014-12-26 10:42,6.736,0.149,0,0,0,0,v
2014-12-26 10:48,6.744,0.167,0,0,0,0,v
2014-12-26 10:54,6.732,0.149,0,0,0,0,v
2014-12-26 11:00,6.738,0.158,0,0,0,0,v
2014-12-26 11:06,6.725,0.154,0,0,0,0,v
2014-12-26 11:12,6.748,0.166,0,0,0,0,v
2014-12-26 11:18,6.768,0.174,0,0,0,0,v
2014-12-26 11:24,6.732,0.179,0,0,0,0,v
2014-12-26 11:30,6.749,0.163,0,0,0,0,v
2014-12-26 11:36,6.721,0.153,0,0,0,0,v
2014-12-26 11:42,6.684,0.160,0,0,0,0,v
2014-12-26 11:48,6.713,0.167,0,0,0,0,v
2014-12-26 11:54,6.718,0.156,0,0,0,0,v
2014-12-26 12:00,6.712,0.139,0,0,0,0,v
2014-12-26 12:06,6.710,0.169,0,0,0,0,v
2014-12-26 12:12,6.694,0.159,0,0,0,0,v
2014-12-26 12:18,6.703,0.160,0,0,0,0,v
2014-12-26 12:24,6.724,0.175,0,0,0,0,v
2014-12-26 12:30,6.689,0.177,0,0,0,0,v
2014-12-26 12:36,6.691,0.180,0,0,0,0,v
2014-12-26 12:42,6.692,0.164,0,0,0,0,v
2014-12-26 12:48,6.670,0.185,0,0,0,0,v
2014-12-26 12:54,6.662,0.152,0,0,0,0,v
2014-12-26 13:00,6.664,0.142,0,0,0,0,v
2014-12-26 13:06,6.680,0.171,0,0,0,0,v
2014-12-26 13:12,6.639,0.172,0,0,0,0,v
2014-12-26 13:18,6.613,0.159,0,0,0,0,v
2014-12-26 13:24,6.611,0.146,0,0,0,0,v
2014-12-26 13:30,6.598,0.168,0,0,0,0,v
2014-12-26 13:36,6.594,0.000,0,0,0,0,v
2014-12-26 13:42,6.616,0.169,0,0,0,0,v
2014-12-26 13:48,6.617,0.145,0,0,0,0,v
2014-12-26 13:54,6.614,0.166,0,0,0,0,v
2014-12-26 14:00,6.598,0.152,0,0,0,0,v
2014-12-26 14:06,6.585,0.151,0,0,0,0,v
2014-12-26 14:12,6.602,0.159,0,0,0,0,v
2014-12-26 14:18,6.593,0.175,0,0,0,0,v
2014-12-26 14:24,6.572,0.164,0,0,0,0,v
2014-12-26 14:30,6.558,0.153,0,0,0,0,v
2014-12-26 14:36,6.527,0.174,0,0,0,0,v
2014-12-26 14:42,6.534,0.161,0,0,0,0,v
2014-12-26 14:48,6.548,0.150,0,0,0,0,v
2014-12-26 14:54,6.557,0.162,0,0,0,0,v
2014-12-26 15:00,6.537,0.150,0,0,0,0,v
2014-12-26 15:06,6.541,0.166,0,0,0,0,v
2014-12-26 15:12,6.539,0.143,0,0,0,0,v
2014-12-26 15:18,6.534,0.159,0,0,0,0,v
2014-12-26 15:24,6.532,0.000,0,0,0,0,v
2014-12-26 15:30,6.549,0.161,0,0,0,0,v
2014-12-26 15:36,6.522,0.178,0,0,0,0,v
2014-12-26 15:42,6.526,0.162,0,0,0,0,v
2014-12-26 15:48,6.486,0.157,0,0,0,0,v
2014-12-26 15:54,6.495,0.156,0,0,0,0,v
2014-12-26 16:00,6.526,0.157,0,0,0,0,v
2014-12-26 16:06,6.506,0.155,0,0,0,0,v
2014-12-26 16:12,6.507,0.157,0,0,0,0,v
2014-12-26 16:18,6.511,0.169,0,0,0,0,v
2014-12-26 16:24,6.541,0.166,0,0,0,0,v
2014-12-26 16:30,6.529,0.171,0,0,0,0,v
2014-12-26 16:36,6.534,0.175,0,0,0,0,v
2014-12-26 16:42,6.524,0.151,0,0,0,0,v
2014-12-26 16:48,6.520,0.000,1,0,0,0,v
2014-12-26 16:54,6.515,0.000,0,0,0,0,v
2014-12-26 17:00,6.495,0.179,0,0,0,0,v
2014-12-26 17:06,6.508,0.168,0,0,0,0,v
2014-12-26 17:12,6.529,0.161,0,0,0,0,v
2014-12-26 17:18,6.500,0.164,0,0,0,0,v
2014-12-26 17:24,6.475,0.163,0,0,0,0,v
2014-12-26 17:30,6.476,0.160,0,0,0,0,v
2014-12-26 17:36,6.482,0.173,0,0,0,0,v
2014-12-26 17:42,6.457,0.162,0,0,0,0,v
2014-12-26 17:48,6.465,0.145,0,0,0,0,v
2014-12-26 17:54,6.475,0.163,0,0,0,0,v
2014-12-26 18:00,6.457,0.158,0,0,0,0,v
2014-12-26 18:06,6.465,0.168,0,0,0,0,v
2014-12-26 18:12,6.450,0.151,0,0,0,0,v
2014-12-26 18:18,6.439,0.145,0,0,0,0,v
2014-12-26 18:24,6.447,0.169,0,0,0,0,v
2014-12-26 18:30,6.452,0.141,0,0,0,0,v
2014-12-26 18:36,6.446,0.154,0,0,0,0,v
2014-12-26 18:42,6.499,0.165,0,0,0,0,v
2014-12-26 18:48,6.468,0.158,0,0,0,0,v
2014-12-26 18:54,6.466,0.146,0,0,0,0,v
2014-12-26 19:00,6.476,0.145,0,0,0,0,v
2014-12-26 19:06,6.503,0.161,0,0,0,0,v
2014-12-26 19:12,6.517,0.146,0,0,0,0,v
2014-12-26 19:18,6.531,0.162,0,0,0,0,v
2014-12-26 19:24,6.505,0.151,0,0,0,0,v
2014-12-26 19:30,6.501,0.176,0,0,0,0,v
2014-12-26 19:36,6.525,0.156,0,0,0,0,v
2014-12-26 19:42,6.548,0.160,0,0,0,0,v
2014-12-26 19:48,6.517,0.163,0,0,0,0,v
2014-12-26 19:54,6.543,0.179,0,0,0,0,v
2014-12-26 20:00,6.562,0.160,0,0,0,0,v
2014-12-26 20:06,6.536,0.137,0,0,0,0,v
2014-12-26 20:12,6.545,0.168,0,0,0,0,v
2014-12-26 20:18,6.564,0.190,0,0,0,0,v
2014-12-26 20:24,6.593,0.125,0,0,0,0,v
2014-12-26 20:30,6.584,0.151,0,0,0,0,v
2014-12-26 20:36,6.620,0.136,0,0,0,0,v
2014-12-26 20:42,6.613,0.183,0,0,0,0,v
2014-12-26 20:48,6.626,0.155,0,0,0,0,v
2014-12-26 20:54,6.640,0.185,0,0,0,0,v
2014-12-26 21:00,6.667,0.183,0,0,0,0,v
2014-12-26 21:06,6.676,0.157,0,0,0,0,v
2014-12-26 21:12,6.686,0.135,0,0,0,0,v
2014-12-26 21:18,6.690,0.160,0,0,0,0,v
2014-12-26 21:24,6.689,0.165,0,0,0,0,v
2014-12-26 21:30,6.711,0.159,0,0,0,0,v
2014-12-26 21:36,6.728,0.168,0,0,0,0,v
2014-12-26 21:42,6.724,0.152,0,0,0,0,v
2014-12-26 21:48,6.728,0.163,0,0,0,0,v
2014-12-26 21:54,6.721,0.165,0,0,0,0,v
2014-12-26 22:00,6.708,0.173,0,0,0,0,v
2014-12-26 22:06,6.745,0.170,0,0,0,0,v
2014-12-26 22:12,6.781,0.137,0,0,0,0,v
2014-12-26 22:18,6.762,0.174,0,0,0,0,v
2014-12-26 22:24,6.773,0.170,0,0,0,0,v
2014-12-26 22:30,6.790,0.155,0,0,0,0,v
2014-12-26 22:36,6.808,0.198,0,0,0,0,v
2014-12-26 22:42,6.814,0.155,0,0,0,0,v
2014-12-26 22:48,6.809,0.167,0,0,0,0,v
2014-12-26 22:54,6.802,0.177,0,0,0,0,v
2014-12-26 23:00,6.807,0.191,0,0,0,0,v
2014-12-26 23:06,6.833,0.135,0,0,0,0,v
2014-12-26 23:12,6.846,0.166,0,0,0,0,v
2014-12-26 23:18,6.854,0.179,0,0,0,0,v
2014-12-26 23:24,6.841,0.151,0,0,0,0,v
2014-12-26 23:30,6.866,0.176,0,0,0,0,v
2014-12-26 23:36,6.865,0.185,0,0,0,0,v
2014-12-26 23:42,6.894,0.187,0,0,0,0,v
2014-12-26 23:48,6.866,0.167,0,0,0,0,v
2014-12-26 23:54,6.897,0.154,0,0,0,0,v
2014-12-27 00:00,6.880,0.162,0,0,0,0,v
2014-12-27 00:06,6.887,0.164,0,0,0,0,v
2014-12-27 00:12,6.894,0.148,0,0,0,0,v
2014-12-27 00:18,6.895,0.144,0,0,0,0,v
2014-12-27 00:24,6.895,0.161,0,0,0,0,v
2014-12-27 00:30,6.936,0.160,0,0,0,0,v
2014-12-27 00:36,6.912,0.133,0,0,0,0,v
2014-12-27 00:42,6.904,0.178,0,0,0,0,v
2014-12-27 00:48,6.914,0.160,0,0,0,0,v
2014-12-27 00:54,6.908,0.167,0,0,0,0,v
2014-12-27 01:00,6.919,0.159,0,0,0,0,v
2014-12-27 01:06,6.913,0.158,0,0,0,0,v
2014-12-27 01:12,6.903,0.000,0,0,0,0,v
2014-12-27 01:18,6.897,0.192,0,0,0,0,v
2014-12-27 01:24,6.918,0.160,0,0,0,0,v
2014-12-27 01:30,6.904,0.172,0,0,0,0,v
2014-12-27 01:36,6.919,0.165,0,0,0,0,v
2014-12-27 01:42,6.941,0.155,0,0,0,0,v
2014-12-27 01:48,6.914,0.175,0,0,0,0,v
2014-12-27 01:54,6.912,0.166,0,0,0,0,v
2014-12-27 02:00,6.907,0.161,0,0,0,0,v
2014-12-27 02:06,6.917,0.177,0,0,0,0,v
2014-12-27 02:12,6.929,0.162,0,0,0,0,v
2014-12-27 02:18,6.917,0.147,0,0,0,0,v
2014-12-27 02:24,6.882,0.159,0,0,0,0,v
2014-12-27 02:30,6.893,0.180,0,0,0,0,v
2014-12-27 02:36,6.908,0.157,0,0,0,0,v
2014-12-27 02:42,6.882,0.134,0,0,0,0,v
2014-12-27 02:48,6.910,0.179,0,0,0,0,v
2014-12-27 02:54,6.889,0.179,0,0,0,0,v
2014-12-27 03:00,6.902,0.130,0,0,0,0,v
2014-12-27 03:06,6.908,0.138,0,0,0,0,v
2014-12-27 03:12,6.876,0.160,0,0,0,0,v
2014-12-27 03:18,6.885,0.188,0,0,0,0,v
2014-12-27 03:24,6.905,0.174,0,0,0,0,v
2014-12-27 03:30,6.869,0.183,0,0,0,0,v
2014-12-27 03:36,6.873,0.149,0,0,0,0,v
2014-12-27 03:42,6.915,0.153,0,0,0,0,v
2014-12-27 03:48,6.869,0.173,0,0,0,0,v
2014-12-27 03:54,6.868,0.161,0,0,0,0,v
2014-12-27 04:00,6.869,0.176,0,0,0,0,v
2014-12-27 04:06,6.853,0.171,0,0,0,0,v
2014-12-27 04:12,6.845,0.151,0,0,0,0,v
2014-12-27 04:18,6.857,0.152,0,0,0,0,v
2014-12-27 04:24,6.851,0.142,0,0,0,0,v
2014-12-27 04:30,6.818,0.157,0,0,0,0,v
2014-12-27 04:36,6.806,0.132,0,0,0,0,v
2014-12-27 04:42,6.797,0.161,0,0,0,0,v
2014-12-27 04:48,6.827,0.145,0,0,0,0,v
2014-12-27 04:54,6.790,0.158,0,0,0,0,v
2014-12-27 05:00,6.795,0.163,0,0,0,0,v
2014-12-27 05:06,6.813,0.158,0,0,0,0,v
2014-12-27 05:12,6.808,0.164,0,0,0,0,v
2014-12-27 05:18,6.802,0.157,0,0,0,0,v
2014-12-27 05:24,6.796,0.156,0,0,0,0,v
2014-12-27 05:30,6.815,0.153,0,0,0,0,v
2014-12-27 05:36,6.816,0.158,0,0,0,0,v
2014-12-27 05:42,6.805,0.154,0,0,0,0,v
2014-12-27 05:48,6.816,0.144,0,0,0,0,v
2014-12-27 05:54,6.770,0.150,0,0,0,0,v
2014-12-27 06:00,6.776,0.154,0,0,0,0,v
2014-12-27 06:06,6.770,0.153,0,0,0,0,v
2014-12-27 06:12,6.779,0.171,0,0,0,0,v
2014-12-27 06:18,6.778,0.153,0,0,0,0,v
2014-12-27 06:24,6.772,0.120,0,0,0,0,v
2014-12-27 06:30,6.762,0.154,0,0,0,0,v
2014-12-27 06:36,6.764,0.128,0,0,0,0,v
2014-12-27 06:42,6.733,0.165,0,0,0,0,v
2014-12-27 06:48,6.737,0.140,0,0,0,0,v
2014-12-27 06:54,6.743,0.143,0,0,0,0,v
2014-12-27 07:00,6.745,0.143,0,0,0,0,v
2014-12-27 07:06,6.757,0.145,0,0,0,0,v
2014-12-27 07:12,6.744,0.171,0,0,0,0,v
2014-12-27 07:18,6.759,0.139,0,0,0,0,v
2014-12-27 07:24,6.776,0.140,0,0,0,0,v
2014-12-27 07:30,6.772,0.119,0,0,0,0,v
2014-12-27 07:36,6.782,0.136,0,0,0,0,v
2014-12-27 07:42,6.789,0.134,0,0,0,0,v
2014-12-27 07:48,6.770,0.129,0,0,0,0,v
2014-12-27 07:54,6.756,0.124,0,0,0,0,v
2014-12-27 08:00,6.774,0.125,0,0,0,0,v
2014-12-27 08:06,6.774,0.134,0,0,0,0,v
2014-12-27 08:12,6.773,0.131,0,0,0,0,v
2014-12-27 08:18,6.767,0.119,0,0,0,0,v
2014-12-27 08:24,6.765,0.146,0,0,0,0,v
2014-12-27 08:30,6.780,0.153,0,0,0,0,v
2014-12-27 08:36,6.734,0.124,0,0,0,0,v
2014-12-27 08:42,6.763,0.147,0,0,0,0,v
2014-12-27 08:48,6.753,0.164,0,0,0,0,v
2014-12-27 08:54,6.736,0.147,0,0,0,0,v
2014-12-27 09:00,6.737,0.130,0,0,0,0,v
2014-12-27 09:06,6.766,0.133,0,0,0,0,v
2014-12-27 09:12,6.765,0.127,0,0,0,0,v
2014-12-27 09:18,6.772,0.113,0,0,0,0,v
2014-12-27 09:24,6.769,0.155,0,0,0,0,v
2014-12-27 09:30,6.748,0.139,0,0,0,0,v
2014-12-27 09:36,6.770,0.138,0,0,0,0,v
2014-12-27 09:42,6.787,0.129,0,0,0,0,v
2014-12-27 09:48,6.757,0.108,0,0,0,0,v
2014-12-27 09:54,6.776,0.117,0,0,0,0,v
2014-12-27 10:00,6.777,0.142,0,0,0,0,v
2014-12-27 10:06,6.782,0.119,0,0,0,0,v
2014-12-27 10:12,6.783,0.122,0,0,0,0,v
2014-12-27 10:18,6.772,0.156,0,0,0,0,v
2014-12-27 10:24,6.805,0.121,0,0,0,0,v
2014-12-27 10:30,6.819,0.117,0,0,0,0,v
2014-12-27 10:36,6.815,0.136,0,0,0,0,v
2014-12-27 10:42,6.800,0.164,0,0,0,0,v
2014-12-27 10:48,6.806,0.115,0,0,0,0,v
2014-12-27 10:54,6.814,0.112,0,0,0,0,v
2014-12-27 11:00,6.794,0.151,0,0,0,0,v
2014-12-27 11:06,6.819,0.131,0,0,0,0,v
2014-12-27 11:12,6.836,0.159,0,0,0,0,v
2014-12-27 11:18,6.830,0.123,0,0,0,0,v
2014-12-27 11:24,6.811,0.127,0,0,0,0,v
2014-12-27 11:30,6.807,0.137,0,0,0,0,v
2014-12-27 11:36,6.816,0.132,0,0,0,0,v
2014-12-27 11:42,6.847,0.125,0,0,0,0,v
2014-12-27 11:48,6.841,0.163,0,0,0,0,v
2014-12-27 11:54,6.841,0.147,0,0,0,0,v
2014-12-27 12:00,6.837,0.119,0,0,0,0,v
2014-12-27 12:06,6.859,0.129,0,0,0,0,v
2014-12-27 12:12,6.847,0.142,0,0,0,0,v
2014-12-27 12:18,6.835,0.133,0,0,0,0,v
2014-12-27 12:24,6.840,0.113,0,0,0,0,v
2014-12-27 12:30,6.843,0.133,0,0,0,0,v
2014-12-27 12:36,6.858,0.134,0,0,0,0,v
2014-12-27 12:42,6.855,0.127,0,0,0,0,v
2014-12-27 12:48,6.848,0.122,0,0,0,0,v
2014-12-27 12:54,6.824,0.153,0,0,0,0,v
2014-12-27 13:00,6.815,0.148,0,0,0,0,v
2014-12-27 13:06,6.832,0.104,0,0,0,0,v
2014-12-27 13:12,6.813,0.118,0,0,0,0,v
2014-12-27 13:18,6.797,0.159,0,0,0,0,v
2014-12-27 13:24,6.803,0.127,0,0,0,0,v
2014-12-27 13:30,6.824,0.133,0,0,0,0,v
2014-12-27 13:36,6.807,0.122,0,0,0,0,v
2014-12-27 13:42,6.809,0.140,0,0,0,0,v
2014-12-27 13:48,6.803,0.125,0,0,0,0,v
2014-12-27 13:54,6.775,0.148,0,0,0,0,v
2014-12-27 14:00,6.789,0.140,0,0,0,0,v
2014-12-27 14:06,6.781,0.148,0,0,0,0,v
2014-12-27 14:12,6.802,0.111,0,0,0,0,v
2014-12-27 14:18,6.804,0.122,0,0,0,0,v
2014-12-27 14:24,6.779,0.145,0,0,0,0,v
2014-12-27 14:30,6.781,0.134,0,0,0,0,v
2014-12-27 14:36,6.770,0.124,0,0,0,0,v
2014-12-27 14:42,6.791,0.142,0,0,0,0,v
2014-12-27 14:48,6.766,0.141,0,0,0,0,v
2014-12-27 14:54,6.764,0.157,0,0,0,0,v
2014-12-27 15:00,6.754,0.128,0,0,0,0,v
2014-12-27 15:06,6.749,0.131,0,0,0,0,v
2014-12-27 15:12,6.734,0.129,0,0,0,0,v
2014-12-27 15:18,6.753,0.135,0,0,0,0,v
2014-12-27 15:24,6.753,0.092,0,0,0,0,v
2014-12-27 15:30,6.750,0.135,0,0,0,0,v
2014-12-27 15:36,6.709,0.100,0,0,0,0,v
2014-12-27 15:42,6.709,0.137,0,0,0,0,v
2014-12-27 15:48,6.716,0.109,0,0,0,0,v
2014-12-27 15:54,6.697,0.130,0,0,0,0,v
2014-12-27 16:00,6.743,0.126,0,0,0,0,v
2014-12-27 16:06,6.729,0.145,0,0,0,0,v
2014-12-27 16:12,6.750,0.106,0,0,0,0,v
2014-12-27 16:18,6.732,0.000,0,0,0,0,v
2014-12-27 16:24,6.700,0.162,0,0,0,0,v
2014-12-27 16:30,6.695,0.126,0,0,0,0,v
2014-12-27 16:36,6.716,0.129,0,0,0,0,v
2014-12-27 16:42,6.705,0.113,0,0,0,0,v
2014-12-27 16:48,6.720,0.110,0,0,0,0,v
2014-12-27 16:54,6.714,0.126,0,0,0,0,v
2014-12-27 17:00,6.707,0.128,0,0,0,0,v
2014-12-27 17:06,6.666,0.108,0,0,0,0,v
2014-12-27 17:12,6.675,0.125,0,0,0,0,v
2014-12-27 17:18,6.688,0.112,0,0,0,0,v
2014-12-27 17:24,6.665,0.138,0,0,0,0,v
2014-12-27 17:30,6.676,0.142,0,0,0,0,v
2014-12-27 17:36,6.654,0.146,0,0,0,0,v
2014-12-27 17:42,6.653,0.113,0,0,0,0,v
2014-12-27 17:48,6.662,0.122,0,0,0,0,v
2014-12-27 17:54,6.642,0.122,0,0,0,0,v
2014-12-27 18:00,6.648,0.122,0,0,0,0,v
2014-12-27 18:06,6.635,0.129,0,0,0,0,v
2014-12-27 18:12,6.654,0.112,0,0,0,0,v
2014-12-27 18:18,6.635,0.135,0,0,0,0,v
2014-12-27 18:24,6.653,0.121,0,0,0,0,v
2014-12-27 18:30,6.612,0.150,0,0,0,0,v
2014-12-27 18:36,6.627,0.103,0,0,0,0,v
2014-12-27 18:42,6.641,0.139,0,0,0,0,v
2014-12-27 18:48,6.619,0.132,0,0,0,0,v
2014-12-27 18:54,6.618,0.140,0,0,0,0,v
2014-12-27 19:00,6.627,0.131,0,0,0,0,v
2014-12-27 19:06,6.644,0.115,0,0,0,0,v
2014-12-27 19:12,6.639,0.123,0,0,0,0,v
2014-12-27 19:18,6.629,0.105,0,0,0,0,v
2014-12-27 19:24,6.636,0.135,0,0,0,0,v
2014-12-27 19:30,6.630,0.139,0,0,0,0,v
2014-12-27 19:36,6.623,0.108,0,0,0,0,v
2014-12-27 19:42,6.635,0.132,0,0,0,0,v
2014-12-27 19:48,6.612,0.126,0,0,0,0,v
2014-12-27 19:54,6.630,0.135,0,0,0,0,v
2014-12-27 20:00,6.618,0.125,0,0,0,0,v
2014-12-27 20:06,6.641,0.101,0,0,0,0,v
2014-12-27 20:12,6.652,0.108,0,0,0,0,v
2014-12-27 20:18,6.663,0.115,0,0,0,0,v
2014-12-27 20:24,6.668,0.107,0,0,0,0,v
2014-12-27 20:30,6.663,0.123,0,0,0,0,v
2014-12-27 20:36,6.639,0.134,0,0,0,0,v
2014-12-27 20:42,6.644,0.091,0,0,0,0,v
2014-12-27 20:48,6.681,0.125,0,0,0,0,v
2014-12-27 20:54,6.674,0.111,0,0,0,0,v
2014-12-27 21:00,6.703,0.103,0,0,0,0,v
2014-12-27 21:06,6.689,0.112,0,0,0,0,v
2014-12-27 21:12,6.687,0.112,0,0,0,0,v
2014-12-27 21:18,6.688,0.115,0,0,0,0,v
2014-12-27 21:24,6.698,0.000,0,0,0,0,v
2014-12-27 21:30,6.713,0.106,0,0,0,0,v
2014-12-27 21:36,6.723,0.115,0,0,0,0,v
2014-12-27 21:42,6.728,0.102,0,0,0,0,v
2014-12-27 21:48,6.713,0.111,0,0,0,0,v
2014-12-27 21:54,6.750,0.109,0,0,0,0,v
2014-12-27 22:00,6.735,0.107,0,0,0,0,v
2014-12-27 22:06,6.750,0.106,0,0,0,0,v
2014-12-27 22:12,6.751,0.095,0,0,0,0,v
2014-12-27 22:18,6.777,0.129,0,0,0,0,v
2014-12-27 22:24,6.780,0.102,0,0,0,0,v
2014-12-27 22:30,6.781,0.097,0,0,0,0,v
2014-12-27 22:36,6.789,0.098,0,0,0,0,v
2014-12-27 22:42,6.803,0.112,0,0,0,0,v
2014-12-27 22:48,6.825,0.114,0,0,0,0,v
2014-12-27 22:54,6.813,0.100,0,0,0,0,v
2014-12-27 23:00,6.801,0.103,0,0,0,0,v
2014-12-27 23:06,6.813,0.105,0,0,0,0,v
2014-12-27 23:12,6.805,0.113,0,0,0,0,v
2014-12-27 23:18,6.819,0.088,0,0,0,0,v
2014-12-27 23:24,6.817,0.109,0,0,0,0,v
2014-12-27 23:30,6.804,0.099,0,0,0,0,v
2014-12-27 23:36,6.807,0.089,0,0,0,0,v
2014-12-27 23:42,6.796,0.096,0,0,0,0,v
2014-12-27 23:48,6.819,0.000,0,0,0,0,v
2014-12-27 23:54,6.821,0.081,0,0,0,0,v
2014-12-28 00:00,6.832,0.087,0,0,0,0,v
2014-12-28 00:06,6.822,0.098,0,0,0,0,v
2014-12-28 00:12,6.841,0.109,0,0,0,0,v
2014-12-28 00:18,6.844,0.090,0,0,0,0,v
2014-12-28 00:24,6.839,0.097,0,0,0,0,v
2014-12-28 00:30,6.849,0.097,0,0,0,0,v
2014-12-28 00:36,6.826,0.092,0,0,0,0,v
2014-12-28 00:42,6.823,0.103,0,0,0,0,v
2014-12-28 00:48,6.803,0.091,0,0,0,0,v
2014-12-28 00:54,6.791,0.089,0,0,0,0,v
2014-12-28 01:00,6.789,0.000,0,0,0,0,v
2014-12-28 01:06,6.785,0.084,0,0,0,0,v
2014-12-28 01:12,6.829,0.071,0,0,0,0,v
2014-12-28 01:18,6.818,0.074,0,0,0,0,v
2014-12-28 01:24,6.794,0.101,0,0,0,0,v
2014-12-28 01:30,6.820,0.074,0,0,0,0,v
2014-12-28 01:36,6.828,0.094,0,0,0,0,v
2014-12-28 01:42,6.842,0.083,0,0,0,0,v
2014-12-28 01:48,6.834,0.077,0,0,0,0,v
2014-12-28 01:54,6.847,0.072,0,0,0,0,v
2014-12-28 02:00,6.844,0.066,0,0,0,0,v
2014-12-28 02:06,6.869,0.081,0,0,0,0,v
2014-12-28 02:12,6.854,0.095,0,0,0,0,v
2014-12-28 02:18,6.866,0.089,0,0,0,0,v
2014-12-28 02:24,6.862,0.071,0,0,0,0,v
2014-12-28 02:30,6.837,0.079,0,0,0,0,v
2014-12-28 02:36,6.851,0.076,0,0,0,0,v
2014-12-28 02:42,6.824,0.079,0,0,0,0,v
2014-12-28 02:48,6.839,0.075,0,0,0,0,v
2014-12-28 02:54,6.825,0.081,0,0,0,0,v
2014-12-28 03:00,6.823,0.085,0,0,0,0,v
2014-12-28 03:06,6.829,0.090,0,0,0,0,v
2014-12-28 03:12,6.832,0.073,0,0,0,0,v
2014-12-28 03:18,6.821,0.082,0,0,0,0,v
2014-12-28 03:24,6.826,0.084,0,0,0,0,v
2014-12-28 03:30,6.813,0.081,0,0,0,0,v
2014-12-28 03:36,6.809,0.099,0,0,0,0,v
2014-12-28 03:42,6.818,0.078,0,0,0,0,v
2014-12-28 03:48,6.819,0.089,0,0,0,0,v
2014-12-28 03:54,6.805,0.078,0,0,0,0,v
2014-12-28 04:00,6.813,0.074,0,0,0,0,v
2014-12-28 04:06,6.800,0.086,0,0,0,0,v
2014-12-28 04:12,6.813,0.068,0,0,0,0,v
2014-12-28 04:18,6.807,0.080,0,0,0,0,v
2014-12-28 04:24,6.810,0.000,0,0,0,0,v
2014-12-28 04:30,6.803,0.086,0,0,0,0,v
2014-12-28 04:36,6.780,0.079,0,0,0,0,v
2014-12-28 04:42,6.784,0.073,0,0,0,0,v
2014-12-28 04:48,6.812,0.076,0,0,0,0,v
2014-12-28 04:54,6.808,0.082,0,0,0,0,v
2014-12-28 05:00,6.804,0.074,0,0,0,0,v
2014-12-28 05:06,6.774,0.065,0,0,0,0,v
2014-12-28 05:12,6.786,0.067,0,0,0,0,v
2014-12-28 05:18,6.775,0.064,0,0,0,0,v
2014-12-28 05:24,6.756,0.075,0,0,0,0,v
2014-12-28 05:30,6.748,0.072,0,0,0,0,v
2014-12-28 05:36,6.697,0.067,0,0,0,0,v
2014-12-28 05:42,6.746,0.074,0,0,0,0,v
2014-12-28 05:48,6.761,0.072,0,0,0,0,v
2014-12-28 05:54,6.734,0.079,0,0,0,0,v
2014-12-28 06:00,6.724,0.071,0,0,0,0,v
2014-12-28 06:06,6.736,0.084,0,0,0,0,v
2014-12-28 06:12,6.724,0.080,0,0,0,0,v
2014-12-28 06:18,6.732,0.078,0,0,0,0,v
2014-12-28 06:24,6.687,0.069,0,0,0,0,v
2014-12-28 06:30,6.709,0.079,0,0,0,0,v
2014-12-28 06:36,6.673,0.076,0,0,0,0,v
2014-12-28 06:42,6.662,0.074,0,0,0,0,v
2014-12-28 06:48,6.659,0.069,0,0,0,0,v
2014-12-28 06:54,6.721,0.067,0,0,0,0,v
2014-12-28 07:00,6.668,0.080,0,0,0,0,v
2014-12-28 07:06,6.698,0.079,0,0,0,0,v
2014-12-28 07:12,6.755,0.076,0,0,0,0,v
2014-12-28 07:18,6.751,0.073,0,0,0,0,v
2014-12-28 07:24,6.675,0.078,0,0,0,0,v
2014-12-28 07:30,6.687,0.072,0,0,0,0,v
2014-12-28 07:36,6.712,0.080,0,0,0,0,v
2014-12-28 07:42,6.680,0.086,0,0,0,0,v
2014-12-28 07:48,6.689,0.080,0,0,0,0,v
2014-12-28 07:54,6.694,0.083,0,0,0,0,v
2014-12-28 08:00,6.652,0.078,0,0,0,0,v
2014-12-28 08:06,6.641,0.068,0,0,0,0,v
2014-12-28 08:12,6.731,0.067,0,0,0,0,v
2014-12-28 08:18,6.714,0.078,0,0,0,0,v
2014-12-28 08:24,6.727,0.078,0,0,0,0,v
2014-12-28 08:30,6.701,0.061,0,0,0,0,v
2014-12-28 08:36,6.738,0.074,0,0,0,0,v
2014-12-28 08:42,6.773,0.071,0,0,0,0,v
2014-12-28 08:48,6.773,0.069,0,0,0,0,v
2014-12-28 08:54,6.770,0.062,0,0,0,0,v
2014-12-28 09:00,6.734,0.073,0,0,0,0,v
2014-12-28 09:06,6.720,0.072,0,0,0,0,v
2014-12-28 09:12,6.719,0.074,0,0,0,0,v
2014-12-28 09:18,6.709,0.085,0,0,0,0,v
2014-12-28 09:24,6.719,0.065,0,0,0,0,v
2014-12-28 09:30,6.725,0.071,0,0,0,0,v
2014-12-28 09:36,6.723,0.072,0,0,0,0,v
2014-12-28 09:42,6.739,0.084,0,0,0,0,v
2014-12-28 09:48,6.704,0.086,0,0,0,0,v
2014-12-28 09:54,6.752,0.087,0,0,0,0,v
2014-12-28 10:00,6.747,0.083,0,0,0,0,v
2014-12-28 10:06,6.728,0.084,0,0,0,0,v
2014-12-28 10:12,6.736,0.093,0,0,0,0,v
2014-12-28 10:18,6.707,0.077,0,0,0,0,v
2014-12-28 10:24,6.714,0.066,0,0,0,0,v
2014-12-28 10:30,6.741,0.075,0,0,0,0,v
2014-12-28 10:36,6.735,0.084,0,0,0,0,v
2014-12-28 10:42,6.718,0.085,0,0,0,0,v
2014-12-28 10:48,6.777,0.098,0,0,0,0,v
2014-12-28 10:54,6.772,0.079,0,0,0,0,v
2014-12-28 11:00,6.785,0.078,0,0,0,0,v
2014-12-28 11:06,6.773,0.096,0,0,0,0,v
2014-12-28 11:12,6.735,0.075,0,0,0,0,v
2014-12-28 11:18,6.793,0.098,0,0,0,0,v
2014-12-28 11:24,6.775,0.069,0,0,0,0,v
2014-12-28 11:30,6.766,0.073,0,0,0,0,v
2014-12-28 11:36,6.746,0.092,0,0,0,0,v
2014-12-28 11:42,6.723,0.091,0,0,0,0,v
2014-12-28 11:48,6.726,0.083,0,0,0,0,v
2014-12-28 11:54,6.748,0.081,0,0,0,0,v
2014-12-28 12:00,6.739,0.000,0,0,0,0,v
2014-12-28 12:06,6.737,0.082,0,0,0,0,v
2014-12-28 12:12,6.737,0.077,0,0,0,0,v
2014-12-28 12:18,6.752,0.080,0,0,0,0,v
2014-12-28 12:24,6.742,0.085,0,0,0,0,v
2014-12-28 12:30,6.731,0.079,0,0,0,0,v
2014-12-28 12:36,6.704,0.092,0,0,0,0,v
2014-12-28 12:42,6.728,0.079,0,0,0,0,v
2014-12-28 12:48,6.695,0.081,0,0,0,0,v
2014-12-28 12:54,6.710,0.075,0,0,0,0,v
2014-12-28 13:00,6.708,0.088,0,0,0,0,v
2014-12-28 13:06,6.711,0.080,0,0,0,0,v
2014-12-28 13:12,6.706,0.079,0,0,0,0,v
2014-12-28 13:18,6.693,0.090,0,0,0,0,v
2014-12-28 13:24,6.691,0.079,0,0,0,0,v
2014-12-28 13:30,6.725,0.081,0,0,0,0,v
2014-12-28 13:36,6.702,0.069,0,0,0,0,v
2014-12-28 13:42,6.736,0.087,0,0,0,0,v
2014-12-28 13:48,6.747,0.082,0,0,0,0,v
2014-12-28 13:54,6.720,0.073,0,0,0,0,v
2014-12-28 14:00,6.762,0.000,0,0,0,0,v
2014-12-28 14:06,6.767,0.076,0,0,0,0,v
2014-12-28 14:12,6.764,0.000,0,0,0,0,v
2014-12-28 14:18,6.771,0.073,0,0,0,0,v
2014-12-28 14:24,6.729,0.083,0,0,0,0,v
2014-12-28 14:30,6.747,0.073,0,0,0,0,v
2014-12-28 14:36,6.747,0.082,0,0,0,0,v
2014-12-28 14:42,6.736,0.085,0,0,0,0,v
2014-12-28 14:48,6.732,0.079,0,0,0,0,v
2014-12-28 14:54,6.701,0.082,0,0,0,0,v
2014-12-28 15:00,6.734,0.083,0,0,0,0,v
2014-12-28 15:06,6.707,0.090,0,0,0,0,v
2014-12-28 15:12,6.718,0.081,0,0,0,0,v
2014-12-28 15:18,6.688,0.089,0,0,0,0,v
2014-12-28 15:24,6.741,0.079,0,0,0,0,v
2014-12-28 15:30,6.708,0.095,0,0,0,0,v
2014-12-28 15:36,6.690,0.073,0,0,0,0,v
2014-12-28 15:42,6.711,0.085,0,0,0,0,v
2014-12-28 15:48,6.695,0.084,0,0,0,0,v
2014-12-28 15:54,6.679,0.074,0,0,0,0,v
2014-12-28 16:00,6.688,0.075,0,0,0,0,v
2014-12-28 16:06,6.686,0.079,0,0,0,0,v
2014-12-28 16:12,6.654,0.087,0,0,0,0,v
2014-12-28 16:18,6.680,0.076,0,0,0,0,v
2014-12-28 16:24,6.699,0.081,0,0,0,0,v
2014-12-28 16:30,6.698,0.070,0,0,0,0,v
2014-12-28 16:36,6.702,0.084,0,0,0,0,v
2014-12-28 16:42,6.692,0.078,0,0,0,0,v
2014-12-28 16:48,6.733,0.092,0,0,0,0,v
2014-12-28 16:54,6.686,0.088,0,0,0,0,v
2014-12-28 17:00,6.685,0.000,0,0,0,0,v
2014-12-28 17:06,6.668,0.086,0,0,0,0,v
2014-12-28 17:12,6.658,0.078,0,0,0,0,v
2014-12-28 17:18,6.629,0.083,0,0,0,0,v
2014-12-28 17:24,6.604,0.085,0,0,0,0,v
2014-12-28 17:30,6.619,0.080,0,0,0,0,v
2014-12-28 17:36,6.590,0.073,0,0,0,0,v
2014-12-28 17:42,6.549,0.077,0,0,0,0,v
2014-12-28 17:48,6.524,0.078,0,0,0,0,v
2014-12-28 17:54,6.533,0.085,0,0,0,0,v
2014-12-28 18:00,6.553,0.087,0,0,0,0,v
2014-12-28 18:06,6.528,0.095,0,0,0,0,v
2014-12-28 18:12,6.541,0.081,0,0,0,0,v
2014-12-28 18:18,6.525,0.073,0,0,0,0,v
2014-12-28 18:24,6.562,0.091,0,0,0,0,v
2014-12-28 18:30,6.568,0.080,0,0,0,0,v
2014-12-28 18:36,6.554,0.067,0,0,0,0,v
2014-12-28 18:42,6.578,0.077,0,0,0,0,v
2014-12-28 18:48,6.607,0.073,0,0,0,0,v
2014-12-28 18:54,6.580,0.084,0,0,0,0,v
2014-12-28 19:00,6.596,0.091,0,0,0,0,v
2014-12-28 19:06,6.609,0.091,0,0,0,0,v
2014-12-28 19:12,6.567,0.089,0,0,0,0,v
2014-12-28 19:18,6.589,0.072,0,0,0,0,v
2014-12-28 19:24,6.602,0.075,0,0,0,0,v
2014-12-28 19:30,6.623,0.077,0,0,0,0,v
2014-12-28 19:36,6.595,0.066,0,0,0,0,v
2014-12-28 19:42,6.577,0.083,0,0,0,0,v
2014-12-28 19:48,6.614,0.079,0,0,0,0,v
2014-12-28 19:54,6.614,0.087,0,0,0,0,v
2014-12-28 20:00,6.639,0.066,0,0,0,0,v
2014-12-28 20:06,6.664,0.081,0,0,0,0,v
2014-12-28 20:12,6.671,0.078,0,0,0,0,v
2014-12-28 20:18,6.650,0.076,0,0,0,0,v
2014-12-28 20:24,6.675,0.069,0,0,0,0,v
2014-12-28 20:30,6.644,0.069,0,0,0,0,v
2014-12-28 20:36,6.630,0.065,0,0,0,0,v
2014-12-28 20:42,6.636,0.065,0,0,0,0,v
2014-12-28 20:48,6.598,0.079,0,0,0,0,v
2014-12-28 20:54,6.605,0.068,0,0,0,0,v
2014-12-28 21:00,6.580,0.063,0,0,0,0,v
2014-12-28 21:06,6.570,0.073,0,0,0,0,v
2014-12-28 21:12,6.644,0.067,0,0,0,0,v
2014-12-28 21:18,6.622,0.073,0,0,0,0,v
2014-12-28 21:24,6.627,0.060,0,0,0,0,v
2014-12-28 21:30,6.616,0.076,0,0,0,0,v
2014-12-28 21:36,6.576,0.070,0,0,0,0,v
2014-12-28 21:42,6.582,0.066,0,0,0,0,v
2014-12-28 21:48,6.588,0.064,0,0,0,0,v
2014-12-28 21:54,6.577,0.068,0,0,0,0,v
2014-12-28 22:00,6.618,0.059,0,0,0,0,v
2014-12-28 22:06,6.628,0.076,0,0,0,0,v
2014-12-28 22:12,6.611,0.064,0,0,0,0,v
2014-12-28 22:18,6.628,0.070,0,0,0,0,v
2014-12-28 22:24,6.659,0.069,0,0,0,0,v
2014-12-28 22:30,6.632,0.062,0,0,0,0,v
2014-12-28 22:36,6.621,0.056,0,0,0,0,v
2014-12-28 22:42,6.647,0.068,0,0,0,0,v
2014-12-28 22:48,6.635,0.055,0,0,0,0,v
2014-12-28 22:54,6.605,0.061,0,0,0,0,v
2014-12-28 23:00,6.625,0.069,0,0,0,0,v
2014-12-28 23:06,6.616,0.074,0,0,0,0,v
2014-12-28 23:12,6.616,0.072,0,0,0,0,v
2014-12-28 23:18,6.632,0.063,0,0,0,0,v
2014-12-28 23:24,6.657,0.061,0,0,0,0,v
2014-12-28 23:30,6.630,0.065,0,0,0,0,v
2014-12-28 23:36,6.622,0.049,0,0,0,0,v
2014-12-28 23:42,6.677,0.066,0,0,0,0,v
2014-12-28 23:48,6.692,0.071,0,0,0,0,v
2014-12-28 23:54,6.697,0.000,0,0,0,0,v
2014-12-29 00:00,6.702,0.067,0,0,0,0,v
2014-12-29 00:06,6.704,0.068,0,0,0,0,v
2014-12-29 00:12,6.732,0.057,0,0,0,0,v
2014-12-29 00:18,6.669,0.068,0,0,0,0,v
2014-12-29 00:24,6.710,0.062,0,0,0,0,v
2014-12-29 00:30,6.723,0.060,0,0,0,0,v
2014-12-29 00:36,6.738,0.053,0,0,0,0,v
2014-12-29 00:42,6.773,0.063,0,0,0,0,v
2014-12-29 00:48,6.727,0.055,0,0,0,0,v
2014-12-29 00:54,6.752,0.054,0,0,0,0,v
2014-12-29 01:00,6.719,0.068,0,0,0,0,v
2014-12-29 01:06,6.732,0.076,0,0,0,0,v
2014-12-29 01:12,6.723,0.000,0,0,0,0,v
2014-12-29 01:18,6.747,0.060,0,0,0,0,v
2014-12-29 01:24,6.723,0.051,0,0,0,0,v
2014-12-29 01:30,6.744,0.064,0,0,0,0,v
2014-12-29 01:36,6.774,0.050,0,0,0,0,v
2014-12-29 01:42,6.776,0.061,0,0,0,0,v
2014-12-29 01:48,6.781,0.049,0,0,0,0,v
2014-12-29 01:54,6.811,0.063,0,0,0,0,v
2014-12-29 02:00,6.801,0.064,0,0,0,0,v
2014-12-29 02:06,6.815,0.064,0,0,0,0,v
2014-12-29 02:12,6.815,0.067,0,0,0,0,v
2014-12-29 02:18,6.787,0.050,0,0,0,0,v
2014-12-29 02:24,6.800,0.000,0,0,0,0,v
2014-12-29 02:30,6.805,0.062,0,0,0,0,v
2014-12-29 02:36,6.793,0.059,0,0,0,0,v
2014-12-29 02:42,6.810,0.067,0,0,0,0,v
2014-12-29 02:48,6.813,0.059,0,0,0,0,v
2014-12-29 02:54,6.835,0.055,0,0,0,0,v
2014-12-29 03:00,6.757,0.060,0,0,0,0,v
2014-12-29 03:06,6.744,0.048,0,0,0,0,v
2014-12-29 03:12,6.759,0.065,0,0,0,0,v
2014-12-29 03:18,6.721,0.056,0,0,0,0,v
2014-12-29 03:24,6.695,0.062,0,0,0,0,v
2014-12-29 03:30,6.771,0.059,0,0,0,0,v
2014-12-29 03:36,6.725,0.054,0,0,0,0,v
2014-12-29 03:42,6.695,0.060,0,0,0,0,v
2014-12-29 03:48,6.721,0.058,0,0,0,0,v
2014-12-29 03:54,6.717,0.062,0,0,0,0,v
2014-12-29 04:00,6.683,0.044,0,0,0,0,v
2014-12-29 04:06,6.684,0.045,0,0,0,0,v
2014-12-29 04:12,6.700,0.058,0,0,0,0,v
2014-12-29 04:18,6.672,0.058,0,0,0,0,v
2014-12-29 04:24,6.712,0.052,0,0,0,0,v
2014-12-29 04:30,6.684,0.055,0,0,0,0,v
2014-12-29 04:36,6.690,0.062,0,0,0,0,v
2014-12-29 04:42,6.675,0.060,0,0,0,0,v
2014-12-29 04:48,6.686,0.052,0,0,0,0,v
2014-12-29 04:54,6.677,0.060,0,0,0,0,v
2014-12-29 05:00,6.699,0.052,0,0,0,0,v
2014-12-29 05:06,6.685,0.062,0,0,0,0,v
2014-12-29 05:12,6.724,0.052,0,0,0,0,v
2014-12-29 05:18,6.685,0.052,0,0,0,0,v
2014-12-29 05:24,6.682,0.049,0,0,0,0,v
2014-12-29 05:30,6.669,0.051,0,0,0,0,v
2014-12-29 05:36,6.657,0.060,0,0,0,0,v
2014-12-29 05:42,6.651,0.055,0,0,0,0,v
2014-12-29 05:48,6.657,0.047,0,0,0,0,v
2014-12-29 05:54,6.605,0.052,0,0,0,0,v
2014-12-29 06:00,6.577,0.057,0,0,0,0,v
2014-12-29 06:06,6.580,0.050,0,0,0,0,v
2014-12-29 06:12,6.621,0.057,0,0,0,0,v
2014-12-29 06:18,6.574,0.051,0,0,0,0,v
2014-12-29 06:24,6.575,0.054,0,0,0,0,v
2014-12-29 06:30,6.584,0.056,0,0,0,0,v
2014-12-29 06:36,6.612,0.060,0,0,0,0,v
2014-12-29 06:42,6.615,0.047,0,0,0,0,v
2014-12-29 06:48,6.612,0.049,0,0,0,0,v
2014-12-29 06:54,6.592,0.046,0,0,0,0,v
2014-12-29 07:00,6.572,0.048,0,0,0,0,v
2014-12-29 07:06,6.574,0.058,0,0,0,0,v
2014-12-29 07:12,6.561,0.043,0,0,0,0,v
2014-12-29 07:18,6.563,0.053,0,0,0,0,v
2014-12-29 07:24,6.565,0.061,0,0,0,0,v
2014-12-29 07:30,6.617,0.052,0,0,0,0,v
2014-12-29 07:36,6.623,0.052,0,0,0,0,v
2014-12-29 07:42,6.549,0.048,0,0,0,0,v
2014-12-29 07:48,6.557,0.052,0,0,0,0,v
2014-12-29 07:54,6.579,0.047,0,0,0,0,v
2014-12-29 08:00,6.564,0.057,0,0,0,0,v
2014-12-29 08:06,6.556,0.048,0,0,0,0,v
2014-12-29 08:12,6.563,0.038,0,0,0,0,v
2014-12-29 08:18,6.579,0.049,0,0,0,0,v
2014-12-29 08:24,6.595,0.053,0,0,0,0,v
2014-12-29 08:30,6.533,0.049,0,0,0,0,v
2014-12-29 08:36,6.545,0.059,0,0,0,0,v
2014-12-29 08:42,6.526,0.052,0,0,0,0,v
2014-12-29 08:48,6.547,0.051,0,0,0,0,v
2014-12-29 08:54,6.568,0.053,0,0,0,0,v
2014-12-29 09:00,6.539,0.050,0,0,0,0,v
2014-12-29 09:06,6.519,0.052,0,0,0,0,v
2014-12-29 09:12,6.528,0.049,0,0,0,0,v
2014-12-29 09:18,6.508,0.049,0,0,0,0,v
2014-12-29 09:24,6.428,0.058,0,0,0,0,v
2014-12-29 09:30,6.486,0.050,0,0,0,0,v
2014-12-29 09:36,6.500,0.046,0,0,0,0,v
2014-12-29 09:42,6.502,0.058,0,0,0,0,v
2014-12-29 09:48,6.502,0.049,0,0,0,0,v
2014-12-29 09:54,6.521,0.050,0,0,0,0,v
2014-12-29 10:00,6.528,0.047,0,0,0,0,v
2014-12-29 10:06,6.496,0.051,0,0,0,0,v
2014-12-29 10:12,6.495,0.051,0,0,0,0,v
2014-12-29 10:18,6.496,0.054,0,0,0,0,v
2014-12-29 10:24,6.532,0.043,0,0,0,0,v
2014-12-29 10:30,6.564,0.053,0,0,0,0,v
2014-12-29 10:36,6.554,0.050,0,0,0,0,v
2014-12-29 10:42,6.545,0.055,0,0,0,0,v
2014-12-29 10:48,6.540,0.053,0,0,0,0,v
2014-12-29 10:54,6.560,0.057,0,0,0,0,v
2014-12-29 11:00,6.591,0.040,0,0,0,0,v
2014-12-29 11:06,6.586,0.049,0,0,0,0,v
2014-12-29 11:12,6.581,0.046,0,0,0,0,v
2014-12-29 11:18,6.574,0.050,0,0,0,0,v
2014-12-29 11:24,6.545,0.044,0,0,0,0,v
2014-12-29 11:30,6.562,0.053,0,0,0,0,v
2014-12-29 11:36,6.562,0.045,0,0,0,0,v
2014-12-29 11:42,6.586,0.052,0,0,0,0,v
2014-12-29 11:48,6.602,0.049,0,0,0,0,v
2014-12-29 11:54,6.578,0.050,0,0,0,0,v
2014-12-29 12:00,6.559,0.045,0,0,0,0,v
2014-12-29 12:06,6.569,0.051,0,0,0,0,v
2014-12-29 12:12,6.602,0.041,0,0,0,0,v
2014-12-29 12:18,6.603,0.046,0,0,0,0,v
2014-12-29 12:24,6.590,0.041,0,0,0,0,v
2014-12-29 12:30,6.627,0.049,0,0,0,0,v
2014-12-29 12:36,6.628,0.043,0,0,0,0,v
2014-12-29 12:42,6.618,0.041,0,0,0,0,v
2014-12-29 12:48,6.631,0.040,0,0,0,0,v
2014-12-29 12:54,6.640,0.044,0,0,0,0,v
2014-12-29 13:00,6.677,0.049,0,0,0,0,v
2014-12-29 13:06,6.706,0.040,0,0,0,0,v
2014-12-29 13:12,6.679,0.049,0,0,0,0,v
2014-12-29 13:18,6.672,0.035,0,0,0,0,v
2014-12-29 13:24,6.702,0.047,0,0,0,0,v
2014-12-29 13:30,6.701,0.051,0,0,0,0,v
2014-12-29 13:36,6.680,0.045,0,0,0,0,v
2014-12-29 13:42,6.710,0.047,0,0,0,0,v
2014-12-29 13:48,6.705,0.045,0,0,0,0,v
2014-12-29 13:54,6.650,0.052,0,0,0,0,v
2014-12-29 14:00,6.681,0.000,0,0,0,0,v
2014-12-29 14:06,6.697,0.048,0,0,0,0,v
2014-12-29 14:12,6.676,0.048,0,0,0,0,v
2014-12-29 14:18,6.701,0.053,0,0,0,0,v
2014-12-29 14:24,6.714,0.048,0,0,0,0,v
2014-12-29 14:30,6.699,0.040,0,0,0,0,v
2014-12-29 14:36,6.725,0.044,0,0,0,0,v
2014-12-29 14:42,6.718,0.048,0,0,0,0,v
2014-12-29 14:48,6.746,0.054,0,0,0,0,v
2014-12-29 14:54,6.726,0.046,0,0,0,0,v
2014-12-29 15:00,6.723,0.050,0,0,0,0,v
2014-12-29 15:06,6.722,0.043,0,0,0,0,v
2014-12-29 15:12,6.744,0.047,0,0,0,0,v
2014-12-29 15:18,6.716,0.046,0,0,0,0,v
2014-12-29 15:24,6.723,0.045,0,0,0,0,v
2014-12-29 15:30,6.738,0.051,0,0,0,0,v
2014-12-29 15:36,6.734,0.049,0,0,0,0,v
2014-12-29 15:42,6.731,0.048,0,0,0,0,v
2014-12-29 15:48,6.724,0.043,0,0,0,0,v
2014-12-29 15:54,6.739,0.051,0,0,0,0,v
2014-12-29 16:00,6.716,0.054,0,0,0,0,v
2014-12-29 16:06,6.720,0.043,0,0,0,0,v
2014-12-29 16:12,6.720,0.056,0,0,0,0,v
2014-12-29 16:18,6.717,0.044,0,0,0,0,v
2014-12-29 16:24,6.743,0.047,0,0,0,0,v
2014-12-29 16:30,6.738,0.045,0,0,0,0,v
2014-12-29 16:36,6.716,0.051,0,0,0,0,v
2014-12-29 16:42,6.741,0.042,0,0,0,0,v
2014-12-29 16:48,6.766,0.049,0,0,0,0,v
2014-12-29 16:54,6.761,0.000,0,0,0,0,v
2014-12-29 17:00,6.763,0.045,0,0,0,0,v
2014-12-29 17:06,6.757,0.000,0,0,0,0,v
2014-12-29 17:12,6.763,0.044,0,0,0,0,v
2014-12-29 17:18,6.771,0.041,0,0,0,0,v
2014-12-29 17:24,6.779,0.048,0,0,0,0,v
2014-12-29 17:30,6.770,0.042,0,0,0,0,v
2014-12-29 17:36,6.768,0.050,0,0,0,0,v
2014-12-29 17:42,6.794,0.048,0,0,0,0,v
2014-12-29 17:48,6.810,0.046,0,0,0,0,v
2014-12-29 17:54,6.799,0.041,0,0,0,0,v
2014-12-29 18:00,6.776,0.049,0,0,0,0,v
2014-12-29 18:06,6.783,0.043,0,0,0,0,v
2014-12-29 18:12,6.755,0.047,0,0,0,0,v
2014-12-29 18:18,6.764,0.044,0,0,0,0,v
2014-12-29 18:24,6.757,0.047,0,0,0,0,v
2014-12-29 18:30,6.757,0.042,0,0,0,0,v
2014-12-29 18:36,6.752,0.049,0,0,0,0,v
2014-12-29 18:42,6.744,0.038,0,0,0,0,v
2014-12-29 18:48,6.738,0.000,0,0,0,0,v
2014-12-29 18:54,6.744,0.044,0,0,0,0,v
2014-12-29 19:00,6.745,0.051,0,0,0,0,v
2014-12-29 19:06,6.724,0.043,0,0,0,0,v
2014-12-29 19:12,6.772,0.044,0,0,0,0,v
2014-12-29 19:18,6.741,0.000,0,0,0,0,v
2014-12-29 19:24,6.722,0.038,0,0,0,0,v
2014-12-29 19:30,6.735,0.051,0,0,0,0,v
2014-12-29 19:36,6.723,0.044,0,0,0,0,v
2014-12-29 19:42,6.722,0.043,0,0,0,0,v
2014-12-29 19:48,6.722,0.041,0,0,0,0,v
2014-12-29 19:54,6.724,0.047,0,0,0,0,v
2014-12-29 20:00,6.717,0.052,0,0,0,0,v
2014-12-29 20:06,6.692,0.037,0,0,0,0,v
2014-12-29 20:12,6.683,0.052,0,0,0,0,v
2014-12-29 20:18,6.728,0.041,0,0,0,0,v
2014-12-29 20:24,6.717,0.051,0,0,0,0,v
2014-12-29 20:30,6.714,0.042,0,0,0,0,v
2014-12-29 20:36,6.698,0.038,0,0,0,0,v
2014-12-29 20:42,6.688,0.040,0,0,0,0,v
2014-12-29 20:48,6.723,0.037,0,0,0,0,v
2014-12-29 20:54,6.717,0.051,0,0,0,0,v
2014-12-29 21:00,6.710,0.039,0,0,0,0,v
2014-12-29 21:06,6.708,0.043,0,0,0,0,v
2014-12-29 21:12,6.707,0.045,0,0,0,0,v
2014-12-29 21:18,6.726,0.044,0,0,0,0,v
2014-12-29 21:24,6.724,0.048,0,0,0,0,v
2014-12-29 21:30,6.706,0.044,0,0,0,0,v
2014-12-29 21:36,6.718,0.046,0,0,0,0,v
2014-12-29 21:42,6.714,0.051,0,0,0,0,v
2014-12-29 21:48,6.734,0.046,0,0,0,0,v
2014-12-29 21:54,6.712,0.048,0,0,0,0,v
2014-12-29 22:00,6.718,0.000,1,0,0,0,v
2014-12-29 22:06,6.725,0.000,0,0,0,0,v
2014-12-29 22:12,6.735,0.044,0,0,0,0,v
2014-12-29 22:18,6.723,0.042,0,0,0,0,v
2014-12-29 22:24,6.730,0.045,0,0,0,0,v
2014-12-29 22:30,6.731,0.042,0,0,0,0,v
2014-12-29 22:36,6.726,0.042,0,0,0,0,v
2014-12-29 22:42,6.738,0.042,0,0,0,0,v
2014-12-29 22:48,6.740,0.042,0,0,0,0,v
2014-12-29 22:54,6.734,0.040,0,0,0,0,v
2014-12-29 23:00,6.712,0.043,0,0,0,0,v
2014-12-29 23:06,6.731,0.040,0,0,0,0,v
2014-12-29 23:12,6.738,0.042,0,0,0,0,v
2014-12-29 23:18,6.747,0.039,0,0,0,0,v
2014-12-29 23:24,6.730,0.045,0,0,0,0,v
2014-12-29 23:30,6.728,0.043,0,0,0,0,v
2014-12-29 23:36,6.747,0.000,0,0,0,0,v
2014-12-29 23:42,6.740,0.042,0,0,0,0,v
2014-12-29 23:48,6.737,0.000,0,0,0,0,v
2014-12-29 23:54,6.744,0.046,0,0,0,0,v
2014-12-30 00:00,6.762,0.044,0,0,0,0,v
2014-12-30 00:06,6.770,0.041,0,0,0,0,v
2014-12-30 00:12,6.782,0.044,0,0,0,0,v
2014-12-30 00:18,6.729,0.046,0,0,0,0,v
2014-12-30 00:24,6.720,0.037,0,0,0,0,v
2014-12-30 00:30,6.728,0.043,0,0,0,0,v
2014-12-30 00:36,6.744,0.042,0,0,0,0,v
2014-12-30 00:42,6.747,0.038,0,0,0,0,v
2014-12-30 00:48,6.749,0.051,0,0,0,0,v
2014-12-30 00:54,6.743,0.045,0,0,0,0,v
2014-12-30 01:00,6.760,0.042,0,0,0,0,v
2014-12-30 01:06,6.753,0.039,0,0,0,0,v
2014-12-30 01:12,6.759,0.042,0,0,0,0,v
2014-12-30 01:18,6.753,0.042,0,0,0,0,v
2014-12-30 01:24,6.756,0.042,0,0,0,0,v
2014-12-30 01:30,6.746,0.043,0,0,0,0,v
2014-12-30 01:36,6.764,0.041,0,0,0,0,v
2014-12-30 01:42,6.764,0.042,0,0,0,0,v
2014-12-30 01:48,6.762,0.037,0,0,0,0,v
2014-12-30 01:54,6.770,0.040,0,0,0,0,v
2014-12-30 02:00,6.765,0.035,0,0,0,0,v
2014-12-30 02:06,6.770,0.041,0,0,0,0,v
2014-12-30 02:12,6.785,0.038,0,0,0,0,v
2014-12-30 02:18,6.778,0.040,0,0,0,0,v
2014-12-30 02:24,6.781,0.051,0,0,0,0,v
2014-12-30 02:30,6.779,0.045,0,0,0,0,v
2014-12-30 02:36,6.768,0.036,0,0,0,0,v
2014-12-30 02:42,6.765,0.049,0,0,0,0,v
2014-12-30 02:48,6.757,0.040,0,0,0,0,v
2014-12-30 02:54,6.764,0.041,0,0,0,0,v
2014-12-30 03:00,6.771,0.042,0,0,0,0,v
2014-12-30 03:06,6.772,0.050,0,0,0,0,v
2014-12-30 03:12,6.776,0.047,0,0,0,0,v
2014-12-30 03:18,6.782,0.051,0,0,0,0,v
2014-12-30 03:24,6.782,0.040,0,0,0,0,v
2014-12-30 03:30,6.779,0.043,0,0,0,0,v
2014-12-30 03:36,6.789,0.038,0,0,0,0,v
2014-12-30 03:42,6.780,0.043,0,0,0,0,v
2014-12-30 03:48,6.763,0.044,0,0,0,0,v
2014-12-30 03:54,6.769,0.043,0,0,0,0,v
2014-12-30 04:00,6.752,0.042,0,0,0,0,v
2014-12-30 04:06,6.753,0.040,0,0,0,0,v
2014-12-30 04:12,6.739,0.049,0,0,0,0,v
2014-12-30 04:18,6.770,0.042,0,0,0,0,v
2014-12-30 04:24,6.769,0.037,0,0,0,0,v
2014-12-30 04:30,6.756,0.038,0,0,0,0,v
2014-12-30 04:36,6.737,0.038,0,0,0,0,v
2014-12-30 04:42,6.726,0.038,0,0,0,0,v
2014-12-30 04:48,6.719,0.043,0,0,0,0,v
2014-12-30 04:54,6.725,0.046,0,0,0,0,v
2014-12-30 05:00,6.702,0.041,0,0,0,0,v
2014-12-30 05:06,6.708,0.052,0,0,0,0,v
2014-12-30 05:12,6.701,0.051,0,0,0,0,v
2014-12-30 05:18,6.697,0.040,0,0,0,0,v
2014-12-30 05:24,6.678,0.040,0,0,0,0,v
2014-12-30 05:30,6.675,0.041,0,0,0,0,v
2014-12-30 05:36,6.661,0.042,0,0,0,0,v
2014-12-30 05:42,6.644,0.051,0,0,0,0,v
2014-12-30 05:48,6.646,0.039,0,0,0,0,v
2014-12-30 05:54,6.652,0.000,0,0,0,0,v
2014-12-30 06:00,6.616,0.045,0,0,0,0,v
2014-12-30 06:06,6.620,0.043,0,0,0,0,v
2014-12-30 06:12,6.603,0.043,0,0,0,0,v
2014-12-30 06:18,6.605,0.037,0,0,0,0,v
2014-12-30 06:24,6.603,0.041,0,0,0,0,v
2014-12-30 06:30,6.611,0.039,0,0,0,0,v
2014-12-30 06:36,6.601,0.039,0,0,0,0,v
2014-12-30 06:42,6.577,0.045,0,0,0,0,v
2014-12-30 06:48,6.575,0.036,0,0,0,0,v
2014-12-30 06:54,6.548,0.039,0,0,0,0,v
2014-12-30 07:00,6.529,0.047,0,0,0,0,v
2014-12-30 07:06,6.517,0.042,0,0,0,0,v
2014-12-30 07:12,6.525,0.047,0,0,0,0,v
2014-12-30 07:18,6.525,0.046,0,0,0,0,v
2014-12-30 07:24,6.516,0.039,0,0,0,0,v
2014-12-30 07:30,6.512,0.047,0,0,0,0,v
2014-12-30 07:36,6.510,0.039,0,0,0,0,v
2014-12-30 07:42,6.528,0.048,0,0,0,0,v
2014-12-30 07:48,6.515,0.037,0,0,0,0,v
2014-12-30 07:54,6.506,0.045,0,0,0,0,v
2014-12-30 08:00,6.505,0.039,0,0,0,0,v
2014-12-30 08:06,6.491,0.043,0,0,0,0,v
2014-12-30 08:12,6.509,0.047,0,0,0,0,v
2014-12-30 08:18,6.498,0.042,0,0,0,0,v
2014-12-30 08:24,6.506,0.039,0,0,0,0,v
2014-12-30 08:30,6.500,0.042,0,0,0,0,v
2014-12-30 08:36,6.509,0.046,0,0,0,0,v
2014-12-30 08:42,6.479,0.042,0,0,0,0,v
2014-12-30 08:48,6.478,0.048,0,0,0,0,v
2014-12-30 08:54,6.499,0.033,0,0,0,0,v
2014-12-30 09:00,6.514,0.043,0,0,0,0,v
2014-12-30 09:06,6.503,0.041,0,0,0,0,v
2014-12-30 09:12,6.487,0.042,0,0,0,0,v
2014-12-30 09:18,6.481,0.038,0,0,0,0,v
2014-12-30 09:24,6.463,0.045,0,0,0,0,v
2014-12-30 09:30,6.477,0.037,0,0,0,0,v
2014-12-30 09:36,6.458,0.041,0,0,0,0,v
2014-12-30 09:42,6.471,0.040,0,0,0,0,v
2014-12-30 09:48,6.466,0.044,0,0,0,0,v
2014-12-30 09:54,6.475,0.040,0,0,0,0,v
2014-12-30 10:00,6.477,0.000,0,0,0,0,v
2014-12-30 10:06,6.475,0.045,0,0,0,0,v
2014-12-30 10:12,6.462,0.040,0,0,0,0,v
2014-12-30 10:18,6.456,0.046,0,0,0,0,v
2014-12-30 10:24,6.461,0.039,0,0,0,0,v
2014-12-30 10:30,6.486,0.043,0,0,0,0,v
2014-12-30 10:36,6.499,0.034,0,0,0,0,v
2014-12-30 10:42,6.477,0.000,0,0,0,0,v
2014-12-30 10:48,6.461,0.041,0,0,0,0,v
2014-12-30 10:54,6.463,0.050,0,0,0,0,v
2014-12-30 11:00,6.454,0.043,0,0,0,0,v
2014-12-30 11:06,6.476,0.047,0,0,0,0,v
2014-12-30 11:12,6.470,0.045,0,0,0,0,v
2014-12-30 11:18,6.478,0.040,0,0,0,0,v
2014-12-30 11:24,6.477,0.047,0,0,0,0,v
2014-12-30 11:30,6.509,0.051,0,0,0,0,v
2014-12-30 11:36,6.521,0.044,0,0,0,0,v
2014-12-30 11:42,6.529,0.046,0,0,0,0,v
2014-12-30 11:48,6.509,0.050,0,0,0,0,v
2014-12-30 11:54,6.527,0.044,0,0,0,0,v
2014-12-30 12:00,6.538,0.055,0,0,0,0,v
2014-12-30 12:06,6.537,0.049,0,0,0,0,v
2014-12-30 12:12,6.529,0.055,0,0,0,0,v
2014-12-30 12:18,6.531,0.056,0,0,0,0,v
2014-12-30 12:24,6.541,0.052,0,0,0,0,v
2014-12-30 12:30,6.547,0.063,0,0,0,0,v
2014-12-30 12:36,6.563,0.056,0,0,0,0,v
2014-12-30 12:42,6.559,0.055,0,0,0,0,v
2014-12-30 12:48,6.568,0.057,0,0,0,0,v
2014-12-30 12:54,6.583,0.059,0,0,0,0,v
2014-12-30 13:00,6.590,0.058,0,0,0,0,v
2014-12-30 13:06,6.590,0.060,0,0,0,0,v
2014-12-30 13:12,6.582,0.057,0,0,0,0,v
2014-12-30 13:18,6.607,0.069,0,0,0,0,v
2014-12-30 13:24,6.615,0.062,0,0,0,0,v
2014-12-30 13:30,6.636,0.068,0,0,0,0,v
2014-12-30 13:36,6.634,0.063,0,0,0,0,v
2014-12-30 13:42,6.625,0.073,0,0,0,0,v
2014-12-30 13:48,6.623,0.065,0,0,0,0,v
2014-12-30 13:54,6.647,0.066,0,0,0,0,v
2014-12-30 14:00,6.645,0.000,0,0,0,0,v
2014-12-30 14:06,6.660,0.067,0,0,0,0,v
2014-12-30 14:12,6.672,0.065,0,0,0,0,v
2014-12-30 14:18,6.668,0.075,0,0,0,0,v
2014-12-30 14:24,6.690,0.068,0,0,0,0,v
2014-12-30 14:30,6.687,0.083,0,0,0,0,v
2014-12-30 14:36,6.689,0.081,0,0,0,0,v
2014-12-30 14:42,6.711,0.080,0,0,0,0,v
2014-12-30 14:48,6.727,0.072,0,0,0,0,v
2014-12-30 14:54,6.751,0.074,0,0,0,0,v
2014-12-30 15:00,6.757,0.079,0,0,0,0,v
2014-12-30 15:06,6.755,0.083,0,0,0,0,v
2014-12-30 15:12,6.758,0.087,0,0,0,0,v
2014-12-30 15:18,6.777,0.066,0,0,0,0,v
2014-12-30 15:24,6.783,0.074,0,0,0,0,v
2014-12-30 15:30,6.799,0.074,0,0,0,0,v
2014-12-30 15:36,6.796,0.092,0,0,0,0,v
2014-12-30 15:42,6.809,0.075,0,0,0,0,v
2014-12-30 15:48,6.806,0.083,0,0,0,0,v
2014-12-30 15:54,6.812,0.086,0,0,0,0,v
2014-12-30 16:00,6.811,0.088,0,0,0,0,v
2014-12-30 16:06,6.823,0.087,0,0,0,0,v
2014-12-30 16:12,6.824,0.083,0,0,0,0,v
2014-12-30 16:18,6.826,0.074,0,0,0,0,v
2014-12-30 16:24,6.825,0.082,0,0,0,0,v
2014-12-30 16:30,6.834,0.091,0,0,0,0,v
2014-12-30 16:36,6.826,0.093,0,0,0,0,v
2014-12-30 16:42,6.842,0.080,0,0,0,0,v
2014-12-30 16:48,6.856,0.088,0,0,0,0,v
2014-12-30 16:54,6.869,0.000,0,0,0,0,v
2014-12-30 17:00,6.868,0.098,0,0,0,0,v
2014-12-30 17:06,6.879,0.086,0,0,0,0,v
2014-12-30 17:12,6.858,0.092,0,0,0,0,v
2014-12-30 17:18,6.869,0.097,0,0,0,0,v
2014-12-30 17:24,6.869,0.101,0,0,0,0,v
2014-12-30 17:30,6.867,0.103,0,0,0,0,v
2014-12-30 17:36,6.864,0.091,0,0,0,0,v
2014-12-30 17:42,6.854,0.099,0,0,0,0,v
2014-12-30 17:48,6.854,0.094,0,0,0,0,v
2014-12-30 17:54,6.869,0.104,0,0,0,0,v
2014-12-30 18:00,6.847,0.091,0,0,0,0,v
2014-12-30 18:06,6.865,0.096,0,0,0,0,v
2014-12-30 18:12,6.841,0.113,0,0,0,0,v
2014-12-30 18:18,6.860,0.091,0,0,0,0,v
2014-12-30 18:24,6.862,0.104,0,0,0,0,v
2014-12-30 18:30,6.860,0.116,0,0,0,0,v
2014-12-30 18:36,6.863,0.107,0,0,0,0,v
2014-12-30 18:42,6.881,0.000,0,0,0,0,v
2014-12-30 18:48,6.885,0.108,0,0,0,0,v
2014-12-30 18:54,6.887,0.110,0,0,0,0,v
2014-12-30 19:00,6.874,0.113,0,0,0,0,v
2014-12-30 19:06,6.863,0.123,0,0,0,0,v
2014-12-30 19:12,6.859,0.112,0,0,0,0,v
2014-12-30 19:18,6.863,0.118,0,0,0,0,v
2014-12-30 19:24,6.864,0.125,0,0,0,0,v
2014-12-30 19:30,6.873,0.114,0,0,0,0,v
2014-12-30 19:36,6.860,0.122,0,0,0,0,v
2014-12-30 19:42,6.890,0.108,0,0,0,0,v
2014-12-30 19:48,6.876,0.128,0,0,0,0,v
2014-12-30 19:54,6.870,0.125,0,0,0,0,v
2014-12-30 20:00,6.861,0.145,0,0,0,0,v
2014-12-30 20:06,6.868,0.124,0,0,0,0,v
2014-12-30 20:12,6.869,0.121,0,0,0,0,v
2014-12-30 20:18,6.880,0.098,0,0,0,0,v
2014-12-30 20:24,6.877,0.131,0,0,0,0,v
2014-12-30 20:30,6.872,0.122,0,0,0,0,v
2014-12-30 20:36,6.875,0.100,0,0,0,0,v
2014-12-30 20:42,6.867,0.119,0,0,0,0,v
2014-12-30 20:48,6.878,0.136,0,0,0,0,v
2014-12-30 20:54,6.876,0.131,0,0,0,0,v
2014-12-30 21:00,6.893,0.126,0,0,0,0,v
2014-12-30 21:06,6.877,0.128,0,0,0,0,v
2014-12-30 21:12,6.870,0.146,0,0,0,0,v
2014-12-30 21:18,6.864,0.130,0,0,0,0,v
2014-12-30 21:24,6.881,0.136,0,0,0,0,v
2014-12-30 21:30,6.869,0.110,0,0,0,0,v
2014-12-30 21:36,6.872,0.120,0,0,0,0,v
2014-12-30 21:42,6.859,0.119,0,0,0,0,v
2014-12-30 21:48,6.849,0.132,0,0,0,0,v
2014-12-30 21:54,6.830,0.136,0,0,0,0,v
2014-12-30 22:00,6.844,0.124,0,0,0,0,v
2014-12-30 22:06,6.834,0.138,0,0,0,0,v
2014-12-30 22:12,6.821,0.147,0,0,0,0,v
2014-12-30 22:18,6.847,0.131,0,0,0,0,v
2014-12-30 22:24,6.845,0.000,0,0,0,0,v
2014-12-30 22:30,6.836,0.139,0,0,0,0,v
2014-12-30 22:36,6.819,0.000,0,0,0,0,v
2014-12-30 22:42,6.847,0.132,0,0,0,0,v
2014-12-30 22:48,6.857,0.130,0,0,0,0,v
2014-12-30 22:54,6.858,0.141,0,0,0,0,v
2014-12-30 23:00,6.836,0.136,0,0,0,0,v
2014-12-30 23:06,6.842,0.140,0,0,0,0,v
2014-12-30 23:12,6.839,0.132,0,0,0,0,v
2014-12-30 23:18,6.825,0.149,0,0,0,0,v
2014-12-30 23:24,6.806,0.133,0,0,0,0,v
2014-12-30 23:30,6.818,0.135,0,0,0,0,v
2014-12-30 23:36,6.811,0.131,0,0,0,0,v
2014-12-30 23:42,6.790,0.136,0,0,0,0,v
2014-12-30 23:48,6.790,0.158,0,0,0,0,v
2014-12-30 23:54,6.799,0.131,0,0,0,0,v
2014-12-31 00:00,6.803,0.120,0,0,0,0,v
2014-12-31 00:06,6.806,0.135,0,0,0,0,v
2014-12-31 00:12,6.811,0.138,0,0,0,0,v
2014-12-31 00:18,6.803,0.148,0,0,0,0,v
2014-12-31 00:24,6.822,0.111,0,0,0,0,v
2014-12-31 00:30,6.820,0.120,0,0,0,0,v
2014-12-31 00:36,6.833,0.142,0,0,0,0,v
2014-12-31 00:42,6.803,0.142,0,0,0,0,v
2014-12-31 00:48,6.814,0.138,0,0,0,0,v
2014-12-31 00:54,6.825,0.148,0,0,0,0,v
2014-12-31 01:00,6.841,0.153,0,0,0,0,v
2014-12-31 01:06,6.821,0.154,0,0,0,0,v
2014-12-31 01:12,6.824,0.136,0,0,0,0,v
2014-12-31 01:18,6.836,0.131,0,0,0,0,v
2014-12-31 01:24,6.825,0.145,0,0,0,0,v
2014-12-31 01:30,6.819,0.148,0,0,0,0,v
2014-12-31 01:36,6.824,0.118,0,0,0,0,v
2014-12-31 01:42,6.825,0.147,0,0,0,0,v
2014-12-31 01:48,6.821,0.136,0,0,0,0,v
2014-12-31 01:54,6.822,0.132,0,0,0,0,v
2014-12-31 02:00,6.820,0.139,0,0,0,0,v
2014-12-31 02:06,6.807,0.143,0,0,0,0,v
2014-12-31 02:12,6.817,0.146,0,0,0,0,v
2014-12-31 02:18,6.811,0.142,0,0,0,0,v
2014-12-31 02:24,6.817,0.144,0,0,0,0,v
2014-12-31 02:30,6.836,0.144,0,0,0,0,v
2014-12-31 02:36,6.849,0.143,0,0,0,0,v
2014-12-31 02:42,6.845,0.133,0,0,0,0,v
2014-12-31 02:48,6.853,0.154,0,0,0,0,v
2014-12-31 02:54,6.848,0.150,0,0,0,0,v
2014-12-31 03:00,6.844,0.154,0,0,0,0,v
2014-12-31 03:06,6.855,0.164,0,0,0,0,v
2014-12-31 03:12,6.888,0.154,0,0,0,0,v
2014-12-31 03:18,6.904,0.158,0,0,0,0,v
2014-12-31 03:24,6.896,0.166,0,0,0,0,v
2014-12-31 03:30,6.898,0.156,0,0,0,0,v
2014-12-31 03:36,6.888,0.161,0,0,0,0,v
2014-12-31 03:42,6.884,0.142,0,0,0,0,v
2014-12-31 03:48,6.885,0.155,0,0,0,0,v
2014-12-31 03:54,6.883,0.137,0,0,0,0,v
2014-12-31 04:00,6.877,0.155,0,0,0,0,v
2014-12-31 04:06,6.860,0.152,0,0,0,0,v
2014-12-31 04:12,6.866,0.164,0,0,0,0,v
2014-12-31 04:18,6.843,0.140,0,0,0,0,v
2014-12-31 04:24,6.826,0.152,0,0,0,0,v
2014-12-31 04:30,6.868,0.153,0,0,0,0,v
2014-12-31 04:36,6.857,0.169,0,0,0,0,v
2014-12-31 04:42,6.852,0.148,0,0,0,0,v
2014-12-31 04:48,6.839,0.150,0,0,0,0,v
2014-12-31 04:54,6.855,0.150,0,0,0,0,v
2014-12-31 05:00,6.858,0.159,0,0,0,0,v
2014-12-31 05:06,6.847,0.140,0,0,0,0,v
2014-12-31 05:12,6.822,0.147,0,0,0,0,v
2014-12-31 05:18,6.875,0.154,0,0,0,0,v
2014-12-31 05:24,6.852,0.153,0,0,0,0,v
2014-12-31 05:30,6.851,0.166,0,0,0,0,v
2014-12-31 05:36,6.797,0.161,0,0,0,0,v
2014-12-31 05:42,6.804,0.153,0,0,0,0,v
2014-12-31 05:48,6.815,0.159,0,0,0,0,v
2014-12-31 05:54,6.835,0.157,0,0,0,0,v
2014-12-31 06:00,6.833,0.149,0,0,0,0,v
2014-12-31 06:06,6.810,0.163,0,0,0,0,v
2014-12-31 06:12,6.798,0.146,0,0,0,0,v
2014-12-31 06:18,6.812,0.147,0,0,0,0,v
2014-12-31 06:24,6.774,0.158,0,0,0,0,v
2014-12-31 06:30,6.733,0.153,0,0,0,0,v
2014-12-31 06:36,6.765,0.165,0,0,0,0,v
2014-12-31 06:42,6.770,0.162,0,0,0,0,v
2014-12-31 06:48,6.718,0.142,0,0,0,0,v
2014-12-31 06:54,6.762,0.145,0,0,0,0,v
2014-12-31 07:00,6.765,0.156,0,0,0,0,v
2014-12-31 07:06,6.746,0.164,0,0,0,0,v
2014-12-31 07:12,6.755,0.142,0,0,0,0,v
2014-12-31 07:18,6.741,0.152,0,0,0,0,v
2014-12-31 07:24,6.735,0.135,0,0,0,0,v
2014-12-31 07:30,6.709,0.161,0,0,0,0,v
2014-12-31 07:36,6.697,0.167,0,0,0,0,v
2014-12-31 07:42,6.714,0.140,0,0,0,0,v
2014-12-31 07:48,6.728,0.159,0,0,0,0,v
2014-12-31 07:54,6.704,0.158,0,0,0,0,v
2014-12-31 08:00,6.680,0.151,0,0,0,0,v
2014-12-31 08:06,6.718,0.151,0,0,0,0,v
2014-12-31 08:12,6.710,0.159,0,0,0,0,v
2014-12-31 08:18,6.708,0.147,0,0,0,0,v
2014-12-31 08:24,6.666,0.155,0,0,0,0,v
2014-12-31 08:30,6.657,0.153,0,0,0,0,v
2014-12-31 08:36,6.658,0.156,0,0,0,0,v
2014-12-31 08:42,6.673,0.141,0,0,0,0,v
2014-12-31 08:48,6.638,0.157,0,0,0,0,v
2014-12-31 08:54,6.653,0.138,0,0,0,0,v
2014-12-31 09:00,6.650,0.148,0,0,0,0,v
2014-12-31 09:06,6.659,0.134,0,0,0,0,v
2014-12-31 09:12,6.638,0.145,0,0,0,0,v
2014-12-31 09:18,6.636,0.000,0,0,0,0,v
2014-12-31 09:24,6.628,0.148,0,0,0,0,v
2014-12-31 09:30,6.624,0.156,0,0,0,0,v
2014-12-31 09:36,6.604,0.143,0,0,0,0,v
2014-12-31 09:42,6.595,0.146,0,0,0,0,v
2014-12-31 09:48,6.577,0.152,0,0,0,0,v
2014-12-31 09:54,6.600,0.158,0,0,0,0,v
2014-12-31 10:00,6.586,0.161,0,0,0,0,v
2014-12-31 10:06,6.598,0.154,0,0,0,0,v
2014-12-31 10:12,6.569,0.000,0,0,0,0,v
2014-12-31 10:18,6.590,0.144,0,0,0,0,v
2014-12-31 10:24,6.571,0.142,0,0,0,0,v
2014-12-31 10:30,6.572,0.161,0,0,0,0,v
2014-12-31 10:36,6.563,0.143,0,0,0,0,v
2014-12-31 10:42,6.610,0.144,0,0,0,0,v
2014-12-31 10:48,6.596,0.150,0,0,0,0,v
2014-12-31 10:54,6.562,0.145,0,0,0,0,v
2014-12-31 11:00,6.573,0.155,0,0,0,0,v
2014-12-31 11:06,6.597,0.145,0,0,0,0,v
2014-12-31 11:12,6.574,0.150,0,0,0,0,v
2014-12-31 11:18,6.583,0.140,0,0,0,0,v
2014-12-31 11:24,6.591,0.137,0,0,0,0,v
2014-12-31 11:30,6.596,0.130,0,0,0,0,v
2014-12-31 11:36,6.592,0.148,0,0,0,0,v
2014-12-31 11:42,6.569,0.148,0,0,0,0,v
2014-12-31 11:48,6.573,0.151,0,0,0,0,v
2014-12-31 11:54,6.596,0.140,0,0,0,0,v
2014-12-31 12:00,6.573,0.148,0,0,0,0,v
2014-12-31 12:06,6.578,0.140,0,0,0,0,v
2014-12-31 12:12,6.586,0.141,0,0,0,0,v
2014-12-31 12:18,6.568,0.159,0,0,0,0,v
2014-12-31 12:24,6.581,0.000,0,0,0,0,v
2014-12-31 12:30,6.591,0.145,0,0,0,0,v
2014-12-31 12:36,6.600,0.146,0,0,0,0,v
2014-12-31 12:42,6.591,0.171,0,0,0,0,v
2014-12-31 12:48,6.603,0.162,0,0,0,0,v
2014-12-31 12:54,6.611,0.136,0,0,0,0,v
2014-12-31 13:00,6.642,0.154,0,0,0,0,v
2014-12-31 13:06,6.639,0.140,0,0,0,0,v
2014-12-31 13:12,6.633,0.158,0,0,0,0,v
2014-12-31 13:18,6.657,0.153,0,0,0,0,v
2014-12-31 13:24,6.654,0.149,0,0,0,0,v
2014-12-31 13:30,6.675,0.150,0,0,0,0,v
2014-12-31 13:36,6.676,0.170,0,0,0,0,v
2014-12-31 13:42,6.693,0.147,0,0,0,0,v
2014-12-31 13:48,6.684,0.163,0,0,0,0,v
2014-12-31 13:54,6.680,0.000,0,0,0,0,v
2014-12-31 14:00,6.696,0.156,0,0,0,0,v
2014-12-31 14:06,6.702,0.159,0,0,0,0,v
2014-12-31 14:12,6.713,0.157,0,0,0,0,v
2014-12-31 14:18,6.724,0.150,0,0,0,0,v
2014-12-31 14:24,6.721,0.147,0,0,0,0,v
2014-12-31 14:30,6.755,0.158,0,0,0,0,v
2014-12-31 14:36,6.742,0.150,0,0,0,0,v
2014-12-31 14:42,6.758,0.156,0,0,0,0,v
2014-12-31 14:48,6.755,0.177,0,0,0,0,v
2014-12-31 14:54,6.798,0.150,0,0,0,0,v
2014-12-31 15:00,6.791,0.155,0,0,0,0,v
2014-12-31 15:06,6.824,0.145,0,0,0,0,v
2014-12-31 15:12,6.822,0.152,0,0,0,0,v
2014-12-31 15:18,6.815,0.161,0,0,0,0,v
2014-12-31 15:24,6.834,0.167,0,0,0,0,v
2014-12-31 15:30,6.843,0.163,0,0,0,0,v
2014-12-31 15:36,6.853,0.150,0,0,0,0,v
2014-12-31 15:42,6.859,0.162,0,0,0,0,v
2014-12-31 15:48,6.872,0.165,0,0,0,0,v
2014-12-31 15:54,6.911,0.164,0,0,0,0,v
2014-12-31 16:00,6.911,0.156,0,0,0,0,v
2014-12-31 16:06,6.917,0.177,0,0,0,0,v
2014-12-31 16:12,6.921,0.153,0,0,0,0,v
2014-12-31 16:18,6.901,0.169,0,0,0,0,v
2014-12-31 16:24,6.907,0.160,0,0,0,0,v
2014-12-31 16:30,6.926,0.136,0,0,0,0,v
2014-12-31 16:36,6.922,0.150,0,0,0,0,v
2014-12-31 16:42,6.951,0.167,0,0,0,0,v
2014-12-31 16:48,6.963,0.186,0,0,0,0,v
2014-12-31 16:54,6.955,0.165,0,0,0,0,v
2014-12-31 17:00,6.981,0.151,0,0,0,0,v
2014-12-31 17:06,6.973,0.177,0,0,0,0,v
2014-12-31 17:12,6.978,0.000,0,0,0,0,v
2014-12-31 17:18,6.997,0.151,0,0,0,0,v
2014-12-31 17:24,7.007,0.170,0,0,0,0,v
2014-12-31 17:30,7.010,0.149,0,0,0,0,v
2014-12-31 17:36,6.999,0.159,0,0,0,0,v
2014-12-31 17:42,6.997,0.162,0,0,0,0,v
2014-12-31 17:48,6.996,0.156,0,0,0,0,v
2014-12-31 17:54,7.012,0.166,0,0,0,0,v
2014-12-31 18:00,7.026,0.162,0,0,0,0,v
2014-12-31 18:06,7.007,0.189,0,0,0,0,v
2014-12-31 18:12,7.021,0.164,0,0,0,0,v
2014-12-31 18:18,7.025,0.161,0,0,0,0,v
2014-12-31 18:24,7.022,0.180,0,0,0,0,v
2014-12-31 18:30,7.016,0.157,0,0,0,0,v
2014-12-31 18:36,7.040,0.153,0,0,0,0,v
2014-12-31 18:42,7.050,0.163,0,0,0,0,v
2014-12-31 18:48,7.042,0.162,0,0,0,0,v
2014-12-31 18:54,7.046,0.162,0,0,0,0,v
2014-12-31 19:00,7.044,0.166,0,0,0,0,v
2014-12-31 19:06,7.028,0.167,0,0,0,0,v
2014-12-31 19:12,7.028,0.163,0,0,0,0,v
2014-12-31 19:18,7.015,0.173,0,0,0,0,v
2014-12-31 19:24,7.009,0.157,0,0,0,0,v
2014-12-31 19:30,7.027,0.177,0,0,0,0,v
2014-12-31 19:36,7.030,0.171,0,0,0,0,v
2014-12-31 19:42,7.028,0.157,0,0,0,0,v
2014-12-31 19:48,7.044,0.162,0,0,0,0,v
2014-12-31 19:54,7.025,0.175,0,0,0,0,v
2014-12-31 20:00,7.047,0.146,0,0,0,0,v
2014-12-31 20:06,7.052,0.157,0,0,0,0,v
2014-12-31 20:12,7.049,0.157,0,0,0,0,v
2014-12-31 20:18,7.030,0.146,0,0,0,0,v
2014-12-31 20:24,7.026,0.178,0,0,0,0,v
2014-12-31 20:30,7.039,0.149,0,0,0,0,v
2014-12-31 20:36,7.052,0.143,0,0,0,0,v
2014-12-31 20:42,7.030,0.156,0,0,0,0,v
2014-12-31 20:48,7.009,0.173,0,0,0,0,v
2014-12-31 20:54,7.023,0.154,0,0,0,0,v
2014-12-31 21:00,7.031,0.152,0,0,0,0,v
2014-12-31 21:06,7.042,0.145,0,0,0,0,v
2014-12-31 21:12,7.041,0.148,0,0,0,0,v
2014-12-31 21:18,7.039,0.172,0,0,0,0,v
2014-12-31 21:24,7.032,0.167,0,0,0,0,v
2014-12-31 21:30,7.007,0.172,0,0,0,0,v
2014-12-31 21:36,7.027,0.168,0,0,0,0,v
2014-12-31 21:42,7.003,0.171,0,0,0,0,v
2014-12-31 21:48,7.017,0.172,0,0,0,0,v
2014-12-31 21:54,7.000,0.167,0,0,0,0,v
2014-12-31 22:00,7.019,0.000,0,0,0,0,v
2014-12-31 22:06,7.021,0.156,0,0,0,0,v
2014-12-31 22:12,7.021,0.176,0,0,0,0,v
2014-12-31 22:18,7.024,0.170,0,0,0,0,v
2014-12-31 22:24,7.010,0.155,0,0,0,0,v
2014-12-31 22:30,7.005,0.144,0,0,0,0,v
2014-12-31 22:36,6.980,0.177,0,0,0,0,v
2014-12-31 22:42,6.985,0.168,0,0,0,0,v
2014-12-31 22:48,6.994,0.167,0,0,0,0,v
2014-12-31 22:54,6.986,0.159,0,0,0,0,v
2014-12-31 23:00,6.987,0.185,0,0,0,0,v
2014-12-31 23:06,7.009,0.170,0,0,0,0,v
2014-12-31 23:12,7.015,0.178,0,0,0,0,v
2014-12-31 23:18,7.022,0.138,0,0,0,0,v
2014-12-31 23:24,7.018,0.169,0,0,0,0,v
2014-12-31 23:30,7.010,0.172,0,0,0,0,v
2014-12-31 23:36,6.991,0.175,0,0,0,0,v
2014-12-31 23:42,7.000,0.145,0,0,0,0,v
2014-12-31 23:48,7.000,0.162,0,0,0,0,v
2014-12-31 23:54,7.024,0.168,0,0,0,0,v
